#usda 1.0
(
    defaultPrim = "Tire"
    upAxis = "Y"
)

def Xform "Tire"
{
    def Mesh "Mesh" (
        customData = {
            double contactKn = 7461.203142633893
            string[] materialFields = ["C11", "C22", "C33", "C12", "C13", "C23", "G23", "G13", "G12", "rho", "alpha_damp"]
            int nBeadRows = 0
            int nCirc = 160
            int pcgIters = 10
            double pressure = 110000
            double rInner = 0.5
            double rOuter = 0.5
            double shellThickness = 0.01
            int[] surfTriIndices = [0, 162, 165, 42, 163, 165, 44, 164, 165, 12, 166, 169, 43, 167, 169, 42, 168, 169, 14, 170, 173, 44, 171, 173, 43, 172, 173, 42, 167, 174, 43, 171, 174, 44, 163, 174, 11, 175, 178, 45, 176, 178, 47, 177, 178, 13, 179, 182, 46, 180, 182, 45, 181, 182, 12, 183, 186, 47, 184, 186, 46, 185, 186, 45, 180, 187, 46, 184, 187, 47, 176, 187, 5, 188, 191, 48, 189, 191, 50, 190, 191, 14, 192, 195, 49, 193, 195, 48, 194, 195, 13, 196, 199, 50, 197, 199, 49, 198, 199, 48, 193, 200, 49, 197, 200, 50, 189, 200, 12, 185, 202, 46, 201, 202, 43, 166, 202, 13, 198, 204, 49, 203, 204, 46, 179, 204, 14, 172, 206, 43, 205, 206, 49, 192, 206, 46, 203, 207, 49, 205, 207, 43, 201, 207, 0, 164, 210, 44, 208, 210, 52, 209, 210, 14, 211, 213, 51, 212, 213, 44, 170, 213, 16, 214, 217, 52, 215, 217, 51, 216, 217, 44, 212, 218, 51, 215, 218, 52, 208, 218, 5, 219, 221, 53, 220, 221, 48, 188, 221, 15, 222, 225, 54, 223, 225, 53, 224, 225, 14, 194, 228, 48, 226, 228, 54, 227, 228, 53, 223, 229, 54, 226, 229, 48, 220, 229, 1, 230, 233, 55, 231, 233, 57, 232, 233, 16, 234, 237, 56, 235, 237, 55, 236, 237, 15, 238, 241, 57, 239, 241, 56, 240, 241, 55, 235, 242, 56, 239, 242, 57, 231, 242, 14, 227, 244, 54, 243, 244, 51, 211, 244, 15, 240, 246, 56, 245, 246, 54, 222, 246, 16, 216, 248, 51, 247, 248, 56, 234, 248, 54, 245, 249, 56, 247, 249, 51, 243, 249, 0, 209, 252, 52, 250, 252, 59, 251, 252, 16, 253, 255, 58, 254, 255, 52, 214, 255, 18, 256, 259, 59, 257, 259, 58, 258, 259, 52, 254, 260, 58, 257, 260, 59, 250, 260, 1, 261, 263, 60, 262, 263, 55, 230, 263, 17, 264, 267, 61, 265, 267, 60, 266, 267, 16, 236, 270, 55, 268, 270, 61, 269, 270, 60, 265, 271, 61, 268, 271, 55, 262, 271, 7, 272, 275, 62, 273, 275, 64, 274, 275, 18, 276, 279, 63, 277, 279, 62, 278, 279, 17, 280, 283, 64, 281, 283, 63, 282, 283, 62, 277, 284, 63, 281, 284, 64, 273, 284, 16, 269, 286, 61, 285, 286, 58, 253, 286, 17, 282, 288, 63, 287, 288, 61, 264, 288, 18, 258, 290, 58, 289, 290, 63, 276, 290, 61, 287, 291, 63, 289, 291, 58, 285, 291, 0, 251, 294, 59, 292, 294, 66, 293, 294, 18, 295, 297, 65, 296, 297, 59, 256, 297, 20, 298, 301, 66, 299, 301, 65, 300, 301, 59, 296, 302, 65, 299, 302, 66, 292, 302, 7, 303, 305, 67, 304, 305, 62, 272, 305, 19, 306, 309, 68, 307, 309, 67, 308, 309, 18, 278, 312, 62, 310, 312, 68, 311, 312, 67, 307, 313, 68, 310, 313, 62, 304, 313, 10, 314, 317, 69, 315, 317, 71, 316, 317, 20, 318, 321, 70, 319, 321, 69, 320, 321, 19, 322, 325, 71, 323, 325, 70, 324, 325, 69, 319, 326, 70, 323, 326, 71, 315, 326, 18, 311, 328, 68, 327, 328, 65, 295, 328, 19, 324, 330, 70, 329, 330, 68, 306, 330, 20, 300, 332, 65, 331, 332, 70, 318, 332, 68, 329, 333, 70, 331, 333, 65, 327, 333, 0, 293, 335, 66, 334, 335, 42, 162, 335, 20, 336, 338, 72, 337, 338, 66, 298, 338, 12, 168, 341, 42, 339, 341, 72, 340, 341, 66, 337, 342, 72, 339, 342, 42, 334, 342, 10, 343, 345, 73, 344, 345, 69, 314, 345, 21, 346, 349, 74, 347, 349, 73, 348, 349, 20, 320, 352, 69, 350, 352, 74, 351, 352, 73, 347, 353, 74, 350, 353, 69, 344, 353, 11, 177, 356, 47, 354, 356, 76, 355, 356, 12, 357, 359, 75, 358, 359, 47, 183, 359, 21, 360, 363, 76, 361, 363, 75, 362, 363, 47, 358, 364, 75, 361, 364, 76, 354, 364, 20, 351, 366, 74, 365, 366, 72, 336, 366, 21, 362, 368, 75, 367, 368, 74, 346, 368, 12, 340, 370, 72, 369, 370, 75, 357, 370, 74, 367, 371, 75, 369, 371, 72, 365, 371, 1, 232, 374, 57, 372, 374, 78, 373, 374, 15, 375, 377, 77, 376, 377, 57, 238, 377, 23, 378, 381, 78, 379, 381, 77, 380, 381, 57, 376, 382, 77, 379, 382, 78, 372, 382, 5, 383, 385, 79, 384, 385, 53, 219, 385, 22, 386, 389, 80, 387, 389, 79, 388, 389, 15, 224, 392, 53, 390, 392, 80, 391, 392, 79, 387, 393, 80, 390, 393, 53, 384, 393, 9, 394, 397, 81, 395, 397, 83, 396, 397, 23, 398, 401, 82, 399, 401, 81, 400, 401, 22, 402, 405, 83, 403, 405, 82, 404, 405, 81, 399, 406, 82, 403, 406, 83, 395, 406, 15, 391, 408, 80, 407, 408, 77, 375, 408, 22, 404, 410, 82, 409, 410, 80, 386, 410, 23, 380, 412, 77, 411, 412, 82, 398, 412, 80, 409, 413, 82, 411, 413, 77, 407, 413, 5, 190, 416, 50, 414, 416, 85, 415, 416, 13, 417, 419, 84, 418, 419, 50, 196, 419, 25, 420, 423, 85, 421, 423, 84, 422, 423, 50, 418, 424, 84, 421, 424, 85, 414, 424, 11, 425, 427, 86, 426, 427, 45, 175, 427, 24, 428, 431, 87, 429, 431, 86, 430, 431, 13, 181, 434, 45, 432, 434, 87, 433, 434, 86, 429, 435, 87, 432, 435, 45, 426, 435, 4, 436, 439, 88, 437, 439, 90, 438, 439, 25, 440, 443, 89, 441, 443, 88, 442, 443, 24, 444, 447, 90, 445, 447, 89, 446, 447, 88, 441, 448, 89, 445, 448, 90, 437, 448, 13, 433, 450, 87, 449, 450, 84, 417, 450, 24, 446, 452, 89, 451, 452, 87, 428, 452, 25, 422, 454, 84, 453, 454, 89, 440, 454, 87, 451, 455, 89, 453, 455, 84, 449, 455, 11, 355, 458, 76, 456, 458, 92, 457, 458, 21, 459, 461, 91, 460, 461, 76, 360, 461, 27, 462, 465, 92, 463, 465, 91, 464, 465, 76, 460, 466, 91, 463, 466, 92, 456, 466, 10, 467, 469, 93, 468, 469, 73, 343, 469, 26, 470, 473, 94, 471, 473, 93, 472, 473, 21, 348, 476, 73, 474, 476, 94, 475, 476, 93, 471, 477, 94, 474, 477, 73, 468, 477, 2, 478, 481, 95, 479, 481, 97, 480, 481, 27, 482, 485, 96, 483, 485, 95, 484, 485, 26, 486, 489, 97, 487, 489, 96, 488, 489, 95, 483, 490, 96, 487, 490, 97, 479, 490, 21, 475, 492, 94, 491, 492, 91, 459, 492, 26, 488, 494, 96, 493, 494, 94, 470, 494, 27, 464, 496, 91, 495, 496, 96, 482, 496, 94, 493, 497, 96, 495, 497, 91, 491, 497, 10, 316, 500, 71, 498, 500, 99, 499, 500, 19, 501, 503, 98, 502, 503, 71, 322, 503, 29, 504, 507, 99, 505, 507, 98, 506, 507, 71, 502, 508, 98, 505, 508, 99, 498, 508, 7, 509, 511, 100, 510, 511, 67, 303, 511, 28, 512, 515, 101, 513, 515, 100, 514, 515, 19, 308, 518, 67, 516, 518, 101, 517, 518, 100, 513, 519, 101, 516, 519, 67, 510, 519, 6, 520, 523, 102, 521, 523, 104, 522, 523, 29, 524, 527, 103, 525, 527, 102, 526, 527, 28, 528, 531, 104, 529, 531, 103, 530, 531, 102, 525, 532, 103, 529, 532, 104, 521, 532, 19, 517, 534, 101, 533, 534, 98, 501, 534, 28, 530, 536, 103, 535, 536, 101, 512, 536, 29, 506, 538, 98, 537, 538, 103, 524, 538, 101, 535, 539, 103, 537, 539, 98, 533, 539, 7, 274, 542, 64, 540, 542, 106, 541, 542, 17, 543, 545, 105, 544, 545, 64, 280, 545, 31, 546, 549, 106, 547, 549, 105, 548, 549, 64, 544, 550, 105, 547, 550, 106, 540, 550, 1, 551, 553, 107, 552, 553, 60, 261, 553, 30, 554, 557, 108, 555, 557, 107, 556, 557, 17, 266, 560, 60, 558, 560, 108, 559, 560, 107, 555, 561, 108, 558, 561, 60, 552, 561, 8, 562, 565, 109, 563, 565, 111, 564, 565, 31, 566, 569, 110, 567, 569, 109, 568, 569, 30, 570, 573, 111, 571, 573, 110, 572, 573, 109, 567, 574, 110, 571, 574, 111, 563, 574, 17, 559, 576, 108, 575, 576, 105, 543, 576, 30, 572, 578, 110, 577, 578, 108, 554, 578, 31, 548, 580, 105, 579, 580, 110, 566, 580, 108, 577, 581, 110, 579, 581, 105, 575, 581, 3, 582, 585, 112, 583, 585, 114, 584, 585, 32, 586, 589, 113, 587, 589, 112, 588, 589, 34, 590, 593, 114, 591, 593, 113, 592, 593, 112, 587, 594, 113, 591, 594, 114, 583, 594, 9, 595, 598, 115, 596, 598, 117, 597, 598, 33, 599, 602, 116, 600, 602, 115, 601, 602, 32, 603, 606, 117, 604, 606, 116, 605, 606, 115, 600, 607, 116, 604, 607, 117, 596, 607, 4, 608, 611, 118, 609, 611, 120, 610, 611, 34, 612, 615, 119, 613, 615, 118, 614, 615, 33, 616, 619, 120, 617, 619, 119, 618, 619, 118, 613, 620, 119, 617, 620, 120, 609, 620, 32, 605, 622, 116, 621, 622, 113, 586, 622, 33, 618, 624, 119, 623, 624, 116, 599, 624, 34, 592, 626, 113, 625, 626, 119, 612, 626, 116, 623, 627, 119, 625, 627, 113, 621, 627, 3, 584, 630, 114, 628, 630, 122, 629, 630, 34, 631, 633, 121, 632, 633, 114, 590, 633, 36, 634, 637, 122, 635, 637, 121, 636, 637, 114, 632, 638, 121, 635, 638, 122, 628, 638, 4, 639, 641, 123, 640, 641, 118, 608, 641, 35, 642, 645, 124, 643, 645, 123, 644, 645, 34, 614, 648, 118, 646, 648, 124, 647, 648, 123, 643, 649, 124, 646, 649, 118, 640, 649, 2, 650, 653, 125, 651, 653, 127, 652, 653, 36, 654, 657, 126, 655, 657, 125, 656, 657, 35, 658, 661, 127, 659, 661, 126, 660, 661, 125, 655, 662, 126, 659, 662, 127, 651, 662, 34, 647, 664, 124, 663, 664, 121, 631, 664, 35, 660, 666, 126, 665, 666, 124, 642, 666, 36, 636, 668, 121, 667, 668, 126, 654, 668, 124, 665, 669, 126, 667, 669, 121, 663, 669, 3, 629, 672, 122, 670, 672, 129, 671, 672, 36, 673, 675, 128, 674, 675, 122, 634, 675, 38, 676, 679, 129, 677, 679, 128, 678, 679, 122, 674, 680, 128, 677, 680, 129, 670, 680, 2, 681, 683, 130, 682, 683, 125, 650, 683, 37, 684, 687, 131, 685, 687, 130, 686, 687, 36, 656, 690, 125, 688, 690, 131, 689, 690, 130, 685, 691, 131, 688, 691, 125, 682, 691, 6, 692, 695, 132, 693, 695, 134, 694, 695, 38, 696, 699, 133, 697, 699, 132, 698, 699, 37, 700, 703, 134, 701, 703, 133, 702, 703, 132, 697, 704, 133, 701, 704, 134, 693, 704, 36, 689, 706, 131, 705, 706, 128, 673, 706, 37, 702, 708, 133, 707, 708, 131, 684, 708, 38, 678, 710, 128, 709, 710, 133, 696, 710, 131, 707, 711, 133, 709, 711, 128, 705, 711, 3, 671, 714, 129, 712, 714, 136, 713, 714, 38, 715, 717, 135, 716, 717, 129, 676, 717, 40, 718, 721, 136, 719, 721, 135, 720, 721, 129, 716, 722, 135, 719, 722, 136, 712, 722, 6, 723, 725, 137, 724, 725, 132, 692, 725, 39, 726, 729, 138, 727, 729, 137, 728, 729, 38, 698, 732, 132, 730, 732, 138, 731, 732, 137, 727, 733, 138, 730, 733, 132, 724, 733, 8, 734, 737, 139, 735, 737, 141, 736, 737, 40, 738, 741, 140, 739, 741, 139, 740, 741, 39, 742, 745, 141, 743, 745, 140, 744, 745, 139, 739, 746, 140, 743, 746, 141, 735, 746, 38, 731, 748, 138, 747, 748, 135, 715, 748, 39, 744, 750, 140, 749, 750, 138, 726, 750, 40, 720, 752, 135, 751, 752, 140, 738, 752, 138, 749, 753, 140, 751, 753, 135, 747, 753, 3, 713, 755, 136, 754, 755, 112, 582, 755, 40, 756, 758, 142, 757, 758, 136, 718, 758, 32, 588, 761, 112, 759, 761, 142, 760, 761, 136, 757, 762, 142, 759, 762, 112, 754, 762, 8, 763, 765, 143, 764, 765, 139, 734, 765, 41, 766, 769, 144, 767, 769, 143, 768, 769, 40, 740, 772, 139, 770, 772, 144, 771, 772, 143, 767, 773, 144, 770, 773, 139, 764, 773, 9, 597, 776, 117, 774, 776, 146, 775, 776, 32, 777, 779, 145, 778, 779, 117, 603, 779, 41, 780, 783, 146, 781, 783, 145, 782, 783, 117, 778, 784, 145, 781, 784, 146, 774, 784, 40, 771, 786, 144, 785, 786, 142, 756, 786, 41, 782, 788, 145, 787, 788, 144, 766, 788, 32, 760, 790, 142, 789, 790, 145, 777, 790, 144, 787, 791, 145, 789, 791, 142, 785, 791, 4, 610, 793, 120, 792, 793, 88, 436, 793, 33, 794, 796, 147, 795, 796, 120, 616, 796, 25, 442, 799, 88, 797, 799, 147, 798, 799, 120, 795, 800, 147, 797, 800, 88, 792, 800, 9, 396, 802, 83, 801, 802, 115, 595, 802, 22, 803, 805, 148, 804, 805, 83, 402, 805, 33, 601, 808, 115, 806, 808, 148, 807, 808, 83, 804, 809, 148, 806, 809, 115, 801, 809, 5, 415, 811, 85, 810, 811, 79, 383, 811, 25, 812, 814, 149, 813, 814, 85, 420, 814, 22, 388, 817, 79, 815, 817, 149, 816, 817, 85, 813, 818, 149, 815, 818, 79, 810, 818, 33, 807, 820, 148, 819, 820, 147, 794, 820, 22, 816, 822, 149, 821, 822, 148, 803, 822, 25, 798, 824, 147, 823, 824, 149, 812, 824, 148, 821, 825, 149, 823, 825, 147, 819, 825, 2, 652, 827, 127, 826, 827, 95, 478, 827, 35, 828, 830, 150, 829, 830, 127, 658, 830, 27, 484, 833, 95, 831, 833, 150, 832, 833, 127, 829, 834, 150, 831, 834, 95, 826, 834, 4, 438, 836, 90, 835, 836, 123, 639, 836, 24, 837, 839, 151, 838, 839, 90, 444, 839, 35, 644, 842, 123, 840, 842, 151, 841, 842, 90, 838, 843, 151, 840, 843, 123, 835, 843, 11, 457, 845, 92, 844, 845, 86, 425, 845, 27, 846, 848, 152, 847, 848, 92, 462, 848, 24, 430, 851, 86, 849, 851, 152, 850, 851, 92, 847, 852, 152, 849, 852, 86, 844, 852, 35, 841, 854, 151, 853, 854, 150, 828, 854, 24, 850, 856, 152, 855, 856, 151, 837, 856, 27, 832, 858, 150, 857, 858, 152, 846, 858, 151, 855, 859, 152, 857, 859, 150, 853, 859, 6, 694, 861, 134, 860, 861, 102, 520, 861, 37, 862, 864, 153, 863, 864, 134, 700, 864, 29, 526, 867, 102, 865, 867, 153, 866, 867, 134, 863, 868, 153, 865, 868, 102, 860, 868, 2, 480, 870, 97, 869, 870, 130, 681, 870, 26, 871, 873, 154, 872, 873, 97, 486, 873, 37, 686, 876, 130, 874, 876, 154, 875, 876, 97, 872, 877, 154, 874, 877, 130, 869, 877, 10, 499, 879, 99, 878, 879, 93, 467, 879, 29, 880, 882, 155, 881, 882, 99, 504, 882, 26, 472, 885, 93, 883, 885, 155, 884, 885, 99, 881, 886, 155, 883, 886, 93, 878, 886, 37, 875, 888, 154, 887, 888, 153, 862, 888, 26, 884, 890, 155, 889, 890, 154, 871, 890, 29, 866, 892, 153, 891, 892, 155, 880, 892, 154, 889, 893, 155, 891, 893, 153, 887, 893, 8, 736, 895, 141, 894, 895, 109, 562, 895, 39, 896, 898, 156, 897, 898, 141, 742, 898, 31, 568, 901, 109, 899, 901, 156, 900, 901, 141, 897, 902, 156, 899, 902, 109, 894, 902, 6, 522, 904, 104, 903, 904, 137, 723, 904, 28, 905, 907, 157, 906, 907, 104, 528, 907, 39, 728, 910, 137, 908, 910, 157, 909, 910, 104, 906, 911, 157, 908, 911, 137, 903, 911, 7, 541, 913, 106, 912, 913, 100, 509, 913, 31, 914, 916, 158, 915, 916, 106, 546, 916, 28, 514, 919, 100, 917, 919, 158, 918, 919, 106, 915, 920, 158, 917, 920, 100, 912, 920, 39, 909, 922, 157, 921, 922, 156, 896, 922, 28, 918, 924, 158, 923, 924, 157, 905, 924, 31, 900, 926, 156, 925, 926, 158, 914, 926, 157, 923, 927, 158, 925, 927, 156, 921, 927, 9, 775, 929, 146, 928, 929, 81, 394, 929, 41, 930, 932, 159, 931, 932, 146, 780, 932, 23, 400, 935, 81, 933, 935, 159, 934, 935, 146, 931, 936, 159, 933, 936, 81, 928, 936, 8, 564, 938, 111, 937, 938, 143, 763, 938, 30, 939, 941, 160, 940, 941, 111, 570, 941, 41, 768, 944, 143, 942, 944, 160, 943, 944, 111, 940, 945, 160, 942, 945, 143, 937, 945, 1, 373, 947, 78, 946, 947, 107, 551, 947, 23, 948, 950, 161, 949, 950, 78, 378, 950, 30, 556, 953, 107, 951, 953, 161, 952, 953, 78, 949, 954, 161, 951, 954, 107, 946, 954, 41, 943, 956, 160, 955, 956, 159, 930, 956, 30, 952, 958, 161, 957, 958, 160, 939, 958, 23, 934, 960, 159, 959, 960, 161, 948, 960, 160, 957, 961, 161, 959, 961, 159, 955, 961, 0, 165, 164, 42, 165, 162, 44, 165, 163, 12, 169, 168, 43, 169, 166, 42, 169, 167, 14, 173, 172, 44, 173, 170, 43, 173, 171, 42, 174, 163, 43, 174, 167, 44, 174, 171, 11, 178, 177, 45, 178, 175, 47, 178, 176, 13, 182, 181, 46, 182, 179, 45, 182, 180, 12, 186, 185, 47, 186, 183, 46, 186, 184, 45, 187, 176, 46, 187, 180, 47, 187, 184, 5, 191, 190, 48, 191, 188, 50, 191, 189, 14, 195, 194, 49, 195, 192, 48, 195, 193, 13, 199, 198, 50, 199, 196, 49, 199, 197, 48, 200, 189, 49, 200, 193, 50, 200, 197, 12, 202, 166, 46, 202, 185, 43, 202, 201, 13, 204, 179, 49, 204, 198, 46, 204, 203, 14, 206, 192, 43, 206, 172, 49, 206, 205, 46, 207, 201, 49, 207, 203, 43, 207, 205, 0, 210, 209, 44, 210, 164, 52, 210, 208, 14, 213, 170, 51, 213, 211, 44, 213, 212, 16, 217, 216, 52, 217, 214, 51, 217, 215, 44, 218, 208, 51, 218, 212, 52, 218, 215, 5, 221, 188, 53, 221, 219, 48, 221, 220, 15, 225, 224, 54, 225, 222, 53, 225, 223, 14, 228, 227, 48, 228, 194, 54, 228, 226, 53, 229, 220, 54, 229, 223, 48, 229, 226, 1, 233, 232, 55, 233, 230, 57, 233, 231, 16, 237, 236, 56, 237, 234, 55, 237, 235, 15, 241, 240, 57, 241, 238, 56, 241, 239, 55, 242, 231, 56, 242, 235, 57, 242, 239, 14, 244, 211, 54, 244, 227, 51, 244, 243, 15, 246, 222, 56, 246, 240, 54, 246, 245, 16, 248, 234, 51, 248, 216, 56, 248, 247, 54, 249, 243, 56, 249, 245, 51, 249, 247, 0, 252, 251, 52, 252, 209, 59, 252, 250, 16, 255, 214, 58, 255, 253, 52, 255, 254, 18, 259, 258, 59, 259, 256, 58, 259, 257, 52, 260, 250, 58, 260, 254, 59, 260, 257, 1, 263, 230, 60, 263, 261, 55, 263, 262, 17, 267, 266, 61, 267, 264, 60, 267, 265, 16, 270, 269, 55, 270, 236, 61, 270, 268, 60, 271, 262, 61, 271, 265, 55, 271, 268, 7, 275, 274, 62, 275, 272, 64, 275, 273, 18, 279, 278, 63, 279, 276, 62, 279, 277, 17, 283, 282, 64, 283, 280, 63, 283, 281, 62, 284, 273, 63, 284, 277, 64, 284, 281, 16, 286, 253, 61, 286, 269, 58, 286, 285, 17, 288, 264, 63, 288, 282, 61, 288, 287, 18, 290, 276, 58, 290, 258, 63, 290, 289, 61, 291, 285, 63, 291, 287, 58, 291, 289, 0, 294, 293, 59, 294, 251, 66, 294, 292, 18, 297, 256, 65, 297, 295, 59, 297, 296, 20, 301, 300, 66, 301, 298, 65, 301, 299, 59, 302, 292, 65, 302, 296, 66, 302, 299, 7, 305, 272, 67, 305, 303, 62, 305, 304, 19, 309, 308, 68, 309, 306, 67, 309, 307, 18, 312, 311, 62, 312, 278, 68, 312, 310, 67, 313, 304, 68, 313, 307, 62, 313, 310, 10, 317, 316, 69, 317, 314, 71, 317, 315, 20, 321, 320, 70, 321, 318, 69, 321, 319, 19, 325, 324, 71, 325, 322, 70, 325, 323, 69, 326, 315, 70, 326, 319, 71, 326, 323, 18, 328, 295, 68, 328, 311, 65, 328, 327, 19, 330, 306, 70, 330, 324, 68, 330, 329, 20, 332, 318, 65, 332, 300, 70, 332, 331, 68, 333, 327, 70, 333, 329, 65, 333, 331, 0, 335, 162, 66, 335, 293, 42, 335, 334, 20, 338, 298, 72, 338, 336, 66, 338, 337, 12, 341, 340, 42, 341, 168, 72, 341, 339, 66, 342, 334, 72, 342, 337, 42, 342, 339, 10, 345, 314, 73, 345, 343, 69, 345, 344, 21, 349, 348, 74, 349, 346, 73, 349, 347, 20, 352, 351, 69, 352, 320, 74, 352, 350, 73, 353, 344, 74, 353, 347, 69, 353, 350, 11, 356, 355, 47, 356, 177, 76, 356, 354, 12, 359, 183, 75, 359, 357, 47, 359, 358, 21, 363, 362, 76, 363, 360, 75, 363, 361, 47, 364, 354, 75, 364, 358, 76, 364, 361, 20, 366, 336, 74, 366, 351, 72, 366, 365, 21, 368, 346, 75, 368, 362, 74, 368, 367, 12, 370, 357, 72, 370, 340, 75, 370, 369, 74, 371, 365, 75, 371, 367, 72, 371, 369, 1, 374, 373, 57, 374, 232, 78, 374, 372, 15, 377, 238, 77, 377, 375, 57, 377, 376, 23, 381, 380, 78, 381, 378, 77, 381, 379, 57, 382, 372, 77, 382, 376, 78, 382, 379, 5, 385, 219, 79, 385, 383, 53, 385, 384, 22, 389, 388, 80, 389, 386, 79, 389, 387, 15, 392, 391, 53, 392, 224, 80, 392, 390, 79, 393, 384, 80, 393, 387, 53, 393, 390, 9, 397, 396, 81, 397, 394, 83, 397, 395, 23, 401, 400, 82, 401, 398, 81, 401, 399, 22, 405, 404, 83, 405, 402, 82, 405, 403, 81, 406, 395, 82, 406, 399, 83, 406, 403, 15, 408, 375, 80, 408, 391, 77, 408, 407, 22, 410, 386, 82, 410, 404, 80, 410, 409, 23, 412, 398, 77, 412, 380, 82, 412, 411, 80, 413, 407, 82, 413, 409, 77, 413, 411, 5, 416, 415, 50, 416, 190, 85, 416, 414, 13, 419, 196, 84, 419, 417, 50, 419, 418, 25, 423, 422, 85, 423, 420, 84, 423, 421, 50, 424, 414, 84, 424, 418, 85, 424, 421, 11, 427, 175, 86, 427, 425, 45, 427, 426, 24, 431, 430, 87, 431, 428, 86, 431, 429, 13, 434, 433, 45, 434, 181, 87, 434, 432, 86, 435, 426, 87, 435, 429, 45, 435, 432, 4, 439, 438, 88, 439, 436, 90, 439, 437, 25, 443, 442, 89, 443, 440, 88, 443, 441, 24, 447, 446, 90, 447, 444, 89, 447, 445, 88, 448, 437, 89, 448, 441, 90, 448, 445, 13, 450, 417, 87, 450, 433, 84, 450, 449, 24, 452, 428, 89, 452, 446, 87, 452, 451, 25, 454, 440, 84, 454, 422, 89, 454, 453, 87, 455, 449, 89, 455, 451, 84, 455, 453, 11, 458, 457, 76, 458, 355, 92, 458, 456, 21, 461, 360, 91, 461, 459, 76, 461, 460, 27, 465, 464, 92, 465, 462, 91, 465, 463, 76, 466, 456, 91, 466, 460, 92, 466, 463, 10, 469, 343, 93, 469, 467, 73, 469, 468, 26, 473, 472, 94, 473, 470, 93, 473, 471, 21, 476, 475, 73, 476, 348, 94, 476, 474, 93, 477, 468, 94, 477, 471, 73, 477, 474, 2, 481, 480, 95, 481, 478, 97, 481, 479, 27, 485, 484, 96, 485, 482, 95, 485, 483, 26, 489, 488, 97, 489, 486, 96, 489, 487, 95, 490, 479, 96, 490, 483, 97, 490, 487, 21, 492, 459, 94, 492, 475, 91, 492, 491, 26, 494, 470, 96, 494, 488, 94, 494, 493, 27, 496, 482, 91, 496, 464, 96, 496, 495, 94, 497, 491, 96, 497, 493, 91, 497, 495, 10, 500, 499, 71, 500, 316, 99, 500, 498, 19, 503, 322, 98, 503, 501, 71, 503, 502, 29, 507, 506, 99, 507, 504, 98, 507, 505, 71, 508, 498, 98, 508, 502, 99, 508, 505, 7, 511, 303, 100, 511, 509, 67, 511, 510, 28, 515, 514, 101, 515, 512, 100, 515, 513, 19, 518, 517, 67, 518, 308, 101, 518, 516, 100, 519, 510, 101, 519, 513, 67, 519, 516, 6, 523, 522, 102, 523, 520, 104, 523, 521, 29, 527, 526, 103, 527, 524, 102, 527, 525, 28, 531, 530, 104, 531, 528, 103, 531, 529, 102, 532, 521, 103, 532, 525, 104, 532, 529, 19, 534, 501, 101, 534, 517, 98, 534, 533, 28, 536, 512, 103, 536, 530, 101, 536, 535, 29, 538, 524, 98, 538, 506, 103, 538, 537, 101, 539, 533, 103, 539, 535, 98, 539, 537, 7, 542, 541, 64, 542, 274, 106, 542, 540, 17, 545, 280, 105, 545, 543, 64, 545, 544, 31, 549, 548, 106, 549, 546, 105, 549, 547, 64, 550, 540, 105, 550, 544, 106, 550, 547, 1, 553, 261, 107, 553, 551, 60, 553, 552, 30, 557, 556, 108, 557, 554, 107, 557, 555, 17, 560, 559, 60, 560, 266, 108, 560, 558, 107, 561, 552, 108, 561, 555, 60, 561, 558, 8, 565, 564, 109, 565, 562, 111, 565, 563, 31, 569, 568, 110, 569, 566, 109, 569, 567, 30, 573, 572, 111, 573, 570, 110, 573, 571, 109, 574, 563, 110, 574, 567, 111, 574, 571, 17, 576, 543, 108, 576, 559, 105, 576, 575, 30, 578, 554, 110, 578, 572, 108, 578, 577, 31, 580, 566, 105, 580, 548, 110, 580, 579, 108, 581, 575, 110, 581, 577, 105, 581, 579, 3, 585, 584, 112, 585, 582, 114, 585, 583, 32, 589, 588, 113, 589, 586, 112, 589, 587, 34, 593, 592, 114, 593, 590, 113, 593, 591, 112, 594, 583, 113, 594, 587, 114, 594, 591, 9, 598, 597, 115, 598, 595, 117, 598, 596, 33, 602, 601, 116, 602, 599, 115, 602, 600, 32, 606, 605, 117, 606, 603, 116, 606, 604, 115, 607, 596, 116, 607, 600, 117, 607, 604, 4, 611, 610, 118, 611, 608, 120, 611, 609, 34, 615, 614, 119, 615, 612, 118, 615, 613, 33, 619, 618, 120, 619, 616, 119, 619, 617, 118, 620, 609, 119, 620, 613, 120, 620, 617, 32, 622, 586, 116, 622, 605, 113, 622, 621, 33, 624, 599, 119, 624, 618, 116, 624, 623, 34, 626, 612, 113, 626, 592, 119, 626, 625, 116, 627, 621, 119, 627, 623, 113, 627, 625, 3, 630, 629, 114, 630, 584, 122, 630, 628, 34, 633, 590, 121, 633, 631, 114, 633, 632, 36, 637, 636, 122, 637, 634, 121, 637, 635, 114, 638, 628, 121, 638, 632, 122, 638, 635, 4, 641, 608, 123, 641, 639, 118, 641, 640, 35, 645, 644, 124, 645, 642, 123, 645, 643, 34, 648, 647, 118, 648, 614, 124, 648, 646, 123, 649, 640, 124, 649, 643, 118, 649, 646, 2, 653, 652, 125, 653, 650, 127, 653, 651, 36, 657, 656, 126, 657, 654, 125, 657, 655, 35, 661, 660, 127, 661, 658, 126, 661, 659, 125, 662, 651, 126, 662, 655, 127, 662, 659, 34, 664, 631, 124, 664, 647, 121, 664, 663, 35, 666, 642, 126, 666, 660, 124, 666, 665, 36, 668, 654, 121, 668, 636, 126, 668, 667, 124, 669, 663, 126, 669, 665, 121, 669, 667, 3, 672, 671, 122, 672, 629, 129, 672, 670, 36, 675, 634, 128, 675, 673, 122, 675, 674, 38, 679, 678, 129, 679, 676, 128, 679, 677, 122, 680, 670, 128, 680, 674, 129, 680, 677, 2, 683, 650, 130, 683, 681, 125, 683, 682, 37, 687, 686, 131, 687, 684, 130, 687, 685, 36, 690, 689, 125, 690, 656, 131, 690, 688, 130, 691, 682, 131, 691, 685, 125, 691, 688, 6, 695, 694, 132, 695, 692, 134, 695, 693, 38, 699, 698, 133, 699, 696, 132, 699, 697, 37, 703, 702, 134, 703, 700, 133, 703, 701, 132, 704, 693, 133, 704, 697, 134, 704, 701, 36, 706, 673, 131, 706, 689, 128, 706, 705, 37, 708, 684, 133, 708, 702, 131, 708, 707, 38, 710, 696, 128, 710, 678, 133, 710, 709, 131, 711, 705, 133, 711, 707, 128, 711, 709, 3, 714, 713, 129, 714, 671, 136, 714, 712, 38, 717, 676, 135, 717, 715, 129, 717, 716, 40, 721, 720, 136, 721, 718, 135, 721, 719, 129, 722, 712, 135, 722, 716, 136, 722, 719, 6, 725, 692, 137, 725, 723, 132, 725, 724, 39, 729, 728, 138, 729, 726, 137, 729, 727, 38, 732, 731, 132, 732, 698, 138, 732, 730, 137, 733, 724, 138, 733, 727, 132, 733, 730, 8, 737, 736, 139, 737, 734, 141, 737, 735, 40, 741, 740, 140, 741, 738, 139, 741, 739, 39, 745, 744, 141, 745, 742, 140, 745, 743, 139, 746, 735, 140, 746, 739, 141, 746, 743, 38, 748, 715, 138, 748, 731, 135, 748, 747, 39, 750, 726, 140, 750, 744, 138, 750, 749, 40, 752, 738, 135, 752, 720, 140, 752, 751, 138, 753, 747, 140, 753, 749, 135, 753, 751, 3, 755, 582, 136, 755, 713, 112, 755, 754, 40, 758, 718, 142, 758, 756, 136, 758, 757, 32, 761, 760, 112, 761, 588, 142, 761, 759, 136, 762, 754, 142, 762, 757, 112, 762, 759, 8, 765, 734, 143, 765, 763, 139, 765, 764, 41, 769, 768, 144, 769, 766, 143, 769, 767, 40, 772, 771, 139, 772, 740, 144, 772, 770, 143, 773, 764, 144, 773, 767, 139, 773, 770, 9, 776, 775, 117, 776, 597, 146, 776, 774, 32, 779, 603, 145, 779, 777, 117, 779, 778, 41, 783, 782, 146, 783, 780, 145, 783, 781, 117, 784, 774, 145, 784, 778, 146, 784, 781, 40, 786, 756, 144, 786, 771, 142, 786, 785, 41, 788, 766, 145, 788, 782, 144, 788, 787, 32, 790, 777, 142, 790, 760, 145, 790, 789, 144, 791, 785, 145, 791, 787, 142, 791, 789, 4, 793, 436, 120, 793, 610, 88, 793, 792, 33, 796, 616, 147, 796, 794, 120, 796, 795, 25, 799, 798, 88, 799, 442, 147, 799, 797, 120, 800, 792, 147, 800, 795, 88, 800, 797, 9, 802, 595, 83, 802, 396, 115, 802, 801, 22, 805, 402, 148, 805, 803, 83, 805, 804, 33, 808, 807, 115, 808, 601, 148, 808, 806, 83, 809, 801, 148, 809, 804, 115, 809, 806, 5, 811, 383, 85, 811, 415, 79, 811, 810, 25, 814, 420, 149, 814, 812, 85, 814, 813, 22, 817, 816, 79, 817, 388, 149, 817, 815, 85, 818, 810, 149, 818, 813, 79, 818, 815, 33, 820, 794, 148, 820, 807, 147, 820, 819, 22, 822, 803, 149, 822, 816, 148, 822, 821, 25, 824, 812, 147, 824, 798, 149, 824, 823, 148, 825, 819, 149, 825, 821, 147, 825, 823, 2, 827, 478, 127, 827, 652, 95, 827, 826, 35, 830, 658, 150, 830, 828, 127, 830, 829, 27, 833, 832, 95, 833, 484, 150, 833, 831, 127, 834, 826, 150, 834, 829, 95, 834, 831, 4, 836, 639, 90, 836, 438, 123, 836, 835, 24, 839, 444, 151, 839, 837, 90, 839, 838, 35, 842, 841, 123, 842, 644, 151, 842, 840, 90, 843, 835, 151, 843, 838, 123, 843, 840, 11, 845, 425, 92, 845, 457, 86, 845, 844, 27, 848, 462, 152, 848, 846, 92, 848, 847, 24, 851, 850, 86, 851, 430, 152, 851, 849, 92, 852, 844, 152, 852, 847, 86, 852, 849, 35, 854, 828, 151, 854, 841, 150, 854, 853, 24, 856, 837, 152, 856, 850, 151, 856, 855, 27, 858, 846, 150, 858, 832, 152, 858, 857, 151, 859, 853, 152, 859, 855, 150, 859, 857, 6, 861, 520, 134, 861, 694, 102, 861, 860, 37, 864, 700, 153, 864, 862, 134, 864, 863, 29, 867, 866, 102, 867, 526, 153, 867, 865, 134, 868, 860, 153, 868, 863, 102, 868, 865, 2, 870, 681, 97, 870, 480, 130, 870, 869, 26, 873, 486, 154, 873, 871, 97, 873, 872, 37, 876, 875, 130, 876, 686, 154, 876, 874, 97, 877, 869, 154, 877, 872, 130, 877, 874, 10, 879, 467, 99, 879, 499, 93, 879, 878, 29, 882, 504, 155, 882, 880, 99, 882, 881, 26, 885, 884, 93, 885, 472, 155, 885, 883, 99, 886, 878, 155, 886, 881, 93, 886, 883, 37, 888, 862, 154, 888, 875, 153, 888, 887, 26, 890, 871, 155, 890, 884, 154, 890, 889, 29, 892, 880, 153, 892, 866, 155, 892, 891, 154, 893, 887, 155, 893, 889, 153, 893, 891, 8, 895, 562, 141, 895, 736, 109, 895, 894, 39, 898, 742, 156, 898, 896, 141, 898, 897, 31, 901, 900, 109, 901, 568, 156, 901, 899, 141, 902, 894, 156, 902, 897, 109, 902, 899, 6, 904, 723, 104, 904, 522, 137, 904, 903, 28, 907, 528, 157, 907, 905, 104, 907, 906, 39, 910, 909, 137, 910, 728, 157, 910, 908, 104, 911, 903, 157, 911, 906, 137, 911, 908, 7, 913, 509, 106, 913, 541, 100, 913, 912, 31, 916, 546, 158, 916, 914, 106, 916, 915, 28, 919, 918, 100, 919, 514, 158, 919, 917, 106, 920, 912, 158, 920, 915, 100, 920, 917, 39, 922, 896, 157, 922, 909, 156, 922, 921, 28, 924, 905, 158, 924, 918, 157, 924, 923, 31, 926, 914, 156, 926, 900, 158, 926, 925, 157, 927, 921, 158, 927, 923, 156, 927, 925, 9, 929, 394, 146, 929, 775, 81, 929, 928, 41, 932, 780, 159, 932, 930, 146, 932, 931, 23, 935, 934, 81, 935, 400, 159, 935, 933, 146, 936, 928, 159, 936, 931, 81, 936, 933, 8, 938, 763, 111, 938, 564, 143, 938, 937, 30, 941, 570, 160, 941, 939, 111, 941, 940, 41, 944, 943, 143, 944, 768, 160, 944, 942, 111, 945, 937, 160, 945, 940, 143, 945, 942, 1, 947, 551, 78, 947, 373, 107, 947, 946, 23, 950, 378, 161, 950, 948, 78, 950, 949, 30, 953, 952, 107, 953, 556, 161, 953, 951, 78, 954, 946, 161, 954, 949, 107, 954, 951, 41, 956, 930, 160, 956, 943, 159, 956, 955, 30, 958, 939, 161, 958, 952, 160, 958, 957, 23, 960, 948, 159, 960, 934, 161, 960, 959, 160, 961, 955, 161, 961, 957, 159, 961, 959]
            double width = 1
        }
    )
    {
        int[] faceVertexCounts = [4, 4, 4, 4, 4, 4, 4, 4, 4, 4, 4, 4, 4, 4, 4, 4, 4, 4, 4, 4, 4, 4, 4, 4, 4, 4, 4, 4, 4, 4, 4, 4, 4, 4, 4, 4, 4, 4, 4, 4, 4, 4, 4, 4, 4, 4, 4, 4, 4, 4, 4, 4, 4, 4, 4, 4, 4, 4, 4, 4, 4, 4, 4, 4, 4, 4, 4, 4, 4, 4, 4, 4, 4, 4, 4, 4, 4, 4, 4, 4, 4, 4, 4, 4, 4, 4, 4, 4, 4, 4, 4, 4, 4, 4, 4, 4, 4, 4, 4, 4, 4, 4, 4, 4, 4, 4, 4, 4, 4, 4, 4, 4, 4, 4, 4, 4, 4, 4, 4, 4, 4, 4, 4, 4, 4, 4, 4, 4, 4, 4, 4, 4, 4, 4, 4, 4, 4, 4, 4, 4, 4, 4, 4, 4, 4, 4, 4, 4, 4, 4, 4, 4, 4, 4, 4, 4, 4, 4, 4, 4, 4, 4, 4, 4, 4, 4, 4, 4, 4, 4, 4, 4, 4, 4, 4, 4, 4, 4, 4, 4, 4, 4, 4, 4, 4, 4, 4, 4, 4, 4, 4, 4, 4, 4, 4, 4, 4, 4, 4, 4, 4, 4, 4, 4, 4, 4, 4, 4, 4, 4, 4, 4, 4, 4, 4, 4, 4, 4, 4, 4, 4, 4, 4, 4, 4, 4, 4, 4, 4, 4, 4, 4, 4, 4, 4, 4, 4, 4, 4, 4, 4, 4, 4, 4, 4, 4, 4, 4, 4, 4, 4, 4, 4, 4, 4, 4, 4, 4, 4, 4, 4, 4, 4, 4, 4, 4, 4, 4, 4, 4, 4, 4, 4, 4, 4, 4, 4, 4, 4, 4, 4, 4, 4, 4, 4, 4, 4, 4, 4, 4, 4, 4, 4, 4, 4, 4, 4, 4, 4, 4, 4, 4, 4, 4, 4, 4, 4, 4, 4, 4, 4, 4, 4, 4, 4, 4, 4, 4, 4, 4, 4, 4, 4, 4, 4, 4, 4, 4, 4, 4, 4, 4, 4, 4, 4, 4, 4, 4, 4, 4, 4, 4, 4, 4, 4, 4, 4, 4, 4, 4, 4, 4, 4, 4, 4, 4, 4, 4, 4, 4, 4, 4, 4, 4, 4, 4, 4, 4, 4, 4, 4, 4, 4, 4, 4, 4, 4, 4, 4, 4, 4, 4, 4, 4, 4, 4, 4, 4, 4, 4, 4, 4, 4, 4, 4, 4, 4, 4, 4, 4, 4, 4, 4, 4, 4, 4, 4, 4, 4, 4, 4, 4, 4, 4, 4, 4, 4, 4, 4, 4, 4, 4, 4, 4, 4, 4, 4, 4, 4, 4, 4, 4, 4, 4, 4, 4, 4, 4, 4, 4, 4, 4, 4, 4, 4, 4, 4, 4, 4, 4, 4, 4, 4, 4, 4, 4, 4, 4, 4, 4, 4, 4, 4, 4, 4, 4, 4, 4, 4, 4, 4, 4, 4, 4, 4, 4, 4, 4, 4, 4, 4, 4, 4, 4, 4, 4, 4, 4, 4, 4, 4, 4, 4, 4, 4, 4, 4, 4, 4, 4, 4, 4, 4, 4, 4, 4, 4, 4, 4, 4, 4, 4, 4, 4, 4, 4, 4, 4, 4, 4, 4, 4, 4, 4, 4, 4, 4, 4, 4, 4, 4, 4, 4, 4, 4, 4, 4, 4, 4, 4, 4, 4, 4, 4, 4, 4, 4, 4, 4, 4, 4, 4, 4, 4, 4, 4, 4, 4, 4, 4, 4, 4, 4, 4, 4, 4, 4, 4, 4, 4, 4, 4, 4, 4, 4, 4, 4, 4, 4, 4, 4, 4, 4, 4, 4, 4, 4, 4, 4, 4, 4, 4, 4, 4, 4, 4, 4, 4, 4, 4, 4, 4, 4, 4, 4, 4, 4, 4, 4, 4, 4, 4, 4, 4, 4, 4, 4, 4, 4, 4, 4, 4, 4, 4, 4, 4, 4, 4, 4, 4, 4, 4, 4, 4, 4, 4, 4, 4, 4, 4, 4, 4, 4, 4, 4, 4, 4, 4, 4, 4, 4, 4, 4, 4, 4, 4, 4, 4, 4, 4, 4, 4, 4, 4, 4, 4, 4, 4, 4, 4, 4, 4, 4, 4, 4, 4, 4, 4, 4, 4, 4, 4, 4, 4, 4, 4, 4, 4, 4, 4, 4, 4, 4, 4, 4, 4, 4, 4, 4, 4, 4, 4, 4, 4, 4, 4, 4, 4, 4, 4, 4, 4, 4, 4, 4, 4, 4, 4, 4, 4, 4, 4, 4, 4, 4, 4, 4, 4, 4, 4, 4, 4, 4, 4, 4, 4, 4, 4, 4, 4, 4, 4, 4, 4, 4, 4, 4, 4, 4, 4, 4, 4, 4, 4, 4, 4, 4, 4, 4, 4, 4, 4, 4, 4, 4, 4, 4, 4, 4, 4, 4, 4, 4, 4, 4, 4, 4, 4, 4, 4, 4, 4, 4, 4, 4, 4, 4, 4, 4, 4, 4, 4, 4, 4, 4, 4, 4, 4, 4, 4, 4, 4, 4, 4, 4, 4, 4, 4, 4, 4, 4, 4, 4, 4, 4, 4, 4, 4, 4, 4, 4, 4, 4, 4, 4, 4, 4, 4, 4, 4, 4, 4, 4, 4, 4, 4, 4, 4, 4, 4, 4, 4, 4, 4, 4, 4, 4, 4, 4, 4, 4, 4, 4, 4, 4, 4, 4, 4, 4, 4, 4, 4, 4, 4, 4, 4, 4, 4, 4, 4, 4, 4, 4, 4, 4, 4, 4, 4, 4, 4, 4, 4, 4, 4, 4, 4, 4, 4, 4, 4, 4, 4, 4, 4, 4, 4, 4, 4, 4, 4, 4, 4, 4, 4, 4, 4, 4, 4, 4, 4, 4, 4, 4, 4, 4, 4, 4, 4, 4, 4, 4, 4, 4, 4, 4, 4, 4, 4, 4, 4, 4, 4, 4, 4, 4, 4, 4, 4, 4, 4, 4, 4, 4, 4, 4, 4, 4, 4, 4, 4, 4, 4, 4, 4, 4, 4, 4, 4, 4, 4]
        int[] faceVertexIndices = [0, 162, 165, 164, 42, 163, 165, 162, 44, 164, 165, 163, 12, 166, 169, 168, 43, 167, 169, 166, 42, 168, 169, 167, 14, 170, 173, 172, 44, 171, 173, 170, 43, 172, 173, 171, 42, 167, 174, 163, 43, 171, 174, 167, 44, 163, 174, 171, 11, 175, 178, 177, 45, 176, 178, 175, 47, 177, 178, 176, 13, 179, 182, 181, 46, 180, 182, 179, 45, 181, 182, 180, 12, 183, 186, 185, 47, 184, 186, 183, 46, 185, 186, 184, 45, 180, 187, 176, 46, 184, 187, 180, 47, 176, 187, 184, 5, 188, 191, 190, 48, 189, 191, 188, 50, 190, 191, 189, 14, 192, 195, 194, 49, 193, 195, 192, 48, 194, 195, 193, 13, 196, 199, 198, 50, 197, 199, 196, 49, 198, 199, 197, 48, 193, 200, 189, 49, 197, 200, 193, 50, 189, 200, 197, 12, 185, 202, 166, 46, 201, 202, 185, 43, 166, 202, 201, 13, 198, 204, 179, 49, 203, 204, 198, 46, 179, 204, 203, 14, 172, 206, 192, 43, 205, 206, 172, 49, 192, 206, 205, 46, 203, 207, 201, 49, 205, 207, 203, 43, 201, 207, 205, 0, 164, 210, 209, 44, 208, 210, 164, 52, 209, 210, 208, 14, 211, 213, 170, 51, 212, 213, 211, 44, 170, 213, 212, 16, 214, 217, 216, 52, 215, 217, 214, 51, 216, 217, 215, 44, 212, 218, 208, 51, 215, 218, 212, 52, 208, 218, 215, 5, 219, 221, 188, 53, 220, 221, 219, 48, 188, 221, 220, 15, 222, 225, 224, 54, 223, 225, 222, 53, 224, 225, 223, 14, 194, 228, 227, 48, 226, 228, 194, 54, 227, 228, 226, 53, 223, 229, 220, 54, 226, 229, 223, 48, 220, 229, 226, 1, 230, 233, 232, 55, 231, 233, 230, 57, 232, 233, 231, 16, 234, 237, 236, 56, 235, 237, 234, 55, 236, 237, 235, 15, 238, 241, 240, 57, 239, 241, 238, 56, 240, 241, 239, 55, 235, 242, 231, 56, 239, 242, 235, 57, 231, 242, 239, 14, 227, 244, 211, 54, 243, 244, 227, 51, 211, 244, 243, 15, 240, 246, 222, 56, 245, 246, 240, 54, 222, 246, 245, 16, 216, 248, 234, 51, 247, 248, 216, 56, 234, 248, 247, 54, 245, 249, 243, 56, 247, 249, 245, 51, 243, 249, 247, 0, 209, 252, 251, 52, 250, 252, 209, 59, 251, 252, 250, 16, 253, 255, 214, 58, 254, 255, 253, 52, 214, 255, 254, 18, 256, 259, 258, 59, 257, 259, 256, 58, 258, 259, 257, 52, 254, 260, 250, 58, 257, 260, 254, 59, 250, 260, 257, 1, 261, 263, 230, 60, 262, 263, 261, 55, 230, 263, 262, 17, 264, 267, 266, 61, 265, 267, 264, 60, 266, 267, 265, 16, 236, 270, 269, 55, 268, 270, 236, 61, 269, 270, 268, 60, 265, 271, 262, 61, 268, 271, 265, 55, 262, 271, 268, 7, 272, 275, 274, 62, 273, 275, 272, 64, 274, 275, 273, 18, 276, 279, 278, 63, 277, 279, 276, 62, 278, 279, 277, 17, 280, 283, 282, 64, 281, 283, 280, 63, 282, 283, 281, 62, 277, 284, 273, 63, 281, 284, 277, 64, 273, 284, 281, 16, 269, 286, 253, 61, 285, 286, 269, 58, 253, 286, 285, 17, 282, 288, 264, 63, 287, 288, 282, 61, 264, 288, 287, 18, 258, 290, 276, 58, 289, 290, 258, 63, 276, 290, 289, 61, 287, 291, 285, 63, 289, 291, 287, 58, 285, 291, 289, 0, 251, 294, 293, 59, 292, 294, 251, 66, 293, 294, 292, 18, 295, 297, 256, 65, 296, 297, 295, 59, 256, 297, 296, 20, 298, 301, 300, 66, 299, 301, 298, 65, 300, 301, 299, 59, 296, 302, 292, 65, 299, 302, 296, 66, 292, 302, 299, 7, 303, 305, 272, 67, 304, 305, 303, 62, 272, 305, 304, 19, 306, 309, 308, 68, 307, 309, 306, 67, 308, 309, 307, 18, 278, 312, 311, 62, 310, 312, 278, 68, 311, 312, 310, 67, 307, 313, 304, 68, 310, 313, 307, 62, 304, 313, 310, 10, 314, 317, 316, 69, 315, 317, 314, 71, 316, 317, 315, 20, 318, 321, 320, 70, 319, 321, 318, 69, 320, 321, 319, 19, 322, 325, 324, 71, 323, 325, 322, 70, 324, 325, 323, 69, 319, 326, 315, 70, 323, 326, 319, 71, 315, 326, 323, 18, 311, 328, 295, 68, 327, 328, 311, 65, 295, 328, 327, 19, 324, 330, 306, 70, 329, 330, 324, 68, 306, 330, 329, 20, 300, 332, 318, 65, 331, 332, 300, 70, 318, 332, 331, 68, 329, 333, 327, 70, 331, 333, 329, 65, 327, 333, 331, 0, 293, 335, 162, 66, 334, 335, 293, 42, 162, 335, 334, 20, 336, 338, 298, 72, 337, 338, 336, 66, 298, 338, 337, 12, 168, 341, 340, 42, 339, 341, 168, 72, 340, 341, 339, 66, 337, 342, 334, 72, 339, 342, 337, 42, 334, 342, 339, 10, 343, 345, 314, 73, 344, 345, 343, 69, 314, 345, 344, 21, 346, 349, 348, 74, 347, 349, 346, 73, 348, 349, 347, 20, 320, 352, 351, 69, 350, 352, 320, 74, 351, 352, 350, 73, 347, 353, 344, 74, 350, 353, 347, 69, 344, 353, 350, 11, 177, 356, 355, 47, 354, 356, 177, 76, 355, 356, 354, 12, 357, 359, 183, 75, 358, 359, 357, 47, 183, 359, 358, 21, 360, 363, 362, 76, 361, 363, 360, 75, 362, 363, 361, 47, 358, 364, 354, 75, 361, 364, 358, 76, 354, 364, 361, 20, 351, 366, 336, 74, 365, 366, 351, 72, 336, 366, 365, 21, 362, 368, 346, 75, 367, 368, 362, 74, 346, 368, 367, 12, 340, 370, 357, 72, 369, 370, 340, 75, 357, 370, 369, 74, 367, 371, 365, 75, 369, 371, 367, 72, 365, 371, 369, 1, 232, 374, 373, 57, 372, 374, 232, 78, 373, 374, 372, 15, 375, 377, 238, 77, 376, 377, 375, 57, 238, 377, 376, 23, 378, 381, 380, 78, 379, 381, 378, 77, 380, 381, 379, 57, 376, 382, 372, 77, 379, 382, 376, 78, 372, 382, 379, 5, 383, 385, 219, 79, 384, 385, 383, 53, 219, 385, 384, 22, 386, 389, 388, 80, 387, 389, 386, 79, 388, 389, 387, 15, 224, 392, 391, 53, 390, 392, 224, 80, 391, 392, 390, 79, 387, 393, 384, 80, 390, 393, 387, 53, 384, 393, 390, 9, 394, 397, 396, 81, 395, 397, 394, 83, 396, 397, 395, 23, 398, 401, 400, 82, 399, 401, 398, 81, 400, 401, 399, 22, 402, 405, 404, 83, 403, 405, 402, 82, 404, 405, 403, 81, 399, 406, 395, 82, 403, 406, 399, 83, 395, 406, 403, 15, 391, 408, 375, 80, 407, 408, 391, 77, 375, 408, 407, 22, 404, 410, 386, 82, 409, 410, 404, 80, 386, 410, 409, 23, 380, 412, 398, 77, 411, 412, 380, 82, 398, 412, 411, 80, 409, 413, 407, 82, 411, 413, 409, 77, 407, 413, 411, 5, 190, 416, 415, 50, 414, 416, 190, 85, 415, 416, 414, 13, 417, 419, 196, 84, 418, 419, 417, 50, 196, 419, 418, 25, 420, 423, 422, 85, 421, 423, 420, 84, 422, 423, 421, 50, 418, 424, 414, 84, 421, 424, 418, 85, 414, 424, 421, 11, 425, 427, 175, 86, 426, 427, 425, 45, 175, 427, 426, 24, 428, 431, 430, 87, 429, 431, 428, 86, 430, 431, 429, 13, 181, 434, 433, 45, 432, 434, 181, 87, 433, 434, 432, 86, 429, 435, 426, 87, 432, 435, 429, 45, 426, 435, 432, 4, 436, 439, 438, 88, 437, 439, 436, 90, 438, 439, 437, 25, 440, 443, 442, 89, 441, 443, 440, 88, 442, 443, 441, 24, 444, 447, 446, 90, 445, 447, 444, 89, 446, 447, 445, 88, 441, 448, 437, 89, 445, 448, 441, 90, 437, 448, 445, 13, 433, 450, 417, 87, 449, 450, 433, 84, 417, 450, 449, 24, 446, 452, 428, 89, 451, 452, 446, 87, 428, 452, 451, 25, 422, 454, 440, 84, 453, 454, 422, 89, 440, 454, 453, 87, 451, 455, 449, 89, 453, 455, 451, 84, 449, 455, 453, 11, 355, 458, 457, 76, 456, 458, 355, 92, 457, 458, 456, 21, 459, 461, 360, 91, 460, 461, 459, 76, 360, 461, 460, 27, 462, 465, 464, 92, 463, 465, 462, 91, 464, 465, 463, 76, 460, 466, 456, 91, 463, 466, 460, 92, 456, 466, 463, 10, 467, 469, 343, 93, 468, 469, 467, 73, 343, 469, 468, 26, 470, 473, 472, 94, 471, 473, 470, 93, 472, 473, 471, 21, 348, 476, 475, 73, 474, 476, 348, 94, 475, 476, 474, 93, 471, 477, 468, 94, 474, 477, 471, 73, 468, 477, 474, 2, 478, 481, 480, 95, 479, 481, 478, 97, 480, 481, 479, 27, 482, 485, 484, 96, 483, 485, 482, 95, 484, 485, 483, 26, 486, 489, 488, 97, 487, 489, 486, 96, 488, 489, 487, 95, 483, 490, 479, 96, 487, 490, 483, 97, 479, 490, 487, 21, 475, 492, 459, 94, 491, 492, 475, 91, 459, 492, 491, 26, 488, 494, 470, 96, 493, 494, 488, 94, 470, 494, 493, 27, 464, 496, 482, 91, 495, 496, 464, 96, 482, 496, 495, 94, 493, 497, 491, 96, 495, 497, 493, 91, 491, 497, 495, 10, 316, 500, 499, 71, 498, 500, 316, 99, 499, 500, 498, 19, 501, 503, 322, 98, 502, 503, 501, 71, 322, 503, 502, 29, 504, 507, 506, 99, 505, 507, 504, 98, 506, 507, 505, 71, 502, 508, 498, 98, 505, 508, 502, 99, 498, 508, 505, 7, 509, 511, 303, 100, 510, 511, 509, 67, 303, 511, 510, 28, 512, 515, 514, 101, 513, 515, 512, 100, 514, 515, 513, 19, 308, 518, 517, 67, 516, 518, 308, 101, 517, 518, 516, 100, 513, 519, 510, 101, 516, 519, 513, 67, 510, 519, 516, 6, 520, 523, 522, 102, 521, 523, 520, 104, 522, 523, 521, 29, 524, 527, 526, 103, 525, 527, 524, 102, 526, 527, 525, 28, 528, 531, 530, 104, 529, 531, 528, 103, 530, 531, 529, 102, 525, 532, 521, 103, 529, 532, 525, 104, 521, 532, 529, 19, 517, 534, 501, 101, 533, 534, 517, 98, 501, 534, 533, 28, 530, 536, 512, 103, 535, 536, 530, 101, 512, 536, 535, 29, 506, 538, 524, 98, 537, 538, 506, 103, 524, 538, 537, 101, 535, 539, 533, 103, 537, 539, 535, 98, 533, 539, 537, 7, 274, 542, 541, 64, 540, 542, 274, 106, 541, 542, 540, 17, 543, 545, 280, 105, 544, 545, 543, 64, 280, 545, 544, 31, 546, 549, 548, 106, 547, 549, 546, 105, 548, 549, 547, 64, 544, 550, 540, 105, 547, 550, 544, 106, 540, 550, 547, 1, 551, 553, 261, 107, 552, 553, 551, 60, 261, 553, 552, 30, 554, 557, 556, 108, 555, 557, 554, 107, 556, 557, 555, 17, 266, 560, 559, 60, 558, 560, 266, 108, 559, 560, 558, 107, 555, 561, 552, 108, 558, 561, 555, 60, 552, 561, 558, 8, 562, 565, 564, 109, 563, 565, 562, 111, 564, 565, 563, 31, 566, 569, 568, 110, 567, 569, 566, 109, 568, 569, 567, 30, 570, 573, 572, 111, 571, 573, 570, 110, 572, 573, 571, 109, 567, 574, 563, 110, 571, 574, 567, 111, 563, 574, 571, 17, 559, 576, 543, 108, 575, 576, 559, 105, 543, 576, 575, 30, 572, 578, 554, 110, 577, 578, 572, 108, 554, 578, 577, 31, 548, 580, 566, 105, 579, 580, 548, 110, 566, 580, 579, 108, 577, 581, 575, 110, 579, 581, 577, 105, 575, 581, 579, 3, 582, 585, 584, 112, 583, 585, 582, 114, 584, 585, 583, 32, 586, 589, 588, 113, 587, 589, 586, 112, 588, 589, 587, 34, 590, 593, 592, 114, 591, 593, 590, 113, 592, 593, 591, 112, 587, 594, 583, 113, 591, 594, 587, 114, 583, 594, 591, 9, 595, 598, 597, 115, 596, 598, 595, 117, 597, 598, 596, 33, 599, 602, 601, 116, 600, 602, 599, 115, 601, 602, 600, 32, 603, 606, 605, 117, 604, 606, 603, 116, 605, 606, 604, 115, 600, 607, 596, 116, 604, 607, 600, 117, 596, 607, 604, 4, 608, 611, 610, 118, 609, 611, 608, 120, 610, 611, 609, 34, 612, 615, 614, 119, 613, 615, 612, 118, 614, 615, 613, 33, 616, 619, 618, 120, 617, 619, 616, 119, 618, 619, 617, 118, 613, 620, 609, 119, 617, 620, 613, 120, 609, 620, 617, 32, 605, 622, 586, 116, 621, 622, 605, 113, 586, 622, 621, 33, 618, 624, 599, 119, 623, 624, 618, 116, 599, 624, 623, 34, 592, 626, 612, 113, 625, 626, 592, 119, 612, 626, 625, 116, 623, 627, 621, 119, 625, 627, 623, 113, 621, 627, 625, 3, 584, 630, 629, 114, 628, 630, 584, 122, 629, 630, 628, 34, 631, 633, 590, 121, 632, 633, 631, 114, 590, 633, 632, 36, 634, 637, 636, 122, 635, 637, 634, 121, 636, 637, 635, 114, 632, 638, 628, 121, 635, 638, 632, 122, 628, 638, 635, 4, 639, 641, 608, 123, 640, 641, 639, 118, 608, 641, 640, 35, 642, 645, 644, 124, 643, 645, 642, 123, 644, 645, 643, 34, 614, 648, 647, 118, 646, 648, 614, 124, 647, 648, 646, 123, 643, 649, 640, 124, 646, 649, 643, 118, 640, 649, 646, 2, 650, 653, 652, 125, 651, 653, 650, 127, 652, 653, 651, 36, 654, 657, 656, 126, 655, 657, 654, 125, 656, 657, 655, 35, 658, 661, 660, 127, 659, 661, 658, 126, 660, 661, 659, 125, 655, 662, 651, 126, 659, 662, 655, 127, 651, 662, 659, 34, 647, 664, 631, 124, 663, 664, 647, 121, 631, 664, 663, 35, 660, 666, 642, 126, 665, 666, 660, 124, 642, 666, 665, 36, 636, 668, 654, 121, 667, 668, 636, 126, 654, 668, 667, 124, 665, 669, 663, 126, 667, 669, 665, 121, 663, 669, 667, 3, 629, 672, 671, 122, 670, 672, 629, 129, 671, 672, 670, 36, 673, 675, 634, 128, 674, 675, 673, 122, 634, 675, 674, 38, 676, 679, 678, 129, 677, 679, 676, 128, 678, 679, 677, 122, 674, 680, 670, 128, 677, 680, 674, 129, 670, 680, 677, 2, 681, 683, 650, 130, 682, 683, 681, 125, 650, 683, 682, 37, 684, 687, 686, 131, 685, 687, 684, 130, 686, 687, 685, 36, 656, 690, 689, 125, 688, 690, 656, 131, 689, 690, 688, 130, 685, 691, 682, 131, 688, 691, 685, 125, 682, 691, 688, 6, 692, 695, 694, 132, 693, 695, 692, 134, 694, 695, 693, 38, 696, 699, 698, 133, 697, 699, 696, 132, 698, 699, 697, 37, 700, 703, 702, 134, 701, 703, 700, 133, 702, 703, 701, 132, 697, 704, 693, 133, 701, 704, 697, 134, 693, 704, 701, 36, 689, 706, 673, 131, 705, 706, 689, 128, 673, 706, 705, 37, 702, 708, 684, 133, 707, 708, 702, 131, 684, 708, 707, 38, 678, 710, 696, 128, 709, 710, 678, 133, 696, 710, 709, 131, 707, 711, 705, 133, 709, 711, 707, 128, 705, 711, 709, 3, 671, 714, 713, 129, 712, 714, 671, 136, 713, 714, 712, 38, 715, 717, 676, 135, 716, 717, 715, 129, 676, 717, 716, 40, 718, 721, 720, 136, 719, 721, 718, 135, 720, 721, 719, 129, 716, 722, 712, 135, 719, 722, 716, 136, 712, 722, 719, 6, 723, 725, 692, 137, 724, 725, 723, 132, 692, 725, 724, 39, 726, 729, 728, 138, 727, 729, 726, 137, 728, 729, 727, 38, 698, 732, 731, 132, 730, 732, 698, 138, 731, 732, 730, 137, 727, 733, 724, 138, 730, 733, 727, 132, 724, 733, 730, 8, 734, 737, 736, 139, 735, 737, 734, 141, 736, 737, 735, 40, 738, 741, 740, 140, 739, 741, 738, 139, 740, 741, 739, 39, 742, 745, 744, 141, 743, 745, 742, 140, 744, 745, 743, 139, 739, 746, 735, 140, 743, 746, 739, 141, 735, 746, 743, 38, 731, 748, 715, 138, 747, 748, 731, 135, 715, 748, 747, 39, 744, 750, 726, 140, 749, 750, 744, 138, 726, 750, 749, 40, 720, 752, 738, 135, 751, 752, 720, 140, 738, 752, 751, 138, 749, 753, 747, 140, 751, 753, 749, 135, 747, 753, 751, 3, 713, 755, 582, 136, 754, 755, 713, 112, 582, 755, 754, 40, 756, 758, 718, 142, 757, 758, 756, 136, 718, 758, 757, 32, 588, 761, 760, 112, 759, 761, 588, 142, 760, 761, 759, 136, 757, 762, 754, 142, 759, 762, 757, 112, 754, 762, 759, 8, 763, 765, 734, 143, 764, 765, 763, 139, 734, 765, 764, 41, 766, 769, 768, 144, 767, 769, 766, 143, 768, 769, 767, 40, 740, 772, 771, 139, 770, 772, 740, 144, 771, 772, 770, 143, 767, 773, 764, 144, 770, 773, 767, 139, 764, 773, 770, 9, 597, 776, 775, 117, 774, 776, 597, 146, 775, 776, 774, 32, 777, 779, 603, 145, 778, 779, 777, 117, 603, 779, 778, 41, 780, 783, 782, 146, 781, 783, 780, 145, 782, 783, 781, 117, 778, 784, 774, 145, 781, 784, 778, 146, 774, 784, 781, 40, 771, 786, 756, 144, 785, 786, 771, 142, 756, 786, 785, 41, 782, 788, 766, 145, 787, 788, 782, 144, 766, 788, 787, 32, 760, 790, 777, 142, 789, 790, 760, 145, 777, 790, 789, 144, 787, 791, 785, 145, 789, 791, 787, 142, 785, 791, 789, 4, 610, 793, 436, 120, 792, 793, 610, 88, 436, 793, 792, 33, 794, 796, 616, 147, 795, 796, 794, 120, 616, 796, 795, 25, 442, 799, 798, 88, 797, 799, 442, 147, 798, 799, 797, 120, 795, 800, 792, 147, 797, 800, 795, 88, 792, 800, 797, 9, 396, 802, 595, 83, 801, 802, 396, 115, 595, 802, 801, 22, 803, 805, 402, 148, 804, 805, 803, 83, 402, 805, 804, 33, 601, 808, 807, 115, 806, 808, 601, 148, 807, 808, 806, 83, 804, 809, 801, 148, 806, 809, 804, 115, 801, 809, 806, 5, 415, 811, 383, 85, 810, 811, 415, 79, 383, 811, 810, 25, 812, 814, 420, 149, 813, 814, 812, 85, 420, 814, 813, 22, 388, 817, 816, 79, 815, 817, 388, 149, 816, 817, 815, 85, 813, 818, 810, 149, 815, 818, 813, 79, 810, 818, 815, 33, 807, 820, 794, 148, 819, 820, 807, 147, 794, 820, 819, 22, 816, 822, 803, 149, 821, 822, 816, 148, 803, 822, 821, 25, 798, 824, 812, 147, 823, 824, 798, 149, 812, 824, 823, 148, 821, 825, 819, 149, 823, 825, 821, 147, 819, 825, 823, 2, 652, 827, 478, 127, 826, 827, 652, 95, 478, 827, 826, 35, 828, 830, 658, 150, 829, 830, 828, 127, 658, 830, 829, 27, 484, 833, 832, 95, 831, 833, 484, 150, 832, 833, 831, 127, 829, 834, 826, 150, 831, 834, 829, 95, 826, 834, 831, 4, 438, 836, 639, 90, 835, 836, 438, 123, 639, 836, 835, 24, 837, 839, 444, 151, 838, 839, 837, 90, 444, 839, 838, 35, 644, 842, 841, 123, 840, 842, 644, 151, 841, 842, 840, 90, 838, 843, 835, 151, 840, 843, 838, 123, 835, 843, 840, 11, 457, 845, 425, 92, 844, 845, 457, 86, 425, 845, 844, 27, 846, 848, 462, 152, 847, 848, 846, 92, 462, 848, 847, 24, 430, 851, 850, 86, 849, 851, 430, 152, 850, 851, 849, 92, 847, 852, 844, 152, 849, 852, 847, 86, 844, 852, 849, 35, 841, 854, 828, 151, 853, 854, 841, 150, 828, 854, 853, 24, 850, 856, 837, 152, 855, 856, 850, 151, 837, 856, 855, 27, 832, 858, 846, 150, 857, 858, 832, 152, 846, 858, 857, 151, 855, 859, 853, 152, 857, 859, 855, 150, 853, 859, 857, 6, 694, 861, 520, 134, 860, 861, 694, 102, 520, 861, 860, 37, 862, 864, 700, 153, 863, 864, 862, 134, 700, 864, 863, 29, 526, 867, 866, 102, 865, 867, 526, 153, 866, 867, 865, 134, 863, 868, 860, 153, 865, 868, 863, 102, 860, 868, 865, 2, 480, 870, 681, 97, 869, 870, 480, 130, 681, 870, 869, 26, 871, 873, 486, 154, 872, 873, 871, 97, 486, 873, 872, 37, 686, 876, 875, 130, 874, 876, 686, 154, 875, 876, 874, 97, 872, 877, 869, 154, 874, 877, 872, 130, 869, 877, 874, 10, 499, 879, 467, 99, 878, 879, 499, 93, 467, 879, 878, 29, 880, 882, 504, 155, 881, 882, 880, 99, 504, 882, 881, 26, 472, 885, 884, 93, 883, 885, 472, 155, 884, 885, 883, 99, 881, 886, 878, 155, 883, 886, 881, 93, 878, 886, 883, 37, 875, 888, 862, 154, 887, 888, 875, 153, 862, 888, 887, 26, 884, 890, 871, 155, 889, 890, 884, 154, 871, 890, 889, 29, 866, 892, 880, 153, 891, 892, 866, 155, 880, 892, 891, 154, 889, 893, 887, 155, 891, 893, 889, 153, 887, 893, 891, 8, 736, 895, 562, 141, 894, 895, 736, 109, 562, 895, 894, 39, 896, 898, 742, 156, 897, 898, 896, 141, 742, 898, 897, 31, 568, 901, 900, 109, 899, 901, 568, 156, 900, 901, 899, 141, 897, 902, 894, 156, 899, 902, 897, 109, 894, 902, 899, 6, 522, 904, 723, 104, 903, 904, 522, 137, 723, 904, 903, 28, 905, 907, 528, 157, 906, 907, 905, 104, 528, 907, 906, 39, 728, 910, 909, 137, 908, 910, 728, 157, 909, 910, 908, 104, 906, 911, 903, 157, 908, 911, 906, 137, 903, 911, 908, 7, 541, 913, 509, 106, 912, 913, 541, 100, 509, 913, 912, 31, 914, 916, 546, 158, 915, 916, 914, 106, 546, 916, 915, 28, 514, 919, 918, 100, 917, 919, 514, 158, 918, 919, 917, 106, 915, 920, 912, 158, 917, 920, 915, 100, 912, 920, 917, 39, 909, 922, 896, 157, 921, 922, 909, 156, 896, 922, 921, 28, 918, 924, 905, 158, 923, 924, 918, 157, 905, 924, 923, 31, 900, 926, 914, 156, 925, 926, 900, 158, 914, 926, 925, 157, 923, 927, 921, 158, 925, 927, 923, 156, 921, 927, 925, 9, 775, 929, 394, 146, 928, 929, 775, 81, 394, 929, 928, 41, 930, 932, 780, 159, 931, 932, 930, 146, 780, 932, 931, 23, 400, 935, 934, 81, 933, 935, 400, 159, 934, 935, 933, 146, 931, 936, 928, 159, 933, 936, 931, 81, 928, 936, 933, 8, 564, 938, 763, 111, 937, 938, 564, 143, 763, 938, 937, 30, 939, 941, 570, 160, 940, 941, 939, 111, 570, 941, 940, 41, 768, 944, 943, 143, 942, 944, 768, 160, 943, 944, 942, 111, 940, 945, 937, 160, 942, 945, 940, 143, 937, 945, 942, 1, 373, 947, 551, 78, 946, 947, 373, 107, 551, 947, 946, 23, 948, 950, 378, 161, 949, 950, 948, 78, 378, 950, 949, 30, 556, 953, 952, 107, 951, 953, 556, 161, 952, 953, 951, 78, 949, 954, 946, 161, 951, 954, 949, 107, 946, 954, 951, 41, 943, 956, 930, 160, 955, 956, 943, 159, 930, 956, 955, 30, 952, 958, 939, 161, 957, 958, 952, 160, 939, 958, 957, 23, 934, 960, 948, 159, 959, 960, 934, 161, 948, 960, 959, 160, 957, 961, 955, 161, 959, 961, 957, 159, 955, 961, 959]
        point3f[] points = [(-0.019736568, -0.49859282, -0.031869557), (-0.44298267, -0.21261661, 0.092523195), (0.44298267, 0.21261661, -0.092523195), (0.019736568, 0.49859282, 0.031869557), (0.24362396, 0.18944898, 0.39339095), (-0.042352255, -0.2501026, 0.43087697), (0.042352255, 0.2501026, -0.43087697), (-0.24362396, -0.18944898, -0.39339095), (-0.40460965, 0.2501026, -0.15407695), (-0.2802169, 0.21261661, 0.35534865), (0.2802169, -0.21261661, -0.35534865), (0.40460965, -0.2501026, 0.15407695), (0.22622272, -0.44007215, 0.0718317), (0.21292956, -0.29401326, 0.34382728), (-0.036494896, -0.44007215, 0.23453067), (-0.28527272, -0.27197954, 0.3076469), (-0.27197954, -0.41803843, 0.03565131), (-0.40357724, -0.23632823, -0.17684564), (-0.15479943, -0.40442082, -0.24996187), (0.021508796, -0.23632823, -0.4400981), (0.1531065, -0.41803843, -0.22760116), (0.40253094, -0.27197954, -0.118304536), (-0.18960139, -0.022033723, 0.46213183), (-0.42508605, -1.4556284e-16, 0.26325247), (0.38102216, -0.03565131, 0.32179356), (0.118304536, -0.03565131, 0.48449254), (0.42508605, 1.4556284e-16, -0.26325247), (0.49820226, -0.022033723, 0.036180392), (-0.118304536, 0.03565131, -0.48449254), (0.18960139, 0.022033723, -0.46213183), (-0.49820226, 0.022033723, -0.036180392), (-0.38102216, 0.03565131, -0.32179356), (-0.1531065, 0.41803843, 0.22760116), (-0.021508796, 0.23632823, 0.4400981), (0.15479943, 0.40442082, 0.24996187), (0.40357724, 0.23632823, 0.17684564), (0.27197954, 0.41803843, -0.03565131), (0.28527272, 0.27197954, -0.3076469), (0.036494896, 0.44007215, -0.23453067), (-0.21292956, 0.29401326, -0.34382728), (-0.22622272, 0.44007215, -0.0718317), (-0.40253094, 0.27197954, 0.118304536), (0.10732816, -0.48790285, 0.020771677), (0.099745825, -0.46271923, 0.16106424), (-0.029228205, -0.48790285, 0.105339974), (0.3209869, -0.28282264, 0.25880256), (0.23087601, -0.38593152, 0.21852486), (0.32789648, -0.35874167, 0.11742367), (-0.040983472, -0.35874167, 0.34586814), (0.092757195, -0.38593152, 0.3040608), (0.088663325, -0.28282264, 0.40267876), (-0.16217461, -0.45113543, 0.14204308), (-0.15162931, -0.4764501, 0.001965695), (-0.17029415, -0.27136987, 0.38387278), (-0.16916324, -0.37434772, 0.28503963), (-0.37162578, -0.32780427, 0.06662303), (-0.29296485, -0.3627639, 0.18048255), (-0.37853536, -0.25188524, 0.20800194), (-0.22437099, -0.43239242, -0.11266972), (-0.09072099, -0.46937189, -0.14649141), (-0.44002813, -0.23335427, -0.043829445), (-0.35516122, -0.3440209, -0.07423025), (-0.20709403, -0.30868393, -0.3344044), (-0.29355597, -0.3368617, -0.22438598), (-0.3364047, -0.2213121, -0.29639977), (-0.0008900268, -0.43239242, -0.25106972), (0.06932353, -0.4764501, -0.13486868), (-0.115451865, -0.2213121, -0.43323413), (-0.070075035, -0.3368617, -0.362786), (0.2252345, -0.32780427, -0.30300787), (0.0918007, -0.3440209, -0.35103026), (0.15683214, -0.23335427, -0.41346034), (0.19942518, -0.45113543, -0.08189285), (0.3548813, -0.25188524, -0.24619727), (0.2921159, -0.3627639, -0.18185338), (0.33055538, -0.37434772, -0.024432214), (0.41953865, -0.27136987, 0.018593922), (-0.3734577, -0.1429881, 0.30013955), (-0.45120806, -0.11051468, 0.18492644), (-0.12056576, -0.14145207, 0.46417153), (-0.24965608, -0.15457192, 0.4046966), (-0.36660507, 0.11051468, 0.32153887), (-0.32316032, -0.0115838135, 0.3813571), (-0.24420395, 0.0990619, 0.42491314), (0.17414007, -0.17331493, 0.4354735), (0.039478768, -0.14853027, 0.47579426), (0.40835872, -0.14853027, 0.2473498), (0.3122589, -0.17331493, 0.3499376), (0.18812458, 0.07994154, 0.45630965), (0.26251158, -0.03748601, 0.4238897), (0.32468095, 0.07994154, 0.37174135), (0.47354347, -0.15457192, -0.043175217), (0.46926704, -0.14145207, 0.09889269), (0.36660507, -0.11051468, -0.32153887), (0.435104, -0.1429881, -0.20059639), (0.4892127, 0.0990619, -0.029286077), (0.4854014, -0.0115838135, -0.11937886), (0.45120806, 0.11051468, -0.18492644), (0.110987194, -0.11266129, -0.47433034), (0.24420395, -0.0990619, -0.42491314), (-0.18812458, -0.07994154, -0.45630965), (-0.05088853, -0.1055021, -0.48608607), (0.12056576, 0.14145207, -0.46417153), (0.037482977, 0.030326817, -0.49766988), (-0.039478768, 0.14853027, -0.47579426), (-0.4124883, -0.1055021, -0.26215014), (-0.32468095, -0.07994154, -0.37174135), (-0.4892127, -0.0990619, 0.029286077), (-0.47409356, -0.11266129, -0.11199441), (-0.40835872, 0.14853027, -0.2473498), (-0.46223563, 0.030326817, -0.18819804), (-0.46926704, 0.14145207, -0.09889269), (-0.06932353, 0.4764501, 0.13486868), (0.0008900268, 0.43239242, 0.25106972), (0.09072099, 0.46937189, 0.14649141), (-0.15683214, 0.23335427, 0.41346034), (-0.0918007, 0.3440209, 0.35103026), (-0.2252345, 0.32780427, 0.30300787), (0.20709403, 0.30868393, 0.3344044), (0.070075035, 0.3368617, 0.362786), (0.115451865, 0.2213121, 0.43323413), (0.22437099, 0.43239242, 0.11266972), (0.15162931, 0.4764501, -0.001965695), (0.3364047, 0.2213121, 0.29639977), (0.29355597, 0.3368617, 0.22438598), (0.37162578, 0.32780427, -0.06662303), (0.35516122, 0.3440209, 0.07423025), (0.44002813, 0.23335427, 0.043829445), (0.16217461, 0.45113543, -0.14204308), (0.029228205, 0.48790285, -0.105339974), (0.37853536, 0.25188524, -0.20800194), (0.29296485, 0.3627639, -0.18048255), (0.040983472, 0.35874167, -0.34586814), (0.16916324, 0.37434772, -0.28503963), (0.17029415, 0.27136987, -0.38387278), (-0.099745825, 0.46271923, -0.16106424), (-0.10732816, 0.48790285, -0.020771677), (-0.088663325, 0.28282264, -0.40267876), (-0.092757195, 0.38593152, -0.3040608), (-0.32789648, 0.35874167, -0.11742367), (-0.23087601, 0.38593152, -0.21852486), (-0.3209869, 0.28282264, -0.25880256), (-0.19942518, 0.45113543, 0.08189285), (-0.41953865, 0.27136987, -0.018593922), (-0.33055538, 0.37434772, 0.024432214), (-0.2921159, 0.3627639, 0.18185338), (-0.3548813, 0.25188524, 0.24619727), (0.05088853, 0.1055021, 0.48608607), (-0.110987194, 0.11266129, 0.47433034), (-0.037482977, -0.030326817, 0.49766988), (0.47409356, 0.11266129, 0.11199441), (0.4124883, 0.1055021, 0.26215014), (0.46223563, -0.030326817, 0.18819804), (0.24965608, 0.15457192, -0.4046966), (0.3734577, 0.1429881, -0.30013955), (0.32316032, 0.0115838135, -0.3813571), (-0.3122589, 0.17331493, -0.3499376), (-0.17414007, 0.17331493, -0.4354735), (-0.26251158, 0.03748601, -0.4238897), (-0.435104, 0.1429881, 0.20059639), (-0.47354347, 0.15457192, 0.043175217), (-0.4854014, 0.0115838135, 0.11937886), (0.044218577, -0.49800935, -0.0056025065), (0.039563674, -0.49432114, 0.06388531), (-0.024718726, -0.49800935, 0.03708983), (0.019736568, -0.49859282, 0.031869557), (0.16501589, -0.4570224, 0.11789951), (0.1046081, -0.48022825, 0.09185852), (0.1683854, -0.46846655, 0.04674866), (0.14652713, -0.47028843, 0.0857823), (-0.033178777, -0.46846655, 0.17157578), (0.03562357, -0.48022825, 0.1345801), (0.03201968, -0.4570224, 0.20026302), (0.0115054, -0.47028843, 0.1694002), (0.060178537, -0.48676065, 0.097173095), (0.36630052, -0.2690349, 0.20843261), (0.32870966, -0.32500198, 0.19058771), (0.36978865, -0.30736086, 0.13706076), (0.35625648, -0.30153227, 0.179331), (0.22466883, -0.3442102, 0.28468096), (0.27878603, -0.3378363, 0.24113274), (0.26953527, -0.29120216, 0.30422366), (0.25862843, -0.32557723, 0.27768832), (0.27973416, -0.40326256, 0.095541164), (0.28227654, -0.3761885, 0.16971199), (0.23139827, -0.41814995, 0.14698794), (0.26546034, -0.40064308, 0.13789827), (0.29768845, -0.34767875, 0.20124881), (-0.042070102, -0.30736086, 0.39212167), (0.024153534, -0.32500198, 0.37919694), (0.023379063, -0.2690349, 0.4208012), (0.0018016165, -0.30153227, 0.39884213), (0.028481808, -0.41814995, 0.27265254), (0.026154663, -0.3761885, 0.32832628), (-0.03911315, -0.40326256, 0.29300082), (0.005166811, -0.40064308, 0.29909602), (0.15225214, -0.29120216, 0.37685618), (0.091648676, -0.3378363, 0.35702544), (0.15474859, -0.3442102, 0.32798204), (0.13335662, -0.32557723, 0.35526818), (0.04752036, -0.34767875, 0.35617596), (0.16753662, -0.43003836, 0.19234988), (0.1888026, -0.43695182, 0.15305783), (0.16399525, -0.39112762, 0.2648108), (0.1819259, -0.3613939, 0.29376423), (0.09754741, -0.43003836, 0.23569366), (0.0528958, -0.43695182, 0.23722385), (0.14367706, -0.41896534, 0.23200203), (-0.09161833, -0.48851943, 0.054358628), (-0.08651008, -0.4922277, -0.015096269), (-0.06783429, -0.49471986, 0.025509996), (-0.10057297, -0.4511583, 0.1906339), (-0.09669146, -0.4743764, 0.12497114), (-0.07706773, -0.46637115, 0.16296785), (-0.21384907, -0.4515617, 0.01899007), (-0.15852514, -0.4685908, 0.07274929), (-0.21978296, -0.44000408, 0.08995469), (-0.19809328, -0.45504707, 0.06075531), (-0.116073444, -0.47896564, 0.08437334), (-0.10734959, -0.26325324, 0.41130742), (-0.10702847, -0.31920028, 0.36967024), (-0.085769236, -0.2976593, 0.39248258), (-0.23005027, -0.3271919, 0.3000372), (-0.17148457, -0.32619882, 0.3379162), (-0.22998232, -0.2742973, 0.3490976), (-0.21126379, -0.31033587, 0.3302412), (-0.10616036, -0.37033668, 0.3187173), (-0.104110844, -0.41228586, 0.2630234), (-0.08340632, -0.3967258, 0.29266366), (-0.12873162, -0.33988374, 0.3433762), (-0.4112361, -0.2728189, 0.080341265), (-0.3800147, -0.2936576, 0.1391188), (-0.41472423, -0.23449294, 0.15171312), (-0.40348178, -0.26793173, 0.12415737), (-0.28599325, -0.39526755, 0.109414), (-0.33573297, -0.34885612, 0.12483097), (-0.32490915, -0.37652132, 0.05163082), (-0.31671816, -0.3748954, 0.095619366), (-0.33510804, -0.26446092, 0.2603133), (-0.3392235, -0.3105039, 0.19625172), (-0.29272267, -0.3213278, 0.24710703), (-0.32355008, -0.29982954, 0.23540942), (-0.3529676, -0.31890252, 0.15399694), (-0.16789944, -0.4182986, 0.2164164), (-0.12471663, -0.42909664, 0.2243253), (-0.23417501, -0.37351793, 0.23589492), (-0.25341222, -0.34214044, 0.26214916), (-0.23063366, -0.4124287, 0.16343401), (-0.24653551, -0.41769832, 0.12144276), (-0.21186209, -0.4032411, 0.2061821), (-0.12276919, -0.47913206, -0.073213466), (-0.055761926, -0.48865443, -0.090041384), (-0.08862911, -0.4884533, -0.059651047), (-0.2512688, -0.43051577, -0.038989227), (-0.18994504, -0.45912233, -0.055924643), (-0.2191261, -0.4487088, -0.025380434), (-0.123945266, -0.4411139, -0.20014021), (-0.15917583, -0.45554662, -0.13092111), (-0.19194841, -0.4236221, -0.18357591), (-0.15890229, -0.44171014, -0.17216916), (-0.15792674, -0.4663531, -0.087028466), (-0.44576743, -0.22513801, 0.024581905), (-0.41116554, -0.28427023, 0.011546719), (-0.4242766, -0.26166517, 0.038996324), (-0.3840981, -0.29379162, -0.12710279), (-0.4017079, -0.2916741, -0.059640523), (-0.42587453, -0.23710826, -0.111402676), (-0.40538463, -0.27516854, -0.09972758), (-0.36715287, -0.33938769, -0.0038429566), (-0.31747907, -0.38577923, -0.019529914), (-0.33775097, -0.3685571, 0.00948362), (-0.3948209, -0.30628994, -0.017404871), (-0.22753447, -0.2514708, -0.36741054), (-0.2753242, -0.26848403, -0.31955114), (-0.29281396, -0.20736317, -0.3482248), (-0.26617888, -0.24329251, -0.3463489), (-0.22697212, -0.37526137, -0.24013032), (-0.25291467, -0.32611197, -0.2822856), (-0.18269348, -0.35999432, -0.29500368), (-0.22165209, -0.35506517, -0.2734942), (-0.37356266, -0.23102906, -0.23890692), (-0.31823888, -0.2819741, -0.26308668), (-0.35291153, -0.29016742, -0.2031165), (-0.34950957, -0.26867524, -0.23591667), (-0.28323826, -0.29332286, -0.28937483), (-0.29366744, -0.39343336, -0.09470817), (-0.28871188, -0.4049884, -0.051282067), (-0.32872567, -0.3450249, -0.15131836), (-0.35678884, -0.31098768, -0.16120915), (-0.2624501, -0.38980556, -0.17079686), (-0.22809327, -0.39794388, -0.199033), (-0.29628944, -0.37779877, -0.13957317), (-0.010839468, -0.47913206, -0.14253066), (0.025032824, -0.4922277, -0.08417392), (-0.013910167, -0.4884533, -0.105923906), (-0.07881507, -0.4236221, -0.2536385), (-0.046279375, -0.45554662, -0.200837), (-0.08332815, -0.44171014, -0.21897162), (0.112288624, -0.4515617, -0.18298446), (0.03457073, -0.45912233, -0.19496551), (0.07705694, -0.43051577, -0.2423188), (0.07491776, -0.4487088, -0.2074795), (-0.007541524, -0.4663531, -0.18016087), (-0.18127106, -0.20736317, -0.41730243), (-0.16339447, -0.26848403, -0.38886833), (-0.19145992, -0.24329251, -0.3926218), (-0.024585811, -0.29016742, -0.40644607), (-0.09372311, -0.2819741, -0.40212756), (-0.047424972, -0.23102906, -0.44088143), (-0.05546569, -0.26867524, -0.41801575), (-0.14001822, -0.32611197, -0.3522015), (-0.11383878, -0.37526137, -0.3101929), (-0.14607796, -0.35506517, -0.32029667), (-0.13285305, -0.29332286, -0.38250723), (0.25516537, -0.2728189, -0.33235595), (0.19354632, -0.28427023, -0.36294663), (0.22063403, -0.22513801, -0.38811532), (0.22396238, -0.26166517, -0.362453), (0.12397999, -0.38577923, -0.29292208), (0.16015749, -0.33938769, -0.33040217), (0.19099665, -0.37652132, -0.2678656), (0.15898693, -0.3685571, -0.29814228), (0.090031266, -0.23710826, -0.4308991), (0.1256025, -0.2916741, -0.3861997), (0.057360955, -0.29379162, -0.40049493), (0.09135328, -0.27516854, -0.4073535), (0.16034478, -0.30628994, -0.36121464), (-0.035960257, -0.38980556, -0.31106025), (-0.07654726, -0.39794388, -0.29288426), (0.011009084, -0.3450249, -0.36171344), (0.0146589875, -0.31098768, -0.3912439), (0.04606733, -0.39343336, -0.30510324), (0.08273597, -0.4049884, -0.28131682), (0.0070707384, -0.37779877, -0.32744175), (0.08948776, -0.48851943, -0.057798963), (0.053063508, -0.49471986, -0.04936106), (0.17846301, -0.44000408, -0.15667593), (0.13576448, -0.4685908, -0.10950198), (0.14265798, -0.45504707, -0.15026928), (0.15496339, -0.4743764, -0.030876739), (0.21547683, -0.4511583, -0.0050932774), (0.1802355, -0.46637115, 0.0036219612), (0.12725495, -0.47896564, -0.066318035), (0.32061455, -0.23449294, -0.30367646), (0.29387355, -0.2936576, -0.27821493), (0.29093605, -0.26793173, -0.30589017), (0.35165286, -0.3213278, -0.15194972), (0.32684526, -0.3105039, -0.21623947), (0.38236192, -0.26446092, -0.18401025), (0.35491693, -0.29982954, -0.1847599), (0.26135126, -0.34885612, -0.24493863), (0.22538607, -0.39526755, -0.20727922), (0.22672713, -0.3748954, -0.24093206), (0.29514125, -0.31890252, -0.24737181), (0.37863374, -0.31920028, 0.06890344), (0.41605207, -0.26325324, 0.08716887), (0.38958344, -0.2976593, 0.09810038), (0.2818592, -0.41228586, 0.023995165), (0.33263183, -0.37033668, 0.046976734), (0.2991687, -0.3967258, 0.05573793), (0.41500267, -0.2742973, -0.05033658), (0.37892693, -0.32619882, -0.0029493452), (0.37111217, -0.3271919, -0.07225799), (0.389781, -0.31033587, -0.041981146), (0.36476487, -0.33988374, 0.037757684), (0.24907953, -0.4124287, -0.13364862), (0.21857291, -0.41769832, -0.16659527), (0.31552738, -0.37351793, -0.10453148), (0.34760302, -0.34214044, -0.11005488), (0.26855803, -0.4182986, -0.053878296), (0.25639677, -0.42909664, -0.011695248), (0.278985, -0.4032411, -0.09779565), (-0.42032927, -0.1835836, 0.19904864), (-0.45141137, -0.1631253, 0.14006399), (-0.43039387, -0.19445157, 0.16416366), (-0.3334708, -0.21007013, 0.3076813), (-0.3798863, -0.19947919, 0.25669917), (-0.35077018, -0.22550838, 0.2758736), (-0.44237667, -0.05579076, 0.22625268), (-0.41659856, -0.12806267, 0.24504206), (-0.40424883, -0.07238524, 0.2852074), (-0.4226262, -0.08572655, 0.25305742), (-0.40713298, -0.17101058, 0.23451675), (-0.082245365, -0.19766726, 0.4518444), (-0.14734305, -0.20912626, 0.4296001), (-0.11268133, -0.22417915, 0.43248886), (-0.22236644, -0.089403525, 0.4388168), (-0.18702593, -0.14954321, 0.4389284), (-0.15658066, -0.082531996, 0.46762267), (-0.18931437, -0.10755697, 0.45010173), (-0.21214736, -0.21517412, 0.39836365), (-0.2707984, -0.21593423, 0.3606115), (-0.2384839, -0.23601472, 0.37070537), (-0.18289702, -0.1919918, 0.423896), (-0.326533, 0.1631253, 0.3417109), (-0.30942205, 0.10616676, 0.3781357), (-0.26474166, 0.15734364, 0.393897), (-0.3013155, 0.14277177, 0.37259254), (-0.37878665, -0.005864104, 0.32632235), (-0.34845057, 0.04997716, 0.35508376), (-0.39966682, 0.05579076, 0.2952183), (-0.3770072, 0.03345526, 0.32672057), (-0.21899652, 0.03888588, 0.44780397), (-0.2866169, 0.04419153, 0.40730563), (-0.25957668, -0.017018292, 0.42700157), (-0.25598162, 0.022131197, 0.4289331), (-0.31603172, 0.06699577, 0.38162223), (-0.3157516, -0.15078314, 0.35716295), (-0.3079957, -0.19310695, 0.34329048), (-0.2902643, -0.0841964, 0.39831847), (-0.25850385, -0.06380714, 0.42320728), (-0.35299852, -0.078326516, 0.34533605), (-0.38032272, -0.052408844, 0.32032475), (-0.32112566, -0.104910426, 0.36860836), (0.06491389, -0.21851364, 0.4450146), (-0.001450613, -0.20124052, 0.45771185), (0.029011285, -0.23044571, 0.44277886), (0.19594724, -0.23657675, 0.39450744), (0.13276108, -0.23042819, 0.42341155), (0.1608777, -0.25367707, 0.39970776), (0.079653226, -0.09297978, 0.48477843), (0.10791438, -0.16258737, 0.4603475), (0.14804499, -0.10578551, 0.46571678), (0.112245895, -0.12089391, 0.4720016), (0.10228468, -0.20460439, 0.44460645), (0.41040814, -0.20124052, 0.20265095), (0.36947, -0.21851364, 0.25640535), (0.38346615, -0.23044571, 0.22326772), (0.35096145, -0.10578551, 0.3400522), (0.36403626, -0.16258737, 0.30173323), (0.39850053, -0.09297978, 0.28731877), (0.37253943, -0.12089391, 0.31080386), (0.31989843, -0.23042819, 0.30751884), (0.2658675, -0.23657675, 0.35120636), (0.2861495, -0.25367707, 0.32212794), (0.35245275, -0.20460439, 0.28967932), (0.21795818, 0.13599554, 0.42895156), (0.2597757, 0.08099316, 0.41947192), (0.28689548, 0.13599554, 0.38625923), (0.25579944, 0.11813255, 0.41305128), (0.19278152, -0.037024494, 0.45985267), (0.22764903, 0.021447372, 0.4446526), (0.1546936, 0.02235889, 0.47494206), (0.1923976, 0.00230097, 0.46149525), (0.35625777, 0.02235889, 0.35011494), (0.29663357, 0.021447372, 0.40193102), (0.32577774, -0.037024494, 0.37748915), (0.3274193, 0.00230097, 0.37787735), (0.2623478, 0.04141609, 0.42362523), (0.24647385, -0.17564839, 0.39799282), (0.23711292, -0.21721517, 0.38287732), (0.29125452, -0.10681955, 0.39212292), (0.32406914, -0.08356161, 0.371479), (0.2212653, -0.10681955, 0.4354667), (0.18816233, -0.08356161, 0.45564502), (0.25414875, -0.13035278, 0.41038588), (0.45024887, -0.20912626, 0.059516065), (0.4411563, -0.19766726, 0.12770583), (0.43739027, -0.22417915, 0.091833815), (0.4434974, -0.21593423, -0.08174631), (0.4511606, -0.21517412, -0.012417797), (0.438135, -0.23601472, -0.04831943), (0.48840433, -0.082531996, 0.068188496), (0.47628203, -0.14954321, 0.02814694), (0.49192932, -0.089403525, -0.0035410095), (0.48730454, -0.10755697, 0.031076925), (0.46098468, -0.1919918, 0.025145106), (0.326533, -0.1631253, -0.3417109), (0.36548868, -0.1835836, -0.2876023), (0.3387429, -0.19445157, -0.31215674), (0.43545622, -0.07238524, -0.23481539), (0.40500146, -0.12806267, -0.2637684), (0.39966682, -0.05579076, -0.2952183), (0.41486296, -0.08572655, -0.26559308), (0.39907894, -0.19947919, -0.22570792), (0.42403808, -0.21007013, -0.16143803), (0.40327096, -0.22550838, -0.19109818), (0.3913611, -0.17101058, -0.2599844), (0.47059712, 0.15734364, -0.061492573), (0.4763959, 0.10616676, -0.10851522), (0.45141137, 0.1631253, -0.14006399), (0.46782127, 0.14277177, -0.10372787), (0.4979322, -0.017018292, -0.04211777), (0.49234834, 0.04419153, -0.07510145), (0.49847344, 0.03888588, 0.0034804335), (0.4980595, 0.022131197, -0.038038682), (0.44237667, 0.05579076, -0.22625268), (0.47314945, 0.04997716, -0.1537267), (0.46091837, -0.005864104, -0.19370043), (0.46048197, 0.03345526, -0.19192992), (0.48246235, 0.06699577, -0.112878926), (0.4604406, -0.15078314, -0.12352684), (0.44456553, -0.19310695, -0.12276481), (0.4664494, -0.078326516, -0.16214165), (0.45623353, -0.052408844, -0.19774802), (0.4859279, -0.0841964, -0.082371324), (0.4940574, -0.06380714, -0.042848006), (0.4730816, -0.104910426, -0.123238005), (0.20315583, -0.16839452, -0.42470106), (0.26474166, -0.15734364, -0.393897), (0.23037723, -0.18431206, -0.40367734), (0.067073785, -0.17666985, -0.46291345), (0.13529499, -0.17479758, -0.44848755), (0.097841546, -0.19693008, -0.44904962), (0.21899652, -0.03888588, -0.44780397), (0.17943284, -0.10695676, -0.45427316), (0.15216774, -0.045878623, -0.47406766), (0.18423146, -0.06414693, -0.4603737), (0.1732558, -0.15060301, -0.44418594), (-0.21795818, -0.13599554, -0.42895156), (-0.15378496, -0.15260829, -0.4506228), (-0.18504508, -0.1659394, -0.4338461), (-0.08565104, -0.035360742, -0.4913385), (-0.12074287, -0.093681045, -0.4760725), (-0.1546936, -0.02235889, -0.47494206), (-0.12083343, -0.050654985, -0.4825281), (-0.08403061, -0.16509758, -0.46441537), (-0.014872979, -0.17304564, -0.4688646), (-0.048977427, -0.19043681, -0.4597119), (-0.11994203, -0.13763592, -0.46547854), (0.082245365, 0.19766726, -0.4518444), (0.041076835, 0.14689851, -0.47616544), (0.001450613, 0.20124052, -0.45771185), (0.04174307, 0.18263887, -0.4635737), (0.114957504, 0.02650661, -0.48588288), (0.07984189, 0.086777985, -0.48589593), (0.15658066, 0.082531996, -0.46762267), (0.11756418, 0.065541245, -0.48154232), (-0.079653226, 0.09297978, -0.48477843), (-0.0010082192, 0.0903537, -0.4917674), (-0.040914506, 0.03340028, -0.4972026), (-0.040681735, 0.072539896, -0.49303445), (0.040121093, 0.10838456, -0.48645973), (0.030453907, -0.11055034, -0.4866736), (0.02766966, -0.15409902, -0.47485563), (-0.006793022, -0.03809371, -0.49850047), (-0.04465736, -0.013400917, -0.4978214), (0.07523456, -0.041721497, -0.4925435), (0.11462587, -0.02044545, -0.48625395), (0.033115108, -0.06374384, -0.4948132), (-0.33489105, -0.15260829, -0.33846518), (-0.28689548, -0.13599554, -0.38625923), (-0.30594286, -0.1659394, -0.35897505), (-0.41311896, -0.17304564, -0.22223397), (-0.37832025, -0.16509758, -0.2821641), (-0.38972867, -0.19043681, -0.24868731), (-0.35625777, -0.02235889, -0.35011494), (-0.37239772, -0.093681045, -0.3202246), (-0.40170082, -0.035360742, -0.29561132), (-0.37813666, -0.050654985, -0.3231822), (-0.36327043, -0.13763592, -0.31478715), (-0.47059712, -0.15734364, 0.061492573), (-0.47073242, -0.16839452, -0.0073673404), (-0.4640406, -0.18431206, 0.0263702), (-0.4922078, -0.045878623, -0.07501091), (-0.48663592, -0.10695676, -0.041781984), (-0.49847344, -0.03888588, -0.0034804335), (-0.49423555, -0.06414693, -0.040204372), (-0.46178922, -0.17479758, -0.07871794), (-0.44430554, -0.17666985, -0.14622024), (-0.44560373, -0.19693008, -0.11249821), (-0.47485304, -0.15060301, -0.0428172), (-0.41040814, 0.20124052, -0.20265095), (-0.44458538, 0.14689851, -0.17539862), (-0.4411563, 0.19766726, -0.12770583), (-0.4336096, 0.18263887, -0.16919148), (-0.42688456, 0.03340028, -0.25817436), (-0.4398004, 0.0903537, -0.22002684), (-0.39850053, 0.09297978, -0.28731877), (-0.42325678, 0.072539896, -0.2561087), (-0.48840433, 0.082531996, -0.068188496), (-0.4705696, 0.086777985, -0.14503038), (-0.48620492, 0.02650661, -0.11358767), (-0.4834806, 0.065541245, -0.109319985), (-0.45337537, 0.10838456, -0.18084124), (-0.44925928, -0.11055034, -0.18959096), (-0.43743876, -0.15409902, -0.18681763), (-0.4744678, -0.041721497, -0.15211709), (-0.48638934, -0.02044545, -0.114049904), (-0.44325048, -0.03809371, -0.22820577), (-0.42577076, -0.013400917, -0.26180083), (-0.45773196, -0.06374384, -0.19083545), (-0.025032824, 0.4922277, 0.08417392), (0.010839468, 0.47913206, 0.14253066), (0.055761926, 0.48865443, 0.090041384), (0.013910167, 0.4884533, 0.105923906), (-0.07705694, 0.43051577, 0.2423188), (-0.03457073, 0.45912233, 0.19496551), (-0.112288624, 0.4515617, 0.18298446), (-0.07491776, 0.4487088, 0.2074795), (0.123945266, 0.4411139, 0.20014021), (0.046279375, 0.45554662, 0.200837), (0.07881507, 0.4236221, 0.2536385), (0.08332815, 0.44171014, 0.21897162), (0.007541524, 0.4663531, 0.18016087), (-0.22063403, 0.22513801, 0.38811532), (-0.19354632, 0.28427023, 0.36294663), (-0.25516537, 0.2728189, 0.33235595), (-0.22396238, 0.26166517, 0.362453), (-0.057360955, 0.29379162, 0.40049493), (-0.1256025, 0.2916741, 0.3861997), (-0.090031266, 0.23710826, 0.4308991), (-0.09135328, 0.27516854, 0.4073535), (-0.19099665, 0.37652132, 0.2678656), (-0.16015749, 0.33938769, 0.33040217), (-0.12397999, 0.38577923, 0.29292208), (-0.15898693, 0.3685571, 0.29814228), (-0.16034478, 0.30628994, 0.36121464), (0.22753447, 0.2514708, 0.36741054), (0.16339447, 0.26848403, 0.38886833), (0.18127106, 0.20736317, 0.41730243), (0.19145992, 0.24329251, 0.3926218), (0.11383878, 0.37526137, 0.3101929), (0.14001822, 0.32611197, 0.3522015), (0.18269348, 0.35999432, 0.29500368), (0.14607796, 0.35506517, 0.32029667), (0.047424972, 0.23102906, 0.44088143), (0.09372311, 0.2819741, 0.40212756), (0.024585811, 0.29016742, 0.40644607), (0.05546569, 0.26867524, 0.41801575), (0.13285305, 0.29332286, 0.38250723), (-0.04606733, 0.39343336, 0.30510324), (-0.08273597, 0.4049884, 0.28131682), (-0.011009084, 0.3450249, 0.36171344), (-0.0146589875, 0.31098768, 0.3912439), (0.035960257, 0.38980556, 0.31106025), (0.07654726, 0.39794388, 0.29288426), (-0.0070707384, 0.37779877, 0.32744175), (0.12276919, 0.47913206, 0.073213466), (0.08651008, 0.4922277, 0.015096269), (0.08862911, 0.4884533, 0.059651047), (0.19194841, 0.4236221, 0.18357591), (0.15917583, 0.45554662, 0.13092111), (0.15890229, 0.44171014, 0.17216916), (0.21384907, 0.4515617, -0.01899007), (0.18994504, 0.45912233, 0.055924643), (0.2512688, 0.43051577, 0.038989227), (0.2191261, 0.4487088, 0.025380434), (0.15792674, 0.4663531, 0.087028466), (0.29281396, 0.20736317, 0.3482248), (0.2753242, 0.26848403, 0.31955114), (0.26617888, 0.24329251, 0.3463489), (0.35291153, 0.29016742, 0.2031165), (0.31823888, 0.2819741, 0.26308668), (0.37356266, 0.23102906, 0.23890692), (0.34950957, 0.26867524, 0.23591667), (0.25291467, 0.32611197, 0.2822856), (0.22697212, 0.37526137, 0.24013032), (0.22165209, 0.35506517, 0.2734942), (0.28323826, 0.29332286, 0.28937483), (0.4112361, 0.2728189, -0.080341265), (0.41116554, 0.28427023, -0.011546719), (0.44576743, 0.22513801, -0.024581905), (0.4242766, 0.26166517, -0.038996324), (0.31747907, 0.38577923, 0.019529914), (0.36715287, 0.33938769, 0.0038429566), (0.32490915, 0.37652132, -0.05163082), (0.33775097, 0.3685571, -0.00948362), (0.42587453, 0.23710826, 0.111402676), (0.4017079, 0.2916741, 0.059640523), (0.3840981, 0.29379162, 0.12710279), (0.40538463, 0.27516854, 0.09972758), (0.3948209, 0.30628994, 0.017404871), (0.2624501, 0.38980556, 0.17079686), (0.22809327, 0.39794388, 0.199033), (0.32872567, 0.3450249, 0.15131836), (0.35678884, 0.31098768, 0.16120915), (0.29366744, 0.39343336, 0.09470817), (0.28871188, 0.4049884, 0.051282067), (0.29628944, 0.37779877, 0.13957317), (0.09161833, 0.48851943, -0.054358628), (0.024718726, 0.49800935, -0.03708983), (0.06783429, 0.49471986, -0.025509996), (0.21978296, 0.44000408, -0.08995469), (0.15852514, 0.4685908, -0.07274929), (0.19809328, 0.45504707, -0.06075531), (0.033178777, 0.46846655, -0.17157578), (0.09669146, 0.4743764, -0.12497114), (0.10057297, 0.4511583, -0.1906339), (0.07706773, 0.46637115, -0.16296785), (0.116073444, 0.47896564, -0.08437334), (0.41472423, 0.23449294, -0.15171312), (0.3800147, 0.2936576, -0.1391188), (0.40348178, 0.26793173, -0.12415737), (0.29272267, 0.3213278, -0.24710703), (0.3392235, 0.3105039, -0.19625172), (0.33510804, 0.26446092, -0.2603133), (0.32355008, 0.29982954, -0.23540942), (0.33573297, 0.34885612, -0.12483097), (0.28599325, 0.39526755, -0.109414), (0.31671816, 0.3748954, -0.095619366), (0.3529676, 0.31890252, -0.15399694), (0.042070102, 0.30736086, -0.39212167), (0.10702847, 0.31920028, -0.36967024), (0.10734959, 0.26325324, -0.41130742), (0.085769236, 0.2976593, -0.39248258), (0.104110844, 0.41228586, -0.2630234), (0.10616036, 0.37033668, -0.3187173), (0.03911315, 0.40326256, -0.29300082), (0.08340632, 0.3967258, -0.29266366), (0.22998232, 0.2742973, -0.3490976), (0.17148457, 0.32619882, -0.3379162), (0.23005027, 0.3271919, -0.3000372), (0.21126379, 0.31033587, -0.3302412), (0.12873162, 0.33988374, -0.3433762), (0.23063366, 0.4124287, -0.16343401), (0.24653551, 0.41769832, -0.12144276), (0.23417501, 0.37351793, -0.23589492), (0.25341222, 0.34214044, -0.26214916), (0.16789944, 0.4182986, -0.2164164), (0.12471663, 0.42909664, -0.2243253), (0.21186209, 0.4032411, -0.2061821), (-0.039563674, 0.49432114, -0.06388531), (-0.044218577, 0.49800935, 0.0056025065), (-0.019736568, 0.49859282, -0.031869557), (-0.03201968, 0.4570224, -0.20026302), (-0.03562357, 0.48022825, -0.1345801), (-0.0115054, 0.47028843, -0.1694002), (-0.1683854, 0.46846655, -0.04674866), (-0.1046081, 0.48022825, -0.09185852), (-0.16501589, 0.4570224, -0.11789951), (-0.14652713, 0.47028843, -0.0857823), (-0.060178537, 0.48676065, -0.097173095), (-0.023379063, 0.2690349, -0.4208012), (-0.024153534, 0.32500198, -0.37919694), (-0.0018016165, 0.30153227, -0.39884213), (-0.15474859, 0.3442102, -0.32798204), (-0.091648676, 0.3378363, -0.35702544), (-0.15225214, 0.29120216, -0.37685618), (-0.13335662, 0.32557723, -0.35526818), (-0.026154663, 0.3761885, -0.32832628), (-0.028481808, 0.41814995, -0.27265254), (-0.005166811, 0.40064308, -0.29909602), (-0.04752036, 0.34767875, -0.35617596), (-0.36978865, 0.30736086, -0.13706076), (-0.32870966, 0.32500198, -0.19058771), (-0.36630052, 0.2690349, -0.20843261), (-0.35625648, 0.30153227, -0.179331), (-0.23139827, 0.41814995, -0.14698794), (-0.28227654, 0.3761885, -0.16971199), (-0.27973416, 0.40326256, -0.095541164), (-0.26546034, 0.40064308, -0.13789827), (-0.26953527, 0.29120216, -0.30422366), (-0.27878603, 0.3378363, -0.24113274), (-0.22466883, 0.3442102, -0.28468096), (-0.25862843, 0.32557723, -0.27768832), (-0.29768845, 0.34767875, -0.20124881), (-0.09754741, 0.43003836, -0.23569366), (-0.0528958, 0.43695182, -0.23722385), (-0.16399525, 0.39112762, -0.2648108), (-0.1819259, 0.3613939, -0.29376423), (-0.16753662, 0.43003836, -0.19234988), (-0.1888026, 0.43695182, -0.15305783), (-0.14367706, 0.41896534, -0.23200203), (-0.08948776, 0.48851943, 0.057798963), (-0.053063508, 0.49471986, 0.04936106), (-0.21547683, 0.4511583, 0.0050932774), (-0.15496339, 0.4743764, 0.030876739), (-0.1802355, 0.46637115, -0.0036219612), (-0.13576448, 0.4685908, 0.10950198), (-0.17846301, 0.44000408, 0.15667593), (-0.14265798, 0.45504707, 0.15026928), (-0.12725495, 0.47896564, 0.066318035), (-0.41605207, 0.26325324, -0.08716887), (-0.37863374, 0.31920028, -0.06890344), (-0.38958344, 0.2976593, -0.09810038), (-0.37111217, 0.3271919, 0.07225799), (-0.37892693, 0.32619882, 0.0029493452), (-0.41500267, 0.2742973, 0.05033658), (-0.389781, 0.31033587, 0.041981146), (-0.33263183, 0.37033668, -0.046976734), (-0.2818592, 0.41228586, -0.023995165), (-0.2991687, 0.3967258, -0.05573793), (-0.36476487, 0.33988374, -0.037757684), (-0.29387355, 0.2936576, 0.27821493), (-0.32061455, 0.23449294, 0.30367646), (-0.29093605, 0.26793173, 0.30589017), (-0.22538607, 0.39526755, 0.20727922), (-0.26135126, 0.34885612, 0.24493863), (-0.22672713, 0.3748954, 0.24093206), (-0.38236192, 0.26446092, 0.18401025), (-0.32684526, 0.3105039, 0.21623947), (-0.35165286, 0.3213278, 0.15194972), (-0.35491693, 0.29982954, 0.1847599), (-0.29514125, 0.31890252, 0.24737181), (-0.26855803, 0.4182986, 0.053878296), (-0.25639677, 0.42909664, 0.011695248), (-0.31552738, 0.37351793, 0.10453148), (-0.34760302, 0.34214044, 0.11005488), (-0.24907953, 0.4124287, 0.13364862), (-0.21857291, 0.41769832, 0.16659527), (-0.278985, 0.4032411, 0.09779565), (0.15378496, 0.15260829, 0.4506228), (0.18504508, 0.1659394, 0.4338461), (0.014872979, 0.17304564, 0.4688646), (0.08403061, 0.16509758, 0.46441537), (0.048977427, 0.19043681, 0.4597119), (0.12074287, 0.093681045, 0.4760725), (0.08565104, 0.035360742, 0.4913385), (0.12083343, 0.050654985, 0.4825281), (0.11994203, 0.13763592, 0.46547854), (-0.20315583, 0.16839452, 0.42470106), (-0.23037723, 0.18431206, 0.40367734), (-0.15216774, 0.045878623, 0.47406766), (-0.17943284, 0.10695676, 0.45427316), (-0.18423146, 0.06414693, 0.4603737), (-0.13529499, 0.17479758, 0.44848755), (-0.067073785, 0.17666985, 0.46291345), (-0.097841546, 0.19693008, 0.44904962), (-0.1732558, 0.15060301, 0.44418594), (-0.041076835, -0.14689851, 0.47616544), (-0.04174307, -0.18263887, 0.4635737), (0.040914506, -0.03340028, 0.4972026), (0.0010082192, -0.0903537, 0.4917674), (0.040681735, -0.072539896, 0.49303445), (-0.07984189, -0.086777985, 0.48589593), (-0.114957504, -0.02650661, 0.48588288), (-0.11756418, -0.065541245, 0.48154232), (-0.040121093, -0.10838456, 0.48645973), (-0.030453907, 0.11055034, 0.4866736), (-0.02766966, 0.15409902, 0.47485563), (-0.07523456, 0.041721497, 0.4925435), (-0.11462587, 0.02044545, 0.48625395), (0.006793022, 0.03809371, 0.49850047), (0.04465736, 0.013400917, 0.4978214), (-0.033115108, 0.06374384, 0.4948132), (0.47073242, 0.16839452, 0.0073673404), (0.4640406, 0.18431206, -0.0263702), (0.44430554, 0.17666985, 0.14622024), (0.46178922, 0.17479758, 0.07871794), (0.44560373, 0.19693008, 0.11249821), (0.48663592, 0.10695676, 0.041781984), (0.4922078, 0.045878623, 0.07501091), (0.49423555, 0.06414693, 0.040204372), (0.47485304, 0.15060301, 0.0428172), (0.33489105, 0.15260829, 0.33846518), (0.30594286, 0.1659394, 0.35897505), (0.40170082, 0.035360742, 0.29561132), (0.37239772, 0.093681045, 0.3202246), (0.37813666, 0.050654985, 0.3231822), (0.37832025, 0.16509758, 0.2821641), (0.41311896, 0.17304564, 0.22223397), (0.38972867, 0.19043681, 0.24868731), (0.36327043, 0.13763592, 0.31478715), (0.44458538, -0.14689851, 0.17539862), (0.4336096, -0.18263887, 0.16919148), (0.48620492, -0.02650661, 0.11358767), (0.4705696, -0.086777985, 0.14503038), (0.4834806, -0.065541245, 0.109319985), (0.4398004, -0.0903537, 0.22002684), (0.42688456, -0.03340028, 0.25817436), (0.42325678, -0.072539896, 0.2561087), (0.45337537, -0.10838456, 0.18084124), (0.44925928, 0.11055034, 0.18959096), (0.43743876, 0.15409902, 0.18681763), (0.44325048, 0.03809371, 0.22820577), (0.42577076, 0.013400917, 0.26180083), (0.4744678, 0.041721497, 0.15211709), (0.48638934, 0.02044545, 0.114049904), (0.45773196, 0.06374384, 0.19083545), (0.14734305, 0.20912626, -0.4296001), (0.11268133, 0.22417915, -0.43248886), (0.2707984, 0.21593423, -0.3606115), (0.21214736, 0.21517412, -0.39836365), (0.2384839, 0.23601472, -0.37070537), (0.18702593, 0.14954321, -0.4389284), (0.22236644, 0.089403525, -0.4388168), (0.18931437, 0.10755697, -0.45010173), (0.18289702, 0.1919918, -0.423896), (0.42032927, 0.1835836, -0.19904864), (0.43039387, 0.19445157, -0.16416366), (0.40424883, 0.07238524, -0.2852074), (0.41659856, 0.12806267, -0.24504206), (0.4226262, 0.08572655, -0.25305742), (0.3798863, 0.19947919, -0.25669917), (0.3334708, 0.21007013, -0.3076813), (0.35077018, 0.22550838, -0.2758736), (0.40713298, 0.17101058, -0.23451675), (0.30942205, -0.10616676, -0.3781357), (0.3013155, -0.14277177, -0.37259254), (0.25957668, 0.017018292, -0.42700157), (0.2866169, -0.04419153, -0.40730563), (0.25598162, -0.022131197, -0.4289331), (0.34845057, -0.04997716, -0.35508376), (0.37878665, 0.005864104, -0.32632235), (0.3770072, -0.03345526, -0.32672057), (0.31603172, -0.06699577, -0.38162223), (0.3157516, 0.15078314, -0.35716295), (0.3079957, 0.19310695, -0.34329048), (0.35299852, 0.078326516, -0.34533605), (0.38032272, 0.052408844, -0.32032475), (0.2902643, 0.0841964, -0.39831847), (0.25850385, 0.06380714, -0.42320728), (0.32112566, 0.104910426, -0.36860836), (-0.36947, 0.21851364, -0.25640535), (-0.38346615, 0.23044571, -0.22326772), (-0.2658675, 0.23657675, -0.35120636), (-0.31989843, 0.23042819, -0.30751884), (-0.2861495, 0.25367707, -0.32212794), (-0.36403626, 0.16258737, -0.30173323), (-0.35096145, 0.10578551, -0.3400522), (-0.37253943, 0.12089391, -0.31080386), (-0.35245275, 0.20460439, -0.28967932), (-0.06491389, 0.21851364, -0.4450146), (-0.029011285, 0.23044571, -0.44277886), (-0.14804499, 0.10578551, -0.46571678), (-0.10791438, 0.16258737, -0.4603475), (-0.112245895, 0.12089391, -0.4720016), (-0.13276108, 0.23042819, -0.42341155), (-0.19594724, 0.23657675, -0.39450744), (-0.1608777, 0.25367707, -0.39970776), (-0.10228468, 0.20460439, -0.44460645), (-0.2597757, -0.08099316, -0.41947192), (-0.25579944, -0.11813255, -0.41305128), (-0.32577774, 0.037024494, -0.37748915), (-0.29663357, -0.021447372, -0.40193102), (-0.3274193, -0.00230097, -0.37787735), (-0.22764903, -0.021447372, -0.4446526), (-0.19278152, 0.037024494, -0.45985267), (-0.1923976, -0.00230097, -0.46149525), (-0.2623478, -0.04141609, -0.42362523), (-0.24647385, 0.17564839, -0.39799282), (-0.23711292, 0.21721517, -0.38287732), (-0.2212653, 0.10681955, -0.4354667), (-0.18816233, 0.08356161, -0.45564502), (-0.29125452, 0.10681955, -0.39212292), (-0.32406914, 0.08356161, -0.371479), (-0.25414875, 0.13035278, -0.41038588), (-0.36548868, 0.1835836, 0.2876023), (-0.3387429, 0.19445157, 0.31215674), (-0.42403808, 0.21007013, 0.16143803), (-0.39907894, 0.19947919, 0.22570792), (-0.40327096, 0.22550838, 0.19109818), (-0.40500146, 0.12806267, 0.2637684), (-0.43545622, 0.07238524, 0.23481539), (-0.41486296, 0.08572655, 0.26559308), (-0.3913611, 0.17101058, 0.2599844), (-0.45024887, 0.20912626, -0.059516065), (-0.43739027, 0.22417915, -0.091833815), (-0.49192932, 0.089403525, 0.0035410095), (-0.47628203, 0.14954321, -0.02814694), (-0.48730454, 0.10755697, -0.031076925), (-0.4511606, 0.21517412, 0.012417797), (-0.4434974, 0.21593423, 0.08174631), (-0.438135, 0.23601472, 0.04831943), (-0.46098468, 0.1919918, -0.025145106), (-0.4763959, -0.10616676, 0.10851522), (-0.46782127, -0.14277177, 0.10372787), (-0.46091837, 0.005864104, 0.19370043), (-0.47314945, -0.04997716, 0.1537267), (-0.46048197, -0.03345526, 0.19192992), (-0.49234834, -0.04419153, 0.07510145), (-0.4979322, 0.017018292, 0.04211777), (-0.4980595, -0.022131197, 0.038038682), (-0.48246235, -0.06699577, 0.112878926), (-0.4604406, 0.15078314, 0.12352684), (-0.44456553, 0.19310695, 0.12276481), (-0.4859279, 0.0841964, 0.082371324), (-0.4940574, 0.06380714, 0.042848006), (-0.4664494, 0.078326516, 0.16214165), (-0.45623353, 0.052408844, 0.19774802), (-0.4730816, 0.104910426, 0.123238005)]
        vector3f[] primvars:D0 = [(-0.039473135, -0.99718565, -0.06373911), (-0.88596535, -0.42523322, 0.18504639), (0.88596535, 0.42523322, -0.18504639), (0.039473135, 0.99718565, 0.06373911), (0.4872479, 0.37889796, 0.7867819), (-0.08470451, -0.5002052, 0.86175394), (0.08470451, 0.5002052, -0.86175394), (-0.4872479, -0.37889796, -0.7867819), (-0.80921936, 0.5002053, -0.30815393), (-0.5604338, 0.42523322, 0.7106973), (0.5604338, -0.42523322, -0.7106973), (0.80921936, -0.5002053, 0.30815393), (0.45244545, -0.8801443, 0.1436634), (0.42585912, -0.5880265, 0.68765455), (-0.07298979, -0.8801443, 0.46906134), (-0.57054543, -0.5439591, 0.6152938), (-0.5439591, -0.83607686, 0.07130262), (-0.8071545, -0.47265646, -0.35369128), (-0.30959886, -0.80884165, -0.49992374), (0.043017592, -0.47265646, -0.8801962), (0.306213, -0.83607686, -0.4552023), (0.80506194, -0.54395914, -0.23660909), (-0.37920278, -0.044067446, 0.92426366), (-0.8501721, -2.9112567e-16, 0.52650493), (0.76204437, -0.07130263, 0.6435872), (0.23660907, -0.07130262, 0.9689851), (0.8501721, 2.9112567e-16, -0.52650493), (0.9964045, -0.044067446, 0.072360784), (-0.23660907, 0.07130262, -0.9689851), (0.37920278, 0.044067446, -0.92426366), (-0.9964045, 0.044067446, -0.072360784), (-0.76204437, 0.07130263, -0.6435872), (-0.306213, 0.83607686, 0.4552023), (-0.043017592, 0.47265646, 0.8801962), (0.30959886, 0.80884165, 0.49992374), (0.8071545, 0.47265646, 0.35369128), (0.5439591, 0.83607686, -0.07130262), (0.57054543, 0.5439591, -0.6152938), (0.07298979, 0.8801443, -0.46906134), (-0.42585912, 0.5880265, -0.68765455), (-0.45244545, 0.8801443, -0.1436634), (-0.80506194, 0.54395914, 0.23660909), (0.21465634, -0.97580576, 0.041543357), (0.19949165, -0.92543846, 0.32212847), (-0.058456413, -0.97580576, 0.21067996), (0.6419738, -0.5656453, 0.5176051), (0.46175206, -0.7718631, 0.43704975), (0.65579295, -0.71748334, 0.23484734), (-0.081966944, -0.71748334, 0.6917363), (0.18551439, -0.77186304, 0.6081216), (0.17732665, -0.5656453, 0.8053575), (-0.32434922, -0.90227085, 0.28408617), (-0.30325866, -0.95290023, 0.0039313906), (-0.3405883, -0.54273975, 0.76774555), (-0.33832648, -0.74869543, 0.57007927), (-0.7432516, -0.6556086, 0.13324608), (-0.5859297, -0.7255278, 0.3609651), (-0.7570707, -0.5037705, 0.41600388), (-0.44874197, -0.86478484, -0.22533944), (-0.18144198, -0.93874377, -0.29298282), (-0.8800563, -0.46670857, -0.0876589), (-0.71032244, -0.6880418, -0.1484605), (-0.41418806, -0.61736786, -0.6688088), (-0.587112, -0.67372346, -0.44877198), (-0.6728094, -0.4426242, -0.59279954), (-0.0017800536, -0.86478484, -0.50213945), (0.13864706, -0.9529002, -0.26973736), (-0.23090374, -0.44262424, -0.8664683), (-0.14015007, -0.6737234, -0.725572), (0.450469, -0.65560853, -0.60601574), (0.1836014, -0.6880418, -0.7020605), (0.3136643, -0.46670854, -0.8269207), (0.39885035, -0.90227085, -0.1637857), (0.7097626, -0.5037705, -0.49239454), (0.5842318, -0.7255278, -0.36370677), (0.66111076, -0.74869543, -0.048864428), (0.8390773, -0.54273975, 0.037187845), (-0.7469154, -0.2859762, 0.6002791), (-0.9024161, -0.22102936, 0.36985287), (-0.24113151, -0.28290415, 0.92834306), (-0.4993122, -0.30914387, 0.8093933), (-0.73321015, 0.22102936, 0.64307773), (-0.64632064, -0.023167627, 0.7627142), (-0.4884079, 0.1981238, 0.8498263), (0.34828013, -0.34662986, 0.870947), (0.07895754, -0.29706058, 0.9515886), (0.81671745, -0.29706055, 0.4946996), (0.6245178, -0.34662986, 0.6998752), (0.37624916, 0.15988308, 0.9126193), (0.52502316, -0.07497202, 0.8477794), (0.6493619, 0.15988308, 0.7434827), (0.94708693, -0.30914384, -0.08635043), (0.9385341, -0.28290415, 0.19778538), (0.73321015, -0.22102936, -0.64307773), (0.870208, -0.2859762, -0.40119278), (0.9784254, 0.1981238, -0.058572154), (0.9708028, -0.023167627, -0.23875771), (0.9024161, 0.22102936, -0.36985287), (0.2219744, -0.22532259, -0.94866073), (0.4884079, -0.1981238, -0.8498263), (-0.37624916, -0.15988308, -0.9126193), (-0.10177706, -0.2110042, -0.97217214), (0.24113151, 0.28290415, -0.92834306), (0.07496596, 0.060653638, -0.9953398), (-0.07895754, 0.29706058, -0.9515886), (-0.8249766, -0.2110042, -0.5243003), (-0.6493619, -0.15988308, -0.7434827), (-0.9784254, -0.1981238, 0.058572154), (-0.9481871, -0.22532257, -0.22398882), (-0.81671745, 0.29706055, -0.4946996), (-0.92447126, 0.060653634, -0.3763961), (-0.9385341, 0.28290415, -0.19778538), (-0.13864706, 0.9529002, 0.26973736), (0.0017800536, 0.86478484, 0.50213945), (0.18144198, 0.93874377, 0.29298282), (-0.3136643, 0.46670854, 0.8269207), (-0.1836014, 0.6880418, 0.7020605), (-0.450469, 0.65560853, 0.60601574), (0.41418806, 0.61736786, 0.6688088), (0.14015007, 0.6737234, 0.725572), (0.23090374, 0.44262424, 0.8664683), (0.44874197, 0.86478484, 0.22533944), (0.30325866, 0.95290023, -0.0039313906), (0.6728094, 0.4426242, 0.59279954), (0.587112, 0.67372346, 0.44877198), (0.7432516, 0.6556086, -0.13324608), (0.71032244, 0.6880418, 0.1484605), (0.8800563, 0.46670857, 0.0876589), (0.32434922, 0.90227085, -0.28408617), (0.058456413, 0.97580576, -0.21067996), (0.7570707, 0.5037705, -0.41600388), (0.5859297, 0.7255278, -0.3609651), (0.081966944, 0.71748334, -0.6917363), (0.33832648, 0.74869543, -0.57007927), (0.3405883, 0.54273975, -0.76774555), (-0.19949165, 0.92543846, -0.32212847), (-0.21465634, 0.97580576, -0.041543357), (-0.17732665, 0.5656453, -0.8053575), (-0.18551439, 0.77186304, -0.6081216), (-0.65579295, 0.71748334, -0.23484734), (-0.46175206, 0.7718631, -0.43704975), (-0.6419738, 0.5656453, -0.5176051), (-0.39885035, 0.90227085, 0.1637857), (-0.8390773, 0.54273975, -0.037187845), (-0.66111076, 0.74869543, 0.048864428), (-0.5842318, 0.7255278, 0.36370677), (-0.7097626, 0.5037705, 0.49239454), (0.10177706, 0.2110042, 0.97217214), (-0.2219744, 0.22532259, 0.94866073), (-0.07496596, -0.060653638, 0.9953398), (0.9481871, 0.22532257, 0.22398882), (0.8249766, 0.2110042, 0.5243003), (0.92447126, -0.060653634, 0.3763961), (0.4993122, 0.30914387, -0.8093933), (0.7469154, 0.2859762, -0.6002791), (0.64632064, 0.023167627, -0.7627142), (-0.6245178, 0.34662986, -0.6998752), (-0.34828013, 0.34662986, -0.870947), (-0.52502316, 0.07497202, -0.8477794), (-0.870208, 0.2859762, 0.40119278), (-0.94708693, 0.30914384, 0.08635043), (-0.9708028, 0.023167627, 0.23875771), (0.08843716, -0.99601877, -0.011205014), (0.07912735, -0.9886423, 0.12777062), (-0.049437452, -0.9960187, 0.07417966), (0.039473135, -0.99718565, 0.06373911), (0.33003178, -0.9140448, 0.23579901), (0.2092162, -0.9604565, 0.18371704), (0.33677083, -0.93693316, 0.09349733), (0.29305425, -0.94057685, 0.1715646), (-0.06635755, -0.9369331, 0.34315157), (0.07124714, -0.9604565, 0.2691602), (0.06403936, -0.9140448, 0.40052605), (0.0230108, -0.94057685, 0.3388004), (0.120357074, -0.9735213, 0.19434619), (0.73260105, -0.5380698, 0.41686523), (0.6574193, -0.65000397, 0.38117543), (0.7395773, -0.6147217, 0.27412152), (0.71251297, -0.60306454, 0.358662), (0.44933766, -0.6884204, 0.5693619), (0.55757207, -0.6756726, 0.48226547), (0.53907055, -0.5824043, 0.6084473), (0.51725686, -0.65115446, 0.55537665), (0.5594683, -0.8065251, 0.19108233), (0.56455314, -0.75237703, 0.339424), (0.46279654, -0.8362999, 0.2939759), (0.5309207, -0.80128616, 0.27579653), (0.5953769, -0.6953575, 0.40249762), (-0.084140204, -0.6147217, 0.78424335), (0.04830707, -0.65000397, 0.7583939), (0.046758126, -0.5380698, 0.8416024), (0.003603233, -0.60306454, 0.79768425), (0.056963615, -0.8362999, 0.5453051), (0.052309327, -0.752377, 0.65665257), (-0.0782263, -0.8065251, 0.58600163), (0.010333622, -0.80128616, 0.59819204), (0.30450428, -0.5824043, 0.75371236), (0.18329735, -0.6756726, 0.7140509), (0.30949718, -0.6884204, 0.6559641), (0.26671323, -0.65115446, 0.71053636), (0.09504072, -0.6953575, 0.7123519), (0.33507326, -0.8600768, 0.3846998), (0.3776052, -0.87390363, 0.30611566), (0.3279905, -0.78225523, 0.5296216), (0.3638518, -0.7227878, 0.58752847), (0.19509484, -0.8600768, 0.47138736), (0.1057916, -0.87390363, 0.4744477), (0.2873541, -0.8379307, 0.46400407), (-0.18323666, -0.97703886, 0.108717255), (-0.17302015, -0.9844554, -0.030192537), (-0.13566858, -0.9894397, 0.051019993), (-0.20114595, -0.9023166, 0.3812678), (-0.19338292, -0.9487528, 0.24994227), (-0.15413547, -0.9327423, 0.3259357), (-0.42769814, -0.9031234, 0.03798014), (-0.31705028, -0.9371816, 0.14549857), (-0.43956596, -0.8800082, 0.1799094), (-0.3961866, -0.9100942, 0.121510625), (-0.23214689, -0.9579313, 0.16874668), (-0.21469918, -0.5265065, 0.82261485), (-0.21405694, -0.63840055, 0.7393405), (-0.17153847, -0.5953186, 0.78496516), (-0.46010056, -0.65438384, 0.60007447), (-0.34296918, -0.6523977, 0.67583245), (-0.45996463, -0.5485946, 0.6981952), (-0.42252758, -0.62067175, 0.6604824), (-0.21232072, -0.74067336, 0.6374346), (-0.20822169, -0.8245717, 0.5260468), (-0.16681264, -0.7934516, 0.5853273), (-0.25746325, -0.6797675, 0.6867524), (-0.8224722, -0.5456378, 0.16068253), (-0.7600294, -0.5873152, 0.2782376), (-0.82944846, -0.4689859, 0.30342624), (-0.80696356, -0.53586346, 0.24831474), (-0.5719865, -0.7905351, 0.218828), (-0.671466, -0.6977123, 0.24966195), (-0.6498183, -0.75304264, 0.10326164), (-0.6334363, -0.7497908, 0.19123873), (-0.67021614, -0.5289219, 0.52062666), (-0.678447, -0.6210078, 0.39250344), (-0.58544534, -0.6426556, 0.49421406), (-0.64710015, -0.5996591, 0.47081885), (-0.7059352, -0.63780504, 0.3079939), (-0.3357989, -0.8365972, 0.4328328), (-0.24943326, -0.8581933, 0.4486506), (-0.46835002, -0.74703586, 0.47178984), (-0.50682443, -0.6842809, 0.5242983), (-0.46126732, -0.8248574, 0.32686803), (-0.49307105, -0.8353967, 0.24288553), (-0.4237242, -0.80648226, 0.41236424), (-0.24553838, -0.9582641, -0.14642693), (-0.11152385, -0.97730887, -0.18008277), (-0.17725824, -0.97690666, -0.1193021), (-0.5025376, -0.86103153, -0.077978455), (-0.37989008, -0.91824466, -0.111849286), (-0.4382522, -0.8974176, -0.05076087), (-0.24789053, -0.8822278, -0.40028042), (-0.31835166, -0.91109324, -0.26184222), (-0.38389683, -0.8472442, -0.36715183), (-0.31780457, -0.8834203, -0.34433833), (-0.31585348, -0.9327062, -0.17405693), (-0.89153486, -0.45027602, 0.04916381), (-0.82233113, -0.5685405, 0.02309344), (-0.8485532, -0.52333033, 0.07799265), (-0.7681962, -0.58758324, -0.25420558), (-0.8034158, -0.5833482, -0.119281046), (-0.8517491, -0.47421655, -0.22280537), (-0.81076926, -0.5503371, -0.19945516), (-0.7343058, -0.6787754, -0.0076859137), (-0.63495815, -0.77155846, -0.03905983), (-0.67550194, -0.7371142, 0.01896724), (-0.78964186, -0.61257994, -0.034809746), (-0.45506895, -0.5029416, -0.7348211), (-0.5506484, -0.53696805, -0.6391023), (-0.5856279, -0.41472635, -0.6964496), (-0.53235775, -0.48658502, -0.6926978), (-0.45394424, -0.75052273, -0.48026064), (-0.50582933, -0.65222394, -0.5645712), (-0.365387, -0.7199887, -0.5900074), (-0.44330418, -0.71013033, -0.5469884), (-0.7471253, -0.46205813, -0.47781384), (-0.6364778, -0.5639483, -0.5261734), (-0.70582306, -0.58033484, -0.406233), (-0.69901913, -0.5373505, -0.47183335), (-0.5664765, -0.5866457, -0.57874966), (-0.5873349, -0.7868667, -0.18941633), (-0.57742375, -0.8099768, -0.10256413), (-0.65745133, -0.6900498, -0.3026367), (-0.7135777, -0.62197536, -0.3224183), (-0.5249002, -0.7796111, -0.3415937), (-0.45618653, -0.79588777, -0.398066), (-0.5925789, -0.75559753, -0.27914634), (-0.021678936, -0.9582641, -0.28506133), (0.050065648, -0.9844554, -0.16834784), (-0.027820336, -0.97690666, -0.21184783), (-0.15763015, -0.8472442, -0.507277), (-0.09255875, -0.91109324, -0.401674), (-0.1666563, -0.8834203, -0.43794325), (0.22457725, -0.9031234, -0.3659689), (0.06914146, -0.91824466, -0.38993102), (0.15411387, -0.86103153, -0.4846376), (0.14983553, -0.8974176, -0.414959), (-0.015083048, -0.9327062, -0.36032173), (-0.36254212, -0.41472635, -0.83460486), (-0.32678893, -0.53696805, -0.77773666), (-0.38291985, -0.48658502, -0.7852436), (-0.049171623, -0.58033484, -0.81289214), (-0.18744622, -0.5639482, -0.8042551), (-0.094849944, -0.46205813, -0.88176286), (-0.11093138, -0.5373505, -0.8360315), (-0.28003645, -0.65222394, -0.704403), (-0.22767755, -0.75052273, -0.6203858), (-0.29215592, -0.71013033, -0.64059335), (-0.2657061, -0.5866457, -0.76501447), (0.5103308, -0.54563785, -0.66471195), (0.38709265, -0.56854045, -0.72589326), (0.44126806, -0.45027602, -0.77623063), (0.44792476, -0.52333033, -0.724906), (0.24795999, -0.77155846, -0.58584416), (0.32031497, -0.67877537, -0.66080433), (0.3819933, -0.75304264, -0.5357312), (0.31797385, -0.7371142, -0.59628457), (0.18006253, -0.47421652, -0.8617982), (0.251205, -0.5833482, -0.7723994), (0.11472192, -0.5875833, -0.8009899), (0.18270656, -0.5503371, -0.814707), (0.32068956, -0.6125799, -0.7224293), (-0.071920514, -0.7796111, -0.6221205), (-0.15309452, -0.79588777, -0.5857685), (0.022018168, -0.6900498, -0.7234269), (0.029317975, -0.62197536, -0.7824878), (0.09213467, -0.7868668, -0.61020654), (0.16547194, -0.8099768, -0.56263363), (0.014141477, -0.75559753, -0.6548835), (0.17897552, -0.97703886, -0.115597926), (0.106127016, -0.9894397, -0.09872212), (0.35692605, -0.8800082, -0.3133519), (0.27152896, -0.9371816, -0.21900396), (0.28531596, -0.91009414, -0.30053857), (0.30992678, -0.9487528, -0.061753478), (0.43095365, -0.9023166, -0.010186555), (0.360471, -0.9327423, 0.0072439224), (0.25450993, -0.95793134, -0.13263609), (0.6412291, -0.4689859, -0.6073529), (0.5877471, -0.5873152, -0.55642986), (0.5818721, -0.53586346, -0.61178035), (0.7033057, -0.6426556, -0.30389944), (0.6536905, -0.6210078, -0.43247893), (0.7647239, -0.5289219, -0.36802053), (0.70983386, -0.5996591, -0.3695198), (0.5227025, -0.69771224, -0.48987725), (0.45077214, -0.7905351, -0.41455844), (0.45345426, -0.7497908, -0.48186412), (0.59028256, -0.6378051, -0.49474365), (0.7572675, -0.63840055, 0.13780688), (0.83210415, -0.5265065, 0.17433774), (0.7791669, -0.5953186, 0.19620076), (0.5637184, -0.8245717, 0.04799033), (0.66526365, -0.74067336, 0.09395347), (0.5983374, -0.7934516, 0.11147586), (0.83000535, -0.5485946, -0.10067316), (0.75785387, -0.65239763, -0.0058986903), (0.7422244, -0.65438384, -0.14451599), (0.779562, -0.62067175, -0.08396229), (0.72952974, -0.6797675, 0.07551537), (0.49815905, -0.8248574, -0.26729724), (0.43714586, -0.8353967, -0.33319056), (0.6310548, -0.7470359, -0.20906298), (0.69520605, -0.6842809, -0.22010976), (0.53711605, -0.8365972, -0.10775659), (0.51279354, -0.8581933, -0.023390496), (0.55797005, -0.80648226, -0.19559132), (-0.84065855, -0.3671672, 0.39809728), (-0.90282273, -0.3262506, 0.28012797), (-0.86078775, -0.38890314, 0.32832733), (-0.6669416, -0.42014027, 0.6153626), (-0.7597726, -0.39895838, 0.51339835), (-0.70154035, -0.45101675, 0.5517472), (-0.88475335, -0.11158152, 0.45250535), (-0.8331971, -0.25612533, 0.4900841), (-0.80849767, -0.14477047, 0.5704148), (-0.8452524, -0.1714531, 0.50611484), (-0.81426597, -0.34202117, 0.4690335), (-0.16449073, -0.3953345, 0.9036888), (-0.2946861, -0.41825253, 0.8592002), (-0.22536267, -0.44835833, 0.8649778), (-0.4447329, -0.17880706, 0.87763363), (-0.37405187, -0.29908642, 0.8778568), (-0.3131613, -0.16506399, 0.93524534), (-0.37862873, -0.21511394, 0.90020347), (-0.4242947, -0.43034825, 0.7967273), (-0.5415968, -0.43186846, 0.721223), (-0.4769678, -0.47202945, 0.74141073), (-0.36579403, -0.3839836, 0.847792), (-0.65306604, 0.32625064, 0.68342185), (-0.6188441, 0.21233352, 0.7562714), (-0.5294833, 0.31468728, 0.787794), (-0.602631, 0.28554353, 0.7451851), (-0.7575733, -0.011728208, 0.6526447), (-0.69690114, 0.09995432, 0.7101675), (-0.79933363, 0.11158152, 0.5904366), (-0.7540144, 0.06691052, 0.65344113), (-0.43799308, 0.07777177, 0.895608), (-0.5732338, 0.08838306, 0.81461126), (-0.51915336, -0.034036584, 0.85400313), (-0.5119633, 0.044262398, 0.8578663), (-0.63206345, 0.13399154, 0.76324445), (-0.6315032, -0.30156627, 0.7143259), (-0.6159914, -0.3862139, 0.68658096), (-0.5805286, -0.1683928, 0.79663694), (-0.5170077, -0.12761427, 0.84641457), (-0.7059971, -0.15665305, 0.69067216), (-0.76064545, -0.10481769, 0.6406495), (-0.6422513, -0.20982085, 0.7372167), (0.12982778, -0.43702728, 0.8900292), (-0.0029012263, -0.40248108, 0.91542375), (0.05802257, -0.46089143, 0.8855577), (0.3918945, -0.4731535, 0.7890149), (0.26552215, -0.46085638, 0.8468231), (0.3217554, -0.50735414, 0.7994155), (0.15930645, -0.18595956, 0.96955687), (0.21582876, -0.32517475, 0.920695), (0.29608998, -0.21157102, 0.93143356), (0.22449179, -0.24178782, 0.9440032), (0.20456935, -0.40920877, 0.8892129), (0.8208163, -0.40248105, 0.4053019), (0.73894, -0.43702728, 0.5128107), (0.7669323, -0.46089143, 0.44653544), (0.7019229, -0.21157102, 0.6801044), (0.7280725, -0.32517475, 0.60346645), (0.7970011, -0.18595958, 0.5746376), (0.74507886, -0.24178782, 0.6216077), (0.63979685, -0.46085638, 0.6150377), (0.531735, -0.4731535, 0.7024127), (0.572299, -0.50735414, 0.6442559), (0.7049055, -0.40920877, 0.57935864), (0.43591636, 0.27199107, 0.8579031), (0.5195514, 0.16198632, 0.83894384), (0.57379097, 0.27199107, 0.77251846), (0.5115989, 0.2362651, 0.82610255), (0.38556305, -0.07404899, 0.91970533), (0.45529807, 0.042894743, 0.8893052), (0.3093872, 0.04471778, 0.9498841), (0.3847952, 0.00460194, 0.9229905), (0.7125156, 0.044717785, 0.70022994), (0.59326714, 0.042894743, 0.80386204), (0.6515555, -0.07404899, 0.7549783), (0.6548386, 0.00460194, 0.7557547), (0.5246956, 0.08283218, 0.84725046), (0.4929477, -0.35129678, 0.79598564), (0.47422585, -0.43443033, 0.76575464), (0.58250904, -0.2136391, 0.78424585), (0.6481383, -0.16712321, 0.742958), (0.4425306, -0.2136391, 0.8709334), (0.37632465, -0.16712321, 0.91129005), (0.5082975, -0.26070556, 0.82077175), (0.9004978, -0.41825256, 0.11903214), (0.8823126, -0.3953345, 0.25541165), (0.8747806, -0.44835833, 0.18366764), (0.88699484, -0.4318685, -0.16349263), (0.9023212, -0.43034825, -0.024835594), (0.87627, -0.47202945, -0.09663886), (0.9768087, -0.165064, 0.136377), (0.95256406, -0.29908642, 0.05629388), (0.9838587, -0.17880706, -0.0070820195), (0.97460914, -0.21511395, 0.062153853), (0.92196935, -0.3839836, 0.050290212), (0.65306604, -0.32625064, -0.68342185), (0.73097736, -0.3671672, -0.5752046), (0.6774858, -0.38890314, -0.6243135), (0.87091243, -0.14477047, -0.46963078), (0.8100029, -0.25612533, -0.5275368), (0.79933363, -0.11158152, -0.5904366), (0.8297259, -0.1714531, -0.53118616), (0.7981579, -0.39895838, -0.45141584), (0.8480762, -0.4201403, -0.3228761), (0.8065419, -0.45101675, -0.38219637), (0.7827222, -0.34202117, -0.5199688), (0.94119424, 0.31468728, -0.12298515), (0.9527918, 0.21233352, -0.21703044), (0.90282273, 0.3262506, -0.28012797), (0.9356426, 0.28554356, -0.20745575), (0.9958644, -0.034036584, -0.08423554), (0.9846967, 0.08838306, -0.1502029), (0.99694693, 0.07777177, 0.0069608674), (0.996119, 0.044262394, -0.076077364), (0.88475335, 0.11158152, -0.45250535), (0.9462989, 0.09995432, -0.3074534), (0.9218368, -0.0117282085, -0.3874009), (0.92096394, 0.06691052, -0.38385984), (0.9649247, 0.13399154, -0.22575785), (0.9208813, -0.3015663, -0.2470537), (0.88913107, -0.3862139, -0.24552962), (0.9328988, -0.15665303, -0.3242833), (0.91246706, -0.10481769, -0.39549604), (0.9718558, -0.1683928, -0.16474265), (0.9881148, -0.12761427, -0.08569601), (0.94616324, -0.20982087, -0.24647602), (0.40631166, -0.33678904, -0.8494021), (0.5294833, -0.31468728, -0.787794), (0.46075445, -0.36862412, -0.8073547), (0.13414758, -0.35333973, -0.92582697), (0.27058998, -0.34959516, -0.8969751), (0.19568309, -0.39386016, -0.89809924), (0.43799308, -0.07777177, -0.895608), (0.35886568, -0.21391352, -0.9085463), (0.30433547, -0.091757245, -0.9481353), (0.36846292, -0.12829386, -0.9207474), (0.34651163, -0.30120605, -0.88837194), (-0.43591636, -0.27199107, -0.8579031), (-0.30756992, -0.30521658, -0.9012456), (-0.3700902, -0.33187884, -0.86769223), (-0.17130208, -0.070721485, -0.982677), (-0.24148574, -0.18736209, -0.952145), (-0.3093872, -0.04471778, -0.9498841), (-0.24166685, -0.10130997, -0.9650562), (-0.16806123, -0.33019516, -0.92883074), (-0.029745959, -0.34609127, -0.9377292), (-0.097954854, -0.38087362, -0.9194238), (-0.23988406, -0.27527183, -0.9309571), (0.16449073, 0.3953345, -0.9036888), (0.08215367, 0.29379702, -0.9523309), (0.0029012263, 0.40248108, -0.91542375), (0.08348614, 0.36527774, -0.9271474), (0.22991501, 0.05301322, -0.97176576), (0.15968378, 0.17355597, -0.97179186), (0.3131613, 0.16506399, -0.93524534), (0.23512836, 0.13108249, -0.96308464), (-0.15930645, 0.18595956, -0.96955687), (-0.0020164386, 0.18070741, -0.9835349), (-0.08182901, 0.06680056, -0.9944052), (-0.08136347, 0.14507979, -0.9860689), (0.080242194, 0.21676913, -0.9729195), (0.060907815, -0.22110067, -0.9733472), (0.055339325, -0.30819806, -0.9497113), (-0.013586045, -0.076187424, -0.997001), (-0.08931472, -0.026801834, -0.9956428), (0.15046912, -0.08344299, -0.985087), (0.22925174, -0.0408909, -0.9725079), (0.06623022, -0.12748769, -0.98962647), (-0.66978216, -0.3052166, -0.6769304), (-0.57379097, -0.27199107, -0.77251846), (-0.6118857, -0.3318788, -0.7179501), (-0.8262379, -0.34609127, -0.44446793), (-0.7566405, -0.33019516, -0.5643282), (-0.7794574, -0.38087365, -0.49737465), (-0.7125156, -0.044717785, -0.70022994), (-0.74479544, -0.18736209, -0.6404492), (-0.80340165, -0.070721485, -0.59122264), (-0.7562733, -0.10130997, -0.6463644), (-0.72654086, -0.27527183, -0.6295743), (-0.94119424, -0.31468728, 0.12298515), (-0.94146484, -0.33678904, -0.014734681), (-0.9280812, -0.36862412, 0.0527404), (-0.9844156, -0.091757245, -0.15002182), (-0.97327185, -0.21391352, -0.08356397), (-0.99694693, -0.07777177, -0.0069608674), (-0.98847115, -0.12829387, -0.08040875), (-0.9235785, -0.3495952, -0.1574359), (-0.8886111, -0.3533397, -0.29244047), (-0.89120746, -0.39386016, -0.22499642), (-0.9497061, -0.30120602, -0.0856344), (-0.8208163, 0.40248105, -0.4053019), (-0.88917077, 0.29379702, -0.35079724), (-0.8823126, 0.3953345, -0.25541165), (-0.8672192, 0.36527774, -0.33838296), (-0.8537691, 0.06680056, -0.5163487), (-0.8796008, 0.1807074, -0.44005367), (-0.7970011, 0.18595958, -0.5746376), (-0.84651357, 0.14507979, -0.5122174), (-0.9768087, 0.165064, -0.136377), (-0.9411393, 0.17355599, -0.2900608), (-0.9724099, 0.053013224, -0.22717535), (-0.9669612, 0.13108249, -0.21863997), (-0.9067508, 0.21676913, -0.3616825), (-0.89851856, -0.22110067, -0.37918192), (-0.8748775, -0.30819803, -0.37363526), (-0.9489356, -0.08344299, -0.30423418), (-0.9727787, -0.0408909, -0.22809981), (-0.88650095, -0.07618742, -0.45641154), (-0.8515415, -0.026801834, -0.52360165), (-0.9154639, -0.12748767, -0.3816709), (-0.050065648, 0.9844554, 0.16834784), (0.021678936, 0.9582641, 0.28506133), (0.11152385, 0.97730887, 0.18008277), (0.027820336, 0.97690666, 0.21184783), (-0.15411387, 0.86103153, 0.4846376), (-0.06914146, 0.91824466, 0.38993102), (-0.22457725, 0.9031234, 0.3659689), (-0.14983553, 0.8974176, 0.414959), (0.24789053, 0.8822278, 0.40028042), (0.09255875, 0.91109324, 0.401674), (0.15763015, 0.8472442, 0.507277), (0.1666563, 0.8834203, 0.43794325), (0.015083048, 0.9327062, 0.36032173), (-0.44126806, 0.45027602, 0.77623063), (-0.38709265, 0.56854045, 0.72589326), (-0.5103308, 0.54563785, 0.66471195), (-0.44792476, 0.52333033, 0.724906), (-0.11472192, 0.5875833, 0.8009899), (-0.251205, 0.5833482, 0.7723994), (-0.18006253, 0.47421652, 0.8617982), (-0.18270656, 0.5503371, 0.814707), (-0.3819933, 0.75304264, 0.5357312), (-0.32031497, 0.67877537, 0.66080433), (-0.24795999, 0.77155846, 0.58584416), (-0.31797385, 0.7371142, 0.59628457), (-0.32068956, 0.6125799, 0.7224293), (0.45506895, 0.5029416, 0.7348211), (0.32678893, 0.53696805, 0.77773666), (0.36254212, 0.41472635, 0.83460486), (0.38291985, 0.48658502, 0.7852436), (0.22767755, 0.75052273, 0.6203858), (0.28003645, 0.65222394, 0.704403), (0.365387, 0.7199887, 0.5900074), (0.29215592, 0.71013033, 0.64059335), (0.094849944, 0.46205813, 0.88176286), (0.18744622, 0.5639482, 0.8042551), (0.049171623, 0.58033484, 0.81289214), (0.11093138, 0.5373505, 0.8360315), (0.2657061, 0.5866457, 0.76501447), (-0.09213467, 0.7868668, 0.61020654), (-0.16547194, 0.8099768, 0.56263363), (-0.022018168, 0.6900498, 0.7234269), (-0.029317975, 0.62197536, 0.7824878), (0.071920514, 0.7796111, 0.6221205), (0.15309452, 0.79588777, 0.5857685), (-0.014141477, 0.75559753, 0.6548835), (0.24553838, 0.9582641, 0.14642693), (0.17302015, 0.9844554, 0.030192537), (0.17725824, 0.97690666, 0.1193021), (0.38389683, 0.8472442, 0.36715183), (0.31835166, 0.91109324, 0.26184222), (0.31780457, 0.8834203, 0.34433833), (0.42769814, 0.9031234, -0.03798014), (0.37989008, 0.91824466, 0.111849286), (0.5025376, 0.86103153, 0.077978455), (0.4382522, 0.8974176, 0.05076087), (0.31585348, 0.9327062, 0.17405693), (0.5856279, 0.41472635, 0.6964496), (0.5506484, 0.53696805, 0.6391023), (0.53235775, 0.48658502, 0.6926978), (0.70582306, 0.58033484, 0.406233), (0.6364778, 0.5639483, 0.5261734), (0.7471253, 0.46205813, 0.47781384), (0.69901913, 0.5373505, 0.47183335), (0.50582933, 0.65222394, 0.5645712), (0.45394424, 0.75052273, 0.48026064), (0.44330418, 0.71013033, 0.5469884), (0.5664765, 0.5866457, 0.57874966), (0.8224722, 0.5456378, -0.16068253), (0.82233113, 0.5685405, -0.02309344), (0.89153486, 0.45027602, -0.04916381), (0.8485532, 0.52333033, -0.07799265), (0.63495815, 0.77155846, 0.03905983), (0.7343058, 0.6787754, 0.0076859137), (0.6498183, 0.75304264, -0.10326164), (0.67550194, 0.7371142, -0.01896724), (0.8517491, 0.47421655, 0.22280537), (0.8034158, 0.5833482, 0.119281046), (0.7681962, 0.58758324, 0.25420558), (0.81076926, 0.5503371, 0.19945516), (0.78964186, 0.61257994, 0.034809746), (0.5249002, 0.7796111, 0.3415937), (0.45618653, 0.79588777, 0.398066), (0.65745133, 0.6900498, 0.3026367), (0.7135777, 0.62197536, 0.3224183), (0.5873349, 0.7868667, 0.18941633), (0.57742375, 0.8099768, 0.10256413), (0.5925789, 0.75559753, 0.27914634), (0.18323666, 0.97703886, -0.108717255), (0.049437452, 0.9960187, -0.07417966), (0.13566858, 0.9894397, -0.051019993), (0.43956596, 0.8800082, -0.1799094), (0.31705028, 0.9371816, -0.14549857), (0.3961866, 0.9100942, -0.121510625), (0.06635755, 0.9369331, -0.34315157), (0.19338292, 0.9487528, -0.24994227), (0.20114595, 0.9023166, -0.3812678), (0.15413547, 0.9327423, -0.3259357), (0.23214689, 0.9579313, -0.16874668), (0.82944846, 0.4689859, -0.30342624), (0.7600294, 0.5873152, -0.2782376), (0.80696356, 0.53586346, -0.24831474), (0.58544534, 0.6426556, -0.49421406), (0.678447, 0.6210078, -0.39250344), (0.67021614, 0.5289219, -0.52062666), (0.64710015, 0.5996591, -0.47081885), (0.671466, 0.6977123, -0.24966195), (0.5719865, 0.7905351, -0.218828), (0.6334363, 0.7497908, -0.19123873), (0.7059352, 0.63780504, -0.3079939), (0.084140204, 0.6147217, -0.78424335), (0.21405694, 0.63840055, -0.7393405), (0.21469918, 0.5265065, -0.82261485), (0.17153847, 0.5953186, -0.78496516), (0.20822169, 0.8245717, -0.5260468), (0.21232072, 0.74067336, -0.6374346), (0.0782263, 0.8065251, -0.58600163), (0.16681264, 0.7934516, -0.5853273), (0.45996463, 0.5485946, -0.6981952), (0.34296918, 0.6523977, -0.67583245), (0.46010056, 0.65438384, -0.60007447), (0.42252758, 0.62067175, -0.6604824), (0.25746325, 0.6797675, -0.6867524), (0.46126732, 0.8248574, -0.32686803), (0.49307105, 0.8353967, -0.24288553), (0.46835002, 0.74703586, -0.47178984), (0.50682443, 0.6842809, -0.5242983), (0.3357989, 0.8365972, -0.4328328), (0.24943326, 0.8581933, -0.4486506), (0.4237242, 0.80648226, -0.41236424), (-0.07912735, 0.9886423, -0.12777062), (-0.08843716, 0.99601877, 0.011205014), (-0.039473135, 0.99718565, -0.06373911), (-0.06403936, 0.9140448, -0.40052605), (-0.07124714, 0.9604565, -0.2691602), (-0.0230108, 0.94057685, -0.3388004), (-0.33677083, 0.93693316, -0.09349733), (-0.2092162, 0.9604565, -0.18371704), (-0.33003178, 0.9140448, -0.23579901), (-0.29305425, 0.94057685, -0.1715646), (-0.120357074, 0.9735213, -0.19434619), (-0.046758126, 0.5380698, -0.8416024), (-0.04830707, 0.65000397, -0.7583939), (-0.003603233, 0.60306454, -0.79768425), (-0.30949718, 0.6884204, -0.6559641), (-0.18329735, 0.6756726, -0.7140509), (-0.30450428, 0.5824043, -0.75371236), (-0.26671323, 0.65115446, -0.71053636), (-0.052309327, 0.752377, -0.65665257), (-0.056963615, 0.8362999, -0.5453051), (-0.010333622, 0.80128616, -0.59819204), (-0.09504072, 0.6953575, -0.7123519), (-0.7395773, 0.6147217, -0.27412152), (-0.6574193, 0.65000397, -0.38117543), (-0.73260105, 0.5380698, -0.41686523), (-0.71251297, 0.60306454, -0.358662), (-0.46279654, 0.8362999, -0.2939759), (-0.56455314, 0.75237703, -0.339424), (-0.5594683, 0.8065251, -0.19108233), (-0.5309207, 0.80128616, -0.27579653), (-0.53907055, 0.5824043, -0.6084473), (-0.55757207, 0.6756726, -0.48226547), (-0.44933766, 0.6884204, -0.5693619), (-0.51725686, 0.65115446, -0.55537665), (-0.5953769, 0.6953575, -0.40249762), (-0.19509484, 0.8600768, -0.47138736), (-0.1057916, 0.87390363, -0.4744477), (-0.3279905, 0.78225523, -0.5296216), (-0.3638518, 0.7227878, -0.58752847), (-0.33507326, 0.8600768, -0.3846998), (-0.3776052, 0.87390363, -0.30611566), (-0.2873541, 0.8379307, -0.46400407), (-0.17897552, 0.97703886, 0.115597926), (-0.106127016, 0.9894397, 0.09872212), (-0.43095365, 0.9023166, 0.010186555), (-0.30992678, 0.9487528, 0.061753478), (-0.360471, 0.9327423, -0.0072439224), (-0.27152896, 0.9371816, 0.21900396), (-0.35692605, 0.8800082, 0.3133519), (-0.28531596, 0.91009414, 0.30053857), (-0.25450993, 0.95793134, 0.13263609), (-0.83210415, 0.5265065, -0.17433774), (-0.7572675, 0.63840055, -0.13780688), (-0.7791669, 0.5953186, -0.19620076), (-0.7422244, 0.65438384, 0.14451599), (-0.75785387, 0.65239763, 0.0058986903), (-0.83000535, 0.5485946, 0.10067316), (-0.779562, 0.62067175, 0.08396229), (-0.66526365, 0.74067336, -0.09395347), (-0.5637184, 0.8245717, -0.04799033), (-0.5983374, 0.7934516, -0.11147586), (-0.72952974, 0.6797675, -0.07551537), (-0.5877471, 0.5873152, 0.55642986), (-0.6412291, 0.4689859, 0.6073529), (-0.5818721, 0.53586346, 0.61178035), (-0.45077214, 0.7905351, 0.41455844), (-0.5227025, 0.69771224, 0.48987725), (-0.45345426, 0.7497908, 0.48186412), (-0.7647239, 0.5289219, 0.36802053), (-0.6536905, 0.6210078, 0.43247893), (-0.7033057, 0.6426556, 0.30389944), (-0.70983386, 0.5996591, 0.3695198), (-0.59028256, 0.6378051, 0.49474365), (-0.53711605, 0.8365972, 0.10775659), (-0.51279354, 0.8581933, 0.023390496), (-0.6310548, 0.7470359, 0.20906298), (-0.69520605, 0.6842809, 0.22010976), (-0.49815905, 0.8248574, 0.26729724), (-0.43714586, 0.8353967, 0.33319056), (-0.55797005, 0.80648226, 0.19559132), (0.30756992, 0.30521658, 0.9012456), (0.3700902, 0.33187884, 0.86769223), (0.029745959, 0.34609127, 0.9377292), (0.16806123, 0.33019516, 0.92883074), (0.097954854, 0.38087362, 0.9194238), (0.24148574, 0.18736209, 0.952145), (0.17130208, 0.070721485, 0.982677), (0.24166685, 0.10130997, 0.9650562), (0.23988406, 0.27527183, 0.9309571), (-0.40631166, 0.33678904, 0.8494021), (-0.46075445, 0.36862412, 0.8073547), (-0.30433547, 0.091757245, 0.9481353), (-0.35886568, 0.21391352, 0.9085463), (-0.36846292, 0.12829386, 0.9207474), (-0.27058998, 0.34959516, 0.8969751), (-0.13414758, 0.35333973, 0.92582697), (-0.19568309, 0.39386016, 0.89809924), (-0.34651163, 0.30120605, 0.88837194), (-0.08215367, -0.29379702, 0.9523309), (-0.08348614, -0.36527774, 0.9271474), (0.08182901, -0.06680056, 0.9944052), (0.0020164386, -0.18070741, 0.9835349), (0.08136347, -0.14507979, 0.9860689), (-0.15968378, -0.17355597, 0.97179186), (-0.22991501, -0.05301322, 0.97176576), (-0.23512836, -0.13108249, 0.96308464), (-0.080242194, -0.21676913, 0.9729195), (-0.060907815, 0.22110067, 0.9733472), (-0.055339325, 0.30819806, 0.9497113), (-0.15046912, 0.08344299, 0.985087), (-0.22925174, 0.0408909, 0.9725079), (0.013586045, 0.076187424, 0.997001), (0.08931472, 0.026801834, 0.9956428), (-0.06623022, 0.12748769, 0.98962647), (0.94146484, 0.33678904, 0.014734681), (0.9280812, 0.36862412, -0.0527404), (0.8886111, 0.3533397, 0.29244047), (0.9235785, 0.3495952, 0.1574359), (0.89120746, 0.39386016, 0.22499642), (0.97327185, 0.21391352, 0.08356397), (0.9844156, 0.091757245, 0.15002182), (0.98847115, 0.12829387, 0.08040875), (0.9497061, 0.30120602, 0.0856344), (0.66978216, 0.3052166, 0.6769304), (0.6118857, 0.3318788, 0.7179501), (0.80340165, 0.070721485, 0.59122264), (0.74479544, 0.18736209, 0.6404492), (0.7562733, 0.10130997, 0.6463644), (0.7566405, 0.33019516, 0.5643282), (0.8262379, 0.34609127, 0.44446793), (0.7794574, 0.38087365, 0.49737465), (0.72654086, 0.27527183, 0.6295743), (0.88917077, -0.29379702, 0.35079724), (0.8672192, -0.36527774, 0.33838296), (0.9724099, -0.053013224, 0.22717535), (0.9411393, -0.17355599, 0.2900608), (0.9669612, -0.13108249, 0.21863997), (0.8796008, -0.1807074, 0.44005367), (0.8537691, -0.06680056, 0.5163487), (0.84651357, -0.14507979, 0.5122174), (0.9067508, -0.21676913, 0.3616825), (0.89851856, 0.22110067, 0.37918192), (0.8748775, 0.30819803, 0.37363526), (0.88650095, 0.07618742, 0.45641154), (0.8515415, 0.026801834, 0.52360165), (0.9489356, 0.08344299, 0.30423418), (0.9727787, 0.0408909, 0.22809981), (0.9154639, 0.12748767, 0.3816709), (0.2946861, 0.41825253, -0.8592002), (0.22536267, 0.44835833, -0.8649778), (0.5415968, 0.43186846, -0.721223), (0.4242947, 0.43034825, -0.7967273), (0.4769678, 0.47202945, -0.74141073), (0.37405187, 0.29908642, -0.8778568), (0.4447329, 0.17880706, -0.87763363), (0.37862873, 0.21511394, -0.90020347), (0.36579403, 0.3839836, -0.847792), (0.84065855, 0.3671672, -0.39809728), (0.86078775, 0.38890314, -0.32832733), (0.80849767, 0.14477047, -0.5704148), (0.8331971, 0.25612533, -0.4900841), (0.8452524, 0.1714531, -0.50611484), (0.7597726, 0.39895838, -0.51339835), (0.6669416, 0.42014027, -0.6153626), (0.70154035, 0.45101675, -0.5517472), (0.81426597, 0.34202117, -0.4690335), (0.6188441, -0.21233352, -0.7562714), (0.602631, -0.28554353, -0.7451851), (0.51915336, 0.034036584, -0.85400313), (0.5732338, -0.08838306, -0.81461126), (0.5119633, -0.044262398, -0.8578663), (0.69690114, -0.09995432, -0.7101675), (0.7575733, 0.011728208, -0.6526447), (0.7540144, -0.06691052, -0.65344113), (0.63206345, -0.13399154, -0.76324445), (0.6315032, 0.30156627, -0.7143259), (0.6159914, 0.3862139, -0.68658096), (0.7059971, 0.15665305, -0.69067216), (0.76064545, 0.10481769, -0.6406495), (0.5805286, 0.1683928, -0.79663694), (0.5170077, 0.12761427, -0.84641457), (0.6422513, 0.20982085, -0.7372167), (-0.73894, 0.43702728, -0.5128107), (-0.7669323, 0.46089143, -0.44653544), (-0.531735, 0.4731535, -0.7024127), (-0.63979685, 0.46085638, -0.6150377), (-0.572299, 0.50735414, -0.6442559), (-0.7280725, 0.32517475, -0.60346645), (-0.7019229, 0.21157102, -0.6801044), (-0.74507886, 0.24178782, -0.6216077), (-0.7049055, 0.40920877, -0.57935864), (-0.12982778, 0.43702728, -0.8900292), (-0.05802257, 0.46089143, -0.8855577), (-0.29608998, 0.21157102, -0.93143356), (-0.21582876, 0.32517475, -0.920695), (-0.22449179, 0.24178782, -0.9440032), (-0.26552215, 0.46085638, -0.8468231), (-0.3918945, 0.4731535, -0.7890149), (-0.3217554, 0.50735414, -0.7994155), (-0.20456935, 0.40920877, -0.8892129), (-0.5195514, -0.16198632, -0.83894384), (-0.5115989, -0.2362651, -0.82610255), (-0.6515555, 0.07404899, -0.7549783), (-0.59326714, -0.042894743, -0.80386204), (-0.6548386, -0.00460194, -0.7557547), (-0.45529807, -0.042894743, -0.8893052), (-0.38556305, 0.07404899, -0.91970533), (-0.3847952, -0.00460194, -0.9229905), (-0.5246956, -0.08283218, -0.84725046), (-0.4929477, 0.35129678, -0.79598564), (-0.47422585, 0.43443033, -0.76575464), (-0.4425306, 0.2136391, -0.8709334), (-0.37632465, 0.16712321, -0.91129005), (-0.58250904, 0.2136391, -0.78424585), (-0.6481383, 0.16712321, -0.742958), (-0.5082975, 0.26070556, -0.82077175), (-0.73097736, 0.3671672, 0.5752046), (-0.6774858, 0.38890314, 0.6243135), (-0.8480762, 0.4201403, 0.3228761), (-0.7981579, 0.39895838, 0.45141584), (-0.8065419, 0.45101675, 0.38219637), (-0.8100029, 0.25612533, 0.5275368), (-0.87091243, 0.14477047, 0.46963078), (-0.8297259, 0.1714531, 0.53118616), (-0.7827222, 0.34202117, 0.5199688), (-0.9004978, 0.41825256, -0.11903214), (-0.8747806, 0.44835833, -0.18366764), (-0.9838587, 0.17880706, 0.0070820195), (-0.95256406, 0.29908642, -0.05629388), (-0.97460914, 0.21511395, -0.062153853), (-0.9023212, 0.43034825, 0.024835594), (-0.88699484, 0.4318685, 0.16349263), (-0.87627, 0.47202945, 0.09663886), (-0.92196935, 0.3839836, -0.050290212), (-0.9527918, -0.21233352, 0.21703044), (-0.9356426, -0.28554356, 0.20745575), (-0.9218368, 0.0117282085, 0.3874009), (-0.9462989, -0.09995432, 0.3074534), (-0.92096394, -0.06691052, 0.38385984), (-0.9846967, -0.08838306, 0.1502029), (-0.9958644, 0.034036584, 0.08423554), (-0.996119, -0.044262394, 0.076077364), (-0.9649247, -0.13399154, 0.22575785), (-0.9208813, 0.3015663, 0.2470537), (-0.88913107, 0.3862139, 0.24552962), (-0.9718558, 0.1683928, 0.16474265), (-0.9881148, 0.12761427, 0.08569601), (-0.9328988, 0.15665303, 0.3242833), (-0.91246706, 0.10481769, 0.39549604), (-0.94616324, 0.20982087, 0.24647602)] (
            interpolation = "vertex"
        )
        float[] primvars:material = [189655170, 189655170, 189655170, 155172420, 155172420, 155172420, 17241380, 17241380, 17241380, 700, 0.15, 189655170, 189655170, 189655170, 155172420, 155172420, 155172420, 17241380, 17241380, 17241380, 700, 0.15, 189655170, 189655170, 189655170, 155172420, 155172420, 155172420, 17241380, 17241380, 17241380, 700, 0.15, 189655170, 189655170, 189655170, 155172420, 155172420, 155172420, 17241380, 17241380, 17241380, 700, 0.15, 189655170, 189655170, 189655170, 155172420, 155172420, 155172420, 17241380, 17241380, 17241380, 700, 0.15, 189655170, 189655170, 189655170, 155172420, 155172420, 155172420, 17241380, 17241380, 17241380, 700, 0.15, 189655170, 189655170, 189655170, 155172420, 155172420, 155172420, 17241380, 17241380, 17241380, 700, 0.15, 189655170, 189655170, 189655170, 155172420, 155172420, 155172420, 17241380, 17241380, 17241380, 700, 0.15, 189655170, 189655170, 189655170, 155172420, 155172420, 155172420, 17241380, 17241380, 17241380, 700, 0.15, 189655170, 189655170, 189655170, 155172420, 155172420, 155172420, 17241380, 17241380, 17241380, 700, 0.15, 189655170, 189655170, 189655170, 155172420, 155172420, 155172420, 17241380, 17241380, 17241380, 700, 0.15, 189655170, 189655170, 189655170, 155172420, 155172420, 155172420, 17241380, 17241380, 17241380, 700, 0.15, 189655170, 189655170, 189655170, 155172420, 155172420, 155172420, 17241380, 17241380, 17241380, 700, 0.15, 189655170, 189655170, 189655170, 155172420, 155172420, 155172420, 17241380, 17241380, 17241380, 700, 0.15, 189655170, 189655170, 189655170, 155172420, 155172420, 155172420, 17241380, 17241380, 17241380, 700, 0.15, 189655170, 189655170, 189655170, 155172420, 155172420, 155172420, 17241380, 17241380, 17241380, 700, 0.15, 189655170, 189655170, 189655170, 155172420, 155172420, 155172420, 17241380, 17241380, 17241380, 700, 0.15, 189655170, 189655170, 189655170, 155172420, 155172420, 155172420, 17241380, 17241380, 17241380, 700, 0.15, 189655170, 189655170, 189655170, 155172420, 155172420, 155172420, 17241380, 17241380, 17241380, 700, 0.15, 189655170, 189655170, 189655170, 155172420, 155172420, 155172420, 17241380, 17241380, 17241380, 700, 0.15, 189655170, 189655170, 189655170, 155172420, 155172420, 155172420, 17241380, 17241380, 17241380, 700, 0.15, 189655170, 189655170, 189655170, 155172420, 155172420, 155172420, 17241380, 17241380, 17241380, 700, 0.15, 189655170, 189655170, 189655170, 155172420, 155172420, 155172420, 17241380, 17241380, 17241380, 700, 0.15, 189655170, 189655170, 189655170, 155172420, 155172420, 155172420, 17241380, 17241380, 17241380, 700, 0.15, 189655170, 189655170, 189655170, 155172420, 155172420, 155172420, 17241380, 17241380, 17241380, 700, 0.15, 189655170, 189655170, 189655170, 155172420, 155172420, 155172420, 17241380, 17241380, 17241380, 700, 0.15, 189655170, 189655170, 189655170, 155172420, 155172420, 155172420, 17241380, 17241380, 17241380, 700, 0.15, 189655170, 189655170, 189655170, 155172420, 155172420, 155172420, 17241380, 17241380, 17241380, 700, 0.15, 189655170, 189655170, 189655170, 155172420, 155172420, 155172420, 17241380, 17241380, 17241380, 700, 0.15, 189655170, 189655170, 189655170, 155172420, 155172420, 155172420, 17241380, 17241380, 17241380, 700, 0.15, 189655170, 189655170, 189655170, 155172420, 155172420, 155172420, 17241380, 17241380, 17241380, 700, 0.15, 189655170, 189655170, 189655170, 155172420, 155172420, 155172420, 17241380, 17241380, 17241380, 700, 0.15, 189655170, 189655170, 189655170, 155172420, 155172420, 155172420, 17241380, 17241380, 17241380, 700, 0.15, 189655170, 189655170, 189655170, 155172420, 155172420, 155172420, 17241380, 17241380, 17241380, 700, 0.15, 189655170, 189655170, 189655170, 155172420, 155172420, 155172420, 17241380, 17241380, 17241380, 700, 0.15, 189655170, 189655170, 189655170, 155172420, 155172420, 155172420, 17241380, 17241380, 17241380, 700, 0.15, 189655170, 189655170, 189655170, 155172420, 155172420, 155172420, 17241380, 17241380, 17241380, 700, 0.15, 189655170, 189655170, 189655170, 155172420, 155172420, 155172420, 17241380, 17241380, 17241380, 700, 0.15, 189655170, 189655170, 189655170, 155172420, 155172420, 155172420, 17241380, 17241380, 17241380, 700, 0.15, 189655170, 189655170, 189655170, 155172420, 155172420, 155172420, 17241380, 17241380, 17241380, 700, 0.15, 189655170, 189655170, 189655170, 155172420, 155172420, 155172420, 17241380, 17241380, 17241380, 700, 0.15, 189655170, 189655170, 189655170, 155172420, 155172420, 155172420, 17241380, 17241380, 17241380, 700, 0.15, 189655170, 189655170, 189655170, 155172420, 155172420, 155172420, 17241380, 17241380, 17241380, 700, 0.15, 189655170, 189655170, 189655170, 155172420, 155172420, 155172420, 17241380, 17241380, 17241380, 700, 0.15, 189655170, 189655170, 189655170, 155172420, 155172420, 155172420, 17241380, 17241380, 17241380, 700, 0.15, 189655170, 189655170, 189655170, 155172420, 155172420, 155172420, 17241380, 17241380, 17241380, 700, 0.15, 189655170, 189655170, 189655170, 155172420, 155172420, 155172420, 17241380, 17241380, 17241380, 700, 0.15, 189655170, 189655170, 189655170, 155172420, 155172420, 155172420, 17241380, 17241380, 17241380, 700, 0.15, 189655170, 189655170, 189655170, 155172420, 155172420, 155172420, 17241380, 17241380, 17241380, 700, 0.15, 189655170, 189655170, 189655170, 155172420, 155172420, 155172420, 17241380, 17241380, 17241380, 700, 0.15, 189655170, 189655170, 189655170, 155172420, 155172420, 155172420, 17241380, 17241380, 17241380, 700, 0.15, 189655170, 189655170, 189655170, 155172420, 155172420, 155172420, 17241380, 17241380, 17241380, 700, 0.15, 189655170, 189655170, 189655170, 155172420, 155172420, 155172420, 17241380, 17241380, 17241380, 700, 0.15, 189655170, 189655170, 189655170, 155172420, 155172420, 155172420, 17241380, 17241380, 17241380, 700, 0.15, 189655170, 189655170, 189655170, 155172420, 155172420, 155172420, 17241380, 17241380, 17241380, 700, 0.15, 189655170, 189655170, 189655170, 155172420, 155172420, 155172420, 17241380, 17241380, 17241380, 700, 0.15, 189655170, 189655170, 189655170, 155172420, 155172420, 155172420, 17241380, 17241380, 17241380, 700, 0.15, 189655170, 189655170, 189655170, 155172420, 155172420, 155172420, 17241380, 17241380, 17241380, 700, 0.15, 189655170, 189655170, 189655170, 155172420, 155172420, 155172420, 17241380, 17241380, 17241380, 700, 0.15, 189655170, 189655170, 189655170, 155172420, 155172420, 155172420, 17241380, 17241380, 17241380, 700, 0.15, 189655170, 189655170, 189655170, 155172420, 155172420, 155172420, 17241380, 17241380, 17241380, 700, 0.15, 189655170, 189655170, 189655170, 155172420, 155172420, 155172420, 17241380, 17241380, 17241380, 700, 0.15, 189655170, 189655170, 189655170, 155172420, 155172420, 155172420, 17241380, 17241380, 17241380, 700, 0.15, 189655170, 189655170, 189655170, 155172420, 155172420, 155172420, 17241380, 17241380, 17241380, 700, 0.15, 189655170, 189655170, 189655170, 155172420, 155172420, 155172420, 17241380, 17241380, 17241380, 700, 0.15, 189655170, 189655170, 189655170, 155172420, 155172420, 155172420, 17241380, 17241380, 17241380, 700, 0.15, 189655170, 189655170, 189655170, 155172420, 155172420, 155172420, 17241380, 17241380, 17241380, 700, 0.15, 189655170, 189655170, 189655170, 155172420, 155172420, 155172420, 17241380, 17241380, 17241380, 700, 0.15, 189655170, 189655170, 189655170, 155172420, 155172420, 155172420, 17241380, 17241380, 17241380, 700, 0.15, 189655170, 189655170, 189655170, 155172420, 155172420, 155172420, 17241380, 17241380, 17241380, 700, 0.15, 189655170, 189655170, 189655170, 155172420, 155172420, 155172420, 17241380, 17241380, 17241380, 700, 0.15, 189655170, 189655170, 189655170, 155172420, 155172420, 155172420, 17241380, 17241380, 17241380, 700, 0.15, 189655170, 189655170, 189655170, 155172420, 155172420, 155172420, 17241380, 17241380, 17241380, 700, 0.15, 189655170, 189655170, 189655170, 155172420, 155172420, 155172420, 17241380, 17241380, 17241380, 700, 0.15, 189655170, 189655170, 189655170, 155172420, 155172420, 155172420, 17241380, 17241380, 17241380, 700, 0.15, 189655170, 189655170, 189655170, 155172420, 155172420, 155172420, 17241380, 17241380, 17241380, 700, 0.15, 189655170, 189655170, 189655170, 155172420, 155172420, 155172420, 17241380, 17241380, 17241380, 700, 0.15, 189655170, 189655170, 189655170, 155172420, 155172420, 155172420, 17241380, 17241380, 17241380, 700, 0.15, 189655170, 189655170, 189655170, 155172420, 155172420, 155172420, 17241380, 17241380, 17241380, 700, 0.15, 189655170, 189655170, 189655170, 155172420, 155172420, 155172420, 17241380, 17241380, 17241380, 700, 0.15, 189655170, 189655170, 189655170, 155172420, 155172420, 155172420, 17241380, 17241380, 17241380, 700, 0.15, 189655170, 189655170, 189655170, 155172420, 155172420, 155172420, 17241380, 17241380, 17241380, 700, 0.15, 189655170, 189655170, 189655170, 155172420, 155172420, 155172420, 17241380, 17241380, 17241380, 700, 0.15, 189655170, 189655170, 189655170, 155172420, 155172420, 155172420, 17241380, 17241380, 17241380, 700, 0.15, 189655170, 189655170, 189655170, 155172420, 155172420, 155172420, 17241380, 17241380, 17241380, 700, 0.15, 189655170, 189655170, 189655170, 155172420, 155172420, 155172420, 17241380, 17241380, 17241380, 700, 0.15, 189655170, 189655170, 189655170, 155172420, 155172420, 155172420, 17241380, 17241380, 17241380, 700, 0.15, 189655170, 189655170, 189655170, 155172420, 155172420, 155172420, 17241380, 17241380, 17241380, 700, 0.15, 189655170, 189655170, 189655170, 155172420, 155172420, 155172420, 17241380, 17241380, 17241380, 700, 0.15, 189655170, 189655170, 189655170, 155172420, 155172420, 155172420, 17241380, 17241380, 17241380, 700, 0.15, 189655170, 189655170, 189655170, 155172420, 155172420, 155172420, 17241380, 17241380, 17241380, 700, 0.15, 189655170, 189655170, 189655170, 155172420, 155172420, 155172420, 17241380, 17241380, 17241380, 700, 0.15, 189655170, 189655170, 189655170, 155172420, 155172420, 155172420, 17241380, 17241380, 17241380, 700, 0.15, 189655170, 189655170, 189655170, 155172420, 155172420, 155172420, 17241380, 17241380, 17241380, 700, 0.15, 189655170, 189655170, 189655170, 155172420, 155172420, 155172420, 17241380, 17241380, 17241380, 700, 0.15, 189655170, 189655170, 189655170, 155172420, 155172420, 155172420, 17241380, 17241380, 17241380, 700, 0.15, 189655170, 189655170, 189655170, 155172420, 155172420, 155172420, 17241380, 17241380, 17241380, 700, 0.15, 189655170, 189655170, 189655170, 155172420, 155172420, 155172420, 17241380, 17241380, 17241380, 700, 0.15, 189655170, 189655170, 189655170, 155172420, 155172420, 155172420, 17241380, 17241380, 17241380, 700, 0.15, 189655170, 189655170, 189655170, 155172420, 155172420, 155172420, 17241380, 17241380, 17241380, 700, 0.15, 189655170, 189655170, 189655170, 155172420, 155172420, 155172420, 17241380, 17241380, 17241380, 700, 0.15, 189655170, 189655170, 189655170, 155172420, 155172420, 155172420, 17241380, 17241380, 17241380, 700, 0.15, 189655170, 189655170, 189655170, 155172420, 155172420, 155172420, 17241380, 17241380, 17241380, 700, 0.15, 189655170, 189655170, 189655170, 155172420, 155172420, 155172420, 17241380, 17241380, 17241380, 700, 0.15, 189655170, 189655170, 189655170, 155172420, 155172420, 155172420, 17241380, 17241380, 17241380, 700, 0.15, 189655170, 189655170, 189655170, 155172420, 155172420, 155172420, 17241380, 17241380, 17241380, 700, 0.15, 189655170, 189655170, 189655170, 155172420, 155172420, 155172420, 17241380, 17241380, 17241380, 700, 0.15, 189655170, 189655170, 189655170, 155172420, 155172420, 155172420, 17241380, 17241380, 17241380, 700, 0.15, 189655170, 189655170, 189655170, 155172420, 155172420, 155172420, 17241380, 17241380, 17241380, 700, 0.15, 189655170, 189655170, 189655170, 155172420, 155172420, 155172420, 17241380, 17241380, 17241380, 700, 0.15, 189655170, 189655170, 189655170, 155172420, 155172420, 155172420, 17241380, 17241380, 17241380, 700, 0.15, 189655170, 189655170, 189655170, 155172420, 155172420, 155172420, 17241380, 17241380, 17241380, 700, 0.15, 189655170, 189655170, 189655170, 155172420, 155172420, 155172420, 17241380, 17241380, 17241380, 700, 0.15, 189655170, 189655170, 189655170, 155172420, 155172420, 155172420, 17241380, 17241380, 17241380, 700, 0.15, 189655170, 189655170, 189655170, 155172420, 155172420, 155172420, 17241380, 17241380, 17241380, 700, 0.15, 189655170, 189655170, 189655170, 155172420, 155172420, 155172420, 17241380, 17241380, 17241380, 700, 0.15, 189655170, 189655170, 189655170, 155172420, 155172420, 155172420, 17241380, 17241380, 17241380, 700, 0.15, 189655170, 189655170, 189655170, 155172420, 155172420, 155172420, 17241380, 17241380, 17241380, 700, 0.15, 189655170, 189655170, 189655170, 155172420, 155172420, 155172420, 17241380, 17241380, 17241380, 700, 0.15, 189655170, 189655170, 189655170, 155172420, 155172420, 155172420, 17241380, 17241380, 17241380, 700, 0.15, 189655170, 189655170, 189655170, 155172420, 155172420, 155172420, 17241380, 17241380, 17241380, 700, 0.15, 189655170, 189655170, 189655170, 155172420, 155172420, 155172420, 17241380, 17241380, 17241380, 700, 0.15, 189655170, 189655170, 189655170, 155172420, 155172420, 155172420, 17241380, 17241380, 17241380, 700, 0.15, 189655170, 189655170, 189655170, 155172420, 155172420, 155172420, 17241380, 17241380, 17241380, 700, 0.15, 189655170, 189655170, 189655170, 155172420, 155172420, 155172420, 17241380, 17241380, 17241380, 700, 0.15, 189655170, 189655170, 189655170, 155172420, 155172420, 155172420, 17241380, 17241380, 17241380, 700, 0.15, 189655170, 189655170, 189655170, 155172420, 155172420, 155172420, 17241380, 17241380, 17241380, 700, 0.15, 189655170, 189655170, 189655170, 155172420, 155172420, 155172420, 17241380, 17241380, 17241380, 700, 0.15, 189655170, 189655170, 189655170, 155172420, 155172420, 155172420, 17241380, 17241380, 17241380, 700, 0.15, 189655170, 189655170, 189655170, 155172420, 155172420, 155172420, 17241380, 17241380, 17241380, 700, 0.15, 189655170, 189655170, 189655170, 155172420, 155172420, 155172420, 17241380, 17241380, 17241380, 700, 0.15, 189655170, 189655170, 189655170, 155172420, 155172420, 155172420, 17241380, 17241380, 17241380, 700, 0.15, 189655170, 189655170, 189655170, 155172420, 155172420, 155172420, 17241380, 17241380, 17241380, 700, 0.15, 189655170, 189655170, 189655170, 155172420, 155172420, 155172420, 17241380, 17241380, 17241380, 700, 0.15, 189655170, 189655170, 189655170, 155172420, 155172420, 155172420, 17241380, 17241380, 17241380, 700, 0.15, 189655170, 189655170, 189655170, 155172420, 155172420, 155172420, 17241380, 17241380, 17241380, 700, 0.15, 189655170, 189655170, 189655170, 155172420, 155172420, 155172420, 17241380, 17241380, 17241380, 700, 0.15, 189655170, 189655170, 189655170, 155172420, 155172420, 155172420, 17241380, 17241380, 17241380, 700, 0.15, 189655170, 189655170, 189655170, 155172420, 155172420, 155172420, 17241380, 17241380, 17241380, 700, 0.15, 189655170, 189655170, 189655170, 155172420, 155172420, 155172420, 17241380, 17241380, 17241380, 700, 0.15, 189655170, 189655170, 189655170, 155172420, 155172420, 155172420, 17241380, 17241380, 17241380, 700, 0.15, 189655170, 189655170, 189655170, 155172420, 155172420, 155172420, 17241380, 17241380, 17241380, 700, 0.15, 189655170, 189655170, 189655170, 155172420, 155172420, 155172420, 17241380, 17241380, 17241380, 700, 0.15, 189655170, 189655170, 189655170, 155172420, 155172420, 155172420, 17241380, 17241380, 17241380, 700, 0.15, 189655170, 189655170, 189655170, 155172420, 155172420, 155172420, 17241380, 17241380, 17241380, 700, 0.15, 189655170, 189655170, 189655170, 155172420, 155172420, 155172420, 17241380, 17241380, 17241380, 700, 0.15, 189655170, 189655170, 189655170, 155172420, 155172420, 155172420, 17241380, 17241380, 17241380, 700, 0.15, 189655170, 189655170, 189655170, 155172420, 155172420, 155172420, 17241380, 17241380, 17241380, 700, 0.15, 189655170, 189655170, 189655170, 155172420, 155172420, 155172420, 17241380, 17241380, 17241380, 700, 0.15, 189655170, 189655170, 189655170, 155172420, 155172420, 155172420, 17241380, 17241380, 17241380, 700, 0.15, 189655170, 189655170, 189655170, 155172420, 155172420, 155172420, 17241380, 17241380, 17241380, 700, 0.15, 189655170, 189655170, 189655170, 155172420, 155172420, 155172420, 17241380, 17241380, 17241380, 700, 0.15, 189655170, 189655170, 189655170, 155172420, 155172420, 155172420, 17241380, 17241380, 17241380, 700, 0.15, 189655170, 189655170, 189655170, 155172420, 155172420, 155172420, 17241380, 17241380, 17241380, 700, 0.15, 189655170, 189655170, 189655170, 155172420, 155172420, 155172420, 17241380, 17241380, 17241380, 700, 0.15, 189655170, 189655170, 189655170, 155172420, 155172420, 155172420, 17241380, 17241380, 17241380, 700, 0.15, 189655170, 189655170, 189655170, 155172420, 155172420, 155172420, 17241380, 17241380, 17241380, 700, 0.15, 189655170, 189655170, 189655170, 155172420, 155172420, 155172420, 17241380, 17241380, 17241380, 700, 0.15, 189655170, 189655170, 189655170, 155172420, 155172420, 155172420, 17241380, 17241380, 17241380, 700, 0.15, 189655170, 189655170, 189655170, 155172420, 155172420, 155172420, 17241380, 17241380, 17241380, 700, 0.15, 189655170, 189655170, 189655170, 155172420, 155172420, 155172420, 17241380, 17241380, 17241380, 700, 0.15, 189655170, 189655170, 189655170, 155172420, 155172420, 155172420, 17241380, 17241380, 17241380, 700, 0.15, 189655170, 189655170, 189655170, 155172420, 155172420, 155172420, 17241380, 17241380, 17241380, 700, 0.15, 189655170, 189655170, 189655170, 155172420, 155172420, 155172420, 17241380, 17241380, 17241380, 700, 0.15, 189655170, 189655170, 189655170, 155172420, 155172420, 155172420, 17241380, 17241380, 17241380, 700, 0.15, 189655170, 189655170, 189655170, 155172420, 155172420, 155172420, 17241380, 17241380, 17241380, 700, 0.15, 189655170, 189655170, 189655170, 155172420, 155172420, 155172420, 17241380, 17241380, 17241380, 700, 0.15, 189655170, 189655170, 189655170, 155172420, 155172420, 155172420, 17241380, 17241380, 17241380, 700, 0.15, 189655170, 189655170, 189655170, 155172420, 155172420, 155172420, 17241380, 17241380, 17241380, 700, 0.15, 189655170, 189655170, 189655170, 155172420, 155172420, 155172420, 17241380, 17241380, 17241380, 700, 0.15, 189655170, 189655170, 189655170, 155172420, 155172420, 155172420, 17241380, 17241380, 17241380, 700, 0.15, 189655170, 189655170, 189655170, 155172420, 155172420, 155172420, 17241380, 17241380, 17241380, 700, 0.15, 189655170, 189655170, 189655170, 155172420, 155172420, 155172420, 17241380, 17241380, 17241380, 700, 0.15, 189655170, 189655170, 189655170, 155172420, 155172420, 155172420, 17241380, 17241380, 17241380, 700, 0.15, 189655170, 189655170, 189655170, 155172420, 155172420, 155172420, 17241380, 17241380, 17241380, 700, 0.15, 189655170, 189655170, 189655170, 155172420, 155172420, 155172420, 17241380, 17241380, 17241380, 700, 0.15, 189655170, 189655170, 189655170, 155172420, 155172420, 155172420, 17241380, 17241380, 17241380, 700, 0.15, 189655170, 189655170, 189655170, 155172420, 155172420, 155172420, 17241380, 17241380, 17241380, 700, 0.15, 189655170, 189655170, 189655170, 155172420, 155172420, 155172420, 17241380, 17241380, 17241380, 700, 0.15, 189655170, 189655170, 189655170, 155172420, 155172420, 155172420, 17241380, 17241380, 17241380, 700, 0.15, 189655170, 189655170, 189655170, 155172420, 155172420, 155172420, 17241380, 17241380, 17241380, 700, 0.15, 189655170, 189655170, 189655170, 155172420, 155172420, 155172420, 17241380, 17241380, 17241380, 700, 0.15, 189655170, 189655170, 189655170, 155172420, 155172420, 155172420, 17241380, 17241380, 17241380, 700, 0.15, 189655170, 189655170, 189655170, 155172420, 155172420, 155172420, 17241380, 17241380, 17241380, 700, 0.15, 189655170, 189655170, 189655170, 155172420, 155172420, 155172420, 17241380, 17241380, 17241380, 700, 0.15, 189655170, 189655170, 189655170, 155172420, 155172420, 155172420, 17241380, 17241380, 17241380, 700, 0.15, 189655170, 189655170, 189655170, 155172420, 155172420, 155172420, 17241380, 17241380, 17241380, 700, 0.15, 189655170, 189655170, 189655170, 155172420, 155172420, 155172420, 17241380, 17241380, 17241380, 700, 0.15, 189655170, 189655170, 189655170, 155172420, 155172420, 155172420, 17241380, 17241380, 17241380, 700, 0.15, 189655170, 189655170, 189655170, 155172420, 155172420, 155172420, 17241380, 17241380, 17241380, 700, 0.15, 189655170, 189655170, 189655170, 155172420, 155172420, 155172420, 17241380, 17241380, 17241380, 700, 0.15, 189655170, 189655170, 189655170, 155172420, 155172420, 155172420, 17241380, 17241380, 17241380, 700, 0.15, 189655170, 189655170, 189655170, 155172420, 155172420, 155172420, 17241380, 17241380, 17241380, 700, 0.15, 189655170, 189655170, 189655170, 155172420, 155172420, 155172420, 17241380, 17241380, 17241380, 700, 0.15, 189655170, 189655170, 189655170, 155172420, 155172420, 155172420, 17241380, 17241380, 17241380, 700, 0.15, 189655170, 189655170, 189655170, 155172420, 155172420, 155172420, 17241380, 17241380, 17241380, 700, 0.15, 189655170, 189655170, 189655170, 155172420, 155172420, 155172420, 17241380, 17241380, 17241380, 700, 0.15, 189655170, 189655170, 189655170, 155172420, 155172420, 155172420, 17241380, 17241380, 17241380, 700, 0.15, 189655170, 189655170, 189655170, 155172420, 155172420, 155172420, 17241380, 17241380, 17241380, 700, 0.15, 189655170, 189655170, 189655170, 155172420, 155172420, 155172420, 17241380, 17241380, 17241380, 700, 0.15, 189655170, 189655170, 189655170, 155172420, 155172420, 155172420, 17241380, 17241380, 17241380, 700, 0.15, 189655170, 189655170, 189655170, 155172420, 155172420, 155172420, 17241380, 17241380, 17241380, 700, 0.15, 189655170, 189655170, 189655170, 155172420, 155172420, 155172420, 17241380, 17241380, 17241380, 700, 0.15, 189655170, 189655170, 189655170, 155172420, 155172420, 155172420, 17241380, 17241380, 17241380, 700, 0.15, 189655170, 189655170, 189655170, 155172420, 155172420, 155172420, 17241380, 17241380, 17241380, 700, 0.15, 189655170, 189655170, 189655170, 155172420, 155172420, 155172420, 17241380, 17241380, 17241380, 700, 0.15, 189655170, 189655170, 189655170, 155172420, 155172420, 155172420, 17241380, 17241380, 17241380, 700, 0.15, 189655170, 189655170, 189655170, 155172420, 155172420, 155172420, 17241380, 17241380, 17241380, 700, 0.15, 189655170, 189655170, 189655170, 155172420, 155172420, 155172420, 17241380, 17241380, 17241380, 700, 0.15, 189655170, 189655170, 189655170, 155172420, 155172420, 155172420, 17241380, 17241380, 17241380, 700, 0.15, 189655170, 189655170, 189655170, 155172420, 155172420, 155172420, 17241380, 17241380, 17241380, 700, 0.15, 189655170, 189655170, 189655170, 155172420, 155172420, 155172420, 17241380, 17241380, 17241380, 700, 0.15, 189655170, 189655170, 189655170, 155172420, 155172420, 155172420, 17241380, 17241380, 17241380, 700, 0.15, 189655170, 189655170, 189655170, 155172420, 155172420, 155172420, 17241380, 17241380, 17241380, 700, 0.15, 189655170, 189655170, 189655170, 155172420, 155172420, 155172420, 17241380, 17241380, 17241380, 700, 0.15, 189655170, 189655170, 189655170, 155172420, 155172420, 155172420, 17241380, 17241380, 17241380, 700, 0.15, 189655170, 189655170, 189655170, 155172420, 155172420, 155172420, 17241380, 17241380, 17241380, 700, 0.15, 189655170, 189655170, 189655170, 155172420, 155172420, 155172420, 17241380, 17241380, 17241380, 700, 0.15, 189655170, 189655170, 189655170, 155172420, 155172420, 155172420, 17241380, 17241380, 17241380, 700, 0.15, 189655170, 189655170, 189655170, 155172420, 155172420, 155172420, 17241380, 17241380, 17241380, 700, 0.15, 189655170, 189655170, 189655170, 155172420, 155172420, 155172420, 17241380, 17241380, 17241380, 700, 0.15, 189655170, 189655170, 189655170, 155172420, 155172420, 155172420, 17241380, 17241380, 17241380, 700, 0.15, 189655170, 189655170, 189655170, 155172420, 155172420, 155172420, 17241380, 17241380, 17241380, 700, 0.15, 189655170, 189655170, 189655170, 155172420, 155172420, 155172420, 17241380, 17241380, 17241380, 700, 0.15, 189655170, 189655170, 189655170, 155172420, 155172420, 155172420, 17241380, 17241380, 17241380, 700, 0.15, 189655170, 189655170, 189655170, 155172420, 155172420, 155172420, 17241380, 17241380, 17241380, 700, 0.15, 189655170, 189655170, 189655170, 155172420, 155172420, 155172420, 17241380, 17241380, 17241380, 700, 0.15, 189655170, 189655170, 189655170, 155172420, 155172420, 155172420, 17241380, 17241380, 17241380, 700, 0.15, 189655170, 189655170, 189655170, 155172420, 155172420, 155172420, 17241380, 17241380, 17241380, 700, 0.15, 189655170, 189655170, 189655170, 155172420, 155172420, 155172420, 17241380, 17241380, 17241380, 700, 0.15, 189655170, 189655170, 189655170, 155172420, 155172420, 155172420, 17241380, 17241380, 17241380, 700, 0.15, 189655170, 189655170, 189655170, 155172420, 155172420, 155172420, 17241380, 17241380, 17241380, 700, 0.15, 189655170, 189655170, 189655170, 155172420, 155172420, 155172420, 17241380, 17241380, 17241380, 700, 0.15, 189655170, 189655170, 189655170, 155172420, 155172420, 155172420, 17241380, 17241380, 17241380, 700, 0.15, 189655170, 189655170, 189655170, 155172420, 155172420, 155172420, 17241380, 17241380, 17241380, 700, 0.15, 189655170, 189655170, 189655170, 155172420, 155172420, 155172420, 17241380, 17241380, 17241380, 700, 0.15, 189655170, 189655170, 189655170, 155172420, 155172420, 155172420, 17241380, 17241380, 17241380, 700, 0.15, 189655170, 189655170, 189655170, 155172420, 155172420, 155172420, 17241380, 17241380, 17241380, 700, 0.15, 189655170, 189655170, 189655170, 155172420, 155172420, 155172420, 17241380, 17241380, 17241380, 700, 0.15, 189655170, 189655170, 189655170, 155172420, 155172420, 155172420, 17241380, 17241380, 17241380, 700, 0.15, 189655170, 189655170, 189655170, 155172420, 155172420, 155172420, 17241380, 17241380, 17241380, 700, 0.15, 189655170, 189655170, 189655170, 155172420, 155172420, 155172420, 17241380, 17241380, 17241380, 700, 0.15, 189655170, 189655170, 189655170, 155172420, 155172420, 155172420, 17241380, 17241380, 17241380, 700, 0.15, 189655170, 189655170, 189655170, 155172420, 155172420, 155172420, 17241380, 17241380, 17241380, 700, 0.15, 189655170, 189655170, 189655170, 155172420, 155172420, 155172420, 17241380, 17241380, 17241380, 700, 0.15, 189655170, 189655170, 189655170, 155172420, 155172420, 155172420, 17241380, 17241380, 17241380, 700, 0.15, 189655170, 189655170, 189655170, 155172420, 155172420, 155172420, 17241380, 17241380, 17241380, 700, 0.15, 189655170, 189655170, 189655170, 155172420, 155172420, 155172420, 17241380, 17241380, 17241380, 700, 0.15, 189655170, 189655170, 189655170, 155172420, 155172420, 155172420, 17241380, 17241380, 17241380, 700, 0.15, 189655170, 189655170, 189655170, 155172420, 155172420, 155172420, 17241380, 17241380, 17241380, 700, 0.15, 189655170, 189655170, 189655170, 155172420, 155172420, 155172420, 17241380, 17241380, 17241380, 700, 0.15, 189655170, 189655170, 189655170, 155172420, 155172420, 155172420, 17241380, 17241380, 17241380, 700, 0.15, 189655170, 189655170, 189655170, 155172420, 155172420, 155172420, 17241380, 17241380, 17241380, 700, 0.15, 189655170, 189655170, 189655170, 155172420, 155172420, 155172420, 17241380, 17241380, 17241380, 700, 0.15, 189655170, 189655170, 189655170, 155172420, 155172420, 155172420, 17241380, 17241380, 17241380, 700, 0.15, 189655170, 189655170, 189655170, 155172420, 155172420, 155172420, 17241380, 17241380, 17241380, 700, 0.15, 189655170, 189655170, 189655170, 155172420, 155172420, 155172420, 17241380, 17241380, 17241380, 700, 0.15, 189655170, 189655170, 189655170, 155172420, 155172420, 155172420, 17241380, 17241380, 17241380, 700, 0.15, 189655170, 189655170, 189655170, 155172420, 155172420, 155172420, 17241380, 17241380, 17241380, 700, 0.15, 189655170, 189655170, 189655170, 155172420, 155172420, 155172420, 17241380, 17241380, 17241380, 700, 0.15, 189655170, 189655170, 189655170, 155172420, 155172420, 155172420, 17241380, 17241380, 17241380, 700, 0.15, 189655170, 189655170, 189655170, 155172420, 155172420, 155172420, 17241380, 17241380, 17241380, 700, 0.15, 189655170, 189655170, 189655170, 155172420, 155172420, 155172420, 17241380, 17241380, 17241380, 700, 0.15, 189655170, 189655170, 189655170, 155172420, 155172420, 155172420, 17241380, 17241380, 17241380, 700, 0.15, 189655170, 189655170, 189655170, 155172420, 155172420, 155172420, 17241380, 17241380, 17241380, 700, 0.15, 189655170, 189655170, 189655170, 155172420, 155172420, 155172420, 17241380, 17241380, 17241380, 700, 0.15, 189655170, 189655170, 189655170, 155172420, 155172420, 155172420, 17241380, 17241380, 17241380, 700, 0.15, 189655170, 189655170, 189655170, 155172420, 155172420, 155172420, 17241380, 17241380, 17241380, 700, 0.15, 189655170, 189655170, 189655170, 155172420, 155172420, 155172420, 17241380, 17241380, 17241380, 700, 0.15, 189655170, 189655170, 189655170, 155172420, 155172420, 155172420, 17241380, 17241380, 17241380, 700, 0.15, 189655170, 189655170, 189655170, 155172420, 155172420, 155172420, 17241380, 17241380, 17241380, 700, 0.15, 189655170, 189655170, 189655170, 155172420, 155172420, 155172420, 17241380, 17241380, 17241380, 700, 0.15, 189655170, 189655170, 189655170, 155172420, 155172420, 155172420, 17241380, 17241380, 17241380, 700, 0.15, 189655170, 189655170, 189655170, 155172420, 155172420, 155172420, 17241380, 17241380, 17241380, 700, 0.15, 189655170, 189655170, 189655170, 155172420, 155172420, 155172420, 17241380, 17241380, 17241380, 700, 0.15, 189655170, 189655170, 189655170, 155172420, 155172420, 155172420, 17241380, 17241380, 17241380, 700, 0.15, 189655170, 189655170, 189655170, 155172420, 155172420, 155172420, 17241380, 17241380, 17241380, 700, 0.15, 189655170, 189655170, 189655170, 155172420, 155172420, 155172420, 17241380, 17241380, 17241380, 700, 0.15, 189655170, 189655170, 189655170, 155172420, 155172420, 155172420, 17241380, 17241380, 17241380, 700, 0.15, 189655170, 189655170, 189655170, 155172420, 155172420, 155172420, 17241380, 17241380, 17241380, 700, 0.15, 189655170, 189655170, 189655170, 155172420, 155172420, 155172420, 17241380, 17241380, 17241380, 700, 0.15, 189655170, 189655170, 189655170, 155172420, 155172420, 155172420, 17241380, 17241380, 17241380, 700, 0.15, 189655170, 189655170, 189655170, 155172420, 155172420, 155172420, 17241380, 17241380, 17241380, 700, 0.15, 189655170, 189655170, 189655170, 155172420, 155172420, 155172420, 17241380, 17241380, 17241380, 700, 0.15, 189655170, 189655170, 189655170, 155172420, 155172420, 155172420, 17241380, 17241380, 17241380, 700, 0.15, 189655170, 189655170, 189655170, 155172420, 155172420, 155172420, 17241380, 17241380, 17241380, 700, 0.15, 189655170, 189655170, 189655170, 155172420, 155172420, 155172420, 17241380, 17241380, 17241380, 700, 0.15, 189655170, 189655170, 189655170, 155172420, 155172420, 155172420, 17241380, 17241380, 17241380, 700, 0.15, 189655170, 189655170, 189655170, 155172420, 155172420, 155172420, 17241380, 17241380, 17241380, 700, 0.15, 189655170, 189655170, 189655170, 155172420, 155172420, 155172420, 17241380, 17241380, 17241380, 700, 0.15, 189655170, 189655170, 189655170, 155172420, 155172420, 155172420, 17241380, 17241380, 17241380, 700, 0.15, 189655170, 189655170, 189655170, 155172420, 155172420, 155172420, 17241380, 17241380, 17241380, 700, 0.15, 189655170, 189655170, 189655170, 155172420, 155172420, 155172420, 17241380, 17241380, 17241380, 700, 0.15, 189655170, 189655170, 189655170, 155172420, 155172420, 155172420, 17241380, 17241380, 17241380, 700, 0.15, 189655170, 189655170, 189655170, 155172420, 155172420, 155172420, 17241380, 17241380, 17241380, 700, 0.15, 189655170, 189655170, 189655170, 155172420, 155172420, 155172420, 17241380, 17241380, 17241380, 700, 0.15, 189655170, 189655170, 189655170, 155172420, 155172420, 155172420, 17241380, 17241380, 17241380, 700, 0.15, 189655170, 189655170, 189655170, 155172420, 155172420, 155172420, 17241380, 17241380, 17241380, 700, 0.15, 189655170, 189655170, 189655170, 155172420, 155172420, 155172420, 17241380, 17241380, 17241380, 700, 0.15, 189655170, 189655170, 189655170, 155172420, 155172420, 155172420, 17241380, 17241380, 17241380, 700, 0.15, 189655170, 189655170, 189655170, 155172420, 155172420, 155172420, 17241380, 17241380, 17241380, 700, 0.15, 189655170, 189655170, 189655170, 155172420, 155172420, 155172420, 17241380, 17241380, 17241380, 700, 0.15, 189655170, 189655170, 189655170, 155172420, 155172420, 155172420, 17241380, 17241380, 17241380, 700, 0.15, 189655170, 189655170, 189655170, 155172420, 155172420, 155172420, 17241380, 17241380, 17241380, 700, 0.15, 189655170, 189655170, 189655170, 155172420, 155172420, 155172420, 17241380, 17241380, 17241380, 700, 0.15, 189655170, 189655170, 189655170, 155172420, 155172420, 155172420, 17241380, 17241380, 17241380, 700, 0.15, 189655170, 189655170, 189655170, 155172420, 155172420, 155172420, 17241380, 17241380, 17241380, 700, 0.15, 189655170, 189655170, 189655170, 155172420, 155172420, 155172420, 17241380, 17241380, 17241380, 700, 0.15, 189655170, 189655170, 189655170, 155172420, 155172420, 155172420, 17241380, 17241380, 17241380, 700, 0.15, 189655170, 189655170, 189655170, 155172420, 155172420, 155172420, 17241380, 17241380, 17241380, 700, 0.15, 189655170, 189655170, 189655170, 155172420, 155172420, 155172420, 17241380, 17241380, 17241380, 700, 0.15, 189655170, 189655170, 189655170, 155172420, 155172420, 155172420, 17241380, 17241380, 17241380, 700, 0.15, 189655170, 189655170, 189655170, 155172420, 155172420, 155172420, 17241380, 17241380, 17241380, 700, 0.15, 189655170, 189655170, 189655170, 155172420, 155172420, 155172420, 17241380, 17241380, 17241380, 700, 0.15, 189655170, 189655170, 189655170, 155172420, 155172420, 155172420, 17241380, 17241380, 17241380, 700, 0.15, 189655170, 189655170, 189655170, 155172420, 155172420, 155172420, 17241380, 17241380, 17241380, 700, 0.15, 189655170, 189655170, 189655170, 155172420, 155172420, 155172420, 17241380, 17241380, 17241380, 700, 0.15, 189655170, 189655170, 189655170, 155172420, 155172420, 155172420, 17241380, 17241380, 17241380, 700, 0.15, 189655170, 189655170, 189655170, 155172420, 155172420, 155172420, 17241380, 17241380, 17241380, 700, 0.15, 189655170, 189655170, 189655170, 155172420, 155172420, 155172420, 17241380, 17241380, 17241380, 700, 0.15, 189655170, 189655170, 189655170, 155172420, 155172420, 155172420, 17241380, 17241380, 17241380, 700, 0.15, 189655170, 189655170, 189655170, 155172420, 155172420, 155172420, 17241380, 17241380, 17241380, 700, 0.15, 189655170, 189655170, 189655170, 155172420, 155172420, 155172420, 17241380, 17241380, 17241380, 700, 0.15, 189655170, 189655170, 189655170, 155172420, 155172420, 155172420, 17241380, 17241380, 17241380, 700, 0.15, 189655170, 189655170, 189655170, 155172420, 155172420, 155172420, 17241380, 17241380, 17241380, 700, 0.15, 189655170, 189655170, 189655170, 155172420, 155172420, 155172420, 17241380, 17241380, 17241380, 700, 0.15, 189655170, 189655170, 189655170, 155172420, 155172420, 155172420, 17241380, 17241380, 17241380, 700, 0.15, 189655170, 189655170, 189655170, 155172420, 155172420, 155172420, 17241380, 17241380, 17241380, 700, 0.15, 189655170, 189655170, 189655170, 155172420, 155172420, 155172420, 17241380, 17241380, 17241380, 700, 0.15, 189655170, 189655170, 189655170, 155172420, 155172420, 155172420, 17241380, 17241380, 17241380, 700, 0.15, 189655170, 189655170, 189655170, 155172420, 155172420, 155172420, 17241380, 17241380, 17241380, 700, 0.15, 189655170, 189655170, 189655170, 155172420, 155172420, 155172420, 17241380, 17241380, 17241380, 700, 0.15, 189655170, 189655170, 189655170, 155172420, 155172420, 155172420, 17241380, 17241380, 17241380, 700, 0.15, 189655170, 189655170, 189655170, 155172420, 155172420, 155172420, 17241380, 17241380, 17241380, 700, 0.15, 189655170, 189655170, 189655170, 155172420, 155172420, 155172420, 17241380, 17241380, 17241380, 700, 0.15, 189655170, 189655170, 189655170, 155172420, 155172420, 155172420, 17241380, 17241380, 17241380, 700, 0.15, 189655170, 189655170, 189655170, 155172420, 155172420, 155172420, 17241380, 17241380, 17241380, 700, 0.15, 189655170, 189655170, 189655170, 155172420, 155172420, 155172420, 17241380, 17241380, 17241380, 700, 0.15, 189655170, 189655170, 189655170, 155172420, 155172420, 155172420, 17241380, 17241380, 17241380, 700, 0.15, 189655170, 189655170, 189655170, 155172420, 155172420, 155172420, 17241380, 17241380, 17241380, 700, 0.15, 189655170, 189655170, 189655170, 155172420, 155172420, 155172420, 17241380, 17241380, 17241380, 700, 0.15, 189655170, 189655170, 189655170, 155172420, 155172420, 155172420, 17241380, 17241380, 17241380, 700, 0.15, 189655170, 189655170, 189655170, 155172420, 155172420, 155172420, 17241380, 17241380, 17241380, 700, 0.15, 189655170, 189655170, 189655170, 155172420, 155172420, 155172420, 17241380, 17241380, 17241380, 700, 0.15, 189655170, 189655170, 189655170, 155172420, 155172420, 155172420, 17241380, 17241380, 17241380, 700, 0.15, 189655170, 189655170, 189655170, 155172420, 155172420, 155172420, 17241380, 17241380, 17241380, 700, 0.15, 189655170, 189655170, 189655170, 155172420, 155172420, 155172420, 17241380, 17241380, 17241380, 700, 0.15, 189655170, 189655170, 189655170, 155172420, 155172420, 155172420, 17241380, 17241380, 17241380, 700, 0.15, 189655170, 189655170, 189655170, 155172420, 155172420, 155172420, 17241380, 17241380, 17241380, 700, 0.15, 189655170, 189655170, 189655170, 155172420, 155172420, 155172420, 17241380, 17241380, 17241380, 700, 0.15, 189655170, 189655170, 189655170, 155172420, 155172420, 155172420, 17241380, 17241380, 17241380, 700, 0.15, 189655170, 189655170, 189655170, 155172420, 155172420, 155172420, 17241380, 17241380, 17241380, 700, 0.15, 189655170, 189655170, 189655170, 155172420, 155172420, 155172420, 17241380, 17241380, 17241380, 700, 0.15, 189655170, 189655170, 189655170, 155172420, 155172420, 155172420, 17241380, 17241380, 17241380, 700, 0.15, 189655170, 189655170, 189655170, 155172420, 155172420, 155172420, 17241380, 17241380, 17241380, 700, 0.15, 189655170, 189655170, 189655170, 155172420, 155172420, 155172420, 17241380, 17241380, 17241380, 700, 0.15, 189655170, 189655170, 189655170, 155172420, 155172420, 155172420, 17241380, 17241380, 17241380, 700, 0.15, 189655170, 189655170, 189655170, 155172420, 155172420, 155172420, 17241380, 17241380, 17241380, 700, 0.15, 189655170, 189655170, 189655170, 155172420, 155172420, 155172420, 17241380, 17241380, 17241380, 700, 0.15, 189655170, 189655170, 189655170, 155172420, 155172420, 155172420, 17241380, 17241380, 17241380, 700, 0.15, 189655170, 189655170, 189655170, 155172420, 155172420, 155172420, 17241380, 17241380, 17241380, 700, 0.15, 189655170, 189655170, 189655170, 155172420, 155172420, 155172420, 17241380, 17241380, 17241380, 700, 0.15, 189655170, 189655170, 189655170, 155172420, 155172420, 155172420, 17241380, 17241380, 17241380, 700, 0.15, 189655170, 189655170, 189655170, 155172420, 155172420, 155172420, 17241380, 17241380, 17241380, 700, 0.15, 189655170, 189655170, 189655170, 155172420, 155172420, 155172420, 17241380, 17241380, 17241380, 700, 0.15, 189655170, 189655170, 189655170, 155172420, 155172420, 155172420, 17241380, 17241380, 17241380, 700, 0.15, 189655170, 189655170, 189655170, 155172420, 155172420, 155172420, 17241380, 17241380, 17241380, 700, 0.15, 189655170, 189655170, 189655170, 155172420, 155172420, 155172420, 17241380, 17241380, 17241380, 700, 0.15, 189655170, 189655170, 189655170, 155172420, 155172420, 155172420, 17241380, 17241380, 17241380, 700, 0.15, 189655170, 189655170, 189655170, 155172420, 155172420, 155172420, 17241380, 17241380, 17241380, 700, 0.15, 189655170, 189655170, 189655170, 155172420, 155172420, 155172420, 17241380, 17241380, 17241380, 700, 0.15, 189655170, 189655170, 189655170, 155172420, 155172420, 155172420, 17241380, 17241380, 17241380, 700, 0.15, 189655170, 189655170, 189655170, 155172420, 155172420, 155172420, 17241380, 17241380, 17241380, 700, 0.15, 189655170, 189655170, 189655170, 155172420, 155172420, 155172420, 17241380, 17241380, 17241380, 700, 0.15, 189655170, 189655170, 189655170, 155172420, 155172420, 155172420, 17241380, 17241380, 17241380, 700, 0.15, 189655170, 189655170, 189655170, 155172420, 155172420, 155172420, 17241380, 17241380, 17241380, 700, 0.15, 189655170, 189655170, 189655170, 155172420, 155172420, 155172420, 17241380, 17241380, 17241380, 700, 0.15, 189655170, 189655170, 189655170, 155172420, 155172420, 155172420, 17241380, 17241380, 17241380, 700, 0.15, 189655170, 189655170, 189655170, 155172420, 155172420, 155172420, 17241380, 17241380, 17241380, 700, 0.15, 189655170, 189655170, 189655170, 155172420, 155172420, 155172420, 17241380, 17241380, 17241380, 700, 0.15, 189655170, 189655170, 189655170, 155172420, 155172420, 155172420, 17241380, 17241380, 17241380, 700, 0.15, 189655170, 189655170, 189655170, 155172420, 155172420, 155172420, 17241380, 17241380, 17241380, 700, 0.15, 189655170, 189655170, 189655170, 155172420, 155172420, 155172420, 17241380, 17241380, 17241380, 700, 0.15, 189655170, 189655170, 189655170, 155172420, 155172420, 155172420, 17241380, 17241380, 17241380, 700, 0.15, 189655170, 189655170, 189655170, 155172420, 155172420, 155172420, 17241380, 17241380, 17241380, 700, 0.15, 189655170, 189655170, 189655170, 155172420, 155172420, 155172420, 17241380, 17241380, 17241380, 700, 0.15, 189655170, 189655170, 189655170, 155172420, 155172420, 155172420, 17241380, 17241380, 17241380, 700, 0.15, 189655170, 189655170, 189655170, 155172420, 155172420, 155172420, 17241380, 17241380, 17241380, 700, 0.15, 189655170, 189655170, 189655170, 155172420, 155172420, 155172420, 17241380, 17241380, 17241380, 700, 0.15, 189655170, 189655170, 189655170, 155172420, 155172420, 155172420, 17241380, 17241380, 17241380, 700, 0.15, 189655170, 189655170, 189655170, 155172420, 155172420, 155172420, 17241380, 17241380, 17241380, 700, 0.15, 189655170, 189655170, 189655170, 155172420, 155172420, 155172420, 17241380, 17241380, 17241380, 700, 0.15, 189655170, 189655170, 189655170, 155172420, 155172420, 155172420, 17241380, 17241380, 17241380, 700, 0.15, 189655170, 189655170, 189655170, 155172420, 155172420, 155172420, 17241380, 17241380, 17241380, 700, 0.15, 189655170, 189655170, 189655170, 155172420, 155172420, 155172420, 17241380, 17241380, 17241380, 700, 0.15, 189655170, 189655170, 189655170, 155172420, 155172420, 155172420, 17241380, 17241380, 17241380, 700, 0.15, 189655170, 189655170, 189655170, 155172420, 155172420, 155172420, 17241380, 17241380, 17241380, 700, 0.15, 189655170, 189655170, 189655170, 155172420, 155172420, 155172420, 17241380, 17241380, 17241380, 700, 0.15, 189655170, 189655170, 189655170, 155172420, 155172420, 155172420, 17241380, 17241380, 17241380, 700, 0.15, 189655170, 189655170, 189655170, 155172420, 155172420, 155172420, 17241380, 17241380, 17241380, 700, 0.15, 189655170, 189655170, 189655170, 155172420, 155172420, 155172420, 17241380, 17241380, 17241380, 700, 0.15, 189655170, 189655170, 189655170, 155172420, 155172420, 155172420, 17241380, 17241380, 17241380, 700, 0.15, 189655170, 189655170, 189655170, 155172420, 155172420, 155172420, 17241380, 17241380, 17241380, 700, 0.15, 189655170, 189655170, 189655170, 155172420, 155172420, 155172420, 17241380, 17241380, 17241380, 700, 0.15, 189655170, 189655170, 189655170, 155172420, 155172420, 155172420, 17241380, 17241380, 17241380, 700, 0.15, 189655170, 189655170, 189655170, 155172420, 155172420, 155172420, 17241380, 17241380, 17241380, 700, 0.15, 189655170, 189655170, 189655170, 155172420, 155172420, 155172420, 17241380, 17241380, 17241380, 700, 0.15, 189655170, 189655170, 189655170, 155172420, 155172420, 155172420, 17241380, 17241380, 17241380, 700, 0.15, 189655170, 189655170, 189655170, 155172420, 155172420, 155172420, 17241380, 17241380, 17241380, 700, 0.15, 189655170, 189655170, 189655170, 155172420, 155172420, 155172420, 17241380, 17241380, 17241380, 700, 0.15, 189655170, 189655170, 189655170, 155172420, 155172420, 155172420, 17241380, 17241380, 17241380, 700, 0.15, 189655170, 189655170, 189655170, 155172420, 155172420, 155172420, 17241380, 17241380, 17241380, 700, 0.15, 189655170, 189655170, 189655170, 155172420, 155172420, 155172420, 17241380, 17241380, 17241380, 700, 0.15, 189655170, 189655170, 189655170, 155172420, 155172420, 155172420, 17241380, 17241380, 17241380, 700, 0.15, 189655170, 189655170, 189655170, 155172420, 155172420, 155172420, 17241380, 17241380, 17241380, 700, 0.15, 189655170, 189655170, 189655170, 155172420, 155172420, 155172420, 17241380, 17241380, 17241380, 700, 0.15, 189655170, 189655170, 189655170, 155172420, 155172420, 155172420, 17241380, 17241380, 17241380, 700, 0.15, 189655170, 189655170, 189655170, 155172420, 155172420, 155172420, 17241380, 17241380, 17241380, 700, 0.15, 189655170, 189655170, 189655170, 155172420, 155172420, 155172420, 17241380, 17241380, 17241380, 700, 0.15, 189655170, 189655170, 189655170, 155172420, 155172420, 155172420, 17241380, 17241380, 17241380, 700, 0.15, 189655170, 189655170, 189655170, 155172420, 155172420, 155172420, 17241380, 17241380, 17241380, 700, 0.15, 189655170, 189655170, 189655170, 155172420, 155172420, 155172420, 17241380, 17241380, 17241380, 700, 0.15, 189655170, 189655170, 189655170, 155172420, 155172420, 155172420, 17241380, 17241380, 17241380, 700, 0.15, 189655170, 189655170, 189655170, 155172420, 155172420, 155172420, 17241380, 17241380, 17241380, 700, 0.15, 189655170, 189655170, 189655170, 155172420, 155172420, 155172420, 17241380, 17241380, 17241380, 700, 0.15, 189655170, 189655170, 189655170, 155172420, 155172420, 155172420, 17241380, 17241380, 17241380, 700, 0.15, 189655170, 189655170, 189655170, 155172420, 155172420, 155172420, 17241380, 17241380, 17241380, 700, 0.15, 189655170, 189655170, 189655170, 155172420, 155172420, 155172420, 17241380, 17241380, 17241380, 700, 0.15, 189655170, 189655170, 189655170, 155172420, 155172420, 155172420, 17241380, 17241380, 17241380, 700, 0.15, 189655170, 189655170, 189655170, 155172420, 155172420, 155172420, 17241380, 17241380, 17241380, 700, 0.15, 189655170, 189655170, 189655170, 155172420, 155172420, 155172420, 17241380, 17241380, 17241380, 700, 0.15, 189655170, 189655170, 189655170, 155172420, 155172420, 155172420, 17241380, 17241380, 17241380, 700, 0.15, 189655170, 189655170, 189655170, 155172420, 155172420, 155172420, 17241380, 17241380, 17241380, 700, 0.15, 189655170, 189655170, 189655170, 155172420, 155172420, 155172420, 17241380, 17241380, 17241380, 700, 0.15, 189655170, 189655170, 189655170, 155172420, 155172420, 155172420, 17241380, 17241380, 17241380, 700, 0.15, 189655170, 189655170, 189655170, 155172420, 155172420, 155172420, 17241380, 17241380, 17241380, 700, 0.15, 189655170, 189655170, 189655170, 155172420, 155172420, 155172420, 17241380, 17241380, 17241380, 700, 0.15, 189655170, 189655170, 189655170, 155172420, 155172420, 155172420, 17241380, 17241380, 17241380, 700, 0.15, 189655170, 189655170, 189655170, 155172420, 155172420, 155172420, 17241380, 17241380, 17241380, 700, 0.15, 189655170, 189655170, 189655170, 155172420, 155172420, 155172420, 17241380, 17241380, 17241380, 700, 0.15, 189655170, 189655170, 189655170, 155172420, 155172420, 155172420, 17241380, 17241380, 17241380, 700, 0.15, 189655170, 189655170, 189655170, 155172420, 155172420, 155172420, 17241380, 17241380, 17241380, 700, 0.15, 189655170, 189655170, 189655170, 155172420, 155172420, 155172420, 17241380, 17241380, 17241380, 700, 0.15, 189655170, 189655170, 189655170, 155172420, 155172420, 155172420, 17241380, 17241380, 17241380, 700, 0.15, 189655170, 189655170, 189655170, 155172420, 155172420, 155172420, 17241380, 17241380, 17241380, 700, 0.15, 189655170, 189655170, 189655170, 155172420, 155172420, 155172420, 17241380, 17241380, 17241380, 700, 0.15, 189655170, 189655170, 189655170, 155172420, 155172420, 155172420, 17241380, 17241380, 17241380, 700, 0.15, 189655170, 189655170, 189655170, 155172420, 155172420, 155172420, 17241380, 17241380, 17241380, 700, 0.15, 189655170, 189655170, 189655170, 155172420, 155172420, 155172420, 17241380, 17241380, 17241380, 700, 0.15, 189655170, 189655170, 189655170, 155172420, 155172420, 155172420, 17241380, 17241380, 17241380, 700, 0.15, 189655170, 189655170, 189655170, 155172420, 155172420, 155172420, 17241380, 17241380, 17241380, 700, 0.15, 189655170, 189655170, 189655170, 155172420, 155172420, 155172420, 17241380, 17241380, 17241380, 700, 0.15, 189655170, 189655170, 189655170, 155172420, 155172420, 155172420, 17241380, 17241380, 17241380, 700, 0.15, 189655170, 189655170, 189655170, 155172420, 155172420, 155172420, 17241380, 17241380, 17241380, 700, 0.15, 189655170, 189655170, 189655170, 155172420, 155172420, 155172420, 17241380, 17241380, 17241380, 700, 0.15, 189655170, 189655170, 189655170, 155172420, 155172420, 155172420, 17241380, 17241380, 17241380, 700, 0.15, 189655170, 189655170, 189655170, 155172420, 155172420, 155172420, 17241380, 17241380, 17241380, 700, 0.15, 189655170, 189655170, 189655170, 155172420, 155172420, 155172420, 17241380, 17241380, 17241380, 700, 0.15, 189655170, 189655170, 189655170, 155172420, 155172420, 155172420, 17241380, 17241380, 17241380, 700, 0.15, 189655170, 189655170, 189655170, 155172420, 155172420, 155172420, 17241380, 17241380, 17241380, 700, 0.15, 189655170, 189655170, 189655170, 155172420, 155172420, 155172420, 17241380, 17241380, 17241380, 700, 0.15, 189655170, 189655170, 189655170, 155172420, 155172420, 155172420, 17241380, 17241380, 17241380, 700, 0.15, 189655170, 189655170, 189655170, 155172420, 155172420, 155172420, 17241380, 17241380, 17241380, 700, 0.15, 189655170, 189655170, 189655170, 155172420, 155172420, 155172420, 17241380, 17241380, 17241380, 700, 0.15, 189655170, 189655170, 189655170, 155172420, 155172420, 155172420, 17241380, 17241380, 17241380, 700, 0.15, 189655170, 189655170, 189655170, 155172420, 155172420, 155172420, 17241380, 17241380, 17241380, 700, 0.15, 189655170, 189655170, 189655170, 155172420, 155172420, 155172420, 17241380, 17241380, 17241380, 700, 0.15, 189655170, 189655170, 189655170, 155172420, 155172420, 155172420, 17241380, 17241380, 17241380, 700, 0.15, 189655170, 189655170, 189655170, 155172420, 155172420, 155172420, 17241380, 17241380, 17241380, 700, 0.15, 189655170, 189655170, 189655170, 155172420, 155172420, 155172420, 17241380, 17241380, 17241380, 700, 0.15, 189655170, 189655170, 189655170, 155172420, 155172420, 155172420, 17241380, 17241380, 17241380, 700, 0.15, 189655170, 189655170, 189655170, 155172420, 155172420, 155172420, 17241380, 17241380, 17241380, 700, 0.15, 189655170, 189655170, 189655170, 155172420, 155172420, 155172420, 17241380, 17241380, 17241380, 700, 0.15, 189655170, 189655170, 189655170, 155172420, 155172420, 155172420, 17241380, 17241380, 17241380, 700, 0.15, 189655170, 189655170, 189655170, 155172420, 155172420, 155172420, 17241380, 17241380, 17241380, 700, 0.15, 189655170, 189655170, 189655170, 155172420, 155172420, 155172420, 17241380, 17241380, 17241380, 700, 0.15, 189655170, 189655170, 189655170, 155172420, 155172420, 155172420, 17241380, 17241380, 17241380, 700, 0.15, 189655170, 189655170, 189655170, 155172420, 155172420, 155172420, 17241380, 17241380, 17241380, 700, 0.15, 189655170, 189655170, 189655170, 155172420, 155172420, 155172420, 17241380, 17241380, 17241380, 700, 0.15, 189655170, 189655170, 189655170, 155172420, 155172420, 155172420, 17241380, 17241380, 17241380, 700, 0.15, 189655170, 189655170, 189655170, 155172420, 155172420, 155172420, 17241380, 17241380, 17241380, 700, 0.15, 189655170, 189655170, 189655170, 155172420, 155172420, 155172420, 17241380, 17241380, 17241380, 700, 0.15, 189655170, 189655170, 189655170, 155172420, 155172420, 155172420, 17241380, 17241380, 17241380, 700, 0.15, 189655170, 189655170, 189655170, 155172420, 155172420, 155172420, 17241380, 17241380, 17241380, 700, 0.15, 189655170, 189655170, 189655170, 155172420, 155172420, 155172420, 17241380, 17241380, 17241380, 700, 0.15, 189655170, 189655170, 189655170, 155172420, 155172420, 155172420, 17241380, 17241380, 17241380, 700, 0.15, 189655170, 189655170, 189655170, 155172420, 155172420, 155172420, 17241380, 17241380, 17241380, 700, 0.15, 189655170, 189655170, 189655170, 155172420, 155172420, 155172420, 17241380, 17241380, 17241380, 700, 0.15, 189655170, 189655170, 189655170, 155172420, 155172420, 155172420, 17241380, 17241380, 17241380, 700, 0.15, 189655170, 189655170, 189655170, 155172420, 155172420, 155172420, 17241380, 17241380, 17241380, 700, 0.15, 189655170, 189655170, 189655170, 155172420, 155172420, 155172420, 17241380, 17241380, 17241380, 700, 0.15, 189655170, 189655170, 189655170, 155172420, 155172420, 155172420, 17241380, 17241380, 17241380, 700, 0.15, 189655170, 189655170, 189655170, 155172420, 155172420, 155172420, 17241380, 17241380, 17241380, 700, 0.15, 189655170, 189655170, 189655170, 155172420, 155172420, 155172420, 17241380, 17241380, 17241380, 700, 0.15, 189655170, 189655170, 189655170, 155172420, 155172420, 155172420, 17241380, 17241380, 17241380, 700, 0.15, 189655170, 189655170, 189655170, 155172420, 155172420, 155172420, 17241380, 17241380, 17241380, 700, 0.15, 189655170, 189655170, 189655170, 155172420, 155172420, 155172420, 17241380, 17241380, 17241380, 700, 0.15, 189655170, 189655170, 189655170, 155172420, 155172420, 155172420, 17241380, 17241380, 17241380, 700, 0.15, 189655170, 189655170, 189655170, 155172420, 155172420, 155172420, 17241380, 17241380, 17241380, 700, 0.15, 189655170, 189655170, 189655170, 155172420, 155172420, 155172420, 17241380, 17241380, 17241380, 700, 0.15, 189655170, 189655170, 189655170, 155172420, 155172420, 155172420, 17241380, 17241380, 17241380, 700, 0.15, 189655170, 189655170, 189655170, 155172420, 155172420, 155172420, 17241380, 17241380, 17241380, 700, 0.15, 189655170, 189655170, 189655170, 155172420, 155172420, 155172420, 17241380, 17241380, 17241380, 700, 0.15, 189655170, 189655170, 189655170, 155172420, 155172420, 155172420, 17241380, 17241380, 17241380, 700, 0.15, 189655170, 189655170, 189655170, 155172420, 155172420, 155172420, 17241380, 17241380, 17241380, 700, 0.15, 189655170, 189655170, 189655170, 155172420, 155172420, 155172420, 17241380, 17241380, 17241380, 700, 0.15, 189655170, 189655170, 189655170, 155172420, 155172420, 155172420, 17241380, 17241380, 17241380, 700, 0.15, 189655170, 189655170, 189655170, 155172420, 155172420, 155172420, 17241380, 17241380, 17241380, 700, 0.15, 189655170, 189655170, 189655170, 155172420, 155172420, 155172420, 17241380, 17241380, 17241380, 700, 0.15, 189655170, 189655170, 189655170, 155172420, 155172420, 155172420, 17241380, 17241380, 17241380, 700, 0.15, 189655170, 189655170, 189655170, 155172420, 155172420, 155172420, 17241380, 17241380, 17241380, 700, 0.15, 189655170, 189655170, 189655170, 155172420, 155172420, 155172420, 17241380, 17241380, 17241380, 700, 0.15, 189655170, 189655170, 189655170, 155172420, 155172420, 155172420, 17241380, 17241380, 17241380, 700, 0.15, 189655170, 189655170, 189655170, 155172420, 155172420, 155172420, 17241380, 17241380, 17241380, 700, 0.15, 189655170, 189655170, 189655170, 155172420, 155172420, 155172420, 17241380, 17241380, 17241380, 700, 0.15, 189655170, 189655170, 189655170, 155172420, 155172420, 155172420, 17241380, 17241380, 17241380, 700, 0.15, 189655170, 189655170, 189655170, 155172420, 155172420, 155172420, 17241380, 17241380, 17241380, 700, 0.15, 189655170, 189655170, 189655170, 155172420, 155172420, 155172420, 17241380, 17241380, 17241380, 700, 0.15, 189655170, 189655170, 189655170, 155172420, 155172420, 155172420, 17241380, 17241380, 17241380, 700, 0.15, 189655170, 189655170, 189655170, 155172420, 155172420, 155172420, 17241380, 17241380, 17241380, 700, 0.15, 189655170, 189655170, 189655170, 155172420, 155172420, 155172420, 17241380, 17241380, 17241380, 700, 0.15, 189655170, 189655170, 189655170, 155172420, 155172420, 155172420, 17241380, 17241380, 17241380, 700, 0.15, 189655170, 189655170, 189655170, 155172420, 155172420, 155172420, 17241380, 17241380, 17241380, 700, 0.15, 189655170, 189655170, 189655170, 155172420, 155172420, 155172420, 17241380, 17241380, 17241380, 700, 0.15, 189655170, 189655170, 189655170, 155172420, 155172420, 155172420, 17241380, 17241380, 17241380, 700, 0.15, 189655170, 189655170, 189655170, 155172420, 155172420, 155172420, 17241380, 17241380, 17241380, 700, 0.15, 189655170, 189655170, 189655170, 155172420, 155172420, 155172420, 17241380, 17241380, 17241380, 700, 0.15, 189655170, 189655170, 189655170, 155172420, 155172420, 155172420, 17241380, 17241380, 17241380, 700, 0.15, 189655170, 189655170, 189655170, 155172420, 155172420, 155172420, 17241380, 17241380, 17241380, 700, 0.15, 189655170, 189655170, 189655170, 155172420, 155172420, 155172420, 17241380, 17241380, 17241380, 700, 0.15, 189655170, 189655170, 189655170, 155172420, 155172420, 155172420, 17241380, 17241380, 17241380, 700, 0.15, 189655170, 189655170, 189655170, 155172420, 155172420, 155172420, 17241380, 17241380, 17241380, 700, 0.15, 189655170, 189655170, 189655170, 155172420, 155172420, 155172420, 17241380, 17241380, 17241380, 700, 0.15, 189655170, 189655170, 189655170, 155172420, 155172420, 155172420, 17241380, 17241380, 17241380, 700, 0.15, 189655170, 189655170, 189655170, 155172420, 155172420, 155172420, 17241380, 17241380, 17241380, 700, 0.15, 189655170, 189655170, 189655170, 155172420, 155172420, 155172420, 17241380, 17241380, 17241380, 700, 0.15, 189655170, 189655170, 189655170, 155172420, 155172420, 155172420, 17241380, 17241380, 17241380, 700, 0.15, 189655170, 189655170, 189655170, 155172420, 155172420, 155172420, 17241380, 17241380, 17241380, 700, 0.15, 189655170, 189655170, 189655170, 155172420, 155172420, 155172420, 17241380, 17241380, 17241380, 700, 0.15, 189655170, 189655170, 189655170, 155172420, 155172420, 155172420, 17241380, 17241380, 17241380, 700, 0.15, 189655170, 189655170, 189655170, 155172420, 155172420, 155172420, 17241380, 17241380, 17241380, 700, 0.15, 189655170, 189655170, 189655170, 155172420, 155172420, 155172420, 17241380, 17241380, 17241380, 700, 0.15, 189655170, 189655170, 189655170, 155172420, 155172420, 155172420, 17241380, 17241380, 17241380, 700, 0.15, 189655170, 189655170, 189655170, 155172420, 155172420, 155172420, 17241380, 17241380, 17241380, 700, 0.15, 189655170, 189655170, 189655170, 155172420, 155172420, 155172420, 17241380, 17241380, 17241380, 700, 0.15, 189655170, 189655170, 189655170, 155172420, 155172420, 155172420, 17241380, 17241380, 17241380, 700, 0.15, 189655170, 189655170, 189655170, 155172420, 155172420, 155172420, 17241380, 17241380, 17241380, 700, 0.15, 189655170, 189655170, 189655170, 155172420, 155172420, 155172420, 17241380, 17241380, 17241380, 700, 0.15, 189655170, 189655170, 189655170, 155172420, 155172420, 155172420, 17241380, 17241380, 17241380, 700, 0.15, 189655170, 189655170, 189655170, 155172420, 155172420, 155172420, 17241380, 17241380, 17241380, 700, 0.15, 189655170, 189655170, 189655170, 155172420, 155172420, 155172420, 17241380, 17241380, 17241380, 700, 0.15, 189655170, 189655170, 189655170, 155172420, 155172420, 155172420, 17241380, 17241380, 17241380, 700, 0.15, 189655170, 189655170, 189655170, 155172420, 155172420, 155172420, 17241380, 17241380, 17241380, 700, 0.15, 189655170, 189655170, 189655170, 155172420, 155172420, 155172420, 17241380, 17241380, 17241380, 700, 0.15, 189655170, 189655170, 189655170, 155172420, 155172420, 155172420, 17241380, 17241380, 17241380, 700, 0.15, 189655170, 189655170, 189655170, 155172420, 155172420, 155172420, 17241380, 17241380, 17241380, 700, 0.15, 189655170, 189655170, 189655170, 155172420, 155172420, 155172420, 17241380, 17241380, 17241380, 700, 0.15, 189655170, 189655170, 189655170, 155172420, 155172420, 155172420, 17241380, 17241380, 17241380, 700, 0.15, 189655170, 189655170, 189655170, 155172420, 155172420, 155172420, 17241380, 17241380, 17241380, 700, 0.15, 189655170, 189655170, 189655170, 155172420, 155172420, 155172420, 17241380, 17241380, 17241380, 700, 0.15, 189655170, 189655170, 189655170, 155172420, 155172420, 155172420, 17241380, 17241380, 17241380, 700, 0.15, 189655170, 189655170, 189655170, 155172420, 155172420, 155172420, 17241380, 17241380, 17241380, 700, 0.15, 189655170, 189655170, 189655170, 155172420, 155172420, 155172420, 17241380, 17241380, 17241380, 700, 0.15, 189655170, 189655170, 189655170, 155172420, 155172420, 155172420, 17241380, 17241380, 17241380, 700, 0.15, 189655170, 189655170, 189655170, 155172420, 155172420, 155172420, 17241380, 17241380, 17241380, 700, 0.15, 189655170, 189655170, 189655170, 155172420, 155172420, 155172420, 17241380, 17241380, 17241380, 700, 0.15, 189655170, 189655170, 189655170, 155172420, 155172420, 155172420, 17241380, 17241380, 17241380, 700, 0.15, 189655170, 189655170, 189655170, 155172420, 155172420, 155172420, 17241380, 17241380, 17241380, 700, 0.15, 189655170, 189655170, 189655170, 155172420, 155172420, 155172420, 17241380, 17241380, 17241380, 700, 0.15, 189655170, 189655170, 189655170, 155172420, 155172420, 155172420, 17241380, 17241380, 17241380, 700, 0.15, 189655170, 189655170, 189655170, 155172420, 155172420, 155172420, 17241380, 17241380, 17241380, 700, 0.15, 189655170, 189655170, 189655170, 155172420, 155172420, 155172420, 17241380, 17241380, 17241380, 700, 0.15, 189655170, 189655170, 189655170, 155172420, 155172420, 155172420, 17241380, 17241380, 17241380, 700, 0.15, 189655170, 189655170, 189655170, 155172420, 155172420, 155172420, 17241380, 17241380, 17241380, 700, 0.15, 189655170, 189655170, 189655170, 155172420, 155172420, 155172420, 17241380, 17241380, 17241380, 700, 0.15, 189655170, 189655170, 189655170, 155172420, 155172420, 155172420, 17241380, 17241380, 17241380, 700, 0.15, 189655170, 189655170, 189655170, 155172420, 155172420, 155172420, 17241380, 17241380, 17241380, 700, 0.15, 189655170, 189655170, 189655170, 155172420, 155172420, 155172420, 17241380, 17241380, 17241380, 700, 0.15, 189655170, 189655170, 189655170, 155172420, 155172420, 155172420, 17241380, 17241380, 17241380, 700, 0.15, 189655170, 189655170, 189655170, 155172420, 155172420, 155172420, 17241380, 17241380, 17241380, 700, 0.15, 189655170, 189655170, 189655170, 155172420, 155172420, 155172420, 17241380, 17241380, 17241380, 700, 0.15, 189655170, 189655170, 189655170, 155172420, 155172420, 155172420, 17241380, 17241380, 17241380, 700, 0.15, 189655170, 189655170, 189655170, 155172420, 155172420, 155172420, 17241380, 17241380, 17241380, 700, 0.15, 189655170, 189655170, 189655170, 155172420, 155172420, 155172420, 17241380, 17241380, 17241380, 700, 0.15, 189655170, 189655170, 189655170, 155172420, 155172420, 155172420, 17241380, 17241380, 17241380, 700, 0.15, 189655170, 189655170, 189655170, 155172420, 155172420, 155172420, 17241380, 17241380, 17241380, 700, 0.15, 189655170, 189655170, 189655170, 155172420, 155172420, 155172420, 17241380, 17241380, 17241380, 700, 0.15, 189655170, 189655170, 189655170, 155172420, 155172420, 155172420, 17241380, 17241380, 17241380, 700, 0.15, 189655170, 189655170, 189655170, 155172420, 155172420, 155172420, 17241380, 17241380, 17241380, 700, 0.15, 189655170, 189655170, 189655170, 155172420, 155172420, 155172420, 17241380, 17241380, 17241380, 700, 0.15, 189655170, 189655170, 189655170, 155172420, 155172420, 155172420, 17241380, 17241380, 17241380, 700, 0.15, 189655170, 189655170, 189655170, 155172420, 155172420, 155172420, 17241380, 17241380, 17241380, 700, 0.15, 189655170, 189655170, 189655170, 155172420, 155172420, 155172420, 17241380, 17241380, 17241380, 700, 0.15, 189655170, 189655170, 189655170, 155172420, 155172420, 155172420, 17241380, 17241380, 17241380, 700, 0.15, 189655170, 189655170, 189655170, 155172420, 155172420, 155172420, 17241380, 17241380, 17241380, 700, 0.15, 189655170, 189655170, 189655170, 155172420, 155172420, 155172420, 17241380, 17241380, 17241380, 700, 0.15, 189655170, 189655170, 189655170, 155172420, 155172420, 155172420, 17241380, 17241380, 17241380, 700, 0.15, 189655170, 189655170, 189655170, 155172420, 155172420, 155172420, 17241380, 17241380, 17241380, 700, 0.15, 189655170, 189655170, 189655170, 155172420, 155172420, 155172420, 17241380, 17241380, 17241380, 700, 0.15, 189655170, 189655170, 189655170, 155172420, 155172420, 155172420, 17241380, 17241380, 17241380, 700, 0.15, 189655170, 189655170, 189655170, 155172420, 155172420, 155172420, 17241380, 17241380, 17241380, 700, 0.15, 189655170, 189655170, 189655170, 155172420, 155172420, 155172420, 17241380, 17241380, 17241380, 700, 0.15, 189655170, 189655170, 189655170, 155172420, 155172420, 155172420, 17241380, 17241380, 17241380, 700, 0.15, 189655170, 189655170, 189655170, 155172420, 155172420, 155172420, 17241380, 17241380, 17241380, 700, 0.15, 189655170, 189655170, 189655170, 155172420, 155172420, 155172420, 17241380, 17241380, 17241380, 700, 0.15, 189655170, 189655170, 189655170, 155172420, 155172420, 155172420, 17241380, 17241380, 17241380, 700, 0.15, 189655170, 189655170, 189655170, 155172420, 155172420, 155172420, 17241380, 17241380, 17241380, 700, 0.15, 189655170, 189655170, 189655170, 155172420, 155172420, 155172420, 17241380, 17241380, 17241380, 700, 0.15, 189655170, 189655170, 189655170, 155172420, 155172420, 155172420, 17241380, 17241380, 17241380, 700, 0.15, 189655170, 189655170, 189655170, 155172420, 155172420, 155172420, 17241380, 17241380, 17241380, 700, 0.15, 189655170, 189655170, 189655170, 155172420, 155172420, 155172420, 17241380, 17241380, 17241380, 700, 0.15, 189655170, 189655170, 189655170, 155172420, 155172420, 155172420, 17241380, 17241380, 17241380, 700, 0.15, 189655170, 189655170, 189655170, 155172420, 155172420, 155172420, 17241380, 17241380, 17241380, 700, 0.15, 189655170, 189655170, 189655170, 155172420, 155172420, 155172420, 17241380, 17241380, 17241380, 700, 0.15, 189655170, 189655170, 189655170, 155172420, 155172420, 155172420, 17241380, 17241380, 17241380, 700, 0.15, 189655170, 189655170, 189655170, 155172420, 155172420, 155172420, 17241380, 17241380, 17241380, 700, 0.15, 189655170, 189655170, 189655170, 155172420, 155172420, 155172420, 17241380, 17241380, 17241380, 700, 0.15, 189655170, 189655170, 189655170, 155172420, 155172420, 155172420, 17241380, 17241380, 17241380, 700, 0.15, 189655170, 189655170, 189655170, 155172420, 155172420, 155172420, 17241380, 17241380, 17241380, 700, 0.15, 189655170, 189655170, 189655170, 155172420, 155172420, 155172420, 17241380, 17241380, 17241380, 700, 0.15, 189655170, 189655170, 189655170, 155172420, 155172420, 155172420, 17241380, 17241380, 17241380, 700, 0.15, 189655170, 189655170, 189655170, 155172420, 155172420, 155172420, 17241380, 17241380, 17241380, 700, 0.15, 189655170, 189655170, 189655170, 155172420, 155172420, 155172420, 17241380, 17241380, 17241380, 700, 0.15, 189655170, 189655170, 189655170, 155172420, 155172420, 155172420, 17241380, 17241380, 17241380, 700, 0.15, 189655170, 189655170, 189655170, 155172420, 155172420, 155172420, 17241380, 17241380, 17241380, 700, 0.15, 189655170, 189655170, 189655170, 155172420, 155172420, 155172420, 17241380, 17241380, 17241380, 700, 0.15, 189655170, 189655170, 189655170, 155172420, 155172420, 155172420, 17241380, 17241380, 17241380, 700, 0.15, 189655170, 189655170, 189655170, 155172420, 155172420, 155172420, 17241380, 17241380, 17241380, 700, 0.15, 189655170, 189655170, 189655170, 155172420, 155172420, 155172420, 17241380, 17241380, 17241380, 700, 0.15, 189655170, 189655170, 189655170, 155172420, 155172420, 155172420, 17241380, 17241380, 17241380, 700, 0.15, 189655170, 189655170, 189655170, 155172420, 155172420, 155172420, 17241380, 17241380, 17241380, 700, 0.15, 189655170, 189655170, 189655170, 155172420, 155172420, 155172420, 17241380, 17241380, 17241380, 700, 0.15, 189655170, 189655170, 189655170, 155172420, 155172420, 155172420, 17241380, 17241380, 17241380, 700, 0.15, 189655170, 189655170, 189655170, 155172420, 155172420, 155172420, 17241380, 17241380, 17241380, 700, 0.15, 189655170, 189655170, 189655170, 155172420, 155172420, 155172420, 17241380, 17241380, 17241380, 700, 0.15, 189655170, 189655170, 189655170, 155172420, 155172420, 155172420, 17241380, 17241380, 17241380, 700, 0.15, 189655170, 189655170, 189655170, 155172420, 155172420, 155172420, 17241380, 17241380, 17241380, 700, 0.15, 189655170, 189655170, 189655170, 155172420, 155172420, 155172420, 17241380, 17241380, 17241380, 700, 0.15, 189655170, 189655170, 189655170, 155172420, 155172420, 155172420, 17241380, 17241380, 17241380, 700, 0.15, 189655170, 189655170, 189655170, 155172420, 155172420, 155172420, 17241380, 17241380, 17241380, 700, 0.15, 189655170, 189655170, 189655170, 155172420, 155172420, 155172420, 17241380, 17241380, 17241380, 700, 0.15, 189655170, 189655170, 189655170, 155172420, 155172420, 155172420, 17241380, 17241380, 17241380, 700, 0.15, 189655170, 189655170, 189655170, 155172420, 155172420, 155172420, 17241380, 17241380, 17241380, 700, 0.15, 189655170, 189655170, 189655170, 155172420, 155172420, 155172420, 17241380, 17241380, 17241380, 700, 0.15, 189655170, 189655170, 189655170, 155172420, 155172420, 155172420, 17241380, 17241380, 17241380, 700, 0.15, 189655170, 189655170, 189655170, 155172420, 155172420, 155172420, 17241380, 17241380, 17241380, 700, 0.15, 189655170, 189655170, 189655170, 155172420, 155172420, 155172420, 17241380, 17241380, 17241380, 700, 0.15, 189655170, 189655170, 189655170, 155172420, 155172420, 155172420, 17241380, 17241380, 17241380, 700, 0.15, 189655170, 189655170, 189655170, 155172420, 155172420, 155172420, 17241380, 17241380, 17241380, 700, 0.15, 189655170, 189655170, 189655170, 155172420, 155172420, 155172420, 17241380, 17241380, 17241380, 700, 0.15, 189655170, 189655170, 189655170, 155172420, 155172420, 155172420, 17241380, 17241380, 17241380, 700, 0.15, 189655170, 189655170, 189655170, 155172420, 155172420, 155172420, 17241380, 17241380, 17241380, 700, 0.15, 189655170, 189655170, 189655170, 155172420, 155172420, 155172420, 17241380, 17241380, 17241380, 700, 0.15, 189655170, 189655170, 189655170, 155172420, 155172420, 155172420, 17241380, 17241380, 17241380, 700, 0.15, 189655170, 189655170, 189655170, 155172420, 155172420, 155172420, 17241380, 17241380, 17241380, 700, 0.15, 189655170, 189655170, 189655170, 155172420, 155172420, 155172420, 17241380, 17241380, 17241380, 700, 0.15, 189655170, 189655170, 189655170, 155172420, 155172420, 155172420, 17241380, 17241380, 17241380, 700, 0.15, 189655170, 189655170, 189655170, 155172420, 155172420, 155172420, 17241380, 17241380, 17241380, 700, 0.15, 189655170, 189655170, 189655170, 155172420, 155172420, 155172420, 17241380, 17241380, 17241380, 700, 0.15, 189655170, 189655170, 189655170, 155172420, 155172420, 155172420, 17241380, 17241380, 17241380, 700, 0.15, 189655170, 189655170, 189655170, 155172420, 155172420, 155172420, 17241380, 17241380, 17241380, 700, 0.15, 189655170, 189655170, 189655170, 155172420, 155172420, 155172420, 17241380, 17241380, 17241380, 700, 0.15, 189655170, 189655170, 189655170, 155172420, 155172420, 155172420, 17241380, 17241380, 17241380, 700, 0.15, 189655170, 189655170, 189655170, 155172420, 155172420, 155172420, 17241380, 17241380, 17241380, 700, 0.15, 189655170, 189655170, 189655170, 155172420, 155172420, 155172420, 17241380, 17241380, 17241380, 700, 0.15, 189655170, 189655170, 189655170, 155172420, 155172420, 155172420, 17241380, 17241380, 17241380, 700, 0.15, 189655170, 189655170, 189655170, 155172420, 155172420, 155172420, 17241380, 17241380, 17241380, 700, 0.15, 189655170, 189655170, 189655170, 155172420, 155172420, 155172420, 17241380, 17241380, 17241380, 700, 0.15, 189655170, 189655170, 189655170, 155172420, 155172420, 155172420, 17241380, 17241380, 17241380, 700, 0.15, 189655170, 189655170, 189655170, 155172420, 155172420, 155172420, 17241380, 17241380, 17241380, 700, 0.15, 189655170, 189655170, 189655170, 155172420, 155172420, 155172420, 17241380, 17241380, 17241380, 700, 0.15, 189655170, 189655170, 189655170, 155172420, 155172420, 155172420, 17241380, 17241380, 17241380, 700, 0.15, 189655170, 189655170, 189655170, 155172420, 155172420, 155172420, 17241380, 17241380, 17241380, 700, 0.15, 189655170, 189655170, 189655170, 155172420, 155172420, 155172420, 17241380, 17241380, 17241380, 700, 0.15, 189655170, 189655170, 189655170, 155172420, 155172420, 155172420, 17241380, 17241380, 17241380, 700, 0.15, 189655170, 189655170, 189655170, 155172420, 155172420, 155172420, 17241380, 17241380, 17241380, 700, 0.15, 189655170, 189655170, 189655170, 155172420, 155172420, 155172420, 17241380, 17241380, 17241380, 700, 0.15, 189655170, 189655170, 189655170, 155172420, 155172420, 155172420, 17241380, 17241380, 17241380, 700, 0.15, 189655170, 189655170, 189655170, 155172420, 155172420, 155172420, 17241380, 17241380, 17241380, 700, 0.15, 189655170, 189655170, 189655170, 155172420, 155172420, 155172420, 17241380, 17241380, 17241380, 700, 0.15, 189655170, 189655170, 189655170, 155172420, 155172420, 155172420, 17241380, 17241380, 17241380, 700, 0.15, 189655170, 189655170, 189655170, 155172420, 155172420, 155172420, 17241380, 17241380, 17241380, 700, 0.15, 189655170, 189655170, 189655170, 155172420, 155172420, 155172420, 17241380, 17241380, 17241380, 700, 0.15, 189655170, 189655170, 189655170, 155172420, 155172420, 155172420, 17241380, 17241380, 17241380, 700, 0.15, 189655170, 189655170, 189655170, 155172420, 155172420, 155172420, 17241380, 17241380, 17241380, 700, 0.15, 189655170, 189655170, 189655170, 155172420, 155172420, 155172420, 17241380, 17241380, 17241380, 700, 0.15, 189655170, 189655170, 189655170, 155172420, 155172420, 155172420, 17241380, 17241380, 17241380, 700, 0.15, 189655170, 189655170, 189655170, 155172420, 155172420, 155172420, 17241380, 17241380, 17241380, 700, 0.15, 189655170, 189655170, 189655170, 155172420, 155172420, 155172420, 17241380, 17241380, 17241380, 700, 0.15, 189655170, 189655170, 189655170, 155172420, 155172420, 155172420, 17241380, 17241380, 17241380, 700, 0.15, 189655170, 189655170, 189655170, 155172420, 155172420, 155172420, 17241380, 17241380, 17241380, 700, 0.15, 189655170, 189655170, 189655170, 155172420, 155172420, 155172420, 17241380, 17241380, 17241380, 700, 0.15, 189655170, 189655170, 189655170, 155172420, 155172420, 155172420, 17241380, 17241380, 17241380, 700, 0.15, 189655170, 189655170, 189655170, 155172420, 155172420, 155172420, 17241380, 17241380, 17241380, 700, 0.15, 189655170, 189655170, 189655170, 155172420, 155172420, 155172420, 17241380, 17241380, 17241380, 700, 0.15, 189655170, 189655170, 189655170, 155172420, 155172420, 155172420, 17241380, 17241380, 17241380, 700, 0.15, 189655170, 189655170, 189655170, 155172420, 155172420, 155172420, 17241380, 17241380, 17241380, 700, 0.15, 189655170, 189655170, 189655170, 155172420, 155172420, 155172420, 17241380, 17241380, 17241380, 700, 0.15, 189655170, 189655170, 189655170, 155172420, 155172420, 155172420, 17241380, 17241380, 17241380, 700, 0.15, 189655170, 189655170, 189655170, 155172420, 155172420, 155172420, 17241380, 17241380, 17241380, 700, 0.15, 189655170, 189655170, 189655170, 155172420, 155172420, 155172420, 17241380, 17241380, 17241380, 700, 0.15, 189655170, 189655170, 189655170, 155172420, 155172420, 155172420, 17241380, 17241380, 17241380, 700, 0.15, 189655170, 189655170, 189655170, 155172420, 155172420, 155172420, 17241380, 17241380, 17241380, 700, 0.15, 189655170, 189655170, 189655170, 155172420, 155172420, 155172420, 17241380, 17241380, 17241380, 700, 0.15, 189655170, 189655170, 189655170, 155172420, 155172420, 155172420, 17241380, 17241380, 17241380, 700, 0.15, 189655170, 189655170, 189655170, 155172420, 155172420, 155172420, 17241380, 17241380, 17241380, 700, 0.15, 189655170, 189655170, 189655170, 155172420, 155172420, 155172420, 17241380, 17241380, 17241380, 700, 0.15, 189655170, 189655170, 189655170, 155172420, 155172420, 155172420, 17241380, 17241380, 17241380, 700, 0.15, 189655170, 189655170, 189655170, 155172420, 155172420, 155172420, 17241380, 17241380, 17241380, 700, 0.15, 189655170, 189655170, 189655170, 155172420, 155172420, 155172420, 17241380, 17241380, 17241380, 700, 0.15, 189655170, 189655170, 189655170, 155172420, 155172420, 155172420, 17241380, 17241380, 17241380, 700, 0.15, 189655170, 189655170, 189655170, 155172420, 155172420, 155172420, 17241380, 17241380, 17241380, 700, 0.15, 189655170, 189655170, 189655170, 155172420, 155172420, 155172420, 17241380, 17241380, 17241380, 700, 0.15, 189655170, 189655170, 189655170, 155172420, 155172420, 155172420, 17241380, 17241380, 17241380, 700, 0.15, 189655170, 189655170, 189655170, 155172420, 155172420, 155172420, 17241380, 17241380, 17241380, 700, 0.15, 189655170, 189655170, 189655170, 155172420, 155172420, 155172420, 17241380, 17241380, 17241380, 700, 0.15, 189655170, 189655170, 189655170, 155172420, 155172420, 155172420, 17241380, 17241380, 17241380, 700, 0.15, 189655170, 189655170, 189655170, 155172420, 155172420, 155172420, 17241380, 17241380, 17241380, 700, 0.15, 189655170, 189655170, 189655170, 155172420, 155172420, 155172420, 17241380, 17241380, 17241380, 700, 0.15, 189655170, 189655170, 189655170, 155172420, 155172420, 155172420, 17241380, 17241380, 17241380, 700, 0.15, 189655170, 189655170, 189655170, 155172420, 155172420, 155172420, 17241380, 17241380, 17241380, 700, 0.15, 189655170, 189655170, 189655170, 155172420, 155172420, 155172420, 17241380, 17241380, 17241380, 700, 0.15, 189655170, 189655170, 189655170, 155172420, 155172420, 155172420, 17241380, 17241380, 17241380, 700, 0.15, 189655170, 189655170, 189655170, 155172420, 155172420, 155172420, 17241380, 17241380, 17241380, 700, 0.15, 189655170, 189655170, 189655170, 155172420, 155172420, 155172420, 17241380, 17241380, 17241380, 700, 0.15, 189655170, 189655170, 189655170, 155172420, 155172420, 155172420, 17241380, 17241380, 17241380, 700, 0.15, 189655170, 189655170, 189655170, 155172420, 155172420, 155172420, 17241380, 17241380, 17241380, 700, 0.15, 189655170, 189655170, 189655170, 155172420, 155172420, 155172420, 17241380, 17241380, 17241380, 700, 0.15, 189655170, 189655170, 189655170, 155172420, 155172420, 155172420, 17241380, 17241380, 17241380, 700, 0.15, 189655170, 189655170, 189655170, 155172420, 155172420, 155172420, 17241380, 17241380, 17241380, 700, 0.15, 189655170, 189655170, 189655170, 155172420, 155172420, 155172420, 17241380, 17241380, 17241380, 700, 0.15, 189655170, 189655170, 189655170, 155172420, 155172420, 155172420, 17241380, 17241380, 17241380, 700, 0.15, 189655170, 189655170, 189655170, 155172420, 155172420, 155172420, 17241380, 17241380, 17241380, 700, 0.15, 189655170, 189655170, 189655170, 155172420, 155172420, 155172420, 17241380, 17241380, 17241380, 700, 0.15, 189655170, 189655170, 189655170, 155172420, 155172420, 155172420, 17241380, 17241380, 17241380, 700, 0.15, 189655170, 189655170, 189655170, 155172420, 155172420, 155172420, 17241380, 17241380, 17241380, 700, 0.15, 189655170, 189655170, 189655170, 155172420, 155172420, 155172420, 17241380, 17241380, 17241380, 700, 0.15, 189655170, 189655170, 189655170, 155172420, 155172420, 155172420, 17241380, 17241380, 17241380, 700, 0.15, 189655170, 189655170, 189655170, 155172420, 155172420, 155172420, 17241380, 17241380, 17241380, 700, 0.15, 189655170, 189655170, 189655170, 155172420, 155172420, 155172420, 17241380, 17241380, 17241380, 700, 0.15, 189655170, 189655170, 189655170, 155172420, 155172420, 155172420, 17241380, 17241380, 17241380, 700, 0.15, 189655170, 189655170, 189655170, 155172420, 155172420, 155172420, 17241380, 17241380, 17241380, 700, 0.15, 189655170, 189655170, 189655170, 155172420, 155172420, 155172420, 17241380, 17241380, 17241380, 700, 0.15, 189655170, 189655170, 189655170, 155172420, 155172420, 155172420, 17241380, 17241380, 17241380, 700, 0.15, 189655170, 189655170, 189655170, 155172420, 155172420, 155172420, 17241380, 17241380, 17241380, 700, 0.15, 189655170, 189655170, 189655170, 155172420, 155172420, 155172420, 17241380, 17241380, 17241380, 700, 0.15, 189655170, 189655170, 189655170, 155172420, 155172420, 155172420, 17241380, 17241380, 17241380, 700, 0.15, 189655170, 189655170, 189655170, 155172420, 155172420, 155172420, 17241380, 17241380, 17241380, 700, 0.15, 189655170, 189655170, 189655170, 155172420, 155172420, 155172420, 17241380, 17241380, 17241380, 700, 0.15, 189655170, 189655170, 189655170, 155172420, 155172420, 155172420, 17241380, 17241380, 17241380, 700, 0.15, 189655170, 189655170, 189655170, 155172420, 155172420, 155172420, 17241380, 17241380, 17241380, 700, 0.15, 189655170, 189655170, 189655170, 155172420, 155172420, 155172420, 17241380, 17241380, 17241380, 700, 0.15, 189655170, 189655170, 189655170, 155172420, 155172420, 155172420, 17241380, 17241380, 17241380, 700, 0.15, 189655170, 189655170, 189655170, 155172420, 155172420, 155172420, 17241380, 17241380, 17241380, 700, 0.15, 189655170, 189655170, 189655170, 155172420, 155172420, 155172420, 17241380, 17241380, 17241380, 700, 0.15, 189655170, 189655170, 189655170, 155172420, 155172420, 155172420, 17241380, 17241380, 17241380, 700, 0.15, 189655170, 189655170, 189655170, 155172420, 155172420, 155172420, 17241380, 17241380, 17241380, 700, 0.15, 189655170, 189655170, 189655170, 155172420, 155172420, 155172420, 17241380, 17241380, 17241380, 700, 0.15, 189655170, 189655170, 189655170, 155172420, 155172420, 155172420, 17241380, 17241380, 17241380, 700, 0.15, 189655170, 189655170, 189655170, 155172420, 155172420, 155172420, 17241380, 17241380, 17241380, 700, 0.15, 189655170, 189655170, 189655170, 155172420, 155172420, 155172420, 17241380, 17241380, 17241380, 700, 0.15, 189655170, 189655170, 189655170, 155172420, 155172420, 155172420, 17241380, 17241380, 17241380, 700, 0.15, 189655170, 189655170, 189655170, 155172420, 155172420, 155172420, 17241380, 17241380, 17241380, 700, 0.15, 189655170, 189655170, 189655170, 155172420, 155172420, 155172420, 17241380, 17241380, 17241380, 700, 0.15, 189655170, 189655170, 189655170, 155172420, 155172420, 155172420, 17241380, 17241380, 17241380, 700, 0.15, 189655170, 189655170, 189655170, 155172420, 155172420, 155172420, 17241380, 17241380, 17241380, 700, 0.15, 189655170, 189655170, 189655170, 155172420, 155172420, 155172420, 17241380, 17241380, 17241380, 700, 0.15, 189655170, 189655170, 189655170, 155172420, 155172420, 155172420, 17241380, 17241380, 17241380, 700, 0.15, 189655170, 189655170, 189655170, 155172420, 155172420, 155172420, 17241380, 17241380, 17241380, 700, 0.15, 189655170, 189655170, 189655170, 155172420, 155172420, 155172420, 17241380, 17241380, 17241380, 700, 0.15, 189655170, 189655170, 189655170, 155172420, 155172420, 155172420, 17241380, 17241380, 17241380, 700, 0.15, 189655170, 189655170, 189655170, 155172420, 155172420, 155172420, 17241380, 17241380, 17241380, 700, 0.15, 189655170, 189655170, 189655170, 155172420, 155172420, 155172420, 17241380, 17241380, 17241380, 700, 0.15, 189655170, 189655170, 189655170, 155172420, 155172420, 155172420, 17241380, 17241380, 17241380, 700, 0.15, 189655170, 189655170, 189655170, 155172420, 155172420, 155172420, 17241380, 17241380, 17241380, 700, 0.15, 189655170, 189655170, 189655170, 155172420, 155172420, 155172420, 17241380, 17241380, 17241380, 700, 0.15, 189655170, 189655170, 189655170, 155172420, 155172420, 155172420, 17241380, 17241380, 17241380, 700, 0.15, 189655170, 189655170, 189655170, 155172420, 155172420, 155172420, 17241380, 17241380, 17241380, 700, 0.15, 189655170, 189655170, 189655170, 155172420, 155172420, 155172420, 17241380, 17241380, 17241380, 700, 0.15, 189655170, 189655170, 189655170, 155172420, 155172420, 155172420, 17241380, 17241380, 17241380, 700, 0.15, 189655170, 189655170, 189655170, 155172420, 155172420, 155172420, 17241380, 17241380, 17241380, 700, 0.15, 189655170, 189655170, 189655170, 155172420, 155172420, 155172420, 17241380, 17241380, 17241380, 700, 0.15, 189655170, 189655170, 189655170, 155172420, 155172420, 155172420, 17241380, 17241380, 17241380, 700, 0.15, 189655170, 189655170, 189655170, 155172420, 155172420, 155172420, 17241380, 17241380, 17241380, 700, 0.15, 189655170, 189655170, 189655170, 155172420, 155172420, 155172420, 17241380, 17241380, 17241380, 700, 0.15, 189655170, 189655170, 189655170, 155172420, 155172420, 155172420, 17241380, 17241380, 17241380, 700, 0.15, 189655170, 189655170, 189655170, 155172420, 155172420, 155172420, 17241380, 17241380, 17241380, 700, 0.15, 189655170, 189655170, 189655170, 155172420, 155172420, 155172420, 17241380, 17241380, 17241380, 700, 0.15, 189655170, 189655170, 189655170, 155172420, 155172420, 155172420, 17241380, 17241380, 17241380, 700, 0.15, 189655170, 189655170, 189655170, 155172420, 155172420, 155172420, 17241380, 17241380, 17241380, 700, 0.15, 189655170, 189655170, 189655170, 155172420, 155172420, 155172420, 17241380, 17241380, 17241380, 700, 0.15, 189655170, 189655170, 189655170, 155172420, 155172420, 155172420, 17241380, 17241380, 17241380, 700, 0.15, 189655170, 189655170, 189655170, 155172420, 155172420, 155172420, 17241380, 17241380, 17241380, 700, 0.15, 189655170, 189655170, 189655170, 155172420, 155172420, 155172420, 17241380, 17241380, 17241380, 700, 0.15, 189655170, 189655170, 189655170, 155172420, 155172420, 155172420, 17241380, 17241380, 17241380, 700, 0.15, 189655170, 189655170, 189655170, 155172420, 155172420, 155172420, 17241380, 17241380, 17241380, 700, 0.15, 189655170, 189655170, 189655170, 155172420, 155172420, 155172420, 17241380, 17241380, 17241380, 700, 0.15, 189655170, 189655170, 189655170, 155172420, 155172420, 155172420, 17241380, 17241380, 17241380, 700, 0.15, 189655170, 189655170, 189655170, 155172420, 155172420, 155172420, 17241380, 17241380, 17241380, 700, 0.15, 189655170, 189655170, 189655170, 155172420, 155172420, 155172420, 17241380, 17241380, 17241380, 700, 0.15, 189655170, 189655170, 189655170, 155172420, 155172420, 155172420, 17241380, 17241380, 17241380, 700, 0.15, 189655170, 189655170, 189655170, 155172420, 155172420, 155172420, 17241380, 17241380, 17241380, 700, 0.15, 189655170, 189655170, 189655170, 155172420, 155172420, 155172420, 17241380, 17241380, 17241380, 700, 0.15, 189655170, 189655170, 189655170, 155172420, 155172420, 155172420, 17241380, 17241380, 17241380, 700, 0.15, 189655170, 189655170, 189655170, 155172420, 155172420, 155172420, 17241380, 17241380, 17241380, 700, 0.15, 189655170, 189655170, 189655170, 155172420, 155172420, 155172420, 17241380, 17241380, 17241380, 700, 0.15, 189655170, 189655170, 189655170, 155172420, 155172420, 155172420, 17241380, 17241380, 17241380, 700, 0.15, 189655170, 189655170, 189655170, 155172420, 155172420, 155172420, 17241380, 17241380, 17241380, 700, 0.15, 189655170, 189655170, 189655170, 155172420, 155172420, 155172420, 17241380, 17241380, 17241380, 700, 0.15, 189655170, 189655170, 189655170, 155172420, 155172420, 155172420, 17241380, 17241380, 17241380, 700, 0.15, 189655170, 189655170, 189655170, 155172420, 155172420, 155172420, 17241380, 17241380, 17241380, 700, 0.15, 189655170, 189655170, 189655170, 155172420, 155172420, 155172420, 17241380, 17241380, 17241380, 700, 0.15, 189655170, 189655170, 189655170, 155172420, 155172420, 155172420, 17241380, 17241380, 17241380, 700, 0.15, 189655170, 189655170, 189655170, 155172420, 155172420, 155172420, 17241380, 17241380, 17241380, 700, 0.15, 189655170, 189655170, 189655170, 155172420, 155172420, 155172420, 17241380, 17241380, 17241380, 700, 0.15, 189655170, 189655170, 189655170, 155172420, 155172420, 155172420, 17241380, 17241380, 17241380, 700, 0.15, 189655170, 189655170, 189655170, 155172420, 155172420, 155172420, 17241380, 17241380, 17241380, 700, 0.15, 189655170, 189655170, 189655170, 155172420, 155172420, 155172420, 17241380, 17241380, 17241380, 700, 0.15, 189655170, 189655170, 189655170, 155172420, 155172420, 155172420, 17241380, 17241380, 17241380, 700, 0.15, 189655170, 189655170, 189655170, 155172420, 155172420, 155172420, 17241380, 17241380, 17241380, 700, 0.15, 189655170, 189655170, 189655170, 155172420, 155172420, 155172420, 17241380, 17241380, 17241380, 700, 0.15, 189655170, 189655170, 189655170, 155172420, 155172420, 155172420, 17241380, 17241380, 17241380, 700, 0.15, 189655170, 189655170, 189655170, 155172420, 155172420, 155172420, 17241380, 17241380, 17241380, 700, 0.15, 189655170, 189655170, 189655170, 155172420, 155172420, 155172420, 17241380, 17241380, 17241380, 700, 0.15, 189655170, 189655170, 189655170, 155172420, 155172420, 155172420, 17241380, 17241380, 17241380, 700, 0.15, 189655170, 189655170, 189655170, 155172420, 155172420, 155172420, 17241380, 17241380, 17241380, 700, 0.15, 189655170, 189655170, 189655170, 155172420, 155172420, 155172420, 17241380, 17241380, 17241380, 700, 0.15, 189655170, 189655170, 189655170, 155172420, 155172420, 155172420, 17241380, 17241380, 17241380, 700, 0.15, 189655170, 189655170, 189655170, 155172420, 155172420, 155172420, 17241380, 17241380, 17241380, 700, 0.15, 189655170, 189655170, 189655170, 155172420, 155172420, 155172420, 17241380, 17241380, 17241380, 700, 0.15, 189655170, 189655170, 189655170, 155172420, 155172420, 155172420, 17241380, 17241380, 17241380, 700, 0.15, 189655170, 189655170, 189655170, 155172420, 155172420, 155172420, 17241380, 17241380, 17241380, 700, 0.15, 189655170, 189655170, 189655170, 155172420, 155172420, 155172420, 17241380, 17241380, 17241380, 700, 0.15, 189655170, 189655170, 189655170, 155172420, 155172420, 155172420, 17241380, 17241380, 17241380, 700, 0.15, 189655170, 189655170, 189655170, 155172420, 155172420, 155172420, 17241380, 17241380, 17241380, 700, 0.15, 189655170, 189655170, 189655170, 155172420, 155172420, 155172420, 17241380, 17241380, 17241380, 700, 0.15, 189655170, 189655170, 189655170, 155172420, 155172420, 155172420, 17241380, 17241380, 17241380, 700, 0.15, 189655170, 189655170, 189655170, 155172420, 155172420, 155172420, 17241380, 17241380, 17241380, 700, 0.15, 189655170, 189655170, 189655170, 155172420, 155172420, 155172420, 17241380, 17241380, 17241380, 700, 0.15, 189655170, 189655170, 189655170, 155172420, 155172420, 155172420, 17241380, 17241380, 17241380, 700, 0.15, 189655170, 189655170, 189655170, 155172420, 155172420, 155172420, 17241380, 17241380, 17241380, 700, 0.15, 189655170, 189655170, 189655170, 155172420, 155172420, 155172420, 17241380, 17241380, 17241380, 700, 0.15, 189655170, 189655170, 189655170, 155172420, 155172420, 155172420, 17241380, 17241380, 17241380, 700, 0.15, 189655170, 189655170, 189655170, 155172420, 155172420, 155172420, 17241380, 17241380, 17241380, 700, 0.15, 189655170, 189655170, 189655170, 155172420, 155172420, 155172420, 17241380, 17241380, 17241380, 700, 0.15, 189655170, 189655170, 189655170, 155172420, 155172420, 155172420, 17241380, 17241380, 17241380, 700, 0.15, 189655170, 189655170, 189655170, 155172420, 155172420, 155172420, 17241380, 17241380, 17241380, 700, 0.15, 189655170, 189655170, 189655170, 155172420, 155172420, 155172420, 17241380, 17241380, 17241380, 700, 0.15, 189655170, 189655170, 189655170, 155172420, 155172420, 155172420, 17241380, 17241380, 17241380, 700, 0.15, 189655170, 189655170, 189655170, 155172420, 155172420, 155172420, 17241380, 17241380, 17241380, 700, 0.15, 189655170, 189655170, 189655170, 155172420, 155172420, 155172420, 17241380, 17241380, 17241380, 700, 0.15, 189655170, 189655170, 189655170, 155172420, 155172420, 155172420, 17241380, 17241380, 17241380, 700, 0.15, 189655170, 189655170, 189655170, 155172420, 155172420, 155172420, 17241380, 17241380, 17241380, 700, 0.15, 189655170, 189655170, 189655170, 155172420, 155172420, 155172420, 17241380, 17241380, 17241380, 700, 0.15, 189655170, 189655170, 189655170, 155172420, 155172420, 155172420, 17241380, 17241380, 17241380, 700, 0.15, 189655170, 189655170, 189655170, 155172420, 155172420, 155172420, 17241380, 17241380, 17241380, 700, 0.15, 189655170, 189655170, 189655170, 155172420, 155172420, 155172420, 17241380, 17241380, 17241380, 700, 0.15, 189655170, 189655170, 189655170, 155172420, 155172420, 155172420, 17241380, 17241380, 17241380, 700, 0.15, 189655170, 189655170, 189655170, 155172420, 155172420, 155172420, 17241380, 17241380, 17241380, 700, 0.15, 189655170, 189655170, 189655170, 155172420, 155172420, 155172420, 17241380, 17241380, 17241380, 700, 0.15, 189655170, 189655170, 189655170, 155172420, 155172420, 155172420, 17241380, 17241380, 17241380, 700, 0.15, 189655170, 189655170, 189655170, 155172420, 155172420, 155172420, 17241380, 17241380, 17241380, 700, 0.15, 189655170, 189655170, 189655170, 155172420, 155172420, 155172420, 17241380, 17241380, 17241380, 700, 0.15, 189655170, 189655170, 189655170, 155172420, 155172420, 155172420, 17241380, 17241380, 17241380, 700, 0.15, 189655170, 189655170, 189655170, 155172420, 155172420, 155172420, 17241380, 17241380, 17241380, 700, 0.15, 189655170, 189655170, 189655170, 155172420, 155172420, 155172420, 17241380, 17241380, 17241380, 700, 0.15, 189655170, 189655170, 189655170, 155172420, 155172420, 155172420, 17241380, 17241380, 17241380, 700, 0.15, 189655170, 189655170, 189655170, 155172420, 155172420, 155172420, 17241380, 17241380, 17241380, 700, 0.15, 189655170, 189655170, 189655170, 155172420, 155172420, 155172420, 17241380, 17241380, 17241380, 700, 0.15, 189655170, 189655170, 189655170, 155172420, 155172420, 155172420, 17241380, 17241380, 17241380, 700, 0.15, 189655170, 189655170, 189655170, 155172420, 155172420, 155172420, 17241380, 17241380, 17241380, 700, 0.15, 189655170, 189655170, 189655170, 155172420, 155172420, 155172420, 17241380, 17241380, 17241380, 700, 0.15, 189655170, 189655170, 189655170, 155172420, 155172420, 155172420, 17241380, 17241380, 17241380, 700, 0.15, 189655170, 189655170, 189655170, 155172420, 155172420, 155172420, 17241380, 17241380, 17241380, 700, 0.15, 189655170, 189655170, 189655170, 155172420, 155172420, 155172420, 17241380, 17241380, 17241380, 700, 0.15, 189655170, 189655170, 189655170, 155172420, 155172420, 155172420, 17241380, 17241380, 17241380, 700, 0.15, 189655170, 189655170, 189655170, 155172420, 155172420, 155172420, 17241380, 17241380, 17241380, 700, 0.15, 189655170, 189655170, 189655170, 155172420, 155172420, 155172420, 17241380, 17241380, 17241380, 700, 0.15, 189655170, 189655170, 189655170, 155172420, 155172420, 155172420, 17241380, 17241380, 17241380, 700, 0.15, 189655170, 189655170, 189655170, 155172420, 155172420, 155172420, 17241380, 17241380, 17241380, 700, 0.15, 189655170, 189655170, 189655170, 155172420, 155172420, 155172420, 17241380, 17241380, 17241380, 700, 0.15, 189655170, 189655170, 189655170, 155172420, 155172420, 155172420, 17241380, 17241380, 17241380, 700, 0.15, 189655170, 189655170, 189655170, 155172420, 155172420, 155172420, 17241380, 17241380, 17241380, 700, 0.15, 189655170, 189655170, 189655170, 155172420, 155172420, 155172420, 17241380, 17241380, 17241380, 700, 0.15, 189655170, 189655170, 189655170, 155172420, 155172420, 155172420, 17241380, 17241380, 17241380, 700, 0.15, 189655170, 189655170, 189655170, 155172420, 155172420, 155172420, 17241380, 17241380, 17241380, 700, 0.15, 189655170, 189655170, 189655170, 155172420, 155172420, 155172420, 17241380, 17241380, 17241380, 700, 0.15, 189655170, 189655170, 189655170, 155172420, 155172420, 155172420, 17241380, 17241380, 17241380, 700, 0.15, 189655170, 189655170, 189655170, 155172420, 155172420, 155172420, 17241380, 17241380, 17241380, 700, 0.15, 189655170, 189655170, 189655170, 155172420, 155172420, 155172420, 17241380, 17241380, 17241380, 700, 0.15, 189655170, 189655170, 189655170, 155172420, 155172420, 155172420, 17241380, 17241380, 17241380, 700, 0.15, 189655170, 189655170, 189655170, 155172420, 155172420, 155172420, 17241380, 17241380, 17241380, 700, 0.15, 189655170, 189655170, 189655170, 155172420, 155172420, 155172420, 17241380, 17241380, 17241380, 700, 0.15, 189655170, 189655170, 189655170, 155172420, 155172420, 155172420, 17241380, 17241380, 17241380, 700, 0.15, 189655170, 189655170, 189655170, 155172420, 155172420, 155172420, 17241380, 17241380, 17241380, 700, 0.15, 189655170, 189655170, 189655170, 155172420, 155172420, 155172420, 17241380, 17241380, 17241380, 700, 0.15, 189655170, 189655170, 189655170, 155172420, 155172420, 155172420, 17241380, 17241380, 17241380, 700, 0.15, 189655170, 189655170, 189655170, 155172420, 155172420, 155172420, 17241380, 17241380, 17241380, 700, 0.15, 189655170, 189655170, 189655170, 155172420, 155172420, 155172420, 17241380, 17241380, 17241380, 700, 0.15, 189655170, 189655170, 189655170, 155172420, 155172420, 155172420, 17241380, 17241380, 17241380, 700, 0.15, 189655170, 189655170, 189655170, 155172420, 155172420, 155172420, 17241380, 17241380, 17241380, 700, 0.15, 189655170, 189655170, 189655170, 155172420, 155172420, 155172420, 17241380, 17241380, 17241380, 700, 0.15, 189655170, 189655170, 189655170, 155172420, 155172420, 155172420, 17241380, 17241380, 17241380, 700, 0.15, 189655170, 189655170, 189655170, 155172420, 155172420, 155172420, 17241380, 17241380, 17241380, 700, 0.15, 189655170, 189655170, 189655170, 155172420, 155172420, 155172420, 17241380, 17241380, 17241380, 700, 0.15, 189655170, 189655170, 189655170, 155172420, 155172420, 155172420, 17241380, 17241380, 17241380, 700, 0.15, 189655170, 189655170, 189655170, 155172420, 155172420, 155172420, 17241380, 17241380, 17241380, 700, 0.15, 189655170, 189655170, 189655170, 155172420, 155172420, 155172420, 17241380, 17241380, 17241380, 700, 0.15, 189655170, 189655170, 189655170, 155172420, 155172420, 155172420, 17241380, 17241380, 17241380, 700, 0.15, 189655170, 189655170, 189655170, 155172420, 155172420, 155172420, 17241380, 17241380, 17241380, 700, 0.15, 189655170, 189655170, 189655170, 155172420, 155172420, 155172420, 17241380, 17241380, 17241380, 700, 0.15, 189655170, 189655170, 189655170, 155172420, 155172420, 155172420, 17241380, 17241380, 17241380, 700, 0.15, 189655170, 189655170, 189655170, 155172420, 155172420, 155172420, 17241380, 17241380, 17241380, 700, 0.15, 189655170, 189655170, 189655170, 155172420, 155172420, 155172420, 17241380, 17241380, 17241380, 700, 0.15, 189655170, 189655170, 189655170, 155172420, 155172420, 155172420, 17241380, 17241380, 17241380, 700, 0.15, 189655170, 189655170, 189655170, 155172420, 155172420, 155172420, 17241380, 17241380, 17241380, 700, 0.15, 189655170, 189655170, 189655170, 155172420, 155172420, 155172420, 17241380, 17241380, 17241380, 700, 0.15, 189655170, 189655170, 189655170, 155172420, 155172420, 155172420, 17241380, 17241380, 17241380, 700, 0.15, 189655170, 189655170, 189655170, 155172420, 155172420, 155172420, 17241380, 17241380, 17241380, 700, 0.15, 189655170, 189655170, 189655170, 155172420, 155172420, 155172420, 17241380, 17241380, 17241380, 700, 0.15, 189655170, 189655170, 189655170, 155172420, 155172420, 155172420, 17241380, 17241380, 17241380, 700, 0.15, 189655170, 189655170, 189655170, 155172420, 155172420, 155172420, 17241380, 17241380, 17241380, 700, 0.15, 189655170, 189655170, 189655170, 155172420, 155172420, 155172420, 17241380, 17241380, 17241380, 700, 0.15, 189655170, 189655170, 189655170, 155172420, 155172420, 155172420, 17241380, 17241380, 17241380, 700, 0.15, 189655170, 189655170, 189655170, 155172420, 155172420, 155172420, 17241380, 17241380, 17241380, 700, 0.15, 189655170, 189655170, 189655170, 155172420, 155172420, 155172420, 17241380, 17241380, 17241380, 700, 0.15, 189655170, 189655170, 189655170, 155172420, 155172420, 155172420, 17241380, 17241380, 17241380, 700, 0.15, 189655170, 189655170, 189655170, 155172420, 155172420, 155172420, 17241380, 17241380, 17241380, 700, 0.15, 189655170, 189655170, 189655170, 155172420, 155172420, 155172420, 17241380, 17241380, 17241380, 700, 0.15, 189655170, 189655170, 189655170, 155172420, 155172420, 155172420, 17241380, 17241380, 17241380, 700, 0.15, 189655170, 189655170, 189655170, 155172420, 155172420, 155172420, 17241380, 17241380, 17241380, 700, 0.15, 189655170, 189655170, 189655170, 155172420, 155172420, 155172420, 17241380, 17241380, 17241380, 700, 0.15, 189655170, 189655170, 189655170, 155172420, 155172420, 155172420, 17241380, 17241380, 17241380, 700, 0.15, 189655170, 189655170, 189655170, 155172420, 155172420, 155172420, 17241380, 17241380, 17241380, 700, 0.15, 189655170, 189655170, 189655170, 155172420, 155172420, 155172420, 17241380, 17241380, 17241380, 700, 0.15, 189655170, 189655170, 189655170, 155172420, 155172420, 155172420, 17241380, 17241380, 17241380, 700, 0.15, 189655170, 189655170, 189655170, 155172420, 155172420, 155172420, 17241380, 17241380, 17241380, 700, 0.15, 189655170, 189655170, 189655170, 155172420, 155172420, 155172420, 17241380, 17241380, 17241380, 700, 0.15, 189655170, 189655170, 189655170, 155172420, 155172420, 155172420, 17241380, 17241380, 17241380, 700, 0.15, 189655170, 189655170, 189655170, 155172420, 155172420, 155172420, 17241380, 17241380, 17241380, 700, 0.15, 189655170, 189655170, 189655170, 155172420, 155172420, 155172420, 17241380, 17241380, 17241380, 700, 0.15, 189655170, 189655170, 189655170, 155172420, 155172420, 155172420, 17241380, 17241380, 17241380, 700, 0.15, 189655170, 189655170, 189655170, 155172420, 155172420, 155172420, 17241380, 17241380, 17241380, 700, 0.15, 189655170, 189655170, 189655170, 155172420, 155172420, 155172420, 17241380, 17241380, 17241380, 700, 0.15, 189655170, 189655170, 189655170, 155172420, 155172420, 155172420, 17241380, 17241380, 17241380, 700, 0.15, 189655170, 189655170, 189655170, 155172420, 155172420, 155172420, 17241380, 17241380, 17241380, 700, 0.15, 189655170, 189655170, 189655170, 155172420, 155172420, 155172420, 17241380, 17241380, 17241380, 700, 0.15, 189655170, 189655170, 189655170, 155172420, 155172420, 155172420, 17241380, 17241380, 17241380, 700, 0.15, 189655170, 189655170, 189655170, 155172420, 155172420, 155172420, 17241380, 17241380, 17241380, 700, 0.15, 189655170, 189655170, 189655170, 155172420, 155172420, 155172420, 17241380, 17241380, 17241380, 700, 0.15, 189655170, 189655170, 189655170, 155172420, 155172420, 155172420, 17241380, 17241380, 17241380, 700, 0.15, 189655170, 189655170, 189655170, 155172420, 155172420, 155172420, 17241380, 17241380, 17241380, 700, 0.15, 189655170, 189655170, 189655170, 155172420, 155172420, 155172420, 17241380, 17241380, 17241380, 700, 0.15, 189655170, 189655170, 189655170, 155172420, 155172420, 155172420, 17241380, 17241380, 17241380, 700, 0.15, 189655170, 189655170, 189655170, 155172420, 155172420, 155172420, 17241380, 17241380, 17241380, 700, 0.15, 189655170, 189655170, 189655170, 155172420, 155172420, 155172420, 17241380, 17241380, 17241380, 700, 0.15, 189655170, 189655170, 189655170, 155172420, 155172420, 155172420, 17241380, 17241380, 17241380, 700, 0.15, 189655170, 189655170, 189655170, 155172420, 155172420, 155172420, 17241380, 17241380, 17241380, 700, 0.15, 189655170, 189655170, 189655170, 155172420, 155172420, 155172420, 17241380, 17241380, 17241380, 700, 0.15, 189655170, 189655170, 189655170, 155172420, 155172420, 155172420, 17241380, 17241380, 17241380, 700, 0.15] (
            elementSize = 11
            interpolation = "uniform"
        )
        float[] primvars:shellThickness = [0.01, 0.01, 0.01, 0.01, 0.01, 0.01, 0.01, 0.01, 0.01, 0.01, 0.01, 0.01, 0.01, 0.01, 0.01, 0.01, 0.01, 0.01, 0.01, 0.01, 0.01, 0.01, 0.01, 0.01, 0.01, 0.01, 0.01, 0.01, 0.01, 0.01, 0.01, 0.01, 0.01, 0.01, 0.01, 0.01, 0.01, 0.01, 0.01, 0.01, 0.01, 0.01, 0.01, 0.01, 0.01, 0.01, 0.01, 0.01, 0.01, 0.01, 0.01, 0.01, 0.01, 0.01, 0.01, 0.01, 0.01, 0.01, 0.01, 0.01, 0.01, 0.01, 0.01, 0.01, 0.01, 0.01, 0.01, 0.01, 0.01, 0.01, 0.01, 0.01, 0.01, 0.01, 0.01, 0.01, 0.01, 0.01, 0.01, 0.01, 0.01, 0.01, 0.01, 0.01, 0.01, 0.01, 0.01, 0.01, 0.01, 0.01, 0.01, 0.01, 0.01, 0.01, 0.01, 0.01, 0.01, 0.01, 0.01, 0.01, 0.01, 0.01, 0.01, 0.01, 0.01, 0.01, 0.01, 0.01, 0.01, 0.01, 0.01, 0.01, 0.01, 0.01, 0.01, 0.01, 0.01, 0.01, 0.01, 0.01, 0.01, 0.01, 0.01, 0.01, 0.01, 0.01, 0.01, 0.01, 0.01, 0.01, 0.01, 0.01, 0.01, 0.01, 0.01, 0.01, 0.01, 0.01, 0.01, 0.01, 0.01, 0.01, 0.01, 0.01, 0.01, 0.01, 0.01, 0.01, 0.01, 0.01, 0.01, 0.01, 0.01, 0.01, 0.01, 0.01, 0.01, 0.01, 0.01, 0.01, 0.01, 0.01, 0.01, 0.01, 0.01, 0.01, 0.01, 0.01, 0.01, 0.01, 0.01, 0.01, 0.01, 0.01, 0.01, 0.01, 0.01, 0.01, 0.01, 0.01, 0.01, 0.01, 0.01, 0.01, 0.01, 0.01, 0.01, 0.01, 0.01, 0.01, 0.01, 0.01, 0.01, 0.01, 0.01, 0.01, 0.01, 0.01, 0.01, 0.01, 0.01, 0.01, 0.01, 0.01, 0.01, 0.01, 0.01, 0.01, 0.01, 0.01, 0.01, 0.01, 0.01, 0.01, 0.01, 0.01, 0.01, 0.01, 0.01, 0.01, 0.01, 0.01, 0.01, 0.01, 0.01, 0.01, 0.01, 0.01, 0.01, 0.01, 0.01, 0.01, 0.01, 0.01, 0.01, 0.01, 0.01, 0.01, 0.01, 0.01, 0.01, 0.01, 0.01, 0.01, 0.01, 0.01, 0.01, 0.01, 0.01, 0.01, 0.01, 0.01, 0.01, 0.01, 0.01, 0.01, 0.01, 0.01, 0.01, 0.01, 0.01, 0.01, 0.01, 0.01, 0.01, 0.01, 0.01, 0.01, 0.01, 0.01, 0.01, 0.01, 0.01, 0.01, 0.01, 0.01, 0.01, 0.01, 0.01, 0.01, 0.01, 0.01, 0.01, 0.01, 0.01, 0.01, 0.01, 0.01, 0.01, 0.01, 0.01, 0.01, 0.01, 0.01, 0.01, 0.01, 0.01, 0.01, 0.01, 0.01, 0.01, 0.01, 0.01, 0.01, 0.01, 0.01, 0.01, 0.01, 0.01, 0.01, 0.01, 0.01, 0.01, 0.01, 0.01, 0.01, 0.01, 0.01, 0.01, 0.01, 0.01, 0.01, 0.01, 0.01, 0.01, 0.01, 0.01, 0.01, 0.01, 0.01, 0.01, 0.01, 0.01, 0.01, 0.01, 0.01, 0.01, 0.01, 0.01, 0.01, 0.01, 0.01, 0.01, 0.01, 0.01, 0.01, 0.01, 0.01, 0.01, 0.01, 0.01, 0.01, 0.01, 0.01, 0.01, 0.01, 0.01, 0.01, 0.01, 0.01, 0.01, 0.01, 0.01, 0.01, 0.01, 0.01, 0.01, 0.01, 0.01, 0.01, 0.01, 0.01, 0.01, 0.01, 0.01, 0.01, 0.01, 0.01, 0.01, 0.01, 0.01, 0.01, 0.01, 0.01, 0.01, 0.01, 0.01, 0.01, 0.01, 0.01, 0.01, 0.01, 0.01, 0.01, 0.01, 0.01, 0.01, 0.01, 0.01, 0.01, 0.01, 0.01, 0.01, 0.01, 0.01, 0.01, 0.01, 0.01, 0.01, 0.01, 0.01, 0.01, 0.01, 0.01, 0.01, 0.01, 0.01, 0.01, 0.01, 0.01, 0.01, 0.01, 0.01, 0.01, 0.01, 0.01, 0.01, 0.01, 0.01, 0.01, 0.01, 0.01, 0.01, 0.01, 0.01, 0.01, 0.01, 0.01, 0.01, 0.01, 0.01, 0.01, 0.01, 0.01, 0.01, 0.01, 0.01, 0.01, 0.01, 0.01, 0.01, 0.01, 0.01, 0.01, 0.01, 0.01, 0.01, 0.01, 0.01, 0.01, 0.01, 0.01, 0.01, 0.01, 0.01, 0.01, 0.01, 0.01, 0.01, 0.01, 0.01, 0.01, 0.01, 0.01, 0.01, 0.01, 0.01, 0.01, 0.01, 0.01, 0.01, 0.01, 0.01, 0.01, 0.01, 0.01, 0.01, 0.01, 0.01, 0.01, 0.01, 0.01, 0.01, 0.01, 0.01, 0.01, 0.01, 0.01, 0.01, 0.01, 0.01, 0.01, 0.01, 0.01, 0.01, 0.01, 0.01, 0.01, 0.01, 0.01, 0.01, 0.01, 0.01, 0.01, 0.01, 0.01, 0.01, 0.01, 0.01, 0.01, 0.01, 0.01, 0.01, 0.01, 0.01, 0.01, 0.01, 0.01, 0.01, 0.01, 0.01, 0.01, 0.01, 0.01, 0.01, 0.01, 0.01, 0.01, 0.01, 0.01, 0.01, 0.01, 0.01, 0.01, 0.01, 0.01, 0.01, 0.01, 0.01, 0.01, 0.01, 0.01, 0.01, 0.01, 0.01, 0.01, 0.01, 0.01, 0.01, 0.01, 0.01, 0.01, 0.01, 0.01, 0.01, 0.01, 0.01, 0.01, 0.01, 0.01, 0.01, 0.01, 0.01, 0.01, 0.01, 0.01, 0.01, 0.01, 0.01, 0.01, 0.01, 0.01, 0.01, 0.01, 0.01, 0.01, 0.01, 0.01, 0.01, 0.01, 0.01, 0.01, 0.01, 0.01, 0.01, 0.01, 0.01, 0.01, 0.01, 0.01, 0.01, 0.01, 0.01, 0.01, 0.01, 0.01, 0.01, 0.01, 0.01, 0.01, 0.01, 0.01, 0.01, 0.01, 0.01, 0.01, 0.01, 0.01, 0.01, 0.01, 0.01, 0.01, 0.01, 0.01, 0.01, 0.01, 0.01, 0.01, 0.01, 0.01, 0.01, 0.01, 0.01, 0.01, 0.01, 0.01, 0.01, 0.01, 0.01, 0.01, 0.01, 0.01, 0.01, 0.01, 0.01, 0.01, 0.01, 0.01, 0.01, 0.01, 0.01, 0.01, 0.01, 0.01, 0.01, 0.01, 0.01, 0.01, 0.01, 0.01, 0.01, 0.01, 0.01, 0.01, 0.01, 0.01, 0.01, 0.01, 0.01, 0.01, 0.01, 0.01, 0.01, 0.01, 0.01, 0.01, 0.01, 0.01, 0.01, 0.01, 0.01, 0.01, 0.01, 0.01, 0.01, 0.01, 0.01, 0.01, 0.01, 0.01, 0.01, 0.01, 0.01, 0.01, 0.01, 0.01, 0.01, 0.01, 0.01, 0.01, 0.01, 0.01, 0.01, 0.01, 0.01, 0.01, 0.01, 0.01, 0.01, 0.01, 0.01, 0.01, 0.01, 0.01, 0.01, 0.01, 0.01, 0.01, 0.01, 0.01, 0.01, 0.01, 0.01, 0.01, 0.01, 0.01, 0.01, 0.01, 0.01, 0.01, 0.01, 0.01, 0.01, 0.01, 0.01, 0.01, 0.01, 0.01, 0.01, 0.01, 0.01, 0.01, 0.01, 0.01, 0.01, 0.01, 0.01, 0.01, 0.01, 0.01, 0.01, 0.01, 0.01, 0.01, 0.01, 0.01, 0.01, 0.01, 0.01, 0.01, 0.01, 0.01, 0.01, 0.01, 0.01, 0.01, 0.01, 0.01, 0.01, 0.01, 0.01, 0.01, 0.01, 0.01, 0.01, 0.01, 0.01, 0.01, 0.01, 0.01, 0.01, 0.01, 0.01, 0.01, 0.01, 0.01, 0.01, 0.01, 0.01, 0.01, 0.01, 0.01, 0.01, 0.01, 0.01, 0.01, 0.01, 0.01, 0.01, 0.01, 0.01, 0.01, 0.01, 0.01, 0.01, 0.01, 0.01, 0.01, 0.01, 0.01, 0.01, 0.01, 0.01, 0.01, 0.01, 0.01, 0.01, 0.01, 0.01, 0.01, 0.01, 0.01, 0.01, 0.01, 0.01, 0.01, 0.01, 0.01, 0.01, 0.01, 0.01, 0.01, 0.01, 0.01, 0.01, 0.01, 0.01, 0.01, 0.01, 0.01, 0.01, 0.01, 0.01, 0.01, 0.01, 0.01, 0.01, 0.01, 0.01, 0.01, 0.01, 0.01, 0.01, 0.01, 0.01, 0.01, 0.01, 0.01, 0.01, 0.01, 0.01, 0.01, 0.01, 0.01, 0.01, 0.01, 0.01, 0.01, 0.01, 0.01, 0.01, 0.01, 0.01, 0.01, 0.01, 0.01, 0.01, 0.01, 0.01, 0.01, 0.01, 0.01, 0.01, 0.01, 0.01, 0.01, 0.01, 0.01, 0.01, 0.01, 0.01, 0.01, 0.01, 0.01, 0.01, 0.01, 0.01, 0.01, 0.01, 0.01, 0.01, 0.01, 0.01, 0.01, 0.01, 0.01, 0.01, 0.01, 0.01, 0.01, 0.01, 0.01, 0.01, 0.01, 0.01, 0.01, 0.01, 0.01, 0.01, 0.01, 0.01, 0.01, 0.01, 0.01, 0.01, 0.01, 0.01, 0.01, 0.01, 0.01, 0.01, 0.01, 0.01, 0.01, 0.01, 0.01, 0.01, 0.01, 0.01, 0.01, 0.01, 0.01, 0.01, 0.01, 0.01, 0.01, 0.01, 0.01, 0.01, 0.01, 0.01, 0.01, 0.01, 0.01, 0.01, 0.01, 0.01, 0.01, 0.01, 0.01] (
            interpolation = "uniform"
        )
    }
}

