#usda 1.0
(
    defaultPrim = "Tire"
    upAxis = "Y"
)

def Xform "Tire"
{
    def Mesh "Mesh" (
        customData = {
            double contactKd = 122.52211349000191
            double contactKn = 8396.364185412182
            string[] materialFields = ["C11", "C22", "C33", "C12", "C13", "C23", "G23", "G13", "G12", "rho", "alpha_damp"]
            int nBeadRows = 2
            int nCirc = 16
            int pcgIters = 10
            double pressure = 20700
            double rInner = 0.1296124905347824
            double rOuter = 0.2893279982240938
            double shellThickness = 0.0034
            int[] surfTriIndices = [0, 1, 17, 0, 17, 16, 1, 2, 18, 1, 18, 17, 2, 3, 19, 2, 19, 18, 3, 4, 20, 3, 20, 19, 4, 5, 21, 4, 21, 20, 5, 6, 22, 5, 22, 21, 6, 7, 23, 6, 23, 22, 7, 8, 24, 7, 24, 23, 8, 9, 25, 8, 25, 24, 9, 10, 26, 9, 26, 25, 10, 11, 27, 10, 27, 26, 11, 12, 28, 11, 28, 27, 12, 13, 29, 12, 29, 28, 13, 14, 30, 13, 30, 29, 14, 15, 31, 14, 31, 30, 15, 0, 16, 15, 16, 31, 16, 17, 33, 16, 33, 32, 17, 18, 34, 17, 34, 33, 18, 19, 35, 18, 35, 34, 19, 20, 36, 19, 36, 35, 20, 21, 37, 20, 37, 36, 21, 22, 38, 21, 38, 37, 22, 23, 39, 22, 39, 38, 23, 24, 40, 23, 40, 39, 24, 25, 41, 24, 41, 40, 25, 26, 42, 25, 42, 41, 26, 27, 43, 26, 43, 42, 27, 28, 44, 27, 44, 43, 28, 29, 45, 28, 45, 44, 29, 30, 46, 29, 46, 45, 30, 31, 47, 30, 47, 46, 31, 16, 32, 31, 32, 47, 32, 33, 49, 32, 49, 48, 33, 34, 50, 33, 50, 49, 34, 35, 51, 34, 51, 50, 35, 36, 52, 35, 52, 51, 36, 37, 53, 36, 53, 52, 37, 38, 54, 37, 54, 53, 38, 39, 55, 38, 55, 54, 39, 40, 56, 39, 56, 55, 40, 41, 57, 40, 57, 56, 41, 42, 58, 41, 58, 57, 42, 43, 59, 42, 59, 58, 43, 44, 60, 43, 60, 59, 44, 45, 61, 44, 61, 60, 45, 46, 62, 45, 62, 61, 46, 47, 63, 46, 63, 62, 47, 32, 48, 47, 48, 63, 48, 49, 65, 48, 65, 64, 49, 50, 66, 49, 66, 65, 50, 51, 67, 50, 67, 66, 51, 52, 68, 51, 68, 67, 52, 53, 69, 52, 69, 68, 53, 54, 70, 53, 70, 69, 54, 55, 71, 54, 71, 70, 55, 56, 72, 55, 72, 71, 56, 57, 73, 56, 73, 72, 57, 58, 74, 57, 74, 73, 58, 59, 75, 58, 75, 74, 59, 60, 76, 59, 76, 75, 60, 61, 77, 60, 77, 76, 61, 62, 78, 61, 78, 77, 62, 63, 79, 62, 79, 78, 63, 48, 64, 63, 64, 79, 64, 65, 81, 64, 81, 80, 65, 66, 82, 65, 82, 81, 66, 67, 83, 66, 83, 82, 67, 68, 84, 67, 84, 83, 68, 69, 85, 68, 85, 84, 69, 70, 86, 69, 86, 85, 70, 71, 87, 70, 87, 86, 71, 72, 88, 71, 88, 87, 72, 73, 89, 72, 89, 88, 73, 74, 90, 73, 90, 89, 74, 75, 91, 74, 91, 90, 75, 76, 92, 75, 92, 91, 76, 77, 93, 76, 93, 92, 77, 78, 94, 77, 94, 93, 78, 79, 95, 78, 95, 94, 79, 64, 80, 79, 80, 95, 80, 81, 97, 80, 97, 96, 81, 82, 98, 81, 98, 97, 82, 83, 99, 82, 99, 98, 83, 84, 100, 83, 100, 99, 84, 85, 101, 84, 101, 100, 85, 86, 102, 85, 102, 101, 86, 87, 103, 86, 103, 102, 87, 88, 104, 87, 104, 103, 88, 89, 105, 88, 105, 104, 89, 90, 106, 89, 106, 105, 90, 91, 107, 90, 107, 106, 91, 92, 108, 91, 108, 107, 92, 93, 109, 92, 109, 108, 93, 94, 110, 93, 110, 109, 94, 95, 111, 94, 111, 110, 95, 80, 96, 95, 96, 111, 96, 97, 113, 96, 113, 112, 97, 98, 114, 97, 114, 113, 98, 99, 115, 98, 115, 114, 99, 100, 116, 99, 116, 115, 100, 101, 117, 100, 117, 116, 101, 102, 118, 101, 118, 117, 102, 103, 119, 102, 119, 118, 103, 104, 120, 103, 120, 119, 104, 105, 121, 104, 121, 120, 105, 106, 122, 105, 122, 121, 106, 107, 123, 106, 123, 122, 107, 108, 124, 107, 124, 123, 108, 109, 125, 108, 125, 124, 109, 110, 126, 109, 126, 125, 110, 111, 127, 110, 127, 126, 111, 96, 112, 111, 112, 127, 112, 113, 129, 112, 129, 128, 113, 114, 130, 113, 130, 129, 114, 115, 131, 114, 131, 130, 115, 116, 132, 115, 132, 131, 116, 117, 133, 116, 133, 132, 117, 118, 134, 117, 134, 133, 118, 119, 135, 118, 135, 134, 119, 120, 136, 119, 136, 135, 120, 121, 137, 120, 137, 136, 121, 122, 138, 121, 138, 137, 122, 123, 139, 122, 139, 138, 123, 124, 140, 123, 140, 139, 124, 125, 141, 124, 141, 140, 125, 126, 142, 125, 142, 141, 126, 127, 143, 126, 143, 142, 127, 112, 128, 127, 128, 143, 128, 129, 145, 128, 145, 144, 129, 130, 146, 129, 146, 145, 130, 131, 147, 130, 147, 146, 131, 132, 148, 131, 148, 147, 132, 133, 149, 132, 149, 148, 133, 134, 150, 133, 150, 149, 134, 135, 151, 134, 151, 150, 135, 136, 152, 135, 152, 151, 136, 137, 153, 136, 153, 152, 137, 138, 154, 137, 154, 153, 138, 139, 155, 138, 155, 154, 139, 140, 156, 139, 156, 155, 140, 141, 157, 140, 157, 156, 141, 142, 158, 141, 158, 157, 142, 143, 159, 142, 159, 158, 143, 128, 144, 143, 144, 159, 144, 145, 161, 144, 161, 160, 145, 146, 162, 145, 162, 161, 146, 147, 163, 146, 163, 162, 147, 148, 164, 147, 164, 163, 148, 149, 165, 148, 165, 164, 149, 150, 166, 149, 166, 165, 150, 151, 167, 150, 167, 166, 151, 152, 168, 151, 168, 167, 152, 153, 169, 152, 169, 168, 153, 154, 170, 153, 170, 169, 154, 155, 171, 154, 171, 170, 155, 156, 172, 155, 172, 171, 156, 157, 173, 156, 173, 172, 157, 158, 174, 157, 174, 173, 158, 159, 175, 158, 175, 174, 159, 144, 160, 159, 160, 175, 160, 161, 177, 160, 177, 176, 161, 162, 178, 161, 178, 177, 162, 163, 179, 162, 179, 178, 163, 164, 180, 163, 180, 179, 164, 165, 181, 164, 181, 180, 165, 166, 182, 165, 182, 181, 166, 167, 183, 166, 183, 182, 167, 168, 184, 167, 184, 183, 168, 169, 185, 168, 185, 184, 169, 170, 186, 169, 186, 185, 170, 171, 187, 170, 187, 186, 171, 172, 188, 171, 188, 187, 172, 173, 189, 172, 189, 188, 173, 174, 190, 173, 190, 189, 174, 175, 191, 174, 191, 190, 175, 160, 176, 175, 176, 191, 176, 177, 193, 176, 193, 192, 177, 178, 194, 177, 194, 193, 178, 179, 195, 178, 195, 194, 179, 180, 196, 179, 196, 195, 180, 181, 197, 180, 197, 196, 181, 182, 198, 181, 198, 197, 182, 183, 199, 182, 199, 198, 183, 184, 200, 183, 200, 199, 184, 185, 201, 184, 201, 200, 185, 186, 202, 185, 202, 201, 186, 187, 203, 186, 203, 202, 187, 188, 204, 187, 204, 203, 188, 189, 205, 188, 205, 204, 189, 190, 206, 189, 206, 205, 190, 191, 207, 190, 207, 206, 191, 176, 192, 191, 192, 207, 192, 193, 209, 192, 209, 208, 193, 194, 210, 193, 210, 209, 194, 195, 211, 194, 211, 210, 195, 196, 212, 195, 212, 211, 196, 197, 213, 196, 213, 212, 197, 198, 214, 197, 214, 213, 198, 199, 215, 198, 215, 214, 199, 200, 216, 199, 216, 215, 200, 201, 217, 200, 217, 216, 201, 202, 218, 201, 218, 217, 202, 203, 219, 202, 219, 218, 203, 204, 220, 203, 220, 219, 204, 205, 221, 204, 221, 220, 205, 206, 222, 205, 222, 221, 206, 207, 223, 206, 223, 222, 207, 192, 208, 207, 208, 223, 208, 209, 225, 208, 225, 224, 209, 210, 226, 209, 226, 225, 210, 211, 227, 210, 227, 226, 211, 212, 228, 211, 228, 227, 212, 213, 229, 212, 229, 228, 213, 214, 230, 213, 230, 229, 214, 215, 231, 214, 231, 230, 215, 216, 232, 215, 232, 231, 216, 217, 233, 216, 233, 232, 217, 218, 234, 217, 234, 233, 218, 219, 235, 218, 235, 234, 219, 220, 236, 219, 236, 235, 220, 221, 237, 220, 237, 236, 221, 222, 238, 221, 238, 237, 222, 223, 239, 222, 239, 238, 223, 208, 224, 223, 224, 239]
            double width = 0.25391017195363774
        }
    )
    {
        int[] faceVertexCounts = [4, 4, 4, 4, 4, 4, 4, 4, 4, 4, 4, 4, 4, 4, 4, 4, 4, 4, 4, 4, 4, 4, 4, 4, 4, 4, 4, 4, 4, 4, 4, 4, 4, 4, 4, 4, 4, 4, 4, 4, 4, 4, 4, 4, 4, 4, 4, 4, 4, 4, 4, 4, 4, 4, 4, 4, 4, 4, 4, 4, 4, 4, 4, 4, 4, 4, 4, 4, 4, 4, 4, 4, 4, 4, 4, 4, 4, 4, 4, 4, 4, 4, 4, 4, 4, 4, 4, 4, 4, 4, 4, 4, 4, 4, 4, 4, 4, 4, 4, 4, 4, 4, 4, 4, 4, 4, 4, 4, 4, 4, 4, 4, 4, 4, 4, 4, 4, 4, 4, 4, 4, 4, 4, 4, 4, 4, 4, 4, 4, 4, 4, 4, 4, 4, 4, 4, 4, 4, 4, 4, 4, 4, 4, 4, 4, 4, 4, 4, 4, 4, 4, 4, 4, 4, 4, 4, 4, 4, 4, 4, 4, 4, 4, 4, 4, 4, 4, 4, 4, 4, 4, 4, 4, 4, 4, 4, 4, 4, 4, 4, 4, 4, 4, 4, 4, 4, 4, 4, 4, 4, 4, 4, 4, 4, 4, 4, 4, 4, 4, 4, 4, 4, 4, 4, 4, 4, 4, 4, 4, 4, 4, 4, 4, 4, 4, 4, 4, 4, 4, 4, 4, 4, 4, 4]
        int[] faceVertexIndices = [0, 1, 17, 16, 1, 2, 18, 17, 2, 3, 19, 18, 3, 4, 20, 19, 4, 5, 21, 20, 5, 6, 22, 21, 6, 7, 23, 22, 7, 8, 24, 23, 8, 9, 25, 24, 9, 10, 26, 25, 10, 11, 27, 26, 11, 12, 28, 27, 12, 13, 29, 28, 13, 14, 30, 29, 14, 15, 31, 30, 15, 0, 16, 31, 16, 17, 33, 32, 17, 18, 34, 33, 18, 19, 35, 34, 19, 20, 36, 35, 20, 21, 37, 36, 21, 22, 38, 37, 22, 23, 39, 38, 23, 24, 40, 39, 24, 25, 41, 40, 25, 26, 42, 41, 26, 27, 43, 42, 27, 28, 44, 43, 28, 29, 45, 44, 29, 30, 46, 45, 30, 31, 47, 46, 31, 16, 32, 47, 32, 33, 49, 48, 33, 34, 50, 49, 34, 35, 51, 50, 35, 36, 52, 51, 36, 37, 53, 52, 37, 38, 54, 53, 38, 39, 55, 54, 39, 40, 56, 55, 40, 41, 57, 56, 41, 42, 58, 57, 42, 43, 59, 58, 43, 44, 60, 59, 44, 45, 61, 60, 45, 46, 62, 61, 46, 47, 63, 62, 47, 32, 48, 63, 48, 49, 65, 64, 49, 50, 66, 65, 50, 51, 67, 66, 51, 52, 68, 67, 52, 53, 69, 68, 53, 54, 70, 69, 54, 55, 71, 70, 55, 56, 72, 71, 56, 57, 73, 72, 57, 58, 74, 73, 58, 59, 75, 74, 59, 60, 76, 75, 60, 61, 77, 76, 61, 62, 78, 77, 62, 63, 79, 78, 63, 48, 64, 79, 64, 65, 81, 80, 65, 66, 82, 81, 66, 67, 83, 82, 67, 68, 84, 83, 68, 69, 85, 84, 69, 70, 86, 85, 70, 71, 87, 86, 71, 72, 88, 87, 72, 73, 89, 88, 73, 74, 90, 89, 74, 75, 91, 90, 75, 76, 92, 91, 76, 77, 93, 92, 77, 78, 94, 93, 78, 79, 95, 94, 79, 64, 80, 95, 80, 81, 97, 96, 81, 82, 98, 97, 82, 83, 99, 98, 83, 84, 100, 99, 84, 85, 101, 100, 85, 86, 102, 101, 86, 87, 103, 102, 87, 88, 104, 103, 88, 89, 105, 104, 89, 90, 106, 105, 90, 91, 107, 106, 91, 92, 108, 107, 92, 93, 109, 108, 93, 94, 110, 109, 94, 95, 111, 110, 95, 80, 96, 111, 96, 97, 113, 112, 97, 98, 114, 113, 98, 99, 115, 114, 99, 100, 116, 115, 100, 101, 117, 116, 101, 102, 118, 117, 102, 103, 119, 118, 103, 104, 120, 119, 104, 105, 121, 120, 105, 106, 122, 121, 106, 107, 123, 122, 107, 108, 124, 123, 108, 109, 125, 124, 109, 110, 126, 125, 110, 111, 127, 126, 111, 96, 112, 127, 112, 113, 129, 128, 113, 114, 130, 129, 114, 115, 131, 130, 115, 116, 132, 131, 116, 117, 133, 132, 117, 118, 134, 133, 118, 119, 135, 134, 119, 120, 136, 135, 120, 121, 137, 136, 121, 122, 138, 137, 122, 123, 139, 138, 123, 124, 140, 139, 124, 125, 141, 140, 125, 126, 142, 141, 126, 127, 143, 142, 127, 112, 128, 143, 128, 129, 145, 144, 129, 130, 146, 145, 130, 131, 147, 146, 131, 132, 148, 147, 132, 133, 149, 148, 133, 134, 150, 149, 134, 135, 151, 150, 135, 136, 152, 151, 136, 137, 153, 152, 137, 138, 154, 153, 138, 139, 155, 154, 139, 140, 156, 155, 140, 141, 157, 156, 141, 142, 158, 157, 142, 143, 159, 158, 143, 128, 144, 159, 144, 145, 161, 160, 145, 146, 162, 161, 146, 147, 163, 162, 147, 148, 164, 163, 148, 149, 165, 164, 149, 150, 166, 165, 150, 151, 167, 166, 151, 152, 168, 167, 152, 153, 169, 168, 153, 154, 170, 169, 154, 155, 171, 170, 155, 156, 172, 171, 156, 157, 173, 172, 157, 158, 174, 173, 158, 159, 175, 174, 159, 144, 160, 175, 160, 161, 177, 176, 161, 162, 178, 177, 162, 163, 179, 178, 163, 164, 180, 179, 164, 165, 181, 180, 165, 166, 182, 181, 166, 167, 183, 182, 167, 168, 184, 183, 168, 169, 185, 184, 169, 170, 186, 185, 170, 171, 187, 186, 171, 172, 188, 187, 172, 173, 189, 188, 173, 174, 190, 189, 174, 175, 191, 190, 175, 160, 176, 191, 176, 177, 193, 192, 177, 178, 194, 193, 178, 179, 195, 194, 179, 180, 196, 195, 180, 181, 197, 196, 181, 182, 198, 197, 182, 183, 199, 198, 183, 184, 200, 199, 184, 185, 201, 200, 185, 186, 202, 201, 186, 187, 203, 202, 187, 188, 204, 203, 188, 189, 205, 204, 189, 190, 206, 205, 190, 191, 207, 206, 191, 176, 192, 207, 192, 193, 209, 208, 193, 194, 210, 209, 194, 195, 211, 210, 195, 196, 212, 211, 196, 197, 213, 212, 197, 198, 214, 213, 198, 199, 215, 214, 199, 200, 216, 215, 200, 201, 217, 216, 201, 202, 218, 217, 202, 203, 219, 218, 203, 204, 220, 219, 204, 205, 221, 220, 205, 206, 222, 221, 206, 207, 223, 222, 207, 192, 208, 223, 208, 209, 225, 224, 209, 210, 226, 225, 210, 211, 227, 226, 211, 212, 228, 227, 212, 213, 229, 228, 213, 214, 230, 229, 214, 215, 231, 230, 215, 216, 232, 231, 216, 217, 233, 232, 217, 218, 234, 233, 218, 219, 235, 234, 219, 220, 236, 235, 220, 221, 237, 236, 221, 222, 238, 237, 222, 223, 239, 238, 223, 208, 224, 239]
        point3f[] points = [(-0.10163047, -0.12961249, 0), (-0.10163047, -0.11974633, 0.049600553), (-0.10163047, -0.09164987, 0.09164987), (-0.10163047, -0.049600553, 0.11974633), (-0.10163047, -7.936476e-18, 0.12961249), (-0.10163047, 0.049600553, 0.11974633), (-0.10163047, 0.09164987, 0.09164987), (-0.10163047, 0.11974633, 0.049600553), (-0.10163047, 0.12961249, 1.5872952e-17), (-0.10163047, 0.11974633, -0.049600553), (-0.10163047, 0.09164987, -0.09164987), (-0.10163047, 0.049600553, -0.11974633), (-0.10163047, 2.3809428e-17, -0.12961249), (-0.10163047, -0.049600553, -0.11974633), (-0.10163047, -0.09164987, -0.09164987), (-0.10163047, -0.11974633, -0.049600553), (-0.115499906, -0.1633791, 0), (-0.115499906, -0.15094261, 0.06252247), (-0.115499906, -0.11552647, 0.11552647), (-0.115499906, -0.06252247, 0.15094261), (-0.115499906, -1.00040845e-17, 0.1633791), (-0.115499906, 0.06252247, 0.15094261), (-0.115499906, 0.11552647, 0.11552647), (-0.115499906, 0.15094261, 0.06252247), (-0.115499906, 0.1633791, 2.0008169e-17), (-0.115499906, 0.15094261, -0.06252247), (-0.115499906, 0.11552647, -0.11552647), (-0.115499906, 0.06252247, -0.15094261), (-0.115499906, 3.0012253e-17, -0.1633791), (-0.115499906, -0.06252247, -0.15094261), (-0.115499906, -0.11552647, -0.11552647), (-0.115499906, -0.15094261, -0.06252247), (-0.12693503, -0.19679071, 0), (-0.12693503, -0.18181092, 0.07530855), (-0.12693503, -0.13915205, 0.13915205), (-0.12693503, -0.07530855, 0.18181092), (-0.12693503, -1.2049956e-17, 0.19679071), (-0.12693503, 0.07530855, 0.18181092), (-0.12693503, 0.13915205, 0.13915205), (-0.12693503, 0.18181092, 0.07530855), (-0.12693503, 0.19679071, 2.4099912e-17), (-0.12693503, 0.18181092, -0.07530855), (-0.12693503, 0.13915205, -0.13915205), (-0.12693503, 0.07530855, -0.18181092), (-0.12693503, 3.6149867e-17, -0.19679071), (-0.12693503, -0.07530855, -0.18181092), (-0.12693503, -0.13915205, -0.13915205), (-0.12693503, -0.18181092, -0.07530855), (-0.121621266, -0.22566323, 0), (-0.121621266, -0.20848563, 0.08635758), (-0.121621266, -0.159568, 0.159568), (-0.121621266, -0.08635758, 0.20848563), (-0.121621266, -1.38178875e-17, 0.22566323), (-0.121621266, 0.08635758, 0.20848563), (-0.121621266, 0.159568, 0.159568), (-0.121621266, 0.20848563, 0.08635758), (-0.121621266, 0.22566323, 2.7635775e-17), (-0.121621266, 0.20848563, -0.08635758), (-0.121621266, 0.159568, -0.159568), (-0.121621266, 0.08635758, -0.20848563), (-0.121621266, 4.1453663e-17, -0.22566323), (-0.121621266, -0.08635758, -0.20848563), (-0.121621266, -0.159568, -0.159568), (-0.121621266, -0.20848563, -0.08635758), (-0.10078495, -0.2550065, 0), (-0.10078495, -0.23559527, 0.09758676), (-0.10078495, -0.1803168, 0.1803168), (-0.10078495, -0.09758676, 0.23559527), (-0.10078495, -1.5614644e-17, 0.2550065), (-0.10078495, 0.09758676, 0.23559527), (-0.10078495, 0.1803168, 0.1803168), (-0.10078495, 0.23559527, 0.09758676), (-0.10078495, 0.2550065, 3.1229288e-17), (-0.10078495, 0.23559527, -0.09758676), (-0.10078495, 0.1803168, -0.1803168), (-0.10078495, 0.09758676, -0.23559527), (-0.10078495, 4.684393e-17, -0.2550065), (-0.10078495, -0.09758676, -0.23559527), (-0.10078495, -0.1803168, -0.1803168), (-0.10078495, -0.23559527, -0.09758676), (-0.07148937, -0.27662727, 0), (-0.07148937, -0.2555703, 0.10586068), (-0.07148937, -0.19560502, 0.19560502), (-0.07148937, -0.10586068, 0.2555703), (-0.07148937, -1.6938536e-17, 0.27662727), (-0.07148937, 0.10586068, 0.2555703), (-0.07148937, 0.19560502, 0.19560502), (-0.07148937, 0.2555703, 0.10586068), (-0.07148937, 0.27662727, 3.3877073e-17), (-0.07148937, 0.2555703, -0.10586068), (-0.07148937, 0.19560502, -0.19560502), (-0.07148937, 0.10586068, -0.2555703), (-0.07148937, 5.0815608e-17, -0.27662727), (-0.07148937, -0.10586068, -0.2555703), (-0.07148937, -0.19560502, -0.19560502), (-0.07148937, -0.2555703, -0.10586068), (-0.03650301, -0.2869059, 0), (-0.03650301, -0.2650665, 0.10979415), (-0.03650301, -0.20287313, 0.20287313), (-0.03650301, -0.10979415, 0.2650665), (-0.03650301, -1.7567922e-17, 0.2869059), (-0.03650301, 0.10979415, 0.2650665), (-0.03650301, 0.20287313, 0.20287313), (-0.03650301, 0.2650665, 0.10979415), (-0.03650301, 0.2869059, 3.5135843e-17), (-0.03650301, 0.2650665, -0.10979415), (-0.03650301, 0.20287313, -0.20287313), (-0.03650301, 0.10979415, -0.2650665), (-0.03650301, 5.2703763e-17, -0.2869059), (-0.03650301, -0.10979415, -0.2650665), (-0.03650301, -0.20287313, -0.20287313), (-0.03650301, -0.2650665, -0.10979415), (6.31239e-17, -0.289328, 0), (6.31239e-17, -0.2673042, 0.11072103), (6.31239e-17, -0.20458579, 0.20458579), (6.31239e-17, -0.11072103, 0.2673042), (6.31239e-17, -1.771623e-17, 0.289328), (6.31239e-17, 0.11072103, 0.2673042), (6.31239e-17, 0.20458579, 0.20458579), (6.31239e-17, 0.2673042, 0.11072103), (6.31239e-17, 0.289328, 3.543246e-17), (6.31239e-17, 0.2673042, -0.11072103), (6.31239e-17, 0.20458579, -0.20458579), (6.31239e-17, 0.11072103, -0.2673042), (6.31239e-17, 5.314869e-17, -0.289328), (6.31239e-17, -0.11072103, -0.2673042), (6.31239e-17, -0.20458579, -0.20458579), (6.31239e-17, -0.2673042, -0.11072103), (0.03650301, -0.2869059, 0), (0.03650301, -0.2650665, 0.10979415), (0.03650301, -0.20287313, 0.20287313), (0.03650301, -0.10979415, 0.2650665), (0.03650301, -1.7567922e-17, 0.2869059), (0.03650301, 0.10979415, 0.2650665), (0.03650301, 0.20287313, 0.20287313), (0.03650301, 0.2650665, 0.10979415), (0.03650301, 0.2869059, 3.5135843e-17), (0.03650301, 0.2650665, -0.10979415), (0.03650301, 0.20287313, -0.20287313), (0.03650301, 0.10979415, -0.2650665), (0.03650301, 5.2703763e-17, -0.2869059), (0.03650301, -0.10979415, -0.2650665), (0.03650301, -0.20287313, -0.20287313), (0.03650301, -0.2650665, -0.10979415), (0.07148937, -0.27662727, 0), (0.07148937, -0.2555703, 0.10586068), (0.07148937, -0.19560502, 0.19560502), (0.07148937, -0.10586068, 0.2555703), (0.07148937, -1.6938536e-17, 0.27662727), (0.07148937, 0.10586068, 0.2555703), (0.07148937, 0.19560502, 0.19560502), (0.07148937, 0.2555703, 0.10586068), (0.07148937, 0.27662727, 3.3877073e-17), (0.07148937, 0.2555703, -0.10586068), (0.07148937, 0.19560502, -0.19560502), (0.07148937, 0.10586068, -0.2555703), (0.07148937, 5.0815608e-17, -0.27662727), (0.07148937, -0.10586068, -0.2555703), (0.07148937, -0.19560502, -0.19560502), (0.07148937, -0.2555703, -0.10586068), (0.10078495, -0.2550065, 0), (0.10078495, -0.23559527, 0.09758676), (0.10078495, -0.1803168, 0.1803168), (0.10078495, -0.09758676, 0.23559527), (0.10078495, -1.5614644e-17, 0.2550065), (0.10078495, 0.09758676, 0.23559527), (0.10078495, 0.1803168, 0.1803168), (0.10078495, 0.23559527, 0.09758676), (0.10078495, 0.2550065, 3.1229288e-17), (0.10078495, 0.23559527, -0.09758676), (0.10078495, 0.1803168, -0.1803168), (0.10078495, 0.09758676, -0.23559527), (0.10078495, 4.684393e-17, -0.2550065), (0.10078495, -0.09758676, -0.23559527), (0.10078495, -0.1803168, -0.1803168), (0.10078495, -0.23559527, -0.09758676), (0.121621266, -0.22566323, 0), (0.121621266, -0.20848563, 0.08635758), (0.121621266, -0.159568, 0.159568), (0.121621266, -0.08635758, 0.20848563), (0.121621266, -1.38178875e-17, 0.22566323), (0.121621266, 0.08635758, 0.20848563), (0.121621266, 0.159568, 0.159568), (0.121621266, 0.20848563, 0.08635758), (0.121621266, 0.22566323, 2.7635775e-17), (0.121621266, 0.20848563, -0.08635758), (0.121621266, 0.159568, -0.159568), (0.121621266, 0.08635758, -0.20848563), (0.121621266, 4.1453663e-17, -0.22566323), (0.121621266, -0.08635758, -0.20848563), (0.121621266, -0.159568, -0.159568), (0.121621266, -0.20848563, -0.08635758), (0.12693503, -0.19679071, 0), (0.12693503, -0.18181092, 0.07530855), (0.12693503, -0.13915205, 0.13915205), (0.12693503, -0.07530855, 0.18181092), (0.12693503, -1.2049956e-17, 0.19679071), (0.12693503, 0.07530855, 0.18181092), (0.12693503, 0.13915205, 0.13915205), (0.12693503, 0.18181092, 0.07530855), (0.12693503, 0.19679071, 2.4099912e-17), (0.12693503, 0.18181092, -0.07530855), (0.12693503, 0.13915205, -0.13915205), (0.12693503, 0.07530855, -0.18181092), (0.12693503, 3.6149867e-17, -0.19679071), (0.12693503, -0.07530855, -0.18181092), (0.12693503, -0.13915205, -0.13915205), (0.12693503, -0.18181092, -0.07530855), (0.115499906, -0.1633791, 0), (0.115499906, -0.15094261, 0.06252247), (0.115499906, -0.11552647, 0.11552647), (0.115499906, -0.06252247, 0.15094261), (0.115499906, -1.00040845e-17, 0.1633791), (0.115499906, 0.06252247, 0.15094261), (0.115499906, 0.11552647, 0.11552647), (0.115499906, 0.15094261, 0.06252247), (0.115499906, 0.1633791, 2.0008169e-17), (0.115499906, 0.15094261, -0.06252247), (0.115499906, 0.11552647, -0.11552647), (0.115499906, 0.06252247, -0.15094261), (0.115499906, 3.0012253e-17, -0.1633791), (0.115499906, -0.06252247, -0.15094261), (0.115499906, -0.11552647, -0.11552647), (0.115499906, -0.15094261, -0.06252247), (0.10163047, -0.12961249, 0), (0.10163047, -0.11974633, 0.049600553), (0.10163047, -0.09164987, 0.09164987), (0.10163047, -0.049600553, 0.11974633), (0.10163047, -7.936476e-18, 0.12961249), (0.10163047, 0.049600553, 0.11974633), (0.10163047, 0.09164987, 0.09164987), (0.10163047, 0.11974633, 0.049600553), (0.10163047, 0.12961249, 1.5872952e-17), (0.10163047, 0.11974633, -0.049600553), (0.10163047, 0.09164987, -0.09164987), (0.10163047, 0.049600553, -0.11974633), (0.10163047, 2.3809428e-17, -0.12961249), (0.10163047, -0.049600553, -0.11974633), (0.10163047, -0.09164987, -0.09164987), (0.10163047, -0.11974633, -0.049600553)]
        vector3f[] primvars:D0 = [(-0.92501014, 0.3799424, 0), (-0.92501014, 0.35102102, -0.1453977), (-0.92501014, 0.26865986, -0.26865986), (-0.92501014, 0.1453977, -0.35102102), (-0.92501014, 0, -0.3799424), (-0.92501014, -0.1453977, -0.35102102), (-0.92501014, -0.26865986, -0.26865986), (-0.92501014, -0.35102102, -0.1453977), (-0.92501014, -0.3799424, -0), (-0.92501014, -0.35102102, 0.1453977), (-0.92501014, -0.26865986, 0.26865986), (-0.92501014, -0.1453977, 0.35102102), (-0.92501014, 0, 0.3799424), (-0.92501014, 0.1453977, 0.35102102), (-0.92501014, 0.26865986, 0.26865986), (-0.92501014, 0.35102102, 0.1453977), (-0.9358119, 0.35249984, 0), (-0.9358119, 0.32566735, -0.13489585), (-0.9358119, 0.24925499, -0.24925499), (-0.9358119, 0.13489585, -0.32566735), (-0.9358119, 0, -0.35249984), (-0.9358119, -0.13489585, -0.32566735), (-0.9358119, -0.24925499, -0.24925499), (-0.9358119, -0.32566735, -0.13489585), (-0.9358119, -0.35249984, -0), (-0.9358119, -0.32566735, 0.13489585), (-0.9358119, -0.24925499, 0.24925499), (-0.9358119, -0.13489585, 0.32566735), (-0.9358119, 0, 0.35249984), (-0.9358119, 0.13489585, 0.32566735), (-0.9358119, 0.24925499, 0.24925499), (-0.9358119, 0.32566735, 0.13489585), (-0.9952051, 0.09780997, 0), (-0.9952051, 0.090364635, -0.037430253), (-0.9952051, 0.06916209, -0.06916209), (-0.9952051, 0.037430253, -0.090364635), (-0.9952051, 0, -0.09780997), (-0.9952051, -0.037430253, -0.090364635), (-0.9952051, -0.06916209, -0.06916209), (-0.9952051, -0.090364635, -0.037430253), (-0.9952051, -0.09780997, -0), (-0.9952051, -0.090364635, 0.037430253), (-0.9952051, -0.06916209, 0.06916209), (-0.9952051, -0.037430253, 0.090364635), (-0.9952051, 0, 0.09780997), (-0.9952051, 0.037430253, 0.090364635), (-0.9952051, 0.06916209, 0.06916209), (-0.9952051, 0.090364635, 0.037430253), (-0.912197, -0.40975192, 0), (-0.91219693, -0.3785615, 0.15680532), (-0.91219693, -0.28973848, 0.28973848), (-0.91219693, -0.15680532, 0.3785615), (-0.912197, 0, 0.40975192), (-0.91219693, 0.15680532, 0.3785615), (-0.91219693, 0.28973848, 0.28973848), (-0.91219693, 0.3785615, 0.15680532), (-0.912197, 0.40975192, 0), (-0.91219693, 0.3785615, -0.15680532), (-0.91219693, 0.28973848, -0.28973848), (-0.91219693, 0.15680532, -0.3785615), (-0.912197, -0, -0.40975192), (-0.91219693, -0.15680532, -0.3785615), (-0.91219693, -0.28973848, -0.28973848), (-0.91219693, -0.3785615, -0.15680532), (-0.712903, -0.70126265, 0), (-0.7129032, -0.64788204, 0.2683616), (-0.7129031, -0.49586752, 0.49586752), (-0.7129032, -0.2683616, 0.64788204), (-0.712903, 0, 0.70126265), (-0.7129032, 0.2683616, 0.64788204), (-0.7129031, 0.49586752, 0.49586752), (-0.7129032, 0.64788204, 0.2683616), (-0.712903, 0.70126265, 0), (-0.7129032, 0.64788204, -0.2683616), (-0.7129031, 0.49586752, -0.49586752), (-0.7129032, 0.2683616, -0.64788204), (-0.712903, -0, -0.70126265), (-0.7129032, -0.2683616, -0.64788204), (-0.7129031, -0.49586752, -0.49586752), (-0.7129032, -0.64788204, -0.2683616), (-0.4445188, -0.89576954, 0), (-0.44451892, -0.8275831, 0.34279612), (-0.44451913, -0.6334046, 0.6334046), (-0.44451892, -0.34279612, 0.8275831), (-0.4445188, 0, 0.89576954), (-0.44451892, 0.34279612, 0.8275831), (-0.44451913, 0.6334046, 0.6334046), (-0.44451892, 0.8275831, 0.34279612), (-0.4445188, 0.89576954, 0), (-0.44451892, 0.8275831, -0.34279612), (-0.44451913, 0.6334046, -0.6334046), (-0.44451892, 0.34279612, -0.8275831), (-0.4445188, -0, -0.89576954), (-0.44451892, -0.34279612, -0.8275831), (-0.44451913, -0.6334046, -0.6334046), (-0.44451892, -0.8275831, -0.34279612), (-0.17492005, -0.98458266, 0), (-0.1749196, -0.90963584, 0.37678346), (-0.17491984, -0.6962051, 0.6962051), (-0.1749196, -0.37678346, 0.90963584), (-0.17492005, 0, 0.98458266), (-0.1749196, 0.37678346, 0.90963584), (-0.17491984, 0.6962051, 0.6962051), (-0.1749196, 0.90963584, 0.37678346), (-0.17492005, 0.98458266, 0), (-0.1749196, 0.90963584, -0.37678346), (-0.17491984, 0.6962051, -0.6962051), (-0.1749196, 0.37678346, -0.90963584), (-0.17492005, -0, -0.98458266), (-0.1749196, -0.37678346, -0.90963584), (-0.17491984, -0.6962051, -0.6962051), (-0.1749196, -0.90963584, -0.37678346), (0, -1, 0), (0, -0.9238795, 0.38268346), (0, -0.70710677, 0.70710677), (0, -0.38268346, 0.9238795), (0, 0, 1), (-0, 0.38268346, 0.9238795), (-0, 0.70710677, 0.70710677), (-0, 0.9238795, 0.38268346), (-0, 1, 0), (0, 0.9238795, -0.38268346), (0, 0.70710677, -0.70710677), (0, 0.38268346, -0.9238795), (0, 0, -1), (0, -0.38268346, -0.9238795), (0, -0.70710677, -0.70710677), (0, -0.9238795, -0.38268346), (0.17492005, -0.98458266, 0), (0.1749196, -0.90963584, 0.37678346), (0.17491984, -0.6962051, 0.6962051), (0.1749196, -0.37678346, 0.90963584), (0.17492005, -0, 0.98458266), (0.1749196, 0.37678346, 0.90963584), (0.17491984, 0.6962051, 0.6962051), (0.1749196, 0.90963584, 0.37678346), (0.17492005, 0.98458266, 0), (0.1749196, 0.90963584, -0.37678346), (0.17491984, 0.6962051, -0.6962051), (0.1749196, 0.37678346, -0.90963584), (0.17492005, 0, -0.98458266), (0.1749196, -0.37678346, -0.90963584), (0.17491984, -0.6962051, -0.6962051), (0.1749196, -0.90963584, -0.37678346), (0.4445188, -0.89576954, 0), (0.44451892, -0.8275831, 0.34279612), (0.44451913, -0.6334046, 0.6334046), (0.44451892, -0.34279612, 0.8275831), (0.4445188, -0, 0.89576954), (0.44451892, 0.34279612, 0.8275831), (0.44451913, 0.6334046, 0.6334046), (0.44451892, 0.8275831, 0.34279612), (0.4445188, 0.89576954, 0), (0.44451892, 0.8275831, -0.34279612), (0.44451913, 0.6334046, -0.6334046), (0.44451892, 0.34279612, -0.8275831), (0.4445188, 0, -0.89576954), (0.44451892, -0.34279612, -0.8275831), (0.44451913, -0.6334046, -0.6334046), (0.44451892, -0.8275831, -0.34279612), (0.712903, -0.70126265, 0), (0.7129032, -0.64788204, 0.2683616), (0.7129031, -0.49586752, 0.49586752), (0.7129032, -0.2683616, 0.64788204), (0.712903, -0, 0.70126265), (0.7129032, 0.2683616, 0.64788204), (0.7129031, 0.49586752, 0.49586752), (0.7129032, 0.64788204, 0.2683616), (0.712903, 0.70126265, 0), (0.7129032, 0.64788204, -0.2683616), (0.7129031, 0.49586752, -0.49586752), (0.7129032, 0.2683616, -0.64788204), (0.712903, 0, -0.70126265), (0.7129032, -0.2683616, -0.64788204), (0.7129031, -0.49586752, -0.49586752), (0.7129032, -0.64788204, -0.2683616), (0.912197, -0.40975192, 0), (0.91219693, -0.3785615, 0.15680532), (0.91219693, -0.28973848, 0.28973848), (0.91219693, -0.15680532, 0.3785615), (0.912197, -0, 0.40975192), (0.91219693, 0.15680532, 0.3785615), (0.91219693, 0.28973848, 0.28973848), (0.91219693, 0.3785615, 0.15680532), (0.912197, 0.40975192, 0), (0.91219693, 0.3785615, -0.15680532), (0.91219693, 0.28973848, -0.28973848), (0.91219693, 0.15680532, -0.3785615), (0.912197, 0, -0.40975192), (0.91219693, -0.15680532, -0.3785615), (0.91219693, -0.28973848, -0.28973848), (0.91219693, -0.3785615, -0.15680532), (0.9952051, 0.09780997, -0), (0.9952051, 0.090364635, -0.037430253), (0.9952051, 0.06916209, -0.06916209), (0.9952051, 0.037430253, -0.090364635), (0.9952051, 0, -0.09780997), (0.9952051, -0.037430253, -0.090364635), (0.9952051, -0.06916209, -0.06916209), (0.9952051, -0.090364635, -0.037430253), (0.9952051, -0.09780997, 0), (0.9952051, -0.090364635, 0.037430253), (0.9952051, -0.06916209, 0.06916209), (0.9952051, -0.037430253, 0.090364635), (0.9952051, 0, 0.09780997), (0.9952051, 0.037430253, 0.090364635), (0.9952051, 0.06916209, 0.06916209), (0.9952051, 0.090364635, 0.037430253), (0.9358119, 0.35249984, -0), (0.9358119, 0.32566735, -0.13489585), (0.9358119, 0.24925499, -0.24925499), (0.9358119, 0.13489585, -0.32566735), (0.9358119, 0, -0.35249984), (0.9358119, -0.13489585, -0.32566735), (0.9358119, -0.24925499, -0.24925499), (0.9358119, -0.32566735, -0.13489585), (0.9358119, -0.35249984, 0), (0.9358119, -0.32566735, 0.13489585), (0.9358119, -0.24925499, 0.24925499), (0.9358119, -0.13489585, 0.32566735), (0.9358119, 0, 0.35249984), (0.9358119, 0.13489585, 0.32566735), (0.9358119, 0.24925499, 0.24925499), (0.9358119, 0.32566735, 0.13489585), (0.92501014, 0.3799424, -0), (0.92501014, 0.35102102, -0.1453977), (0.92501014, 0.26865986, -0.26865986), (0.92501014, 0.1453977, -0.35102102), (0.92501014, 0, -0.3799424), (0.92501014, -0.1453977, -0.35102102), (0.92501014, -0.26865986, -0.26865986), (0.92501014, -0.35102102, -0.1453977), (0.92501014, -0.3799424, 0), (0.92501014, -0.35102102, 0.1453977), (0.92501014, -0.26865986, 0.26865986), (0.92501014, -0.1453977, 0.35102102), (0.92501014, 0, 0.3799424), (0.92501014, 0.1453977, 0.35102102), (0.92501014, 0.26865986, 0.26865986), (0.92501014, 0.35102102, 0.1453977)] (
            interpolation = "vertex"
        )
        float[] primvars:material = [128016330, 163296200, 138684590, 53449150, 103982900, 67815176, 1630000, 1630000, 1630000, 4265.4443, 0.15, 128016330, 163296200, 138684590, 53449150, 103982900, 67815176, 1630000, 1630000, 1630000, 4265.4443, 0.15, 128016330, 163296200, 138684590, 53449150, 103982900, 67815176, 1630000, 1630000, 1630000, 4265.4443, 0.15, 128016330, 163296200, 138684590, 53449150, 103982900, 67815176, 1630000, 1630000, 1630000, 4265.4443, 0.15, 128016330, 163296200, 138684590, 53449150, 103982900, 67815176, 1630000, 1630000, 1630000, 4265.4443, 0.15, 128016330, 163296200, 138684590, 53449150, 103982900, 67815176, 1630000, 1630000, 1630000, 4265.4443, 0.15, 128016330, 163296200, 138684590, 53449150, 103982900, 67815176, 1630000, 1630000, 1630000, 4265.4443, 0.15, 128016330, 163296200, 138684590, 53449150, 103982900, 67815176, 1630000, 1630000, 1630000, 4265.4443, 0.15, 128016330, 163296200, 138684590, 53449150, 103982900, 67815176, 1630000, 1630000, 1630000, 4265.4443, 0.15, 128016330, 163296200, 138684590, 53449150, 103982900, 67815176, 1630000, 1630000, 1630000, 4265.4443, 0.15, 128016330, 163296200, 138684590, 53449150, 103982900, 67815176, 1630000, 1630000, 1630000, 4265.4443, 0.15, 128016330, 163296200, 138684590, 53449150, 103982900, 67815176, 1630000, 1630000, 1630000, 4265.4443, 0.15, 128016330, 163296200, 138684590, 53449150, 103982900, 67815176, 1630000, 1630000, 1630000, 4265.4443, 0.15, 128016330, 163296200, 138684590, 53449150, 103982900, 67815176, 1630000, 1630000, 1630000, 4265.4443, 0.15, 128016330, 163296200, 138684590, 53449150, 103982900, 67815176, 1630000, 1630000, 1630000, 4265.4443, 0.15, 128016330, 163296200, 138684590, 53449150, 103982900, 67815176, 1630000, 1630000, 1630000, 4265.4443, 0.15, 128016330, 163296200, 138684590, 53449150, 103982900, 67815176, 1630000, 1630000, 1630000, 4265.4443, 0.15, 128016330, 163296200, 138684590, 53449150, 103982900, 67815176, 1630000, 1630000, 1630000, 4265.4443, 0.15, 128016330, 163296200, 138684590, 53449150, 103982900, 67815176, 1630000, 1630000, 1630000, 4265.4443, 0.15, 128016330, 163296200, 138684590, 53449150, 103982900, 67815176, 1630000, 1630000, 1630000, 4265.4443, 0.15, 128016330, 163296200, 138684590, 53449150, 103982900, 67815176, 1630000, 1630000, 1630000, 4265.4443, 0.15, 128016330, 163296200, 138684590, 53449150, 103982900, 67815176, 1630000, 1630000, 1630000, 4265.4443, 0.15, 128016330, 163296200, 138684590, 53449150, 103982900, 67815176, 1630000, 1630000, 1630000, 4265.4443, 0.15, 128016330, 163296200, 138684590, 53449150, 103982900, 67815176, 1630000, 1630000, 1630000, 4265.4443, 0.15, 128016330, 163296200, 138684590, 53449150, 103982900, 67815176, 1630000, 1630000, 1630000, 4265.4443, 0.15, 128016330, 163296200, 138684590, 53449150, 103982900, 67815176, 1630000, 1630000, 1630000, 4265.4443, 0.15, 128016330, 163296200, 138684590, 53449150, 103982900, 67815176, 1630000, 1630000, 1630000, 4265.4443, 0.15, 128016330, 163296200, 138684590, 53449150, 103982900, 67815176, 1630000, 1630000, 1630000, 4265.4443, 0.15, 128016330, 163296200, 138684590, 53449150, 103982900, 67815176, 1630000, 1630000, 1630000, 4265.4443, 0.15, 128016330, 163296200, 138684590, 53449150, 103982900, 67815176, 1630000, 1630000, 1630000, 4265.4443, 0.15, 128016330, 163296200, 138684590, 53449150, 103982900, 67815176, 1630000, 1630000, 1630000, 4265.4443, 0.15, 128016330, 163296200, 138684590, 53449150, 103982900, 67815176, 1630000, 1630000, 1630000, 4265.4443, 0.15, 65757080, 705736500, 66649000, 23586164, 32335870, 34435000, 1630000, 1630000, 1630000, 3949.4854, 0.15, 65757080, 705736500, 66649000, 23586164, 32335870, 34435000, 1630000, 1630000, 1630000, 3949.4854, 0.15, 65757080, 705736500, 66649000, 23586164, 32335870, 34435000, 1630000, 1630000, 1630000, 3949.4854, 0.15, 65757080, 705736500, 66649000, 23586164, 32335870, 34435000, 1630000, 1630000, 1630000, 3949.4854, 0.15, 65757080, 705736500, 66649000, 23586164, 32335870, 34435000, 1630000, 1630000, 1630000, 3949.4854, 0.15, 65757080, 705736500, 66649000, 23586164, 32335870, 34435000, 1630000, 1630000, 1630000, 3949.4854, 0.15, 65757080, 705736500, 66649000, 23586164, 32335870, 34435000, 1630000, 1630000, 1630000, 3949.4854, 0.15, 65757080, 705736500, 66649000, 23586164, 32335870, 34435000, 1630000, 1630000, 1630000, 3949.4854, 0.15, 65757080, 705736500, 66649000, 23586164, 32335870, 34435000, 1630000, 1630000, 1630000, 3949.4854, 0.15, 65757080, 705736500, 66649000, 23586164, 32335870, 34435000, 1630000, 1630000, 1630000, 3949.4854, 0.15, 65757080, 705736500, 66649000, 23586164, 32335870, 34435000, 1630000, 1630000, 1630000, 3949.4854, 0.15, 65757080, 705736500, 66649000, 23586164, 32335870, 34435000, 1630000, 1630000, 1630000, 3949.4854, 0.15, 65757080, 705736500, 66649000, 23586164, 32335870, 34435000, 1630000, 1630000, 1630000, 3949.4854, 0.15, 65757080, 705736500, 66649000, 23586164, 32335870, 34435000, 1630000, 1630000, 1630000, 3949.4854, 0.15, 65757080, 705736500, 66649000, 23586164, 32335870, 34435000, 1630000, 1630000, 1630000, 3949.4854, 0.15, 65757080, 705736500, 66649000, 23586164, 32335870, 34435000, 1630000, 1630000, 1630000, 3949.4854, 0.15, 65757080, 705736500, 66649000, 23586164, 32335870, 34435000, 1630000, 1630000, 1630000, 3949.4854, 0.15, 65757080, 705736500, 66649000, 23586164, 32335870, 34435000, 1630000, 1630000, 1630000, 3949.4854, 0.15, 65757080, 705736500, 66649000, 23586164, 32335870, 34435000, 1630000, 1630000, 1630000, 3949.4854, 0.15, 65757080, 705736500, 66649000, 23586164, 32335870, 34435000, 1630000, 1630000, 1630000, 3949.4854, 0.15, 65757080, 705736500, 66649000, 23586164, 32335870, 34435000, 1630000, 1630000, 1630000, 3949.4854, 0.15, 65757080, 705736500, 66649000, 23586164, 32335870, 34435000, 1630000, 1630000, 1630000, 3949.4854, 0.15, 65757080, 705736500, 66649000, 23586164, 32335870, 34435000, 1630000, 1630000, 1630000, 3949.4854, 0.15, 65757080, 705736500, 66649000, 23586164, 32335870, 34435000, 1630000, 1630000, 1630000, 3949.4854, 0.15, 65757080, 705736500, 66649000, 23586164, 32335870, 34435000, 1630000, 1630000, 1630000, 3949.4854, 0.15, 65757080, 705736500, 66649000, 23586164, 32335870, 34435000, 1630000, 1630000, 1630000, 3949.4854, 0.15, 65757080, 705736500, 66649000, 23586164, 32335870, 34435000, 1630000, 1630000, 1630000, 3949.4854, 0.15, 65757080, 705736500, 66649000, 23586164, 32335870, 34435000, 1630000, 1630000, 1630000, 3949.4854, 0.15, 65757080, 705736500, 66649000, 23586164, 32335870, 34435000, 1630000, 1630000, 1630000, 3949.4854, 0.15, 65757080, 705736500, 66649000, 23586164, 32335870, 34435000, 1630000, 1630000, 1630000, 3949.4854, 0.15, 65757080, 705736500, 66649000, 23586164, 32335870, 34435000, 1630000, 1630000, 1630000, 3949.4854, 0.15, 65757080, 705736500, 66649000, 23586164, 32335870, 34435000, 1630000, 1630000, 1630000, 3949.4854, 0.15, 79321380, 188883890, 8616282, 5914382, 6088905, 5750776, 200000, 200000, 54000000, 4541.908, 0.15, 79321380, 188883890, 8616282, 5914382, 6088905, 5750776, 200000, 200000, 54000000, 4541.908, 0.15, 79321380, 188883890, 8616282, 5914382, 6088905, 5750776, 200000, 200000, 54000000, 4541.908, 0.15, 79321380, 188883890, 8616282, 5914382, 6088905, 5750776, 200000, 200000, 54000000, 4541.908, 0.15, 79321380, 188883890, 8616282, 5914382, 6088905, 5750776, 200000, 200000, 54000000, 4541.908, 0.15, 79321380, 188883890, 8616282, 5914382, 6088905, 5750776, 200000, 200000, 54000000, 4541.908, 0.15, 79321380, 188883890, 8616282, 5914382, 6088905, 5750776, 200000, 200000, 54000000, 4541.908, 0.15, 79321380, 188883890, 8616282, 5914382, 6088905, 5750776, 200000, 200000, 54000000, 4541.908, 0.15, 79321380, 188883890, 8616282, 5914382, 6088905, 5750776, 200000, 200000, 54000000, 4541.908, 0.15, 79321380, 188883890, 8616282, 5914382, 6088905, 5750776, 200000, 200000, 54000000, 4541.908, 0.15, 79321380, 188883890, 8616282, 5914382, 6088905, 5750776, 200000, 200000, 54000000, 4541.908, 0.15, 79321380, 188883890, 8616282, 5914382, 6088905, 5750776, 200000, 200000, 54000000, 4541.908, 0.15, 79321380, 188883890, 8616282, 5914382, 6088905, 5750776, 200000, 200000, 54000000, 4541.908, 0.15, 79321380, 188883890, 8616282, 5914382, 6088905, 5750776, 200000, 200000, 54000000, 4541.908, 0.15, 79321380, 188883890, 8616282, 5914382, 6088905, 5750776, 200000, 200000, 54000000, 4541.908, 0.15, 79321380, 188883890, 8616282, 5914382, 6088905, 5750776, 200000, 200000, 54000000, 4541.908, 0.15, 79321380, 188883890, 8616282, 5914382, 6088905, 5750776, 200000, 200000, 54000000, 4541.908, 0.15, 79321380, 188883890, 8616282, 5914382, 6088905, 5750776, 200000, 200000, 54000000, 4541.908, 0.15, 79321380, 188883890, 8616282, 5914382, 6088905, 5750776, 200000, 200000, 54000000, 4541.908, 0.15, 79321380, 188883890, 8616282, 5914382, 6088905, 5750776, 200000, 200000, 54000000, 4541.908, 0.15, 79321380, 188883890, 8616282, 5914382, 6088905, 5750776, 200000, 200000, 54000000, 4541.908, 0.15, 79321380, 188883890, 8616282, 5914382, 6088905, 5750776, 200000, 200000, 54000000, 4541.908, 0.15, 79321380, 188883890, 8616282, 5914382, 6088905, 5750776, 200000, 200000, 54000000, 4541.908, 0.15, 79321380, 188883890, 8616282, 5914382, 6088905, 5750776, 200000, 200000, 54000000, 4541.908, 0.15, 79321380, 188883890, 8616282, 5914382, 6088905, 5750776, 200000, 200000, 54000000, 4541.908, 0.15, 79321380, 188883890, 8616282, 5914382, 6088905, 5750776, 200000, 200000, 54000000, 4541.908, 0.15, 79321380, 188883890, 8616282, 5914382, 6088905, 5750776, 200000, 200000, 54000000, 4541.908, 0.15, 79321380, 188883890, 8616282, 5914382, 6088905, 5750776, 200000, 200000, 54000000, 4541.908, 0.15, 79321380, 188883890, 8616282, 5914382, 6088905, 5750776, 200000, 200000, 54000000, 4541.908, 0.15, 79321380, 188883890, 8616282, 5914382, 6088905, 5750776, 200000, 200000, 54000000, 4541.908, 0.15, 79321380, 188883890, 8616282, 5914382, 6088905, 5750776, 200000, 200000, 54000000, 4541.908, 0.15, 79321380, 188883890, 8616282, 5914382, 6088905, 5750776, 200000, 200000, 54000000, 4541.908, 0.15, 79321380, 188883890, 8616282, 5914382, 6088905, 5750776, 200000, 200000, 54000000, 4541.908, 0.15, 79321380, 188883890, 8616282, 5914382, 6088905, 5750776, 200000, 200000, 54000000, 4541.908, 0.15, 79321380, 188883890, 8616282, 5914382, 6088905, 5750776, 200000, 200000, 54000000, 4541.908, 0.15, 79321380, 188883890, 8616282, 5914382, 6088905, 5750776, 200000, 200000, 54000000, 4541.908, 0.15, 79321380, 188883890, 8616282, 5914382, 6088905, 5750776, 200000, 200000, 54000000, 4541.908, 0.15, 79321380, 188883890, 8616282, 5914382, 6088905, 5750776, 200000, 200000, 54000000, 4541.908, 0.15, 79321380, 188883890, 8616282, 5914382, 6088905, 5750776, 200000, 200000, 54000000, 4541.908, 0.15, 79321380, 188883890, 8616282, 5914382, 6088905, 5750776, 200000, 200000, 54000000, 4541.908, 0.15, 79321380, 188883890, 8616282, 5914382, 6088905, 5750776, 200000, 200000, 54000000, 4541.908, 0.15, 79321380, 188883890, 8616282, 5914382, 6088905, 5750776, 200000, 200000, 54000000, 4541.908, 0.15, 79321380, 188883890, 8616282, 5914382, 6088905, 5750776, 200000, 200000, 54000000, 4541.908, 0.15, 79321380, 188883890, 8616282, 5914382, 6088905, 5750776, 200000, 200000, 54000000, 4541.908, 0.15, 79321380, 188883890, 8616282, 5914382, 6088905, 5750776, 200000, 200000, 54000000, 4541.908, 0.15, 79321380, 188883890, 8616282, 5914382, 6088905, 5750776, 200000, 200000, 54000000, 4541.908, 0.15, 79321380, 188883890, 8616282, 5914382, 6088905, 5750776, 200000, 200000, 54000000, 4541.908, 0.15, 79321380, 188883890, 8616282, 5914382, 6088905, 5750776, 200000, 200000, 54000000, 4541.908, 0.15, 79321380, 188883890, 8616282, 5914382, 6088905, 5750776, 200000, 200000, 54000000, 4541.908, 0.15, 79321380, 188883890, 8616282, 5914382, 6088905, 5750776, 200000, 200000, 54000000, 4541.908, 0.15, 79321380, 188883890, 8616282, 5914382, 6088905, 5750776, 200000, 200000, 54000000, 4541.908, 0.15, 79321380, 188883890, 8616282, 5914382, 6088905, 5750776, 200000, 200000, 54000000, 4541.908, 0.15, 79321380, 188883890, 8616282, 5914382, 6088905, 5750776, 200000, 200000, 54000000, 4541.908, 0.15, 79321380, 188883890, 8616282, 5914382, 6088905, 5750776, 200000, 200000, 54000000, 4541.908, 0.15, 79321380, 188883890, 8616282, 5914382, 6088905, 5750776, 200000, 200000, 54000000, 4541.908, 0.15, 79321380, 188883890, 8616282, 5914382, 6088905, 5750776, 200000, 200000, 54000000, 4541.908, 0.15, 79321380, 188883890, 8616282, 5914382, 6088905, 5750776, 200000, 200000, 54000000, 4541.908, 0.15, 79321380, 188883890, 8616282, 5914382, 6088905, 5750776, 200000, 200000, 54000000, 4541.908, 0.15, 79321380, 188883890, 8616282, 5914382, 6088905, 5750776, 200000, 200000, 54000000, 4541.908, 0.15, 79321380, 188883890, 8616282, 5914382, 6088905, 5750776, 200000, 200000, 54000000, 4541.908, 0.15, 79321380, 188883890, 8616282, 5914382, 6088905, 5750776, 200000, 200000, 54000000, 4541.908, 0.15, 79321380, 188883890, 8616282, 5914382, 6088905, 5750776, 200000, 200000, 54000000, 4541.908, 0.15, 79321380, 188883890, 8616282, 5914382, 6088905, 5750776, 200000, 200000, 54000000, 4541.908, 0.15, 79321380, 188883890, 8616282, 5914382, 6088905, 5750776, 200000, 200000, 54000000, 4541.908, 0.15, 79321380, 188883890, 8616282, 5914382, 6088905, 5750776, 200000, 200000, 54000000, 4541.908, 0.15, 79321380, 188883890, 8616282, 5914382, 6088905, 5750776, 200000, 200000, 54000000, 4541.908, 0.15, 79321380, 188883890, 8616282, 5914382, 6088905, 5750776, 200000, 200000, 54000000, 4541.908, 0.15, 79321380, 188883890, 8616282, 5914382, 6088905, 5750776, 200000, 200000, 54000000, 4541.908, 0.15, 79321380, 188883890, 8616282, 5914382, 6088905, 5750776, 200000, 200000, 54000000, 4541.908, 0.15, 79321380, 188883890, 8616282, 5914382, 6088905, 5750776, 200000, 200000, 54000000, 4541.908, 0.15, 79321380, 188883890, 8616282, 5914382, 6088905, 5750776, 200000, 200000, 54000000, 4541.908, 0.15, 79321380, 188883890, 8616282, 5914382, 6088905, 5750776, 200000, 200000, 54000000, 4541.908, 0.15, 79321380, 188883890, 8616282, 5914382, 6088905, 5750776, 200000, 200000, 54000000, 4541.908, 0.15, 79321380, 188883890, 8616282, 5914382, 6088905, 5750776, 200000, 200000, 54000000, 4541.908, 0.15, 79321380, 188883890, 8616282, 5914382, 6088905, 5750776, 200000, 200000, 54000000, 4541.908, 0.15, 79321380, 188883890, 8616282, 5914382, 6088905, 5750776, 200000, 200000, 54000000, 4541.908, 0.15, 79321380, 188883890, 8616282, 5914382, 6088905, 5750776, 200000, 200000, 54000000, 4541.908, 0.15, 79321380, 188883890, 8616282, 5914382, 6088905, 5750776, 200000, 200000, 54000000, 4541.908, 0.15, 79321380, 188883890, 8616282, 5914382, 6088905, 5750776, 200000, 200000, 54000000, 4541.908, 0.15, 79321380, 188883890, 8616282, 5914382, 6088905, 5750776, 200000, 200000, 54000000, 4541.908, 0.15, 79321380, 188883890, 8616282, 5914382, 6088905, 5750776, 200000, 200000, 54000000, 4541.908, 0.15, 79321380, 188883890, 8616282, 5914382, 6088905, 5750776, 200000, 200000, 54000000, 4541.908, 0.15, 79321380, 188883890, 8616282, 5914382, 6088905, 5750776, 200000, 200000, 54000000, 4541.908, 0.15, 79321380, 188883890, 8616282, 5914382, 6088905, 5750776, 200000, 200000, 54000000, 4541.908, 0.15, 79321380, 188883890, 8616282, 5914382, 6088905, 5750776, 200000, 200000, 54000000, 4541.908, 0.15, 79321380, 188883890, 8616282, 5914382, 6088905, 5750776, 200000, 200000, 54000000, 4541.908, 0.15, 79321380, 188883890, 8616282, 5914382, 6088905, 5750776, 200000, 200000, 54000000, 4541.908, 0.15, 79321380, 188883890, 8616282, 5914382, 6088905, 5750776, 200000, 200000, 54000000, 4541.908, 0.15, 79321380, 188883890, 8616282, 5914382, 6088905, 5750776, 200000, 200000, 54000000, 4541.908, 0.15, 79321380, 188883890, 8616282, 5914382, 6088905, 5750776, 200000, 200000, 54000000, 4541.908, 0.15, 79321380, 188883890, 8616282, 5914382, 6088905, 5750776, 200000, 200000, 54000000, 4541.908, 0.15, 79321380, 188883890, 8616282, 5914382, 6088905, 5750776, 200000, 200000, 54000000, 4541.908, 0.15, 79321380, 188883890, 8616282, 5914382, 6088905, 5750776, 200000, 200000, 54000000, 4541.908, 0.15, 79321380, 188883890, 8616282, 5914382, 6088905, 5750776, 200000, 200000, 54000000, 4541.908, 0.15, 79321380, 188883890, 8616282, 5914382, 6088905, 5750776, 200000, 200000, 54000000, 4541.908, 0.15, 79321380, 188883890, 8616282, 5914382, 6088905, 5750776, 200000, 200000, 54000000, 4541.908, 0.15, 65757080, 705736500, 66649000, 23586164, 32335870, 34435000, 1630000, 1630000, 1630000, 3949.4854, 0.15, 65757080, 705736500, 66649000, 23586164, 32335870, 34435000, 1630000, 1630000, 1630000, 3949.4854, 0.15, 65757080, 705736500, 66649000, 23586164, 32335870, 34435000, 1630000, 1630000, 1630000, 3949.4854, 0.15, 65757080, 705736500, 66649000, 23586164, 32335870, 34435000, 1630000, 1630000, 1630000, 3949.4854, 0.15, 65757080, 705736500, 66649000, 23586164, 32335870, 34435000, 1630000, 1630000, 1630000, 3949.4854, 0.15, 65757080, 705736500, 66649000, 23586164, 32335870, 34435000, 1630000, 1630000, 1630000, 3949.4854, 0.15, 65757080, 705736500, 66649000, 23586164, 32335870, 34435000, 1630000, 1630000, 1630000, 3949.4854, 0.15, 65757080, 705736500, 66649000, 23586164, 32335870, 34435000, 1630000, 1630000, 1630000, 3949.4854, 0.15, 65757080, 705736500, 66649000, 23586164, 32335870, 34435000, 1630000, 1630000, 1630000, 3949.4854, 0.15, 65757080, 705736500, 66649000, 23586164, 32335870, 34435000, 1630000, 1630000, 1630000, 3949.4854, 0.15, 65757080, 705736500, 66649000, 23586164, 32335870, 34435000, 1630000, 1630000, 1630000, 3949.4854, 0.15, 65757080, 705736500, 66649000, 23586164, 32335870, 34435000, 1630000, 1630000, 1630000, 3949.4854, 0.15, 65757080, 705736500, 66649000, 23586164, 32335870, 34435000, 1630000, 1630000, 1630000, 3949.4854, 0.15, 65757080, 705736500, 66649000, 23586164, 32335870, 34435000, 1630000, 1630000, 1630000, 3949.4854, 0.15, 65757080, 705736500, 66649000, 23586164, 32335870, 34435000, 1630000, 1630000, 1630000, 3949.4854, 0.15, 65757080, 705736500, 66649000, 23586164, 32335870, 34435000, 1630000, 1630000, 1630000, 3949.4854, 0.15, 65757080, 705736500, 66649000, 23586164, 32335870, 34435000, 1630000, 1630000, 1630000, 3949.4854, 0.15, 65757080, 705736500, 66649000, 23586164, 32335870, 34435000, 1630000, 1630000, 1630000, 3949.4854, 0.15, 65757080, 705736500, 66649000, 23586164, 32335870, 34435000, 1630000, 1630000, 1630000, 3949.4854, 0.15, 65757080, 705736500, 66649000, 23586164, 32335870, 34435000, 1630000, 1630000, 1630000, 3949.4854, 0.15, 65757080, 705736500, 66649000, 23586164, 32335870, 34435000, 1630000, 1630000, 1630000, 3949.4854, 0.15, 65757080, 705736500, 66649000, 23586164, 32335870, 34435000, 1630000, 1630000, 1630000, 3949.4854, 0.15, 65757080, 705736500, 66649000, 23586164, 32335870, 34435000, 1630000, 1630000, 1630000, 3949.4854, 0.15, 65757080, 705736500, 66649000, 23586164, 32335870, 34435000, 1630000, 1630000, 1630000, 3949.4854, 0.15, 65757080, 705736500, 66649000, 23586164, 32335870, 34435000, 1630000, 1630000, 1630000, 3949.4854, 0.15, 65757080, 705736500, 66649000, 23586164, 32335870, 34435000, 1630000, 1630000, 1630000, 3949.4854, 0.15, 65757080, 705736500, 66649000, 23586164, 32335870, 34435000, 1630000, 1630000, 1630000, 3949.4854, 0.15, 65757080, 705736500, 66649000, 23586164, 32335870, 34435000, 1630000, 1630000, 1630000, 3949.4854, 0.15, 65757080, 705736500, 66649000, 23586164, 32335870, 34435000, 1630000, 1630000, 1630000, 3949.4854, 0.15, 65757080, 705736500, 66649000, 23586164, 32335870, 34435000, 1630000, 1630000, 1630000, 3949.4854, 0.15, 65757080, 705736500, 66649000, 23586164, 32335870, 34435000, 1630000, 1630000, 1630000, 3949.4854, 0.15, 65757080, 705736500, 66649000, 23586164, 32335870, 34435000, 1630000, 1630000, 1630000, 3949.4854, 0.15, 128016330, 163296200, 138684590, 53449150, 103982900, 67815176, 1630000, 1630000, 1630000, 4265.4443, 0.15, 128016330, 163296200, 138684590, 53449150, 103982900, 67815176, 1630000, 1630000, 1630000, 4265.4443, 0.15, 128016330, 163296200, 138684590, 53449150, 103982900, 67815176, 1630000, 1630000, 1630000, 4265.4443, 0.15, 128016330, 163296200, 138684590, 53449150, 103982900, 67815176, 1630000, 1630000, 1630000, 4265.4443, 0.15, 128016330, 163296200, 138684590, 53449150, 103982900, 67815176, 1630000, 1630000, 1630000, 4265.4443, 0.15, 128016330, 163296200, 138684590, 53449150, 103982900, 67815176, 1630000, 1630000, 1630000, 4265.4443, 0.15, 128016330, 163296200, 138684590, 53449150, 103982900, 67815176, 1630000, 1630000, 1630000, 4265.4443, 0.15, 128016330, 163296200, 138684590, 53449150, 103982900, 67815176, 1630000, 1630000, 1630000, 4265.4443, 0.15, 128016330, 163296200, 138684590, 53449150, 103982900, 67815176, 1630000, 1630000, 1630000, 4265.4443, 0.15, 128016330, 163296200, 138684590, 53449150, 103982900, 67815176, 1630000, 1630000, 1630000, 4265.4443, 0.15, 128016330, 163296200, 138684590, 53449150, 103982900, 67815176, 1630000, 1630000, 1630000, 4265.4443, 0.15, 128016330, 163296200, 138684590, 53449150, 103982900, 67815176, 1630000, 1630000, 1630000, 4265.4443, 0.15, 128016330, 163296200, 138684590, 53449150, 103982900, 67815176, 1630000, 1630000, 1630000, 4265.4443, 0.15, 128016330, 163296200, 138684590, 53449150, 103982900, 67815176, 1630000, 1630000, 1630000, 4265.4443, 0.15, 128016330, 163296200, 138684590, 53449150, 103982900, 67815176, 1630000, 1630000, 1630000, 4265.4443, 0.15, 128016330, 163296200, 138684590, 53449150, 103982900, 67815176, 1630000, 1630000, 1630000, 4265.4443, 0.15, 128016330, 163296200, 138684590, 53449150, 103982900, 67815176, 1630000, 1630000, 1630000, 4265.4443, 0.15, 128016330, 163296200, 138684590, 53449150, 103982900, 67815176, 1630000, 1630000, 1630000, 4265.4443, 0.15, 128016330, 163296200, 138684590, 53449150, 103982900, 67815176, 1630000, 1630000, 1630000, 4265.4443, 0.15, 128016330, 163296200, 138684590, 53449150, 103982900, 67815176, 1630000, 1630000, 1630000, 4265.4443, 0.15, 128016330, 163296200, 138684590, 53449150, 103982900, 67815176, 1630000, 1630000, 1630000, 4265.4443, 0.15, 128016330, 163296200, 138684590, 53449150, 103982900, 67815176, 1630000, 1630000, 1630000, 4265.4443, 0.15, 128016330, 163296200, 138684590, 53449150, 103982900, 67815176, 1630000, 1630000, 1630000, 4265.4443, 0.15, 128016330, 163296200, 138684590, 53449150, 103982900, 67815176, 1630000, 1630000, 1630000, 4265.4443, 0.15, 128016330, 163296200, 138684590, 53449150, 103982900, 67815176, 1630000, 1630000, 1630000, 4265.4443, 0.15, 128016330, 163296200, 138684590, 53449150, 103982900, 67815176, 1630000, 1630000, 1630000, 4265.4443, 0.15, 128016330, 163296200, 138684590, 53449150, 103982900, 67815176, 1630000, 1630000, 1630000, 4265.4443, 0.15, 128016330, 163296200, 138684590, 53449150, 103982900, 67815176, 1630000, 1630000, 1630000, 4265.4443, 0.15, 128016330, 163296200, 138684590, 53449150, 103982900, 67815176, 1630000, 1630000, 1630000, 4265.4443, 0.15, 128016330, 163296200, 138684590, 53449150, 103982900, 67815176, 1630000, 1630000, 1630000, 4265.4443, 0.15, 128016330, 163296200, 138684590, 53449150, 103982900, 67815176, 1630000, 1630000, 1630000, 4265.4443, 0.15, 128016330, 163296200, 138684590, 53449150, 103982900, 67815176, 1630000, 1630000, 1630000, 4265.4443, 0.15] (
            elementSize = 11
            interpolation = "uniform"
        )
        float[] primvars:shellThickness = [0.007914748, 0.007914748, 0.007914748, 0.007914748, 0.007914748, 0.007914748, 0.007914748, 0.007914748, 0.007914748, 0.007914748, 0.007914748, 0.007914748, 0.007914748, 0.007914748, 0.007914748, 0.007914748, 0.007914748, 0.007914748, 0.007914748, 0.007914748, 0.007914748, 0.007914748, 0.007914748, 0.007914748, 0.007914748, 0.007914748, 0.007914748, 0.007914748, 0.007914748, 0.007914748, 0.007914748, 0.007914748, 0.002726191, 0.002726191, 0.002726191, 0.002726191, 0.002726191, 0.002726191, 0.002726191, 0.002726191, 0.002726191, 0.002726191, 0.002726191, 0.002726191, 0.002726191, 0.002726191, 0.002726191, 0.002726191, 0.002726191, 0.002726191, 0.002726191, 0.002726191, 0.002726191, 0.002726191, 0.002726191, 0.002726191, 0.002726191, 0.002726191, 0.002726191, 0.002726191, 0.002726191, 0.002726191, 0.002726191, 0.002726191, 0.007123273, 0.007123273, 0.007123273, 0.007123273, 0.007123273, 0.007123273, 0.007123273, 0.007123273, 0.007123273, 0.007123273, 0.007123273, 0.007123273, 0.007123273, 0.007123273, 0.007123273, 0.007123273, 0.007123273, 0.007123273, 0.007123273, 0.007123273, 0.007123273, 0.007123273, 0.007123273, 0.007123273, 0.007123273, 0.007123273, 0.007123273, 0.007123273, 0.007123273, 0.007123273, 0.007123273, 0.007123273, 0.007123273, 0.007123273, 0.007123273, 0.007123273, 0.007123273, 0.007123273, 0.007123273, 0.007123273, 0.007123273, 0.007123273, 0.007123273, 0.007123273, 0.007123273, 0.007123273, 0.007123273, 0.007123273, 0.007123273, 0.007123273, 0.007123273, 0.007123273, 0.007123273, 0.007123273, 0.007123273, 0.007123273, 0.007123273, 0.007123273, 0.007123273, 0.007123273, 0.007123273, 0.007123273, 0.007123273, 0.007123273, 0.007123273, 0.007123273, 0.007123273, 0.007123273, 0.007123273, 0.007123273, 0.007123273, 0.007123273, 0.007123273, 0.007123273, 0.007123273, 0.007123273, 0.007123273, 0.007123273, 0.007123273, 0.007123273, 0.007123273, 0.007123273, 0.007123273, 0.007123273, 0.007123273, 0.007123273, 0.007123273, 0.007123273, 0.007123273, 0.007123273, 0.007123273, 0.007123273, 0.007123273, 0.007123273, 0.007123273, 0.007123273, 0.002726191, 0.002726191, 0.002726191, 0.002726191, 0.002726191, 0.002726191, 0.002726191, 0.002726191, 0.002726191, 0.002726191, 0.002726191, 0.002726191, 0.002726191, 0.002726191, 0.002726191, 0.002726191, 0.002726191, 0.002726191, 0.002726191, 0.002726191, 0.002726191, 0.002726191, 0.002726191, 0.002726191, 0.002726191, 0.002726191, 0.002726191, 0.002726191, 0.002726191, 0.002726191, 0.002726191, 0.002726191, 0.007914748, 0.007914748, 0.007914748, 0.007914748, 0.007914748, 0.007914748, 0.007914748, 0.007914748, 0.007914748, 0.007914748, 0.007914748, 0.007914748, 0.007914748, 0.007914748, 0.007914748, 0.007914748, 0.007914748, 0.007914748, 0.007914748, 0.007914748, 0.007914748, 0.007914748, 0.007914748, 0.007914748, 0.007914748, 0.007914748, 0.007914748, 0.007914748, 0.007914748, 0.007914748, 0.007914748, 0.007914748] (
            interpolation = "uniform"
        )
    }

    def Mesh "Spindle" (
        customData = {
            double3 com = (1.1697561726502898e-18, -2.516075517544341e-19, -4.1051232096229315e-18)
            double[] inertia = [0.042999668483873425, -1.1164618222065329e-18, 1.1947247879398076e-18, -1.3155204819057765e-18, 0.03148724100254602, 4.323742206641308e-19, 1.2562001066721653e-18, 4.130133853352983e-19, 0.03148724100254602]
            double mass = 4.6
        }
    )
    {
        int[] faceVertexCounts = [3, 3, 3, 3, 3, 3, 3, 3, 3, 3, 3, 3, 3, 3, 3, 3, 3, 3, 3, 3, 3, 3, 3, 3, 3, 3, 3, 3, 3, 3, 3, 3, 3, 3, 3, 3, 3, 3, 3, 3, 3, 3, 3, 3, 3, 3, 3, 3, 3, 3, 3, 3, 3, 3, 3, 3, 3, 3, 3, 3, 3, 3, 3, 3, 3, 3, 3, 3, 3, 3, 3, 3, 3, 3, 3, 3, 3, 3, 3, 3, 3, 3, 3, 3, 3, 3, 3, 3, 3, 3, 3, 3, 3, 3, 3, 3, 3, 3, 3, 3, 3, 3, 3, 3, 3, 3, 3, 3, 3, 3, 3, 3, 3, 3, 3, 3, 3, 3, 3, 3, 3, 3, 3, 3, 3, 3, 3, 3, 3, 3, 3, 3, 3, 3, 3, 3, 3, 3, 3, 3, 3, 3, 3, 3, 3, 3, 3, 3, 3, 3, 3, 3, 3, 3, 3, 3, 3, 3, 3, 3, 3, 3, 3, 3, 3, 3, 3, 3, 3, 3, 3, 3, 3, 3, 3, 3, 3, 3, 3, 3, 3, 3, 3, 3, 3, 3, 3, 3, 3, 3, 3, 3, 3, 3, 3, 3, 3, 3, 3, 3, 3, 3, 3, 3, 3, 3, 3, 3, 3, 3, 3, 3, 3, 3, 3, 3, 3, 3, 3, 3, 3, 3, 3, 3, 3, 3, 3, 3, 3, 3, 3, 3, 3, 3, 3, 3, 3, 3, 3, 3, 3, 3, 3, 3, 3, 3, 3, 3, 3, 3, 3, 3, 3, 3, 3, 3, 3, 3, 3, 3, 3, 3, 3, 3, 3, 3, 3, 3, 3, 3, 3, 3, 3, 3, 3, 3, 3, 3, 3, 3, 3, 3, 3, 3, 3, 3, 3, 3, 3, 3, 3, 3, 3, 3, 3, 3, 3, 3, 3, 3, 3, 3, 3, 3, 3, 3, 3, 3, 3, 3, 3, 3, 3, 3, 3, 3, 3, 3, 3, 3, 3, 3, 3, 3, 3, 3, 3, 3, 3, 3, 3, 3, 3, 3, 3, 3, 3, 3, 3, 3, 3, 3, 3, 3, 3, 3, 3, 3, 3, 3, 3, 3, 3, 3, 3, 3, 3, 3, 3, 3, 3, 3, 3, 3, 3, 3, 3, 3, 3, 3, 3, 3, 3, 3, 3, 3, 3, 3, 3, 3, 3, 3, 3, 3, 3, 3, 3, 3, 3, 3, 3, 3, 3, 3, 3, 3, 3, 3, 3, 3, 3, 3, 3, 3, 3, 3, 3, 3, 3, 3, 3, 3, 3, 3, 3, 3, 3, 3, 3, 3, 3, 3, 3, 3, 3, 3, 3, 3, 3, 3, 3, 3, 3, 3, 3, 3, 3, 3, 3, 3, 3, 3, 3, 3, 3, 3, 3, 3, 3, 3, 3, 3, 3, 3, 3, 3, 3, 3, 3, 3, 3, 3, 3, 3, 3, 3, 3, 3, 3, 3, 3, 3, 3, 3, 3, 3, 3, 3, 3, 3, 3, 3, 3, 3, 3, 3, 3, 3, 3, 3, 3, 3, 3, 3, 3, 3, 3, 3, 3, 3, 3, 3, 3, 3, 3, 3, 3, 3, 3, 3, 3, 3, 3, 3, 3, 3, 3, 3, 3, 3, 3, 3, 3, 3, 3, 3, 3, 3, 3, 3, 3, 3, 3, 3, 3, 3, 3, 3, 3, 3, 3, 3, 3, 3, 3, 3, 3, 3, 3, 3, 3, 3, 3, 3, 3, 3, 3, 3, 3, 3, 3, 3, 3, 3, 3, 3, 3, 3, 3, 3, 3, 3, 3, 3, 3, 3, 3, 3, 3, 3, 3, 3, 3, 3, 3, 3, 3, 3, 3, 3, 3, 3, 3, 3, 3, 3, 3, 3, 3, 3, 3, 3, 3, 3, 3, 3, 3, 3, 3, 3, 3, 3, 3, 3, 3, 3, 3, 3, 3, 3, 3, 3, 3, 3, 3, 3, 3, 3, 3, 3, 3, 3, 3, 3, 3, 3, 3, 3, 3, 3, 3, 3, 3, 3, 3, 3, 3, 3, 3, 3, 3, 3, 3, 3, 3, 3, 3, 3, 3, 3, 3, 3, 3, 3, 3, 3, 3, 3, 3, 3, 3, 3, 3, 3, 3, 3, 3, 3, 3, 3, 3, 3, 3, 3, 3, 3, 3, 3, 3, 3, 3, 3, 3, 3, 3, 3, 3, 3, 3, 3, 3, 3, 3, 3, 3, 3, 3, 3, 3, 3, 3, 3, 3, 3, 3, 3, 3, 3, 3, 3, 3, 3, 3, 3, 3, 3, 3, 3, 3, 3, 3, 3, 3, 3, 3, 3, 3, 3, 3, 3, 3, 3, 3, 3, 3, 3, 3, 3, 3, 3, 3, 3, 3, 3, 3, 3, 3, 3, 3, 3, 3, 3, 3, 3, 3, 3, 3, 3, 3, 3, 3, 3, 3, 3, 3, 3, 3, 3, 3, 3, 3, 3, 3, 3, 3, 3, 3, 3, 3, 3, 3, 3, 3, 3, 3, 3, 3, 3, 3, 3, 3, 3, 3, 3, 3, 3, 3, 3, 3, 3, 3, 3, 3, 3, 3, 3, 3, 3, 3, 3, 3, 3, 3, 3, 3, 3, 3, 3, 3, 3, 3, 3, 3, 3, 3, 3, 3, 3, 3, 3, 3, 3, 3, 3, 3, 3, 3, 3, 3, 3, 3, 3, 3, 3, 3, 3, 3, 3, 3, 3, 3, 3, 3, 3, 3, 3, 3, 3, 3, 3, 3, 3, 3, 3, 3, 3, 3, 3, 3, 3, 3, 3, 3, 3, 3, 3, 3, 3, 3, 3, 3, 3, 3, 3, 3, 3, 3, 3, 3, 3, 3, 3, 3, 3, 3, 3, 3, 3, 3, 3, 3, 3, 3, 3, 3, 3, 3, 3, 3, 3, 3, 3, 3, 3, 3, 3, 3, 3, 3, 3, 3, 3, 3, 3, 3, 3, 3, 3, 3, 3, 3, 3, 3, 3, 3, 3, 3, 3, 3, 3, 3, 3, 3, 3, 3, 3, 3, 3, 3, 3, 3, 3, 3, 3, 3, 3, 3, 3, 3, 3, 3, 3, 3, 3, 3, 3, 3, 3, 3, 3, 3, 3, 3, 3, 3, 3, 3, 3, 3, 3, 3, 3, 3, 3, 3, 3, 3, 3, 3, 3, 3, 3, 3, 3, 3, 3, 3, 3, 3, 3, 3, 3, 3, 3, 3, 3, 3, 3, 3, 3, 3, 3, 3, 3, 3, 3, 3, 3, 3, 3, 3, 3, 3, 3, 3, 3, 3, 3, 3, 3, 3, 3, 3, 3, 3, 3, 3, 3, 3, 3, 3, 3, 3, 3, 3, 3, 3, 3, 3, 3, 3, 3, 3, 3, 3, 3, 3, 3, 3, 3, 3, 3, 3, 3, 3, 3, 3, 3, 3, 3, 3, 3, 3, 3, 3, 3, 3, 3, 3, 3, 3, 3, 3, 3, 3, 3, 3, 3, 3, 3, 3, 3, 3, 3, 3, 3, 3, 3, 3, 3, 3, 3, 3, 3, 3, 3, 3, 3, 3, 3, 3, 3, 3, 3, 3, 3, 3, 3, 3, 3, 3, 3, 3, 3, 3, 3, 3, 3, 3, 3, 3, 3, 3, 3, 3, 3, 3, 3, 3, 3, 3, 3, 3, 3, 3, 3, 3, 3, 3, 3, 3, 3, 3, 3, 3, 3, 3, 3, 3, 3, 3, 3, 3, 3, 3, 3, 3, 3, 3, 3, 3, 3, 3, 3, 3, 3, 3, 3, 3, 3, 3, 3, 3, 3, 3, 3, 3, 3, 3, 3, 3, 3, 3, 3, 3, 3, 3, 3, 3, 3, 3, 3, 3, 3, 3, 3, 3, 3, 3, 3, 3, 3, 3, 3, 3, 3, 3, 3, 3, 3, 3, 3, 3, 3, 3, 3, 3, 3, 3, 3, 3, 3, 3, 3, 3, 3, 3, 3, 3, 3, 3, 3, 3, 3, 3, 3, 3, 3, 3, 3, 3, 3, 3, 3, 3, 3, 3, 3, 3, 3, 3, 3, 3, 3, 3, 3, 3, 3, 3, 3, 3, 3, 3, 3, 3, 3, 3, 3, 3, 3, 3, 3, 3, 3, 3, 3, 3, 3, 3, 3, 3, 3, 3, 3, 3, 3, 3, 3, 3, 3, 3, 3, 3, 3, 3, 3, 3, 3, 3, 3, 3, 3, 3, 3, 3, 3, 3, 3, 3, 3, 3, 3, 3, 3, 3, 3, 3, 3, 3, 3, 3, 3, 3, 3, 3, 3, 3, 3, 3, 3, 3, 3, 3, 3, 3, 3, 3, 3, 3, 3, 3, 3, 3, 3, 3, 3, 3, 3, 3, 3, 3, 3, 3, 3, 3, 3, 3, 3, 3, 3, 3, 3, 3, 3, 3, 3, 3, 3, 3, 3, 3, 3, 3, 3, 3, 3, 3, 3, 3, 3, 3, 3, 3, 3, 3, 3, 3, 3, 3, 3, 3, 3, 3, 3, 3, 3, 3, 3, 3, 3, 3, 3, 3, 3, 3, 3, 3, 3, 3, 3, 3, 3, 3, 3, 3, 3, 3, 3, 3, 3, 3, 3, 3, 3, 3, 3, 3, 3, 3, 3, 3, 3, 3, 3, 3, 3, 3, 3, 3, 3, 3, 3, 3, 3, 3, 3, 3, 3, 3, 3, 3, 3, 3, 3, 3, 3, 3, 3, 3, 3, 3, 3, 3, 3, 3, 3, 3, 3, 3, 3, 3, 3, 3, 3, 3, 3, 3, 3, 3, 3, 3, 3, 3, 3, 3, 3, 3, 3, 3, 3, 3, 3, 3, 3, 3, 3, 3, 3, 3, 3, 3, 3, 3, 3, 3, 3, 3, 3, 3, 3, 3, 3, 3, 3, 3, 3, 3, 3, 3, 3, 3, 3, 3, 3, 3, 3, 3, 3, 3, 3, 3, 3, 3, 3, 3, 3, 3, 3, 3, 3, 3, 3, 3, 3, 3, 3, 3, 3, 3, 3, 3, 3, 3, 3, 3, 3, 3, 3, 3, 3, 3, 3, 3, 3, 3, 3, 3, 3, 3, 3, 3, 3, 3, 3, 3, 3, 3, 3, 3, 3, 3, 3, 3, 3, 3, 3, 3, 3, 3, 3, 3, 3, 3, 3, 3, 3, 3, 3, 3, 3, 3, 3, 3, 3, 3, 3, 3, 3, 3, 3, 3, 3, 3, 3, 3, 3, 3, 3, 3, 3, 3, 3, 3, 3, 3, 3, 3, 3, 3, 3, 3, 3, 3, 3, 3, 3, 3, 3, 3, 3, 3, 3, 3, 3, 3, 3, 3, 3, 3, 3, 3, 3, 3, 3, 3, 3, 3, 3, 3, 3, 3, 3, 3, 3, 3, 3, 3, 3, 3, 3, 3, 3, 3, 3, 3, 3, 3, 3, 3, 3, 3, 3, 3, 3, 3, 3, 3, 3, 3, 3, 3, 3, 3, 3, 3, 3, 3, 3, 3, 3, 3, 3, 3, 3, 3, 3, 3, 3, 3, 3, 3, 3, 3, 3, 3, 3, 3, 3, 3, 3, 3, 3, 3, 3, 3, 3, 3, 3, 3, 3, 3, 3, 3, 3, 3, 3, 3, 3, 3, 3, 3, 3, 3, 3, 3, 3, 3, 3, 3, 3, 3, 3, 3, 3, 3, 3, 3, 3, 3, 3, 3, 3, 3, 3, 3, 3, 3, 3, 3, 3, 3, 3, 3, 3, 3, 3, 3, 3, 3, 3, 3, 3, 3, 3, 3, 3, 3, 3, 3, 3, 3, 3, 3, 3, 3, 3, 3, 3, 3, 3, 3, 3, 3, 3, 3, 3, 3, 3, 3, 3, 3, 3, 3, 3, 3, 3, 3, 3, 3, 3, 3, 3, 3, 3, 3, 3, 3, 3, 3, 3, 3, 3, 3, 3, 3, 3, 3, 3, 3, 3, 3, 3, 3, 3, 3, 3, 3, 3, 3, 3, 3, 3, 3, 3, 3, 3, 3, 3, 3, 3, 3, 3, 3, 3, 3, 3, 3, 3, 3, 3, 3, 3, 3, 3, 3, 3, 3, 3, 3, 3, 3, 3, 3, 3, 3, 3, 3, 3, 3, 3, 3, 3, 3, 3, 3, 3, 3, 3, 3, 3, 3, 3, 3, 3, 3, 3, 3, 3, 3, 3, 3, 3, 3, 3, 3, 3, 3, 3, 3, 3, 3, 3, 3, 3, 3, 3, 3, 3, 3, 3, 3, 3, 3, 3, 3, 3, 3, 3, 3, 3, 3, 3, 3, 3, 3, 3, 3, 3, 3, 3, 3, 3, 3, 3, 3, 3, 3, 3, 3, 3, 3, 3, 3, 3, 3, 3, 3, 3, 3, 3, 3, 3, 3, 3, 3, 3, 3, 3, 3, 3, 3, 3, 3, 3, 3, 3, 3, 3, 3, 3, 3, 3, 3, 3, 3, 3, 3, 3, 3, 3, 3, 3, 3, 3, 3, 3, 3, 3, 3, 3, 3, 3, 3, 3, 3, 3, 3, 3, 3, 3, 3, 3, 3, 3, 3, 3, 3, 3, 3, 3, 3, 3, 3, 3, 3, 3, 3, 3, 3, 3, 3, 3, 3, 3, 3, 3, 3, 3, 3, 3, 3, 3, 3, 3, 3, 3, 3, 3, 3, 3, 3, 3, 3, 3, 3, 3, 3, 3, 3, 3, 3, 3, 3, 3, 3, 3, 3, 3, 3, 3, 3, 3, 3, 3, 3, 3, 3, 3, 3, 3, 3, 3, 3, 3, 3, 3, 3, 3, 3, 3, 3, 3, 3, 3, 3, 3, 3, 3, 3, 3, 3, 3, 3, 3, 3, 3, 3, 3, 3, 3, 3, 3, 3, 3, 3, 3, 3, 3, 3, 3, 3, 3, 3, 3, 3, 3, 3, 3, 3, 3, 3, 3, 3, 3, 3, 3, 3, 3, 3, 3, 3, 3, 3, 3, 3, 3, 3, 3, 3, 3, 3, 3, 3, 3, 3, 3, 3, 3, 3, 3, 3, 3, 3, 3, 3, 3, 3, 3, 3, 3, 3, 3, 3, 3, 3, 3, 3, 3, 3, 3, 3, 3, 3, 3, 3, 3, 3, 3, 3, 3, 3, 3, 3, 3, 3, 3, 3, 3, 3, 3, 3, 3, 3, 3, 3, 3, 3, 3, 3, 3, 3, 3, 3, 3, 3, 3, 3, 3, 3, 3, 3, 3, 3, 3, 3, 3, 3, 3, 3, 3, 3, 3, 3, 3, 3, 3, 3, 3, 3, 3, 3, 3, 3, 3, 3, 3, 3, 3, 3, 3, 3, 3, 3, 3, 3, 3, 3, 3, 3, 3, 3, 3, 3, 3, 3, 3, 3, 3, 3, 3, 3, 3, 3, 3, 3, 3, 3, 3, 3, 3, 3, 3, 3, 3, 3, 3, 3, 3, 3, 3, 3, 3, 3, 3, 3, 3, 3, 3, 3, 3, 3, 3, 3, 3, 3, 3, 3, 3, 3, 3, 3, 3, 3, 3, 3, 3, 3, 3, 3, 3, 3, 3, 3, 3, 3, 3, 3, 3, 3, 3, 3, 3, 3, 3, 3, 3, 3, 3, 3, 3, 3, 3, 3, 3, 3, 3, 3, 3, 3, 3, 3, 3, 3, 3, 3, 3, 3, 3, 3, 3, 3, 3, 3, 3, 3, 3, 3, 3, 3, 3, 3, 3, 3, 3, 3, 3, 3, 3, 3, 3, 3, 3, 3, 3, 3, 3, 3, 3, 3, 3, 3, 3, 3, 3, 3, 3, 3, 3, 3, 3, 3, 3, 3, 3, 3, 3, 3, 3, 3, 3, 3, 3, 3, 3, 3, 3, 3, 3, 3, 3, 3, 3, 3, 3, 3, 3, 3, 3, 3, 3, 3, 3, 3, 3, 3, 3, 3, 3, 3, 3, 3, 3, 3, 3, 3, 3, 3, 3, 3, 3, 3, 3, 3, 3, 3, 3, 3, 3, 3, 3, 3, 3, 3, 3, 3, 3, 3, 3, 3, 3, 3, 3, 3, 3, 3, 3, 3, 3, 3, 3, 3, 3, 3, 3, 3, 3, 3, 3, 3, 3, 3, 3, 3, 3, 3, 3, 3, 3, 3, 3, 3, 3, 3, 3, 3, 3, 3, 3, 3, 3, 3, 3, 3, 3, 3, 3, 3, 3, 3, 3, 3, 3, 3, 3, 3, 3, 3, 3, 3, 3, 3, 3, 3, 3, 3, 3, 3, 3, 3, 3, 3, 3, 3, 3, 3, 3, 3, 3, 3, 3, 3, 3, 3, 3, 3, 3, 3, 3, 3, 3, 3, 3, 3, 3, 3, 3, 3, 3, 3, 3, 3, 3, 3, 3, 3, 3, 3, 3, 3, 3, 3, 3, 3, 3, 3, 3, 3, 3, 3, 3, 3, 3, 3, 3, 3, 3, 3, 3, 3, 3, 3, 3, 3, 3, 3, 3, 3, 3, 3, 3, 3, 3, 3, 3, 3, 3, 3, 3, 3, 3, 3, 3, 3, 3, 3, 3, 3, 3, 3, 3, 3, 3, 3, 3, 3, 3, 3, 3, 3, 3, 3, 3, 3, 3, 3, 3, 3, 3, 3, 3, 3, 3, 3, 3, 3, 3, 3, 3, 3, 3, 3, 3, 3, 3, 3, 3, 3, 3, 3, 3, 3, 3, 3, 3, 3, 3, 3, 3, 3, 3, 3, 3, 3, 3, 3, 3, 3, 3, 3, 3, 3, 3, 3, 3, 3, 3, 3, 3, 3, 3, 3, 3, 3, 3, 3, 3, 3, 3, 3, 3, 3, 3, 3, 3, 3, 3, 3, 3, 3, 3, 3, 3, 3, 3, 3, 3, 3, 3, 3, 3, 3, 3, 3, 3, 3, 3, 3, 3, 3, 3, 3, 3, 3, 3, 3, 3, 3, 3, 3, 3, 3, 3, 3, 3, 3, 3, 3, 3, 3, 3, 3, 3, 3, 3, 3, 3, 3, 3, 3, 3, 3, 3, 3, 3, 3, 3, 3, 3, 3, 3, 3, 3, 3, 3, 3, 3, 3, 3, 3, 3, 3, 3, 3, 3, 3, 3, 3, 3, 3, 3, 3, 3, 3, 3, 3, 3, 3, 3, 3, 3, 3, 3, 3, 3, 3, 3, 3, 3, 3, 3, 3, 3, 3, 3, 3, 3, 3, 3, 3, 3, 3, 3, 3, 3, 3, 3, 3, 3, 3, 3, 3, 3, 3, 3, 3, 3, 3, 3, 3, 3, 3, 3, 3, 3, 3, 3, 3, 3, 3, 3, 3, 3, 3, 3, 3, 3, 3, 3, 3, 3, 3, 3, 3, 3, 3, 3, 3, 3, 3, 3, 3, 3, 3, 3, 3, 3, 3, 3, 3, 3, 3, 3, 3, 3, 3, 3, 3, 3, 3, 3, 3, 3, 3, 3, 3, 3, 3, 3, 3, 3, 3, 3, 3, 3, 3, 3, 3, 3, 3, 3, 3, 3, 3, 3, 3, 3, 3, 3, 3, 3, 3, 3, 3, 3, 3, 3, 3, 3, 3, 3, 3, 3, 3, 3, 3, 3, 3, 3, 3, 3, 3, 3, 3, 3, 3, 3, 3, 3, 3, 3, 3, 3, 3, 3, 3, 3, 3, 3, 3, 3, 3, 3, 3, 3, 3, 3, 3, 3, 3, 3, 3, 3, 3, 3, 3, 3, 3, 3, 3, 3, 3, 3, 3, 3, 3, 3, 3, 3, 3, 3, 3, 3, 3, 3, 3, 3, 3, 3, 3, 3, 3, 3, 3, 3, 3, 3, 3, 3, 3, 3, 3, 3, 3, 3, 3, 3, 3, 3, 3, 3, 3, 3, 3, 3, 3, 3, 3, 3, 3, 3, 3, 3, 3, 3, 3, 3, 3, 3, 3, 3, 3, 3, 3, 3, 3, 3, 3, 3, 3, 3, 3, 3, 3, 3, 3, 3, 3, 3, 3, 3, 3, 3, 3, 3, 3, 3, 3, 3, 3, 3, 3, 3, 3, 3, 3, 3, 3, 3, 3, 3, 3, 3, 3, 3, 3, 3, 3, 3, 3, 3, 3, 3, 3, 3, 3, 3, 3, 3, 3, 3, 3, 3, 3, 3, 3, 3, 3, 3, 3, 3, 3, 3, 3, 3, 3, 3, 3, 3, 3, 3, 3, 3, 3, 3, 3, 3, 3, 3, 3, 3, 3, 3, 3, 3, 3, 3, 3, 3, 3, 3, 3, 3, 3, 3, 3, 3, 3, 3, 3, 3, 3, 3, 3, 3, 3, 3, 3, 3, 3, 3, 3, 3, 3, 3, 3, 3, 3, 3, 3, 3, 3, 3, 3, 3, 3, 3, 3, 3, 3, 3, 3, 3, 3, 3, 3, 3, 3, 3, 3, 3, 3, 3, 3, 3, 3, 3, 3, 3, 3, 3, 3, 3, 3, 3, 3, 3, 3, 3, 3, 3, 3, 3, 3, 3, 3, 3, 3, 3, 3, 3, 3, 3, 3, 3, 3, 3, 3, 3, 3, 3, 3, 3, 3, 3, 3, 3, 3, 3, 3, 3, 3, 3, 3, 3, 3, 3, 3, 3, 3, 3, 3, 3, 3, 3, 3, 3, 3, 3, 3, 3, 3, 3, 3, 3, 3, 3, 3, 3, 3, 3, 3, 3, 3, 3, 3, 3, 3, 3, 3, 3, 3, 3, 3, 3, 3, 3, 3, 3, 3, 3, 3, 3, 3, 3, 3, 3, 3, 3, 3, 3, 3, 3, 3, 3, 3, 3, 3, 3, 3, 3, 3, 3, 3, 3, 3, 3, 3, 3, 3, 3, 3, 3, 3, 3, 3, 3, 3, 3, 3, 3, 3, 3, 3, 3, 3, 3, 3, 3, 3, 3, 3, 3, 3, 3, 3, 3, 3, 3, 3, 3, 3, 3, 3, 3, 3, 3, 3, 3, 3, 3, 3, 3, 3, 3, 3, 3, 3, 3, 3, 3, 3, 3, 3, 3, 3, 3, 3, 3, 3, 3, 3, 3, 3, 3, 3, 3, 3, 3, 3, 3, 3, 3, 3, 3, 3, 3, 3, 3, 3, 3, 3, 3, 3, 3, 3, 3, 3, 3, 3, 3, 3, 3, 3, 3, 3, 3, 3, 3, 3, 3, 3, 3, 3, 3, 3, 3, 3, 3, 3, 3, 3, 3, 3, 3, 3, 3, 3, 3, 3, 3, 3, 3, 3, 3, 3, 3, 3, 3, 3, 3, 3, 3, 3, 3, 3, 3, 3, 3, 3, 3, 3, 3, 3, 3, 3, 3, 3, 3, 3, 3, 3, 3, 3, 3, 3, 3, 3, 3, 3, 3, 3, 3, 3, 3, 3, 3, 3, 3, 3, 3, 3, 3, 3, 3, 3, 3, 3, 3, 3, 3, 3, 3, 3, 3, 3, 3, 3, 3, 3, 3, 3, 3, 3, 3, 3, 3, 3, 3, 3, 3, 3, 3, 3, 3, 3, 3, 3, 3, 3, 3, 3, 3, 3, 3, 3, 3, 3, 3, 3, 3, 3, 3, 3, 3, 3, 3, 3, 3, 3, 3, 3, 3, 3, 3, 3, 3, 3, 3, 3, 3, 3, 3, 3, 3, 3, 3, 3, 3, 3, 3, 3, 3, 3, 3, 3, 3, 3, 3, 3, 3, 3, 3, 3, 3, 3, 3, 3, 3, 3, 3, 3, 3, 3, 3, 3, 3, 3, 3, 3, 3, 3, 3, 3, 3, 3, 3, 3, 3, 3, 3, 3, 3, 3, 3, 3, 3, 3, 3, 3, 3, 3, 3, 3, 3, 3, 3, 3, 3, 3, 3, 3, 3, 3, 3, 3, 3, 3, 3, 3, 3, 3, 3, 3, 3, 3, 3, 3, 3, 3, 3, 3, 3, 3, 3, 3, 3, 3, 3, 3, 3, 3, 3, 3, 3, 3, 3, 3, 3, 3, 3, 3, 3, 3, 3, 3, 3, 3, 3, 3, 3, 3, 3, 3, 3, 3, 3, 3, 3, 3, 3, 3, 3, 3, 3, 3, 3, 3, 3, 3, 3, 3, 3, 3, 3, 3, 3, 3, 3, 3, 3, 3, 3, 3, 3, 3, 3, 3, 3, 3, 3, 3, 3, 3, 3, 3, 3, 3, 3, 3, 3, 3, 3, 3, 3, 3, 3, 3, 3, 3, 3, 3, 3, 3, 3, 3, 3, 3, 3, 3, 3, 3, 3, 3, 3, 3, 3, 3, 3, 3, 3, 3, 3, 3, 3, 3, 3, 3, 3, 3, 3, 3, 3, 3, 3, 3, 3, 3, 3, 3, 3, 3, 3, 3, 3, 3, 3, 3, 3, 3, 3, 3, 3, 3, 3, 3, 3, 3, 3, 3, 3, 3, 3, 3, 3, 3, 3, 3, 3, 3, 3, 3, 3, 3, 3, 3, 3, 3, 3, 3, 3, 3, 3, 3, 3, 3, 3, 3, 3, 3, 3, 3, 3, 3, 3, 3, 3, 3, 3, 3, 3, 3, 3, 3, 3, 3, 3, 3, 3, 3, 3, 3, 3, 3, 3, 3, 3, 3, 3, 3, 3, 3, 3, 3, 3, 3, 3, 3, 3, 3, 3, 3, 3, 3, 3, 3, 3, 3, 3, 3, 3, 3, 3, 3, 3, 3, 3, 3, 3, 3, 3, 3, 3, 3, 3, 3, 3, 3, 3, 3, 3, 3, 3, 3, 3, 3, 3, 3, 3, 3, 3, 3, 3, 3, 3, 3, 3, 3, 3, 3, 3, 3, 3, 3, 3, 3, 3, 3, 3, 3, 3, 3, 3, 3, 3, 3, 3, 3, 3, 3, 3, 3, 3, 3, 3, 3, 3, 3, 3, 3, 3, 3, 3, 3, 3, 3, 3, 3, 3, 3, 3, 3, 3, 3, 3, 3, 3, 3, 3, 3, 3, 3, 3, 3, 3, 3, 3, 3, 3, 3, 3, 3, 3, 3, 3, 3, 3, 3, 3, 3, 3, 3, 3, 3, 3, 3, 3, 3, 3, 3, 3, 3, 3, 3, 3, 3, 3, 3, 3, 3, 3, 3, 3, 3, 3, 3, 3, 3, 3, 3, 3, 3, 3, 3, 3, 3, 3, 3, 3, 3, 3, 3, 3, 3, 3, 3, 3, 3, 3, 3, 3, 3, 3, 3, 3, 3, 3, 3, 3, 3, 3, 3, 3, 3, 3, 3, 3, 3, 3, 3, 3, 3, 3, 3, 3, 3, 3, 3, 3, 3, 3, 3, 3, 3, 3, 3, 3, 3, 3, 3, 3, 3, 3, 3, 3, 3, 3, 3, 3, 3, 3, 3, 3, 3, 3, 3, 3, 3, 3, 3, 3, 3, 3, 3, 3, 3, 3, 3, 3, 3, 3, 3, 3, 3, 3, 3, 3, 3, 3, 3, 3, 3, 3, 3, 3, 3, 3, 3, 3, 3, 3, 3, 3, 3, 3, 3, 3, 3, 3, 3, 3, 3, 3, 3, 3, 3, 3, 3, 3, 3, 3, 3, 3, 3, 3, 3, 3, 3, 3, 3, 3, 3, 3, 3, 3, 3, 3, 3, 3, 3, 3, 3, 3, 3, 3, 3, 3, 3, 3, 3, 3, 3, 3, 3, 3, 3, 3, 3, 3, 3, 3, 3, 3, 3, 3, 3, 3, 3, 3, 3, 3, 3, 3, 3, 3, 3, 3, 3, 3, 3, 3, 3, 3, 3, 3, 3, 3, 3, 3, 3, 3, 3, 3, 3, 3, 3, 3, 3, 3, 3, 3, 3, 3, 3, 3, 3, 3, 3, 3, 3, 3, 3, 3, 3, 3, 3, 3, 3, 3, 3, 3, 3, 3, 3, 3, 3, 3, 3, 3, 3, 3, 3, 3, 3, 3, 3, 3, 3, 3, 3, 3, 3, 3, 3, 3, 3, 3, 3, 3, 3, 3, 3, 3, 3, 3, 3, 3, 3, 3, 3, 3, 3, 3, 3, 3, 3, 3, 3, 3, 3, 3, 3, 3, 3, 3, 3, 3, 3, 3, 3, 3, 3, 3, 3, 3, 3, 3, 3, 3, 3, 3, 3, 3, 3, 3, 3, 3, 3, 3, 3, 3, 3, 3, 3, 3, 3, 3, 3, 3, 3, 3, 3, 3, 3, 3, 3, 3, 3, 3, 3, 3, 3, 3, 3, 3, 3, 3, 3, 3, 3, 3, 3, 3, 3, 3, 3, 3, 3, 3, 3, 3, 3, 3, 3, 3, 3, 3, 3, 3, 3, 3, 3, 3, 3, 3, 3, 3, 3, 3, 3, 3, 3, 3, 3, 3, 3, 3, 3, 3, 3, 3, 3, 3, 3, 3, 3, 3, 3, 3, 3, 3, 3, 3, 3, 3, 3, 3, 3, 3, 3, 3, 3, 3, 3, 3, 3, 3, 3, 3, 3, 3, 3, 3, 3, 3, 3, 3, 3, 3, 3, 3, 3, 3, 3, 3, 3, 3, 3, 3, 3, 3, 3, 3, 3, 3, 3, 3, 3, 3, 3, 3, 3, 3, 3, 3, 3, 3, 3, 3, 3, 3, 3, 3, 3, 3, 3, 3, 3, 3, 3, 3, 3, 3, 3, 3, 3, 3, 3, 3, 3, 3, 3, 3, 3, 3, 3, 3, 3, 3, 3, 3, 3, 3, 3, 3, 3, 3, 3, 3, 3, 3, 3, 3, 3, 3, 3, 3, 3, 3, 3, 3, 3, 3, 3, 3, 3, 3, 3, 3, 3, 3, 3, 3, 3, 3, 3, 3, 3, 3, 3, 3, 3, 3, 3, 3, 3, 3, 3, 3, 3, 3, 3, 3, 3, 3, 3, 3, 3, 3, 3, 3, 3, 3, 3, 3, 3, 3, 3, 3, 3, 3, 3, 3, 3, 3, 3, 3, 3, 3, 3, 3, 3, 3, 3, 3, 3, 3, 3, 3, 3, 3, 3, 3, 3, 3, 3, 3, 3, 3, 3, 3, 3, 3, 3, 3, 3, 3, 3, 3, 3, 3, 3, 3, 3, 3, 3, 3, 3, 3, 3, 3, 3, 3, 3, 3, 3, 3, 3, 3, 3, 3, 3, 3, 3, 3, 3, 3, 3, 3, 3, 3, 3, 3, 3, 3, 3, 3, 3, 3, 3, 3, 3, 3, 3, 3, 3, 3, 3, 3, 3, 3, 3, 3, 3, 3, 3, 3, 3, 3, 3, 3, 3, 3, 3, 3, 3, 3, 3, 3, 3, 3, 3, 3, 3, 3, 3, 3, 3, 3, 3, 3, 3, 3, 3, 3, 3, 3, 3, 3, 3, 3, 3, 3, 3, 3, 3, 3, 3, 3, 3, 3, 3, 3, 3, 3, 3, 3, 3, 3, 3, 3, 3, 3, 3, 3, 3, 3, 3, 3, 3, 3, 3, 3, 3, 3, 3, 3, 3, 3, 3, 3, 3, 3, 3, 3, 3, 3, 3, 3, 3, 3, 3, 3, 3, 3, 3, 3, 3, 3, 3, 3, 3, 3, 3, 3, 3, 3, 3, 3, 3, 3, 3, 3, 3, 3, 3, 3, 3, 3, 3, 3, 3, 3, 3, 3, 3, 3, 3, 3, 3, 3, 3, 3, 3, 3, 3, 3, 3, 3, 3, 3, 3, 3, 3, 3, 3, 3, 3, 3, 3, 3, 3, 3, 3, 3, 3, 3, 3, 3, 3, 3, 3, 3, 3, 3, 3, 3, 3, 3, 3, 3, 3, 3, 3, 3, 3, 3, 3, 3, 3, 3, 3, 3, 3, 3, 3, 3, 3, 3, 3, 3, 3, 3, 3, 3, 3, 3, 3, 3, 3, 3, 3, 3, 3, 3, 3, 3, 3, 3, 3, 3, 3, 3, 3, 3, 3, 3, 3, 3, 3, 3, 3, 3, 3, 3, 3, 3, 3, 3, 3, 3, 3, 3, 3, 3, 3, 3, 3, 3, 3, 3, 3, 3, 3, 3, 3, 3, 3, 3, 3, 3, 3, 3, 3, 3, 3, 3, 3, 3, 3, 3, 3, 3, 3, 3, 3, 3, 3, 3, 3, 3, 3, 3, 3, 3, 3, 3, 3, 3, 3, 3, 3, 3, 3, 3, 3, 3, 3, 3, 3, 3, 3, 3, 3, 3, 3, 3, 3, 3, 3, 3, 3, 3, 3, 3, 3, 3, 3, 3, 3, 3, 3, 3, 3, 3, 3, 3, 3, 3, 3, 3, 3, 3, 3, 3, 3, 3, 3, 3, 3, 3, 3, 3, 3, 3, 3, 3, 3, 3, 3, 3, 3, 3, 3, 3, 3, 3, 3, 3, 3, 3, 3, 3, 3, 3, 3, 3, 3, 3, 3, 3, 3, 3, 3, 3, 3, 3, 3, 3, 3, 3, 3, 3, 3, 3, 3, 3, 3, 3, 3, 3, 3, 3, 3, 3, 3, 3, 3, 3, 3, 3, 3, 3, 3, 3, 3, 3, 3, 3, 3, 3, 3, 3, 3, 3, 3, 3, 3, 3, 3, 3, 3, 3, 3, 3, 3, 3, 3, 3, 3, 3, 3, 3, 3, 3, 3, 3, 3, 3, 3, 3, 3, 3, 3, 3, 3, 3, 3, 3, 3, 3, 3, 3, 3, 3, 3, 3, 3, 3, 3, 3, 3, 3, 3, 3, 3, 3, 3, 3, 3, 3, 3, 3, 3, 3, 3, 3, 3, 3, 3, 3, 3, 3, 3, 3, 3, 3, 3, 3, 3, 3, 3, 3, 3, 3, 3, 3, 3, 3, 3, 3, 3, 3, 3, 3, 3, 3, 3, 3, 3, 3, 3, 3, 3, 3, 3, 3, 3, 3, 3, 3, 3, 3, 3, 3, 3, 3, 3, 3, 3, 3, 3, 3, 3, 3, 3, 3, 3, 3, 3, 3, 3, 3, 3, 3, 3, 3, 3, 3, 3, 3, 3, 3, 3, 3, 3, 3, 3, 3, 3, 3, 3, 3, 3, 3, 3, 3, 3, 3, 3, 3, 3, 3, 3, 3, 3, 3, 3, 3, 3, 3, 3, 3, 3, 3, 3, 3, 3, 3, 3, 3, 3, 3, 3, 3, 3, 3, 3, 3, 3, 3, 3, 3, 3, 3, 3, 3, 3, 3, 3, 3, 3, 3, 3, 3, 3, 3, 3, 3, 3, 3, 3, 3, 3, 3, 3, 3, 3, 3, 3, 3, 3, 3, 3, 3, 3, 3, 3, 3, 3, 3, 3, 3, 3, 3, 3, 3, 3, 3, 3, 3, 3, 3, 3, 3, 3, 3, 3, 3, 3, 3, 3, 3, 3, 3, 3, 3, 3, 3, 3, 3, 3, 3, 3, 3, 3, 3, 3, 3, 3, 3, 3, 3, 3, 3, 3, 3, 3, 3, 3, 3, 3, 3, 3, 3, 3, 3, 3, 3, 3, 3, 3, 3, 3, 3, 3, 3, 3, 3, 3, 3, 3, 3, 3, 3, 3, 3, 3, 3, 3, 3, 3, 3, 3, 3, 3, 3, 3, 3, 3, 3, 3, 3, 3, 3, 3, 3, 3, 3, 3, 3, 3, 3, 3, 3, 3, 3, 3, 3, 3, 3, 3, 3, 3, 3, 3, 3, 3, 3, 3, 3, 3, 3, 3, 3, 3, 3, 3, 3, 3, 3, 3, 3, 3, 3, 3, 3, 3, 3, 3, 3, 3, 3, 3, 3, 3, 3, 3, 3, 3, 3, 3, 3, 3, 3, 3, 3, 3, 3, 3, 3, 3, 3, 3, 3, 3, 3, 3, 3, 3, 3, 3, 3, 3, 3, 3, 3, 3, 3, 3, 3, 3, 3, 3, 3, 3, 3, 3, 3, 3, 3, 3, 3, 3, 3, 3, 3, 3, 3, 3, 3, 3, 3, 3, 3, 3, 3, 3, 3, 3, 3, 3, 3, 3, 3, 3, 3, 3, 3, 3, 3, 3, 3, 3, 3, 3, 3, 3, 3, 3, 3, 3, 3, 3, 3, 3, 3, 3, 3, 3, 3, 3, 3, 3, 3, 3, 3, 3, 3, 3, 3, 3, 3, 3, 3, 3, 3, 3, 3, 3, 3, 3, 3, 3, 3, 3, 3, 3, 3, 3, 3, 3, 3, 3, 3, 3, 3, 3, 3, 3, 3, 3, 3, 3, 3, 3, 3, 3, 3, 3, 3, 3, 3, 3, 3, 3, 3, 3, 3, 3, 3, 3, 3, 3, 3, 3, 3, 3, 3, 3, 3, 3, 3, 3, 3, 3, 3, 3, 3, 3, 3, 3, 3, 3, 3, 3, 3, 3, 3, 3, 3, 3, 3, 3, 3, 3, 3, 3, 3, 3, 3, 3, 3, 3, 3, 3, 3, 3, 3, 3, 3, 3, 3, 3, 3, 3, 3, 3, 3, 3, 3, 3, 3, 3, 3, 3, 3, 3, 3, 3, 3, 3, 3, 3, 3, 3, 3, 3, 3, 3, 3, 3, 3, 3, 3, 3, 3, 3, 3, 3, 3, 3, 3, 3, 3, 3, 3, 3, 3, 3, 3, 3, 3, 3, 3, 3, 3, 3, 3, 3, 3, 3, 3, 3, 3, 3, 3, 3, 3, 3, 3, 3, 3, 3, 3, 3, 3, 3, 3, 3, 3, 3, 3, 3, 3, 3, 3, 3, 3, 3, 3, 3, 3, 3, 3, 3, 3, 3, 3, 3, 3, 3, 3, 3, 3, 3, 3, 3, 3, 3, 3, 3, 3, 3, 3, 3, 3, 3, 3, 3, 3, 3, 3, 3, 3, 3, 3, 3, 3, 3, 3, 3, 3, 3, 3, 3, 3, 3, 3, 3, 3, 3, 3, 3, 3, 3, 3, 3, 3, 3, 3, 3, 3, 3, 3, 3, 3, 3, 3, 3, 3, 3, 3, 3, 3, 3, 3, 3, 3, 3, 3, 3, 3, 3, 3, 3, 3, 3, 3, 3, 3, 3, 3, 3, 3, 3, 3, 3, 3, 3, 3, 3, 3, 3, 3, 3, 3, 3, 3, 3, 3, 3, 3, 3, 3, 3, 3, 3, 3, 3, 3, 3, 3, 3, 3, 3, 3, 3, 3, 3, 3, 3, 3, 3, 3, 3, 3, 3, 3, 3, 3, 3, 3, 3, 3, 3, 3, 3, 3, 3, 3, 3, 3, 3, 3, 3, 3, 3, 3, 3, 3, 3, 3, 3, 3, 3, 3, 3, 3, 3, 3, 3, 3, 3, 3, 3, 3, 3, 3, 3, 3, 3, 3, 3, 3, 3, 3, 3, 3, 3, 3, 3, 3, 3, 3, 3, 3, 3, 3, 3, 3, 3, 3, 3, 3, 3, 3, 3, 3, 3, 3, 3, 3, 3, 3, 3, 3, 3, 3, 3, 3, 3, 3, 3, 3, 3, 3, 3, 3, 3, 3, 3, 3, 3, 3, 3, 3, 3, 3, 3, 3, 3, 3, 3, 3, 3, 3, 3, 3, 3, 3, 3, 3, 3, 3, 3, 3, 3, 3, 3, 3, 3, 3, 3, 3, 3, 3, 3, 3, 3, 3, 3, 3, 3, 3, 3, 3, 3, 3, 3, 3, 3, 3, 3, 3, 3, 3, 3, 3, 3, 3, 3, 3, 3, 3, 3, 3, 3, 3, 3, 3, 3, 3, 3, 3, 3, 3, 3, 3, 3, 3, 3, 3, 3, 3, 3, 3, 3, 3, 3, 3, 3, 3, 3, 3, 3, 3, 3, 3, 3, 3, 3, 3, 3, 3, 3, 3, 3, 3, 3, 3, 3, 3, 3, 3, 3, 3, 3, 3, 3, 3, 3, 3, 3, 3, 3, 3, 3, 3, 3, 3, 3, 3, 3, 3, 3, 3, 3, 3, 3, 3, 3, 3, 3, 3, 3, 3, 3, 3, 3, 3, 3, 3, 3, 3, 3, 3, 3, 3, 3, 3, 3, 3, 3, 3, 3, 3, 3, 3, 3, 3, 3, 3, 3, 3, 3, 3, 3, 3, 3, 3, 3, 3, 3, 3, 3, 3, 3, 3, 3, 3, 3, 3, 3, 3, 3, 3, 3, 3, 3, 3, 3, 3, 3, 3, 3, 3, 3, 3, 3, 3, 3, 3, 3, 3, 3, 3, 3, 3, 3, 3, 3, 3, 3, 3, 3, 3, 3, 3, 3, 3, 3, 3, 3, 3, 3, 3, 3, 3, 3, 3, 3, 3, 3, 3, 3, 3, 3, 3, 3, 3, 3, 3, 3, 3, 3, 3, 3, 3, 3, 3, 3, 3, 3, 3, 3, 3, 3, 3, 3, 3, 3, 3, 3, 3, 3, 3, 3, 3, 3, 3, 3, 3, 3, 3, 3, 3, 3, 3, 3, 3, 3, 3, 3, 3, 3, 3, 3, 3, 3, 3, 3, 3, 3, 3, 3, 3, 3, 3, 3, 3, 3, 3, 3, 3, 3, 3, 3, 3, 3, 3, 3, 3, 3, 3, 3, 3, 3, 3, 3, 3, 3, 3, 3, 3, 3, 3, 3, 3, 3, 3, 3, 3, 3, 3, 3, 3, 3, 3, 3, 3, 3, 3, 3, 3, 3, 3, 3, 3, 3, 3, 3, 3, 3, 3, 3, 3, 3, 3, 3, 3, 3, 3, 3, 3, 3, 3, 3, 3, 3, 3, 3, 3, 3, 3, 3, 3, 3, 3, 3, 3, 3, 3, 3, 3, 3, 3, 3, 3, 3, 3, 3, 3, 3, 3, 3, 3, 3, 3, 3, 3, 3, 3, 3, 3, 3, 3, 3, 3, 3, 3, 3, 3, 3, 3, 3, 3, 3, 3, 3, 3, 3, 3, 3, 3, 3, 3, 3, 3, 3, 3, 3, 3, 3, 3, 3, 3, 3, 3, 3, 3, 3, 3, 3, 3, 3, 3, 3, 3, 3, 3, 3, 3, 3, 3, 3, 3, 3, 3, 3, 3, 3, 3, 3, 3, 3, 3, 3, 3, 3, 3, 3, 3, 3, 3, 3, 3, 3, 3, 3, 3, 3, 3, 3, 3, 3, 3, 3, 3, 3, 3, 3, 3, 3, 3, 3, 3, 3, 3, 3, 3, 3, 3, 3, 3, 3, 3, 3, 3, 3, 3]
        int[] faceVertexIndices = [0, 1, 65, 0, 65, 64, 1, 2, 66, 1, 66, 65, 2, 3, 67, 2, 67, 66, 3, 4, 68, 3, 68, 67, 4, 5, 69, 4, 69, 68, 5, 6, 70, 5, 70, 69, 6, 7, 71, 6, 71, 70, 7, 8, 72, 7, 72, 71, 8, 9, 73, 8, 73, 72, 9, 10, 74, 9, 74, 73, 10, 11, 75, 10, 75, 74, 11, 12, 76, 11, 76, 75, 12, 13, 77, 12, 77, 76, 13, 14, 78, 13, 78, 77, 14, 15, 79, 14, 79, 78, 15, 16, 80, 15, 80, 79, 16, 17, 81, 16, 81, 80, 17, 18, 82, 17, 82, 81, 18, 19, 83, 18, 83, 82, 19, 20, 84, 19, 84, 83, 20, 21, 85, 20, 85, 84, 21, 22, 86, 21, 86, 85, 22, 23, 87, 22, 87, 86, 23, 24, 88, 23, 88, 87, 24, 25, 89, 24, 89, 88, 25, 26, 90, 25, 90, 89, 26, 27, 91, 26, 91, 90, 27, 28, 92, 27, 92, 91, 28, 29, 93, 28, 93, 92, 29, 30, 94, 29, 94, 93, 30, 31, 95, 30, 95, 94, 31, 32, 96, 31, 96, 95, 32, 33, 97, 32, 97, 96, 33, 34, 98, 33, 98, 97, 34, 35, 99, 34, 99, 98, 35, 36, 100, 35, 100, 99, 36, 37, 101, 36, 101, 100, 37, 38, 102, 37, 102, 101, 38, 39, 103, 38, 103, 102, 39, 40, 104, 39, 104, 103, 40, 41, 105, 40, 105, 104, 41, 42, 106, 41, 106, 105, 42, 43, 107, 42, 107, 106, 43, 44, 108, 43, 108, 107, 44, 45, 109, 44, 109, 108, 45, 46, 110, 45, 110, 109, 46, 47, 111, 46, 111, 110, 47, 48, 112, 47, 112, 111, 48, 49, 113, 48, 113, 112, 49, 50, 114, 49, 114, 113, 50, 51, 115, 50, 115, 114, 51, 52, 116, 51, 116, 115, 52, 53, 117, 52, 117, 116, 53, 54, 118, 53, 118, 117, 54, 55, 119, 54, 119, 118, 55, 56, 120, 55, 120, 119, 56, 57, 121, 56, 121, 120, 57, 58, 122, 57, 122, 121, 58, 59, 123, 58, 123, 122, 59, 60, 124, 59, 124, 123, 60, 61, 125, 60, 125, 124, 61, 62, 126, 61, 126, 125, 62, 63, 127, 62, 127, 126, 63, 0, 64, 63, 64, 127, 64, 65, 129, 64, 129, 128, 65, 66, 130, 65, 130, 129, 66, 67, 131, 66, 131, 130, 67, 68, 132, 67, 132, 131, 68, 69, 133, 68, 133, 132, 69, 70, 134, 69, 134, 133, 70, 71, 135, 70, 135, 134, 71, 72, 136, 71, 136, 135, 72, 73, 137, 72, 137, 136, 73, 74, 138, 73, 138, 137, 74, 75, 139, 74, 139, 138, 75, 76, 140, 75, 140, 139, 76, 77, 141, 76, 141, 140, 77, 78, 142, 77, 142, 141, 78, 79, 143, 78, 143, 142, 79, 80, 144, 79, 144, 143, 80, 81, 145, 80, 145, 144, 81, 82, 146, 81, 146, 145, 82, 83, 147, 82, 147, 146, 83, 84, 148, 83, 148, 147, 84, 85, 149, 84, 149, 148, 85, 86, 150, 85, 150, 149, 86, 87, 151, 86, 151, 150, 87, 88, 152, 87, 152, 151, 88, 89, 153, 88, 153, 152, 89, 90, 154, 89, 154, 153, 90, 91, 155, 90, 155, 154, 91, 92, 156, 91, 156, 155, 92, 93, 157, 92, 157, 156, 93, 94, 158, 93, 158, 157, 94, 95, 159, 94, 159, 158, 95, 96, 160, 95, 160, 159, 96, 97, 161, 96, 161, 160, 97, 98, 162, 97, 162, 161, 98, 99, 163, 98, 163, 162, 99, 100, 164, 99, 164, 163, 100, 101, 165, 100, 165, 164, 101, 102, 166, 101, 166, 165, 102, 103, 167, 102, 167, 166, 103, 104, 168, 103, 168, 167, 104, 105, 169, 104, 169, 168, 105, 106, 170, 105, 170, 169, 106, 107, 171, 106, 171, 170, 107, 108, 172, 107, 172, 171, 108, 109, 173, 108, 173, 172, 109, 110, 174, 109, 174, 173, 110, 111, 175, 110, 175, 174, 111, 112, 176, 111, 176, 175, 112, 113, 177, 112, 177, 176, 113, 114, 178, 113, 178, 177, 114, 115, 179, 114, 179, 178, 115, 116, 180, 115, 180, 179, 116, 117, 181, 116, 181, 180, 117, 118, 182, 117, 182, 181, 118, 119, 183, 118, 183, 182, 119, 120, 184, 119, 184, 183, 120, 121, 185, 120, 185, 184, 121, 122, 186, 121, 186, 185, 122, 123, 187, 122, 187, 186, 123, 124, 188, 123, 188, 187, 124, 125, 189, 124, 189, 188, 125, 126, 190, 125, 190, 189, 126, 127, 191, 126, 191, 190, 127, 64, 128, 127, 128, 191, 128, 129, 193, 128, 193, 192, 129, 130, 194, 129, 194, 193, 130, 131, 195, 130, 195, 194, 131, 132, 196, 131, 196, 195, 132, 133, 197, 132, 197, 196, 133, 134, 198, 133, 198, 197, 134, 135, 199, 134, 199, 198, 135, 136, 200, 135, 200, 199, 136, 137, 201, 136, 201, 200, 137, 138, 202, 137, 202, 201, 138, 139, 203, 138, 203, 202, 139, 140, 204, 139, 204, 203, 140, 141, 205, 140, 205, 204, 141, 142, 206, 141, 206, 205, 142, 143, 207, 142, 207, 206, 143, 144, 208, 143, 208, 207, 144, 145, 209, 144, 209, 208, 145, 146, 210, 145, 210, 209, 146, 147, 211, 146, 211, 210, 147, 148, 212, 147, 212, 211, 148, 149, 213, 148, 213, 212, 149, 150, 214, 149, 214, 213, 150, 151, 215, 150, 215, 214, 151, 152, 216, 151, 216, 215, 152, 153, 217, 152, 217, 216, 153, 154, 218, 153, 218, 217, 154, 155, 219, 154, 219, 218, 155, 156, 220, 155, 220, 219, 156, 157, 221, 156, 221, 220, 157, 158, 222, 157, 222, 221, 158, 159, 223, 158, 223, 222, 159, 160, 224, 159, 224, 223, 160, 161, 225, 160, 225, 224, 161, 162, 226, 161, 226, 225, 162, 163, 227, 162, 227, 226, 163, 164, 228, 163, 228, 227, 164, 165, 229, 164, 229, 228, 165, 166, 230, 165, 230, 229, 166, 167, 231, 166, 231, 230, 167, 168, 232, 167, 232, 231, 168, 169, 233, 168, 233, 232, 169, 170, 234, 169, 234, 233, 170, 171, 235, 170, 235, 234, 171, 172, 236, 171, 236, 235, 172, 173, 237, 172, 237, 236, 173, 174, 238, 173, 238, 237, 174, 175, 239, 174, 239, 238, 175, 176, 240, 175, 240, 239, 176, 177, 241, 176, 241, 240, 177, 178, 242, 177, 242, 241, 178, 179, 243, 178, 243, 242, 179, 180, 244, 179, 244, 243, 180, 181, 245, 180, 245, 244, 181, 182, 246, 181, 246, 245, 182, 183, 247, 182, 247, 246, 183, 184, 248, 183, 248, 247, 184, 185, 249, 184, 249, 248, 185, 186, 250, 185, 250, 249, 186, 187, 251, 186, 251, 250, 187, 188, 252, 187, 252, 251, 188, 189, 253, 188, 253, 252, 189, 190, 254, 189, 254, 253, 190, 191, 255, 190, 255, 254, 191, 128, 192, 191, 192, 255, 192, 193, 257, 192, 257, 256, 193, 194, 258, 193, 258, 257, 194, 195, 259, 194, 259, 258, 195, 196, 260, 195, 260, 259, 196, 197, 261, 196, 261, 260, 197, 198, 262, 197, 262, 261, 198, 199, 263, 198, 263, 262, 199, 200, 264, 199, 264, 263, 200, 201, 265, 200, 265, 264, 201, 202, 266, 201, 266, 265, 202, 203, 267, 202, 267, 266, 203, 204, 268, 203, 268, 267, 204, 205, 269, 204, 269, 268, 205, 206, 270, 205, 270, 269, 206, 207, 271, 206, 271, 270, 207, 208, 272, 207, 272, 271, 208, 209, 273, 208, 273, 272, 209, 210, 274, 209, 274, 273, 210, 211, 275, 210, 275, 274, 211, 212, 276, 211, 276, 275, 212, 213, 277, 212, 277, 276, 213, 214, 278, 213, 278, 277, 214, 215, 279, 214, 279, 278, 215, 216, 280, 215, 280, 279, 216, 217, 281, 216, 281, 280, 217, 218, 282, 217, 282, 281, 218, 219, 283, 218, 283, 282, 219, 220, 284, 219, 284, 283, 220, 221, 285, 220, 285, 284, 221, 222, 286, 221, 286, 285, 222, 223, 287, 222, 287, 286, 223, 224, 288, 223, 288, 287, 224, 225, 289, 224, 289, 288, 225, 226, 290, 225, 290, 289, 226, 227, 291, 226, 291, 290, 227, 228, 292, 227, 292, 291, 228, 229, 293, 228, 293, 292, 229, 230, 294, 229, 294, 293, 230, 231, 295, 230, 295, 294, 231, 232, 296, 231, 296, 295, 232, 233, 297, 232, 297, 296, 233, 234, 298, 233, 298, 297, 234, 235, 299, 234, 299, 298, 235, 236, 300, 235, 300, 299, 236, 237, 301, 236, 301, 300, 237, 238, 302, 237, 302, 301, 238, 239, 303, 238, 303, 302, 239, 240, 304, 239, 304, 303, 240, 241, 305, 240, 305, 304, 241, 242, 306, 241, 306, 305, 242, 243, 307, 242, 307, 306, 243, 244, 308, 243, 308, 307, 244, 245, 309, 244, 309, 308, 245, 246, 310, 245, 310, 309, 246, 247, 311, 246, 311, 310, 247, 248, 312, 247, 312, 311, 248, 249, 313, 248, 313, 312, 249, 250, 314, 249, 314, 313, 250, 251, 315, 250, 315, 314, 251, 252, 316, 251, 316, 315, 252, 253, 317, 252, 317, 316, 253, 254, 318, 253, 318, 317, 254, 255, 319, 254, 319, 318, 255, 192, 256, 255, 256, 319, 256, 257, 321, 256, 321, 320, 257, 258, 322, 257, 322, 321, 258, 259, 323, 258, 323, 322, 259, 260, 324, 259, 324, 323, 260, 261, 325, 260, 325, 324, 261, 262, 326, 261, 326, 325, 262, 263, 327, 262, 327, 326, 263, 264, 328, 263, 328, 327, 264, 265, 329, 264, 329, 328, 265, 266, 330, 265, 330, 329, 266, 267, 331, 266, 331, 330, 267, 268, 332, 267, 332, 331, 268, 269, 333, 268, 333, 332, 269, 270, 334, 269, 334, 333, 270, 271, 335, 270, 335, 334, 271, 272, 336, 271, 336, 335, 272, 273, 337, 272, 337, 336, 273, 274, 338, 273, 338, 337, 274, 275, 339, 274, 339, 338, 275, 276, 340, 275, 340, 339, 276, 277, 341, 276, 341, 340, 277, 278, 342, 277, 342, 341, 278, 279, 343, 278, 343, 342, 279, 280, 344, 279, 344, 343, 280, 281, 345, 280, 345, 344, 281, 282, 346, 281, 346, 345, 282, 283, 347, 282, 347, 346, 283, 284, 348, 283, 348, 347, 284, 285, 349, 284, 349, 348, 285, 286, 350, 285, 350, 349, 286, 287, 351, 286, 351, 350, 287, 288, 352, 287, 352, 351, 288, 289, 353, 288, 353, 352, 289, 290, 354, 289, 354, 353, 290, 291, 355, 290, 355, 354, 291, 292, 356, 291, 356, 355, 292, 293, 357, 292, 357, 356, 293, 294, 358, 293, 358, 357, 294, 295, 359, 294, 359, 358, 295, 296, 360, 295, 360, 359, 296, 297, 361, 296, 361, 360, 297, 298, 362, 297, 362, 361, 298, 299, 363, 298, 363, 362, 299, 300, 364, 299, 364, 363, 300, 301, 365, 300, 365, 364, 301, 302, 366, 301, 366, 365, 302, 303, 367, 302, 367, 366, 303, 304, 368, 303, 368, 367, 304, 305, 369, 304, 369, 368, 305, 306, 370, 305, 370, 369, 306, 307, 371, 306, 371, 370, 307, 308, 372, 307, 372, 371, 308, 309, 373, 308, 373, 372, 309, 310, 374, 309, 374, 373, 310, 311, 375, 310, 375, 374, 311, 312, 376, 311, 376, 375, 312, 313, 377, 312, 377, 376, 313, 314, 378, 313, 378, 377, 314, 315, 379, 314, 379, 378, 315, 316, 380, 315, 380, 379, 316, 317, 381, 316, 381, 380, 317, 318, 382, 317, 382, 381, 318, 319, 383, 318, 383, 382, 319, 256, 320, 319, 320, 383, 320, 321, 385, 320, 385, 384, 321, 322, 386, 321, 386, 385, 322, 323, 387, 322, 387, 386, 323, 324, 388, 323, 388, 387, 324, 325, 389, 324, 389, 388, 325, 326, 390, 325, 390, 389, 326, 327, 391, 326, 391, 390, 327, 328, 392, 327, 392, 391, 328, 329, 393, 328, 393, 392, 329, 330, 394, 329, 394, 393, 330, 331, 395, 330, 395, 394, 331, 332, 396, 331, 396, 395, 332, 333, 397, 332, 397, 396, 333, 334, 398, 333, 398, 397, 334, 335, 399, 334, 399, 398, 335, 336, 400, 335, 400, 399, 336, 337, 401, 336, 401, 400, 337, 338, 402, 337, 402, 401, 338, 339, 403, 338, 403, 402, 339, 340, 404, 339, 404, 403, 340, 341, 405, 340, 405, 404, 341, 342, 406, 341, 406, 405, 342, 343, 407, 342, 407, 406, 343, 344, 408, 343, 408, 407, 344, 345, 409, 344, 409, 408, 345, 346, 410, 345, 410, 409, 346, 347, 411, 346, 411, 410, 347, 348, 412, 347, 412, 411, 348, 349, 413, 348, 413, 412, 349, 350, 414, 349, 414, 413, 350, 351, 415, 350, 415, 414, 351, 352, 416, 351, 416, 415, 352, 353, 417, 352, 417, 416, 353, 354, 418, 353, 418, 417, 354, 355, 419, 354, 419, 418, 355, 356, 420, 355, 420, 419, 356, 357, 421, 356, 421, 420, 357, 358, 422, 357, 422, 421, 358, 359, 423, 358, 423, 422, 359, 360, 424, 359, 424, 423, 360, 361, 425, 360, 425, 424, 361, 362, 426, 361, 426, 425, 362, 363, 427, 362, 427, 426, 363, 364, 428, 363, 428, 427, 364, 365, 429, 364, 429, 428, 365, 366, 430, 365, 430, 429, 366, 367, 431, 366, 431, 430, 367, 368, 432, 367, 432, 431, 368, 369, 433, 368, 433, 432, 369, 370, 434, 369, 434, 433, 370, 371, 435, 370, 435, 434, 371, 372, 436, 371, 436, 435, 372, 373, 437, 372, 437, 436, 373, 374, 438, 373, 438, 437, 374, 375, 439, 374, 439, 438, 375, 376, 440, 375, 440, 439, 376, 377, 441, 376, 441, 440, 377, 378, 442, 377, 442, 441, 378, 379, 443, 378, 443, 442, 379, 380, 444, 379, 444, 443, 380, 381, 445, 380, 445, 444, 381, 382, 446, 381, 446, 445, 382, 383, 447, 382, 447, 446, 383, 320, 384, 383, 384, 447, 384, 385, 449, 384, 449, 448, 385, 386, 450, 385, 450, 449, 386, 387, 451, 386, 451, 450, 387, 388, 452, 387, 452, 451, 388, 389, 453, 388, 453, 452, 389, 390, 454, 389, 454, 453, 390, 391, 455, 390, 455, 454, 391, 392, 456, 391, 456, 455, 392, 393, 457, 392, 457, 456, 393, 394, 458, 393, 458, 457, 394, 395, 459, 394, 459, 458, 395, 396, 460, 395, 460, 459, 396, 397, 461, 396, 461, 460, 397, 398, 462, 397, 462, 461, 398, 399, 463, 398, 463, 462, 399, 400, 464, 399, 464, 463, 400, 401, 465, 400, 465, 464, 401, 402, 466, 401, 466, 465, 402, 403, 467, 402, 467, 466, 403, 404, 468, 403, 468, 467, 404, 405, 469, 404, 469, 468, 405, 406, 470, 405, 470, 469, 406, 407, 471, 406, 471, 470, 407, 408, 472, 407, 472, 471, 408, 409, 473, 408, 473, 472, 409, 410, 474, 409, 474, 473, 410, 411, 475, 410, 475, 474, 411, 412, 476, 411, 476, 475, 412, 413, 477, 412, 477, 476, 413, 414, 478, 413, 478, 477, 414, 415, 479, 414, 479, 478, 415, 416, 480, 415, 480, 479, 416, 417, 481, 416, 481, 480, 417, 418, 482, 417, 482, 481, 418, 419, 483, 418, 483, 482, 419, 420, 484, 419, 484, 483, 420, 421, 485, 420, 485, 484, 421, 422, 486, 421, 486, 485, 422, 423, 487, 422, 487, 486, 423, 424, 488, 423, 488, 487, 424, 425, 489, 424, 489, 488, 425, 426, 490, 425, 490, 489, 426, 427, 491, 426, 491, 490, 427, 428, 492, 427, 492, 491, 428, 429, 493, 428, 493, 492, 429, 430, 494, 429, 494, 493, 430, 431, 495, 430, 495, 494, 431, 432, 496, 431, 496, 495, 432, 433, 497, 432, 497, 496, 433, 434, 498, 433, 498, 497, 434, 435, 499, 434, 499, 498, 435, 436, 500, 435, 500, 499, 436, 437, 501, 436, 501, 500, 437, 438, 502, 437, 502, 501, 438, 439, 503, 438, 503, 502, 439, 440, 504, 439, 504, 503, 440, 441, 505, 440, 505, 504, 441, 442, 506, 441, 506, 505, 442, 443, 507, 442, 507, 506, 443, 444, 508, 443, 508, 507, 444, 445, 509, 444, 509, 508, 445, 446, 510, 445, 510, 509, 446, 447, 511, 446, 511, 510, 447, 384, 448, 447, 448, 511, 448, 449, 513, 448, 513, 512, 449, 450, 514, 449, 514, 513, 450, 451, 515, 450, 515, 514, 451, 452, 516, 451, 516, 515, 452, 453, 517, 452, 517, 516, 453, 454, 518, 453, 518, 517, 454, 455, 519, 454, 519, 518, 455, 456, 520, 455, 520, 519, 456, 457, 521, 456, 521, 520, 457, 458, 522, 457, 522, 521, 458, 459, 523, 458, 523, 522, 459, 460, 524, 459, 524, 523, 460, 461, 525, 460, 525, 524, 461, 462, 526, 461, 526, 525, 462, 463, 527, 462, 527, 526, 463, 464, 528, 463, 528, 527, 464, 465, 529, 464, 529, 528, 465, 466, 530, 465, 530, 529, 466, 467, 531, 466, 531, 530, 467, 468, 532, 467, 532, 531, 468, 469, 533, 468, 533, 532, 469, 470, 534, 469, 534, 533, 470, 471, 535, 470, 535, 534, 471, 472, 536, 471, 536, 535, 472, 473, 537, 472, 537, 536, 473, 474, 538, 473, 538, 537, 474, 475, 539, 474, 539, 538, 475, 476, 540, 475, 540, 539, 476, 477, 541, 476, 541, 540, 477, 478, 542, 477, 542, 541, 478, 479, 543, 478, 543, 542, 479, 480, 544, 479, 544, 543, 480, 481, 545, 480, 545, 544, 481, 482, 546, 481, 546, 545, 482, 483, 547, 482, 547, 546, 483, 484, 548, 483, 548, 547, 484, 485, 549, 484, 549, 548, 485, 486, 550, 485, 550, 549, 486, 487, 551, 486, 551, 550, 487, 488, 552, 487, 552, 551, 488, 489, 553, 488, 553, 552, 489, 490, 554, 489, 554, 553, 490, 491, 555, 490, 555, 554, 491, 492, 556, 491, 556, 555, 492, 493, 557, 492, 557, 556, 493, 494, 558, 493, 558, 557, 494, 495, 559, 494, 559, 558, 495, 496, 560, 495, 560, 559, 496, 497, 561, 496, 561, 560, 497, 498, 562, 497, 562, 561, 498, 499, 563, 498, 563, 562, 499, 500, 564, 499, 564, 563, 500, 501, 565, 500, 565, 564, 501, 502, 566, 501, 566, 565, 502, 503, 567, 502, 567, 566, 503, 504, 568, 503, 568, 567, 504, 505, 569, 504, 569, 568, 505, 506, 570, 505, 570, 569, 506, 507, 571, 506, 571, 570, 507, 508, 572, 507, 572, 571, 508, 509, 573, 508, 573, 572, 509, 510, 574, 509, 574, 573, 510, 511, 575, 510, 575, 574, 511, 448, 512, 511, 512, 575, 512, 513, 577, 512, 577, 576, 513, 514, 578, 513, 578, 577, 514, 515, 579, 514, 579, 578, 515, 516, 580, 515, 580, 579, 516, 517, 581, 516, 581, 580, 517, 518, 582, 517, 582, 581, 518, 519, 583, 518, 583, 582, 519, 520, 584, 519, 584, 583, 520, 521, 585, 520, 585, 584, 521, 522, 586, 521, 586, 585, 522, 523, 587, 522, 587, 586, 523, 524, 588, 523, 588, 587, 524, 525, 589, 524, 589, 588, 525, 526, 590, 525, 590, 589, 526, 527, 591, 526, 591, 590, 527, 528, 592, 527, 592, 591, 528, 529, 593, 528, 593, 592, 529, 530, 594, 529, 594, 593, 530, 531, 595, 530, 595, 594, 531, 532, 596, 531, 596, 595, 532, 533, 597, 532, 597, 596, 533, 534, 598, 533, 598, 597, 534, 535, 599, 534, 599, 598, 535, 536, 600, 535, 600, 599, 536, 537, 601, 536, 601, 600, 537, 538, 602, 537, 602, 601, 538, 539, 603, 538, 603, 602, 539, 540, 604, 539, 604, 603, 540, 541, 605, 540, 605, 604, 541, 542, 606, 541, 606, 605, 542, 543, 607, 542, 607, 606, 543, 544, 608, 543, 608, 607, 544, 545, 609, 544, 609, 608, 545, 546, 610, 545, 610, 609, 546, 547, 611, 546, 611, 610, 547, 548, 612, 547, 612, 611, 548, 549, 613, 548, 613, 612, 549, 550, 614, 549, 614, 613, 550, 551, 615, 550, 615, 614, 551, 552, 616, 551, 616, 615, 552, 553, 617, 552, 617, 616, 553, 554, 618, 553, 618, 617, 554, 555, 619, 554, 619, 618, 555, 556, 620, 555, 620, 619, 556, 557, 621, 556, 621, 620, 557, 558, 622, 557, 622, 621, 558, 559, 623, 558, 623, 622, 559, 560, 624, 559, 624, 623, 560, 561, 625, 560, 625, 624, 561, 562, 626, 561, 626, 625, 562, 563, 627, 562, 627, 626, 563, 564, 628, 563, 628, 627, 564, 565, 629, 564, 629, 628, 565, 566, 630, 565, 630, 629, 566, 567, 631, 566, 631, 630, 567, 568, 632, 567, 632, 631, 568, 569, 633, 568, 633, 632, 569, 570, 634, 569, 634, 633, 570, 571, 635, 570, 635, 634, 571, 572, 636, 571, 636, 635, 572, 573, 637, 572, 637, 636, 573, 574, 638, 573, 638, 637, 574, 575, 639, 574, 639, 638, 575, 512, 576, 575, 576, 639, 576, 577, 641, 576, 641, 640, 577, 578, 642, 577, 642, 641, 578, 579, 643, 578, 643, 642, 579, 580, 644, 579, 644, 643, 580, 581, 645, 580, 645, 644, 581, 582, 646, 581, 646, 645, 582, 583, 647, 582, 647, 646, 583, 584, 648, 583, 648, 647, 584, 585, 649, 584, 649, 648, 585, 586, 650, 585, 650, 649, 586, 587, 651, 586, 651, 650, 587, 588, 652, 587, 652, 651, 588, 589, 653, 588, 653, 652, 589, 590, 654, 589, 654, 653, 590, 591, 655, 590, 655, 654, 591, 592, 656, 591, 656, 655, 592, 593, 657, 592, 657, 656, 593, 594, 658, 593, 658, 657, 594, 595, 659, 594, 659, 658, 595, 596, 660, 595, 660, 659, 596, 597, 661, 596, 661, 660, 597, 598, 662, 597, 662, 661, 598, 599, 663, 598, 663, 662, 599, 600, 664, 599, 664, 663, 600, 601, 665, 600, 665, 664, 601, 602, 666, 601, 666, 665, 602, 603, 667, 602, 667, 666, 603, 604, 668, 603, 668, 667, 604, 605, 669, 604, 669, 668, 605, 606, 670, 605, 670, 669, 606, 607, 671, 606, 671, 670, 607, 608, 672, 607, 672, 671, 608, 609, 673, 608, 673, 672, 609, 610, 674, 609, 674, 673, 610, 611, 675, 610, 675, 674, 611, 612, 676, 611, 676, 675, 612, 613, 677, 612, 677, 676, 613, 614, 678, 613, 678, 677, 614, 615, 679, 614, 679, 678, 615, 616, 680, 615, 680, 679, 616, 617, 681, 616, 681, 680, 617, 618, 682, 617, 682, 681, 618, 619, 683, 618, 683, 682, 619, 620, 684, 619, 684, 683, 620, 621, 685, 620, 685, 684, 621, 622, 686, 621, 686, 685, 622, 623, 687, 622, 687, 686, 623, 624, 688, 623, 688, 687, 624, 625, 689, 624, 689, 688, 625, 626, 690, 625, 690, 689, 626, 627, 691, 626, 691, 690, 627, 628, 692, 627, 692, 691, 628, 629, 693, 628, 693, 692, 629, 630, 694, 629, 694, 693, 630, 631, 695, 630, 695, 694, 631, 632, 696, 631, 696, 695, 632, 633, 697, 632, 697, 696, 633, 634, 698, 633, 698, 697, 634, 635, 699, 634, 699, 698, 635, 636, 700, 635, 700, 699, 636, 637, 701, 636, 701, 700, 637, 638, 702, 637, 702, 701, 638, 639, 703, 638, 703, 702, 639, 576, 640, 639, 640, 703, 640, 641, 705, 640, 705, 704, 641, 642, 706, 641, 706, 705, 642, 643, 707, 642, 707, 706, 643, 644, 708, 643, 708, 707, 644, 645, 709, 644, 709, 708, 645, 646, 710, 645, 710, 709, 646, 647, 711, 646, 711, 710, 647, 648, 712, 647, 712, 711, 648, 649, 713, 648, 713, 712, 649, 650, 714, 649, 714, 713, 650, 651, 715, 650, 715, 714, 651, 652, 716, 651, 716, 715, 652, 653, 717, 652, 717, 716, 653, 654, 718, 653, 718, 717, 654, 655, 719, 654, 719, 718, 655, 656, 720, 655, 720, 719, 656, 657, 721, 656, 721, 720, 657, 658, 722, 657, 722, 721, 658, 659, 723, 658, 723, 722, 659, 660, 724, 659, 724, 723, 660, 661, 725, 660, 725, 724, 661, 662, 726, 661, 726, 725, 662, 663, 727, 662, 727, 726, 663, 664, 728, 663, 728, 727, 664, 665, 729, 664, 729, 728, 665, 666, 730, 665, 730, 729, 666, 667, 731, 666, 731, 730, 667, 668, 732, 667, 732, 731, 668, 669, 733, 668, 733, 732, 669, 670, 734, 669, 734, 733, 670, 671, 735, 670, 735, 734, 671, 672, 736, 671, 736, 735, 672, 673, 737, 672, 737, 736, 673, 674, 738, 673, 738, 737, 674, 675, 739, 674, 739, 738, 675, 676, 740, 675, 740, 739, 676, 677, 741, 676, 741, 740, 677, 678, 742, 677, 742, 741, 678, 679, 743, 678, 743, 742, 679, 680, 744, 679, 744, 743, 680, 681, 745, 680, 745, 744, 681, 682, 746, 681, 746, 745, 682, 683, 747, 682, 747, 746, 683, 684, 748, 683, 748, 747, 684, 685, 749, 684, 749, 748, 685, 686, 750, 685, 750, 749, 686, 687, 751, 686, 751, 750, 687, 688, 752, 687, 752, 751, 688, 689, 753, 688, 753, 752, 689, 690, 754, 689, 754, 753, 690, 691, 755, 690, 755, 754, 691, 692, 756, 691, 756, 755, 692, 693, 757, 692, 757, 756, 693, 694, 758, 693, 758, 757, 694, 695, 759, 694, 759, 758, 695, 696, 760, 695, 760, 759, 696, 697, 761, 696, 761, 760, 697, 698, 762, 697, 762, 761, 698, 699, 763, 698, 763, 762, 699, 700, 764, 699, 764, 763, 700, 701, 765, 700, 765, 764, 701, 702, 766, 701, 766, 765, 702, 703, 767, 702, 767, 766, 703, 640, 704, 703, 704, 767, 704, 705, 769, 704, 769, 768, 705, 706, 770, 705, 770, 769, 706, 707, 771, 706, 771, 770, 707, 708, 772, 707, 772, 771, 708, 709, 773, 708, 773, 772, 709, 710, 774, 709, 774, 773, 710, 711, 775, 710, 775, 774, 711, 712, 776, 711, 776, 775, 712, 713, 777, 712, 777, 776, 713, 714, 778, 713, 778, 777, 714, 715, 779, 714, 779, 778, 715, 716, 780, 715, 780, 779, 716, 717, 781, 716, 781, 780, 717, 718, 782, 717, 782, 781, 718, 719, 783, 718, 783, 782, 719, 720, 784, 719, 784, 783, 720, 721, 785, 720, 785, 784, 721, 722, 786, 721, 786, 785, 722, 723, 787, 722, 787, 786, 723, 724, 788, 723, 788, 787, 724, 725, 789, 724, 789, 788, 725, 726, 790, 725, 790, 789, 726, 727, 791, 726, 791, 790, 727, 728, 792, 727, 792, 791, 728, 729, 793, 728, 793, 792, 729, 730, 794, 729, 794, 793, 730, 731, 795, 730, 795, 794, 731, 732, 796, 731, 796, 795, 732, 733, 797, 732, 797, 796, 733, 734, 798, 733, 798, 797, 734, 735, 799, 734, 799, 798, 735, 736, 800, 735, 800, 799, 736, 737, 801, 736, 801, 800, 737, 738, 802, 737, 802, 801, 738, 739, 803, 738, 803, 802, 739, 740, 804, 739, 804, 803, 740, 741, 805, 740, 805, 804, 741, 742, 806, 741, 806, 805, 742, 743, 807, 742, 807, 806, 743, 744, 808, 743, 808, 807, 744, 745, 809, 744, 809, 808, 745, 746, 810, 745, 810, 809, 746, 747, 811, 746, 811, 810, 747, 748, 812, 747, 812, 811, 748, 749, 813, 748, 813, 812, 749, 750, 814, 749, 814, 813, 750, 751, 815, 750, 815, 814, 751, 752, 816, 751, 816, 815, 752, 753, 817, 752, 817, 816, 753, 754, 818, 753, 818, 817, 754, 755, 819, 754, 819, 818, 755, 756, 820, 755, 820, 819, 756, 757, 821, 756, 821, 820, 757, 758, 822, 757, 822, 821, 758, 759, 823, 758, 823, 822, 759, 760, 824, 759, 824, 823, 760, 761, 825, 760, 825, 824, 761, 762, 826, 761, 826, 825, 762, 763, 827, 762, 827, 826, 763, 764, 828, 763, 828, 827, 764, 765, 829, 764, 829, 828, 765, 766, 830, 765, 830, 829, 766, 767, 831, 766, 831, 830, 767, 704, 768, 767, 768, 831, 768, 769, 833, 768, 833, 832, 769, 770, 834, 769, 834, 833, 770, 771, 835, 770, 835, 834, 771, 772, 836, 771, 836, 835, 772, 773, 837, 772, 837, 836, 773, 774, 838, 773, 838, 837, 774, 775, 839, 774, 839, 838, 775, 776, 840, 775, 840, 839, 776, 777, 841, 776, 841, 840, 777, 778, 842, 777, 842, 841, 778, 779, 843, 778, 843, 842, 779, 780, 844, 779, 844, 843, 780, 781, 845, 780, 845, 844, 781, 782, 846, 781, 846, 845, 782, 783, 847, 782, 847, 846, 783, 784, 848, 783, 848, 847, 784, 785, 849, 784, 849, 848, 785, 786, 850, 785, 850, 849, 786, 787, 851, 786, 851, 850, 787, 788, 852, 787, 852, 851, 788, 789, 853, 788, 853, 852, 789, 790, 854, 789, 854, 853, 790, 791, 855, 790, 855, 854, 791, 792, 856, 791, 856, 855, 792, 793, 857, 792, 857, 856, 793, 794, 858, 793, 858, 857, 794, 795, 859, 794, 859, 858, 795, 796, 860, 795, 860, 859, 796, 797, 861, 796, 861, 860, 797, 798, 862, 797, 862, 861, 798, 799, 863, 798, 863, 862, 799, 800, 864, 799, 864, 863, 800, 801, 865, 800, 865, 864, 801, 802, 866, 801, 866, 865, 802, 803, 867, 802, 867, 866, 803, 804, 868, 803, 868, 867, 804, 805, 869, 804, 869, 868, 805, 806, 870, 805, 870, 869, 806, 807, 871, 806, 871, 870, 807, 808, 872, 807, 872, 871, 808, 809, 873, 808, 873, 872, 809, 810, 874, 809, 874, 873, 810, 811, 875, 810, 875, 874, 811, 812, 876, 811, 876, 875, 812, 813, 877, 812, 877, 876, 813, 814, 878, 813, 878, 877, 814, 815, 879, 814, 879, 878, 815, 816, 880, 815, 880, 879, 816, 817, 881, 816, 881, 880, 817, 818, 882, 817, 882, 881, 818, 819, 883, 818, 883, 882, 819, 820, 884, 819, 884, 883, 820, 821, 885, 820, 885, 884, 821, 822, 886, 821, 886, 885, 822, 823, 887, 822, 887, 886, 823, 824, 888, 823, 888, 887, 824, 825, 889, 824, 889, 888, 825, 826, 890, 825, 890, 889, 826, 827, 891, 826, 891, 890, 827, 828, 892, 827, 892, 891, 828, 829, 893, 828, 893, 892, 829, 830, 894, 829, 894, 893, 830, 831, 895, 830, 895, 894, 831, 768, 832, 831, 832, 895, 832, 833, 897, 832, 897, 896, 833, 834, 898, 833, 898, 897, 834, 835, 899, 834, 899, 898, 835, 836, 900, 835, 900, 899, 836, 837, 901, 836, 901, 900, 837, 838, 902, 837, 902, 901, 838, 839, 903, 838, 903, 902, 839, 840, 904, 839, 904, 903, 840, 841, 905, 840, 905, 904, 841, 842, 906, 841, 906, 905, 842, 843, 907, 842, 907, 906, 843, 844, 908, 843, 908, 907, 844, 845, 909, 844, 909, 908, 845, 846, 910, 845, 910, 909, 846, 847, 911, 846, 911, 910, 847, 848, 912, 847, 912, 911, 848, 849, 913, 848, 913, 912, 849, 850, 914, 849, 914, 913, 850, 851, 915, 850, 915, 914, 851, 852, 916, 851, 916, 915, 852, 853, 917, 852, 917, 916, 853, 854, 918, 853, 918, 917, 854, 855, 919, 854, 919, 918, 855, 856, 920, 855, 920, 919, 856, 857, 921, 856, 921, 920, 857, 858, 922, 857, 922, 921, 858, 859, 923, 858, 923, 922, 859, 860, 924, 859, 924, 923, 860, 861, 925, 860, 925, 924, 861, 862, 926, 861, 926, 925, 862, 863, 927, 862, 927, 926, 863, 864, 928, 863, 928, 927, 864, 865, 929, 864, 929, 928, 865, 866, 930, 865, 930, 929, 866, 867, 931, 866, 931, 930, 867, 868, 932, 867, 932, 931, 868, 869, 933, 868, 933, 932, 869, 870, 934, 869, 934, 933, 870, 871, 935, 870, 935, 934, 871, 872, 936, 871, 936, 935, 872, 873, 937, 872, 937, 936, 873, 874, 938, 873, 938, 937, 874, 875, 939, 874, 939, 938, 875, 876, 940, 875, 940, 939, 876, 877, 941, 876, 941, 940, 877, 878, 942, 877, 942, 941, 878, 879, 943, 878, 943, 942, 879, 880, 944, 879, 944, 943, 880, 881, 945, 880, 945, 944, 881, 882, 946, 881, 946, 945, 882, 883, 947, 882, 947, 946, 883, 884, 948, 883, 948, 947, 884, 885, 949, 884, 949, 948, 885, 886, 950, 885, 950, 949, 886, 887, 951, 886, 951, 950, 887, 888, 952, 887, 952, 951, 888, 889, 953, 888, 953, 952, 889, 890, 954, 889, 954, 953, 890, 891, 955, 890, 955, 954, 891, 892, 956, 891, 956, 955, 892, 893, 957, 892, 957, 956, 893, 894, 958, 893, 958, 957, 894, 895, 959, 894, 959, 958, 895, 832, 896, 895, 896, 959, 896, 897, 961, 896, 961, 960, 897, 898, 962, 897, 962, 961, 898, 899, 963, 898, 963, 962, 899, 900, 964, 899, 964, 963, 900, 901, 965, 900, 965, 964, 901, 902, 966, 901, 966, 965, 902, 903, 967, 902, 967, 966, 903, 904, 968, 903, 968, 967, 904, 905, 969, 904, 969, 968, 905, 906, 970, 905, 970, 969, 906, 907, 971, 906, 971, 970, 907, 908, 972, 907, 972, 971, 908, 909, 973, 908, 973, 972, 909, 910, 974, 909, 974, 973, 910, 911, 975, 910, 975, 974, 911, 912, 976, 911, 976, 975, 912, 913, 977, 912, 977, 976, 913, 914, 978, 913, 978, 977, 914, 915, 979, 914, 979, 978, 915, 916, 980, 915, 980, 979, 916, 917, 981, 916, 981, 980, 917, 918, 982, 917, 982, 981, 918, 919, 983, 918, 983, 982, 919, 920, 984, 919, 984, 983, 920, 921, 985, 920, 985, 984, 921, 922, 986, 921, 986, 985, 922, 923, 987, 922, 987, 986, 923, 924, 988, 923, 988, 987, 924, 925, 989, 924, 989, 988, 925, 926, 990, 925, 990, 989, 926, 927, 991, 926, 991, 990, 927, 928, 992, 927, 992, 991, 928, 929, 993, 928, 993, 992, 929, 930, 994, 929, 994, 993, 930, 931, 995, 930, 995, 994, 931, 932, 996, 931, 996, 995, 932, 933, 997, 932, 997, 996, 933, 934, 998, 933, 998, 997, 934, 935, 999, 934, 999, 998, 935, 936, 1000, 935, 1000, 999, 936, 937, 1001, 936, 1001, 1000, 937, 938, 1002, 937, 1002, 1001, 938, 939, 1003, 938, 1003, 1002, 939, 940, 1004, 939, 1004, 1003, 940, 941, 1005, 940, 1005, 1004, 941, 942, 1006, 941, 1006, 1005, 942, 943, 1007, 942, 1007, 1006, 943, 944, 1008, 943, 1008, 1007, 944, 945, 1009, 944, 1009, 1008, 945, 946, 1010, 945, 1010, 1009, 946, 947, 1011, 946, 1011, 1010, 947, 948, 1012, 947, 1012, 1011, 948, 949, 1013, 948, 1013, 1012, 949, 950, 1014, 949, 1014, 1013, 950, 951, 1015, 950, 1015, 1014, 951, 952, 1016, 951, 1016, 1015, 952, 953, 1017, 952, 1017, 1016, 953, 954, 1018, 953, 1018, 1017, 954, 955, 1019, 954, 1019, 1018, 955, 956, 1020, 955, 1020, 1019, 956, 957, 1021, 956, 1021, 1020, 957, 958, 1022, 957, 1022, 1021, 958, 959, 1023, 958, 1023, 1022, 959, 896, 960, 959, 960, 1023, 960, 961, 1025, 960, 1025, 1024, 961, 962, 1026, 961, 1026, 1025, 962, 963, 1027, 962, 1027, 1026, 963, 964, 1028, 963, 1028, 1027, 964, 965, 1029, 964, 1029, 1028, 965, 966, 1030, 965, 1030, 1029, 966, 967, 1031, 966, 1031, 1030, 967, 968, 1032, 967, 1032, 1031, 968, 969, 1033, 968, 1033, 1032, 969, 970, 1034, 969, 1034, 1033, 970, 971, 1035, 970, 1035, 1034, 971, 972, 1036, 971, 1036, 1035, 972, 973, 1037, 972, 1037, 1036, 973, 974, 1038, 973, 1038, 1037, 974, 975, 1039, 974, 1039, 1038, 975, 976, 1040, 975, 1040, 1039, 976, 977, 1041, 976, 1041, 1040, 977, 978, 1042, 977, 1042, 1041, 978, 979, 1043, 978, 1043, 1042, 979, 980, 1044, 979, 1044, 1043, 980, 981, 1045, 980, 1045, 1044, 981, 982, 1046, 981, 1046, 1045, 982, 983, 1047, 982, 1047, 1046, 983, 984, 1048, 983, 1048, 1047, 984, 985, 1049, 984, 1049, 1048, 985, 986, 1050, 985, 1050, 1049, 986, 987, 1051, 986, 1051, 1050, 987, 988, 1052, 987, 1052, 1051, 988, 989, 1053, 988, 1053, 1052, 989, 990, 1054, 989, 1054, 1053, 990, 991, 1055, 990, 1055, 1054, 991, 992, 1056, 991, 1056, 1055, 992, 993, 1057, 992, 1057, 1056, 993, 994, 1058, 993, 1058, 1057, 994, 995, 1059, 994, 1059, 1058, 995, 996, 1060, 995, 1060, 1059, 996, 997, 1061, 996, 1061, 1060, 997, 998, 1062, 997, 1062, 1061, 998, 999, 1063, 998, 1063, 1062, 999, 1000, 1064, 999, 1064, 1063, 1000, 1001, 1065, 1000, 1065, 1064, 1001, 1002, 1066, 1001, 1066, 1065, 1002, 1003, 1067, 1002, 1067, 1066, 1003, 1004, 1068, 1003, 1068, 1067, 1004, 1005, 1069, 1004, 1069, 1068, 1005, 1006, 1070, 1005, 1070, 1069, 1006, 1007, 1071, 1006, 1071, 1070, 1007, 1008, 1072, 1007, 1072, 1071, 1008, 1009, 1073, 1008, 1073, 1072, 1009, 1010, 1074, 1009, 1074, 1073, 1010, 1011, 1075, 1010, 1075, 1074, 1011, 1012, 1076, 1011, 1076, 1075, 1012, 1013, 1077, 1012, 1077, 1076, 1013, 1014, 1078, 1013, 1078, 1077, 1014, 1015, 1079, 1014, 1079, 1078, 1015, 1016, 1080, 1015, 1080, 1079, 1016, 1017, 1081, 1016, 1081, 1080, 1017, 1018, 1082, 1017, 1082, 1081, 1018, 1019, 1083, 1018, 1083, 1082, 1019, 1020, 1084, 1019, 1084, 1083, 1020, 1021, 1085, 1020, 1085, 1084, 1021, 1022, 1086, 1021, 1086, 1085, 1022, 1023, 1087, 1022, 1087, 1086, 1023, 960, 1024, 1023, 1024, 1087, 1024, 1025, 1089, 1024, 1089, 1088, 1025, 1026, 1090, 1025, 1090, 1089, 1026, 1027, 1091, 1026, 1091, 1090, 1027, 1028, 1092, 1027, 1092, 1091, 1028, 1029, 1093, 1028, 1093, 1092, 1029, 1030, 1094, 1029, 1094, 1093, 1030, 1031, 1095, 1030, 1095, 1094, 1031, 1032, 1096, 1031, 1096, 1095, 1032, 1033, 1097, 1032, 1097, 1096, 1033, 1034, 1098, 1033, 1098, 1097, 1034, 1035, 1099, 1034, 1099, 1098, 1035, 1036, 1100, 1035, 1100, 1099, 1036, 1037, 1101, 1036, 1101, 1100, 1037, 1038, 1102, 1037, 1102, 1101, 1038, 1039, 1103, 1038, 1103, 1102, 1039, 1040, 1104, 1039, 1104, 1103, 1040, 1041, 1105, 1040, 1105, 1104, 1041, 1042, 1106, 1041, 1106, 1105, 1042, 1043, 1107, 1042, 1107, 1106, 1043, 1044, 1108, 1043, 1108, 1107, 1044, 1045, 1109, 1044, 1109, 1108, 1045, 1046, 1110, 1045, 1110, 1109, 1046, 1047, 1111, 1046, 1111, 1110, 1047, 1048, 1112, 1047, 1112, 1111, 1048, 1049, 1113, 1048, 1113, 1112, 1049, 1050, 1114, 1049, 1114, 1113, 1050, 1051, 1115, 1050, 1115, 1114, 1051, 1052, 1116, 1051, 1116, 1115, 1052, 1053, 1117, 1052, 1117, 1116, 1053, 1054, 1118, 1053, 1118, 1117, 1054, 1055, 1119, 1054, 1119, 1118, 1055, 1056, 1120, 1055, 1120, 1119, 1056, 1057, 1121, 1056, 1121, 1120, 1057, 1058, 1122, 1057, 1122, 1121, 1058, 1059, 1123, 1058, 1123, 1122, 1059, 1060, 1124, 1059, 1124, 1123, 1060, 1061, 1125, 1060, 1125, 1124, 1061, 1062, 1126, 1061, 1126, 1125, 1062, 1063, 1127, 1062, 1127, 1126, 1063, 1064, 1128, 1063, 1128, 1127, 1064, 1065, 1129, 1064, 1129, 1128, 1065, 1066, 1130, 1065, 1130, 1129, 1066, 1067, 1131, 1066, 1131, 1130, 1067, 1068, 1132, 1067, 1132, 1131, 1068, 1069, 1133, 1068, 1133, 1132, 1069, 1070, 1134, 1069, 1134, 1133, 1070, 1071, 1135, 1070, 1135, 1134, 1071, 1072, 1136, 1071, 1136, 1135, 1072, 1073, 1137, 1072, 1137, 1136, 1073, 1074, 1138, 1073, 1138, 1137, 1074, 1075, 1139, 1074, 1139, 1138, 1075, 1076, 1140, 1075, 1140, 1139, 1076, 1077, 1141, 1076, 1141, 1140, 1077, 1078, 1142, 1077, 1142, 1141, 1078, 1079, 1143, 1078, 1143, 1142, 1079, 1080, 1144, 1079, 1144, 1143, 1080, 1081, 1145, 1080, 1145, 1144, 1081, 1082, 1146, 1081, 1146, 1145, 1082, 1083, 1147, 1082, 1147, 1146, 1083, 1084, 1148, 1083, 1148, 1147, 1084, 1085, 1149, 1084, 1149, 1148, 1085, 1086, 1150, 1085, 1150, 1149, 1086, 1087, 1151, 1086, 1151, 1150, 1087, 1024, 1088, 1087, 1088, 1151, 1088, 1089, 1153, 1088, 1153, 1152, 1089, 1090, 1154, 1089, 1154, 1153, 1090, 1091, 1155, 1090, 1155, 1154, 1091, 1092, 1156, 1091, 1156, 1155, 1092, 1093, 1157, 1092, 1157, 1156, 1093, 1094, 1158, 1093, 1158, 1157, 1094, 1095, 1159, 1094, 1159, 1158, 1095, 1096, 1160, 1095, 1160, 1159, 1096, 1097, 1161, 1096, 1161, 1160, 1097, 1098, 1162, 1097, 1162, 1161, 1098, 1099, 1163, 1098, 1163, 1162, 1099, 1100, 1164, 1099, 1164, 1163, 1100, 1101, 1165, 1100, 1165, 1164, 1101, 1102, 1166, 1101, 1166, 1165, 1102, 1103, 1167, 1102, 1167, 1166, 1103, 1104, 1168, 1103, 1168, 1167, 1104, 1105, 1169, 1104, 1169, 1168, 1105, 1106, 1170, 1105, 1170, 1169, 1106, 1107, 1171, 1106, 1171, 1170, 1107, 1108, 1172, 1107, 1172, 1171, 1108, 1109, 1173, 1108, 1173, 1172, 1109, 1110, 1174, 1109, 1174, 1173, 1110, 1111, 1175, 1110, 1175, 1174, 1111, 1112, 1176, 1111, 1176, 1175, 1112, 1113, 1177, 1112, 1177, 1176, 1113, 1114, 1178, 1113, 1178, 1177, 1114, 1115, 1179, 1114, 1179, 1178, 1115, 1116, 1180, 1115, 1180, 1179, 1116, 1117, 1181, 1116, 1181, 1180, 1117, 1118, 1182, 1117, 1182, 1181, 1118, 1119, 1183, 1118, 1183, 1182, 1119, 1120, 1184, 1119, 1184, 1183, 1120, 1121, 1185, 1120, 1185, 1184, 1121, 1122, 1186, 1121, 1186, 1185, 1122, 1123, 1187, 1122, 1187, 1186, 1123, 1124, 1188, 1123, 1188, 1187, 1124, 1125, 1189, 1124, 1189, 1188, 1125, 1126, 1190, 1125, 1190, 1189, 1126, 1127, 1191, 1126, 1191, 1190, 1127, 1128, 1192, 1127, 1192, 1191, 1128, 1129, 1193, 1128, 1193, 1192, 1129, 1130, 1194, 1129, 1194, 1193, 1130, 1131, 1195, 1130, 1195, 1194, 1131, 1132, 1196, 1131, 1196, 1195, 1132, 1133, 1197, 1132, 1197, 1196, 1133, 1134, 1198, 1133, 1198, 1197, 1134, 1135, 1199, 1134, 1199, 1198, 1135, 1136, 1200, 1135, 1200, 1199, 1136, 1137, 1201, 1136, 1201, 1200, 1137, 1138, 1202, 1137, 1202, 1201, 1138, 1139, 1203, 1138, 1203, 1202, 1139, 1140, 1204, 1139, 1204, 1203, 1140, 1141, 1205, 1140, 1205, 1204, 1141, 1142, 1206, 1141, 1206, 1205, 1142, 1143, 1207, 1142, 1207, 1206, 1143, 1144, 1208, 1143, 1208, 1207, 1144, 1145, 1209, 1144, 1209, 1208, 1145, 1146, 1210, 1145, 1210, 1209, 1146, 1147, 1211, 1146, 1211, 1210, 1147, 1148, 1212, 1147, 1212, 1211, 1148, 1149, 1213, 1148, 1213, 1212, 1149, 1150, 1214, 1149, 1214, 1213, 1150, 1151, 1215, 1150, 1215, 1214, 1151, 1088, 1152, 1151, 1152, 1215, 1152, 1153, 1217, 1152, 1217, 1216, 1153, 1154, 1218, 1153, 1218, 1217, 1154, 1155, 1219, 1154, 1219, 1218, 1155, 1156, 1220, 1155, 1220, 1219, 1156, 1157, 1221, 1156, 1221, 1220, 1157, 1158, 1222, 1157, 1222, 1221, 1158, 1159, 1223, 1158, 1223, 1222, 1159, 1160, 1224, 1159, 1224, 1223, 1160, 1161, 1225, 1160, 1225, 1224, 1161, 1162, 1226, 1161, 1226, 1225, 1162, 1163, 1227, 1162, 1227, 1226, 1163, 1164, 1228, 1163, 1228, 1227, 1164, 1165, 1229, 1164, 1229, 1228, 1165, 1166, 1230, 1165, 1230, 1229, 1166, 1167, 1231, 1166, 1231, 1230, 1167, 1168, 1232, 1167, 1232, 1231, 1168, 1169, 1233, 1168, 1233, 1232, 1169, 1170, 1234, 1169, 1234, 1233, 1170, 1171, 1235, 1170, 1235, 1234, 1171, 1172, 1236, 1171, 1236, 1235, 1172, 1173, 1237, 1172, 1237, 1236, 1173, 1174, 1238, 1173, 1238, 1237, 1174, 1175, 1239, 1174, 1239, 1238, 1175, 1176, 1240, 1175, 1240, 1239, 1176, 1177, 1241, 1176, 1241, 1240, 1177, 1178, 1242, 1177, 1242, 1241, 1178, 1179, 1243, 1178, 1243, 1242, 1179, 1180, 1244, 1179, 1244, 1243, 1180, 1181, 1245, 1180, 1245, 1244, 1181, 1182, 1246, 1181, 1246, 1245, 1182, 1183, 1247, 1182, 1247, 1246, 1183, 1184, 1248, 1183, 1248, 1247, 1184, 1185, 1249, 1184, 1249, 1248, 1185, 1186, 1250, 1185, 1250, 1249, 1186, 1187, 1251, 1186, 1251, 1250, 1187, 1188, 1252, 1187, 1252, 1251, 1188, 1189, 1253, 1188, 1253, 1252, 1189, 1190, 1254, 1189, 1254, 1253, 1190, 1191, 1255, 1190, 1255, 1254, 1191, 1192, 1256, 1191, 1256, 1255, 1192, 1193, 1257, 1192, 1257, 1256, 1193, 1194, 1258, 1193, 1258, 1257, 1194, 1195, 1259, 1194, 1259, 1258, 1195, 1196, 1260, 1195, 1260, 1259, 1196, 1197, 1261, 1196, 1261, 1260, 1197, 1198, 1262, 1197, 1262, 1261, 1198, 1199, 1263, 1198, 1263, 1262, 1199, 1200, 1264, 1199, 1264, 1263, 1200, 1201, 1265, 1200, 1265, 1264, 1201, 1202, 1266, 1201, 1266, 1265, 1202, 1203, 1267, 1202, 1267, 1266, 1203, 1204, 1268, 1203, 1268, 1267, 1204, 1205, 1269, 1204, 1269, 1268, 1205, 1206, 1270, 1205, 1270, 1269, 1206, 1207, 1271, 1206, 1271, 1270, 1207, 1208, 1272, 1207, 1272, 1271, 1208, 1209, 1273, 1208, 1273, 1272, 1209, 1210, 1274, 1209, 1274, 1273, 1210, 1211, 1275, 1210, 1275, 1274, 1211, 1212, 1276, 1211, 1276, 1275, 1212, 1213, 1277, 1212, 1277, 1276, 1213, 1214, 1278, 1213, 1278, 1277, 1214, 1215, 1279, 1214, 1279, 1278, 1215, 1152, 1216, 1215, 1216, 1279, 1216, 1217, 1281, 1216, 1281, 1280, 1217, 1218, 1282, 1217, 1282, 1281, 1218, 1219, 1283, 1218, 1283, 1282, 1219, 1220, 1284, 1219, 1284, 1283, 1220, 1221, 1285, 1220, 1285, 1284, 1221, 1222, 1286, 1221, 1286, 1285, 1222, 1223, 1287, 1222, 1287, 1286, 1223, 1224, 1288, 1223, 1288, 1287, 1224, 1225, 1289, 1224, 1289, 1288, 1225, 1226, 1290, 1225, 1290, 1289, 1226, 1227, 1291, 1226, 1291, 1290, 1227, 1228, 1292, 1227, 1292, 1291, 1228, 1229, 1293, 1228, 1293, 1292, 1229, 1230, 1294, 1229, 1294, 1293, 1230, 1231, 1295, 1230, 1295, 1294, 1231, 1232, 1296, 1231, 1296, 1295, 1232, 1233, 1297, 1232, 1297, 1296, 1233, 1234, 1298, 1233, 1298, 1297, 1234, 1235, 1299, 1234, 1299, 1298, 1235, 1236, 1300, 1235, 1300, 1299, 1236, 1237, 1301, 1236, 1301, 1300, 1237, 1238, 1302, 1237, 1302, 1301, 1238, 1239, 1303, 1238, 1303, 1302, 1239, 1240, 1304, 1239, 1304, 1303, 1240, 1241, 1305, 1240, 1305, 1304, 1241, 1242, 1306, 1241, 1306, 1305, 1242, 1243, 1307, 1242, 1307, 1306, 1243, 1244, 1308, 1243, 1308, 1307, 1244, 1245, 1309, 1244, 1309, 1308, 1245, 1246, 1310, 1245, 1310, 1309, 1246, 1247, 1311, 1246, 1311, 1310, 1247, 1248, 1312, 1247, 1312, 1311, 1248, 1249, 1313, 1248, 1313, 1312, 1249, 1250, 1314, 1249, 1314, 1313, 1250, 1251, 1315, 1250, 1315, 1314, 1251, 1252, 1316, 1251, 1316, 1315, 1252, 1253, 1317, 1252, 1317, 1316, 1253, 1254, 1318, 1253, 1318, 1317, 1254, 1255, 1319, 1254, 1319, 1318, 1255, 1256, 1320, 1255, 1320, 1319, 1256, 1257, 1321, 1256, 1321, 1320, 1257, 1258, 1322, 1257, 1322, 1321, 1258, 1259, 1323, 1258, 1323, 1322, 1259, 1260, 1324, 1259, 1324, 1323, 1260, 1261, 1325, 1260, 1325, 1324, 1261, 1262, 1326, 1261, 1326, 1325, 1262, 1263, 1327, 1262, 1327, 1326, 1263, 1264, 1328, 1263, 1328, 1327, 1264, 1265, 1329, 1264, 1329, 1328, 1265, 1266, 1330, 1265, 1330, 1329, 1266, 1267, 1331, 1266, 1331, 1330, 1267, 1268, 1332, 1267, 1332, 1331, 1268, 1269, 1333, 1268, 1333, 1332, 1269, 1270, 1334, 1269, 1334, 1333, 1270, 1271, 1335, 1270, 1335, 1334, 1271, 1272, 1336, 1271, 1336, 1335, 1272, 1273, 1337, 1272, 1337, 1336, 1273, 1274, 1338, 1273, 1338, 1337, 1274, 1275, 1339, 1274, 1339, 1338, 1275, 1276, 1340, 1275, 1340, 1339, 1276, 1277, 1341, 1276, 1341, 1340, 1277, 1278, 1342, 1277, 1342, 1341, 1278, 1279, 1343, 1278, 1343, 1342, 1279, 1216, 1280, 1279, 1280, 1343, 1280, 1281, 1345, 1280, 1345, 1344, 1281, 1282, 1346, 1281, 1346, 1345, 1282, 1283, 1347, 1282, 1347, 1346, 1283, 1284, 1348, 1283, 1348, 1347, 1284, 1285, 1349, 1284, 1349, 1348, 1285, 1286, 1350, 1285, 1350, 1349, 1286, 1287, 1351, 1286, 1351, 1350, 1287, 1288, 1352, 1287, 1352, 1351, 1288, 1289, 1353, 1288, 1353, 1352, 1289, 1290, 1354, 1289, 1354, 1353, 1290, 1291, 1355, 1290, 1355, 1354, 1291, 1292, 1356, 1291, 1356, 1355, 1292, 1293, 1357, 1292, 1357, 1356, 1293, 1294, 1358, 1293, 1358, 1357, 1294, 1295, 1359, 1294, 1359, 1358, 1295, 1296, 1360, 1295, 1360, 1359, 1296, 1297, 1361, 1296, 1361, 1360, 1297, 1298, 1362, 1297, 1362, 1361, 1298, 1299, 1363, 1298, 1363, 1362, 1299, 1300, 1364, 1299, 1364, 1363, 1300, 1301, 1365, 1300, 1365, 1364, 1301, 1302, 1366, 1301, 1366, 1365, 1302, 1303, 1367, 1302, 1367, 1366, 1303, 1304, 1368, 1303, 1368, 1367, 1304, 1305, 1369, 1304, 1369, 1368, 1305, 1306, 1370, 1305, 1370, 1369, 1306, 1307, 1371, 1306, 1371, 1370, 1307, 1308, 1372, 1307, 1372, 1371, 1308, 1309, 1373, 1308, 1373, 1372, 1309, 1310, 1374, 1309, 1374, 1373, 1310, 1311, 1375, 1310, 1375, 1374, 1311, 1312, 1376, 1311, 1376, 1375, 1312, 1313, 1377, 1312, 1377, 1376, 1313, 1314, 1378, 1313, 1378, 1377, 1314, 1315, 1379, 1314, 1379, 1378, 1315, 1316, 1380, 1315, 1380, 1379, 1316, 1317, 1381, 1316, 1381, 1380, 1317, 1318, 1382, 1317, 1382, 1381, 1318, 1319, 1383, 1318, 1383, 1382, 1319, 1320, 1384, 1319, 1384, 1383, 1320, 1321, 1385, 1320, 1385, 1384, 1321, 1322, 1386, 1321, 1386, 1385, 1322, 1323, 1387, 1322, 1387, 1386, 1323, 1324, 1388, 1323, 1388, 1387, 1324, 1325, 1389, 1324, 1389, 1388, 1325, 1326, 1390, 1325, 1390, 1389, 1326, 1327, 1391, 1326, 1391, 1390, 1327, 1328, 1392, 1327, 1392, 1391, 1328, 1329, 1393, 1328, 1393, 1392, 1329, 1330, 1394, 1329, 1394, 1393, 1330, 1331, 1395, 1330, 1395, 1394, 1331, 1332, 1396, 1331, 1396, 1395, 1332, 1333, 1397, 1332, 1397, 1396, 1333, 1334, 1398, 1333, 1398, 1397, 1334, 1335, 1399, 1334, 1399, 1398, 1335, 1336, 1400, 1335, 1400, 1399, 1336, 1337, 1401, 1336, 1401, 1400, 1337, 1338, 1402, 1337, 1402, 1401, 1338, 1339, 1403, 1338, 1403, 1402, 1339, 1340, 1404, 1339, 1404, 1403, 1340, 1341, 1405, 1340, 1405, 1404, 1341, 1342, 1406, 1341, 1406, 1405, 1342, 1343, 1407, 1342, 1407, 1406, 1343, 1280, 1344, 1343, 1344, 1407, 1344, 1345, 1409, 1344, 1409, 1408, 1345, 1346, 1410, 1345, 1410, 1409, 1346, 1347, 1411, 1346, 1411, 1410, 1347, 1348, 1412, 1347, 1412, 1411, 1348, 1349, 1413, 1348, 1413, 1412, 1349, 1350, 1414, 1349, 1414, 1413, 1350, 1351, 1415, 1350, 1415, 1414, 1351, 1352, 1416, 1351, 1416, 1415, 1352, 1353, 1417, 1352, 1417, 1416, 1353, 1354, 1418, 1353, 1418, 1417, 1354, 1355, 1419, 1354, 1419, 1418, 1355, 1356, 1420, 1355, 1420, 1419, 1356, 1357, 1421, 1356, 1421, 1420, 1357, 1358, 1422, 1357, 1422, 1421, 1358, 1359, 1423, 1358, 1423, 1422, 1359, 1360, 1424, 1359, 1424, 1423, 1360, 1361, 1425, 1360, 1425, 1424, 1361, 1362, 1426, 1361, 1426, 1425, 1362, 1363, 1427, 1362, 1427, 1426, 1363, 1364, 1428, 1363, 1428, 1427, 1364, 1365, 1429, 1364, 1429, 1428, 1365, 1366, 1430, 1365, 1430, 1429, 1366, 1367, 1431, 1366, 1431, 1430, 1367, 1368, 1432, 1367, 1432, 1431, 1368, 1369, 1433, 1368, 1433, 1432, 1369, 1370, 1434, 1369, 1434, 1433, 1370, 1371, 1435, 1370, 1435, 1434, 1371, 1372, 1436, 1371, 1436, 1435, 1372, 1373, 1437, 1372, 1437, 1436, 1373, 1374, 1438, 1373, 1438, 1437, 1374, 1375, 1439, 1374, 1439, 1438, 1375, 1376, 1440, 1375, 1440, 1439, 1376, 1377, 1441, 1376, 1441, 1440, 1377, 1378, 1442, 1377, 1442, 1441, 1378, 1379, 1443, 1378, 1443, 1442, 1379, 1380, 1444, 1379, 1444, 1443, 1380, 1381, 1445, 1380, 1445, 1444, 1381, 1382, 1446, 1381, 1446, 1445, 1382, 1383, 1447, 1382, 1447, 1446, 1383, 1384, 1448, 1383, 1448, 1447, 1384, 1385, 1449, 1384, 1449, 1448, 1385, 1386, 1450, 1385, 1450, 1449, 1386, 1387, 1451, 1386, 1451, 1450, 1387, 1388, 1452, 1387, 1452, 1451, 1388, 1389, 1453, 1388, 1453, 1452, 1389, 1390, 1454, 1389, 1454, 1453, 1390, 1391, 1455, 1390, 1455, 1454, 1391, 1392, 1456, 1391, 1456, 1455, 1392, 1393, 1457, 1392, 1457, 1456, 1393, 1394, 1458, 1393, 1458, 1457, 1394, 1395, 1459, 1394, 1459, 1458, 1395, 1396, 1460, 1395, 1460, 1459, 1396, 1397, 1461, 1396, 1461, 1460, 1397, 1398, 1462, 1397, 1462, 1461, 1398, 1399, 1463, 1398, 1463, 1462, 1399, 1400, 1464, 1399, 1464, 1463, 1400, 1401, 1465, 1400, 1465, 1464, 1401, 1402, 1466, 1401, 1466, 1465, 1402, 1403, 1467, 1402, 1467, 1466, 1403, 1404, 1468, 1403, 1468, 1467, 1404, 1405, 1469, 1404, 1469, 1468, 1405, 1406, 1470, 1405, 1470, 1469, 1406, 1407, 1471, 1406, 1471, 1470, 1407, 1344, 1408, 1407, 1408, 1471, 1408, 1409, 1473, 1408, 1473, 1472, 1409, 1410, 1474, 1409, 1474, 1473, 1410, 1411, 1475, 1410, 1475, 1474, 1411, 1412, 1476, 1411, 1476, 1475, 1412, 1413, 1477, 1412, 1477, 1476, 1413, 1414, 1478, 1413, 1478, 1477, 1414, 1415, 1479, 1414, 1479, 1478, 1415, 1416, 1480, 1415, 1480, 1479, 1416, 1417, 1481, 1416, 1481, 1480, 1417, 1418, 1482, 1417, 1482, 1481, 1418, 1419, 1483, 1418, 1483, 1482, 1419, 1420, 1484, 1419, 1484, 1483, 1420, 1421, 1485, 1420, 1485, 1484, 1421, 1422, 1486, 1421, 1486, 1485, 1422, 1423, 1487, 1422, 1487, 1486, 1423, 1424, 1488, 1423, 1488, 1487, 1424, 1425, 1489, 1424, 1489, 1488, 1425, 1426, 1490, 1425, 1490, 1489, 1426, 1427, 1491, 1426, 1491, 1490, 1427, 1428, 1492, 1427, 1492, 1491, 1428, 1429, 1493, 1428, 1493, 1492, 1429, 1430, 1494, 1429, 1494, 1493, 1430, 1431, 1495, 1430, 1495, 1494, 1431, 1432, 1496, 1431, 1496, 1495, 1432, 1433, 1497, 1432, 1497, 1496, 1433, 1434, 1498, 1433, 1498, 1497, 1434, 1435, 1499, 1434, 1499, 1498, 1435, 1436, 1500, 1435, 1500, 1499, 1436, 1437, 1501, 1436, 1501, 1500, 1437, 1438, 1502, 1437, 1502, 1501, 1438, 1439, 1503, 1438, 1503, 1502, 1439, 1440, 1504, 1439, 1504, 1503, 1440, 1441, 1505, 1440, 1505, 1504, 1441, 1442, 1506, 1441, 1506, 1505, 1442, 1443, 1507, 1442, 1507, 1506, 1443, 1444, 1508, 1443, 1508, 1507, 1444, 1445, 1509, 1444, 1509, 1508, 1445, 1446, 1510, 1445, 1510, 1509, 1446, 1447, 1511, 1446, 1511, 1510, 1447, 1448, 1512, 1447, 1512, 1511, 1448, 1449, 1513, 1448, 1513, 1512, 1449, 1450, 1514, 1449, 1514, 1513, 1450, 1451, 1515, 1450, 1515, 1514, 1451, 1452, 1516, 1451, 1516, 1515, 1452, 1453, 1517, 1452, 1517, 1516, 1453, 1454, 1518, 1453, 1518, 1517, 1454, 1455, 1519, 1454, 1519, 1518, 1455, 1456, 1520, 1455, 1520, 1519, 1456, 1457, 1521, 1456, 1521, 1520, 1457, 1458, 1522, 1457, 1522, 1521, 1458, 1459, 1523, 1458, 1523, 1522, 1459, 1460, 1524, 1459, 1524, 1523, 1460, 1461, 1525, 1460, 1525, 1524, 1461, 1462, 1526, 1461, 1526, 1525, 1462, 1463, 1527, 1462, 1527, 1526, 1463, 1464, 1528, 1463, 1528, 1527, 1464, 1465, 1529, 1464, 1529, 1528, 1465, 1466, 1530, 1465, 1530, 1529, 1466, 1467, 1531, 1466, 1531, 1530, 1467, 1468, 1532, 1467, 1532, 1531, 1468, 1469, 1533, 1468, 1533, 1532, 1469, 1470, 1534, 1469, 1534, 1533, 1470, 1471, 1535, 1470, 1535, 1534, 1471, 1408, 1472, 1471, 1472, 1535, 1472, 1473, 1537, 1472, 1537, 1536, 1473, 1474, 1538, 1473, 1538, 1537, 1474, 1475, 1539, 1474, 1539, 1538, 1475, 1476, 1540, 1475, 1540, 1539, 1476, 1477, 1541, 1476, 1541, 1540, 1477, 1478, 1542, 1477, 1542, 1541, 1478, 1479, 1543, 1478, 1543, 1542, 1479, 1480, 1544, 1479, 1544, 1543, 1480, 1481, 1545, 1480, 1545, 1544, 1481, 1482, 1546, 1481, 1546, 1545, 1482, 1483, 1547, 1482, 1547, 1546, 1483, 1484, 1548, 1483, 1548, 1547, 1484, 1485, 1549, 1484, 1549, 1548, 1485, 1486, 1550, 1485, 1550, 1549, 1486, 1487, 1551, 1486, 1551, 1550, 1487, 1488, 1552, 1487, 1552, 1551, 1488, 1489, 1553, 1488, 1553, 1552, 1489, 1490, 1554, 1489, 1554, 1553, 1490, 1491, 1555, 1490, 1555, 1554, 1491, 1492, 1556, 1491, 1556, 1555, 1492, 1493, 1557, 1492, 1557, 1556, 1493, 1494, 1558, 1493, 1558, 1557, 1494, 1495, 1559, 1494, 1559, 1558, 1495, 1496, 1560, 1495, 1560, 1559, 1496, 1497, 1561, 1496, 1561, 1560, 1497, 1498, 1562, 1497, 1562, 1561, 1498, 1499, 1563, 1498, 1563, 1562, 1499, 1500, 1564, 1499, 1564, 1563, 1500, 1501, 1565, 1500, 1565, 1564, 1501, 1502, 1566, 1501, 1566, 1565, 1502, 1503, 1567, 1502, 1567, 1566, 1503, 1504, 1568, 1503, 1568, 1567, 1504, 1505, 1569, 1504, 1569, 1568, 1505, 1506, 1570, 1505, 1570, 1569, 1506, 1507, 1571, 1506, 1571, 1570, 1507, 1508, 1572, 1507, 1572, 1571, 1508, 1509, 1573, 1508, 1573, 1572, 1509, 1510, 1574, 1509, 1574, 1573, 1510, 1511, 1575, 1510, 1575, 1574, 1511, 1512, 1576, 1511, 1576, 1575, 1512, 1513, 1577, 1512, 1577, 1576, 1513, 1514, 1578, 1513, 1578, 1577, 1514, 1515, 1579, 1514, 1579, 1578, 1515, 1516, 1580, 1515, 1580, 1579, 1516, 1517, 1581, 1516, 1581, 1580, 1517, 1518, 1582, 1517, 1582, 1581, 1518, 1519, 1583, 1518, 1583, 1582, 1519, 1520, 1584, 1519, 1584, 1583, 1520, 1521, 1585, 1520, 1585, 1584, 1521, 1522, 1586, 1521, 1586, 1585, 1522, 1523, 1587, 1522, 1587, 1586, 1523, 1524, 1588, 1523, 1588, 1587, 1524, 1525, 1589, 1524, 1589, 1588, 1525, 1526, 1590, 1525, 1590, 1589, 1526, 1527, 1591, 1526, 1591, 1590, 1527, 1528, 1592, 1527, 1592, 1591, 1528, 1529, 1593, 1528, 1593, 1592, 1529, 1530, 1594, 1529, 1594, 1593, 1530, 1531, 1595, 1530, 1595, 1594, 1531, 1532, 1596, 1531, 1596, 1595, 1532, 1533, 1597, 1532, 1597, 1596, 1533, 1534, 1598, 1533, 1598, 1597, 1534, 1535, 1599, 1534, 1599, 1598, 1535, 1472, 1536, 1535, 1536, 1599, 1536, 1537, 1601, 1536, 1601, 1600, 1537, 1538, 1602, 1537, 1602, 1601, 1538, 1539, 1603, 1538, 1603, 1602, 1539, 1540, 1604, 1539, 1604, 1603, 1540, 1541, 1605, 1540, 1605, 1604, 1541, 1542, 1606, 1541, 1606, 1605, 1542, 1543, 1607, 1542, 1607, 1606, 1543, 1544, 1608, 1543, 1608, 1607, 1544, 1545, 1609, 1544, 1609, 1608, 1545, 1546, 1610, 1545, 1610, 1609, 1546, 1547, 1611, 1546, 1611, 1610, 1547, 1548, 1612, 1547, 1612, 1611, 1548, 1549, 1613, 1548, 1613, 1612, 1549, 1550, 1614, 1549, 1614, 1613, 1550, 1551, 1615, 1550, 1615, 1614, 1551, 1552, 1616, 1551, 1616, 1615, 1552, 1553, 1617, 1552, 1617, 1616, 1553, 1554, 1618, 1553, 1618, 1617, 1554, 1555, 1619, 1554, 1619, 1618, 1555, 1556, 1620, 1555, 1620, 1619, 1556, 1557, 1621, 1556, 1621, 1620, 1557, 1558, 1622, 1557, 1622, 1621, 1558, 1559, 1623, 1558, 1623, 1622, 1559, 1560, 1624, 1559, 1624, 1623, 1560, 1561, 1625, 1560, 1625, 1624, 1561, 1562, 1626, 1561, 1626, 1625, 1562, 1563, 1627, 1562, 1627, 1626, 1563, 1564, 1628, 1563, 1628, 1627, 1564, 1565, 1629, 1564, 1629, 1628, 1565, 1566, 1630, 1565, 1630, 1629, 1566, 1567, 1631, 1566, 1631, 1630, 1567, 1568, 1632, 1567, 1632, 1631, 1568, 1569, 1633, 1568, 1633, 1632, 1569, 1570, 1634, 1569, 1634, 1633, 1570, 1571, 1635, 1570, 1635, 1634, 1571, 1572, 1636, 1571, 1636, 1635, 1572, 1573, 1637, 1572, 1637, 1636, 1573, 1574, 1638, 1573, 1638, 1637, 1574, 1575, 1639, 1574, 1639, 1638, 1575, 1576, 1640, 1575, 1640, 1639, 1576, 1577, 1641, 1576, 1641, 1640, 1577, 1578, 1642, 1577, 1642, 1641, 1578, 1579, 1643, 1578, 1643, 1642, 1579, 1580, 1644, 1579, 1644, 1643, 1580, 1581, 1645, 1580, 1645, 1644, 1581, 1582, 1646, 1581, 1646, 1645, 1582, 1583, 1647, 1582, 1647, 1646, 1583, 1584, 1648, 1583, 1648, 1647, 1584, 1585, 1649, 1584, 1649, 1648, 1585, 1586, 1650, 1585, 1650, 1649, 1586, 1587, 1651, 1586, 1651, 1650, 1587, 1588, 1652, 1587, 1652, 1651, 1588, 1589, 1653, 1588, 1653, 1652, 1589, 1590, 1654, 1589, 1654, 1653, 1590, 1591, 1655, 1590, 1655, 1654, 1591, 1592, 1656, 1591, 1656, 1655, 1592, 1593, 1657, 1592, 1657, 1656, 1593, 1594, 1658, 1593, 1658, 1657, 1594, 1595, 1659, 1594, 1659, 1658, 1595, 1596, 1660, 1595, 1660, 1659, 1596, 1597, 1661, 1596, 1661, 1660, 1597, 1598, 1662, 1597, 1662, 1661, 1598, 1599, 1663, 1598, 1663, 1662, 1599, 1536, 1600, 1599, 1600, 1663, 1600, 1601, 1665, 1600, 1665, 1664, 1601, 1602, 1666, 1601, 1666, 1665, 1602, 1603, 1667, 1602, 1667, 1666, 1603, 1604, 1668, 1603, 1668, 1667, 1604, 1605, 1669, 1604, 1669, 1668, 1605, 1606, 1670, 1605, 1670, 1669, 1606, 1607, 1671, 1606, 1671, 1670, 1607, 1608, 1672, 1607, 1672, 1671, 1608, 1609, 1673, 1608, 1673, 1672, 1609, 1610, 1674, 1609, 1674, 1673, 1610, 1611, 1675, 1610, 1675, 1674, 1611, 1612, 1676, 1611, 1676, 1675, 1612, 1613, 1677, 1612, 1677, 1676, 1613, 1614, 1678, 1613, 1678, 1677, 1614, 1615, 1679, 1614, 1679, 1678, 1615, 1616, 1680, 1615, 1680, 1679, 1616, 1617, 1681, 1616, 1681, 1680, 1617, 1618, 1682, 1617, 1682, 1681, 1618, 1619, 1683, 1618, 1683, 1682, 1619, 1620, 1684, 1619, 1684, 1683, 1620, 1621, 1685, 1620, 1685, 1684, 1621, 1622, 1686, 1621, 1686, 1685, 1622, 1623, 1687, 1622, 1687, 1686, 1623, 1624, 1688, 1623, 1688, 1687, 1624, 1625, 1689, 1624, 1689, 1688, 1625, 1626, 1690, 1625, 1690, 1689, 1626, 1627, 1691, 1626, 1691, 1690, 1627, 1628, 1692, 1627, 1692, 1691, 1628, 1629, 1693, 1628, 1693, 1692, 1629, 1630, 1694, 1629, 1694, 1693, 1630, 1631, 1695, 1630, 1695, 1694, 1631, 1632, 1696, 1631, 1696, 1695, 1632, 1633, 1697, 1632, 1697, 1696, 1633, 1634, 1698, 1633, 1698, 1697, 1634, 1635, 1699, 1634, 1699, 1698, 1635, 1636, 1700, 1635, 1700, 1699, 1636, 1637, 1701, 1636, 1701, 1700, 1637, 1638, 1702, 1637, 1702, 1701, 1638, 1639, 1703, 1638, 1703, 1702, 1639, 1640, 1704, 1639, 1704, 1703, 1640, 1641, 1705, 1640, 1705, 1704, 1641, 1642, 1706, 1641, 1706, 1705, 1642, 1643, 1707, 1642, 1707, 1706, 1643, 1644, 1708, 1643, 1708, 1707, 1644, 1645, 1709, 1644, 1709, 1708, 1645, 1646, 1710, 1645, 1710, 1709, 1646, 1647, 1711, 1646, 1711, 1710, 1647, 1648, 1712, 1647, 1712, 1711, 1648, 1649, 1713, 1648, 1713, 1712, 1649, 1650, 1714, 1649, 1714, 1713, 1650, 1651, 1715, 1650, 1715, 1714, 1651, 1652, 1716, 1651, 1716, 1715, 1652, 1653, 1717, 1652, 1717, 1716, 1653, 1654, 1718, 1653, 1718, 1717, 1654, 1655, 1719, 1654, 1719, 1718, 1655, 1656, 1720, 1655, 1720, 1719, 1656, 1657, 1721, 1656, 1721, 1720, 1657, 1658, 1722, 1657, 1722, 1721, 1658, 1659, 1723, 1658, 1723, 1722, 1659, 1660, 1724, 1659, 1724, 1723, 1660, 1661, 1725, 1660, 1725, 1724, 1661, 1662, 1726, 1661, 1726, 1725, 1662, 1663, 1727, 1662, 1727, 1726, 1663, 1600, 1664, 1663, 1664, 1727, 1664, 1665, 1729, 1664, 1729, 1728, 1665, 1666, 1730, 1665, 1730, 1729, 1666, 1667, 1731, 1666, 1731, 1730, 1667, 1668, 1732, 1667, 1732, 1731, 1668, 1669, 1733, 1668, 1733, 1732, 1669, 1670, 1734, 1669, 1734, 1733, 1670, 1671, 1735, 1670, 1735, 1734, 1671, 1672, 1736, 1671, 1736, 1735, 1672, 1673, 1737, 1672, 1737, 1736, 1673, 1674, 1738, 1673, 1738, 1737, 1674, 1675, 1739, 1674, 1739, 1738, 1675, 1676, 1740, 1675, 1740, 1739, 1676, 1677, 1741, 1676, 1741, 1740, 1677, 1678, 1742, 1677, 1742, 1741, 1678, 1679, 1743, 1678, 1743, 1742, 1679, 1680, 1744, 1679, 1744, 1743, 1680, 1681, 1745, 1680, 1745, 1744, 1681, 1682, 1746, 1681, 1746, 1745, 1682, 1683, 1747, 1682, 1747, 1746, 1683, 1684, 1748, 1683, 1748, 1747, 1684, 1685, 1749, 1684, 1749, 1748, 1685, 1686, 1750, 1685, 1750, 1749, 1686, 1687, 1751, 1686, 1751, 1750, 1687, 1688, 1752, 1687, 1752, 1751, 1688, 1689, 1753, 1688, 1753, 1752, 1689, 1690, 1754, 1689, 1754, 1753, 1690, 1691, 1755, 1690, 1755, 1754, 1691, 1692, 1756, 1691, 1756, 1755, 1692, 1693, 1757, 1692, 1757, 1756, 1693, 1694, 1758, 1693, 1758, 1757, 1694, 1695, 1759, 1694, 1759, 1758, 1695, 1696, 1760, 1695, 1760, 1759, 1696, 1697, 1761, 1696, 1761, 1760, 1697, 1698, 1762, 1697, 1762, 1761, 1698, 1699, 1763, 1698, 1763, 1762, 1699, 1700, 1764, 1699, 1764, 1763, 1700, 1701, 1765, 1700, 1765, 1764, 1701, 1702, 1766, 1701, 1766, 1765, 1702, 1703, 1767, 1702, 1767, 1766, 1703, 1704, 1768, 1703, 1768, 1767, 1704, 1705, 1769, 1704, 1769, 1768, 1705, 1706, 1770, 1705, 1770, 1769, 1706, 1707, 1771, 1706, 1771, 1770, 1707, 1708, 1772, 1707, 1772, 1771, 1708, 1709, 1773, 1708, 1773, 1772, 1709, 1710, 1774, 1709, 1774, 1773, 1710, 1711, 1775, 1710, 1775, 1774, 1711, 1712, 1776, 1711, 1776, 1775, 1712, 1713, 1777, 1712, 1777, 1776, 1713, 1714, 1778, 1713, 1778, 1777, 1714, 1715, 1779, 1714, 1779, 1778, 1715, 1716, 1780, 1715, 1780, 1779, 1716, 1717, 1781, 1716, 1781, 1780, 1717, 1718, 1782, 1717, 1782, 1781, 1718, 1719, 1783, 1718, 1783, 1782, 1719, 1720, 1784, 1719, 1784, 1783, 1720, 1721, 1785, 1720, 1785, 1784, 1721, 1722, 1786, 1721, 1786, 1785, 1722, 1723, 1787, 1722, 1787, 1786, 1723, 1724, 1788, 1723, 1788, 1787, 1724, 1725, 1789, 1724, 1789, 1788, 1725, 1726, 1790, 1725, 1790, 1789, 1726, 1727, 1791, 1726, 1791, 1790, 1727, 1664, 1728, 1727, 1728, 1791, 1728, 1729, 1793, 1728, 1793, 1792, 1729, 1730, 1794, 1729, 1794, 1793, 1730, 1731, 1795, 1730, 1795, 1794, 1731, 1732, 1796, 1731, 1796, 1795, 1732, 1733, 1797, 1732, 1797, 1796, 1733, 1734, 1798, 1733, 1798, 1797, 1734, 1735, 1799, 1734, 1799, 1798, 1735, 1736, 1800, 1735, 1800, 1799, 1736, 1737, 1801, 1736, 1801, 1800, 1737, 1738, 1802, 1737, 1802, 1801, 1738, 1739, 1803, 1738, 1803, 1802, 1739, 1740, 1804, 1739, 1804, 1803, 1740, 1741, 1805, 1740, 1805, 1804, 1741, 1742, 1806, 1741, 1806, 1805, 1742, 1743, 1807, 1742, 1807, 1806, 1743, 1744, 1808, 1743, 1808, 1807, 1744, 1745, 1809, 1744, 1809, 1808, 1745, 1746, 1810, 1745, 1810, 1809, 1746, 1747, 1811, 1746, 1811, 1810, 1747, 1748, 1812, 1747, 1812, 1811, 1748, 1749, 1813, 1748, 1813, 1812, 1749, 1750, 1814, 1749, 1814, 1813, 1750, 1751, 1815, 1750, 1815, 1814, 1751, 1752, 1816, 1751, 1816, 1815, 1752, 1753, 1817, 1752, 1817, 1816, 1753, 1754, 1818, 1753, 1818, 1817, 1754, 1755, 1819, 1754, 1819, 1818, 1755, 1756, 1820, 1755, 1820, 1819, 1756, 1757, 1821, 1756, 1821, 1820, 1757, 1758, 1822, 1757, 1822, 1821, 1758, 1759, 1823, 1758, 1823, 1822, 1759, 1760, 1824, 1759, 1824, 1823, 1760, 1761, 1825, 1760, 1825, 1824, 1761, 1762, 1826, 1761, 1826, 1825, 1762, 1763, 1827, 1762, 1827, 1826, 1763, 1764, 1828, 1763, 1828, 1827, 1764, 1765, 1829, 1764, 1829, 1828, 1765, 1766, 1830, 1765, 1830, 1829, 1766, 1767, 1831, 1766, 1831, 1830, 1767, 1768, 1832, 1767, 1832, 1831, 1768, 1769, 1833, 1768, 1833, 1832, 1769, 1770, 1834, 1769, 1834, 1833, 1770, 1771, 1835, 1770, 1835, 1834, 1771, 1772, 1836, 1771, 1836, 1835, 1772, 1773, 1837, 1772, 1837, 1836, 1773, 1774, 1838, 1773, 1838, 1837, 1774, 1775, 1839, 1774, 1839, 1838, 1775, 1776, 1840, 1775, 1840, 1839, 1776, 1777, 1841, 1776, 1841, 1840, 1777, 1778, 1842, 1777, 1842, 1841, 1778, 1779, 1843, 1778, 1843, 1842, 1779, 1780, 1844, 1779, 1844, 1843, 1780, 1781, 1845, 1780, 1845, 1844, 1781, 1782, 1846, 1781, 1846, 1845, 1782, 1783, 1847, 1782, 1847, 1846, 1783, 1784, 1848, 1783, 1848, 1847, 1784, 1785, 1849, 1784, 1849, 1848, 1785, 1786, 1850, 1785, 1850, 1849, 1786, 1787, 1851, 1786, 1851, 1850, 1787, 1788, 1852, 1787, 1852, 1851, 1788, 1789, 1853, 1788, 1853, 1852, 1789, 1790, 1854, 1789, 1854, 1853, 1790, 1791, 1855, 1790, 1855, 1854, 1791, 1728, 1792, 1791, 1792, 1855, 1792, 1793, 1857, 1792, 1857, 1856, 1793, 1794, 1858, 1793, 1858, 1857, 1794, 1795, 1859, 1794, 1859, 1858, 1795, 1796, 1860, 1795, 1860, 1859, 1796, 1797, 1861, 1796, 1861, 1860, 1797, 1798, 1862, 1797, 1862, 1861, 1798, 1799, 1863, 1798, 1863, 1862, 1799, 1800, 1864, 1799, 1864, 1863, 1800, 1801, 1865, 1800, 1865, 1864, 1801, 1802, 1866, 1801, 1866, 1865, 1802, 1803, 1867, 1802, 1867, 1866, 1803, 1804, 1868, 1803, 1868, 1867, 1804, 1805, 1869, 1804, 1869, 1868, 1805, 1806, 1870, 1805, 1870, 1869, 1806, 1807, 1871, 1806, 1871, 1870, 1807, 1808, 1872, 1807, 1872, 1871, 1808, 1809, 1873, 1808, 1873, 1872, 1809, 1810, 1874, 1809, 1874, 1873, 1810, 1811, 1875, 1810, 1875, 1874, 1811, 1812, 1876, 1811, 1876, 1875, 1812, 1813, 1877, 1812, 1877, 1876, 1813, 1814, 1878, 1813, 1878, 1877, 1814, 1815, 1879, 1814, 1879, 1878, 1815, 1816, 1880, 1815, 1880, 1879, 1816, 1817, 1881, 1816, 1881, 1880, 1817, 1818, 1882, 1817, 1882, 1881, 1818, 1819, 1883, 1818, 1883, 1882, 1819, 1820, 1884, 1819, 1884, 1883, 1820, 1821, 1885, 1820, 1885, 1884, 1821, 1822, 1886, 1821, 1886, 1885, 1822, 1823, 1887, 1822, 1887, 1886, 1823, 1824, 1888, 1823, 1888, 1887, 1824, 1825, 1889, 1824, 1889, 1888, 1825, 1826, 1890, 1825, 1890, 1889, 1826, 1827, 1891, 1826, 1891, 1890, 1827, 1828, 1892, 1827, 1892, 1891, 1828, 1829, 1893, 1828, 1893, 1892, 1829, 1830, 1894, 1829, 1894, 1893, 1830, 1831, 1895, 1830, 1895, 1894, 1831, 1832, 1896, 1831, 1896, 1895, 1832, 1833, 1897, 1832, 1897, 1896, 1833, 1834, 1898, 1833, 1898, 1897, 1834, 1835, 1899, 1834, 1899, 1898, 1835, 1836, 1900, 1835, 1900, 1899, 1836, 1837, 1901, 1836, 1901, 1900, 1837, 1838, 1902, 1837, 1902, 1901, 1838, 1839, 1903, 1838, 1903, 1902, 1839, 1840, 1904, 1839, 1904, 1903, 1840, 1841, 1905, 1840, 1905, 1904, 1841, 1842, 1906, 1841, 1906, 1905, 1842, 1843, 1907, 1842, 1907, 1906, 1843, 1844, 1908, 1843, 1908, 1907, 1844, 1845, 1909, 1844, 1909, 1908, 1845, 1846, 1910, 1845, 1910, 1909, 1846, 1847, 1911, 1846, 1911, 1910, 1847, 1848, 1912, 1847, 1912, 1911, 1848, 1849, 1913, 1848, 1913, 1912, 1849, 1850, 1914, 1849, 1914, 1913, 1850, 1851, 1915, 1850, 1915, 1914, 1851, 1852, 1916, 1851, 1916, 1915, 1852, 1853, 1917, 1852, 1917, 1916, 1853, 1854, 1918, 1853, 1918, 1917, 1854, 1855, 1919, 1854, 1919, 1918, 1855, 1792, 1856, 1855, 1856, 1919, 1856, 1857, 1921, 1856, 1921, 1920, 1857, 1858, 1922, 1857, 1922, 1921, 1858, 1859, 1923, 1858, 1923, 1922, 1859, 1860, 1924, 1859, 1924, 1923, 1860, 1861, 1925, 1860, 1925, 1924, 1861, 1862, 1926, 1861, 1926, 1925, 1862, 1863, 1927, 1862, 1927, 1926, 1863, 1864, 1928, 1863, 1928, 1927, 1864, 1865, 1929, 1864, 1929, 1928, 1865, 1866, 1930, 1865, 1930, 1929, 1866, 1867, 1931, 1866, 1931, 1930, 1867, 1868, 1932, 1867, 1932, 1931, 1868, 1869, 1933, 1868, 1933, 1932, 1869, 1870, 1934, 1869, 1934, 1933, 1870, 1871, 1935, 1870, 1935, 1934, 1871, 1872, 1936, 1871, 1936, 1935, 1872, 1873, 1937, 1872, 1937, 1936, 1873, 1874, 1938, 1873, 1938, 1937, 1874, 1875, 1939, 1874, 1939, 1938, 1875, 1876, 1940, 1875, 1940, 1939, 1876, 1877, 1941, 1876, 1941, 1940, 1877, 1878, 1942, 1877, 1942, 1941, 1878, 1879, 1943, 1878, 1943, 1942, 1879, 1880, 1944, 1879, 1944, 1943, 1880, 1881, 1945, 1880, 1945, 1944, 1881, 1882, 1946, 1881, 1946, 1945, 1882, 1883, 1947, 1882, 1947, 1946, 1883, 1884, 1948, 1883, 1948, 1947, 1884, 1885, 1949, 1884, 1949, 1948, 1885, 1886, 1950, 1885, 1950, 1949, 1886, 1887, 1951, 1886, 1951, 1950, 1887, 1888, 1952, 1887, 1952, 1951, 1888, 1889, 1953, 1888, 1953, 1952, 1889, 1890, 1954, 1889, 1954, 1953, 1890, 1891, 1955, 1890, 1955, 1954, 1891, 1892, 1956, 1891, 1956, 1955, 1892, 1893, 1957, 1892, 1957, 1956, 1893, 1894, 1958, 1893, 1958, 1957, 1894, 1895, 1959, 1894, 1959, 1958, 1895, 1896, 1960, 1895, 1960, 1959, 1896, 1897, 1961, 1896, 1961, 1960, 1897, 1898, 1962, 1897, 1962, 1961, 1898, 1899, 1963, 1898, 1963, 1962, 1899, 1900, 1964, 1899, 1964, 1963, 1900, 1901, 1965, 1900, 1965, 1964, 1901, 1902, 1966, 1901, 1966, 1965, 1902, 1903, 1967, 1902, 1967, 1966, 1903, 1904, 1968, 1903, 1968, 1967, 1904, 1905, 1969, 1904, 1969, 1968, 1905, 1906, 1970, 1905, 1970, 1969, 1906, 1907, 1971, 1906, 1971, 1970, 1907, 1908, 1972, 1907, 1972, 1971, 1908, 1909, 1973, 1908, 1973, 1972, 1909, 1910, 1974, 1909, 1974, 1973, 1910, 1911, 1975, 1910, 1975, 1974, 1911, 1912, 1976, 1911, 1976, 1975, 1912, 1913, 1977, 1912, 1977, 1976, 1913, 1914, 1978, 1913, 1978, 1977, 1914, 1915, 1979, 1914, 1979, 1978, 1915, 1916, 1980, 1915, 1980, 1979, 1916, 1917, 1981, 1916, 1981, 1980, 1917, 1918, 1982, 1917, 1982, 1981, 1918, 1919, 1983, 1918, 1983, 1982, 1919, 1856, 1920, 1919, 1920, 1983, 1920, 1921, 1985, 1920, 1985, 1984, 1921, 1922, 1986, 1921, 1986, 1985, 1922, 1923, 1987, 1922, 1987, 1986, 1923, 1924, 1988, 1923, 1988, 1987, 1924, 1925, 1989, 1924, 1989, 1988, 1925, 1926, 1990, 1925, 1990, 1989, 1926, 1927, 1991, 1926, 1991, 1990, 1927, 1928, 1992, 1927, 1992, 1991, 1928, 1929, 1993, 1928, 1993, 1992, 1929, 1930, 1994, 1929, 1994, 1993, 1930, 1931, 1995, 1930, 1995, 1994, 1931, 1932, 1996, 1931, 1996, 1995, 1932, 1933, 1997, 1932, 1997, 1996, 1933, 1934, 1998, 1933, 1998, 1997, 1934, 1935, 1999, 1934, 1999, 1998, 1935, 1936, 2000, 1935, 2000, 1999, 1936, 1937, 2001, 1936, 2001, 2000, 1937, 1938, 2002, 1937, 2002, 2001, 1938, 1939, 2003, 1938, 2003, 2002, 1939, 1940, 2004, 1939, 2004, 2003, 1940, 1941, 2005, 1940, 2005, 2004, 1941, 1942, 2006, 1941, 2006, 2005, 1942, 1943, 2007, 1942, 2007, 2006, 1943, 1944, 2008, 1943, 2008, 2007, 1944, 1945, 2009, 1944, 2009, 2008, 1945, 1946, 2010, 1945, 2010, 2009, 1946, 1947, 2011, 1946, 2011, 2010, 1947, 1948, 2012, 1947, 2012, 2011, 1948, 1949, 2013, 1948, 2013, 2012, 1949, 1950, 2014, 1949, 2014, 2013, 1950, 1951, 2015, 1950, 2015, 2014, 1951, 1952, 2016, 1951, 2016, 2015, 1952, 1953, 2017, 1952, 2017, 2016, 1953, 1954, 2018, 1953, 2018, 2017, 1954, 1955, 2019, 1954, 2019, 2018, 1955, 1956, 2020, 1955, 2020, 2019, 1956, 1957, 2021, 1956, 2021, 2020, 1957, 1958, 2022, 1957, 2022, 2021, 1958, 1959, 2023, 1958, 2023, 2022, 1959, 1960, 2024, 1959, 2024, 2023, 1960, 1961, 2025, 1960, 2025, 2024, 1961, 1962, 2026, 1961, 2026, 2025, 1962, 1963, 2027, 1962, 2027, 2026, 1963, 1964, 2028, 1963, 2028, 2027, 1964, 1965, 2029, 1964, 2029, 2028, 1965, 1966, 2030, 1965, 2030, 2029, 1966, 1967, 2031, 1966, 2031, 2030, 1967, 1968, 2032, 1967, 2032, 2031, 1968, 1969, 2033, 1968, 2033, 2032, 1969, 1970, 2034, 1969, 2034, 2033, 1970, 1971, 2035, 1970, 2035, 2034, 1971, 1972, 2036, 1971, 2036, 2035, 1972, 1973, 2037, 1972, 2037, 2036, 1973, 1974, 2038, 1973, 2038, 2037, 1974, 1975, 2039, 1974, 2039, 2038, 1975, 1976, 2040, 1975, 2040, 2039, 1976, 1977, 2041, 1976, 2041, 2040, 1977, 1978, 2042, 1977, 2042, 2041, 1978, 1979, 2043, 1978, 2043, 2042, 1979, 1980, 2044, 1979, 2044, 2043, 1980, 1981, 2045, 1980, 2045, 2044, 1981, 1982, 2046, 1981, 2046, 2045, 1982, 1983, 2047, 1982, 2047, 2046, 1983, 1920, 1984, 1983, 1984, 2047, 1984, 1985, 2049, 1984, 2049, 2048, 1985, 1986, 2050, 1985, 2050, 2049, 1986, 1987, 2051, 1986, 2051, 2050, 1987, 1988, 2052, 1987, 2052, 2051, 1988, 1989, 2053, 1988, 2053, 2052, 1989, 1990, 2054, 1989, 2054, 2053, 1990, 1991, 2055, 1990, 2055, 2054, 1991, 1992, 2056, 1991, 2056, 2055, 1992, 1993, 2057, 1992, 2057, 2056, 1993, 1994, 2058, 1993, 2058, 2057, 1994, 1995, 2059, 1994, 2059, 2058, 1995, 1996, 2060, 1995, 2060, 2059, 1996, 1997, 2061, 1996, 2061, 2060, 1997, 1998, 2062, 1997, 2062, 2061, 1998, 1999, 2063, 1998, 2063, 2062, 1999, 2000, 2064, 1999, 2064, 2063, 2000, 2001, 2065, 2000, 2065, 2064, 2001, 2002, 2066, 2001, 2066, 2065, 2002, 2003, 2067, 2002, 2067, 2066, 2003, 2004, 2068, 2003, 2068, 2067, 2004, 2005, 2069, 2004, 2069, 2068, 2005, 2006, 2070, 2005, 2070, 2069, 2006, 2007, 2071, 2006, 2071, 2070, 2007, 2008, 2072, 2007, 2072, 2071, 2008, 2009, 2073, 2008, 2073, 2072, 2009, 2010, 2074, 2009, 2074, 2073, 2010, 2011, 2075, 2010, 2075, 2074, 2011, 2012, 2076, 2011, 2076, 2075, 2012, 2013, 2077, 2012, 2077, 2076, 2013, 2014, 2078, 2013, 2078, 2077, 2014, 2015, 2079, 2014, 2079, 2078, 2015, 2016, 2080, 2015, 2080, 2079, 2016, 2017, 2081, 2016, 2081, 2080, 2017, 2018, 2082, 2017, 2082, 2081, 2018, 2019, 2083, 2018, 2083, 2082, 2019, 2020, 2084, 2019, 2084, 2083, 2020, 2021, 2085, 2020, 2085, 2084, 2021, 2022, 2086, 2021, 2086, 2085, 2022, 2023, 2087, 2022, 2087, 2086, 2023, 2024, 2088, 2023, 2088, 2087, 2024, 2025, 2089, 2024, 2089, 2088, 2025, 2026, 2090, 2025, 2090, 2089, 2026, 2027, 2091, 2026, 2091, 2090, 2027, 2028, 2092, 2027, 2092, 2091, 2028, 2029, 2093, 2028, 2093, 2092, 2029, 2030, 2094, 2029, 2094, 2093, 2030, 2031, 2095, 2030, 2095, 2094, 2031, 2032, 2096, 2031, 2096, 2095, 2032, 2033, 2097, 2032, 2097, 2096, 2033, 2034, 2098, 2033, 2098, 2097, 2034, 2035, 2099, 2034, 2099, 2098, 2035, 2036, 2100, 2035, 2100, 2099, 2036, 2037, 2101, 2036, 2101, 2100, 2037, 2038, 2102, 2037, 2102, 2101, 2038, 2039, 2103, 2038, 2103, 2102, 2039, 2040, 2104, 2039, 2104, 2103, 2040, 2041, 2105, 2040, 2105, 2104, 2041, 2042, 2106, 2041, 2106, 2105, 2042, 2043, 2107, 2042, 2107, 2106, 2043, 2044, 2108, 2043, 2108, 2107, 2044, 2045, 2109, 2044, 2109, 2108, 2045, 2046, 2110, 2045, 2110, 2109, 2046, 2047, 2111, 2046, 2111, 2110, 2047, 1984, 2048, 2047, 2048, 2111, 2048, 2049, 2113, 2048, 2113, 2112, 2049, 2050, 2114, 2049, 2114, 2113, 2050, 2051, 2115, 2050, 2115, 2114, 2051, 2052, 2116, 2051, 2116, 2115, 2052, 2053, 2117, 2052, 2117, 2116, 2053, 2054, 2118, 2053, 2118, 2117, 2054, 2055, 2119, 2054, 2119, 2118, 2055, 2056, 2120, 2055, 2120, 2119, 2056, 2057, 2121, 2056, 2121, 2120, 2057, 2058, 2122, 2057, 2122, 2121, 2058, 2059, 2123, 2058, 2123, 2122, 2059, 2060, 2124, 2059, 2124, 2123, 2060, 2061, 2125, 2060, 2125, 2124, 2061, 2062, 2126, 2061, 2126, 2125, 2062, 2063, 2127, 2062, 2127, 2126, 2063, 2064, 2128, 2063, 2128, 2127, 2064, 2065, 2129, 2064, 2129, 2128, 2065, 2066, 2130, 2065, 2130, 2129, 2066, 2067, 2131, 2066, 2131, 2130, 2067, 2068, 2132, 2067, 2132, 2131, 2068, 2069, 2133, 2068, 2133, 2132, 2069, 2070, 2134, 2069, 2134, 2133, 2070, 2071, 2135, 2070, 2135, 2134, 2071, 2072, 2136, 2071, 2136, 2135, 2072, 2073, 2137, 2072, 2137, 2136, 2073, 2074, 2138, 2073, 2138, 2137, 2074, 2075, 2139, 2074, 2139, 2138, 2075, 2076, 2140, 2075, 2140, 2139, 2076, 2077, 2141, 2076, 2141, 2140, 2077, 2078, 2142, 2077, 2142, 2141, 2078, 2079, 2143, 2078, 2143, 2142, 2079, 2080, 2144, 2079, 2144, 2143, 2080, 2081, 2145, 2080, 2145, 2144, 2081, 2082, 2146, 2081, 2146, 2145, 2082, 2083, 2147, 2082, 2147, 2146, 2083, 2084, 2148, 2083, 2148, 2147, 2084, 2085, 2149, 2084, 2149, 2148, 2085, 2086, 2150, 2085, 2150, 2149, 2086, 2087, 2151, 2086, 2151, 2150, 2087, 2088, 2152, 2087, 2152, 2151, 2088, 2089, 2153, 2088, 2153, 2152, 2089, 2090, 2154, 2089, 2154, 2153, 2090, 2091, 2155, 2090, 2155, 2154, 2091, 2092, 2156, 2091, 2156, 2155, 2092, 2093, 2157, 2092, 2157, 2156, 2093, 2094, 2158, 2093, 2158, 2157, 2094, 2095, 2159, 2094, 2159, 2158, 2095, 2096, 2160, 2095, 2160, 2159, 2096, 2097, 2161, 2096, 2161, 2160, 2097, 2098, 2162, 2097, 2162, 2161, 2098, 2099, 2163, 2098, 2163, 2162, 2099, 2100, 2164, 2099, 2164, 2163, 2100, 2101, 2165, 2100, 2165, 2164, 2101, 2102, 2166, 2101, 2166, 2165, 2102, 2103, 2167, 2102, 2167, 2166, 2103, 2104, 2168, 2103, 2168, 2167, 2104, 2105, 2169, 2104, 2169, 2168, 2105, 2106, 2170, 2105, 2170, 2169, 2106, 2107, 2171, 2106, 2171, 2170, 2107, 2108, 2172, 2107, 2172, 2171, 2108, 2109, 2173, 2108, 2173, 2172, 2109, 2110, 2174, 2109, 2174, 2173, 2110, 2111, 2175, 2110, 2175, 2174, 2111, 2048, 2112, 2111, 2112, 2175, 2112, 2113, 2177, 2112, 2177, 2176, 2113, 2114, 2178, 2113, 2178, 2177, 2114, 2115, 2179, 2114, 2179, 2178, 2115, 2116, 2180, 2115, 2180, 2179, 2116, 2117, 2181, 2116, 2181, 2180, 2117, 2118, 2182, 2117, 2182, 2181, 2118, 2119, 2183, 2118, 2183, 2182, 2119, 2120, 2184, 2119, 2184, 2183, 2120, 2121, 2185, 2120, 2185, 2184, 2121, 2122, 2186, 2121, 2186, 2185, 2122, 2123, 2187, 2122, 2187, 2186, 2123, 2124, 2188, 2123, 2188, 2187, 2124, 2125, 2189, 2124, 2189, 2188, 2125, 2126, 2190, 2125, 2190, 2189, 2126, 2127, 2191, 2126, 2191, 2190, 2127, 2128, 2192, 2127, 2192, 2191, 2128, 2129, 2193, 2128, 2193, 2192, 2129, 2130, 2194, 2129, 2194, 2193, 2130, 2131, 2195, 2130, 2195, 2194, 2131, 2132, 2196, 2131, 2196, 2195, 2132, 2133, 2197, 2132, 2197, 2196, 2133, 2134, 2198, 2133, 2198, 2197, 2134, 2135, 2199, 2134, 2199, 2198, 2135, 2136, 2200, 2135, 2200, 2199, 2136, 2137, 2201, 2136, 2201, 2200, 2137, 2138, 2202, 2137, 2202, 2201, 2138, 2139, 2203, 2138, 2203, 2202, 2139, 2140, 2204, 2139, 2204, 2203, 2140, 2141, 2205, 2140, 2205, 2204, 2141, 2142, 2206, 2141, 2206, 2205, 2142, 2143, 2207, 2142, 2207, 2206, 2143, 2144, 2208, 2143, 2208, 2207, 2144, 2145, 2209, 2144, 2209, 2208, 2145, 2146, 2210, 2145, 2210, 2209, 2146, 2147, 2211, 2146, 2211, 2210, 2147, 2148, 2212, 2147, 2212, 2211, 2148, 2149, 2213, 2148, 2213, 2212, 2149, 2150, 2214, 2149, 2214, 2213, 2150, 2151, 2215, 2150, 2215, 2214, 2151, 2152, 2216, 2151, 2216, 2215, 2152, 2153, 2217, 2152, 2217, 2216, 2153, 2154, 2218, 2153, 2218, 2217, 2154, 2155, 2219, 2154, 2219, 2218, 2155, 2156, 2220, 2155, 2220, 2219, 2156, 2157, 2221, 2156, 2221, 2220, 2157, 2158, 2222, 2157, 2222, 2221, 2158, 2159, 2223, 2158, 2223, 2222, 2159, 2160, 2224, 2159, 2224, 2223, 2160, 2161, 2225, 2160, 2225, 2224, 2161, 2162, 2226, 2161, 2226, 2225, 2162, 2163, 2227, 2162, 2227, 2226, 2163, 2164, 2228, 2163, 2228, 2227, 2164, 2165, 2229, 2164, 2229, 2228, 2165, 2166, 2230, 2165, 2230, 2229, 2166, 2167, 2231, 2166, 2231, 2230, 2167, 2168, 2232, 2167, 2232, 2231, 2168, 2169, 2233, 2168, 2233, 2232, 2169, 2170, 2234, 2169, 2234, 2233, 2170, 2171, 2235, 2170, 2235, 2234, 2171, 2172, 2236, 2171, 2236, 2235, 2172, 2173, 2237, 2172, 2237, 2236, 2173, 2174, 2238, 2173, 2238, 2237, 2174, 2175, 2239, 2174, 2239, 2238, 2175, 2112, 2176, 2175, 2176, 2239, 2176, 2177, 2241, 2176, 2241, 2240, 2177, 2178, 2242, 2177, 2242, 2241, 2178, 2179, 2243, 2178, 2243, 2242, 2179, 2180, 2244, 2179, 2244, 2243, 2180, 2181, 2245, 2180, 2245, 2244, 2181, 2182, 2246, 2181, 2246, 2245, 2182, 2183, 2247, 2182, 2247, 2246, 2183, 2184, 2248, 2183, 2248, 2247, 2184, 2185, 2249, 2184, 2249, 2248, 2185, 2186, 2250, 2185, 2250, 2249, 2186, 2187, 2251, 2186, 2251, 2250, 2187, 2188, 2252, 2187, 2252, 2251, 2188, 2189, 2253, 2188, 2253, 2252, 2189, 2190, 2254, 2189, 2254, 2253, 2190, 2191, 2255, 2190, 2255, 2254, 2191, 2192, 2256, 2191, 2256, 2255, 2192, 2193, 2257, 2192, 2257, 2256, 2193, 2194, 2258, 2193, 2258, 2257, 2194, 2195, 2259, 2194, 2259, 2258, 2195, 2196, 2260, 2195, 2260, 2259, 2196, 2197, 2261, 2196, 2261, 2260, 2197, 2198, 2262, 2197, 2262, 2261, 2198, 2199, 2263, 2198, 2263, 2262, 2199, 2200, 2264, 2199, 2264, 2263, 2200, 2201, 2265, 2200, 2265, 2264, 2201, 2202, 2266, 2201, 2266, 2265, 2202, 2203, 2267, 2202, 2267, 2266, 2203, 2204, 2268, 2203, 2268, 2267, 2204, 2205, 2269, 2204, 2269, 2268, 2205, 2206, 2270, 2205, 2270, 2269, 2206, 2207, 2271, 2206, 2271, 2270, 2207, 2208, 2272, 2207, 2272, 2271, 2208, 2209, 2273, 2208, 2273, 2272, 2209, 2210, 2274, 2209, 2274, 2273, 2210, 2211, 2275, 2210, 2275, 2274, 2211, 2212, 2276, 2211, 2276, 2275, 2212, 2213, 2277, 2212, 2277, 2276, 2213, 2214, 2278, 2213, 2278, 2277, 2214, 2215, 2279, 2214, 2279, 2278, 2215, 2216, 2280, 2215, 2280, 2279, 2216, 2217, 2281, 2216, 2281, 2280, 2217, 2218, 2282, 2217, 2282, 2281, 2218, 2219, 2283, 2218, 2283, 2282, 2219, 2220, 2284, 2219, 2284, 2283, 2220, 2221, 2285, 2220, 2285, 2284, 2221, 2222, 2286, 2221, 2286, 2285, 2222, 2223, 2287, 2222, 2287, 2286, 2223, 2224, 2288, 2223, 2288, 2287, 2224, 2225, 2289, 2224, 2289, 2288, 2225, 2226, 2290, 2225, 2290, 2289, 2226, 2227, 2291, 2226, 2291, 2290, 2227, 2228, 2292, 2227, 2292, 2291, 2228, 2229, 2293, 2228, 2293, 2292, 2229, 2230, 2294, 2229, 2294, 2293, 2230, 2231, 2295, 2230, 2295, 2294, 2231, 2232, 2296, 2231, 2296, 2295, 2232, 2233, 2297, 2232, 2297, 2296, 2233, 2234, 2298, 2233, 2298, 2297, 2234, 2235, 2299, 2234, 2299, 2298, 2235, 2236, 2300, 2235, 2300, 2299, 2236, 2237, 2301, 2236, 2301, 2300, 2237, 2238, 2302, 2237, 2302, 2301, 2238, 2239, 2303, 2238, 2303, 2302, 2239, 2176, 2240, 2239, 2240, 2303, 2240, 2241, 2305, 2240, 2305, 2304, 2241, 2242, 2306, 2241, 2306, 2305, 2242, 2243, 2307, 2242, 2307, 2306, 2243, 2244, 2308, 2243, 2308, 2307, 2244, 2245, 2309, 2244, 2309, 2308, 2245, 2246, 2310, 2245, 2310, 2309, 2246, 2247, 2311, 2246, 2311, 2310, 2247, 2248, 2312, 2247, 2312, 2311, 2248, 2249, 2313, 2248, 2313, 2312, 2249, 2250, 2314, 2249, 2314, 2313, 2250, 2251, 2315, 2250, 2315, 2314, 2251, 2252, 2316, 2251, 2316, 2315, 2252, 2253, 2317, 2252, 2317, 2316, 2253, 2254, 2318, 2253, 2318, 2317, 2254, 2255, 2319, 2254, 2319, 2318, 2255, 2256, 2320, 2255, 2320, 2319, 2256, 2257, 2321, 2256, 2321, 2320, 2257, 2258, 2322, 2257, 2322, 2321, 2258, 2259, 2323, 2258, 2323, 2322, 2259, 2260, 2324, 2259, 2324, 2323, 2260, 2261, 2325, 2260, 2325, 2324, 2261, 2262, 2326, 2261, 2326, 2325, 2262, 2263, 2327, 2262, 2327, 2326, 2263, 2264, 2328, 2263, 2328, 2327, 2264, 2265, 2329, 2264, 2329, 2328, 2265, 2266, 2330, 2265, 2330, 2329, 2266, 2267, 2331, 2266, 2331, 2330, 2267, 2268, 2332, 2267, 2332, 2331, 2268, 2269, 2333, 2268, 2333, 2332, 2269, 2270, 2334, 2269, 2334, 2333, 2270, 2271, 2335, 2270, 2335, 2334, 2271, 2272, 2336, 2271, 2336, 2335, 2272, 2273, 2337, 2272, 2337, 2336, 2273, 2274, 2338, 2273, 2338, 2337, 2274, 2275, 2339, 2274, 2339, 2338, 2275, 2276, 2340, 2275, 2340, 2339, 2276, 2277, 2341, 2276, 2341, 2340, 2277, 2278, 2342, 2277, 2342, 2341, 2278, 2279, 2343, 2278, 2343, 2342, 2279, 2280, 2344, 2279, 2344, 2343, 2280, 2281, 2345, 2280, 2345, 2344, 2281, 2282, 2346, 2281, 2346, 2345, 2282, 2283, 2347, 2282, 2347, 2346, 2283, 2284, 2348, 2283, 2348, 2347, 2284, 2285, 2349, 2284, 2349, 2348, 2285, 2286, 2350, 2285, 2350, 2349, 2286, 2287, 2351, 2286, 2351, 2350, 2287, 2288, 2352, 2287, 2352, 2351, 2288, 2289, 2353, 2288, 2353, 2352, 2289, 2290, 2354, 2289, 2354, 2353, 2290, 2291, 2355, 2290, 2355, 2354, 2291, 2292, 2356, 2291, 2356, 2355, 2292, 2293, 2357, 2292, 2357, 2356, 2293, 2294, 2358, 2293, 2358, 2357, 2294, 2295, 2359, 2294, 2359, 2358, 2295, 2296, 2360, 2295, 2360, 2359, 2296, 2297, 2361, 2296, 2361, 2360, 2297, 2298, 2362, 2297, 2362, 2361, 2298, 2299, 2363, 2298, 2363, 2362, 2299, 2300, 2364, 2299, 2364, 2363, 2300, 2301, 2365, 2300, 2365, 2364, 2301, 2302, 2366, 2301, 2366, 2365, 2302, 2303, 2367, 2302, 2367, 2366, 2303, 2240, 2304, 2303, 2304, 2367, 2304, 2305, 2369, 2304, 2369, 2368, 2305, 2306, 2370, 2305, 2370, 2369, 2306, 2307, 2371, 2306, 2371, 2370, 2307, 2308, 2372, 2307, 2372, 2371, 2308, 2309, 2373, 2308, 2373, 2372, 2309, 2310, 2374, 2309, 2374, 2373, 2310, 2311, 2375, 2310, 2375, 2374, 2311, 2312, 2376, 2311, 2376, 2375, 2312, 2313, 2377, 2312, 2377, 2376, 2313, 2314, 2378, 2313, 2378, 2377, 2314, 2315, 2379, 2314, 2379, 2378, 2315, 2316, 2380, 2315, 2380, 2379, 2316, 2317, 2381, 2316, 2381, 2380, 2317, 2318, 2382, 2317, 2382, 2381, 2318, 2319, 2383, 2318, 2383, 2382, 2319, 2320, 2384, 2319, 2384, 2383, 2320, 2321, 2385, 2320, 2385, 2384, 2321, 2322, 2386, 2321, 2386, 2385, 2322, 2323, 2387, 2322, 2387, 2386, 2323, 2324, 2388, 2323, 2388, 2387, 2324, 2325, 2389, 2324, 2389, 2388, 2325, 2326, 2390, 2325, 2390, 2389, 2326, 2327, 2391, 2326, 2391, 2390, 2327, 2328, 2392, 2327, 2392, 2391, 2328, 2329, 2393, 2328, 2393, 2392, 2329, 2330, 2394, 2329, 2394, 2393, 2330, 2331, 2395, 2330, 2395, 2394, 2331, 2332, 2396, 2331, 2396, 2395, 2332, 2333, 2397, 2332, 2397, 2396, 2333, 2334, 2398, 2333, 2398, 2397, 2334, 2335, 2399, 2334, 2399, 2398, 2335, 2336, 2400, 2335, 2400, 2399, 2336, 2337, 2401, 2336, 2401, 2400, 2337, 2338, 2402, 2337, 2402, 2401, 2338, 2339, 2403, 2338, 2403, 2402, 2339, 2340, 2404, 2339, 2404, 2403, 2340, 2341, 2405, 2340, 2405, 2404, 2341, 2342, 2406, 2341, 2406, 2405, 2342, 2343, 2407, 2342, 2407, 2406, 2343, 2344, 2408, 2343, 2408, 2407, 2344, 2345, 2409, 2344, 2409, 2408, 2345, 2346, 2410, 2345, 2410, 2409, 2346, 2347, 2411, 2346, 2411, 2410, 2347, 2348, 2412, 2347, 2412, 2411, 2348, 2349, 2413, 2348, 2413, 2412, 2349, 2350, 2414, 2349, 2414, 2413, 2350, 2351, 2415, 2350, 2415, 2414, 2351, 2352, 2416, 2351, 2416, 2415, 2352, 2353, 2417, 2352, 2417, 2416, 2353, 2354, 2418, 2353, 2418, 2417, 2354, 2355, 2419, 2354, 2419, 2418, 2355, 2356, 2420, 2355, 2420, 2419, 2356, 2357, 2421, 2356, 2421, 2420, 2357, 2358, 2422, 2357, 2422, 2421, 2358, 2359, 2423, 2358, 2423, 2422, 2359, 2360, 2424, 2359, 2424, 2423, 2360, 2361, 2425, 2360, 2425, 2424, 2361, 2362, 2426, 2361, 2426, 2425, 2362, 2363, 2427, 2362, 2427, 2426, 2363, 2364, 2428, 2363, 2428, 2427, 2364, 2365, 2429, 2364, 2429, 2428, 2365, 2366, 2430, 2365, 2430, 2429, 2366, 2367, 2431, 2366, 2431, 2430, 2367, 2304, 2368, 2367, 2368, 2431, 2368, 2369, 2433, 2368, 2433, 2432, 2369, 2370, 2434, 2369, 2434, 2433, 2370, 2371, 2435, 2370, 2435, 2434, 2371, 2372, 2436, 2371, 2436, 2435, 2372, 2373, 2437, 2372, 2437, 2436, 2373, 2374, 2438, 2373, 2438, 2437, 2374, 2375, 2439, 2374, 2439, 2438, 2375, 2376, 2440, 2375, 2440, 2439, 2376, 2377, 2441, 2376, 2441, 2440, 2377, 2378, 2442, 2377, 2442, 2441, 2378, 2379, 2443, 2378, 2443, 2442, 2379, 2380, 2444, 2379, 2444, 2443, 2380, 2381, 2445, 2380, 2445, 2444, 2381, 2382, 2446, 2381, 2446, 2445, 2382, 2383, 2447, 2382, 2447, 2446, 2383, 2384, 2448, 2383, 2448, 2447, 2384, 2385, 2449, 2384, 2449, 2448, 2385, 2386, 2450, 2385, 2450, 2449, 2386, 2387, 2451, 2386, 2451, 2450, 2387, 2388, 2452, 2387, 2452, 2451, 2388, 2389, 2453, 2388, 2453, 2452, 2389, 2390, 2454, 2389, 2454, 2453, 2390, 2391, 2455, 2390, 2455, 2454, 2391, 2392, 2456, 2391, 2456, 2455, 2392, 2393, 2457, 2392, 2457, 2456, 2393, 2394, 2458, 2393, 2458, 2457, 2394, 2395, 2459, 2394, 2459, 2458, 2395, 2396, 2460, 2395, 2460, 2459, 2396, 2397, 2461, 2396, 2461, 2460, 2397, 2398, 2462, 2397, 2462, 2461, 2398, 2399, 2463, 2398, 2463, 2462, 2399, 2400, 2464, 2399, 2464, 2463, 2400, 2401, 2465, 2400, 2465, 2464, 2401, 2402, 2466, 2401, 2466, 2465, 2402, 2403, 2467, 2402, 2467, 2466, 2403, 2404, 2468, 2403, 2468, 2467, 2404, 2405, 2469, 2404, 2469, 2468, 2405, 2406, 2470, 2405, 2470, 2469, 2406, 2407, 2471, 2406, 2471, 2470, 2407, 2408, 2472, 2407, 2472, 2471, 2408, 2409, 2473, 2408, 2473, 2472, 2409, 2410, 2474, 2409, 2474, 2473, 2410, 2411, 2475, 2410, 2475, 2474, 2411, 2412, 2476, 2411, 2476, 2475, 2412, 2413, 2477, 2412, 2477, 2476, 2413, 2414, 2478, 2413, 2478, 2477, 2414, 2415, 2479, 2414, 2479, 2478, 2415, 2416, 2480, 2415, 2480, 2479, 2416, 2417, 2481, 2416, 2481, 2480, 2417, 2418, 2482, 2417, 2482, 2481, 2418, 2419, 2483, 2418, 2483, 2482, 2419, 2420, 2484, 2419, 2484, 2483, 2420, 2421, 2485, 2420, 2485, 2484, 2421, 2422, 2486, 2421, 2486, 2485, 2422, 2423, 2487, 2422, 2487, 2486, 2423, 2424, 2488, 2423, 2488, 2487, 2424, 2425, 2489, 2424, 2489, 2488, 2425, 2426, 2490, 2425, 2490, 2489, 2426, 2427, 2491, 2426, 2491, 2490, 2427, 2428, 2492, 2427, 2492, 2491, 2428, 2429, 2493, 2428, 2493, 2492, 2429, 2430, 2494, 2429, 2494, 2493, 2430, 2431, 2495, 2430, 2495, 2494, 2431, 2368, 2432, 2431, 2432, 2495, 2432, 2433, 2497, 2432, 2497, 2496, 2433, 2434, 2498, 2433, 2498, 2497, 2434, 2435, 2499, 2434, 2499, 2498, 2435, 2436, 2500, 2435, 2500, 2499, 2436, 2437, 2501, 2436, 2501, 2500, 2437, 2438, 2502, 2437, 2502, 2501, 2438, 2439, 2503, 2438, 2503, 2502, 2439, 2440, 2504, 2439, 2504, 2503, 2440, 2441, 2505, 2440, 2505, 2504, 2441, 2442, 2506, 2441, 2506, 2505, 2442, 2443, 2507, 2442, 2507, 2506, 2443, 2444, 2508, 2443, 2508, 2507, 2444, 2445, 2509, 2444, 2509, 2508, 2445, 2446, 2510, 2445, 2510, 2509, 2446, 2447, 2511, 2446, 2511, 2510, 2447, 2448, 2512, 2447, 2512, 2511, 2448, 2449, 2513, 2448, 2513, 2512, 2449, 2450, 2514, 2449, 2514, 2513, 2450, 2451, 2515, 2450, 2515, 2514, 2451, 2452, 2516, 2451, 2516, 2515, 2452, 2453, 2517, 2452, 2517, 2516, 2453, 2454, 2518, 2453, 2518, 2517, 2454, 2455, 2519, 2454, 2519, 2518, 2455, 2456, 2520, 2455, 2520, 2519, 2456, 2457, 2521, 2456, 2521, 2520, 2457, 2458, 2522, 2457, 2522, 2521, 2458, 2459, 2523, 2458, 2523, 2522, 2459, 2460, 2524, 2459, 2524, 2523, 2460, 2461, 2525, 2460, 2525, 2524, 2461, 2462, 2526, 2461, 2526, 2525, 2462, 2463, 2527, 2462, 2527, 2526, 2463, 2464, 2528, 2463, 2528, 2527, 2464, 2465, 2529, 2464, 2529, 2528, 2465, 2466, 2530, 2465, 2530, 2529, 2466, 2467, 2531, 2466, 2531, 2530, 2467, 2468, 2532, 2467, 2532, 2531, 2468, 2469, 2533, 2468, 2533, 2532, 2469, 2470, 2534, 2469, 2534, 2533, 2470, 2471, 2535, 2470, 2535, 2534, 2471, 2472, 2536, 2471, 2536, 2535, 2472, 2473, 2537, 2472, 2537, 2536, 2473, 2474, 2538, 2473, 2538, 2537, 2474, 2475, 2539, 2474, 2539, 2538, 2475, 2476, 2540, 2475, 2540, 2539, 2476, 2477, 2541, 2476, 2541, 2540, 2477, 2478, 2542, 2477, 2542, 2541, 2478, 2479, 2543, 2478, 2543, 2542, 2479, 2480, 2544, 2479, 2544, 2543, 2480, 2481, 2545, 2480, 2545, 2544, 2481, 2482, 2546, 2481, 2546, 2545, 2482, 2483, 2547, 2482, 2547, 2546, 2483, 2484, 2548, 2483, 2548, 2547, 2484, 2485, 2549, 2484, 2549, 2548, 2485, 2486, 2550, 2485, 2550, 2549, 2486, 2487, 2551, 2486, 2551, 2550, 2487, 2488, 2552, 2487, 2552, 2551, 2488, 2489, 2553, 2488, 2553, 2552, 2489, 2490, 2554, 2489, 2554, 2553, 2490, 2491, 2555, 2490, 2555, 2554, 2491, 2492, 2556, 2491, 2556, 2555, 2492, 2493, 2557, 2492, 2557, 2556, 2493, 2494, 2558, 2493, 2558, 2557, 2494, 2495, 2559, 2494, 2559, 2558, 2495, 2432, 2496, 2495, 2496, 2559, 2496, 2497, 2561, 2496, 2561, 2560, 2497, 2498, 2562, 2497, 2562, 2561, 2498, 2499, 2563, 2498, 2563, 2562, 2499, 2500, 2564, 2499, 2564, 2563, 2500, 2501, 2565, 2500, 2565, 2564, 2501, 2502, 2566, 2501, 2566, 2565, 2502, 2503, 2567, 2502, 2567, 2566, 2503, 2504, 2568, 2503, 2568, 2567, 2504, 2505, 2569, 2504, 2569, 2568, 2505, 2506, 2570, 2505, 2570, 2569, 2506, 2507, 2571, 2506, 2571, 2570, 2507, 2508, 2572, 2507, 2572, 2571, 2508, 2509, 2573, 2508, 2573, 2572, 2509, 2510, 2574, 2509, 2574, 2573, 2510, 2511, 2575, 2510, 2575, 2574, 2511, 2512, 2576, 2511, 2576, 2575, 2512, 2513, 2577, 2512, 2577, 2576, 2513, 2514, 2578, 2513, 2578, 2577, 2514, 2515, 2579, 2514, 2579, 2578, 2515, 2516, 2580, 2515, 2580, 2579, 2516, 2517, 2581, 2516, 2581, 2580, 2517, 2518, 2582, 2517, 2582, 2581, 2518, 2519, 2583, 2518, 2583, 2582, 2519, 2520, 2584, 2519, 2584, 2583, 2520, 2521, 2585, 2520, 2585, 2584, 2521, 2522, 2586, 2521, 2586, 2585, 2522, 2523, 2587, 2522, 2587, 2586, 2523, 2524, 2588, 2523, 2588, 2587, 2524, 2525, 2589, 2524, 2589, 2588, 2525, 2526, 2590, 2525, 2590, 2589, 2526, 2527, 2591, 2526, 2591, 2590, 2527, 2528, 2592, 2527, 2592, 2591, 2528, 2529, 2593, 2528, 2593, 2592, 2529, 2530, 2594, 2529, 2594, 2593, 2530, 2531, 2595, 2530, 2595, 2594, 2531, 2532, 2596, 2531, 2596, 2595, 2532, 2533, 2597, 2532, 2597, 2596, 2533, 2534, 2598, 2533, 2598, 2597, 2534, 2535, 2599, 2534, 2599, 2598, 2535, 2536, 2600, 2535, 2600, 2599, 2536, 2537, 2601, 2536, 2601, 2600, 2537, 2538, 2602, 2537, 2602, 2601, 2538, 2539, 2603, 2538, 2603, 2602, 2539, 2540, 2604, 2539, 2604, 2603, 2540, 2541, 2605, 2540, 2605, 2604, 2541, 2542, 2606, 2541, 2606, 2605, 2542, 2543, 2607, 2542, 2607, 2606, 2543, 2544, 2608, 2543, 2608, 2607, 2544, 2545, 2609, 2544, 2609, 2608, 2545, 2546, 2610, 2545, 2610, 2609, 2546, 2547, 2611, 2546, 2611, 2610, 2547, 2548, 2612, 2547, 2612, 2611, 2548, 2549, 2613, 2548, 2613, 2612, 2549, 2550, 2614, 2549, 2614, 2613, 2550, 2551, 2615, 2550, 2615, 2614, 2551, 2552, 2616, 2551, 2616, 2615, 2552, 2553, 2617, 2552, 2617, 2616, 2553, 2554, 2618, 2553, 2618, 2617, 2554, 2555, 2619, 2554, 2619, 2618, 2555, 2556, 2620, 2555, 2620, 2619, 2556, 2557, 2621, 2556, 2621, 2620, 2557, 2558, 2622, 2557, 2622, 2621, 2558, 2559, 2623, 2558, 2623, 2622, 2559, 2496, 2560, 2559, 2560, 2623, 2560, 2561, 2625, 2560, 2625, 2624, 2561, 2562, 2626, 2561, 2626, 2625, 2562, 2563, 2627, 2562, 2627, 2626, 2563, 2564, 2628, 2563, 2628, 2627, 2564, 2565, 2629, 2564, 2629, 2628, 2565, 2566, 2630, 2565, 2630, 2629, 2566, 2567, 2631, 2566, 2631, 2630, 2567, 2568, 2632, 2567, 2632, 2631, 2568, 2569, 2633, 2568, 2633, 2632, 2569, 2570, 2634, 2569, 2634, 2633, 2570, 2571, 2635, 2570, 2635, 2634, 2571, 2572, 2636, 2571, 2636, 2635, 2572, 2573, 2637, 2572, 2637, 2636, 2573, 2574, 2638, 2573, 2638, 2637, 2574, 2575, 2639, 2574, 2639, 2638, 2575, 2576, 2640, 2575, 2640, 2639, 2576, 2577, 2641, 2576, 2641, 2640, 2577, 2578, 2642, 2577, 2642, 2641, 2578, 2579, 2643, 2578, 2643, 2642, 2579, 2580, 2644, 2579, 2644, 2643, 2580, 2581, 2645, 2580, 2645, 2644, 2581, 2582, 2646, 2581, 2646, 2645, 2582, 2583, 2647, 2582, 2647, 2646, 2583, 2584, 2648, 2583, 2648, 2647, 2584, 2585, 2649, 2584, 2649, 2648, 2585, 2586, 2650, 2585, 2650, 2649, 2586, 2587, 2651, 2586, 2651, 2650, 2587, 2588, 2652, 2587, 2652, 2651, 2588, 2589, 2653, 2588, 2653, 2652, 2589, 2590, 2654, 2589, 2654, 2653, 2590, 2591, 2655, 2590, 2655, 2654, 2591, 2592, 2656, 2591, 2656, 2655, 2592, 2593, 2657, 2592, 2657, 2656, 2593, 2594, 2658, 2593, 2658, 2657, 2594, 2595, 2659, 2594, 2659, 2658, 2595, 2596, 2660, 2595, 2660, 2659, 2596, 2597, 2661, 2596, 2661, 2660, 2597, 2598, 2662, 2597, 2662, 2661, 2598, 2599, 2663, 2598, 2663, 2662, 2599, 2600, 2664, 2599, 2664, 2663, 2600, 2601, 2665, 2600, 2665, 2664, 2601, 2602, 2666, 2601, 2666, 2665, 2602, 2603, 2667, 2602, 2667, 2666, 2603, 2604, 2668, 2603, 2668, 2667, 2604, 2605, 2669, 2604, 2669, 2668, 2605, 2606, 2670, 2605, 2670, 2669, 2606, 2607, 2671, 2606, 2671, 2670, 2607, 2608, 2672, 2607, 2672, 2671, 2608, 2609, 2673, 2608, 2673, 2672, 2609, 2610, 2674, 2609, 2674, 2673, 2610, 2611, 2675, 2610, 2675, 2674, 2611, 2612, 2676, 2611, 2676, 2675, 2612, 2613, 2677, 2612, 2677, 2676, 2613, 2614, 2678, 2613, 2678, 2677, 2614, 2615, 2679, 2614, 2679, 2678, 2615, 2616, 2680, 2615, 2680, 2679, 2616, 2617, 2681, 2616, 2681, 2680, 2617, 2618, 2682, 2617, 2682, 2681, 2618, 2619, 2683, 2618, 2683, 2682, 2619, 2620, 2684, 2619, 2684, 2683, 2620, 2621, 2685, 2620, 2685, 2684, 2621, 2622, 2686, 2621, 2686, 2685, 2622, 2623, 2687, 2622, 2687, 2686, 2623, 2560, 2624, 2623, 2624, 2687, 2624, 2625, 2689, 2624, 2689, 2688, 2625, 2626, 2690, 2625, 2690, 2689, 2626, 2627, 2691, 2626, 2691, 2690, 2627, 2628, 2692, 2627, 2692, 2691, 2628, 2629, 2693, 2628, 2693, 2692, 2629, 2630, 2694, 2629, 2694, 2693, 2630, 2631, 2695, 2630, 2695, 2694, 2631, 2632, 2696, 2631, 2696, 2695, 2632, 2633, 2697, 2632, 2697, 2696, 2633, 2634, 2698, 2633, 2698, 2697, 2634, 2635, 2699, 2634, 2699, 2698, 2635, 2636, 2700, 2635, 2700, 2699, 2636, 2637, 2701, 2636, 2701, 2700, 2637, 2638, 2702, 2637, 2702, 2701, 2638, 2639, 2703, 2638, 2703, 2702, 2639, 2640, 2704, 2639, 2704, 2703, 2640, 2641, 2705, 2640, 2705, 2704, 2641, 2642, 2706, 2641, 2706, 2705, 2642, 2643, 2707, 2642, 2707, 2706, 2643, 2644, 2708, 2643, 2708, 2707, 2644, 2645, 2709, 2644, 2709, 2708, 2645, 2646, 2710, 2645, 2710, 2709, 2646, 2647, 2711, 2646, 2711, 2710, 2647, 2648, 2712, 2647, 2712, 2711, 2648, 2649, 2713, 2648, 2713, 2712, 2649, 2650, 2714, 2649, 2714, 2713, 2650, 2651, 2715, 2650, 2715, 2714, 2651, 2652, 2716, 2651, 2716, 2715, 2652, 2653, 2717, 2652, 2717, 2716, 2653, 2654, 2718, 2653, 2718, 2717, 2654, 2655, 2719, 2654, 2719, 2718, 2655, 2656, 2720, 2655, 2720, 2719, 2656, 2657, 2721, 2656, 2721, 2720, 2657, 2658, 2722, 2657, 2722, 2721, 2658, 2659, 2723, 2658, 2723, 2722, 2659, 2660, 2724, 2659, 2724, 2723, 2660, 2661, 2725, 2660, 2725, 2724, 2661, 2662, 2726, 2661, 2726, 2725, 2662, 2663, 2727, 2662, 2727, 2726, 2663, 2664, 2728, 2663, 2728, 2727, 2664, 2665, 2729, 2664, 2729, 2728, 2665, 2666, 2730, 2665, 2730, 2729, 2666, 2667, 2731, 2666, 2731, 2730, 2667, 2668, 2732, 2667, 2732, 2731, 2668, 2669, 2733, 2668, 2733, 2732, 2669, 2670, 2734, 2669, 2734, 2733, 2670, 2671, 2735, 2670, 2735, 2734, 2671, 2672, 2736, 2671, 2736, 2735, 2672, 2673, 2737, 2672, 2737, 2736, 2673, 2674, 2738, 2673, 2738, 2737, 2674, 2675, 2739, 2674, 2739, 2738, 2675, 2676, 2740, 2675, 2740, 2739, 2676, 2677, 2741, 2676, 2741, 2740, 2677, 2678, 2742, 2677, 2742, 2741, 2678, 2679, 2743, 2678, 2743, 2742, 2679, 2680, 2744, 2679, 2744, 2743, 2680, 2681, 2745, 2680, 2745, 2744, 2681, 2682, 2746, 2681, 2746, 2745, 2682, 2683, 2747, 2682, 2747, 2746, 2683, 2684, 2748, 2683, 2748, 2747, 2684, 2685, 2749, 2684, 2749, 2748, 2685, 2686, 2750, 2685, 2750, 2749, 2686, 2687, 2751, 2686, 2751, 2750, 2687, 2624, 2688, 2687, 2688, 2751, 2688, 2689, 2753, 2688, 2753, 2752, 2689, 2690, 2754, 2689, 2754, 2753, 2690, 2691, 2755, 2690, 2755, 2754, 2691, 2692, 2756, 2691, 2756, 2755, 2692, 2693, 2757, 2692, 2757, 2756, 2693, 2694, 2758, 2693, 2758, 2757, 2694, 2695, 2759, 2694, 2759, 2758, 2695, 2696, 2760, 2695, 2760, 2759, 2696, 2697, 2761, 2696, 2761, 2760, 2697, 2698, 2762, 2697, 2762, 2761, 2698, 2699, 2763, 2698, 2763, 2762, 2699, 2700, 2764, 2699, 2764, 2763, 2700, 2701, 2765, 2700, 2765, 2764, 2701, 2702, 2766, 2701, 2766, 2765, 2702, 2703, 2767, 2702, 2767, 2766, 2703, 2704, 2768, 2703, 2768, 2767, 2704, 2705, 2769, 2704, 2769, 2768, 2705, 2706, 2770, 2705, 2770, 2769, 2706, 2707, 2771, 2706, 2771, 2770, 2707, 2708, 2772, 2707, 2772, 2771, 2708, 2709, 2773, 2708, 2773, 2772, 2709, 2710, 2774, 2709, 2774, 2773, 2710, 2711, 2775, 2710, 2775, 2774, 2711, 2712, 2776, 2711, 2776, 2775, 2712, 2713, 2777, 2712, 2777, 2776, 2713, 2714, 2778, 2713, 2778, 2777, 2714, 2715, 2779, 2714, 2779, 2778, 2715, 2716, 2780, 2715, 2780, 2779, 2716, 2717, 2781, 2716, 2781, 2780, 2717, 2718, 2782, 2717, 2782, 2781, 2718, 2719, 2783, 2718, 2783, 2782, 2719, 2720, 2784, 2719, 2784, 2783, 2720, 2721, 2785, 2720, 2785, 2784, 2721, 2722, 2786, 2721, 2786, 2785, 2722, 2723, 2787, 2722, 2787, 2786, 2723, 2724, 2788, 2723, 2788, 2787, 2724, 2725, 2789, 2724, 2789, 2788, 2725, 2726, 2790, 2725, 2790, 2789, 2726, 2727, 2791, 2726, 2791, 2790, 2727, 2728, 2792, 2727, 2792, 2791, 2728, 2729, 2793, 2728, 2793, 2792, 2729, 2730, 2794, 2729, 2794, 2793, 2730, 2731, 2795, 2730, 2795, 2794, 2731, 2732, 2796, 2731, 2796, 2795, 2732, 2733, 2797, 2732, 2797, 2796, 2733, 2734, 2798, 2733, 2798, 2797, 2734, 2735, 2799, 2734, 2799, 2798, 2735, 2736, 2800, 2735, 2800, 2799, 2736, 2737, 2801, 2736, 2801, 2800, 2737, 2738, 2802, 2737, 2802, 2801, 2738, 2739, 2803, 2738, 2803, 2802, 2739, 2740, 2804, 2739, 2804, 2803, 2740, 2741, 2805, 2740, 2805, 2804, 2741, 2742, 2806, 2741, 2806, 2805, 2742, 2743, 2807, 2742, 2807, 2806, 2743, 2744, 2808, 2743, 2808, 2807, 2744, 2745, 2809, 2744, 2809, 2808, 2745, 2746, 2810, 2745, 2810, 2809, 2746, 2747, 2811, 2746, 2811, 2810, 2747, 2748, 2812, 2747, 2812, 2811, 2748, 2749, 2813, 2748, 2813, 2812, 2749, 2750, 2814, 2749, 2814, 2813, 2750, 2751, 2815, 2750, 2815, 2814, 2751, 2688, 2752, 2751, 2752, 2815, 2752, 2753, 2817, 2752, 2817, 2816, 2753, 2754, 2818, 2753, 2818, 2817, 2754, 2755, 2819, 2754, 2819, 2818, 2755, 2756, 2820, 2755, 2820, 2819, 2756, 2757, 2821, 2756, 2821, 2820, 2757, 2758, 2822, 2757, 2822, 2821, 2758, 2759, 2823, 2758, 2823, 2822, 2759, 2760, 2824, 2759, 2824, 2823, 2760, 2761, 2825, 2760, 2825, 2824, 2761, 2762, 2826, 2761, 2826, 2825, 2762, 2763, 2827, 2762, 2827, 2826, 2763, 2764, 2828, 2763, 2828, 2827, 2764, 2765, 2829, 2764, 2829, 2828, 2765, 2766, 2830, 2765, 2830, 2829, 2766, 2767, 2831, 2766, 2831, 2830, 2767, 2768, 2832, 2767, 2832, 2831, 2768, 2769, 2833, 2768, 2833, 2832, 2769, 2770, 2834, 2769, 2834, 2833, 2770, 2771, 2835, 2770, 2835, 2834, 2771, 2772, 2836, 2771, 2836, 2835, 2772, 2773, 2837, 2772, 2837, 2836, 2773, 2774, 2838, 2773, 2838, 2837, 2774, 2775, 2839, 2774, 2839, 2838, 2775, 2776, 2840, 2775, 2840, 2839, 2776, 2777, 2841, 2776, 2841, 2840, 2777, 2778, 2842, 2777, 2842, 2841, 2778, 2779, 2843, 2778, 2843, 2842, 2779, 2780, 2844, 2779, 2844, 2843, 2780, 2781, 2845, 2780, 2845, 2844, 2781, 2782, 2846, 2781, 2846, 2845, 2782, 2783, 2847, 2782, 2847, 2846, 2783, 2784, 2848, 2783, 2848, 2847, 2784, 2785, 2849, 2784, 2849, 2848, 2785, 2786, 2850, 2785, 2850, 2849, 2786, 2787, 2851, 2786, 2851, 2850, 2787, 2788, 2852, 2787, 2852, 2851, 2788, 2789, 2853, 2788, 2853, 2852, 2789, 2790, 2854, 2789, 2854, 2853, 2790, 2791, 2855, 2790, 2855, 2854, 2791, 2792, 2856, 2791, 2856, 2855, 2792, 2793, 2857, 2792, 2857, 2856, 2793, 2794, 2858, 2793, 2858, 2857, 2794, 2795, 2859, 2794, 2859, 2858, 2795, 2796, 2860, 2795, 2860, 2859, 2796, 2797, 2861, 2796, 2861, 2860, 2797, 2798, 2862, 2797, 2862, 2861, 2798, 2799, 2863, 2798, 2863, 2862, 2799, 2800, 2864, 2799, 2864, 2863, 2800, 2801, 2865, 2800, 2865, 2864, 2801, 2802, 2866, 2801, 2866, 2865, 2802, 2803, 2867, 2802, 2867, 2866, 2803, 2804, 2868, 2803, 2868, 2867, 2804, 2805, 2869, 2804, 2869, 2868, 2805, 2806, 2870, 2805, 2870, 2869, 2806, 2807, 2871, 2806, 2871, 2870, 2807, 2808, 2872, 2807, 2872, 2871, 2808, 2809, 2873, 2808, 2873, 2872, 2809, 2810, 2874, 2809, 2874, 2873, 2810, 2811, 2875, 2810, 2875, 2874, 2811, 2812, 2876, 2811, 2876, 2875, 2812, 2813, 2877, 2812, 2877, 2876, 2813, 2814, 2878, 2813, 2878, 2877, 2814, 2815, 2879, 2814, 2879, 2878, 2815, 2752, 2816, 2815, 2816, 2879, 2816, 2817, 2881, 2816, 2881, 2880, 2817, 2818, 2882, 2817, 2882, 2881, 2818, 2819, 2883, 2818, 2883, 2882, 2819, 2820, 2884, 2819, 2884, 2883, 2820, 2821, 2885, 2820, 2885, 2884, 2821, 2822, 2886, 2821, 2886, 2885, 2822, 2823, 2887, 2822, 2887, 2886, 2823, 2824, 2888, 2823, 2888, 2887, 2824, 2825, 2889, 2824, 2889, 2888, 2825, 2826, 2890, 2825, 2890, 2889, 2826, 2827, 2891, 2826, 2891, 2890, 2827, 2828, 2892, 2827, 2892, 2891, 2828, 2829, 2893, 2828, 2893, 2892, 2829, 2830, 2894, 2829, 2894, 2893, 2830, 2831, 2895, 2830, 2895, 2894, 2831, 2832, 2896, 2831, 2896, 2895, 2832, 2833, 2897, 2832, 2897, 2896, 2833, 2834, 2898, 2833, 2898, 2897, 2834, 2835, 2899, 2834, 2899, 2898, 2835, 2836, 2900, 2835, 2900, 2899, 2836, 2837, 2901, 2836, 2901, 2900, 2837, 2838, 2902, 2837, 2902, 2901, 2838, 2839, 2903, 2838, 2903, 2902, 2839, 2840, 2904, 2839, 2904, 2903, 2840, 2841, 2905, 2840, 2905, 2904, 2841, 2842, 2906, 2841, 2906, 2905, 2842, 2843, 2907, 2842, 2907, 2906, 2843, 2844, 2908, 2843, 2908, 2907, 2844, 2845, 2909, 2844, 2909, 2908, 2845, 2846, 2910, 2845, 2910, 2909, 2846, 2847, 2911, 2846, 2911, 2910, 2847, 2848, 2912, 2847, 2912, 2911, 2848, 2849, 2913, 2848, 2913, 2912, 2849, 2850, 2914, 2849, 2914, 2913, 2850, 2851, 2915, 2850, 2915, 2914, 2851, 2852, 2916, 2851, 2916, 2915, 2852, 2853, 2917, 2852, 2917, 2916, 2853, 2854, 2918, 2853, 2918, 2917, 2854, 2855, 2919, 2854, 2919, 2918, 2855, 2856, 2920, 2855, 2920, 2919, 2856, 2857, 2921, 2856, 2921, 2920, 2857, 2858, 2922, 2857, 2922, 2921, 2858, 2859, 2923, 2858, 2923, 2922, 2859, 2860, 2924, 2859, 2924, 2923, 2860, 2861, 2925, 2860, 2925, 2924, 2861, 2862, 2926, 2861, 2926, 2925, 2862, 2863, 2927, 2862, 2927, 2926, 2863, 2864, 2928, 2863, 2928, 2927, 2864, 2865, 2929, 2864, 2929, 2928, 2865, 2866, 2930, 2865, 2930, 2929, 2866, 2867, 2931, 2866, 2931, 2930, 2867, 2868, 2932, 2867, 2932, 2931, 2868, 2869, 2933, 2868, 2933, 2932, 2869, 2870, 2934, 2869, 2934, 2933, 2870, 2871, 2935, 2870, 2935, 2934, 2871, 2872, 2936, 2871, 2936, 2935, 2872, 2873, 2937, 2872, 2937, 2936, 2873, 2874, 2938, 2873, 2938, 2937, 2874, 2875, 2939, 2874, 2939, 2938, 2875, 2876, 2940, 2875, 2940, 2939, 2876, 2877, 2941, 2876, 2941, 2940, 2877, 2878, 2942, 2877, 2942, 2941, 2878, 2879, 2943, 2878, 2943, 2942, 2879, 2816, 2880, 2879, 2880, 2943, 2880, 2881, 2945, 2880, 2945, 2944, 2881, 2882, 2946, 2881, 2946, 2945, 2882, 2883, 2947, 2882, 2947, 2946, 2883, 2884, 2948, 2883, 2948, 2947, 2884, 2885, 2949, 2884, 2949, 2948, 2885, 2886, 2950, 2885, 2950, 2949, 2886, 2887, 2951, 2886, 2951, 2950, 2887, 2888, 2952, 2887, 2952, 2951, 2888, 2889, 2953, 2888, 2953, 2952, 2889, 2890, 2954, 2889, 2954, 2953, 2890, 2891, 2955, 2890, 2955, 2954, 2891, 2892, 2956, 2891, 2956, 2955, 2892, 2893, 2957, 2892, 2957, 2956, 2893, 2894, 2958, 2893, 2958, 2957, 2894, 2895, 2959, 2894, 2959, 2958, 2895, 2896, 2960, 2895, 2960, 2959, 2896, 2897, 2961, 2896, 2961, 2960, 2897, 2898, 2962, 2897, 2962, 2961, 2898, 2899, 2963, 2898, 2963, 2962, 2899, 2900, 2964, 2899, 2964, 2963, 2900, 2901, 2965, 2900, 2965, 2964, 2901, 2902, 2966, 2901, 2966, 2965, 2902, 2903, 2967, 2902, 2967, 2966, 2903, 2904, 2968, 2903, 2968, 2967, 2904, 2905, 2969, 2904, 2969, 2968, 2905, 2906, 2970, 2905, 2970, 2969, 2906, 2907, 2971, 2906, 2971, 2970, 2907, 2908, 2972, 2907, 2972, 2971, 2908, 2909, 2973, 2908, 2973, 2972, 2909, 2910, 2974, 2909, 2974, 2973, 2910, 2911, 2975, 2910, 2975, 2974, 2911, 2912, 2976, 2911, 2976, 2975, 2912, 2913, 2977, 2912, 2977, 2976, 2913, 2914, 2978, 2913, 2978, 2977, 2914, 2915, 2979, 2914, 2979, 2978, 2915, 2916, 2980, 2915, 2980, 2979, 2916, 2917, 2981, 2916, 2981, 2980, 2917, 2918, 2982, 2917, 2982, 2981, 2918, 2919, 2983, 2918, 2983, 2982, 2919, 2920, 2984, 2919, 2984, 2983, 2920, 2921, 2985, 2920, 2985, 2984, 2921, 2922, 2986, 2921, 2986, 2985, 2922, 2923, 2987, 2922, 2987, 2986, 2923, 2924, 2988, 2923, 2988, 2987, 2924, 2925, 2989, 2924, 2989, 2988, 2925, 2926, 2990, 2925, 2990, 2989, 2926, 2927, 2991, 2926, 2991, 2990, 2927, 2928, 2992, 2927, 2992, 2991, 2928, 2929, 2993, 2928, 2993, 2992, 2929, 2930, 2994, 2929, 2994, 2993, 2930, 2931, 2995, 2930, 2995, 2994, 2931, 2932, 2996, 2931, 2996, 2995, 2932, 2933, 2997, 2932, 2997, 2996, 2933, 2934, 2998, 2933, 2998, 2997, 2934, 2935, 2999, 2934, 2999, 2998, 2935, 2936, 3000, 2935, 3000, 2999, 2936, 2937, 3001, 2936, 3001, 3000, 2937, 2938, 3002, 2937, 3002, 3001, 2938, 2939, 3003, 2938, 3003, 3002, 2939, 2940, 3004, 2939, 3004, 3003, 2940, 2941, 3005, 2940, 3005, 3004, 2941, 2942, 3006, 2941, 3006, 3005, 2942, 2943, 3007, 2942, 3007, 3006, 2943, 2880, 2944, 2943, 2944, 3007, 2944, 2945, 3009, 2944, 3009, 3008, 2945, 2946, 3010, 2945, 3010, 3009, 2946, 2947, 3011, 2946, 3011, 3010, 2947, 2948, 3012, 2947, 3012, 3011, 2948, 2949, 3013, 2948, 3013, 3012, 2949, 2950, 3014, 2949, 3014, 3013, 2950, 2951, 3015, 2950, 3015, 3014, 2951, 2952, 3016, 2951, 3016, 3015, 2952, 2953, 3017, 2952, 3017, 3016, 2953, 2954, 3018, 2953, 3018, 3017, 2954, 2955, 3019, 2954, 3019, 3018, 2955, 2956, 3020, 2955, 3020, 3019, 2956, 2957, 3021, 2956, 3021, 3020, 2957, 2958, 3022, 2957, 3022, 3021, 2958, 2959, 3023, 2958, 3023, 3022, 2959, 2960, 3024, 2959, 3024, 3023, 2960, 2961, 3025, 2960, 3025, 3024, 2961, 2962, 3026, 2961, 3026, 3025, 2962, 2963, 3027, 2962, 3027, 3026, 2963, 2964, 3028, 2963, 3028, 3027, 2964, 2965, 3029, 2964, 3029, 3028, 2965, 2966, 3030, 2965, 3030, 3029, 2966, 2967, 3031, 2966, 3031, 3030, 2967, 2968, 3032, 2967, 3032, 3031, 2968, 2969, 3033, 2968, 3033, 3032, 2969, 2970, 3034, 2969, 3034, 3033, 2970, 2971, 3035, 2970, 3035, 3034, 2971, 2972, 3036, 2971, 3036, 3035, 2972, 2973, 3037, 2972, 3037, 3036, 2973, 2974, 3038, 2973, 3038, 3037, 2974, 2975, 3039, 2974, 3039, 3038, 2975, 2976, 3040, 2975, 3040, 3039, 2976, 2977, 3041, 2976, 3041, 3040, 2977, 2978, 3042, 2977, 3042, 3041, 2978, 2979, 3043, 2978, 3043, 3042, 2979, 2980, 3044, 2979, 3044, 3043, 2980, 2981, 3045, 2980, 3045, 3044, 2981, 2982, 3046, 2981, 3046, 3045, 2982, 2983, 3047, 2982, 3047, 3046, 2983, 2984, 3048, 2983, 3048, 3047, 2984, 2985, 3049, 2984, 3049, 3048, 2985, 2986, 3050, 2985, 3050, 3049, 2986, 2987, 3051, 2986, 3051, 3050, 2987, 2988, 3052, 2987, 3052, 3051, 2988, 2989, 3053, 2988, 3053, 3052, 2989, 2990, 3054, 2989, 3054, 3053, 2990, 2991, 3055, 2990, 3055, 3054, 2991, 2992, 3056, 2991, 3056, 3055, 2992, 2993, 3057, 2992, 3057, 3056, 2993, 2994, 3058, 2993, 3058, 3057, 2994, 2995, 3059, 2994, 3059, 3058, 2995, 2996, 3060, 2995, 3060, 3059, 2996, 2997, 3061, 2996, 3061, 3060, 2997, 2998, 3062, 2997, 3062, 3061, 2998, 2999, 3063, 2998, 3063, 3062, 2999, 3000, 3064, 2999, 3064, 3063, 3000, 3001, 3065, 3000, 3065, 3064, 3001, 3002, 3066, 3001, 3066, 3065, 3002, 3003, 3067, 3002, 3067, 3066, 3003, 3004, 3068, 3003, 3068, 3067, 3004, 3005, 3069, 3004, 3069, 3068, 3005, 3006, 3070, 3005, 3070, 3069, 3006, 3007, 3071, 3006, 3071, 3070, 3007, 2944, 3008, 3007, 3008, 3071, 3008, 3009, 3073, 3008, 3073, 3072, 3009, 3010, 3074, 3009, 3074, 3073, 3010, 3011, 3075, 3010, 3075, 3074, 3011, 3012, 3076, 3011, 3076, 3075, 3012, 3013, 3077, 3012, 3077, 3076, 3013, 3014, 3078, 3013, 3078, 3077, 3014, 3015, 3079, 3014, 3079, 3078, 3015, 3016, 3080, 3015, 3080, 3079, 3016, 3017, 3081, 3016, 3081, 3080, 3017, 3018, 3082, 3017, 3082, 3081, 3018, 3019, 3083, 3018, 3083, 3082, 3019, 3020, 3084, 3019, 3084, 3083, 3020, 3021, 3085, 3020, 3085, 3084, 3021, 3022, 3086, 3021, 3086, 3085, 3022, 3023, 3087, 3022, 3087, 3086, 3023, 3024, 3088, 3023, 3088, 3087, 3024, 3025, 3089, 3024, 3089, 3088, 3025, 3026, 3090, 3025, 3090, 3089, 3026, 3027, 3091, 3026, 3091, 3090, 3027, 3028, 3092, 3027, 3092, 3091, 3028, 3029, 3093, 3028, 3093, 3092, 3029, 3030, 3094, 3029, 3094, 3093, 3030, 3031, 3095, 3030, 3095, 3094, 3031, 3032, 3096, 3031, 3096, 3095, 3032, 3033, 3097, 3032, 3097, 3096, 3033, 3034, 3098, 3033, 3098, 3097, 3034, 3035, 3099, 3034, 3099, 3098, 3035, 3036, 3100, 3035, 3100, 3099, 3036, 3037, 3101, 3036, 3101, 3100, 3037, 3038, 3102, 3037, 3102, 3101, 3038, 3039, 3103, 3038, 3103, 3102, 3039, 3040, 3104, 3039, 3104, 3103, 3040, 3041, 3105, 3040, 3105, 3104, 3041, 3042, 3106, 3041, 3106, 3105, 3042, 3043, 3107, 3042, 3107, 3106, 3043, 3044, 3108, 3043, 3108, 3107, 3044, 3045, 3109, 3044, 3109, 3108, 3045, 3046, 3110, 3045, 3110, 3109, 3046, 3047, 3111, 3046, 3111, 3110, 3047, 3048, 3112, 3047, 3112, 3111, 3048, 3049, 3113, 3048, 3113, 3112, 3049, 3050, 3114, 3049, 3114, 3113, 3050, 3051, 3115, 3050, 3115, 3114, 3051, 3052, 3116, 3051, 3116, 3115, 3052, 3053, 3117, 3052, 3117, 3116, 3053, 3054, 3118, 3053, 3118, 3117, 3054, 3055, 3119, 3054, 3119, 3118, 3055, 3056, 3120, 3055, 3120, 3119, 3056, 3057, 3121, 3056, 3121, 3120, 3057, 3058, 3122, 3057, 3122, 3121, 3058, 3059, 3123, 3058, 3123, 3122, 3059, 3060, 3124, 3059, 3124, 3123, 3060, 3061, 3125, 3060, 3125, 3124, 3061, 3062, 3126, 3061, 3126, 3125, 3062, 3063, 3127, 3062, 3127, 3126, 3063, 3064, 3128, 3063, 3128, 3127, 3064, 3065, 3129, 3064, 3129, 3128, 3065, 3066, 3130, 3065, 3130, 3129, 3066, 3067, 3131, 3066, 3131, 3130, 3067, 3068, 3132, 3067, 3132, 3131, 3068, 3069, 3133, 3068, 3133, 3132, 3069, 3070, 3134, 3069, 3134, 3133, 3070, 3071, 3135, 3070, 3135, 3134, 3071, 3008, 3072, 3071, 3072, 3135, 3072, 3073, 3137, 3072, 3137, 3136, 3073, 3074, 3138, 3073, 3138, 3137, 3074, 3075, 3139, 3074, 3139, 3138, 3075, 3076, 3140, 3075, 3140, 3139, 3076, 3077, 3141, 3076, 3141, 3140, 3077, 3078, 3142, 3077, 3142, 3141, 3078, 3079, 3143, 3078, 3143, 3142, 3079, 3080, 3144, 3079, 3144, 3143, 3080, 3081, 3145, 3080, 3145, 3144, 3081, 3082, 3146, 3081, 3146, 3145, 3082, 3083, 3147, 3082, 3147, 3146, 3083, 3084, 3148, 3083, 3148, 3147, 3084, 3085, 3149, 3084, 3149, 3148, 3085, 3086, 3150, 3085, 3150, 3149, 3086, 3087, 3151, 3086, 3151, 3150, 3087, 3088, 3152, 3087, 3152, 3151, 3088, 3089, 3153, 3088, 3153, 3152, 3089, 3090, 3154, 3089, 3154, 3153, 3090, 3091, 3155, 3090, 3155, 3154, 3091, 3092, 3156, 3091, 3156, 3155, 3092, 3093, 3157, 3092, 3157, 3156, 3093, 3094, 3158, 3093, 3158, 3157, 3094, 3095, 3159, 3094, 3159, 3158, 3095, 3096, 3160, 3095, 3160, 3159, 3096, 3097, 3161, 3096, 3161, 3160, 3097, 3098, 3162, 3097, 3162, 3161, 3098, 3099, 3163, 3098, 3163, 3162, 3099, 3100, 3164, 3099, 3164, 3163, 3100, 3101, 3165, 3100, 3165, 3164, 3101, 3102, 3166, 3101, 3166, 3165, 3102, 3103, 3167, 3102, 3167, 3166, 3103, 3104, 3168, 3103, 3168, 3167, 3104, 3105, 3169, 3104, 3169, 3168, 3105, 3106, 3170, 3105, 3170, 3169, 3106, 3107, 3171, 3106, 3171, 3170, 3107, 3108, 3172, 3107, 3172, 3171, 3108, 3109, 3173, 3108, 3173, 3172, 3109, 3110, 3174, 3109, 3174, 3173, 3110, 3111, 3175, 3110, 3175, 3174, 3111, 3112, 3176, 3111, 3176, 3175, 3112, 3113, 3177, 3112, 3177, 3176, 3113, 3114, 3178, 3113, 3178, 3177, 3114, 3115, 3179, 3114, 3179, 3178, 3115, 3116, 3180, 3115, 3180, 3179, 3116, 3117, 3181, 3116, 3181, 3180, 3117, 3118, 3182, 3117, 3182, 3181, 3118, 3119, 3183, 3118, 3183, 3182, 3119, 3120, 3184, 3119, 3184, 3183, 3120, 3121, 3185, 3120, 3185, 3184, 3121, 3122, 3186, 3121, 3186, 3185, 3122, 3123, 3187, 3122, 3187, 3186, 3123, 3124, 3188, 3123, 3188, 3187, 3124, 3125, 3189, 3124, 3189, 3188, 3125, 3126, 3190, 3125, 3190, 3189, 3126, 3127, 3191, 3126, 3191, 3190, 3127, 3128, 3192, 3127, 3192, 3191, 3128, 3129, 3193, 3128, 3193, 3192, 3129, 3130, 3194, 3129, 3194, 3193, 3130, 3131, 3195, 3130, 3195, 3194, 3131, 3132, 3196, 3131, 3196, 3195, 3132, 3133, 3197, 3132, 3197, 3196, 3133, 3134, 3198, 3133, 3198, 3197, 3134, 3135, 3199, 3134, 3199, 3198, 3135, 3072, 3136, 3135, 3136, 3199, 3136, 3137, 3201, 3136, 3201, 3200, 3137, 3138, 3202, 3137, 3202, 3201, 3138, 3139, 3203, 3138, 3203, 3202, 3139, 3140, 3204, 3139, 3204, 3203, 3140, 3141, 3205, 3140, 3205, 3204, 3141, 3142, 3206, 3141, 3206, 3205, 3142, 3143, 3207, 3142, 3207, 3206, 3143, 3144, 3208, 3143, 3208, 3207, 3144, 3145, 3209, 3144, 3209, 3208, 3145, 3146, 3210, 3145, 3210, 3209, 3146, 3147, 3211, 3146, 3211, 3210, 3147, 3148, 3212, 3147, 3212, 3211, 3148, 3149, 3213, 3148, 3213, 3212, 3149, 3150, 3214, 3149, 3214, 3213, 3150, 3151, 3215, 3150, 3215, 3214, 3151, 3152, 3216, 3151, 3216, 3215, 3152, 3153, 3217, 3152, 3217, 3216, 3153, 3154, 3218, 3153, 3218, 3217, 3154, 3155, 3219, 3154, 3219, 3218, 3155, 3156, 3220, 3155, 3220, 3219, 3156, 3157, 3221, 3156, 3221, 3220, 3157, 3158, 3222, 3157, 3222, 3221, 3158, 3159, 3223, 3158, 3223, 3222, 3159, 3160, 3224, 3159, 3224, 3223, 3160, 3161, 3225, 3160, 3225, 3224, 3161, 3162, 3226, 3161, 3226, 3225, 3162, 3163, 3227, 3162, 3227, 3226, 3163, 3164, 3228, 3163, 3228, 3227, 3164, 3165, 3229, 3164, 3229, 3228, 3165, 3166, 3230, 3165, 3230, 3229, 3166, 3167, 3231, 3166, 3231, 3230, 3167, 3168, 3232, 3167, 3232, 3231, 3168, 3169, 3233, 3168, 3233, 3232, 3169, 3170, 3234, 3169, 3234, 3233, 3170, 3171, 3235, 3170, 3235, 3234, 3171, 3172, 3236, 3171, 3236, 3235, 3172, 3173, 3237, 3172, 3237, 3236, 3173, 3174, 3238, 3173, 3238, 3237, 3174, 3175, 3239, 3174, 3239, 3238, 3175, 3176, 3240, 3175, 3240, 3239, 3176, 3177, 3241, 3176, 3241, 3240, 3177, 3178, 3242, 3177, 3242, 3241, 3178, 3179, 3243, 3178, 3243, 3242, 3179, 3180, 3244, 3179, 3244, 3243, 3180, 3181, 3245, 3180, 3245, 3244, 3181, 3182, 3246, 3181, 3246, 3245, 3182, 3183, 3247, 3182, 3247, 3246, 3183, 3184, 3248, 3183, 3248, 3247, 3184, 3185, 3249, 3184, 3249, 3248, 3185, 3186, 3250, 3185, 3250, 3249, 3186, 3187, 3251, 3186, 3251, 3250, 3187, 3188, 3252, 3187, 3252, 3251, 3188, 3189, 3253, 3188, 3253, 3252, 3189, 3190, 3254, 3189, 3254, 3253, 3190, 3191, 3255, 3190, 3255, 3254, 3191, 3192, 3256, 3191, 3256, 3255, 3192, 3193, 3257, 3192, 3257, 3256, 3193, 3194, 3258, 3193, 3258, 3257, 3194, 3195, 3259, 3194, 3259, 3258, 3195, 3196, 3260, 3195, 3260, 3259, 3196, 3197, 3261, 3196, 3261, 3260, 3197, 3198, 3262, 3197, 3262, 3261, 3198, 3199, 3263, 3198, 3263, 3262, 3199, 3136, 3200, 3199, 3200, 3263, 3264, 3265, 3267, 3264, 3267, 3266, 3268, 3270, 3271, 3268, 3271, 3269, 3264, 3268, 3269, 3264, 3269, 3265, 3266, 3267, 3271, 3266, 3271, 3270, 3264, 3266, 3270, 3264, 3270, 3268, 3265, 3269, 3271, 3265, 3271, 3267, 3272, 3273, 3275, 3272, 3275, 3274, 3276, 3278, 3279, 3276, 3279, 3277, 3272, 3276, 3277, 3272, 3277, 3273, 3274, 3275, 3279, 3274, 3279, 3278, 3272, 3274, 3278, 3272, 3278, 3276, 3273, 3277, 3279, 3273, 3279, 3275, 3280, 3281, 3283, 3280, 3283, 3282, 3284, 3286, 3287, 3284, 3287, 3285, 3280, 3284, 3285, 3280, 3285, 3281, 3282, 3283, 3287, 3282, 3287, 3286, 3280, 3282, 3286, 3280, 3286, 3284, 3281, 3285, 3287, 3281, 3287, 3283, 3288, 3289, 3291, 3288, 3291, 3290, 3292, 3294, 3295, 3292, 3295, 3293, 3288, 3292, 3293, 3288, 3293, 3289, 3290, 3291, 3295, 3290, 3295, 3294, 3288, 3290, 3294, 3288, 3294, 3292, 3289, 3293, 3295, 3289, 3295, 3291, 3296, 3297, 3299, 3296, 3299, 3298, 3300, 3302, 3303, 3300, 3303, 3301, 3296, 3300, 3301, 3296, 3301, 3297, 3298, 3299, 3303, 3298, 3303, 3302, 3296, 3298, 3302, 3296, 3302, 3300, 3297, 3301, 3303, 3297, 3303, 3299, 3304, 3305, 3307, 3304, 3307, 3306, 3308, 3310, 3311, 3308, 3311, 3309, 3304, 3308, 3309, 3304, 3309, 3305, 3306, 3307, 3311, 3306, 3311, 3310, 3304, 3306, 3310, 3304, 3310, 3308, 3305, 3309, 3311, 3305, 3311, 3307, 3312, 3313, 3315, 3312, 3315, 3314, 3316, 3318, 3319, 3316, 3319, 3317, 3312, 3316, 3317, 3312, 3317, 3313, 3314, 3315, 3319, 3314, 3319, 3318, 3312, 3314, 3318, 3312, 3318, 3316, 3313, 3317, 3319, 3313, 3319, 3315, 3320, 3321, 3323, 3320, 3323, 3322, 3324, 3326, 3327, 3324, 3327, 3325, 3320, 3324, 3325, 3320, 3325, 3321, 3322, 3323, 3327, 3322, 3327, 3326, 3320, 3322, 3326, 3320, 3326, 3324, 3321, 3325, 3327, 3321, 3327, 3323, 3328, 3329, 3331, 3328, 3331, 3330, 3332, 3334, 3335, 3332, 3335, 3333, 3328, 3332, 3333, 3328, 3333, 3329, 3330, 3331, 3335, 3330, 3335, 3334, 3328, 3330, 3334, 3328, 3334, 3332, 3329, 3333, 3335, 3329, 3335, 3331, 3336, 3337, 3339, 3336, 3339, 3338, 3340, 3342, 3343, 3340, 3343, 3341, 3336, 3340, 3341, 3336, 3341, 3337, 3338, 3339, 3343, 3338, 3343, 3342, 3336, 3338, 3342, 3336, 3342, 3340, 3337, 3341, 3343, 3337, 3343, 3339]
        point3f[] points = [(0.06118135, -0, 0), (0.06118135, -0, 0), (0.06118135, -0, 0), (0.06118135, -0, 0), (0.06118135, -0, 0), (0.06118135, -0, 0), (0.06118135, -0, 0), (0.06118135, -0, 0), (0.06118135, -0, 0), (0.06118135, -0, 0), (0.06118135, -0, 0), (0.06118135, -0, 0), (0.06118135, -0, 0), (0.06118135, -0, 0), (0.06118135, -0, 0), (0.06118135, -0, 0), (0.06118135, -0, 0), (0.06118135, 0, 0), (0.06118135, 0, 0), (0.06118135, 0, 0), (0.06118135, 0, 0), (0.06118135, 0, 0), (0.06118135, 0, 0), (0.06118135, 0, 0), (0.06118135, 0, 0), (0.06118135, 0, 0), (0.06118135, 0, 0), (0.06118135, 0, 0), (0.06118135, 0, 0), (0.06118135, 0, 0), (0.06118135, 0, 0), (0.06118135, 0, 0), (0.06118135, 0, 0), (0.06118135, 0, -0), (0.06118135, 0, -0), (0.06118135, 0, -0), (0.06118135, 0, -0), (0.06118135, 0, -0), (0.06118135, 0, -0), (0.06118135, 0, -0), (0.06118135, 0, -0), (0.06118135, 0, -0), (0.06118135, 0, -0), (0.06118135, 0, -0), (0.06118135, 0, -0), (0.06118135, 0, -0), (0.06118135, 0, -0), (0.06118135, 0, -0), (0.06118135, 0, -0), (0.06118135, -0, -0), (0.06118135, -0, -0), (0.06118135, -0, -0), (0.06118135, -0, -0), (0.06118135, -0, -0), (0.06118135, -0, -0), (0.06118135, -0, -0), (0.06118135, -0, -0), (0.06118135, -0, -0), (0.06118135, -0, -0), (0.06118135, -0, -0), (0.06118135, -0, -0), (0.06118135, -0, -0), (0.06118135, -0, -0), (0.06118135, -0, -0), (0.06118135, -0.0027243204, 0), (0.06118135, -0.002711202, 0.0002670301), (0.06118135, -0.0026719733, 0.0005314885), (0.06118135, -0.002607012, 0.00079082843), (0.06118135, -0.0025169437, 0.0010425523), (0.06118135, -0.002402636, 0.0012842357), (0.06118135, -0.0022651895, 0.0015135512), (0.06118135, -0.002105928, 0.0017282905), (0.06118135, -0.0019263853, 0.0019263853), (0.06118135, -0.0017282905, 0.002105928), (0.06118135, -0.0015135512, 0.0022651895), (0.06118135, -0.0012842357, 0.002402636), (0.06118135, -0.0010425523, 0.0025169437), (0.06118135, -0.00079082843, 0.002607012), (0.06118135, -0.0005314885, 0.0026719733), (0.06118135, -0.0002670301, 0.002711202), (0.06118135, -1.668165e-19, 0.0027243204), (0.06118135, 0.0002670301, 0.002711202), (0.06118135, 0.0005314885, 0.0026719733), (0.06118135, 0.00079082843, 0.002607012), (0.06118135, 0.0010425523, 0.0025169437), (0.06118135, 0.0012842357, 0.002402636), (0.06118135, 0.0015135512, 0.0022651895), (0.06118135, 0.0017282905, 0.002105928), (0.06118135, 0.0019263853, 0.0019263853), (0.06118135, 0.002105928, 0.0017282905), (0.06118135, 0.0022651895, 0.0015135512), (0.06118135, 0.002402636, 0.0012842357), (0.06118135, 0.0025169437, 0.0010425523), (0.06118135, 0.002607012, 0.00079082843), (0.06118135, 0.0026719733, 0.0005314885), (0.06118135, 0.002711202, 0.0002670301), (0.06118135, 0.0027243204, 3.33633e-19), (0.06118135, 0.002711202, -0.0002670301), (0.06118135, 0.0026719733, -0.0005314885), (0.06118135, 0.002607012, -0.00079082843), (0.06118135, 0.0025169437, -0.0010425523), (0.06118135, 0.002402636, -0.0012842357), (0.06118135, 0.0022651895, -0.0015135512), (0.06118135, 0.002105928, -0.0017282905), (0.06118135, 0.0019263853, -0.0019263853), (0.06118135, 0.0017282905, -0.002105928), (0.06118135, 0.0015135512, -0.0022651895), (0.06118135, 0.0012842357, -0.002402636), (0.06118135, 0.0010425523, -0.0025169437), (0.06118135, 0.00079082843, -0.002607012), (0.06118135, 0.0005314885, -0.0026719733), (0.06118135, 0.0002670301, -0.002711202), (0.06118135, 5.0044954e-19, -0.0027243204), (0.06118135, -0.0002670301, -0.002711202), (0.06118135, -0.0005314885, -0.0026719733), (0.06118135, -0.00079082843, -0.002607012), (0.06118135, -0.0010425523, -0.0025169437), (0.06118135, -0.0012842357, -0.002402636), (0.06118135, -0.0015135512, -0.0022651895), (0.06118135, -0.0017282905, -0.002105928), (0.06118135, -0.0019263853, -0.0019263853), (0.06118135, -0.002105928, -0.0017282905), (0.06118135, -0.0022651895, -0.0015135512), (0.06118135, -0.002402636, -0.0012842357), (0.06118135, -0.0025169437, -0.0010425523), (0.06118135, -0.002607012, -0.00079082843), (0.06118135, -0.0026719733, -0.0005314885), (0.06118135, -0.002711202, -0.0002670301), (0.06118135, -0.008172961, 0), (0.06118135, -0.008133606, 0.00080109027), (0.06118135, -0.0080159195, 0.0015944656), (0.06118135, -0.007821036, 0.0023724854), (0.06118135, -0.0075508314, 0.0031276566), (0.06118135, -0.007207908, 0.003852707), (0.06118135, -0.006795569, 0.004540654), (0.06118135, -0.006317784, 0.0051848716), (0.06118135, -0.005779156, 0.005779156), (0.06118135, -0.0051848716, 0.006317784), (0.06118135, -0.004540654, 0.006795569), (0.06118135, -0.003852707, 0.007207908), (0.06118135, -0.0031276566, 0.0075508314), (0.06118135, -0.0023724854, 0.007821036), (0.06118135, -0.0015944656, 0.0080159195), (0.06118135, -0.00080109027, 0.008133606), (0.06118135, -5.0044954e-19, 0.008172961), (0.06118135, 0.00080109027, 0.008133606), (0.06118135, 0.0015944656, 0.0080159195), (0.06118135, 0.0023724854, 0.007821036), (0.06118135, 0.0031276566, 0.0075508314), (0.06118135, 0.003852707, 0.007207908), (0.06118135, 0.004540654, 0.006795569), (0.06118135, 0.0051848716, 0.006317784), (0.06118135, 0.005779156, 0.005779156), (0.06118135, 0.006317784, 0.0051848716), (0.06118135, 0.006795569, 0.004540654), (0.06118135, 0.007207908, 0.003852707), (0.06118135, 0.0075508314, 0.0031276566), (0.06118135, 0.007821036, 0.0023724854), (0.06118135, 0.0080159195, 0.0015944656), (0.06118135, 0.008133606, 0.00080109027), (0.06118135, 0.008172961, 1.0008991e-18), (0.06118135, 0.008133606, -0.00080109027), (0.06118135, 0.0080159195, -0.0015944656), (0.06118135, 0.007821036, -0.0023724854), (0.06118135, 0.0075508314, -0.0031276566), (0.06118135, 0.007207908, -0.003852707), (0.06118135, 0.006795569, -0.004540654), (0.06118135, 0.006317784, -0.0051848716), (0.06118135, 0.005779156, -0.005779156), (0.06118135, 0.0051848716, -0.006317784), (0.06118135, 0.004540654, -0.006795569), (0.06118135, 0.003852707, -0.007207908), (0.06118135, 0.0031276566, -0.0075508314), (0.06118135, 0.0023724854, -0.007821036), (0.06118135, 0.0015944656, -0.0080159195), (0.06118135, 0.00080109027, -0.008133606), (0.06118135, 1.5013485e-18, -0.008172961), (0.06118135, -0.00080109027, -0.008133606), (0.06118135, -0.0015944656, -0.0080159195), (0.06118135, -0.0023724854, -0.007821036), (0.06118135, -0.0031276566, -0.0075508314), (0.06118135, -0.003852707, -0.007207908), (0.06118135, -0.004540654, -0.006795569), (0.06118135, -0.0051848716, -0.006317784), (0.06118135, -0.005779156, -0.005779156), (0.06118135, -0.006317784, -0.0051848716), (0.06118135, -0.006795569, -0.004540654), (0.06118135, -0.007207908, -0.003852707), (0.06118135, -0.0075508314, -0.0031276566), (0.06118135, -0.007821036, -0.0023724854), (0.06118135, -0.0080159195, -0.0015944656), (0.06118135, -0.008133606, -0.00080109027), (0.06118135, -0.013621601, 0), (0.06118135, -0.01355601, 0.0013351504), (0.06118135, -0.013359866, 0.0026574426), (0.06118135, -0.01303506, 0.0039541423), (0.06118135, -0.012584719, 0.0052127615), (0.06118135, -0.01201318, 0.0064211786), (0.06118135, -0.011325948, 0.0075677563), (0.06118135, -0.01052964, 0.0086414525), (0.06118135, -0.009631927, 0.009631927), (0.06118135, -0.0086414525, 0.01052964), (0.06118135, -0.0075677563, 0.011325948), (0.06118135, -0.0064211786, 0.01201318), (0.06118135, -0.0052127615, 0.012584719), (0.06118135, -0.0039541423, 0.01303506), (0.06118135, -0.0026574426, 0.013359866), (0.06118135, -0.0013351504, 0.01355601), (0.06118135, -8.3408256e-19, 0.013621601), (0.06118135, 0.0013351504, 0.01355601), (0.06118135, 0.0026574426, 0.013359866), (0.06118135, 0.0039541423, 0.01303506), (0.06118135, 0.0052127615, 0.012584719), (0.06118135, 0.0064211786, 0.01201318), (0.06118135, 0.0075677563, 0.011325948), (0.06118135, 0.0086414525, 0.01052964), (0.06118135, 0.009631927, 0.009631927), (0.06118135, 0.01052964, 0.0086414525), (0.06118135, 0.011325948, 0.0075677563), (0.06118135, 0.01201318, 0.0064211786), (0.06118135, 0.012584719, 0.0052127615), (0.06118135, 0.01303506, 0.0039541423), (0.06118135, 0.013359866, 0.0026574426), (0.06118135, 0.01355601, 0.0013351504), (0.06118135, 0.013621601, 1.6681651e-18), (0.06118135, 0.01355601, -0.0013351504), (0.06118135, 0.013359866, -0.0026574426), (0.06118135, 0.01303506, -0.0039541423), (0.06118135, 0.012584719, -0.0052127615), (0.06118135, 0.01201318, -0.0064211786), (0.06118135, 0.011325948, -0.0075677563), (0.06118135, 0.01052964, -0.0086414525), (0.06118135, 0.009631927, -0.009631927), (0.06118135, 0.0086414525, -0.01052964), (0.06118135, 0.0075677563, -0.011325948), (0.06118135, 0.0064211786, -0.01201318), (0.06118135, 0.0052127615, -0.012584719), (0.06118135, 0.0039541423, -0.01303506), (0.06118135, 0.0026574426, -0.013359866), (0.06118135, 0.0013351504, -0.01355601), (0.06118135, 2.5022476e-18, -0.013621601), (0.06118135, -0.0013351504, -0.01355601), (0.06118135, -0.0026574426, -0.013359866), (0.06118135, -0.0039541423, -0.01303506), (0.06118135, -0.0052127615, -0.012584719), (0.06118135, -0.0064211786, -0.01201318), (0.06118135, -0.0075677563, -0.011325948), (0.06118135, -0.0086414525, -0.01052964), (0.06118135, -0.009631927, -0.009631927), (0.06118135, -0.01052964, -0.0086414525), (0.06118135, -0.011325948, -0.0075677563), (0.06118135, -0.01201318, -0.0064211786), (0.06118135, -0.012584719, -0.0052127615), (0.06118135, -0.01303506, -0.0039541423), (0.06118135, -0.013359866, -0.0026574426), (0.06118135, -0.01355601, -0.0013351504), (0.06118135, -0.019070242, 0), (0.06118135, -0.018978413, 0.0018692106), (0.06118135, -0.018703813, 0.0037204197), (0.06118135, -0.018249083, 0.005535799), (0.06118135, -0.017618606, 0.0072978656), (0.06118135, -0.016818453, 0.00898965), (0.06118135, -0.015856327, 0.010594859), (0.06118135, -0.014741496, 0.012098034), (0.06118135, -0.013484698, 0.013484698), (0.06118135, -0.012098034, 0.014741496), (0.06118135, -0.010594859, 0.015856327), (0.06118135, -0.00898965, 0.016818453), (0.06118135, -0.0072978656, 0.017618606), (0.06118135, -0.005535799, 0.018249083), (0.06118135, -0.0037204197, 0.018703813), (0.06118135, -0.0018692106, 0.018978413), (0.06118135, -1.1677156e-18, 0.019070242), (0.06118135, 0.0018692106, 0.018978413), (0.06118135, 0.0037204197, 0.018703813), (0.06118135, 0.005535799, 0.018249083), (0.06118135, 0.0072978656, 0.017618606), (0.06118135, 0.00898965, 0.016818453), (0.06118135, 0.010594859, 0.015856327), (0.06118135, 0.012098034, 0.014741496), (0.06118135, 0.013484698, 0.013484698), (0.06118135, 0.014741496, 0.012098034), (0.06118135, 0.015856327, 0.010594859), (0.06118135, 0.016818453, 0.00898965), (0.06118135, 0.017618606, 0.0072978656), (0.06118135, 0.018249083, 0.005535799), (0.06118135, 0.018703813, 0.0037204197), (0.06118135, 0.018978413, 0.0018692106), (0.06118135, 0.019070242, 2.3354311e-18), (0.06118135, 0.018978413, -0.0018692106), (0.06118135, 0.018703813, -0.0037204197), (0.06118135, 0.018249083, -0.005535799), (0.06118135, 0.017618606, -0.0072978656), (0.06118135, 0.016818453, -0.00898965), (0.06118135, 0.015856327, -0.010594859), (0.06118135, 0.014741496, -0.012098034), (0.06118135, 0.013484698, -0.013484698), (0.06118135, 0.012098034, -0.014741496), (0.06118135, 0.010594859, -0.015856327), (0.06118135, 0.00898965, -0.016818453), (0.06118135, 0.0072978656, -0.017618606), (0.06118135, 0.005535799, -0.018249083), (0.06118135, 0.0037204197, -0.018703813), (0.06118135, 0.0018692106, -0.018978413), (0.06118135, 3.5031467e-18, -0.019070242), (0.06118135, -0.0018692106, -0.018978413), (0.06118135, -0.0037204197, -0.018703813), (0.06118135, -0.005535799, -0.018249083), (0.06118135, -0.0072978656, -0.017618606), (0.06118135, -0.00898965, -0.016818453), (0.06118135, -0.010594859, -0.015856327), (0.06118135, -0.012098034, -0.014741496), (0.06118135, -0.013484698, -0.013484698), (0.06118135, -0.014741496, -0.012098034), (0.06118135, -0.015856327, -0.010594859), (0.06118135, -0.016818453, -0.00898965), (0.06118135, -0.017618606, -0.0072978656), (0.06118135, -0.018249083, -0.005535799), (0.06118135, -0.018703813, -0.0037204197), (0.06118135, -0.018978413, -0.0018692106), (0.06118135, -0.024518883, 0), (0.06118135, -0.024400817, 0.0024032707), (0.06118135, -0.02404776, 0.0047833966), (0.06118135, -0.023463108, 0.007117456), (0.06118135, -0.022652494, 0.009382971), (0.06118135, -0.021623725, 0.011558121), (0.06118135, -0.020386705, 0.013621962), (0.06118135, -0.018953353, 0.015554614), (0.06118135, -0.017337468, 0.017337468), (0.06118135, -0.015554614, 0.018953353), (0.06118135, -0.013621962, 0.020386705), (0.06118135, -0.011558121, 0.021623725), (0.06118135, -0.009382971, 0.022652494), (0.06118135, -0.007117456, 0.023463108), (0.06118135, -0.0047833966, 0.02404776), (0.06118135, -0.0024032707, 0.024400817), (0.06118135, -1.5013485e-18, 0.024518883), (0.06118135, 0.0024032707, 0.024400817), (0.06118135, 0.0047833966, 0.02404776), (0.06118135, 0.007117456, 0.023463108), (0.06118135, 0.009382971, 0.022652494), (0.06118135, 0.011558121, 0.021623725), (0.06118135, 0.013621962, 0.020386705), (0.06118135, 0.015554614, 0.018953353), (0.06118135, 0.017337468, 0.017337468), (0.06118135, 0.018953353, 0.015554614), (0.06118135, 0.020386705, 0.013621962), (0.06118135, 0.021623725, 0.011558121), (0.06118135, 0.022652494, 0.009382971), (0.06118135, 0.023463108, 0.007117456), (0.06118135, 0.02404776, 0.0047833966), (0.06118135, 0.024400817, 0.0024032707), (0.06118135, 0.024518883, 3.002697e-18), (0.06118135, 0.024400817, -0.0024032707), (0.06118135, 0.02404776, -0.0047833966), (0.06118135, 0.023463108, -0.007117456), (0.06118135, 0.022652494, -0.009382971), (0.06118135, 0.021623725, -0.011558121), (0.06118135, 0.020386705, -0.013621962), (0.06118135, 0.018953353, -0.015554614), (0.06118135, 0.017337468, -0.017337468), (0.06118135, 0.015554614, -0.018953353), (0.06118135, 0.013621962, -0.020386705), (0.06118135, 0.011558121, -0.021623725), (0.06118135, 0.009382971, -0.022652494), (0.06118135, 0.007117456, -0.023463108), (0.06118135, 0.0047833966, -0.02404776), (0.06118135, 0.0024032707, -0.024400817), (0.06118135, 4.5040456e-18, -0.024518883), (0.06118135, -0.0024032707, -0.024400817), (0.06118135, -0.0047833966, -0.02404776), (0.06118135, -0.007117456, -0.023463108), (0.06118135, -0.009382971, -0.022652494), (0.06118135, -0.011558121, -0.021623725), (0.06118135, -0.013621962, -0.020386705), (0.06118135, -0.015554614, -0.018953353), (0.06118135, -0.017337468, -0.017337468), (0.06118135, -0.018953353, -0.015554614), (0.06118135, -0.020386705, -0.013621962), (0.06118135, -0.021623725, -0.011558121), (0.06118135, -0.022652494, -0.009382971), (0.06118135, -0.023463108, -0.007117456), (0.06118135, -0.02404776, -0.0047833966), (0.06118135, -0.024400817, -0.0024032707), (0.06118135, -0.029967524, 0), (0.06118135, -0.029823221, 0.0029373309), (0.06118135, -0.029391706, 0.0058463737), (0.06118135, -0.028677132, 0.008699113), (0.06118135, -0.027686382, 0.011468074), (0.06118135, -0.026428996, 0.014126593), (0.06118135, -0.024917085, 0.016649064), (0.06118135, -0.02316521, 0.019011196), (0.06118135, -0.02119024, 0.02119024), (0.06118135, -0.019011196, 0.02316521), (0.06118135, -0.016649064, 0.024917085), (0.06118135, -0.014126593, 0.026428996), (0.06118135, -0.011468074, 0.027686382), (0.06118135, -0.008699113, 0.028677132), (0.06118135, -0.0058463737, 0.029391706), (0.06118135, -0.0029373309, 0.029823221), (0.06118135, -1.8349815e-18, 0.029967524), (0.06118135, 0.0029373309, 0.029823221), (0.06118135, 0.0058463737, 0.029391706), (0.06118135, 0.008699113, 0.028677132), (0.06118135, 0.011468074, 0.027686382), (0.06118135, 0.014126593, 0.026428996), (0.06118135, 0.016649064, 0.024917085), (0.06118135, 0.019011196, 0.02316521), (0.06118135, 0.02119024, 0.02119024), (0.06118135, 0.02316521, 0.019011196), (0.06118135, 0.024917085, 0.016649064), (0.06118135, 0.026428996, 0.014126593), (0.06118135, 0.027686382, 0.011468074), (0.06118135, 0.028677132, 0.008699113), (0.06118135, 0.029391706, 0.0058463737), (0.06118135, 0.029823221, 0.0029373309), (0.06118135, 0.029967524, 3.669963e-18), (0.06118135, 0.029823221, -0.0029373309), (0.06118135, 0.029391706, -0.0058463737), (0.06118135, 0.028677132, -0.008699113), (0.06118135, 0.027686382, -0.011468074), (0.06118135, 0.026428996, -0.014126593), (0.06118135, 0.024917085, -0.016649064), (0.06118135, 0.02316521, -0.019011196), (0.06118135, 0.02119024, -0.02119024), (0.06118135, 0.019011196, -0.02316521), (0.06118135, 0.016649064, -0.024917085), (0.06118135, 0.014126593, -0.026428996), (0.06118135, 0.011468074, -0.027686382), (0.06118135, 0.008699113, -0.028677132), (0.06118135, 0.0058463737, -0.029391706), (0.06118135, 0.0029373309, -0.029823221), (0.06118135, 5.504945e-18, -0.029967524), (0.06118135, -0.0029373309, -0.029823221), (0.06118135, -0.0058463737, -0.029391706), (0.06118135, -0.008699113, -0.028677132), (0.06118135, -0.011468074, -0.027686382), (0.06118135, -0.014126593, -0.026428996), (0.06118135, -0.016649064, -0.024917085), (0.06118135, -0.019011196, -0.02316521), (0.06118135, -0.02119024, -0.02119024), (0.06118135, -0.02316521, -0.019011196), (0.06118135, -0.024917085, -0.016649064), (0.06118135, -0.026428996, -0.014126593), (0.06118135, -0.027686382, -0.011468074), (0.06118135, -0.028677132, -0.008699113), (0.06118135, -0.029391706, -0.0058463737), (0.06118135, -0.029823221, -0.0029373309), (0.06118135, -0.035416164, 0), (0.06118135, -0.035245627, 0.003471391), (0.06118135, -0.034735654, 0.006909351), (0.06118135, -0.033891156, 0.010280769), (0.06118135, -0.032720268, 0.013553179), (0.06118135, -0.031234268, 0.016695064), (0.06118135, -0.029447464, 0.019676166), (0.06118135, -0.027377065, 0.022467777), (0.06118135, -0.02504301, 0.02504301), (0.06118135, -0.022467777, 0.027377065), (0.06118135, -0.019676166, 0.029447464), (0.06118135, -0.016695064, 0.031234268), (0.06118135, -0.013553179, 0.032720268), (0.06118135, -0.010280769, 0.033891156), (0.06118135, -0.006909351, 0.034735654), (0.06118135, -0.003471391, 0.035245627), (0.06118135, -2.1686147e-18, 0.035416164), (0.06118135, 0.003471391, 0.035245627), (0.06118135, 0.006909351, 0.034735654), (0.06118135, 0.010280769, 0.033891156), (0.06118135, 0.013553179, 0.032720268), (0.06118135, 0.016695064, 0.031234268), (0.06118135, 0.019676166, 0.029447464), (0.06118135, 0.022467777, 0.027377065), (0.06118135, 0.02504301, 0.02504301), (0.06118135, 0.027377065, 0.022467777), (0.06118135, 0.029447464, 0.019676166), (0.06118135, 0.031234268, 0.016695064), (0.06118135, 0.032720268, 0.013553179), (0.06118135, 0.033891156, 0.010280769), (0.06118135, 0.034735654, 0.006909351), (0.06118135, 0.035245627, 0.003471391), (0.06118135, 0.035416164, 4.3372293e-18), (0.06118135, 0.035245627, -0.003471391), (0.06118135, 0.034735654, -0.006909351), (0.06118135, 0.033891156, -0.010280769), (0.06118135, 0.032720268, -0.013553179), (0.06118135, 0.031234268, -0.016695064), (0.06118135, 0.029447464, -0.019676166), (0.06118135, 0.027377065, -0.022467777), (0.06118135, 0.02504301, -0.02504301), (0.06118135, 0.022467777, -0.027377065), (0.06118135, 0.019676166, -0.029447464), (0.06118135, 0.016695064, -0.031234268), (0.06118135, 0.013553179, -0.032720268), (0.06118135, 0.010280769, -0.033891156), (0.06118135, 0.006909351, -0.034735654), (0.06118135, 0.003471391, -0.035245627), (0.06118135, 6.5058438e-18, -0.035416164), (0.06118135, -0.003471391, -0.035245627), (0.06118135, -0.006909351, -0.034735654), (0.06118135, -0.010280769, -0.033891156), (0.06118135, -0.013553179, -0.032720268), (0.06118135, -0.016695064, -0.031234268), (0.06118135, -0.019676166, -0.029447464), (0.06118135, -0.022467777, -0.027377065), (0.06118135, -0.02504301, -0.02504301), (0.06118135, -0.027377065, -0.022467777), (0.06118135, -0.029447464, -0.019676166), (0.06118135, -0.031234268, -0.016695064), (0.06118135, -0.032720268, -0.013553179), (0.06118135, -0.033891156, -0.010280769), (0.06118135, -0.034735654, -0.006909351), (0.06118135, -0.035245627, -0.003471391), (0.06118135, -0.040864803, 0), (0.06118135, -0.04066803, 0.004005451), (0.06118135, -0.040079597, 0.007972328), (0.06118135, -0.03910518, 0.011862427), (0.06118135, -0.037754156, 0.015638284), (0.06118135, -0.03603954, 0.019263536), (0.06118135, -0.033977844, 0.02270327), (0.06118135, -0.03158892, 0.025924359), (0.06118135, -0.02889578, 0.02889578), (0.06118135, -0.025924359, 0.03158892), (0.06118135, -0.02270327, 0.033977844), (0.06118135, -0.019263536, 0.03603954), (0.06118135, -0.015638284, 0.037754156), (0.06118135, -0.011862427, 0.03910518), (0.06118135, -0.007972328, 0.040079597), (0.06118135, -0.004005451, 0.04066803), (0.06118135, -2.5022476e-18, 0.040864803), (0.06118135, 0.004005451, 0.04066803), (0.06118135, 0.007972328, 0.040079597), (0.06118135, 0.011862427, 0.03910518), (0.06118135, 0.015638284, 0.037754156), (0.06118135, 0.019263536, 0.03603954), (0.06118135, 0.02270327, 0.033977844), (0.06118135, 0.025924359, 0.03158892), (0.06118135, 0.02889578, 0.02889578), (0.06118135, 0.03158892, 0.025924359), (0.06118135, 0.033977844, 0.02270327), (0.06118135, 0.03603954, 0.019263536), (0.06118135, 0.037754156, 0.015638284), (0.06118135, 0.03910518, 0.011862427), (0.06118135, 0.040079597, 0.007972328), (0.06118135, 0.04066803, 0.004005451), (0.06118135, 0.040864803, 5.0044952e-18), (0.06118135, 0.04066803, -0.004005451), (0.06118135, 0.040079597, -0.007972328), (0.06118135, 0.03910518, -0.011862427), (0.06118135, 0.037754156, -0.015638284), (0.06118135, 0.03603954, -0.019263536), (0.06118135, 0.033977844, -0.02270327), (0.06118135, 0.03158892, -0.025924359), (0.06118135, 0.02889578, -0.02889578), (0.06118135, 0.025924359, -0.03158892), (0.06118135, 0.02270327, -0.033977844), (0.06118135, 0.019263536, -0.03603954), (0.06118135, 0.015638284, -0.037754156), (0.06118135, 0.011862427, -0.03910518), (0.06118135, 0.007972328, -0.040079597), (0.06118135, 0.004005451, -0.04066803), (0.06118135, 7.506743e-18, -0.040864803), (0.06118135, -0.004005451, -0.04066803), (0.06118135, -0.007972328, -0.040079597), (0.06118135, -0.011862427, -0.03910518), (0.06118135, -0.015638284, -0.037754156), (0.06118135, -0.019263536, -0.03603954), (0.06118135, -0.02270327, -0.033977844), (0.06118135, -0.025924359, -0.03158892), (0.06118135, -0.02889578, -0.02889578), (0.06118135, -0.03158892, -0.025924359), (0.06118135, -0.033977844, -0.02270327), (0.06118135, -0.03603954, -0.019263536), (0.06118135, -0.037754156, -0.015638284), (0.06118135, -0.03910518, -0.011862427), (0.06118135, -0.040079597, -0.007972328), (0.06118135, -0.04066803, -0.004005451), (0.06118135, -0.046313446, 0), (0.06118135, -0.046090435, 0.0045395116), (0.06118135, -0.045423545, 0.009035305), (0.06118135, -0.044319205, 0.013444084), (0.06118135, -0.042788044, 0.017723389), (0.06118135, -0.040844813, 0.021832008), (0.06118135, -0.03850822, 0.025730371), (0.06118135, -0.035800777, 0.029380938), (0.06118135, -0.03274855, 0.03274855), (0.06118135, -0.029380938, 0.035800777), (0.06118135, -0.025730371, 0.03850822), (0.06118135, -0.021832008, 0.040844813), (0.06118135, -0.017723389, 0.042788044), (0.06118135, -0.013444084, 0.044319205), (0.06118135, -0.009035305, 0.045423545), (0.06118135, -0.0045395116, 0.046090435), (0.06118135, -2.8358806e-18, 0.046313446), (0.06118135, 0.0045395116, 0.046090435), (0.06118135, 0.009035305, 0.045423545), (0.06118135, 0.013444084, 0.044319205), (0.06118135, 0.017723389, 0.042788044), (0.06118135, 0.021832008, 0.040844813), (0.06118135, 0.025730371, 0.03850822), (0.06118135, 0.029380938, 0.035800777), (0.06118135, 0.03274855, 0.03274855), (0.06118135, 0.035800777, 0.029380938), (0.06118135, 0.03850822, 0.025730371), (0.06118135, 0.040844813, 0.021832008), (0.06118135, 0.042788044, 0.017723389), (0.06118135, 0.044319205, 0.013444084), (0.06118135, 0.045423545, 0.009035305), (0.06118135, 0.046090435, 0.0045395116), (0.06118135, 0.046313446, 5.671761e-18), (0.06118135, 0.046090435, -0.0045395116), (0.06118135, 0.045423545, -0.009035305), (0.06118135, 0.044319205, -0.013444084), (0.06118135, 0.042788044, -0.017723389), (0.06118135, 0.040844813, -0.021832008), (0.06118135, 0.03850822, -0.025730371), (0.06118135, 0.035800777, -0.029380938), (0.06118135, 0.03274855, -0.03274855), (0.06118135, 0.029380938, -0.035800777), (0.06118135, 0.025730371, -0.03850822), (0.06118135, 0.021832008, -0.040844813), (0.06118135, 0.017723389, -0.042788044), (0.06118135, 0.013444084, -0.044319205), (0.06118135, 0.009035305, -0.045423545), (0.06118135, 0.0045395116, -0.046090435), (0.06118135, 8.507642e-18, -0.046313446), (0.06118135, -0.0045395116, -0.046090435), (0.06118135, -0.009035305, -0.045423545), (0.06118135, -0.013444084, -0.044319205), (0.06118135, -0.017723389, -0.042788044), (0.06118135, -0.021832008, -0.040844813), (0.06118135, -0.025730371, -0.03850822), (0.06118135, -0.029380938, -0.035800777), (0.06118135, -0.03274855, -0.03274855), (0.06118135, -0.035800777, -0.029380938), (0.06118135, -0.03850822, -0.025730371), (0.06118135, -0.040844813, -0.021832008), (0.06118135, -0.042788044, -0.017723389), (0.06118135, -0.044319205, -0.013444084), (0.06118135, -0.045423545, -0.009035305), (0.06118135, -0.046090435, -0.0045395116), (0.06118135, -0.051762085, 0), (0.06118135, -0.051512837, 0.0050735716), (0.06118135, -0.050767493, 0.010098282), (0.06118135, -0.04953323, 0.0150257405), (0.06118135, -0.04782193, 0.019808494), (0.06118135, -0.045650084, 0.024400478), (0.06118135, -0.043038603, 0.028757473), (0.06118135, -0.040012635, 0.03283752), (0.06118135, -0.036601324, 0.036601324), (0.06118135, -0.03283752, 0.040012635), (0.06118135, -0.028757473, 0.043038603), (0.06118135, -0.024400478, 0.045650084), (0.06118135, -0.019808494, 0.04782193), (0.06118135, -0.0150257405, 0.04953323), (0.06118135, -0.010098282, 0.050767493), (0.06118135, -0.0050735716, 0.051512837), (0.06118135, -3.1695137e-18, 0.051762085), (0.06118135, 0.0050735716, 0.051512837), (0.06118135, 0.010098282, 0.050767493), (0.06118135, 0.0150257405, 0.04953323), (0.06118135, 0.019808494, 0.04782193), (0.06118135, 0.024400478, 0.045650084), (0.06118135, 0.028757473, 0.043038603), (0.06118135, 0.03283752, 0.040012635), (0.06118135, 0.036601324, 0.036601324), (0.06118135, 0.040012635, 0.03283752), (0.06118135, 0.043038603, 0.028757473), (0.06118135, 0.045650084, 0.024400478), (0.06118135, 0.04782193, 0.019808494), (0.06118135, 0.04953323, 0.0150257405), (0.06118135, 0.050767493, 0.010098282), (0.06118135, 0.051512837, 0.0050735716), (0.06118135, 0.051762085, 6.3390275e-18), (0.06118135, 0.051512837, -0.0050735716), (0.06118135, 0.050767493, -0.010098282), (0.06118135, 0.04953323, -0.0150257405), (0.06118135, 0.04782193, -0.019808494), (0.06118135, 0.045650084, -0.024400478), (0.06118135, 0.043038603, -0.028757473), (0.06118135, 0.040012635, -0.03283752), (0.06118135, 0.036601324, -0.036601324), (0.06118135, 0.03283752, -0.040012635), (0.06118135, 0.028757473, -0.043038603), (0.06118135, 0.024400478, -0.045650084), (0.06118135, 0.019808494, -0.04782193), (0.06118135, 0.0150257405, -0.04953323), (0.06118135, 0.010098282, -0.050767493), (0.06118135, 0.0050735716, -0.051512837), (0.06118135, 9.508541e-18, -0.051762085), (0.06118135, -0.0050735716, -0.051512837), (0.06118135, -0.010098282, -0.050767493), (0.06118135, -0.0150257405, -0.04953323), (0.06118135, -0.019808494, -0.04782193), (0.06118135, -0.024400478, -0.045650084), (0.06118135, -0.028757473, -0.043038603), (0.06118135, -0.03283752, -0.040012635), (0.06118135, -0.036601324, -0.036601324), (0.06118135, -0.040012635, -0.03283752), (0.06118135, -0.043038603, -0.028757473), (0.06118135, -0.045650084, -0.024400478), (0.06118135, -0.04782193, -0.019808494), (0.06118135, -0.04953323, -0.0150257405), (0.06118135, -0.050767493, -0.010098282), (0.06118135, -0.051512837, -0.0050735716), (0.06118135, -0.05721073, 0), (0.06118135, -0.05693524, 0.005607632), (0.06118135, -0.05611144, 0.011161259), (0.06118135, -0.054747254, 0.016607398), (0.06118135, -0.05285582, 0.021893598), (0.06118135, -0.050455358, 0.02696895), (0.06118135, -0.04756898, 0.031784575), (0.06118135, -0.04422449, 0.0362941), (0.06118135, -0.040454093, 0.040454093), (0.06118135, -0.0362941, 0.04422449), (0.06118135, -0.031784575, 0.04756898), (0.06118135, -0.02696895, 0.050455358), (0.06118135, -0.021893598, 0.05285582), (0.06118135, -0.016607398, 0.054747254), (0.06118135, -0.011161259, 0.05611144), (0.06118135, -0.005607632, 0.05693524), (0.06118135, -3.5031467e-18, 0.05721073), (0.06118135, 0.005607632, 0.05693524), (0.06118135, 0.011161259, 0.05611144), (0.06118135, 0.016607398, 0.054747254), (0.06118135, 0.021893598, 0.05285582), (0.06118135, 0.02696895, 0.050455358), (0.06118135, 0.031784575, 0.04756898), (0.06118135, 0.0362941, 0.04422449), (0.06118135, 0.040454093, 0.040454093), (0.06118135, 0.04422449, 0.0362941), (0.06118135, 0.04756898, 0.031784575), (0.06118135, 0.050455358, 0.02696895), (0.06118135, 0.05285582, 0.021893598), (0.06118135, 0.054747254, 0.016607398), (0.06118135, 0.05611144, 0.011161259), (0.06118135, 0.05693524, 0.005607632), (0.06118135, 0.05721073, 7.006293e-18), (0.06118135, 0.05693524, -0.005607632), (0.06118135, 0.05611144, -0.011161259), (0.06118135, 0.054747254, -0.016607398), (0.06118135, 0.05285582, -0.021893598), (0.06118135, 0.050455358, -0.02696895), (0.06118135, 0.04756898, -0.031784575), (0.06118135, 0.04422449, -0.0362941), (0.06118135, 0.040454093, -0.040454093), (0.06118135, 0.0362941, -0.04422449), (0.06118135, 0.031784575, -0.04756898), (0.06118135, 0.02696895, -0.050455358), (0.06118135, 0.021893598, -0.05285582), (0.06118135, 0.016607398, -0.054747254), (0.06118135, 0.011161259, -0.05611144), (0.06118135, 0.005607632, -0.05693524), (0.06118135, 1.050944e-17, -0.05721073), (0.06118135, -0.005607632, -0.05693524), (0.06118135, -0.011161259, -0.05611144), (0.06118135, -0.016607398, -0.054747254), (0.06118135, -0.021893598, -0.05285582), (0.06118135, -0.02696895, -0.050455358), (0.06118135, -0.031784575, -0.04756898), (0.06118135, -0.0362941, -0.04422449), (0.06118135, -0.040454093, -0.040454093), (0.06118135, -0.04422449, -0.0362941), (0.06118135, -0.04756898, -0.031784575), (0.06118135, -0.050455358, -0.02696895), (0.06118135, -0.05285582, -0.021893598), (0.06118135, -0.054747254, -0.016607398), (0.06118135, -0.05611144, -0.011161259), (0.06118135, -0.05693524, -0.005607632), (0.06118135, -0.06265937, 0), (0.06118135, -0.062357645, 0.006141692), (0.06118135, -0.061455384, 0.0122242365), (0.06118135, -0.059961274, 0.018189054), (0.06118135, -0.057889707, 0.0239787), (0.06118135, -0.05526063, 0.02953742), (0.06118135, -0.05209936, 0.03481168), (0.06118135, -0.048436347, 0.03975068), (0.06118135, -0.044306863, 0.044306863), (0.06118135, -0.03975068, 0.048436347), (0.06118135, -0.03481168, 0.05209936), (0.06118135, -0.02953742, 0.05526063), (0.06118135, -0.0239787, 0.057889707), (0.06118135, -0.018189054, 0.059961274), (0.06118135, -0.0122242365, 0.061455384), (0.06118135, -0.006141692, 0.062357645), (0.06118135, -3.8367797e-18, 0.06265937), (0.06118135, 0.006141692, 0.062357645), (0.06118135, 0.0122242365, 0.061455384), (0.06118135, 0.018189054, 0.059961274), (0.06118135, 0.0239787, 0.057889707), (0.06118135, 0.02953742, 0.05526063), (0.06118135, 0.03481168, 0.05209936), (0.06118135, 0.03975068, 0.048436347), (0.06118135, 0.044306863, 0.044306863), (0.06118135, 0.048436347, 0.03975068), (0.06118135, 0.05209936, 0.03481168), (0.06118135, 0.05526063, 0.02953742), (0.06118135, 0.057889707, 0.0239787), (0.06118135, 0.059961274, 0.018189054), (0.06118135, 0.061455384, 0.0122242365), (0.06118135, 0.062357645, 0.006141692), (0.06118135, 0.06265937, 7.673559e-18), (0.06118135, 0.062357645, -0.006141692), (0.06118135, 0.061455384, -0.0122242365), (0.06118135, 0.059961274, -0.018189054), (0.06118135, 0.057889707, -0.0239787), (0.06118135, 0.05526063, -0.02953742), (0.06118135, 0.05209936, -0.03481168), (0.06118135, 0.048436347, -0.03975068), (0.06118135, 0.044306863, -0.044306863), (0.06118135, 0.03975068, -0.048436347), (0.06118135, 0.03481168, -0.05209936), (0.06118135, 0.02953742, -0.05526063), (0.06118135, 0.0239787, -0.057889707), (0.06118135, 0.018189054, -0.059961274), (0.06118135, 0.0122242365, -0.061455384), (0.06118135, 0.006141692, -0.062357645), (0.06118135, 1.1510339e-17, -0.06265937), (0.06118135, -0.006141692, -0.062357645), (0.06118135, -0.0122242365, -0.061455384), (0.06118135, -0.018189054, -0.059961274), (0.06118135, -0.0239787, -0.057889707), (0.06118135, -0.02953742, -0.05526063), (0.06118135, -0.03481168, -0.05209936), (0.06118135, -0.03975068, -0.048436347), (0.06118135, -0.044306863, -0.044306863), (0.06118135, -0.048436347, -0.03975068), (0.06118135, -0.05209936, -0.03481168), (0.06118135, -0.05526063, -0.02953742), (0.06118135, -0.057889707, -0.0239787), (0.06118135, -0.059961274, -0.018189054), (0.06118135, -0.061455384, -0.0122242365), (0.06118135, -0.062357645, -0.006141692), (0.06118135, -0.06810801, 0), (0.06118135, -0.06778005, 0.0066757523), (0.06118135, -0.066799335, 0.013287214), (0.06118135, -0.0651753, 0.019770712), (0.06118135, -0.062923595, 0.026063805), (0.06118135, -0.0600659, 0.032105893), (0.06118135, -0.05662974, 0.037838783), (0.06118135, -0.0526482, 0.04320726), (0.06118135, -0.048159633, 0.048159633), (0.06118135, -0.04320726, 0.0526482), (0.06118135, -0.037838783, 0.05662974), (0.06118135, -0.032105893, 0.0600659), (0.06118135, -0.026063805, 0.062923595), (0.06118135, -0.019770712, 0.0651753), (0.06118135, -0.013287214, 0.066799335), (0.06118135, -0.0066757523, 0.06778005), (0.06118135, -4.1704126e-18, 0.06810801), (0.06118135, 0.0066757523, 0.06778005), (0.06118135, 0.013287214, 0.066799335), (0.06118135, 0.019770712, 0.0651753), (0.06118135, 0.026063805, 0.062923595), (0.06118135, 0.032105893, 0.0600659), (0.06118135, 0.037838783, 0.05662974), (0.06118135, 0.04320726, 0.0526482), (0.06118135, 0.048159633, 0.048159633), (0.06118135, 0.0526482, 0.04320726), (0.06118135, 0.05662974, 0.037838783), (0.06118135, 0.0600659, 0.032105893), (0.06118135, 0.062923595, 0.026063805), (0.06118135, 0.0651753, 0.019770712), (0.06118135, 0.066799335, 0.013287214), (0.06118135, 0.06778005, 0.0066757523), (0.06118135, 0.06810801, 8.340825e-18), (0.06118135, 0.06778005, -0.0066757523), (0.06118135, 0.066799335, -0.013287214), (0.06118135, 0.0651753, -0.019770712), (0.06118135, 0.062923595, -0.026063805), (0.06118135, 0.0600659, -0.032105893), (0.06118135, 0.05662974, -0.037838783), (0.06118135, 0.0526482, -0.04320726), (0.06118135, 0.048159633, -0.048159633), (0.06118135, 0.04320726, -0.0526482), (0.06118135, 0.037838783, -0.05662974), (0.06118135, 0.032105893, -0.0600659), (0.06118135, 0.026063805, -0.062923595), (0.06118135, 0.019770712, -0.0651753), (0.06118135, 0.013287214, -0.066799335), (0.06118135, 0.0066757523, -0.06778005), (0.06118135, 1.2511238e-17, -0.06810801), (0.06118135, -0.0066757523, -0.06778005), (0.06118135, -0.013287214, -0.066799335), (0.06118135, -0.019770712, -0.0651753), (0.06118135, -0.026063805, -0.062923595), (0.06118135, -0.032105893, -0.0600659), (0.06118135, -0.037838783, -0.05662974), (0.06118135, -0.04320726, -0.0526482), (0.06118135, -0.048159633, -0.048159633), (0.06118135, -0.0526482, -0.04320726), (0.06118135, -0.05662974, -0.037838783), (0.06118135, -0.0600659, -0.032105893), (0.06118135, -0.062923595, -0.026063805), (0.06118135, -0.0651753, -0.019770712), (0.06118135, -0.066799335, -0.013287214), (0.06118135, -0.06778005, -0.0066757523), (0.06118135, -0.07355665, 0), (0.06118135, -0.07320245, 0.0072098123), (0.06118135, -0.07214328, 0.01435019), (0.06118135, -0.07038932, 0.021352367), (0.06118135, -0.06795748, 0.02814891), (0.06118135, -0.06487117, 0.034674365), (0.06118135, -0.061160117, 0.040865883), (0.06118135, -0.05686006, 0.046663843), (0.06118135, -0.052012406, 0.052012406), (0.06118135, -0.046663843, 0.05686006), (0.06118135, -0.040865883, 0.061160117), (0.06118135, -0.034674365, 0.06487117), (0.06118135, -0.02814891, 0.06795748), (0.06118135, -0.021352367, 0.07038932), (0.06118135, -0.01435019, 0.07214328), (0.06118135, -0.0072098123, 0.07320245), (0.06118135, -4.5040456e-18, 0.07355665), (0.06118135, 0.0072098123, 0.07320245), (0.06118135, 0.01435019, 0.07214328), (0.06118135, 0.021352367, 0.07038932), (0.06118135, 0.02814891, 0.06795748), (0.06118135, 0.034674365, 0.06487117), (0.06118135, 0.040865883, 0.061160117), (0.06118135, 0.046663843, 0.05686006), (0.06118135, 0.052012406, 0.052012406), (0.06118135, 0.05686006, 0.046663843), (0.06118135, 0.061160117, 0.040865883), (0.06118135, 0.06487117, 0.034674365), (0.06118135, 0.06795748, 0.02814891), (0.06118135, 0.07038932, 0.021352367), (0.06118135, 0.07214328, 0.01435019), (0.06118135, 0.07320245, 0.0072098123), (0.06118135, 0.07355665, 9.008091e-18), (0.06118135, 0.07320245, -0.0072098123), (0.06118135, 0.07214328, -0.01435019), (0.06118135, 0.07038932, -0.021352367), (0.06118135, 0.06795748, -0.02814891), (0.06118135, 0.06487117, -0.034674365), (0.06118135, 0.061160117, -0.040865883), (0.06118135, 0.05686006, -0.046663843), (0.06118135, 0.052012406, -0.052012406), (0.06118135, 0.046663843, -0.05686006), (0.06118135, 0.040865883, -0.061160117), (0.06118135, 0.034674365, -0.06487117), (0.06118135, 0.02814891, -0.06795748), (0.06118135, 0.021352367, -0.07038932), (0.06118135, 0.01435019, -0.07214328), (0.06118135, 0.0072098123, -0.07320245), (0.06118135, 1.3512137e-17, -0.07355665), (0.06118135, -0.0072098123, -0.07320245), (0.06118135, -0.01435019, -0.07214328), (0.06118135, -0.021352367, -0.07038932), (0.06118135, -0.02814891, -0.06795748), (0.06118135, -0.034674365, -0.06487117), (0.06118135, -0.040865883, -0.061160117), (0.06118135, -0.046663843, -0.05686006), (0.06118135, -0.052012406, -0.052012406), (0.06118135, -0.05686006, -0.046663843), (0.06118135, -0.061160117, -0.040865883), (0.06118135, -0.06487117, -0.034674365), (0.06118135, -0.06795748, -0.02814891), (0.06118135, -0.07038932, -0.021352367), (0.06118135, -0.07214328, -0.01435019), (0.06118135, -0.07320245, -0.0072098123), (0.06118135, -0.079005286, 0), (0.06118135, -0.07862486, 0.0077438727), (0.06118135, -0.07748722, 0.015413167), (0.06118135, -0.07560335, 0.022934025), (0.06118135, -0.07299137, 0.030234015), (0.06118135, -0.069676444, 0.037242837), (0.06118135, -0.065690495, 0.043892987), (0.06118135, -0.061071914, 0.050120424), (0.06118135, -0.055865176, 0.055865176), (0.06118135, -0.050120424, 0.061071914), (0.06118135, -0.043892987, 0.065690495), (0.06118135, -0.037242837, 0.069676444), (0.06118135, -0.030234015, 0.07299137), (0.06118135, -0.022934025, 0.07560335), (0.06118135, -0.015413167, 0.07748722), (0.06118135, -0.0077438727, 0.07862486), (0.06118135, -4.8376785e-18, 0.079005286), (0.06118135, 0.0077438727, 0.07862486), (0.06118135, 0.015413167, 0.07748722), (0.06118135, 0.022934025, 0.07560335), (0.06118135, 0.030234015, 0.07299137), (0.06118135, 0.037242837, 0.069676444), (0.06118135, 0.043892987, 0.065690495), (0.06118135, 0.050120424, 0.061071914), (0.06118135, 0.055865176, 0.055865176), (0.06118135, 0.061071914, 0.050120424), (0.06118135, 0.065690495, 0.043892987), (0.06118135, 0.069676444, 0.037242837), (0.06118135, 0.07299137, 0.030234015), (0.06118135, 0.07560335, 0.022934025), (0.06118135, 0.07748722, 0.015413167), (0.06118135, 0.07862486, 0.0077438727), (0.06118135, 0.079005286, 9.675357e-18), (0.06118135, 0.07862486, -0.0077438727), (0.06118135, 0.07748722, -0.015413167), (0.06118135, 0.07560335, -0.022934025), (0.06118135, 0.07299137, -0.030234015), (0.06118135, 0.069676444, -0.037242837), (0.06118135, 0.065690495, -0.043892987), (0.06118135, 0.061071914, -0.050120424), (0.06118135, 0.055865176, -0.055865176), (0.06118135, 0.050120424, -0.061071914), (0.06118135, 0.043892987, -0.065690495), (0.06118135, 0.037242837, -0.069676444), (0.06118135, 0.030234015, -0.07299137), (0.06118135, 0.022934025, -0.07560335), (0.06118135, 0.015413167, -0.07748722), (0.06118135, 0.0077438727, -0.07862486), (0.06118135, 1.4513036e-17, -0.079005286), (0.06118135, -0.0077438727, -0.07862486), (0.06118135, -0.015413167, -0.07748722), (0.06118135, -0.022934025, -0.07560335), (0.06118135, -0.030234015, -0.07299137), (0.06118135, -0.037242837, -0.069676444), (0.06118135, -0.043892987, -0.065690495), (0.06118135, -0.050120424, -0.061071914), (0.06118135, -0.055865176, -0.055865176), (0.06118135, -0.061071914, -0.050120424), (0.06118135, -0.065690495, -0.043892987), (0.06118135, -0.069676444, -0.037242837), (0.06118135, -0.07299137, -0.030234015), (0.06118135, -0.07560335, -0.022934025), (0.06118135, -0.07748722, -0.015413167), (0.06118135, -0.07862486, -0.0077438727), (0.0611813, -0.08445393, 0), (0.0611813, -0.08404726, 0.008277933), (0.0611813, -0.082831174, 0.016476145), (0.0611813, -0.08081737, 0.024515681), (0.0611813, -0.07802526, 0.03231912), (0.0611813, -0.07448172, 0.039811306), (0.0611813, -0.07022087, 0.04692009), (0.0611813, -0.06528377, 0.053577006), (0.0611813, -0.059717946, 0.059717946), (0.0611813, -0.053577006, 0.06528377), (0.0611813, -0.04692009, 0.07022087), (0.0611813, -0.039811306, 0.07448172), (0.0611813, -0.03231912, 0.07802526), (0.0611813, -0.024515681, 0.08081737), (0.0611813, -0.016476145, 0.082831174), (0.0611813, -0.008277933, 0.08404726), (0.0611813, -5.171312e-18, 0.08445393), (0.0611813, 0.008277933, 0.08404726), (0.0611813, 0.016476145, 0.082831174), (0.0611813, 0.024515681, 0.08081737), (0.0611813, 0.03231912, 0.07802526), (0.0611813, 0.039811306, 0.07448172), (0.0611813, 0.04692009, 0.07022087), (0.0611813, 0.053577006, 0.06528377), (0.0611813, 0.059717946, 0.059717946), (0.0611813, 0.06528377, 0.053577006), (0.0611813, 0.07022087, 0.04692009), (0.0611813, 0.07448172, 0.039811306), (0.0611813, 0.07802526, 0.03231912), (0.0611813, 0.08081737, 0.024515681), (0.0611813, 0.082831174, 0.016476145), (0.0611813, 0.08404726, 0.008277933), (0.0611813, 0.08445393, 1.0342624e-17), (0.0611813, 0.08404726, -0.008277933), (0.0611813, 0.082831174, -0.016476145), (0.0611813, 0.08081737, -0.024515681), (0.0611813, 0.07802526, -0.03231912), (0.0611813, 0.07448172, -0.039811306), (0.0611813, 0.07022087, -0.04692009), (0.0611813, 0.06528377, -0.053577006), (0.0611813, 0.059717946, -0.059717946), (0.0611813, 0.053577006, -0.06528377), (0.0611813, 0.04692009, -0.07022087), (0.0611813, 0.039811306, -0.07448172), (0.0611813, 0.03231912, -0.07802526), (0.0611813, 0.024515681, -0.08081737), (0.0611813, 0.016476145, -0.082831174), (0.0611813, 0.008277933, -0.08404726), (0.0611813, 1.5513935e-17, -0.08445393), (0.0611813, -0.008277933, -0.08404726), (0.0611813, -0.016476145, -0.082831174), (0.0611813, -0.024515681, -0.08081737), (0.0611813, -0.03231912, -0.07802526), (0.0611813, -0.039811306, -0.07448172), (0.0611813, -0.04692009, -0.07022087), (0.0611813, -0.053577006, -0.06528377), (0.0611813, -0.059717946, -0.059717946), (0.0611813, -0.06528377, -0.053577006), (0.0611813, -0.07022087, -0.04692009), (0.0611813, -0.07448172, -0.039811306), (0.0611813, -0.07802526, -0.03231912), (0.0611813, -0.08081737, -0.024515681), (0.0611813, -0.082831174, -0.016476145), (0.0611813, -0.08404726, -0.008277933), (0.061181244, -0.08990257, 0), (0.061181244, -0.089469664, 0.008811993), (0.061181244, -0.08817512, 0.017539121), (0.061181244, -0.0860314, 0.026097339), (0.061181244, -0.08305915, 0.034404226), (0.061181244, -0.079286985, 0.042379778), (0.061181244, -0.07475126, 0.04994719), (0.061181244, -0.069495626, 0.057033587), (0.061181244, -0.063570715, 0.063570715), (0.061181244, -0.057033587, 0.069495626), (0.061181244, -0.04994719, 0.07475126), (0.061181244, -0.042379778, 0.079286985), (0.061181244, -0.034404226, 0.08305915), (0.061181244, -0.026097339, 0.0860314), (0.061181244, -0.017539121, 0.08817512), (0.061181244, -0.008811993, 0.089469664), (0.061181244, -5.504945e-18, 0.08990257), (0.061181244, 0.008811993, 0.089469664), (0.061181244, 0.017539121, 0.08817512), (0.061181244, 0.026097339, 0.0860314), (0.061181244, 0.034404226, 0.08305915), (0.061181244, 0.042379778, 0.079286985), (0.061181244, 0.04994719, 0.07475126), (0.061181244, 0.057033587, 0.069495626), (0.061181244, 0.063570715, 0.063570715), (0.061181244, 0.069495626, 0.057033587), (0.061181244, 0.07475126, 0.04994719), (0.061181244, 0.079286985, 0.042379778), (0.061181244, 0.08305915, 0.034404226), (0.061181244, 0.0860314, 0.026097339), (0.061181244, 0.08817512, 0.017539121), (0.061181244, 0.089469664, 0.008811993), (0.061181244, 0.08990257, 1.100989e-17), (0.061181244, 0.089469664, -0.008811993), (0.061181244, 0.08817512, -0.017539121), (0.061181244, 0.0860314, -0.026097339), (0.061181244, 0.08305915, -0.034404226), (0.061181244, 0.079286985, -0.042379778), (0.061181244, 0.07475126, -0.04994719), (0.061181244, 0.069495626, -0.057033587), (0.061181244, 0.063570715, -0.063570715), (0.061181244, 0.057033587, -0.069495626), (0.061181244, 0.04994719, -0.07475126), (0.061181244, 0.042379778, -0.079286985), (0.061181244, 0.034404226, -0.08305915), (0.061181244, 0.026097339, -0.0860314), (0.061181244, 0.017539121, -0.08817512), (0.061181244, 0.008811993, -0.089469664), (0.061181244, 1.6514835e-17, -0.08990257), (0.061181244, -0.008811993, -0.089469664), (0.061181244, -0.017539121, -0.08817512), (0.061181244, -0.026097339, -0.0860314), (0.061181244, -0.034404226, -0.08305915), (0.061181244, -0.042379778, -0.079286985), (0.061181244, -0.04994719, -0.07475126), (0.061181244, -0.057033587, -0.069495626), (0.061181244, -0.063570715, -0.063570715), (0.061181244, -0.069495626, -0.057033587), (0.061181244, -0.07475126, -0.04994719), (0.061181244, -0.079286985, -0.042379778), (0.061181244, -0.08305915, -0.034404226), (0.061181244, -0.0860314, -0.026097339), (0.061181244, -0.08817512, -0.017539121), (0.061181244, -0.089469664, -0.008811993), (0.06118119, -0.09535121, 0), (0.06118119, -0.09489207, 0.009346053), (0.06118119, -0.09351906, 0.0186021), (0.06118119, -0.09124542, 0.027678996), (0.06118119, -0.088093035, 0.03648933), (0.06118119, -0.08409226, 0.04494825), (0.06118119, -0.079281636, 0.052974295), (0.06118119, -0.07370748, 0.06049017), (0.06118119, -0.067423485, 0.067423485), (0.06118119, -0.06049017, 0.07370748), (0.06118119, -0.052974295, 0.079281636), (0.06118119, -0.04494825, 0.08409226), (0.06118119, -0.03648933, 0.088093035), (0.06118119, -0.027678996, 0.09124542), (0.06118119, -0.0186021, 0.09351906), (0.06118119, -0.009346053, 0.09489207), (0.06118119, -5.838578e-18, 0.09535121), (0.06118119, 0.009346053, 0.09489207), (0.06118119, 0.0186021, 0.09351906), (0.06118119, 0.027678996, 0.09124542), (0.06118119, 0.03648933, 0.088093035), (0.06118119, 0.04494825, 0.08409226), (0.06118119, 0.052974295, 0.079281636), (0.06118119, 0.06049017, 0.07370748), (0.06118119, 0.067423485, 0.067423485), (0.06118119, 0.07370748, 0.06049017), (0.06118119, 0.079281636, 0.052974295), (0.06118119, 0.08409226, 0.04494825), (0.06118119, 0.088093035, 0.03648933), (0.06118119, 0.09124542, 0.027678996), (0.06118119, 0.09351906, 0.0186021), (0.06118119, 0.09489207, 0.009346053), (0.06118119, 0.09535121, 1.1677156e-17), (0.06118119, 0.09489207, -0.009346053), (0.06118119, 0.09351906, -0.0186021), (0.06118119, 0.09124542, -0.027678996), (0.06118119, 0.088093035, -0.03648933), (0.06118119, 0.08409226, -0.04494825), (0.06118119, 0.079281636, -0.052974295), (0.06118119, 0.07370748, -0.06049017), (0.06118119, 0.067423485, -0.067423485), (0.06118119, 0.06049017, -0.07370748), (0.06118119, 0.052974295, -0.079281636), (0.06118119, 0.04494825, -0.08409226), (0.06118119, 0.03648933, -0.088093035), (0.06118119, 0.027678996, -0.09124542), (0.06118119, 0.0186021, -0.09351906), (0.06118119, 0.009346053, -0.09489207), (0.06118119, 1.7515733e-17, -0.09535121), (0.06118119, -0.009346053, -0.09489207), (0.06118119, -0.0186021, -0.09351906), (0.06118119, -0.027678996, -0.09124542), (0.06118119, -0.03648933, -0.088093035), (0.06118119, -0.04494825, -0.08409226), (0.06118119, -0.052974295, -0.079281636), (0.06118119, -0.06049017, -0.07370748), (0.06118119, -0.067423485, -0.067423485), (0.06118119, -0.07370748, -0.06049017), (0.06118119, -0.079281636, -0.052974295), (0.06118119, -0.08409226, -0.04494825), (0.06118119, -0.088093035, -0.03648933), (0.06118119, -0.09124542, -0.027678996), (0.06118119, -0.09351906, -0.0186021), (0.06118119, -0.09489207, -0.009346053), (0.088911176, -0.10079985, 0), (0.088911176, -0.100314476, 0.009880113), (0.088911176, -0.09886301, 0.019665075), (0.088911176, -0.09645944, 0.029260652), (0.088911176, -0.09312692, 0.038574435), (0.088911176, -0.08889753, 0.047516722), (0.088911176, -0.08381201, 0.0560014), (0.088911176, -0.07791934, 0.06394675), (0.088911176, -0.07127626, 0.07127626), (0.088911176, -0.06394675, 0.07791934), (0.088911176, -0.0560014, 0.08381201), (0.088911176, -0.047516722, 0.08889753), (0.088911176, -0.038574435, 0.09312692), (0.088911176, -0.029260652, 0.09645944), (0.088911176, -0.019665075, 0.09886301), (0.088911176, -0.009880113, 0.100314476), (0.088911176, -6.172211e-18, 0.10079985), (0.088911176, 0.009880113, 0.100314476), (0.088911176, 0.019665075, 0.09886301), (0.088911176, 0.029260652, 0.09645944), (0.088911176, 0.038574435, 0.09312692), (0.088911176, 0.047516722, 0.08889753), (0.088911176, 0.0560014, 0.08381201), (0.088911176, 0.06394675, 0.07791934), (0.088911176, 0.07127626, 0.07127626), (0.088911176, 0.07791934, 0.06394675), (0.088911176, 0.08381201, 0.0560014), (0.088911176, 0.08889753, 0.047516722), (0.088911176, 0.09312692, 0.038574435), (0.088911176, 0.09645944, 0.029260652), (0.088911176, 0.09886301, 0.019665075), (0.088911176, 0.100314476, 0.009880113), (0.088911176, 0.10079985, 1.2344422e-17), (0.088911176, 0.100314476, -0.009880113), (0.088911176, 0.09886301, -0.019665075), (0.088911176, 0.09645944, -0.029260652), (0.088911176, 0.09312692, -0.038574435), (0.088911176, 0.08889753, -0.047516722), (0.088911176, 0.08381201, -0.0560014), (0.088911176, 0.07791934, -0.06394675), (0.088911176, 0.07127626, -0.07127626), (0.088911176, 0.06394675, -0.07791934), (0.088911176, 0.0560014, -0.08381201), (0.088911176, 0.047516722, -0.08889753), (0.088911176, 0.038574435, -0.09312692), (0.088911176, 0.029260652, -0.09645944), (0.088911176, 0.019665075, -0.09886301), (0.088911176, 0.009880113, -0.100314476), (0.088911176, 1.8516632e-17, -0.10079985), (0.088911176, -0.009880113, -0.100314476), (0.088911176, -0.019665075, -0.09886301), (0.088911176, -0.029260652, -0.09645944), (0.088911176, -0.038574435, -0.09312692), (0.088911176, -0.047516722, -0.08889753), (0.088911176, -0.0560014, -0.08381201), (0.088911176, -0.06394675, -0.07791934), (0.088911176, -0.07127626, -0.07127626), (0.088911176, -0.07791934, -0.06394675), (0.088911176, -0.08381201, -0.0560014), (0.088911176, -0.08889753, -0.047516722), (0.088911176, -0.09312692, -0.038574435), (0.088911176, -0.09645944, -0.029260652), (0.088911176, -0.09886301, -0.019665075), (0.088911176, -0.100314476, -0.009880113), (0.08895332, -0.10624849, 0), (0.08895332, -0.105736874, 0.010414174), (0.08895332, -0.10420696, 0.020728052), (0.08895332, -0.10167347, 0.03084231), (0.08895332, -0.09816081, 0.04065954), (0.08895332, -0.09370281, 0.050085194), (0.08895332, -0.08834239, 0.0590285), (0.08895332, -0.08213119, 0.06740333), (0.08895332, -0.07512903, 0.07512903), (0.08895332, -0.06740333, 0.08213119), (0.08895332, -0.0590285, 0.08834239), (0.08895332, -0.050085194, 0.09370281), (0.08895332, -0.04065954, 0.09816081), (0.08895332, -0.03084231, 0.10167347), (0.08895332, -0.020728052, 0.10420696), (0.08895332, -0.010414174, 0.105736874), (0.08895332, -6.5058438e-18, 0.10624849), (0.08895332, 0.010414174, 0.105736874), (0.08895332, 0.020728052, 0.10420696), (0.08895332, 0.03084231, 0.10167347), (0.08895332, 0.04065954, 0.09816081), (0.08895332, 0.050085194, 0.09370281), (0.08895332, 0.0590285, 0.08834239), (0.08895332, 0.06740333, 0.08213119), (0.08895332, 0.07512903, 0.07512903), (0.08895332, 0.08213119, 0.06740333), (0.08895332, 0.08834239, 0.0590285), (0.08895332, 0.09370281, 0.050085194), (0.08895332, 0.09816081, 0.04065954), (0.08895332, 0.10167347, 0.03084231), (0.08895332, 0.10420696, 0.020728052), (0.08895332, 0.105736874, 0.010414174), (0.08895332, 0.10624849, 1.30116875e-17), (0.08895332, 0.105736874, -0.010414174), (0.08895332, 0.10420696, -0.020728052), (0.08895332, 0.10167347, -0.03084231), (0.08895332, 0.09816081, -0.04065954), (0.08895332, 0.09370281, -0.050085194), (0.08895332, 0.08834239, -0.0590285), (0.08895332, 0.08213119, -0.06740333), (0.08895332, 0.07512903, -0.07512903), (0.08895332, 0.06740333, -0.08213119), (0.08895332, 0.0590285, -0.08834239), (0.08895332, 0.050085194, -0.09370281), (0.08895332, 0.04065954, -0.09816081), (0.08895332, 0.03084231, -0.10167347), (0.08895332, 0.020728052, -0.10420696), (0.08895332, 0.010414174, -0.105736874), (0.08895332, 1.9517532e-17, -0.10624849), (0.08895332, -0.010414174, -0.105736874), (0.08895332, -0.020728052, -0.10420696), (0.08895332, -0.03084231, -0.10167347), (0.08895332, -0.04065954, -0.09816081), (0.08895332, -0.050085194, -0.09370281), (0.08895332, -0.0590285, -0.08834239), (0.08895332, -0.06740333, -0.08213119), (0.08895332, -0.07512903, -0.07512903), (0.08895332, -0.08213119, -0.06740333), (0.08895332, -0.08834239, -0.0590285), (0.08895332, -0.09370281, -0.050085194), (0.08895332, -0.09816081, -0.04065954), (0.08895332, -0.10167347, -0.03084231), (0.08895332, -0.10420696, -0.020728052), (0.08895332, -0.105736874, -0.010414174), (0.0905277, -0.11169713, 0), (0.0905277, -0.11115928, 0.010948233), (0.0905277, -0.1095509, 0.02179103), (0.0905277, -0.10688749, 0.032423966), (0.0905277, -0.1031947, 0.042744644), (0.0905277, -0.098508075, 0.052653663), (0.0905277, -0.09287277, 0.062055603), (0.0905277, -0.08634305, 0.07085991), (0.0905277, -0.0789818, 0.0789818), (0.0905277, -0.07085991, 0.08634305), (0.0905277, -0.062055603, 0.09287277), (0.0905277, -0.052653663, 0.098508075), (0.0905277, -0.042744644, 0.1031947), (0.0905277, -0.032423966, 0.10688749), (0.0905277, -0.02179103, 0.1095509), (0.0905277, -0.010948233, 0.11115928), (0.0905277, -6.8394767e-18, 0.11169713), (0.0905277, 0.010948233, 0.11115928), (0.0905277, 0.02179103, 0.1095509), (0.0905277, 0.032423966, 0.10688749), (0.0905277, 0.042744644, 0.1031947), (0.0905277, 0.052653663, 0.098508075), (0.0905277, 0.062055603, 0.09287277), (0.0905277, 0.07085991, 0.08634305), (0.0905277, 0.0789818, 0.0789818), (0.0905277, 0.08634305, 0.07085991), (0.0905277, 0.09287277, 0.062055603), (0.0905277, 0.098508075, 0.052653663), (0.0905277, 0.1031947, 0.042744644), (0.0905277, 0.10688749, 0.032423966), (0.0905277, 0.1095509, 0.02179103), (0.0905277, 0.11115928, 0.010948233), (0.0905277, 0.11169713, 1.36789534e-17), (0.0905277, 0.11115928, -0.010948233), (0.0905277, 0.1095509, -0.02179103), (0.0905277, 0.10688749, -0.032423966), (0.0905277, 0.1031947, -0.042744644), (0.0905277, 0.098508075, -0.052653663), (0.0905277, 0.09287277, -0.062055603), (0.0905277, 0.08634305, -0.07085991), (0.0905277, 0.0789818, -0.0789818), (0.0905277, 0.07085991, -0.08634305), (0.0905277, 0.062055603, -0.09287277), (0.0905277, 0.052653663, -0.098508075), (0.0905277, 0.042744644, -0.1031947), (0.0905277, 0.032423966, -0.10688749), (0.0905277, 0.02179103, -0.1095509), (0.0905277, 0.010948233, -0.11115928), (0.0905277, 2.051843e-17, -0.11169713), (0.0905277, -0.010948233, -0.11115928), (0.0905277, -0.02179103, -0.1095509), (0.0905277, -0.032423966, -0.10688749), (0.0905277, -0.042744644, -0.1031947), (0.0905277, -0.052653663, -0.098508075), (0.0905277, -0.062055603, -0.09287277), (0.0905277, -0.07085991, -0.08634305), (0.0905277, -0.0789818, -0.0789818), (0.0905277, -0.08634305, -0.07085991), (0.0905277, -0.09287277, -0.062055603), (0.0905277, -0.098508075, -0.052653663), (0.0905277, -0.1031947, -0.042744644), (0.0905277, -0.10688749, -0.032423966), (0.0905277, -0.1095509, -0.02179103), (0.0905277, -0.11115928, -0.010948233), (0.10099804, -0.11714578, 0), (0.10099804, -0.116581686, 0.011482294), (0.10099804, -0.11489485, 0.022854006), (0.10099804, -0.11210152, 0.034005623), (0.10099804, -0.10822858, 0.04482975), (0.10099804, -0.10331335, 0.055222135), (0.10099804, -0.097403154, 0.06508271), (0.10099804, -0.09055491, 0.074316494), (0.10099804, -0.08283457, 0.08283457), (0.10099804, -0.074316494, 0.09055491), (0.10099804, -0.06508271, 0.097403154), (0.10099804, -0.055222135, 0.10331335), (0.10099804, -0.04482975, 0.10822858), (0.10099804, -0.034005623, 0.11210152), (0.10099804, -0.022854006, 0.11489485), (0.10099804, -0.011482294, 0.116581686), (0.10099804, -7.17311e-18, 0.11714578), (0.10099804, 0.011482294, 0.116581686), (0.10099804, 0.022854006, 0.11489485), (0.10099804, 0.034005623, 0.11210152), (0.10099804, 0.04482975, 0.10822858), (0.10099804, 0.055222135, 0.10331335), (0.10099804, 0.06508271, 0.097403154), (0.10099804, 0.074316494, 0.09055491), (0.10099804, 0.08283457, 0.08283457), (0.10099804, 0.09055491, 0.074316494), (0.10099804, 0.097403154, 0.06508271), (0.10099804, 0.10331335, 0.055222135), (0.10099804, 0.10822858, 0.04482975), (0.10099804, 0.11210152, 0.034005623), (0.10099804, 0.11489485, 0.022854006), (0.10099804, 0.116581686, 0.011482294), (0.10099804, 0.11714578, 1.434622e-17), (0.10099804, 0.116581686, -0.011482294), (0.10099804, 0.11489485, -0.022854006), (0.10099804, 0.11210152, -0.034005623), (0.10099804, 0.10822858, -0.04482975), (0.10099804, 0.10331335, -0.055222135), (0.10099804, 0.097403154, -0.06508271), (0.10099804, 0.09055491, -0.074316494), (0.10099804, 0.08283457, -0.08283457), (0.10099804, 0.074316494, -0.09055491), (0.10099804, 0.06508271, -0.097403154), (0.10099804, 0.055222135, -0.10331335), (0.10099804, 0.04482975, -0.10822858), (0.10099804, 0.034005623, -0.11210152), (0.10099804, 0.022854006, -0.11489485), (0.10099804, 0.011482294, -0.116581686), (0.10099804, 2.151933e-17, -0.11714578), (0.10099804, -0.011482294, -0.116581686), (0.10099804, -0.022854006, -0.11489485), (0.10099804, -0.034005623, -0.11210152), (0.10099804, -0.04482975, -0.10822858), (0.10099804, -0.055222135, -0.10331335), (0.10099804, -0.06508271, -0.097403154), (0.10099804, -0.074316494, -0.09055491), (0.10099804, -0.08283457, -0.08283457), (0.10099804, -0.09055491, -0.074316494), (0.10099804, -0.097403154, -0.06508271), (0.10099804, -0.10331335, -0.055222135), (0.10099804, -0.10822858, -0.04482975), (0.10099804, -0.11210152, -0.034005623), (0.10099804, -0.11489485, -0.022854006), (0.10099804, -0.116581686, -0.011482294), (0.10134047, -0.122594416, 0), (0.10134047, -0.12200409, 0.012016354), (0.10134047, -0.120238796, 0.023916984), (0.10134047, -0.11731554, 0.03558728), (0.10134047, -0.11326247, 0.04691485), (0.10134047, -0.10811862, 0.057790607), (0.10134047, -0.10193353, 0.06810981), (0.10134047, -0.094766766, 0.07777307), (0.10134047, -0.08668734, 0.08668734), (0.10134047, -0.07777307, 0.094766766), (0.10134047, -0.06810981, 0.10193353), (0.10134047, -0.057790607, 0.10811862), (0.10134047, -0.04691485, 0.11326247), (0.10134047, -0.03558728, 0.11731554), (0.10134047, -0.023916984, 0.120238796), (0.10134047, -0.012016354, 0.12200409), (0.10134047, -7.506743e-18, 0.122594416), (0.10134047, 0.012016354, 0.12200409), (0.10134047, 0.023916984, 0.120238796), (0.10134047, 0.03558728, 0.11731554), (0.10134047, 0.04691485, 0.11326247), (0.10134047, 0.057790607, 0.10811862), (0.10134047, 0.06810981, 0.10193353), (0.10134047, 0.07777307, 0.094766766), (0.10134047, 0.08668734, 0.08668734), (0.10134047, 0.094766766, 0.07777307), (0.10134047, 0.10193353, 0.06810981), (0.10134047, 0.10811862, 0.057790607), (0.10134047, 0.11326247, 0.04691485), (0.10134047, 0.11731554, 0.03558728), (0.10134047, 0.120238796, 0.023916984), (0.10134047, 0.12200409, 0.012016354), (0.10134047, 0.122594416, 1.5013485e-17), (0.10134047, 0.12200409, -0.012016354), (0.10134047, 0.120238796, -0.023916984), (0.10134047, 0.11731554, -0.03558728), (0.10134047, 0.11326247, -0.04691485), (0.10134047, 0.10811862, -0.057790607), (0.10134047, 0.10193353, -0.06810981), (0.10134047, 0.094766766, -0.07777307), (0.10134047, 0.08668734, -0.08668734), (0.10134047, 0.07777307, -0.094766766), (0.10134047, 0.06810981, -0.10193353), (0.10134047, 0.057790607, -0.10811862), (0.10134047, 0.04691485, -0.11326247), (0.10134047, 0.03558728, -0.11731554), (0.10134047, 0.023916984, -0.120238796), (0.10134047, 0.012016354, -0.12200409), (0.10134047, 2.2520229e-17, -0.122594416), (0.10134047, -0.012016354, -0.12200409), (0.10134047, -0.023916984, -0.120238796), (0.10134047, -0.03558728, -0.11731554), (0.10134047, -0.04691485, -0.11326247), (0.10134047, -0.057790607, -0.10811862), (0.10134047, -0.06810981, -0.10193353), (0.10134047, -0.07777307, -0.094766766), (0.10134047, -0.08668734, -0.08668734), (0.10134047, -0.094766766, -0.07777307), (0.10134047, -0.10193353, -0.06810981), (0.10134047, -0.10811862, -0.057790607), (0.10134047, -0.11326247, -0.04691485), (0.10134047, -0.11731554, -0.03558728), (0.10134047, -0.120238796, -0.023916984), (0.10134047, -0.12200409, -0.012016354), (0.10168292, -0.12804306, 0), (0.10168292, -0.12742649, 0.012550415), (0.10168292, -0.12558274, 0.02497996), (0.10168292, -0.12252957, 0.03716894), (0.10168292, -0.118296355, 0.048999954), (0.10168292, -0.11292389, 0.06035908), (0.10168292, -0.10646391, 0.07113691), (0.10168292, -0.09897862, 0.08122966), (0.10168292, -0.09054011, 0.09054011), (0.10168292, -0.08122966, 0.09897862), (0.10168292, -0.07113691, 0.10646391), (0.10168292, -0.06035908, 0.11292389), (0.10168292, -0.048999954, 0.118296355), (0.10168292, -0.03716894, 0.12252957), (0.10168292, -0.02497996, 0.12558274), (0.10168292, -0.012550415, 0.12742649), (0.10168292, -7.840376e-18, 0.12804306), (0.10168292, 0.012550415, 0.12742649), (0.10168292, 0.02497996, 0.12558274), (0.10168292, 0.03716894, 0.12252957), (0.10168292, 0.048999954, 0.118296355), (0.10168292, 0.06035908, 0.11292389), (0.10168292, 0.07113691, 0.10646391), (0.10168292, 0.08122966, 0.09897862), (0.10168292, 0.09054011, 0.09054011), (0.10168292, 0.09897862, 0.08122966), (0.10168292, 0.10646391, 0.07113691), (0.10168292, 0.11292389, 0.06035908), (0.10168292, 0.118296355, 0.048999954), (0.10168292, 0.12252957, 0.03716894), (0.10168292, 0.12558274, 0.02497996), (0.10168292, 0.12742649, 0.012550415), (0.10168292, 0.12804306, 1.5680752e-17), (0.10168292, 0.12742649, -0.012550415), (0.10168292, 0.12558274, -0.02497996), (0.10168292, 0.12252957, -0.03716894), (0.10168292, 0.118296355, -0.048999954), (0.10168292, 0.11292389, -0.06035908), (0.10168292, 0.10646391, -0.07113691), (0.10168292, 0.09897862, -0.08122966), (0.10168292, 0.09054011, -0.09054011), (0.10168292, 0.08122966, -0.09897862), (0.10168292, 0.07113691, -0.10646391), (0.10168292, 0.06035908, -0.11292389), (0.10168292, 0.048999954, -0.118296355), (0.10168292, 0.03716894, -0.12252957), (0.10168292, 0.02497996, -0.12558274), (0.10168292, 0.012550415, -0.12742649), (0.10168292, 2.3521127e-17, -0.12804306), (0.10168292, -0.012550415, -0.12742649), (0.10168292, -0.02497996, -0.12558274), (0.10168292, -0.03716894, -0.12252957), (0.10168292, -0.048999954, -0.118296355), (0.10168292, -0.06035908, -0.11292389), (0.10168292, -0.07113691, -0.10646391), (0.10168292, -0.08122966, -0.09897862), (0.10168292, -0.09054011, -0.09054011), (0.10168292, -0.09897862, -0.08122966), (0.10168292, -0.10646391, -0.07113691), (0.10168292, -0.11292389, -0.06035908), (0.10168292, -0.118296355, -0.048999954), (0.10168292, -0.12252957, -0.03716894), (0.10168292, -0.12558274, -0.02497996), (0.10168292, -0.12742649, -0.012550415), (0, -0.13076738, 0), (0, -0.1301377, 0.012817444), (0, -0.12825471, 0.02551145), (0, -0.12513657, 0.037959766), (0, -0.1208133, 0.050042506), (0, -0.11532653, 0.061643314), (0, -0.1087291, 0.07265046), (0, -0.101084545, 0.082957946), (0, -0.092466496, 0.092466496), (0, -0.082957946, 0.101084545), (0, -0.07265046, 0.1087291), (0, -0.061643314, 0.11532653), (0, -0.050042506, 0.1208133), (0, -0.037959766, 0.12513657), (0, -0.02551145, 0.12825471), (0, -0.012817444, 0.1301377), (0, -8.007193e-18, 0.13076738), (0, 0.012817444, 0.1301377), (0, 0.02551145, 0.12825471), (0, 0.037959766, 0.12513657), (0, 0.050042506, 0.1208133), (0, 0.061643314, 0.11532653), (0, 0.07265046, 0.1087291), (0, 0.082957946, 0.101084545), (0, 0.092466496, 0.092466496), (0, 0.101084545, 0.082957946), (0, 0.1087291, 0.07265046), (0, 0.11532653, 0.061643314), (0, 0.1208133, 0.050042506), (0, 0.12513657, 0.037959766), (0, 0.12825471, 0.02551145), (0, 0.1301377, 0.012817444), (0, 0.13076738, 1.6014385e-17), (0, 0.1301377, -0.012817444), (0, 0.12825471, -0.02551145), (0, 0.12513657, -0.037959766), (0, 0.1208133, -0.050042506), (0, 0.11532653, -0.061643314), (0, 0.1087291, -0.07265046), (0, 0.101084545, -0.082957946), (0, 0.092466496, -0.092466496), (0, 0.082957946, -0.101084545), (0, 0.07265046, -0.1087291), (0, 0.061643314, -0.11532653), (0, 0.050042506, -0.1208133), (0, 0.037959766, -0.12513657), (0, 0.02551145, -0.12825471), (0, 0.012817444, -0.1301377), (0, 2.4021576e-17, -0.13076738), (0, -0.012817444, -0.1301377), (0, -0.02551145, -0.12825471), (0, -0.037959766, -0.12513657), (0, -0.050042506, -0.1208133), (0, -0.061643314, -0.11532653), (0, -0.07265046, -0.1087291), (0, -0.082957946, -0.101084545), (0, -0.092466496, -0.092466496), (0, -0.101084545, -0.082957946), (0, -0.1087291, -0.07265046), (0, -0.11532653, -0.061643314), (0, -0.1208133, -0.050042506), (0, -0.12513657, -0.037959766), (0, -0.12825471, -0.02551145), (0, -0.1301377, -0.012817444), (-0.10168292, -0.12804306, 0), (-0.10168292, -0.12742649, 0.012550415), (-0.10168292, -0.12558274, 0.02497996), (-0.10168292, -0.12252957, 0.03716894), (-0.10168292, -0.118296355, 0.048999954), (-0.10168292, -0.11292389, 0.06035908), (-0.10168292, -0.10646391, 0.07113691), (-0.10168292, -0.09897862, 0.08122966), (-0.10168292, -0.09054011, 0.09054011), (-0.10168292, -0.08122966, 0.09897862), (-0.10168292, -0.07113691, 0.10646391), (-0.10168292, -0.06035908, 0.11292389), (-0.10168292, -0.048999954, 0.118296355), (-0.10168292, -0.03716894, 0.12252957), (-0.10168292, -0.02497996, 0.12558274), (-0.10168292, -0.012550415, 0.12742649), (-0.10168292, -7.840376e-18, 0.12804306), (-0.10168292, 0.012550415, 0.12742649), (-0.10168292, 0.02497996, 0.12558274), (-0.10168292, 0.03716894, 0.12252957), (-0.10168292, 0.048999954, 0.118296355), (-0.10168292, 0.06035908, 0.11292389), (-0.10168292, 0.07113691, 0.10646391), (-0.10168292, 0.08122966, 0.09897862), (-0.10168292, 0.09054011, 0.09054011), (-0.10168292, 0.09897862, 0.08122966), (-0.10168292, 0.10646391, 0.07113691), (-0.10168292, 0.11292389, 0.06035908), (-0.10168292, 0.118296355, 0.048999954), (-0.10168292, 0.12252957, 0.03716894), (-0.10168292, 0.12558274, 0.02497996), (-0.10168292, 0.12742649, 0.012550415), (-0.10168292, 0.12804306, 1.5680752e-17), (-0.10168292, 0.12742649, -0.012550415), (-0.10168292, 0.12558274, -0.02497996), (-0.10168292, 0.12252957, -0.03716894), (-0.10168292, 0.118296355, -0.048999954), (-0.10168292, 0.11292389, -0.06035908), (-0.10168292, 0.10646391, -0.07113691), (-0.10168292, 0.09897862, -0.08122966), (-0.10168292, 0.09054011, -0.09054011), (-0.10168292, 0.08122966, -0.09897862), (-0.10168292, 0.07113691, -0.10646391), (-0.10168292, 0.06035908, -0.11292389), (-0.10168292, 0.048999954, -0.118296355), (-0.10168292, 0.03716894, -0.12252957), (-0.10168292, 0.02497996, -0.12558274), (-0.10168292, 0.012550415, -0.12742649), (-0.10168292, 2.3521127e-17, -0.12804306), (-0.10168292, -0.012550415, -0.12742649), (-0.10168292, -0.02497996, -0.12558274), (-0.10168292, -0.03716894, -0.12252957), (-0.10168292, -0.048999954, -0.118296355), (-0.10168292, -0.06035908, -0.11292389), (-0.10168292, -0.07113691, -0.10646391), (-0.10168292, -0.08122966, -0.09897862), (-0.10168292, -0.09054011, -0.09054011), (-0.10168292, -0.09897862, -0.08122966), (-0.10168292, -0.10646391, -0.07113691), (-0.10168292, -0.11292389, -0.06035908), (-0.10168292, -0.118296355, -0.048999954), (-0.10168292, -0.12252957, -0.03716894), (-0.10168292, -0.12558274, -0.02497996), (-0.10168292, -0.12742649, -0.012550415), (-0.10134047, -0.122594416, 0), (-0.10134047, -0.12200409, 0.012016354), (-0.10134047, -0.120238796, 0.023916984), (-0.10134047, -0.11731554, 0.03558728), (-0.10134047, -0.11326247, 0.04691485), (-0.10134047, -0.10811862, 0.057790607), (-0.10134047, -0.10193353, 0.06810981), (-0.10134047, -0.094766766, 0.07777307), (-0.10134047, -0.08668734, 0.08668734), (-0.10134047, -0.07777307, 0.094766766), (-0.10134047, -0.06810981, 0.10193353), (-0.10134047, -0.057790607, 0.10811862), (-0.10134047, -0.04691485, 0.11326247), (-0.10134047, -0.03558728, 0.11731554), (-0.10134047, -0.023916984, 0.120238796), (-0.10134047, -0.012016354, 0.12200409), (-0.10134047, -7.506743e-18, 0.122594416), (-0.10134047, 0.012016354, 0.12200409), (-0.10134047, 0.023916984, 0.120238796), (-0.10134047, 0.03558728, 0.11731554), (-0.10134047, 0.04691485, 0.11326247), (-0.10134047, 0.057790607, 0.10811862), (-0.10134047, 0.06810981, 0.10193353), (-0.10134047, 0.07777307, 0.094766766), (-0.10134047, 0.08668734, 0.08668734), (-0.10134047, 0.094766766, 0.07777307), (-0.10134047, 0.10193353, 0.06810981), (-0.10134047, 0.10811862, 0.057790607), (-0.10134047, 0.11326247, 0.04691485), (-0.10134047, 0.11731554, 0.03558728), (-0.10134047, 0.120238796, 0.023916984), (-0.10134047, 0.12200409, 0.012016354), (-0.10134047, 0.122594416, 1.5013485e-17), (-0.10134047, 0.12200409, -0.012016354), (-0.10134047, 0.120238796, -0.023916984), (-0.10134047, 0.11731554, -0.03558728), (-0.10134047, 0.11326247, -0.04691485), (-0.10134047, 0.10811862, -0.057790607), (-0.10134047, 0.10193353, -0.06810981), (-0.10134047, 0.094766766, -0.07777307), (-0.10134047, 0.08668734, -0.08668734), (-0.10134047, 0.07777307, -0.094766766), (-0.10134047, 0.06810981, -0.10193353), (-0.10134047, 0.057790607, -0.10811862), (-0.10134047, 0.04691485, -0.11326247), (-0.10134047, 0.03558728, -0.11731554), (-0.10134047, 0.023916984, -0.120238796), (-0.10134047, 0.012016354, -0.12200409), (-0.10134047, 2.2520229e-17, -0.122594416), (-0.10134047, -0.012016354, -0.12200409), (-0.10134047, -0.023916984, -0.120238796), (-0.10134047, -0.03558728, -0.11731554), (-0.10134047, -0.04691485, -0.11326247), (-0.10134047, -0.057790607, -0.10811862), (-0.10134047, -0.06810981, -0.10193353), (-0.10134047, -0.07777307, -0.094766766), (-0.10134047, -0.08668734, -0.08668734), (-0.10134047, -0.094766766, -0.07777307), (-0.10134047, -0.10193353, -0.06810981), (-0.10134047, -0.10811862, -0.057790607), (-0.10134047, -0.11326247, -0.04691485), (-0.10134047, -0.11731554, -0.03558728), (-0.10134047, -0.120238796, -0.023916984), (-0.10134047, -0.12200409, -0.012016354), (-0.10099804, -0.11714578, 0), (-0.10099804, -0.116581686, 0.011482294), (-0.10099804, -0.11489485, 0.022854006), (-0.10099804, -0.11210152, 0.034005623), (-0.10099804, -0.10822858, 0.04482975), (-0.10099804, -0.10331335, 0.055222135), (-0.10099804, -0.097403154, 0.06508271), (-0.10099804, -0.09055491, 0.074316494), (-0.10099804, -0.08283457, 0.08283457), (-0.10099804, -0.074316494, 0.09055491), (-0.10099804, -0.06508271, 0.097403154), (-0.10099804, -0.055222135, 0.10331335), (-0.10099804, -0.04482975, 0.10822858), (-0.10099804, -0.034005623, 0.11210152), (-0.10099804, -0.022854006, 0.11489485), (-0.10099804, -0.011482294, 0.116581686), (-0.10099804, -7.17311e-18, 0.11714578), (-0.10099804, 0.011482294, 0.116581686), (-0.10099804, 0.022854006, 0.11489485), (-0.10099804, 0.034005623, 0.11210152), (-0.10099804, 0.04482975, 0.10822858), (-0.10099804, 0.055222135, 0.10331335), (-0.10099804, 0.06508271, 0.097403154), (-0.10099804, 0.074316494, 0.09055491), (-0.10099804, 0.08283457, 0.08283457), (-0.10099804, 0.09055491, 0.074316494), (-0.10099804, 0.097403154, 0.06508271), (-0.10099804, 0.10331335, 0.055222135), (-0.10099804, 0.10822858, 0.04482975), (-0.10099804, 0.11210152, 0.034005623), (-0.10099804, 0.11489485, 0.022854006), (-0.10099804, 0.116581686, 0.011482294), (-0.10099804, 0.11714578, 1.434622e-17), (-0.10099804, 0.116581686, -0.011482294), (-0.10099804, 0.11489485, -0.022854006), (-0.10099804, 0.11210152, -0.034005623), (-0.10099804, 0.10822858, -0.04482975), (-0.10099804, 0.10331335, -0.055222135), (-0.10099804, 0.097403154, -0.06508271), (-0.10099804, 0.09055491, -0.074316494), (-0.10099804, 0.08283457, -0.08283457), (-0.10099804, 0.074316494, -0.09055491), (-0.10099804, 0.06508271, -0.097403154), (-0.10099804, 0.055222135, -0.10331335), (-0.10099804, 0.04482975, -0.10822858), (-0.10099804, 0.034005623, -0.11210152), (-0.10099804, 0.022854006, -0.11489485), (-0.10099804, 0.011482294, -0.116581686), (-0.10099804, 2.151933e-17, -0.11714578), (-0.10099804, -0.011482294, -0.116581686), (-0.10099804, -0.022854006, -0.11489485), (-0.10099804, -0.034005623, -0.11210152), (-0.10099804, -0.04482975, -0.10822858), (-0.10099804, -0.055222135, -0.10331335), (-0.10099804, -0.06508271, -0.097403154), (-0.10099804, -0.074316494, -0.09055491), (-0.10099804, -0.08283457, -0.08283457), (-0.10099804, -0.09055491, -0.074316494), (-0.10099804, -0.097403154, -0.06508271), (-0.10099804, -0.10331335, -0.055222135), (-0.10099804, -0.10822858, -0.04482975), (-0.10099804, -0.11210152, -0.034005623), (-0.10099804, -0.11489485, -0.022854006), (-0.10099804, -0.116581686, -0.011482294), (-0.0905277, -0.11169713, 0), (-0.0905277, -0.11115928, 0.010948233), (-0.0905277, -0.1095509, 0.02179103), (-0.0905277, -0.10688749, 0.032423966), (-0.0905277, -0.1031947, 0.042744644), (-0.0905277, -0.098508075, 0.052653663), (-0.0905277, -0.09287277, 0.062055603), (-0.0905277, -0.08634305, 0.07085991), (-0.0905277, -0.0789818, 0.0789818), (-0.0905277, -0.07085991, 0.08634305), (-0.0905277, -0.062055603, 0.09287277), (-0.0905277, -0.052653663, 0.098508075), (-0.0905277, -0.042744644, 0.1031947), (-0.0905277, -0.032423966, 0.10688749), (-0.0905277, -0.02179103, 0.1095509), (-0.0905277, -0.010948233, 0.11115928), (-0.0905277, -6.8394767e-18, 0.11169713), (-0.0905277, 0.010948233, 0.11115928), (-0.0905277, 0.02179103, 0.1095509), (-0.0905277, 0.032423966, 0.10688749), (-0.0905277, 0.042744644, 0.1031947), (-0.0905277, 0.052653663, 0.098508075), (-0.0905277, 0.062055603, 0.09287277), (-0.0905277, 0.07085991, 0.08634305), (-0.0905277, 0.0789818, 0.0789818), (-0.0905277, 0.08634305, 0.07085991), (-0.0905277, 0.09287277, 0.062055603), (-0.0905277, 0.098508075, 0.052653663), (-0.0905277, 0.1031947, 0.042744644), (-0.0905277, 0.10688749, 0.032423966), (-0.0905277, 0.1095509, 0.02179103), (-0.0905277, 0.11115928, 0.010948233), (-0.0905277, 0.11169713, 1.36789534e-17), (-0.0905277, 0.11115928, -0.010948233), (-0.0905277, 0.1095509, -0.02179103), (-0.0905277, 0.10688749, -0.032423966), (-0.0905277, 0.1031947, -0.042744644), (-0.0905277, 0.098508075, -0.052653663), (-0.0905277, 0.09287277, -0.062055603), (-0.0905277, 0.08634305, -0.07085991), (-0.0905277, 0.0789818, -0.0789818), (-0.0905277, 0.07085991, -0.08634305), (-0.0905277, 0.062055603, -0.09287277), (-0.0905277, 0.052653663, -0.098508075), (-0.0905277, 0.042744644, -0.1031947), (-0.0905277, 0.032423966, -0.10688749), (-0.0905277, 0.02179103, -0.1095509), (-0.0905277, 0.010948233, -0.11115928), (-0.0905277, 2.051843e-17, -0.11169713), (-0.0905277, -0.010948233, -0.11115928), (-0.0905277, -0.02179103, -0.1095509), (-0.0905277, -0.032423966, -0.10688749), (-0.0905277, -0.042744644, -0.1031947), (-0.0905277, -0.052653663, -0.098508075), (-0.0905277, -0.062055603, -0.09287277), (-0.0905277, -0.07085991, -0.08634305), (-0.0905277, -0.0789818, -0.0789818), (-0.0905277, -0.08634305, -0.07085991), (-0.0905277, -0.09287277, -0.062055603), (-0.0905277, -0.098508075, -0.052653663), (-0.0905277, -0.1031947, -0.042744644), (-0.0905277, -0.10688749, -0.032423966), (-0.0905277, -0.1095509, -0.02179103), (-0.0905277, -0.11115928, -0.010948233), (-0.08895332, -0.10624849, 0), (-0.08895332, -0.105736874, 0.010414174), (-0.08895332, -0.10420696, 0.020728052), (-0.08895332, -0.10167347, 0.03084231), (-0.08895332, -0.09816081, 0.04065954), (-0.08895332, -0.09370281, 0.050085194), (-0.08895332, -0.08834239, 0.0590285), (-0.08895332, -0.08213119, 0.06740333), (-0.08895332, -0.07512903, 0.07512903), (-0.08895332, -0.06740333, 0.08213119), (-0.08895332, -0.0590285, 0.08834239), (-0.08895332, -0.050085194, 0.09370281), (-0.08895332, -0.04065954, 0.09816081), (-0.08895332, -0.03084231, 0.10167347), (-0.08895332, -0.020728052, 0.10420696), (-0.08895332, -0.010414174, 0.105736874), (-0.08895332, -6.5058438e-18, 0.10624849), (-0.08895332, 0.010414174, 0.105736874), (-0.08895332, 0.020728052, 0.10420696), (-0.08895332, 0.03084231, 0.10167347), (-0.08895332, 0.04065954, 0.09816081), (-0.08895332, 0.050085194, 0.09370281), (-0.08895332, 0.0590285, 0.08834239), (-0.08895332, 0.06740333, 0.08213119), (-0.08895332, 0.07512903, 0.07512903), (-0.08895332, 0.08213119, 0.06740333), (-0.08895332, 0.08834239, 0.0590285), (-0.08895332, 0.09370281, 0.050085194), (-0.08895332, 0.09816081, 0.04065954), (-0.08895332, 0.10167347, 0.03084231), (-0.08895332, 0.10420696, 0.020728052), (-0.08895332, 0.105736874, 0.010414174), (-0.08895332, 0.10624849, 1.30116875e-17), (-0.08895332, 0.105736874, -0.010414174), (-0.08895332, 0.10420696, -0.020728052), (-0.08895332, 0.10167347, -0.03084231), (-0.08895332, 0.09816081, -0.04065954), (-0.08895332, 0.09370281, -0.050085194), (-0.08895332, 0.08834239, -0.0590285), (-0.08895332, 0.08213119, -0.06740333), (-0.08895332, 0.07512903, -0.07512903), (-0.08895332, 0.06740333, -0.08213119), (-0.08895332, 0.0590285, -0.08834239), (-0.08895332, 0.050085194, -0.09370281), (-0.08895332, 0.04065954, -0.09816081), (-0.08895332, 0.03084231, -0.10167347), (-0.08895332, 0.020728052, -0.10420696), (-0.08895332, 0.010414174, -0.105736874), (-0.08895332, 1.9517532e-17, -0.10624849), (-0.08895332, -0.010414174, -0.105736874), (-0.08895332, -0.020728052, -0.10420696), (-0.08895332, -0.03084231, -0.10167347), (-0.08895332, -0.04065954, -0.09816081), (-0.08895332, -0.050085194, -0.09370281), (-0.08895332, -0.0590285, -0.08834239), (-0.08895332, -0.06740333, -0.08213119), (-0.08895332, -0.07512903, -0.07512903), (-0.08895332, -0.08213119, -0.06740333), (-0.08895332, -0.08834239, -0.0590285), (-0.08895332, -0.09370281, -0.050085194), (-0.08895332, -0.09816081, -0.04065954), (-0.08895332, -0.10167347, -0.03084231), (-0.08895332, -0.10420696, -0.020728052), (-0.08895332, -0.105736874, -0.010414174), (-0.088911176, -0.10079985, 0), (-0.088911176, -0.100314476, 0.009880113), (-0.088911176, -0.09886301, 0.019665075), (-0.088911176, -0.09645944, 0.029260652), (-0.088911176, -0.09312692, 0.038574435), (-0.088911176, -0.08889753, 0.047516722), (-0.088911176, -0.08381201, 0.0560014), (-0.088911176, -0.07791934, 0.06394675), (-0.088911176, -0.07127626, 0.07127626), (-0.088911176, -0.06394675, 0.07791934), (-0.088911176, -0.0560014, 0.08381201), (-0.088911176, -0.047516722, 0.08889753), (-0.088911176, -0.038574435, 0.09312692), (-0.088911176, -0.029260652, 0.09645944), (-0.088911176, -0.019665075, 0.09886301), (-0.088911176, -0.009880113, 0.100314476), (-0.088911176, -6.172211e-18, 0.10079985), (-0.088911176, 0.009880113, 0.100314476), (-0.088911176, 0.019665075, 0.09886301), (-0.088911176, 0.029260652, 0.09645944), (-0.088911176, 0.038574435, 0.09312692), (-0.088911176, 0.047516722, 0.08889753), (-0.088911176, 0.0560014, 0.08381201), (-0.088911176, 0.06394675, 0.07791934), (-0.088911176, 0.07127626, 0.07127626), (-0.088911176, 0.07791934, 0.06394675), (-0.088911176, 0.08381201, 0.0560014), (-0.088911176, 0.08889753, 0.047516722), (-0.088911176, 0.09312692, 0.038574435), (-0.088911176, 0.09645944, 0.029260652), (-0.088911176, 0.09886301, 0.019665075), (-0.088911176, 0.100314476, 0.009880113), (-0.088911176, 0.10079985, 1.2344422e-17), (-0.088911176, 0.100314476, -0.009880113), (-0.088911176, 0.09886301, -0.019665075), (-0.088911176, 0.09645944, -0.029260652), (-0.088911176, 0.09312692, -0.038574435), (-0.088911176, 0.08889753, -0.047516722), (-0.088911176, 0.08381201, -0.0560014), (-0.088911176, 0.07791934, -0.06394675), (-0.088911176, 0.07127626, -0.07127626), (-0.088911176, 0.06394675, -0.07791934), (-0.088911176, 0.0560014, -0.08381201), (-0.088911176, 0.047516722, -0.08889753), (-0.088911176, 0.038574435, -0.09312692), (-0.088911176, 0.029260652, -0.09645944), (-0.088911176, 0.019665075, -0.09886301), (-0.088911176, 0.009880113, -0.100314476), (-0.088911176, 1.8516632e-17, -0.10079985), (-0.088911176, -0.009880113, -0.100314476), (-0.088911176, -0.019665075, -0.09886301), (-0.088911176, -0.029260652, -0.09645944), (-0.088911176, -0.038574435, -0.09312692), (-0.088911176, -0.047516722, -0.08889753), (-0.088911176, -0.0560014, -0.08381201), (-0.088911176, -0.06394675, -0.07791934), (-0.088911176, -0.07127626, -0.07127626), (-0.088911176, -0.07791934, -0.06394675), (-0.088911176, -0.08381201, -0.0560014), (-0.088911176, -0.08889753, -0.047516722), (-0.088911176, -0.09312692, -0.038574435), (-0.088911176, -0.09645944, -0.029260652), (-0.088911176, -0.09886301, -0.019665075), (-0.088911176, -0.100314476, -0.009880113), (-0.06118119, -0.09535121, 0), (-0.06118119, -0.09489207, 0.009346053), (-0.06118119, -0.09351906, 0.0186021), (-0.06118119, -0.09124542, 0.027678996), (-0.06118119, -0.088093035, 0.03648933), (-0.06118119, -0.08409226, 0.04494825), (-0.06118119, -0.079281636, 0.052974295), (-0.06118119, -0.07370748, 0.06049017), (-0.06118119, -0.067423485, 0.067423485), (-0.06118119, -0.06049017, 0.07370748), (-0.06118119, -0.052974295, 0.079281636), (-0.06118119, -0.04494825, 0.08409226), (-0.06118119, -0.03648933, 0.088093035), (-0.06118119, -0.027678996, 0.09124542), (-0.06118119, -0.0186021, 0.09351906), (-0.06118119, -0.009346053, 0.09489207), (-0.06118119, -5.838578e-18, 0.09535121), (-0.06118119, 0.009346053, 0.09489207), (-0.06118119, 0.0186021, 0.09351906), (-0.06118119, 0.027678996, 0.09124542), (-0.06118119, 0.03648933, 0.088093035), (-0.06118119, 0.04494825, 0.08409226), (-0.06118119, 0.052974295, 0.079281636), (-0.06118119, 0.06049017, 0.07370748), (-0.06118119, 0.067423485, 0.067423485), (-0.06118119, 0.07370748, 0.06049017), (-0.06118119, 0.079281636, 0.052974295), (-0.06118119, 0.08409226, 0.04494825), (-0.06118119, 0.088093035, 0.03648933), (-0.06118119, 0.09124542, 0.027678996), (-0.06118119, 0.09351906, 0.0186021), (-0.06118119, 0.09489207, 0.009346053), (-0.06118119, 0.09535121, 1.1677156e-17), (-0.06118119, 0.09489207, -0.009346053), (-0.06118119, 0.09351906, -0.0186021), (-0.06118119, 0.09124542, -0.027678996), (-0.06118119, 0.088093035, -0.03648933), (-0.06118119, 0.08409226, -0.04494825), (-0.06118119, 0.079281636, -0.052974295), (-0.06118119, 0.07370748, -0.06049017), (-0.06118119, 0.067423485, -0.067423485), (-0.06118119, 0.06049017, -0.07370748), (-0.06118119, 0.052974295, -0.079281636), (-0.06118119, 0.04494825, -0.08409226), (-0.06118119, 0.03648933, -0.088093035), (-0.06118119, 0.027678996, -0.09124542), (-0.06118119, 0.0186021, -0.09351906), (-0.06118119, 0.009346053, -0.09489207), (-0.06118119, 1.7515733e-17, -0.09535121), (-0.06118119, -0.009346053, -0.09489207), (-0.06118119, -0.0186021, -0.09351906), (-0.06118119, -0.027678996, -0.09124542), (-0.06118119, -0.03648933, -0.088093035), (-0.06118119, -0.04494825, -0.08409226), (-0.06118119, -0.052974295, -0.079281636), (-0.06118119, -0.06049017, -0.07370748), (-0.06118119, -0.067423485, -0.067423485), (-0.06118119, -0.07370748, -0.06049017), (-0.06118119, -0.079281636, -0.052974295), (-0.06118119, -0.08409226, -0.04494825), (-0.06118119, -0.088093035, -0.03648933), (-0.06118119, -0.09124542, -0.027678996), (-0.06118119, -0.09351906, -0.0186021), (-0.06118119, -0.09489207, -0.009346053), (-0.061181244, -0.08990257, 0), (-0.061181244, -0.089469664, 0.008811993), (-0.061181244, -0.08817512, 0.017539121), (-0.061181244, -0.0860314, 0.026097339), (-0.061181244, -0.08305915, 0.034404226), (-0.061181244, -0.079286985, 0.042379778), (-0.061181244, -0.07475126, 0.04994719), (-0.061181244, -0.069495626, 0.057033587), (-0.061181244, -0.063570715, 0.063570715), (-0.061181244, -0.057033587, 0.069495626), (-0.061181244, -0.04994719, 0.07475126), (-0.061181244, -0.042379778, 0.079286985), (-0.061181244, -0.034404226, 0.08305915), (-0.061181244, -0.026097339, 0.0860314), (-0.061181244, -0.017539121, 0.08817512), (-0.061181244, -0.008811993, 0.089469664), (-0.061181244, -5.504945e-18, 0.08990257), (-0.061181244, 0.008811993, 0.089469664), (-0.061181244, 0.017539121, 0.08817512), (-0.061181244, 0.026097339, 0.0860314), (-0.061181244, 0.034404226, 0.08305915), (-0.061181244, 0.042379778, 0.079286985), (-0.061181244, 0.04994719, 0.07475126), (-0.061181244, 0.057033587, 0.069495626), (-0.061181244, 0.063570715, 0.063570715), (-0.061181244, 0.069495626, 0.057033587), (-0.061181244, 0.07475126, 0.04994719), (-0.061181244, 0.079286985, 0.042379778), (-0.061181244, 0.08305915, 0.034404226), (-0.061181244, 0.0860314, 0.026097339), (-0.061181244, 0.08817512, 0.017539121), (-0.061181244, 0.089469664, 0.008811993), (-0.061181244, 0.08990257, 1.100989e-17), (-0.061181244, 0.089469664, -0.008811993), (-0.061181244, 0.08817512, -0.017539121), (-0.061181244, 0.0860314, -0.026097339), (-0.061181244, 0.08305915, -0.034404226), (-0.061181244, 0.079286985, -0.042379778), (-0.061181244, 0.07475126, -0.04994719), (-0.061181244, 0.069495626, -0.057033587), (-0.061181244, 0.063570715, -0.063570715), (-0.061181244, 0.057033587, -0.069495626), (-0.061181244, 0.04994719, -0.07475126), (-0.061181244, 0.042379778, -0.079286985), (-0.061181244, 0.034404226, -0.08305915), (-0.061181244, 0.026097339, -0.0860314), (-0.061181244, 0.017539121, -0.08817512), (-0.061181244, 0.008811993, -0.089469664), (-0.061181244, 1.6514835e-17, -0.08990257), (-0.061181244, -0.008811993, -0.089469664), (-0.061181244, -0.017539121, -0.08817512), (-0.061181244, -0.026097339, -0.0860314), (-0.061181244, -0.034404226, -0.08305915), (-0.061181244, -0.042379778, -0.079286985), (-0.061181244, -0.04994719, -0.07475126), (-0.061181244, -0.057033587, -0.069495626), (-0.061181244, -0.063570715, -0.063570715), (-0.061181244, -0.069495626, -0.057033587), (-0.061181244, -0.07475126, -0.04994719), (-0.061181244, -0.079286985, -0.042379778), (-0.061181244, -0.08305915, -0.034404226), (-0.061181244, -0.0860314, -0.026097339), (-0.061181244, -0.08817512, -0.017539121), (-0.061181244, -0.089469664, -0.008811993), (-0.0611813, -0.08445393, 0), (-0.0611813, -0.08404726, 0.008277933), (-0.0611813, -0.082831174, 0.016476145), (-0.0611813, -0.08081737, 0.024515681), (-0.0611813, -0.07802526, 0.03231912), (-0.0611813, -0.07448172, 0.039811306), (-0.0611813, -0.07022087, 0.04692009), (-0.0611813, -0.06528377, 0.053577006), (-0.0611813, -0.059717946, 0.059717946), (-0.0611813, -0.053577006, 0.06528377), (-0.0611813, -0.04692009, 0.07022087), (-0.0611813, -0.039811306, 0.07448172), (-0.0611813, -0.03231912, 0.07802526), (-0.0611813, -0.024515681, 0.08081737), (-0.0611813, -0.016476145, 0.082831174), (-0.0611813, -0.008277933, 0.08404726), (-0.0611813, -5.171312e-18, 0.08445393), (-0.0611813, 0.008277933, 0.08404726), (-0.0611813, 0.016476145, 0.082831174), (-0.0611813, 0.024515681, 0.08081737), (-0.0611813, 0.03231912, 0.07802526), (-0.0611813, 0.039811306, 0.07448172), (-0.0611813, 0.04692009, 0.07022087), (-0.0611813, 0.053577006, 0.06528377), (-0.0611813, 0.059717946, 0.059717946), (-0.0611813, 0.06528377, 0.053577006), (-0.0611813, 0.07022087, 0.04692009), (-0.0611813, 0.07448172, 0.039811306), (-0.0611813, 0.07802526, 0.03231912), (-0.0611813, 0.08081737, 0.024515681), (-0.0611813, 0.082831174, 0.016476145), (-0.0611813, 0.08404726, 0.008277933), (-0.0611813, 0.08445393, 1.0342624e-17), (-0.0611813, 0.08404726, -0.008277933), (-0.0611813, 0.082831174, -0.016476145), (-0.0611813, 0.08081737, -0.024515681), (-0.0611813, 0.07802526, -0.03231912), (-0.0611813, 0.07448172, -0.039811306), (-0.0611813, 0.07022087, -0.04692009), (-0.0611813, 0.06528377, -0.053577006), (-0.0611813, 0.059717946, -0.059717946), (-0.0611813, 0.053577006, -0.06528377), (-0.0611813, 0.04692009, -0.07022087), (-0.0611813, 0.039811306, -0.07448172), (-0.0611813, 0.03231912, -0.07802526), (-0.0611813, 0.024515681, -0.08081737), (-0.0611813, 0.016476145, -0.082831174), (-0.0611813, 0.008277933, -0.08404726), (-0.0611813, 1.5513935e-17, -0.08445393), (-0.0611813, -0.008277933, -0.08404726), (-0.0611813, -0.016476145, -0.082831174), (-0.0611813, -0.024515681, -0.08081737), (-0.0611813, -0.03231912, -0.07802526), (-0.0611813, -0.039811306, -0.07448172), (-0.0611813, -0.04692009, -0.07022087), (-0.0611813, -0.053577006, -0.06528377), (-0.0611813, -0.059717946, -0.059717946), (-0.0611813, -0.06528377, -0.053577006), (-0.0611813, -0.07022087, -0.04692009), (-0.0611813, -0.07448172, -0.039811306), (-0.0611813, -0.07802526, -0.03231912), (-0.0611813, -0.08081737, -0.024515681), (-0.0611813, -0.082831174, -0.016476145), (-0.0611813, -0.08404726, -0.008277933), (-0.06118135, -0.079005286, 0), (-0.06118135, -0.07862486, 0.0077438727), (-0.06118135, -0.07748722, 0.015413167), (-0.06118135, -0.07560335, 0.022934025), (-0.06118135, -0.07299137, 0.030234015), (-0.06118135, -0.069676444, 0.037242837), (-0.06118135, -0.065690495, 0.043892987), (-0.06118135, -0.061071914, 0.050120424), (-0.06118135, -0.055865176, 0.055865176), (-0.06118135, -0.050120424, 0.061071914), (-0.06118135, -0.043892987, 0.065690495), (-0.06118135, -0.037242837, 0.069676444), (-0.06118135, -0.030234015, 0.07299137), (-0.06118135, -0.022934025, 0.07560335), (-0.06118135, -0.015413167, 0.07748722), (-0.06118135, -0.0077438727, 0.07862486), (-0.06118135, -4.8376785e-18, 0.079005286), (-0.06118135, 0.0077438727, 0.07862486), (-0.06118135, 0.015413167, 0.07748722), (-0.06118135, 0.022934025, 0.07560335), (-0.06118135, 0.030234015, 0.07299137), (-0.06118135, 0.037242837, 0.069676444), (-0.06118135, 0.043892987, 0.065690495), (-0.06118135, 0.050120424, 0.061071914), (-0.06118135, 0.055865176, 0.055865176), (-0.06118135, 0.061071914, 0.050120424), (-0.06118135, 0.065690495, 0.043892987), (-0.06118135, 0.069676444, 0.037242837), (-0.06118135, 0.07299137, 0.030234015), (-0.06118135, 0.07560335, 0.022934025), (-0.06118135, 0.07748722, 0.015413167), (-0.06118135, 0.07862486, 0.0077438727), (-0.06118135, 0.079005286, 9.675357e-18), (-0.06118135, 0.07862486, -0.0077438727), (-0.06118135, 0.07748722, -0.015413167), (-0.06118135, 0.07560335, -0.022934025), (-0.06118135, 0.07299137, -0.030234015), (-0.06118135, 0.069676444, -0.037242837), (-0.06118135, 0.065690495, -0.043892987), (-0.06118135, 0.061071914, -0.050120424), (-0.06118135, 0.055865176, -0.055865176), (-0.06118135, 0.050120424, -0.061071914), (-0.06118135, 0.043892987, -0.065690495), (-0.06118135, 0.037242837, -0.069676444), (-0.06118135, 0.030234015, -0.07299137), (-0.06118135, 0.022934025, -0.07560335), (-0.06118135, 0.015413167, -0.07748722), (-0.06118135, 0.0077438727, -0.07862486), (-0.06118135, 1.4513036e-17, -0.079005286), (-0.06118135, -0.0077438727, -0.07862486), (-0.06118135, -0.015413167, -0.07748722), (-0.06118135, -0.022934025, -0.07560335), (-0.06118135, -0.030234015, -0.07299137), (-0.06118135, -0.037242837, -0.069676444), (-0.06118135, -0.043892987, -0.065690495), (-0.06118135, -0.050120424, -0.061071914), (-0.06118135, -0.055865176, -0.055865176), (-0.06118135, -0.061071914, -0.050120424), (-0.06118135, -0.065690495, -0.043892987), (-0.06118135, -0.069676444, -0.037242837), (-0.06118135, -0.07299137, -0.030234015), (-0.06118135, -0.07560335, -0.022934025), (-0.06118135, -0.07748722, -0.015413167), (-0.06118135, -0.07862486, -0.0077438727), (-0.06118135, -0.07355665, 0), (-0.06118135, -0.07320245, 0.0072098123), (-0.06118135, -0.07214328, 0.01435019), (-0.06118135, -0.07038932, 0.021352367), (-0.06118135, -0.06795748, 0.02814891), (-0.06118135, -0.06487117, 0.034674365), (-0.06118135, -0.061160117, 0.040865883), (-0.06118135, -0.05686006, 0.046663843), (-0.06118135, -0.052012406, 0.052012406), (-0.06118135, -0.046663843, 0.05686006), (-0.06118135, -0.040865883, 0.061160117), (-0.06118135, -0.034674365, 0.06487117), (-0.06118135, -0.02814891, 0.06795748), (-0.06118135, -0.021352367, 0.07038932), (-0.06118135, -0.01435019, 0.07214328), (-0.06118135, -0.0072098123, 0.07320245), (-0.06118135, -4.5040456e-18, 0.07355665), (-0.06118135, 0.0072098123, 0.07320245), (-0.06118135, 0.01435019, 0.07214328), (-0.06118135, 0.021352367, 0.07038932), (-0.06118135, 0.02814891, 0.06795748), (-0.06118135, 0.034674365, 0.06487117), (-0.06118135, 0.040865883, 0.061160117), (-0.06118135, 0.046663843, 0.05686006), (-0.06118135, 0.052012406, 0.052012406), (-0.06118135, 0.05686006, 0.046663843), (-0.06118135, 0.061160117, 0.040865883), (-0.06118135, 0.06487117, 0.034674365), (-0.06118135, 0.06795748, 0.02814891), (-0.06118135, 0.07038932, 0.021352367), (-0.06118135, 0.07214328, 0.01435019), (-0.06118135, 0.07320245, 0.0072098123), (-0.06118135, 0.07355665, 9.008091e-18), (-0.06118135, 0.07320245, -0.0072098123), (-0.06118135, 0.07214328, -0.01435019), (-0.06118135, 0.07038932, -0.021352367), (-0.06118135, 0.06795748, -0.02814891), (-0.06118135, 0.06487117, -0.034674365), (-0.06118135, 0.061160117, -0.040865883), (-0.06118135, 0.05686006, -0.046663843), (-0.06118135, 0.052012406, -0.052012406), (-0.06118135, 0.046663843, -0.05686006), (-0.06118135, 0.040865883, -0.061160117), (-0.06118135, 0.034674365, -0.06487117), (-0.06118135, 0.02814891, -0.06795748), (-0.06118135, 0.021352367, -0.07038932), (-0.06118135, 0.01435019, -0.07214328), (-0.06118135, 0.0072098123, -0.07320245), (-0.06118135, 1.3512137e-17, -0.07355665), (-0.06118135, -0.0072098123, -0.07320245), (-0.06118135, -0.01435019, -0.07214328), (-0.06118135, -0.021352367, -0.07038932), (-0.06118135, -0.02814891, -0.06795748), (-0.06118135, -0.034674365, -0.06487117), (-0.06118135, -0.040865883, -0.061160117), (-0.06118135, -0.046663843, -0.05686006), (-0.06118135, -0.052012406, -0.052012406), (-0.06118135, -0.05686006, -0.046663843), (-0.06118135, -0.061160117, -0.040865883), (-0.06118135, -0.06487117, -0.034674365), (-0.06118135, -0.06795748, -0.02814891), (-0.06118135, -0.07038932, -0.021352367), (-0.06118135, -0.07214328, -0.01435019), (-0.06118135, -0.07320245, -0.0072098123), (-0.06118135, -0.06810801, 0), (-0.06118135, -0.06778005, 0.0066757523), (-0.06118135, -0.066799335, 0.013287214), (-0.06118135, -0.0651753, 0.019770712), (-0.06118135, -0.062923595, 0.026063805), (-0.06118135, -0.0600659, 0.032105893), (-0.06118135, -0.05662974, 0.037838783), (-0.06118135, -0.0526482, 0.04320726), (-0.06118135, -0.048159633, 0.048159633), (-0.06118135, -0.04320726, 0.0526482), (-0.06118135, -0.037838783, 0.05662974), (-0.06118135, -0.032105893, 0.0600659), (-0.06118135, -0.026063805, 0.062923595), (-0.06118135, -0.019770712, 0.0651753), (-0.06118135, -0.013287214, 0.066799335), (-0.06118135, -0.0066757523, 0.06778005), (-0.06118135, -4.1704126e-18, 0.06810801), (-0.06118135, 0.0066757523, 0.06778005), (-0.06118135, 0.013287214, 0.066799335), (-0.06118135, 0.019770712, 0.0651753), (-0.06118135, 0.026063805, 0.062923595), (-0.06118135, 0.032105893, 0.0600659), (-0.06118135, 0.037838783, 0.05662974), (-0.06118135, 0.04320726, 0.0526482), (-0.06118135, 0.048159633, 0.048159633), (-0.06118135, 0.0526482, 0.04320726), (-0.06118135, 0.05662974, 0.037838783), (-0.06118135, 0.0600659, 0.032105893), (-0.06118135, 0.062923595, 0.026063805), (-0.06118135, 0.0651753, 0.019770712), (-0.06118135, 0.066799335, 0.013287214), (-0.06118135, 0.06778005, 0.0066757523), (-0.06118135, 0.06810801, 8.340825e-18), (-0.06118135, 0.06778005, -0.0066757523), (-0.06118135, 0.066799335, -0.013287214), (-0.06118135, 0.0651753, -0.019770712), (-0.06118135, 0.062923595, -0.026063805), (-0.06118135, 0.0600659, -0.032105893), (-0.06118135, 0.05662974, -0.037838783), (-0.06118135, 0.0526482, -0.04320726), (-0.06118135, 0.048159633, -0.048159633), (-0.06118135, 0.04320726, -0.0526482), (-0.06118135, 0.037838783, -0.05662974), (-0.06118135, 0.032105893, -0.0600659), (-0.06118135, 0.026063805, -0.062923595), (-0.06118135, 0.019770712, -0.0651753), (-0.06118135, 0.013287214, -0.066799335), (-0.06118135, 0.0066757523, -0.06778005), (-0.06118135, 1.2511238e-17, -0.06810801), (-0.06118135, -0.0066757523, -0.06778005), (-0.06118135, -0.013287214, -0.066799335), (-0.06118135, -0.019770712, -0.0651753), (-0.06118135, -0.026063805, -0.062923595), (-0.06118135, -0.032105893, -0.0600659), (-0.06118135, -0.037838783, -0.05662974), (-0.06118135, -0.04320726, -0.0526482), (-0.06118135, -0.048159633, -0.048159633), (-0.06118135, -0.0526482, -0.04320726), (-0.06118135, -0.05662974, -0.037838783), (-0.06118135, -0.0600659, -0.032105893), (-0.06118135, -0.062923595, -0.026063805), (-0.06118135, -0.0651753, -0.019770712), (-0.06118135, -0.066799335, -0.013287214), (-0.06118135, -0.06778005, -0.0066757523), (-0.06118135, -0.06265937, 0), (-0.06118135, -0.062357645, 0.006141692), (-0.06118135, -0.061455384, 0.0122242365), (-0.06118135, -0.059961274, 0.018189054), (-0.06118135, -0.057889707, 0.0239787), (-0.06118135, -0.05526063, 0.02953742), (-0.06118135, -0.05209936, 0.03481168), (-0.06118135, -0.048436347, 0.03975068), (-0.06118135, -0.044306863, 0.044306863), (-0.06118135, -0.03975068, 0.048436347), (-0.06118135, -0.03481168, 0.05209936), (-0.06118135, -0.02953742, 0.05526063), (-0.06118135, -0.0239787, 0.057889707), (-0.06118135, -0.018189054, 0.059961274), (-0.06118135, -0.0122242365, 0.061455384), (-0.06118135, -0.006141692, 0.062357645), (-0.06118135, -3.8367797e-18, 0.06265937), (-0.06118135, 0.006141692, 0.062357645), (-0.06118135, 0.0122242365, 0.061455384), (-0.06118135, 0.018189054, 0.059961274), (-0.06118135, 0.0239787, 0.057889707), (-0.06118135, 0.02953742, 0.05526063), (-0.06118135, 0.03481168, 0.05209936), (-0.06118135, 0.03975068, 0.048436347), (-0.06118135, 0.044306863, 0.044306863), (-0.06118135, 0.048436347, 0.03975068), (-0.06118135, 0.05209936, 0.03481168), (-0.06118135, 0.05526063, 0.02953742), (-0.06118135, 0.057889707, 0.0239787), (-0.06118135, 0.059961274, 0.018189054), (-0.06118135, 0.061455384, 0.0122242365), (-0.06118135, 0.062357645, 0.006141692), (-0.06118135, 0.06265937, 7.673559e-18), (-0.06118135, 0.062357645, -0.006141692), (-0.06118135, 0.061455384, -0.0122242365), (-0.06118135, 0.059961274, -0.018189054), (-0.06118135, 0.057889707, -0.0239787), (-0.06118135, 0.05526063, -0.02953742), (-0.06118135, 0.05209936, -0.03481168), (-0.06118135, 0.048436347, -0.03975068), (-0.06118135, 0.044306863, -0.044306863), (-0.06118135, 0.03975068, -0.048436347), (-0.06118135, 0.03481168, -0.05209936), (-0.06118135, 0.02953742, -0.05526063), (-0.06118135, 0.0239787, -0.057889707), (-0.06118135, 0.018189054, -0.059961274), (-0.06118135, 0.0122242365, -0.061455384), (-0.06118135, 0.006141692, -0.062357645), (-0.06118135, 1.1510339e-17, -0.06265937), (-0.06118135, -0.006141692, -0.062357645), (-0.06118135, -0.0122242365, -0.061455384), (-0.06118135, -0.018189054, -0.059961274), (-0.06118135, -0.0239787, -0.057889707), (-0.06118135, -0.02953742, -0.05526063), (-0.06118135, -0.03481168, -0.05209936), (-0.06118135, -0.03975068, -0.048436347), (-0.06118135, -0.044306863, -0.044306863), (-0.06118135, -0.048436347, -0.03975068), (-0.06118135, -0.05209936, -0.03481168), (-0.06118135, -0.05526063, -0.02953742), (-0.06118135, -0.057889707, -0.0239787), (-0.06118135, -0.059961274, -0.018189054), (-0.06118135, -0.061455384, -0.0122242365), (-0.06118135, -0.062357645, -0.006141692), (-0.06118135, -0.05721073, 0), (-0.06118135, -0.05693524, 0.005607632), (-0.06118135, -0.05611144, 0.011161259), (-0.06118135, -0.054747254, 0.016607398), (-0.06118135, -0.05285582, 0.021893598), (-0.06118135, -0.050455358, 0.02696895), (-0.06118135, -0.04756898, 0.031784575), (-0.06118135, -0.04422449, 0.0362941), (-0.06118135, -0.040454093, 0.040454093), (-0.06118135, -0.0362941, 0.04422449), (-0.06118135, -0.031784575, 0.04756898), (-0.06118135, -0.02696895, 0.050455358), (-0.06118135, -0.021893598, 0.05285582), (-0.06118135, -0.016607398, 0.054747254), (-0.06118135, -0.011161259, 0.05611144), (-0.06118135, -0.005607632, 0.05693524), (-0.06118135, -3.5031467e-18, 0.05721073), (-0.06118135, 0.005607632, 0.05693524), (-0.06118135, 0.011161259, 0.05611144), (-0.06118135, 0.016607398, 0.054747254), (-0.06118135, 0.021893598, 0.05285582), (-0.06118135, 0.02696895, 0.050455358), (-0.06118135, 0.031784575, 0.04756898), (-0.06118135, 0.0362941, 0.04422449), (-0.06118135, 0.040454093, 0.040454093), (-0.06118135, 0.04422449, 0.0362941), (-0.06118135, 0.04756898, 0.031784575), (-0.06118135, 0.050455358, 0.02696895), (-0.06118135, 0.05285582, 0.021893598), (-0.06118135, 0.054747254, 0.016607398), (-0.06118135, 0.05611144, 0.011161259), (-0.06118135, 0.05693524, 0.005607632), (-0.06118135, 0.05721073, 7.006293e-18), (-0.06118135, 0.05693524, -0.005607632), (-0.06118135, 0.05611144, -0.011161259), (-0.06118135, 0.054747254, -0.016607398), (-0.06118135, 0.05285582, -0.021893598), (-0.06118135, 0.050455358, -0.02696895), (-0.06118135, 0.04756898, -0.031784575), (-0.06118135, 0.04422449, -0.0362941), (-0.06118135, 0.040454093, -0.040454093), (-0.06118135, 0.0362941, -0.04422449), (-0.06118135, 0.031784575, -0.04756898), (-0.06118135, 0.02696895, -0.050455358), (-0.06118135, 0.021893598, -0.05285582), (-0.06118135, 0.016607398, -0.054747254), (-0.06118135, 0.011161259, -0.05611144), (-0.06118135, 0.005607632, -0.05693524), (-0.06118135, 1.050944e-17, -0.05721073), (-0.06118135, -0.005607632, -0.05693524), (-0.06118135, -0.011161259, -0.05611144), (-0.06118135, -0.016607398, -0.054747254), (-0.06118135, -0.021893598, -0.05285582), (-0.06118135, -0.02696895, -0.050455358), (-0.06118135, -0.031784575, -0.04756898), (-0.06118135, -0.0362941, -0.04422449), (-0.06118135, -0.040454093, -0.040454093), (-0.06118135, -0.04422449, -0.0362941), (-0.06118135, -0.04756898, -0.031784575), (-0.06118135, -0.050455358, -0.02696895), (-0.06118135, -0.05285582, -0.021893598), (-0.06118135, -0.054747254, -0.016607398), (-0.06118135, -0.05611144, -0.011161259), (-0.06118135, -0.05693524, -0.005607632), (-0.06118135, -0.051762085, 0), (-0.06118135, -0.051512837, 0.0050735716), (-0.06118135, -0.050767493, 0.010098282), (-0.06118135, -0.04953323, 0.0150257405), (-0.06118135, -0.04782193, 0.019808494), (-0.06118135, -0.045650084, 0.024400478), (-0.06118135, -0.043038603, 0.028757473), (-0.06118135, -0.040012635, 0.03283752), (-0.06118135, -0.036601324, 0.036601324), (-0.06118135, -0.03283752, 0.040012635), (-0.06118135, -0.028757473, 0.043038603), (-0.06118135, -0.024400478, 0.045650084), (-0.06118135, -0.019808494, 0.04782193), (-0.06118135, -0.0150257405, 0.04953323), (-0.06118135, -0.010098282, 0.050767493), (-0.06118135, -0.0050735716, 0.051512837), (-0.06118135, -3.1695137e-18, 0.051762085), (-0.06118135, 0.0050735716, 0.051512837), (-0.06118135, 0.010098282, 0.050767493), (-0.06118135, 0.0150257405, 0.04953323), (-0.06118135, 0.019808494, 0.04782193), (-0.06118135, 0.024400478, 0.045650084), (-0.06118135, 0.028757473, 0.043038603), (-0.06118135, 0.03283752, 0.040012635), (-0.06118135, 0.036601324, 0.036601324), (-0.06118135, 0.040012635, 0.03283752), (-0.06118135, 0.043038603, 0.028757473), (-0.06118135, 0.045650084, 0.024400478), (-0.06118135, 0.04782193, 0.019808494), (-0.06118135, 0.04953323, 0.0150257405), (-0.06118135, 0.050767493, 0.010098282), (-0.06118135, 0.051512837, 0.0050735716), (-0.06118135, 0.051762085, 6.3390275e-18), (-0.06118135, 0.051512837, -0.0050735716), (-0.06118135, 0.050767493, -0.010098282), (-0.06118135, 0.04953323, -0.0150257405), (-0.06118135, 0.04782193, -0.019808494), (-0.06118135, 0.045650084, -0.024400478), (-0.06118135, 0.043038603, -0.028757473), (-0.06118135, 0.040012635, -0.03283752), (-0.06118135, 0.036601324, -0.036601324), (-0.06118135, 0.03283752, -0.040012635), (-0.06118135, 0.028757473, -0.043038603), (-0.06118135, 0.024400478, -0.045650084), (-0.06118135, 0.019808494, -0.04782193), (-0.06118135, 0.0150257405, -0.04953323), (-0.06118135, 0.010098282, -0.050767493), (-0.06118135, 0.0050735716, -0.051512837), (-0.06118135, 9.508541e-18, -0.051762085), (-0.06118135, -0.0050735716, -0.051512837), (-0.06118135, -0.010098282, -0.050767493), (-0.06118135, -0.0150257405, -0.04953323), (-0.06118135, -0.019808494, -0.04782193), (-0.06118135, -0.024400478, -0.045650084), (-0.06118135, -0.028757473, -0.043038603), (-0.06118135, -0.03283752, -0.040012635), (-0.06118135, -0.036601324, -0.036601324), (-0.06118135, -0.040012635, -0.03283752), (-0.06118135, -0.043038603, -0.028757473), (-0.06118135, -0.045650084, -0.024400478), (-0.06118135, -0.04782193, -0.019808494), (-0.06118135, -0.04953323, -0.0150257405), (-0.06118135, -0.050767493, -0.010098282), (-0.06118135, -0.051512837, -0.0050735716), (-0.06118135, -0.046313446, 0), (-0.06118135, -0.046090435, 0.0045395116), (-0.06118135, -0.045423545, 0.009035305), (-0.06118135, -0.044319205, 0.013444084), (-0.06118135, -0.042788044, 0.017723389), (-0.06118135, -0.040844813, 0.021832008), (-0.06118135, -0.03850822, 0.025730371), (-0.06118135, -0.035800777, 0.029380938), (-0.06118135, -0.03274855, 0.03274855), (-0.06118135, -0.029380938, 0.035800777), (-0.06118135, -0.025730371, 0.03850822), (-0.06118135, -0.021832008, 0.040844813), (-0.06118135, -0.017723389, 0.042788044), (-0.06118135, -0.013444084, 0.044319205), (-0.06118135, -0.009035305, 0.045423545), (-0.06118135, -0.0045395116, 0.046090435), (-0.06118135, -2.8358806e-18, 0.046313446), (-0.06118135, 0.0045395116, 0.046090435), (-0.06118135, 0.009035305, 0.045423545), (-0.06118135, 0.013444084, 0.044319205), (-0.06118135, 0.017723389, 0.042788044), (-0.06118135, 0.021832008, 0.040844813), (-0.06118135, 0.025730371, 0.03850822), (-0.06118135, 0.029380938, 0.035800777), (-0.06118135, 0.03274855, 0.03274855), (-0.06118135, 0.035800777, 0.029380938), (-0.06118135, 0.03850822, 0.025730371), (-0.06118135, 0.040844813, 0.021832008), (-0.06118135, 0.042788044, 0.017723389), (-0.06118135, 0.044319205, 0.013444084), (-0.06118135, 0.045423545, 0.009035305), (-0.06118135, 0.046090435, 0.0045395116), (-0.06118135, 0.046313446, 5.671761e-18), (-0.06118135, 0.046090435, -0.0045395116), (-0.06118135, 0.045423545, -0.009035305), (-0.06118135, 0.044319205, -0.013444084), (-0.06118135, 0.042788044, -0.017723389), (-0.06118135, 0.040844813, -0.021832008), (-0.06118135, 0.03850822, -0.025730371), (-0.06118135, 0.035800777, -0.029380938), (-0.06118135, 0.03274855, -0.03274855), (-0.06118135, 0.029380938, -0.035800777), (-0.06118135, 0.025730371, -0.03850822), (-0.06118135, 0.021832008, -0.040844813), (-0.06118135, 0.017723389, -0.042788044), (-0.06118135, 0.013444084, -0.044319205), (-0.06118135, 0.009035305, -0.045423545), (-0.06118135, 0.0045395116, -0.046090435), (-0.06118135, 8.507642e-18, -0.046313446), (-0.06118135, -0.0045395116, -0.046090435), (-0.06118135, -0.009035305, -0.045423545), (-0.06118135, -0.013444084, -0.044319205), (-0.06118135, -0.017723389, -0.042788044), (-0.06118135, -0.021832008, -0.040844813), (-0.06118135, -0.025730371, -0.03850822), (-0.06118135, -0.029380938, -0.035800777), (-0.06118135, -0.03274855, -0.03274855), (-0.06118135, -0.035800777, -0.029380938), (-0.06118135, -0.03850822, -0.025730371), (-0.06118135, -0.040844813, -0.021832008), (-0.06118135, -0.042788044, -0.017723389), (-0.06118135, -0.044319205, -0.013444084), (-0.06118135, -0.045423545, -0.009035305), (-0.06118135, -0.046090435, -0.0045395116), (-0.06118135, -0.040864803, 0), (-0.06118135, -0.04066803, 0.004005451), (-0.06118135, -0.040079597, 0.007972328), (-0.06118135, -0.03910518, 0.011862427), (-0.06118135, -0.037754156, 0.015638284), (-0.06118135, -0.03603954, 0.019263536), (-0.06118135, -0.033977844, 0.02270327), (-0.06118135, -0.03158892, 0.025924359), (-0.06118135, -0.02889578, 0.02889578), (-0.06118135, -0.025924359, 0.03158892), (-0.06118135, -0.02270327, 0.033977844), (-0.06118135, -0.019263536, 0.03603954), (-0.06118135, -0.015638284, 0.037754156), (-0.06118135, -0.011862427, 0.03910518), (-0.06118135, -0.007972328, 0.040079597), (-0.06118135, -0.004005451, 0.04066803), (-0.06118135, -2.5022476e-18, 0.040864803), (-0.06118135, 0.004005451, 0.04066803), (-0.06118135, 0.007972328, 0.040079597), (-0.06118135, 0.011862427, 0.03910518), (-0.06118135, 0.015638284, 0.037754156), (-0.06118135, 0.019263536, 0.03603954), (-0.06118135, 0.02270327, 0.033977844), (-0.06118135, 0.025924359, 0.03158892), (-0.06118135, 0.02889578, 0.02889578), (-0.06118135, 0.03158892, 0.025924359), (-0.06118135, 0.033977844, 0.02270327), (-0.06118135, 0.03603954, 0.019263536), (-0.06118135, 0.037754156, 0.015638284), (-0.06118135, 0.03910518, 0.011862427), (-0.06118135, 0.040079597, 0.007972328), (-0.06118135, 0.04066803, 0.004005451), (-0.06118135, 0.040864803, 5.0044952e-18), (-0.06118135, 0.04066803, -0.004005451), (-0.06118135, 0.040079597, -0.007972328), (-0.06118135, 0.03910518, -0.011862427), (-0.06118135, 0.037754156, -0.015638284), (-0.06118135, 0.03603954, -0.019263536), (-0.06118135, 0.033977844, -0.02270327), (-0.06118135, 0.03158892, -0.025924359), (-0.06118135, 0.02889578, -0.02889578), (-0.06118135, 0.025924359, -0.03158892), (-0.06118135, 0.02270327, -0.033977844), (-0.06118135, 0.019263536, -0.03603954), (-0.06118135, 0.015638284, -0.037754156), (-0.06118135, 0.011862427, -0.03910518), (-0.06118135, 0.007972328, -0.040079597), (-0.06118135, 0.004005451, -0.04066803), (-0.06118135, 7.506743e-18, -0.040864803), (-0.06118135, -0.004005451, -0.04066803), (-0.06118135, -0.007972328, -0.040079597), (-0.06118135, -0.011862427, -0.03910518), (-0.06118135, -0.015638284, -0.037754156), (-0.06118135, -0.019263536, -0.03603954), (-0.06118135, -0.02270327, -0.033977844), (-0.06118135, -0.025924359, -0.03158892), (-0.06118135, -0.02889578, -0.02889578), (-0.06118135, -0.03158892, -0.025924359), (-0.06118135, -0.033977844, -0.02270327), (-0.06118135, -0.03603954, -0.019263536), (-0.06118135, -0.037754156, -0.015638284), (-0.06118135, -0.03910518, -0.011862427), (-0.06118135, -0.040079597, -0.007972328), (-0.06118135, -0.04066803, -0.004005451), (-0.06118135, -0.035416164, 0), (-0.06118135, -0.035245627, 0.003471391), (-0.06118135, -0.034735654, 0.006909351), (-0.06118135, -0.033891156, 0.010280769), (-0.06118135, -0.032720268, 0.013553179), (-0.06118135, -0.031234268, 0.016695064), (-0.06118135, -0.029447464, 0.019676166), (-0.06118135, -0.027377065, 0.022467777), (-0.06118135, -0.02504301, 0.02504301), (-0.06118135, -0.022467777, 0.027377065), (-0.06118135, -0.019676166, 0.029447464), (-0.06118135, -0.016695064, 0.031234268), (-0.06118135, -0.013553179, 0.032720268), (-0.06118135, -0.010280769, 0.033891156), (-0.06118135, -0.006909351, 0.034735654), (-0.06118135, -0.003471391, 0.035245627), (-0.06118135, -2.1686147e-18, 0.035416164), (-0.06118135, 0.003471391, 0.035245627), (-0.06118135, 0.006909351, 0.034735654), (-0.06118135, 0.010280769, 0.033891156), (-0.06118135, 0.013553179, 0.032720268), (-0.06118135, 0.016695064, 0.031234268), (-0.06118135, 0.019676166, 0.029447464), (-0.06118135, 0.022467777, 0.027377065), (-0.06118135, 0.02504301, 0.02504301), (-0.06118135, 0.027377065, 0.022467777), (-0.06118135, 0.029447464, 0.019676166), (-0.06118135, 0.031234268, 0.016695064), (-0.06118135, 0.032720268, 0.013553179), (-0.06118135, 0.033891156, 0.010280769), (-0.06118135, 0.034735654, 0.006909351), (-0.06118135, 0.035245627, 0.003471391), (-0.06118135, 0.035416164, 4.3372293e-18), (-0.06118135, 0.035245627, -0.003471391), (-0.06118135, 0.034735654, -0.006909351), (-0.06118135, 0.033891156, -0.010280769), (-0.06118135, 0.032720268, -0.013553179), (-0.06118135, 0.031234268, -0.016695064), (-0.06118135, 0.029447464, -0.019676166), (-0.06118135, 0.027377065, -0.022467777), (-0.06118135, 0.02504301, -0.02504301), (-0.06118135, 0.022467777, -0.027377065), (-0.06118135, 0.019676166, -0.029447464), (-0.06118135, 0.016695064, -0.031234268), (-0.06118135, 0.013553179, -0.032720268), (-0.06118135, 0.010280769, -0.033891156), (-0.06118135, 0.006909351, -0.034735654), (-0.06118135, 0.003471391, -0.035245627), (-0.06118135, 6.5058438e-18, -0.035416164), (-0.06118135, -0.003471391, -0.035245627), (-0.06118135, -0.006909351, -0.034735654), (-0.06118135, -0.010280769, -0.033891156), (-0.06118135, -0.013553179, -0.032720268), (-0.06118135, -0.016695064, -0.031234268), (-0.06118135, -0.019676166, -0.029447464), (-0.06118135, -0.022467777, -0.027377065), (-0.06118135, -0.02504301, -0.02504301), (-0.06118135, -0.027377065, -0.022467777), (-0.06118135, -0.029447464, -0.019676166), (-0.06118135, -0.031234268, -0.016695064), (-0.06118135, -0.032720268, -0.013553179), (-0.06118135, -0.033891156, -0.010280769), (-0.06118135, -0.034735654, -0.006909351), (-0.06118135, -0.035245627, -0.003471391), (-0.06118135, -0.029967524, 0), (-0.06118135, -0.029823221, 0.0029373309), (-0.06118135, -0.029391706, 0.0058463737), (-0.06118135, -0.028677132, 0.008699113), (-0.06118135, -0.027686382, 0.011468074), (-0.06118135, -0.026428996, 0.014126593), (-0.06118135, -0.024917085, 0.016649064), (-0.06118135, -0.02316521, 0.019011196), (-0.06118135, -0.02119024, 0.02119024), (-0.06118135, -0.019011196, 0.02316521), (-0.06118135, -0.016649064, 0.024917085), (-0.06118135, -0.014126593, 0.026428996), (-0.06118135, -0.011468074, 0.027686382), (-0.06118135, -0.008699113, 0.028677132), (-0.06118135, -0.0058463737, 0.029391706), (-0.06118135, -0.0029373309, 0.029823221), (-0.06118135, -1.8349815e-18, 0.029967524), (-0.06118135, 0.0029373309, 0.029823221), (-0.06118135, 0.0058463737, 0.029391706), (-0.06118135, 0.008699113, 0.028677132), (-0.06118135, 0.011468074, 0.027686382), (-0.06118135, 0.014126593, 0.026428996), (-0.06118135, 0.016649064, 0.024917085), (-0.06118135, 0.019011196, 0.02316521), (-0.06118135, 0.02119024, 0.02119024), (-0.06118135, 0.02316521, 0.019011196), (-0.06118135, 0.024917085, 0.016649064), (-0.06118135, 0.026428996, 0.014126593), (-0.06118135, 0.027686382, 0.011468074), (-0.06118135, 0.028677132, 0.008699113), (-0.06118135, 0.029391706, 0.0058463737), (-0.06118135, 0.029823221, 0.0029373309), (-0.06118135, 0.029967524, 3.669963e-18), (-0.06118135, 0.029823221, -0.0029373309), (-0.06118135, 0.029391706, -0.0058463737), (-0.06118135, 0.028677132, -0.008699113), (-0.06118135, 0.027686382, -0.011468074), (-0.06118135, 0.026428996, -0.014126593), (-0.06118135, 0.024917085, -0.016649064), (-0.06118135, 0.02316521, -0.019011196), (-0.06118135, 0.02119024, -0.02119024), (-0.06118135, 0.019011196, -0.02316521), (-0.06118135, 0.016649064, -0.024917085), (-0.06118135, 0.014126593, -0.026428996), (-0.06118135, 0.011468074, -0.027686382), (-0.06118135, 0.008699113, -0.028677132), (-0.06118135, 0.0058463737, -0.029391706), (-0.06118135, 0.0029373309, -0.029823221), (-0.06118135, 5.504945e-18, -0.029967524), (-0.06118135, -0.0029373309, -0.029823221), (-0.06118135, -0.0058463737, -0.029391706), (-0.06118135, -0.008699113, -0.028677132), (-0.06118135, -0.011468074, -0.027686382), (-0.06118135, -0.014126593, -0.026428996), (-0.06118135, -0.016649064, -0.024917085), (-0.06118135, -0.019011196, -0.02316521), (-0.06118135, -0.02119024, -0.02119024), (-0.06118135, -0.02316521, -0.019011196), (-0.06118135, -0.024917085, -0.016649064), (-0.06118135, -0.026428996, -0.014126593), (-0.06118135, -0.027686382, -0.011468074), (-0.06118135, -0.028677132, -0.008699113), (-0.06118135, -0.029391706, -0.0058463737), (-0.06118135, -0.029823221, -0.0029373309), (-0.06118135, -0.024518883, 0), (-0.06118135, -0.024400817, 0.0024032707), (-0.06118135, -0.02404776, 0.0047833966), (-0.06118135, -0.023463108, 0.007117456), (-0.06118135, -0.022652494, 0.009382971), (-0.06118135, -0.021623725, 0.011558121), (-0.06118135, -0.020386705, 0.013621962), (-0.06118135, -0.018953353, 0.015554614), (-0.06118135, -0.017337468, 0.017337468), (-0.06118135, -0.015554614, 0.018953353), (-0.06118135, -0.013621962, 0.020386705), (-0.06118135, -0.011558121, 0.021623725), (-0.06118135, -0.009382971, 0.022652494), (-0.06118135, -0.007117456, 0.023463108), (-0.06118135, -0.0047833966, 0.02404776), (-0.06118135, -0.0024032707, 0.024400817), (-0.06118135, -1.5013485e-18, 0.024518883), (-0.06118135, 0.0024032707, 0.024400817), (-0.06118135, 0.0047833966, 0.02404776), (-0.06118135, 0.007117456, 0.023463108), (-0.06118135, 0.009382971, 0.022652494), (-0.06118135, 0.011558121, 0.021623725), (-0.06118135, 0.013621962, 0.020386705), (-0.06118135, 0.015554614, 0.018953353), (-0.06118135, 0.017337468, 0.017337468), (-0.06118135, 0.018953353, 0.015554614), (-0.06118135, 0.020386705, 0.013621962), (-0.06118135, 0.021623725, 0.011558121), (-0.06118135, 0.022652494, 0.009382971), (-0.06118135, 0.023463108, 0.007117456), (-0.06118135, 0.02404776, 0.0047833966), (-0.06118135, 0.024400817, 0.0024032707), (-0.06118135, 0.024518883, 3.002697e-18), (-0.06118135, 0.024400817, -0.0024032707), (-0.06118135, 0.02404776, -0.0047833966), (-0.06118135, 0.023463108, -0.007117456), (-0.06118135, 0.022652494, -0.009382971), (-0.06118135, 0.021623725, -0.011558121), (-0.06118135, 0.020386705, -0.013621962), (-0.06118135, 0.018953353, -0.015554614), (-0.06118135, 0.017337468, -0.017337468), (-0.06118135, 0.015554614, -0.018953353), (-0.06118135, 0.013621962, -0.020386705), (-0.06118135, 0.011558121, -0.021623725), (-0.06118135, 0.009382971, -0.022652494), (-0.06118135, 0.007117456, -0.023463108), (-0.06118135, 0.0047833966, -0.02404776), (-0.06118135, 0.0024032707, -0.024400817), (-0.06118135, 4.5040456e-18, -0.024518883), (-0.06118135, -0.0024032707, -0.024400817), (-0.06118135, -0.0047833966, -0.02404776), (-0.06118135, -0.007117456, -0.023463108), (-0.06118135, -0.009382971, -0.022652494), (-0.06118135, -0.011558121, -0.021623725), (-0.06118135, -0.013621962, -0.020386705), (-0.06118135, -0.015554614, -0.018953353), (-0.06118135, -0.017337468, -0.017337468), (-0.06118135, -0.018953353, -0.015554614), (-0.06118135, -0.020386705, -0.013621962), (-0.06118135, -0.021623725, -0.011558121), (-0.06118135, -0.022652494, -0.009382971), (-0.06118135, -0.023463108, -0.007117456), (-0.06118135, -0.02404776, -0.0047833966), (-0.06118135, -0.024400817, -0.0024032707), (-0.06118135, -0.019070242, 0), (-0.06118135, -0.018978413, 0.0018692106), (-0.06118135, -0.018703813, 0.0037204197), (-0.06118135, -0.018249083, 0.005535799), (-0.06118135, -0.017618606, 0.0072978656), (-0.06118135, -0.016818453, 0.00898965), (-0.06118135, -0.015856327, 0.010594859), (-0.06118135, -0.014741496, 0.012098034), (-0.06118135, -0.013484698, 0.013484698), (-0.06118135, -0.012098034, 0.014741496), (-0.06118135, -0.010594859, 0.015856327), (-0.06118135, -0.00898965, 0.016818453), (-0.06118135, -0.0072978656, 0.017618606), (-0.06118135, -0.005535799, 0.018249083), (-0.06118135, -0.0037204197, 0.018703813), (-0.06118135, -0.0018692106, 0.018978413), (-0.06118135, -1.1677156e-18, 0.019070242), (-0.06118135, 0.0018692106, 0.018978413), (-0.06118135, 0.0037204197, 0.018703813), (-0.06118135, 0.005535799, 0.018249083), (-0.06118135, 0.0072978656, 0.017618606), (-0.06118135, 0.00898965, 0.016818453), (-0.06118135, 0.010594859, 0.015856327), (-0.06118135, 0.012098034, 0.014741496), (-0.06118135, 0.013484698, 0.013484698), (-0.06118135, 0.014741496, 0.012098034), (-0.06118135, 0.015856327, 0.010594859), (-0.06118135, 0.016818453, 0.00898965), (-0.06118135, 0.017618606, 0.0072978656), (-0.06118135, 0.018249083, 0.005535799), (-0.06118135, 0.018703813, 0.0037204197), (-0.06118135, 0.018978413, 0.0018692106), (-0.06118135, 0.019070242, 2.3354311e-18), (-0.06118135, 0.018978413, -0.0018692106), (-0.06118135, 0.018703813, -0.0037204197), (-0.06118135, 0.018249083, -0.005535799), (-0.06118135, 0.017618606, -0.0072978656), (-0.06118135, 0.016818453, -0.00898965), (-0.06118135, 0.015856327, -0.010594859), (-0.06118135, 0.014741496, -0.012098034), (-0.06118135, 0.013484698, -0.013484698), (-0.06118135, 0.012098034, -0.014741496), (-0.06118135, 0.010594859, -0.015856327), (-0.06118135, 0.00898965, -0.016818453), (-0.06118135, 0.0072978656, -0.017618606), (-0.06118135, 0.005535799, -0.018249083), (-0.06118135, 0.0037204197, -0.018703813), (-0.06118135, 0.0018692106, -0.018978413), (-0.06118135, 3.5031467e-18, -0.019070242), (-0.06118135, -0.0018692106, -0.018978413), (-0.06118135, -0.0037204197, -0.018703813), (-0.06118135, -0.005535799, -0.018249083), (-0.06118135, -0.0072978656, -0.017618606), (-0.06118135, -0.00898965, -0.016818453), (-0.06118135, -0.010594859, -0.015856327), (-0.06118135, -0.012098034, -0.014741496), (-0.06118135, -0.013484698, -0.013484698), (-0.06118135, -0.014741496, -0.012098034), (-0.06118135, -0.015856327, -0.010594859), (-0.06118135, -0.016818453, -0.00898965), (-0.06118135, -0.017618606, -0.0072978656), (-0.06118135, -0.018249083, -0.005535799), (-0.06118135, -0.018703813, -0.0037204197), (-0.06118135, -0.018978413, -0.0018692106), (-0.06118135, -0.013621601, 0), (-0.06118135, -0.01355601, 0.0013351504), (-0.06118135, -0.013359866, 0.0026574426), (-0.06118135, -0.01303506, 0.0039541423), (-0.06118135, -0.012584719, 0.0052127615), (-0.06118135, -0.01201318, 0.0064211786), (-0.06118135, -0.011325948, 0.0075677563), (-0.06118135, -0.01052964, 0.0086414525), (-0.06118135, -0.009631927, 0.009631927), (-0.06118135, -0.0086414525, 0.01052964), (-0.06118135, -0.0075677563, 0.011325948), (-0.06118135, -0.0064211786, 0.01201318), (-0.06118135, -0.0052127615, 0.012584719), (-0.06118135, -0.0039541423, 0.01303506), (-0.06118135, -0.0026574426, 0.013359866), (-0.06118135, -0.0013351504, 0.01355601), (-0.06118135, -8.3408256e-19, 0.013621601), (-0.06118135, 0.0013351504, 0.01355601), (-0.06118135, 0.0026574426, 0.013359866), (-0.06118135, 0.0039541423, 0.01303506), (-0.06118135, 0.0052127615, 0.012584719), (-0.06118135, 0.0064211786, 0.01201318), (-0.06118135, 0.0075677563, 0.011325948), (-0.06118135, 0.0086414525, 0.01052964), (-0.06118135, 0.009631927, 0.009631927), (-0.06118135, 0.01052964, 0.0086414525), (-0.06118135, 0.011325948, 0.0075677563), (-0.06118135, 0.01201318, 0.0064211786), (-0.06118135, 0.012584719, 0.0052127615), (-0.06118135, 0.01303506, 0.0039541423), (-0.06118135, 0.013359866, 0.0026574426), (-0.06118135, 0.01355601, 0.0013351504), (-0.06118135, 0.013621601, 1.6681651e-18), (-0.06118135, 0.01355601, -0.0013351504), (-0.06118135, 0.013359866, -0.0026574426), (-0.06118135, 0.01303506, -0.0039541423), (-0.06118135, 0.012584719, -0.0052127615), (-0.06118135, 0.01201318, -0.0064211786), (-0.06118135, 0.011325948, -0.0075677563), (-0.06118135, 0.01052964, -0.0086414525), (-0.06118135, 0.009631927, -0.009631927), (-0.06118135, 0.0086414525, -0.01052964), (-0.06118135, 0.0075677563, -0.011325948), (-0.06118135, 0.0064211786, -0.01201318), (-0.06118135, 0.0052127615, -0.012584719), (-0.06118135, 0.0039541423, -0.01303506), (-0.06118135, 0.0026574426, -0.013359866), (-0.06118135, 0.0013351504, -0.01355601), (-0.06118135, 2.5022476e-18, -0.013621601), (-0.06118135, -0.0013351504, -0.01355601), (-0.06118135, -0.0026574426, -0.013359866), (-0.06118135, -0.0039541423, -0.01303506), (-0.06118135, -0.0052127615, -0.012584719), (-0.06118135, -0.0064211786, -0.01201318), (-0.06118135, -0.0075677563, -0.011325948), (-0.06118135, -0.0086414525, -0.01052964), (-0.06118135, -0.009631927, -0.009631927), (-0.06118135, -0.01052964, -0.0086414525), (-0.06118135, -0.011325948, -0.0075677563), (-0.06118135, -0.01201318, -0.0064211786), (-0.06118135, -0.012584719, -0.0052127615), (-0.06118135, -0.01303506, -0.0039541423), (-0.06118135, -0.013359866, -0.0026574426), (-0.06118135, -0.01355601, -0.0013351504), (-0.06118135, -0.008172961, 0), (-0.06118135, -0.008133606, 0.00080109027), (-0.06118135, -0.0080159195, 0.0015944656), (-0.06118135, -0.007821036, 0.0023724854), (-0.06118135, -0.0075508314, 0.0031276566), (-0.06118135, -0.007207908, 0.003852707), (-0.06118135, -0.006795569, 0.004540654), (-0.06118135, -0.006317784, 0.0051848716), (-0.06118135, -0.005779156, 0.005779156), (-0.06118135, -0.0051848716, 0.006317784), (-0.06118135, -0.004540654, 0.006795569), (-0.06118135, -0.003852707, 0.007207908), (-0.06118135, -0.0031276566, 0.0075508314), (-0.06118135, -0.0023724854, 0.007821036), (-0.06118135, -0.0015944656, 0.0080159195), (-0.06118135, -0.00080109027, 0.008133606), (-0.06118135, -5.0044954e-19, 0.008172961), (-0.06118135, 0.00080109027, 0.008133606), (-0.06118135, 0.0015944656, 0.0080159195), (-0.06118135, 0.0023724854, 0.007821036), (-0.06118135, 0.0031276566, 0.0075508314), (-0.06118135, 0.003852707, 0.007207908), (-0.06118135, 0.004540654, 0.006795569), (-0.06118135, 0.0051848716, 0.006317784), (-0.06118135, 0.005779156, 0.005779156), (-0.06118135, 0.006317784, 0.0051848716), (-0.06118135, 0.006795569, 0.004540654), (-0.06118135, 0.007207908, 0.003852707), (-0.06118135, 0.0075508314, 0.0031276566), (-0.06118135, 0.007821036, 0.0023724854), (-0.06118135, 0.0080159195, 0.0015944656), (-0.06118135, 0.008133606, 0.00080109027), (-0.06118135, 0.008172961, 1.0008991e-18), (-0.06118135, 0.008133606, -0.00080109027), (-0.06118135, 0.0080159195, -0.0015944656), (-0.06118135, 0.007821036, -0.0023724854), (-0.06118135, 0.0075508314, -0.0031276566), (-0.06118135, 0.007207908, -0.003852707), (-0.06118135, 0.006795569, -0.004540654), (-0.06118135, 0.006317784, -0.0051848716), (-0.06118135, 0.005779156, -0.005779156), (-0.06118135, 0.0051848716, -0.006317784), (-0.06118135, 0.004540654, -0.006795569), (-0.06118135, 0.003852707, -0.007207908), (-0.06118135, 0.0031276566, -0.0075508314), (-0.06118135, 0.0023724854, -0.007821036), (-0.06118135, 0.0015944656, -0.0080159195), (-0.06118135, 0.00080109027, -0.008133606), (-0.06118135, 1.5013485e-18, -0.008172961), (-0.06118135, -0.00080109027, -0.008133606), (-0.06118135, -0.0015944656, -0.0080159195), (-0.06118135, -0.0023724854, -0.007821036), (-0.06118135, -0.0031276566, -0.0075508314), (-0.06118135, -0.003852707, -0.007207908), (-0.06118135, -0.004540654, -0.006795569), (-0.06118135, -0.0051848716, -0.006317784), (-0.06118135, -0.005779156, -0.005779156), (-0.06118135, -0.006317784, -0.0051848716), (-0.06118135, -0.006795569, -0.004540654), (-0.06118135, -0.007207908, -0.003852707), (-0.06118135, -0.0075508314, -0.0031276566), (-0.06118135, -0.007821036, -0.0023724854), (-0.06118135, -0.0080159195, -0.0015944656), (-0.06118135, -0.008133606, -0.00080109027), (-0.06118135, -0.0027243204, 0), (-0.06118135, -0.002711202, 0.0002670301), (-0.06118135, -0.0026719733, 0.0005314885), (-0.06118135, -0.002607012, 0.00079082843), (-0.06118135, -0.0025169437, 0.0010425523), (-0.06118135, -0.002402636, 0.0012842357), (-0.06118135, -0.0022651895, 0.0015135512), (-0.06118135, -0.002105928, 0.0017282905), (-0.06118135, -0.0019263853, 0.0019263853), (-0.06118135, -0.0017282905, 0.002105928), (-0.06118135, -0.0015135512, 0.0022651895), (-0.06118135, -0.0012842357, 0.002402636), (-0.06118135, -0.0010425523, 0.0025169437), (-0.06118135, -0.00079082843, 0.002607012), (-0.06118135, -0.0005314885, 0.0026719733), (-0.06118135, -0.0002670301, 0.002711202), (-0.06118135, -1.668165e-19, 0.0027243204), (-0.06118135, 0.0002670301, 0.002711202), (-0.06118135, 0.0005314885, 0.0026719733), (-0.06118135, 0.00079082843, 0.002607012), (-0.06118135, 0.0010425523, 0.0025169437), (-0.06118135, 0.0012842357, 0.002402636), (-0.06118135, 0.0015135512, 0.0022651895), (-0.06118135, 0.0017282905, 0.002105928), (-0.06118135, 0.0019263853, 0.0019263853), (-0.06118135, 0.002105928, 0.0017282905), (-0.06118135, 0.0022651895, 0.0015135512), (-0.06118135, 0.002402636, 0.0012842357), (-0.06118135, 0.0025169437, 0.0010425523), (-0.06118135, 0.002607012, 0.00079082843), (-0.06118135, 0.0026719733, 0.0005314885), (-0.06118135, 0.002711202, 0.0002670301), (-0.06118135, 0.0027243204, 3.33633e-19), (-0.06118135, 0.002711202, -0.0002670301), (-0.06118135, 0.0026719733, -0.0005314885), (-0.06118135, 0.002607012, -0.00079082843), (-0.06118135, 0.0025169437, -0.0010425523), (-0.06118135, 0.002402636, -0.0012842357), (-0.06118135, 0.0022651895, -0.0015135512), (-0.06118135, 0.002105928, -0.0017282905), (-0.06118135, 0.0019263853, -0.0019263853), (-0.06118135, 0.0017282905, -0.002105928), (-0.06118135, 0.0015135512, -0.0022651895), (-0.06118135, 0.0012842357, -0.002402636), (-0.06118135, 0.0010425523, -0.0025169437), (-0.06118135, 0.00079082843, -0.002607012), (-0.06118135, 0.0005314885, -0.0026719733), (-0.06118135, 0.0002670301, -0.002711202), (-0.06118135, 5.0044954e-19, -0.0027243204), (-0.06118135, -0.0002670301, -0.002711202), (-0.06118135, -0.0005314885, -0.0026719733), (-0.06118135, -0.00079082843, -0.002607012), (-0.06118135, -0.0010425523, -0.0025169437), (-0.06118135, -0.0012842357, -0.002402636), (-0.06118135, -0.0015135512, -0.0022651895), (-0.06118135, -0.0017282905, -0.002105928), (-0.06118135, -0.0019263853, -0.0019263853), (-0.06118135, -0.002105928, -0.0017282905), (-0.06118135, -0.0022651895, -0.0015135512), (-0.06118135, -0.002402636, -0.0012842357), (-0.06118135, -0.0025169437, -0.0010425523), (-0.06118135, -0.002607012, -0.00079082843), (-0.06118135, -0.0026719733, -0.0005314885), (-0.06118135, -0.002711202, -0.0002670301), (-0.06118135, -0, 0), (-0.06118135, -0, 0), (-0.06118135, -0, 0), (-0.06118135, -0, 0), (-0.06118135, -0, 0), (-0.06118135, -0, 0), (-0.06118135, -0, 0), (-0.06118135, -0, 0), (-0.06118135, -0, 0), (-0.06118135, -0, 0), (-0.06118135, -0, 0), (-0.06118135, -0, 0), (-0.06118135, -0, 0), (-0.06118135, -0, 0), (-0.06118135, -0, 0), (-0.06118135, -0, 0), (-0.06118135, -0, 0), (-0.06118135, 0, 0), (-0.06118135, 0, 0), (-0.06118135, 0, 0), (-0.06118135, 0, 0), (-0.06118135, 0, 0), (-0.06118135, 0, 0), (-0.06118135, 0, 0), (-0.06118135, 0, 0), (-0.06118135, 0, 0), (-0.06118135, 0, 0), (-0.06118135, 0, 0), (-0.06118135, 0, 0), (-0.06118135, 0, 0), (-0.06118135, 0, 0), (-0.06118135, 0, 0), (-0.06118135, 0, 0), (-0.06118135, 0, -0), (-0.06118135, 0, -0), (-0.06118135, 0, -0), (-0.06118135, 0, -0), (-0.06118135, 0, -0), (-0.06118135, 0, -0), (-0.06118135, 0, -0), (-0.06118135, 0, -0), (-0.06118135, 0, -0), (-0.06118135, 0, -0), (-0.06118135, 0, -0), (-0.06118135, 0, -0), (-0.06118135, 0, -0), (-0.06118135, 0, -0), (-0.06118135, 0, -0), (-0.06118135, 0, -0), (-0.06118135, -0, -0), (-0.06118135, -0, -0), (-0.06118135, -0, -0), (-0.06118135, -0, -0), (-0.06118135, -0, -0), (-0.06118135, -0, -0), (-0.06118135, -0, -0), (-0.06118135, -0, -0), (-0.06118135, -0, -0), (-0.06118135, -0, -0), (-0.06118135, -0, -0), (-0.06118135, -0, -0), (-0.06118135, -0, -0), (-0.06118135, -0, -0), (-0.06118135, -0, -0), (-0.077181354, -0.066, -0.011), (-0.077181354, -0.066, 0.011), (-0.077181354, -0.044, -0.011), (-0.077181354, -0.044, 0.011), (-0.06118135, -0.066, -0.011), (-0.06118135, -0.066, 0.011), (-0.06118135, -0.044, -0.011), (-0.06118135, -0.044, 0.011), (-0.077181354, -0.0099335, 0.038447298), (-0.077181354, -0.030856743, 0.045245674), (-0.077181354, -0.003135126, 0.059370544), (-0.077181354, -0.02405837, 0.06616892), (-0.06118135, -0.0099335, 0.038447298), (-0.06118135, -0.030856743, 0.045245674), (-0.06118135, -0.003135126, 0.059370544), (-0.06118135, -0.02405837, 0.06616892), (-0.077181354, 0.05986076, 0.034761738), (-0.077181354, 0.046929482, 0.016963365), (-0.077181354, 0.042062387, 0.047693014), (-0.077181354, 0.02913111, 0.029894639), (-0.06118135, 0.05986076, 0.034761738), (-0.06118135, 0.046929482, 0.016963365), (-0.06118135, 0.042062387, 0.047693014), (-0.06118135, 0.02913111, 0.029894639), (-0.077181354, 0.046929482, -0.016963365), (-0.077181354, 0.05986076, -0.034761738), (-0.077181354, 0.02913111, -0.029894639), (-0.077181354, 0.042062387, -0.047693014), (-0.06118135, 0.046929482, -0.016963365), (-0.06118135, 0.05986076, -0.034761738), (-0.06118135, 0.02913111, -0.029894639), (-0.06118135, 0.042062387, -0.047693014), (-0.077181354, -0.030856743, -0.045245674), (-0.077181354, -0.0099335, -0.038447298), (-0.077181354, -0.02405837, -0.06616892), (-0.077181354, -0.003135126, -0.059370544), (-0.06118135, -0.030856743, -0.045245674), (-0.06118135, -0.0099335, -0.038447298), (-0.06118135, -0.02405837, -0.06616892), (-0.06118135, -0.003135126, -0.059370544), (0.06118135, -0.066, -0.011), (0.06118135, -0.066, 0.011), (0.06118135, -0.044, -0.011), (0.06118135, -0.044, 0.011), (0.077181354, -0.066, -0.011), (0.077181354, -0.066, 0.011), (0.077181354, -0.044, -0.011), (0.077181354, -0.044, 0.011), (0.06118135, -0.0099335, 0.038447298), (0.06118135, -0.030856743, 0.045245674), (0.06118135, -0.003135126, 0.059370544), (0.06118135, -0.02405837, 0.06616892), (0.077181354, -0.0099335, 0.038447298), (0.077181354, -0.030856743, 0.045245674), (0.077181354, -0.003135126, 0.059370544), (0.077181354, -0.02405837, 0.06616892), (0.06118135, 0.05986076, 0.034761738), (0.06118135, 0.046929482, 0.016963365), (0.06118135, 0.042062387, 0.047693014), (0.06118135, 0.02913111, 0.029894639), (0.077181354, 0.05986076, 0.034761738), (0.077181354, 0.046929482, 0.016963365), (0.077181354, 0.042062387, 0.047693014), (0.077181354, 0.02913111, 0.029894639), (0.06118135, 0.046929482, -0.016963365), (0.06118135, 0.05986076, -0.034761738), (0.06118135, 0.02913111, -0.029894639), (0.06118135, 0.042062387, -0.047693014), (0.077181354, 0.046929482, -0.016963365), (0.077181354, 0.05986076, -0.034761738), (0.077181354, 0.02913111, -0.029894639), (0.077181354, 0.042062387, -0.047693014), (0.06118135, -0.030856743, -0.045245674), (0.06118135, -0.0099335, -0.038447298), (0.06118135, -0.02405837, -0.06616892), (0.06118135, -0.003135126, -0.059370544), (0.077181354, -0.030856743, -0.045245674), (0.077181354, -0.0099335, -0.038447298), (0.077181354, -0.02405837, -0.06616892), (0.077181354, -0.003135126, -0.059370544)]
    }
}

