#usda 1.0
(
    defaultPrim = "Tire"
    upAxis = "Y"
)

def Xform "Tire"
{
    def Mesh "Mesh" (
        customData = {
            double contactKd = 16.33628179866692
            double contactKn = 946.9583667758101
            string[] materialFields = ["C11", "C22", "C33", "C12", "C13", "C23", "G23", "G13", "G12", "rho", "alpha_damp"]
            int nBeadRows = 1
            int nCirc = 112
            int pcgIters = 10
            double pressure = 20700
            double rInner = 0.1296124905347824
            double rOuter = 0.2893279982240938
            double shellThickness = 0.0034
            int[] surfTriIndices = [0, 1, 113, 0, 113, 112, 1, 2, 114, 1, 114, 113, 2, 3, 115, 2, 115, 114, 3, 4, 116, 3, 116, 115, 4, 5, 117, 4, 117, 116, 5, 6, 118, 5, 118, 117, 6, 7, 119, 6, 119, 118, 7, 8, 120, 7, 120, 119, 8, 9, 121, 8, 121, 120, 9, 10, 122, 9, 122, 121, 10, 11, 123, 10, 123, 122, 11, 12, 124, 11, 124, 123, 12, 13, 125, 12, 125, 124, 13, 14, 126, 13, 126, 125, 14, 15, 127, 14, 127, 126, 15, 16, 128, 15, 128, 127, 16, 17, 129, 16, 129, 128, 17, 18, 130, 17, 130, 129, 18, 19, 131, 18, 131, 130, 19, 20, 132, 19, 132, 131, 20, 21, 133, 20, 133, 132, 21, 22, 134, 21, 134, 133, 22, 23, 135, 22, 135, 134, 23, 24, 136, 23, 136, 135, 24, 25, 137, 24, 137, 136, 25, 26, 138, 25, 138, 137, 26, 27, 139, 26, 139, 138, 27, 28, 140, 27, 140, 139, 28, 29, 141, 28, 141, 140, 29, 30, 142, 29, 142, 141, 30, 31, 143, 30, 143, 142, 31, 32, 144, 31, 144, 143, 32, 33, 145, 32, 145, 144, 33, 34, 146, 33, 146, 145, 34, 35, 147, 34, 147, 146, 35, 36, 148, 35, 148, 147, 36, 37, 149, 36, 149, 148, 37, 38, 150, 37, 150, 149, 38, 39, 151, 38, 151, 150, 39, 40, 152, 39, 152, 151, 40, 41, 153, 40, 153, 152, 41, 42, 154, 41, 154, 153, 42, 43, 155, 42, 155, 154, 43, 44, 156, 43, 156, 155, 44, 45, 157, 44, 157, 156, 45, 46, 158, 45, 158, 157, 46, 47, 159, 46, 159, 158, 47, 48, 160, 47, 160, 159, 48, 49, 161, 48, 161, 160, 49, 50, 162, 49, 162, 161, 50, 51, 163, 50, 163, 162, 51, 52, 164, 51, 164, 163, 52, 53, 165, 52, 165, 164, 53, 54, 166, 53, 166, 165, 54, 55, 167, 54, 167, 166, 55, 56, 168, 55, 168, 167, 56, 57, 169, 56, 169, 168, 57, 58, 170, 57, 170, 169, 58, 59, 171, 58, 171, 170, 59, 60, 172, 59, 172, 171, 60, 61, 173, 60, 173, 172, 61, 62, 174, 61, 174, 173, 62, 63, 175, 62, 175, 174, 63, 64, 176, 63, 176, 175, 64, 65, 177, 64, 177, 176, 65, 66, 178, 65, 178, 177, 66, 67, 179, 66, 179, 178, 67, 68, 180, 67, 180, 179, 68, 69, 181, 68, 181, 180, 69, 70, 182, 69, 182, 181, 70, 71, 183, 70, 183, 182, 71, 72, 184, 71, 184, 183, 72, 73, 185, 72, 185, 184, 73, 74, 186, 73, 186, 185, 74, 75, 187, 74, 187, 186, 75, 76, 188, 75, 188, 187, 76, 77, 189, 76, 189, 188, 77, 78, 190, 77, 190, 189, 78, 79, 191, 78, 191, 190, 79, 80, 192, 79, 192, 191, 80, 81, 193, 80, 193, 192, 81, 82, 194, 81, 194, 193, 82, 83, 195, 82, 195, 194, 83, 84, 196, 83, 196, 195, 84, 85, 197, 84, 197, 196, 85, 86, 198, 85, 198, 197, 86, 87, 199, 86, 199, 198, 87, 88, 200, 87, 200, 199, 88, 89, 201, 88, 201, 200, 89, 90, 202, 89, 202, 201, 90, 91, 203, 90, 203, 202, 91, 92, 204, 91, 204, 203, 92, 93, 205, 92, 205, 204, 93, 94, 206, 93, 206, 205, 94, 95, 207, 94, 207, 206, 95, 96, 208, 95, 208, 207, 96, 97, 209, 96, 209, 208, 97, 98, 210, 97, 210, 209, 98, 99, 211, 98, 211, 210, 99, 100, 212, 99, 212, 211, 100, 101, 213, 100, 213, 212, 101, 102, 214, 101, 214, 213, 102, 103, 215, 102, 215, 214, 103, 104, 216, 103, 216, 215, 104, 105, 217, 104, 217, 216, 105, 106, 218, 105, 218, 217, 106, 107, 219, 106, 219, 218, 107, 108, 220, 107, 220, 219, 108, 109, 221, 108, 221, 220, 109, 110, 222, 109, 222, 221, 110, 111, 223, 110, 223, 222, 111, 0, 112, 111, 112, 223, 112, 113, 225, 112, 225, 224, 113, 114, 226, 113, 226, 225, 114, 115, 227, 114, 227, 226, 115, 116, 228, 115, 228, 227, 116, 117, 229, 116, 229, 228, 117, 118, 230, 117, 230, 229, 118, 119, 231, 118, 231, 230, 119, 120, 232, 119, 232, 231, 120, 121, 233, 120, 233, 232, 121, 122, 234, 121, 234, 233, 122, 123, 235, 122, 235, 234, 123, 124, 236, 123, 236, 235, 124, 125, 237, 124, 237, 236, 125, 126, 238, 125, 238, 237, 126, 127, 239, 126, 239, 238, 127, 128, 240, 127, 240, 239, 128, 129, 241, 128, 241, 240, 129, 130, 242, 129, 242, 241, 130, 131, 243, 130, 243, 242, 131, 132, 244, 131, 244, 243, 132, 133, 245, 132, 245, 244, 133, 134, 246, 133, 246, 245, 134, 135, 247, 134, 247, 246, 135, 136, 248, 135, 248, 247, 136, 137, 249, 136, 249, 248, 137, 138, 250, 137, 250, 249, 138, 139, 251, 138, 251, 250, 139, 140, 252, 139, 252, 251, 140, 141, 253, 140, 253, 252, 141, 142, 254, 141, 254, 253, 142, 143, 255, 142, 255, 254, 143, 144, 256, 143, 256, 255, 144, 145, 257, 144, 257, 256, 145, 146, 258, 145, 258, 257, 146, 147, 259, 146, 259, 258, 147, 148, 260, 147, 260, 259, 148, 149, 261, 148, 261, 260, 149, 150, 262, 149, 262, 261, 150, 151, 263, 150, 263, 262, 151, 152, 264, 151, 264, 263, 152, 153, 265, 152, 265, 264, 153, 154, 266, 153, 266, 265, 154, 155, 267, 154, 267, 266, 155, 156, 268, 155, 268, 267, 156, 157, 269, 156, 269, 268, 157, 158, 270, 157, 270, 269, 158, 159, 271, 158, 271, 270, 159, 160, 272, 159, 272, 271, 160, 161, 273, 160, 273, 272, 161, 162, 274, 161, 274, 273, 162, 163, 275, 162, 275, 274, 163, 164, 276, 163, 276, 275, 164, 165, 277, 164, 277, 276, 165, 166, 278, 165, 278, 277, 166, 167, 279, 166, 279, 278, 167, 168, 280, 167, 280, 279, 168, 169, 281, 168, 281, 280, 169, 170, 282, 169, 282, 281, 170, 171, 283, 170, 283, 282, 171, 172, 284, 171, 284, 283, 172, 173, 285, 172, 285, 284, 173, 174, 286, 173, 286, 285, 174, 175, 287, 174, 287, 286, 175, 176, 288, 175, 288, 287, 176, 177, 289, 176, 289, 288, 177, 178, 290, 177, 290, 289, 178, 179, 291, 178, 291, 290, 179, 180, 292, 179, 292, 291, 180, 181, 293, 180, 293, 292, 181, 182, 294, 181, 294, 293, 182, 183, 295, 182, 295, 294, 183, 184, 296, 183, 296, 295, 184, 185, 297, 184, 297, 296, 185, 186, 298, 185, 298, 297, 186, 187, 299, 186, 299, 298, 187, 188, 300, 187, 300, 299, 188, 189, 301, 188, 301, 300, 189, 190, 302, 189, 302, 301, 190, 191, 303, 190, 303, 302, 191, 192, 304, 191, 304, 303, 192, 193, 305, 192, 305, 304, 193, 194, 306, 193, 306, 305, 194, 195, 307, 194, 307, 306, 195, 196, 308, 195, 308, 307, 196, 197, 309, 196, 309, 308, 197, 198, 310, 197, 310, 309, 198, 199, 311, 198, 311, 310, 199, 200, 312, 199, 312, 311, 200, 201, 313, 200, 313, 312, 201, 202, 314, 201, 314, 313, 202, 203, 315, 202, 315, 314, 203, 204, 316, 203, 316, 315, 204, 205, 317, 204, 317, 316, 205, 206, 318, 205, 318, 317, 206, 207, 319, 206, 319, 318, 207, 208, 320, 207, 320, 319, 208, 209, 321, 208, 321, 320, 209, 210, 322, 209, 322, 321, 210, 211, 323, 210, 323, 322, 211, 212, 324, 211, 324, 323, 212, 213, 325, 212, 325, 324, 213, 214, 326, 213, 326, 325, 214, 215, 327, 214, 327, 326, 215, 216, 328, 215, 328, 327, 216, 217, 329, 216, 329, 328, 217, 218, 330, 217, 330, 329, 218, 219, 331, 218, 331, 330, 219, 220, 332, 219, 332, 331, 220, 221, 333, 220, 333, 332, 221, 222, 334, 221, 334, 333, 222, 223, 335, 222, 335, 334, 223, 112, 224, 223, 224, 335, 224, 225, 337, 224, 337, 336, 225, 226, 338, 225, 338, 337, 226, 227, 339, 226, 339, 338, 227, 228, 340, 227, 340, 339, 228, 229, 341, 228, 341, 340, 229, 230, 342, 229, 342, 341, 230, 231, 343, 230, 343, 342, 231, 232, 344, 231, 344, 343, 232, 233, 345, 232, 345, 344, 233, 234, 346, 233, 346, 345, 234, 235, 347, 234, 347, 346, 235, 236, 348, 235, 348, 347, 236, 237, 349, 236, 349, 348, 237, 238, 350, 237, 350, 349, 238, 239, 351, 238, 351, 350, 239, 240, 352, 239, 352, 351, 240, 241, 353, 240, 353, 352, 241, 242, 354, 241, 354, 353, 242, 243, 355, 242, 355, 354, 243, 244, 356, 243, 356, 355, 244, 245, 357, 244, 357, 356, 245, 246, 358, 245, 358, 357, 246, 247, 359, 246, 359, 358, 247, 248, 360, 247, 360, 359, 248, 249, 361, 248, 361, 360, 249, 250, 362, 249, 362, 361, 250, 251, 363, 250, 363, 362, 251, 252, 364, 251, 364, 363, 252, 253, 365, 252, 365, 364, 253, 254, 366, 253, 366, 365, 254, 255, 367, 254, 367, 366, 255, 256, 368, 255, 368, 367, 256, 257, 369, 256, 369, 368, 257, 258, 370, 257, 370, 369, 258, 259, 371, 258, 371, 370, 259, 260, 372, 259, 372, 371, 260, 261, 373, 260, 373, 372, 261, 262, 374, 261, 374, 373, 262, 263, 375, 262, 375, 374, 263, 264, 376, 263, 376, 375, 264, 265, 377, 264, 377, 376, 265, 266, 378, 265, 378, 377, 266, 267, 379, 266, 379, 378, 267, 268, 380, 267, 380, 379, 268, 269, 381, 268, 381, 380, 269, 270, 382, 269, 382, 381, 270, 271, 383, 270, 383, 382, 271, 272, 384, 271, 384, 383, 272, 273, 385, 272, 385, 384, 273, 274, 386, 273, 386, 385, 274, 275, 387, 274, 387, 386, 275, 276, 388, 275, 388, 387, 276, 277, 389, 276, 389, 388, 277, 278, 390, 277, 390, 389, 278, 279, 391, 278, 391, 390, 279, 280, 392, 279, 392, 391, 280, 281, 393, 280, 393, 392, 281, 282, 394, 281, 394, 393, 282, 283, 395, 282, 395, 394, 283, 284, 396, 283, 396, 395, 284, 285, 397, 284, 397, 396, 285, 286, 398, 285, 398, 397, 286, 287, 399, 286, 399, 398, 287, 288, 400, 287, 400, 399, 288, 289, 401, 288, 401, 400, 289, 290, 402, 289, 402, 401, 290, 291, 403, 290, 403, 402, 291, 292, 404, 291, 404, 403, 292, 293, 405, 292, 405, 404, 293, 294, 406, 293, 406, 405, 294, 295, 407, 294, 407, 406, 295, 296, 408, 295, 408, 407, 296, 297, 409, 296, 409, 408, 297, 298, 410, 297, 410, 409, 298, 299, 411, 298, 411, 410, 299, 300, 412, 299, 412, 411, 300, 301, 413, 300, 413, 412, 301, 302, 414, 301, 414, 413, 302, 303, 415, 302, 415, 414, 303, 304, 416, 303, 416, 415, 304, 305, 417, 304, 417, 416, 305, 306, 418, 305, 418, 417, 306, 307, 419, 306, 419, 418, 307, 308, 420, 307, 420, 419, 308, 309, 421, 308, 421, 420, 309, 310, 422, 309, 422, 421, 310, 311, 423, 310, 423, 422, 311, 312, 424, 311, 424, 423, 312, 313, 425, 312, 425, 424, 313, 314, 426, 313, 426, 425, 314, 315, 427, 314, 427, 426, 315, 316, 428, 315, 428, 427, 316, 317, 429, 316, 429, 428, 317, 318, 430, 317, 430, 429, 318, 319, 431, 318, 431, 430, 319, 320, 432, 319, 432, 431, 320, 321, 433, 320, 433, 432, 321, 322, 434, 321, 434, 433, 322, 323, 435, 322, 435, 434, 323, 324, 436, 323, 436, 435, 324, 325, 437, 324, 437, 436, 325, 326, 438, 325, 438, 437, 326, 327, 439, 326, 439, 438, 327, 328, 440, 327, 440, 439, 328, 329, 441, 328, 441, 440, 329, 330, 442, 329, 442, 441, 330, 331, 443, 330, 443, 442, 331, 332, 444, 331, 444, 443, 332, 333, 445, 332, 445, 444, 333, 334, 446, 333, 446, 445, 334, 335, 447, 334, 447, 446, 335, 224, 336, 335, 336, 447, 336, 337, 449, 336, 449, 448, 337, 338, 450, 337, 450, 449, 338, 339, 451, 338, 451, 450, 339, 340, 452, 339, 452, 451, 340, 341, 453, 340, 453, 452, 341, 342, 454, 341, 454, 453, 342, 343, 455, 342, 455, 454, 343, 344, 456, 343, 456, 455, 344, 345, 457, 344, 457, 456, 345, 346, 458, 345, 458, 457, 346, 347, 459, 346, 459, 458, 347, 348, 460, 347, 460, 459, 348, 349, 461, 348, 461, 460, 349, 350, 462, 349, 462, 461, 350, 351, 463, 350, 463, 462, 351, 352, 464, 351, 464, 463, 352, 353, 465, 352, 465, 464, 353, 354, 466, 353, 466, 465, 354, 355, 467, 354, 467, 466, 355, 356, 468, 355, 468, 467, 356, 357, 469, 356, 469, 468, 357, 358, 470, 357, 470, 469, 358, 359, 471, 358, 471, 470, 359, 360, 472, 359, 472, 471, 360, 361, 473, 360, 473, 472, 361, 362, 474, 361, 474, 473, 362, 363, 475, 362, 475, 474, 363, 364, 476, 363, 476, 475, 364, 365, 477, 364, 477, 476, 365, 366, 478, 365, 478, 477, 366, 367, 479, 366, 479, 478, 367, 368, 480, 367, 480, 479, 368, 369, 481, 368, 481, 480, 369, 370, 482, 369, 482, 481, 370, 371, 483, 370, 483, 482, 371, 372, 484, 371, 484, 483, 372, 373, 485, 372, 485, 484, 373, 374, 486, 373, 486, 485, 374, 375, 487, 374, 487, 486, 375, 376, 488, 375, 488, 487, 376, 377, 489, 376, 489, 488, 377, 378, 490, 377, 490, 489, 378, 379, 491, 378, 491, 490, 379, 380, 492, 379, 492, 491, 380, 381, 493, 380, 493, 492, 381, 382, 494, 381, 494, 493, 382, 383, 495, 382, 495, 494, 383, 384, 496, 383, 496, 495, 384, 385, 497, 384, 497, 496, 385, 386, 498, 385, 498, 497, 386, 387, 499, 386, 499, 498, 387, 388, 500, 387, 500, 499, 388, 389, 501, 388, 501, 500, 389, 390, 502, 389, 502, 501, 390, 391, 503, 390, 503, 502, 391, 392, 504, 391, 504, 503, 392, 393, 505, 392, 505, 504, 393, 394, 506, 393, 506, 505, 394, 395, 507, 394, 507, 506, 395, 396, 508, 395, 508, 507, 396, 397, 509, 396, 509, 508, 397, 398, 510, 397, 510, 509, 398, 399, 511, 398, 511, 510, 399, 400, 512, 399, 512, 511, 400, 401, 513, 400, 513, 512, 401, 402, 514, 401, 514, 513, 402, 403, 515, 402, 515, 514, 403, 404, 516, 403, 516, 515, 404, 405, 517, 404, 517, 516, 405, 406, 518, 405, 518, 517, 406, 407, 519, 406, 519, 518, 407, 408, 520, 407, 520, 519, 408, 409, 521, 408, 521, 520, 409, 410, 522, 409, 522, 521, 410, 411, 523, 410, 523, 522, 411, 412, 524, 411, 524, 523, 412, 413, 525, 412, 525, 524, 413, 414, 526, 413, 526, 525, 414, 415, 527, 414, 527, 526, 415, 416, 528, 415, 528, 527, 416, 417, 529, 416, 529, 528, 417, 418, 530, 417, 530, 529, 418, 419, 531, 418, 531, 530, 419, 420, 532, 419, 532, 531, 420, 421, 533, 420, 533, 532, 421, 422, 534, 421, 534, 533, 422, 423, 535, 422, 535, 534, 423, 424, 536, 423, 536, 535, 424, 425, 537, 424, 537, 536, 425, 426, 538, 425, 538, 537, 426, 427, 539, 426, 539, 538, 427, 428, 540, 427, 540, 539, 428, 429, 541, 428, 541, 540, 429, 430, 542, 429, 542, 541, 430, 431, 543, 430, 543, 542, 431, 432, 544, 431, 544, 543, 432, 433, 545, 432, 545, 544, 433, 434, 546, 433, 546, 545, 434, 435, 547, 434, 547, 546, 435, 436, 548, 435, 548, 547, 436, 437, 549, 436, 549, 548, 437, 438, 550, 437, 550, 549, 438, 439, 551, 438, 551, 550, 439, 440, 552, 439, 552, 551, 440, 441, 553, 440, 553, 552, 441, 442, 554, 441, 554, 553, 442, 443, 555, 442, 555, 554, 443, 444, 556, 443, 556, 555, 444, 445, 557, 444, 557, 556, 445, 446, 558, 445, 558, 557, 446, 447, 559, 446, 559, 558, 447, 336, 448, 447, 448, 559, 448, 449, 561, 448, 561, 560, 449, 450, 562, 449, 562, 561, 450, 451, 563, 450, 563, 562, 451, 452, 564, 451, 564, 563, 452, 453, 565, 452, 565, 564, 453, 454, 566, 453, 566, 565, 454, 455, 567, 454, 567, 566, 455, 456, 568, 455, 568, 567, 456, 457, 569, 456, 569, 568, 457, 458, 570, 457, 570, 569, 458, 459, 571, 458, 571, 570, 459, 460, 572, 459, 572, 571, 460, 461, 573, 460, 573, 572, 461, 462, 574, 461, 574, 573, 462, 463, 575, 462, 575, 574, 463, 464, 576, 463, 576, 575, 464, 465, 577, 464, 577, 576, 465, 466, 578, 465, 578, 577, 466, 467, 579, 466, 579, 578, 467, 468, 580, 467, 580, 579, 468, 469, 581, 468, 581, 580, 469, 470, 582, 469, 582, 581, 470, 471, 583, 470, 583, 582, 471, 472, 584, 471, 584, 583, 472, 473, 585, 472, 585, 584, 473, 474, 586, 473, 586, 585, 474, 475, 587, 474, 587, 586, 475, 476, 588, 475, 588, 587, 476, 477, 589, 476, 589, 588, 477, 478, 590, 477, 590, 589, 478, 479, 591, 478, 591, 590, 479, 480, 592, 479, 592, 591, 480, 481, 593, 480, 593, 592, 481, 482, 594, 481, 594, 593, 482, 483, 595, 482, 595, 594, 483, 484, 596, 483, 596, 595, 484, 485, 597, 484, 597, 596, 485, 486, 598, 485, 598, 597, 486, 487, 599, 486, 599, 598, 487, 488, 600, 487, 600, 599, 488, 489, 601, 488, 601, 600, 489, 490, 602, 489, 602, 601, 490, 491, 603, 490, 603, 602, 491, 492, 604, 491, 604, 603, 492, 493, 605, 492, 605, 604, 493, 494, 606, 493, 606, 605, 494, 495, 607, 494, 607, 606, 495, 496, 608, 495, 608, 607, 496, 497, 609, 496, 609, 608, 497, 498, 610, 497, 610, 609, 498, 499, 611, 498, 611, 610, 499, 500, 612, 499, 612, 611, 500, 501, 613, 500, 613, 612, 501, 502, 614, 501, 614, 613, 502, 503, 615, 502, 615, 614, 503, 504, 616, 503, 616, 615, 504, 505, 617, 504, 617, 616, 505, 506, 618, 505, 618, 617, 506, 507, 619, 506, 619, 618, 507, 508, 620, 507, 620, 619, 508, 509, 621, 508, 621, 620, 509, 510, 622, 509, 622, 621, 510, 511, 623, 510, 623, 622, 511, 512, 624, 511, 624, 623, 512, 513, 625, 512, 625, 624, 513, 514, 626, 513, 626, 625, 514, 515, 627, 514, 627, 626, 515, 516, 628, 515, 628, 627, 516, 517, 629, 516, 629, 628, 517, 518, 630, 517, 630, 629, 518, 519, 631, 518, 631, 630, 519, 520, 632, 519, 632, 631, 520, 521, 633, 520, 633, 632, 521, 522, 634, 521, 634, 633, 522, 523, 635, 522, 635, 634, 523, 524, 636, 523, 636, 635, 524, 525, 637, 524, 637, 636, 525, 526, 638, 525, 638, 637, 526, 527, 639, 526, 639, 638, 527, 528, 640, 527, 640, 639, 528, 529, 641, 528, 641, 640, 529, 530, 642, 529, 642, 641, 530, 531, 643, 530, 643, 642, 531, 532, 644, 531, 644, 643, 532, 533, 645, 532, 645, 644, 533, 534, 646, 533, 646, 645, 534, 535, 647, 534, 647, 646, 535, 536, 648, 535, 648, 647, 536, 537, 649, 536, 649, 648, 537, 538, 650, 537, 650, 649, 538, 539, 651, 538, 651, 650, 539, 540, 652, 539, 652, 651, 540, 541, 653, 540, 653, 652, 541, 542, 654, 541, 654, 653, 542, 543, 655, 542, 655, 654, 543, 544, 656, 543, 656, 655, 544, 545, 657, 544, 657, 656, 545, 546, 658, 545, 658, 657, 546, 547, 659, 546, 659, 658, 547, 548, 660, 547, 660, 659, 548, 549, 661, 548, 661, 660, 549, 550, 662, 549, 662, 661, 550, 551, 663, 550, 663, 662, 551, 552, 664, 551, 664, 663, 552, 553, 665, 552, 665, 664, 553, 554, 666, 553, 666, 665, 554, 555, 667, 554, 667, 666, 555, 556, 668, 555, 668, 667, 556, 557, 669, 556, 669, 668, 557, 558, 670, 557, 670, 669, 558, 559, 671, 558, 671, 670, 559, 448, 560, 559, 560, 671, 560, 561, 673, 560, 673, 672, 561, 562, 674, 561, 674, 673, 562, 563, 675, 562, 675, 674, 563, 564, 676, 563, 676, 675, 564, 565, 677, 564, 677, 676, 565, 566, 678, 565, 678, 677, 566, 567, 679, 566, 679, 678, 567, 568, 680, 567, 680, 679, 568, 569, 681, 568, 681, 680, 569, 570, 682, 569, 682, 681, 570, 571, 683, 570, 683, 682, 571, 572, 684, 571, 684, 683, 572, 573, 685, 572, 685, 684, 573, 574, 686, 573, 686, 685, 574, 575, 687, 574, 687, 686, 575, 576, 688, 575, 688, 687, 576, 577, 689, 576, 689, 688, 577, 578, 690, 577, 690, 689, 578, 579, 691, 578, 691, 690, 579, 580, 692, 579, 692, 691, 580, 581, 693, 580, 693, 692, 581, 582, 694, 581, 694, 693, 582, 583, 695, 582, 695, 694, 583, 584, 696, 583, 696, 695, 584, 585, 697, 584, 697, 696, 585, 586, 698, 585, 698, 697, 586, 587, 699, 586, 699, 698, 587, 588, 700, 587, 700, 699, 588, 589, 701, 588, 701, 700, 589, 590, 702, 589, 702, 701, 590, 591, 703, 590, 703, 702, 591, 592, 704, 591, 704, 703, 592, 593, 705, 592, 705, 704, 593, 594, 706, 593, 706, 705, 594, 595, 707, 594, 707, 706, 595, 596, 708, 595, 708, 707, 596, 597, 709, 596, 709, 708, 597, 598, 710, 597, 710, 709, 598, 599, 711, 598, 711, 710, 599, 600, 712, 599, 712, 711, 600, 601, 713, 600, 713, 712, 601, 602, 714, 601, 714, 713, 602, 603, 715, 602, 715, 714, 603, 604, 716, 603, 716, 715, 604, 605, 717, 604, 717, 716, 605, 606, 718, 605, 718, 717, 606, 607, 719, 606, 719, 718, 607, 608, 720, 607, 720, 719, 608, 609, 721, 608, 721, 720, 609, 610, 722, 609, 722, 721, 610, 611, 723, 610, 723, 722, 611, 612, 724, 611, 724, 723, 612, 613, 725, 612, 725, 724, 613, 614, 726, 613, 726, 725, 614, 615, 727, 614, 727, 726, 615, 616, 728, 615, 728, 727, 616, 617, 729, 616, 729, 728, 617, 618, 730, 617, 730, 729, 618, 619, 731, 618, 731, 730, 619, 620, 732, 619, 732, 731, 620, 621, 733, 620, 733, 732, 621, 622, 734, 621, 734, 733, 622, 623, 735, 622, 735, 734, 623, 624, 736, 623, 736, 735, 624, 625, 737, 624, 737, 736, 625, 626, 738, 625, 738, 737, 626, 627, 739, 626, 739, 738, 627, 628, 740, 627, 740, 739, 628, 629, 741, 628, 741, 740, 629, 630, 742, 629, 742, 741, 630, 631, 743, 630, 743, 742, 631, 632, 744, 631, 744, 743, 632, 633, 745, 632, 745, 744, 633, 634, 746, 633, 746, 745, 634, 635, 747, 634, 747, 746, 635, 636, 748, 635, 748, 747, 636, 637, 749, 636, 749, 748, 637, 638, 750, 637, 750, 749, 638, 639, 751, 638, 751, 750, 639, 640, 752, 639, 752, 751, 640, 641, 753, 640, 753, 752, 641, 642, 754, 641, 754, 753, 642, 643, 755, 642, 755, 754, 643, 644, 756, 643, 756, 755, 644, 645, 757, 644, 757, 756, 645, 646, 758, 645, 758, 757, 646, 647, 759, 646, 759, 758, 647, 648, 760, 647, 760, 759, 648, 649, 761, 648, 761, 760, 649, 650, 762, 649, 762, 761, 650, 651, 763, 650, 763, 762, 651, 652, 764, 651, 764, 763, 652, 653, 765, 652, 765, 764, 653, 654, 766, 653, 766, 765, 654, 655, 767, 654, 767, 766, 655, 656, 768, 655, 768, 767, 656, 657, 769, 656, 769, 768, 657, 658, 770, 657, 770, 769, 658, 659, 771, 658, 771, 770, 659, 660, 772, 659, 772, 771, 660, 661, 773, 660, 773, 772, 661, 662, 774, 661, 774, 773, 662, 663, 775, 662, 775, 774, 663, 664, 776, 663, 776, 775, 664, 665, 777, 664, 777, 776, 665, 666, 778, 665, 778, 777, 666, 667, 779, 666, 779, 778, 667, 668, 780, 667, 780, 779, 668, 669, 781, 668, 781, 780, 669, 670, 782, 669, 782, 781, 670, 671, 783, 670, 783, 782, 671, 560, 672, 671, 672, 783, 672, 673, 785, 672, 785, 784, 673, 674, 786, 673, 786, 785, 674, 675, 787, 674, 787, 786, 675, 676, 788, 675, 788, 787, 676, 677, 789, 676, 789, 788, 677, 678, 790, 677, 790, 789, 678, 679, 791, 678, 791, 790, 679, 680, 792, 679, 792, 791, 680, 681, 793, 680, 793, 792, 681, 682, 794, 681, 794, 793, 682, 683, 795, 682, 795, 794, 683, 684, 796, 683, 796, 795, 684, 685, 797, 684, 797, 796, 685, 686, 798, 685, 798, 797, 686, 687, 799, 686, 799, 798, 687, 688, 800, 687, 800, 799, 688, 689, 801, 688, 801, 800, 689, 690, 802, 689, 802, 801, 690, 691, 803, 690, 803, 802, 691, 692, 804, 691, 804, 803, 692, 693, 805, 692, 805, 804, 693, 694, 806, 693, 806, 805, 694, 695, 807, 694, 807, 806, 695, 696, 808, 695, 808, 807, 696, 697, 809, 696, 809, 808, 697, 698, 810, 697, 810, 809, 698, 699, 811, 698, 811, 810, 699, 700, 812, 699, 812, 811, 700, 701, 813, 700, 813, 812, 701, 702, 814, 701, 814, 813, 702, 703, 815, 702, 815, 814, 703, 704, 816, 703, 816, 815, 704, 705, 817, 704, 817, 816, 705, 706, 818, 705, 818, 817, 706, 707, 819, 706, 819, 818, 707, 708, 820, 707, 820, 819, 708, 709, 821, 708, 821, 820, 709, 710, 822, 709, 822, 821, 710, 711, 823, 710, 823, 822, 711, 712, 824, 711, 824, 823, 712, 713, 825, 712, 825, 824, 713, 714, 826, 713, 826, 825, 714, 715, 827, 714, 827, 826, 715, 716, 828, 715, 828, 827, 716, 717, 829, 716, 829, 828, 717, 718, 830, 717, 830, 829, 718, 719, 831, 718, 831, 830, 719, 720, 832, 719, 832, 831, 720, 721, 833, 720, 833, 832, 721, 722, 834, 721, 834, 833, 722, 723, 835, 722, 835, 834, 723, 724, 836, 723, 836, 835, 724, 725, 837, 724, 837, 836, 725, 726, 838, 725, 838, 837, 726, 727, 839, 726, 839, 838, 727, 728, 840, 727, 840, 839, 728, 729, 841, 728, 841, 840, 729, 730, 842, 729, 842, 841, 730, 731, 843, 730, 843, 842, 731, 732, 844, 731, 844, 843, 732, 733, 845, 732, 845, 844, 733, 734, 846, 733, 846, 845, 734, 735, 847, 734, 847, 846, 735, 736, 848, 735, 848, 847, 736, 737, 849, 736, 849, 848, 737, 738, 850, 737, 850, 849, 738, 739, 851, 738, 851, 850, 739, 740, 852, 739, 852, 851, 740, 741, 853, 740, 853, 852, 741, 742, 854, 741, 854, 853, 742, 743, 855, 742, 855, 854, 743, 744, 856, 743, 856, 855, 744, 745, 857, 744, 857, 856, 745, 746, 858, 745, 858, 857, 746, 747, 859, 746, 859, 858, 747, 748, 860, 747, 860, 859, 748, 749, 861, 748, 861, 860, 749, 750, 862, 749, 862, 861, 750, 751, 863, 750, 863, 862, 751, 752, 864, 751, 864, 863, 752, 753, 865, 752, 865, 864, 753, 754, 866, 753, 866, 865, 754, 755, 867, 754, 867, 866, 755, 756, 868, 755, 868, 867, 756, 757, 869, 756, 869, 868, 757, 758, 870, 757, 870, 869, 758, 759, 871, 758, 871, 870, 759, 760, 872, 759, 872, 871, 760, 761, 873, 760, 873, 872, 761, 762, 874, 761, 874, 873, 762, 763, 875, 762, 875, 874, 763, 764, 876, 763, 876, 875, 764, 765, 877, 764, 877, 876, 765, 766, 878, 765, 878, 877, 766, 767, 879, 766, 879, 878, 767, 768, 880, 767, 880, 879, 768, 769, 881, 768, 881, 880, 769, 770, 882, 769, 882, 881, 770, 771, 883, 770, 883, 882, 771, 772, 884, 771, 884, 883, 772, 773, 885, 772, 885, 884, 773, 774, 886, 773, 886, 885, 774, 775, 887, 774, 887, 886, 775, 776, 888, 775, 888, 887, 776, 777, 889, 776, 889, 888, 777, 778, 890, 777, 890, 889, 778, 779, 891, 778, 891, 890, 779, 780, 892, 779, 892, 891, 780, 781, 893, 780, 893, 892, 781, 782, 894, 781, 894, 893, 782, 783, 895, 782, 895, 894, 783, 672, 784, 783, 784, 895, 784, 785, 897, 784, 897, 896, 785, 786, 898, 785, 898, 897, 786, 787, 899, 786, 899, 898, 787, 788, 900, 787, 900, 899, 788, 789, 901, 788, 901, 900, 789, 790, 902, 789, 902, 901, 790, 791, 903, 790, 903, 902, 791, 792, 904, 791, 904, 903, 792, 793, 905, 792, 905, 904, 793, 794, 906, 793, 906, 905, 794, 795, 907, 794, 907, 906, 795, 796, 908, 795, 908, 907, 796, 797, 909, 796, 909, 908, 797, 798, 910, 797, 910, 909, 798, 799, 911, 798, 911, 910, 799, 800, 912, 799, 912, 911, 800, 801, 913, 800, 913, 912, 801, 802, 914, 801, 914, 913, 802, 803, 915, 802, 915, 914, 803, 804, 916, 803, 916, 915, 804, 805, 917, 804, 917, 916, 805, 806, 918, 805, 918, 917, 806, 807, 919, 806, 919, 918, 807, 808, 920, 807, 920, 919, 808, 809, 921, 808, 921, 920, 809, 810, 922, 809, 922, 921, 810, 811, 923, 810, 923, 922, 811, 812, 924, 811, 924, 923, 812, 813, 925, 812, 925, 924, 813, 814, 926, 813, 926, 925, 814, 815, 927, 814, 927, 926, 815, 816, 928, 815, 928, 927, 816, 817, 929, 816, 929, 928, 817, 818, 930, 817, 930, 929, 818, 819, 931, 818, 931, 930, 819, 820, 932, 819, 932, 931, 820, 821, 933, 820, 933, 932, 821, 822, 934, 821, 934, 933, 822, 823, 935, 822, 935, 934, 823, 824, 936, 823, 936, 935, 824, 825, 937, 824, 937, 936, 825, 826, 938, 825, 938, 937, 826, 827, 939, 826, 939, 938, 827, 828, 940, 827, 940, 939, 828, 829, 941, 828, 941, 940, 829, 830, 942, 829, 942, 941, 830, 831, 943, 830, 943, 942, 831, 832, 944, 831, 944, 943, 832, 833, 945, 832, 945, 944, 833, 834, 946, 833, 946, 945, 834, 835, 947, 834, 947, 946, 835, 836, 948, 835, 948, 947, 836, 837, 949, 836, 949, 948, 837, 838, 950, 837, 950, 949, 838, 839, 951, 838, 951, 950, 839, 840, 952, 839, 952, 951, 840, 841, 953, 840, 953, 952, 841, 842, 954, 841, 954, 953, 842, 843, 955, 842, 955, 954, 843, 844, 956, 843, 956, 955, 844, 845, 957, 844, 957, 956, 845, 846, 958, 845, 958, 957, 846, 847, 959, 846, 959, 958, 847, 848, 960, 847, 960, 959, 848, 849, 961, 848, 961, 960, 849, 850, 962, 849, 962, 961, 850, 851, 963, 850, 963, 962, 851, 852, 964, 851, 964, 963, 852, 853, 965, 852, 965, 964, 853, 854, 966, 853, 966, 965, 854, 855, 967, 854, 967, 966, 855, 856, 968, 855, 968, 967, 856, 857, 969, 856, 969, 968, 857, 858, 970, 857, 970, 969, 858, 859, 971, 858, 971, 970, 859, 860, 972, 859, 972, 971, 860, 861, 973, 860, 973, 972, 861, 862, 974, 861, 974, 973, 862, 863, 975, 862, 975, 974, 863, 864, 976, 863, 976, 975, 864, 865, 977, 864, 977, 976, 865, 866, 978, 865, 978, 977, 866, 867, 979, 866, 979, 978, 867, 868, 980, 867, 980, 979, 868, 869, 981, 868, 981, 980, 869, 870, 982, 869, 982, 981, 870, 871, 983, 870, 983, 982, 871, 872, 984, 871, 984, 983, 872, 873, 985, 872, 985, 984, 873, 874, 986, 873, 986, 985, 874, 875, 987, 874, 987, 986, 875, 876, 988, 875, 988, 987, 876, 877, 989, 876, 989, 988, 877, 878, 990, 877, 990, 989, 878, 879, 991, 878, 991, 990, 879, 880, 992, 879, 992, 991, 880, 881, 993, 880, 993, 992, 881, 882, 994, 881, 994, 993, 882, 883, 995, 882, 995, 994, 883, 884, 996, 883, 996, 995, 884, 885, 997, 884, 997, 996, 885, 886, 998, 885, 998, 997, 886, 887, 999, 886, 999, 998, 887, 888, 1000, 887, 1000, 999, 888, 889, 1001, 888, 1001, 1000, 889, 890, 1002, 889, 1002, 1001, 890, 891, 1003, 890, 1003, 1002, 891, 892, 1004, 891, 1004, 1003, 892, 893, 1005, 892, 1005, 1004, 893, 894, 1006, 893, 1006, 1005, 894, 895, 1007, 894, 1007, 1006, 895, 784, 896, 895, 896, 1007, 896, 897, 1009, 896, 1009, 1008, 897, 898, 1010, 897, 1010, 1009, 898, 899, 1011, 898, 1011, 1010, 899, 900, 1012, 899, 1012, 1011, 900, 901, 1013, 900, 1013, 1012, 901, 902, 1014, 901, 1014, 1013, 902, 903, 1015, 902, 1015, 1014, 903, 904, 1016, 903, 1016, 1015, 904, 905, 1017, 904, 1017, 1016, 905, 906, 1018, 905, 1018, 1017, 906, 907, 1019, 906, 1019, 1018, 907, 908, 1020, 907, 1020, 1019, 908, 909, 1021, 908, 1021, 1020, 909, 910, 1022, 909, 1022, 1021, 910, 911, 1023, 910, 1023, 1022, 911, 912, 1024, 911, 1024, 1023, 912, 913, 1025, 912, 1025, 1024, 913, 914, 1026, 913, 1026, 1025, 914, 915, 1027, 914, 1027, 1026, 915, 916, 1028, 915, 1028, 1027, 916, 917, 1029, 916, 1029, 1028, 917, 918, 1030, 917, 1030, 1029, 918, 919, 1031, 918, 1031, 1030, 919, 920, 1032, 919, 1032, 1031, 920, 921, 1033, 920, 1033, 1032, 921, 922, 1034, 921, 1034, 1033, 922, 923, 1035, 922, 1035, 1034, 923, 924, 1036, 923, 1036, 1035, 924, 925, 1037, 924, 1037, 1036, 925, 926, 1038, 925, 1038, 1037, 926, 927, 1039, 926, 1039, 1038, 927, 928, 1040, 927, 1040, 1039, 928, 929, 1041, 928, 1041, 1040, 929, 930, 1042, 929, 1042, 1041, 930, 931, 1043, 930, 1043, 1042, 931, 932, 1044, 931, 1044, 1043, 932, 933, 1045, 932, 1045, 1044, 933, 934, 1046, 933, 1046, 1045, 934, 935, 1047, 934, 1047, 1046, 935, 936, 1048, 935, 1048, 1047, 936, 937, 1049, 936, 1049, 1048, 937, 938, 1050, 937, 1050, 1049, 938, 939, 1051, 938, 1051, 1050, 939, 940, 1052, 939, 1052, 1051, 940, 941, 1053, 940, 1053, 1052, 941, 942, 1054, 941, 1054, 1053, 942, 943, 1055, 942, 1055, 1054, 943, 944, 1056, 943, 1056, 1055, 944, 945, 1057, 944, 1057, 1056, 945, 946, 1058, 945, 1058, 1057, 946, 947, 1059, 946, 1059, 1058, 947, 948, 1060, 947, 1060, 1059, 948, 949, 1061, 948, 1061, 1060, 949, 950, 1062, 949, 1062, 1061, 950, 951, 1063, 950, 1063, 1062, 951, 952, 1064, 951, 1064, 1063, 952, 953, 1065, 952, 1065, 1064, 953, 954, 1066, 953, 1066, 1065, 954, 955, 1067, 954, 1067, 1066, 955, 956, 1068, 955, 1068, 1067, 956, 957, 1069, 956, 1069, 1068, 957, 958, 1070, 957, 1070, 1069, 958, 959, 1071, 958, 1071, 1070, 959, 960, 1072, 959, 1072, 1071, 960, 961, 1073, 960, 1073, 1072, 961, 962, 1074, 961, 1074, 1073, 962, 963, 1075, 962, 1075, 1074, 963, 964, 1076, 963, 1076, 1075, 964, 965, 1077, 964, 1077, 1076, 965, 966, 1078, 965, 1078, 1077, 966, 967, 1079, 966, 1079, 1078, 967, 968, 1080, 967, 1080, 1079, 968, 969, 1081, 968, 1081, 1080, 969, 970, 1082, 969, 1082, 1081, 970, 971, 1083, 970, 1083, 1082, 971, 972, 1084, 971, 1084, 1083, 972, 973, 1085, 972, 1085, 1084, 973, 974, 1086, 973, 1086, 1085, 974, 975, 1087, 974, 1087, 1086, 975, 976, 1088, 975, 1088, 1087, 976, 977, 1089, 976, 1089, 1088, 977, 978, 1090, 977, 1090, 1089, 978, 979, 1091, 978, 1091, 1090, 979, 980, 1092, 979, 1092, 1091, 980, 981, 1093, 980, 1093, 1092, 981, 982, 1094, 981, 1094, 1093, 982, 983, 1095, 982, 1095, 1094, 983, 984, 1096, 983, 1096, 1095, 984, 985, 1097, 984, 1097, 1096, 985, 986, 1098, 985, 1098, 1097, 986, 987, 1099, 986, 1099, 1098, 987, 988, 1100, 987, 1100, 1099, 988, 989, 1101, 988, 1101, 1100, 989, 990, 1102, 989, 1102, 1101, 990, 991, 1103, 990, 1103, 1102, 991, 992, 1104, 991, 1104, 1103, 992, 993, 1105, 992, 1105, 1104, 993, 994, 1106, 993, 1106, 1105, 994, 995, 1107, 994, 1107, 1106, 995, 996, 1108, 995, 1108, 1107, 996, 997, 1109, 996, 1109, 1108, 997, 998, 1110, 997, 1110, 1109, 998, 999, 1111, 998, 1111, 1110, 999, 1000, 1112, 999, 1112, 1111, 1000, 1001, 1113, 1000, 1113, 1112, 1001, 1002, 1114, 1001, 1114, 1113, 1002, 1003, 1115, 1002, 1115, 1114, 1003, 1004, 1116, 1003, 1116, 1115, 1004, 1005, 1117, 1004, 1117, 1116, 1005, 1006, 1118, 1005, 1118, 1117, 1006, 1007, 1119, 1006, 1119, 1118, 1007, 896, 1008, 1007, 1008, 1119, 1008, 1009, 1121, 1008, 1121, 1120, 1009, 1010, 1122, 1009, 1122, 1121, 1010, 1011, 1123, 1010, 1123, 1122, 1011, 1012, 1124, 1011, 1124, 1123, 1012, 1013, 1125, 1012, 1125, 1124, 1013, 1014, 1126, 1013, 1126, 1125, 1014, 1015, 1127, 1014, 1127, 1126, 1015, 1016, 1128, 1015, 1128, 1127, 1016, 1017, 1129, 1016, 1129, 1128, 1017, 1018, 1130, 1017, 1130, 1129, 1018, 1019, 1131, 1018, 1131, 1130, 1019, 1020, 1132, 1019, 1132, 1131, 1020, 1021, 1133, 1020, 1133, 1132, 1021, 1022, 1134, 1021, 1134, 1133, 1022, 1023, 1135, 1022, 1135, 1134, 1023, 1024, 1136, 1023, 1136, 1135, 1024, 1025, 1137, 1024, 1137, 1136, 1025, 1026, 1138, 1025, 1138, 1137, 1026, 1027, 1139, 1026, 1139, 1138, 1027, 1028, 1140, 1027, 1140, 1139, 1028, 1029, 1141, 1028, 1141, 1140, 1029, 1030, 1142, 1029, 1142, 1141, 1030, 1031, 1143, 1030, 1143, 1142, 1031, 1032, 1144, 1031, 1144, 1143, 1032, 1033, 1145, 1032, 1145, 1144, 1033, 1034, 1146, 1033, 1146, 1145, 1034, 1035, 1147, 1034, 1147, 1146, 1035, 1036, 1148, 1035, 1148, 1147, 1036, 1037, 1149, 1036, 1149, 1148, 1037, 1038, 1150, 1037, 1150, 1149, 1038, 1039, 1151, 1038, 1151, 1150, 1039, 1040, 1152, 1039, 1152, 1151, 1040, 1041, 1153, 1040, 1153, 1152, 1041, 1042, 1154, 1041, 1154, 1153, 1042, 1043, 1155, 1042, 1155, 1154, 1043, 1044, 1156, 1043, 1156, 1155, 1044, 1045, 1157, 1044, 1157, 1156, 1045, 1046, 1158, 1045, 1158, 1157, 1046, 1047, 1159, 1046, 1159, 1158, 1047, 1048, 1160, 1047, 1160, 1159, 1048, 1049, 1161, 1048, 1161, 1160, 1049, 1050, 1162, 1049, 1162, 1161, 1050, 1051, 1163, 1050, 1163, 1162, 1051, 1052, 1164, 1051, 1164, 1163, 1052, 1053, 1165, 1052, 1165, 1164, 1053, 1054, 1166, 1053, 1166, 1165, 1054, 1055, 1167, 1054, 1167, 1166, 1055, 1056, 1168, 1055, 1168, 1167, 1056, 1057, 1169, 1056, 1169, 1168, 1057, 1058, 1170, 1057, 1170, 1169, 1058, 1059, 1171, 1058, 1171, 1170, 1059, 1060, 1172, 1059, 1172, 1171, 1060, 1061, 1173, 1060, 1173, 1172, 1061, 1062, 1174, 1061, 1174, 1173, 1062, 1063, 1175, 1062, 1175, 1174, 1063, 1064, 1176, 1063, 1176, 1175, 1064, 1065, 1177, 1064, 1177, 1176, 1065, 1066, 1178, 1065, 1178, 1177, 1066, 1067, 1179, 1066, 1179, 1178, 1067, 1068, 1180, 1067, 1180, 1179, 1068, 1069, 1181, 1068, 1181, 1180, 1069, 1070, 1182, 1069, 1182, 1181, 1070, 1071, 1183, 1070, 1183, 1182, 1071, 1072, 1184, 1071, 1184, 1183, 1072, 1073, 1185, 1072, 1185, 1184, 1073, 1074, 1186, 1073, 1186, 1185, 1074, 1075, 1187, 1074, 1187, 1186, 1075, 1076, 1188, 1075, 1188, 1187, 1076, 1077, 1189, 1076, 1189, 1188, 1077, 1078, 1190, 1077, 1190, 1189, 1078, 1079, 1191, 1078, 1191, 1190, 1079, 1080, 1192, 1079, 1192, 1191, 1080, 1081, 1193, 1080, 1193, 1192, 1081, 1082, 1194, 1081, 1194, 1193, 1082, 1083, 1195, 1082, 1195, 1194, 1083, 1084, 1196, 1083, 1196, 1195, 1084, 1085, 1197, 1084, 1197, 1196, 1085, 1086, 1198, 1085, 1198, 1197, 1086, 1087, 1199, 1086, 1199, 1198, 1087, 1088, 1200, 1087, 1200, 1199, 1088, 1089, 1201, 1088, 1201, 1200, 1089, 1090, 1202, 1089, 1202, 1201, 1090, 1091, 1203, 1090, 1203, 1202, 1091, 1092, 1204, 1091, 1204, 1203, 1092, 1093, 1205, 1092, 1205, 1204, 1093, 1094, 1206, 1093, 1206, 1205, 1094, 1095, 1207, 1094, 1207, 1206, 1095, 1096, 1208, 1095, 1208, 1207, 1096, 1097, 1209, 1096, 1209, 1208, 1097, 1098, 1210, 1097, 1210, 1209, 1098, 1099, 1211, 1098, 1211, 1210, 1099, 1100, 1212, 1099, 1212, 1211, 1100, 1101, 1213, 1100, 1213, 1212, 1101, 1102, 1214, 1101, 1214, 1213, 1102, 1103, 1215, 1102, 1215, 1214, 1103, 1104, 1216, 1103, 1216, 1215, 1104, 1105, 1217, 1104, 1217, 1216, 1105, 1106, 1218, 1105, 1218, 1217, 1106, 1107, 1219, 1106, 1219, 1218, 1107, 1108, 1220, 1107, 1220, 1219, 1108, 1109, 1221, 1108, 1221, 1220, 1109, 1110, 1222, 1109, 1222, 1221, 1110, 1111, 1223, 1110, 1223, 1222, 1111, 1112, 1224, 1111, 1224, 1223, 1112, 1113, 1225, 1112, 1225, 1224, 1113, 1114, 1226, 1113, 1226, 1225, 1114, 1115, 1227, 1114, 1227, 1226, 1115, 1116, 1228, 1115, 1228, 1227, 1116, 1117, 1229, 1116, 1229, 1228, 1117, 1118, 1230, 1117, 1230, 1229, 1118, 1119, 1231, 1118, 1231, 1230, 1119, 1008, 1120, 1119, 1120, 1231, 1120, 1121, 1233, 1120, 1233, 1232, 1121, 1122, 1234, 1121, 1234, 1233, 1122, 1123, 1235, 1122, 1235, 1234, 1123, 1124, 1236, 1123, 1236, 1235, 1124, 1125, 1237, 1124, 1237, 1236, 1125, 1126, 1238, 1125, 1238, 1237, 1126, 1127, 1239, 1126, 1239, 1238, 1127, 1128, 1240, 1127, 1240, 1239, 1128, 1129, 1241, 1128, 1241, 1240, 1129, 1130, 1242, 1129, 1242, 1241, 1130, 1131, 1243, 1130, 1243, 1242, 1131, 1132, 1244, 1131, 1244, 1243, 1132, 1133, 1245, 1132, 1245, 1244, 1133, 1134, 1246, 1133, 1246, 1245, 1134, 1135, 1247, 1134, 1247, 1246, 1135, 1136, 1248, 1135, 1248, 1247, 1136, 1137, 1249, 1136, 1249, 1248, 1137, 1138, 1250, 1137, 1250, 1249, 1138, 1139, 1251, 1138, 1251, 1250, 1139, 1140, 1252, 1139, 1252, 1251, 1140, 1141, 1253, 1140, 1253, 1252, 1141, 1142, 1254, 1141, 1254, 1253, 1142, 1143, 1255, 1142, 1255, 1254, 1143, 1144, 1256, 1143, 1256, 1255, 1144, 1145, 1257, 1144, 1257, 1256, 1145, 1146, 1258, 1145, 1258, 1257, 1146, 1147, 1259, 1146, 1259, 1258, 1147, 1148, 1260, 1147, 1260, 1259, 1148, 1149, 1261, 1148, 1261, 1260, 1149, 1150, 1262, 1149, 1262, 1261, 1150, 1151, 1263, 1150, 1263, 1262, 1151, 1152, 1264, 1151, 1264, 1263, 1152, 1153, 1265, 1152, 1265, 1264, 1153, 1154, 1266, 1153, 1266, 1265, 1154, 1155, 1267, 1154, 1267, 1266, 1155, 1156, 1268, 1155, 1268, 1267, 1156, 1157, 1269, 1156, 1269, 1268, 1157, 1158, 1270, 1157, 1270, 1269, 1158, 1159, 1271, 1158, 1271, 1270, 1159, 1160, 1272, 1159, 1272, 1271, 1160, 1161, 1273, 1160, 1273, 1272, 1161, 1162, 1274, 1161, 1274, 1273, 1162, 1163, 1275, 1162, 1275, 1274, 1163, 1164, 1276, 1163, 1276, 1275, 1164, 1165, 1277, 1164, 1277, 1276, 1165, 1166, 1278, 1165, 1278, 1277, 1166, 1167, 1279, 1166, 1279, 1278, 1167, 1168, 1280, 1167, 1280, 1279, 1168, 1169, 1281, 1168, 1281, 1280, 1169, 1170, 1282, 1169, 1282, 1281, 1170, 1171, 1283, 1170, 1283, 1282, 1171, 1172, 1284, 1171, 1284, 1283, 1172, 1173, 1285, 1172, 1285, 1284, 1173, 1174, 1286, 1173, 1286, 1285, 1174, 1175, 1287, 1174, 1287, 1286, 1175, 1176, 1288, 1175, 1288, 1287, 1176, 1177, 1289, 1176, 1289, 1288, 1177, 1178, 1290, 1177, 1290, 1289, 1178, 1179, 1291, 1178, 1291, 1290, 1179, 1180, 1292, 1179, 1292, 1291, 1180, 1181, 1293, 1180, 1293, 1292, 1181, 1182, 1294, 1181, 1294, 1293, 1182, 1183, 1295, 1182, 1295, 1294, 1183, 1184, 1296, 1183, 1296, 1295, 1184, 1185, 1297, 1184, 1297, 1296, 1185, 1186, 1298, 1185, 1298, 1297, 1186, 1187, 1299, 1186, 1299, 1298, 1187, 1188, 1300, 1187, 1300, 1299, 1188, 1189, 1301, 1188, 1301, 1300, 1189, 1190, 1302, 1189, 1302, 1301, 1190, 1191, 1303, 1190, 1303, 1302, 1191, 1192, 1304, 1191, 1304, 1303, 1192, 1193, 1305, 1192, 1305, 1304, 1193, 1194, 1306, 1193, 1306, 1305, 1194, 1195, 1307, 1194, 1307, 1306, 1195, 1196, 1308, 1195, 1308, 1307, 1196, 1197, 1309, 1196, 1309, 1308, 1197, 1198, 1310, 1197, 1310, 1309, 1198, 1199, 1311, 1198, 1311, 1310, 1199, 1200, 1312, 1199, 1312, 1311, 1200, 1201, 1313, 1200, 1313, 1312, 1201, 1202, 1314, 1201, 1314, 1313, 1202, 1203, 1315, 1202, 1315, 1314, 1203, 1204, 1316, 1203, 1316, 1315, 1204, 1205, 1317, 1204, 1317, 1316, 1205, 1206, 1318, 1205, 1318, 1317, 1206, 1207, 1319, 1206, 1319, 1318, 1207, 1208, 1320, 1207, 1320, 1319, 1208, 1209, 1321, 1208, 1321, 1320, 1209, 1210, 1322, 1209, 1322, 1321, 1210, 1211, 1323, 1210, 1323, 1322, 1211, 1212, 1324, 1211, 1324, 1323, 1212, 1213, 1325, 1212, 1325, 1324, 1213, 1214, 1326, 1213, 1326, 1325, 1214, 1215, 1327, 1214, 1327, 1326, 1215, 1216, 1328, 1215, 1328, 1327, 1216, 1217, 1329, 1216, 1329, 1328, 1217, 1218, 1330, 1217, 1330, 1329, 1218, 1219, 1331, 1218, 1331, 1330, 1219, 1220, 1332, 1219, 1332, 1331, 1220, 1221, 1333, 1220, 1333, 1332, 1221, 1222, 1334, 1221, 1334, 1333, 1222, 1223, 1335, 1222, 1335, 1334, 1223, 1224, 1336, 1223, 1336, 1335, 1224, 1225, 1337, 1224, 1337, 1336, 1225, 1226, 1338, 1225, 1338, 1337, 1226, 1227, 1339, 1226, 1339, 1338, 1227, 1228, 1340, 1227, 1340, 1339, 1228, 1229, 1341, 1228, 1341, 1340, 1229, 1230, 1342, 1229, 1342, 1341, 1230, 1231, 1343, 1230, 1343, 1342, 1231, 1120, 1232, 1231, 1232, 1343, 1232, 1233, 1345, 1232, 1345, 1344, 1233, 1234, 1346, 1233, 1346, 1345, 1234, 1235, 1347, 1234, 1347, 1346, 1235, 1236, 1348, 1235, 1348, 1347, 1236, 1237, 1349, 1236, 1349, 1348, 1237, 1238, 1350, 1237, 1350, 1349, 1238, 1239, 1351, 1238, 1351, 1350, 1239, 1240, 1352, 1239, 1352, 1351, 1240, 1241, 1353, 1240, 1353, 1352, 1241, 1242, 1354, 1241, 1354, 1353, 1242, 1243, 1355, 1242, 1355, 1354, 1243, 1244, 1356, 1243, 1356, 1355, 1244, 1245, 1357, 1244, 1357, 1356, 1245, 1246, 1358, 1245, 1358, 1357, 1246, 1247, 1359, 1246, 1359, 1358, 1247, 1248, 1360, 1247, 1360, 1359, 1248, 1249, 1361, 1248, 1361, 1360, 1249, 1250, 1362, 1249, 1362, 1361, 1250, 1251, 1363, 1250, 1363, 1362, 1251, 1252, 1364, 1251, 1364, 1363, 1252, 1253, 1365, 1252, 1365, 1364, 1253, 1254, 1366, 1253, 1366, 1365, 1254, 1255, 1367, 1254, 1367, 1366, 1255, 1256, 1368, 1255, 1368, 1367, 1256, 1257, 1369, 1256, 1369, 1368, 1257, 1258, 1370, 1257, 1370, 1369, 1258, 1259, 1371, 1258, 1371, 1370, 1259, 1260, 1372, 1259, 1372, 1371, 1260, 1261, 1373, 1260, 1373, 1372, 1261, 1262, 1374, 1261, 1374, 1373, 1262, 1263, 1375, 1262, 1375, 1374, 1263, 1264, 1376, 1263, 1376, 1375, 1264, 1265, 1377, 1264, 1377, 1376, 1265, 1266, 1378, 1265, 1378, 1377, 1266, 1267, 1379, 1266, 1379, 1378, 1267, 1268, 1380, 1267, 1380, 1379, 1268, 1269, 1381, 1268, 1381, 1380, 1269, 1270, 1382, 1269, 1382, 1381, 1270, 1271, 1383, 1270, 1383, 1382, 1271, 1272, 1384, 1271, 1384, 1383, 1272, 1273, 1385, 1272, 1385, 1384, 1273, 1274, 1386, 1273, 1386, 1385, 1274, 1275, 1387, 1274, 1387, 1386, 1275, 1276, 1388, 1275, 1388, 1387, 1276, 1277, 1389, 1276, 1389, 1388, 1277, 1278, 1390, 1277, 1390, 1389, 1278, 1279, 1391, 1278, 1391, 1390, 1279, 1280, 1392, 1279, 1392, 1391, 1280, 1281, 1393, 1280, 1393, 1392, 1281, 1282, 1394, 1281, 1394, 1393, 1282, 1283, 1395, 1282, 1395, 1394, 1283, 1284, 1396, 1283, 1396, 1395, 1284, 1285, 1397, 1284, 1397, 1396, 1285, 1286, 1398, 1285, 1398, 1397, 1286, 1287, 1399, 1286, 1399, 1398, 1287, 1288, 1400, 1287, 1400, 1399, 1288, 1289, 1401, 1288, 1401, 1400, 1289, 1290, 1402, 1289, 1402, 1401, 1290, 1291, 1403, 1290, 1403, 1402, 1291, 1292, 1404, 1291, 1404, 1403, 1292, 1293, 1405, 1292, 1405, 1404, 1293, 1294, 1406, 1293, 1406, 1405, 1294, 1295, 1407, 1294, 1407, 1406, 1295, 1296, 1408, 1295, 1408, 1407, 1296, 1297, 1409, 1296, 1409, 1408, 1297, 1298, 1410, 1297, 1410, 1409, 1298, 1299, 1411, 1298, 1411, 1410, 1299, 1300, 1412, 1299, 1412, 1411, 1300, 1301, 1413, 1300, 1413, 1412, 1301, 1302, 1414, 1301, 1414, 1413, 1302, 1303, 1415, 1302, 1415, 1414, 1303, 1304, 1416, 1303, 1416, 1415, 1304, 1305, 1417, 1304, 1417, 1416, 1305, 1306, 1418, 1305, 1418, 1417, 1306, 1307, 1419, 1306, 1419, 1418, 1307, 1308, 1420, 1307, 1420, 1419, 1308, 1309, 1421, 1308, 1421, 1420, 1309, 1310, 1422, 1309, 1422, 1421, 1310, 1311, 1423, 1310, 1423, 1422, 1311, 1312, 1424, 1311, 1424, 1423, 1312, 1313, 1425, 1312, 1425, 1424, 1313, 1314, 1426, 1313, 1426, 1425, 1314, 1315, 1427, 1314, 1427, 1426, 1315, 1316, 1428, 1315, 1428, 1427, 1316, 1317, 1429, 1316, 1429, 1428, 1317, 1318, 1430, 1317, 1430, 1429, 1318, 1319, 1431, 1318, 1431, 1430, 1319, 1320, 1432, 1319, 1432, 1431, 1320, 1321, 1433, 1320, 1433, 1432, 1321, 1322, 1434, 1321, 1434, 1433, 1322, 1323, 1435, 1322, 1435, 1434, 1323, 1324, 1436, 1323, 1436, 1435, 1324, 1325, 1437, 1324, 1437, 1436, 1325, 1326, 1438, 1325, 1438, 1437, 1326, 1327, 1439, 1326, 1439, 1438, 1327, 1328, 1440, 1327, 1440, 1439, 1328, 1329, 1441, 1328, 1441, 1440, 1329, 1330, 1442, 1329, 1442, 1441, 1330, 1331, 1443, 1330, 1443, 1442, 1331, 1332, 1444, 1331, 1444, 1443, 1332, 1333, 1445, 1332, 1445, 1444, 1333, 1334, 1446, 1333, 1446, 1445, 1334, 1335, 1447, 1334, 1447, 1446, 1335, 1336, 1448, 1335, 1448, 1447, 1336, 1337, 1449, 1336, 1449, 1448, 1337, 1338, 1450, 1337, 1450, 1449, 1338, 1339, 1451, 1338, 1451, 1450, 1339, 1340, 1452, 1339, 1452, 1451, 1340, 1341, 1453, 1340, 1453, 1452, 1341, 1342, 1454, 1341, 1454, 1453, 1342, 1343, 1455, 1342, 1455, 1454, 1343, 1232, 1344, 1343, 1344, 1455, 1344, 1345, 1457, 1344, 1457, 1456, 1345, 1346, 1458, 1345, 1458, 1457, 1346, 1347, 1459, 1346, 1459, 1458, 1347, 1348, 1460, 1347, 1460, 1459, 1348, 1349, 1461, 1348, 1461, 1460, 1349, 1350, 1462, 1349, 1462, 1461, 1350, 1351, 1463, 1350, 1463, 1462, 1351, 1352, 1464, 1351, 1464, 1463, 1352, 1353, 1465, 1352, 1465, 1464, 1353, 1354, 1466, 1353, 1466, 1465, 1354, 1355, 1467, 1354, 1467, 1466, 1355, 1356, 1468, 1355, 1468, 1467, 1356, 1357, 1469, 1356, 1469, 1468, 1357, 1358, 1470, 1357, 1470, 1469, 1358, 1359, 1471, 1358, 1471, 1470, 1359, 1360, 1472, 1359, 1472, 1471, 1360, 1361, 1473, 1360, 1473, 1472, 1361, 1362, 1474, 1361, 1474, 1473, 1362, 1363, 1475, 1362, 1475, 1474, 1363, 1364, 1476, 1363, 1476, 1475, 1364, 1365, 1477, 1364, 1477, 1476, 1365, 1366, 1478, 1365, 1478, 1477, 1366, 1367, 1479, 1366, 1479, 1478, 1367, 1368, 1480, 1367, 1480, 1479, 1368, 1369, 1481, 1368, 1481, 1480, 1369, 1370, 1482, 1369, 1482, 1481, 1370, 1371, 1483, 1370, 1483, 1482, 1371, 1372, 1484, 1371, 1484, 1483, 1372, 1373, 1485, 1372, 1485, 1484, 1373, 1374, 1486, 1373, 1486, 1485, 1374, 1375, 1487, 1374, 1487, 1486, 1375, 1376, 1488, 1375, 1488, 1487, 1376, 1377, 1489, 1376, 1489, 1488, 1377, 1378, 1490, 1377, 1490, 1489, 1378, 1379, 1491, 1378, 1491, 1490, 1379, 1380, 1492, 1379, 1492, 1491, 1380, 1381, 1493, 1380, 1493, 1492, 1381, 1382, 1494, 1381, 1494, 1493, 1382, 1383, 1495, 1382, 1495, 1494, 1383, 1384, 1496, 1383, 1496, 1495, 1384, 1385, 1497, 1384, 1497, 1496, 1385, 1386, 1498, 1385, 1498, 1497, 1386, 1387, 1499, 1386, 1499, 1498, 1387, 1388, 1500, 1387, 1500, 1499, 1388, 1389, 1501, 1388, 1501, 1500, 1389, 1390, 1502, 1389, 1502, 1501, 1390, 1391, 1503, 1390, 1503, 1502, 1391, 1392, 1504, 1391, 1504, 1503, 1392, 1393, 1505, 1392, 1505, 1504, 1393, 1394, 1506, 1393, 1506, 1505, 1394, 1395, 1507, 1394, 1507, 1506, 1395, 1396, 1508, 1395, 1508, 1507, 1396, 1397, 1509, 1396, 1509, 1508, 1397, 1398, 1510, 1397, 1510, 1509, 1398, 1399, 1511, 1398, 1511, 1510, 1399, 1400, 1512, 1399, 1512, 1511, 1400, 1401, 1513, 1400, 1513, 1512, 1401, 1402, 1514, 1401, 1514, 1513, 1402, 1403, 1515, 1402, 1515, 1514, 1403, 1404, 1516, 1403, 1516, 1515, 1404, 1405, 1517, 1404, 1517, 1516, 1405, 1406, 1518, 1405, 1518, 1517, 1406, 1407, 1519, 1406, 1519, 1518, 1407, 1408, 1520, 1407, 1520, 1519, 1408, 1409, 1521, 1408, 1521, 1520, 1409, 1410, 1522, 1409, 1522, 1521, 1410, 1411, 1523, 1410, 1523, 1522, 1411, 1412, 1524, 1411, 1524, 1523, 1412, 1413, 1525, 1412, 1525, 1524, 1413, 1414, 1526, 1413, 1526, 1525, 1414, 1415, 1527, 1414, 1527, 1526, 1415, 1416, 1528, 1415, 1528, 1527, 1416, 1417, 1529, 1416, 1529, 1528, 1417, 1418, 1530, 1417, 1530, 1529, 1418, 1419, 1531, 1418, 1531, 1530, 1419, 1420, 1532, 1419, 1532, 1531, 1420, 1421, 1533, 1420, 1533, 1532, 1421, 1422, 1534, 1421, 1534, 1533, 1422, 1423, 1535, 1422, 1535, 1534, 1423, 1424, 1536, 1423, 1536, 1535, 1424, 1425, 1537, 1424, 1537, 1536, 1425, 1426, 1538, 1425, 1538, 1537, 1426, 1427, 1539, 1426, 1539, 1538, 1427, 1428, 1540, 1427, 1540, 1539, 1428, 1429, 1541, 1428, 1541, 1540, 1429, 1430, 1542, 1429, 1542, 1541, 1430, 1431, 1543, 1430, 1543, 1542, 1431, 1432, 1544, 1431, 1544, 1543, 1432, 1433, 1545, 1432, 1545, 1544, 1433, 1434, 1546, 1433, 1546, 1545, 1434, 1435, 1547, 1434, 1547, 1546, 1435, 1436, 1548, 1435, 1548, 1547, 1436, 1437, 1549, 1436, 1549, 1548, 1437, 1438, 1550, 1437, 1550, 1549, 1438, 1439, 1551, 1438, 1551, 1550, 1439, 1440, 1552, 1439, 1552, 1551, 1440, 1441, 1553, 1440, 1553, 1552, 1441, 1442, 1554, 1441, 1554, 1553, 1442, 1443, 1555, 1442, 1555, 1554, 1443, 1444, 1556, 1443, 1556, 1555, 1444, 1445, 1557, 1444, 1557, 1556, 1445, 1446, 1558, 1445, 1558, 1557, 1446, 1447, 1559, 1446, 1559, 1558, 1447, 1448, 1560, 1447, 1560, 1559, 1448, 1449, 1561, 1448, 1561, 1560, 1449, 1450, 1562, 1449, 1562, 1561, 1450, 1451, 1563, 1450, 1563, 1562, 1451, 1452, 1564, 1451, 1564, 1563, 1452, 1453, 1565, 1452, 1565, 1564, 1453, 1454, 1566, 1453, 1566, 1565, 1454, 1455, 1567, 1454, 1567, 1566, 1455, 1344, 1456, 1455, 1456, 1567, 1456, 1457, 1569, 1456, 1569, 1568, 1457, 1458, 1570, 1457, 1570, 1569, 1458, 1459, 1571, 1458, 1571, 1570, 1459, 1460, 1572, 1459, 1572, 1571, 1460, 1461, 1573, 1460, 1573, 1572, 1461, 1462, 1574, 1461, 1574, 1573, 1462, 1463, 1575, 1462, 1575, 1574, 1463, 1464, 1576, 1463, 1576, 1575, 1464, 1465, 1577, 1464, 1577, 1576, 1465, 1466, 1578, 1465, 1578, 1577, 1466, 1467, 1579, 1466, 1579, 1578, 1467, 1468, 1580, 1467, 1580, 1579, 1468, 1469, 1581, 1468, 1581, 1580, 1469, 1470, 1582, 1469, 1582, 1581, 1470, 1471, 1583, 1470, 1583, 1582, 1471, 1472, 1584, 1471, 1584, 1583, 1472, 1473, 1585, 1472, 1585, 1584, 1473, 1474, 1586, 1473, 1586, 1585, 1474, 1475, 1587, 1474, 1587, 1586, 1475, 1476, 1588, 1475, 1588, 1587, 1476, 1477, 1589, 1476, 1589, 1588, 1477, 1478, 1590, 1477, 1590, 1589, 1478, 1479, 1591, 1478, 1591, 1590, 1479, 1480, 1592, 1479, 1592, 1591, 1480, 1481, 1593, 1480, 1593, 1592, 1481, 1482, 1594, 1481, 1594, 1593, 1482, 1483, 1595, 1482, 1595, 1594, 1483, 1484, 1596, 1483, 1596, 1595, 1484, 1485, 1597, 1484, 1597, 1596, 1485, 1486, 1598, 1485, 1598, 1597, 1486, 1487, 1599, 1486, 1599, 1598, 1487, 1488, 1600, 1487, 1600, 1599, 1488, 1489, 1601, 1488, 1601, 1600, 1489, 1490, 1602, 1489, 1602, 1601, 1490, 1491, 1603, 1490, 1603, 1602, 1491, 1492, 1604, 1491, 1604, 1603, 1492, 1493, 1605, 1492, 1605, 1604, 1493, 1494, 1606, 1493, 1606, 1605, 1494, 1495, 1607, 1494, 1607, 1606, 1495, 1496, 1608, 1495, 1608, 1607, 1496, 1497, 1609, 1496, 1609, 1608, 1497, 1498, 1610, 1497, 1610, 1609, 1498, 1499, 1611, 1498, 1611, 1610, 1499, 1500, 1612, 1499, 1612, 1611, 1500, 1501, 1613, 1500, 1613, 1612, 1501, 1502, 1614, 1501, 1614, 1613, 1502, 1503, 1615, 1502, 1615, 1614, 1503, 1504, 1616, 1503, 1616, 1615, 1504, 1505, 1617, 1504, 1617, 1616, 1505, 1506, 1618, 1505, 1618, 1617, 1506, 1507, 1619, 1506, 1619, 1618, 1507, 1508, 1620, 1507, 1620, 1619, 1508, 1509, 1621, 1508, 1621, 1620, 1509, 1510, 1622, 1509, 1622, 1621, 1510, 1511, 1623, 1510, 1623, 1622, 1511, 1512, 1624, 1511, 1624, 1623, 1512, 1513, 1625, 1512, 1625, 1624, 1513, 1514, 1626, 1513, 1626, 1625, 1514, 1515, 1627, 1514, 1627, 1626, 1515, 1516, 1628, 1515, 1628, 1627, 1516, 1517, 1629, 1516, 1629, 1628, 1517, 1518, 1630, 1517, 1630, 1629, 1518, 1519, 1631, 1518, 1631, 1630, 1519, 1520, 1632, 1519, 1632, 1631, 1520, 1521, 1633, 1520, 1633, 1632, 1521, 1522, 1634, 1521, 1634, 1633, 1522, 1523, 1635, 1522, 1635, 1634, 1523, 1524, 1636, 1523, 1636, 1635, 1524, 1525, 1637, 1524, 1637, 1636, 1525, 1526, 1638, 1525, 1638, 1637, 1526, 1527, 1639, 1526, 1639, 1638, 1527, 1528, 1640, 1527, 1640, 1639, 1528, 1529, 1641, 1528, 1641, 1640, 1529, 1530, 1642, 1529, 1642, 1641, 1530, 1531, 1643, 1530, 1643, 1642, 1531, 1532, 1644, 1531, 1644, 1643, 1532, 1533, 1645, 1532, 1645, 1644, 1533, 1534, 1646, 1533, 1646, 1645, 1534, 1535, 1647, 1534, 1647, 1646, 1535, 1536, 1648, 1535, 1648, 1647, 1536, 1537, 1649, 1536, 1649, 1648, 1537, 1538, 1650, 1537, 1650, 1649, 1538, 1539, 1651, 1538, 1651, 1650, 1539, 1540, 1652, 1539, 1652, 1651, 1540, 1541, 1653, 1540, 1653, 1652, 1541, 1542, 1654, 1541, 1654, 1653, 1542, 1543, 1655, 1542, 1655, 1654, 1543, 1544, 1656, 1543, 1656, 1655, 1544, 1545, 1657, 1544, 1657, 1656, 1545, 1546, 1658, 1545, 1658, 1657, 1546, 1547, 1659, 1546, 1659, 1658, 1547, 1548, 1660, 1547, 1660, 1659, 1548, 1549, 1661, 1548, 1661, 1660, 1549, 1550, 1662, 1549, 1662, 1661, 1550, 1551, 1663, 1550, 1663, 1662, 1551, 1552, 1664, 1551, 1664, 1663, 1552, 1553, 1665, 1552, 1665, 1664, 1553, 1554, 1666, 1553, 1666, 1665, 1554, 1555, 1667, 1554, 1667, 1666, 1555, 1556, 1668, 1555, 1668, 1667, 1556, 1557, 1669, 1556, 1669, 1668, 1557, 1558, 1670, 1557, 1670, 1669, 1558, 1559, 1671, 1558, 1671, 1670, 1559, 1560, 1672, 1559, 1672, 1671, 1560, 1561, 1673, 1560, 1673, 1672, 1561, 1562, 1674, 1561, 1674, 1673, 1562, 1563, 1675, 1562, 1675, 1674, 1563, 1564, 1676, 1563, 1676, 1675, 1564, 1565, 1677, 1564, 1677, 1676, 1565, 1566, 1678, 1565, 1678, 1677, 1566, 1567, 1679, 1566, 1679, 1678, 1567, 1456, 1568, 1567, 1568, 1679, 1568, 1569, 1681, 1568, 1681, 1680, 1569, 1570, 1682, 1569, 1682, 1681, 1570, 1571, 1683, 1570, 1683, 1682, 1571, 1572, 1684, 1571, 1684, 1683, 1572, 1573, 1685, 1572, 1685, 1684, 1573, 1574, 1686, 1573, 1686, 1685, 1574, 1575, 1687, 1574, 1687, 1686, 1575, 1576, 1688, 1575, 1688, 1687, 1576, 1577, 1689, 1576, 1689, 1688, 1577, 1578, 1690, 1577, 1690, 1689, 1578, 1579, 1691, 1578, 1691, 1690, 1579, 1580, 1692, 1579, 1692, 1691, 1580, 1581, 1693, 1580, 1693, 1692, 1581, 1582, 1694, 1581, 1694, 1693, 1582, 1583, 1695, 1582, 1695, 1694, 1583, 1584, 1696, 1583, 1696, 1695, 1584, 1585, 1697, 1584, 1697, 1696, 1585, 1586, 1698, 1585, 1698, 1697, 1586, 1587, 1699, 1586, 1699, 1698, 1587, 1588, 1700, 1587, 1700, 1699, 1588, 1589, 1701, 1588, 1701, 1700, 1589, 1590, 1702, 1589, 1702, 1701, 1590, 1591, 1703, 1590, 1703, 1702, 1591, 1592, 1704, 1591, 1704, 1703, 1592, 1593, 1705, 1592, 1705, 1704, 1593, 1594, 1706, 1593, 1706, 1705, 1594, 1595, 1707, 1594, 1707, 1706, 1595, 1596, 1708, 1595, 1708, 1707, 1596, 1597, 1709, 1596, 1709, 1708, 1597, 1598, 1710, 1597, 1710, 1709, 1598, 1599, 1711, 1598, 1711, 1710, 1599, 1600, 1712, 1599, 1712, 1711, 1600, 1601, 1713, 1600, 1713, 1712, 1601, 1602, 1714, 1601, 1714, 1713, 1602, 1603, 1715, 1602, 1715, 1714, 1603, 1604, 1716, 1603, 1716, 1715, 1604, 1605, 1717, 1604, 1717, 1716, 1605, 1606, 1718, 1605, 1718, 1717, 1606, 1607, 1719, 1606, 1719, 1718, 1607, 1608, 1720, 1607, 1720, 1719, 1608, 1609, 1721, 1608, 1721, 1720, 1609, 1610, 1722, 1609, 1722, 1721, 1610, 1611, 1723, 1610, 1723, 1722, 1611, 1612, 1724, 1611, 1724, 1723, 1612, 1613, 1725, 1612, 1725, 1724, 1613, 1614, 1726, 1613, 1726, 1725, 1614, 1615, 1727, 1614, 1727, 1726, 1615, 1616, 1728, 1615, 1728, 1727, 1616, 1617, 1729, 1616, 1729, 1728, 1617, 1618, 1730, 1617, 1730, 1729, 1618, 1619, 1731, 1618, 1731, 1730, 1619, 1620, 1732, 1619, 1732, 1731, 1620, 1621, 1733, 1620, 1733, 1732, 1621, 1622, 1734, 1621, 1734, 1733, 1622, 1623, 1735, 1622, 1735, 1734, 1623, 1624, 1736, 1623, 1736, 1735, 1624, 1625, 1737, 1624, 1737, 1736, 1625, 1626, 1738, 1625, 1738, 1737, 1626, 1627, 1739, 1626, 1739, 1738, 1627, 1628, 1740, 1627, 1740, 1739, 1628, 1629, 1741, 1628, 1741, 1740, 1629, 1630, 1742, 1629, 1742, 1741, 1630, 1631, 1743, 1630, 1743, 1742, 1631, 1632, 1744, 1631, 1744, 1743, 1632, 1633, 1745, 1632, 1745, 1744, 1633, 1634, 1746, 1633, 1746, 1745, 1634, 1635, 1747, 1634, 1747, 1746, 1635, 1636, 1748, 1635, 1748, 1747, 1636, 1637, 1749, 1636, 1749, 1748, 1637, 1638, 1750, 1637, 1750, 1749, 1638, 1639, 1751, 1638, 1751, 1750, 1639, 1640, 1752, 1639, 1752, 1751, 1640, 1641, 1753, 1640, 1753, 1752, 1641, 1642, 1754, 1641, 1754, 1753, 1642, 1643, 1755, 1642, 1755, 1754, 1643, 1644, 1756, 1643, 1756, 1755, 1644, 1645, 1757, 1644, 1757, 1756, 1645, 1646, 1758, 1645, 1758, 1757, 1646, 1647, 1759, 1646, 1759, 1758, 1647, 1648, 1760, 1647, 1760, 1759, 1648, 1649, 1761, 1648, 1761, 1760, 1649, 1650, 1762, 1649, 1762, 1761, 1650, 1651, 1763, 1650, 1763, 1762, 1651, 1652, 1764, 1651, 1764, 1763, 1652, 1653, 1765, 1652, 1765, 1764, 1653, 1654, 1766, 1653, 1766, 1765, 1654, 1655, 1767, 1654, 1767, 1766, 1655, 1656, 1768, 1655, 1768, 1767, 1656, 1657, 1769, 1656, 1769, 1768, 1657, 1658, 1770, 1657, 1770, 1769, 1658, 1659, 1771, 1658, 1771, 1770, 1659, 1660, 1772, 1659, 1772, 1771, 1660, 1661, 1773, 1660, 1773, 1772, 1661, 1662, 1774, 1661, 1774, 1773, 1662, 1663, 1775, 1662, 1775, 1774, 1663, 1664, 1776, 1663, 1776, 1775, 1664, 1665, 1777, 1664, 1777, 1776, 1665, 1666, 1778, 1665, 1778, 1777, 1666, 1667, 1779, 1666, 1779, 1778, 1667, 1668, 1780, 1667, 1780, 1779, 1668, 1669, 1781, 1668, 1781, 1780, 1669, 1670, 1782, 1669, 1782, 1781, 1670, 1671, 1783, 1670, 1783, 1782, 1671, 1672, 1784, 1671, 1784, 1783, 1672, 1673, 1785, 1672, 1785, 1784, 1673, 1674, 1786, 1673, 1786, 1785, 1674, 1675, 1787, 1674, 1787, 1786, 1675, 1676, 1788, 1675, 1788, 1787, 1676, 1677, 1789, 1676, 1789, 1788, 1677, 1678, 1790, 1677, 1790, 1789, 1678, 1679, 1791, 1678, 1791, 1790, 1679, 1568, 1680, 1679, 1680, 1791, 1680, 1681, 1793, 1680, 1793, 1792, 1681, 1682, 1794, 1681, 1794, 1793, 1682, 1683, 1795, 1682, 1795, 1794, 1683, 1684, 1796, 1683, 1796, 1795, 1684, 1685, 1797, 1684, 1797, 1796, 1685, 1686, 1798, 1685, 1798, 1797, 1686, 1687, 1799, 1686, 1799, 1798, 1687, 1688, 1800, 1687, 1800, 1799, 1688, 1689, 1801, 1688, 1801, 1800, 1689, 1690, 1802, 1689, 1802, 1801, 1690, 1691, 1803, 1690, 1803, 1802, 1691, 1692, 1804, 1691, 1804, 1803, 1692, 1693, 1805, 1692, 1805, 1804, 1693, 1694, 1806, 1693, 1806, 1805, 1694, 1695, 1807, 1694, 1807, 1806, 1695, 1696, 1808, 1695, 1808, 1807, 1696, 1697, 1809, 1696, 1809, 1808, 1697, 1698, 1810, 1697, 1810, 1809, 1698, 1699, 1811, 1698, 1811, 1810, 1699, 1700, 1812, 1699, 1812, 1811, 1700, 1701, 1813, 1700, 1813, 1812, 1701, 1702, 1814, 1701, 1814, 1813, 1702, 1703, 1815, 1702, 1815, 1814, 1703, 1704, 1816, 1703, 1816, 1815, 1704, 1705, 1817, 1704, 1817, 1816, 1705, 1706, 1818, 1705, 1818, 1817, 1706, 1707, 1819, 1706, 1819, 1818, 1707, 1708, 1820, 1707, 1820, 1819, 1708, 1709, 1821, 1708, 1821, 1820, 1709, 1710, 1822, 1709, 1822, 1821, 1710, 1711, 1823, 1710, 1823, 1822, 1711, 1712, 1824, 1711, 1824, 1823, 1712, 1713, 1825, 1712, 1825, 1824, 1713, 1714, 1826, 1713, 1826, 1825, 1714, 1715, 1827, 1714, 1827, 1826, 1715, 1716, 1828, 1715, 1828, 1827, 1716, 1717, 1829, 1716, 1829, 1828, 1717, 1718, 1830, 1717, 1830, 1829, 1718, 1719, 1831, 1718, 1831, 1830, 1719, 1720, 1832, 1719, 1832, 1831, 1720, 1721, 1833, 1720, 1833, 1832, 1721, 1722, 1834, 1721, 1834, 1833, 1722, 1723, 1835, 1722, 1835, 1834, 1723, 1724, 1836, 1723, 1836, 1835, 1724, 1725, 1837, 1724, 1837, 1836, 1725, 1726, 1838, 1725, 1838, 1837, 1726, 1727, 1839, 1726, 1839, 1838, 1727, 1728, 1840, 1727, 1840, 1839, 1728, 1729, 1841, 1728, 1841, 1840, 1729, 1730, 1842, 1729, 1842, 1841, 1730, 1731, 1843, 1730, 1843, 1842, 1731, 1732, 1844, 1731, 1844, 1843, 1732, 1733, 1845, 1732, 1845, 1844, 1733, 1734, 1846, 1733, 1846, 1845, 1734, 1735, 1847, 1734, 1847, 1846, 1735, 1736, 1848, 1735, 1848, 1847, 1736, 1737, 1849, 1736, 1849, 1848, 1737, 1738, 1850, 1737, 1850, 1849, 1738, 1739, 1851, 1738, 1851, 1850, 1739, 1740, 1852, 1739, 1852, 1851, 1740, 1741, 1853, 1740, 1853, 1852, 1741, 1742, 1854, 1741, 1854, 1853, 1742, 1743, 1855, 1742, 1855, 1854, 1743, 1744, 1856, 1743, 1856, 1855, 1744, 1745, 1857, 1744, 1857, 1856, 1745, 1746, 1858, 1745, 1858, 1857, 1746, 1747, 1859, 1746, 1859, 1858, 1747, 1748, 1860, 1747, 1860, 1859, 1748, 1749, 1861, 1748, 1861, 1860, 1749, 1750, 1862, 1749, 1862, 1861, 1750, 1751, 1863, 1750, 1863, 1862, 1751, 1752, 1864, 1751, 1864, 1863, 1752, 1753, 1865, 1752, 1865, 1864, 1753, 1754, 1866, 1753, 1866, 1865, 1754, 1755, 1867, 1754, 1867, 1866, 1755, 1756, 1868, 1755, 1868, 1867, 1756, 1757, 1869, 1756, 1869, 1868, 1757, 1758, 1870, 1757, 1870, 1869, 1758, 1759, 1871, 1758, 1871, 1870, 1759, 1760, 1872, 1759, 1872, 1871, 1760, 1761, 1873, 1760, 1873, 1872, 1761, 1762, 1874, 1761, 1874, 1873, 1762, 1763, 1875, 1762, 1875, 1874, 1763, 1764, 1876, 1763, 1876, 1875, 1764, 1765, 1877, 1764, 1877, 1876, 1765, 1766, 1878, 1765, 1878, 1877, 1766, 1767, 1879, 1766, 1879, 1878, 1767, 1768, 1880, 1767, 1880, 1879, 1768, 1769, 1881, 1768, 1881, 1880, 1769, 1770, 1882, 1769, 1882, 1881, 1770, 1771, 1883, 1770, 1883, 1882, 1771, 1772, 1884, 1771, 1884, 1883, 1772, 1773, 1885, 1772, 1885, 1884, 1773, 1774, 1886, 1773, 1886, 1885, 1774, 1775, 1887, 1774, 1887, 1886, 1775, 1776, 1888, 1775, 1888, 1887, 1776, 1777, 1889, 1776, 1889, 1888, 1777, 1778, 1890, 1777, 1890, 1889, 1778, 1779, 1891, 1778, 1891, 1890, 1779, 1780, 1892, 1779, 1892, 1891, 1780, 1781, 1893, 1780, 1893, 1892, 1781, 1782, 1894, 1781, 1894, 1893, 1782, 1783, 1895, 1782, 1895, 1894, 1783, 1784, 1896, 1783, 1896, 1895, 1784, 1785, 1897, 1784, 1897, 1896, 1785, 1786, 1898, 1785, 1898, 1897, 1786, 1787, 1899, 1786, 1899, 1898, 1787, 1788, 1900, 1787, 1900, 1899, 1788, 1789, 1901, 1788, 1901, 1900, 1789, 1790, 1902, 1789, 1902, 1901, 1790, 1791, 1903, 1790, 1903, 1902, 1791, 1680, 1792, 1791, 1792, 1903, 1792, 1793, 1905, 1792, 1905, 1904, 1793, 1794, 1906, 1793, 1906, 1905, 1794, 1795, 1907, 1794, 1907, 1906, 1795, 1796, 1908, 1795, 1908, 1907, 1796, 1797, 1909, 1796, 1909, 1908, 1797, 1798, 1910, 1797, 1910, 1909, 1798, 1799, 1911, 1798, 1911, 1910, 1799, 1800, 1912, 1799, 1912, 1911, 1800, 1801, 1913, 1800, 1913, 1912, 1801, 1802, 1914, 1801, 1914, 1913, 1802, 1803, 1915, 1802, 1915, 1914, 1803, 1804, 1916, 1803, 1916, 1915, 1804, 1805, 1917, 1804, 1917, 1916, 1805, 1806, 1918, 1805, 1918, 1917, 1806, 1807, 1919, 1806, 1919, 1918, 1807, 1808, 1920, 1807, 1920, 1919, 1808, 1809, 1921, 1808, 1921, 1920, 1809, 1810, 1922, 1809, 1922, 1921, 1810, 1811, 1923, 1810, 1923, 1922, 1811, 1812, 1924, 1811, 1924, 1923, 1812, 1813, 1925, 1812, 1925, 1924, 1813, 1814, 1926, 1813, 1926, 1925, 1814, 1815, 1927, 1814, 1927, 1926, 1815, 1816, 1928, 1815, 1928, 1927, 1816, 1817, 1929, 1816, 1929, 1928, 1817, 1818, 1930, 1817, 1930, 1929, 1818, 1819, 1931, 1818, 1931, 1930, 1819, 1820, 1932, 1819, 1932, 1931, 1820, 1821, 1933, 1820, 1933, 1932, 1821, 1822, 1934, 1821, 1934, 1933, 1822, 1823, 1935, 1822, 1935, 1934, 1823, 1824, 1936, 1823, 1936, 1935, 1824, 1825, 1937, 1824, 1937, 1936, 1825, 1826, 1938, 1825, 1938, 1937, 1826, 1827, 1939, 1826, 1939, 1938, 1827, 1828, 1940, 1827, 1940, 1939, 1828, 1829, 1941, 1828, 1941, 1940, 1829, 1830, 1942, 1829, 1942, 1941, 1830, 1831, 1943, 1830, 1943, 1942, 1831, 1832, 1944, 1831, 1944, 1943, 1832, 1833, 1945, 1832, 1945, 1944, 1833, 1834, 1946, 1833, 1946, 1945, 1834, 1835, 1947, 1834, 1947, 1946, 1835, 1836, 1948, 1835, 1948, 1947, 1836, 1837, 1949, 1836, 1949, 1948, 1837, 1838, 1950, 1837, 1950, 1949, 1838, 1839, 1951, 1838, 1951, 1950, 1839, 1840, 1952, 1839, 1952, 1951, 1840, 1841, 1953, 1840, 1953, 1952, 1841, 1842, 1954, 1841, 1954, 1953, 1842, 1843, 1955, 1842, 1955, 1954, 1843, 1844, 1956, 1843, 1956, 1955, 1844, 1845, 1957, 1844, 1957, 1956, 1845, 1846, 1958, 1845, 1958, 1957, 1846, 1847, 1959, 1846, 1959, 1958, 1847, 1848, 1960, 1847, 1960, 1959, 1848, 1849, 1961, 1848, 1961, 1960, 1849, 1850, 1962, 1849, 1962, 1961, 1850, 1851, 1963, 1850, 1963, 1962, 1851, 1852, 1964, 1851, 1964, 1963, 1852, 1853, 1965, 1852, 1965, 1964, 1853, 1854, 1966, 1853, 1966, 1965, 1854, 1855, 1967, 1854, 1967, 1966, 1855, 1856, 1968, 1855, 1968, 1967, 1856, 1857, 1969, 1856, 1969, 1968, 1857, 1858, 1970, 1857, 1970, 1969, 1858, 1859, 1971, 1858, 1971, 1970, 1859, 1860, 1972, 1859, 1972, 1971, 1860, 1861, 1973, 1860, 1973, 1972, 1861, 1862, 1974, 1861, 1974, 1973, 1862, 1863, 1975, 1862, 1975, 1974, 1863, 1864, 1976, 1863, 1976, 1975, 1864, 1865, 1977, 1864, 1977, 1976, 1865, 1866, 1978, 1865, 1978, 1977, 1866, 1867, 1979, 1866, 1979, 1978, 1867, 1868, 1980, 1867, 1980, 1979, 1868, 1869, 1981, 1868, 1981, 1980, 1869, 1870, 1982, 1869, 1982, 1981, 1870, 1871, 1983, 1870, 1983, 1982, 1871, 1872, 1984, 1871, 1984, 1983, 1872, 1873, 1985, 1872, 1985, 1984, 1873, 1874, 1986, 1873, 1986, 1985, 1874, 1875, 1987, 1874, 1987, 1986, 1875, 1876, 1988, 1875, 1988, 1987, 1876, 1877, 1989, 1876, 1989, 1988, 1877, 1878, 1990, 1877, 1990, 1989, 1878, 1879, 1991, 1878, 1991, 1990, 1879, 1880, 1992, 1879, 1992, 1991, 1880, 1881, 1993, 1880, 1993, 1992, 1881, 1882, 1994, 1881, 1994, 1993, 1882, 1883, 1995, 1882, 1995, 1994, 1883, 1884, 1996, 1883, 1996, 1995, 1884, 1885, 1997, 1884, 1997, 1996, 1885, 1886, 1998, 1885, 1998, 1997, 1886, 1887, 1999, 1886, 1999, 1998, 1887, 1888, 2000, 1887, 2000, 1999, 1888, 1889, 2001, 1888, 2001, 2000, 1889, 1890, 2002, 1889, 2002, 2001, 1890, 1891, 2003, 1890, 2003, 2002, 1891, 1892, 2004, 1891, 2004, 2003, 1892, 1893, 2005, 1892, 2005, 2004, 1893, 1894, 2006, 1893, 2006, 2005, 1894, 1895, 2007, 1894, 2007, 2006, 1895, 1896, 2008, 1895, 2008, 2007, 1896, 1897, 2009, 1896, 2009, 2008, 1897, 1898, 2010, 1897, 2010, 2009, 1898, 1899, 2011, 1898, 2011, 2010, 1899, 1900, 2012, 1899, 2012, 2011, 1900, 1901, 2013, 1900, 2013, 2012, 1901, 1902, 2014, 1901, 2014, 2013, 1902, 1903, 2015, 1902, 2015, 2014, 1903, 1792, 1904, 1903, 1904, 2015, 1904, 1905, 2017, 1904, 2017, 2016, 1905, 1906, 2018, 1905, 2018, 2017, 1906, 1907, 2019, 1906, 2019, 2018, 1907, 1908, 2020, 1907, 2020, 2019, 1908, 1909, 2021, 1908, 2021, 2020, 1909, 1910, 2022, 1909, 2022, 2021, 1910, 1911, 2023, 1910, 2023, 2022, 1911, 1912, 2024, 1911, 2024, 2023, 1912, 1913, 2025, 1912, 2025, 2024, 1913, 1914, 2026, 1913, 2026, 2025, 1914, 1915, 2027, 1914, 2027, 2026, 1915, 1916, 2028, 1915, 2028, 2027, 1916, 1917, 2029, 1916, 2029, 2028, 1917, 1918, 2030, 1917, 2030, 2029, 1918, 1919, 2031, 1918, 2031, 2030, 1919, 1920, 2032, 1919, 2032, 2031, 1920, 1921, 2033, 1920, 2033, 2032, 1921, 1922, 2034, 1921, 2034, 2033, 1922, 1923, 2035, 1922, 2035, 2034, 1923, 1924, 2036, 1923, 2036, 2035, 1924, 1925, 2037, 1924, 2037, 2036, 1925, 1926, 2038, 1925, 2038, 2037, 1926, 1927, 2039, 1926, 2039, 2038, 1927, 1928, 2040, 1927, 2040, 2039, 1928, 1929, 2041, 1928, 2041, 2040, 1929, 1930, 2042, 1929, 2042, 2041, 1930, 1931, 2043, 1930, 2043, 2042, 1931, 1932, 2044, 1931, 2044, 2043, 1932, 1933, 2045, 1932, 2045, 2044, 1933, 1934, 2046, 1933, 2046, 2045, 1934, 1935, 2047, 1934, 2047, 2046, 1935, 1936, 2048, 1935, 2048, 2047, 1936, 1937, 2049, 1936, 2049, 2048, 1937, 1938, 2050, 1937, 2050, 2049, 1938, 1939, 2051, 1938, 2051, 2050, 1939, 1940, 2052, 1939, 2052, 2051, 1940, 1941, 2053, 1940, 2053, 2052, 1941, 1942, 2054, 1941, 2054, 2053, 1942, 1943, 2055, 1942, 2055, 2054, 1943, 1944, 2056, 1943, 2056, 2055, 1944, 1945, 2057, 1944, 2057, 2056, 1945, 1946, 2058, 1945, 2058, 2057, 1946, 1947, 2059, 1946, 2059, 2058, 1947, 1948, 2060, 1947, 2060, 2059, 1948, 1949, 2061, 1948, 2061, 2060, 1949, 1950, 2062, 1949, 2062, 2061, 1950, 1951, 2063, 1950, 2063, 2062, 1951, 1952, 2064, 1951, 2064, 2063, 1952, 1953, 2065, 1952, 2065, 2064, 1953, 1954, 2066, 1953, 2066, 2065, 1954, 1955, 2067, 1954, 2067, 2066, 1955, 1956, 2068, 1955, 2068, 2067, 1956, 1957, 2069, 1956, 2069, 2068, 1957, 1958, 2070, 1957, 2070, 2069, 1958, 1959, 2071, 1958, 2071, 2070, 1959, 1960, 2072, 1959, 2072, 2071, 1960, 1961, 2073, 1960, 2073, 2072, 1961, 1962, 2074, 1961, 2074, 2073, 1962, 1963, 2075, 1962, 2075, 2074, 1963, 1964, 2076, 1963, 2076, 2075, 1964, 1965, 2077, 1964, 2077, 2076, 1965, 1966, 2078, 1965, 2078, 2077, 1966, 1967, 2079, 1966, 2079, 2078, 1967, 1968, 2080, 1967, 2080, 2079, 1968, 1969, 2081, 1968, 2081, 2080, 1969, 1970, 2082, 1969, 2082, 2081, 1970, 1971, 2083, 1970, 2083, 2082, 1971, 1972, 2084, 1971, 2084, 2083, 1972, 1973, 2085, 1972, 2085, 2084, 1973, 1974, 2086, 1973, 2086, 2085, 1974, 1975, 2087, 1974, 2087, 2086, 1975, 1976, 2088, 1975, 2088, 2087, 1976, 1977, 2089, 1976, 2089, 2088, 1977, 1978, 2090, 1977, 2090, 2089, 1978, 1979, 2091, 1978, 2091, 2090, 1979, 1980, 2092, 1979, 2092, 2091, 1980, 1981, 2093, 1980, 2093, 2092, 1981, 1982, 2094, 1981, 2094, 2093, 1982, 1983, 2095, 1982, 2095, 2094, 1983, 1984, 2096, 1983, 2096, 2095, 1984, 1985, 2097, 1984, 2097, 2096, 1985, 1986, 2098, 1985, 2098, 2097, 1986, 1987, 2099, 1986, 2099, 2098, 1987, 1988, 2100, 1987, 2100, 2099, 1988, 1989, 2101, 1988, 2101, 2100, 1989, 1990, 2102, 1989, 2102, 2101, 1990, 1991, 2103, 1990, 2103, 2102, 1991, 1992, 2104, 1991, 2104, 2103, 1992, 1993, 2105, 1992, 2105, 2104, 1993, 1994, 2106, 1993, 2106, 2105, 1994, 1995, 2107, 1994, 2107, 2106, 1995, 1996, 2108, 1995, 2108, 2107, 1996, 1997, 2109, 1996, 2109, 2108, 1997, 1998, 2110, 1997, 2110, 2109, 1998, 1999, 2111, 1998, 2111, 2110, 1999, 2000, 2112, 1999, 2112, 2111, 2000, 2001, 2113, 2000, 2113, 2112, 2001, 2002, 2114, 2001, 2114, 2113, 2002, 2003, 2115, 2002, 2115, 2114, 2003, 2004, 2116, 2003, 2116, 2115, 2004, 2005, 2117, 2004, 2117, 2116, 2005, 2006, 2118, 2005, 2118, 2117, 2006, 2007, 2119, 2006, 2119, 2118, 2007, 2008, 2120, 2007, 2120, 2119, 2008, 2009, 2121, 2008, 2121, 2120, 2009, 2010, 2122, 2009, 2122, 2121, 2010, 2011, 2123, 2010, 2123, 2122, 2011, 2012, 2124, 2011, 2124, 2123, 2012, 2013, 2125, 2012, 2125, 2124, 2013, 2014, 2126, 2013, 2126, 2125, 2014, 2015, 2127, 2014, 2127, 2126, 2015, 1904, 2016, 2015, 2016, 2127]
            double width = 0.25391017195363774
        }
    )
    {
        int[] faceVertexCounts = [4, 4, 4, 4, 4, 4, 4, 4, 4, 4, 4, 4, 4, 4, 4, 4, 4, 4, 4, 4, 4, 4, 4, 4, 4, 4, 4, 4, 4, 4, 4, 4, 4, 4, 4, 4, 4, 4, 4, 4, 4, 4, 4, 4, 4, 4, 4, 4, 4, 4, 4, 4, 4, 4, 4, 4, 4, 4, 4, 4, 4, 4, 4, 4, 4, 4, 4, 4, 4, 4, 4, 4, 4, 4, 4, 4, 4, 4, 4, 4, 4, 4, 4, 4, 4, 4, 4, 4, 4, 4, 4, 4, 4, 4, 4, 4, 4, 4, 4, 4, 4, 4, 4, 4, 4, 4, 4, 4, 4, 4, 4, 4, 4, 4, 4, 4, 4, 4, 4, 4, 4, 4, 4, 4, 4, 4, 4, 4, 4, 4, 4, 4, 4, 4, 4, 4, 4, 4, 4, 4, 4, 4, 4, 4, 4, 4, 4, 4, 4, 4, 4, 4, 4, 4, 4, 4, 4, 4, 4, 4, 4, 4, 4, 4, 4, 4, 4, 4, 4, 4, 4, 4, 4, 4, 4, 4, 4, 4, 4, 4, 4, 4, 4, 4, 4, 4, 4, 4, 4, 4, 4, 4, 4, 4, 4, 4, 4, 4, 4, 4, 4, 4, 4, 4, 4, 4, 4, 4, 4, 4, 4, 4, 4, 4, 4, 4, 4, 4, 4, 4, 4, 4, 4, 4, 4, 4, 4, 4, 4, 4, 4, 4, 4, 4, 4, 4, 4, 4, 4, 4, 4, 4, 4, 4, 4, 4, 4, 4, 4, 4, 4, 4, 4, 4, 4, 4, 4, 4, 4, 4, 4, 4, 4, 4, 4, 4, 4, 4, 4, 4, 4, 4, 4, 4, 4, 4, 4, 4, 4, 4, 4, 4, 4, 4, 4, 4, 4, 4, 4, 4, 4, 4, 4, 4, 4, 4, 4, 4, 4, 4, 4, 4, 4, 4, 4, 4, 4, 4, 4, 4, 4, 4, 4, 4, 4, 4, 4, 4, 4, 4, 4, 4, 4, 4, 4, 4, 4, 4, 4, 4, 4, 4, 4, 4, 4, 4, 4, 4, 4, 4, 4, 4, 4, 4, 4, 4, 4, 4, 4, 4, 4, 4, 4, 4, 4, 4, 4, 4, 4, 4, 4, 4, 4, 4, 4, 4, 4, 4, 4, 4, 4, 4, 4, 4, 4, 4, 4, 4, 4, 4, 4, 4, 4, 4, 4, 4, 4, 4, 4, 4, 4, 4, 4, 4, 4, 4, 4, 4, 4, 4, 4, 4, 4, 4, 4, 4, 4, 4, 4, 4, 4, 4, 4, 4, 4, 4, 4, 4, 4, 4, 4, 4, 4, 4, 4, 4, 4, 4, 4, 4, 4, 4, 4, 4, 4, 4, 4, 4, 4, 4, 4, 4, 4, 4, 4, 4, 4, 4, 4, 4, 4, 4, 4, 4, 4, 4, 4, 4, 4, 4, 4, 4, 4, 4, 4, 4, 4, 4, 4, 4, 4, 4, 4, 4, 4, 4, 4, 4, 4, 4, 4, 4, 4, 4, 4, 4, 4, 4, 4, 4, 4, 4, 4, 4, 4, 4, 4, 4, 4, 4, 4, 4, 4, 4, 4, 4, 4, 4, 4, 4, 4, 4, 4, 4, 4, 4, 4, 4, 4, 4, 4, 4, 4, 4, 4, 4, 4, 4, 4, 4, 4, 4, 4, 4, 4, 4, 4, 4, 4, 4, 4, 4, 4, 4, 4, 4, 4, 4, 4, 4, 4, 4, 4, 4, 4, 4, 4, 4, 4, 4, 4, 4, 4, 4, 4, 4, 4, 4, 4, 4, 4, 4, 4, 4, 4, 4, 4, 4, 4, 4, 4, 4, 4, 4, 4, 4, 4, 4, 4, 4, 4, 4, 4, 4, 4, 4, 4, 4, 4, 4, 4, 4, 4, 4, 4, 4, 4, 4, 4, 4, 4, 4, 4, 4, 4, 4, 4, 4, 4, 4, 4, 4, 4, 4, 4, 4, 4, 4, 4, 4, 4, 4, 4, 4, 4, 4, 4, 4, 4, 4, 4, 4, 4, 4, 4, 4, 4, 4, 4, 4, 4, 4, 4, 4, 4, 4, 4, 4, 4, 4, 4, 4, 4, 4, 4, 4, 4, 4, 4, 4, 4, 4, 4, 4, 4, 4, 4, 4, 4, 4, 4, 4, 4, 4, 4, 4, 4, 4, 4, 4, 4, 4, 4, 4, 4, 4, 4, 4, 4, 4, 4, 4, 4, 4, 4, 4, 4, 4, 4, 4, 4, 4, 4, 4, 4, 4, 4, 4, 4, 4, 4, 4, 4, 4, 4, 4, 4, 4, 4, 4, 4, 4, 4, 4, 4, 4, 4, 4, 4, 4, 4, 4, 4, 4, 4, 4, 4, 4, 4, 4, 4, 4, 4, 4, 4, 4, 4, 4, 4, 4, 4, 4, 4, 4, 4, 4, 4, 4, 4, 4, 4, 4, 4, 4, 4, 4, 4, 4, 4, 4, 4, 4, 4, 4, 4, 4, 4, 4, 4, 4, 4, 4, 4, 4, 4, 4, 4, 4, 4, 4, 4, 4, 4, 4, 4, 4, 4, 4, 4, 4, 4, 4, 4, 4, 4, 4, 4, 4, 4, 4, 4, 4, 4, 4, 4, 4, 4, 4, 4, 4, 4, 4, 4, 4, 4, 4, 4, 4, 4, 4, 4, 4, 4, 4, 4, 4, 4, 4, 4, 4, 4, 4, 4, 4, 4, 4, 4, 4, 4, 4, 4, 4, 4, 4, 4, 4, 4, 4, 4, 4, 4, 4, 4, 4, 4, 4, 4, 4, 4, 4, 4, 4, 4, 4, 4, 4, 4, 4, 4, 4, 4, 4, 4, 4, 4, 4, 4, 4, 4, 4, 4, 4, 4, 4, 4, 4, 4, 4, 4, 4, 4, 4, 4, 4, 4, 4, 4, 4, 4, 4, 4, 4, 4, 4, 4, 4, 4, 4, 4, 4, 4, 4, 4, 4, 4, 4, 4, 4, 4, 4, 4, 4, 4, 4, 4, 4, 4, 4, 4, 4, 4, 4, 4, 4, 4, 4, 4, 4, 4, 4, 4, 4, 4, 4, 4, 4, 4, 4, 4, 4, 4, 4, 4, 4, 4, 4, 4, 4, 4, 4, 4, 4, 4, 4, 4, 4, 4, 4, 4, 4, 4, 4, 4, 4, 4, 4, 4, 4, 4, 4, 4, 4, 4, 4, 4, 4, 4, 4, 4, 4, 4, 4, 4, 4, 4, 4, 4, 4, 4, 4, 4, 4, 4, 4, 4, 4, 4, 4, 4, 4, 4, 4, 4, 4, 4, 4, 4, 4, 4, 4, 4, 4, 4, 4, 4, 4, 4, 4, 4, 4, 4, 4, 4, 4, 4, 4, 4, 4, 4, 4, 4, 4, 4, 4, 4, 4, 4, 4, 4, 4, 4, 4, 4, 4, 4, 4, 4, 4, 4, 4, 4, 4, 4, 4, 4, 4, 4, 4, 4, 4, 4, 4, 4, 4, 4, 4, 4, 4, 4, 4, 4, 4, 4, 4, 4, 4, 4, 4, 4, 4, 4, 4, 4, 4, 4, 4, 4, 4, 4, 4, 4, 4, 4, 4, 4, 4, 4, 4, 4, 4, 4, 4, 4, 4, 4, 4, 4, 4, 4, 4, 4, 4, 4, 4, 4, 4, 4, 4, 4, 4, 4, 4, 4, 4, 4, 4, 4, 4, 4, 4, 4, 4, 4, 4, 4, 4, 4, 4, 4, 4, 4, 4, 4, 4, 4, 4, 4, 4, 4, 4, 4, 4, 4, 4, 4, 4, 4, 4, 4, 4, 4, 4, 4, 4, 4, 4, 4, 4, 4, 4, 4, 4, 4, 4, 4, 4, 4, 4, 4, 4, 4, 4, 4, 4, 4, 4, 4, 4, 4, 4, 4, 4, 4, 4, 4, 4, 4, 4, 4, 4, 4, 4, 4, 4, 4, 4, 4, 4, 4, 4, 4, 4, 4, 4, 4, 4, 4, 4, 4, 4, 4, 4, 4, 4, 4, 4, 4, 4, 4, 4, 4, 4, 4, 4, 4, 4, 4, 4, 4, 4, 4, 4, 4, 4, 4, 4, 4, 4, 4, 4, 4, 4, 4, 4, 4, 4, 4, 4, 4, 4, 4, 4, 4, 4, 4, 4, 4, 4, 4, 4, 4, 4, 4, 4, 4, 4, 4, 4, 4, 4, 4, 4, 4, 4, 4, 4, 4, 4, 4, 4, 4, 4, 4, 4, 4, 4, 4, 4, 4, 4, 4, 4, 4, 4, 4, 4, 4, 4, 4, 4, 4, 4, 4, 4, 4, 4, 4, 4, 4, 4, 4, 4, 4, 4, 4, 4, 4, 4, 4, 4, 4, 4, 4, 4, 4, 4, 4, 4, 4, 4, 4, 4, 4, 4, 4, 4, 4, 4, 4, 4, 4, 4, 4, 4, 4, 4, 4, 4, 4, 4, 4, 4, 4, 4, 4, 4, 4, 4, 4, 4, 4, 4, 4, 4, 4, 4, 4, 4, 4, 4, 4, 4, 4, 4, 4, 4, 4, 4, 4, 4, 4, 4, 4, 4, 4, 4, 4, 4, 4, 4, 4, 4, 4, 4, 4, 4, 4, 4, 4, 4, 4, 4, 4, 4, 4, 4, 4, 4, 4, 4, 4, 4, 4, 4, 4, 4, 4, 4, 4, 4, 4, 4, 4, 4, 4, 4, 4, 4, 4, 4, 4, 4, 4, 4, 4, 4, 4, 4, 4, 4, 4, 4, 4, 4, 4, 4, 4, 4, 4, 4, 4, 4, 4, 4, 4, 4, 4, 4, 4, 4, 4, 4, 4, 4, 4, 4, 4, 4, 4, 4, 4, 4, 4, 4, 4, 4, 4, 4, 4, 4, 4, 4, 4, 4, 4, 4, 4, 4, 4, 4, 4, 4, 4, 4, 4, 4, 4, 4, 4, 4, 4, 4, 4, 4, 4, 4, 4, 4, 4, 4, 4, 4, 4, 4, 4, 4, 4, 4, 4, 4, 4, 4, 4, 4, 4, 4, 4, 4, 4, 4, 4, 4, 4, 4, 4, 4, 4, 4, 4, 4, 4, 4, 4, 4, 4, 4, 4, 4, 4, 4, 4, 4, 4, 4, 4, 4, 4, 4, 4, 4, 4, 4, 4, 4, 4, 4, 4, 4, 4, 4, 4, 4, 4, 4, 4, 4, 4, 4, 4, 4, 4, 4, 4, 4, 4, 4, 4, 4, 4, 4, 4, 4, 4, 4, 4, 4, 4, 4, 4, 4, 4, 4, 4, 4, 4, 4, 4, 4, 4, 4, 4, 4, 4, 4, 4, 4, 4, 4, 4, 4, 4, 4, 4, 4, 4, 4, 4, 4, 4, 4, 4, 4, 4, 4, 4, 4, 4, 4, 4, 4, 4, 4, 4, 4, 4, 4, 4, 4, 4, 4, 4, 4, 4, 4, 4, 4, 4, 4, 4, 4, 4, 4, 4, 4, 4, 4, 4, 4, 4, 4, 4, 4, 4, 4, 4, 4, 4, 4, 4, 4, 4, 4, 4, 4, 4, 4, 4, 4, 4, 4, 4, 4, 4, 4, 4, 4, 4, 4, 4, 4, 4, 4, 4, 4, 4, 4, 4, 4, 4, 4, 4, 4, 4, 4, 4, 4, 4, 4, 4, 4, 4, 4, 4, 4, 4, 4, 4, 4, 4, 4, 4, 4, 4, 4, 4, 4, 4, 4, 4, 4, 4, 4, 4, 4, 4, 4, 4, 4, 4, 4, 4, 4, 4, 4, 4, 4, 4, 4, 4, 4, 4, 4, 4, 4, 4, 4, 4, 4, 4, 4, 4, 4, 4, 4, 4, 4, 4, 4, 4, 4, 4, 4, 4, 4, 4, 4, 4, 4, 4, 4, 4, 4, 4, 4, 4, 4, 4, 4, 4, 4, 4, 4, 4, 4, 4, 4, 4, 4, 4, 4, 4, 4, 4, 4, 4, 4, 4, 4, 4, 4, 4, 4, 4, 4, 4, 4, 4, 4, 4, 4, 4, 4, 4, 4, 4, 4, 4, 4, 4, 4, 4, 4, 4, 4, 4, 4, 4, 4, 4, 4, 4, 4, 4, 4, 4, 4, 4, 4, 4, 4, 4, 4, 4, 4, 4, 4, 4, 4, 4, 4, 4, 4, 4, 4, 4, 4, 4, 4, 4, 4, 4, 4, 4, 4, 4, 4, 4, 4, 4, 4, 4, 4, 4, 4, 4, 4, 4, 4, 4, 4, 4, 4, 4, 4, 4, 4, 4, 4, 4, 4, 4, 4, 4, 4, 4, 4, 4, 4, 4, 4, 4, 4, 4, 4, 4, 4, 4, 4, 4, 4, 4, 4, 4, 4, 4, 4, 4, 4, 4, 4, 4, 4, 4, 4, 4, 4, 4, 4, 4, 4, 4, 4, 4, 4, 4, 4, 4, 4, 4, 4, 4, 4, 4, 4, 4, 4, 4, 4, 4, 4, 4, 4, 4, 4, 4, 4]
        int[] faceVertexIndices = [0, 1, 113, 112, 1, 2, 114, 113, 2, 3, 115, 114, 3, 4, 116, 115, 4, 5, 117, 116, 5, 6, 118, 117, 6, 7, 119, 118, 7, 8, 120, 119, 8, 9, 121, 120, 9, 10, 122, 121, 10, 11, 123, 122, 11, 12, 124, 123, 12, 13, 125, 124, 13, 14, 126, 125, 14, 15, 127, 126, 15, 16, 128, 127, 16, 17, 129, 128, 17, 18, 130, 129, 18, 19, 131, 130, 19, 20, 132, 131, 20, 21, 133, 132, 21, 22, 134, 133, 22, 23, 135, 134, 23, 24, 136, 135, 24, 25, 137, 136, 25, 26, 138, 137, 26, 27, 139, 138, 27, 28, 140, 139, 28, 29, 141, 140, 29, 30, 142, 141, 30, 31, 143, 142, 31, 32, 144, 143, 32, 33, 145, 144, 33, 34, 146, 145, 34, 35, 147, 146, 35, 36, 148, 147, 36, 37, 149, 148, 37, 38, 150, 149, 38, 39, 151, 150, 39, 40, 152, 151, 40, 41, 153, 152, 41, 42, 154, 153, 42, 43, 155, 154, 43, 44, 156, 155, 44, 45, 157, 156, 45, 46, 158, 157, 46, 47, 159, 158, 47, 48, 160, 159, 48, 49, 161, 160, 49, 50, 162, 161, 50, 51, 163, 162, 51, 52, 164, 163, 52, 53, 165, 164, 53, 54, 166, 165, 54, 55, 167, 166, 55, 56, 168, 167, 56, 57, 169, 168, 57, 58, 170, 169, 58, 59, 171, 170, 59, 60, 172, 171, 60, 61, 173, 172, 61, 62, 174, 173, 62, 63, 175, 174, 63, 64, 176, 175, 64, 65, 177, 176, 65, 66, 178, 177, 66, 67, 179, 178, 67, 68, 180, 179, 68, 69, 181, 180, 69, 70, 182, 181, 70, 71, 183, 182, 71, 72, 184, 183, 72, 73, 185, 184, 73, 74, 186, 185, 74, 75, 187, 186, 75, 76, 188, 187, 76, 77, 189, 188, 77, 78, 190, 189, 78, 79, 191, 190, 79, 80, 192, 191, 80, 81, 193, 192, 81, 82, 194, 193, 82, 83, 195, 194, 83, 84, 196, 195, 84, 85, 197, 196, 85, 86, 198, 197, 86, 87, 199, 198, 87, 88, 200, 199, 88, 89, 201, 200, 89, 90, 202, 201, 90, 91, 203, 202, 91, 92, 204, 203, 92, 93, 205, 204, 93, 94, 206, 205, 94, 95, 207, 206, 95, 96, 208, 207, 96, 97, 209, 208, 97, 98, 210, 209, 98, 99, 211, 210, 99, 100, 212, 211, 100, 101, 213, 212, 101, 102, 214, 213, 102, 103, 215, 214, 103, 104, 216, 215, 104, 105, 217, 216, 105, 106, 218, 217, 106, 107, 219, 218, 107, 108, 220, 219, 108, 109, 221, 220, 109, 110, 222, 221, 110, 111, 223, 222, 111, 0, 112, 223, 112, 113, 225, 224, 113, 114, 226, 225, 114, 115, 227, 226, 115, 116, 228, 227, 116, 117, 229, 228, 117, 118, 230, 229, 118, 119, 231, 230, 119, 120, 232, 231, 120, 121, 233, 232, 121, 122, 234, 233, 122, 123, 235, 234, 123, 124, 236, 235, 124, 125, 237, 236, 125, 126, 238, 237, 126, 127, 239, 238, 127, 128, 240, 239, 128, 129, 241, 240, 129, 130, 242, 241, 130, 131, 243, 242, 131, 132, 244, 243, 132, 133, 245, 244, 133, 134, 246, 245, 134, 135, 247, 246, 135, 136, 248, 247, 136, 137, 249, 248, 137, 138, 250, 249, 138, 139, 251, 250, 139, 140, 252, 251, 140, 141, 253, 252, 141, 142, 254, 253, 142, 143, 255, 254, 143, 144, 256, 255, 144, 145, 257, 256, 145, 146, 258, 257, 146, 147, 259, 258, 147, 148, 260, 259, 148, 149, 261, 260, 149, 150, 262, 261, 150, 151, 263, 262, 151, 152, 264, 263, 152, 153, 265, 264, 153, 154, 266, 265, 154, 155, 267, 266, 155, 156, 268, 267, 156, 157, 269, 268, 157, 158, 270, 269, 158, 159, 271, 270, 159, 160, 272, 271, 160, 161, 273, 272, 161, 162, 274, 273, 162, 163, 275, 274, 163, 164, 276, 275, 164, 165, 277, 276, 165, 166, 278, 277, 166, 167, 279, 278, 167, 168, 280, 279, 168, 169, 281, 280, 169, 170, 282, 281, 170, 171, 283, 282, 171, 172, 284, 283, 172, 173, 285, 284, 173, 174, 286, 285, 174, 175, 287, 286, 175, 176, 288, 287, 176, 177, 289, 288, 177, 178, 290, 289, 178, 179, 291, 290, 179, 180, 292, 291, 180, 181, 293, 292, 181, 182, 294, 293, 182, 183, 295, 294, 183, 184, 296, 295, 184, 185, 297, 296, 185, 186, 298, 297, 186, 187, 299, 298, 187, 188, 300, 299, 188, 189, 301, 300, 189, 190, 302, 301, 190, 191, 303, 302, 191, 192, 304, 303, 192, 193, 305, 304, 193, 194, 306, 305, 194, 195, 307, 306, 195, 196, 308, 307, 196, 197, 309, 308, 197, 198, 310, 309, 198, 199, 311, 310, 199, 200, 312, 311, 200, 201, 313, 312, 201, 202, 314, 313, 202, 203, 315, 314, 203, 204, 316, 315, 204, 205, 317, 316, 205, 206, 318, 317, 206, 207, 319, 318, 207, 208, 320, 319, 208, 209, 321, 320, 209, 210, 322, 321, 210, 211, 323, 322, 211, 212, 324, 323, 212, 213, 325, 324, 213, 214, 326, 325, 214, 215, 327, 326, 215, 216, 328, 327, 216, 217, 329, 328, 217, 218, 330, 329, 218, 219, 331, 330, 219, 220, 332, 331, 220, 221, 333, 332, 221, 222, 334, 333, 222, 223, 335, 334, 223, 112, 224, 335, 224, 225, 337, 336, 225, 226, 338, 337, 226, 227, 339, 338, 227, 228, 340, 339, 228, 229, 341, 340, 229, 230, 342, 341, 230, 231, 343, 342, 231, 232, 344, 343, 232, 233, 345, 344, 233, 234, 346, 345, 234, 235, 347, 346, 235, 236, 348, 347, 236, 237, 349, 348, 237, 238, 350, 349, 238, 239, 351, 350, 239, 240, 352, 351, 240, 241, 353, 352, 241, 242, 354, 353, 242, 243, 355, 354, 243, 244, 356, 355, 244, 245, 357, 356, 245, 246, 358, 357, 246, 247, 359, 358, 247, 248, 360, 359, 248, 249, 361, 360, 249, 250, 362, 361, 250, 251, 363, 362, 251, 252, 364, 363, 252, 253, 365, 364, 253, 254, 366, 365, 254, 255, 367, 366, 255, 256, 368, 367, 256, 257, 369, 368, 257, 258, 370, 369, 258, 259, 371, 370, 259, 260, 372, 371, 260, 261, 373, 372, 261, 262, 374, 373, 262, 263, 375, 374, 263, 264, 376, 375, 264, 265, 377, 376, 265, 266, 378, 377, 266, 267, 379, 378, 267, 268, 380, 379, 268, 269, 381, 380, 269, 270, 382, 381, 270, 271, 383, 382, 271, 272, 384, 383, 272, 273, 385, 384, 273, 274, 386, 385, 274, 275, 387, 386, 275, 276, 388, 387, 276, 277, 389, 388, 277, 278, 390, 389, 278, 279, 391, 390, 279, 280, 392, 391, 280, 281, 393, 392, 281, 282, 394, 393, 282, 283, 395, 394, 283, 284, 396, 395, 284, 285, 397, 396, 285, 286, 398, 397, 286, 287, 399, 398, 287, 288, 400, 399, 288, 289, 401, 400, 289, 290, 402, 401, 290, 291, 403, 402, 291, 292, 404, 403, 292, 293, 405, 404, 293, 294, 406, 405, 294, 295, 407, 406, 295, 296, 408, 407, 296, 297, 409, 408, 297, 298, 410, 409, 298, 299, 411, 410, 299, 300, 412, 411, 300, 301, 413, 412, 301, 302, 414, 413, 302, 303, 415, 414, 303, 304, 416, 415, 304, 305, 417, 416, 305, 306, 418, 417, 306, 307, 419, 418, 307, 308, 420, 419, 308, 309, 421, 420, 309, 310, 422, 421, 310, 311, 423, 422, 311, 312, 424, 423, 312, 313, 425, 424, 313, 314, 426, 425, 314, 315, 427, 426, 315, 316, 428, 427, 316, 317, 429, 428, 317, 318, 430, 429, 318, 319, 431, 430, 319, 320, 432, 431, 320, 321, 433, 432, 321, 322, 434, 433, 322, 323, 435, 434, 323, 324, 436, 435, 324, 325, 437, 436, 325, 326, 438, 437, 326, 327, 439, 438, 327, 328, 440, 439, 328, 329, 441, 440, 329, 330, 442, 441, 330, 331, 443, 442, 331, 332, 444, 443, 332, 333, 445, 444, 333, 334, 446, 445, 334, 335, 447, 446, 335, 224, 336, 447, 336, 337, 449, 448, 337, 338, 450, 449, 338, 339, 451, 450, 339, 340, 452, 451, 340, 341, 453, 452, 341, 342, 454, 453, 342, 343, 455, 454, 343, 344, 456, 455, 344, 345, 457, 456, 345, 346, 458, 457, 346, 347, 459, 458, 347, 348, 460, 459, 348, 349, 461, 460, 349, 350, 462, 461, 350, 351, 463, 462, 351, 352, 464, 463, 352, 353, 465, 464, 353, 354, 466, 465, 354, 355, 467, 466, 355, 356, 468, 467, 356, 357, 469, 468, 357, 358, 470, 469, 358, 359, 471, 470, 359, 360, 472, 471, 360, 361, 473, 472, 361, 362, 474, 473, 362, 363, 475, 474, 363, 364, 476, 475, 364, 365, 477, 476, 365, 366, 478, 477, 366, 367, 479, 478, 367, 368, 480, 479, 368, 369, 481, 480, 369, 370, 482, 481, 370, 371, 483, 482, 371, 372, 484, 483, 372, 373, 485, 484, 373, 374, 486, 485, 374, 375, 487, 486, 375, 376, 488, 487, 376, 377, 489, 488, 377, 378, 490, 489, 378, 379, 491, 490, 379, 380, 492, 491, 380, 381, 493, 492, 381, 382, 494, 493, 382, 383, 495, 494, 383, 384, 496, 495, 384, 385, 497, 496, 385, 386, 498, 497, 386, 387, 499, 498, 387, 388, 500, 499, 388, 389, 501, 500, 389, 390, 502, 501, 390, 391, 503, 502, 391, 392, 504, 503, 392, 393, 505, 504, 393, 394, 506, 505, 394, 395, 507, 506, 395, 396, 508, 507, 396, 397, 509, 508, 397, 398, 510, 509, 398, 399, 511, 510, 399, 400, 512, 511, 400, 401, 513, 512, 401, 402, 514, 513, 402, 403, 515, 514, 403, 404, 516, 515, 404, 405, 517, 516, 405, 406, 518, 517, 406, 407, 519, 518, 407, 408, 520, 519, 408, 409, 521, 520, 409, 410, 522, 521, 410, 411, 523, 522, 411, 412, 524, 523, 412, 413, 525, 524, 413, 414, 526, 525, 414, 415, 527, 526, 415, 416, 528, 527, 416, 417, 529, 528, 417, 418, 530, 529, 418, 419, 531, 530, 419, 420, 532, 531, 420, 421, 533, 532, 421, 422, 534, 533, 422, 423, 535, 534, 423, 424, 536, 535, 424, 425, 537, 536, 425, 426, 538, 537, 426, 427, 539, 538, 427, 428, 540, 539, 428, 429, 541, 540, 429, 430, 542, 541, 430, 431, 543, 542, 431, 432, 544, 543, 432, 433, 545, 544, 433, 434, 546, 545, 434, 435, 547, 546, 435, 436, 548, 547, 436, 437, 549, 548, 437, 438, 550, 549, 438, 439, 551, 550, 439, 440, 552, 551, 440, 441, 553, 552, 441, 442, 554, 553, 442, 443, 555, 554, 443, 444, 556, 555, 444, 445, 557, 556, 445, 446, 558, 557, 446, 447, 559, 558, 447, 336, 448, 559, 448, 449, 561, 560, 449, 450, 562, 561, 450, 451, 563, 562, 451, 452, 564, 563, 452, 453, 565, 564, 453, 454, 566, 565, 454, 455, 567, 566, 455, 456, 568, 567, 456, 457, 569, 568, 457, 458, 570, 569, 458, 459, 571, 570, 459, 460, 572, 571, 460, 461, 573, 572, 461, 462, 574, 573, 462, 463, 575, 574, 463, 464, 576, 575, 464, 465, 577, 576, 465, 466, 578, 577, 466, 467, 579, 578, 467, 468, 580, 579, 468, 469, 581, 580, 469, 470, 582, 581, 470, 471, 583, 582, 471, 472, 584, 583, 472, 473, 585, 584, 473, 474, 586, 585, 474, 475, 587, 586, 475, 476, 588, 587, 476, 477, 589, 588, 477, 478, 590, 589, 478, 479, 591, 590, 479, 480, 592, 591, 480, 481, 593, 592, 481, 482, 594, 593, 482, 483, 595, 594, 483, 484, 596, 595, 484, 485, 597, 596, 485, 486, 598, 597, 486, 487, 599, 598, 487, 488, 600, 599, 488, 489, 601, 600, 489, 490, 602, 601, 490, 491, 603, 602, 491, 492, 604, 603, 492, 493, 605, 604, 493, 494, 606, 605, 494, 495, 607, 606, 495, 496, 608, 607, 496, 497, 609, 608, 497, 498, 610, 609, 498, 499, 611, 610, 499, 500, 612, 611, 500, 501, 613, 612, 501, 502, 614, 613, 502, 503, 615, 614, 503, 504, 616, 615, 504, 505, 617, 616, 505, 506, 618, 617, 506, 507, 619, 618, 507, 508, 620, 619, 508, 509, 621, 620, 509, 510, 622, 621, 510, 511, 623, 622, 511, 512, 624, 623, 512, 513, 625, 624, 513, 514, 626, 625, 514, 515, 627, 626, 515, 516, 628, 627, 516, 517, 629, 628, 517, 518, 630, 629, 518, 519, 631, 630, 519, 520, 632, 631, 520, 521, 633, 632, 521, 522, 634, 633, 522, 523, 635, 634, 523, 524, 636, 635, 524, 525, 637, 636, 525, 526, 638, 637, 526, 527, 639, 638, 527, 528, 640, 639, 528, 529, 641, 640, 529, 530, 642, 641, 530, 531, 643, 642, 531, 532, 644, 643, 532, 533, 645, 644, 533, 534, 646, 645, 534, 535, 647, 646, 535, 536, 648, 647, 536, 537, 649, 648, 537, 538, 650, 649, 538, 539, 651, 650, 539, 540, 652, 651, 540, 541, 653, 652, 541, 542, 654, 653, 542, 543, 655, 654, 543, 544, 656, 655, 544, 545, 657, 656, 545, 546, 658, 657, 546, 547, 659, 658, 547, 548, 660, 659, 548, 549, 661, 660, 549, 550, 662, 661, 550, 551, 663, 662, 551, 552, 664, 663, 552, 553, 665, 664, 553, 554, 666, 665, 554, 555, 667, 666, 555, 556, 668, 667, 556, 557, 669, 668, 557, 558, 670, 669, 558, 559, 671, 670, 559, 448, 560, 671, 560, 561, 673, 672, 561, 562, 674, 673, 562, 563, 675, 674, 563, 564, 676, 675, 564, 565, 677, 676, 565, 566, 678, 677, 566, 567, 679, 678, 567, 568, 680, 679, 568, 569, 681, 680, 569, 570, 682, 681, 570, 571, 683, 682, 571, 572, 684, 683, 572, 573, 685, 684, 573, 574, 686, 685, 574, 575, 687, 686, 575, 576, 688, 687, 576, 577, 689, 688, 577, 578, 690, 689, 578, 579, 691, 690, 579, 580, 692, 691, 580, 581, 693, 692, 581, 582, 694, 693, 582, 583, 695, 694, 583, 584, 696, 695, 584, 585, 697, 696, 585, 586, 698, 697, 586, 587, 699, 698, 587, 588, 700, 699, 588, 589, 701, 700, 589, 590, 702, 701, 590, 591, 703, 702, 591, 592, 704, 703, 592, 593, 705, 704, 593, 594, 706, 705, 594, 595, 707, 706, 595, 596, 708, 707, 596, 597, 709, 708, 597, 598, 710, 709, 598, 599, 711, 710, 599, 600, 712, 711, 600, 601, 713, 712, 601, 602, 714, 713, 602, 603, 715, 714, 603, 604, 716, 715, 604, 605, 717, 716, 605, 606, 718, 717, 606, 607, 719, 718, 607, 608, 720, 719, 608, 609, 721, 720, 609, 610, 722, 721, 610, 611, 723, 722, 611, 612, 724, 723, 612, 613, 725, 724, 613, 614, 726, 725, 614, 615, 727, 726, 615, 616, 728, 727, 616, 617, 729, 728, 617, 618, 730, 729, 618, 619, 731, 730, 619, 620, 732, 731, 620, 621, 733, 732, 621, 622, 734, 733, 622, 623, 735, 734, 623, 624, 736, 735, 624, 625, 737, 736, 625, 626, 738, 737, 626, 627, 739, 738, 627, 628, 740, 739, 628, 629, 741, 740, 629, 630, 742, 741, 630, 631, 743, 742, 631, 632, 744, 743, 632, 633, 745, 744, 633, 634, 746, 745, 634, 635, 747, 746, 635, 636, 748, 747, 636, 637, 749, 748, 637, 638, 750, 749, 638, 639, 751, 750, 639, 640, 752, 751, 640, 641, 753, 752, 641, 642, 754, 753, 642, 643, 755, 754, 643, 644, 756, 755, 644, 645, 757, 756, 645, 646, 758, 757, 646, 647, 759, 758, 647, 648, 760, 759, 648, 649, 761, 760, 649, 650, 762, 761, 650, 651, 763, 762, 651, 652, 764, 763, 652, 653, 765, 764, 653, 654, 766, 765, 654, 655, 767, 766, 655, 656, 768, 767, 656, 657, 769, 768, 657, 658, 770, 769, 658, 659, 771, 770, 659, 660, 772, 771, 660, 661, 773, 772, 661, 662, 774, 773, 662, 663, 775, 774, 663, 664, 776, 775, 664, 665, 777, 776, 665, 666, 778, 777, 666, 667, 779, 778, 667, 668, 780, 779, 668, 669, 781, 780, 669, 670, 782, 781, 670, 671, 783, 782, 671, 560, 672, 783, 672, 673, 785, 784, 673, 674, 786, 785, 674, 675, 787, 786, 675, 676, 788, 787, 676, 677, 789, 788, 677, 678, 790, 789, 678, 679, 791, 790, 679, 680, 792, 791, 680, 681, 793, 792, 681, 682, 794, 793, 682, 683, 795, 794, 683, 684, 796, 795, 684, 685, 797, 796, 685, 686, 798, 797, 686, 687, 799, 798, 687, 688, 800, 799, 688, 689, 801, 800, 689, 690, 802, 801, 690, 691, 803, 802, 691, 692, 804, 803, 692, 693, 805, 804, 693, 694, 806, 805, 694, 695, 807, 806, 695, 696, 808, 807, 696, 697, 809, 808, 697, 698, 810, 809, 698, 699, 811, 810, 699, 700, 812, 811, 700, 701, 813, 812, 701, 702, 814, 813, 702, 703, 815, 814, 703, 704, 816, 815, 704, 705, 817, 816, 705, 706, 818, 817, 706, 707, 819, 818, 707, 708, 820, 819, 708, 709, 821, 820, 709, 710, 822, 821, 710, 711, 823, 822, 711, 712, 824, 823, 712, 713, 825, 824, 713, 714, 826, 825, 714, 715, 827, 826, 715, 716, 828, 827, 716, 717, 829, 828, 717, 718, 830, 829, 718, 719, 831, 830, 719, 720, 832, 831, 720, 721, 833, 832, 721, 722, 834, 833, 722, 723, 835, 834, 723, 724, 836, 835, 724, 725, 837, 836, 725, 726, 838, 837, 726, 727, 839, 838, 727, 728, 840, 839, 728, 729, 841, 840, 729, 730, 842, 841, 730, 731, 843, 842, 731, 732, 844, 843, 732, 733, 845, 844, 733, 734, 846, 845, 734, 735, 847, 846, 735, 736, 848, 847, 736, 737, 849, 848, 737, 738, 850, 849, 738, 739, 851, 850, 739, 740, 852, 851, 740, 741, 853, 852, 741, 742, 854, 853, 742, 743, 855, 854, 743, 744, 856, 855, 744, 745, 857, 856, 745, 746, 858, 857, 746, 747, 859, 858, 747, 748, 860, 859, 748, 749, 861, 860, 749, 750, 862, 861, 750, 751, 863, 862, 751, 752, 864, 863, 752, 753, 865, 864, 753, 754, 866, 865, 754, 755, 867, 866, 755, 756, 868, 867, 756, 757, 869, 868, 757, 758, 870, 869, 758, 759, 871, 870, 759, 760, 872, 871, 760, 761, 873, 872, 761, 762, 874, 873, 762, 763, 875, 874, 763, 764, 876, 875, 764, 765, 877, 876, 765, 766, 878, 877, 766, 767, 879, 878, 767, 768, 880, 879, 768, 769, 881, 880, 769, 770, 882, 881, 770, 771, 883, 882, 771, 772, 884, 883, 772, 773, 885, 884, 773, 774, 886, 885, 774, 775, 887, 886, 775, 776, 888, 887, 776, 777, 889, 888, 777, 778, 890, 889, 778, 779, 891, 890, 779, 780, 892, 891, 780, 781, 893, 892, 781, 782, 894, 893, 782, 783, 895, 894, 783, 672, 784, 895, 784, 785, 897, 896, 785, 786, 898, 897, 786, 787, 899, 898, 787, 788, 900, 899, 788, 789, 901, 900, 789, 790, 902, 901, 790, 791, 903, 902, 791, 792, 904, 903, 792, 793, 905, 904, 793, 794, 906, 905, 794, 795, 907, 906, 795, 796, 908, 907, 796, 797, 909, 908, 797, 798, 910, 909, 798, 799, 911, 910, 799, 800, 912, 911, 800, 801, 913, 912, 801, 802, 914, 913, 802, 803, 915, 914, 803, 804, 916, 915, 804, 805, 917, 916, 805, 806, 918, 917, 806, 807, 919, 918, 807, 808, 920, 919, 808, 809, 921, 920, 809, 810, 922, 921, 810, 811, 923, 922, 811, 812, 924, 923, 812, 813, 925, 924, 813, 814, 926, 925, 814, 815, 927, 926, 815, 816, 928, 927, 816, 817, 929, 928, 817, 818, 930, 929, 818, 819, 931, 930, 819, 820, 932, 931, 820, 821, 933, 932, 821, 822, 934, 933, 822, 823, 935, 934, 823, 824, 936, 935, 824, 825, 937, 936, 825, 826, 938, 937, 826, 827, 939, 938, 827, 828, 940, 939, 828, 829, 941, 940, 829, 830, 942, 941, 830, 831, 943, 942, 831, 832, 944, 943, 832, 833, 945, 944, 833, 834, 946, 945, 834, 835, 947, 946, 835, 836, 948, 947, 836, 837, 949, 948, 837, 838, 950, 949, 838, 839, 951, 950, 839, 840, 952, 951, 840, 841, 953, 952, 841, 842, 954, 953, 842, 843, 955, 954, 843, 844, 956, 955, 844, 845, 957, 956, 845, 846, 958, 957, 846, 847, 959, 958, 847, 848, 960, 959, 848, 849, 961, 960, 849, 850, 962, 961, 850, 851, 963, 962, 851, 852, 964, 963, 852, 853, 965, 964, 853, 854, 966, 965, 854, 855, 967, 966, 855, 856, 968, 967, 856, 857, 969, 968, 857, 858, 970, 969, 858, 859, 971, 970, 859, 860, 972, 971, 860, 861, 973, 972, 861, 862, 974, 973, 862, 863, 975, 974, 863, 864, 976, 975, 864, 865, 977, 976, 865, 866, 978, 977, 866, 867, 979, 978, 867, 868, 980, 979, 868, 869, 981, 980, 869, 870, 982, 981, 870, 871, 983, 982, 871, 872, 984, 983, 872, 873, 985, 984, 873, 874, 986, 985, 874, 875, 987, 986, 875, 876, 988, 987, 876, 877, 989, 988, 877, 878, 990, 989, 878, 879, 991, 990, 879, 880, 992, 991, 880, 881, 993, 992, 881, 882, 994, 993, 882, 883, 995, 994, 883, 884, 996, 995, 884, 885, 997, 996, 885, 886, 998, 997, 886, 887, 999, 998, 887, 888, 1000, 999, 888, 889, 1001, 1000, 889, 890, 1002, 1001, 890, 891, 1003, 1002, 891, 892, 1004, 1003, 892, 893, 1005, 1004, 893, 894, 1006, 1005, 894, 895, 1007, 1006, 895, 784, 896, 1007, 896, 897, 1009, 1008, 897, 898, 1010, 1009, 898, 899, 1011, 1010, 899, 900, 1012, 1011, 900, 901, 1013, 1012, 901, 902, 1014, 1013, 902, 903, 1015, 1014, 903, 904, 1016, 1015, 904, 905, 1017, 1016, 905, 906, 1018, 1017, 906, 907, 1019, 1018, 907, 908, 1020, 1019, 908, 909, 1021, 1020, 909, 910, 1022, 1021, 910, 911, 1023, 1022, 911, 912, 1024, 1023, 912, 913, 1025, 1024, 913, 914, 1026, 1025, 914, 915, 1027, 1026, 915, 916, 1028, 1027, 916, 917, 1029, 1028, 917, 918, 1030, 1029, 918, 919, 1031, 1030, 919, 920, 1032, 1031, 920, 921, 1033, 1032, 921, 922, 1034, 1033, 922, 923, 1035, 1034, 923, 924, 1036, 1035, 924, 925, 1037, 1036, 925, 926, 1038, 1037, 926, 927, 1039, 1038, 927, 928, 1040, 1039, 928, 929, 1041, 1040, 929, 930, 1042, 1041, 930, 931, 1043, 1042, 931, 932, 1044, 1043, 932, 933, 1045, 1044, 933, 934, 1046, 1045, 934, 935, 1047, 1046, 935, 936, 1048, 1047, 936, 937, 1049, 1048, 937, 938, 1050, 1049, 938, 939, 1051, 1050, 939, 940, 1052, 1051, 940, 941, 1053, 1052, 941, 942, 1054, 1053, 942, 943, 1055, 1054, 943, 944, 1056, 1055, 944, 945, 1057, 1056, 945, 946, 1058, 1057, 946, 947, 1059, 1058, 947, 948, 1060, 1059, 948, 949, 1061, 1060, 949, 950, 1062, 1061, 950, 951, 1063, 1062, 951, 952, 1064, 1063, 952, 953, 1065, 1064, 953, 954, 1066, 1065, 954, 955, 1067, 1066, 955, 956, 1068, 1067, 956, 957, 1069, 1068, 957, 958, 1070, 1069, 958, 959, 1071, 1070, 959, 960, 1072, 1071, 960, 961, 1073, 1072, 961, 962, 1074, 1073, 962, 963, 1075, 1074, 963, 964, 1076, 1075, 964, 965, 1077, 1076, 965, 966, 1078, 1077, 966, 967, 1079, 1078, 967, 968, 1080, 1079, 968, 969, 1081, 1080, 969, 970, 1082, 1081, 970, 971, 1083, 1082, 971, 972, 1084, 1083, 972, 973, 1085, 1084, 973, 974, 1086, 1085, 974, 975, 1087, 1086, 975, 976, 1088, 1087, 976, 977, 1089, 1088, 977, 978, 1090, 1089, 978, 979, 1091, 1090, 979, 980, 1092, 1091, 980, 981, 1093, 1092, 981, 982, 1094, 1093, 982, 983, 1095, 1094, 983, 984, 1096, 1095, 984, 985, 1097, 1096, 985, 986, 1098, 1097, 986, 987, 1099, 1098, 987, 988, 1100, 1099, 988, 989, 1101, 1100, 989, 990, 1102, 1101, 990, 991, 1103, 1102, 991, 992, 1104, 1103, 992, 993, 1105, 1104, 993, 994, 1106, 1105, 994, 995, 1107, 1106, 995, 996, 1108, 1107, 996, 997, 1109, 1108, 997, 998, 1110, 1109, 998, 999, 1111, 1110, 999, 1000, 1112, 1111, 1000, 1001, 1113, 1112, 1001, 1002, 1114, 1113, 1002, 1003, 1115, 1114, 1003, 1004, 1116, 1115, 1004, 1005, 1117, 1116, 1005, 1006, 1118, 1117, 1006, 1007, 1119, 1118, 1007, 896, 1008, 1119, 1008, 1009, 1121, 1120, 1009, 1010, 1122, 1121, 1010, 1011, 1123, 1122, 1011, 1012, 1124, 1123, 1012, 1013, 1125, 1124, 1013, 1014, 1126, 1125, 1014, 1015, 1127, 1126, 1015, 1016, 1128, 1127, 1016, 1017, 1129, 1128, 1017, 1018, 1130, 1129, 1018, 1019, 1131, 1130, 1019, 1020, 1132, 1131, 1020, 1021, 1133, 1132, 1021, 1022, 1134, 1133, 1022, 1023, 1135, 1134, 1023, 1024, 1136, 1135, 1024, 1025, 1137, 1136, 1025, 1026, 1138, 1137, 1026, 1027, 1139, 1138, 1027, 1028, 1140, 1139, 1028, 1029, 1141, 1140, 1029, 1030, 1142, 1141, 1030, 1031, 1143, 1142, 1031, 1032, 1144, 1143, 1032, 1033, 1145, 1144, 1033, 1034, 1146, 1145, 1034, 1035, 1147, 1146, 1035, 1036, 1148, 1147, 1036, 1037, 1149, 1148, 1037, 1038, 1150, 1149, 1038, 1039, 1151, 1150, 1039, 1040, 1152, 1151, 1040, 1041, 1153, 1152, 1041, 1042, 1154, 1153, 1042, 1043, 1155, 1154, 1043, 1044, 1156, 1155, 1044, 1045, 1157, 1156, 1045, 1046, 1158, 1157, 1046, 1047, 1159, 1158, 1047, 1048, 1160, 1159, 1048, 1049, 1161, 1160, 1049, 1050, 1162, 1161, 1050, 1051, 1163, 1162, 1051, 1052, 1164, 1163, 1052, 1053, 1165, 1164, 1053, 1054, 1166, 1165, 1054, 1055, 1167, 1166, 1055, 1056, 1168, 1167, 1056, 1057, 1169, 1168, 1057, 1058, 1170, 1169, 1058, 1059, 1171, 1170, 1059, 1060, 1172, 1171, 1060, 1061, 1173, 1172, 1061, 1062, 1174, 1173, 1062, 1063, 1175, 1174, 1063, 1064, 1176, 1175, 1064, 1065, 1177, 1176, 1065, 1066, 1178, 1177, 1066, 1067, 1179, 1178, 1067, 1068, 1180, 1179, 1068, 1069, 1181, 1180, 1069, 1070, 1182, 1181, 1070, 1071, 1183, 1182, 1071, 1072, 1184, 1183, 1072, 1073, 1185, 1184, 1073, 1074, 1186, 1185, 1074, 1075, 1187, 1186, 1075, 1076, 1188, 1187, 1076, 1077, 1189, 1188, 1077, 1078, 1190, 1189, 1078, 1079, 1191, 1190, 1079, 1080, 1192, 1191, 1080, 1081, 1193, 1192, 1081, 1082, 1194, 1193, 1082, 1083, 1195, 1194, 1083, 1084, 1196, 1195, 1084, 1085, 1197, 1196, 1085, 1086, 1198, 1197, 1086, 1087, 1199, 1198, 1087, 1088, 1200, 1199, 1088, 1089, 1201, 1200, 1089, 1090, 1202, 1201, 1090, 1091, 1203, 1202, 1091, 1092, 1204, 1203, 1092, 1093, 1205, 1204, 1093, 1094, 1206, 1205, 1094, 1095, 1207, 1206, 1095, 1096, 1208, 1207, 1096, 1097, 1209, 1208, 1097, 1098, 1210, 1209, 1098, 1099, 1211, 1210, 1099, 1100, 1212, 1211, 1100, 1101, 1213, 1212, 1101, 1102, 1214, 1213, 1102, 1103, 1215, 1214, 1103, 1104, 1216, 1215, 1104, 1105, 1217, 1216, 1105, 1106, 1218, 1217, 1106, 1107, 1219, 1218, 1107, 1108, 1220, 1219, 1108, 1109, 1221, 1220, 1109, 1110, 1222, 1221, 1110, 1111, 1223, 1222, 1111, 1112, 1224, 1223, 1112, 1113, 1225, 1224, 1113, 1114, 1226, 1225, 1114, 1115, 1227, 1226, 1115, 1116, 1228, 1227, 1116, 1117, 1229, 1228, 1117, 1118, 1230, 1229, 1118, 1119, 1231, 1230, 1119, 1008, 1120, 1231, 1120, 1121, 1233, 1232, 1121, 1122, 1234, 1233, 1122, 1123, 1235, 1234, 1123, 1124, 1236, 1235, 1124, 1125, 1237, 1236, 1125, 1126, 1238, 1237, 1126, 1127, 1239, 1238, 1127, 1128, 1240, 1239, 1128, 1129, 1241, 1240, 1129, 1130, 1242, 1241, 1130, 1131, 1243, 1242, 1131, 1132, 1244, 1243, 1132, 1133, 1245, 1244, 1133, 1134, 1246, 1245, 1134, 1135, 1247, 1246, 1135, 1136, 1248, 1247, 1136, 1137, 1249, 1248, 1137, 1138, 1250, 1249, 1138, 1139, 1251, 1250, 1139, 1140, 1252, 1251, 1140, 1141, 1253, 1252, 1141, 1142, 1254, 1253, 1142, 1143, 1255, 1254, 1143, 1144, 1256, 1255, 1144, 1145, 1257, 1256, 1145, 1146, 1258, 1257, 1146, 1147, 1259, 1258, 1147, 1148, 1260, 1259, 1148, 1149, 1261, 1260, 1149, 1150, 1262, 1261, 1150, 1151, 1263, 1262, 1151, 1152, 1264, 1263, 1152, 1153, 1265, 1264, 1153, 1154, 1266, 1265, 1154, 1155, 1267, 1266, 1155, 1156, 1268, 1267, 1156, 1157, 1269, 1268, 1157, 1158, 1270, 1269, 1158, 1159, 1271, 1270, 1159, 1160, 1272, 1271, 1160, 1161, 1273, 1272, 1161, 1162, 1274, 1273, 1162, 1163, 1275, 1274, 1163, 1164, 1276, 1275, 1164, 1165, 1277, 1276, 1165, 1166, 1278, 1277, 1166, 1167, 1279, 1278, 1167, 1168, 1280, 1279, 1168, 1169, 1281, 1280, 1169, 1170, 1282, 1281, 1170, 1171, 1283, 1282, 1171, 1172, 1284, 1283, 1172, 1173, 1285, 1284, 1173, 1174, 1286, 1285, 1174, 1175, 1287, 1286, 1175, 1176, 1288, 1287, 1176, 1177, 1289, 1288, 1177, 1178, 1290, 1289, 1178, 1179, 1291, 1290, 1179, 1180, 1292, 1291, 1180, 1181, 1293, 1292, 1181, 1182, 1294, 1293, 1182, 1183, 1295, 1294, 1183, 1184, 1296, 1295, 1184, 1185, 1297, 1296, 1185, 1186, 1298, 1297, 1186, 1187, 1299, 1298, 1187, 1188, 1300, 1299, 1188, 1189, 1301, 1300, 1189, 1190, 1302, 1301, 1190, 1191, 1303, 1302, 1191, 1192, 1304, 1303, 1192, 1193, 1305, 1304, 1193, 1194, 1306, 1305, 1194, 1195, 1307, 1306, 1195, 1196, 1308, 1307, 1196, 1197, 1309, 1308, 1197, 1198, 1310, 1309, 1198, 1199, 1311, 1310, 1199, 1200, 1312, 1311, 1200, 1201, 1313, 1312, 1201, 1202, 1314, 1313, 1202, 1203, 1315, 1314, 1203, 1204, 1316, 1315, 1204, 1205, 1317, 1316, 1205, 1206, 1318, 1317, 1206, 1207, 1319, 1318, 1207, 1208, 1320, 1319, 1208, 1209, 1321, 1320, 1209, 1210, 1322, 1321, 1210, 1211, 1323, 1322, 1211, 1212, 1324, 1323, 1212, 1213, 1325, 1324, 1213, 1214, 1326, 1325, 1214, 1215, 1327, 1326, 1215, 1216, 1328, 1327, 1216, 1217, 1329, 1328, 1217, 1218, 1330, 1329, 1218, 1219, 1331, 1330, 1219, 1220, 1332, 1331, 1220, 1221, 1333, 1332, 1221, 1222, 1334, 1333, 1222, 1223, 1335, 1334, 1223, 1224, 1336, 1335, 1224, 1225, 1337, 1336, 1225, 1226, 1338, 1337, 1226, 1227, 1339, 1338, 1227, 1228, 1340, 1339, 1228, 1229, 1341, 1340, 1229, 1230, 1342, 1341, 1230, 1231, 1343, 1342, 1231, 1120, 1232, 1343, 1232, 1233, 1345, 1344, 1233, 1234, 1346, 1345, 1234, 1235, 1347, 1346, 1235, 1236, 1348, 1347, 1236, 1237, 1349, 1348, 1237, 1238, 1350, 1349, 1238, 1239, 1351, 1350, 1239, 1240, 1352, 1351, 1240, 1241, 1353, 1352, 1241, 1242, 1354, 1353, 1242, 1243, 1355, 1354, 1243, 1244, 1356, 1355, 1244, 1245, 1357, 1356, 1245, 1246, 1358, 1357, 1246, 1247, 1359, 1358, 1247, 1248, 1360, 1359, 1248, 1249, 1361, 1360, 1249, 1250, 1362, 1361, 1250, 1251, 1363, 1362, 1251, 1252, 1364, 1363, 1252, 1253, 1365, 1364, 1253, 1254, 1366, 1365, 1254, 1255, 1367, 1366, 1255, 1256, 1368, 1367, 1256, 1257, 1369, 1368, 1257, 1258, 1370, 1369, 1258, 1259, 1371, 1370, 1259, 1260, 1372, 1371, 1260, 1261, 1373, 1372, 1261, 1262, 1374, 1373, 1262, 1263, 1375, 1374, 1263, 1264, 1376, 1375, 1264, 1265, 1377, 1376, 1265, 1266, 1378, 1377, 1266, 1267, 1379, 1378, 1267, 1268, 1380, 1379, 1268, 1269, 1381, 1380, 1269, 1270, 1382, 1381, 1270, 1271, 1383, 1382, 1271, 1272, 1384, 1383, 1272, 1273, 1385, 1384, 1273, 1274, 1386, 1385, 1274, 1275, 1387, 1386, 1275, 1276, 1388, 1387, 1276, 1277, 1389, 1388, 1277, 1278, 1390, 1389, 1278, 1279, 1391, 1390, 1279, 1280, 1392, 1391, 1280, 1281, 1393, 1392, 1281, 1282, 1394, 1393, 1282, 1283, 1395, 1394, 1283, 1284, 1396, 1395, 1284, 1285, 1397, 1396, 1285, 1286, 1398, 1397, 1286, 1287, 1399, 1398, 1287, 1288, 1400, 1399, 1288, 1289, 1401, 1400, 1289, 1290, 1402, 1401, 1290, 1291, 1403, 1402, 1291, 1292, 1404, 1403, 1292, 1293, 1405, 1404, 1293, 1294, 1406, 1405, 1294, 1295, 1407, 1406, 1295, 1296, 1408, 1407, 1296, 1297, 1409, 1408, 1297, 1298, 1410, 1409, 1298, 1299, 1411, 1410, 1299, 1300, 1412, 1411, 1300, 1301, 1413, 1412, 1301, 1302, 1414, 1413, 1302, 1303, 1415, 1414, 1303, 1304, 1416, 1415, 1304, 1305, 1417, 1416, 1305, 1306, 1418, 1417, 1306, 1307, 1419, 1418, 1307, 1308, 1420, 1419, 1308, 1309, 1421, 1420, 1309, 1310, 1422, 1421, 1310, 1311, 1423, 1422, 1311, 1312, 1424, 1423, 1312, 1313, 1425, 1424, 1313, 1314, 1426, 1425, 1314, 1315, 1427, 1426, 1315, 1316, 1428, 1427, 1316, 1317, 1429, 1428, 1317, 1318, 1430, 1429, 1318, 1319, 1431, 1430, 1319, 1320, 1432, 1431, 1320, 1321, 1433, 1432, 1321, 1322, 1434, 1433, 1322, 1323, 1435, 1434, 1323, 1324, 1436, 1435, 1324, 1325, 1437, 1436, 1325, 1326, 1438, 1437, 1326, 1327, 1439, 1438, 1327, 1328, 1440, 1439, 1328, 1329, 1441, 1440, 1329, 1330, 1442, 1441, 1330, 1331, 1443, 1442, 1331, 1332, 1444, 1443, 1332, 1333, 1445, 1444, 1333, 1334, 1446, 1445, 1334, 1335, 1447, 1446, 1335, 1336, 1448, 1447, 1336, 1337, 1449, 1448, 1337, 1338, 1450, 1449, 1338, 1339, 1451, 1450, 1339, 1340, 1452, 1451, 1340, 1341, 1453, 1452, 1341, 1342, 1454, 1453, 1342, 1343, 1455, 1454, 1343, 1232, 1344, 1455, 1344, 1345, 1457, 1456, 1345, 1346, 1458, 1457, 1346, 1347, 1459, 1458, 1347, 1348, 1460, 1459, 1348, 1349, 1461, 1460, 1349, 1350, 1462, 1461, 1350, 1351, 1463, 1462, 1351, 1352, 1464, 1463, 1352, 1353, 1465, 1464, 1353, 1354, 1466, 1465, 1354, 1355, 1467, 1466, 1355, 1356, 1468, 1467, 1356, 1357, 1469, 1468, 1357, 1358, 1470, 1469, 1358, 1359, 1471, 1470, 1359, 1360, 1472, 1471, 1360, 1361, 1473, 1472, 1361, 1362, 1474, 1473, 1362, 1363, 1475, 1474, 1363, 1364, 1476, 1475, 1364, 1365, 1477, 1476, 1365, 1366, 1478, 1477, 1366, 1367, 1479, 1478, 1367, 1368, 1480, 1479, 1368, 1369, 1481, 1480, 1369, 1370, 1482, 1481, 1370, 1371, 1483, 1482, 1371, 1372, 1484, 1483, 1372, 1373, 1485, 1484, 1373, 1374, 1486, 1485, 1374, 1375, 1487, 1486, 1375, 1376, 1488, 1487, 1376, 1377, 1489, 1488, 1377, 1378, 1490, 1489, 1378, 1379, 1491, 1490, 1379, 1380, 1492, 1491, 1380, 1381, 1493, 1492, 1381, 1382, 1494, 1493, 1382, 1383, 1495, 1494, 1383, 1384, 1496, 1495, 1384, 1385, 1497, 1496, 1385, 1386, 1498, 1497, 1386, 1387, 1499, 1498, 1387, 1388, 1500, 1499, 1388, 1389, 1501, 1500, 1389, 1390, 1502, 1501, 1390, 1391, 1503, 1502, 1391, 1392, 1504, 1503, 1392, 1393, 1505, 1504, 1393, 1394, 1506, 1505, 1394, 1395, 1507, 1506, 1395, 1396, 1508, 1507, 1396, 1397, 1509, 1508, 1397, 1398, 1510, 1509, 1398, 1399, 1511, 1510, 1399, 1400, 1512, 1511, 1400, 1401, 1513, 1512, 1401, 1402, 1514, 1513, 1402, 1403, 1515, 1514, 1403, 1404, 1516, 1515, 1404, 1405, 1517, 1516, 1405, 1406, 1518, 1517, 1406, 1407, 1519, 1518, 1407, 1408, 1520, 1519, 1408, 1409, 1521, 1520, 1409, 1410, 1522, 1521, 1410, 1411, 1523, 1522, 1411, 1412, 1524, 1523, 1412, 1413, 1525, 1524, 1413, 1414, 1526, 1525, 1414, 1415, 1527, 1526, 1415, 1416, 1528, 1527, 1416, 1417, 1529, 1528, 1417, 1418, 1530, 1529, 1418, 1419, 1531, 1530, 1419, 1420, 1532, 1531, 1420, 1421, 1533, 1532, 1421, 1422, 1534, 1533, 1422, 1423, 1535, 1534, 1423, 1424, 1536, 1535, 1424, 1425, 1537, 1536, 1425, 1426, 1538, 1537, 1426, 1427, 1539, 1538, 1427, 1428, 1540, 1539, 1428, 1429, 1541, 1540, 1429, 1430, 1542, 1541, 1430, 1431, 1543, 1542, 1431, 1432, 1544, 1543, 1432, 1433, 1545, 1544, 1433, 1434, 1546, 1545, 1434, 1435, 1547, 1546, 1435, 1436, 1548, 1547, 1436, 1437, 1549, 1548, 1437, 1438, 1550, 1549, 1438, 1439, 1551, 1550, 1439, 1440, 1552, 1551, 1440, 1441, 1553, 1552, 1441, 1442, 1554, 1553, 1442, 1443, 1555, 1554, 1443, 1444, 1556, 1555, 1444, 1445, 1557, 1556, 1445, 1446, 1558, 1557, 1446, 1447, 1559, 1558, 1447, 1448, 1560, 1559, 1448, 1449, 1561, 1560, 1449, 1450, 1562, 1561, 1450, 1451, 1563, 1562, 1451, 1452, 1564, 1563, 1452, 1453, 1565, 1564, 1453, 1454, 1566, 1565, 1454, 1455, 1567, 1566, 1455, 1344, 1456, 1567, 1456, 1457, 1569, 1568, 1457, 1458, 1570, 1569, 1458, 1459, 1571, 1570, 1459, 1460, 1572, 1571, 1460, 1461, 1573, 1572, 1461, 1462, 1574, 1573, 1462, 1463, 1575, 1574, 1463, 1464, 1576, 1575, 1464, 1465, 1577, 1576, 1465, 1466, 1578, 1577, 1466, 1467, 1579, 1578, 1467, 1468, 1580, 1579, 1468, 1469, 1581, 1580, 1469, 1470, 1582, 1581, 1470, 1471, 1583, 1582, 1471, 1472, 1584, 1583, 1472, 1473, 1585, 1584, 1473, 1474, 1586, 1585, 1474, 1475, 1587, 1586, 1475, 1476, 1588, 1587, 1476, 1477, 1589, 1588, 1477, 1478, 1590, 1589, 1478, 1479, 1591, 1590, 1479, 1480, 1592, 1591, 1480, 1481, 1593, 1592, 1481, 1482, 1594, 1593, 1482, 1483, 1595, 1594, 1483, 1484, 1596, 1595, 1484, 1485, 1597, 1596, 1485, 1486, 1598, 1597, 1486, 1487, 1599, 1598, 1487, 1488, 1600, 1599, 1488, 1489, 1601, 1600, 1489, 1490, 1602, 1601, 1490, 1491, 1603, 1602, 1491, 1492, 1604, 1603, 1492, 1493, 1605, 1604, 1493, 1494, 1606, 1605, 1494, 1495, 1607, 1606, 1495, 1496, 1608, 1607, 1496, 1497, 1609, 1608, 1497, 1498, 1610, 1609, 1498, 1499, 1611, 1610, 1499, 1500, 1612, 1611, 1500, 1501, 1613, 1612, 1501, 1502, 1614, 1613, 1502, 1503, 1615, 1614, 1503, 1504, 1616, 1615, 1504, 1505, 1617, 1616, 1505, 1506, 1618, 1617, 1506, 1507, 1619, 1618, 1507, 1508, 1620, 1619, 1508, 1509, 1621, 1620, 1509, 1510, 1622, 1621, 1510, 1511, 1623, 1622, 1511, 1512, 1624, 1623, 1512, 1513, 1625, 1624, 1513, 1514, 1626, 1625, 1514, 1515, 1627, 1626, 1515, 1516, 1628, 1627, 1516, 1517, 1629, 1628, 1517, 1518, 1630, 1629, 1518, 1519, 1631, 1630, 1519, 1520, 1632, 1631, 1520, 1521, 1633, 1632, 1521, 1522, 1634, 1633, 1522, 1523, 1635, 1634, 1523, 1524, 1636, 1635, 1524, 1525, 1637, 1636, 1525, 1526, 1638, 1637, 1526, 1527, 1639, 1638, 1527, 1528, 1640, 1639, 1528, 1529, 1641, 1640, 1529, 1530, 1642, 1641, 1530, 1531, 1643, 1642, 1531, 1532, 1644, 1643, 1532, 1533, 1645, 1644, 1533, 1534, 1646, 1645, 1534, 1535, 1647, 1646, 1535, 1536, 1648, 1647, 1536, 1537, 1649, 1648, 1537, 1538, 1650, 1649, 1538, 1539, 1651, 1650, 1539, 1540, 1652, 1651, 1540, 1541, 1653, 1652, 1541, 1542, 1654, 1653, 1542, 1543, 1655, 1654, 1543, 1544, 1656, 1655, 1544, 1545, 1657, 1656, 1545, 1546, 1658, 1657, 1546, 1547, 1659, 1658, 1547, 1548, 1660, 1659, 1548, 1549, 1661, 1660, 1549, 1550, 1662, 1661, 1550, 1551, 1663, 1662, 1551, 1552, 1664, 1663, 1552, 1553, 1665, 1664, 1553, 1554, 1666, 1665, 1554, 1555, 1667, 1666, 1555, 1556, 1668, 1667, 1556, 1557, 1669, 1668, 1557, 1558, 1670, 1669, 1558, 1559, 1671, 1670, 1559, 1560, 1672, 1671, 1560, 1561, 1673, 1672, 1561, 1562, 1674, 1673, 1562, 1563, 1675, 1674, 1563, 1564, 1676, 1675, 1564, 1565, 1677, 1676, 1565, 1566, 1678, 1677, 1566, 1567, 1679, 1678, 1567, 1456, 1568, 1679, 1568, 1569, 1681, 1680, 1569, 1570, 1682, 1681, 1570, 1571, 1683, 1682, 1571, 1572, 1684, 1683, 1572, 1573, 1685, 1684, 1573, 1574, 1686, 1685, 1574, 1575, 1687, 1686, 1575, 1576, 1688, 1687, 1576, 1577, 1689, 1688, 1577, 1578, 1690, 1689, 1578, 1579, 1691, 1690, 1579, 1580, 1692, 1691, 1580, 1581, 1693, 1692, 1581, 1582, 1694, 1693, 1582, 1583, 1695, 1694, 1583, 1584, 1696, 1695, 1584, 1585, 1697, 1696, 1585, 1586, 1698, 1697, 1586, 1587, 1699, 1698, 1587, 1588, 1700, 1699, 1588, 1589, 1701, 1700, 1589, 1590, 1702, 1701, 1590, 1591, 1703, 1702, 1591, 1592, 1704, 1703, 1592, 1593, 1705, 1704, 1593, 1594, 1706, 1705, 1594, 1595, 1707, 1706, 1595, 1596, 1708, 1707, 1596, 1597, 1709, 1708, 1597, 1598, 1710, 1709, 1598, 1599, 1711, 1710, 1599, 1600, 1712, 1711, 1600, 1601, 1713, 1712, 1601, 1602, 1714, 1713, 1602, 1603, 1715, 1714, 1603, 1604, 1716, 1715, 1604, 1605, 1717, 1716, 1605, 1606, 1718, 1717, 1606, 1607, 1719, 1718, 1607, 1608, 1720, 1719, 1608, 1609, 1721, 1720, 1609, 1610, 1722, 1721, 1610, 1611, 1723, 1722, 1611, 1612, 1724, 1723, 1612, 1613, 1725, 1724, 1613, 1614, 1726, 1725, 1614, 1615, 1727, 1726, 1615, 1616, 1728, 1727, 1616, 1617, 1729, 1728, 1617, 1618, 1730, 1729, 1618, 1619, 1731, 1730, 1619, 1620, 1732, 1731, 1620, 1621, 1733, 1732, 1621, 1622, 1734, 1733, 1622, 1623, 1735, 1734, 1623, 1624, 1736, 1735, 1624, 1625, 1737, 1736, 1625, 1626, 1738, 1737, 1626, 1627, 1739, 1738, 1627, 1628, 1740, 1739, 1628, 1629, 1741, 1740, 1629, 1630, 1742, 1741, 1630, 1631, 1743, 1742, 1631, 1632, 1744, 1743, 1632, 1633, 1745, 1744, 1633, 1634, 1746, 1745, 1634, 1635, 1747, 1746, 1635, 1636, 1748, 1747, 1636, 1637, 1749, 1748, 1637, 1638, 1750, 1749, 1638, 1639, 1751, 1750, 1639, 1640, 1752, 1751, 1640, 1641, 1753, 1752, 1641, 1642, 1754, 1753, 1642, 1643, 1755, 1754, 1643, 1644, 1756, 1755, 1644, 1645, 1757, 1756, 1645, 1646, 1758, 1757, 1646, 1647, 1759, 1758, 1647, 1648, 1760, 1759, 1648, 1649, 1761, 1760, 1649, 1650, 1762, 1761, 1650, 1651, 1763, 1762, 1651, 1652, 1764, 1763, 1652, 1653, 1765, 1764, 1653, 1654, 1766, 1765, 1654, 1655, 1767, 1766, 1655, 1656, 1768, 1767, 1656, 1657, 1769, 1768, 1657, 1658, 1770, 1769, 1658, 1659, 1771, 1770, 1659, 1660, 1772, 1771, 1660, 1661, 1773, 1772, 1661, 1662, 1774, 1773, 1662, 1663, 1775, 1774, 1663, 1664, 1776, 1775, 1664, 1665, 1777, 1776, 1665, 1666, 1778, 1777, 1666, 1667, 1779, 1778, 1667, 1668, 1780, 1779, 1668, 1669, 1781, 1780, 1669, 1670, 1782, 1781, 1670, 1671, 1783, 1782, 1671, 1672, 1784, 1783, 1672, 1673, 1785, 1784, 1673, 1674, 1786, 1785, 1674, 1675, 1787, 1786, 1675, 1676, 1788, 1787, 1676, 1677, 1789, 1788, 1677, 1678, 1790, 1789, 1678, 1679, 1791, 1790, 1679, 1568, 1680, 1791, 1680, 1681, 1793, 1792, 1681, 1682, 1794, 1793, 1682, 1683, 1795, 1794, 1683, 1684, 1796, 1795, 1684, 1685, 1797, 1796, 1685, 1686, 1798, 1797, 1686, 1687, 1799, 1798, 1687, 1688, 1800, 1799, 1688, 1689, 1801, 1800, 1689, 1690, 1802, 1801, 1690, 1691, 1803, 1802, 1691, 1692, 1804, 1803, 1692, 1693, 1805, 1804, 1693, 1694, 1806, 1805, 1694, 1695, 1807, 1806, 1695, 1696, 1808, 1807, 1696, 1697, 1809, 1808, 1697, 1698, 1810, 1809, 1698, 1699, 1811, 1810, 1699, 1700, 1812, 1811, 1700, 1701, 1813, 1812, 1701, 1702, 1814, 1813, 1702, 1703, 1815, 1814, 1703, 1704, 1816, 1815, 1704, 1705, 1817, 1816, 1705, 1706, 1818, 1817, 1706, 1707, 1819, 1818, 1707, 1708, 1820, 1819, 1708, 1709, 1821, 1820, 1709, 1710, 1822, 1821, 1710, 1711, 1823, 1822, 1711, 1712, 1824, 1823, 1712, 1713, 1825, 1824, 1713, 1714, 1826, 1825, 1714, 1715, 1827, 1826, 1715, 1716, 1828, 1827, 1716, 1717, 1829, 1828, 1717, 1718, 1830, 1829, 1718, 1719, 1831, 1830, 1719, 1720, 1832, 1831, 1720, 1721, 1833, 1832, 1721, 1722, 1834, 1833, 1722, 1723, 1835, 1834, 1723, 1724, 1836, 1835, 1724, 1725, 1837, 1836, 1725, 1726, 1838, 1837, 1726, 1727, 1839, 1838, 1727, 1728, 1840, 1839, 1728, 1729, 1841, 1840, 1729, 1730, 1842, 1841, 1730, 1731, 1843, 1842, 1731, 1732, 1844, 1843, 1732, 1733, 1845, 1844, 1733, 1734, 1846, 1845, 1734, 1735, 1847, 1846, 1735, 1736, 1848, 1847, 1736, 1737, 1849, 1848, 1737, 1738, 1850, 1849, 1738, 1739, 1851, 1850, 1739, 1740, 1852, 1851, 1740, 1741, 1853, 1852, 1741, 1742, 1854, 1853, 1742, 1743, 1855, 1854, 1743, 1744, 1856, 1855, 1744, 1745, 1857, 1856, 1745, 1746, 1858, 1857, 1746, 1747, 1859, 1858, 1747, 1748, 1860, 1859, 1748, 1749, 1861, 1860, 1749, 1750, 1862, 1861, 1750, 1751, 1863, 1862, 1751, 1752, 1864, 1863, 1752, 1753, 1865, 1864, 1753, 1754, 1866, 1865, 1754, 1755, 1867, 1866, 1755, 1756, 1868, 1867, 1756, 1757, 1869, 1868, 1757, 1758, 1870, 1869, 1758, 1759, 1871, 1870, 1759, 1760, 1872, 1871, 1760, 1761, 1873, 1872, 1761, 1762, 1874, 1873, 1762, 1763, 1875, 1874, 1763, 1764, 1876, 1875, 1764, 1765, 1877, 1876, 1765, 1766, 1878, 1877, 1766, 1767, 1879, 1878, 1767, 1768, 1880, 1879, 1768, 1769, 1881, 1880, 1769, 1770, 1882, 1881, 1770, 1771, 1883, 1882, 1771, 1772, 1884, 1883, 1772, 1773, 1885, 1884, 1773, 1774, 1886, 1885, 1774, 1775, 1887, 1886, 1775, 1776, 1888, 1887, 1776, 1777, 1889, 1888, 1777, 1778, 1890, 1889, 1778, 1779, 1891, 1890, 1779, 1780, 1892, 1891, 1780, 1781, 1893, 1892, 1781, 1782, 1894, 1893, 1782, 1783, 1895, 1894, 1783, 1784, 1896, 1895, 1784, 1785, 1897, 1896, 1785, 1786, 1898, 1897, 1786, 1787, 1899, 1898, 1787, 1788, 1900, 1899, 1788, 1789, 1901, 1900, 1789, 1790, 1902, 1901, 1790, 1791, 1903, 1902, 1791, 1680, 1792, 1903, 1792, 1793, 1905, 1904, 1793, 1794, 1906, 1905, 1794, 1795, 1907, 1906, 1795, 1796, 1908, 1907, 1796, 1797, 1909, 1908, 1797, 1798, 1910, 1909, 1798, 1799, 1911, 1910, 1799, 1800, 1912, 1911, 1800, 1801, 1913, 1912, 1801, 1802, 1914, 1913, 1802, 1803, 1915, 1914, 1803, 1804, 1916, 1915, 1804, 1805, 1917, 1916, 1805, 1806, 1918, 1917, 1806, 1807, 1919, 1918, 1807, 1808, 1920, 1919, 1808, 1809, 1921, 1920, 1809, 1810, 1922, 1921, 1810, 1811, 1923, 1922, 1811, 1812, 1924, 1923, 1812, 1813, 1925, 1924, 1813, 1814, 1926, 1925, 1814, 1815, 1927, 1926, 1815, 1816, 1928, 1927, 1816, 1817, 1929, 1928, 1817, 1818, 1930, 1929, 1818, 1819, 1931, 1930, 1819, 1820, 1932, 1931, 1820, 1821, 1933, 1932, 1821, 1822, 1934, 1933, 1822, 1823, 1935, 1934, 1823, 1824, 1936, 1935, 1824, 1825, 1937, 1936, 1825, 1826, 1938, 1937, 1826, 1827, 1939, 1938, 1827, 1828, 1940, 1939, 1828, 1829, 1941, 1940, 1829, 1830, 1942, 1941, 1830, 1831, 1943, 1942, 1831, 1832, 1944, 1943, 1832, 1833, 1945, 1944, 1833, 1834, 1946, 1945, 1834, 1835, 1947, 1946, 1835, 1836, 1948, 1947, 1836, 1837, 1949, 1948, 1837, 1838, 1950, 1949, 1838, 1839, 1951, 1950, 1839, 1840, 1952, 1951, 1840, 1841, 1953, 1952, 1841, 1842, 1954, 1953, 1842, 1843, 1955, 1954, 1843, 1844, 1956, 1955, 1844, 1845, 1957, 1956, 1845, 1846, 1958, 1957, 1846, 1847, 1959, 1958, 1847, 1848, 1960, 1959, 1848, 1849, 1961, 1960, 1849, 1850, 1962, 1961, 1850, 1851, 1963, 1962, 1851, 1852, 1964, 1963, 1852, 1853, 1965, 1964, 1853, 1854, 1966, 1965, 1854, 1855, 1967, 1966, 1855, 1856, 1968, 1967, 1856, 1857, 1969, 1968, 1857, 1858, 1970, 1969, 1858, 1859, 1971, 1970, 1859, 1860, 1972, 1971, 1860, 1861, 1973, 1972, 1861, 1862, 1974, 1973, 1862, 1863, 1975, 1974, 1863, 1864, 1976, 1975, 1864, 1865, 1977, 1976, 1865, 1866, 1978, 1977, 1866, 1867, 1979, 1978, 1867, 1868, 1980, 1979, 1868, 1869, 1981, 1980, 1869, 1870, 1982, 1981, 1870, 1871, 1983, 1982, 1871, 1872, 1984, 1983, 1872, 1873, 1985, 1984, 1873, 1874, 1986, 1985, 1874, 1875, 1987, 1986, 1875, 1876, 1988, 1987, 1876, 1877, 1989, 1988, 1877, 1878, 1990, 1989, 1878, 1879, 1991, 1990, 1879, 1880, 1992, 1991, 1880, 1881, 1993, 1992, 1881, 1882, 1994, 1993, 1882, 1883, 1995, 1994, 1883, 1884, 1996, 1995, 1884, 1885, 1997, 1996, 1885, 1886, 1998, 1997, 1886, 1887, 1999, 1998, 1887, 1888, 2000, 1999, 1888, 1889, 2001, 2000, 1889, 1890, 2002, 2001, 1890, 1891, 2003, 2002, 1891, 1892, 2004, 2003, 1892, 1893, 2005, 2004, 1893, 1894, 2006, 2005, 1894, 1895, 2007, 2006, 1895, 1896, 2008, 2007, 1896, 1897, 2009, 2008, 1897, 1898, 2010, 2009, 1898, 1899, 2011, 2010, 1899, 1900, 2012, 2011, 1900, 1901, 2013, 2012, 1901, 1902, 2014, 2013, 1902, 1903, 2015, 2014, 1903, 1792, 1904, 2015, 1904, 1905, 2017, 2016, 1905, 1906, 2018, 2017, 1906, 1907, 2019, 2018, 1907, 1908, 2020, 2019, 1908, 1909, 2021, 2020, 1909, 1910, 2022, 2021, 1910, 1911, 2023, 2022, 1911, 1912, 2024, 2023, 1912, 1913, 2025, 2024, 1913, 1914, 2026, 2025, 1914, 1915, 2027, 2026, 1915, 1916, 2028, 2027, 1916, 1917, 2029, 2028, 1917, 1918, 2030, 2029, 1918, 1919, 2031, 2030, 1919, 1920, 2032, 2031, 1920, 1921, 2033, 2032, 1921, 1922, 2034, 2033, 1922, 1923, 2035, 2034, 1923, 1924, 2036, 2035, 1924, 1925, 2037, 2036, 1925, 1926, 2038, 2037, 1926, 1927, 2039, 2038, 1927, 1928, 2040, 2039, 1928, 1929, 2041, 2040, 1929, 1930, 2042, 2041, 1930, 1931, 2043, 2042, 1931, 1932, 2044, 2043, 1932, 1933, 2045, 2044, 1933, 1934, 2046, 2045, 1934, 1935, 2047, 2046, 1935, 1936, 2048, 2047, 1936, 1937, 2049, 2048, 1937, 1938, 2050, 2049, 1938, 1939, 2051, 2050, 1939, 1940, 2052, 2051, 1940, 1941, 2053, 2052, 1941, 1942, 2054, 2053, 1942, 1943, 2055, 2054, 1943, 1944, 2056, 2055, 1944, 1945, 2057, 2056, 1945, 1946, 2058, 2057, 1946, 1947, 2059, 2058, 1947, 1948, 2060, 2059, 1948, 1949, 2061, 2060, 1949, 1950, 2062, 2061, 1950, 1951, 2063, 2062, 1951, 1952, 2064, 2063, 1952, 1953, 2065, 2064, 1953, 1954, 2066, 2065, 1954, 1955, 2067, 2066, 1955, 1956, 2068, 2067, 1956, 1957, 2069, 2068, 1957, 1958, 2070, 2069, 1958, 1959, 2071, 2070, 1959, 1960, 2072, 2071, 1960, 1961, 2073, 2072, 1961, 1962, 2074, 2073, 1962, 1963, 2075, 2074, 1963, 1964, 2076, 2075, 1964, 1965, 2077, 2076, 1965, 1966, 2078, 2077, 1966, 1967, 2079, 2078, 1967, 1968, 2080, 2079, 1968, 1969, 2081, 2080, 1969, 1970, 2082, 2081, 1970, 1971, 2083, 2082, 1971, 1972, 2084, 2083, 1972, 1973, 2085, 2084, 1973, 1974, 2086, 2085, 1974, 1975, 2087, 2086, 1975, 1976, 2088, 2087, 1976, 1977, 2089, 2088, 1977, 1978, 2090, 2089, 1978, 1979, 2091, 2090, 1979, 1980, 2092, 2091, 1980, 1981, 2093, 2092, 1981, 1982, 2094, 2093, 1982, 1983, 2095, 2094, 1983, 1984, 2096, 2095, 1984, 1985, 2097, 2096, 1985, 1986, 2098, 2097, 1986, 1987, 2099, 2098, 1987, 1988, 2100, 2099, 1988, 1989, 2101, 2100, 1989, 1990, 2102, 2101, 1990, 1991, 2103, 2102, 1991, 1992, 2104, 2103, 1992, 1993, 2105, 2104, 1993, 1994, 2106, 2105, 1994, 1995, 2107, 2106, 1995, 1996, 2108, 2107, 1996, 1997, 2109, 2108, 1997, 1998, 2110, 2109, 1998, 1999, 2111, 2110, 1999, 2000, 2112, 2111, 2000, 2001, 2113, 2112, 2001, 2002, 2114, 2113, 2002, 2003, 2115, 2114, 2003, 2004, 2116, 2115, 2004, 2005, 2117, 2116, 2005, 2006, 2118, 2117, 2006, 2007, 2119, 2118, 2007, 2008, 2120, 2119, 2008, 2009, 2121, 2120, 2009, 2010, 2122, 2121, 2010, 2011, 2123, 2122, 2011, 2012, 2124, 2123, 2012, 2013, 2125, 2124, 2013, 2014, 2126, 2125, 2014, 2015, 2127, 2126, 2015, 1904, 2016, 2127]
        point3f[] points = [(-0.10163047, -0.12771659, 0.022087822), (-0.10163047, -0.12709166, 0.025438339), (-0.10163047, -0.12567648, 0.03169887), (-0.10163047, -0.121925786, 0.043971576), (-0.10163047, -0.119599454, 0.049953647), (-0.10163047, -0.11824463, 0.0530811), (-0.10163047, -0.115471855, 0.058869764), (-0.10163047, -0.10908426, 0.07000016), (-0.10163047, -0.10548512, 0.07531459), (-0.10163047, -0.10346834, 0.078062154), (-0.10163047, -0.09947697, 0.08308868), (-0.10163047, -0.09077279, 0.09251864), (-0.10163047, -0.08625106, 0.09674788), (-0.10163047, -0.083503716, 0.09912884), (-0.10163047, -0.0785391, 0.103106774), (-0.10163047, -0.06805469, 0.11030846), (-0.10163047, -0.062361035, 0.11362438), (-0.10163047, -0.059553772, 0.115120575), (-0.10163047, -0.053729966, 0.117951214), (-0.10163047, -0.041694917, 0.12272298), (-0.10163047, -0.03551371, 0.12465221), (-0.10163047, -0.032443896, 0.12548622), (-0.10163047, -0.026136227, 0.12694998), (-0.10163047, -0.013341105, 0.12892406), (-0.10163047, -0.0068855793, 0.12942946), (-0.10163047, -0.0034800076, 0.12956578), (-0.10163047, 0.0029384664, 0.12957917), (-0.10163047, 0.015738076, 0.12865345), (-0.10163047, 0.022087822, 0.12771659), (-0.10163047, 0.025438339, 0.12709166), (-0.10163047, 0.03169887, 0.12567648), (-0.10163047, 0.043971576, 0.121925786), (-0.10163047, 0.0497439, 0.11968684), (-0.10163047, 0.05287372, 0.11833751), (-0.10163047, 0.05866724, 0.11557488), (-0.10163047, 0.06980881, 0.10920681), (-0.10163047, 0.07531459, 0.10548512), (-0.10163047, 0.078062154, 0.10346834), (-0.10163047, 0.08308868, 0.09947697), (-0.10163047, 0.09251864, 0.09077279), (-0.10163047, 0.09689894, 0.08608131), (-0.10163047, 0.09912884, 0.083503716), (-0.10163047, 0.10314118, 0.078493915), (-0.10163047, 0.110397846, 0.06790959), (-0.10163047, 0.11362438, 0.062361035), (-0.10163047, 0.1152248, 0.059351858), (-0.10163047, 0.11802176, 0.05357483), (-0.10163047, 0.12274125, 0.041641124), (-0.10163047, 0.12465221, 0.03551371), (-0.10163047, 0.12554291, 0.032223854), (-0.10163047, 0.12698422, 0.025969287), (-0.10163047, 0.1289299, 0.013284595), (-0.10163047, 0.12942946, 0.0068855793), (-0.10163047, 0.12956578, 0.0034800076), (-0.10163047, 0.12957917, -0.0029384664), (-0.10163047, 0.12865345, -0.015738076), (-0.10163047, 0.12771659, -0.022087822), (-0.10163047, 0.12709166, -0.025438339), (-0.10163047, 0.12567648, -0.03169887), (-0.10163047, 0.121925786, -0.043971576), (-0.10163047, 0.119599454, -0.049953647), (-0.10163047, 0.11824463, -0.0530811), (-0.10163047, 0.115471855, -0.058869764), (-0.10163047, 0.10908426, -0.07000016), (-0.10163047, 0.10535292, -0.0754994), (-0.10163047, 0.10346834, -0.078062154), (-0.10163047, 0.09944055, -0.083132274), (-0.10163047, 0.090651065, -0.09263791), (-0.10163047, 0.085911304, -0.0970497), (-0.10163047, 0.083503716, -0.09912884), (-0.10163047, 0.0784487, -0.10317558), (-0.10163047, 0.06776438, -0.110487044), (-0.10163047, 0.062361035, -0.11362438), (-0.10163047, 0.059351858, -0.1152248), (-0.10163047, 0.05357483, -0.11802176), (-0.10163047, 0.041641124, -0.12274125), (-0.10163047, 0.035295125, -0.124714285), (-0.10163047, 0.032223854, -0.12554291), (-0.10163047, 0.02591363, -0.1269956), (-0.10163047, 0.013115062, -0.12894726), (-0.10163047, 0.0068855793, -0.12942946), (-0.10163047, 0.0034800076, -0.12956578), (-0.10163047, -0.0029384664, -0.12957917), (-0.10163047, -0.015738076, -0.12865345), (-0.10163047, -0.022311691, -0.12767766), (-0.10163047, -0.025438339, -0.12709166), (-0.10163047, -0.03175395, -0.12566258), (-0.10163047, -0.04413185, -0.121867865), (-0.10163047, -0.050163243, -0.1195117), (-0.10163047, -0.0530811, -0.11824463), (-0.10163047, -0.05892037, -0.11544604), (-0.10163047, -0.07014353, -0.10899213), (-0.10163047, -0.07531459, -0.10548512), (-0.10163047, -0.078062154, -0.10346834), (-0.10163047, -0.08308868, -0.09947697), (-0.10163047, -0.09251864, -0.09077279), (-0.10163047, -0.09689894, -0.08608131), (-0.10163047, -0.09912884, -0.083503716), (-0.10163047, -0.10314118, -0.078493915), (-0.10163047, -0.110397846, -0.06790959), (-0.10163047, -0.11362438, -0.062361035), (-0.10163047, -0.1152248, -0.059351858), (-0.10163047, -0.11802176, -0.05357483), (-0.10163047, -0.12274125, -0.041641124), (-0.10163047, -0.12465221, -0.03551371), (-0.10163047, -0.12554291, -0.032223854), (-0.10163047, -0.12698422, -0.025969287), (-0.10163047, -0.1289299, -0.013284595), (-0.10163047, -0.12942946, -0.0068855793), (-0.10163047, -0.12956578, -0.0034800076), (-0.10163047, -0.12957917, 0.0029384664), (-0.10163047, -0.12865345, 0.015738076), (-0.11229123, -0.15295105, 0.030186553), (-0.11229123, -0.15210445, 0.034197778), (-0.11229123, -0.15022497, 0.041685842), (-0.11229123, -0.14536634, 0.056337178), (-0.11229123, -0.14239912, 0.06346452), (-0.11229123, -0.14068116, 0.067186795), (-0.11229123, -0.13718255, 0.0740689), (-0.11229123, -0.1291855, 0.08727174), (-0.11229123, -0.12470668, 0.09356012), (-0.11229123, -0.12220352, 0.09680678), (-0.11229123, -0.117261216, 0.102737814), (-0.11229123, -0.10652676, 0.11383014), (-0.11229123, -0.100969344, 0.11878739), (-0.11229123, -0.09759808, 0.12157247), (-0.11229123, -0.09151524, 0.12621495), (-0.11229123, -0.078703344, 0.13457724), (-0.11229123, -0.07176262, 0.13840295), (-0.11229123, -0.06834443, 0.14012241), (-0.11229123, -0.061260983, 0.14336088), (-0.11229123, -0.046653457, 0.1487572), (-0.11229123, -0.039165832, 0.15090159), (-0.11229123, -0.035450723, 0.15181732), (-0.11229123, -0.027824247, 0.1533984), (-0.11229123, -0.012382163, 0.15540892), (-0.11229123, -0.004605098, 0.1558334), (-0.11229123, -0.0005060549, 0.1559006), (-0.11229123, 0.007212487, 0.1557345), (-0.11229123, 0.022577634, 0.15425791), (-0.11229123, 0.030186553, 0.15295105), (-0.11229123, 0.034197778, 0.15210445), (-0.11229123, 0.041685842, 0.15022497), (-0.11229123, 0.056337178, 0.14536634), (-0.11229123, 0.06321479, 0.14251015), (-0.11229123, 0.066940054, 0.14079872), (-0.11229123, 0.07382828, 0.13731219), (-0.11229123, 0.08704513, 0.12933831), (-0.11229123, 0.09356012, 0.12470668), (-0.11229123, 0.09680678, 0.12220352), (-0.11229123, 0.102737814, 0.117261216), (-0.11229123, 0.11383014, 0.10652676), (-0.11229123, 0.11896422, 0.100760944), (-0.11229123, 0.12157247, 0.09759808), (-0.11229123, 0.12625505, 0.09145992), (-0.11229123, 0.13468061, 0.078526326), (-0.11229123, 0.13840295, 0.07176262), (-0.11229123, 0.14024201, 0.06809867), (-0.11229123, 0.1434413, 0.06107244), (-0.11229123, 0.14877765, 0.04658825), (-0.11229123, 0.15090159, 0.039165832), (-0.11229123, 0.15187924, 0.035184514), (-0.11229123, 0.15343484, 0.027622525), (-0.11229123, 0.15541434, 0.012314047), (-0.11229123, 0.1558334, 0.004605098), (-0.11229123, 0.1559006, 0.0005060549), (-0.11229123, 0.1557345, -0.007212487), (-0.11229123, 0.15425791, -0.022577634), (-0.11229123, 0.15295105, -0.030186553), (-0.11229123, 0.15210445, -0.034197778), (-0.11229123, 0.15022497, -0.041685842), (-0.11229123, 0.14536634, -0.056337178), (-0.11229123, 0.14239912, -0.06346452), (-0.11229123, 0.14068116, -0.067186795), (-0.11229123, 0.13718255, -0.0740689), (-0.11229123, 0.1291855, -0.08727174), (-0.11229123, 0.12454246, -0.0937786), (-0.11229123, 0.12220352, -0.09680678), (-0.11229123, 0.117216185, -0.1027892), (-0.11229123, 0.10637701, -0.1139701), (-0.11229123, 0.10055222, -0.119140685), (-0.11229123, 0.09759808, -0.12157247), (-0.11229123, 0.09140457, -0.12629512), (-0.11229123, 0.07834918, -0.13478374), (-0.11229123, 0.07176262, -0.13840295), (-0.11229123, 0.06809867, -0.14024201), (-0.11229123, 0.06107244, -0.1434413), (-0.11229123, 0.04658825, -0.14877765), (-0.11229123, 0.038901217, -0.15097003), (-0.11229123, 0.035184514, -0.15187924), (-0.11229123, 0.027555276, -0.15344693), (-0.11229123, 0.012109695, -0.15543039), (-0.11229123, 0.004605098, -0.1558334), (-0.11229123, 0.0005060549, -0.1559006), (-0.11229123, -0.007212487, -0.1557345), (-0.11229123, -0.022577634, -0.15425791), (-0.11229123, -0.030454649, -0.1528979), (-0.11229123, -0.034197778, -0.15210445), (-0.11229123, -0.04175168, -0.15020669), (-0.11229123, -0.056528263, -0.14529215), (-0.11229123, -0.06371407, -0.14228764), (-0.11229123, -0.067186795, -0.14068116), (-0.11229123, -0.07412901, -0.13715006), (-0.11229123, -0.08744153, -0.12907064), (-0.11229123, -0.09356012, -0.12470668), (-0.11229123, -0.09680678, -0.12220352), (-0.11229123, -0.102737814, -0.117261216), (-0.11229123, -0.11383014, -0.10652676), (-0.11229123, -0.11896422, -0.100760944), (-0.11229123, -0.12157247, -0.09759808), (-0.11229123, -0.12625505, -0.09145992), (-0.11229123, -0.13468061, -0.078526326), (-0.11229123, -0.13840295, -0.07176262), (-0.11229123, -0.14024201, -0.06809867), (-0.11229123, -0.1434413, -0.06107244), (-0.11229123, -0.14877765, -0.04658825), (-0.11229123, -0.15090159, -0.039165832), (-0.11229123, -0.15187924, -0.035184514), (-0.11229123, -0.15343484, -0.027622525), (-0.11229123, -0.15541434, -0.012314047), (-0.11229123, -0.1558334, -0.004605098), (-0.11229123, -0.1559006, -0.0005060549), (-0.11229123, -0.1557345, 0.007212487), (-0.11229123, -0.15425791, 0.022577634), (-0.12434827, -0.17755136, 0.03611808), (-0.12434827, -0.17654029, 0.04077409), (-0.12434827, -0.17430529, 0.049463797), (-0.12434827, -0.16855948, 0.0664583), (-0.12434827, -0.16506274, 0.07472142), (-0.12434827, -0.16304097, 0.07903571), (-0.12434827, -0.15892836, 0.08701021), (-0.12434827, -0.14954497, 0.10230006), (-0.12434827, -0.14429721, 0.10957792), (-0.12434827, -0.1413661, 0.11333415), (-0.12434827, -0.1355821, 0.12019358), (-0.12434827, -0.12303166, 0.13301207), (-0.12434827, -0.11653939, 0.13873562), (-0.12434827, -0.11260254, 0.14194953), (-0.12434827, -0.105501756, 0.1473037), (-0.12434827, -0.09055545, 0.15693536), (-0.12434827, -0.082463205, 0.1613345), (-0.12434827, -0.07847903, 0.16330966), (-0.12434827, -0.07022489, 0.16702534), (-0.12434827, -0.053211834, 0.17319787), (-0.12434827, -0.04449538, 0.1756393), (-0.12434827, -0.040171575, 0.17667837), (-0.12434827, -0.031297565, 0.17846419), (-0.12434827, -0.013337555, 0.18069617), (-0.12434827, -0.00429637, 0.1811368), (-0.12434827, 0.0004678898, 0.18118715), (-0.12434827, 0.00943706, 0.18094182), (-0.12434827, 0.02728404, 0.1791217), (-0.12434827, 0.03611808, 0.17755136), (-0.12434827, 0.04077409, 0.17654029), (-0.12434827, 0.049463797, 0.17430529), (-0.12434827, 0.0664583, 0.16855948), (-0.12434827, 0.074431926, 0.16519348), (-0.12434827, 0.07874976, 0.1631793), (-0.12434827, 0.086731456, 0.15908065), (-0.12434827, 0.10203774, 0.1497241), (-0.12434827, 0.10957792, 0.14429721), (-0.12434827, 0.11333415, 0.1413661), (-0.12434827, 0.12019358, 0.1355821), (-0.12434827, 0.13301207, 0.12303166), (-0.12434827, 0.13893971, 0.11629599), (-0.12434827, 0.14194953, 0.11260254), (-0.12434827, 0.14734992, 0.10543719), (-0.12434827, 0.1570543, 0.090349026), (-0.12434827, 0.1613345, 0.082463205), (-0.12434827, 0.163447, 0.07819261), (-0.12434827, 0.16711754, 0.07000522), (-0.12434827, 0.17322117, 0.05313592), (-0.12434827, 0.1756393, 0.04449538), (-0.12434827, 0.17674853, 0.039861776), (-0.12434827, 0.17850518, 0.031062888), (-0.12434827, 0.18070202, 0.013258357), (-0.12434827, 0.1811368, 0.00429637), (-0.12434827, 0.18118715, -0.0004678898), (-0.12434827, 0.18094182, -0.00943706), (-0.12434827, 0.1791217, -0.02728404), (-0.12434827, 0.17755136, -0.03611808), (-0.12434827, 0.17654029, -0.04077409), (-0.12434827, 0.17430529, -0.049463797), (-0.12434827, 0.16855948, -0.0664583), (-0.12434827, 0.16506274, -0.07472142), (-0.12434827, 0.16304097, -0.07903571), (-0.12434827, 0.15892836, -0.08701021), (-0.12434827, 0.14954497, -0.10230006), (-0.12434827, 0.14410488, -0.109830715), (-0.12434827, 0.1413661, -0.11333415), (-0.12434827, 0.13552941, -0.12025298), (-0.12434827, 0.12285668, -0.13317373), (-0.12434827, 0.11605224, -0.13914338), (-0.12434827, 0.11260254, -0.14194953), (-0.12434827, 0.10537261, -0.14739613), (-0.12434827, 0.09014245, -0.15717296), (-0.12434827, 0.082463205, -0.1613345), (-0.12434827, 0.07819261, -0.163447), (-0.12434827, 0.07000522, -0.16711754), (-0.12434827, 0.05313592, -0.17322117), (-0.12434827, 0.044187393, -0.17571704), (-0.12434827, 0.039861776, -0.17674853), (-0.12434827, 0.030984653, -0.17851877), (-0.12434827, 0.01302075, -0.1807193), (-0.12434827, 0.00429637, -0.1811368), (-0.12434827, -0.0004678898, -0.18118715), (-0.12434827, -0.00943706, -0.18094182), (-0.12434827, -0.02728404, -0.1791217), (-0.12434827, -0.036429297, -0.17748778), (-0.12434827, -0.04077409, -0.17654029), (-0.12434827, -0.04954019, -0.1742836), (-0.12434827, -0.06667987, -0.16847195), (-0.12434827, -0.07501068, -0.16493149), (-0.12434827, -0.07903571, -0.16304097), (-0.12434827, -0.08707986, -0.15889022), (-0.12434827, -0.1024966, -0.14941034), (-0.12434827, -0.10957792, -0.14429721), (-0.12434827, -0.11333415, -0.1413661), (-0.12434827, -0.12019358, -0.1355821), (-0.12434827, -0.13301207, -0.12303166), (-0.12434827, -0.13893971, -0.11629599), (-0.12434827, -0.14194953, -0.11260254), (-0.12434827, -0.14734992, -0.10543719), (-0.12434827, -0.1570543, -0.090349026), (-0.12434827, -0.1613345, -0.082463205), (-0.12434827, -0.163447, -0.07819261), (-0.12434827, -0.16711754, -0.07000522), (-0.12434827, -0.17322117, -0.05313592), (-0.12434827, -0.1756393, -0.04449538), (-0.12434827, -0.17674853, -0.039861776), (-0.12434827, -0.17850518, -0.031062888), (-0.12434827, -0.18070202, -0.013258357), (-0.12434827, -0.1811368, -0.00429637), (-0.12434827, -0.18118715, 0.0004678898), (-0.12434827, -0.18094182, 0.00943706), (-0.12434827, -0.1791217, 0.02728404), (-0.12548675, -0.20455001, 0.041610233), (-0.12548675, -0.2033852, 0.04697424), (-0.12548675, -0.20081034, 0.056985315), (-0.12548675, -0.1941908, 0.07656402), (-0.12548675, -0.19016238, 0.086083636), (-0.12548675, -0.18783316, 0.09105396), (-0.12548675, -0.18309519, 0.10024108), (-0.12548675, -0.17228495, 0.11785592), (-0.12548675, -0.16623919, 0.12624045), (-0.12548675, -0.16286238, 0.13056786), (-0.12548675, -0.15619886, 0.13847034), (-0.12548675, -0.14174, 0.15323803), (-0.12548675, -0.1342605, 0.15983191), (-0.12548675, -0.129725, 0.16353454), (-0.12548675, -0.121544465, 0.16970287), (-0.12548675, -0.10432541, 0.18079913), (-0.12548675, -0.09500265, 0.1858672), (-0.12548675, -0.09041264, 0.1881427), (-0.12548675, -0.080903366, 0.1924234), (-0.12548675, -0.061303288, 0.19953454), (-0.12548675, -0.051261403, 0.20234719), (-0.12548675, -0.046280105, 0.20354427), (-0.12548675, -0.036056712, 0.20560165), (-0.12548675, -0.015365674, 0.20817304), (-0.12548675, -0.004949678, 0.20868067), (-0.12548675, 0.000539035, 0.20873865), (-0.12548675, 0.010872068, 0.20845602), (-0.12548675, 0.031432882, 0.20635913), (-0.12548675, 0.041610233, 0.20455001), (-0.12548675, 0.04697424, 0.2033852), (-0.12548675, 0.056985315, 0.20081034), (-0.12548675, 0.07656402, 0.1941908), (-0.12548675, 0.08575013, 0.190313), (-0.12548675, 0.09072453, 0.1879925), (-0.12548675, 0.09991994, 0.18327063), (-0.12548675, 0.1175537, 0.1724913), (-0.12548675, 0.12624045, 0.16623919), (-0.12548675, 0.13056786, 0.16286238), (-0.12548675, 0.13847034, 0.15619886), (-0.12548675, 0.15323803, 0.14174), (-0.12548675, 0.16006704, 0.1339801), (-0.12548675, 0.16353454, 0.129725), (-0.12548675, 0.16975611, 0.12147009), (-0.12548675, 0.18093616, 0.1040876), (-0.12548675, 0.1858672, 0.09500265), (-0.12548675, 0.18830091, 0.09008265), (-0.12548675, 0.1925296, 0.080650285), (-0.12548675, 0.19956137, 0.061215825), (-0.12548675, 0.20234719, 0.051261403), (-0.12548675, 0.2036251, 0.045923203), (-0.12548675, 0.20564887, 0.035786346), (-0.12548675, 0.20817976, 0.015274435), (-0.12548675, 0.20868067, 0.004949678), (-0.12548675, 0.20873865, -0.000539035), (-0.12548675, 0.20845602, -0.010872068), (-0.12548675, 0.20635913, -0.031432882), (-0.12548675, 0.20455001, -0.041610233), (-0.12548675, 0.2033852, -0.04697424), (-0.12548675, 0.20081034, -0.056985315), (-0.12548675, 0.1941908, -0.07656402), (-0.12548675, 0.19016238, -0.086083636), (-0.12548675, 0.18783316, -0.09105396), (-0.12548675, 0.18309519, -0.10024108), (-0.12548675, 0.17228495, -0.11785592), (-0.12548675, 0.1660176, -0.12653169), (-0.12548675, 0.16286238, -0.13056786), (-0.12548675, 0.15613817, -0.13853878), (-0.12548675, 0.14153838, -0.15342426), (-0.12548675, 0.13369925, -0.16030167), (-0.12548675, 0.129725, -0.16353454), (-0.12548675, 0.12139567, -0.16980933), (-0.12548675, 0.103849605, -0.18107286), (-0.12548675, 0.09500265, -0.1858672), (-0.12548675, 0.09008265, -0.18830091), (-0.12548675, 0.080650285, -0.1925296), (-0.12548675, 0.061215825, -0.19956137), (-0.12548675, 0.050906584, -0.20243675), (-0.12548675, 0.045923203, -0.2036251), (-0.12548675, 0.035696212, -0.20566453), (-0.12548675, 0.015000702, -0.20819966), (-0.12548675, 0.004949678, -0.20868067), (-0.12548675, -0.000539035, -0.20873865), (-0.12548675, -0.010872068, -0.20845602), (-0.12548675, -0.031432882, -0.20635913), (-0.12548675, -0.041968774, -0.20447676), (-0.12548675, -0.04697424, -0.2033852), (-0.12548675, -0.05707332, -0.20078535), (-0.12548675, -0.076819286, -0.19408998), (-0.12548675, -0.086416885, -0.19001116), (-0.12548675, -0.09105396, -0.18783316), (-0.12548675, -0.100321315, -0.18305123), (-0.12548675, -0.118082345, -0.17212984), (-0.12548675, -0.12624045, -0.16623919), (-0.12548675, -0.13056786, -0.16286238), (-0.12548675, -0.13847034, -0.15619886), (-0.12548675, -0.15323803, -0.14174), (-0.12548675, -0.16006704, -0.1339801), (-0.12548675, -0.16353454, -0.129725), (-0.12548675, -0.16975611, -0.12147009), (-0.12548675, -0.18093616, -0.1040876), (-0.12548675, -0.1858672, -0.09500265), (-0.12548675, -0.18830091, -0.09008265), (-0.12548675, -0.1925296, -0.080650285), (-0.12548675, -0.19956137, -0.061215825), (-0.12548675, -0.20234719, -0.051261403), (-0.12548675, -0.2036251, -0.045923203), (-0.12548675, -0.20564887, -0.035786346), (-0.12548675, -0.20817976, -0.015274435), (-0.12548675, -0.20868067, -0.004949678), (-0.12548675, -0.20873865, 0.000539035), (-0.12548675, -0.20845602, 0.010872068), (-0.12548675, -0.20635913, 0.031432882), (-0.11973752, -0.25652695, 0.052183557), (-0.11973752, -0.25506616, 0.05891058), (-0.11973752, -0.2248387, 0.06380401), (-0.11973752, -0.21847202, 0.08613743), (-0.11973752, -0.24014433, 0.10870972), (-0.11973752, -0.23720293, 0.11498644), (-0.11973752, -0.20469332, 0.11206564), (-0.11973752, -0.19379485, 0.13257033), (-0.11973752, -0.20809373, 0.15802439), (-0.11973752, -0.20386672, 0.16344133), (-0.11973752, -0.17428704, 0.1545055), (-0.11973752, -0.16792269, 0.18154468), (-0.11973752, -0.16902336, 0.20121576), (-0.11973752, -0.16331354, 0.20587708), (-0.11973752, -0.13596514, 0.18983729), (-0.11973752, -0.11822856, 0.20489371), (-0.11973752, -0.120006844, 0.23478645), (-0.11973752, -0.11420875, 0.23766084), (-0.11973752, -0.09057125, 0.21541783), (-0.11973752, -0.06909719, 0.22490272), (-0.11973752, -0.064478815, 0.2545211), (-0.11973752, -0.058213137, 0.25602686), (-0.11973752, -0.040358026, 0.2301285), (-0.11973752, -0.017315505, 0.23458922), (-0.11973752, -0.0062420797, 0.26316887), (-0.11973752, 0.0006797809, 0.263242), (-0.11973752, 0.01262459, 0.24205802), (-0.11973752, 0.03847298, 0.2525779), (-0.11973752, 0.05243405, 0.25775835), (-0.11973752, 0.05919336, 0.25629053), (-0.11973752, 0.06366676, 0.22435506), (-0.11973752, 0.08605236, 0.21825628), (-0.11973752, 0.10790204, 0.23947673), (-0.11973752, 0.114161484, 0.23655677), (-0.11973752, 0.11188769, 0.2052216), (-0.11973752, 0.13345842, 0.19582893), (-0.11973752, 0.15902735, 0.20941448), (-0.11973752, 0.16447867, 0.20516066), (-0.11973752, 0.15519424, 0.17506395), (-0.11973752, 0.17267196, 0.1597157), (-0.11973752, 0.20048364, 0.16780977), (-0.11973752, 0.20482667, 0.16248028), (-0.11973752, 0.18949956, 0.13559763), (-0.11973752, 0.21955255, 0.12630256), (-0.11973752, 0.23422368, 0.11971919), (-0.11973752, 0.23729056, 0.11351918), (-0.11973752, 0.21554352, 0.09029077), (-0.11973752, 0.22455952, 0.06888405), (-0.11973752, 0.2556782, 0.06477194), (-0.11973752, 0.2572929, 0.05802681), (-0.11973752, 0.23036885, 0.04008804), (-0.11973752, 0.23539662, 0.017271373), (-0.11973752, 0.26295644, 0.006237044), (-0.11973752, 0.26302952, -0.00067923544), (-0.11973752, 0.23329623, -0.012167616), (-0.11973752, 0.23336565, -0.035546545), (-0.11973752, 0.25729015, -0.052338805), (-0.11973752, 0.255825, -0.059085842), (-0.11973752, 0.2247682, -0.063784), (-0.11973752, 0.21963121, -0.086594455), (-0.11973752, 0.24038628, -0.10881925), (-0.11973752, 0.23744191, -0.11510229), (-0.11973752, 0.20515208, -0.11231681), (-0.11973752, 0.19550729, -0.13374175), (-0.11973752, 0.20917293, -0.15942287), (-0.11973752, 0.2051975, -0.16450821), (-0.11973752, 0.17485076, -0.15514217), (-0.11973752, 0.16770844, -0.18179198), (-0.11973752, 0.16851476, -0.20204449), (-0.11973752, 0.16350558, -0.2061192), (-0.11973752, 0.13599874, -0.19023623), (-0.11973752, 0.117038414, -0.20406894), (-0.11973752, 0.11993703, -0.23464985), (-0.11973752, 0.11372573, -0.23772234), (-0.11973752, 0.090432644, -0.21588218), (-0.11973752, 0.06928929, -0.22588055), (-0.11973752, 0.06406873, -0.2547778), (-0.11973752, 0.057796873, -0.2562734), (-0.11973752, 0.03996664, -0.23026872), (-0.11973752, 0.016912423, -0.2347331), (-0.11973752, 0.0062519703, -0.26358563), (-0.11973752, -0.00068085635, -0.26365888), (-0.11973752, -0.012184004, -0.23361045), (-0.11973752, -0.03549632, -0.23303592), (-0.11973752, -0.052813213, -0.25731212), (-0.11973752, -0.05911206, -0.25593853), (-0.11973752, -0.06400177, -0.22515981), (-0.11973752, -0.08667411, -0.21898897), (-0.11973752, -0.10888587, -0.23941536), (-0.11973752, -0.11472862, -0.23667108), (-0.11973752, -0.11245754, -0.20519559), (-0.11973752, -0.13370863, -0.19490843), (-0.11973752, -0.15933618, -0.20982115), (-0.11973752, -0.16479808, -0.20555906), (-0.11973752, -0.15525308, -0.17513032), (-0.11973752, -0.17359917, -0.16057333), (-0.11973752, -0.20234603, -0.16936864), (-0.11973752, -0.2067294, -0.16398963), (-0.11973752, -0.19033293, -0.13619398), (-0.11973752, -0.2049637, -0.11790999), (-0.11973752, -0.23474407, -0.119985186), (-0.11973752, -0.23781778, -0.113771394), (-0.11973752, -0.2133099, -0.08935512), (-0.11973752, -0.22366683, -0.06861022), (-0.11973752, -0.25525358, -0.064664386), (-0.11973752, -0.25686562, -0.057930443), (-0.11973752, -0.23058411, -0.040125497), (-0.11973752, -0.23499918, -0.017242214), (-0.11973752, -0.26312658, -0.0062410804), (-0.11973752, -0.26319972, 0.0006796725), (-0.11973752, -0.23311907, 0.012158374), (-0.11973752, -0.23293069, 0.035480294), (-0.10351167, -0.27187225, 0.048422687), (-0.10351167, -0.27050504, 0.055554494), (-0.10351167, -0.24412398, 0.06287689), (-0.10351167, -0.23904559, 0.08756571), (-0.10351167, -0.2550739, 0.10804184), (-0.10351167, -0.2521449, 0.114711344), (-0.10351167, -0.22411229, 0.115674965), (-0.10351167, -0.21360049, 0.13858461), (-0.10351167, -0.22446308, 0.16196671), (-0.10351167, -0.22012675, 0.1678127), (-0.10351167, -0.19360296, 0.16336143), (-0.10351167, -0.17805526, 0.18330789), (-0.10351167, -0.18257785, 0.20687498), (-0.10351167, -0.17670397, 0.21191423), (-0.10351167, -0.1522808, 0.20200695), (-0.10351167, -0.1327768, 0.2176478), (-0.10351167, -0.1316371, 0.24272336), (-0.10351167, -0.12564074, 0.24588078), (-0.10351167, -0.10389687, 0.2311432), (-0.10351167, -0.08065187, 0.24135016), (-0.10351167, -0.07389761, 0.26439825), (-0.10351167, -0.06738669, 0.26613215), (-0.10351167, -0.049913067, 0.24874283), (-0.10351167, -0.024892328, 0.25292087), (-0.10351167, -0.013298398, 0.27603352), (-0.10351167, -0.0060358355, 0.27628773), (-0.10351167, 0.0069875233, 0.2523481), (-0.10351167, 0.032124285, 0.25211895), (-0.10351167, 0.048521664, 0.27242795), (-0.10351167, 0.055668045, 0.27105793), (-0.10351167, 0.06318583, 0.24532346), (-0.10351167, 0.08777428, 0.23961496), (-0.10351167, 0.106686205, 0.25310802), (-0.10351167, 0.11330449, 0.25021535), (-0.10351167, 0.115621656, 0.22497582), (-0.10351167, 0.13797197, 0.21347491), (-0.10351167, 0.16124295, 0.22346003), (-0.10351167, 0.1670628, 0.21914308), (-0.10351167, 0.16194175, 0.19192047), (-0.10351167, 0.18241267, 0.1771857), (-0.10351167, 0.20746483, 0.18245243), (-0.10351167, 0.21219046, 0.17693432), (-0.10351167, 0.2014697, 0.15173735), (-0.10351167, 0.21797818, 0.13258538), (-0.10351167, 0.24269211, 0.13162015), (-0.10351167, 0.246069, 0.12519336), (-0.10351167, 0.23036969, 0.10318529), (-0.10351167, 0.24095713, 0.08040316), (-0.10351167, 0.2643805, 0.073892646), (-0.10351167, 0.266232, 0.066915534), (-0.10351167, 0.24900864, 0.0496259), (-0.10351167, 0.25350693, 0.024837825), (-0.10351167, 0.27593908, 0.013293851), (-0.10351167, 0.27619323, 0.0060337717), (-0.10351167, 0.25358707, -0.007021828), (-0.10351167, 0.25326174, -0.0322699), (-0.10351167, 0.2712641, -0.04831437), (-0.10351167, 0.26989996, -0.05543023), (-0.10351167, 0.24498369, -0.06309832), (-0.10351167, 0.23881045, -0.08747957), (-0.10351167, 0.25446266, -0.10778293), (-0.10351167, 0.25154066, -0.114436455), (-0.10351167, 0.22558756, -0.11643642), (-0.10351167, 0.21412611, -0.13892564), (-0.10351167, 0.22230798, -0.16100506), (-0.10351167, 0.21828976, -0.16641228), (-0.10351167, 0.1927944, -0.16282387), (-0.10351167, 0.17395163, -0.17955494), (-0.10351167, 0.1823489, -0.2080816), (-0.10351167, 0.1771874, -0.21249399), (-0.10351167, 0.15191698, -0.20189227), (-0.10351167, 0.13213706, -0.21788585), (-0.10351167, 0.1315902, -0.24263689), (-0.10351167, 0.12516487, -0.246013), (-0.10351167, 0.10352537, -0.23112893), (-0.10351167, 0.08061233, -0.24158402), (-0.10351167, 0.07403328, -0.26668626), (-0.10351167, 0.06746618, -0.2684228), (-0.10351167, 0.04907682, -0.24681778), (-0.10351167, 0.024284573, -0.251264), (-0.10351167, 0.013296785, -0.27600002), (-0.10351167, 0.006035104, -0.27625424), (-0.10351167, -0.0069788834, -0.25203598), (-0.10351167, -0.031388503, -0.24634436), (-0.10351167, -0.048898056, -0.27178037), (-0.10351167, -0.05555315, -0.27049848), (-0.10351167, -0.06320411, -0.24494992), (-0.10351167, -0.08623014, -0.23444471), (-0.10351167, -0.10799417, -0.25372192), (-0.10351167, -0.11418829, -0.2509952), (-0.10351167, -0.11655449, -0.22557369), (-0.10351167, -0.13862897, -0.21305479), (-0.10351167, -0.1614717, -0.22377706), (-0.10351167, -0.16729982, -0.21945399), (-0.10351167, -0.16294402, -0.19310826), (-0.10351167, -0.18108855, -0.17589952), (-0.10351167, -0.20750414, -0.182487), (-0.10351167, -0.21223067, -0.17696784), (-0.10351167, -0.20150457, -0.15176362), (-0.10351167, -0.217521, -0.1323073), (-0.10351167, -0.2418964, -0.13118862), (-0.10351167, -0.2452622, -0.12478289), (-0.10351167, -0.2306529, -0.10331215), (-0.10351167, -0.2421512, -0.08080159), (-0.10351167, -0.26604307, -0.07435732), (-0.10351167, -0.26790622, -0.067336336), (-0.10351167, -0.24814323, -0.049453434), (-0.10351167, -0.24846512, -0.024343846), (-0.10351167, -0.27595818, -0.013294769), (-0.10351167, -0.27621233, -0.0060341903), (-0.10351167, -0.25291687, 0.0070032706), (-0.10351167, -0.2518249, 0.03208682), (-0.08207242, -0.28996664, 0.035612017), (-0.08207242, -0.28893, 0.04322402), (-0.08207242, -0.26939276, 0.054054845), (-0.08207242, -0.2633583, 0.0806233), (-0.08207242, -0.2745274, 0.0991544), (-0.08207242, -0.2718253, 0.10633847), (-0.08207242, -0.2505832, 0.11263296), (-0.08207242, -0.23878747, 0.13718882), (-0.08207242, -0.24571256, 0.15784132), (-0.08207242, -0.24147737, 0.16424745), (-0.08207242, -0.21920499, 0.1655446), (-0.08207242, -0.2016215, 0.18628234), (-0.08207242, -0.20498055, 0.2083907), (-0.08207242, -0.19905534, 0.21405765), (-0.08207242, -0.17671418, 0.20979759), (-0.08207242, -0.15548433, 0.22637749), (-0.08207242, -0.15297511, 0.24895182), (-0.08207242, -0.14681944, 0.25263104), (-0.08207242, -0.12561424, 0.24336497), (-0.08207242, -0.101222135, 0.2559798), (-0.08207242, -0.09361606, 0.2763764), (-0.08207242, -0.08680525, 0.27859062), (-0.08207242, -0.06829807, 0.2651648), (-0.08207242, -0.041595746, 0.27125332), (-0.08207242, -0.029788388, 0.2904639), (-0.08207242, -0.022140691, 0.29114673), (-0.08207242, -0.0072365203, 0.27430937), (-0.08207242, 0.019917065, 0.273568), (-0.08207242, 0.035564743, 0.28958172), (-0.08207242, 0.043166645, 0.28854644), (-0.08207242, 0.05377274, 0.26798683), (-0.08207242, 0.080443226, 0.26277012), (-0.08207242, 0.09879039, 0.27502772), (-0.08207242, 0.10598776, 0.27233505), (-0.08207242, 0.11166581, 0.24960075), (-0.08207242, 0.13645214, 0.2384721), (-0.08207242, 0.15767471, 0.24545324), (-0.08207242, 0.1640741, 0.24122249), (-0.08207242, 0.16536109, 0.21896201), (-0.08207242, 0.18668506, 0.20205739), (-0.08207242, 0.20837542, 0.20424803), (-0.08207242, 0.21367384, 0.19869843), (-0.08207242, 0.2083157, 0.17530997), (-0.08207242, 0.22469833, 0.15389661), (-0.08207242, 0.24857776, 0.15274525), (-0.08207242, 0.25250807, 0.14615639), (-0.08207242, 0.2429675, 0.12500478), (-0.08207242, 0.2551069, 0.10074769), (-0.08207242, 0.27614114, 0.093536384), (-0.08207242, 0.27850512, 0.08624324), (-0.08207242, 0.26576555, 0.06808031), (-0.08207242, 0.27123106, 0.04147067), (-0.08207242, 0.29046452, 0.029788451), (-0.08207242, 0.29114735, 0.02214074), (-0.08207242, 0.27426022, 0.0072352276), (-0.08207242, 0.2736731, -0.019924715), (-0.08207242, 0.28983787, -0.035596203), (-0.08207242, 0.28880173, -0.043204833), (-0.08207242, 0.2689045, -0.053956874), (-0.08207242, 0.26307428, -0.08053634), (-0.08207242, 0.27471378, -0.099221714), (-0.08207242, 0.27200988, -0.106410675), (-0.08207242, 0.25103077, -0.11283415), (-0.08207242, 0.23797955, -0.13672465), (-0.08207242, 0.24506466, -0.15803273), (-0.08207242, 0.24111252, -0.16399932), (-0.08207242, 0.21835217, -0.16505086), (-0.08207242, 0.2018874, -0.18702063), (-0.08207242, 0.20385447, -0.20870459), (-0.08207242, 0.1986712, -0.21364456), (-0.08207242, 0.17617743, -0.20953283), (-0.08207242, 0.15475981, -0.22659716), (-0.08207242, 0.15300037, -0.24899296), (-0.08207242, 0.14640051, -0.25292984), (-0.08207242, 0.12539613, -0.24372819), (-0.08207242, 0.101074904, -0.25593543), (-0.08207242, 0.09321728, -0.2767951), (-0.08207242, 0.08639631, -0.27899936), (-0.08207242, 0.06784226, -0.26531994), (-0.08207242, 0.04125071, -0.27218735), (-0.08207242, 0.029818635, -0.29075882), (-0.08207242, 0.022163173, -0.29144236), (-0.08207242, 0.007216886, -0.27356508), (-0.08207242, -0.01999621, -0.2746551), (-0.08207242, -0.03610606, -0.2897894), (-0.08207242, -0.043206975, -0.28881603), (-0.08207242, -0.053991605, -0.26846752), (-0.08207242, -0.080973476, -0.26326498), (-0.08207242, -0.09963494, -0.27435154), (-0.08207242, -0.10633786, -0.27182376), (-0.08207242, -0.11237389, -0.24971405), (-0.08207242, -0.13744107, -0.23849997), (-0.08207242, -0.15790518, -0.24581197), (-0.08207242, -0.16431391, -0.24157505), (-0.08207242, -0.16558208, -0.21925464), (-0.08207242, -0.18695943, -0.20235436), (-0.08207242, -0.20879434, -0.20465864), (-0.08207242, -0.2141034, -0.19909787), (-0.08207242, -0.21023424, -0.17692451), (-0.08207242, -0.22671695, -0.15527914), (-0.08207242, -0.24900344, -0.1530068), (-0.08207242, -0.25294048, -0.14640668), (-0.08207242, -0.24426112, -0.12567034), (-0.08207242, -0.25625512, -0.101201154), (-0.08207242, -0.27692285, -0.09380117), (-0.08207242, -0.27929354, -0.08648739), (-0.08207242, -0.2661969, -0.068190806), (-0.08207242, -0.27234665, -0.041641243), (-0.08207242, -0.29082194, -0.029825103), (-0.08207242, -0.2915056, -0.022167983), (-0.08207242, -0.27468693, -0.0072464817), (-0.08207242, -0.27477023, 0.020004593), (-0.056334484, -0.3001563, 0.020461107), (-0.056334484, -0.29951453, 0.028346278), (-0.056334484, -0.2820232, 0.040861383), (-0.056334484, -0.2761604, 0.06844124), (-0.056334484, -0.28811693, 0.08675097), (-0.056334484, -0.28573632, 0.09429666), (-0.056334484, -0.26583397, 0.102583006), (-0.056334484, -0.25397936, 0.12816288), (-0.056334484, -0.2613948, 0.14857742), (-0.056334484, -0.25739777, 0.15539911), (-0.056334484, -0.23631188, 0.15914431), (-0.056334484, -0.2186783, 0.1811221), (-0.056334484, -0.22222848, 0.20271419), (-0.056334484, -0.2164557, 0.20886712), (-0.056334484, -0.19433402, 0.2068748), (-0.056334484, -0.17332582, 0.22519287), (-0.056334484, -0.1710336, 0.24726464), (-0.056334484, -0.16491391, 0.25138754), (-0.056334484, -0.14414085, 0.24565522), (-0.056334484, -0.11887583, 0.25872463), (-0.056334484, -0.11173633, 0.27915487), (-0.056334484, -0.10485187, 0.28181294), (-0.056334484, -0.085632645, 0.27084032), (-0.056334484, -0.05808854, 0.27756643), (-0.056334484, -0.04679429, 0.29687503), (-0.056334484, -0.038972143, 0.2980028), (-0.056334484, -0.022841595, 0.28308347), (-0.056334484, 0.005276162, 0.28459293), (-0.056334484, 0.0204363, 0.2997924), (-0.056334484, 0.02831191, 0.2991514), (-0.056334484, 0.040809423, 0.28166458), (-0.056334484, 0.06844649, 0.27618155), (-0.056334484, 0.086178, 0.2880422), (-0.056334484, 0.09372192, 0.28567666), (-0.056334484, 0.10198662, 0.26567423), (-0.056334484, 0.1276411, 0.25405174), (-0.056334484, 0.14842194, 0.2611213), (-0.056334484, 0.1552365, 0.25712842), (-0.056334484, 0.15897141, 0.23605512), (-0.056334484, 0.18151687, 0.21915492), (-0.056334484, 0.20284043, 0.22158542), (-0.056334484, 0.20859663, 0.21617538), (-0.056334484, 0.20689295, 0.19418044), (-0.056334484, 0.22579639, 0.17331806), (-0.056334484, 0.24702236, 0.17086603), (-0.056334484, 0.25142968, 0.1643118), (-0.056334484, 0.24563037, 0.14369245), (-0.056334484, 0.2588452, 0.11879386), (-0.056334484, 0.27894875, 0.111653835), (-0.056334484, 0.28178814, 0.10428061), (-0.056334484, 0.2714235, 0.08542465), (-0.056334484, 0.27835533, 0.058126304), (-0.056334484, 0.29672933, 0.04677132), (-0.056334484, 0.2978565, 0.038953014), (-0.056334484, 0.28363144, 0.02288581), (-0.056334484, 0.28431678, -0.0052710427), (-0.056334484, 0.29973295, -0.020432249), (-0.056334484, 0.2990921, -0.028306298), (-0.056334484, 0.2815306, -0.04079001), (-0.056334484, 0.2762702, -0.06846847), (-0.056334484, 0.28778258, -0.0866503), (-0.056334484, 0.28540474, -0.09418724), (-0.056334484, 0.26542148, -0.10242383), (-0.056334484, 0.25361326, -0.12797815), (-0.056334484, 0.26105127, -0.14898826), (-0.056334484, 0.2573163, -0.15534993), (-0.056334484, 0.23584972, -0.15898338), (-0.056334484, 0.21880516, -0.18171276), (-0.056334484, 0.22125512, -0.20325214), (-0.056334484, 0.21620043, -0.2086208), (-0.056334484, 0.19458848, -0.20750989), (-0.056334484, 0.17282046, -0.2257621), (-0.056334484, 0.17108016, -0.24733193), (-0.056334484, 0.16451772, -0.25174478), (-0.056334484, 0.14370129, -0.24564548), (-0.056334484, 0.11853168, -0.25827393), (-0.056334484, 0.111242734, -0.2793402), (-0.056334484, 0.104353875, -0.2819861), (-0.056334484, 0.0853121, -0.27148134), (-0.056334484, 0.057832755, -0.27878097), (-0.056334484, 0.046833336, -0.29712278), (-0.056334484, 0.039004665, -0.29825145), (-0.056334484, 0.02289892, -0.28379393), (-0.056334484, -0.005280291, -0.2848156), (-0.056334484, -0.020983549, -0.30006653), (-0.056334484, -0.02834123, -0.2994612), (-0.056334484, -0.0409687, -0.28189322), (-0.056334484, -0.06887568, -0.27635658), (-0.056334484, -0.08724402, -0.28792506), (-0.056334484, -0.09428378, -0.28569728), (-0.056334484, -0.102728784, -0.26586473), (-0.056334484, -0.128897, -0.2546013), (-0.056334484, -0.148674, -0.2615647), (-0.056334484, -0.15550011, -0.25756508), (-0.056334484, -0.15917517, -0.23635769), (-0.056334484, -0.18140343, -0.21901797), (-0.056334484, -0.20312624, -0.22189765), (-0.056334484, -0.20889053, -0.21647997), (-0.056334484, -0.20769358, -0.19493188), (-0.056334484, -0.2259072, -0.17340311), (-0.056334484, -0.24746066, -0.17116919), (-0.056334484, -0.2518758, -0.16460334), (-0.056334484, -0.24598846, -0.14390193), (-0.056334484, -0.25836852, -0.11857509), (-0.056334484, -0.2792756, -0.11178466), (-0.056334484, -0.2821183, -0.1044028), (-0.056334484, -0.27184623, -0.0855577), (-0.056334484, -0.27827558, -0.058109645), (-0.056334484, -0.29714814, -0.046837337), (-0.056334484, -0.29827693, -0.039007995), (-0.056334484, -0.2841986, -0.022931574), (-0.056334484, -0.28491396, 0.005282115), (-0.028430978, -0.30381668, 0.0037559234), (-0.028430978, -0.3036129, 0.011743114), (-0.028430978, -0.28698024, 0.025372962), (-0.028430978, -0.283107, 0.053635973), (-0.028430978, -0.295382, 0.07127177), (-0.028430978, -0.29340586, 0.07901383), (-0.028430978, -0.2741202, 0.08858983), (-0.028430978, -0.26404703, 0.115276754), (-0.028430978, -0.27204448, 0.13517761), (-0.028430978, -0.26839608, 0.14228396), (-0.028430978, -0.24749595, 0.14734332), (-0.028430978, -0.23181885, 0.17117465), (-0.028430978, -0.23545882, 0.19189365), (-0.028430978, -0.22998428, 0.19842191), (-0.028430978, -0.20856209, 0.1986034), (-0.028430978, -0.18821189, 0.21822958), (-0.028430978, -0.18638934, 0.23974562), (-0.028430978, -0.18044955, 0.24424765), (-0.028430978, -0.15938191, 0.23994198), (-0.028430978, -0.1346618, 0.25466788), (-0.028430978, -0.12836032, 0.27519426), (-0.028430978, -0.12156805, 0.2782615), (-0.028430978, -0.1019469, 0.26926816), (-0.028430978, -0.07465276, 0.27838272), (-0.028430978, -0.06387719, 0.2967256), (-0.028430978, -0.05605306, 0.2983026), (-0.028430978, -0.039085276, 0.28516093), (-0.028430978, -0.010700925, 0.28780666), (-0.028430978, 0.0037525916, 0.30354717), (-0.028430978, 0.011732698, 0.30334356), (-0.028430978, 0.02535094, 0.28673118), (-0.028430978, 0.0535967, 0.28289974), (-0.028430978, 0.070672795, 0.29516807), (-0.028430978, 0.07840944, 0.2932078), (-0.028430978, 0.08808469, 0.274199), (-0.028430978, 0.11473489, 0.2640674), (-0.028430978, 0.13502944, 0.27174625), (-0.028430978, 0.14212798, 0.26810184), (-0.028430978, 0.1471815, 0.24722412), (-0.028430978, 0.17098126, 0.23155695), (-0.028430978, 0.19209525, 0.23486416), (-0.028430978, 0.1982043, 0.22973205), (-0.028430978, 0.19851507, 0.20828645), (-0.028430978, 0.21821576, 0.1877002), (-0.028430978, 0.23947568, 0.18617947), (-0.028430978, 0.24428825, 0.17981839), (-0.028430978, 0.23978104, 0.15882102), (-0.028430978, 0.25450385, 0.13443236), (-0.028430978, 0.27500445, 0.12827177), (-0.028430978, 0.27828214, 0.12099652), (-0.028430978, 0.26915926, 0.10150123), (-0.028430978, 0.2781132, 0.07444984), (-0.028430978, 0.29662102, 0.06385467), (-0.028430978, 0.29819745, 0.056033306), (-0.028430978, 0.28502515, 0.03906667), (-0.028430978, 0.28779835, 0.010700615), (-0.028430978, 0.30337366, -0.0037504467), (-0.028430978, 0.30317017, -0.011725992), (-0.028430978, 0.28681824, -0.025358636), (-0.028430978, 0.28265855, -0.053551007), (-0.028430978, 0.29502288, -0.07118511), (-0.028430978, 0.29304913, -0.078917764), (-0.028430978, 0.2740081, -0.0885536), (-0.028430978, 0.26368326, -0.115117945), (-0.028430978, 0.27151588, -0.13550901), (-0.028430978, 0.26810855, -0.14213154), (-0.028430978, 0.24722828, -0.14733078), (-0.028430978, 0.23123798, -0.17121601), (-0.028430978, 0.23444834, -0.1924421), (-0.028430978, 0.22965497, -0.19813778), (-0.028430978, 0.20825897, -0.19866315), (-0.028430978, 0.18736978, -0.21841186), (-0.028430978, 0.18628165, -0.2396071), (-0.028430978, 0.17991707, -0.24442232), (-0.028430978, 0.15897034, -0.2400065), (-0.028430978, 0.13455649, -0.25473887), (-0.028430978, 0.12788646, -0.27543783), (-0.028430978, 0.12108837, -0.27849334), (-0.028430978, 0.10147195, -0.26943925), (-0.028430978, 0.07413305, -0.27839467), (-0.028430978, 0.063896984, -0.29681754), (-0.028430978, 0.056070432, -0.29839504), (-0.028430978, 0.039120536, -0.28541815), (-0.028430978, 0.0107074715, -0.28798276), (-0.028430978, -0.0042863768, -0.30365604), (-0.028430978, -0.011737178, -0.3034594), (-0.028430978, -0.025499439, -0.286977), (-0.028430978, -0.0540346, -0.28317475), (-0.028430978, -0.07174429, -0.29507065), (-0.028430978, -0.07896408, -0.29322112), (-0.028430978, -0.08870823, -0.27407598), (-0.028430978, -0.11566331, -0.26398534), (-0.028430978, -0.13515371, -0.27199635), (-0.028430978, -0.14225881, -0.2683486), (-0.028430978, -0.14741139, -0.24761027), (-0.028430978, -0.17130807, -0.23199953), (-0.028430978, -0.1923714, -0.2352018), (-0.028430978, -0.19848923, -0.2300623), (-0.028430978, -0.1987615, -0.20854501), (-0.028430978, -0.21858582, -0.1880185), (-0.028430978, -0.23983714, -0.1864605), (-0.028430978, -0.24465697, -0.1800898), (-0.028430978, -0.24019572, -0.15909569), (-0.028430978, -0.25485745, -0.13461915), (-0.028430978, -0.27540064, -0.12845656), (-0.028430978, -0.278683, -0.121170826), (-0.028430978, -0.26958144, -0.10166044), (-0.028430978, -0.27843088, -0.07453488), (-0.028430978, -0.2970515, -0.063947335), (-0.028430978, -0.2986302, -0.056114618), (-0.028430978, -0.28537086, -0.03911405), (-0.028430978, -0.28810915, -0.010712171), (6.31239e-17, -0.30483517, -1.3529965e-19), (6.31239e-17, -0.30472976, 0.008015269), (6.31239e-17, -0.2889459, 0.021950677), (6.31239e-17, -0.28518912, 0.05038678), (6.31239e-17, -0.29711565, 0.06781471), (6.31239e-17, -0.29522982, 0.07560356), (6.31239e-17, -0.27661008, 0.0856328), (6.31239e-17, -0.2667934, 0.11256997), (6.31239e-17, -0.27445632, 0.1321712), (6.31239e-17, -0.27088615, 0.139342), (6.31239e-17, -0.25071606, 0.14509305), (6.31239e-17, -0.2350597, 0.16911799), (6.31239e-17, -0.23861718, 0.18960744), (6.31239e-17, -0.23320553, 0.19622517), (6.31239e-17, -0.21223067, 0.1971522), (6.31239e-17, -0.19179516, 0.21690415), (6.31239e-17, -0.1899554, 0.23819654), (6.31239e-17, -0.18405256, 0.24278654), (6.31239e-17, -0.16310826, 0.23908575), (6.31239e-17, -0.13845232, 0.25418216), (6.31239e-17, -0.1321747, 0.2744636), (6.31239e-17, -0.12539922, 0.27762467), (6.31239e-17, -0.105876416, 0.26953712), (6.31239e-17, -0.07840436, 0.2785616), (6.31239e-17, -0.06778094, 0.2969677), (6.31239e-17, -0.0599491, 0.29864722), (6.31239e-17, -0.042860813, 0.2863496), (6.31239e-17, -0.014324228, 0.28899187), (6.31239e-17, -1.8786776e-17, 0.30460343), (6.31239e-17, 0.008009176, 0.3044981), (6.31239e-17, 0.021915874, 0.2884878), (6.31239e-17, 0.050346535, 0.28496134), (6.31239e-17, 0.06723666, 0.29698205), (6.31239e-17, 0.0750222, 0.29511145), (6.31239e-17, 0.08508443, 0.276554), (6.31239e-17, 0.11176972, 0.26619878), (6.31239e-17, 0.13210136, 0.27431127), (6.31239e-17, 0.13926837, 0.270743), (6.31239e-17, 0.14493841, 0.25044885), (6.31239e-17, 0.16901033, 0.23491006), (6.31239e-17, 0.18980262, 0.23800495), (6.31239e-17, 0.19599505, 0.23293205), (6.31239e-17, 0.19705376, 0.21193834), (6.31239e-17, 0.2168796, 0.19126593), (6.31239e-17, 0.23793405, 0.18974608), (6.31239e-17, 0.24284093, 0.1834243), (6.31239e-17, 0.23863436, 0.16234092), (6.31239e-17, 0.25344682, 0.13790777), (6.31239e-17, 0.27430826, 0.1320999), (6.31239e-17, 0.27768683, 0.12484163), (6.31239e-17, 0.26946622, 0.10543981), (6.31239e-17, 0.27840847, 0.07822959), (6.31239e-17, 0.29681155, 0.0677453), (6.31239e-17, 0.29849023, 0.05991758), (6.31239e-17, 0.28596178, 0.042802766), (6.31239e-17, 0.28892556, 0.014320942), (6.31239e-17, 0.304363, 3.7408806e-17), (6.31239e-17, 0.30425778, -0.008002855), (6.31239e-17, 0.28836727, -0.021906719), (6.31239e-17, 0.28460282, -0.050283197), (6.31239e-17, 0.29667798, -0.06771481), (6.31239e-17, 0.29479492, -0.07549219), (6.31239e-17, 0.2763312, -0.08554646), (6.31239e-17, 0.26629794, -0.11236092), (6.31239e-17, 0.2741069, -0.13259542), (6.31239e-17, 0.27077028, -0.13928239), (6.31239e-17, 0.2502723, -0.1449827), (6.31239e-17, 0.23455217, -0.16922133), (6.31239e-17, 0.23773779, -0.19027236), (6.31239e-17, 0.23299667, -0.19604944), (6.31239e-17, 0.21193695, -0.19722572), (6.31239e-17, 0.19104022, -0.21719868), (6.31239e-17, 0.18976018, -0.23795174), (6.31239e-17, 0.18343791, -0.24285898), (6.31239e-17, 0.16282162, -0.23934098), (6.31239e-17, 0.13831797, -0.25420067), (6.31239e-17, 0.13167475, -0.27465615), (6.31239e-17, 0.1248947, -0.27780488), (6.31239e-17, 0.105381645, -0.2696658), (6.31239e-17, 0.07791553, -0.27869734), (6.31239e-17, 0.067779735, -0.2969624), (6.31239e-17, 0.059948035, -0.29864192), (6.31239e-17, 0.042871796, -0.28642297), (6.31239e-17, 0.01433196, -0.28914785), (6.31239e-17, -0.00053405156, -0.30462876), (6.31239e-17, -0.008009855, -0.30452392), (6.31239e-17, -0.02206764, -0.28880966), (6.31239e-17, -0.050748732, -0.28504968), (6.31239e-17, -0.06829142, -0.2968048), (6.31239e-17, -0.0755548, -0.29503945), (6.31239e-17, -0.085780844, -0.276659), (6.31239e-17, -0.112925984, -0.26665774), (6.31239e-17, -0.1322396, -0.27459833), (6.31239e-17, -0.1394141, -0.2710263), (6.31239e-17, -0.14510411, -0.25073516), (6.31239e-17, -0.16914058, -0.2350911), (6.31239e-17, -0.18993978, -0.23817696), (6.31239e-17, -0.1961367, -0.23310038), (6.31239e-17, -0.19730918, -0.21221305), (6.31239e-17, -0.21723597, -0.19158019), (6.31239e-17, -0.2382522, -0.18999977), (6.31239e-17, -0.24316563, -0.18366954), (6.31239e-17, -0.23959896, -0.16299713), (6.31239e-17, -0.25438157, -0.13841641), (6.31239e-17, -0.27451277, -0.13219838), (6.31239e-17, -0.27789384, -0.124934696), (6.31239e-17, -0.2698699, -0.105597764), (6.31239e-17, -0.27886832, -0.07835881), (6.31239e-17, -0.29706663, -0.06780352), (6.31239e-17, -0.2987467, -0.059969068), (6.31239e-17, -0.28666347, -0.042907793), (6.31239e-17, -0.2893051, -0.0143397525), (0.028430978, -0.30382437, 0.003783444), (0.028430978, -0.30361983, 0.011770828), (0.028430978, -0.2871208, 0.025411502), (0.028430978, -0.28333518, 0.05370569), (0.028430978, -0.29538414, 0.0713005), (0.028430978, -0.29340726, 0.07904261), (0.028430978, -0.27426758, 0.08866481), (0.028430978, -0.26425424, 0.11539561), (0.028430978, -0.27202606, 0.13519908), (0.028430978, -0.2683771, 0.14230494), (0.028430978, -0.24763292, 0.14745514), (0.028430978, -0.2317004, 0.17111951), (0.028430978, -0.2354401, 0.19191378), (0.028430978, -0.22996503, 0.1984415), (0.028430978, -0.20865172, 0.19872467), (0.028430978, -0.18803172, 0.21806046), (0.028430978, -0.186389, 0.23978984), (0.028430978, -0.18044813, 0.24429183), (0.028430978, -0.15937597, 0.23998003), (0.028430978, -0.13471438, 0.25482297), (0.028430978, -0.12833326, 0.27520108), (0.028430978, -0.12154083, 0.27826765), (0.028430978, -0.10196185, 0.2693811), (0.028430978, -0.07453155, 0.278031), (0.028430978, -0.06385884, 0.29677057), (0.028430978, -0.056033537, 0.29834706), (0.028430978, -0.039085362, 0.28535298), (0.028430978, -0.0106792925, 0.28792474), (0.028430978, 0.0037796057, 0.30351612), (0.028430978, 0.011758886, 0.30331182), (0.028430978, 0.025388101, 0.28685638), (0.028430978, 0.05360086, 0.28278214), (0.028430978, 0.070713624, 0.29522097), (0.028430978, 0.078451656, 0.2932596), (0.028430978, 0.08808632, 0.2741191), (0.028430978, 0.114677586, 0.26387036), (0.028430978, 0.13508782, 0.2718022), (0.028430978, 0.14218783, 0.26815626), (0.028430978, 0.14722326, 0.2472435), (0.028430978, 0.17100921, 0.23155107), (0.028430978, 0.19219725, 0.23494563), (0.028430978, 0.19830841, 0.22981079), (0.028430978, 0.19852841, 0.2082628), (0.028430978, 0.21811733, 0.18758129), (0.028430978, 0.23960787, 0.18624754), (0.028430978, 0.24442217, 0.17988296), (0.028430978, 0.23964791, 0.15870172), (0.028430978, 0.25439188, 0.13434385), (0.028430978, 0.27492896, 0.12820636), (0.028430978, 0.27820495, 0.1209331), (0.028430978, 0.2692065, 0.10149129), (0.028430978, 0.27789226, 0.07436382), (0.028430978, 0.29665303, 0.06383354), (0.028430978, 0.2982289, 0.05601135), (0.028430978, 0.2850464, 0.03904337), (0.028430978, 0.28767058, 0.010669867), (0.028430978, 0.30343148, -0.0037785515), (0.028430978, 0.3032272, -0.011755606), (0.028430978, 0.2867275, -0.025376694), (0.028430978, 0.28296605, -0.05363572), (0.028430978, 0.29487872, -0.071178496), (0.028430978, 0.29290524, -0.07890736), (0.028430978, 0.27391416, -0.08855055), (0.028430978, 0.2639962, -0.11528294), (0.028430978, 0.27142248, -0.13549301), (0.028430978, 0.2680156, -0.14211325), (0.028430978, 0.24722761, -0.14736061), (0.028430978, 0.2314766, -0.17142504), (0.028430978, 0.23436186, -0.1924065), (0.028430978, 0.22956938, -0.19810008), (0.028430978, 0.20826799, -0.19870764), (0.028430978, 0.18761446, -0.218737), (0.028430978, 0.18635392, -0.23974472), (0.028430978, 0.1799857, -0.24456179), (0.028430978, 0.1589683, -0.24005046), (0.028430978, 0.13441008, -0.2545173), (0.028430978, 0.1278094, -0.27533692), (0.028430978, 0.12101379, -0.27839056), (0.028430978, 0.10146054, -0.26948267), (0.028430978, 0.07412825, -0.2784777), (0.028430978, 0.06385568, -0.29675588), (0.028430978, 0.056030765, -0.29833227), (0.028430978, 0.039093427, -0.28541186), (0.028430978, 0.010672034, -0.28772902), (0.028430978, -0.0043148617, -0.3037316), (0.028430978, -0.011767509, -0.30353424), (0.028430978, -0.025527008, -0.28699344), (0.028430978, -0.054012094, -0.28291816), (0.028430978, -0.07174874, -0.294973), (0.028430978, -0.07896613, -0.29312336), (0.028430978, -0.0887604, -0.2741527), (0.028430978, -0.11562931, -0.26384294), (0.028430978, -0.13520075, -0.2720294), (0.028430978, -0.14230669, -0.2683804), (0.028430978, -0.14745769, -0.24763718), (0.028430978, -0.17114827, -0.23173936), (0.028430978, -0.19236065, -0.23514536), (0.028430978, -0.198477, -0.23000616), (0.028430978, -0.1988801, -0.20863175), (0.028430978, -0.218442, -0.18786049), (0.028430978, -0.23983699, -0.18642564), (0.028430978, -0.24465589, -0.18005496), (0.028430978, -0.24022849, -0.1590862), (0.028430978, -0.25475782, -0.13453709), (0.028430978, -0.27523443, -0.12834878), (0.028430978, -0.27851403, -0.121067464), (0.028430978, -0.26973015, -0.10168871), (0.028430978, -0.27830988, -0.07447557), (0.028430978, -0.29689705, -0.063886054), (0.028430978, -0.29847422, -0.05605742), (0.028430978, -0.2855977, -0.039118886), (0.028430978, -0.2879281, -0.010679417), (0.056334484, -0.3001239, 0.020505989), (0.056334484, -0.29948094, 0.028390292), (0.056334484, -0.28193292, 0.04089326), (0.056334484, -0.27646774, 0.068563245), (0.056334484, -0.28789562, 0.08673336), (0.056334484, -0.28551552, 0.09427324), (0.056334484, -0.26573902, 0.10259404), (0.056334484, -0.25412947, 0.12828842), (0.056334484, -0.26140362, 0.14863645), (0.056334484, -0.25740504, 0.15545835), (0.056334484, -0.23637654, 0.15924153), (0.056334484, -0.21918091, 0.18159612), (0.056334484, -0.22210123, 0.20266165), (0.056334484, -0.21632995, 0.20881103), (0.056334484, -0.1952215, 0.20788461), (0.056334484, -0.17349182, 0.22548139), (0.056334484, -0.17106633, 0.24739453), (0.056334484, -0.16494346, 0.2515182), (0.056334484, -0.14408757, 0.24565232), (0.056334484, -0.118649565, 0.2583385), (0.056334484, -0.111688636, 0.27916208), (0.056334484, -0.104804024, 0.28181896), (0.056334484, -0.08588389, 0.2717826), (0.056334484, -0.05835444, 0.27905437), (0.056334484, -0.046739344, 0.29682785), (0.056334484, -0.038918458, 0.29795417), (0.056334484, -0.022868415, 0.28396907), (0.056334484, 0.0053240703, 0.2847772), (0.056334484, 0.020470502, 0.29960454), (0.056334484, 0.028341163, 0.2989627), (0.056334484, 0.0409181, 0.2821042), (0.056334484, 0.06854871, 0.2764091), (0.056334484, 0.08620698, 0.28797528), (0.056334484, 0.093749136, 0.285609), (0.056334484, 0.10222894, 0.26618123), (0.056334484, 0.12769033, 0.25405082), (0.056334484, 0.14842312, 0.26102844), (0.056334484, 0.15523523, 0.25703558), (0.056334484, 0.1592666, 0.23641379), (0.056334484, 0.1813275, 0.21885672), (0.056334484, 0.20276468, 0.22143322), (0.056334484, 0.2085169, 0.21602522), (0.056334484, 0.20786165, 0.19502856), (0.056334484, 0.22509693, 0.17272529), (0.056334484, 0.24706323, 0.17083725), (0.056334484, 0.25146976, 0.16428196), (0.056334484, 0.24603514, 0.14387767), (0.056334484, 0.25788045, 0.11830236), (0.056334484, 0.27897662, 0.11161443), (0.056334484, 0.2818149, 0.10424049), (0.056334484, 0.27187827, 0.08552111), (0.056334484, 0.27828005, 0.058065236), (0.056334484, 0.29681382, 0.046737134), (0.056334484, 0.2979401, 0.038916618), (0.056334484, 0.2840986, 0.022878848), (0.056334484, 0.28432572, -0.00531563), (0.056334484, 0.29974577, -0.020480152), (0.056334484, 0.29910362, -0.02835452), (0.056334484, 0.28169298, -0.040858455), (0.056334484, 0.27616128, -0.06848724), (0.056334484, 0.2875162, -0.08661907), (0.056334484, 0.2851393, -0.094149016), (0.056334484, 0.26556388, -0.10252644), (0.056334484, 0.25365183, -0.1280473), (0.056334484, 0.26088902, -0.14894968), (0.056334484, 0.25715503, -0.15530735), (0.056334484, 0.23635468, -0.15937746), (0.056334484, 0.21851328, -0.18152802), (0.056334484, 0.22136806, -0.20341964), (0.056334484, 0.21630922, -0.208791), (0.056334484, 0.1947507, -0.2077479), (0.056334484, 0.17323007, -0.22637041), (0.056334484, 0.17098257, -0.24727337), (0.056334484, 0.16442169, -0.25168365), (0.056334484, 0.143495, -0.24538074), (0.056334484, 0.11870692, -0.25876233), (0.056334484, 0.111157246, -0.27925238), (0.056334484, 0.10427057, -0.28189623), (0.056334484, 0.0853827, -0.2718545), (0.056334484, 0.05782726, -0.27897355), (0.056334484, 0.046769958, -0.29702222), (0.056334484, 0.038943946, -0.29814932), (0.056334484, 0.022868833, -0.28397423), (0.056334484, -0.0053192717, -0.28452054), (0.056334484, -0.021021416, -0.29993492), (0.056334484, -0.028375855, -0.29932868), (0.056334484, -0.041051783, -0.28215528), (0.056334484, -0.06902258, -0.2767618), (0.056334484, -0.087265596, -0.2878343), (0.056334484, -0.094303116, -0.285606), (0.056334484, -0.10282291, -0.26598477), (0.056334484, -0.12852357, -0.25376534), (0.056334484, -0.14862576, -0.26138481), (0.056334484, -0.15544717, -0.25738654), (0.056334484, -0.15937492, -0.23657453), (0.056334484, -0.18162702, -0.21921822), (0.056334484, -0.20314316, -0.22184657), (0.056334484, -0.20890611, -0.21642847), (0.056334484, -0.20804061, -0.19519648), (0.056334484, -0.2259417, -0.17337352), (0.056334484, -0.24735202, -0.17103694), (0.056334484, -0.2517637, -0.16447398), (0.056334484, -0.24603367, -0.1438768), (0.056334484, -0.25893056, -0.11878407), (0.056334484, -0.27918175, -0.11169652), (0.056334484, -0.28202215, -0.10431715), (0.056334484, -0.27198595, -0.08555498), (0.056334484, -0.27887002, -0.05818833), (0.056334484, -0.2970379, -0.04677242), (0.056334484, -0.29816505, -0.038946), (0.056334484, -0.28426364, -0.022892138), (0.056334484, -0.28456232, 0.005320052), (0.08207242, -0.2894714, 0.035830483), (0.08207242, -0.28842917, 0.04342939), (0.08207242, -0.2685602, 0.05415335), (0.08207242, -0.26321858, 0.0808542), (0.08207242, -0.27442408, 0.099412), (0.08207242, -0.27171525, 0.10659328), (0.08207242, -0.2506026, 0.1129281), (0.08207242, -0.23838289, 0.13725789), (0.08207242, -0.24538936, 0.15796335), (0.08207242, -0.24115103, 0.16436094), (0.08207242, -0.2190904, 0.16578525), (0.08207242, -0.20183352, 0.18683408), (0.08207242, -0.2045719, 0.20837098), (0.08207242, -0.19864741, 0.2140265), (0.08207242, -0.17682533, 0.21033491), (0.08207242, -0.15539268, 0.2267054), (0.08207242, -0.15265867, 0.24896702), (0.08207242, -0.14650275, 0.25263846), (0.08207242, -0.12539895, 0.24351542), (0.08207242, -0.10068335, 0.2553266), (0.08207242, -0.09335217, 0.27646166), (0.08207242, -0.08653933, 0.2786694), (0.08207242, -0.06805511, 0.26526493), (0.08207242, -0.04133603, 0.27128023), (0.08207242, -0.029469524, 0.2900708), (0.08207242, -0.021832276, 0.29074535), (0.08207242, -0.0069765775, 0.2743459), (0.08207242, 0.020169785, 0.27345052), (0.08207242, 0.03582062, 0.2893917), (0.08207242, 0.043417443, 0.2883498), (0.08207242, 0.054237086, 0.26897547), (0.08207242, 0.08049997, 0.26206538), (0.08207242, 0.098956004, 0.274668), (0.08207242, 0.10614385, 0.2719711), (0.08207242, 0.1119866, 0.24968098), (0.08207242, 0.13636404, 0.2377936), (0.08207242, 0.15781544, 0.24515958), (0.08207242, 0.16420704, 0.24092525), (0.08207242, 0.16552646, 0.2187484), (0.08207242, 0.18616273, 0.20110826), (0.08207242, 0.20839661, 0.20388082), (0.08207242, 0.21368536, 0.19833079), (0.08207242, 0.21050942, 0.17681463), (0.08207242, 0.22653277, 0.15483695), (0.08207242, 0.24841681, 0.15232131), (0.08207242, 0.25233603, 0.14573683), (0.08207242, 0.2441822, 0.1253364), (0.08207242, 0.25479326, 0.10034401), (0.08207242, 0.2762152, 0.09326893), (0.08207242, 0.27857208, 0.08597394), (0.08207242, 0.2659487, 0.06785795), (0.08207242, 0.2709103, 0.04115818), (0.08207242, 0.29010025, 0.029472515), (0.08207242, 0.29077488, 0.021834493), (0.08207242, 0.27450046, 0.006980512), (0.08207242, 0.2736692, -0.020185918), (0.08207242, 0.28966287, -0.035854183), (0.08207242, 0.28861997, -0.04345812), (0.08207242, 0.2687872, -0.054199122), (0.08207242, 0.2622638, -0.08056092), (0.08207242, 0.27446818, -0.09942799), (0.08207242, 0.27175894, -0.10661042), (0.08207242, 0.25001448, -0.112663075), (0.08207242, 0.23751616, -0.13675883), (0.08207242, 0.24506548, -0.15836321), (0.08207242, 0.24110524, -0.16432972), (0.08207242, 0.21954168, -0.16627811), (0.08207242, 0.20100151, -0.18655527), (0.08207242, 0.2037099, -0.20895348), (0.08207242, 0.19852057, -0.21388984), (0.08207242, 0.1767015, -0.21056207), (0.08207242, 0.1538385, -0.22570845), (0.08207242, 0.15262757, -0.24891628), (0.08207242, 0.14602984, -0.25284338), (0.08207242, 0.12574738, -0.24498291), (0.08207242, 0.100521944, -0.25524506), (0.08207242, 0.092903964, -0.27673396), (0.08207242, 0.08608459, -0.27893057), (0.08207242, 0.067310676, -0.26428726), (0.08207242, 0.040928405, -0.271804), (0.08207242, 0.029481629, -0.2901899), (0.08207242, 0.02184124, -0.29086477), (0.08207242, 0.0069867196, -0.27474454), (0.08207242, -0.02018292, -0.2736286), (0.08207242, -0.036373656, -0.28969285), (0.08207242, -0.04347212, -0.28871295), (0.08207242, -0.05449028, -0.26962122), (0.08207242, -0.080965005, -0.26234984), (0.08207242, -0.099849425, -0.27412987), (0.08207242, -0.10654684, -0.27159688), (0.08207242, -0.11255293, -0.24947809), (0.08207242, -0.1371485, -0.2374703), (0.08207242, -0.1581986, -0.24575482), (0.08207242, -0.16460572, -0.2415102), (0.08207242, -0.16590837, -0.2192531), (0.08207242, -0.18642603, -0.20139271), (0.08207242, -0.20880827, -0.20428355), (0.08207242, -0.21410747, -0.19872256), (0.08207242, -0.21040991, -0.17673105), (0.08207242, -0.22657646, -0.1548668), (0.08207242, -0.24904546, -0.15270677), (0.08207242, -0.2529746, -0.14610563), (0.08207242, -0.24520692, -0.12586237), (0.08207242, -0.25526768, -0.100530855), (0.08207242, -0.27664065, -0.09341261), (0.08207242, -0.2790012, -0.08610637), (0.08207242, -0.2654624, -0.06773387), (0.08207242, -0.2717148, -0.04128041), (0.08207242, -0.2904822, -0.02951132), (0.08207242, -0.29115772, -0.021863239), (0.08207242, -0.27495667, -0.006992109), (0.08207242, -0.27364767, 0.020184327), (0.10351167, -0.2717035, 0.048210967), (0.10351167, -0.27034193, 0.055338413), (0.10351167, -0.2454034, 0.06303684), (0.10351167, -0.23951462, 0.087561496), (0.10351167, -0.25402087, 0.10740168), (0.10351167, -0.25110903, 0.11404372), (0.10351167, -0.2254082, 0.116158895), (0.10351167, -0.21160975, 0.13709821), (0.10351167, -0.22350533, 0.16105545), (0.10351167, -0.21919331, 0.16687657), (0.10351167, -0.19518012, 0.16447578), (0.10351167, -0.17783664, 0.18284555), (0.10351167, -0.1827542, 0.20680447), (0.10351167, -0.17688222, 0.21184869), (0.10351167, -0.15287375, 0.20252034), (0.10351167, -0.13116345, 0.2146901), (0.10351167, -0.13182701, 0.24269801), (0.10351167, -0.1258312, 0.24586011), (0.10351167, -0.10413494, 0.2312719), (0.10351167, -0.080169745, 0.23939113), (0.10351167, -0.07439477, 0.26551312), (0.10351167, -0.067856334, 0.26725888), (0.10351167, -0.049581286, 0.2462618), (0.10351167, -0.025124455, 0.25359312), (0.10351167, -0.013462671, 0.27572516), (0.10351167, -0.006208157, 0.2759838), (0.10351167, 0.006841899, 0.25301573), (0.10351167, 0.03203666, 0.2527376), (0.10351167, 0.04823579, 0.2718434), (0.10351167, 0.0553669, 0.2704811), (0.10351167, 0.06291973, 0.24494748), (0.10351167, 0.0873216, 0.23885842), (0.10351167, 0.10689793, 0.2540703), (0.10351167, 0.11354144, 0.2511717), (0.10351167, 0.11604254, 0.22615524), (0.10351167, 0.13732386, 0.2127745), (0.10351167, 0.16041714, 0.2226195), (0.10351167, 0.1662152, 0.21832459), (0.10351167, 0.16317123, 0.19363205), (0.10351167, 0.18050197, 0.17555727), (0.10351167, 0.20755632, 0.18277158), (0.10351167, 0.21229032, 0.17725097), (0.10351167, 0.2021825, 0.1524797), (0.10351167, 0.21697518, 0.13216804), (0.10351167, 0.24254519, 0.131744), (0.10351167, 0.24592538, 0.12532102), (0.10351167, 0.23129526, 0.10377991), (0.10351167, 0.23808704, 0.079616986), (0.10351167, 0.26558113, 0.07441383), (0.10351167, 0.26744595, 0.06740496), (0.10351167, 0.24906527, 0.049805053), (0.10351167, 0.25339973, 0.024993151), (0.10351167, 0.27518308, 0.013436199), (0.10351167, 0.2754412, 0.0061959517), (0.10351167, 0.25357065, -0.0068569006), (0.10351167, 0.25264508, -0.03202493), (0.10351167, 0.27106303, -0.04809732), (0.10351167, 0.26970464, -0.05520796), (0.10351167, 0.24409802, -0.06270153), (0.10351167, 0.23567624, -0.08615826), (0.10351167, 0.2542242, -0.107487656), (0.10351167, 0.25131005, -0.114135005), (0.10351167, 0.22583213, -0.11637736), (0.10351167, 0.21044658, -0.13634461), (0.10351167, 0.22390357, -0.16193953), (0.10351167, 0.21986194, -0.16738562), (0.10351167, 0.19374928, -0.16341528), (0.10351167, 0.17438164, -0.17976554), (0.10351167, 0.18140233, -0.20673096), (0.10351167, 0.17627425, -0.21112055), (0.10351167, 0.15285082, -0.2028595), (0.10351167, 0.12980667, -0.21373062), (0.10351167, 0.13208862, -0.24317965), (0.10351167, 0.12564883, -0.24656866), (0.10351167, 0.10388524, -0.23153), (0.10351167, 0.08037485, -0.24035338), (0.10351167, 0.07395098, -0.26572147), (0.10351167, 0.06740758, -0.2674563), (0.10351167, 0.049619623, -0.24870484), (0.10351167, 0.024227325, -0.24898627), (0.10351167, 0.013480533, -0.27609095), (0.10351167, 0.006216396, -0.27634996), (0.10351167, -0.006875015, -0.25424024), (0.10351167, -0.031581182, -0.24914435), (0.10351167, -0.04879233, -0.27220497), (0.10351167, -0.05545788, -0.27092555), (0.10351167, -0.06321006, -0.24563095), (0.10351167, -0.08699274, -0.23699212), (0.10351167, -0.108134896, -0.25451016), (0.10351167, -0.11434832, -0.25177976), (0.10351167, -0.11633118, -0.22549976), (0.10351167, -0.13758765, -0.21175453), (0.10351167, -0.16166367, -0.22434938), (0.10351167, -0.16750675, -0.22002105), (0.10351167, -0.1644503, -0.19514988), (0.10351167, -0.18067262, -0.17572325), (0.10351167, -0.20659627, -0.18192619), (0.10351167, -0.21130838, -0.17643109), (0.10351167, -0.20371658, -0.15363662), (0.10351167, -0.21373199, -0.1301925), (0.10351167, -0.2431348, -0.13206425), (0.10351167, -0.2465232, -0.12562564), (0.10351167, -0.23149963, -0.10387161), (0.10351167, -0.24189112, -0.080889076), (0.10351167, -0.2646459, -0.074151784), (0.10351167, -0.26650414, -0.0671676), (0.10351167, -0.2487199, -0.049735993), (0.10351167, -0.25099224, -0.024755694), (0.10351167, -0.27554035, -0.013453651), (0.10351167, -0.27579886, -0.0062039983), (0.10351167, -0.2535396, 0.006856064), (0.10351167, -0.24848643, 0.031497788), (0.11973752, -0.25502104, 0.047079727), (0.11973752, -0.25369495, 0.053768914), (0.11973752, -0.23211022, 0.061343424), (0.11973752, -0.23353805, 0.0872197), (0.11973752, -0.24210088, 0.10434936), (0.11973752, -0.23927344, 0.11067903), (0.11973752, -0.21253079, 0.111397274), (0.11973752, -0.20870435, 0.13728274), (0.11973752, -0.21297026, 0.15572208), (0.11973752, -0.2088021, 0.16126803), (0.11973752, -0.18230614, 0.15580471), (0.11973752, -0.16474578, 0.17175625), (0.11973752, -0.17320198, 0.19875973), (0.11973752, -0.16755939, 0.20353922), (0.11973752, -0.14314283, 0.19239311), (0.11973752, -0.1283248, 0.21335995), (0.11973752, -0.1244452, 0.2329501), (0.11973752, -0.118690826, 0.23593399), (0.11973752, -0.096711464, 0.21883158), (0.11973752, -0.07616351, 0.232784), (0.11973752, -0.06950968, 0.2548777), (0.11973752, -0.06323372, 0.25650677), (0.11973752, -0.04571859, 0.23551694), (0.11973752, -0.022865543, 0.24835907), (0.11973752, -0.011038883, 0.2636581), (0.11973752, -0.0041024922, 0.26385722), (0.11973752, 0.008148218, 0.23971097), (0.11973752, 0.03128158, 0.2337579), (0.11973752, 0.047936108, 0.2596599), (0.11973752, 0.054746978, 0.2583097), (0.11973752, 0.06119951, 0.23156568), (0.11973752, 0.08704889, 0.23308069), (0.11973752, 0.10377618, 0.24193704), (0.11973752, 0.11010174, 0.23912472), (0.11973752, 0.11095076, 0.21258445), (0.11973752, 0.12853076, 0.19614722), (0.11973752, 0.15351933, 0.20995772), (0.11973752, 0.15898684, 0.20584852), (0.11973752, 0.15546693, 0.1819109), (0.11973752, 0.17957108, 0.17224164), (0.11973752, 0.19915147, 0.17293002), (0.11973752, 0.20362961, 0.16763379), (0.11973752, 0.1918828, 0.14263254), (0.11973752, 0.20957895, 0.1256758), (0.11973752, 0.23277366, 0.124350935), (0.11973752, 0.23596285, 0.11818745), (0.11973752, 0.21941213, 0.0966234), (0.11973752, 0.23627217, 0.07719015), (0.11973752, 0.2536341, 0.06917052), (0.11973752, 0.25536516, 0.062477607), (0.11973752, 0.23524648, 0.04534521), (0.11973752, 0.24791399, 0.022715), (0.11973752, 0.26338398, 0.011027406), (0.11973752, 0.2635829, 0.0040982296), (0.11973752, 0.24004364, -0.008159526), (0.11973752, 0.24653094, -0.032990877), (0.11973752, 0.2594372, -0.047894996), (0.11973752, 0.25808814, -0.05470002), (0.11973752, 0.23220049, -0.06136728), (0.11973752, 0.23303951, -0.08703352), (0.11973752, 0.24241517, -0.10448483), (0.11973752, 0.23958406, -0.11082271), (0.11973752, 0.212391, -0.111324005), (0.11973752, 0.20820458, -0.13695401), (0.11973752, 0.21279632, -0.15616813), (0.11973752, 0.20889966, -0.16134337), (0.11973752, 0.1812745, -0.15506056), (0.11973752, 0.16250782, -0.16986957), (0.11973752, 0.17274442, -0.19964366), (0.11973752, 0.1677929, -0.20382288), (0.11973752, 0.14319848, -0.1928206), (0.11973752, 0.12793754, -0.2139881), (0.11973752, 0.12448784, -0.23302993), (0.11973752, 0.11831756, -0.23622262), (0.11973752, 0.09645199, -0.21902288), (0.11973752, 0.07347216, -0.2248917), (0.11973752, 0.06791089, -0.2507462), (0.11973752, 0.06173681, -0.2523373), (0.11973752, 0.045371577, -0.23593965), (0.11973752, 0.022358062, -0.24760094), (0.11973752, 0.010995855, -0.26263055), (0.11973752, 0.0040865033, -0.26282886), (0.11973752, -0.008150166, -0.23976833), (0.11973752, -0.03307609, -0.24716772), (0.11973752, -0.04839229, -0.259581), (0.11973752, -0.05474815, -0.25831524), (0.11973752, -0.061512414, -0.23233739), (0.11973752, -0.087601125, -0.23362166), (0.11973752, -0.105116256, -0.24270868), (0.11973752, -0.111040965, -0.24005589), (0.11973752, -0.11154951, -0.21259458), (0.11973752, -0.13773157, -0.20878822), (0.11973752, -0.15583594, -0.21312599), (0.11973752, -0.16138595, -0.20895478), (0.11973752, -0.15600663, -0.18254243), (0.11973752, -0.16981725, -0.16288595), (0.11973752, -0.19760248, -0.17158498), (0.11973752, -0.20204577, -0.16632992), (0.11973752, -0.19305614, -0.14350474), (0.11973752, -0.20413695, -0.12241245), (0.11973752, -0.23322126, -0.12459005), (0.11973752, -0.23641658, -0.1184147), (0.11973752, -0.21952304, -0.09667225), (0.11973752, -0.23274767, -0.0760387), (0.11973752, -0.25514638, -0.069582954), (0.11973752, -0.25688776, -0.06285013), (0.11973752, -0.23552334, -0.045398574), (0.11973752, -0.24822843, -0.022743806), (0.11973752, -0.2633194, -0.011024701), (0.11973752, -0.26351824, -0.0040972233), (0.11973752, -0.23996143, 0.008156731), (0.11973752, -0.23395175, 0.031307522), (0.12548675, -0.20527072, 0.037895262), (0.12548675, -0.20420334, 0.043279503), (0.12548675, -0.20181037, 0.053335607), (0.12548675, -0.19554687, 0.0730311), (0.12548675, -0.19169167, 0.08262218), (0.12548675, -0.18945295, 0.087633915), (0.12548675, -0.1848823, 0.09690541), (0.12548675, -0.17439316, 0.114713326), (0.12548675, -0.1685004, 0.12320608), (0.12548675, -0.16520257, 0.127594), (0.12548675, -0.15868342, 0.13561597), (0.12548675, -0.14449464, 0.15064335), (0.12548675, -0.13713591, 0.15737173), (0.12548675, -0.13266827, 0.16115597), (0.12548675, -0.12460091, 0.16747159), (0.12548675, -0.10758584, 0.17887819), (0.12548675, -0.09835649, 0.18411443), (0.12548675, -0.09380848, 0.18647276), (0.12548675, -0.08437837, 0.19092514), (0.12548675, -0.06491043, 0.19839042), (0.12548675, -0.05492118, 0.20138466), (0.12548675, -0.049962405, 0.20267186), (0.12548675, -0.039777987, 0.20491421), (0.12548675, -0.019136963, 0.20786028), (0.12548675, -0.008731881, 0.20855665), (0.12548675, -0.0032451218, 0.20871413), (0.12548675, 0.0070913364, 0.20861886), (0.12548675, 0.027686784, 0.20689505), (0.12548675, 0.037895262, 0.20527072), (0.12548675, 0.043279503, 0.20420334), (0.12548675, 0.053335607, 0.20181037), (0.12548675, 0.0730311, 0.19554687), (0.12548675, 0.082286, 0.19183622), (0.12548675, 0.08730165, 0.18960628), (0.12548675, 0.09658114, 0.18505189), (0.12548675, 0.11440742, 0.17459399), (0.12548675, 0.12320608, 0.1685004), (0.12548675, 0.127594, 0.16520257), (0.12548675, 0.13561597, 0.15868342), (0.12548675, 0.15064335, 0.14449464), (0.12548675, 0.1576119, 0.1368598), (0.12548675, 0.16115597, 0.13266827), (0.12548675, 0.16752619, 0.12452751), (0.12548675, 0.1790195, 0.10735055), (0.12548675, 0.18411443, 0.09835649), (0.12548675, 0.18663692, 0.09348142), (0.12548675, 0.19103591, 0.08412726), (0.12548675, 0.19841884, 0.06482347), (0.12548675, 0.20138466, 0.05492118), (0.12548675, 0.20275912, 0.049607027), (0.12548675, 0.20496634, 0.03950852), (0.12548675, 0.20786864, 0.019045861), (0.12548675, 0.20855665, 0.008731881), (0.12548675, 0.20871413, 0.0032451218), (0.12548675, 0.20861886, -0.0070913364), (0.12548675, 0.20689505, -0.027686784), (0.12548675, 0.20527072, -0.037895262), (0.12548675, 0.20420334, -0.043279503), (0.12548675, 0.20181037, -0.053335607), (0.12548675, 0.19554687, -0.0730311), (0.12548675, 0.19169167, -0.08262218), (0.12548675, 0.18945295, -0.087633915), (0.12548675, 0.1848823, -0.09690541), (0.12548675, 0.17439316, -0.114713326), (0.12548675, 0.16828413, -0.123501286), (0.12548675, 0.16520257, -0.127594), (0.12548675, 0.15862398, -0.1356855), (0.12548675, 0.14429644, -0.1508332), (0.12548675, 0.13658328, -0.1578516), (0.12548675, 0.13266827, -0.16115597), (0.12548675, 0.124454066, -0.16758074), (0.12548675, 0.107115075, -0.17916049), (0.12548675, 0.09835649, -0.18411443), (0.12548675, 0.09348142, -0.18663692), (0.12548675, 0.08412726, -0.19103591), (0.12548675, 0.06482347, -0.19841884), (0.12548675, 0.054568045, -0.20148064), (0.12548675, 0.049607027, -0.20275912), (0.12548675, 0.039418686, -0.20498362), (0.12548675, 0.018772533, -0.2078935), (0.12548675, 0.008731881, -0.20855665), (0.12548675, 0.0032451218, -0.20871413), (0.12548675, -0.0070913364, -0.20861886), (0.12548675, -0.027686784, -0.20689505), (0.12548675, -0.03825507, -0.20520398), (0.12548675, -0.043279503, -0.20420334), (0.12548675, -0.053424053, -0.201787), (0.12548675, -0.07328815, -0.19545068), (0.12548675, -0.08295811, -0.19154653), (0.12548675, -0.087633915, -0.18945295), (0.12548675, -0.09698643, -0.1848398), (0.12548675, -0.11494253, -0.17424218), (0.12548675, -0.12320608, -0.1685004), (0.12548675, -0.127594, -0.16520257), (0.12548675, -0.13561597, -0.15868342), (0.12548675, -0.15064335, -0.14449464), (0.12548675, -0.1576119, -0.1368598), (0.12548675, -0.16115597, -0.13266827), (0.12548675, -0.16752619, -0.12452751), (0.12548675, -0.1790195, -0.10735055), (0.12548675, -0.18411443, -0.09835649), (0.12548675, -0.18663692, -0.09348142), (0.12548675, -0.19103591, -0.08412726), (0.12548675, -0.19841884, -0.06482347), (0.12548675, -0.20138466, -0.05492118), (0.12548675, -0.20275912, -0.049607027), (0.12548675, -0.20496634, -0.03950852), (0.12548675, -0.20786864, -0.019045861), (0.12548675, -0.20855665, -0.008731881), (0.12548675, -0.20871413, -0.0032451218), (0.12548675, -0.20861886, 0.0070913364), (0.12548675, -0.20689505, 0.027686784), (0.12434827, -0.17817694, 0.03289345), (0.12434827, -0.17725044, 0.03756702), (0.12434827, -0.17517334, 0.046295818), (0.12434827, -0.16973655, 0.063391685), (0.12434827, -0.1663902, 0.07171684), (0.12434827, -0.16444695, 0.076067075), (0.12434827, -0.16047959, 0.08411482), (0.12434827, -0.15137492, 0.09957226), (0.12434827, -0.14625995, 0.106944054), (0.12434827, -0.1433974, 0.110752806), (0.12434827, -0.13773873, 0.11771596), (0.12434827, -0.12542272, 0.13075987), (0.12434827, -0.119035274, 0.13660017), (0.12434827, -0.11515733, 0.13988492), (0.12434827, -0.10815478, 0.14536692), (0.12434827, -0.09338554, 0.15526797), (0.12434827, -0.08537437, 0.15981308), (0.12434827, -0.08142665, 0.16186014), (0.12434827, -0.07324123, 0.16572484), (0.12434827, -0.056342866, 0.17220478), (0.12434827, -0.047672104, 0.17480382), (0.12434827, -0.043367848, 0.1759211), (0.12434827, -0.034527667, 0.17786749), (0.12434827, -0.01661107, 0.1804247), (0.12434827, -0.0075793588, 0.18102916), (0.12434827, -0.0028167944, 0.18116586), (0.12434827, 0.006155349, 0.18108317), (0.12434827, 0.024032392, 0.17958687), (0.12434827, 0.03289345, 0.17817694), (0.12434827, 0.03756702, 0.17725044), (0.12434827, 0.046295818, 0.17517334), (0.12434827, 0.063391685, 0.16973655), (0.12434827, 0.07142503, 0.16651566), (0.12434827, 0.07577866, 0.16458006), (0.12434827, 0.08383335, 0.1606268), (0.12434827, 0.09930673, 0.15154925), (0.12434827, 0.106944054, 0.14625995), (0.12434827, 0.110752806, 0.1433974), (0.12434827, 0.11771596, 0.13773873), (0.12434827, 0.13075987, 0.12542272), (0.12434827, 0.13680863, 0.11879562), (0.12434827, 0.13988492, 0.11515733), (0.12434827, 0.14541432, 0.10809106), (0.12434827, 0.15539062, 0.093181305), (0.12434827, 0.15981308, 0.08537437), (0.12434827, 0.16200264, 0.08114276), (0.12434827, 0.165821, 0.07302327), (0.12434827, 0.17222945, 0.056267384), (0.12434827, 0.17480382, 0.047672104), (0.12434827, 0.17599685, 0.043059368), (0.12434827, 0.17791273, 0.03429377), (0.12434827, 0.18043196, 0.01653199), (0.12434827, 0.18102916, 0.0075793588), (0.12434827, 0.18116586, 0.0028167944), (0.12434827, 0.18108317, -0.006155349), (0.12434827, 0.17958687, -0.024032392), (0.12434827, 0.17817694, -0.03289345), (0.12434827, 0.17725044, -0.03756702), (0.12434827, 0.17517334, -0.046295818), (0.12434827, 0.16973655, -0.063391685), (0.12434827, 0.1663902, -0.07171684), (0.12434827, 0.16444695, -0.076067075), (0.12434827, 0.16047959, -0.08411482), (0.12434827, 0.15137492, -0.09957226), (0.12434827, 0.14607224, -0.1072003), (0.12434827, 0.1433974, -0.110752806), (0.12434827, 0.13768712, -0.117776304), (0.12434827, 0.1252507, -0.13092467), (0.12434827, 0.1185556, -0.1370167), (0.12434827, 0.11515733, -0.13988492), (0.12434827, 0.108027324, -0.14546168), (0.12434827, 0.09297691, -0.15551302), (0.12434827, 0.08537437, -0.15981308), (0.12434827, 0.08114276, -0.16200264), (0.12434827, 0.07302327, -0.165821), (0.12434827, 0.056267384, -0.17222945), (0.12434827, 0.047365576, -0.17488712), (0.12434827, 0.043059368, -0.17599685), (0.12434827, 0.034215797, -0.17792775), (0.12434827, 0.016294736, -0.18045355), (0.12434827, 0.0075793588, -0.18102916), (0.12434827, 0.0028167944, -0.18116586), (0.12434827, -0.006155349, -0.18108317), (0.12434827, -0.024032392, -0.17958687), (0.12434827, -0.033205766, -0.178119), (0.12434827, -0.03756702, -0.17725044), (0.12434827, -0.04637259, -0.17515303), (0.12434827, -0.06361481, -0.16965306), (0.12434827, -0.07200843, -0.1662642), (0.12434827, -0.076067075, -0.16444695), (0.12434827, -0.084185146, -0.16044271), (0.12434827, -0.09977121, -0.15124387), (0.12434827, -0.106944054, -0.14625995), (0.12434827, -0.110752806, -0.1433974), (0.12434827, -0.11771596, -0.13773873), (0.12434827, -0.13075987, -0.12542272), (0.12434827, -0.13680863, -0.11879562), (0.12434827, -0.13988492, -0.11515733), (0.12434827, -0.14541432, -0.10809106), (0.12434827, -0.15539062, -0.093181305), (0.12434827, -0.15981308, -0.08537437), (0.12434827, -0.16200264, -0.08114276), (0.12434827, -0.165821, -0.07302327), (0.12434827, -0.17222945, -0.056267384), (0.12434827, -0.17480382, -0.047672104), (0.12434827, -0.17599685, -0.043059368), (0.12434827, -0.17791273, -0.03429377), (0.12434827, -0.18043196, -0.01653199), (0.12434827, -0.18102916, -0.0075793588), (0.12434827, -0.18116586, -0.0028167944), (0.12434827, -0.18108317, 0.006155349), (0.12434827, -0.17958687, 0.024032392), (0.11229123, -0.15305054, 0.029677993), (0.11229123, -0.15221728, 0.03369201), (0.11229123, -0.1503627, 0.04118628), (0.11229123, -0.1455528, 0.055853684), (0.11229123, -0.14260928, 0.06299086), (0.11229123, -0.1409037, 0.06671882), (0.11229123, -0.137428, 0.0736125), (0.11229123, -0.12947486, 0.08684186), (0.11229123, -0.12501697, 0.093145095), (0.11229123, -0.12252462, 0.09640005), (0.11229123, -0.11760206, 0.102347486), (0.11229123, -0.10690454, 0.11347543), (0.11229123, -0.10136362, 0.118451126), (0.11229123, -0.09800164, 0.121247396), (0.11229123, -0.09193426, 0.12591006), (0.11229123, -0.07915023, 0.13431491), (0.11229123, -0.07222226, 0.13816366), (0.11229123, -0.06880981, 0.13989447), (0.11229123, -0.061737157, 0.14315647), (0.11229123, -0.04714765, 0.14860131), (0.11229123, -0.039667193, 0.15077057), (0.11229123, -0.03595515, 0.15169865), (0.11229123, -0.028333973, 0.15330505), (0.11229123, -0.012898657, 0.15536691), (0.11229123, -0.0051230453, 0.15581723), (0.11229123, -0.0010242483, 0.15589806), (0.11229123, 0.006694803, 0.1557576), (0.11229123, 0.022064773, 0.1543321), (0.11229123, 0.029677993, 0.15305054), (0.11229123, 0.03369201, 0.15221728), (0.11229123, 0.04118628, 0.1503627), (0.11229123, 0.055853684, 0.1455528), (0.11229123, 0.06274074, 0.14271948), (0.11229123, 0.06647169, 0.14102045), (0.11229123, 0.07337146, 0.13755682), (0.11229123, 0.08661474, 0.12962691), (0.11229123, 0.093145095, 0.12501697), (0.11229123, 0.09640005, 0.12252462), (0.11229123, 0.102347486, 0.11760206), (0.11229123, 0.11347543, 0.10690454), (0.11229123, 0.11862864, 0.10115581), (0.11229123, 0.121247396, 0.09800164), (0.11229123, 0.12595035, 0.09187907), (0.11229123, 0.13441886, 0.078973554), (0.11229123, 0.13816366, 0.07222226), (0.11229123, 0.14001489, 0.068564445), (0.11229123, 0.14323752, 0.061548885), (0.11229123, 0.14862198, 0.047082514), (0.11229123, 0.15077057, 0.039667193), (0.11229123, 0.15176144, 0.03568915), (0.11229123, 0.15334217, 0.028132373), (0.11229123, 0.15537256, 0.012830559), (0.11229123, 0.15581723, 0.0051230453), (0.11229123, 0.15589806, 0.0010242483), (0.11229123, 0.1557576, -0.006694803), (0.11229123, 0.1543321, -0.022064773), (0.11229123, 0.15305054, -0.029677993), (0.11229123, 0.15221728, -0.03369201), (0.11229123, 0.1503627, -0.04118628), (0.11229123, 0.1455528, -0.055853684), (0.11229123, 0.14260928, -0.06299086), (0.11229123, 0.1409037, -0.06671882), (0.11229123, 0.137428, -0.0736125), (0.11229123, 0.12947486, -0.08684186), (0.11229123, 0.124853484, -0.09336412), (0.11229123, 0.12252462, -0.09640005), (0.11229123, 0.1175572, -0.10239902), (0.11229123, 0.10675525, -0.113615885), (0.11229123, 0.10094768, -0.1188058), (0.11229123, 0.09800164, -0.121247396), (0.11229123, 0.09182385, -0.1259906), (0.11229123, 0.07879675, -0.13452257), (0.11229123, 0.07222226, -0.13816366), (0.11229123, 0.068564445, -0.14001489), (0.11229123, 0.061548885, -0.14323752), (0.11229123, 0.047082514, -0.14862198), (0.11229123, 0.039402813, -0.15083988), (0.11229123, 0.03568915, -0.15176144), (0.11229123, 0.028065164, -0.1533545), (0.11229123, 0.012626261, -0.15538928), (0.11229123, 0.0051230453, -0.15581723), (0.11229123, 0.0010242483, -0.15589806), (0.11229123, -0.006694803, -0.1557576), (0.11229123, -0.022064773, -0.1543321), (0.11229123, -0.029946264, -0.15299828), (0.11229123, -0.03369201, -0.15221728), (0.11229123, -0.041252177, -0.15034464), (0.11229123, -0.056045018, -0.14547923), (0.11229123, -0.06324077, -0.14249863), (0.11229123, -0.06671882, -0.1409037), (0.11229123, -0.07367273, -0.13739571), (0.11229123, -0.08701203, -0.12936057), (0.11229123, -0.093145095, -0.12501697), (0.11229123, -0.09640005, -0.12252462), (0.11229123, -0.102347486, -0.11760206), (0.11229123, -0.11347543, -0.10690454), (0.11229123, -0.11862864, -0.10115581), (0.11229123, -0.121247396, -0.09800164), (0.11229123, -0.12595035, -0.09187907), (0.11229123, -0.13441886, -0.078973554), (0.11229123, -0.13816366, -0.07222226), (0.11229123, -0.14001489, -0.068564445), (0.11229123, -0.14323752, -0.061548885), (0.11229123, -0.14862198, -0.047082514), (0.11229123, -0.15077057, -0.039667193), (0.11229123, -0.15176144, -0.03568915), (0.11229123, -0.15334217, -0.028132373), (0.11229123, -0.15537256, -0.012830559), (0.11229123, -0.15581723, -0.0051230453), (0.11229123, -0.15589806, -0.0010242483), (0.11229123, -0.1557576, 0.006694803), (0.11229123, -0.1543321, 0.022064773), (0.10163047, -0.12772143, 0.022059813), (0.10163047, -0.12709723, 0.025410468), (0.10163047, -0.12568344, 0.03167131), (0.10163047, -0.12193543, 0.043944836), (0.10163047, -0.11961041, 0.049927417), (0.10163047, -0.11825627, 0.053055167), (0.10163047, -0.11548476, 0.05884444), (0.10163047, -0.10909961, 0.06997623), (0.10163047, -0.10550163, 0.075291455), (0.10163047, -0.103485465, 0.07803946), (0.10163047, -0.099495195, 0.08306686), (0.10163047, -0.09079308, 0.092498735), (0.10163047, -0.08627227, 0.096728966), (0.10163047, -0.08352545, 0.09911053), (0.10163047, -0.078561716, 0.10308955), (0.10163047, -0.06807888, 0.11029354), (0.10163047, -0.06238595, 0.1136107), (0.10163047, -0.059579015, 0.11510751), (0.10163047, -0.05375583, 0.11793943), (0.10163047, -0.04172183, 0.12271384), (0.10163047, -0.035541043, 0.12464442), (0.10163047, -0.032471415, 0.1254791), (0.10163047, -0.026164064, 0.12694424), (0.10163047, -0.013369377, 0.12892112), (0.10163047, -0.0069139623, 0.12942795), (0.10163047, -0.0035084207, 0.129565), (0.10163047, 0.0029100503, 0.12957981), (0.10163047, 0.015709862, 0.12865691), (0.10163047, 0.022059813, 0.12772143), (0.10163047, 0.025410468, 0.12709723), (0.10163047, 0.03167131, 0.12568344), (0.10163047, 0.043944836, 0.12193543), (0.10163047, 0.04971765, 0.11969775), (0.10163047, 0.052847765, 0.118349105), (0.10163047, 0.058641892, 0.11558775), (0.10163047, 0.06978486, 0.109222114), (0.10163047, 0.075291455, 0.10550163), (0.10163047, 0.07803946, 0.103485465), (0.10163047, 0.08306686, 0.099495195), (0.10163047, 0.092498735, 0.09079308), (0.10163047, 0.09688006, 0.08610256), (0.10163047, 0.09911053, 0.08352545), (0.10163047, 0.10312397, 0.07851653), (0.10163047, 0.11038295, 0.0679338), (0.10163047, 0.1136107, 0.06238595), (0.10163047, 0.115211785, 0.059377126), (0.10163047, 0.11801001, 0.05360071), (0.10163047, 0.12273212, 0.04166804), (0.10163047, 0.12464442, 0.035541043), (0.10163047, 0.12553583, 0.032251384), (0.10163047, 0.12697853, 0.025997134), (0.10163047, 0.12892698, 0.013312869), (0.10163047, 0.12942795, 0.0069139623), (0.10163047, 0.129565, 0.0035084207), (0.10163047, 0.12957981, -0.0029100503), (0.10163047, 0.12865691, -0.015709862), (0.10163047, 0.12772143, -0.022059813), (0.10163047, 0.12709723, -0.025410468), (0.10163047, 0.12568344, -0.03167131), (0.10163047, 0.12193543, -0.043944836), (0.10163047, 0.11961041, -0.049927417), (0.10163047, 0.11825627, -0.053055167), (0.10163047, 0.11548476, -0.05884444), (0.10163047, 0.10909961, -0.06997623), (0.10163047, 0.10536948, -0.075476296), (0.10163047, 0.103485465, -0.07803946), (0.10163047, 0.09945878, -0.08311047), (0.10163047, 0.090671375, -0.092618026), (0.10163047, 0.08593258, -0.097030856), (0.10163047, 0.08352545, -0.09911053), (0.10163047, 0.078471325, -0.10315837), (0.10163047, 0.0677886, -0.11047218), (0.10163047, 0.06238595, -0.1136107), (0.10163047, 0.059377126, -0.115211785), (0.10163047, 0.05360071, -0.11801001), (0.10163047, 0.04166804, -0.12273212), (0.10163047, 0.035322472, -0.124706544), (0.10163047, 0.032251384, -0.12553583), (0.10163047, 0.025941478, -0.12698992), (0.10163047, 0.013143339, -0.12894437), (0.10163047, 0.0069139623, -0.12942795), (0.10163047, 0.0035084207, -0.129565), (0.10163047, -0.0029100503, -0.12957981), (0.10163047, -0.015709862, -0.12865691), (0.10163047, -0.022283692, -0.12768257), (0.10163047, -0.025410468, -0.12709723), (0.10163047, -0.03172639, -0.12566954), (0.10163047, -0.044105124, -0.12187754), (0.10163047, -0.05013703, -0.1195227), (0.10163047, -0.053055167, -0.11825627), (0.10163047, -0.05889505, -0.11545896), (0.10163047, -0.07011963, -0.10900751), (0.10163047, -0.075291455, -0.10550163), (0.10163047, -0.07803946, -0.103485465), (0.10163047, -0.08306686, -0.099495195), (0.10163047, -0.092498735, -0.09079308), (0.10163047, -0.09688006, -0.08610256), (0.10163047, -0.09911053, -0.08352545), (0.10163047, -0.10312397, -0.07851653), (0.10163047, -0.11038295, -0.0679338), (0.10163047, -0.1136107, -0.06238595), (0.10163047, -0.115211785, -0.059377126), (0.10163047, -0.11801001, -0.05360071), (0.10163047, -0.12273212, -0.04166804), (0.10163047, -0.12464442, -0.035541043), (0.10163047, -0.12553583, -0.032251384), (0.10163047, -0.12697853, -0.025997134), (0.10163047, -0.12892698, -0.013312869), (0.10163047, -0.12942795, -0.0069139623), (0.10163047, -0.129565, -0.0035084207), (0.10163047, -0.12957981, 0.0029100503), (0.10163047, -0.12865691, 0.015709862)]
        vector3f[] primvars:D0 = [(-0.9262616, 0.37208927, -0.05990823), (-0.9266891, 0.3676378, -0.078037165), (-0.9268983, 0.36153096, -0.10077158), (-0.92598647, 0.35822818, -0.11925443), (-0.9262617, 0.349429, -0.14120406), (-0.92668915, 0.3410555, -0.15788718), (-0.9268983, 0.33004302, -0.17869294), (-0.9259864, 0.32271013, -0.1959778), (-0.92626166, 0.30924737, -0.21541913), (-0.9266891, 0.29737115, -0.22982103), (-0.9268983, 0.28200516, -0.24765426), (-0.9259672, 0.27127418, -0.26266897), (-0.92629653, 0.25350085, -0.27876878), (-0.9266706, 0.23912245, -0.2900036), (-0.926895, 0.22003104, -0.30405912), (-0.9260103, 0.20575769, -0.3164943), (-0.9262308, 0.18569632, -0.32804486), (-0.9267074, 0.16840737, -0.33593506), (-0.9269016, 0.14699984, -0.34531805), (-0.9259817, 0.13035168, -0.3543534), (-0.92623967, 0.10787932, -0.3611678), (-0.9267074, 0.08943301, -0.3649865), (-0.92690164, 0.066473745, -0.3693706), (-0.9259817, 0.0482323, -0.37447506), (-0.9262573, 0.024474755, -0.37609628), (-0.926689, 0.0057267207, -0.37578535), (-0.92689836, -0.017796846, -0.3748903), (-0.92598647, -0.03655102, -0.3757833), (-0.9262616, -0.05990823, -0.37208927), (-0.9266891, -0.078037165, -0.3676378), (-0.9268983, -0.10077158, -0.36153096), (-0.9259673, -0.11895527, -0.35837725), (-0.9262792, -0.1408816, -0.34951293), (-0.926689, -0.15728906, -0.34133205), (-0.9268983, -0.17811416, -0.33035573), (-0.9260056, -0.19567047, -0.32284155), (-0.9262441, -0.21517254, -0.30947167), (-0.9266891, -0.22982103, -0.29737115), (-0.9268983, -0.24765426, -0.28200516), (-0.92598647, -0.2628739, -0.27100998), (-0.92626166, -0.27883217, -0.2535585), (-0.9266891, -0.29023013, -0.23877569), (-0.92689836, -0.3041971, -0.21982627), (-0.92598647, -0.31658843, -0.20572019), (-0.9262616, -0.32826328, -0.18515562), (-0.9266891, -0.33608615, -0.1682066), (-0.9268983, -0.3454863, -0.14662468), (-0.9259865, -0.35442793, -0.13011467), (-0.92626166, -0.36123398, -0.107467845), (-0.9266891, -0.3650892, -0.08920332), (-0.92689836, -0.3694511, -0.066070534), (-0.92598647, -0.37449497, -0.04798483), (-0.9262617, -0.37609085, -0.024391402), (-0.926689, -0.37578535, -0.0057267207), (-0.92689836, -0.3748903, 0.017796846), (-0.92598647, -0.3757833, 0.03655102), (-0.9262616, -0.37208927, 0.05990823), (-0.9266891, -0.3676378, 0.078037165), (-0.9268983, -0.36153096, 0.10077158), (-0.92598647, -0.35822818, 0.11925443), (-0.9262617, -0.349429, 0.14120406), (-0.92668915, -0.3410555, 0.15788718), (-0.9268983, -0.33004302, 0.17869294), (-0.92600554, -0.3224982, 0.19623624), (-0.9262263, -0.30931857, 0.21546873), (-0.92670745, -0.2970836, 0.23011887), (-0.9269016, -0.28183612, 0.24783428), (-0.9259817, -0.27072996, 0.26317894), (-0.92623967, -0.25341156, 0.27903873), (-0.9267074, -0.23842908, 0.2904565), (-0.9269016, -0.21962161, 0.30433503), (-0.92596245, -0.20568286, 0.31668296), (-0.9262748, -0.18492378, 0.32835692), (-0.9266891, -0.1682066, 0.33608615), (-0.9268983, -0.14662468, 0.3454863), (-0.9260056, -0.12978803, 0.35449782), (-0.9262264, -0.10749257, 0.36131713), (-0.9267074, -0.088792175, 0.36514288), (-0.9269016, -0.065826304, 0.36948654), (-0.9259624, -0.047910262, 0.37456408), (-0.92627484, -0.024141917, 0.3760746), (-0.926689, -0.0057267207, 0.37578535), (-0.92689836, 0.017796846, 0.3748903), (-0.9260056, 0.036875885, 0.37570447), (-0.9262264, 0.059922002, 0.37217483), (-0.9267074, 0.078430325, 0.36750793), (-0.9269016, 0.10100707, 0.3614568), (-0.9259817, 0.119650505, 0.35810837), (-0.9262397, 0.14145403, 0.34938625), (-0.9267075, 0.158242, 0.34084114), (-0.9269015, 0.17890602, 0.3299184), (-0.9259624, 0.19607908, 0.32271755), (-0.9262748, 0.21560398, 0.30907917), (-0.9266891, 0.22982103, 0.29737115), (-0.9268983, 0.24765426, 0.28200516), (-0.92598647, 0.2628739, 0.27100998), (-0.92626166, 0.27883217, 0.2535585), (-0.9266891, 0.29023013, 0.23877569), (-0.92689836, 0.3041971, 0.21982627), (-0.92598647, 0.31658843, 0.20572019), (-0.9262616, 0.32826328, 0.18515562), (-0.9266891, 0.33608615, 0.1682066), (-0.9268983, 0.3454863, 0.14662468), (-0.9259865, 0.35442793, 0.13011467), (-0.92626166, 0.36123398, 0.107467845), (-0.9266891, 0.3650892, 0.08920332), (-0.92689836, 0.3694511, 0.066070534), (-0.92598647, 0.37449497, 0.04798483), (-0.9262617, 0.37609085, 0.024391402), (-0.926689, 0.37578535, 0.0057267207), (-0.92689836, 0.3748903, -0.017796846), (-0.92598647, 0.3757833, -0.03655102), (-0.9151009, 0.3964742, -0.07347499), (-0.91537607, 0.39174238, -0.09286837), (-0.915496, 0.3848957, -0.117142744), (-0.9149088, 0.37987947, -0.13650416), (-0.9151009, 0.37018424, -0.15985626), (-0.9153761, 0.3612553, -0.1777109), (-0.915496, 0.34917876, -0.19985326), (-0.9149088, 0.33997998, -0.2176131), (-0.91510093, 0.32533145, -0.23822209), (-0.9153761, 0.31265348, -0.25364214), (-0.915496, 0.2959527, -0.2725419), (-0.91489506, 0.2833067, -0.28758362), (-0.91512454, 0.2641299, -0.3046022), (-0.915365, 0.24873671, -0.3166023), (-0.91549414, 0.22810657, -0.3314179), (-0.9149258, 0.21194758, -0.3434952), (-0.91507983, 0.19032069, -0.35553753), (-0.9153871, 0.17186858, -0.3640434), (-0.9154977, 0.1488009, -0.37379435), (-0.9149054, 0.13038126, -0.38203248), (-0.9150859, 0.10626042, -0.38900706), (-0.9153871, 0.08655283, -0.39316037), (-0.9154977, 0.061892956, -0.39753383), (-0.91490537, 0.04210193, -0.40146676), (-0.9150979, 0.016679771, -0.4028866), (-0.9153761, -0.003369159, -0.4025857), (-0.915496, -0.028558318, -0.4013123), (-0.9149089, -0.04855088, -0.40073007), (-0.9151009, -0.07347499, -0.3964742), (-0.91537607, -0.09286837, -0.39174238), (-0.915496, -0.117142744, -0.3848957), (-0.9148951, -0.1361818, -0.38002822), (-0.9151128, -0.15952154, -0.37029922), (-0.9153762, -0.17707704, -0.36156628), (-0.91549593, -0.1992404, -0.34952888), (-0.9149225, -0.21729827, -0.34014452), (-0.91508895, -0.23795317, -0.32556185), (-0.9153761, -0.25364214, -0.31265348), (-0.915496, -0.2725419, -0.2959527), (-0.9149088, -0.28780964, -0.28303263), (-0.9151009, -0.30464274, -0.264165), (-0.9153761, -0.31685457, -0.24837418), (-0.91549593, -0.33156443, -0.22788636), (-0.9149088, -0.34357443, -0.21189243), (-0.9151009, -0.35578698, -0.18975241), (-0.9153761, -0.36417893, -0.17163983), (-0.915496, -0.3739608, -0.14839292), (-0.9149088, -0.3821108, -0.1301276), (-0.91510093, -0.38909048, -0.105824806), (-0.9153761, -0.39324158, -0.08629953), (-0.915496, -0.39760533, -0.06145818), (-0.9149088, -0.40148658, -0.04183725), (-0.91510093, -0.40288347, -0.016590795), (-0.9153761, -0.4025857, 0.003369159), (-0.915496, -0.4013123, 0.028558318), (-0.9149089, -0.40073007, 0.04855088), (-0.9151009, -0.3964742, 0.07347499), (-0.91537607, -0.39174238, 0.09286837), (-0.915496, -0.3848957, 0.117142744), (-0.9149088, -0.37987947, 0.13650416), (-0.9151009, -0.37018424, 0.15985626), (-0.9153761, -0.3612553, 0.1777109), (-0.915496, -0.34917876, 0.19985326), (-0.9149225, -0.33976305, 0.21789442), (-0.9150768, -0.3253756, 0.23825441), (-0.9153871, -0.3123563, 0.2539685), (-0.9154977, -0.2957706, 0.2727337), (-0.9149054, -0.28272232, 0.28812516), (-0.9150859, -0.2639869, 0.30484205), (-0.9153871, -0.24801132, 0.31710696), (-0.9154978, -0.22766602, 0.33171076), (-0.91489166, -0.2118377, 0.343654), (-0.9151098, -0.18950893, 0.35589382), (-0.9153761, -0.17163983, 0.36417893), (-0.915496, -0.14839292, 0.3739608), (-0.9149224, -0.12978281, 0.38219544), (-0.91507685, -0.105839156, 0.38914326), (-0.9153871, -0.085862756, 0.39331162), (-0.9154977, -0.061196037, 0.39764172), (-0.91489166, -0.04175341, 0.40153447), (-0.9151098, -0.016325383, 0.40287408), (-0.9153761, 0.003369159, 0.4025857), (-0.915496, 0.028558318, 0.4013123), (-0.9149225, 0.048898328, 0.40065673), (-0.91507685, 0.07348493, 0.3965279), (-0.91538703, 0.09329185, 0.39161608), (-0.9154977, 0.11739447, 0.3848148), (-0.9149054, 0.13692287, 0.37973702), (-0.91508585, 0.1601133, 0.37011024), (-0.9153871, 0.17809607, 0.36103767), (-0.9154978, 0.20008071, 0.3490438), (-0.9148916, 0.21770847, 0.3399652), (-0.9151098, 0.23842402, 0.32515842), (-0.9153761, 0.25364214, 0.31265348), (-0.915496, 0.2725419, 0.2959527), (-0.9149088, 0.28780964, 0.28303263), (-0.9151009, 0.30464274, 0.264165), (-0.9153761, 0.31685457, 0.24837418), (-0.91549593, 0.33156443, 0.22788636), (-0.9149088, 0.34357443, 0.21189243), (-0.9151009, 0.35578698, 0.18975241), (-0.9153761, 0.36417893, 0.17163983), (-0.915496, 0.3739608, 0.14839292), (-0.9149088, 0.3821108, 0.1301276), (-0.91510093, 0.38909048, 0.105824806), (-0.9153761, 0.39324158, 0.08629953), (-0.915496, 0.39760533, 0.06145818), (-0.9149088, 0.40148658, 0.04183725), (-0.91510093, 0.40288347, 0.016590795), (-0.9153761, 0.4025857, -0.003369159), (-0.915496, 0.4013123, -0.028558318), (-0.9149089, 0.40073007, -0.04855088), (-0.97019047, 0.2380249, -0.045547772), (-0.97021323, 0.23538975, -0.05725367), (-0.97021246, 0.23134448, -0.07188525), (-0.97016394, 0.22768456, -0.08331686), (-0.97019047, 0.22192185, -0.09737127), (-0.97021323, 0.21674798, -0.10819725), (-0.97021246, 0.20954819, -0.121562), (-0.97016394, 0.20343632, -0.13189235), (-0.97019047, 0.1946908, -0.14431205), (-0.97021323, 0.18723732, -0.15371567), (-0.97021246, 0.17724425, -0.1651431), (-0.9701618, 0.16914512, -0.17371237), (-0.97019327, 0.15768977, -0.1840081), (-0.9702128, 0.14854866, -0.19136445), (-0.9702126, 0.13618405, -0.2003534), (-0.9701665, 0.12610379, -0.20706223), (-0.9701879, 0.11312961, -0.21432959), (-0.97021353, 0.10214421, -0.21966396), (-0.9702124, 0.088285945, -0.22559594), (-0.9701634, 0.076971196, -0.2299095), (-0.9701886, 0.062496893, -0.23415416), (-0.97021353, 0.050703514, -0.23688577), (-0.9702124, 0.03587259, -0.2395853), (-0.9701634, 0.023881504, -0.24127296), (-0.9701901, 0.008613343, -0.24219202), (-0.97021323, -0.0034390585, -0.24222822), (-0.97021246, -0.018604059, -0.24154021), (-0.97016394, -0.03056328, -0.24051578), (-0.97019047, -0.045547772, -0.2380249), (-0.97021323, -0.05725367, -0.23538975), (-0.97021246, -0.07188525, -0.23134448), (-0.9701618, -0.08312016, -0.22776547), (-0.9701919, -0.09717409, -0.22200201), (-0.97021323, -0.10781714, -0.21693724), (-0.97021246, -0.1211945, -0.20976096), (-0.970166, -0.13170946, -0.20354494), (-0.970189, -0.14414501, -0.19482177), (-0.97021323, -0.15371567, -0.18723732), (-0.97021246, -0.1651431, -0.17724425), (-0.97016394, -0.17385451, -0.16898686), (-0.97019047, -0.1840166, -0.15769704), (-0.97021323, -0.19152585, -0.14833803), (-0.97021246, -0.2004432, -0.1360526), (-0.97016394, -0.20709868, -0.12606378), (-0.97019047, -0.2144938, -0.112795696), (-0.97021323, -0.21973221, -0.102000415), (-0.97021246, -0.2256922, -0.08803861), (-0.97016394, -0.22995816, -0.07681935), (-0.97019047, -0.23421541, -0.06223841), (-0.97021323, -0.23692028, -0.05054797), (-0.97021246, -0.23962408, -0.035610106), (-0.97016394, -0.24128653, -0.02372271), (-0.97019047, -0.24219246, -0.008559992), (-0.97021323, -0.24222822, 0.0034390585), (-0.97021246, -0.24154021, 0.018604059), (-0.97016394, -0.24051578, 0.03056328), (-0.97019047, -0.2380249, 0.045547772), (-0.97021323, -0.23538975, 0.05725367), (-0.97021246, -0.23134448, 0.07188525), (-0.97016394, -0.22768456, 0.08331686), (-0.97019047, -0.22192185, 0.09737127), (-0.97021323, -0.21674798, 0.10819725), (-0.97021246, -0.20954819, 0.121562), (-0.970166, -0.20331363, 0.13206615), (-0.9701875, -0.19470036, 0.14431913), (-0.97021353, -0.18706784, 0.15391992), (-0.97021234, -0.17713603, 0.16525975), (-0.9701634, -0.1687978, 0.17404105), (-0.9701886, -0.15758061, 0.18412602), (-0.97021353, -0.14812748, 0.19168715), (-0.97021234, -0.13592103, 0.20053291), (-0.97016126, -0.1260238, 0.20713545), (-0.97019154, -0.11265265, 0.21456413), (-0.97021323, -0.102000415, 0.21973221), (-0.97021246, -0.08803861, 0.2256922), (-0.970166, -0.07661514, 0.23001751), (-0.9701875, -0.062241472, 0.23422693), (-0.97021353, -0.05028792, 0.23697433), (-0.97021234, -0.035452697, 0.23964779), (-0.97016126, -0.023670929, 0.24130225), (-0.97019154, -0.00840046, 0.24219376), (-0.97021323, 0.0034390585, 0.24222822), (-0.97021246, 0.018604059, 0.24154021), (-0.970166, 0.030772956, 0.24048068), (-0.9701875, 0.04555, 0.23803656), (-0.97021353, 0.057511427, 0.2353256), (-0.9702124, 0.07203744, 0.23129751), (-0.9701634, 0.08356699, 0.22759506), (-0.9701886, 0.09752011, 0.22186457), (-0.97021353, 0.10843406, 0.21662821), (-0.9702124, 0.121699885, 0.20946856), (-0.97016126, 0.13194275, 0.20341632), (-0.97019154, 0.14443754, 0.19459242), (-0.97021323, 0.15371567, 0.18723732), (-0.97021246, 0.1651431, 0.17724425), (-0.97016394, 0.17385451, 0.16898686), (-0.97019047, 0.1840166, 0.15769704), (-0.97021323, 0.19152585, 0.14833803), (-0.97021246, 0.2004432, 0.1360526), (-0.97016394, 0.20709868, 0.12606378), (-0.97019047, 0.2144938, 0.112795696), (-0.97021323, 0.21973221, 0.102000415), (-0.97021246, 0.2256922, 0.08803861), (-0.97016394, 0.22995816, 0.07681935), (-0.97019047, 0.23421541, 0.06223841), (-0.97021323, 0.23692028, 0.05054797), (-0.97021246, 0.23962408, 0.035610106), (-0.97016394, 0.24128653, 0.02372271), (-0.97019047, 0.24219246, 0.008559992), (-0.97021323, 0.24222822, -0.0034390585), (-0.97021246, 0.24154021, -0.018604059), (-0.97016394, 0.24051578, -0.03056328), (-0.9983673, -0.056102738, 0.0107355835), (-0.9983673, -0.055502467, 0.013499825), (-0.9961675, -0.08352668, 0.025954165), (-0.99632543, -0.080432564, 0.02943274), (-0.99843854, -0.051153727, 0.022444328), (-0.99843854, -0.049979866, 0.024949217), (-0.9961156, -0.07616648, 0.044185307), (-0.99632007, -0.0719185, 0.046626452), (-0.99834746, -0.046166606, 0.034220427), (-0.99834746, -0.0444159, 0.036463957), (-0.99604803, -0.0649816, 0.060545046), (-0.9975752, -0.048552416, 0.04986337), (-0.99840724, -0.036712077, 0.042839337), (-0.99840724, -0.034595355, 0.044566676), (-0.9961367, -0.049365904, 0.07262688), (-0.9965489, -0.04317616, 0.070895195), (-0.9984413, -0.026052667, 0.049358096), (-0.99844134, -0.0235327, 0.050607722), (-0.99616265, -0.03189558, 0.081502214), (-0.9963843, -0.026972294, 0.0805652), (-0.99839836, -0.014589402, 0.054661732), (-0.99839836, -0.011841315, 0.055322118), (-0.9961564, -0.012970457, 0.08662667), (-0.99637765, -0.008376373, 0.084625475), (-0.9984248, -0.001994043, 0.05607081), (-0.9984248, 0.0007965596, 0.056100465), (-0.99717224, 0.005771141, 0.07492798), (-0.99807906, 0.007809757, 0.061458495), (-0.9984169, 0.010571288, 0.05524415), (-0.9984169, 0.013293229, 0.054653082), (-0.9960935, 0.026203021, 0.084327556), (-0.9962934, 0.029489396, 0.080806814), (-0.9984024, 0.02265711, 0.051761944), (-0.99840236, 0.025147785, 0.050599378), (-0.996171, 0.043737046, 0.075699225), (-0.9966008, 0.044755157, 0.06916492), (-0.9984136, 0.033489257, 0.04526307), (-0.9984136, 0.035726734, 0.043517902), (-0.99620116, 0.059362777, 0.0637127), (-0.9963756, 0.060996108, 0.059288383), (-0.99835366, 0.04355348, 0.037324075), (-0.99835366, 0.045347832, 0.03512217), (-0.99606395, 0.07333923, 0.049779683), (-0.9979603, 0.054528844, 0.033192456), (-0.99841726, 0.0497773, 0.026176278), (-0.99841726, 0.05101214, 0.023679942), (-0.9961638, 0.08152534, 0.031801667), (-0.9963319, 0.0811644, 0.0271136), (-0.99844426, 0.05388897, 0.014319976), (-0.99844426, 0.054531813, 0.011634633), (-0.99618405, 0.086329535, 0.012829279), (-0.99648225, 0.083401665, 0.0081999), (-0.99841666, 0.05621622, 0.0019868582), (-0.99841666, 0.056245662, -0.0007986213), (-0.99615246, 0.08737813, -0.006730083), (-0.9964858, 0.08309315, -0.010558952), (-0.9983983, 0.055567488, -0.01063316), (-0.9983983, 0.054972947, -0.01337103), (-0.9961568, 0.08364247, -0.025990145), (-0.99648947, 0.07861991, -0.028769435), (-0.99844855, 0.050989926, -0.022372458), (-0.99844855, 0.049819823, -0.024869327), (-0.9961919, 0.07541631, -0.043750122), (-0.99658793, 0.06921675, -0.044961095), (-0.9984154, 0.04520817, -0.03351), (-0.9984154, 0.043454327, -0.035754252), (-0.9961732, 0.06390724, -0.059622586), (-0.99757797, 0.048426703, -0.049930982), (-0.9984191, 0.036547113, -0.04270361), (-0.9984191, 0.034368746, -0.0444756), (-0.9961866, 0.048951562, -0.07222131), (-0.9963803, 0.044184238, -0.07262201), (-0.99843556, 0.02599186, -0.049505588), (-0.99843556, 0.023542719, -0.050716527), (-0.9962166, 0.031582482, -0.08096345), (-0.9965128, 0.02636827, -0.079164095), (-0.99840415, 0.014503296, -0.05457884), (-0.99840415, 0.011722943, -0.05524231), (-0.9961667, 0.012801426, -0.08653324), (-0.9963926, 0.008285033, -0.08445752), (-0.9984407, 0.0019350355, -0.055789433), (-0.9984407, -0.0007925458, -0.05581778), (-0.996198, -0.0066902367, -0.0868608), (-0.9964431, -0.010696097, -0.083586626), (-0.99840283, -0.010618241, -0.05548952), (-0.99840283, -0.013412303, -0.054880667), (-0.9962196, -0.025832059, -0.08294139), (-0.99641603, -0.02915531, -0.0794046), (-0.99841595, -0.022640154, -0.051507846), (-0.99841595, -0.025184343, -0.05031285), (-0.996207, -0.043712854, -0.07523809), (-0.9965242, -0.0453323, -0.06988883), (-0.99843323, -0.033350434, -0.044931114), (-0.99843323, -0.0355057, -0.043248665), (-0.99621385, -0.059263904, -0.06360658), (-0.99653846, -0.059612397, -0.057943415), (-0.9984487, -0.042278238, -0.03623123), (-0.9984487, -0.044020057, -0.0340938), (-0.9962142, -0.07192813, -0.048821885), (-0.9965365, -0.07103188, -0.04323808), (-0.99843955, -0.049425535, -0.025991296), (-0.99843955, -0.050651643, -0.0235126), (-0.9957862, -0.085435085, -0.033326793), (-0.99620163, -0.08258988, -0.027589794), (-0.9984276, -0.05417548, -0.0143961115), (-0.9984276, -0.05482173, -0.011696488), (-0.99621534, -0.0859754, -0.012776652), (-0.9964309, -0.084007815, -0.008259496), (-0.9984232, -0.05609993, -0.0019827483), (-0.9984232, -0.056129303, 0.0007969691), (-0.9961265, -0.08767252, 0.0067527574), (-0.9964291, -0.08376006, 0.010643699), (-0.89567226, -0.32326618, -0.30540165), (-0.81725675, -0.1984064, 0.54104185), (-0.812086, -0.34832898, 0.46817014), (-0.87071526, -0.46549186, -0.15865782), (-0.8882177, -0.385328, -0.25018337), (-0.803044, -0.056160834, 0.59326744), (-0.8039238, -0.22329141, 0.5512236), (-0.87477165, -0.48321462, -0.03575229), (-0.89572304, -0.42268518, -0.1379039), (-0.81683534, 0.05972281, 0.573771), (-0.87151694, -0.22057727, 0.43795416), (-0.87362885, -0.48353252, 0.05448817), (-0.9313967, -0.3576458, 0.06774686), (-0.8109452, 0.19043137, 0.5532664), (-0.8212182, 0.012443012, 0.5704786), (-0.8719683, -0.46134928, 0.16379277), (-0.89166975, -0.449318, 0.055121507), (-0.7957015, 0.33293375, 0.50597847), (-0.8158255, 0.15737733, 0.556472), (-0.8728396, -0.4059335, 0.27086717), (-0.8853656, -0.43883675, 0.15346038), (-0.7970176, 0.4294475, 0.42466202), (-0.8224878, 0.2640649, 0.5037694), (-0.86997974, -0.34303734, 0.3542043), (-0.889992, -0.38613737, 0.24251226), (-0.8770026, 0.35826305, 0.32017806), (-0.88227904, 0.12783338, 0.45303681), (-0.8874639, -0.16908884, 0.4287386), (-0.94820476, -0.056025233, 0.3126802), (-0.80493057, 0.56242085, 0.1891284), (-0.81352764, 0.4750218, 0.33545056), (-0.87311304, -0.15769656, 0.46130836), (-0.8823465, -0.25676316, 0.39438224), (-0.8031106, 0.59183735, 0.06886142), (-0.824726, 0.51106983, 0.24214596), (-0.8712891, -0.04348043, 0.48884022), (-0.8974639, -0.12706614, 0.42238927), (-0.80698997, 0.5869223, -0.06549363), (-0.80134034, 0.58871716, 0.10613997), (-0.8744624, 0.076721385, 0.4789878), (-0.89557356, -0.03811196, 0.44327807), (-0.8141842, 0.54953617, -0.18738739), (-0.88034284, 0.43933672, 0.1788288), (-0.8725455, 0.16344875, 0.46037912), (-0.9440947, 0.19274954, 0.26745623), (-0.8063072, 0.4993843, -0.31699207), (-0.8086627, 0.5657112, -0.16135488), (-0.8679438, 0.26648656, 0.4191162), (-0.88143075, 0.14869425, 0.44829664), (-0.7938216, 0.4246143, -0.43537337), (-0.8213875, 0.50244653, -0.26994452), (-0.8727502, 0.35168672, 0.33856088), (-0.89314145, 0.24501929, 0.37717894), (-0.8065453, 0.31169963, -0.50232255), (-0.82334083, 0.4322735, -0.36776283), (-0.8756169, 0.41466904, 0.24767844), (-0.8931551, 0.32539713, 0.31046852), (-0.80725926, 0.19592494, -0.5567279), (-0.82096493, 0.34550014, -0.4545836), (-0.86892796, 0.46761712, 0.16216804), (-0.8906064, 0.38568908, 0.2409651), (-0.8025446, 0.058931764, -0.5936743), (-0.82482326, 0.22964591, -0.516652), (-0.8759248, 0.48069966, 0.041031312), (-0.8918769, 0.43138736, 0.13586986), (-0.79407585, -0.07522503, -0.6031457), (-0.86219335, 0.21209528, -0.46004158), (-0.85106826, 0.52032876, -0.07029088), (-0.9310554, 0.3595514, -0.06211739), (-0.8050058, -0.20250635, -0.557635), (-0.8132078, -0.025653202, -0.5814078), (-0.8718651, 0.4605549, -0.1665547), (-0.8859243, 0.4615989, -0.045437664), (-0.80546224, -0.318083, -0.50005376), (-0.8193549, -0.14762229, -0.5539542), (-0.8745647, 0.40139183, -0.27206826), (-0.89606154, 0.41523573, -0.1570127), (-0.8074132, -0.42066136, -0.41367608), (-0.80833185, -0.27441853, -0.520859), (-0.86073625, 0.35781133, -0.36208314), (-0.8865636, 0.39524123, -0.24039422), (-0.80455464, -0.50585914, -0.31112432), (-0.80814135, -0.38899744, -0.44225398), (-0.8438586, 0.27037093, -0.46346766), (-0.8925333, 0.3139665, -0.32374266), (-0.80821437, -0.5561756, -0.19354135), (-0.81861115, -0.4603748, -0.34341064), (-0.8510223, 0.15896043, -0.5004924), (-0.88781124, 0.24538517, -0.38932928), (-0.8025932, -0.5933038, -0.061925836), (-0.82737756, -0.5113177, -0.23238017), (-0.86964005, 0.048477076, -0.49130046), (-0.89051837, 0.14744383, -0.43039206), (-0.80545115, -0.58859915, 0.0692779), (-0.8167377, -0.5662736, -0.11078678), (-0.8615258, -0.06165754, -0.5039561), (-0.89209205, 0.046348173, -0.44947037), (-0.80389255, -0.5592377, 0.2025092), (-0.8119358, -0.58331865, 0.022351837), (-0.87149847, -0.16813323, -0.4606752), (-0.89004815, -0.05697479, -0.45229208), (-0.772984, -0.5197964, 0.36374083), (-0.8029489, -0.56877905, 0.17822306), (-0.8683968, -0.25155205, -0.42732713), (-0.88371235, -0.14332789, -0.44554412), (-0.80813867, -0.4153738, 0.41758415), (-0.8154783, -0.50982845, 0.27398917), (-0.8491955, -0.3808738, -0.36578977), (-0.89100647, -0.24350515, -0.38316146), (-0.8035566, -0.31113905, 0.507434), (-0.815885, -0.43627632, 0.37946618), (-0.8707669, -0.4244402, -0.24822482), (-0.6957505, -0.56198144, -0.4473345), (-0.045944527, -0.46149623, 0.88595164), (-0.55214715, -0.59465057, 0.5844008), (-0.7662858, -0.62441087, -0.15138403), (-0.6819534, -0.65871155, -0.31786585), (0.0028957664, -0.2393671, 0.9709248), (-0.5475384, -0.44060928, 0.71138257), (-0.7665291, -0.6421912, -0.0048663775), (-0.6984034, -0.69850343, -0.15596694), (-0.06631777, -0.045049395, 0.99678105), (-0.5663534, -0.284839, 0.77337605), (-0.66821796, -0.7211768, 0.18272601), (-0.6934987, -0.71965545, 0.033994474), (-0.06377068, 0.15831901, 0.9853265), (-0.5540323, -0.10774718, 0.82549304), (-0.7518034, -0.5881153, 0.29818133), (-0.6852088, -0.70613974, 0.17848125), (-0.03322582, 0.38501847, 0.9223106), (-0.54205084, 0.0842015, 0.8361166), (-0.7645012, -0.47864464, 0.43178377), (-0.69097275, -0.63732135, 0.3411424), (-0.08640211, 0.54455, 0.8342661), (-0.5554922, 0.24686079, 0.7940329), (-0.7589951, -0.38910192, 0.5220403), (-0.6855268, -0.5665765, 0.4572134), (-0.021755844, 0.75932825, 0.65034395), (-0.40368927, 0.4895274, 0.7729152), (-0.582245, -0.35386962, 0.73196113), (-0.68454725, -0.45691097, 0.568003), (-0.03324557, 0.87904245, 0.47558287), (-0.54133594, 0.5883027, 0.6007124), (-0.76546746, -0.11335156, 0.6334121), (-0.6942086, -0.27601054, 0.66475), (-0.08046577, 0.9499889, 0.30173892), (-0.5461006, 0.69550216, 0.46695918), (-0.75008345, 0.02196135, 0.6609785), (-0.6872313, -0.13892932, 0.71303), (-0.01046864, 0.99969983, 0.022149805), (-0.547296, 0.7859911, 0.2875503), (-0.7619114, 0.13188472, 0.6341115), (-0.69594777, 0.0060618827, 0.7180668), (-0.046279866, 0.9804273, -0.19136477), (-0.5341292, 0.8382944, 0.109400794), (-0.5834034, 0.35620445, 0.7299033), (-0.6868175, 0.18496627, 0.7029005), (-0.026153835, 0.9172341, -0.3974891), (-0.5262612, 0.84483856, -0.09642081), (-0.76024735, 0.4239471, 0.4922325), (-0.6808305, 0.34483105, 0.6461899), (-0.0746664, 0.84241474, -0.5336312), (-0.56479484, 0.7899005, -0.23888066), (-0.7537307, 0.52796066, 0.39134076), (-0.6877864, 0.46324533, 0.55888605), (-0.053681906, 0.6716245, -0.7389444), (-0.55577415, 0.7132788, -0.42702284), (-0.7537625, 0.604118, 0.25861853), (-0.69296604, 0.58553797, 0.42064637), (-0.061663445, 0.48935878, -0.86989975), (-0.5505099, 0.59921753, -0.581272), (-0.75787526, 0.63819826, 0.13538136), (-0.6821586, 0.661185, 0.31224027), (-0.042381745, 0.28681487, -0.95704806), (-0.5615021, 0.4531701, -0.6923527), (-0.74898654, 0.6607986, -0.048624836), (-0.6878703, 0.7176468, 0.10870853), (-0.045120068, 0.061446734, -0.99709), (-0.50201535, 0.2457897, -0.8291972), (-0.675224, 0.71871847, -0.16588032), (-0.6756497, 0.73369116, 0.072074264), (-0.0097113615, -0.19929317, -0.9798918), (-0.5363313, 0.10029953, -0.8380267), (-0.75829107, 0.583352, -0.29102415), (-0.68632174, 0.7059333, -0.17498764), (-0.044399697, -0.379018, -0.92432356), (-0.54134923, -0.083174035, -0.83667386), (-0.75712216, 0.502824, -0.41705406), (-0.6895597, 0.65039694, -0.31857687), (0.0008884298, -0.6228448, -0.7823449), (-0.5091235, -0.31783494, -0.79985887), (-0.762627, 0.40882722, -0.50125873), (-0.68131435, 0.59114516, -0.43169212), (-0.013441067, -0.7633425, -0.6458541), (-0.45224735, -0.55683154, -0.6967144), (-0.761539, 0.27617016, -0.58633476), (-0.6784201, 0.51938, -0.5196062), (-0.03804853, -0.881762, -0.4701574), (-0.47698614, -0.6693901, -0.56956226), (-0.7636215, 0.12409393, -0.63362676), (-0.6783662, 0.37427422, -0.63224846), (-0.05831619, -0.9551075, -0.29046327), (-0.53798777, -0.70864487, -0.4564993), (-0.75751615, -0.026090993, -0.6522948), (-0.6852492, 0.15865143, -0.7108187), (-0.032994747, -0.9983058, -0.047925904), (-0.5238751, -0.8120711, -0.25709024), (-0.7577692, -0.15129551, -0.6347405), (-0.68121725, 0.025099134, -0.7316509), (-0.013501206, -0.98137254, 0.19163936), (-0.54611534, -0.8318938, -0.0985432), (-0.7535283, -0.29839516, -0.5857947), (-0.6869323, -0.19023935, -0.7013793), (-0.04819896, -0.926329, 0.37361935), (-0.6008541, -0.79736644, 0.05640149), (-0.7727731, -0.4018985, -0.49122226), (-0.6895446, -0.3355558, -0.64181817), (-0.04097927, -0.8113307, 0.58314943), (-0.48494285, -0.7968605, 0.36033836), (-0.76313937, -0.51221645, -0.39402112), (-0.68007046, -0.40379432, -0.61192673), (-0.041564543, -0.66045463, 0.7497147), (-0.5461769, -0.70562935, 0.45141774), (-0.76318216, -0.58757573, -0.268901), (-0.6342851, -0.6600492, -0.40251395), (0.018992687, -0.66736996, 0.7444841), (-0.37119165, -0.7665092, 0.5240996), (-0.6375362, -0.7654753, -0.08715034), (-0.62773234, -0.739381, -0.24344978), (0.02779871, -0.49034673, 0.871084), (-0.37198824, -0.6335183, 0.67843884), (-0.63744175, -0.7660654, 0.08253401), (-0.62804186, -0.7743627, -0.07697938), (0.032192174, -0.27891704, 0.95977545), (-0.33854204, -0.4552718, 0.8234785), (-0.62593883, -0.7401496, 0.24572165), (-0.6381149, -0.76667595, 0.07083312), (0.022616113, -0.04969843, 0.99850816), (-0.32344913, -0.25745976, 0.9105466), (-0.6331005, -0.66191345, 0.40131575), (-0.635542, -0.73316616, 0.24197888), (0.052108686, 0.19979122, 0.9784519), (-0.34639925, -0.068710156, 0.93556744), (-0.6423361, -0.5503229, 0.5334314), (-0.6451812, -0.6442183, 0.41076028), (0.017633814, 0.40484363, 0.91421586), (-0.32279432, 0.15162386, 0.93424517), (-0.6354477, -0.42395937, 0.64534074), (-0.6324519, -0.5537921, 0.54158926), (0.032346357, 0.58203214, 0.8125222), (-0.33643928, 0.36315617, 0.8688649), (-0.64299375, -0.2573839, 0.72132695), (-0.6294307, -0.42084083, 0.6532304), (0.059348322, 0.7631652, 0.6434724), (-0.34189814, 0.53447956, 0.77294064), (-0.6382532, -0.11895688, 0.76058006), (-0.6458312, -0.26772574, 0.715), (0.030735457, 0.89172155, 0.45153967), (-0.3404706, 0.6990121, 0.62885755), (-0.6418244, 0.068849355, 0.76375467), (-0.63467675, -0.076568626, 0.7689751), (0.016383955, 0.9602622, 0.2786182), (-0.38189295, 0.80039537, 0.46208772), (-0.64120066, 0.24836749, 0.7260684), (-0.6299061, 0.0959226, 0.7707251), (0.0776586, 0.99697787, -0.0020576145), (-0.31045464, 0.9230527, 0.22713779), (-0.6405757, 0.3754237, 0.6698655), (-0.6368559, 0.2067282, 0.7427503), (0.05291866, 0.97878265, -0.19794992), (-0.3486632, 0.93571687, 0.053552777), (-0.6482383, 0.52403206, 0.5524287), (-0.6445371, 0.40283474, 0.64984316), (-0.0064100404, 0.9260149, -0.37743255), (-0.32806435, 0.93242955, -0.15148894), (-0.63642156, 0.64819765, 0.4180997), (-0.6322861, 0.53957534, 0.55594313), (0.034217414, 0.8116393, -0.5831559), (-0.32606944, 0.873017, -0.36265695), (-0.6313973, 0.7287576, 0.26504666), (-0.6377707, 0.64583486, 0.41969737), (0.024206439, 0.6592055, -0.7515731), (-0.34662822, 0.77235377, -0.53227675), (-0.6426798, 0.75990224, 0.09752564), (-0.631202, 0.7331315, 0.25318414), (0.014423699, 0.49827355, -0.8668999), (-0.3217651, 0.6297842, -0.7069929), (-0.62442464, 0.7743681, -0.102214865), (-0.6453982, 0.75885636, 0.08716783), (0.016582387, 0.25406998, -0.9670437), (-0.36474705, 0.4712943, -0.80302006), (-0.6757398, 0.6995696, -0.23233178), (-0.62775344, 0.772794, -0.09335412), (0.057232637, 0.029862609, -0.99791414), (-0.34709898, 0.26533017, -0.89951223), (-0.6378167, 0.66410726, -0.39006585), (-0.63772607, 0.7341589, -0.23305845), (0.0369064, -0.1872188, -0.9816247), (-0.34152612, 0.062187456, -0.9378127), (-0.63535124, 0.5534252, -0.53856236), (-0.6291413, 0.6557505, -0.4173399), (0.060113974, -0.4113025, -0.9095145), (-0.3732595, -0.1384176, -0.91734284), (-0.6607118, 0.41739938, -0.62388915), (-0.6341055, 0.5491508, -0.54437447), (0.051950116, -0.60463184, -0.7948091), (-0.36425203, -0.34452257, -0.865231), (-0.6916872, 0.25328225, -0.67632604), (-0.6340807, 0.40273482, -0.66011083), (0.047318216, -0.7652862, -0.64194864), (-0.3588675, -0.5230302, -0.7730805), (-0.6802789, 0.093711786, -0.7269379), (-0.63755757, 0.24631442, -0.72996545), (0.036909223, -0.88767976, -0.45897973), (-0.34576687, -0.68595386, -0.6402442), (-0.6519598, -0.06474577, -0.7554842), (-0.6371256, 0.087626755, -0.7657627), (0.01594165, -0.96054596, -0.27766404), (-0.36270705, -0.807039, -0.46597385), (-0.6555233, -0.24166511, -0.7154629), (-0.6333268, -0.09218255, -0.76837456), (0.02727037, -0.99828357, -0.051828835), (-0.3545522, -0.89854926, -0.25865415), (-0.64080226, -0.40308267, -0.6533734), (-0.6434404, -0.245336, -0.725117), (0.006149631, -0.9852651, 0.17092359), (-0.36100435, -0.9300673, -0.06819613), (-0.630891, -0.54184496, -0.55532026), (-0.63388634, -0.4162994, -0.65183043), (0.025639554, -0.92206943, 0.38617435), (-0.35468948, -0.9239643, 0.14312668), (-0.67640734, -0.619835, -0.39784122), (-0.63353133, -0.55153334, -0.54263157), (0.025842069, -0.81333524, 0.5812211), (-0.35707244, -0.868214, 0.344534), (-0.6482881, -0.7171802, -0.2556857), (-0.47228387, -0.744761, -0.47146472), (0.18220648, -0.7349064, 0.653233), (-0.014192506, -0.8640161, 0.50326407), (-0.3959456, -0.91028327, -0.12087775), (-0.47861674, -0.82336736, -0.3049462), (0.17928493, -0.5698082, 0.8019822), (-0.013479692, -0.7293915, 0.68396366), (-0.39462042, -0.9145943, 0.08827254), (-0.4749321, -0.8731719, -0.10959166), (0.17954147, -0.38192508, 0.90658593), (-0.009217004, -0.55333555, 0.83290744), (-0.40963286, -0.86803, 0.28057948), (-0.47638246, -0.8764305, 0.07020907), (0.19916523, -0.14456801, 0.96924365), (-0.015010932, -0.35397255, 0.93513536), (-0.41231862, -0.7891415, 0.4552462), (-0.4755661, -0.8375531, 0.26896414), (0.18993771, 0.058651313, 0.9800427), (-0.036033746, -0.15728176, 0.98689616), (-0.39585185, -0.66004527, 0.63846815), (-0.47661278, -0.7513676, 0.45638466), (0.19849926, 0.29745716, 0.9338722), (-0.01944906, 0.09041918, 0.9957139), (-0.41304174, -0.50709176, 0.75647503), (-0.47776085, -0.6415596, 0.6001215), (0.19597515, 0.48930535, 0.8498082), (-0.02139509, 0.28996685, 0.9567975), (-0.41279417, -0.3280543, 0.84969485), (-0.47304294, -0.47069004, 0.7447693), (0.18044491, 0.65382874, 0.7348113), (-0.04006095, 0.49632365, 0.8672128), (-0.403718, -0.12735596, 0.9059759), (-0.47229144, -0.30997652, 0.8251396), (0.19164906, 0.80149525, 0.5664592), (-0.035594463, 0.68150586, 0.7309465), (-0.39918032, 0.08946926, 0.91249675), (-0.47099218, -0.09774582, 0.8767053), (0.17973606, 0.9066874, 0.3815927), (-0.021146646, 0.8220992, 0.5689514), (-0.39546275, 0.28770465, 0.8722587), (-0.47114077, 0.09646938, 0.8767668), (0.19673316, 0.96990985, 0.14342572), (-0.059301775, 0.9264185, 0.37179577), (-0.435787, 0.45214233, 0.77823967), (-0.46953583, 0.29267257, 0.8329939), (0.18204618, 0.9820024, -0.050303992), (-0.04269791, 0.9860878, 0.16064802), (-0.4064481, 0.63329285, 0.6585895), (-0.47236118, 0.47119725, 0.7448813), (0.17969397, 0.945575, -0.27128947), (-0.016877599, 0.99710345, -0.07416137), (-0.40587318, 0.76463646, 0.5005977), (-0.47057903, 0.61860925, 0.6291883), (0.18529017, 0.8616389, -0.47248915), (-0.018167403, 0.9560315, -0.29270065), (-0.40713102, 0.8561388, 0.31823048), (-0.47031024, 0.74282527, 0.476465), (0.18805383, 0.73216814, -0.6546492), (-0.02694383, 0.86911774, -0.49387076), (-0.39479744, 0.9103477, 0.12410488), (-0.4694674, 0.8320295, 0.29551178), (0.18924998, 0.5660039, -0.80238646), (-0.0018122134, 0.72832495, -0.6852295), (-0.4023101, 0.91149783, -0.08554683), (-0.47851273, 0.8701538, 0.117719926), (0.18989076, 0.36196253, -0.91264707), (-0.031475108, 0.56459546, -0.8247674), (-0.3930081, 0.8732995, -0.28791085), (-0.4741096, 0.8763694, -0.084833845), (0.1908234, 0.15477155, -0.9693463), (-0.03131621, 0.36731324, -0.92956996), (-0.40727717, 0.786486, -0.46428984), (-0.4736066, 0.8389444, -0.26808414), (0.1930152, -0.060324293, -0.97933966), (-0.019288281, 0.14054525, -0.98988634), (-0.3981614, 0.6606454, -0.636408), (-0.47632927, 0.7546592, -0.4512205), (0.19291788, -0.2845962, -0.93903553), (-0.033501755, -0.06869452, -0.9970751), (-0.39983973, 0.508278, -0.7627461), (-0.4718765, 0.6337989, -0.61288786), (0.19073683, -0.47760177, -0.8576223), (-0.03874746, -0.29010913, -0.9562088), (-0.3965525, 0.3191809, -0.86073786), (-0.4725755, 0.47246403, -0.7439423), (0.18924497, -0.66061676, -0.72647905), (-0.03672335, -0.49486858, -0.8681915), (-0.39732042, 0.11861328, -0.9099821), (-0.47646683, 0.3033645, -0.82519656), (0.18524708, -0.80432343, -0.5645771), (-0.042965487, -0.6676834, -0.7432044), (-0.39905375, -0.08544218, -0.91293794), (-0.4697386, 0.09774625, -0.8773775), (0.18438101, -0.90727293, -0.37796754), (-0.0136777, -0.8299274, -0.55770373), (-0.39795595, -0.28671044, -0.8714518), (-0.4743538, -0.080940545, -0.87660545), (0.18722728, -0.96852237, -0.16404395), (-0.017653398, -0.9299169, -0.3673457), (-0.40745538, -0.4684355, -0.7839313), (-0.47229442, -0.2828868, -0.8348132), (0.18481338, -0.98134434, 0.052984413), (-0.011990041, -0.99012595, -0.13966693), (-0.3952101, -0.6378216, -0.6610542), (-0.4753158, -0.45084533, -0.7555219), (0.18397951, -0.9457185, 0.2678955), (-0.011262942, -0.9965093, 0.08271844), (-0.39532885, -0.7689285, -0.502458), (-0.47531104, -0.60765016, -0.63627094), (0.18156844, -0.864668, 0.46838248), (-0.01907588, -0.9571991, 0.28880095), (-0.39582682, -0.8618914, -0.31696108), (-0.2648953, -0.79351896, -0.5478669), (0.14710505, -0.780359, 0.6077828), (0.037182797, -0.8975523, 0.4393373), (-0.21053006, -0.9616097, -0.17602213), (-0.26463097, -0.8935717, -0.36262944), (0.14916481, -0.6244683, 0.7666741), (0.040623784, -0.77657044, 0.6287194), (-0.21011996, -0.9767066, 0.04351744), (-0.2653435, -0.9518909, -0.15328589), (0.14744261, -0.43918794, 0.88621366), (0.03722367, -0.6193988, 0.7841936), (-0.21964282, -0.9418082, 0.25446874), (-0.26482552, -0.96211797, 0.06477986), (0.14424446, -0.23951444, 0.9601179), (0.019826371, -0.42836854, 0.9033866), (-0.21374717, -0.85995454, 0.4634548), (-0.2659129, -0.9237616, 0.27559903), (0.14853692, -0.0071900226, 0.98888075), (0.038965397, -0.22173457, 0.9743282), (-0.20327471, -0.7350441, 0.6468304), (-0.26678425, -0.84268415, 0.46766397), (0.15065137, 0.21641883, 0.9646072), (0.022199254, -0.0025828634, 0.99975026), (-0.21977535, -0.5706654, 0.79122674), (-0.26373383, -0.70503455, 0.658309), (0.14548174, 0.41824123, 0.8966099), (0.023633623, 0.22540945, 0.97397745), (-0.20456378, -0.3860709, 0.8995015), (-0.26672533, -0.5487307, 0.7923082), (0.14496732, 0.60784423, 0.7807111), (0.03830552, 0.43848926, 0.8979197), (-0.20740885, -0.17903128, 0.9617325), (-0.26564264, -0.36986148, 0.89030135), (0.1467792, 0.76101214, 0.6319149), (0.03707218, 0.62531215, 0.77949363), (-0.19670987, 0.051157217, 0.9791262), (-0.2641257, -0.140533, 0.954195), (0.14511544, 0.8865301, 0.43932438), (0.037155416, 0.78431934, 0.61924356), (-0.20621312, 0.25962698, 0.9434352), (-0.2654547, 0.06448543, 0.96196437), (0.14601672, 0.9616263, 0.23227999), (0.022186227, 0.90266913, 0.429763), (-0.2010021, 0.46525997, 0.86205065), (-0.2643677, 0.27907494, 0.9231614), (0.14704785, 0.9890678, 0.011039233), (0.048408292, 0.9744488, 0.21933123), (-0.19000776, 0.6432674, 0.74169004), (-0.26557073, 0.4742795, 0.8393636), (0.14735776, 0.9663173, -0.21098961), (0.03600967, 0.9993449, -0.0036272977), (-0.20651732, 0.79047775, 0.5766243), (-0.26551217, 0.6515857, 0.71059084), (0.14592049, 0.8960934, -0.4191942), (0.03870127, 0.9739536, -0.2234203), (-0.20756274, 0.89914036, 0.38531065), (-0.26322642, 0.7957502, 0.54542965), (0.14486086, 0.78542584, -0.6017654), (0.038603786, 0.89717364, -0.4399877), (-0.19846046, 0.96476835, 0.17272933), (-0.26383603, 0.89258885, 0.36561692), (0.14796254, 0.6300535, -0.76232517), (0.038314458, 0.7760347, -0.62952536), (-0.20566468, 0.977247, -0.051868644), (-0.2658248, 0.9513408, 0.15584585), (0.15020633, 0.43268526, -0.88894403), (0.03654293, 0.61891747, -0.7846055), (-0.20411429, 0.9418799, -0.26683244), (-0.26834035, 0.9616631, -0.05654616), (0.14660709, 0.2286127, -0.962415), (0.0314572, 0.43212184, -0.9012664), (-0.20839436, 0.8617494, -0.4625578), (-0.26327294, 0.9274032, -0.26572657), (0.15105158, 0.014455023, -0.9884202), (0.033835173, 0.22164391, -0.9745405), (-0.21144986, 0.7347222, -0.64457136), (-0.264707, 0.83887774, -0.47561994), (0.15136166, -0.21890406, -0.96393496), (0.03295832, -0.00210033, -0.9994545), (-0.20433055, 0.5764651, -0.79116184), (-0.26429325, 0.71575487, -0.64640856), (0.14746231, -0.41340345, -0.8985279), (0.033811152, -0.22358704, -0.9740974), (-0.2015315, 0.37941077, -0.903013), (-0.2631261, 0.5476687, -0.79424405), (0.15068366, -0.611031, -0.7771329), (0.03435971, -0.43216196, -0.90114117), (-0.2031483, 0.16880216, -0.96448773), (-0.26242012, 0.3606816, -0.8950109), (0.15256257, -0.76871437, -0.6211303), (0.037557494, -0.62264776, -0.7816004), (-0.19717148, -0.043852918, -0.97938776), (-0.26563963, 0.15607958, -0.95135415), (0.14622404, -0.8838743, -0.44428006), (0.035766765, -0.78068334, -0.62390244), (-0.21217808, -0.25998515, -0.94201285), (-0.2621086, -0.06860512, -0.9625967), (0.1496766, -0.961495, -0.230487), (0.033999633, -0.9017071, -0.43100843), (-0.20673606, -0.4633187, -0.8617401), (-0.26268107, -0.28074244, -0.92313725), (0.14850223, -0.98882717, -0.012957343), (0.036450442, -0.9751009, -0.21874553), (-0.21413152, -0.6412702, -0.7368312), (-0.26426694, -0.47407547, -0.8398901), (0.14894666, -0.9663214, 0.20985195), (0.03697961, -0.99930143, 0.0054025175), (-0.21498623, -0.7894037, -0.574998), (-0.26428008, -0.64986134, -0.71262634), (0.14913656, -0.8947777, 0.42086944), (0.037399165, -0.9735044, 0.225589), (-0.20482995, -0.89910185, -0.38685983), (0.00016356682, -0.8230852, -0.5679179), (-0.00038470398, -0.8100483, 0.586363), (-0.002528384, -0.90808237, 0.41878396), (-0.0037354198, -0.9844959, -0.17536783), (0.0001518467, -0.9290601, -0.36992884), (-0.0003982315, -0.6559094, 0.75483954), (-0.0028582048, -0.79261327, 0.60971797), (-0.003736898, -0.99892384, 0.046229277), (0.00037725086, -0.98851556, -0.15111858), (-0.0001644714, -0.47807127, 0.87832105), (-0.0030520093, -0.6391751, 0.7690552), (0.0022644836, -0.9649888, 0.26228112), (0.0003042178, -0.99766874, 0.06824184), (-0.00023824819, -0.2749149, 0.9614685), (-0.002612179, -0.4467591, 0.89465046), (0.0042034504, -0.87889904, 0.47698933), (-0.00021713742, -0.9580513, 0.28659663), (-0.0007757534, -0.033103127, 0.99945164), (-0.0006237239, -0.24244666, 0.97016454), (-0.0024915433, -0.7528069, 0.65823674), (0.0003573987, -0.87369025, 0.48648253), (-0.00019425481, 0.18412766, 0.9829023), (-0.001991247, -0.019932764, 0.9997993), (0.00626524, -0.5843188, 0.8115), (-0.00029746752, -0.7363605, 0.6765893), (-0.0008539944, 0.3919857, 0.9199709), (-0.0033039008, 0.20703836, 0.9783273), (-0.0017614325, -0.3918306, 0.9200357), (0.0007195529, -0.5703195, 0.82142264), (0.00017685449, 0.59241486, 0.80563307), (-0.002273048, 0.41899422, 0.90798604), (0.0020462351, -0.18421713, 0.98288345), (-0.0005872106, -0.38041443, 0.92481595), (-0.0011584166, 0.7530653, 0.65794474), (0.0010865786, 0.61834484, 0.78590614), (0.0035095199, 0.047645677, 0.99885815), (-0.00080320175, -0.16304153, 0.9866189), (-0.001380459, 0.8806542, 0.47375762), (-0.0007827996, 0.7694746, 0.6386769), (-0.0000316521, 0.26727736, 0.96361965), (-0.0015599737, 0.07310488, 0.99732304), (-0.0021351234, 0.96341634, 0.26800066), (-0.000023319517, 0.8939848, 0.44809735), (0.0026637954, 0.47709176, 0.87884945), (-0.0018181353, 0.28914776, 0.9572828), (-0.0023833518, 0.9996708, 0.025545532), (0.002756253, 0.97390676, 0.22693177), (0.00246068, 0.6466306, 0.7627993), (0.0016426092, 0.47448838, 0.8802602), (0.001136307, 0.98390335, -0.17869794), (-0.00082792, 0.99987984, 0.015479836), (0.004033147, 0.8094323, 0.58719933), (-0.00010470132, 0.6737975, 0.73891604), (-0.0006610766, 0.917, -0.39888662), (-0.00044985223, 0.97869927, -0.20529875), (0.0022777875, 0.9186976, 0.3949551), (-0.00055832136, 0.82430696, 0.56614286), (-0.0011168706, 0.80761915, -0.5897034), (0.0013133268, 0.9068049, -0.4215485), (-0.00505497, 0.98392546, 0.17850809), (0.0023067084, 0.9270919, 0.37482697), (0.0018053596, 0.65909374, -0.7520586), (0.0013398598, 0.7912063, -0.6115478), (-0.0056345495, 0.99886847, -0.047222707), (0.0015742498, 0.9864791, 0.16387941), (0.0010391749, 0.46115586, -0.88731855), (-0.00039685718, 0.63712966, -0.77075654), (-0.005025061, 0.96375746, -0.26673263), (0.0015546739, 0.9983222, -0.05788304), (0.0010318623, 0.26021686, -0.96554965), (-0.0007701171, 0.45012298, -0.8929663), (-0.006513482, 0.87821597, -0.47821993), (-0.0019061608, 0.95880395, -0.2840622), (-0.00251177, 0.05150191, -0.99866974), (-0.0007409963, 0.24378367, -0.9698294), (0.004508531, 0.74997324, -0.6614528), (0.002055229, 0.86926824, -0.49433646), (0.0015314018, -0.18646745, -0.98245996), (-0.0007596879, 0.018993502, -0.99981934), (-0.0011320094, 0.5874639, -0.8092496), (0.0012655254, 0.74297166, -0.66932166), (0.0007446884, -0.38968593, -0.9209475), (0.0000111244135, -0.2037633, -0.9790202), (0.004356039, 0.38678336, -0.9221603), (-0.0008104809, 0.5669308, -0.82376504), (-0.0013764271, -0.5920396, -0.8059077), (-0.00046430493, -0.4146405, -0.9099852), (0.0043791276, 0.1704334, -0.9853595), (0.0016224119, 0.37355998, -0.9276046), (0.0010996788, -0.7551364, -0.6555668), (-0.0016292557, -0.60480696, -0.79637045), (0.0025282626, -0.04431137, -0.99901456), (-0.0004388709, 0.16272748, -0.986671), (-0.0010065289, -0.88023776, -0.47453183), (-0.00092904666, -0.77053094, -0.6374019), (0.0051638875, -0.26971036, -0.96292764), (0.0010038845, -0.073541276, -0.9972917), (0.00047659109, -0.96200055, -0.27304703), (-0.0025507098, -0.8914923, -0.45302865), (0.003648726, -0.47687435, -0.8789639), (0.00058704265, -0.29180357, -0.95647806), (0.000049365135, -0.99875855, -0.04981345), (-0.00051918405, -0.97063166, -0.24057004), (0.0022413267, -0.66152877, -0.74991643), (0.0030982853, -0.49741903, -0.8675049), (0.002614929, -0.9851039, 0.17194015), (-0.0026251643, -0.99977773, -0.020917686), (0.0023364003, -0.8116861, -0.5840892), (0.0026354785, -0.679084, -0.7340558), (0.0021432843, -0.9226804, 0.3855597), (-0.0038895584, -0.97924846, 0.20262602), (0.0031565367, -0.9208209, -0.38997295), (0.26701933, -0.7898739, -0.5520869), (-0.14575903, -0.78299206, 0.60471296), (-0.034334343, -0.8996824, 0.4351927), (0.20509058, -0.96325034, -0.17345496), (0.26618385, -0.8957415, -0.3560804), (-0.14490698, -0.6284411, 0.7642407), (-0.037790757, -0.7795717, 0.6251718), (0.206561, -0.9773006, 0.047075853), (0.26362395, -0.95349914, -0.14608826), (-0.14659253, -0.4441059, 0.88390076), (-0.04020736, -0.6172845, 0.78571194), (0.20855612, -0.94318336, 0.25866872), (0.26775175, -0.96155035, 0.061073497), (-0.14127883, -0.24393687, 0.9594452), (-0.04456498, -0.4233525, 0.9048683), (0.20838793, -0.8598208, 0.46613592), (0.26673728, -0.9258537, 0.2676679), (-0.15085806, -0.0069596884, 0.98853093), (-0.037798755, -0.22423786, 0.97380114), (0.21013027, -0.7334548, 0.6464436), (0.26620838, -0.8403408, 0.4721869), (-0.14978157, 0.21307582, 0.9654865), (-0.041609917, 0.005029906, 0.99912125), (0.19671272, -0.5722728, 0.7961206), (0.2677104, -0.71242785, 0.6486738), (-0.14358139, 0.4142281, 0.89877665), (-0.038269322, 0.22379674, 0.9738842), (0.2007881, -0.38220394, 0.9020002), (0.26845813, -0.54479045, 0.7944392), (-0.14112459, 0.6044704, 0.7840277), (-0.04679821, 0.44000182, 0.8967766), (0.20357488, -0.17768002, 0.9628017), (0.2679729, -0.37428793, 0.88774943), (-0.14778806, 0.7635479, 0.62861216), (-0.048688836, 0.62927276, 0.7756579), (0.19749609, 0.048265114, 0.9791148), (0.2674621, -0.14832786, 0.9520834), (-0.14476551, 0.88707465, 0.43833953), (-0.04566441, 0.7848711, 0.6179742), (0.21225469, 0.25775093, 0.94260937), (0.2686764, 0.0612799, 0.9612792), (-0.14542356, 0.9626425, 0.22841077), (-0.046168756, 0.9043795, 0.42422426), (0.21596391, 0.46121442, 0.86060494), (0.2666111, 0.27071032, 0.9250051), (-0.15092833, 0.9885437, 0.0014369043), (-0.05814256, 0.97521144, 0.21349949), (0.20723036, 0.63973594, 0.7401307), (0.26621863, 0.47299486, 0.839883), (-0.14664504, 0.96724784, -0.20718794), (-0.04514359, 0.998958, -0.006707429), (0.20801693, 0.7904548, 0.5761165), (0.26679194, 0.64567924, 0.7154861), (-0.14759304, 0.8957335, -0.41937792), (-0.047943775, 0.9728227, -0.22653341), (0.20790158, 0.8988118, 0.38589415), (0.26476127, 0.7923339, 0.54964393), (-0.14702654, 0.7824312, -0.6051319), (-0.03982649, 0.89947397, -0.43515563), (0.20002224, 0.9646343, 0.17167357), (0.26441044, 0.8974927, 0.35297877), (-0.1441259, 0.6313871, -0.7619567), (-0.037874054, 0.7823128, -0.6217332), (0.20496199, 0.97739404, -0.0518796), (0.26520368, 0.9535518, 0.14284912), (-0.14733395, 0.43557176, -0.8880146), (-0.044678595, 0.6251188, -0.77924985), (0.20904277, 0.94030535, -0.26856464), (0.2635394, 0.96219236, -0.06879548), (-0.1486547, 0.23212449, -0.9612596), (-0.03293098, 0.4411382, -0.8968348), (0.1981769, 0.86461085, -0.4617077), (0.26317352, 0.9252235, -0.27331504), (-0.1511142, 0.011035431, -0.9884547), (-0.031513795, 0.21330097, -0.97647816), (0.20302881, 0.7339753, -0.64812005), (0.26756832, 0.8402841, -0.47151864), (-0.14863265, -0.21448408, -0.96535224), (-0.038163856, 0.001857254, -0.9992698), (0.20118643, 0.57509965, -0.7929593), (0.26507777, 0.7126145, -0.6495494), (-0.14576414, -0.412044, -0.899429), (-0.038469605, -0.22745903, -0.97302747), (0.20674519, 0.3804234, -0.90140694), (0.26743048, 0.55487096, -0.7877812), (-0.14983763, -0.6124621, -0.77616936), (-0.041604076, -0.43819803, -0.8979151), (0.1962653, 0.16681102, -0.96625775), (0.2650498, 0.364991, -0.8924854), (-0.15004575, -0.76561195, -0.62555945), (-0.040691793, -0.6235267, -0.78074235), (0.21110271, -0.04464392, -0.9764438), (0.26963603, 0.161468, -0.9493284), (-0.14407387, -0.88421184, -0.44431087), (-0.043539386, -0.7850292, -0.61792684), (0.20743485, -0.26218814, -0.94245857), (0.26467872, -0.061035983, -0.9624031), (-0.14780797, -0.9604079, -0.23615547), (-0.04280039, -0.90289927, -0.42771602), (0.20594694, -0.4664163, -0.86025673), (0.2665139, -0.27505833, -0.92374957), (-0.14614472, -0.9891618, -0.014164702), (-0.037946273, -0.9755437, -0.21650556), (0.20419766, -0.6459048, -0.735602), (0.26578826, -0.47548726, -0.838611), (-0.14424494, -0.96910286, 0.20008251), (-0.039090935, -0.9992261, 0.0043781847), (0.20451066, -0.79489034, -0.5712484), (0.26604372, -0.6501086, -0.71174407), (-0.14398623, -0.9003105, 0.41074198), (-0.03890701, -0.9733032, 0.22620146), (0.20921044, -0.9000162, -0.38236347), (0.4813136, -0.73605746, -0.4759797), (-0.17870483, -0.7341437, 0.65505546), (0.03388129, -0.86721194, 0.49678513), (0.4005648, -0.9086139, -0.11818891), (0.47688627, -0.82912177, -0.29178178), (-0.17929304, -0.572645, 0.79995733), (0.017494375, -0.7348264, 0.67802954), (0.40424764, -0.9106216, 0.085745126), (0.4777277, -0.87219244, -0.10515045), (-0.17768565, -0.38395256, 0.906095), (0.018268442, -0.5643605, 0.8253263), (0.40077037, -0.87034696, 0.28614557), (0.47539267, -0.87498575, 0.09166126), (-0.1712761, -0.18792257, 0.9671347), (0.01346178, -0.36262295, 0.9318387), (0.39894804, -0.78234684, 0.47830316), (0.47791314, -0.8345772, 0.27400717), (-0.192395, 0.06323906, 0.9792778), (0.027107619, -0.14569972, 0.9889574), (0.41003874, -0.6557061, 0.63396984), (0.48178706, -0.7548316, 0.445096), (-0.18344218, 0.27028573, 0.9451426), (0.03901494, 0.05936755, 0.9974735), (0.40237686, -0.49338815, 0.77114266), (0.47274745, -0.61432594, 0.6317543), (-0.17487614, 0.46694058, 0.86682457), (0.025789993, 0.28534886, 0.95807666), (0.4095953, -0.30958897, 0.85812956), (0.4734783, -0.46212763, 0.7498376), (-0.16936521, 0.64083695, 0.74876124), (0.027607983, 0.4890343, 0.87182754), (0.40844432, -0.11734799, 0.90520865), (0.47547236, -0.30168793, 0.82638395), (-0.17798387, 0.79284096, 0.58285934), (0.030238908, 0.6806188, 0.7320134), (0.40144596, 0.101533644, 0.9102374), (0.47476274, -0.09481401, 0.8749918), (-0.16855071, 0.90204334, 0.39737698), (0.018019821, 0.82547647, 0.56414884), (0.4062609, 0.2975432, 0.8639561), (0.47835767, 0.09096023, 0.8734416), (-0.16782153, 0.9679486, 0.18684605), (0.0010593464, 0.9338773, 0.35759214), (0.4005044, 0.48119766, 0.7797724), (0.48344693, 0.26690787, 0.83369017), (-0.16920716, 0.98486465, -0.037557337), (0.0021723958, 0.9904175, 0.13808857), (0.40853527, 0.63865864, 0.6520844), (0.48152834, 0.4439639, 0.755663), (-0.17493887, 0.9500528, -0.25844947), (0.012695436, 0.9970023, -0.076323494), (0.4059956, 0.76870507, 0.49422675), (0.47794402, 0.6128772, 0.6292464), (-0.1743179, 0.8689827, -0.4631224), (0.012065225, 0.95568234, -0.29415256), (0.40333495, 0.86072105, 0.3106126), (0.4743979, 0.740978, 0.47528756), (-0.18482786, 0.7356292, -0.6516812), (0.023681028, 0.86791253, -0.49615222), (0.40748742, 0.90590537, 0.115280144), (0.47040406, 0.8329454, 0.29141366), (-0.18370016, 0.57678694, -0.7959718), (0.02051151, 0.73252636, -0.6804296), (0.41116148, 0.90697545, -0.09133305), (0.47629985, 0.87211096, 0.11207544), (-0.18184803, 0.38464016, -0.9049769), (-0.0020207944, 0.5614926, -0.8274793), (0.4080684, 0.86428404, -0.29409748), (0.47834644, 0.8753154, -0.07076438), (-0.1938886, 0.15745668, -0.968305), (0.017723411, 0.37776542, -0.9257317), (0.4273125, 0.77480537, -0.4659192), (0.4735257, 0.8318555, -0.28946486), (-0.19376276, -0.067389436, -0.97873116), (0.0038986898, 0.15301965, -0.98821545), (0.4085228, 0.6601856, -0.6302889), (0.4739616, 0.74702513, -0.46616933), (-0.18601699, -0.27106887, -0.9444148), (0.0565881, -0.06270526, -0.9964265), (0.4044144, 0.4994016, -0.76619), (0.4768333, 0.6263, -0.61674815), (-0.18021607, -0.47131854, -0.8633545), (0.013923779, -0.29424134, -0.9556297), (0.40550673, 0.31239504, -0.8590539), (0.47730932, 0.47486645, -0.73937654), (-0.18259795, -0.652679, -0.7353014), (0.021052381, -0.48529488, -0.87409705), (0.40416545, 0.11156252, -0.9078569), (0.4749823, 0.29059002, -0.83063185), (-0.18294118, -0.8008577, -0.5702275), (0.034600276, -0.68078405, -0.73166656), (0.40968072, -0.09115617, -0.90766305), (0.47691515, 0.11716263, -0.87110555), (-0.17934796, -0.9027041, -0.3911004), (0.01565016, -0.8245543, -0.56556624), (0.4068323, -0.29134047, -0.8657992), (0.4759355, -0.08947512, -0.8749169), (-0.17827806, -0.96777457, -0.17784645), (0.018932588, -0.9296917, -0.36785185), (0.40627787, -0.47843266, -0.778486), (0.47402745, -0.28690562, -0.8324561), (-0.18246642, -0.98205584, 0.047668893), (0.0042914078, -0.98791105, -0.1549625), (0.40903148, -0.63562065, -0.65473634), (0.47378644, -0.4675438, -0.7462769), (-0.17879887, -0.948604, 0.26111567), (0.036197815, -0.9970196, 0.068129584), (0.40201294, -0.7691245, -0.49682304), (0.47391856, -0.62180394, -0.6235071), (-0.17754236, -0.86775947, 0.46418983), (0.013695854, -0.95579606, 0.2937113), (0.40849987, -0.85730124, -0.3133089), (0.63567626, -0.65140647, -0.41422853), (-0.02256628, -0.65885764, 0.75192904), (0.35518023, -0.77529705, 0.52226573), (0.63800067, -0.76365286, -0.09894163), (0.63369715, -0.7345913, -0.24249434), (-0.0045819823, -0.49348444, 0.8697426), (0.34468284, -0.6355529, 0.6908446), (0.65800345, -0.7480198, 0.08659019), (0.6367992, -0.7670394, -0.07834083), (-0.001080702, -0.2850804, 0.958503), (0.31935748, -0.47025275, 0.82272303), (0.63451177, -0.73156685, 0.24940874), (0.6332187, -0.76871425, 0.09006944), (-0.0051910374, -0.07060334, 0.99749094), (0.34005585, -0.26452348, 0.90243524), (0.66145617, -0.6358252, 0.39774612), (0.63365376, -0.7318118, 0.25086725), (-0.044931237, 0.19590634, 0.97959274), (0.3336177, -0.05521203, 0.9410902), (0.6540832, -0.5422219, 0.52741873), (0.6368446, -0.65939, 0.399542), (-0.034739323, 0.4044929, 0.91388106), (0.3791416, 0.14927922, 0.91321814), (0.64088255, -0.41511673, 0.6457149), (0.6317006, -0.5476143, 0.54870117), (-0.015590181, 0.57289946, 0.8194774), (0.34445634, 0.35744628, 0.868091), (0.6379788, -0.25539717, 0.7264677), (0.630823, -0.41868043, 0.6532756), (-0.02098999, 0.74237305, 0.6696579), (0.34937355, 0.5418348, 0.76443), (0.6431143, -0.09669919, 0.75964016), (0.63795316, -0.27748248, 0.7183448), (-0.03443829, 0.88614786, 0.4621212), (0.32414427, 0.70869803, 0.6266399), (0.6479338, 0.07478469, 0.7580165), (0.6420481, -0.08569071, 0.76186043), (0.006554123, 0.9599035, 0.280254), (0.34320948, 0.82250166, 0.4535397), (0.65759605, 0.24684948, 0.71178144), (0.6271424, 0.07820664, 0.77496845), (-0.015777076, 0.99684304, 0.07781428), (0.3477845, 0.89916766, 0.26560026), (0.6319891, 0.42058378, 0.6509217), (0.63097763, 0.25802803, 0.73163426), (-0.011926261, 0.9878398, -0.15501691), (0.33698702, 0.94013286, 0.050891835), (0.6590779, 0.532083, 0.53151107), (0.6348765, 0.39960587, 0.66124654), (-0.010086539, 0.92713946, -0.37458065), (0.32956544, 0.93063045, -0.1591024), (0.6339404, 0.6545924, 0.4118596), (0.63668996, 0.5376868, 0.55273753), (-0.0033995032, 0.8217016, -0.56990784), (0.34012505, 0.87097853, -0.35455793), (0.63498074, 0.7282498, 0.2577822), (0.63772243, 0.64805734, 0.41633126), (-0.016214043, 0.66002095, -0.7510722), (0.35646665, 0.7616912, -0.5410712), (0.6681995, 0.7381819, 0.09271944), (0.63152397, 0.72847164, 0.26553065), (-0.031238604, 0.47575414, -0.8790234), (0.31864202, 0.62636566, -0.71143043), (0.6654725, 0.7420837, -0.080362454), (0.6308043, 0.76944983, 0.100164205), (-0.010400099, 0.29616892, -0.95507896), (0.34113362, 0.4556605, -0.822193), (0.66484034, 0.70034516, -0.25981525), (0.64199054, 0.76357394, -0.06930346), (0.0011612177, 0.05945313, -0.9982304), (0.31104493, 0.24302632, -0.91879773), (0.67786086, 0.62269074, -0.3908465), (0.632349, 0.74447095, -0.21423745), (-0.01171562, -0.14477785, -0.98939484), (0.31971914, 0.04993548, -0.9461956), (0.64555407, 0.53081936, -0.54908174), (0.63531965, 0.65940577, -0.4019366), (-0.06633269, -0.43638635, -0.897311), (0.3441352, -0.14636919, -0.9274411), (0.6797703, 0.41436687, -0.60515493), (0.6306155, 0.54840237, -0.5491621), (-0.011739822, -0.5659945, -0.8243254), (0.32518536, -0.35884726, -0.87491894), (0.66497016, 0.24342103, -0.7060884), (0.6309895, 0.42174277, -0.6511415), (-0.02273742, -0.74214226, -0.6698566), (0.34133926, -0.54064435, -0.7688896), (0.6591551, 0.074382044, -0.7483194), (0.6316061, 0.26355344, -0.72911817), (-0.049192276, -0.88783807, -0.45751902), (0.33849654, -0.7005605, -0.6281999), (0.65718985, -0.061276965, -0.75123006), (0.63264096, 0.112733714, -0.76619613), (-0.024200194, -0.95991236, -0.27925366), (0.30911928, -0.83544093, -0.45440477), (0.65941596, -0.2476806, -0.70980626), (0.6410488, -0.073691085, -0.7639542), (-0.001633605, -0.99831337, -0.058032304), (0.31258732, -0.9136772, -0.25977513), (0.67463064, -0.3897862, -0.6268494), (0.63045084, -0.24450524, -0.73671496), (-0.0065992842, -0.98990923, 0.14154929), (0.3305994, -0.94257885, -0.04742555), (0.63329256, -0.555872, -0.5384671), (0.6432348, -0.3976645, -0.65430266), (-0.01270219, -0.9168186, 0.39910185), (0.3428402, -0.92722404, 0.15071903), (0.66169727, -0.6273241, -0.41063508), (0.63487464, -0.54595935, -0.5466832), (-0.003617047, -0.8232923, 0.5676061), (0.33771303, -0.8689169, 0.36184698), (0.6699246, -0.7031364, -0.23832802), (0.6589468, -0.5544611, -0.5082932), (0.2090021, -0.4802224, 0.85188293), (0.49343565, -0.6284901, 0.60126656), (0.6274349, -0.7643826, -0.14847451), (0.64260966, -0.7018718, -0.30729267), (0.14674288, -0.28949225, 0.9458651), (0.47829512, -0.4426888, 0.75845927), (0.61855465, -0.785037, 0.03327245), (0.6338075, -0.749566, -0.19088955), (0.18142359, -0.11789214, 0.97631294), (0.51385087, -0.30901524, 0.8002917), (0.7266036, -0.6592385, 0.19352458), (0.643554, -0.76498663, 0.025173757), (0.15652153, 0.14017504, 0.9776768), (0.4689174, -0.054787613, 0.88154113), (0.6251733, -0.69136995, 0.36216846), (0.6294408, -0.76592195, 0.13102609), (0.12728718, 0.378318, 0.91688246), (0.47653228, 0.123321086, 0.87046474), (0.6622961, -0.565667, 0.49130923), (0.62970895, -0.71055937, 0.31396183), (0.08529789, 0.61075264, 0.78721374), (0.49627095, 0.26444834, 0.8269113), (0.61578226, -0.49804437, 0.610544), (0.6369999, -0.5888516, 0.49747863), (0.12394511, 0.73972774, 0.6613928), (0.4999084, 0.44984514, 0.74008846), (0.7342021, -0.28109547, 0.61800694), (0.635476, -0.4674062, 0.61457443), (0.11735289, 0.87164646, 0.47587892), (0.49908748, 0.60953635, 0.6159359), (0.6193243, -0.15947336, 0.7687689), (0.64363194, -0.32532674, 0.6927485), (0.16914874, 0.9366154, 0.3068229), (0.47650257, 0.7474194, 0.46293575), (0.74556136, 0.052933402, 0.6643315), (0.6674419, -0.14048246, 0.73129064), (0.22049429, 0.9710155, 0.092255995), (0.490726, 0.82642114, 0.27607274), (0.61797774, 0.18685965, 0.7636668), (0.62825286, -0.041393925, 0.7769072), (0.11964869, 0.97755307, -0.1734192), (0.5053848, 0.85827243, 0.08918877), (0.6666338, 0.34061137, 0.6630108), (0.6332745, 0.17812768, 0.75314933), (0.12920912, 0.9199624, -0.37010017), (0.460876, 0.8746941, -0.1500119), (0.6183303, 0.51125, 0.59690124), (0.6345375, 0.29683417, 0.71361864), (0.16180372, 0.8193917, -0.5499243), (0.5055153, 0.8190667, -0.27126387), (0.61578655, 0.6399834, 0.4595957), (0.63997823, 0.49860185, 0.5846572), (0.14919867, 0.6768439, -0.7208482), (0.50157845, 0.74299484, -0.44314525), (0.6228164, 0.7202561, 0.30550116), (0.6413087, 0.617994, 0.45475978), (0.12266083, 0.47264066, -0.87267697), (0.45630437, 0.5987233, -0.65826803), (0.6221584, 0.76361597, 0.17265435), (0.6286565, 0.67887604, 0.37936568), (0.14690898, 0.29555908, -0.94396114), (0.45308197, 0.425706, -0.7832567), (0.6137059, 0.7888284, -0.033389743), (0.62609106, 0.7461797, 0.2263312), (0.12011259, 0.048527624, -0.9915735), (0.4847455, 0.22972588, -0.84394777), (0.7412412, 0.645526, -0.18400449), (0.62741685, 0.7772689, 0.046916522), (0.15339707, -0.13277563, -0.97920376), (0.46147498, 0.049752746, -0.885757), (0.60195386, 0.7099365, -0.3655703), (0.621906, 0.77688926, -0.09836706), (0.12595148, -0.378732, -0.916896), (0.49980167, -0.11780031, -0.8580917), (0.7309776, 0.513435, -0.44950667), (0.6674669, 0.67171645, -0.3213798), (0.20374249, -0.56109464, -0.8022854), (0.42007867, -0.35689235, -0.8343631), (0.629387, 0.46934026, -0.6193478), (0.6304721, 0.6483681, -0.42675945), (0.16035645, -0.7222283, -0.67280906), (0.46059054, -0.51852787, -0.7204063), (0.61531115, 0.3105227, -0.7245466), (0.6273879, 0.5248051, -0.57529473), (0.120836325, -0.87252593, -0.473389), (0.47329578, -0.64528096, -0.5996696), (0.6162132, 0.15270783, -0.7726329), (0.6248665, 0.3712676, -0.68680584), (0.11214413, -0.956259, -0.27017114), (0.457665, -0.76891464, -0.44644487), (0.6055196, -0.020188974, -0.79557425), (0.6332912, 0.20610674, -0.745964), (0.16492237, -0.9818455, -0.09370183), (0.4680664, -0.84707177, -0.25176033), (0.74220055, -0.20063081, -0.6394416), (0.6524905, 0.01750412, -0.75759476), (0.2255308, -0.96922743, 0.09866104), (0.45169178, -0.890951, -0.046699557), (0.72145814, -0.3324341, -0.60744196), (0.62341136, -0.10785416, -0.77441967), (0.12491165, -0.91713285, 0.37850282), (0.5135226, -0.85351306, 0.08837392), (0.66201687, -0.5003407, -0.5580259), (0.6388869, -0.37459743, -0.67193764), (0.15260255, -0.8277589, 0.539933), (0.47706866, -0.82539237, 0.3018823), (0.62181467, -0.6297767, -0.46554038), (0.6363659, -0.46198303, -0.61774606), (0.14947163, -0.67068386, 0.7265269), (0.45888084, -0.7195308, 0.5212521), (0.7349189, -0.6209038, -0.27271363), (0.8908284, -0.3412511, -0.29995424), (0.89931697, -0.2311194, 0.37123156), (0.8875972, -0.39452833, 0.23773643), (0.87407476, -0.47319078, -0.10992643), (0.92782784, -0.3623371, -0.08858511), (0.87637126, -0.11166802, 0.46851212), (0.8819968, -0.30937272, 0.35548583), (0.85974675, -0.5106955, -0.005063368), (0.92827237, -0.37189797, -0.0015156639), (0.8734917, -0.0013118223, 0.48683727), (0.8568863, -0.11938684, 0.5014904), (0.8727872, -0.4774939, 0.10120311), (0.8817738, -0.4698351, -0.04159245), (0.8786096, 0.09894959, 0.46717685), (0.88073295, -0.115001254, 0.45943895), (0.8561204, -0.46930432, 0.21635923), (0.9257016, -0.34789693, 0.14847289), (0.8679092, 0.22534879, 0.44266415), (0.8700092, 0.03641923, 0.49168855), (0.85904676, -0.4086061, 0.30835), (0.9085462, -0.36683536, 0.1999389), (0.8701389, 0.31105518, 0.3822342), (0.86898696, 0.09790072, 0.48505375), (0.87273675, -0.30761203, 0.37908497), (0.92815346, -0.23702978, 0.28696346), (0.875167, 0.37757453, 0.30252305), (0.83731496, 0.35423902, 0.41643533), (0.87138087, -0.21989079, 0.43856975), (0.8686059, -0.35820946, 0.342359), (0.872424, 0.4419714, 0.20865671), (0.87591654, 0.29697514, 0.38023156), (0.86958134, -0.11686618, 0.479761), (0.9261383, -0.09565764, 0.36485276), (0.8769901, 0.4667673, 0.114090785), (0.8404695, 0.49800456, 0.21354745), (0.8739709, 0.02993079, 0.4850556), (0.8778193, -0.14537807, 0.45639735), (0.886987, 0.4606851, 0.031990398), (0.8849151, 0.3971722, 0.24326836), (0.85633314, 0.103994064, 0.50584465), (0.9274151, 0.07035867, 0.36735666), (0.87293756, 0.4743713, -0.11380643), (0.86701745, 0.49334306, 0.069952406), (0.8665127, 0.20372958, 0.45568624), (0.90948176, 0.11351393, 0.39994684), (0.8743315, 0.4372132, -0.21068719), (0.8784873, 0.4777521, 0.0036045662), (0.8558456, 0.323653, 0.40345645), (0.9277411, 0.22780816, 0.29563472), (0.8781341, 0.37873802, -0.29229796), (0.88350546, 0.46040684, -0.08627635), (0.87110937, 0.37976012, 0.31136906), (0.9262511, 0.28836435, 0.2427033), (0.8769223, 0.30521393, -0.37128386), (0.8801468, 0.43130174, -0.19829369), (0.872349, 0.4393478, 0.21443106), (0.9244594, 0.33655906, 0.17917253), (0.8750789, 0.21457928, -0.4338117), (0.8721038, 0.38682353, -0.2996706), (0.85368913, 0.50675666, 0.1200523), (0.92549783, 0.36518568, 0.10046472), (0.8742745, 0.10781432, -0.47330767), (0.882184, 0.30134162, -0.36186266), (0.85261667, 0.5225156, 0.0047226166), (0.9274502, 0.37379503, 0.010652896), (0.864799, -0.017631909, -0.50180846), (0.8370686, 0.09889303, -0.53808576), (0.84681374, 0.52241343, -0.099953316), (0.85837364, 0.5069207, 0.07890596), (0.87052274, -0.11073315, -0.47950837), (0.88234884, 0.11630346, -0.45599788), (0.8479844, 0.48054203, -0.22361092), (0.92723763, 0.34368464, -0.14869843), (0.872479, -0.21839592, -0.43713105), (0.8428697, -0.13182151, -0.52172196), (0.8744345, 0.36066023, -0.32448196), (0.8907936, 0.4178159, -0.17865211), (0.89583737, -0.24398714, -0.37141037), (0.8869053, -0.05516459, -0.45864564), (0.8522687, 0.32081202, -0.41317996), (0.92843366, 0.2378423, -0.28538048), (0.88208735, -0.36116558, -0.30245888), (0.885851, -0.18018085, -0.42755443), (0.8547237, 0.22928163, -0.4657009), (0.9280636, 0.1703491, -0.33117846), (0.87605184, -0.43446064, -0.20922989), (0.88103426, -0.28422797, -0.37814423), (0.86125064, 0.11759161, -0.49438807), (0.926371, 0.09969229, -0.36317798), (0.87199897, -0.47870612, -0.102265686), (0.88191646, -0.35854188, -0.30605727), (0.86122173, 0.006097947, -0.5081928), (0.9299444, 0.0025891403, -0.36769104), (0.8775473, -0.47948256, -0.0026760853), (0.8464152, -0.5238231, -0.095867634), (0.86480033, -0.12790711, -0.4855514), (0.8744239, 0.051551465, -0.48241606), (0.888342, -0.4532798, 0.07338847), (0.8629744, -0.5046758, -0.02403076), (0.8499731, -0.22445172, -0.4766206), (0.8799625, -0.05838683, -0.47144136), (0.8744108, -0.43557853, 0.21372212), (0.869092, -0.49280688, 0.04266711), (0.8717644, -0.29655358, -0.38997796), (0.9065852, -0.20233771, -0.3703548), (0.8681283, -0.38542503, 0.31273124), (0.8794895, -0.46519879, 0.10044079), (0.8605288, -0.3961012, -0.32030296), (0.9281331, -0.28785077, -0.23603168), (0.8778944, -0.30389592, 0.37006584), (0.84221596, -0.41381934, 0.34558046), (0.86226857, -0.47233042, -0.18274826), (0.99826354, -0.058047235, 0.010020489), (0.99826354, -0.057479993, 0.012881886), (0.99694735, -0.074968025, 0.021812566), (0.9977148, -0.06386145, 0.022064561), (0.9984396, -0.051535033, 0.021506147), (0.9984396, -0.05040716, 0.024031041), (0.99693453, -0.06837765, 0.038027145), (0.99774885, -0.056922443, 0.035455298), (0.998447, -0.04534914, 0.03235743), (0.998447, -0.043691687, 0.034562755), (0.99691975, -0.05834142, 0.05241493), (0.99672014, -0.057497747, 0.056947384), (0.99843985, -0.037097234, 0.041733216), (0.99843985, -0.035033636, 0.04348047), (0.99691856, -0.045266174, 0.064065665), (0.99769366, -0.036351413, 0.05732325), (0.9984573, -0.0268044, 0.04862604), (0.9984574, -0.024320353, 0.04991446), (0.99685985, -0.030190166, 0.07320537), (0.99739224, -0.024149148, 0.0680113), (0.9984603, -0.015273995, 0.053327024), (0.9984603, -0.012591654, 0.054023296), (0.99693006, -0.012995819, 0.077210754), (0.9977225, -0.00785979, 0.06699242), (0.99844927, -0.0029867392, 0.055589043), (0.99844927, -0.00021887313, 0.055668645), (0.99692345, 0.004601569, 0.07824601), (0.9964582, 0.009086356, 0.083597235), (0.99845517, 0.009451834, 0.054753095), (0.99845517, 0.012150846, 0.05421804), (0.9968884, 0.02202189, 0.07568745), (0.99768174, 0.022167223, 0.06434129), (0.9984253, 0.021559035, 0.051789388), (0.99842525, 0.024052326, 0.050680183), (0.9969179, 0.038009685, 0.068629205), (0.99627995, 0.04549696, 0.07318698), (0.998297, 0.033841345, 0.047516968), (0.99829704, 0.03619194, 0.04575118), (0.9968646, 0.052881, 0.058860183), (0.99768305, 0.047917426, 0.048295777), (0.9984442, 0.04167501, 0.03704549), (0.9984442, 0.043457825, 0.03493696), (0.9968424, 0.064881206, 0.045778494), (0.99734646, 0.061490063, 0.038974874), (0.9984499, 0.048783526, 0.026793681), (0.9984499, 0.050050143, 0.024345752), (0.99691254, 0.072621986, 0.029856501), (0.99766505, 0.06437466, 0.022810228), (0.9984115, 0.05418189, 0.01545462), (0.9984115, 0.05488052, 0.012753418), (0.99689484, 0.077666745, 0.012985096), (0.9976918, 0.06744694, 0.007868168), (0.99843895, 0.05577401, 0.0029844472), (0.99843895, 0.055853363, 0.00021959939), (0.9969579, 0.077807225, -0.0045757643), (0.99767655, 0.06772946, -0.0073616537), (0.9984467, 0.054902676, -0.009477655), (0.9984467, 0.05436617, -0.012184045), (0.99695694, 0.074850075, -0.021778248), (0.9976788, 0.06436206, -0.022237524), (0.9984524, 0.051322643, -0.021417513), (0.9984524, 0.050199427, -0.023932006), (0.9969181, 0.06856065, -0.038128916), (0.99770933, 0.057388145, -0.03581525), (0.9984516, 0.045282792, -0.03231009), (0.9984516, 0.04358959, -0.034559637), (0.9967827, 0.059587717, -0.053605475), (0.9963584, 0.06046137, -0.0601193), (0.99845356, 0.036907032, -0.04157424), (0.99845356, 0.034784593, -0.043365624), (0.9969575, 0.04489596, -0.06371929), (0.99771625, 0.03614803, -0.057057805), (0.99846077, 0.026668025, -0.048630483), (0.9984607, 0.024260804, -0.049875505), (0.9968674, 0.030073581, -0.07315), (0.99655277, 0.027639521, -0.078221515), (0.9982832, 0.016065879, -0.05632488), (0.99828327, 0.013195152, -0.05706516), (0.9969661, 0.012784919, -0.076779634), (0.99766815, 0.007893525, -0.067793176), (0.9984101, 0.0029748618, -0.0562889), (0.99841005, 0.00022162063, -0.05636745), (0.99692947, -0.0045970995, -0.07817001), (0.99772006, -0.0073512415, -0.067086354), (0.99845535, -0.009451399, -0.054750577), (0.99845535, -0.012209551, -0.054201722), (0.99697423, -0.021765402, -0.07462306), (0.9977289, -0.022066295, -0.063640386), (0.9984716, -0.021318097, -0.050990004), (0.9984716, -0.023838121, -0.049861673), (0.99694765, -0.037990566, -0.06820629), (0.9977693, -0.035306394, -0.056655753), (0.9984543, -0.032311812, -0.04522228), (0.9984542, -0.03448251, -0.043590244), (0.996952, -0.0521402, -0.058035623), (0.9963884, -0.05980615, -0.06027837), (0.9983641, -0.042733435, -0.03798634), (0.9983641, -0.044561546, -0.035824273), (0.99699533, -0.06329299, -0.044657893), (0.99672395, -0.06831209, -0.043298952), (0.99846876, -0.048486985, -0.026630811), (0.99846876, -0.04974591, -0.024197765), (0.99692523, -0.072472915, -0.029795215), (0.9973863, -0.068104714, -0.024131918), (0.9984706, -0.053165168, -0.015164615), (0.9984706, -0.053850695, -0.012514101), (0.99692446, -0.077295795, -0.012923077), (0.99771315, -0.06713554, -0.007831843), (0.9984365, -0.055817645, -0.002986782), (0.9984365, -0.05589707, -0.00021977122), (0.99694943, -0.0779152, 0.004582114), (0.99648327, -0.083301246, 0.009054184), (0.97022325, 0.23868209, -0.041202713), (0.9701882, 0.23648663, -0.052998886), (0.9701547, 0.2328316, -0.06774423), (0.97022945, 0.2289095, -0.079089895), (0.97022325, 0.22352937, -0.09328161), (0.97018826, 0.21876398, -0.10429338), (0.9701547, 0.21191952, -0.11785559), (0.9702295, 0.20557107, -0.12804402), (0.97022325, 0.19716786, -0.14068277), (0.9701882, 0.19007178, -0.15035799), (0.9701547, 0.18038084, -0.16205728), (0.9702295, 0.17207372, -0.17042679), (0.9702217, 0.16092391, -0.18103415), (0.9701906, 0.15204923, -0.18870956), (0.97015536, 0.13992594, -0.19803862), (0.9702293, 0.12970215, -0.20452973), (0.9702245, 0.116925485, -0.21211514), (0.9701858, 0.10615814, -0.21787594), (0.9701541, 0.09245018, -0.22417411), (0.9702295, 0.0810379, -0.22822697), (0.97022414, 0.06669202, -0.23284599), (0.9701858, 0.05501447, -0.23603576), (0.9701541, 0.0402488, -0.23912567), (0.9702295, 0.028220704, -0.2405376), (0.9702235, 0.012995065, -0.24186271), (0.9701882, 0.0009531323, -0.24235082), (0.9701547, -0.014235923, -0.2420685), (0.9702295, -0.026169846, -0.2407694), (0.97022325, -0.041202713, -0.23868209), (0.9701882, -0.052998886, -0.23648663), (0.9701547, -0.06774423, -0.2328316), (0.9702295, -0.07888916, -0.2289785), (0.97022253, -0.093086615, -0.22361383), (0.9701882, -0.103909776, -0.21894647), (0.9701547, -0.11748396, -0.21212575), (0.9702294, -0.127864, -0.2056837), (0.97022396, -0.1405082, -0.19728875), (0.9701882, -0.15035799, -0.19007178), (0.9701547, -0.16205728, -0.18038084), (0.97022945, -0.17057773, -0.17192444), (0.97022325, -0.18102944, -0.16091973), (0.9701882, -0.18888324, -0.15184838), (0.9701547, -0.19813268, -0.13979718), (0.97022945, -0.20455769, -0.12965693), (0.97022325, -0.21229859, -0.11660232), (0.9701882, -0.217937, -0.1060107), (0.9701547, -0.22427289, -0.092203535), (0.97022945, -0.22828041, -0.0808879), (0.97022325, -0.23292238, -0.06643783), (0.9701882, -0.23606251, -0.05485703), (0.9701547, -0.2391671, -0.0399863), (0.97022945, -0.24055625, -0.028062621), (0.97022325, -0.24186629, -0.012942211), (0.9701882, -0.24235082, -0.0009531323), (0.9701547, -0.2420685, 0.014235923), (0.9702295, -0.2407694, 0.026169846), (0.97022325, -0.23868209, 0.041202713), (0.9701882, -0.23648663, 0.052998886), (0.9701547, -0.2328316, 0.06774423), (0.97022945, -0.2289095, 0.079089895), (0.97022325, -0.22352937, 0.09328161), (0.97018826, -0.21876398, 0.10429338), (0.9701547, -0.21191952, 0.11785559), (0.9702294, -0.20545912, 0.12822439), (0.9702247, -0.19716333, 0.14067954), (0.9701858, -0.18991429, 0.15057243), (0.9701541, -0.18027629, 0.16217743), (0.9702295, -0.17173758, 0.17076577), (0.97022414, -0.16079803, 0.1811327), (0.9701858, -0.15164725, 0.18905716), (0.9701541, -0.13966846, 0.19822657), (0.97022957, -0.12961192, 0.20458584), (0.9702227, -0.1164636, 0.21237732), (0.9701882, -0.1060107, 0.217937), (0.9701547, -0.092203535, 0.22427289), (0.9702293, -0.08068783, 0.22835165), (0.9702247, -0.06643628, 0.23291695), (0.9701858, -0.054600816, 0.23613182), (0.97015405, -0.039829586, 0.23919591), (0.97022957, -0.02800979, 0.240562), (0.9702227, -0.012783131, 0.24187703), (0.9701882, -0.0009531323, 0.24235082), (0.9701547, 0.014235923, 0.2420685), (0.9702294, 0.026380891, 0.2407468), (0.9702247, 0.041201763, 0.23867656), (0.9701858, 0.053260222, 0.23643781), (0.9701541, 0.06789795, 0.23278944), (0.9702295, 0.079340644, 0.2288226), (0.97022414, 0.09342723, 0.22346461), (0.9701858, 0.10453711, 0.21865831), (0.9701541, 0.11799616, 0.21184419), (0.97022957, 0.12808892, 0.20554277), (0.9702227, 0.14081362, 0.19707721), (0.9701882, 0.15035799, 0.19007178), (0.9701547, 0.16205728, 0.18038084), (0.97022945, 0.17057773, 0.17192444), (0.97022325, 0.18102944, 0.16091973), (0.9701882, 0.18888324, 0.15184838), (0.9701547, 0.19813268, 0.13979718), (0.97022945, 0.20455769, 0.12965693), (0.97022325, 0.21229859, 0.11660232), (0.9701882, 0.217937, 0.1060107), (0.9701547, 0.22427289, 0.092203535), (0.97022945, 0.22828041, 0.0808879), (0.97022325, 0.23292238, 0.06643783), (0.9701882, 0.23606251, 0.05485703), (0.9701547, 0.2391671, 0.0399863), (0.97022945, 0.24055625, 0.028062621), (0.97022325, 0.24186629, 0.012942211), (0.9701882, 0.24235082, 0.0009531323), (0.9701547, 0.2420685, -0.014235923), (0.9702295, 0.2407694, -0.026169846), (0.91516644, 0.39656985, -0.072130024), (0.9152354, 0.3923602, -0.09163848), (0.9152389, 0.38584265, -0.11603106), (0.9150918, 0.37994018, -0.13510166), (0.9151665, 0.37057647, -0.15856668), (0.9152354, 0.36213142, -0.17664923), (0.9152389, 0.35034934, -0.19898006), (0.9150918, 0.3403511, -0.21625943), (0.9151665, 0.32600114, -0.23705186), (0.9152354, 0.3137439, -0.25280213), (0.915239, 0.29728818, -0.27195105), (0.91508585, 0.28395632, -0.28633317), (0.9151745, 0.2650663, -0.30363718), (0.91523397, 0.24997224, -0.31600738), (0.91523904, 0.22953749, -0.3311345), (0.91509897, 0.2128809, -0.3424552), (0.9151591, 0.19141579, -0.35474476), (0.9152367, 0.17322469, -0.3637787), (0.91523874, 0.15026201, -0.37384403), (0.9150903, 0.13151363, -0.38120052), (0.91516125, 0.10750735, -0.38848686), (0.9152367, 0.08793332, -0.39320415), (0.91523874, 0.063306645, -0.3979074), (0.9150903, 0.043391142, -0.40090755), (0.9151654, 0.018012015, -0.40267584), (0.91523546, -0.0020326518, -0.40291435), (0.915239, -0.027263967, -0.401988), (0.91509175, -0.047170028, -0.4004773), (0.91516644, -0.072130024, -0.39656985), (0.9152354, -0.09163848, -0.3923602), (0.9152389, -0.11603106, -0.38584265), (0.9150859, -0.13477334, -0.38007095), (0.91517055, -0.1582382, -0.37070686), (0.91523546, -0.17601404, -0.36244053), (0.91523886, -0.19836546, -0.3506978), (0.9150976, -0.21595372, -0.3405296), (0.9151623, -0.23677175, -0.32621634), (0.9152354, -0.25280213, -0.3137439), (0.915239, -0.27195105, -0.29728818), (0.91509175, -0.28657246, -0.2836958), (0.91516644, -0.3036509, -0.26507828), (0.9152354, -0.3162783, -0.24962403), (0.9152389, -0.33128563, -0.22931983), (0.9150918, -0.3425158, -0.21281432), (0.91516644, -0.35502318, -0.19086352), (0.9152354, -0.36389515, -0.17298678), (0.9152389, -0.37400797, -0.14985245), (0.9150918, -0.38128376, -0.13126191), (0.9151665, -0.38859317, -0.10707768), (0.91523546, -0.3932647, -0.08767529), (0.9152389, -0.39797613, -0.06287084), (0.91509175, -0.4009328, -0.043127287), (0.91516644, -0.40267742, -0.017923359), (0.91523546, -0.40291435, 0.0020326518), (0.915239, -0.401988, 0.027263967), (0.91509175, -0.4004773, 0.047170028), (0.91516644, -0.39656985, 0.072130024), (0.9152354, -0.3923602, 0.09163848), (0.9152389, -0.38584265, 0.11603106), (0.9150918, -0.37994018, 0.13510166), (0.9151665, -0.37057647, 0.15856668), (0.9152354, -0.36213142, 0.17664923), (0.9152389, -0.35034934, 0.19898006), (0.9150976, -0.34015033, 0.21655068), (0.915158, -0.3260167, 0.23706317), (0.91523665, -0.3134647, 0.25314367), (0.91523874, -0.29710972, 0.27214676), (0.9150904, -0.28338373, 0.28688547), (0.91516125, -0.26488632, 0.30383396), (0.9152367, -0.24927528, 0.31654954), (0.91523874, -0.2291021, 0.33143663), (0.9150844, -0.21274821, 0.3425765), (0.91516954, -0.19062698, 0.35514238), (0.9152354, -0.17298678, 0.36389515), (0.9152389, -0.14985245, 0.37400797), (0.9150976, -0.13092332, 0.38138628), (0.915158, -0.107082814, 0.3886118), (0.9152367, -0.08724412, 0.3933576), (0.91523874, -0.06260896, 0.39801776), (0.9150844, -0.043041065, 0.4009588), (0.9151695, -0.017658897, 0.4026822), (0.91523546, 0.0020326518, 0.40291435), (0.915239, 0.027263967, 0.401988), (0.91509753, 0.047519404, 0.40042278), (0.915158, 0.07213347, 0.39658877), (0.9152367, 0.09206771, 0.39225674), (0.91523874, 0.1162848, 0.38576657), (0.9150903, 0.1355192, 0.37979496), (0.9151612, 0.15881495, 0.37048313), (0.9152367, 0.1770448, 0.36193496), (0.91523874, 0.19921042, 0.35021883), (0.91508436, 0.21634284, 0.34031802), (0.91516954, 0.23726223, 0.32583946), (0.9152354, 0.25280213, 0.3137439), (0.915239, 0.27195105, 0.29728818), (0.91509175, 0.28657246, 0.2836958), (0.91516644, 0.3036509, 0.26507828), (0.9152354, 0.3162783, 0.24962403), (0.9152389, 0.33128563, 0.22931983), (0.9150918, 0.3425158, 0.21281432), (0.91516644, 0.35502318, 0.19086352), (0.9152354, 0.36389515, 0.17298678), (0.9152389, 0.37400797, 0.14985245), (0.9150918, 0.38128376, 0.13126191), (0.9151665, 0.38859317, 0.10707768), (0.91523546, 0.3932647, 0.08767529), (0.9152389, 0.39797613, 0.06287084), (0.91509175, 0.4009328, 0.043127287), (0.91516644, 0.40267742, 0.017923359), (0.91523546, 0.40291435, -0.0020326518), (0.915239, 0.401988, -0.027263967), (0.91509175, 0.4004773, -0.047170028), (0.9263434, 0.37190384, -0.059795137), (0.92671424, 0.3675943, -0.077943355), (0.92689174, 0.36156863, -0.10069658), (0.92610073, 0.35798827, -0.11908758), (0.9263435, 0.34927353, -0.14105216), (0.92671424, 0.34103388, -0.15778647), (0.92689186, 0.3300962, -0.17862812), (0.9261007, 0.32251352, -0.19576162), (0.92634344, 0.30912971, -0.21523635), (0.92671424, 0.29737258, -0.22971785), (0.9268918, 0.2820715, -0.247603), (0.9260836, 0.27112654, -0.2624109), (0.926374, 0.25343373, -0.27857235), (0.9266984, 0.23914254, -0.28989816), (0.926889, 0.22010653, -0.30402285), (0.92612183, 0.2056778, -0.31621978), (0.9263163, 0.1856643, -0.32782137), (0.9267299, 0.1684561, -0.3358484), (0.92689455, 0.14708254, -0.3453017), (0.92609644, 0.13033223, -0.35406062), (0.9263241, 0.10789873, -0.3609453), (0.9267299, 0.08949953, -0.364913), (0.92689455, 0.066557795, -0.36937317), (0.9260965, 0.048278563, -0.374185), (0.92633957, 0.024543988, -0.37588912), (0.9267143, 0.005807837, -0.3757218), (0.9268918, -0.017715054, -0.3749103), (0.9261007, -0.0364415, -0.37551245), (0.9263434, -0.059795137, -0.37190384), (0.92671424, -0.077943355, -0.3675943), (0.92689174, -0.10069658, -0.36156863), (0.9260837, -0.11878692, -0.35813218), (0.92635876, -0.14073186, -0.3493623), (0.92671424, -0.15718815, -0.34131014), (0.92689174, -0.17804945, -0.33040896), (0.92611766, -0.19545731, -0.32264927), (0.92632794, -0.21498676, -0.30934963), (0.92671424, -0.22971785, -0.29737258), (0.9268918, -0.247603, -0.2820715), (0.9261007, -0.26261935, -0.2708664), (0.92634344, -0.27862796, -0.2534843), (0.92671424, -0.29012984, -0.23879991), (0.9268918, -0.30416194, -0.21990243), (0.92610073, -0.31630832, -0.20563677), (0.9263434, -0.3280476, -0.1851289), (0.92671424, -0.33599377, -0.16825262), (0.9268918, -0.34546894, -0.14670667), (0.92610073, -0.35413626, -0.13009578), (0.92634344, -0.36101785, -0.107489385), (0.92671424, -0.36500934, -0.08926868), (0.9268918, -0.3694526, -0.066154495), (0.9261008, -0.3742063, -0.048031304), (0.92634344, -0.37588504, -0.024460662), (0.9267143, -0.3757218, -0.005807837), (0.9268918, -0.3749103, 0.017715054), (0.9261007, -0.37551245, 0.0364415), (0.9263434, -0.37190384, 0.059795137), (0.92671424, -0.3675943, 0.077943355), (0.92689174, -0.36156863, 0.10069658), (0.92610073, -0.35798827, 0.11908758), (0.9263435, -0.34927353, 0.14105216), (0.92671424, -0.34103388, 0.15778647), (0.92689186, -0.3300962, 0.17862812), (0.92611754, -0.32230636, 0.19602259), (0.9263124, -0.3091923, 0.21527994), (0.9267299, -0.29709008, 0.23001988), (0.9268946, -0.2819034, 0.24778397), (0.9260965, -0.2705857, 0.2629233), (0.9263241, -0.25333327, 0.27882943), (0.9267299, -0.23845752, 0.2903613), (0.92689455, -0.21969849, 0.304301), (0.9260794, -0.205596, 0.31639728), (0.9263549, -0.1848993, 0.3281446), (0.92671424, -0.16825262, 0.33599377), (0.9268918, -0.14670667, 0.34546894), (0.92611766, -0.12977114, 0.35421112), (0.9263124, -0.10751116, 0.361091), (0.9267299, -0.088859364, 0.3650694), (0.92689455, -0.065910324, 0.36948922), (0.9260794, -0.047955915, 0.37426886), (0.92635494, -0.02421185, 0.3758728), (0.9267143, -0.005807837, 0.3757218), (0.9268918, 0.017715054, 0.3749103), (0.9261176, 0.036766455, 0.37543905), (0.9263124, 0.059807234, 0.3719791), (0.9267299, 0.07833868, 0.36747062), (0.9268946, 0.10093234, 0.3614956), (0.92609644, 0.11948281, 0.3578676), (0.9263241, 0.1412997, 0.34922487), (0.92673, 0.15814385, 0.34082565), (0.92689455, 0.17884192, 0.32997283), (0.9260794, 0.19585943, 0.32251525), (0.92635494, 0.21542339, 0.3089649), (0.92671424, 0.22971785, 0.29737258), (0.9268918, 0.247603, 0.2820715), (0.9261007, 0.26261935, 0.2708664), (0.92634344, 0.27862796, 0.2534843), (0.92671424, 0.29012984, 0.23879991), (0.9268918, 0.30416194, 0.21990243), (0.92610073, 0.31630832, 0.20563677), (0.9263434, 0.3280476, 0.1851289), (0.92671424, 0.33599377, 0.16825262), (0.9268918, 0.34546894, 0.14670667), (0.92610073, 0.35413626, 0.13009578), (0.92634344, 0.36101785, 0.107489385), (0.92671424, 0.36500934, 0.08926868), (0.9268918, 0.3694526, 0.066154495), (0.9261008, 0.3742063, 0.048031304), (0.92634344, 0.37588504, 0.024460662), (0.9267143, 0.3757218, 0.005807837), (0.9268918, 0.3749103, -0.017715054), (0.9261007, 0.37551245, -0.0364415)] (
            interpolation = "vertex"
        )
        float[] primvars:material = [128016330, 163296200, 138684590, 53449150, 103982900, 67815176, 1630000, 1630000, 1630000, 3354.594, 0.15, 128016330, 163296200, 138684590, 53449150, 103982900, 67815176, 1630000, 1630000, 1630000, 3354.594, 0.15, 128016330, 163296200, 138684590, 53449150, 103982900, 67815176, 1630000, 1630000, 1630000, 3354.594, 0.15, 128016330, 163296200, 138684590, 53449150, 103982900, 67815176, 1630000, 1630000, 1630000, 3354.594, 0.15, 128016330, 163296200, 138684590, 53449150, 103982900, 67815176, 1630000, 1630000, 1630000, 3354.594, 0.15, 128016330, 163296200, 138684590, 53449150, 103982900, 67815176, 1630000, 1630000, 1630000, 3354.594, 0.15, 128016330, 163296200, 138684590, 53449150, 103982900, 67815176, 1630000, 1630000, 1630000, 3354.594, 0.15, 128016330, 163296200, 138684590, 53449150, 103982900, 67815176, 1630000, 1630000, 1630000, 3354.594, 0.15, 128016330, 163296200, 138684590, 53449150, 103982900, 67815176, 1630000, 1630000, 1630000, 3354.594, 0.15, 128016330, 163296200, 138684590, 53449150, 103982900, 67815176, 1630000, 1630000, 1630000, 3354.594, 0.15, 128016330, 163296200, 138684590, 53449150, 103982900, 67815176, 1630000, 1630000, 1630000, 3354.594, 0.15, 128016330, 163296200, 138684590, 53449150, 103982900, 67815176, 1630000, 1630000, 1630000, 3354.594, 0.15, 128016330, 163296200, 138684590, 53449150, 103982900, 67815176, 1630000, 1630000, 1630000, 3354.594, 0.15, 128016330, 163296200, 138684590, 53449150, 103982900, 67815176, 1630000, 1630000, 1630000, 3354.594, 0.15, 128016330, 163296200, 138684590, 53449150, 103982900, 67815176, 1630000, 1630000, 1630000, 3354.594, 0.15, 128016330, 163296200, 138684590, 53449150, 103982900, 67815176, 1630000, 1630000, 1630000, 3354.594, 0.15, 128016330, 163296200, 138684590, 53449150, 103982900, 67815176, 1630000, 1630000, 1630000, 3354.594, 0.15, 128016330, 163296200, 138684590, 53449150, 103982900, 67815176, 1630000, 1630000, 1630000, 3354.594, 0.15, 128016330, 163296200, 138684590, 53449150, 103982900, 67815176, 1630000, 1630000, 1630000, 3354.594, 0.15, 128016330, 163296200, 138684590, 53449150, 103982900, 67815176, 1630000, 1630000, 1630000, 3354.594, 0.15, 128016330, 163296200, 138684590, 53449150, 103982900, 67815176, 1630000, 1630000, 1630000, 3354.594, 0.15, 128016330, 163296200, 138684590, 53449150, 103982900, 67815176, 1630000, 1630000, 1630000, 3354.594, 0.15, 128016330, 163296200, 138684590, 53449150, 103982900, 67815176, 1630000, 1630000, 1630000, 3354.594, 0.15, 128016330, 163296200, 138684590, 53449150, 103982900, 67815176, 1630000, 1630000, 1630000, 3354.594, 0.15, 128016330, 163296200, 138684590, 53449150, 103982900, 67815176, 1630000, 1630000, 1630000, 3354.594, 0.15, 128016330, 163296200, 138684590, 53449150, 103982900, 67815176, 1630000, 1630000, 1630000, 3354.594, 0.15, 128016330, 163296200, 138684590, 53449150, 103982900, 67815176, 1630000, 1630000, 1630000, 3354.594, 0.15, 128016330, 163296200, 138684590, 53449150, 103982900, 67815176, 1630000, 1630000, 1630000, 3354.594, 0.15, 128016330, 163296200, 138684590, 53449150, 103982900, 67815176, 1630000, 1630000, 1630000, 3354.594, 0.15, 128016330, 163296200, 138684590, 53449150, 103982900, 67815176, 1630000, 1630000, 1630000, 3354.594, 0.15, 128016330, 163296200, 138684590, 53449150, 103982900, 67815176, 1630000, 1630000, 1630000, 3354.594, 0.15, 128016330, 163296200, 138684590, 53449150, 103982900, 67815176, 1630000, 1630000, 1630000, 3354.594, 0.15, 128016330, 163296200, 138684590, 53449150, 103982900, 67815176, 1630000, 1630000, 1630000, 3354.594, 0.15, 128016330, 163296200, 138684590, 53449150, 103982900, 67815176, 1630000, 1630000, 1630000, 3354.594, 0.15, 128016330, 163296200, 138684590, 53449150, 103982900, 67815176, 1630000, 1630000, 1630000, 3354.594, 0.15, 128016330, 163296200, 138684590, 53449150, 103982900, 67815176, 1630000, 1630000, 1630000, 3354.594, 0.15, 128016330, 163296200, 138684590, 53449150, 103982900, 67815176, 1630000, 1630000, 1630000, 3354.594, 0.15, 128016330, 163296200, 138684590, 53449150, 103982900, 67815176, 1630000, 1630000, 1630000, 3354.594, 0.15, 128016330, 163296200, 138684590, 53449150, 103982900, 67815176, 1630000, 1630000, 1630000, 3354.594, 0.15, 128016330, 163296200, 138684590, 53449150, 103982900, 67815176, 1630000, 1630000, 1630000, 3354.594, 0.15, 128016330, 163296200, 138684590, 53449150, 103982900, 67815176, 1630000, 1630000, 1630000, 3354.594, 0.15, 128016330, 163296200, 138684590, 53449150, 103982900, 67815176, 1630000, 1630000, 1630000, 3354.594, 0.15, 128016330, 163296200, 138684590, 53449150, 103982900, 67815176, 1630000, 1630000, 1630000, 3354.594, 0.15, 128016330, 163296200, 138684590, 53449150, 103982900, 67815176, 1630000, 1630000, 1630000, 3354.594, 0.15, 128016330, 163296200, 138684590, 53449150, 103982900, 67815176, 1630000, 1630000, 1630000, 3354.594, 0.15, 128016330, 163296200, 138684590, 53449150, 103982900, 67815176, 1630000, 1630000, 1630000, 3354.594, 0.15, 128016330, 163296200, 138684590, 53449150, 103982900, 67815176, 1630000, 1630000, 1630000, 3354.594, 0.15, 128016330, 163296200, 138684590, 53449150, 103982900, 67815176, 1630000, 1630000, 1630000, 3354.594, 0.15, 128016330, 163296200, 138684590, 53449150, 103982900, 67815176, 1630000, 1630000, 1630000, 3354.594, 0.15, 128016330, 163296200, 138684590, 53449150, 103982900, 67815176, 1630000, 1630000, 1630000, 3354.594, 0.15, 128016330, 163296200, 138684590, 53449150, 103982900, 67815176, 1630000, 1630000, 1630000, 3354.594, 0.15, 128016330, 163296200, 138684590, 53449150, 103982900, 67815176, 1630000, 1630000, 1630000, 3354.594, 0.15, 128016330, 163296200, 138684590, 53449150, 103982900, 67815176, 1630000, 1630000, 1630000, 3354.594, 0.15, 128016330, 163296200, 138684590, 53449150, 103982900, 67815176, 1630000, 1630000, 1630000, 3354.594, 0.15, 128016330, 163296200, 138684590, 53449150, 103982900, 67815176, 1630000, 1630000, 1630000, 3354.594, 0.15, 128016330, 163296200, 138684590, 53449150, 103982900, 67815176, 1630000, 1630000, 1630000, 3354.594, 0.15, 128016330, 163296200, 138684590, 53449150, 103982900, 67815176, 1630000, 1630000, 1630000, 3354.594, 0.15, 128016330, 163296200, 138684590, 53449150, 103982900, 67815176, 1630000, 1630000, 1630000, 3354.594, 0.15, 128016330, 163296200, 138684590, 53449150, 103982900, 67815176, 1630000, 1630000, 1630000, 3354.594, 0.15, 128016330, 163296200, 138684590, 53449150, 103982900, 67815176, 1630000, 1630000, 1630000, 3354.594, 0.15, 128016330, 163296200, 138684590, 53449150, 103982900, 67815176, 1630000, 1630000, 1630000, 3354.594, 0.15, 128016330, 163296200, 138684590, 53449150, 103982900, 67815176, 1630000, 1630000, 1630000, 3354.594, 0.15, 128016330, 163296200, 138684590, 53449150, 103982900, 67815176, 1630000, 1630000, 1630000, 3354.594, 0.15, 128016330, 163296200, 138684590, 53449150, 103982900, 67815176, 1630000, 1630000, 1630000, 3354.594, 0.15, 128016330, 163296200, 138684590, 53449150, 103982900, 67815176, 1630000, 1630000, 1630000, 3354.594, 0.15, 128016330, 163296200, 138684590, 53449150, 103982900, 67815176, 1630000, 1630000, 1630000, 3354.594, 0.15, 128016330, 163296200, 138684590, 53449150, 103982900, 67815176, 1630000, 1630000, 1630000, 3354.594, 0.15, 128016330, 163296200, 138684590, 53449150, 103982900, 67815176, 1630000, 1630000, 1630000, 3354.594, 0.15, 128016330, 163296200, 138684590, 53449150, 103982900, 67815176, 1630000, 1630000, 1630000, 3354.594, 0.15, 128016330, 163296200, 138684590, 53449150, 103982900, 67815176, 1630000, 1630000, 1630000, 3354.594, 0.15, 128016330, 163296200, 138684590, 53449150, 103982900, 67815176, 1630000, 1630000, 1630000, 3354.594, 0.15, 128016330, 163296200, 138684590, 53449150, 103982900, 67815176, 1630000, 1630000, 1630000, 3354.594, 0.15, 128016330, 163296200, 138684590, 53449150, 103982900, 67815176, 1630000, 1630000, 1630000, 3354.594, 0.15, 128016330, 163296200, 138684590, 53449150, 103982900, 67815176, 1630000, 1630000, 1630000, 3354.594, 0.15, 128016330, 163296200, 138684590, 53449150, 103982900, 67815176, 1630000, 1630000, 1630000, 3354.594, 0.15, 128016330, 163296200, 138684590, 53449150, 103982900, 67815176, 1630000, 1630000, 1630000, 3354.594, 0.15, 128016330, 163296200, 138684590, 53449150, 103982900, 67815176, 1630000, 1630000, 1630000, 3354.594, 0.15, 128016330, 163296200, 138684590, 53449150, 103982900, 67815176, 1630000, 1630000, 1630000, 3354.594, 0.15, 128016330, 163296200, 138684590, 53449150, 103982900, 67815176, 1630000, 1630000, 1630000, 3354.594, 0.15, 128016330, 163296200, 138684590, 53449150, 103982900, 67815176, 1630000, 1630000, 1630000, 3354.594, 0.15, 128016330, 163296200, 138684590, 53449150, 103982900, 67815176, 1630000, 1630000, 1630000, 3354.594, 0.15, 128016330, 163296200, 138684590, 53449150, 103982900, 67815176, 1630000, 1630000, 1630000, 3354.594, 0.15, 128016330, 163296200, 138684590, 53449150, 103982900, 67815176, 1630000, 1630000, 1630000, 3354.594, 0.15, 128016330, 163296200, 138684590, 53449150, 103982900, 67815176, 1630000, 1630000, 1630000, 3354.594, 0.15, 128016330, 163296200, 138684590, 53449150, 103982900, 67815176, 1630000, 1630000, 1630000, 3354.594, 0.15, 128016330, 163296200, 138684590, 53449150, 103982900, 67815176, 1630000, 1630000, 1630000, 3354.594, 0.15, 128016330, 163296200, 138684590, 53449150, 103982900, 67815176, 1630000, 1630000, 1630000, 3354.594, 0.15, 128016330, 163296200, 138684590, 53449150, 103982900, 67815176, 1630000, 1630000, 1630000, 3354.594, 0.15, 128016330, 163296200, 138684590, 53449150, 103982900, 67815176, 1630000, 1630000, 1630000, 3354.594, 0.15, 128016330, 163296200, 138684590, 53449150, 103982900, 67815176, 1630000, 1630000, 1630000, 3354.594, 0.15, 128016330, 163296200, 138684590, 53449150, 103982900, 67815176, 1630000, 1630000, 1630000, 3354.594, 0.15, 128016330, 163296200, 138684590, 53449150, 103982900, 67815176, 1630000, 1630000, 1630000, 3354.594, 0.15, 128016330, 163296200, 138684590, 53449150, 103982900, 67815176, 1630000, 1630000, 1630000, 3354.594, 0.15, 128016330, 163296200, 138684590, 53449150, 103982900, 67815176, 1630000, 1630000, 1630000, 3354.594, 0.15, 128016330, 163296200, 138684590, 53449150, 103982900, 67815176, 1630000, 1630000, 1630000, 3354.594, 0.15, 128016330, 163296200, 138684590, 53449150, 103982900, 67815176, 1630000, 1630000, 1630000, 3354.594, 0.15, 128016330, 163296200, 138684590, 53449150, 103982900, 67815176, 1630000, 1630000, 1630000, 3354.594, 0.15, 128016330, 163296200, 138684590, 53449150, 103982900, 67815176, 1630000, 1630000, 1630000, 3354.594, 0.15, 128016330, 163296200, 138684590, 53449150, 103982900, 67815176, 1630000, 1630000, 1630000, 3354.594, 0.15, 128016330, 163296200, 138684590, 53449150, 103982900, 67815176, 1630000, 1630000, 1630000, 3354.594, 0.15, 128016330, 163296200, 138684590, 53449150, 103982900, 67815176, 1630000, 1630000, 1630000, 3354.594, 0.15, 128016330, 163296200, 138684590, 53449150, 103982900, 67815176, 1630000, 1630000, 1630000, 3354.594, 0.15, 128016330, 163296200, 138684590, 53449150, 103982900, 67815176, 1630000, 1630000, 1630000, 3354.594, 0.15, 128016330, 163296200, 138684590, 53449150, 103982900, 67815176, 1630000, 1630000, 1630000, 3354.594, 0.15, 128016330, 163296200, 138684590, 53449150, 103982900, 67815176, 1630000, 1630000, 1630000, 3354.594, 0.15, 128016330, 163296200, 138684590, 53449150, 103982900, 67815176, 1630000, 1630000, 1630000, 3354.594, 0.15, 128016330, 163296200, 138684590, 53449150, 103982900, 67815176, 1630000, 1630000, 1630000, 3354.594, 0.15, 128016330, 163296200, 138684590, 53449150, 103982900, 67815176, 1630000, 1630000, 1630000, 3354.594, 0.15, 128016330, 163296200, 138684590, 53449150, 103982900, 67815176, 1630000, 1630000, 1630000, 3354.594, 0.15, 128016330, 163296200, 138684590, 53449150, 103982900, 67815176, 1630000, 1630000, 1630000, 3354.594, 0.15, 128016330, 163296200, 138684590, 53449150, 103982900, 67815176, 1630000, 1630000, 1630000, 3354.594, 0.15, 128016330, 163296200, 138684590, 53449150, 103982900, 67815176, 1630000, 1630000, 1630000, 3354.594, 0.15, 65757080, 705736500, 66649000, 23586164, 32335870, 34435000, 1630000, 1630000, 1630000, 3106.1055, 0.15, 65757080, 705736500, 66649000, 23586164, 32335870, 34435000, 1630000, 1630000, 1630000, 3106.1055, 0.15, 65757080, 705736500, 66649000, 23586164, 32335870, 34435000, 1630000, 1630000, 1630000, 3106.1055, 0.15, 65757080, 705736500, 66649000, 23586164, 32335870, 34435000, 1630000, 1630000, 1630000, 3106.1055, 0.15, 65757080, 705736500, 66649000, 23586164, 32335870, 34435000, 1630000, 1630000, 1630000, 3106.1055, 0.15, 65757080, 705736500, 66649000, 23586164, 32335870, 34435000, 1630000, 1630000, 1630000, 3106.1055, 0.15, 65757080, 705736500, 66649000, 23586164, 32335870, 34435000, 1630000, 1630000, 1630000, 3106.1055, 0.15, 65757080, 705736500, 66649000, 23586164, 32335870, 34435000, 1630000, 1630000, 1630000, 3106.1055, 0.15, 65757080, 705736500, 66649000, 23586164, 32335870, 34435000, 1630000, 1630000, 1630000, 3106.1055, 0.15, 65757080, 705736500, 66649000, 23586164, 32335870, 34435000, 1630000, 1630000, 1630000, 3106.1055, 0.15, 65757080, 705736500, 66649000, 23586164, 32335870, 34435000, 1630000, 1630000, 1630000, 3106.1055, 0.15, 65757080, 705736500, 66649000, 23586164, 32335870, 34435000, 1630000, 1630000, 1630000, 3106.1055, 0.15, 65757080, 705736500, 66649000, 23586164, 32335870, 34435000, 1630000, 1630000, 1630000, 3106.1055, 0.15, 65757080, 705736500, 66649000, 23586164, 32335870, 34435000, 1630000, 1630000, 1630000, 3106.1055, 0.15, 65757080, 705736500, 66649000, 23586164, 32335870, 34435000, 1630000, 1630000, 1630000, 3106.1055, 0.15, 65757080, 705736500, 66649000, 23586164, 32335870, 34435000, 1630000, 1630000, 1630000, 3106.1055, 0.15, 65757080, 705736500, 66649000, 23586164, 32335870, 34435000, 1630000, 1630000, 1630000, 3106.1055, 0.15, 65757080, 705736500, 66649000, 23586164, 32335870, 34435000, 1630000, 1630000, 1630000, 3106.1055, 0.15, 65757080, 705736500, 66649000, 23586164, 32335870, 34435000, 1630000, 1630000, 1630000, 3106.1055, 0.15, 65757080, 705736500, 66649000, 23586164, 32335870, 34435000, 1630000, 1630000, 1630000, 3106.1055, 0.15, 65757080, 705736500, 66649000, 23586164, 32335870, 34435000, 1630000, 1630000, 1630000, 3106.1055, 0.15, 65757080, 705736500, 66649000, 23586164, 32335870, 34435000, 1630000, 1630000, 1630000, 3106.1055, 0.15, 65757080, 705736500, 66649000, 23586164, 32335870, 34435000, 1630000, 1630000, 1630000, 3106.1055, 0.15, 65757080, 705736500, 66649000, 23586164, 32335870, 34435000, 1630000, 1630000, 1630000, 3106.1055, 0.15, 65757080, 705736500, 66649000, 23586164, 32335870, 34435000, 1630000, 1630000, 1630000, 3106.1055, 0.15, 65757080, 705736500, 66649000, 23586164, 32335870, 34435000, 1630000, 1630000, 1630000, 3106.1055, 0.15, 65757080, 705736500, 66649000, 23586164, 32335870, 34435000, 1630000, 1630000, 1630000, 3106.1055, 0.15, 65757080, 705736500, 66649000, 23586164, 32335870, 34435000, 1630000, 1630000, 1630000, 3106.1055, 0.15, 65757080, 705736500, 66649000, 23586164, 32335870, 34435000, 1630000, 1630000, 1630000, 3106.1055, 0.15, 65757080, 705736500, 66649000, 23586164, 32335870, 34435000, 1630000, 1630000, 1630000, 3106.1055, 0.15, 65757080, 705736500, 66649000, 23586164, 32335870, 34435000, 1630000, 1630000, 1630000, 3106.1055, 0.15, 65757080, 705736500, 66649000, 23586164, 32335870, 34435000, 1630000, 1630000, 1630000, 3106.1055, 0.15, 65757080, 705736500, 66649000, 23586164, 32335870, 34435000, 1630000, 1630000, 1630000, 3106.1055, 0.15, 65757080, 705736500, 66649000, 23586164, 32335870, 34435000, 1630000, 1630000, 1630000, 3106.1055, 0.15, 65757080, 705736500, 66649000, 23586164, 32335870, 34435000, 1630000, 1630000, 1630000, 3106.1055, 0.15, 65757080, 705736500, 66649000, 23586164, 32335870, 34435000, 1630000, 1630000, 1630000, 3106.1055, 0.15, 65757080, 705736500, 66649000, 23586164, 32335870, 34435000, 1630000, 1630000, 1630000, 3106.1055, 0.15, 65757080, 705736500, 66649000, 23586164, 32335870, 34435000, 1630000, 1630000, 1630000, 3106.1055, 0.15, 65757080, 705736500, 66649000, 23586164, 32335870, 34435000, 1630000, 1630000, 1630000, 3106.1055, 0.15, 65757080, 705736500, 66649000, 23586164, 32335870, 34435000, 1630000, 1630000, 1630000, 3106.1055, 0.15, 65757080, 705736500, 66649000, 23586164, 32335870, 34435000, 1630000, 1630000, 1630000, 3106.1055, 0.15, 65757080, 705736500, 66649000, 23586164, 32335870, 34435000, 1630000, 1630000, 1630000, 3106.1055, 0.15, 65757080, 705736500, 66649000, 23586164, 32335870, 34435000, 1630000, 1630000, 1630000, 3106.1055, 0.15, 65757080, 705736500, 66649000, 23586164, 32335870, 34435000, 1630000, 1630000, 1630000, 3106.1055, 0.15, 65757080, 705736500, 66649000, 23586164, 32335870, 34435000, 1630000, 1630000, 1630000, 3106.1055, 0.15, 65757080, 705736500, 66649000, 23586164, 32335870, 34435000, 1630000, 1630000, 1630000, 3106.1055, 0.15, 65757080, 705736500, 66649000, 23586164, 32335870, 34435000, 1630000, 1630000, 1630000, 3106.1055, 0.15, 65757080, 705736500, 66649000, 23586164, 32335870, 34435000, 1630000, 1630000, 1630000, 3106.1055, 0.15, 65757080, 705736500, 66649000, 23586164, 32335870, 34435000, 1630000, 1630000, 1630000, 3106.1055, 0.15, 65757080, 705736500, 66649000, 23586164, 32335870, 34435000, 1630000, 1630000, 1630000, 3106.1055, 0.15, 65757080, 705736500, 66649000, 23586164, 32335870, 34435000, 1630000, 1630000, 1630000, 3106.1055, 0.15, 65757080, 705736500, 66649000, 23586164, 32335870, 34435000, 1630000, 1630000, 1630000, 3106.1055, 0.15, 65757080, 705736500, 66649000, 23586164, 32335870, 34435000, 1630000, 1630000, 1630000, 3106.1055, 0.15, 65757080, 705736500, 66649000, 23586164, 32335870, 34435000, 1630000, 1630000, 1630000, 3106.1055, 0.15, 65757080, 705736500, 66649000, 23586164, 32335870, 34435000, 1630000, 1630000, 1630000, 3106.1055, 0.15, 65757080, 705736500, 66649000, 23586164, 32335870, 34435000, 1630000, 1630000, 1630000, 3106.1055, 0.15, 65757080, 705736500, 66649000, 23586164, 32335870, 34435000, 1630000, 1630000, 1630000, 3106.1055, 0.15, 65757080, 705736500, 66649000, 23586164, 32335870, 34435000, 1630000, 1630000, 1630000, 3106.1055, 0.15, 65757080, 705736500, 66649000, 23586164, 32335870, 34435000, 1630000, 1630000, 1630000, 3106.1055, 0.15, 65757080, 705736500, 66649000, 23586164, 32335870, 34435000, 1630000, 1630000, 1630000, 3106.1055, 0.15, 65757080, 705736500, 66649000, 23586164, 32335870, 34435000, 1630000, 1630000, 1630000, 3106.1055, 0.15, 65757080, 705736500, 66649000, 23586164, 32335870, 34435000, 1630000, 1630000, 1630000, 3106.1055, 0.15, 65757080, 705736500, 66649000, 23586164, 32335870, 34435000, 1630000, 1630000, 1630000, 3106.1055, 0.15, 65757080, 705736500, 66649000, 23586164, 32335870, 34435000, 1630000, 1630000, 1630000, 3106.1055, 0.15, 65757080, 705736500, 66649000, 23586164, 32335870, 34435000, 1630000, 1630000, 1630000, 3106.1055, 0.15, 65757080, 705736500, 66649000, 23586164, 32335870, 34435000, 1630000, 1630000, 1630000, 3106.1055, 0.15, 65757080, 705736500, 66649000, 23586164, 32335870, 34435000, 1630000, 1630000, 1630000, 3106.1055, 0.15, 65757080, 705736500, 66649000, 23586164, 32335870, 34435000, 1630000, 1630000, 1630000, 3106.1055, 0.15, 65757080, 705736500, 66649000, 23586164, 32335870, 34435000, 1630000, 1630000, 1630000, 3106.1055, 0.15, 65757080, 705736500, 66649000, 23586164, 32335870, 34435000, 1630000, 1630000, 1630000, 3106.1055, 0.15, 65757080, 705736500, 66649000, 23586164, 32335870, 34435000, 1630000, 1630000, 1630000, 3106.1055, 0.15, 65757080, 705736500, 66649000, 23586164, 32335870, 34435000, 1630000, 1630000, 1630000, 3106.1055, 0.15, 65757080, 705736500, 66649000, 23586164, 32335870, 34435000, 1630000, 1630000, 1630000, 3106.1055, 0.15, 65757080, 705736500, 66649000, 23586164, 32335870, 34435000, 1630000, 1630000, 1630000, 3106.1055, 0.15, 65757080, 705736500, 66649000, 23586164, 32335870, 34435000, 1630000, 1630000, 1630000, 3106.1055, 0.15, 65757080, 705736500, 66649000, 23586164, 32335870, 34435000, 1630000, 1630000, 1630000, 3106.1055, 0.15, 65757080, 705736500, 66649000, 23586164, 32335870, 34435000, 1630000, 1630000, 1630000, 3106.1055, 0.15, 65757080, 705736500, 66649000, 23586164, 32335870, 34435000, 1630000, 1630000, 1630000, 3106.1055, 0.15, 65757080, 705736500, 66649000, 23586164, 32335870, 34435000, 1630000, 1630000, 1630000, 3106.1055, 0.15, 65757080, 705736500, 66649000, 23586164, 32335870, 34435000, 1630000, 1630000, 1630000, 3106.1055, 0.15, 65757080, 705736500, 66649000, 23586164, 32335870, 34435000, 1630000, 1630000, 1630000, 3106.1055, 0.15, 65757080, 705736500, 66649000, 23586164, 32335870, 34435000, 1630000, 1630000, 1630000, 3106.1055, 0.15, 65757080, 705736500, 66649000, 23586164, 32335870, 34435000, 1630000, 1630000, 1630000, 3106.1055, 0.15, 65757080, 705736500, 66649000, 23586164, 32335870, 34435000, 1630000, 1630000, 1630000, 3106.1055, 0.15, 65757080, 705736500, 66649000, 23586164, 32335870, 34435000, 1630000, 1630000, 1630000, 3106.1055, 0.15, 65757080, 705736500, 66649000, 23586164, 32335870, 34435000, 1630000, 1630000, 1630000, 3106.1055, 0.15, 65757080, 705736500, 66649000, 23586164, 32335870, 34435000, 1630000, 1630000, 1630000, 3106.1055, 0.15, 65757080, 705736500, 66649000, 23586164, 32335870, 34435000, 1630000, 1630000, 1630000, 3106.1055, 0.15, 65757080, 705736500, 66649000, 23586164, 32335870, 34435000, 1630000, 1630000, 1630000, 3106.1055, 0.15, 65757080, 705736500, 66649000, 23586164, 32335870, 34435000, 1630000, 1630000, 1630000, 3106.1055, 0.15, 65757080, 705736500, 66649000, 23586164, 32335870, 34435000, 1630000, 1630000, 1630000, 3106.1055, 0.15, 65757080, 705736500, 66649000, 23586164, 32335870, 34435000, 1630000, 1630000, 1630000, 3106.1055, 0.15, 65757080, 705736500, 66649000, 23586164, 32335870, 34435000, 1630000, 1630000, 1630000, 3106.1055, 0.15, 65757080, 705736500, 66649000, 23586164, 32335870, 34435000, 1630000, 1630000, 1630000, 3106.1055, 0.15, 65757080, 705736500, 66649000, 23586164, 32335870, 34435000, 1630000, 1630000, 1630000, 3106.1055, 0.15, 65757080, 705736500, 66649000, 23586164, 32335870, 34435000, 1630000, 1630000, 1630000, 3106.1055, 0.15, 65757080, 705736500, 66649000, 23586164, 32335870, 34435000, 1630000, 1630000, 1630000, 3106.1055, 0.15, 65757080, 705736500, 66649000, 23586164, 32335870, 34435000, 1630000, 1630000, 1630000, 3106.1055, 0.15, 65757080, 705736500, 66649000, 23586164, 32335870, 34435000, 1630000, 1630000, 1630000, 3106.1055, 0.15, 65757080, 705736500, 66649000, 23586164, 32335870, 34435000, 1630000, 1630000, 1630000, 3106.1055, 0.15, 65757080, 705736500, 66649000, 23586164, 32335870, 34435000, 1630000, 1630000, 1630000, 3106.1055, 0.15, 65757080, 705736500, 66649000, 23586164, 32335870, 34435000, 1630000, 1630000, 1630000, 3106.1055, 0.15, 65757080, 705736500, 66649000, 23586164, 32335870, 34435000, 1630000, 1630000, 1630000, 3106.1055, 0.15, 65757080, 705736500, 66649000, 23586164, 32335870, 34435000, 1630000, 1630000, 1630000, 3106.1055, 0.15, 65757080, 705736500, 66649000, 23586164, 32335870, 34435000, 1630000, 1630000, 1630000, 3106.1055, 0.15, 65757080, 705736500, 66649000, 23586164, 32335870, 34435000, 1630000, 1630000, 1630000, 3106.1055, 0.15, 65757080, 705736500, 66649000, 23586164, 32335870, 34435000, 1630000, 1630000, 1630000, 3106.1055, 0.15, 65757080, 705736500, 66649000, 23586164, 32335870, 34435000, 1630000, 1630000, 1630000, 3106.1055, 0.15, 65757080, 705736500, 66649000, 23586164, 32335870, 34435000, 1630000, 1630000, 1630000, 3106.1055, 0.15, 65757080, 705736500, 66649000, 23586164, 32335870, 34435000, 1630000, 1630000, 1630000, 3106.1055, 0.15, 65757080, 705736500, 66649000, 23586164, 32335870, 34435000, 1630000, 1630000, 1630000, 3106.1055, 0.15, 65757080, 705736500, 66649000, 23586164, 32335870, 34435000, 1630000, 1630000, 1630000, 3106.1055, 0.15, 65757080, 705736500, 66649000, 23586164, 32335870, 34435000, 1630000, 1630000, 1630000, 3106.1055, 0.15, 65757080, 705736500, 66649000, 23586164, 32335870, 34435000, 1630000, 1630000, 1630000, 3106.1055, 0.15, 65757080, 705736500, 66649000, 23586164, 32335870, 34435000, 1630000, 1630000, 1630000, 3106.1055, 0.15, 65757080, 705736500, 66649000, 23586164, 32335870, 34435000, 1630000, 1630000, 1630000, 3106.1055, 0.15, 65757080, 705736500, 66649000, 23586164, 32335870, 34435000, 1630000, 1630000, 1630000, 3106.1055, 0.15, 65757080, 705736500, 66649000, 23586164, 32335870, 34435000, 1630000, 1630000, 1630000, 3106.1055, 0.15, 65757080, 705736500, 66649000, 23586164, 32335870, 34435000, 1630000, 1630000, 1630000, 3106.1055, 0.15, 65757080, 705736500, 66649000, 23586164, 32335870, 34435000, 1630000, 1630000, 1630000, 3106.1055, 0.15, 65757080, 705736500, 66649000, 23586164, 32335870, 34435000, 1630000, 1630000, 1630000, 3106.1055, 0.15, 65757080, 705736500, 66649000, 23586164, 32335870, 34435000, 1630000, 1630000, 1630000, 3106.1055, 0.15, 65757080, 705736500, 66649000, 23586164, 32335870, 34435000, 1630000, 1630000, 1630000, 3106.1055, 0.15, 65757080, 705736500, 66649000, 23586164, 32335870, 34435000, 1630000, 1630000, 1630000, 3106.1055, 0.15, 65757080, 705736500, 66649000, 23586164, 32335870, 34435000, 1630000, 1630000, 1630000, 3106.1055, 0.15, 65757080, 705736500, 66649000, 23586164, 32335870, 34435000, 1630000, 1630000, 1630000, 3106.1055, 0.15, 65757080, 705736500, 66649000, 23586164, 32335870, 34435000, 1630000, 1630000, 1630000, 3106.1055, 0.15, 65757080, 705736500, 66649000, 23586164, 32335870, 34435000, 1630000, 1630000, 1630000, 3106.1055, 0.15, 65757080, 705736500, 66649000, 23586164, 32335870, 34435000, 1630000, 1630000, 1630000, 3106.1055, 0.15, 65757080, 705736500, 66649000, 23586164, 32335870, 34435000, 1630000, 1630000, 1630000, 3106.1055, 0.15, 65757080, 705736500, 66649000, 23586164, 32335870, 34435000, 1630000, 1630000, 1630000, 3106.1055, 0.15, 65757080, 705736500, 66649000, 23586164, 32335870, 34435000, 1630000, 1630000, 1630000, 3106.1055, 0.15, 65757080, 705736500, 66649000, 23586164, 32335870, 34435000, 1630000, 1630000, 1630000, 3106.1055, 0.15, 65757080, 705736500, 66649000, 23586164, 32335870, 34435000, 1630000, 1630000, 1630000, 3106.1055, 0.15, 65757080, 705736500, 66649000, 23586164, 32335870, 34435000, 1630000, 1630000, 1630000, 3106.1055, 0.15, 65757080, 705736500, 66649000, 23586164, 32335870, 34435000, 1630000, 1630000, 1630000, 3106.1055, 0.15, 65757080, 705736500, 66649000, 23586164, 32335870, 34435000, 1630000, 1630000, 1630000, 3106.1055, 0.15, 65757080, 705736500, 66649000, 23586164, 32335870, 34435000, 1630000, 1630000, 1630000, 3106.1055, 0.15, 65757080, 705736500, 66649000, 23586164, 32335870, 34435000, 1630000, 1630000, 1630000, 3106.1055, 0.15, 65757080, 705736500, 66649000, 23586164, 32335870, 34435000, 1630000, 1630000, 1630000, 3106.1055, 0.15, 65757080, 705736500, 66649000, 23586164, 32335870, 34435000, 1630000, 1630000, 1630000, 3106.1055, 0.15, 65757080, 705736500, 66649000, 23586164, 32335870, 34435000, 1630000, 1630000, 1630000, 3106.1055, 0.15, 65757080, 705736500, 66649000, 23586164, 32335870, 34435000, 1630000, 1630000, 1630000, 3106.1055, 0.15, 65757080, 705736500, 66649000, 23586164, 32335870, 34435000, 1630000, 1630000, 1630000, 3106.1055, 0.15, 65757080, 705736500, 66649000, 23586164, 32335870, 34435000, 1630000, 1630000, 1630000, 3106.1055, 0.15, 65757080, 705736500, 66649000, 23586164, 32335870, 34435000, 1630000, 1630000, 1630000, 3106.1055, 0.15, 65757080, 705736500, 66649000, 23586164, 32335870, 34435000, 1630000, 1630000, 1630000, 3106.1055, 0.15, 65757080, 705736500, 66649000, 23586164, 32335870, 34435000, 1630000, 1630000, 1630000, 3106.1055, 0.15, 65757080, 705736500, 66649000, 23586164, 32335870, 34435000, 1630000, 1630000, 1630000, 3106.1055, 0.15, 65757080, 705736500, 66649000, 23586164, 32335870, 34435000, 1630000, 1630000, 1630000, 3106.1055, 0.15, 65757080, 705736500, 66649000, 23586164, 32335870, 34435000, 1630000, 1630000, 1630000, 3106.1055, 0.15, 65757080, 705736500, 66649000, 23586164, 32335870, 34435000, 1630000, 1630000, 1630000, 3106.1055, 0.15, 65757080, 705736500, 66649000, 23586164, 32335870, 34435000, 1630000, 1630000, 1630000, 3106.1055, 0.15, 65757080, 705736500, 66649000, 23586164, 32335870, 34435000, 1630000, 1630000, 1630000, 3106.1055, 0.15, 65757080, 705736500, 66649000, 23586164, 32335870, 34435000, 1630000, 1630000, 1630000, 3106.1055, 0.15, 65757080, 705736500, 66649000, 23586164, 32335870, 34435000, 1630000, 1630000, 1630000, 3106.1055, 0.15, 65757080, 705736500, 66649000, 23586164, 32335870, 34435000, 1630000, 1630000, 1630000, 3106.1055, 0.15, 65757080, 705736500, 66649000, 23586164, 32335870, 34435000, 1630000, 1630000, 1630000, 3106.1055, 0.15, 65757080, 705736500, 66649000, 23586164, 32335870, 34435000, 1630000, 1630000, 1630000, 3106.1055, 0.15, 65757080, 705736500, 66649000, 23586164, 32335870, 34435000, 1630000, 1630000, 1630000, 3106.1055, 0.15, 65757080, 705736500, 66649000, 23586164, 32335870, 34435000, 1630000, 1630000, 1630000, 3106.1055, 0.15, 65757080, 705736500, 66649000, 23586164, 32335870, 34435000, 1630000, 1630000, 1630000, 3106.1055, 0.15, 65757080, 705736500, 66649000, 23586164, 32335870, 34435000, 1630000, 1630000, 1630000, 3106.1055, 0.15, 65757080, 705736500, 66649000, 23586164, 32335870, 34435000, 1630000, 1630000, 1630000, 3106.1055, 0.15, 65757080, 705736500, 66649000, 23586164, 32335870, 34435000, 1630000, 1630000, 1630000, 3106.1055, 0.15, 65757080, 705736500, 66649000, 23586164, 32335870, 34435000, 1630000, 1630000, 1630000, 3106.1055, 0.15, 65757080, 705736500, 66649000, 23586164, 32335870, 34435000, 1630000, 1630000, 1630000, 3106.1055, 0.15, 65757080, 705736500, 66649000, 23586164, 32335870, 34435000, 1630000, 1630000, 1630000, 3106.1055, 0.15, 65757080, 705736500, 66649000, 23586164, 32335870, 34435000, 1630000, 1630000, 1630000, 3106.1055, 0.15, 65757080, 705736500, 66649000, 23586164, 32335870, 34435000, 1630000, 1630000, 1630000, 3106.1055, 0.15, 65757080, 705736500, 66649000, 23586164, 32335870, 34435000, 1630000, 1630000, 1630000, 3106.1055, 0.15, 65757080, 705736500, 66649000, 23586164, 32335870, 34435000, 1630000, 1630000, 1630000, 3106.1055, 0.15, 65757080, 705736500, 66649000, 23586164, 32335870, 34435000, 1630000, 1630000, 1630000, 3106.1055, 0.15, 65757080, 705736500, 66649000, 23586164, 32335870, 34435000, 1630000, 1630000, 1630000, 3106.1055, 0.15, 65757080, 705736500, 66649000, 23586164, 32335870, 34435000, 1630000, 1630000, 1630000, 3106.1055, 0.15, 65757080, 705736500, 66649000, 23586164, 32335870, 34435000, 1630000, 1630000, 1630000, 3106.1055, 0.15, 65757080, 705736500, 66649000, 23586164, 32335870, 34435000, 1630000, 1630000, 1630000, 3106.1055, 0.15, 65757080, 705736500, 66649000, 23586164, 32335870, 34435000, 1630000, 1630000, 1630000, 3106.1055, 0.15, 65757080, 705736500, 66649000, 23586164, 32335870, 34435000, 1630000, 1630000, 1630000, 3106.1055, 0.15, 65757080, 705736500, 66649000, 23586164, 32335870, 34435000, 1630000, 1630000, 1630000, 3106.1055, 0.15, 65757080, 705736500, 66649000, 23586164, 32335870, 34435000, 1630000, 1630000, 1630000, 3106.1055, 0.15, 65757080, 705736500, 66649000, 23586164, 32335870, 34435000, 1630000, 1630000, 1630000, 3106.1055, 0.15, 65757080, 705736500, 66649000, 23586164, 32335870, 34435000, 1630000, 1630000, 1630000, 3106.1055, 0.15, 65757080, 705736500, 66649000, 23586164, 32335870, 34435000, 1630000, 1630000, 1630000, 3106.1055, 0.15, 65757080, 705736500, 66649000, 23586164, 32335870, 34435000, 1630000, 1630000, 1630000, 3106.1055, 0.15, 65757080, 705736500, 66649000, 23586164, 32335870, 34435000, 1630000, 1630000, 1630000, 3106.1055, 0.15, 65757080, 705736500, 66649000, 23586164, 32335870, 34435000, 1630000, 1630000, 1630000, 3106.1055, 0.15, 65757080, 705736500, 66649000, 23586164, 32335870, 34435000, 1630000, 1630000, 1630000, 3106.1055, 0.15, 65757080, 705736500, 66649000, 23586164, 32335870, 34435000, 1630000, 1630000, 1630000, 3106.1055, 0.15, 65757080, 705736500, 66649000, 23586164, 32335870, 34435000, 1630000, 1630000, 1630000, 3106.1055, 0.15, 65757080, 705736500, 66649000, 23586164, 32335870, 34435000, 1630000, 1630000, 1630000, 3106.1055, 0.15, 65757080, 705736500, 66649000, 23586164, 32335870, 34435000, 1630000, 1630000, 1630000, 3106.1055, 0.15, 65757080, 705736500, 66649000, 23586164, 32335870, 34435000, 1630000, 1630000, 1630000, 3106.1055, 0.15, 65757080, 705736500, 66649000, 23586164, 32335870, 34435000, 1630000, 1630000, 1630000, 3106.1055, 0.15, 65757080, 705736500, 66649000, 23586164, 32335870, 34435000, 1630000, 1630000, 1630000, 3106.1055, 0.15, 65757080, 705736500, 66649000, 23586164, 32335870, 34435000, 1630000, 1630000, 1630000, 3106.1055, 0.15, 65757080, 705736500, 66649000, 23586164, 32335870, 34435000, 1630000, 1630000, 1630000, 3106.1055, 0.15, 65757080, 705736500, 66649000, 23586164, 32335870, 34435000, 1630000, 1630000, 1630000, 3106.1055, 0.15, 65757080, 705736500, 66649000, 23586164, 32335870, 34435000, 1630000, 1630000, 1630000, 3106.1055, 0.15, 65757080, 705736500, 66649000, 23586164, 32335870, 34435000, 1630000, 1630000, 1630000, 3106.1055, 0.15, 65757080, 705736500, 66649000, 23586164, 32335870, 34435000, 1630000, 1630000, 1630000, 3106.1055, 0.15, 65757080, 705736500, 66649000, 23586164, 32335870, 34435000, 1630000, 1630000, 1630000, 3106.1055, 0.15, 65757080, 705736500, 66649000, 23586164, 32335870, 34435000, 1630000, 1630000, 1630000, 3106.1055, 0.15, 65757080, 705736500, 66649000, 23586164, 32335870, 34435000, 1630000, 1630000, 1630000, 3106.1055, 0.15, 65757080, 705736500, 66649000, 23586164, 32335870, 34435000, 1630000, 1630000, 1630000, 3106.1055, 0.15, 65757080, 705736500, 66649000, 23586164, 32335870, 34435000, 1630000, 1630000, 1630000, 3106.1055, 0.15, 65757080, 705736500, 66649000, 23586164, 32335870, 34435000, 1630000, 1630000, 1630000, 3106.1055, 0.15, 65757080, 705736500, 66649000, 23586164, 32335870, 34435000, 1630000, 1630000, 1630000, 3106.1055, 0.15, 65757080, 705736500, 66649000, 23586164, 32335870, 34435000, 1630000, 1630000, 1630000, 3106.1055, 0.15, 65757080, 705736500, 66649000, 23586164, 32335870, 34435000, 1630000, 1630000, 1630000, 3106.1055, 0.15, 65757080, 705736500, 66649000, 23586164, 32335870, 34435000, 1630000, 1630000, 1630000, 3106.1055, 0.15, 65757080, 705736500, 66649000, 23586164, 32335870, 34435000, 1630000, 1630000, 1630000, 3106.1055, 0.15, 65757080, 705736500, 66649000, 23586164, 32335870, 34435000, 1630000, 1630000, 1630000, 3106.1055, 0.15, 65757080, 705736500, 66649000, 23586164, 32335870, 34435000, 1630000, 1630000, 1630000, 3106.1055, 0.15, 65757080, 705736500, 66649000, 23586164, 32335870, 34435000, 1630000, 1630000, 1630000, 3106.1055, 0.15, 65757080, 705736500, 66649000, 23586164, 32335870, 34435000, 1630000, 1630000, 1630000, 3106.1055, 0.15, 65757080, 705736500, 66649000, 23586164, 32335870, 34435000, 1630000, 1630000, 1630000, 3106.1055, 0.15, 65757080, 705736500, 66649000, 23586164, 32335870, 34435000, 1630000, 1630000, 1630000, 3106.1055, 0.15, 65757080, 705736500, 66649000, 23586164, 32335870, 34435000, 1630000, 1630000, 1630000, 3106.1055, 0.15, 65757080, 705736500, 66649000, 23586164, 32335870, 34435000, 1630000, 1630000, 1630000, 3106.1055, 0.15, 65757080, 705736500, 66649000, 23586164, 32335870, 34435000, 1630000, 1630000, 1630000, 3106.1055, 0.15, 65757080, 705736500, 66649000, 23586164, 32335870, 34435000, 1630000, 1630000, 1630000, 3106.1055, 0.15, 65757080, 705736500, 66649000, 23586164, 32335870, 34435000, 1630000, 1630000, 1630000, 3106.1055, 0.15, 65757080, 705736500, 66649000, 23586164, 32335870, 34435000, 1630000, 1630000, 1630000, 3106.1055, 0.15, 65757080, 705736500, 66649000, 23586164, 32335870, 34435000, 1630000, 1630000, 1630000, 3106.1055, 0.15, 65757080, 705736500, 66649000, 23586164, 32335870, 34435000, 1630000, 1630000, 1630000, 3106.1055, 0.15, 65757080, 705736500, 66649000, 23586164, 32335870, 34435000, 1630000, 1630000, 1630000, 3106.1055, 0.15, 65757080, 705736500, 66649000, 23586164, 32335870, 34435000, 1630000, 1630000, 1630000, 3106.1055, 0.15, 65757080, 705736500, 66649000, 23586164, 32335870, 34435000, 1630000, 1630000, 1630000, 3106.1055, 0.15, 65757080, 705736500, 66649000, 23586164, 32335870, 34435000, 1630000, 1630000, 1630000, 3106.1055, 0.15, 65757080, 705736500, 66649000, 23586164, 32335870, 34435000, 1630000, 1630000, 1630000, 3106.1055, 0.15, 65757080, 705736500, 66649000, 23586164, 32335870, 34435000, 1630000, 1630000, 1630000, 3106.1055, 0.15, 65757080, 705736500, 66649000, 23586164, 32335870, 34435000, 1630000, 1630000, 1630000, 3106.1055, 0.15, 65757080, 705736500, 66649000, 23586164, 32335870, 34435000, 1630000, 1630000, 1630000, 3106.1055, 0.15, 65757080, 705736500, 66649000, 23586164, 32335870, 34435000, 1630000, 1630000, 1630000, 3106.1055, 0.15, 65757080, 705736500, 66649000, 23586164, 32335870, 34435000, 1630000, 1630000, 1630000, 3106.1055, 0.15, 65757080, 705736500, 66649000, 23586164, 32335870, 34435000, 1630000, 1630000, 1630000, 3106.1055, 0.15, 65757080, 705736500, 66649000, 23586164, 32335870, 34435000, 1630000, 1630000, 1630000, 3106.1055, 0.15, 65757080, 705736500, 66649000, 23586164, 32335870, 34435000, 1630000, 1630000, 1630000, 3106.1055, 0.15, 65757080, 705736500, 66649000, 23586164, 32335870, 34435000, 1630000, 1630000, 1630000, 3106.1055, 0.15, 65757080, 705736500, 66649000, 23586164, 32335870, 34435000, 1630000, 1630000, 1630000, 3106.1055, 0.15, 65757080, 705736500, 66649000, 23586164, 32335870, 34435000, 1630000, 1630000, 1630000, 3106.1055, 0.15, 65757080, 705736500, 66649000, 23586164, 32335870, 34435000, 1630000, 1630000, 1630000, 3106.1055, 0.15, 65757080, 705736500, 66649000, 23586164, 32335870, 34435000, 1630000, 1630000, 1630000, 3106.1055, 0.15, 65757080, 705736500, 66649000, 23586164, 32335870, 34435000, 1630000, 1630000, 1630000, 3106.1055, 0.15, 65757080, 705736500, 66649000, 23586164, 32335870, 34435000, 1630000, 1630000, 1630000, 3106.1055, 0.15, 65757080, 705736500, 66649000, 23586164, 32335870, 34435000, 1630000, 1630000, 1630000, 3106.1055, 0.15, 65757080, 705736500, 66649000, 23586164, 32335870, 34435000, 1630000, 1630000, 1630000, 3106.1055, 0.15, 65757080, 705736500, 66649000, 23586164, 32335870, 34435000, 1630000, 1630000, 1630000, 3106.1055, 0.15, 65757080, 705736500, 66649000, 23586164, 32335870, 34435000, 1630000, 1630000, 1630000, 3106.1055, 0.15, 65757080, 705736500, 66649000, 23586164, 32335870, 34435000, 1630000, 1630000, 1630000, 3106.1055, 0.15, 65757080, 705736500, 66649000, 23586164, 32335870, 34435000, 1630000, 1630000, 1630000, 3106.1055, 0.15, 65757080, 705736500, 66649000, 23586164, 32335870, 34435000, 1630000, 1630000, 1630000, 3106.1055, 0.15, 65757080, 705736500, 66649000, 23586164, 32335870, 34435000, 1630000, 1630000, 1630000, 3106.1055, 0.15, 65757080, 705736500, 66649000, 23586164, 32335870, 34435000, 1630000, 1630000, 1630000, 3106.1055, 0.15, 65757080, 705736500, 66649000, 23586164, 32335870, 34435000, 1630000, 1630000, 1630000, 3106.1055, 0.15, 65757080, 705736500, 66649000, 23586164, 32335870, 34435000, 1630000, 1630000, 1630000, 3106.1055, 0.15, 65757080, 705736500, 66649000, 23586164, 32335870, 34435000, 1630000, 1630000, 1630000, 3106.1055, 0.15, 65757080, 705736500, 66649000, 23586164, 32335870, 34435000, 1630000, 1630000, 1630000, 3106.1055, 0.15, 65757080, 705736500, 66649000, 23586164, 32335870, 34435000, 1630000, 1630000, 1630000, 3106.1055, 0.15, 65757080, 705736500, 66649000, 23586164, 32335870, 34435000, 1630000, 1630000, 1630000, 3106.1055, 0.15, 65757080, 705736500, 66649000, 23586164, 32335870, 34435000, 1630000, 1630000, 1630000, 3106.1055, 0.15, 65757080, 705736500, 66649000, 23586164, 32335870, 34435000, 1630000, 1630000, 1630000, 3106.1055, 0.15, 65757080, 705736500, 66649000, 23586164, 32335870, 34435000, 1630000, 1630000, 1630000, 3106.1055, 0.15, 65757080, 705736500, 66649000, 23586164, 32335870, 34435000, 1630000, 1630000, 1630000, 3106.1055, 0.15, 65757080, 705736500, 66649000, 23586164, 32335870, 34435000, 1630000, 1630000, 1630000, 3106.1055, 0.15, 65757080, 705736500, 66649000, 23586164, 32335870, 34435000, 1630000, 1630000, 1630000, 3106.1055, 0.15, 65757080, 705736500, 66649000, 23586164, 32335870, 34435000, 1630000, 1630000, 1630000, 3106.1055, 0.15, 65757080, 705736500, 66649000, 23586164, 32335870, 34435000, 1630000, 1630000, 1630000, 3106.1055, 0.15, 65757080, 705736500, 66649000, 23586164, 32335870, 34435000, 1630000, 1630000, 1630000, 3106.1055, 0.15, 65757080, 705736500, 66649000, 23586164, 32335870, 34435000, 1630000, 1630000, 1630000, 3106.1055, 0.15, 65757080, 705736500, 66649000, 23586164, 32335870, 34435000, 1630000, 1630000, 1630000, 3106.1055, 0.15, 65757080, 705736500, 66649000, 23586164, 32335870, 34435000, 1630000, 1630000, 1630000, 3106.1055, 0.15, 65757080, 705736500, 66649000, 23586164, 32335870, 34435000, 1630000, 1630000, 1630000, 3106.1055, 0.15, 65757080, 705736500, 66649000, 23586164, 32335870, 34435000, 1630000, 1630000, 1630000, 3106.1055, 0.15, 65757080, 705736500, 66649000, 23586164, 32335870, 34435000, 1630000, 1630000, 1630000, 3106.1055, 0.15, 65757080, 705736500, 66649000, 23586164, 32335870, 34435000, 1630000, 1630000, 1630000, 3106.1055, 0.15, 65757080, 705736500, 66649000, 23586164, 32335870, 34435000, 1630000, 1630000, 1630000, 3106.1055, 0.15, 65757080, 705736500, 66649000, 23586164, 32335870, 34435000, 1630000, 1630000, 1630000, 3106.1055, 0.15, 65757080, 705736500, 66649000, 23586164, 32335870, 34435000, 1630000, 1630000, 1630000, 3106.1055, 0.15, 65757080, 705736500, 66649000, 23586164, 32335870, 34435000, 1630000, 1630000, 1630000, 3106.1055, 0.15, 65757080, 705736500, 66649000, 23586164, 32335870, 34435000, 1630000, 1630000, 1630000, 3106.1055, 0.15, 65757080, 705736500, 66649000, 23586164, 32335870, 34435000, 1630000, 1630000, 1630000, 3106.1055, 0.15, 65757080, 705736500, 66649000, 23586164, 32335870, 34435000, 1630000, 1630000, 1630000, 3106.1055, 0.15, 65757080, 705736500, 66649000, 23586164, 32335870, 34435000, 1630000, 1630000, 1630000, 3106.1055, 0.15, 65757080, 705736500, 66649000, 23586164, 32335870, 34435000, 1630000, 1630000, 1630000, 3106.1055, 0.15, 65757080, 705736500, 66649000, 23586164, 32335870, 34435000, 1630000, 1630000, 1630000, 3106.1055, 0.15, 65757080, 705736500, 66649000, 23586164, 32335870, 34435000, 1630000, 1630000, 1630000, 3106.1055, 0.15, 65757080, 705736500, 66649000, 23586164, 32335870, 34435000, 1630000, 1630000, 1630000, 3106.1055, 0.15, 65757080, 705736500, 66649000, 23586164, 32335870, 34435000, 1630000, 1630000, 1630000, 3106.1055, 0.15, 65757080, 705736500, 66649000, 23586164, 32335870, 34435000, 1630000, 1630000, 1630000, 3106.1055, 0.15, 65757080, 705736500, 66649000, 23586164, 32335870, 34435000, 1630000, 1630000, 1630000, 3106.1055, 0.15, 65757080, 705736500, 66649000, 23586164, 32335870, 34435000, 1630000, 1630000, 1630000, 3106.1055, 0.15, 65757080, 705736500, 66649000, 23586164, 32335870, 34435000, 1630000, 1630000, 1630000, 3106.1055, 0.15, 65757080, 705736500, 66649000, 23586164, 32335870, 34435000, 1630000, 1630000, 1630000, 3106.1055, 0.15, 65757080, 705736500, 66649000, 23586164, 32335870, 34435000, 1630000, 1630000, 1630000, 3106.1055, 0.15, 65757080, 705736500, 66649000, 23586164, 32335870, 34435000, 1630000, 1630000, 1630000, 3106.1055, 0.15, 65757080, 705736500, 66649000, 23586164, 32335870, 34435000, 1630000, 1630000, 1630000, 3106.1055, 0.15, 65757080, 705736500, 66649000, 23586164, 32335870, 34435000, 1630000, 1630000, 1630000, 3106.1055, 0.15, 65757080, 705736500, 66649000, 23586164, 32335870, 34435000, 1630000, 1630000, 1630000, 3106.1055, 0.15, 65757080, 705736500, 66649000, 23586164, 32335870, 34435000, 1630000, 1630000, 1630000, 3106.1055, 0.15, 65757080, 705736500, 66649000, 23586164, 32335870, 34435000, 1630000, 1630000, 1630000, 3106.1055, 0.15, 65757080, 705736500, 66649000, 23586164, 32335870, 34435000, 1630000, 1630000, 1630000, 3106.1055, 0.15, 65757080, 705736500, 66649000, 23586164, 32335870, 34435000, 1630000, 1630000, 1630000, 3106.1055, 0.15, 65757080, 705736500, 66649000, 23586164, 32335870, 34435000, 1630000, 1630000, 1630000, 3106.1055, 0.15, 65757080, 705736500, 66649000, 23586164, 32335870, 34435000, 1630000, 1630000, 1630000, 3106.1055, 0.15, 65757080, 705736500, 66649000, 23586164, 32335870, 34435000, 1630000, 1630000, 1630000, 3106.1055, 0.15, 65757080, 705736500, 66649000, 23586164, 32335870, 34435000, 1630000, 1630000, 1630000, 3106.1055, 0.15, 65757080, 705736500, 66649000, 23586164, 32335870, 34435000, 1630000, 1630000, 1630000, 3106.1055, 0.15, 65757080, 705736500, 66649000, 23586164, 32335870, 34435000, 1630000, 1630000, 1630000, 3106.1055, 0.15, 65757080, 705736500, 66649000, 23586164, 32335870, 34435000, 1630000, 1630000, 1630000, 3106.1055, 0.15, 65757080, 705736500, 66649000, 23586164, 32335870, 34435000, 1630000, 1630000, 1630000, 3106.1055, 0.15, 65757080, 705736500, 66649000, 23586164, 32335870, 34435000, 1630000, 1630000, 1630000, 3106.1055, 0.15, 65757080, 705736500, 66649000, 23586164, 32335870, 34435000, 1630000, 1630000, 1630000, 3106.1055, 0.15, 65757080, 705736500, 66649000, 23586164, 32335870, 34435000, 1630000, 1630000, 1630000, 3106.1055, 0.15, 65757080, 705736500, 66649000, 23586164, 32335870, 34435000, 1630000, 1630000, 1630000, 3106.1055, 0.15, 65757080, 705736500, 66649000, 23586164, 32335870, 34435000, 1630000, 1630000, 1630000, 3106.1055, 0.15, 65757080, 705736500, 66649000, 23586164, 32335870, 34435000, 1630000, 1630000, 1630000, 3106.1055, 0.15, 65757080, 705736500, 66649000, 23586164, 32335870, 34435000, 1630000, 1630000, 1630000, 3106.1055, 0.15, 65757080, 705736500, 66649000, 23586164, 32335870, 34435000, 1630000, 1630000, 1630000, 3106.1055, 0.15, 65757080, 705736500, 66649000, 23586164, 32335870, 34435000, 1630000, 1630000, 1630000, 3106.1055, 0.15, 65757080, 705736500, 66649000, 23586164, 32335870, 34435000, 1630000, 1630000, 1630000, 3106.1055, 0.15, 65757080, 705736500, 66649000, 23586164, 32335870, 34435000, 1630000, 1630000, 1630000, 3106.1055, 0.15, 65757080, 705736500, 66649000, 23586164, 32335870, 34435000, 1630000, 1630000, 1630000, 3106.1055, 0.15, 65757080, 705736500, 66649000, 23586164, 32335870, 34435000, 1630000, 1630000, 1630000, 3106.1055, 0.15, 65757080, 705736500, 66649000, 23586164, 32335870, 34435000, 1630000, 1630000, 1630000, 3106.1055, 0.15, 65757080, 705736500, 66649000, 23586164, 32335870, 34435000, 1630000, 1630000, 1630000, 3106.1055, 0.15, 65757080, 705736500, 66649000, 23586164, 32335870, 34435000, 1630000, 1630000, 1630000, 3106.1055, 0.15, 65757080, 705736500, 66649000, 23586164, 32335870, 34435000, 1630000, 1630000, 1630000, 3106.1055, 0.15, 65757080, 705736500, 66649000, 23586164, 32335870, 34435000, 1630000, 1630000, 1630000, 3106.1055, 0.15, 65757080, 705736500, 66649000, 23586164, 32335870, 34435000, 1630000, 1630000, 1630000, 3106.1055, 0.15, 65757080, 705736500, 66649000, 23586164, 32335870, 34435000, 1630000, 1630000, 1630000, 3106.1055, 0.15, 65757080, 705736500, 66649000, 23586164, 32335870, 34435000, 1630000, 1630000, 1630000, 3106.1055, 0.15, 65757080, 705736500, 66649000, 23586164, 32335870, 34435000, 1630000, 1630000, 1630000, 3106.1055, 0.15, 65757080, 705736500, 66649000, 23586164, 32335870, 34435000, 1630000, 1630000, 1630000, 3106.1055, 0.15, 65757080, 705736500, 66649000, 23586164, 32335870, 34435000, 1630000, 1630000, 1630000, 3106.1055, 0.15, 79321380, 188883890, 8616282, 5914382, 6088905, 5750776, 200000, 200000, 54000000, 3572.0215, 0.15, 79321380, 188883890, 8616282, 5914382, 6088905, 5750776, 200000, 200000, 54000000, 3572.0215, 0.15, 79321380, 188883890, 8616282, 5914382, 6088905, 5750776, 200000, 200000, 54000000, 3572.0215, 0.15, 79321380, 188883890, 8616282, 5914382, 6088905, 5750776, 200000, 200000, 54000000, 3572.0215, 0.15, 79321380, 188883890, 8616282, 5914382, 6088905, 5750776, 200000, 200000, 54000000, 3572.0215, 0.15, 79321380, 188883890, 8616282, 5914382, 6088905, 5750776, 200000, 200000, 54000000, 3572.0215, 0.15, 79321380, 188883890, 8616282, 5914382, 6088905, 5750776, 200000, 200000, 54000000, 3572.0215, 0.15, 79321380, 188883890, 8616282, 5914382, 6088905, 5750776, 200000, 200000, 54000000, 3572.0215, 0.15, 79321380, 188883890, 8616282, 5914382, 6088905, 5750776, 200000, 200000, 54000000, 3572.0215, 0.15, 79321380, 188883890, 8616282, 5914382, 6088905, 5750776, 200000, 200000, 54000000, 3572.0215, 0.15, 79321380, 188883890, 8616282, 5914382, 6088905, 5750776, 200000, 200000, 54000000, 3572.0215, 0.15, 79321380, 188883890, 8616282, 5914382, 6088905, 5750776, 200000, 200000, 54000000, 3572.0215, 0.15, 79321380, 188883890, 8616282, 5914382, 6088905, 5750776, 200000, 200000, 54000000, 3572.0215, 0.15, 79321380, 188883890, 8616282, 5914382, 6088905, 5750776, 200000, 200000, 54000000, 3572.0215, 0.15, 79321380, 188883890, 8616282, 5914382, 6088905, 5750776, 200000, 200000, 54000000, 3572.0215, 0.15, 79321380, 188883890, 8616282, 5914382, 6088905, 5750776, 200000, 200000, 54000000, 3572.0215, 0.15, 79321380, 188883890, 8616282, 5914382, 6088905, 5750776, 200000, 200000, 54000000, 3572.0215, 0.15, 79321380, 188883890, 8616282, 5914382, 6088905, 5750776, 200000, 200000, 54000000, 3572.0215, 0.15, 79321380, 188883890, 8616282, 5914382, 6088905, 5750776, 200000, 200000, 54000000, 3572.0215, 0.15, 79321380, 188883890, 8616282, 5914382, 6088905, 5750776, 200000, 200000, 54000000, 3572.0215, 0.15, 79321380, 188883890, 8616282, 5914382, 6088905, 5750776, 200000, 200000, 54000000, 3572.0215, 0.15, 79321380, 188883890, 8616282, 5914382, 6088905, 5750776, 200000, 200000, 54000000, 3572.0215, 0.15, 79321380, 188883890, 8616282, 5914382, 6088905, 5750776, 200000, 200000, 54000000, 3572.0215, 0.15, 79321380, 188883890, 8616282, 5914382, 6088905, 5750776, 200000, 200000, 54000000, 3572.0215, 0.15, 79321380, 188883890, 8616282, 5914382, 6088905, 5750776, 200000, 200000, 54000000, 3572.0215, 0.15, 79321380, 188883890, 8616282, 5914382, 6088905, 5750776, 200000, 200000, 54000000, 3572.0215, 0.15, 79321380, 188883890, 8616282, 5914382, 6088905, 5750776, 200000, 200000, 54000000, 3572.0215, 0.15, 79321380, 188883890, 8616282, 5914382, 6088905, 5750776, 200000, 200000, 54000000, 3572.0215, 0.15, 79321380, 188883890, 8616282, 5914382, 6088905, 5750776, 200000, 200000, 54000000, 3572.0215, 0.15, 79321380, 188883890, 8616282, 5914382, 6088905, 5750776, 200000, 200000, 54000000, 3572.0215, 0.15, 79321380, 188883890, 8616282, 5914382, 6088905, 5750776, 200000, 200000, 54000000, 3572.0215, 0.15, 79321380, 188883890, 8616282, 5914382, 6088905, 5750776, 200000, 200000, 54000000, 3572.0215, 0.15, 79321380, 188883890, 8616282, 5914382, 6088905, 5750776, 200000, 200000, 54000000, 3572.0215, 0.15, 79321380, 188883890, 8616282, 5914382, 6088905, 5750776, 200000, 200000, 54000000, 3572.0215, 0.15, 79321380, 188883890, 8616282, 5914382, 6088905, 5750776, 200000, 200000, 54000000, 3572.0215, 0.15, 79321380, 188883890, 8616282, 5914382, 6088905, 5750776, 200000, 200000, 54000000, 3572.0215, 0.15, 79321380, 188883890, 8616282, 5914382, 6088905, 5750776, 200000, 200000, 54000000, 3572.0215, 0.15, 79321380, 188883890, 8616282, 5914382, 6088905, 5750776, 200000, 200000, 54000000, 3572.0215, 0.15, 79321380, 188883890, 8616282, 5914382, 6088905, 5750776, 200000, 200000, 54000000, 3572.0215, 0.15, 79321380, 188883890, 8616282, 5914382, 6088905, 5750776, 200000, 200000, 54000000, 3572.0215, 0.15, 79321380, 188883890, 8616282, 5914382, 6088905, 5750776, 200000, 200000, 54000000, 3572.0215, 0.15, 79321380, 188883890, 8616282, 5914382, 6088905, 5750776, 200000, 200000, 54000000, 3572.0215, 0.15, 79321380, 188883890, 8616282, 5914382, 6088905, 5750776, 200000, 200000, 54000000, 3572.0215, 0.15, 79321380, 188883890, 8616282, 5914382, 6088905, 5750776, 200000, 200000, 54000000, 3572.0215, 0.15, 79321380, 188883890, 8616282, 5914382, 6088905, 5750776, 200000, 200000, 54000000, 3572.0215, 0.15, 79321380, 188883890, 8616282, 5914382, 6088905, 5750776, 200000, 200000, 54000000, 3572.0215, 0.15, 79321380, 188883890, 8616282, 5914382, 6088905, 5750776, 200000, 200000, 54000000, 3572.0215, 0.15, 79321380, 188883890, 8616282, 5914382, 6088905, 5750776, 200000, 200000, 54000000, 3572.0215, 0.15, 79321380, 188883890, 8616282, 5914382, 6088905, 5750776, 200000, 200000, 54000000, 3572.0215, 0.15, 79321380, 188883890, 8616282, 5914382, 6088905, 5750776, 200000, 200000, 54000000, 3572.0215, 0.15, 79321380, 188883890, 8616282, 5914382, 6088905, 5750776, 200000, 200000, 54000000, 3572.0215, 0.15, 79321380, 188883890, 8616282, 5914382, 6088905, 5750776, 200000, 200000, 54000000, 3572.0215, 0.15, 79321380, 188883890, 8616282, 5914382, 6088905, 5750776, 200000, 200000, 54000000, 3572.0215, 0.15, 79321380, 188883890, 8616282, 5914382, 6088905, 5750776, 200000, 200000, 54000000, 3572.0215, 0.15, 79321380, 188883890, 8616282, 5914382, 6088905, 5750776, 200000, 200000, 54000000, 3572.0215, 0.15, 79321380, 188883890, 8616282, 5914382, 6088905, 5750776, 200000, 200000, 54000000, 3572.0215, 0.15, 79321380, 188883890, 8616282, 5914382, 6088905, 5750776, 200000, 200000, 54000000, 3572.0215, 0.15, 79321380, 188883890, 8616282, 5914382, 6088905, 5750776, 200000, 200000, 54000000, 3572.0215, 0.15, 79321380, 188883890, 8616282, 5914382, 6088905, 5750776, 200000, 200000, 54000000, 3572.0215, 0.15, 79321380, 188883890, 8616282, 5914382, 6088905, 5750776, 200000, 200000, 54000000, 3572.0215, 0.15, 79321380, 188883890, 8616282, 5914382, 6088905, 5750776, 200000, 200000, 54000000, 3572.0215, 0.15, 79321380, 188883890, 8616282, 5914382, 6088905, 5750776, 200000, 200000, 54000000, 3572.0215, 0.15, 79321380, 188883890, 8616282, 5914382, 6088905, 5750776, 200000, 200000, 54000000, 3572.0215, 0.15, 79321380, 188883890, 8616282, 5914382, 6088905, 5750776, 200000, 200000, 54000000, 3572.0215, 0.15, 79321380, 188883890, 8616282, 5914382, 6088905, 5750776, 200000, 200000, 54000000, 3572.0215, 0.15, 79321380, 188883890, 8616282, 5914382, 6088905, 5750776, 200000, 200000, 54000000, 3572.0215, 0.15, 79321380, 188883890, 8616282, 5914382, 6088905, 5750776, 200000, 200000, 54000000, 3572.0215, 0.15, 79321380, 188883890, 8616282, 5914382, 6088905, 5750776, 200000, 200000, 54000000, 3572.0215, 0.15, 79321380, 188883890, 8616282, 5914382, 6088905, 5750776, 200000, 200000, 54000000, 3572.0215, 0.15, 79321380, 188883890, 8616282, 5914382, 6088905, 5750776, 200000, 200000, 54000000, 3572.0215, 0.15, 79321380, 188883890, 8616282, 5914382, 6088905, 5750776, 200000, 200000, 54000000, 3572.0215, 0.15, 79321380, 188883890, 8616282, 5914382, 6088905, 5750776, 200000, 200000, 54000000, 3572.0215, 0.15, 79321380, 188883890, 8616282, 5914382, 6088905, 5750776, 200000, 200000, 54000000, 3572.0215, 0.15, 79321380, 188883890, 8616282, 5914382, 6088905, 5750776, 200000, 200000, 54000000, 3572.0215, 0.15, 79321380, 188883890, 8616282, 5914382, 6088905, 5750776, 200000, 200000, 54000000, 3572.0215, 0.15, 79321380, 188883890, 8616282, 5914382, 6088905, 5750776, 200000, 200000, 54000000, 3572.0215, 0.15, 79321380, 188883890, 8616282, 5914382, 6088905, 5750776, 200000, 200000, 54000000, 3572.0215, 0.15, 79321380, 188883890, 8616282, 5914382, 6088905, 5750776, 200000, 200000, 54000000, 3572.0215, 0.15, 79321380, 188883890, 8616282, 5914382, 6088905, 5750776, 200000, 200000, 54000000, 3572.0215, 0.15, 79321380, 188883890, 8616282, 5914382, 6088905, 5750776, 200000, 200000, 54000000, 3572.0215, 0.15, 79321380, 188883890, 8616282, 5914382, 6088905, 5750776, 200000, 200000, 54000000, 3572.0215, 0.15, 79321380, 188883890, 8616282, 5914382, 6088905, 5750776, 200000, 200000, 54000000, 3572.0215, 0.15, 79321380, 188883890, 8616282, 5914382, 6088905, 5750776, 200000, 200000, 54000000, 3572.0215, 0.15, 79321380, 188883890, 8616282, 5914382, 6088905, 5750776, 200000, 200000, 54000000, 3572.0215, 0.15, 79321380, 188883890, 8616282, 5914382, 6088905, 5750776, 200000, 200000, 54000000, 3572.0215, 0.15, 79321380, 188883890, 8616282, 5914382, 6088905, 5750776, 200000, 200000, 54000000, 3572.0215, 0.15, 79321380, 188883890, 8616282, 5914382, 6088905, 5750776, 200000, 200000, 54000000, 3572.0215, 0.15, 79321380, 188883890, 8616282, 5914382, 6088905, 5750776, 200000, 200000, 54000000, 3572.0215, 0.15, 79321380, 188883890, 8616282, 5914382, 6088905, 5750776, 200000, 200000, 54000000, 3572.0215, 0.15, 79321380, 188883890, 8616282, 5914382, 6088905, 5750776, 200000, 200000, 54000000, 3572.0215, 0.15, 79321380, 188883890, 8616282, 5914382, 6088905, 5750776, 200000, 200000, 54000000, 3572.0215, 0.15, 79321380, 188883890, 8616282, 5914382, 6088905, 5750776, 200000, 200000, 54000000, 3572.0215, 0.15, 79321380, 188883890, 8616282, 5914382, 6088905, 5750776, 200000, 200000, 54000000, 3572.0215, 0.15, 79321380, 188883890, 8616282, 5914382, 6088905, 5750776, 200000, 200000, 54000000, 3572.0215, 0.15, 79321380, 188883890, 8616282, 5914382, 6088905, 5750776, 200000, 200000, 54000000, 3572.0215, 0.15, 79321380, 188883890, 8616282, 5914382, 6088905, 5750776, 200000, 200000, 54000000, 3572.0215, 0.15, 79321380, 188883890, 8616282, 5914382, 6088905, 5750776, 200000, 200000, 54000000, 3572.0215, 0.15, 79321380, 188883890, 8616282, 5914382, 6088905, 5750776, 200000, 200000, 54000000, 3572.0215, 0.15, 79321380, 188883890, 8616282, 5914382, 6088905, 5750776, 200000, 200000, 54000000, 3572.0215, 0.15, 79321380, 188883890, 8616282, 5914382, 6088905, 5750776, 200000, 200000, 54000000, 3572.0215, 0.15, 79321380, 188883890, 8616282, 5914382, 6088905, 5750776, 200000, 200000, 54000000, 3572.0215, 0.15, 79321380, 188883890, 8616282, 5914382, 6088905, 5750776, 200000, 200000, 54000000, 3572.0215, 0.15, 79321380, 188883890, 8616282, 5914382, 6088905, 5750776, 200000, 200000, 54000000, 3572.0215, 0.15, 79321380, 188883890, 8616282, 5914382, 6088905, 5750776, 200000, 200000, 54000000, 3572.0215, 0.15, 79321380, 188883890, 8616282, 5914382, 6088905, 5750776, 200000, 200000, 54000000, 3572.0215, 0.15, 79321380, 188883890, 8616282, 5914382, 6088905, 5750776, 200000, 200000, 54000000, 3572.0215, 0.15, 79321380, 188883890, 8616282, 5914382, 6088905, 5750776, 200000, 200000, 54000000, 3572.0215, 0.15, 79321380, 188883890, 8616282, 5914382, 6088905, 5750776, 200000, 200000, 54000000, 3572.0215, 0.15, 79321380, 188883890, 8616282, 5914382, 6088905, 5750776, 200000, 200000, 54000000, 3572.0215, 0.15, 79321380, 188883890, 8616282, 5914382, 6088905, 5750776, 200000, 200000, 54000000, 3572.0215, 0.15, 79321380, 188883890, 8616282, 5914382, 6088905, 5750776, 200000, 200000, 54000000, 3572.0215, 0.15, 79321380, 188883890, 8616282, 5914382, 6088905, 5750776, 200000, 200000, 54000000, 3572.0215, 0.15, 79321380, 188883890, 8616282, 5914382, 6088905, 5750776, 200000, 200000, 54000000, 3572.0215, 0.15, 79321380, 188883890, 8616282, 5914382, 6088905, 5750776, 200000, 200000, 54000000, 3572.0215, 0.15, 79321380, 188883890, 8616282, 5914382, 6088905, 5750776, 200000, 200000, 54000000, 3572.0215, 0.15, 79321380, 188883890, 8616282, 5914382, 6088905, 5750776, 200000, 200000, 54000000, 3572.0215, 0.15, 79321380, 188883890, 8616282, 5914382, 6088905, 5750776, 200000, 200000, 54000000, 3572.0215, 0.15, 79321380, 188883890, 8616282, 5914382, 6088905, 5750776, 200000, 200000, 54000000, 3572.0215, 0.15, 79321380, 188883890, 8616282, 5914382, 6088905, 5750776, 200000, 200000, 54000000, 3572.0215, 0.15, 79321380, 188883890, 8616282, 5914382, 6088905, 5750776, 200000, 200000, 54000000, 3572.0215, 0.15, 79321380, 188883890, 8616282, 5914382, 6088905, 5750776, 200000, 200000, 54000000, 3572.0215, 0.15, 79321380, 188883890, 8616282, 5914382, 6088905, 5750776, 200000, 200000, 54000000, 3572.0215, 0.15, 79321380, 188883890, 8616282, 5914382, 6088905, 5750776, 200000, 200000, 54000000, 3572.0215, 0.15, 79321380, 188883890, 8616282, 5914382, 6088905, 5750776, 200000, 200000, 54000000, 3572.0215, 0.15, 79321380, 188883890, 8616282, 5914382, 6088905, 5750776, 200000, 200000, 54000000, 3572.0215, 0.15, 79321380, 188883890, 8616282, 5914382, 6088905, 5750776, 200000, 200000, 54000000, 3572.0215, 0.15, 79321380, 188883890, 8616282, 5914382, 6088905, 5750776, 200000, 200000, 54000000, 3572.0215, 0.15, 79321380, 188883890, 8616282, 5914382, 6088905, 5750776, 200000, 200000, 54000000, 3572.0215, 0.15, 79321380, 188883890, 8616282, 5914382, 6088905, 5750776, 200000, 200000, 54000000, 3572.0215, 0.15, 79321380, 188883890, 8616282, 5914382, 6088905, 5750776, 200000, 200000, 54000000, 3572.0215, 0.15, 79321380, 188883890, 8616282, 5914382, 6088905, 5750776, 200000, 200000, 54000000, 3572.0215, 0.15, 79321380, 188883890, 8616282, 5914382, 6088905, 5750776, 200000, 200000, 54000000, 3572.0215, 0.15, 79321380, 188883890, 8616282, 5914382, 6088905, 5750776, 200000, 200000, 54000000, 3572.0215, 0.15, 79321380, 188883890, 8616282, 5914382, 6088905, 5750776, 200000, 200000, 54000000, 3572.0215, 0.15, 79321380, 188883890, 8616282, 5914382, 6088905, 5750776, 200000, 200000, 54000000, 3572.0215, 0.15, 79321380, 188883890, 8616282, 5914382, 6088905, 5750776, 200000, 200000, 54000000, 3572.0215, 0.15, 79321380, 188883890, 8616282, 5914382, 6088905, 5750776, 200000, 200000, 54000000, 3572.0215, 0.15, 79321380, 188883890, 8616282, 5914382, 6088905, 5750776, 200000, 200000, 54000000, 3572.0215, 0.15, 79321380, 188883890, 8616282, 5914382, 6088905, 5750776, 200000, 200000, 54000000, 3572.0215, 0.15, 79321380, 188883890, 8616282, 5914382, 6088905, 5750776, 200000, 200000, 54000000, 3572.0215, 0.15, 79321380, 188883890, 8616282, 5914382, 6088905, 5750776, 200000, 200000, 54000000, 3572.0215, 0.15, 79321380, 188883890, 8616282, 5914382, 6088905, 5750776, 200000, 200000, 54000000, 3572.0215, 0.15, 79321380, 188883890, 8616282, 5914382, 6088905, 5750776, 200000, 200000, 54000000, 3572.0215, 0.15, 79321380, 188883890, 8616282, 5914382, 6088905, 5750776, 200000, 200000, 54000000, 3572.0215, 0.15, 79321380, 188883890, 8616282, 5914382, 6088905, 5750776, 200000, 200000, 54000000, 3572.0215, 0.15, 79321380, 188883890, 8616282, 5914382, 6088905, 5750776, 200000, 200000, 54000000, 3572.0215, 0.15, 79321380, 188883890, 8616282, 5914382, 6088905, 5750776, 200000, 200000, 54000000, 3572.0215, 0.15, 79321380, 188883890, 8616282, 5914382, 6088905, 5750776, 200000, 200000, 54000000, 3572.0215, 0.15, 79321380, 188883890, 8616282, 5914382, 6088905, 5750776, 200000, 200000, 54000000, 3572.0215, 0.15, 79321380, 188883890, 8616282, 5914382, 6088905, 5750776, 200000, 200000, 54000000, 3572.0215, 0.15, 79321380, 188883890, 8616282, 5914382, 6088905, 5750776, 200000, 200000, 54000000, 3572.0215, 0.15, 79321380, 188883890, 8616282, 5914382, 6088905, 5750776, 200000, 200000, 54000000, 3572.0215, 0.15, 79321380, 188883890, 8616282, 5914382, 6088905, 5750776, 200000, 200000, 54000000, 3572.0215, 0.15, 79321380, 188883890, 8616282, 5914382, 6088905, 5750776, 200000, 200000, 54000000, 3572.0215, 0.15, 79321380, 188883890, 8616282, 5914382, 6088905, 5750776, 200000, 200000, 54000000, 3572.0215, 0.15, 79321380, 188883890, 8616282, 5914382, 6088905, 5750776, 200000, 200000, 54000000, 3572.0215, 0.15, 79321380, 188883890, 8616282, 5914382, 6088905, 5750776, 200000, 200000, 54000000, 3572.0215, 0.15, 79321380, 188883890, 8616282, 5914382, 6088905, 5750776, 200000, 200000, 54000000, 3572.0215, 0.15, 79321380, 188883890, 8616282, 5914382, 6088905, 5750776, 200000, 200000, 54000000, 3572.0215, 0.15, 79321380, 188883890, 8616282, 5914382, 6088905, 5750776, 200000, 200000, 54000000, 3572.0215, 0.15, 79321380, 188883890, 8616282, 5914382, 6088905, 5750776, 200000, 200000, 54000000, 3572.0215, 0.15, 79321380, 188883890, 8616282, 5914382, 6088905, 5750776, 200000, 200000, 54000000, 3572.0215, 0.15, 79321380, 188883890, 8616282, 5914382, 6088905, 5750776, 200000, 200000, 54000000, 3572.0215, 0.15, 79321380, 188883890, 8616282, 5914382, 6088905, 5750776, 200000, 200000, 54000000, 3572.0215, 0.15, 79321380, 188883890, 8616282, 5914382, 6088905, 5750776, 200000, 200000, 54000000, 3572.0215, 0.15, 79321380, 188883890, 8616282, 5914382, 6088905, 5750776, 200000, 200000, 54000000, 3572.0215, 0.15, 79321380, 188883890, 8616282, 5914382, 6088905, 5750776, 200000, 200000, 54000000, 3572.0215, 0.15, 79321380, 188883890, 8616282, 5914382, 6088905, 5750776, 200000, 200000, 54000000, 3572.0215, 0.15, 79321380, 188883890, 8616282, 5914382, 6088905, 5750776, 200000, 200000, 54000000, 3572.0215, 0.15, 79321380, 188883890, 8616282, 5914382, 6088905, 5750776, 200000, 200000, 54000000, 3572.0215, 0.15, 79321380, 188883890, 8616282, 5914382, 6088905, 5750776, 200000, 200000, 54000000, 3572.0215, 0.15, 79321380, 188883890, 8616282, 5914382, 6088905, 5750776, 200000, 200000, 54000000, 3572.0215, 0.15, 79321380, 188883890, 8616282, 5914382, 6088905, 5750776, 200000, 200000, 54000000, 3572.0215, 0.15, 79321380, 188883890, 8616282, 5914382, 6088905, 5750776, 200000, 200000, 54000000, 3572.0215, 0.15, 79321380, 188883890, 8616282, 5914382, 6088905, 5750776, 200000, 200000, 54000000, 3572.0215, 0.15, 79321380, 188883890, 8616282, 5914382, 6088905, 5750776, 200000, 200000, 54000000, 3572.0215, 0.15, 79321380, 188883890, 8616282, 5914382, 6088905, 5750776, 200000, 200000, 54000000, 3572.0215, 0.15, 79321380, 188883890, 8616282, 5914382, 6088905, 5750776, 200000, 200000, 54000000, 3572.0215, 0.15, 79321380, 188883890, 8616282, 5914382, 6088905, 5750776, 200000, 200000, 54000000, 3572.0215, 0.15, 79321380, 188883890, 8616282, 5914382, 6088905, 5750776, 200000, 200000, 54000000, 3572.0215, 0.15, 79321380, 188883890, 8616282, 5914382, 6088905, 5750776, 200000, 200000, 54000000, 3572.0215, 0.15, 79321380, 188883890, 8616282, 5914382, 6088905, 5750776, 200000, 200000, 54000000, 3572.0215, 0.15, 79321380, 188883890, 8616282, 5914382, 6088905, 5750776, 200000, 200000, 54000000, 3572.0215, 0.15, 79321380, 188883890, 8616282, 5914382, 6088905, 5750776, 200000, 200000, 54000000, 3572.0215, 0.15, 79321380, 188883890, 8616282, 5914382, 6088905, 5750776, 200000, 200000, 54000000, 3572.0215, 0.15, 79321380, 188883890, 8616282, 5914382, 6088905, 5750776, 200000, 200000, 54000000, 3572.0215, 0.15, 79321380, 188883890, 8616282, 5914382, 6088905, 5750776, 200000, 200000, 54000000, 3572.0215, 0.15, 79321380, 188883890, 8616282, 5914382, 6088905, 5750776, 200000, 200000, 54000000, 3572.0215, 0.15, 79321380, 188883890, 8616282, 5914382, 6088905, 5750776, 200000, 200000, 54000000, 3572.0215, 0.15, 79321380, 188883890, 8616282, 5914382, 6088905, 5750776, 200000, 200000, 54000000, 3572.0215, 0.15, 79321380, 188883890, 8616282, 5914382, 6088905, 5750776, 200000, 200000, 54000000, 3572.0215, 0.15, 79321380, 188883890, 8616282, 5914382, 6088905, 5750776, 200000, 200000, 54000000, 3572.0215, 0.15, 79321380, 188883890, 8616282, 5914382, 6088905, 5750776, 200000, 200000, 54000000, 3572.0215, 0.15, 79321380, 188883890, 8616282, 5914382, 6088905, 5750776, 200000, 200000, 54000000, 3572.0215, 0.15, 79321380, 188883890, 8616282, 5914382, 6088905, 5750776, 200000, 200000, 54000000, 3572.0215, 0.15, 79321380, 188883890, 8616282, 5914382, 6088905, 5750776, 200000, 200000, 54000000, 3572.0215, 0.15, 79321380, 188883890, 8616282, 5914382, 6088905, 5750776, 200000, 200000, 54000000, 3572.0215, 0.15, 79321380, 188883890, 8616282, 5914382, 6088905, 5750776, 200000, 200000, 54000000, 3572.0215, 0.15, 79321380, 188883890, 8616282, 5914382, 6088905, 5750776, 200000, 200000, 54000000, 3572.0215, 0.15, 79321380, 188883890, 8616282, 5914382, 6088905, 5750776, 200000, 200000, 54000000, 3572.0215, 0.15, 79321380, 188883890, 8616282, 5914382, 6088905, 5750776, 200000, 200000, 54000000, 3572.0215, 0.15, 79321380, 188883890, 8616282, 5914382, 6088905, 5750776, 200000, 200000, 54000000, 3572.0215, 0.15, 79321380, 188883890, 8616282, 5914382, 6088905, 5750776, 200000, 200000, 54000000, 3572.0215, 0.15, 79321380, 188883890, 8616282, 5914382, 6088905, 5750776, 200000, 200000, 54000000, 3572.0215, 0.15, 79321380, 188883890, 8616282, 5914382, 6088905, 5750776, 200000, 200000, 54000000, 3572.0215, 0.15, 79321380, 188883890, 8616282, 5914382, 6088905, 5750776, 200000, 200000, 54000000, 3572.0215, 0.15, 79321380, 188883890, 8616282, 5914382, 6088905, 5750776, 200000, 200000, 54000000, 3572.0215, 0.15, 79321380, 188883890, 8616282, 5914382, 6088905, 5750776, 200000, 200000, 54000000, 3572.0215, 0.15, 79321380, 188883890, 8616282, 5914382, 6088905, 5750776, 200000, 200000, 54000000, 3572.0215, 0.15, 79321380, 188883890, 8616282, 5914382, 6088905, 5750776, 200000, 200000, 54000000, 3572.0215, 0.15, 79321380, 188883890, 8616282, 5914382, 6088905, 5750776, 200000, 200000, 54000000, 3572.0215, 0.15, 79321380, 188883890, 8616282, 5914382, 6088905, 5750776, 200000, 200000, 54000000, 3572.0215, 0.15, 79321380, 188883890, 8616282, 5914382, 6088905, 5750776, 200000, 200000, 54000000, 3572.0215, 0.15, 79321380, 188883890, 8616282, 5914382, 6088905, 5750776, 200000, 200000, 54000000, 3572.0215, 0.15, 79321380, 188883890, 8616282, 5914382, 6088905, 5750776, 200000, 200000, 54000000, 3572.0215, 0.15, 79321380, 188883890, 8616282, 5914382, 6088905, 5750776, 200000, 200000, 54000000, 3572.0215, 0.15, 79321380, 188883890, 8616282, 5914382, 6088905, 5750776, 200000, 200000, 54000000, 3572.0215, 0.15, 79321380, 188883890, 8616282, 5914382, 6088905, 5750776, 200000, 200000, 54000000, 3572.0215, 0.15, 79321380, 188883890, 8616282, 5914382, 6088905, 5750776, 200000, 200000, 54000000, 3572.0215, 0.15, 79321380, 188883890, 8616282, 5914382, 6088905, 5750776, 200000, 200000, 54000000, 3572.0215, 0.15, 79321380, 188883890, 8616282, 5914382, 6088905, 5750776, 200000, 200000, 54000000, 3572.0215, 0.15, 79321380, 188883890, 8616282, 5914382, 6088905, 5750776, 200000, 200000, 54000000, 3572.0215, 0.15, 79321380, 188883890, 8616282, 5914382, 6088905, 5750776, 200000, 200000, 54000000, 3572.0215, 0.15, 79321380, 188883890, 8616282, 5914382, 6088905, 5750776, 200000, 200000, 54000000, 3572.0215, 0.15, 79321380, 188883890, 8616282, 5914382, 6088905, 5750776, 200000, 200000, 54000000, 3572.0215, 0.15, 79321380, 188883890, 8616282, 5914382, 6088905, 5750776, 200000, 200000, 54000000, 3572.0215, 0.15, 79321380, 188883890, 8616282, 5914382, 6088905, 5750776, 200000, 200000, 54000000, 3572.0215, 0.15, 79321380, 188883890, 8616282, 5914382, 6088905, 5750776, 200000, 200000, 54000000, 3572.0215, 0.15, 79321380, 188883890, 8616282, 5914382, 6088905, 5750776, 200000, 200000, 54000000, 3572.0215, 0.15, 79321380, 188883890, 8616282, 5914382, 6088905, 5750776, 200000, 200000, 54000000, 3572.0215, 0.15, 79321380, 188883890, 8616282, 5914382, 6088905, 5750776, 200000, 200000, 54000000, 3572.0215, 0.15, 79321380, 188883890, 8616282, 5914382, 6088905, 5750776, 200000, 200000, 54000000, 3572.0215, 0.15, 79321380, 188883890, 8616282, 5914382, 6088905, 5750776, 200000, 200000, 54000000, 3572.0215, 0.15, 79321380, 188883890, 8616282, 5914382, 6088905, 5750776, 200000, 200000, 54000000, 3572.0215, 0.15, 79321380, 188883890, 8616282, 5914382, 6088905, 5750776, 200000, 200000, 54000000, 3572.0215, 0.15, 79321380, 188883890, 8616282, 5914382, 6088905, 5750776, 200000, 200000, 54000000, 3572.0215, 0.15, 79321380, 188883890, 8616282, 5914382, 6088905, 5750776, 200000, 200000, 54000000, 3572.0215, 0.15, 79321380, 188883890, 8616282, 5914382, 6088905, 5750776, 200000, 200000, 54000000, 3572.0215, 0.15, 79321380, 188883890, 8616282, 5914382, 6088905, 5750776, 200000, 200000, 54000000, 3572.0215, 0.15, 79321380, 188883890, 8616282, 5914382, 6088905, 5750776, 200000, 200000, 54000000, 3572.0215, 0.15, 79321380, 188883890, 8616282, 5914382, 6088905, 5750776, 200000, 200000, 54000000, 3572.0215, 0.15, 79321380, 188883890, 8616282, 5914382, 6088905, 5750776, 200000, 200000, 54000000, 3572.0215, 0.15, 79321380, 188883890, 8616282, 5914382, 6088905, 5750776, 200000, 200000, 54000000, 3572.0215, 0.15, 79321380, 188883890, 8616282, 5914382, 6088905, 5750776, 200000, 200000, 54000000, 3572.0215, 0.15, 79321380, 188883890, 8616282, 5914382, 6088905, 5750776, 200000, 200000, 54000000, 3572.0215, 0.15, 79321380, 188883890, 8616282, 5914382, 6088905, 5750776, 200000, 200000, 54000000, 3572.0215, 0.15, 79321380, 188883890, 8616282, 5914382, 6088905, 5750776, 200000, 200000, 54000000, 3572.0215, 0.15, 79321380, 188883890, 8616282, 5914382, 6088905, 5750776, 200000, 200000, 54000000, 3572.0215, 0.15, 79321380, 188883890, 8616282, 5914382, 6088905, 5750776, 200000, 200000, 54000000, 3572.0215, 0.15, 79321380, 188883890, 8616282, 5914382, 6088905, 5750776, 200000, 200000, 54000000, 3572.0215, 0.15, 79321380, 188883890, 8616282, 5914382, 6088905, 5750776, 200000, 200000, 54000000, 3572.0215, 0.15, 79321380, 188883890, 8616282, 5914382, 6088905, 5750776, 200000, 200000, 54000000, 3572.0215, 0.15, 79321380, 188883890, 8616282, 5914382, 6088905, 5750776, 200000, 200000, 54000000, 3572.0215, 0.15, 79321380, 188883890, 8616282, 5914382, 6088905, 5750776, 200000, 200000, 54000000, 3572.0215, 0.15, 79321380, 188883890, 8616282, 5914382, 6088905, 5750776, 200000, 200000, 54000000, 3572.0215, 0.15, 79321380, 188883890, 8616282, 5914382, 6088905, 5750776, 200000, 200000, 54000000, 3572.0215, 0.15, 79321380, 188883890, 8616282, 5914382, 6088905, 5750776, 200000, 200000, 54000000, 3572.0215, 0.15, 79321380, 188883890, 8616282, 5914382, 6088905, 5750776, 200000, 200000, 54000000, 3572.0215, 0.15, 79321380, 188883890, 8616282, 5914382, 6088905, 5750776, 200000, 200000, 54000000, 3572.0215, 0.15, 79321380, 188883890, 8616282, 5914382, 6088905, 5750776, 200000, 200000, 54000000, 3572.0215, 0.15, 79321380, 188883890, 8616282, 5914382, 6088905, 5750776, 200000, 200000, 54000000, 3572.0215, 0.15, 79321380, 188883890, 8616282, 5914382, 6088905, 5750776, 200000, 200000, 54000000, 3572.0215, 0.15, 79321380, 188883890, 8616282, 5914382, 6088905, 5750776, 200000, 200000, 54000000, 3572.0215, 0.15, 79321380, 188883890, 8616282, 5914382, 6088905, 5750776, 200000, 200000, 54000000, 3572.0215, 0.15, 79321380, 188883890, 8616282, 5914382, 6088905, 5750776, 200000, 200000, 54000000, 3572.0215, 0.15, 79321380, 188883890, 8616282, 5914382, 6088905, 5750776, 200000, 200000, 54000000, 3572.0215, 0.15, 79321380, 188883890, 8616282, 5914382, 6088905, 5750776, 200000, 200000, 54000000, 3572.0215, 0.15, 79321380, 188883890, 8616282, 5914382, 6088905, 5750776, 200000, 200000, 54000000, 3572.0215, 0.15, 79321380, 188883890, 8616282, 5914382, 6088905, 5750776, 200000, 200000, 54000000, 3572.0215, 0.15, 79321380, 188883890, 8616282, 5914382, 6088905, 5750776, 200000, 200000, 54000000, 3572.0215, 0.15, 79321380, 188883890, 8616282, 5914382, 6088905, 5750776, 200000, 200000, 54000000, 3572.0215, 0.15, 79321380, 188883890, 8616282, 5914382, 6088905, 5750776, 200000, 200000, 54000000, 3572.0215, 0.15, 79321380, 188883890, 8616282, 5914382, 6088905, 5750776, 200000, 200000, 54000000, 3572.0215, 0.15, 79321380, 188883890, 8616282, 5914382, 6088905, 5750776, 200000, 200000, 54000000, 3572.0215, 0.15, 79321380, 188883890, 8616282, 5914382, 6088905, 5750776, 200000, 200000, 54000000, 3572.0215, 0.15, 79321380, 188883890, 8616282, 5914382, 6088905, 5750776, 200000, 200000, 54000000, 3572.0215, 0.15, 79321380, 188883890, 8616282, 5914382, 6088905, 5750776, 200000, 200000, 54000000, 3572.0215, 0.15, 79321380, 188883890, 8616282, 5914382, 6088905, 5750776, 200000, 200000, 54000000, 3572.0215, 0.15, 79321380, 188883890, 8616282, 5914382, 6088905, 5750776, 200000, 200000, 54000000, 3572.0215, 0.15, 79321380, 188883890, 8616282, 5914382, 6088905, 5750776, 200000, 200000, 54000000, 3572.0215, 0.15, 79321380, 188883890, 8616282, 5914382, 6088905, 5750776, 200000, 200000, 54000000, 3572.0215, 0.15, 79321380, 188883890, 8616282, 5914382, 6088905, 5750776, 200000, 200000, 54000000, 3572.0215, 0.15, 79321380, 188883890, 8616282, 5914382, 6088905, 5750776, 200000, 200000, 54000000, 3572.0215, 0.15, 79321380, 188883890, 8616282, 5914382, 6088905, 5750776, 200000, 200000, 54000000, 3572.0215, 0.15, 79321380, 188883890, 8616282, 5914382, 6088905, 5750776, 200000, 200000, 54000000, 3572.0215, 0.15, 79321380, 188883890, 8616282, 5914382, 6088905, 5750776, 200000, 200000, 54000000, 3572.0215, 0.15, 79321380, 188883890, 8616282, 5914382, 6088905, 5750776, 200000, 200000, 54000000, 3572.0215, 0.15, 79321380, 188883890, 8616282, 5914382, 6088905, 5750776, 200000, 200000, 54000000, 3572.0215, 0.15, 79321380, 188883890, 8616282, 5914382, 6088905, 5750776, 200000, 200000, 54000000, 3572.0215, 0.15, 79321380, 188883890, 8616282, 5914382, 6088905, 5750776, 200000, 200000, 54000000, 3572.0215, 0.15, 79321380, 188883890, 8616282, 5914382, 6088905, 5750776, 200000, 200000, 54000000, 3572.0215, 0.15, 79321380, 188883890, 8616282, 5914382, 6088905, 5750776, 200000, 200000, 54000000, 3572.0215, 0.15, 79321380, 188883890, 8616282, 5914382, 6088905, 5750776, 200000, 200000, 54000000, 3572.0215, 0.15, 79321380, 188883890, 8616282, 5914382, 6088905, 5750776, 200000, 200000, 54000000, 3572.0215, 0.15, 79321380, 188883890, 8616282, 5914382, 6088905, 5750776, 200000, 200000, 54000000, 3572.0215, 0.15, 79321380, 188883890, 8616282, 5914382, 6088905, 5750776, 200000, 200000, 54000000, 3572.0215, 0.15, 79321380, 188883890, 8616282, 5914382, 6088905, 5750776, 200000, 200000, 54000000, 3572.0215, 0.15, 79321380, 188883890, 8616282, 5914382, 6088905, 5750776, 200000, 200000, 54000000, 3572.0215, 0.15, 79321380, 188883890, 8616282, 5914382, 6088905, 5750776, 200000, 200000, 54000000, 3572.0215, 0.15, 79321380, 188883890, 8616282, 5914382, 6088905, 5750776, 200000, 200000, 54000000, 3572.0215, 0.15, 79321380, 188883890, 8616282, 5914382, 6088905, 5750776, 200000, 200000, 54000000, 3572.0215, 0.15, 79321380, 188883890, 8616282, 5914382, 6088905, 5750776, 200000, 200000, 54000000, 3572.0215, 0.15, 79321380, 188883890, 8616282, 5914382, 6088905, 5750776, 200000, 200000, 54000000, 3572.0215, 0.15, 79321380, 188883890, 8616282, 5914382, 6088905, 5750776, 200000, 200000, 54000000, 3572.0215, 0.15, 79321380, 188883890, 8616282, 5914382, 6088905, 5750776, 200000, 200000, 54000000, 3572.0215, 0.15, 79321380, 188883890, 8616282, 5914382, 6088905, 5750776, 200000, 200000, 54000000, 3572.0215, 0.15, 79321380, 188883890, 8616282, 5914382, 6088905, 5750776, 200000, 200000, 54000000, 3572.0215, 0.15, 79321380, 188883890, 8616282, 5914382, 6088905, 5750776, 200000, 200000, 54000000, 3572.0215, 0.15, 79321380, 188883890, 8616282, 5914382, 6088905, 5750776, 200000, 200000, 54000000, 3572.0215, 0.15, 79321380, 188883890, 8616282, 5914382, 6088905, 5750776, 200000, 200000, 54000000, 3572.0215, 0.15, 79321380, 188883890, 8616282, 5914382, 6088905, 5750776, 200000, 200000, 54000000, 3572.0215, 0.15, 79321380, 188883890, 8616282, 5914382, 6088905, 5750776, 200000, 200000, 54000000, 3572.0215, 0.15, 79321380, 188883890, 8616282, 5914382, 6088905, 5750776, 200000, 200000, 54000000, 3572.0215, 0.15, 79321380, 188883890, 8616282, 5914382, 6088905, 5750776, 200000, 200000, 54000000, 3572.0215, 0.15, 79321380, 188883890, 8616282, 5914382, 6088905, 5750776, 200000, 200000, 54000000, 3572.0215, 0.15, 79321380, 188883890, 8616282, 5914382, 6088905, 5750776, 200000, 200000, 54000000, 3572.0215, 0.15, 79321380, 188883890, 8616282, 5914382, 6088905, 5750776, 200000, 200000, 54000000, 3572.0215, 0.15, 79321380, 188883890, 8616282, 5914382, 6088905, 5750776, 200000, 200000, 54000000, 3572.0215, 0.15, 79321380, 188883890, 8616282, 5914382, 6088905, 5750776, 200000, 200000, 54000000, 3572.0215, 0.15, 79321380, 188883890, 8616282, 5914382, 6088905, 5750776, 200000, 200000, 54000000, 3572.0215, 0.15, 79321380, 188883890, 8616282, 5914382, 6088905, 5750776, 200000, 200000, 54000000, 3572.0215, 0.15, 79321380, 188883890, 8616282, 5914382, 6088905, 5750776, 200000, 200000, 54000000, 3572.0215, 0.15, 79321380, 188883890, 8616282, 5914382, 6088905, 5750776, 200000, 200000, 54000000, 3572.0215, 0.15, 79321380, 188883890, 8616282, 5914382, 6088905, 5750776, 200000, 200000, 54000000, 3572.0215, 0.15, 79321380, 188883890, 8616282, 5914382, 6088905, 5750776, 200000, 200000, 54000000, 3572.0215, 0.15, 79321380, 188883890, 8616282, 5914382, 6088905, 5750776, 200000, 200000, 54000000, 3572.0215, 0.15, 79321380, 188883890, 8616282, 5914382, 6088905, 5750776, 200000, 200000, 54000000, 3572.0215, 0.15, 79321380, 188883890, 8616282, 5914382, 6088905, 5750776, 200000, 200000, 54000000, 3572.0215, 0.15, 79321380, 188883890, 8616282, 5914382, 6088905, 5750776, 200000, 200000, 54000000, 3572.0215, 0.15, 79321380, 188883890, 8616282, 5914382, 6088905, 5750776, 200000, 200000, 54000000, 3572.0215, 0.15, 79321380, 188883890, 8616282, 5914382, 6088905, 5750776, 200000, 200000, 54000000, 3572.0215, 0.15, 79321380, 188883890, 8616282, 5914382, 6088905, 5750776, 200000, 200000, 54000000, 3572.0215, 0.15, 79321380, 188883890, 8616282, 5914382, 6088905, 5750776, 200000, 200000, 54000000, 3572.0215, 0.15, 79321380, 188883890, 8616282, 5914382, 6088905, 5750776, 200000, 200000, 54000000, 3572.0215, 0.15, 79321380, 188883890, 8616282, 5914382, 6088905, 5750776, 200000, 200000, 54000000, 3572.0215, 0.15, 79321380, 188883890, 8616282, 5914382, 6088905, 5750776, 200000, 200000, 54000000, 3572.0215, 0.15, 79321380, 188883890, 8616282, 5914382, 6088905, 5750776, 200000, 200000, 54000000, 3572.0215, 0.15, 79321380, 188883890, 8616282, 5914382, 6088905, 5750776, 200000, 200000, 54000000, 3572.0215, 0.15, 79321380, 188883890, 8616282, 5914382, 6088905, 5750776, 200000, 200000, 54000000, 3572.0215, 0.15, 79321380, 188883890, 8616282, 5914382, 6088905, 5750776, 200000, 200000, 54000000, 3572.0215, 0.15, 79321380, 188883890, 8616282, 5914382, 6088905, 5750776, 200000, 200000, 54000000, 3572.0215, 0.15, 79321380, 188883890, 8616282, 5914382, 6088905, 5750776, 200000, 200000, 54000000, 3572.0215, 0.15, 79321380, 188883890, 8616282, 5914382, 6088905, 5750776, 200000, 200000, 54000000, 3572.0215, 0.15, 79321380, 188883890, 8616282, 5914382, 6088905, 5750776, 200000, 200000, 54000000, 3572.0215, 0.15, 79321380, 188883890, 8616282, 5914382, 6088905, 5750776, 200000, 200000, 54000000, 3572.0215, 0.15, 79321380, 188883890, 8616282, 5914382, 6088905, 5750776, 200000, 200000, 54000000, 3572.0215, 0.15, 79321380, 188883890, 8616282, 5914382, 6088905, 5750776, 200000, 200000, 54000000, 3572.0215, 0.15, 79321380, 188883890, 8616282, 5914382, 6088905, 5750776, 200000, 200000, 54000000, 3572.0215, 0.15, 79321380, 188883890, 8616282, 5914382, 6088905, 5750776, 200000, 200000, 54000000, 3572.0215, 0.15, 79321380, 188883890, 8616282, 5914382, 6088905, 5750776, 200000, 200000, 54000000, 3572.0215, 0.15, 79321380, 188883890, 8616282, 5914382, 6088905, 5750776, 200000, 200000, 54000000, 3572.0215, 0.15, 79321380, 188883890, 8616282, 5914382, 6088905, 5750776, 200000, 200000, 54000000, 3572.0215, 0.15, 79321380, 188883890, 8616282, 5914382, 6088905, 5750776, 200000, 200000, 54000000, 3572.0215, 0.15, 79321380, 188883890, 8616282, 5914382, 6088905, 5750776, 200000, 200000, 54000000, 3572.0215, 0.15, 79321380, 188883890, 8616282, 5914382, 6088905, 5750776, 200000, 200000, 54000000, 3572.0215, 0.15, 79321380, 188883890, 8616282, 5914382, 6088905, 5750776, 200000, 200000, 54000000, 3572.0215, 0.15, 79321380, 188883890, 8616282, 5914382, 6088905, 5750776, 200000, 200000, 54000000, 3572.0215, 0.15, 79321380, 188883890, 8616282, 5914382, 6088905, 5750776, 200000, 200000, 54000000, 3572.0215, 0.15, 79321380, 188883890, 8616282, 5914382, 6088905, 5750776, 200000, 200000, 54000000, 3572.0215, 0.15, 79321380, 188883890, 8616282, 5914382, 6088905, 5750776, 200000, 200000, 54000000, 3572.0215, 0.15, 79321380, 188883890, 8616282, 5914382, 6088905, 5750776, 200000, 200000, 54000000, 3572.0215, 0.15, 79321380, 188883890, 8616282, 5914382, 6088905, 5750776, 200000, 200000, 54000000, 3572.0215, 0.15, 79321380, 188883890, 8616282, 5914382, 6088905, 5750776, 200000, 200000, 54000000, 3572.0215, 0.15, 79321380, 188883890, 8616282, 5914382, 6088905, 5750776, 200000, 200000, 54000000, 3572.0215, 0.15, 79321380, 188883890, 8616282, 5914382, 6088905, 5750776, 200000, 200000, 54000000, 3572.0215, 0.15, 79321380, 188883890, 8616282, 5914382, 6088905, 5750776, 200000, 200000, 54000000, 3572.0215, 0.15, 79321380, 188883890, 8616282, 5914382, 6088905, 5750776, 200000, 200000, 54000000, 3572.0215, 0.15, 79321380, 188883890, 8616282, 5914382, 6088905, 5750776, 200000, 200000, 54000000, 3572.0215, 0.15, 79321380, 188883890, 8616282, 5914382, 6088905, 5750776, 200000, 200000, 54000000, 3572.0215, 0.15, 79321380, 188883890, 8616282, 5914382, 6088905, 5750776, 200000, 200000, 54000000, 3572.0215, 0.15, 79321380, 188883890, 8616282, 5914382, 6088905, 5750776, 200000, 200000, 54000000, 3572.0215, 0.15, 79321380, 188883890, 8616282, 5914382, 6088905, 5750776, 200000, 200000, 54000000, 3572.0215, 0.15, 79321380, 188883890, 8616282, 5914382, 6088905, 5750776, 200000, 200000, 54000000, 3572.0215, 0.15, 79321380, 188883890, 8616282, 5914382, 6088905, 5750776, 200000, 200000, 54000000, 3572.0215, 0.15, 79321380, 188883890, 8616282, 5914382, 6088905, 5750776, 200000, 200000, 54000000, 3572.0215, 0.15, 79321380, 188883890, 8616282, 5914382, 6088905, 5750776, 200000, 200000, 54000000, 3572.0215, 0.15, 79321380, 188883890, 8616282, 5914382, 6088905, 5750776, 200000, 200000, 54000000, 3572.0215, 0.15, 79321380, 188883890, 8616282, 5914382, 6088905, 5750776, 200000, 200000, 54000000, 3572.0215, 0.15, 79321380, 188883890, 8616282, 5914382, 6088905, 5750776, 200000, 200000, 54000000, 3572.0215, 0.15, 79321380, 188883890, 8616282, 5914382, 6088905, 5750776, 200000, 200000, 54000000, 3572.0215, 0.15, 79321380, 188883890, 8616282, 5914382, 6088905, 5750776, 200000, 200000, 54000000, 3572.0215, 0.15, 79321380, 188883890, 8616282, 5914382, 6088905, 5750776, 200000, 200000, 54000000, 3572.0215, 0.15, 79321380, 188883890, 8616282, 5914382, 6088905, 5750776, 200000, 200000, 54000000, 3572.0215, 0.15, 79321380, 188883890, 8616282, 5914382, 6088905, 5750776, 200000, 200000, 54000000, 3572.0215, 0.15, 79321380, 188883890, 8616282, 5914382, 6088905, 5750776, 200000, 200000, 54000000, 3572.0215, 0.15, 79321380, 188883890, 8616282, 5914382, 6088905, 5750776, 200000, 200000, 54000000, 3572.0215, 0.15, 79321380, 188883890, 8616282, 5914382, 6088905, 5750776, 200000, 200000, 54000000, 3572.0215, 0.15, 79321380, 188883890, 8616282, 5914382, 6088905, 5750776, 200000, 200000, 54000000, 3572.0215, 0.15, 79321380, 188883890, 8616282, 5914382, 6088905, 5750776, 200000, 200000, 54000000, 3572.0215, 0.15, 79321380, 188883890, 8616282, 5914382, 6088905, 5750776, 200000, 200000, 54000000, 3572.0215, 0.15, 79321380, 188883890, 8616282, 5914382, 6088905, 5750776, 200000, 200000, 54000000, 3572.0215, 0.15, 79321380, 188883890, 8616282, 5914382, 6088905, 5750776, 200000, 200000, 54000000, 3572.0215, 0.15, 79321380, 188883890, 8616282, 5914382, 6088905, 5750776, 200000, 200000, 54000000, 3572.0215, 0.15, 79321380, 188883890, 8616282, 5914382, 6088905, 5750776, 200000, 200000, 54000000, 3572.0215, 0.15, 79321380, 188883890, 8616282, 5914382, 6088905, 5750776, 200000, 200000, 54000000, 3572.0215, 0.15, 79321380, 188883890, 8616282, 5914382, 6088905, 5750776, 200000, 200000, 54000000, 3572.0215, 0.15, 79321380, 188883890, 8616282, 5914382, 6088905, 5750776, 200000, 200000, 54000000, 3572.0215, 0.15, 79321380, 188883890, 8616282, 5914382, 6088905, 5750776, 200000, 200000, 54000000, 3572.0215, 0.15, 79321380, 188883890, 8616282, 5914382, 6088905, 5750776, 200000, 200000, 54000000, 3572.0215, 0.15, 79321380, 188883890, 8616282, 5914382, 6088905, 5750776, 200000, 200000, 54000000, 3572.0215, 0.15, 79321380, 188883890, 8616282, 5914382, 6088905, 5750776, 200000, 200000, 54000000, 3572.0215, 0.15, 79321380, 188883890, 8616282, 5914382, 6088905, 5750776, 200000, 200000, 54000000, 3572.0215, 0.15, 79321380, 188883890, 8616282, 5914382, 6088905, 5750776, 200000, 200000, 54000000, 3572.0215, 0.15, 79321380, 188883890, 8616282, 5914382, 6088905, 5750776, 200000, 200000, 54000000, 3572.0215, 0.15, 79321380, 188883890, 8616282, 5914382, 6088905, 5750776, 200000, 200000, 54000000, 3572.0215, 0.15, 79321380, 188883890, 8616282, 5914382, 6088905, 5750776, 200000, 200000, 54000000, 3572.0215, 0.15, 79321380, 188883890, 8616282, 5914382, 6088905, 5750776, 200000, 200000, 54000000, 3572.0215, 0.15, 79321380, 188883890, 8616282, 5914382, 6088905, 5750776, 200000, 200000, 54000000, 3572.0215, 0.15, 79321380, 188883890, 8616282, 5914382, 6088905, 5750776, 200000, 200000, 54000000, 3572.0215, 0.15, 79321380, 188883890, 8616282, 5914382, 6088905, 5750776, 200000, 200000, 54000000, 3572.0215, 0.15, 79321380, 188883890, 8616282, 5914382, 6088905, 5750776, 200000, 200000, 54000000, 3572.0215, 0.15, 79321380, 188883890, 8616282, 5914382, 6088905, 5750776, 200000, 200000, 54000000, 3572.0215, 0.15, 79321380, 188883890, 8616282, 5914382, 6088905, 5750776, 200000, 200000, 54000000, 3572.0215, 0.15, 79321380, 188883890, 8616282, 5914382, 6088905, 5750776, 200000, 200000, 54000000, 3572.0215, 0.15, 79321380, 188883890, 8616282, 5914382, 6088905, 5750776, 200000, 200000, 54000000, 3572.0215, 0.15, 79321380, 188883890, 8616282, 5914382, 6088905, 5750776, 200000, 200000, 54000000, 3572.0215, 0.15, 79321380, 188883890, 8616282, 5914382, 6088905, 5750776, 200000, 200000, 54000000, 3572.0215, 0.15, 79321380, 188883890, 8616282, 5914382, 6088905, 5750776, 200000, 200000, 54000000, 3572.0215, 0.15, 79321380, 188883890, 8616282, 5914382, 6088905, 5750776, 200000, 200000, 54000000, 3572.0215, 0.15, 79321380, 188883890, 8616282, 5914382, 6088905, 5750776, 200000, 200000, 54000000, 3572.0215, 0.15, 79321380, 188883890, 8616282, 5914382, 6088905, 5750776, 200000, 200000, 54000000, 3572.0215, 0.15, 79321380, 188883890, 8616282, 5914382, 6088905, 5750776, 200000, 200000, 54000000, 3572.0215, 0.15, 79321380, 188883890, 8616282, 5914382, 6088905, 5750776, 200000, 200000, 54000000, 3572.0215, 0.15, 79321380, 188883890, 8616282, 5914382, 6088905, 5750776, 200000, 200000, 54000000, 3572.0215, 0.15, 79321380, 188883890, 8616282, 5914382, 6088905, 5750776, 200000, 200000, 54000000, 3572.0215, 0.15, 79321380, 188883890, 8616282, 5914382, 6088905, 5750776, 200000, 200000, 54000000, 3572.0215, 0.15, 79321380, 188883890, 8616282, 5914382, 6088905, 5750776, 200000, 200000, 54000000, 3572.0215, 0.15, 79321380, 188883890, 8616282, 5914382, 6088905, 5750776, 200000, 200000, 54000000, 3572.0215, 0.15, 79321380, 188883890, 8616282, 5914382, 6088905, 5750776, 200000, 200000, 54000000, 3572.0215, 0.15, 79321380, 188883890, 8616282, 5914382, 6088905, 5750776, 200000, 200000, 54000000, 3572.0215, 0.15, 79321380, 188883890, 8616282, 5914382, 6088905, 5750776, 200000, 200000, 54000000, 3572.0215, 0.15, 79321380, 188883890, 8616282, 5914382, 6088905, 5750776, 200000, 200000, 54000000, 3572.0215, 0.15, 79321380, 188883890, 8616282, 5914382, 6088905, 5750776, 200000, 200000, 54000000, 3572.0215, 0.15, 79321380, 188883890, 8616282, 5914382, 6088905, 5750776, 200000, 200000, 54000000, 3572.0215, 0.15, 79321380, 188883890, 8616282, 5914382, 6088905, 5750776, 200000, 200000, 54000000, 3572.0215, 0.15, 79321380, 188883890, 8616282, 5914382, 6088905, 5750776, 200000, 200000, 54000000, 3572.0215, 0.15, 79321380, 188883890, 8616282, 5914382, 6088905, 5750776, 200000, 200000, 54000000, 3572.0215, 0.15, 79321380, 188883890, 8616282, 5914382, 6088905, 5750776, 200000, 200000, 54000000, 3572.0215, 0.15, 79321380, 188883890, 8616282, 5914382, 6088905, 5750776, 200000, 200000, 54000000, 3572.0215, 0.15, 79321380, 188883890, 8616282, 5914382, 6088905, 5750776, 200000, 200000, 54000000, 3572.0215, 0.15, 79321380, 188883890, 8616282, 5914382, 6088905, 5750776, 200000, 200000, 54000000, 3572.0215, 0.15, 79321380, 188883890, 8616282, 5914382, 6088905, 5750776, 200000, 200000, 54000000, 3572.0215, 0.15, 79321380, 188883890, 8616282, 5914382, 6088905, 5750776, 200000, 200000, 54000000, 3572.0215, 0.15, 79321380, 188883890, 8616282, 5914382, 6088905, 5750776, 200000, 200000, 54000000, 3572.0215, 0.15, 79321380, 188883890, 8616282, 5914382, 6088905, 5750776, 200000, 200000, 54000000, 3572.0215, 0.15, 79321380, 188883890, 8616282, 5914382, 6088905, 5750776, 200000, 200000, 54000000, 3572.0215, 0.15, 79321380, 188883890, 8616282, 5914382, 6088905, 5750776, 200000, 200000, 54000000, 3572.0215, 0.15, 79321380, 188883890, 8616282, 5914382, 6088905, 5750776, 200000, 200000, 54000000, 3572.0215, 0.15, 79321380, 188883890, 8616282, 5914382, 6088905, 5750776, 200000, 200000, 54000000, 3572.0215, 0.15, 79321380, 188883890, 8616282, 5914382, 6088905, 5750776, 200000, 200000, 54000000, 3572.0215, 0.15, 79321380, 188883890, 8616282, 5914382, 6088905, 5750776, 200000, 200000, 54000000, 3572.0215, 0.15, 79321380, 188883890, 8616282, 5914382, 6088905, 5750776, 200000, 200000, 54000000, 3572.0215, 0.15, 79321380, 188883890, 8616282, 5914382, 6088905, 5750776, 200000, 200000, 54000000, 3572.0215, 0.15, 79321380, 188883890, 8616282, 5914382, 6088905, 5750776, 200000, 200000, 54000000, 3572.0215, 0.15, 79321380, 188883890, 8616282, 5914382, 6088905, 5750776, 200000, 200000, 54000000, 3572.0215, 0.15, 79321380, 188883890, 8616282, 5914382, 6088905, 5750776, 200000, 200000, 54000000, 3572.0215, 0.15, 79321380, 188883890, 8616282, 5914382, 6088905, 5750776, 200000, 200000, 54000000, 3572.0215, 0.15, 79321380, 188883890, 8616282, 5914382, 6088905, 5750776, 200000, 200000, 54000000, 3572.0215, 0.15, 79321380, 188883890, 8616282, 5914382, 6088905, 5750776, 200000, 200000, 54000000, 3572.0215, 0.15, 79321380, 188883890, 8616282, 5914382, 6088905, 5750776, 200000, 200000, 54000000, 3572.0215, 0.15, 79321380, 188883890, 8616282, 5914382, 6088905, 5750776, 200000, 200000, 54000000, 3572.0215, 0.15, 79321380, 188883890, 8616282, 5914382, 6088905, 5750776, 200000, 200000, 54000000, 3572.0215, 0.15, 79321380, 188883890, 8616282, 5914382, 6088905, 5750776, 200000, 200000, 54000000, 3572.0215, 0.15, 79321380, 188883890, 8616282, 5914382, 6088905, 5750776, 200000, 200000, 54000000, 3572.0215, 0.15, 79321380, 188883890, 8616282, 5914382, 6088905, 5750776, 200000, 200000, 54000000, 3572.0215, 0.15, 79321380, 188883890, 8616282, 5914382, 6088905, 5750776, 200000, 200000, 54000000, 3572.0215, 0.15, 79321380, 188883890, 8616282, 5914382, 6088905, 5750776, 200000, 200000, 54000000, 3572.0215, 0.15, 79321380, 188883890, 8616282, 5914382, 6088905, 5750776, 200000, 200000, 54000000, 3572.0215, 0.15, 79321380, 188883890, 8616282, 5914382, 6088905, 5750776, 200000, 200000, 54000000, 3572.0215, 0.15, 79321380, 188883890, 8616282, 5914382, 6088905, 5750776, 200000, 200000, 54000000, 3572.0215, 0.15, 79321380, 188883890, 8616282, 5914382, 6088905, 5750776, 200000, 200000, 54000000, 3572.0215, 0.15, 79321380, 188883890, 8616282, 5914382, 6088905, 5750776, 200000, 200000, 54000000, 3572.0215, 0.15, 79321380, 188883890, 8616282, 5914382, 6088905, 5750776, 200000, 200000, 54000000, 3572.0215, 0.15, 79321380, 188883890, 8616282, 5914382, 6088905, 5750776, 200000, 200000, 54000000, 3572.0215, 0.15, 79321380, 188883890, 8616282, 5914382, 6088905, 5750776, 200000, 200000, 54000000, 3572.0215, 0.15, 79321380, 188883890, 8616282, 5914382, 6088905, 5750776, 200000, 200000, 54000000, 3572.0215, 0.15, 79321380, 188883890, 8616282, 5914382, 6088905, 5750776, 200000, 200000, 54000000, 3572.0215, 0.15, 79321380, 188883890, 8616282, 5914382, 6088905, 5750776, 200000, 200000, 54000000, 3572.0215, 0.15, 79321380, 188883890, 8616282, 5914382, 6088905, 5750776, 200000, 200000, 54000000, 3572.0215, 0.15, 79321380, 188883890, 8616282, 5914382, 6088905, 5750776, 200000, 200000, 54000000, 3572.0215, 0.15, 79321380, 188883890, 8616282, 5914382, 6088905, 5750776, 200000, 200000, 54000000, 3572.0215, 0.15, 79321380, 188883890, 8616282, 5914382, 6088905, 5750776, 200000, 200000, 54000000, 3572.0215, 0.15, 79321380, 188883890, 8616282, 5914382, 6088905, 5750776, 200000, 200000, 54000000, 3572.0215, 0.15, 79321380, 188883890, 8616282, 5914382, 6088905, 5750776, 200000, 200000, 54000000, 3572.0215, 0.15, 79321380, 188883890, 8616282, 5914382, 6088905, 5750776, 200000, 200000, 54000000, 3572.0215, 0.15, 79321380, 188883890, 8616282, 5914382, 6088905, 5750776, 200000, 200000, 54000000, 3572.0215, 0.15, 79321380, 188883890, 8616282, 5914382, 6088905, 5750776, 200000, 200000, 54000000, 3572.0215, 0.15, 79321380, 188883890, 8616282, 5914382, 6088905, 5750776, 200000, 200000, 54000000, 3572.0215, 0.15, 79321380, 188883890, 8616282, 5914382, 6088905, 5750776, 200000, 200000, 54000000, 3572.0215, 0.15, 79321380, 188883890, 8616282, 5914382, 6088905, 5750776, 200000, 200000, 54000000, 3572.0215, 0.15, 79321380, 188883890, 8616282, 5914382, 6088905, 5750776, 200000, 200000, 54000000, 3572.0215, 0.15, 79321380, 188883890, 8616282, 5914382, 6088905, 5750776, 200000, 200000, 54000000, 3572.0215, 0.15, 79321380, 188883890, 8616282, 5914382, 6088905, 5750776, 200000, 200000, 54000000, 3572.0215, 0.15, 79321380, 188883890, 8616282, 5914382, 6088905, 5750776, 200000, 200000, 54000000, 3572.0215, 0.15, 79321380, 188883890, 8616282, 5914382, 6088905, 5750776, 200000, 200000, 54000000, 3572.0215, 0.15, 79321380, 188883890, 8616282, 5914382, 6088905, 5750776, 200000, 200000, 54000000, 3572.0215, 0.15, 79321380, 188883890, 8616282, 5914382, 6088905, 5750776, 200000, 200000, 54000000, 3572.0215, 0.15, 79321380, 188883890, 8616282, 5914382, 6088905, 5750776, 200000, 200000, 54000000, 3572.0215, 0.15, 79321380, 188883890, 8616282, 5914382, 6088905, 5750776, 200000, 200000, 54000000, 3572.0215, 0.15, 79321380, 188883890, 8616282, 5914382, 6088905, 5750776, 200000, 200000, 54000000, 3572.0215, 0.15, 79321380, 188883890, 8616282, 5914382, 6088905, 5750776, 200000, 200000, 54000000, 3572.0215, 0.15, 79321380, 188883890, 8616282, 5914382, 6088905, 5750776, 200000, 200000, 54000000, 3572.0215, 0.15, 79321380, 188883890, 8616282, 5914382, 6088905, 5750776, 200000, 200000, 54000000, 3572.0215, 0.15, 79321380, 188883890, 8616282, 5914382, 6088905, 5750776, 200000, 200000, 54000000, 3572.0215, 0.15, 79321380, 188883890, 8616282, 5914382, 6088905, 5750776, 200000, 200000, 54000000, 3572.0215, 0.15, 79321380, 188883890, 8616282, 5914382, 6088905, 5750776, 200000, 200000, 54000000, 3572.0215, 0.15, 79321380, 188883890, 8616282, 5914382, 6088905, 5750776, 200000, 200000, 54000000, 3572.0215, 0.15, 79321380, 188883890, 8616282, 5914382, 6088905, 5750776, 200000, 200000, 54000000, 3572.0215, 0.15, 79321380, 188883890, 8616282, 5914382, 6088905, 5750776, 200000, 200000, 54000000, 3572.0215, 0.15, 79321380, 188883890, 8616282, 5914382, 6088905, 5750776, 200000, 200000, 54000000, 3572.0215, 0.15, 79321380, 188883890, 8616282, 5914382, 6088905, 5750776, 200000, 200000, 54000000, 3572.0215, 0.15, 79321380, 188883890, 8616282, 5914382, 6088905, 5750776, 200000, 200000, 54000000, 3572.0215, 0.15, 79321380, 188883890, 8616282, 5914382, 6088905, 5750776, 200000, 200000, 54000000, 3572.0215, 0.15, 79321380, 188883890, 8616282, 5914382, 6088905, 5750776, 200000, 200000, 54000000, 3572.0215, 0.15, 79321380, 188883890, 8616282, 5914382, 6088905, 5750776, 200000, 200000, 54000000, 3572.0215, 0.15, 79321380, 188883890, 8616282, 5914382, 6088905, 5750776, 200000, 200000, 54000000, 3572.0215, 0.15, 79321380, 188883890, 8616282, 5914382, 6088905, 5750776, 200000, 200000, 54000000, 3572.0215, 0.15, 79321380, 188883890, 8616282, 5914382, 6088905, 5750776, 200000, 200000, 54000000, 3572.0215, 0.15, 79321380, 188883890, 8616282, 5914382, 6088905, 5750776, 200000, 200000, 54000000, 3572.0215, 0.15, 79321380, 188883890, 8616282, 5914382, 6088905, 5750776, 200000, 200000, 54000000, 3572.0215, 0.15, 79321380, 188883890, 8616282, 5914382, 6088905, 5750776, 200000, 200000, 54000000, 3572.0215, 0.15, 79321380, 188883890, 8616282, 5914382, 6088905, 5750776, 200000, 200000, 54000000, 3572.0215, 0.15, 79321380, 188883890, 8616282, 5914382, 6088905, 5750776, 200000, 200000, 54000000, 3572.0215, 0.15, 79321380, 188883890, 8616282, 5914382, 6088905, 5750776, 200000, 200000, 54000000, 3572.0215, 0.15, 79321380, 188883890, 8616282, 5914382, 6088905, 5750776, 200000, 200000, 54000000, 3572.0215, 0.15, 79321380, 188883890, 8616282, 5914382, 6088905, 5750776, 200000, 200000, 54000000, 3572.0215, 0.15, 79321380, 188883890, 8616282, 5914382, 6088905, 5750776, 200000, 200000, 54000000, 3572.0215, 0.15, 79321380, 188883890, 8616282, 5914382, 6088905, 5750776, 200000, 200000, 54000000, 3572.0215, 0.15, 79321380, 188883890, 8616282, 5914382, 6088905, 5750776, 200000, 200000, 54000000, 3572.0215, 0.15, 79321380, 188883890, 8616282, 5914382, 6088905, 5750776, 200000, 200000, 54000000, 3572.0215, 0.15, 79321380, 188883890, 8616282, 5914382, 6088905, 5750776, 200000, 200000, 54000000, 3572.0215, 0.15, 79321380, 188883890, 8616282, 5914382, 6088905, 5750776, 200000, 200000, 54000000, 3572.0215, 0.15, 79321380, 188883890, 8616282, 5914382, 6088905, 5750776, 200000, 200000, 54000000, 3572.0215, 0.15, 79321380, 188883890, 8616282, 5914382, 6088905, 5750776, 200000, 200000, 54000000, 3572.0215, 0.15, 79321380, 188883890, 8616282, 5914382, 6088905, 5750776, 200000, 200000, 54000000, 3572.0215, 0.15, 79321380, 188883890, 8616282, 5914382, 6088905, 5750776, 200000, 200000, 54000000, 3572.0215, 0.15, 79321380, 188883890, 8616282, 5914382, 6088905, 5750776, 200000, 200000, 54000000, 3572.0215, 0.15, 79321380, 188883890, 8616282, 5914382, 6088905, 5750776, 200000, 200000, 54000000, 3572.0215, 0.15, 79321380, 188883890, 8616282, 5914382, 6088905, 5750776, 200000, 200000, 54000000, 3572.0215, 0.15, 79321380, 188883890, 8616282, 5914382, 6088905, 5750776, 200000, 200000, 54000000, 3572.0215, 0.15, 79321380, 188883890, 8616282, 5914382, 6088905, 5750776, 200000, 200000, 54000000, 3572.0215, 0.15, 79321380, 188883890, 8616282, 5914382, 6088905, 5750776, 200000, 200000, 54000000, 3572.0215, 0.15, 79321380, 188883890, 8616282, 5914382, 6088905, 5750776, 200000, 200000, 54000000, 3572.0215, 0.15, 79321380, 188883890, 8616282, 5914382, 6088905, 5750776, 200000, 200000, 54000000, 3572.0215, 0.15, 79321380, 188883890, 8616282, 5914382, 6088905, 5750776, 200000, 200000, 54000000, 3572.0215, 0.15, 79321380, 188883890, 8616282, 5914382, 6088905, 5750776, 200000, 200000, 54000000, 3572.0215, 0.15, 79321380, 188883890, 8616282, 5914382, 6088905, 5750776, 200000, 200000, 54000000, 3572.0215, 0.15, 79321380, 188883890, 8616282, 5914382, 6088905, 5750776, 200000, 200000, 54000000, 3572.0215, 0.15, 79321380, 188883890, 8616282, 5914382, 6088905, 5750776, 200000, 200000, 54000000, 3572.0215, 0.15, 79321380, 188883890, 8616282, 5914382, 6088905, 5750776, 200000, 200000, 54000000, 3572.0215, 0.15, 79321380, 188883890, 8616282, 5914382, 6088905, 5750776, 200000, 200000, 54000000, 3572.0215, 0.15, 79321380, 188883890, 8616282, 5914382, 6088905, 5750776, 200000, 200000, 54000000, 3572.0215, 0.15, 79321380, 188883890, 8616282, 5914382, 6088905, 5750776, 200000, 200000, 54000000, 3572.0215, 0.15, 79321380, 188883890, 8616282, 5914382, 6088905, 5750776, 200000, 200000, 54000000, 3572.0215, 0.15, 79321380, 188883890, 8616282, 5914382, 6088905, 5750776, 200000, 200000, 54000000, 3572.0215, 0.15, 79321380, 188883890, 8616282, 5914382, 6088905, 5750776, 200000, 200000, 54000000, 3572.0215, 0.15, 79321380, 188883890, 8616282, 5914382, 6088905, 5750776, 200000, 200000, 54000000, 3572.0215, 0.15, 79321380, 188883890, 8616282, 5914382, 6088905, 5750776, 200000, 200000, 54000000, 3572.0215, 0.15, 79321380, 188883890, 8616282, 5914382, 6088905, 5750776, 200000, 200000, 54000000, 3572.0215, 0.15, 79321380, 188883890, 8616282, 5914382, 6088905, 5750776, 200000, 200000, 54000000, 3572.0215, 0.15, 79321380, 188883890, 8616282, 5914382, 6088905, 5750776, 200000, 200000, 54000000, 3572.0215, 0.15, 79321380, 188883890, 8616282, 5914382, 6088905, 5750776, 200000, 200000, 54000000, 3572.0215, 0.15, 79321380, 188883890, 8616282, 5914382, 6088905, 5750776, 200000, 200000, 54000000, 3572.0215, 0.15, 79321380, 188883890, 8616282, 5914382, 6088905, 5750776, 200000, 200000, 54000000, 3572.0215, 0.15, 79321380, 188883890, 8616282, 5914382, 6088905, 5750776, 200000, 200000, 54000000, 3572.0215, 0.15, 79321380, 188883890, 8616282, 5914382, 6088905, 5750776, 200000, 200000, 54000000, 3572.0215, 0.15, 79321380, 188883890, 8616282, 5914382, 6088905, 5750776, 200000, 200000, 54000000, 3572.0215, 0.15, 79321380, 188883890, 8616282, 5914382, 6088905, 5750776, 200000, 200000, 54000000, 3572.0215, 0.15, 79321380, 188883890, 8616282, 5914382, 6088905, 5750776, 200000, 200000, 54000000, 3572.0215, 0.15, 79321380, 188883890, 8616282, 5914382, 6088905, 5750776, 200000, 200000, 54000000, 3572.0215, 0.15, 79321380, 188883890, 8616282, 5914382, 6088905, 5750776, 200000, 200000, 54000000, 3572.0215, 0.15, 79321380, 188883890, 8616282, 5914382, 6088905, 5750776, 200000, 200000, 54000000, 3572.0215, 0.15, 79321380, 188883890, 8616282, 5914382, 6088905, 5750776, 200000, 200000, 54000000, 3572.0215, 0.15, 79321380, 188883890, 8616282, 5914382, 6088905, 5750776, 200000, 200000, 54000000, 3572.0215, 0.15, 79321380, 188883890, 8616282, 5914382, 6088905, 5750776, 200000, 200000, 54000000, 3572.0215, 0.15, 79321380, 188883890, 8616282, 5914382, 6088905, 5750776, 200000, 200000, 54000000, 3572.0215, 0.15, 79321380, 188883890, 8616282, 5914382, 6088905, 5750776, 200000, 200000, 54000000, 3572.0215, 0.15, 79321380, 188883890, 8616282, 5914382, 6088905, 5750776, 200000, 200000, 54000000, 3572.0215, 0.15, 79321380, 188883890, 8616282, 5914382, 6088905, 5750776, 200000, 200000, 54000000, 3572.0215, 0.15, 79321380, 188883890, 8616282, 5914382, 6088905, 5750776, 200000, 200000, 54000000, 3572.0215, 0.15, 79321380, 188883890, 8616282, 5914382, 6088905, 5750776, 200000, 200000, 54000000, 3572.0215, 0.15, 79321380, 188883890, 8616282, 5914382, 6088905, 5750776, 200000, 200000, 54000000, 3572.0215, 0.15, 79321380, 188883890, 8616282, 5914382, 6088905, 5750776, 200000, 200000, 54000000, 3572.0215, 0.15, 79321380, 188883890, 8616282, 5914382, 6088905, 5750776, 200000, 200000, 54000000, 3572.0215, 0.15, 79321380, 188883890, 8616282, 5914382, 6088905, 5750776, 200000, 200000, 54000000, 3572.0215, 0.15, 79321380, 188883890, 8616282, 5914382, 6088905, 5750776, 200000, 200000, 54000000, 3572.0215, 0.15, 79321380, 188883890, 8616282, 5914382, 6088905, 5750776, 200000, 200000, 54000000, 3572.0215, 0.15, 79321380, 188883890, 8616282, 5914382, 6088905, 5750776, 200000, 200000, 54000000, 3572.0215, 0.15, 79321380, 188883890, 8616282, 5914382, 6088905, 5750776, 200000, 200000, 54000000, 3572.0215, 0.15, 79321380, 188883890, 8616282, 5914382, 6088905, 5750776, 200000, 200000, 54000000, 3572.0215, 0.15, 79321380, 188883890, 8616282, 5914382, 6088905, 5750776, 200000, 200000, 54000000, 3572.0215, 0.15, 79321380, 188883890, 8616282, 5914382, 6088905, 5750776, 200000, 200000, 54000000, 3572.0215, 0.15, 79321380, 188883890, 8616282, 5914382, 6088905, 5750776, 200000, 200000, 54000000, 3572.0215, 0.15, 79321380, 188883890, 8616282, 5914382, 6088905, 5750776, 200000, 200000, 54000000, 3572.0215, 0.15, 79321380, 188883890, 8616282, 5914382, 6088905, 5750776, 200000, 200000, 54000000, 3572.0215, 0.15, 79321380, 188883890, 8616282, 5914382, 6088905, 5750776, 200000, 200000, 54000000, 3572.0215, 0.15, 79321380, 188883890, 8616282, 5914382, 6088905, 5750776, 200000, 200000, 54000000, 3572.0215, 0.15, 79321380, 188883890, 8616282, 5914382, 6088905, 5750776, 200000, 200000, 54000000, 3572.0215, 0.15, 79321380, 188883890, 8616282, 5914382, 6088905, 5750776, 200000, 200000, 54000000, 3572.0215, 0.15, 79321380, 188883890, 8616282, 5914382, 6088905, 5750776, 200000, 200000, 54000000, 3572.0215, 0.15, 79321380, 188883890, 8616282, 5914382, 6088905, 5750776, 200000, 200000, 54000000, 3572.0215, 0.15, 79321380, 188883890, 8616282, 5914382, 6088905, 5750776, 200000, 200000, 54000000, 3572.0215, 0.15, 79321380, 188883890, 8616282, 5914382, 6088905, 5750776, 200000, 200000, 54000000, 3572.0215, 0.15, 79321380, 188883890, 8616282, 5914382, 6088905, 5750776, 200000, 200000, 54000000, 3572.0215, 0.15, 79321380, 188883890, 8616282, 5914382, 6088905, 5750776, 200000, 200000, 54000000, 3572.0215, 0.15, 79321380, 188883890, 8616282, 5914382, 6088905, 5750776, 200000, 200000, 54000000, 3572.0215, 0.15, 79321380, 188883890, 8616282, 5914382, 6088905, 5750776, 200000, 200000, 54000000, 3572.0215, 0.15, 79321380, 188883890, 8616282, 5914382, 6088905, 5750776, 200000, 200000, 54000000, 3572.0215, 0.15, 79321380, 188883890, 8616282, 5914382, 6088905, 5750776, 200000, 200000, 54000000, 3572.0215, 0.15, 79321380, 188883890, 8616282, 5914382, 6088905, 5750776, 200000, 200000, 54000000, 3572.0215, 0.15, 79321380, 188883890, 8616282, 5914382, 6088905, 5750776, 200000, 200000, 54000000, 3572.0215, 0.15, 79321380, 188883890, 8616282, 5914382, 6088905, 5750776, 200000, 200000, 54000000, 3572.0215, 0.15, 79321380, 188883890, 8616282, 5914382, 6088905, 5750776, 200000, 200000, 54000000, 3572.0215, 0.15, 79321380, 188883890, 8616282, 5914382, 6088905, 5750776, 200000, 200000, 54000000, 3572.0215, 0.15, 79321380, 188883890, 8616282, 5914382, 6088905, 5750776, 200000, 200000, 54000000, 3572.0215, 0.15, 79321380, 188883890, 8616282, 5914382, 6088905, 5750776, 200000, 200000, 54000000, 3572.0215, 0.15, 79321380, 188883890, 8616282, 5914382, 6088905, 5750776, 200000, 200000, 54000000, 3572.0215, 0.15, 79321380, 188883890, 8616282, 5914382, 6088905, 5750776, 200000, 200000, 54000000, 3572.0215, 0.15, 79321380, 188883890, 8616282, 5914382, 6088905, 5750776, 200000, 200000, 54000000, 3572.0215, 0.15, 79321380, 188883890, 8616282, 5914382, 6088905, 5750776, 200000, 200000, 54000000, 3572.0215, 0.15, 79321380, 188883890, 8616282, 5914382, 6088905, 5750776, 200000, 200000, 54000000, 3572.0215, 0.15, 79321380, 188883890, 8616282, 5914382, 6088905, 5750776, 200000, 200000, 54000000, 3572.0215, 0.15, 79321380, 188883890, 8616282, 5914382, 6088905, 5750776, 200000, 200000, 54000000, 3572.0215, 0.15, 79321380, 188883890, 8616282, 5914382, 6088905, 5750776, 200000, 200000, 54000000, 3572.0215, 0.15, 79321380, 188883890, 8616282, 5914382, 6088905, 5750776, 200000, 200000, 54000000, 3572.0215, 0.15, 79321380, 188883890, 8616282, 5914382, 6088905, 5750776, 200000, 200000, 54000000, 3572.0215, 0.15, 79321380, 188883890, 8616282, 5914382, 6088905, 5750776, 200000, 200000, 54000000, 3572.0215, 0.15, 79321380, 188883890, 8616282, 5914382, 6088905, 5750776, 200000, 200000, 54000000, 3572.0215, 0.15, 79321380, 188883890, 8616282, 5914382, 6088905, 5750776, 200000, 200000, 54000000, 3572.0215, 0.15, 79321380, 188883890, 8616282, 5914382, 6088905, 5750776, 200000, 200000, 54000000, 3572.0215, 0.15, 79321380, 188883890, 8616282, 5914382, 6088905, 5750776, 200000, 200000, 54000000, 3572.0215, 0.15, 79321380, 188883890, 8616282, 5914382, 6088905, 5750776, 200000, 200000, 54000000, 3572.0215, 0.15, 79321380, 188883890, 8616282, 5914382, 6088905, 5750776, 200000, 200000, 54000000, 3572.0215, 0.15, 79321380, 188883890, 8616282, 5914382, 6088905, 5750776, 200000, 200000, 54000000, 3572.0215, 0.15, 79321380, 188883890, 8616282, 5914382, 6088905, 5750776, 200000, 200000, 54000000, 3572.0215, 0.15, 79321380, 188883890, 8616282, 5914382, 6088905, 5750776, 200000, 200000, 54000000, 3572.0215, 0.15, 79321380, 188883890, 8616282, 5914382, 6088905, 5750776, 200000, 200000, 54000000, 3572.0215, 0.15, 79321380, 188883890, 8616282, 5914382, 6088905, 5750776, 200000, 200000, 54000000, 3572.0215, 0.15, 79321380, 188883890, 8616282, 5914382, 6088905, 5750776, 200000, 200000, 54000000, 3572.0215, 0.15, 79321380, 188883890, 8616282, 5914382, 6088905, 5750776, 200000, 200000, 54000000, 3572.0215, 0.15, 79321380, 188883890, 8616282, 5914382, 6088905, 5750776, 200000, 200000, 54000000, 3572.0215, 0.15, 79321380, 188883890, 8616282, 5914382, 6088905, 5750776, 200000, 200000, 54000000, 3572.0215, 0.15, 79321380, 188883890, 8616282, 5914382, 6088905, 5750776, 200000, 200000, 54000000, 3572.0215, 0.15, 79321380, 188883890, 8616282, 5914382, 6088905, 5750776, 200000, 200000, 54000000, 3572.0215, 0.15, 79321380, 188883890, 8616282, 5914382, 6088905, 5750776, 200000, 200000, 54000000, 3572.0215, 0.15, 79321380, 188883890, 8616282, 5914382, 6088905, 5750776, 200000, 200000, 54000000, 3572.0215, 0.15, 79321380, 188883890, 8616282, 5914382, 6088905, 5750776, 200000, 200000, 54000000, 3572.0215, 0.15, 79321380, 188883890, 8616282, 5914382, 6088905, 5750776, 200000, 200000, 54000000, 3572.0215, 0.15, 79321380, 188883890, 8616282, 5914382, 6088905, 5750776, 200000, 200000, 54000000, 3572.0215, 0.15, 79321380, 188883890, 8616282, 5914382, 6088905, 5750776, 200000, 200000, 54000000, 3572.0215, 0.15, 79321380, 188883890, 8616282, 5914382, 6088905, 5750776, 200000, 200000, 54000000, 3572.0215, 0.15, 79321380, 188883890, 8616282, 5914382, 6088905, 5750776, 200000, 200000, 54000000, 3572.0215, 0.15, 79321380, 188883890, 8616282, 5914382, 6088905, 5750776, 200000, 200000, 54000000, 3572.0215, 0.15, 79321380, 188883890, 8616282, 5914382, 6088905, 5750776, 200000, 200000, 54000000, 3572.0215, 0.15, 79321380, 188883890, 8616282, 5914382, 6088905, 5750776, 200000, 200000, 54000000, 3572.0215, 0.15, 79321380, 188883890, 8616282, 5914382, 6088905, 5750776, 200000, 200000, 54000000, 3572.0215, 0.15, 79321380, 188883890, 8616282, 5914382, 6088905, 5750776, 200000, 200000, 54000000, 3572.0215, 0.15, 79321380, 188883890, 8616282, 5914382, 6088905, 5750776, 200000, 200000, 54000000, 3572.0215, 0.15, 79321380, 188883890, 8616282, 5914382, 6088905, 5750776, 200000, 200000, 54000000, 3572.0215, 0.15, 79321380, 188883890, 8616282, 5914382, 6088905, 5750776, 200000, 200000, 54000000, 3572.0215, 0.15, 79321380, 188883890, 8616282, 5914382, 6088905, 5750776, 200000, 200000, 54000000, 3572.0215, 0.15, 79321380, 188883890, 8616282, 5914382, 6088905, 5750776, 200000, 200000, 54000000, 3572.0215, 0.15, 79321380, 188883890, 8616282, 5914382, 6088905, 5750776, 200000, 200000, 54000000, 3572.0215, 0.15, 79321380, 188883890, 8616282, 5914382, 6088905, 5750776, 200000, 200000, 54000000, 3572.0215, 0.15, 79321380, 188883890, 8616282, 5914382, 6088905, 5750776, 200000, 200000, 54000000, 3572.0215, 0.15, 79321380, 188883890, 8616282, 5914382, 6088905, 5750776, 200000, 200000, 54000000, 3572.0215, 0.15, 79321380, 188883890, 8616282, 5914382, 6088905, 5750776, 200000, 200000, 54000000, 3572.0215, 0.15, 79321380, 188883890, 8616282, 5914382, 6088905, 5750776, 200000, 200000, 54000000, 3572.0215, 0.15, 79321380, 188883890, 8616282, 5914382, 6088905, 5750776, 200000, 200000, 54000000, 3572.0215, 0.15, 79321380, 188883890, 8616282, 5914382, 6088905, 5750776, 200000, 200000, 54000000, 3572.0215, 0.15, 79321380, 188883890, 8616282, 5914382, 6088905, 5750776, 200000, 200000, 54000000, 3572.0215, 0.15, 79321380, 188883890, 8616282, 5914382, 6088905, 5750776, 200000, 200000, 54000000, 3572.0215, 0.15, 79321380, 188883890, 8616282, 5914382, 6088905, 5750776, 200000, 200000, 54000000, 3572.0215, 0.15, 79321380, 188883890, 8616282, 5914382, 6088905, 5750776, 200000, 200000, 54000000, 3572.0215, 0.15, 79321380, 188883890, 8616282, 5914382, 6088905, 5750776, 200000, 200000, 54000000, 3572.0215, 0.15, 79321380, 188883890, 8616282, 5914382, 6088905, 5750776, 200000, 200000, 54000000, 3572.0215, 0.15, 79321380, 188883890, 8616282, 5914382, 6088905, 5750776, 200000, 200000, 54000000, 3572.0215, 0.15, 79321380, 188883890, 8616282, 5914382, 6088905, 5750776, 200000, 200000, 54000000, 3572.0215, 0.15, 79321380, 188883890, 8616282, 5914382, 6088905, 5750776, 200000, 200000, 54000000, 3572.0215, 0.15, 79321380, 188883890, 8616282, 5914382, 6088905, 5750776, 200000, 200000, 54000000, 3572.0215, 0.15, 79321380, 188883890, 8616282, 5914382, 6088905, 5750776, 200000, 200000, 54000000, 3572.0215, 0.15, 79321380, 188883890, 8616282, 5914382, 6088905, 5750776, 200000, 200000, 54000000, 3572.0215, 0.15, 79321380, 188883890, 8616282, 5914382, 6088905, 5750776, 200000, 200000, 54000000, 3572.0215, 0.15, 79321380, 188883890, 8616282, 5914382, 6088905, 5750776, 200000, 200000, 54000000, 3572.0215, 0.15, 79321380, 188883890, 8616282, 5914382, 6088905, 5750776, 200000, 200000, 54000000, 3572.0215, 0.15, 79321380, 188883890, 8616282, 5914382, 6088905, 5750776, 200000, 200000, 54000000, 3572.0215, 0.15, 79321380, 188883890, 8616282, 5914382, 6088905, 5750776, 200000, 200000, 54000000, 3572.0215, 0.15, 79321380, 188883890, 8616282, 5914382, 6088905, 5750776, 200000, 200000, 54000000, 3572.0215, 0.15, 79321380, 188883890, 8616282, 5914382, 6088905, 5750776, 200000, 200000, 54000000, 3572.0215, 0.15, 79321380, 188883890, 8616282, 5914382, 6088905, 5750776, 200000, 200000, 54000000, 3572.0215, 0.15, 79321380, 188883890, 8616282, 5914382, 6088905, 5750776, 200000, 200000, 54000000, 3572.0215, 0.15, 79321380, 188883890, 8616282, 5914382, 6088905, 5750776, 200000, 200000, 54000000, 3572.0215, 0.15, 79321380, 188883890, 8616282, 5914382, 6088905, 5750776, 200000, 200000, 54000000, 3572.0215, 0.15, 79321380, 188883890, 8616282, 5914382, 6088905, 5750776, 200000, 200000, 54000000, 3572.0215, 0.15, 79321380, 188883890, 8616282, 5914382, 6088905, 5750776, 200000, 200000, 54000000, 3572.0215, 0.15, 79321380, 188883890, 8616282, 5914382, 6088905, 5750776, 200000, 200000, 54000000, 3572.0215, 0.15, 79321380, 188883890, 8616282, 5914382, 6088905, 5750776, 200000, 200000, 54000000, 3572.0215, 0.15, 79321380, 188883890, 8616282, 5914382, 6088905, 5750776, 200000, 200000, 54000000, 3572.0215, 0.15, 79321380, 188883890, 8616282, 5914382, 6088905, 5750776, 200000, 200000, 54000000, 3572.0215, 0.15, 79321380, 188883890, 8616282, 5914382, 6088905, 5750776, 200000, 200000, 54000000, 3572.0215, 0.15, 79321380, 188883890, 8616282, 5914382, 6088905, 5750776, 200000, 200000, 54000000, 3572.0215, 0.15, 79321380, 188883890, 8616282, 5914382, 6088905, 5750776, 200000, 200000, 54000000, 3572.0215, 0.15, 79321380, 188883890, 8616282, 5914382, 6088905, 5750776, 200000, 200000, 54000000, 3572.0215, 0.15, 79321380, 188883890, 8616282, 5914382, 6088905, 5750776, 200000, 200000, 54000000, 3572.0215, 0.15, 79321380, 188883890, 8616282, 5914382, 6088905, 5750776, 200000, 200000, 54000000, 3572.0215, 0.15, 79321380, 188883890, 8616282, 5914382, 6088905, 5750776, 200000, 200000, 54000000, 3572.0215, 0.15, 79321380, 188883890, 8616282, 5914382, 6088905, 5750776, 200000, 200000, 54000000, 3572.0215, 0.15, 79321380, 188883890, 8616282, 5914382, 6088905, 5750776, 200000, 200000, 54000000, 3572.0215, 0.15, 79321380, 188883890, 8616282, 5914382, 6088905, 5750776, 200000, 200000, 54000000, 3572.0215, 0.15, 79321380, 188883890, 8616282, 5914382, 6088905, 5750776, 200000, 200000, 54000000, 3572.0215, 0.15, 79321380, 188883890, 8616282, 5914382, 6088905, 5750776, 200000, 200000, 54000000, 3572.0215, 0.15, 79321380, 188883890, 8616282, 5914382, 6088905, 5750776, 200000, 200000, 54000000, 3572.0215, 0.15, 79321380, 188883890, 8616282, 5914382, 6088905, 5750776, 200000, 200000, 54000000, 3572.0215, 0.15, 79321380, 188883890, 8616282, 5914382, 6088905, 5750776, 200000, 200000, 54000000, 3572.0215, 0.15, 79321380, 188883890, 8616282, 5914382, 6088905, 5750776, 200000, 200000, 54000000, 3572.0215, 0.15, 79321380, 188883890, 8616282, 5914382, 6088905, 5750776, 200000, 200000, 54000000, 3572.0215, 0.15, 79321380, 188883890, 8616282, 5914382, 6088905, 5750776, 200000, 200000, 54000000, 3572.0215, 0.15, 79321380, 188883890, 8616282, 5914382, 6088905, 5750776, 200000, 200000, 54000000, 3572.0215, 0.15, 79321380, 188883890, 8616282, 5914382, 6088905, 5750776, 200000, 200000, 54000000, 3572.0215, 0.15, 79321380, 188883890, 8616282, 5914382, 6088905, 5750776, 200000, 200000, 54000000, 3572.0215, 0.15, 79321380, 188883890, 8616282, 5914382, 6088905, 5750776, 200000, 200000, 54000000, 3572.0215, 0.15, 79321380, 188883890, 8616282, 5914382, 6088905, 5750776, 200000, 200000, 54000000, 3572.0215, 0.15, 79321380, 188883890, 8616282, 5914382, 6088905, 5750776, 200000, 200000, 54000000, 3572.0215, 0.15, 79321380, 188883890, 8616282, 5914382, 6088905, 5750776, 200000, 200000, 54000000, 3572.0215, 0.15, 79321380, 188883890, 8616282, 5914382, 6088905, 5750776, 200000, 200000, 54000000, 3572.0215, 0.15, 79321380, 188883890, 8616282, 5914382, 6088905, 5750776, 200000, 200000, 54000000, 3572.0215, 0.15, 79321380, 188883890, 8616282, 5914382, 6088905, 5750776, 200000, 200000, 54000000, 3572.0215, 0.15, 79321380, 188883890, 8616282, 5914382, 6088905, 5750776, 200000, 200000, 54000000, 3572.0215, 0.15, 79321380, 188883890, 8616282, 5914382, 6088905, 5750776, 200000, 200000, 54000000, 3572.0215, 0.15, 79321380, 188883890, 8616282, 5914382, 6088905, 5750776, 200000, 200000, 54000000, 3572.0215, 0.15, 79321380, 188883890, 8616282, 5914382, 6088905, 5750776, 200000, 200000, 54000000, 3572.0215, 0.15, 79321380, 188883890, 8616282, 5914382, 6088905, 5750776, 200000, 200000, 54000000, 3572.0215, 0.15, 79321380, 188883890, 8616282, 5914382, 6088905, 5750776, 200000, 200000, 54000000, 3572.0215, 0.15, 79321380, 188883890, 8616282, 5914382, 6088905, 5750776, 200000, 200000, 54000000, 3572.0215, 0.15, 79321380, 188883890, 8616282, 5914382, 6088905, 5750776, 200000, 200000, 54000000, 3572.0215, 0.15, 79321380, 188883890, 8616282, 5914382, 6088905, 5750776, 200000, 200000, 54000000, 3572.0215, 0.15, 79321380, 188883890, 8616282, 5914382, 6088905, 5750776, 200000, 200000, 54000000, 3572.0215, 0.15, 79321380, 188883890, 8616282, 5914382, 6088905, 5750776, 200000, 200000, 54000000, 3572.0215, 0.15, 79321380, 188883890, 8616282, 5914382, 6088905, 5750776, 200000, 200000, 54000000, 3572.0215, 0.15, 79321380, 188883890, 8616282, 5914382, 6088905, 5750776, 200000, 200000, 54000000, 3572.0215, 0.15, 79321380, 188883890, 8616282, 5914382, 6088905, 5750776, 200000, 200000, 54000000, 3572.0215, 0.15, 79321380, 188883890, 8616282, 5914382, 6088905, 5750776, 200000, 200000, 54000000, 3572.0215, 0.15, 79321380, 188883890, 8616282, 5914382, 6088905, 5750776, 200000, 200000, 54000000, 3572.0215, 0.15, 79321380, 188883890, 8616282, 5914382, 6088905, 5750776, 200000, 200000, 54000000, 3572.0215, 0.15, 79321380, 188883890, 8616282, 5914382, 6088905, 5750776, 200000, 200000, 54000000, 3572.0215, 0.15, 79321380, 188883890, 8616282, 5914382, 6088905, 5750776, 200000, 200000, 54000000, 3572.0215, 0.15, 79321380, 188883890, 8616282, 5914382, 6088905, 5750776, 200000, 200000, 54000000, 3572.0215, 0.15, 79321380, 188883890, 8616282, 5914382, 6088905, 5750776, 200000, 200000, 54000000, 3572.0215, 0.15, 79321380, 188883890, 8616282, 5914382, 6088905, 5750776, 200000, 200000, 54000000, 3572.0215, 0.15, 79321380, 188883890, 8616282, 5914382, 6088905, 5750776, 200000, 200000, 54000000, 3572.0215, 0.15, 79321380, 188883890, 8616282, 5914382, 6088905, 5750776, 200000, 200000, 54000000, 3572.0215, 0.15, 79321380, 188883890, 8616282, 5914382, 6088905, 5750776, 200000, 200000, 54000000, 3572.0215, 0.15, 79321380, 188883890, 8616282, 5914382, 6088905, 5750776, 200000, 200000, 54000000, 3572.0215, 0.15, 79321380, 188883890, 8616282, 5914382, 6088905, 5750776, 200000, 200000, 54000000, 3572.0215, 0.15, 79321380, 188883890, 8616282, 5914382, 6088905, 5750776, 200000, 200000, 54000000, 3572.0215, 0.15, 79321380, 188883890, 8616282, 5914382, 6088905, 5750776, 200000, 200000, 54000000, 3572.0215, 0.15, 79321380, 188883890, 8616282, 5914382, 6088905, 5750776, 200000, 200000, 54000000, 3572.0215, 0.15, 79321380, 188883890, 8616282, 5914382, 6088905, 5750776, 200000, 200000, 54000000, 3572.0215, 0.15, 79321380, 188883890, 8616282, 5914382, 6088905, 5750776, 200000, 200000, 54000000, 3572.0215, 0.15, 79321380, 188883890, 8616282, 5914382, 6088905, 5750776, 200000, 200000, 54000000, 3572.0215, 0.15, 79321380, 188883890, 8616282, 5914382, 6088905, 5750776, 200000, 200000, 54000000, 3572.0215, 0.15, 79321380, 188883890, 8616282, 5914382, 6088905, 5750776, 200000, 200000, 54000000, 3572.0215, 0.15, 79321380, 188883890, 8616282, 5914382, 6088905, 5750776, 200000, 200000, 54000000, 3572.0215, 0.15, 79321380, 188883890, 8616282, 5914382, 6088905, 5750776, 200000, 200000, 54000000, 3572.0215, 0.15, 79321380, 188883890, 8616282, 5914382, 6088905, 5750776, 200000, 200000, 54000000, 3572.0215, 0.15, 79321380, 188883890, 8616282, 5914382, 6088905, 5750776, 200000, 200000, 54000000, 3572.0215, 0.15, 79321380, 188883890, 8616282, 5914382, 6088905, 5750776, 200000, 200000, 54000000, 3572.0215, 0.15, 79321380, 188883890, 8616282, 5914382, 6088905, 5750776, 200000, 200000, 54000000, 3572.0215, 0.15, 79321380, 188883890, 8616282, 5914382, 6088905, 5750776, 200000, 200000, 54000000, 3572.0215, 0.15, 79321380, 188883890, 8616282, 5914382, 6088905, 5750776, 200000, 200000, 54000000, 3572.0215, 0.15, 79321380, 188883890, 8616282, 5914382, 6088905, 5750776, 200000, 200000, 54000000, 3572.0215, 0.15, 79321380, 188883890, 8616282, 5914382, 6088905, 5750776, 200000, 200000, 54000000, 3572.0215, 0.15, 79321380, 188883890, 8616282, 5914382, 6088905, 5750776, 200000, 200000, 54000000, 3572.0215, 0.15, 79321380, 188883890, 8616282, 5914382, 6088905, 5750776, 200000, 200000, 54000000, 3572.0215, 0.15, 79321380, 188883890, 8616282, 5914382, 6088905, 5750776, 200000, 200000, 54000000, 3572.0215, 0.15, 79321380, 188883890, 8616282, 5914382, 6088905, 5750776, 200000, 200000, 54000000, 3572.0215, 0.15, 79321380, 188883890, 8616282, 5914382, 6088905, 5750776, 200000, 200000, 54000000, 3572.0215, 0.15, 79321380, 188883890, 8616282, 5914382, 6088905, 5750776, 200000, 200000, 54000000, 3572.0215, 0.15, 79321380, 188883890, 8616282, 5914382, 6088905, 5750776, 200000, 200000, 54000000, 3572.0215, 0.15, 79321380, 188883890, 8616282, 5914382, 6088905, 5750776, 200000, 200000, 54000000, 3572.0215, 0.15, 79321380, 188883890, 8616282, 5914382, 6088905, 5750776, 200000, 200000, 54000000, 3572.0215, 0.15, 79321380, 188883890, 8616282, 5914382, 6088905, 5750776, 200000, 200000, 54000000, 3572.0215, 0.15, 79321380, 188883890, 8616282, 5914382, 6088905, 5750776, 200000, 200000, 54000000, 3572.0215, 0.15, 79321380, 188883890, 8616282, 5914382, 6088905, 5750776, 200000, 200000, 54000000, 3572.0215, 0.15, 79321380, 188883890, 8616282, 5914382, 6088905, 5750776, 200000, 200000, 54000000, 3572.0215, 0.15, 79321380, 188883890, 8616282, 5914382, 6088905, 5750776, 200000, 200000, 54000000, 3572.0215, 0.15, 79321380, 188883890, 8616282, 5914382, 6088905, 5750776, 200000, 200000, 54000000, 3572.0215, 0.15, 79321380, 188883890, 8616282, 5914382, 6088905, 5750776, 200000, 200000, 54000000, 3572.0215, 0.15, 79321380, 188883890, 8616282, 5914382, 6088905, 5750776, 200000, 200000, 54000000, 3572.0215, 0.15, 79321380, 188883890, 8616282, 5914382, 6088905, 5750776, 200000, 200000, 54000000, 3572.0215, 0.15, 79321380, 188883890, 8616282, 5914382, 6088905, 5750776, 200000, 200000, 54000000, 3572.0215, 0.15, 79321380, 188883890, 8616282, 5914382, 6088905, 5750776, 200000, 200000, 54000000, 3572.0215, 0.15, 79321380, 188883890, 8616282, 5914382, 6088905, 5750776, 200000, 200000, 54000000, 3572.0215, 0.15, 79321380, 188883890, 8616282, 5914382, 6088905, 5750776, 200000, 200000, 54000000, 3572.0215, 0.15, 79321380, 188883890, 8616282, 5914382, 6088905, 5750776, 200000, 200000, 54000000, 3572.0215, 0.15, 79321380, 188883890, 8616282, 5914382, 6088905, 5750776, 200000, 200000, 54000000, 3572.0215, 0.15, 79321380, 188883890, 8616282, 5914382, 6088905, 5750776, 200000, 200000, 54000000, 3572.0215, 0.15, 79321380, 188883890, 8616282, 5914382, 6088905, 5750776, 200000, 200000, 54000000, 3572.0215, 0.15, 79321380, 188883890, 8616282, 5914382, 6088905, 5750776, 200000, 200000, 54000000, 3572.0215, 0.15, 79321380, 188883890, 8616282, 5914382, 6088905, 5750776, 200000, 200000, 54000000, 3572.0215, 0.15, 79321380, 188883890, 8616282, 5914382, 6088905, 5750776, 200000, 200000, 54000000, 3572.0215, 0.15, 79321380, 188883890, 8616282, 5914382, 6088905, 5750776, 200000, 200000, 54000000, 3572.0215, 0.15, 79321380, 188883890, 8616282, 5914382, 6088905, 5750776, 200000, 200000, 54000000, 3572.0215, 0.15, 79321380, 188883890, 8616282, 5914382, 6088905, 5750776, 200000, 200000, 54000000, 3572.0215, 0.15, 79321380, 188883890, 8616282, 5914382, 6088905, 5750776, 200000, 200000, 54000000, 3572.0215, 0.15, 79321380, 188883890, 8616282, 5914382, 6088905, 5750776, 200000, 200000, 54000000, 3572.0215, 0.15, 79321380, 188883890, 8616282, 5914382, 6088905, 5750776, 200000, 200000, 54000000, 3572.0215, 0.15, 79321380, 188883890, 8616282, 5914382, 6088905, 5750776, 200000, 200000, 54000000, 3572.0215, 0.15, 79321380, 188883890, 8616282, 5914382, 6088905, 5750776, 200000, 200000, 54000000, 3572.0215, 0.15, 79321380, 188883890, 8616282, 5914382, 6088905, 5750776, 200000, 200000, 54000000, 3572.0215, 0.15, 79321380, 188883890, 8616282, 5914382, 6088905, 5750776, 200000, 200000, 54000000, 3572.0215, 0.15, 79321380, 188883890, 8616282, 5914382, 6088905, 5750776, 200000, 200000, 54000000, 3572.0215, 0.15, 79321380, 188883890, 8616282, 5914382, 6088905, 5750776, 200000, 200000, 54000000, 3572.0215, 0.15, 79321380, 188883890, 8616282, 5914382, 6088905, 5750776, 200000, 200000, 54000000, 3572.0215, 0.15, 79321380, 188883890, 8616282, 5914382, 6088905, 5750776, 200000, 200000, 54000000, 3572.0215, 0.15, 79321380, 188883890, 8616282, 5914382, 6088905, 5750776, 200000, 200000, 54000000, 3572.0215, 0.15, 79321380, 188883890, 8616282, 5914382, 6088905, 5750776, 200000, 200000, 54000000, 3572.0215, 0.15, 79321380, 188883890, 8616282, 5914382, 6088905, 5750776, 200000, 200000, 54000000, 3572.0215, 0.15, 79321380, 188883890, 8616282, 5914382, 6088905, 5750776, 200000, 200000, 54000000, 3572.0215, 0.15, 79321380, 188883890, 8616282, 5914382, 6088905, 5750776, 200000, 200000, 54000000, 3572.0215, 0.15, 79321380, 188883890, 8616282, 5914382, 6088905, 5750776, 200000, 200000, 54000000, 3572.0215, 0.15, 79321380, 188883890, 8616282, 5914382, 6088905, 5750776, 200000, 200000, 54000000, 3572.0215, 0.15, 79321380, 188883890, 8616282, 5914382, 6088905, 5750776, 200000, 200000, 54000000, 3572.0215, 0.15, 79321380, 188883890, 8616282, 5914382, 6088905, 5750776, 200000, 200000, 54000000, 3572.0215, 0.15, 79321380, 188883890, 8616282, 5914382, 6088905, 5750776, 200000, 200000, 54000000, 3572.0215, 0.15, 79321380, 188883890, 8616282, 5914382, 6088905, 5750776, 200000, 200000, 54000000, 3572.0215, 0.15, 79321380, 188883890, 8616282, 5914382, 6088905, 5750776, 200000, 200000, 54000000, 3572.0215, 0.15, 79321380, 188883890, 8616282, 5914382, 6088905, 5750776, 200000, 200000, 54000000, 3572.0215, 0.15, 79321380, 188883890, 8616282, 5914382, 6088905, 5750776, 200000, 200000, 54000000, 3572.0215, 0.15, 79321380, 188883890, 8616282, 5914382, 6088905, 5750776, 200000, 200000, 54000000, 3572.0215, 0.15, 79321380, 188883890, 8616282, 5914382, 6088905, 5750776, 200000, 200000, 54000000, 3572.0215, 0.15, 79321380, 188883890, 8616282, 5914382, 6088905, 5750776, 200000, 200000, 54000000, 3572.0215, 0.15, 79321380, 188883890, 8616282, 5914382, 6088905, 5750776, 200000, 200000, 54000000, 3572.0215, 0.15, 79321380, 188883890, 8616282, 5914382, 6088905, 5750776, 200000, 200000, 54000000, 3572.0215, 0.15, 79321380, 188883890, 8616282, 5914382, 6088905, 5750776, 200000, 200000, 54000000, 3572.0215, 0.15, 79321380, 188883890, 8616282, 5914382, 6088905, 5750776, 200000, 200000, 54000000, 3572.0215, 0.15, 79321380, 188883890, 8616282, 5914382, 6088905, 5750776, 200000, 200000, 54000000, 3572.0215, 0.15, 79321380, 188883890, 8616282, 5914382, 6088905, 5750776, 200000, 200000, 54000000, 3572.0215, 0.15, 79321380, 188883890, 8616282, 5914382, 6088905, 5750776, 200000, 200000, 54000000, 3572.0215, 0.15, 79321380, 188883890, 8616282, 5914382, 6088905, 5750776, 200000, 200000, 54000000, 3572.0215, 0.15, 79321380, 188883890, 8616282, 5914382, 6088905, 5750776, 200000, 200000, 54000000, 3572.0215, 0.15, 79321380, 188883890, 8616282, 5914382, 6088905, 5750776, 200000, 200000, 54000000, 3572.0215, 0.15, 79321380, 188883890, 8616282, 5914382, 6088905, 5750776, 200000, 200000, 54000000, 3572.0215, 0.15, 79321380, 188883890, 8616282, 5914382, 6088905, 5750776, 200000, 200000, 54000000, 3572.0215, 0.15, 79321380, 188883890, 8616282, 5914382, 6088905, 5750776, 200000, 200000, 54000000, 3572.0215, 0.15, 79321380, 188883890, 8616282, 5914382, 6088905, 5750776, 200000, 200000, 54000000, 3572.0215, 0.15, 79321380, 188883890, 8616282, 5914382, 6088905, 5750776, 200000, 200000, 54000000, 3572.0215, 0.15, 79321380, 188883890, 8616282, 5914382, 6088905, 5750776, 200000, 200000, 54000000, 3572.0215, 0.15, 79321380, 188883890, 8616282, 5914382, 6088905, 5750776, 200000, 200000, 54000000, 3572.0215, 0.15, 79321380, 188883890, 8616282, 5914382, 6088905, 5750776, 200000, 200000, 54000000, 3572.0215, 0.15, 79321380, 188883890, 8616282, 5914382, 6088905, 5750776, 200000, 200000, 54000000, 3572.0215, 0.15, 79321380, 188883890, 8616282, 5914382, 6088905, 5750776, 200000, 200000, 54000000, 3572.0215, 0.15, 79321380, 188883890, 8616282, 5914382, 6088905, 5750776, 200000, 200000, 54000000, 3572.0215, 0.15, 79321380, 188883890, 8616282, 5914382, 6088905, 5750776, 200000, 200000, 54000000, 3572.0215, 0.15, 79321380, 188883890, 8616282, 5914382, 6088905, 5750776, 200000, 200000, 54000000, 3572.0215, 0.15, 79321380, 188883890, 8616282, 5914382, 6088905, 5750776, 200000, 200000, 54000000, 3572.0215, 0.15, 79321380, 188883890, 8616282, 5914382, 6088905, 5750776, 200000, 200000, 54000000, 3572.0215, 0.15, 79321380, 188883890, 8616282, 5914382, 6088905, 5750776, 200000, 200000, 54000000, 3572.0215, 0.15, 79321380, 188883890, 8616282, 5914382, 6088905, 5750776, 200000, 200000, 54000000, 3572.0215, 0.15, 79321380, 188883890, 8616282, 5914382, 6088905, 5750776, 200000, 200000, 54000000, 3572.0215, 0.15, 79321380, 188883890, 8616282, 5914382, 6088905, 5750776, 200000, 200000, 54000000, 3572.0215, 0.15, 79321380, 188883890, 8616282, 5914382, 6088905, 5750776, 200000, 200000, 54000000, 3572.0215, 0.15, 79321380, 188883890, 8616282, 5914382, 6088905, 5750776, 200000, 200000, 54000000, 3572.0215, 0.15, 79321380, 188883890, 8616282, 5914382, 6088905, 5750776, 200000, 200000, 54000000, 3572.0215, 0.15, 79321380, 188883890, 8616282, 5914382, 6088905, 5750776, 200000, 200000, 54000000, 3572.0215, 0.15, 79321380, 188883890, 8616282, 5914382, 6088905, 5750776, 200000, 200000, 54000000, 3572.0215, 0.15, 79321380, 188883890, 8616282, 5914382, 6088905, 5750776, 200000, 200000, 54000000, 3572.0215, 0.15, 79321380, 188883890, 8616282, 5914382, 6088905, 5750776, 200000, 200000, 54000000, 3572.0215, 0.15, 79321380, 188883890, 8616282, 5914382, 6088905, 5750776, 200000, 200000, 54000000, 3572.0215, 0.15, 79321380, 188883890, 8616282, 5914382, 6088905, 5750776, 200000, 200000, 54000000, 3572.0215, 0.15, 79321380, 188883890, 8616282, 5914382, 6088905, 5750776, 200000, 200000, 54000000, 3572.0215, 0.15, 79321380, 188883890, 8616282, 5914382, 6088905, 5750776, 200000, 200000, 54000000, 3572.0215, 0.15, 79321380, 188883890, 8616282, 5914382, 6088905, 5750776, 200000, 200000, 54000000, 3572.0215, 0.15, 79321380, 188883890, 8616282, 5914382, 6088905, 5750776, 200000, 200000, 54000000, 3572.0215, 0.15, 79321380, 188883890, 8616282, 5914382, 6088905, 5750776, 200000, 200000, 54000000, 3572.0215, 0.15, 79321380, 188883890, 8616282, 5914382, 6088905, 5750776, 200000, 200000, 54000000, 3572.0215, 0.15, 79321380, 188883890, 8616282, 5914382, 6088905, 5750776, 200000, 200000, 54000000, 3572.0215, 0.15, 79321380, 188883890, 8616282, 5914382, 6088905, 5750776, 200000, 200000, 54000000, 3572.0215, 0.15, 79321380, 188883890, 8616282, 5914382, 6088905, 5750776, 200000, 200000, 54000000, 3572.0215, 0.15, 79321380, 188883890, 8616282, 5914382, 6088905, 5750776, 200000, 200000, 54000000, 3572.0215, 0.15, 79321380, 188883890, 8616282, 5914382, 6088905, 5750776, 200000, 200000, 54000000, 3572.0215, 0.15, 79321380, 188883890, 8616282, 5914382, 6088905, 5750776, 200000, 200000, 54000000, 3572.0215, 0.15, 79321380, 188883890, 8616282, 5914382, 6088905, 5750776, 200000, 200000, 54000000, 3572.0215, 0.15, 79321380, 188883890, 8616282, 5914382, 6088905, 5750776, 200000, 200000, 54000000, 3572.0215, 0.15, 79321380, 188883890, 8616282, 5914382, 6088905, 5750776, 200000, 200000, 54000000, 3572.0215, 0.15, 79321380, 188883890, 8616282, 5914382, 6088905, 5750776, 200000, 200000, 54000000, 3572.0215, 0.15, 79321380, 188883890, 8616282, 5914382, 6088905, 5750776, 200000, 200000, 54000000, 3572.0215, 0.15, 79321380, 188883890, 8616282, 5914382, 6088905, 5750776, 200000, 200000, 54000000, 3572.0215, 0.15, 79321380, 188883890, 8616282, 5914382, 6088905, 5750776, 200000, 200000, 54000000, 3572.0215, 0.15, 79321380, 188883890, 8616282, 5914382, 6088905, 5750776, 200000, 200000, 54000000, 3572.0215, 0.15, 79321380, 188883890, 8616282, 5914382, 6088905, 5750776, 200000, 200000, 54000000, 3572.0215, 0.15, 79321380, 188883890, 8616282, 5914382, 6088905, 5750776, 200000, 200000, 54000000, 3572.0215, 0.15, 79321380, 188883890, 8616282, 5914382, 6088905, 5750776, 200000, 200000, 54000000, 3572.0215, 0.15, 79321380, 188883890, 8616282, 5914382, 6088905, 5750776, 200000, 200000, 54000000, 3572.0215, 0.15, 79321380, 188883890, 8616282, 5914382, 6088905, 5750776, 200000, 200000, 54000000, 3572.0215, 0.15, 79321380, 188883890, 8616282, 5914382, 6088905, 5750776, 200000, 200000, 54000000, 3572.0215, 0.15, 79321380, 188883890, 8616282, 5914382, 6088905, 5750776, 200000, 200000, 54000000, 3572.0215, 0.15, 79321380, 188883890, 8616282, 5914382, 6088905, 5750776, 200000, 200000, 54000000, 3572.0215, 0.15, 79321380, 188883890, 8616282, 5914382, 6088905, 5750776, 200000, 200000, 54000000, 3572.0215, 0.15, 79321380, 188883890, 8616282, 5914382, 6088905, 5750776, 200000, 200000, 54000000, 3572.0215, 0.15, 79321380, 188883890, 8616282, 5914382, 6088905, 5750776, 200000, 200000, 54000000, 3572.0215, 0.15, 79321380, 188883890, 8616282, 5914382, 6088905, 5750776, 200000, 200000, 54000000, 3572.0215, 0.15, 79321380, 188883890, 8616282, 5914382, 6088905, 5750776, 200000, 200000, 54000000, 3572.0215, 0.15, 79321380, 188883890, 8616282, 5914382, 6088905, 5750776, 200000, 200000, 54000000, 3572.0215, 0.15, 79321380, 188883890, 8616282, 5914382, 6088905, 5750776, 200000, 200000, 54000000, 3572.0215, 0.15, 79321380, 188883890, 8616282, 5914382, 6088905, 5750776, 200000, 200000, 54000000, 3572.0215, 0.15, 79321380, 188883890, 8616282, 5914382, 6088905, 5750776, 200000, 200000, 54000000, 3572.0215, 0.15, 79321380, 188883890, 8616282, 5914382, 6088905, 5750776, 200000, 200000, 54000000, 3572.0215, 0.15, 79321380, 188883890, 8616282, 5914382, 6088905, 5750776, 200000, 200000, 54000000, 3572.0215, 0.15, 79321380, 188883890, 8616282, 5914382, 6088905, 5750776, 200000, 200000, 54000000, 3572.0215, 0.15, 79321380, 188883890, 8616282, 5914382, 6088905, 5750776, 200000, 200000, 54000000, 3572.0215, 0.15, 79321380, 188883890, 8616282, 5914382, 6088905, 5750776, 200000, 200000, 54000000, 3572.0215, 0.15, 79321380, 188883890, 8616282, 5914382, 6088905, 5750776, 200000, 200000, 54000000, 3572.0215, 0.15, 79321380, 188883890, 8616282, 5914382, 6088905, 5750776, 200000, 200000, 54000000, 3572.0215, 0.15, 79321380, 188883890, 8616282, 5914382, 6088905, 5750776, 200000, 200000, 54000000, 3572.0215, 0.15, 79321380, 188883890, 8616282, 5914382, 6088905, 5750776, 200000, 200000, 54000000, 3572.0215, 0.15, 79321380, 188883890, 8616282, 5914382, 6088905, 5750776, 200000, 200000, 54000000, 3572.0215, 0.15, 79321380, 188883890, 8616282, 5914382, 6088905, 5750776, 200000, 200000, 54000000, 3572.0215, 0.15, 79321380, 188883890, 8616282, 5914382, 6088905, 5750776, 200000, 200000, 54000000, 3572.0215, 0.15, 79321380, 188883890, 8616282, 5914382, 6088905, 5750776, 200000, 200000, 54000000, 3572.0215, 0.15, 79321380, 188883890, 8616282, 5914382, 6088905, 5750776, 200000, 200000, 54000000, 3572.0215, 0.15, 79321380, 188883890, 8616282, 5914382, 6088905, 5750776, 200000, 200000, 54000000, 3572.0215, 0.15, 79321380, 188883890, 8616282, 5914382, 6088905, 5750776, 200000, 200000, 54000000, 3572.0215, 0.15, 79321380, 188883890, 8616282, 5914382, 6088905, 5750776, 200000, 200000, 54000000, 3572.0215, 0.15, 79321380, 188883890, 8616282, 5914382, 6088905, 5750776, 200000, 200000, 54000000, 3572.0215, 0.15, 79321380, 188883890, 8616282, 5914382, 6088905, 5750776, 200000, 200000, 54000000, 3572.0215, 0.15, 79321380, 188883890, 8616282, 5914382, 6088905, 5750776, 200000, 200000, 54000000, 3572.0215, 0.15, 79321380, 188883890, 8616282, 5914382, 6088905, 5750776, 200000, 200000, 54000000, 3572.0215, 0.15, 79321380, 188883890, 8616282, 5914382, 6088905, 5750776, 200000, 200000, 54000000, 3572.0215, 0.15, 79321380, 188883890, 8616282, 5914382, 6088905, 5750776, 200000, 200000, 54000000, 3572.0215, 0.15, 79321380, 188883890, 8616282, 5914382, 6088905, 5750776, 200000, 200000, 54000000, 3572.0215, 0.15, 79321380, 188883890, 8616282, 5914382, 6088905, 5750776, 200000, 200000, 54000000, 3572.0215, 0.15, 79321380, 188883890, 8616282, 5914382, 6088905, 5750776, 200000, 200000, 54000000, 3572.0215, 0.15, 79321380, 188883890, 8616282, 5914382, 6088905, 5750776, 200000, 200000, 54000000, 3572.0215, 0.15, 79321380, 188883890, 8616282, 5914382, 6088905, 5750776, 200000, 200000, 54000000, 3572.0215, 0.15, 79321380, 188883890, 8616282, 5914382, 6088905, 5750776, 200000, 200000, 54000000, 3572.0215, 0.15, 79321380, 188883890, 8616282, 5914382, 6088905, 5750776, 200000, 200000, 54000000, 3572.0215, 0.15, 79321380, 188883890, 8616282, 5914382, 6088905, 5750776, 200000, 200000, 54000000, 3572.0215, 0.15, 79321380, 188883890, 8616282, 5914382, 6088905, 5750776, 200000, 200000, 54000000, 3572.0215, 0.15, 79321380, 188883890, 8616282, 5914382, 6088905, 5750776, 200000, 200000, 54000000, 3572.0215, 0.15, 79321380, 188883890, 8616282, 5914382, 6088905, 5750776, 200000, 200000, 54000000, 3572.0215, 0.15, 79321380, 188883890, 8616282, 5914382, 6088905, 5750776, 200000, 200000, 54000000, 3572.0215, 0.15, 79321380, 188883890, 8616282, 5914382, 6088905, 5750776, 200000, 200000, 54000000, 3572.0215, 0.15, 79321380, 188883890, 8616282, 5914382, 6088905, 5750776, 200000, 200000, 54000000, 3572.0215, 0.15, 79321380, 188883890, 8616282, 5914382, 6088905, 5750776, 200000, 200000, 54000000, 3572.0215, 0.15, 79321380, 188883890, 8616282, 5914382, 6088905, 5750776, 200000, 200000, 54000000, 3572.0215, 0.15, 79321380, 188883890, 8616282, 5914382, 6088905, 5750776, 200000, 200000, 54000000, 3572.0215, 0.15, 79321380, 188883890, 8616282, 5914382, 6088905, 5750776, 200000, 200000, 54000000, 3572.0215, 0.15, 79321380, 188883890, 8616282, 5914382, 6088905, 5750776, 200000, 200000, 54000000, 3572.0215, 0.15, 79321380, 188883890, 8616282, 5914382, 6088905, 5750776, 200000, 200000, 54000000, 3572.0215, 0.15, 79321380, 188883890, 8616282, 5914382, 6088905, 5750776, 200000, 200000, 54000000, 3572.0215, 0.15, 79321380, 188883890, 8616282, 5914382, 6088905, 5750776, 200000, 200000, 54000000, 3572.0215, 0.15, 79321380, 188883890, 8616282, 5914382, 6088905, 5750776, 200000, 200000, 54000000, 3572.0215, 0.15, 79321380, 188883890, 8616282, 5914382, 6088905, 5750776, 200000, 200000, 54000000, 3572.0215, 0.15, 79321380, 188883890, 8616282, 5914382, 6088905, 5750776, 200000, 200000, 54000000, 3572.0215, 0.15, 79321380, 188883890, 8616282, 5914382, 6088905, 5750776, 200000, 200000, 54000000, 3572.0215, 0.15, 79321380, 188883890, 8616282, 5914382, 6088905, 5750776, 200000, 200000, 54000000, 3572.0215, 0.15, 79321380, 188883890, 8616282, 5914382, 6088905, 5750776, 200000, 200000, 54000000, 3572.0215, 0.15, 79321380, 188883890, 8616282, 5914382, 6088905, 5750776, 200000, 200000, 54000000, 3572.0215, 0.15, 79321380, 188883890, 8616282, 5914382, 6088905, 5750776, 200000, 200000, 54000000, 3572.0215, 0.15, 79321380, 188883890, 8616282, 5914382, 6088905, 5750776, 200000, 200000, 54000000, 3572.0215, 0.15, 79321380, 188883890, 8616282, 5914382, 6088905, 5750776, 200000, 200000, 54000000, 3572.0215, 0.15, 79321380, 188883890, 8616282, 5914382, 6088905, 5750776, 200000, 200000, 54000000, 3572.0215, 0.15, 79321380, 188883890, 8616282, 5914382, 6088905, 5750776, 200000, 200000, 54000000, 3572.0215, 0.15, 79321380, 188883890, 8616282, 5914382, 6088905, 5750776, 200000, 200000, 54000000, 3572.0215, 0.15, 79321380, 188883890, 8616282, 5914382, 6088905, 5750776, 200000, 200000, 54000000, 3572.0215, 0.15, 79321380, 188883890, 8616282, 5914382, 6088905, 5750776, 200000, 200000, 54000000, 3572.0215, 0.15, 79321380, 188883890, 8616282, 5914382, 6088905, 5750776, 200000, 200000, 54000000, 3572.0215, 0.15, 79321380, 188883890, 8616282, 5914382, 6088905, 5750776, 200000, 200000, 54000000, 3572.0215, 0.15, 79321380, 188883890, 8616282, 5914382, 6088905, 5750776, 200000, 200000, 54000000, 3572.0215, 0.15, 79321380, 188883890, 8616282, 5914382, 6088905, 5750776, 200000, 200000, 54000000, 3572.0215, 0.15, 79321380, 188883890, 8616282, 5914382, 6088905, 5750776, 200000, 200000, 54000000, 3572.0215, 0.15, 79321380, 188883890, 8616282, 5914382, 6088905, 5750776, 200000, 200000, 54000000, 3572.0215, 0.15, 79321380, 188883890, 8616282, 5914382, 6088905, 5750776, 200000, 200000, 54000000, 3572.0215, 0.15, 79321380, 188883890, 8616282, 5914382, 6088905, 5750776, 200000, 200000, 54000000, 3572.0215, 0.15, 79321380, 188883890, 8616282, 5914382, 6088905, 5750776, 200000, 200000, 54000000, 3572.0215, 0.15, 79321380, 188883890, 8616282, 5914382, 6088905, 5750776, 200000, 200000, 54000000, 3572.0215, 0.15, 79321380, 188883890, 8616282, 5914382, 6088905, 5750776, 200000, 200000, 54000000, 3572.0215, 0.15, 79321380, 188883890, 8616282, 5914382, 6088905, 5750776, 200000, 200000, 54000000, 3572.0215, 0.15, 79321380, 188883890, 8616282, 5914382, 6088905, 5750776, 200000, 200000, 54000000, 3572.0215, 0.15, 79321380, 188883890, 8616282, 5914382, 6088905, 5750776, 200000, 200000, 54000000, 3572.0215, 0.15, 79321380, 188883890, 8616282, 5914382, 6088905, 5750776, 200000, 200000, 54000000, 3572.0215, 0.15, 79321380, 188883890, 8616282, 5914382, 6088905, 5750776, 200000, 200000, 54000000, 3572.0215, 0.15, 79321380, 188883890, 8616282, 5914382, 6088905, 5750776, 200000, 200000, 54000000, 3572.0215, 0.15, 79321380, 188883890, 8616282, 5914382, 6088905, 5750776, 200000, 200000, 54000000, 3572.0215, 0.15, 79321380, 188883890, 8616282, 5914382, 6088905, 5750776, 200000, 200000, 54000000, 3572.0215, 0.15, 79321380, 188883890, 8616282, 5914382, 6088905, 5750776, 200000, 200000, 54000000, 3572.0215, 0.15, 79321380, 188883890, 8616282, 5914382, 6088905, 5750776, 200000, 200000, 54000000, 3572.0215, 0.15, 79321380, 188883890, 8616282, 5914382, 6088905, 5750776, 200000, 200000, 54000000, 3572.0215, 0.15, 79321380, 188883890, 8616282, 5914382, 6088905, 5750776, 200000, 200000, 54000000, 3572.0215, 0.15, 79321380, 188883890, 8616282, 5914382, 6088905, 5750776, 200000, 200000, 54000000, 3572.0215, 0.15, 79321380, 188883890, 8616282, 5914382, 6088905, 5750776, 200000, 200000, 54000000, 3572.0215, 0.15, 79321380, 188883890, 8616282, 5914382, 6088905, 5750776, 200000, 200000, 54000000, 3572.0215, 0.15, 79321380, 188883890, 8616282, 5914382, 6088905, 5750776, 200000, 200000, 54000000, 3572.0215, 0.15, 79321380, 188883890, 8616282, 5914382, 6088905, 5750776, 200000, 200000, 54000000, 3572.0215, 0.15, 79321380, 188883890, 8616282, 5914382, 6088905, 5750776, 200000, 200000, 54000000, 3572.0215, 0.15, 79321380, 188883890, 8616282, 5914382, 6088905, 5750776, 200000, 200000, 54000000, 3572.0215, 0.15, 79321380, 188883890, 8616282, 5914382, 6088905, 5750776, 200000, 200000, 54000000, 3572.0215, 0.15, 79321380, 188883890, 8616282, 5914382, 6088905, 5750776, 200000, 200000, 54000000, 3572.0215, 0.15, 79321380, 188883890, 8616282, 5914382, 6088905, 5750776, 200000, 200000, 54000000, 3572.0215, 0.15, 79321380, 188883890, 8616282, 5914382, 6088905, 5750776, 200000, 200000, 54000000, 3572.0215, 0.15, 79321380, 188883890, 8616282, 5914382, 6088905, 5750776, 200000, 200000, 54000000, 3572.0215, 0.15, 79321380, 188883890, 8616282, 5914382, 6088905, 5750776, 200000, 200000, 54000000, 3572.0215, 0.15, 79321380, 188883890, 8616282, 5914382, 6088905, 5750776, 200000, 200000, 54000000, 3572.0215, 0.15, 79321380, 188883890, 8616282, 5914382, 6088905, 5750776, 200000, 200000, 54000000, 3572.0215, 0.15, 79321380, 188883890, 8616282, 5914382, 6088905, 5750776, 200000, 200000, 54000000, 3572.0215, 0.15, 79321380, 188883890, 8616282, 5914382, 6088905, 5750776, 200000, 200000, 54000000, 3572.0215, 0.15, 79321380, 188883890, 8616282, 5914382, 6088905, 5750776, 200000, 200000, 54000000, 3572.0215, 0.15, 79321380, 188883890, 8616282, 5914382, 6088905, 5750776, 200000, 200000, 54000000, 3572.0215, 0.15, 79321380, 188883890, 8616282, 5914382, 6088905, 5750776, 200000, 200000, 54000000, 3572.0215, 0.15, 79321380, 188883890, 8616282, 5914382, 6088905, 5750776, 200000, 200000, 54000000, 3572.0215, 0.15, 79321380, 188883890, 8616282, 5914382, 6088905, 5750776, 200000, 200000, 54000000, 3572.0215, 0.15, 79321380, 188883890, 8616282, 5914382, 6088905, 5750776, 200000, 200000, 54000000, 3572.0215, 0.15, 79321380, 188883890, 8616282, 5914382, 6088905, 5750776, 200000, 200000, 54000000, 3572.0215, 0.15, 79321380, 188883890, 8616282, 5914382, 6088905, 5750776, 200000, 200000, 54000000, 3572.0215, 0.15, 79321380, 188883890, 8616282, 5914382, 6088905, 5750776, 200000, 200000, 54000000, 3572.0215, 0.15, 79321380, 188883890, 8616282, 5914382, 6088905, 5750776, 200000, 200000, 54000000, 3572.0215, 0.15, 79321380, 188883890, 8616282, 5914382, 6088905, 5750776, 200000, 200000, 54000000, 3572.0215, 0.15, 79321380, 188883890, 8616282, 5914382, 6088905, 5750776, 200000, 200000, 54000000, 3572.0215, 0.15, 79321380, 188883890, 8616282, 5914382, 6088905, 5750776, 200000, 200000, 54000000, 3572.0215, 0.15, 79321380, 188883890, 8616282, 5914382, 6088905, 5750776, 200000, 200000, 54000000, 3572.0215, 0.15, 79321380, 188883890, 8616282, 5914382, 6088905, 5750776, 200000, 200000, 54000000, 3572.0215, 0.15, 79321380, 188883890, 8616282, 5914382, 6088905, 5750776, 200000, 200000, 54000000, 3572.0215, 0.15, 79321380, 188883890, 8616282, 5914382, 6088905, 5750776, 200000, 200000, 54000000, 3572.0215, 0.15, 79321380, 188883890, 8616282, 5914382, 6088905, 5750776, 200000, 200000, 54000000, 3572.0215, 0.15, 79321380, 188883890, 8616282, 5914382, 6088905, 5750776, 200000, 200000, 54000000, 3572.0215, 0.15, 79321380, 188883890, 8616282, 5914382, 6088905, 5750776, 200000, 200000, 54000000, 3572.0215, 0.15, 79321380, 188883890, 8616282, 5914382, 6088905, 5750776, 200000, 200000, 54000000, 3572.0215, 0.15, 79321380, 188883890, 8616282, 5914382, 6088905, 5750776, 200000, 200000, 54000000, 3572.0215, 0.15, 79321380, 188883890, 8616282, 5914382, 6088905, 5750776, 200000, 200000, 54000000, 3572.0215, 0.15, 79321380, 188883890, 8616282, 5914382, 6088905, 5750776, 200000, 200000, 54000000, 3572.0215, 0.15, 79321380, 188883890, 8616282, 5914382, 6088905, 5750776, 200000, 200000, 54000000, 3572.0215, 0.15, 79321380, 188883890, 8616282, 5914382, 6088905, 5750776, 200000, 200000, 54000000, 3572.0215, 0.15, 79321380, 188883890, 8616282, 5914382, 6088905, 5750776, 200000, 200000, 54000000, 3572.0215, 0.15, 79321380, 188883890, 8616282, 5914382, 6088905, 5750776, 200000, 200000, 54000000, 3572.0215, 0.15, 79321380, 188883890, 8616282, 5914382, 6088905, 5750776, 200000, 200000, 54000000, 3572.0215, 0.15, 79321380, 188883890, 8616282, 5914382, 6088905, 5750776, 200000, 200000, 54000000, 3572.0215, 0.15, 79321380, 188883890, 8616282, 5914382, 6088905, 5750776, 200000, 200000, 54000000, 3572.0215, 0.15, 79321380, 188883890, 8616282, 5914382, 6088905, 5750776, 200000, 200000, 54000000, 3572.0215, 0.15, 79321380, 188883890, 8616282, 5914382, 6088905, 5750776, 200000, 200000, 54000000, 3572.0215, 0.15, 79321380, 188883890, 8616282, 5914382, 6088905, 5750776, 200000, 200000, 54000000, 3572.0215, 0.15, 79321380, 188883890, 8616282, 5914382, 6088905, 5750776, 200000, 200000, 54000000, 3572.0215, 0.15, 79321380, 188883890, 8616282, 5914382, 6088905, 5750776, 200000, 200000, 54000000, 3572.0215, 0.15, 79321380, 188883890, 8616282, 5914382, 6088905, 5750776, 200000, 200000, 54000000, 3572.0215, 0.15, 79321380, 188883890, 8616282, 5914382, 6088905, 5750776, 200000, 200000, 54000000, 3572.0215, 0.15, 79321380, 188883890, 8616282, 5914382, 6088905, 5750776, 200000, 200000, 54000000, 3572.0215, 0.15, 79321380, 188883890, 8616282, 5914382, 6088905, 5750776, 200000, 200000, 54000000, 3572.0215, 0.15, 79321380, 188883890, 8616282, 5914382, 6088905, 5750776, 200000, 200000, 54000000, 3572.0215, 0.15, 79321380, 188883890, 8616282, 5914382, 6088905, 5750776, 200000, 200000, 54000000, 3572.0215, 0.15, 79321380, 188883890, 8616282, 5914382, 6088905, 5750776, 200000, 200000, 54000000, 3572.0215, 0.15, 79321380, 188883890, 8616282, 5914382, 6088905, 5750776, 200000, 200000, 54000000, 3572.0215, 0.15, 79321380, 188883890, 8616282, 5914382, 6088905, 5750776, 200000, 200000, 54000000, 3572.0215, 0.15, 79321380, 188883890, 8616282, 5914382, 6088905, 5750776, 200000, 200000, 54000000, 3572.0215, 0.15, 79321380, 188883890, 8616282, 5914382, 6088905, 5750776, 200000, 200000, 54000000, 3572.0215, 0.15, 79321380, 188883890, 8616282, 5914382, 6088905, 5750776, 200000, 200000, 54000000, 3572.0215, 0.15, 79321380, 188883890, 8616282, 5914382, 6088905, 5750776, 200000, 200000, 54000000, 3572.0215, 0.15, 79321380, 188883890, 8616282, 5914382, 6088905, 5750776, 200000, 200000, 54000000, 3572.0215, 0.15, 79321380, 188883890, 8616282, 5914382, 6088905, 5750776, 200000, 200000, 54000000, 3572.0215, 0.15, 79321380, 188883890, 8616282, 5914382, 6088905, 5750776, 200000, 200000, 54000000, 3572.0215, 0.15, 79321380, 188883890, 8616282, 5914382, 6088905, 5750776, 200000, 200000, 54000000, 3572.0215, 0.15, 79321380, 188883890, 8616282, 5914382, 6088905, 5750776, 200000, 200000, 54000000, 3572.0215, 0.15, 79321380, 188883890, 8616282, 5914382, 6088905, 5750776, 200000, 200000, 54000000, 3572.0215, 0.15, 79321380, 188883890, 8616282, 5914382, 6088905, 5750776, 200000, 200000, 54000000, 3572.0215, 0.15, 79321380, 188883890, 8616282, 5914382, 6088905, 5750776, 200000, 200000, 54000000, 3572.0215, 0.15, 79321380, 188883890, 8616282, 5914382, 6088905, 5750776, 200000, 200000, 54000000, 3572.0215, 0.15, 79321380, 188883890, 8616282, 5914382, 6088905, 5750776, 200000, 200000, 54000000, 3572.0215, 0.15, 79321380, 188883890, 8616282, 5914382, 6088905, 5750776, 200000, 200000, 54000000, 3572.0215, 0.15, 79321380, 188883890, 8616282, 5914382, 6088905, 5750776, 200000, 200000, 54000000, 3572.0215, 0.15, 79321380, 188883890, 8616282, 5914382, 6088905, 5750776, 200000, 200000, 54000000, 3572.0215, 0.15, 79321380, 188883890, 8616282, 5914382, 6088905, 5750776, 200000, 200000, 54000000, 3572.0215, 0.15, 79321380, 188883890, 8616282, 5914382, 6088905, 5750776, 200000, 200000, 54000000, 3572.0215, 0.15, 79321380, 188883890, 8616282, 5914382, 6088905, 5750776, 200000, 200000, 54000000, 3572.0215, 0.15, 79321380, 188883890, 8616282, 5914382, 6088905, 5750776, 200000, 200000, 54000000, 3572.0215, 0.15, 79321380, 188883890, 8616282, 5914382, 6088905, 5750776, 200000, 200000, 54000000, 3572.0215, 0.15, 79321380, 188883890, 8616282, 5914382, 6088905, 5750776, 200000, 200000, 54000000, 3572.0215, 0.15, 79321380, 188883890, 8616282, 5914382, 6088905, 5750776, 200000, 200000, 54000000, 3572.0215, 0.15, 79321380, 188883890, 8616282, 5914382, 6088905, 5750776, 200000, 200000, 54000000, 3572.0215, 0.15, 79321380, 188883890, 8616282, 5914382, 6088905, 5750776, 200000, 200000, 54000000, 3572.0215, 0.15, 79321380, 188883890, 8616282, 5914382, 6088905, 5750776, 200000, 200000, 54000000, 3572.0215, 0.15, 79321380, 188883890, 8616282, 5914382, 6088905, 5750776, 200000, 200000, 54000000, 3572.0215, 0.15, 79321380, 188883890, 8616282, 5914382, 6088905, 5750776, 200000, 200000, 54000000, 3572.0215, 0.15, 79321380, 188883890, 8616282, 5914382, 6088905, 5750776, 200000, 200000, 54000000, 3572.0215, 0.15, 79321380, 188883890, 8616282, 5914382, 6088905, 5750776, 200000, 200000, 54000000, 3572.0215, 0.15, 79321380, 188883890, 8616282, 5914382, 6088905, 5750776, 200000, 200000, 54000000, 3572.0215, 0.15, 79321380, 188883890, 8616282, 5914382, 6088905, 5750776, 200000, 200000, 54000000, 3572.0215, 0.15, 79321380, 188883890, 8616282, 5914382, 6088905, 5750776, 200000, 200000, 54000000, 3572.0215, 0.15, 79321380, 188883890, 8616282, 5914382, 6088905, 5750776, 200000, 200000, 54000000, 3572.0215, 0.15, 79321380, 188883890, 8616282, 5914382, 6088905, 5750776, 200000, 200000, 54000000, 3572.0215, 0.15, 79321380, 188883890, 8616282, 5914382, 6088905, 5750776, 200000, 200000, 54000000, 3572.0215, 0.15, 79321380, 188883890, 8616282, 5914382, 6088905, 5750776, 200000, 200000, 54000000, 3572.0215, 0.15, 79321380, 188883890, 8616282, 5914382, 6088905, 5750776, 200000, 200000, 54000000, 3572.0215, 0.15, 79321380, 188883890, 8616282, 5914382, 6088905, 5750776, 200000, 200000, 54000000, 3572.0215, 0.15, 79321380, 188883890, 8616282, 5914382, 6088905, 5750776, 200000, 200000, 54000000, 3572.0215, 0.15, 79321380, 188883890, 8616282, 5914382, 6088905, 5750776, 200000, 200000, 54000000, 3572.0215, 0.15, 79321380, 188883890, 8616282, 5914382, 6088905, 5750776, 200000, 200000, 54000000, 3572.0215, 0.15, 79321380, 188883890, 8616282, 5914382, 6088905, 5750776, 200000, 200000, 54000000, 3572.0215, 0.15, 79321380, 188883890, 8616282, 5914382, 6088905, 5750776, 200000, 200000, 54000000, 3572.0215, 0.15, 79321380, 188883890, 8616282, 5914382, 6088905, 5750776, 200000, 200000, 54000000, 3572.0215, 0.15, 79321380, 188883890, 8616282, 5914382, 6088905, 5750776, 200000, 200000, 54000000, 3572.0215, 0.15, 79321380, 188883890, 8616282, 5914382, 6088905, 5750776, 200000, 200000, 54000000, 3572.0215, 0.15, 79321380, 188883890, 8616282, 5914382, 6088905, 5750776, 200000, 200000, 54000000, 3572.0215, 0.15, 79321380, 188883890, 8616282, 5914382, 6088905, 5750776, 200000, 200000, 54000000, 3572.0215, 0.15, 79321380, 188883890, 8616282, 5914382, 6088905, 5750776, 200000, 200000, 54000000, 3572.0215, 0.15, 79321380, 188883890, 8616282, 5914382, 6088905, 5750776, 200000, 200000, 54000000, 3572.0215, 0.15, 79321380, 188883890, 8616282, 5914382, 6088905, 5750776, 200000, 200000, 54000000, 3572.0215, 0.15, 79321380, 188883890, 8616282, 5914382, 6088905, 5750776, 200000, 200000, 54000000, 3572.0215, 0.15, 79321380, 188883890, 8616282, 5914382, 6088905, 5750776, 200000, 200000, 54000000, 3572.0215, 0.15, 79321380, 188883890, 8616282, 5914382, 6088905, 5750776, 200000, 200000, 54000000, 3572.0215, 0.15, 79321380, 188883890, 8616282, 5914382, 6088905, 5750776, 200000, 200000, 54000000, 3572.0215, 0.15, 79321380, 188883890, 8616282, 5914382, 6088905, 5750776, 200000, 200000, 54000000, 3572.0215, 0.15, 79321380, 188883890, 8616282, 5914382, 6088905, 5750776, 200000, 200000, 54000000, 3572.0215, 0.15, 79321380, 188883890, 8616282, 5914382, 6088905, 5750776, 200000, 200000, 54000000, 3572.0215, 0.15, 79321380, 188883890, 8616282, 5914382, 6088905, 5750776, 200000, 200000, 54000000, 3572.0215, 0.15, 79321380, 188883890, 8616282, 5914382, 6088905, 5750776, 200000, 200000, 54000000, 3572.0215, 0.15, 79321380, 188883890, 8616282, 5914382, 6088905, 5750776, 200000, 200000, 54000000, 3572.0215, 0.15, 79321380, 188883890, 8616282, 5914382, 6088905, 5750776, 200000, 200000, 54000000, 3572.0215, 0.15, 79321380, 188883890, 8616282, 5914382, 6088905, 5750776, 200000, 200000, 54000000, 3572.0215, 0.15, 79321380, 188883890, 8616282, 5914382, 6088905, 5750776, 200000, 200000, 54000000, 3572.0215, 0.15, 79321380, 188883890, 8616282, 5914382, 6088905, 5750776, 200000, 200000, 54000000, 3572.0215, 0.15, 79321380, 188883890, 8616282, 5914382, 6088905, 5750776, 200000, 200000, 54000000, 3572.0215, 0.15, 65757080, 705736500, 66649000, 23586164, 32335870, 34435000, 1630000, 1630000, 1630000, 3106.1055, 0.15, 65757080, 705736500, 66649000, 23586164, 32335870, 34435000, 1630000, 1630000, 1630000, 3106.1055, 0.15, 65757080, 705736500, 66649000, 23586164, 32335870, 34435000, 1630000, 1630000, 1630000, 3106.1055, 0.15, 65757080, 705736500, 66649000, 23586164, 32335870, 34435000, 1630000, 1630000, 1630000, 3106.1055, 0.15, 65757080, 705736500, 66649000, 23586164, 32335870, 34435000, 1630000, 1630000, 1630000, 3106.1055, 0.15, 65757080, 705736500, 66649000, 23586164, 32335870, 34435000, 1630000, 1630000, 1630000, 3106.1055, 0.15, 65757080, 705736500, 66649000, 23586164, 32335870, 34435000, 1630000, 1630000, 1630000, 3106.1055, 0.15, 65757080, 705736500, 66649000, 23586164, 32335870, 34435000, 1630000, 1630000, 1630000, 3106.1055, 0.15, 65757080, 705736500, 66649000, 23586164, 32335870, 34435000, 1630000, 1630000, 1630000, 3106.1055, 0.15, 65757080, 705736500, 66649000, 23586164, 32335870, 34435000, 1630000, 1630000, 1630000, 3106.1055, 0.15, 65757080, 705736500, 66649000, 23586164, 32335870, 34435000, 1630000, 1630000, 1630000, 3106.1055, 0.15, 65757080, 705736500, 66649000, 23586164, 32335870, 34435000, 1630000, 1630000, 1630000, 3106.1055, 0.15, 65757080, 705736500, 66649000, 23586164, 32335870, 34435000, 1630000, 1630000, 1630000, 3106.1055, 0.15, 65757080, 705736500, 66649000, 23586164, 32335870, 34435000, 1630000, 1630000, 1630000, 3106.1055, 0.15, 65757080, 705736500, 66649000, 23586164, 32335870, 34435000, 1630000, 1630000, 1630000, 3106.1055, 0.15, 65757080, 705736500, 66649000, 23586164, 32335870, 34435000, 1630000, 1630000, 1630000, 3106.1055, 0.15, 65757080, 705736500, 66649000, 23586164, 32335870, 34435000, 1630000, 1630000, 1630000, 3106.1055, 0.15, 65757080, 705736500, 66649000, 23586164, 32335870, 34435000, 1630000, 1630000, 1630000, 3106.1055, 0.15, 65757080, 705736500, 66649000, 23586164, 32335870, 34435000, 1630000, 1630000, 1630000, 3106.1055, 0.15, 65757080, 705736500, 66649000, 23586164, 32335870, 34435000, 1630000, 1630000, 1630000, 3106.1055, 0.15, 65757080, 705736500, 66649000, 23586164, 32335870, 34435000, 1630000, 1630000, 1630000, 3106.1055, 0.15, 65757080, 705736500, 66649000, 23586164, 32335870, 34435000, 1630000, 1630000, 1630000, 3106.1055, 0.15, 65757080, 705736500, 66649000, 23586164, 32335870, 34435000, 1630000, 1630000, 1630000, 3106.1055, 0.15, 65757080, 705736500, 66649000, 23586164, 32335870, 34435000, 1630000, 1630000, 1630000, 3106.1055, 0.15, 65757080, 705736500, 66649000, 23586164, 32335870, 34435000, 1630000, 1630000, 1630000, 3106.1055, 0.15, 65757080, 705736500, 66649000, 23586164, 32335870, 34435000, 1630000, 1630000, 1630000, 3106.1055, 0.15, 65757080, 705736500, 66649000, 23586164, 32335870, 34435000, 1630000, 1630000, 1630000, 3106.1055, 0.15, 65757080, 705736500, 66649000, 23586164, 32335870, 34435000, 1630000, 1630000, 1630000, 3106.1055, 0.15, 65757080, 705736500, 66649000, 23586164, 32335870, 34435000, 1630000, 1630000, 1630000, 3106.1055, 0.15, 65757080, 705736500, 66649000, 23586164, 32335870, 34435000, 1630000, 1630000, 1630000, 3106.1055, 0.15, 65757080, 705736500, 66649000, 23586164, 32335870, 34435000, 1630000, 1630000, 1630000, 3106.1055, 0.15, 65757080, 705736500, 66649000, 23586164, 32335870, 34435000, 1630000, 1630000, 1630000, 3106.1055, 0.15, 65757080, 705736500, 66649000, 23586164, 32335870, 34435000, 1630000, 1630000, 1630000, 3106.1055, 0.15, 65757080, 705736500, 66649000, 23586164, 32335870, 34435000, 1630000, 1630000, 1630000, 3106.1055, 0.15, 65757080, 705736500, 66649000, 23586164, 32335870, 34435000, 1630000, 1630000, 1630000, 3106.1055, 0.15, 65757080, 705736500, 66649000, 23586164, 32335870, 34435000, 1630000, 1630000, 1630000, 3106.1055, 0.15, 65757080, 705736500, 66649000, 23586164, 32335870, 34435000, 1630000, 1630000, 1630000, 3106.1055, 0.15, 65757080, 705736500, 66649000, 23586164, 32335870, 34435000, 1630000, 1630000, 1630000, 3106.1055, 0.15, 65757080, 705736500, 66649000, 23586164, 32335870, 34435000, 1630000, 1630000, 1630000, 3106.1055, 0.15, 65757080, 705736500, 66649000, 23586164, 32335870, 34435000, 1630000, 1630000, 1630000, 3106.1055, 0.15, 65757080, 705736500, 66649000, 23586164, 32335870, 34435000, 1630000, 1630000, 1630000, 3106.1055, 0.15, 65757080, 705736500, 66649000, 23586164, 32335870, 34435000, 1630000, 1630000, 1630000, 3106.1055, 0.15, 65757080, 705736500, 66649000, 23586164, 32335870, 34435000, 1630000, 1630000, 1630000, 3106.1055, 0.15, 65757080, 705736500, 66649000, 23586164, 32335870, 34435000, 1630000, 1630000, 1630000, 3106.1055, 0.15, 65757080, 705736500, 66649000, 23586164, 32335870, 34435000, 1630000, 1630000, 1630000, 3106.1055, 0.15, 65757080, 705736500, 66649000, 23586164, 32335870, 34435000, 1630000, 1630000, 1630000, 3106.1055, 0.15, 65757080, 705736500, 66649000, 23586164, 32335870, 34435000, 1630000, 1630000, 1630000, 3106.1055, 0.15, 65757080, 705736500, 66649000, 23586164, 32335870, 34435000, 1630000, 1630000, 1630000, 3106.1055, 0.15, 65757080, 705736500, 66649000, 23586164, 32335870, 34435000, 1630000, 1630000, 1630000, 3106.1055, 0.15, 65757080, 705736500, 66649000, 23586164, 32335870, 34435000, 1630000, 1630000, 1630000, 3106.1055, 0.15, 65757080, 705736500, 66649000, 23586164, 32335870, 34435000, 1630000, 1630000, 1630000, 3106.1055, 0.15, 65757080, 705736500, 66649000, 23586164, 32335870, 34435000, 1630000, 1630000, 1630000, 3106.1055, 0.15, 65757080, 705736500, 66649000, 23586164, 32335870, 34435000, 1630000, 1630000, 1630000, 3106.1055, 0.15, 65757080, 705736500, 66649000, 23586164, 32335870, 34435000, 1630000, 1630000, 1630000, 3106.1055, 0.15, 65757080, 705736500, 66649000, 23586164, 32335870, 34435000, 1630000, 1630000, 1630000, 3106.1055, 0.15, 65757080, 705736500, 66649000, 23586164, 32335870, 34435000, 1630000, 1630000, 1630000, 3106.1055, 0.15, 65757080, 705736500, 66649000, 23586164, 32335870, 34435000, 1630000, 1630000, 1630000, 3106.1055, 0.15, 65757080, 705736500, 66649000, 23586164, 32335870, 34435000, 1630000, 1630000, 1630000, 3106.1055, 0.15, 65757080, 705736500, 66649000, 23586164, 32335870, 34435000, 1630000, 1630000, 1630000, 3106.1055, 0.15, 65757080, 705736500, 66649000, 23586164, 32335870, 34435000, 1630000, 1630000, 1630000, 3106.1055, 0.15, 65757080, 705736500, 66649000, 23586164, 32335870, 34435000, 1630000, 1630000, 1630000, 3106.1055, 0.15, 65757080, 705736500, 66649000, 23586164, 32335870, 34435000, 1630000, 1630000, 1630000, 3106.1055, 0.15, 65757080, 705736500, 66649000, 23586164, 32335870, 34435000, 1630000, 1630000, 1630000, 3106.1055, 0.15, 65757080, 705736500, 66649000, 23586164, 32335870, 34435000, 1630000, 1630000, 1630000, 3106.1055, 0.15, 65757080, 705736500, 66649000, 23586164, 32335870, 34435000, 1630000, 1630000, 1630000, 3106.1055, 0.15, 65757080, 705736500, 66649000, 23586164, 32335870, 34435000, 1630000, 1630000, 1630000, 3106.1055, 0.15, 65757080, 705736500, 66649000, 23586164, 32335870, 34435000, 1630000, 1630000, 1630000, 3106.1055, 0.15, 65757080, 705736500, 66649000, 23586164, 32335870, 34435000, 1630000, 1630000, 1630000, 3106.1055, 0.15, 65757080, 705736500, 66649000, 23586164, 32335870, 34435000, 1630000, 1630000, 1630000, 3106.1055, 0.15, 65757080, 705736500, 66649000, 23586164, 32335870, 34435000, 1630000, 1630000, 1630000, 3106.1055, 0.15, 65757080, 705736500, 66649000, 23586164, 32335870, 34435000, 1630000, 1630000, 1630000, 3106.1055, 0.15, 65757080, 705736500, 66649000, 23586164, 32335870, 34435000, 1630000, 1630000, 1630000, 3106.1055, 0.15, 65757080, 705736500, 66649000, 23586164, 32335870, 34435000, 1630000, 1630000, 1630000, 3106.1055, 0.15, 65757080, 705736500, 66649000, 23586164, 32335870, 34435000, 1630000, 1630000, 1630000, 3106.1055, 0.15, 65757080, 705736500, 66649000, 23586164, 32335870, 34435000, 1630000, 1630000, 1630000, 3106.1055, 0.15, 65757080, 705736500, 66649000, 23586164, 32335870, 34435000, 1630000, 1630000, 1630000, 3106.1055, 0.15, 65757080, 705736500, 66649000, 23586164, 32335870, 34435000, 1630000, 1630000, 1630000, 3106.1055, 0.15, 65757080, 705736500, 66649000, 23586164, 32335870, 34435000, 1630000, 1630000, 1630000, 3106.1055, 0.15, 65757080, 705736500, 66649000, 23586164, 32335870, 34435000, 1630000, 1630000, 1630000, 3106.1055, 0.15, 65757080, 705736500, 66649000, 23586164, 32335870, 34435000, 1630000, 1630000, 1630000, 3106.1055, 0.15, 65757080, 705736500, 66649000, 23586164, 32335870, 34435000, 1630000, 1630000, 1630000, 3106.1055, 0.15, 65757080, 705736500, 66649000, 23586164, 32335870, 34435000, 1630000, 1630000, 1630000, 3106.1055, 0.15, 65757080, 705736500, 66649000, 23586164, 32335870, 34435000, 1630000, 1630000, 1630000, 3106.1055, 0.15, 65757080, 705736500, 66649000, 23586164, 32335870, 34435000, 1630000, 1630000, 1630000, 3106.1055, 0.15, 65757080, 705736500, 66649000, 23586164, 32335870, 34435000, 1630000, 1630000, 1630000, 3106.1055, 0.15, 65757080, 705736500, 66649000, 23586164, 32335870, 34435000, 1630000, 1630000, 1630000, 3106.1055, 0.15, 65757080, 705736500, 66649000, 23586164, 32335870, 34435000, 1630000, 1630000, 1630000, 3106.1055, 0.15, 65757080, 705736500, 66649000, 23586164, 32335870, 34435000, 1630000, 1630000, 1630000, 3106.1055, 0.15, 65757080, 705736500, 66649000, 23586164, 32335870, 34435000, 1630000, 1630000, 1630000, 3106.1055, 0.15, 65757080, 705736500, 66649000, 23586164, 32335870, 34435000, 1630000, 1630000, 1630000, 3106.1055, 0.15, 65757080, 705736500, 66649000, 23586164, 32335870, 34435000, 1630000, 1630000, 1630000, 3106.1055, 0.15, 65757080, 705736500, 66649000, 23586164, 32335870, 34435000, 1630000, 1630000, 1630000, 3106.1055, 0.15, 65757080, 705736500, 66649000, 23586164, 32335870, 34435000, 1630000, 1630000, 1630000, 3106.1055, 0.15, 65757080, 705736500, 66649000, 23586164, 32335870, 34435000, 1630000, 1630000, 1630000, 3106.1055, 0.15, 65757080, 705736500, 66649000, 23586164, 32335870, 34435000, 1630000, 1630000, 1630000, 3106.1055, 0.15, 65757080, 705736500, 66649000, 23586164, 32335870, 34435000, 1630000, 1630000, 1630000, 3106.1055, 0.15, 65757080, 705736500, 66649000, 23586164, 32335870, 34435000, 1630000, 1630000, 1630000, 3106.1055, 0.15, 65757080, 705736500, 66649000, 23586164, 32335870, 34435000, 1630000, 1630000, 1630000, 3106.1055, 0.15, 65757080, 705736500, 66649000, 23586164, 32335870, 34435000, 1630000, 1630000, 1630000, 3106.1055, 0.15, 65757080, 705736500, 66649000, 23586164, 32335870, 34435000, 1630000, 1630000, 1630000, 3106.1055, 0.15, 65757080, 705736500, 66649000, 23586164, 32335870, 34435000, 1630000, 1630000, 1630000, 3106.1055, 0.15, 65757080, 705736500, 66649000, 23586164, 32335870, 34435000, 1630000, 1630000, 1630000, 3106.1055, 0.15, 65757080, 705736500, 66649000, 23586164, 32335870, 34435000, 1630000, 1630000, 1630000, 3106.1055, 0.15, 65757080, 705736500, 66649000, 23586164, 32335870, 34435000, 1630000, 1630000, 1630000, 3106.1055, 0.15, 65757080, 705736500, 66649000, 23586164, 32335870, 34435000, 1630000, 1630000, 1630000, 3106.1055, 0.15, 65757080, 705736500, 66649000, 23586164, 32335870, 34435000, 1630000, 1630000, 1630000, 3106.1055, 0.15, 65757080, 705736500, 66649000, 23586164, 32335870, 34435000, 1630000, 1630000, 1630000, 3106.1055, 0.15, 65757080, 705736500, 66649000, 23586164, 32335870, 34435000, 1630000, 1630000, 1630000, 3106.1055, 0.15, 65757080, 705736500, 66649000, 23586164, 32335870, 34435000, 1630000, 1630000, 1630000, 3106.1055, 0.15, 65757080, 705736500, 66649000, 23586164, 32335870, 34435000, 1630000, 1630000, 1630000, 3106.1055, 0.15, 65757080, 705736500, 66649000, 23586164, 32335870, 34435000, 1630000, 1630000, 1630000, 3106.1055, 0.15, 65757080, 705736500, 66649000, 23586164, 32335870, 34435000, 1630000, 1630000, 1630000, 3106.1055, 0.15, 65757080, 705736500, 66649000, 23586164, 32335870, 34435000, 1630000, 1630000, 1630000, 3106.1055, 0.15, 65757080, 705736500, 66649000, 23586164, 32335870, 34435000, 1630000, 1630000, 1630000, 3106.1055, 0.15, 65757080, 705736500, 66649000, 23586164, 32335870, 34435000, 1630000, 1630000, 1630000, 3106.1055, 0.15, 65757080, 705736500, 66649000, 23586164, 32335870, 34435000, 1630000, 1630000, 1630000, 3106.1055, 0.15, 65757080, 705736500, 66649000, 23586164, 32335870, 34435000, 1630000, 1630000, 1630000, 3106.1055, 0.15, 65757080, 705736500, 66649000, 23586164, 32335870, 34435000, 1630000, 1630000, 1630000, 3106.1055, 0.15, 65757080, 705736500, 66649000, 23586164, 32335870, 34435000, 1630000, 1630000, 1630000, 3106.1055, 0.15, 65757080, 705736500, 66649000, 23586164, 32335870, 34435000, 1630000, 1630000, 1630000, 3106.1055, 0.15, 65757080, 705736500, 66649000, 23586164, 32335870, 34435000, 1630000, 1630000, 1630000, 3106.1055, 0.15, 65757080, 705736500, 66649000, 23586164, 32335870, 34435000, 1630000, 1630000, 1630000, 3106.1055, 0.15, 65757080, 705736500, 66649000, 23586164, 32335870, 34435000, 1630000, 1630000, 1630000, 3106.1055, 0.15, 65757080, 705736500, 66649000, 23586164, 32335870, 34435000, 1630000, 1630000, 1630000, 3106.1055, 0.15, 65757080, 705736500, 66649000, 23586164, 32335870, 34435000, 1630000, 1630000, 1630000, 3106.1055, 0.15, 65757080, 705736500, 66649000, 23586164, 32335870, 34435000, 1630000, 1630000, 1630000, 3106.1055, 0.15, 65757080, 705736500, 66649000, 23586164, 32335870, 34435000, 1630000, 1630000, 1630000, 3106.1055, 0.15, 65757080, 705736500, 66649000, 23586164, 32335870, 34435000, 1630000, 1630000, 1630000, 3106.1055, 0.15, 65757080, 705736500, 66649000, 23586164, 32335870, 34435000, 1630000, 1630000, 1630000, 3106.1055, 0.15, 65757080, 705736500, 66649000, 23586164, 32335870, 34435000, 1630000, 1630000, 1630000, 3106.1055, 0.15, 65757080, 705736500, 66649000, 23586164, 32335870, 34435000, 1630000, 1630000, 1630000, 3106.1055, 0.15, 65757080, 705736500, 66649000, 23586164, 32335870, 34435000, 1630000, 1630000, 1630000, 3106.1055, 0.15, 65757080, 705736500, 66649000, 23586164, 32335870, 34435000, 1630000, 1630000, 1630000, 3106.1055, 0.15, 65757080, 705736500, 66649000, 23586164, 32335870, 34435000, 1630000, 1630000, 1630000, 3106.1055, 0.15, 65757080, 705736500, 66649000, 23586164, 32335870, 34435000, 1630000, 1630000, 1630000, 3106.1055, 0.15, 65757080, 705736500, 66649000, 23586164, 32335870, 34435000, 1630000, 1630000, 1630000, 3106.1055, 0.15, 65757080, 705736500, 66649000, 23586164, 32335870, 34435000, 1630000, 1630000, 1630000, 3106.1055, 0.15, 65757080, 705736500, 66649000, 23586164, 32335870, 34435000, 1630000, 1630000, 1630000, 3106.1055, 0.15, 65757080, 705736500, 66649000, 23586164, 32335870, 34435000, 1630000, 1630000, 1630000, 3106.1055, 0.15, 65757080, 705736500, 66649000, 23586164, 32335870, 34435000, 1630000, 1630000, 1630000, 3106.1055, 0.15, 65757080, 705736500, 66649000, 23586164, 32335870, 34435000, 1630000, 1630000, 1630000, 3106.1055, 0.15, 65757080, 705736500, 66649000, 23586164, 32335870, 34435000, 1630000, 1630000, 1630000, 3106.1055, 0.15, 65757080, 705736500, 66649000, 23586164, 32335870, 34435000, 1630000, 1630000, 1630000, 3106.1055, 0.15, 65757080, 705736500, 66649000, 23586164, 32335870, 34435000, 1630000, 1630000, 1630000, 3106.1055, 0.15, 65757080, 705736500, 66649000, 23586164, 32335870, 34435000, 1630000, 1630000, 1630000, 3106.1055, 0.15, 65757080, 705736500, 66649000, 23586164, 32335870, 34435000, 1630000, 1630000, 1630000, 3106.1055, 0.15, 65757080, 705736500, 66649000, 23586164, 32335870, 34435000, 1630000, 1630000, 1630000, 3106.1055, 0.15, 65757080, 705736500, 66649000, 23586164, 32335870, 34435000, 1630000, 1630000, 1630000, 3106.1055, 0.15, 65757080, 705736500, 66649000, 23586164, 32335870, 34435000, 1630000, 1630000, 1630000, 3106.1055, 0.15, 65757080, 705736500, 66649000, 23586164, 32335870, 34435000, 1630000, 1630000, 1630000, 3106.1055, 0.15, 65757080, 705736500, 66649000, 23586164, 32335870, 34435000, 1630000, 1630000, 1630000, 3106.1055, 0.15, 65757080, 705736500, 66649000, 23586164, 32335870, 34435000, 1630000, 1630000, 1630000, 3106.1055, 0.15, 65757080, 705736500, 66649000, 23586164, 32335870, 34435000, 1630000, 1630000, 1630000, 3106.1055, 0.15, 65757080, 705736500, 66649000, 23586164, 32335870, 34435000, 1630000, 1630000, 1630000, 3106.1055, 0.15, 65757080, 705736500, 66649000, 23586164, 32335870, 34435000, 1630000, 1630000, 1630000, 3106.1055, 0.15, 65757080, 705736500, 66649000, 23586164, 32335870, 34435000, 1630000, 1630000, 1630000, 3106.1055, 0.15, 65757080, 705736500, 66649000, 23586164, 32335870, 34435000, 1630000, 1630000, 1630000, 3106.1055, 0.15, 65757080, 705736500, 66649000, 23586164, 32335870, 34435000, 1630000, 1630000, 1630000, 3106.1055, 0.15, 65757080, 705736500, 66649000, 23586164, 32335870, 34435000, 1630000, 1630000, 1630000, 3106.1055, 0.15, 65757080, 705736500, 66649000, 23586164, 32335870, 34435000, 1630000, 1630000, 1630000, 3106.1055, 0.15, 65757080, 705736500, 66649000, 23586164, 32335870, 34435000, 1630000, 1630000, 1630000, 3106.1055, 0.15, 65757080, 705736500, 66649000, 23586164, 32335870, 34435000, 1630000, 1630000, 1630000, 3106.1055, 0.15, 65757080, 705736500, 66649000, 23586164, 32335870, 34435000, 1630000, 1630000, 1630000, 3106.1055, 0.15, 65757080, 705736500, 66649000, 23586164, 32335870, 34435000, 1630000, 1630000, 1630000, 3106.1055, 0.15, 65757080, 705736500, 66649000, 23586164, 32335870, 34435000, 1630000, 1630000, 1630000, 3106.1055, 0.15, 65757080, 705736500, 66649000, 23586164, 32335870, 34435000, 1630000, 1630000, 1630000, 3106.1055, 0.15, 65757080, 705736500, 66649000, 23586164, 32335870, 34435000, 1630000, 1630000, 1630000, 3106.1055, 0.15, 65757080, 705736500, 66649000, 23586164, 32335870, 34435000, 1630000, 1630000, 1630000, 3106.1055, 0.15, 65757080, 705736500, 66649000, 23586164, 32335870, 34435000, 1630000, 1630000, 1630000, 3106.1055, 0.15, 65757080, 705736500, 66649000, 23586164, 32335870, 34435000, 1630000, 1630000, 1630000, 3106.1055, 0.15, 65757080, 705736500, 66649000, 23586164, 32335870, 34435000, 1630000, 1630000, 1630000, 3106.1055, 0.15, 65757080, 705736500, 66649000, 23586164, 32335870, 34435000, 1630000, 1630000, 1630000, 3106.1055, 0.15, 65757080, 705736500, 66649000, 23586164, 32335870, 34435000, 1630000, 1630000, 1630000, 3106.1055, 0.15, 65757080, 705736500, 66649000, 23586164, 32335870, 34435000, 1630000, 1630000, 1630000, 3106.1055, 0.15, 65757080, 705736500, 66649000, 23586164, 32335870, 34435000, 1630000, 1630000, 1630000, 3106.1055, 0.15, 65757080, 705736500, 66649000, 23586164, 32335870, 34435000, 1630000, 1630000, 1630000, 3106.1055, 0.15, 65757080, 705736500, 66649000, 23586164, 32335870, 34435000, 1630000, 1630000, 1630000, 3106.1055, 0.15, 65757080, 705736500, 66649000, 23586164, 32335870, 34435000, 1630000, 1630000, 1630000, 3106.1055, 0.15, 65757080, 705736500, 66649000, 23586164, 32335870, 34435000, 1630000, 1630000, 1630000, 3106.1055, 0.15, 65757080, 705736500, 66649000, 23586164, 32335870, 34435000, 1630000, 1630000, 1630000, 3106.1055, 0.15, 65757080, 705736500, 66649000, 23586164, 32335870, 34435000, 1630000, 1630000, 1630000, 3106.1055, 0.15, 65757080, 705736500, 66649000, 23586164, 32335870, 34435000, 1630000, 1630000, 1630000, 3106.1055, 0.15, 65757080, 705736500, 66649000, 23586164, 32335870, 34435000, 1630000, 1630000, 1630000, 3106.1055, 0.15, 65757080, 705736500, 66649000, 23586164, 32335870, 34435000, 1630000, 1630000, 1630000, 3106.1055, 0.15, 65757080, 705736500, 66649000, 23586164, 32335870, 34435000, 1630000, 1630000, 1630000, 3106.1055, 0.15, 65757080, 705736500, 66649000, 23586164, 32335870, 34435000, 1630000, 1630000, 1630000, 3106.1055, 0.15, 65757080, 705736500, 66649000, 23586164, 32335870, 34435000, 1630000, 1630000, 1630000, 3106.1055, 0.15, 65757080, 705736500, 66649000, 23586164, 32335870, 34435000, 1630000, 1630000, 1630000, 3106.1055, 0.15, 65757080, 705736500, 66649000, 23586164, 32335870, 34435000, 1630000, 1630000, 1630000, 3106.1055, 0.15, 65757080, 705736500, 66649000, 23586164, 32335870, 34435000, 1630000, 1630000, 1630000, 3106.1055, 0.15, 65757080, 705736500, 66649000, 23586164, 32335870, 34435000, 1630000, 1630000, 1630000, 3106.1055, 0.15, 65757080, 705736500, 66649000, 23586164, 32335870, 34435000, 1630000, 1630000, 1630000, 3106.1055, 0.15, 65757080, 705736500, 66649000, 23586164, 32335870, 34435000, 1630000, 1630000, 1630000, 3106.1055, 0.15, 65757080, 705736500, 66649000, 23586164, 32335870, 34435000, 1630000, 1630000, 1630000, 3106.1055, 0.15, 65757080, 705736500, 66649000, 23586164, 32335870, 34435000, 1630000, 1630000, 1630000, 3106.1055, 0.15, 65757080, 705736500, 66649000, 23586164, 32335870, 34435000, 1630000, 1630000, 1630000, 3106.1055, 0.15, 65757080, 705736500, 66649000, 23586164, 32335870, 34435000, 1630000, 1630000, 1630000, 3106.1055, 0.15, 65757080, 705736500, 66649000, 23586164, 32335870, 34435000, 1630000, 1630000, 1630000, 3106.1055, 0.15, 65757080, 705736500, 66649000, 23586164, 32335870, 34435000, 1630000, 1630000, 1630000, 3106.1055, 0.15, 65757080, 705736500, 66649000, 23586164, 32335870, 34435000, 1630000, 1630000, 1630000, 3106.1055, 0.15, 65757080, 705736500, 66649000, 23586164, 32335870, 34435000, 1630000, 1630000, 1630000, 3106.1055, 0.15, 65757080, 705736500, 66649000, 23586164, 32335870, 34435000, 1630000, 1630000, 1630000, 3106.1055, 0.15, 65757080, 705736500, 66649000, 23586164, 32335870, 34435000, 1630000, 1630000, 1630000, 3106.1055, 0.15, 65757080, 705736500, 66649000, 23586164, 32335870, 34435000, 1630000, 1630000, 1630000, 3106.1055, 0.15, 65757080, 705736500, 66649000, 23586164, 32335870, 34435000, 1630000, 1630000, 1630000, 3106.1055, 0.15, 65757080, 705736500, 66649000, 23586164, 32335870, 34435000, 1630000, 1630000, 1630000, 3106.1055, 0.15, 65757080, 705736500, 66649000, 23586164, 32335870, 34435000, 1630000, 1630000, 1630000, 3106.1055, 0.15, 65757080, 705736500, 66649000, 23586164, 32335870, 34435000, 1630000, 1630000, 1630000, 3106.1055, 0.15, 65757080, 705736500, 66649000, 23586164, 32335870, 34435000, 1630000, 1630000, 1630000, 3106.1055, 0.15, 65757080, 705736500, 66649000, 23586164, 32335870, 34435000, 1630000, 1630000, 1630000, 3106.1055, 0.15, 65757080, 705736500, 66649000, 23586164, 32335870, 34435000, 1630000, 1630000, 1630000, 3106.1055, 0.15, 65757080, 705736500, 66649000, 23586164, 32335870, 34435000, 1630000, 1630000, 1630000, 3106.1055, 0.15, 65757080, 705736500, 66649000, 23586164, 32335870, 34435000, 1630000, 1630000, 1630000, 3106.1055, 0.15, 65757080, 705736500, 66649000, 23586164, 32335870, 34435000, 1630000, 1630000, 1630000, 3106.1055, 0.15, 65757080, 705736500, 66649000, 23586164, 32335870, 34435000, 1630000, 1630000, 1630000, 3106.1055, 0.15, 65757080, 705736500, 66649000, 23586164, 32335870, 34435000, 1630000, 1630000, 1630000, 3106.1055, 0.15, 65757080, 705736500, 66649000, 23586164, 32335870, 34435000, 1630000, 1630000, 1630000, 3106.1055, 0.15, 65757080, 705736500, 66649000, 23586164, 32335870, 34435000, 1630000, 1630000, 1630000, 3106.1055, 0.15, 65757080, 705736500, 66649000, 23586164, 32335870, 34435000, 1630000, 1630000, 1630000, 3106.1055, 0.15, 65757080, 705736500, 66649000, 23586164, 32335870, 34435000, 1630000, 1630000, 1630000, 3106.1055, 0.15, 65757080, 705736500, 66649000, 23586164, 32335870, 34435000, 1630000, 1630000, 1630000, 3106.1055, 0.15, 65757080, 705736500, 66649000, 23586164, 32335870, 34435000, 1630000, 1630000, 1630000, 3106.1055, 0.15, 65757080, 705736500, 66649000, 23586164, 32335870, 34435000, 1630000, 1630000, 1630000, 3106.1055, 0.15, 65757080, 705736500, 66649000, 23586164, 32335870, 34435000, 1630000, 1630000, 1630000, 3106.1055, 0.15, 65757080, 705736500, 66649000, 23586164, 32335870, 34435000, 1630000, 1630000, 1630000, 3106.1055, 0.15, 65757080, 705736500, 66649000, 23586164, 32335870, 34435000, 1630000, 1630000, 1630000, 3106.1055, 0.15, 65757080, 705736500, 66649000, 23586164, 32335870, 34435000, 1630000, 1630000, 1630000, 3106.1055, 0.15, 65757080, 705736500, 66649000, 23586164, 32335870, 34435000, 1630000, 1630000, 1630000, 3106.1055, 0.15, 65757080, 705736500, 66649000, 23586164, 32335870, 34435000, 1630000, 1630000, 1630000, 3106.1055, 0.15, 65757080, 705736500, 66649000, 23586164, 32335870, 34435000, 1630000, 1630000, 1630000, 3106.1055, 0.15, 65757080, 705736500, 66649000, 23586164, 32335870, 34435000, 1630000, 1630000, 1630000, 3106.1055, 0.15, 65757080, 705736500, 66649000, 23586164, 32335870, 34435000, 1630000, 1630000, 1630000, 3106.1055, 0.15, 65757080, 705736500, 66649000, 23586164, 32335870, 34435000, 1630000, 1630000, 1630000, 3106.1055, 0.15, 65757080, 705736500, 66649000, 23586164, 32335870, 34435000, 1630000, 1630000, 1630000, 3106.1055, 0.15, 65757080, 705736500, 66649000, 23586164, 32335870, 34435000, 1630000, 1630000, 1630000, 3106.1055, 0.15, 65757080, 705736500, 66649000, 23586164, 32335870, 34435000, 1630000, 1630000, 1630000, 3106.1055, 0.15, 65757080, 705736500, 66649000, 23586164, 32335870, 34435000, 1630000, 1630000, 1630000, 3106.1055, 0.15, 65757080, 705736500, 66649000, 23586164, 32335870, 34435000, 1630000, 1630000, 1630000, 3106.1055, 0.15, 65757080, 705736500, 66649000, 23586164, 32335870, 34435000, 1630000, 1630000, 1630000, 3106.1055, 0.15, 65757080, 705736500, 66649000, 23586164, 32335870, 34435000, 1630000, 1630000, 1630000, 3106.1055, 0.15, 65757080, 705736500, 66649000, 23586164, 32335870, 34435000, 1630000, 1630000, 1630000, 3106.1055, 0.15, 65757080, 705736500, 66649000, 23586164, 32335870, 34435000, 1630000, 1630000, 1630000, 3106.1055, 0.15, 65757080, 705736500, 66649000, 23586164, 32335870, 34435000, 1630000, 1630000, 1630000, 3106.1055, 0.15, 65757080, 705736500, 66649000, 23586164, 32335870, 34435000, 1630000, 1630000, 1630000, 3106.1055, 0.15, 65757080, 705736500, 66649000, 23586164, 32335870, 34435000, 1630000, 1630000, 1630000, 3106.1055, 0.15, 65757080, 705736500, 66649000, 23586164, 32335870, 34435000, 1630000, 1630000, 1630000, 3106.1055, 0.15, 65757080, 705736500, 66649000, 23586164, 32335870, 34435000, 1630000, 1630000, 1630000, 3106.1055, 0.15, 65757080, 705736500, 66649000, 23586164, 32335870, 34435000, 1630000, 1630000, 1630000, 3106.1055, 0.15, 65757080, 705736500, 66649000, 23586164, 32335870, 34435000, 1630000, 1630000, 1630000, 3106.1055, 0.15, 65757080, 705736500, 66649000, 23586164, 32335870, 34435000, 1630000, 1630000, 1630000, 3106.1055, 0.15, 65757080, 705736500, 66649000, 23586164, 32335870, 34435000, 1630000, 1630000, 1630000, 3106.1055, 0.15, 65757080, 705736500, 66649000, 23586164, 32335870, 34435000, 1630000, 1630000, 1630000, 3106.1055, 0.15, 65757080, 705736500, 66649000, 23586164, 32335870, 34435000, 1630000, 1630000, 1630000, 3106.1055, 0.15, 65757080, 705736500, 66649000, 23586164, 32335870, 34435000, 1630000, 1630000, 1630000, 3106.1055, 0.15, 65757080, 705736500, 66649000, 23586164, 32335870, 34435000, 1630000, 1630000, 1630000, 3106.1055, 0.15, 65757080, 705736500, 66649000, 23586164, 32335870, 34435000, 1630000, 1630000, 1630000, 3106.1055, 0.15, 65757080, 705736500, 66649000, 23586164, 32335870, 34435000, 1630000, 1630000, 1630000, 3106.1055, 0.15, 65757080, 705736500, 66649000, 23586164, 32335870, 34435000, 1630000, 1630000, 1630000, 3106.1055, 0.15, 65757080, 705736500, 66649000, 23586164, 32335870, 34435000, 1630000, 1630000, 1630000, 3106.1055, 0.15, 65757080, 705736500, 66649000, 23586164, 32335870, 34435000, 1630000, 1630000, 1630000, 3106.1055, 0.15, 65757080, 705736500, 66649000, 23586164, 32335870, 34435000, 1630000, 1630000, 1630000, 3106.1055, 0.15, 65757080, 705736500, 66649000, 23586164, 32335870, 34435000, 1630000, 1630000, 1630000, 3106.1055, 0.15, 65757080, 705736500, 66649000, 23586164, 32335870, 34435000, 1630000, 1630000, 1630000, 3106.1055, 0.15, 65757080, 705736500, 66649000, 23586164, 32335870, 34435000, 1630000, 1630000, 1630000, 3106.1055, 0.15, 65757080, 705736500, 66649000, 23586164, 32335870, 34435000, 1630000, 1630000, 1630000, 3106.1055, 0.15, 65757080, 705736500, 66649000, 23586164, 32335870, 34435000, 1630000, 1630000, 1630000, 3106.1055, 0.15, 65757080, 705736500, 66649000, 23586164, 32335870, 34435000, 1630000, 1630000, 1630000, 3106.1055, 0.15, 65757080, 705736500, 66649000, 23586164, 32335870, 34435000, 1630000, 1630000, 1630000, 3106.1055, 0.15, 65757080, 705736500, 66649000, 23586164, 32335870, 34435000, 1630000, 1630000, 1630000, 3106.1055, 0.15, 65757080, 705736500, 66649000, 23586164, 32335870, 34435000, 1630000, 1630000, 1630000, 3106.1055, 0.15, 65757080, 705736500, 66649000, 23586164, 32335870, 34435000, 1630000, 1630000, 1630000, 3106.1055, 0.15, 65757080, 705736500, 66649000, 23586164, 32335870, 34435000, 1630000, 1630000, 1630000, 3106.1055, 0.15, 65757080, 705736500, 66649000, 23586164, 32335870, 34435000, 1630000, 1630000, 1630000, 3106.1055, 0.15, 65757080, 705736500, 66649000, 23586164, 32335870, 34435000, 1630000, 1630000, 1630000, 3106.1055, 0.15, 65757080, 705736500, 66649000, 23586164, 32335870, 34435000, 1630000, 1630000, 1630000, 3106.1055, 0.15, 65757080, 705736500, 66649000, 23586164, 32335870, 34435000, 1630000, 1630000, 1630000, 3106.1055, 0.15, 65757080, 705736500, 66649000, 23586164, 32335870, 34435000, 1630000, 1630000, 1630000, 3106.1055, 0.15, 65757080, 705736500, 66649000, 23586164, 32335870, 34435000, 1630000, 1630000, 1630000, 3106.1055, 0.15, 65757080, 705736500, 66649000, 23586164, 32335870, 34435000, 1630000, 1630000, 1630000, 3106.1055, 0.15, 65757080, 705736500, 66649000, 23586164, 32335870, 34435000, 1630000, 1630000, 1630000, 3106.1055, 0.15, 65757080, 705736500, 66649000, 23586164, 32335870, 34435000, 1630000, 1630000, 1630000, 3106.1055, 0.15, 65757080, 705736500, 66649000, 23586164, 32335870, 34435000, 1630000, 1630000, 1630000, 3106.1055, 0.15, 65757080, 705736500, 66649000, 23586164, 32335870, 34435000, 1630000, 1630000, 1630000, 3106.1055, 0.15, 65757080, 705736500, 66649000, 23586164, 32335870, 34435000, 1630000, 1630000, 1630000, 3106.1055, 0.15, 65757080, 705736500, 66649000, 23586164, 32335870, 34435000, 1630000, 1630000, 1630000, 3106.1055, 0.15, 65757080, 705736500, 66649000, 23586164, 32335870, 34435000, 1630000, 1630000, 1630000, 3106.1055, 0.15, 65757080, 705736500, 66649000, 23586164, 32335870, 34435000, 1630000, 1630000, 1630000, 3106.1055, 0.15, 65757080, 705736500, 66649000, 23586164, 32335870, 34435000, 1630000, 1630000, 1630000, 3106.1055, 0.15, 65757080, 705736500, 66649000, 23586164, 32335870, 34435000, 1630000, 1630000, 1630000, 3106.1055, 0.15, 65757080, 705736500, 66649000, 23586164, 32335870, 34435000, 1630000, 1630000, 1630000, 3106.1055, 0.15, 65757080, 705736500, 66649000, 23586164, 32335870, 34435000, 1630000, 1630000, 1630000, 3106.1055, 0.15, 65757080, 705736500, 66649000, 23586164, 32335870, 34435000, 1630000, 1630000, 1630000, 3106.1055, 0.15, 65757080, 705736500, 66649000, 23586164, 32335870, 34435000, 1630000, 1630000, 1630000, 3106.1055, 0.15, 65757080, 705736500, 66649000, 23586164, 32335870, 34435000, 1630000, 1630000, 1630000, 3106.1055, 0.15, 65757080, 705736500, 66649000, 23586164, 32335870, 34435000, 1630000, 1630000, 1630000, 3106.1055, 0.15, 65757080, 705736500, 66649000, 23586164, 32335870, 34435000, 1630000, 1630000, 1630000, 3106.1055, 0.15, 65757080, 705736500, 66649000, 23586164, 32335870, 34435000, 1630000, 1630000, 1630000, 3106.1055, 0.15, 65757080, 705736500, 66649000, 23586164, 32335870, 34435000, 1630000, 1630000, 1630000, 3106.1055, 0.15, 65757080, 705736500, 66649000, 23586164, 32335870, 34435000, 1630000, 1630000, 1630000, 3106.1055, 0.15, 65757080, 705736500, 66649000, 23586164, 32335870, 34435000, 1630000, 1630000, 1630000, 3106.1055, 0.15, 65757080, 705736500, 66649000, 23586164, 32335870, 34435000, 1630000, 1630000, 1630000, 3106.1055, 0.15, 65757080, 705736500, 66649000, 23586164, 32335870, 34435000, 1630000, 1630000, 1630000, 3106.1055, 0.15, 65757080, 705736500, 66649000, 23586164, 32335870, 34435000, 1630000, 1630000, 1630000, 3106.1055, 0.15, 65757080, 705736500, 66649000, 23586164, 32335870, 34435000, 1630000, 1630000, 1630000, 3106.1055, 0.15, 65757080, 705736500, 66649000, 23586164, 32335870, 34435000, 1630000, 1630000, 1630000, 3106.1055, 0.15, 65757080, 705736500, 66649000, 23586164, 32335870, 34435000, 1630000, 1630000, 1630000, 3106.1055, 0.15, 65757080, 705736500, 66649000, 23586164, 32335870, 34435000, 1630000, 1630000, 1630000, 3106.1055, 0.15, 65757080, 705736500, 66649000, 23586164, 32335870, 34435000, 1630000, 1630000, 1630000, 3106.1055, 0.15, 65757080, 705736500, 66649000, 23586164, 32335870, 34435000, 1630000, 1630000, 1630000, 3106.1055, 0.15, 65757080, 705736500, 66649000, 23586164, 32335870, 34435000, 1630000, 1630000, 1630000, 3106.1055, 0.15, 65757080, 705736500, 66649000, 23586164, 32335870, 34435000, 1630000, 1630000, 1630000, 3106.1055, 0.15, 65757080, 705736500, 66649000, 23586164, 32335870, 34435000, 1630000, 1630000, 1630000, 3106.1055, 0.15, 65757080, 705736500, 66649000, 23586164, 32335870, 34435000, 1630000, 1630000, 1630000, 3106.1055, 0.15, 65757080, 705736500, 66649000, 23586164, 32335870, 34435000, 1630000, 1630000, 1630000, 3106.1055, 0.15, 65757080, 705736500, 66649000, 23586164, 32335870, 34435000, 1630000, 1630000, 1630000, 3106.1055, 0.15, 65757080, 705736500, 66649000, 23586164, 32335870, 34435000, 1630000, 1630000, 1630000, 3106.1055, 0.15, 65757080, 705736500, 66649000, 23586164, 32335870, 34435000, 1630000, 1630000, 1630000, 3106.1055, 0.15, 65757080, 705736500, 66649000, 23586164, 32335870, 34435000, 1630000, 1630000, 1630000, 3106.1055, 0.15, 65757080, 705736500, 66649000, 23586164, 32335870, 34435000, 1630000, 1630000, 1630000, 3106.1055, 0.15, 65757080, 705736500, 66649000, 23586164, 32335870, 34435000, 1630000, 1630000, 1630000, 3106.1055, 0.15, 65757080, 705736500, 66649000, 23586164, 32335870, 34435000, 1630000, 1630000, 1630000, 3106.1055, 0.15, 65757080, 705736500, 66649000, 23586164, 32335870, 34435000, 1630000, 1630000, 1630000, 3106.1055, 0.15, 65757080, 705736500, 66649000, 23586164, 32335870, 34435000, 1630000, 1630000, 1630000, 3106.1055, 0.15, 65757080, 705736500, 66649000, 23586164, 32335870, 34435000, 1630000, 1630000, 1630000, 3106.1055, 0.15, 65757080, 705736500, 66649000, 23586164, 32335870, 34435000, 1630000, 1630000, 1630000, 3106.1055, 0.15, 65757080, 705736500, 66649000, 23586164, 32335870, 34435000, 1630000, 1630000, 1630000, 3106.1055, 0.15, 65757080, 705736500, 66649000, 23586164, 32335870, 34435000, 1630000, 1630000, 1630000, 3106.1055, 0.15, 65757080, 705736500, 66649000, 23586164, 32335870, 34435000, 1630000, 1630000, 1630000, 3106.1055, 0.15, 65757080, 705736500, 66649000, 23586164, 32335870, 34435000, 1630000, 1630000, 1630000, 3106.1055, 0.15, 65757080, 705736500, 66649000, 23586164, 32335870, 34435000, 1630000, 1630000, 1630000, 3106.1055, 0.15, 65757080, 705736500, 66649000, 23586164, 32335870, 34435000, 1630000, 1630000, 1630000, 3106.1055, 0.15, 65757080, 705736500, 66649000, 23586164, 32335870, 34435000, 1630000, 1630000, 1630000, 3106.1055, 0.15, 65757080, 705736500, 66649000, 23586164, 32335870, 34435000, 1630000, 1630000, 1630000, 3106.1055, 0.15, 65757080, 705736500, 66649000, 23586164, 32335870, 34435000, 1630000, 1630000, 1630000, 3106.1055, 0.15, 65757080, 705736500, 66649000, 23586164, 32335870, 34435000, 1630000, 1630000, 1630000, 3106.1055, 0.15, 65757080, 705736500, 66649000, 23586164, 32335870, 34435000, 1630000, 1630000, 1630000, 3106.1055, 0.15, 128016330, 163296200, 138684590, 53449150, 103982900, 67815176, 1630000, 1630000, 1630000, 3354.594, 0.15, 128016330, 163296200, 138684590, 53449150, 103982900, 67815176, 1630000, 1630000, 1630000, 3354.594, 0.15, 128016330, 163296200, 138684590, 53449150, 103982900, 67815176, 1630000, 1630000, 1630000, 3354.594, 0.15, 128016330, 163296200, 138684590, 53449150, 103982900, 67815176, 1630000, 1630000, 1630000, 3354.594, 0.15, 128016330, 163296200, 138684590, 53449150, 103982900, 67815176, 1630000, 1630000, 1630000, 3354.594, 0.15, 128016330, 163296200, 138684590, 53449150, 103982900, 67815176, 1630000, 1630000, 1630000, 3354.594, 0.15, 128016330, 163296200, 138684590, 53449150, 103982900, 67815176, 1630000, 1630000, 1630000, 3354.594, 0.15, 128016330, 163296200, 138684590, 53449150, 103982900, 67815176, 1630000, 1630000, 1630000, 3354.594, 0.15, 128016330, 163296200, 138684590, 53449150, 103982900, 67815176, 1630000, 1630000, 1630000, 3354.594, 0.15, 128016330, 163296200, 138684590, 53449150, 103982900, 67815176, 1630000, 1630000, 1630000, 3354.594, 0.15, 128016330, 163296200, 138684590, 53449150, 103982900, 67815176, 1630000, 1630000, 1630000, 3354.594, 0.15, 128016330, 163296200, 138684590, 53449150, 103982900, 67815176, 1630000, 1630000, 1630000, 3354.594, 0.15, 128016330, 163296200, 138684590, 53449150, 103982900, 67815176, 1630000, 1630000, 1630000, 3354.594, 0.15, 128016330, 163296200, 138684590, 53449150, 103982900, 67815176, 1630000, 1630000, 1630000, 3354.594, 0.15, 128016330, 163296200, 138684590, 53449150, 103982900, 67815176, 1630000, 1630000, 1630000, 3354.594, 0.15, 128016330, 163296200, 138684590, 53449150, 103982900, 67815176, 1630000, 1630000, 1630000, 3354.594, 0.15, 128016330, 163296200, 138684590, 53449150, 103982900, 67815176, 1630000, 1630000, 1630000, 3354.594, 0.15, 128016330, 163296200, 138684590, 53449150, 103982900, 67815176, 1630000, 1630000, 1630000, 3354.594, 0.15, 128016330, 163296200, 138684590, 53449150, 103982900, 67815176, 1630000, 1630000, 1630000, 3354.594, 0.15, 128016330, 163296200, 138684590, 53449150, 103982900, 67815176, 1630000, 1630000, 1630000, 3354.594, 0.15, 128016330, 163296200, 138684590, 53449150, 103982900, 67815176, 1630000, 1630000, 1630000, 3354.594, 0.15, 128016330, 163296200, 138684590, 53449150, 103982900, 67815176, 1630000, 1630000, 1630000, 3354.594, 0.15, 128016330, 163296200, 138684590, 53449150, 103982900, 67815176, 1630000, 1630000, 1630000, 3354.594, 0.15, 128016330, 163296200, 138684590, 53449150, 103982900, 67815176, 1630000, 1630000, 1630000, 3354.594, 0.15, 128016330, 163296200, 138684590, 53449150, 103982900, 67815176, 1630000, 1630000, 1630000, 3354.594, 0.15, 128016330, 163296200, 138684590, 53449150, 103982900, 67815176, 1630000, 1630000, 1630000, 3354.594, 0.15, 128016330, 163296200, 138684590, 53449150, 103982900, 67815176, 1630000, 1630000, 1630000, 3354.594, 0.15, 128016330, 163296200, 138684590, 53449150, 103982900, 67815176, 1630000, 1630000, 1630000, 3354.594, 0.15, 128016330, 163296200, 138684590, 53449150, 103982900, 67815176, 1630000, 1630000, 1630000, 3354.594, 0.15, 128016330, 163296200, 138684590, 53449150, 103982900, 67815176, 1630000, 1630000, 1630000, 3354.594, 0.15, 128016330, 163296200, 138684590, 53449150, 103982900, 67815176, 1630000, 1630000, 1630000, 3354.594, 0.15, 128016330, 163296200, 138684590, 53449150, 103982900, 67815176, 1630000, 1630000, 1630000, 3354.594, 0.15, 128016330, 163296200, 138684590, 53449150, 103982900, 67815176, 1630000, 1630000, 1630000, 3354.594, 0.15, 128016330, 163296200, 138684590, 53449150, 103982900, 67815176, 1630000, 1630000, 1630000, 3354.594, 0.15, 128016330, 163296200, 138684590, 53449150, 103982900, 67815176, 1630000, 1630000, 1630000, 3354.594, 0.15, 128016330, 163296200, 138684590, 53449150, 103982900, 67815176, 1630000, 1630000, 1630000, 3354.594, 0.15, 128016330, 163296200, 138684590, 53449150, 103982900, 67815176, 1630000, 1630000, 1630000, 3354.594, 0.15, 128016330, 163296200, 138684590, 53449150, 103982900, 67815176, 1630000, 1630000, 1630000, 3354.594, 0.15, 128016330, 163296200, 138684590, 53449150, 103982900, 67815176, 1630000, 1630000, 1630000, 3354.594, 0.15, 128016330, 163296200, 138684590, 53449150, 103982900, 67815176, 1630000, 1630000, 1630000, 3354.594, 0.15, 128016330, 163296200, 138684590, 53449150, 103982900, 67815176, 1630000, 1630000, 1630000, 3354.594, 0.15, 128016330, 163296200, 138684590, 53449150, 103982900, 67815176, 1630000, 1630000, 1630000, 3354.594, 0.15, 128016330, 163296200, 138684590, 53449150, 103982900, 67815176, 1630000, 1630000, 1630000, 3354.594, 0.15, 128016330, 163296200, 138684590, 53449150, 103982900, 67815176, 1630000, 1630000, 1630000, 3354.594, 0.15, 128016330, 163296200, 138684590, 53449150, 103982900, 67815176, 1630000, 1630000, 1630000, 3354.594, 0.15, 128016330, 163296200, 138684590, 53449150, 103982900, 67815176, 1630000, 1630000, 1630000, 3354.594, 0.15, 128016330, 163296200, 138684590, 53449150, 103982900, 67815176, 1630000, 1630000, 1630000, 3354.594, 0.15, 128016330, 163296200, 138684590, 53449150, 103982900, 67815176, 1630000, 1630000, 1630000, 3354.594, 0.15, 128016330, 163296200, 138684590, 53449150, 103982900, 67815176, 1630000, 1630000, 1630000, 3354.594, 0.15, 128016330, 163296200, 138684590, 53449150, 103982900, 67815176, 1630000, 1630000, 1630000, 3354.594, 0.15, 128016330, 163296200, 138684590, 53449150, 103982900, 67815176, 1630000, 1630000, 1630000, 3354.594, 0.15, 128016330, 163296200, 138684590, 53449150, 103982900, 67815176, 1630000, 1630000, 1630000, 3354.594, 0.15, 128016330, 163296200, 138684590, 53449150, 103982900, 67815176, 1630000, 1630000, 1630000, 3354.594, 0.15, 128016330, 163296200, 138684590, 53449150, 103982900, 67815176, 1630000, 1630000, 1630000, 3354.594, 0.15, 128016330, 163296200, 138684590, 53449150, 103982900, 67815176, 1630000, 1630000, 1630000, 3354.594, 0.15, 128016330, 163296200, 138684590, 53449150, 103982900, 67815176, 1630000, 1630000, 1630000, 3354.594, 0.15, 128016330, 163296200, 138684590, 53449150, 103982900, 67815176, 1630000, 1630000, 1630000, 3354.594, 0.15, 128016330, 163296200, 138684590, 53449150, 103982900, 67815176, 1630000, 1630000, 1630000, 3354.594, 0.15, 128016330, 163296200, 138684590, 53449150, 103982900, 67815176, 1630000, 1630000, 1630000, 3354.594, 0.15, 128016330, 163296200, 138684590, 53449150, 103982900, 67815176, 1630000, 1630000, 1630000, 3354.594, 0.15, 128016330, 163296200, 138684590, 53449150, 103982900, 67815176, 1630000, 1630000, 1630000, 3354.594, 0.15, 128016330, 163296200, 138684590, 53449150, 103982900, 67815176, 1630000, 1630000, 1630000, 3354.594, 0.15, 128016330, 163296200, 138684590, 53449150, 103982900, 67815176, 1630000, 1630000, 1630000, 3354.594, 0.15, 128016330, 163296200, 138684590, 53449150, 103982900, 67815176, 1630000, 1630000, 1630000, 3354.594, 0.15, 128016330, 163296200, 138684590, 53449150, 103982900, 67815176, 1630000, 1630000, 1630000, 3354.594, 0.15, 128016330, 163296200, 138684590, 53449150, 103982900, 67815176, 1630000, 1630000, 1630000, 3354.594, 0.15, 128016330, 163296200, 138684590, 53449150, 103982900, 67815176, 1630000, 1630000, 1630000, 3354.594, 0.15, 128016330, 163296200, 138684590, 53449150, 103982900, 67815176, 1630000, 1630000, 1630000, 3354.594, 0.15, 128016330, 163296200, 138684590, 53449150, 103982900, 67815176, 1630000, 1630000, 1630000, 3354.594, 0.15, 128016330, 163296200, 138684590, 53449150, 103982900, 67815176, 1630000, 1630000, 1630000, 3354.594, 0.15, 128016330, 163296200, 138684590, 53449150, 103982900, 67815176, 1630000, 1630000, 1630000, 3354.594, 0.15, 128016330, 163296200, 138684590, 53449150, 103982900, 67815176, 1630000, 1630000, 1630000, 3354.594, 0.15, 128016330, 163296200, 138684590, 53449150, 103982900, 67815176, 1630000, 1630000, 1630000, 3354.594, 0.15, 128016330, 163296200, 138684590, 53449150, 103982900, 67815176, 1630000, 1630000, 1630000, 3354.594, 0.15, 128016330, 163296200, 138684590, 53449150, 103982900, 67815176, 1630000, 1630000, 1630000, 3354.594, 0.15, 128016330, 163296200, 138684590, 53449150, 103982900, 67815176, 1630000, 1630000, 1630000, 3354.594, 0.15, 128016330, 163296200, 138684590, 53449150, 103982900, 67815176, 1630000, 1630000, 1630000, 3354.594, 0.15, 128016330, 163296200, 138684590, 53449150, 103982900, 67815176, 1630000, 1630000, 1630000, 3354.594, 0.15, 128016330, 163296200, 138684590, 53449150, 103982900, 67815176, 1630000, 1630000, 1630000, 3354.594, 0.15, 128016330, 163296200, 138684590, 53449150, 103982900, 67815176, 1630000, 1630000, 1630000, 3354.594, 0.15, 128016330, 163296200, 138684590, 53449150, 103982900, 67815176, 1630000, 1630000, 1630000, 3354.594, 0.15, 128016330, 163296200, 138684590, 53449150, 103982900, 67815176, 1630000, 1630000, 1630000, 3354.594, 0.15, 128016330, 163296200, 138684590, 53449150, 103982900, 67815176, 1630000, 1630000, 1630000, 3354.594, 0.15, 128016330, 163296200, 138684590, 53449150, 103982900, 67815176, 1630000, 1630000, 1630000, 3354.594, 0.15, 128016330, 163296200, 138684590, 53449150, 103982900, 67815176, 1630000, 1630000, 1630000, 3354.594, 0.15, 128016330, 163296200, 138684590, 53449150, 103982900, 67815176, 1630000, 1630000, 1630000, 3354.594, 0.15, 128016330, 163296200, 138684590, 53449150, 103982900, 67815176, 1630000, 1630000, 1630000, 3354.594, 0.15, 128016330, 163296200, 138684590, 53449150, 103982900, 67815176, 1630000, 1630000, 1630000, 3354.594, 0.15, 128016330, 163296200, 138684590, 53449150, 103982900, 67815176, 1630000, 1630000, 1630000, 3354.594, 0.15, 128016330, 163296200, 138684590, 53449150, 103982900, 67815176, 1630000, 1630000, 1630000, 3354.594, 0.15, 128016330, 163296200, 138684590, 53449150, 103982900, 67815176, 1630000, 1630000, 1630000, 3354.594, 0.15, 128016330, 163296200, 138684590, 53449150, 103982900, 67815176, 1630000, 1630000, 1630000, 3354.594, 0.15, 128016330, 163296200, 138684590, 53449150, 103982900, 67815176, 1630000, 1630000, 1630000, 3354.594, 0.15, 128016330, 163296200, 138684590, 53449150, 103982900, 67815176, 1630000, 1630000, 1630000, 3354.594, 0.15, 128016330, 163296200, 138684590, 53449150, 103982900, 67815176, 1630000, 1630000, 1630000, 3354.594, 0.15, 128016330, 163296200, 138684590, 53449150, 103982900, 67815176, 1630000, 1630000, 1630000, 3354.594, 0.15, 128016330, 163296200, 138684590, 53449150, 103982900, 67815176, 1630000, 1630000, 1630000, 3354.594, 0.15, 128016330, 163296200, 138684590, 53449150, 103982900, 67815176, 1630000, 1630000, 1630000, 3354.594, 0.15, 128016330, 163296200, 138684590, 53449150, 103982900, 67815176, 1630000, 1630000, 1630000, 3354.594, 0.15, 128016330, 163296200, 138684590, 53449150, 103982900, 67815176, 1630000, 1630000, 1630000, 3354.594, 0.15, 128016330, 163296200, 138684590, 53449150, 103982900, 67815176, 1630000, 1630000, 1630000, 3354.594, 0.15, 128016330, 163296200, 138684590, 53449150, 103982900, 67815176, 1630000, 1630000, 1630000, 3354.594, 0.15, 128016330, 163296200, 138684590, 53449150, 103982900, 67815176, 1630000, 1630000, 1630000, 3354.594, 0.15, 128016330, 163296200, 138684590, 53449150, 103982900, 67815176, 1630000, 1630000, 1630000, 3354.594, 0.15, 128016330, 163296200, 138684590, 53449150, 103982900, 67815176, 1630000, 1630000, 1630000, 3354.594, 0.15, 128016330, 163296200, 138684590, 53449150, 103982900, 67815176, 1630000, 1630000, 1630000, 3354.594, 0.15, 128016330, 163296200, 138684590, 53449150, 103982900, 67815176, 1630000, 1630000, 1630000, 3354.594, 0.15, 128016330, 163296200, 138684590, 53449150, 103982900, 67815176, 1630000, 1630000, 1630000, 3354.594, 0.15, 128016330, 163296200, 138684590, 53449150, 103982900, 67815176, 1630000, 1630000, 1630000, 3354.594, 0.15, 128016330, 163296200, 138684590, 53449150, 103982900, 67815176, 1630000, 1630000, 1630000, 3354.594, 0.15, 128016330, 163296200, 138684590, 53449150, 103982900, 67815176, 1630000, 1630000, 1630000, 3354.594, 0.15, 128016330, 163296200, 138684590, 53449150, 103982900, 67815176, 1630000, 1630000, 1630000, 3354.594, 0.15] (
            elementSize = 11
            interpolation = "uniform"
        )
        float[] primvars:shellThickness = [0.007914748, 0.007914748, 0.007914748, 0.007914748, 0.007914748, 0.007914748, 0.007914748, 0.007914748, 0.007914748, 0.007914748, 0.007914748, 0.007914748, 0.007914748, 0.007914748, 0.007914748, 0.007914748, 0.007914748, 0.007914748, 0.007914748, 0.007914748, 0.007914748, 0.007914748, 0.007914748, 0.007914748, 0.007914748, 0.007914748, 0.007914748, 0.007914748, 0.007914748, 0.007914748, 0.007914748, 0.007914748, 0.007914748, 0.007914748, 0.007914748, 0.007914748, 0.007914748, 0.007914748, 0.007914748, 0.007914748, 0.007914748, 0.007914748, 0.007914748, 0.007914748, 0.007914748, 0.007914748, 0.007914748, 0.007914748, 0.007914748, 0.007914748, 0.007914748, 0.007914748, 0.007914748, 0.007914748, 0.007914748, 0.007914748, 0.007914748, 0.007914748, 0.007914748, 0.007914748, 0.007914748, 0.007914748, 0.007914748, 0.007914748, 0.007914748, 0.007914748, 0.007914748, 0.007914748, 0.007914748, 0.007914748, 0.007914748, 0.007914748, 0.007914748, 0.007914748, 0.007914748, 0.007914748, 0.007914748, 0.007914748, 0.007914748, 0.007914748, 0.007914748, 0.007914748, 0.007914748, 0.007914748, 0.007914748, 0.007914748, 0.007914748, 0.007914748, 0.007914748, 0.007914748, 0.007914748, 0.007914748, 0.007914748, 0.007914748, 0.007914748, 0.007914748, 0.007914748, 0.007914748, 0.007914748, 0.007914748, 0.007914748, 0.007914748, 0.007914748, 0.007914748, 0.007914748, 0.007914748, 0.007914748, 0.007914748, 0.007914748, 0.007914748, 0.007914748, 0.007914748, 0.002726191, 0.002726191, 0.002726191, 0.002726191, 0.002726191, 0.002726191, 0.002726191, 0.002726191, 0.002726191, 0.002726191, 0.002726191, 0.002726191, 0.002726191, 0.002726191, 0.002726191, 0.002726191, 0.002726191, 0.002726191, 0.002726191, 0.002726191, 0.002726191, 0.002726191, 0.002726191, 0.002726191, 0.002726191, 0.002726191, 0.002726191, 0.002726191, 0.002726191, 0.002726191, 0.002726191, 0.002726191, 0.002726191, 0.002726191, 0.002726191, 0.002726191, 0.002726191, 0.002726191, 0.002726191, 0.002726191, 0.002726191, 0.002726191, 0.002726191, 0.002726191, 0.002726191, 0.002726191, 0.002726191, 0.002726191, 0.002726191, 0.002726191, 0.002726191, 0.002726191, 0.002726191, 0.002726191, 0.002726191, 0.002726191, 0.002726191, 0.002726191, 0.002726191, 0.002726191, 0.002726191, 0.002726191, 0.002726191, 0.002726191, 0.002726191, 0.002726191, 0.002726191, 0.002726191, 0.002726191, 0.002726191, 0.002726191, 0.002726191, 0.002726191, 0.002726191, 0.002726191, 0.002726191, 0.002726191, 0.002726191, 0.002726191, 0.002726191, 0.002726191, 0.002726191, 0.002726191, 0.002726191, 0.002726191, 0.002726191, 0.002726191, 0.002726191, 0.002726191, 0.002726191, 0.002726191, 0.002726191, 0.002726191, 0.002726191, 0.002726191, 0.002726191, 0.002726191, 0.002726191, 0.002726191, 0.002726191, 0.002726191, 0.002726191, 0.002726191, 0.002726191, 0.002726191, 0.002726191, 0.002726191, 0.002726191, 0.002726191, 0.002726191, 0.002726191, 0.002726191, 0.002726191, 0.002726191, 0.002726191, 0.002726191, 0.002726191, 0.002726191, 0.002726191, 0.002726191, 0.002726191, 0.002726191, 0.002726191, 0.002726191, 0.002726191, 0.002726191, 0.002726191, 0.002726191, 0.002726191, 0.002726191, 0.002726191, 0.002726191, 0.002726191, 0.002726191, 0.002726191, 0.002726191, 0.002726191, 0.002726191, 0.002726191, 0.002726191, 0.002726191, 0.002726191, 0.002726191, 0.002726191, 0.002726191, 0.002726191, 0.002726191, 0.002726191, 0.002726191, 0.002726191, 0.002726191, 0.002726191, 0.002726191, 0.002726191, 0.002726191, 0.002726191, 0.002726191, 0.002726191, 0.002726191, 0.002726191, 0.002726191, 0.002726191, 0.002726191, 0.002726191, 0.002726191, 0.002726191, 0.002726191, 0.002726191, 0.002726191, 0.002726191, 0.002726191, 0.002726191, 0.002726191, 0.002726191, 0.002726191, 0.002726191, 0.002726191, 0.002726191, 0.002726191, 0.002726191, 0.002726191, 0.002726191, 0.002726191, 0.002726191, 0.002726191, 0.002726191, 0.002726191, 0.002726191, 0.002726191, 0.002726191, 0.002726191, 0.002726191, 0.002726191, 0.002726191, 0.002726191, 0.002726191, 0.002726191, 0.002726191, 0.002726191, 0.002726191, 0.002726191, 0.002726191, 0.002726191, 0.002726191, 0.002726191, 0.002726191, 0.002726191, 0.002726191, 0.002726191, 0.002726191, 0.002726191, 0.002726191, 0.002726191, 0.002726191, 0.002726191, 0.002726191, 0.002726191, 0.002726191, 0.002726191, 0.002726191, 0.002726191, 0.002726191, 0.002726191, 0.002726191, 0.002726191, 0.002726191, 0.002726191, 0.002726191, 0.002726191, 0.002726191, 0.002726191, 0.002726191, 0.002726191, 0.002726191, 0.002726191, 0.002726191, 0.002726191, 0.002726191, 0.002726191, 0.002726191, 0.002726191, 0.002726191, 0.002726191, 0.002726191, 0.002726191, 0.002726191, 0.002726191, 0.002726191, 0.002726191, 0.002726191, 0.002726191, 0.002726191, 0.002726191, 0.002726191, 0.002726191, 0.002726191, 0.002726191, 0.002726191, 0.002726191, 0.002726191, 0.002726191, 0.002726191, 0.002726191, 0.002726191, 0.002726191, 0.002726191, 0.002726191, 0.002726191, 0.002726191, 0.002726191, 0.002726191, 0.002726191, 0.002726191, 0.002726191, 0.002726191, 0.002726191, 0.002726191, 0.002726191, 0.002726191, 0.002726191, 0.002726191, 0.002726191, 0.002726191, 0.002726191, 0.002726191, 0.002726191, 0.002726191, 0.002726191, 0.002726191, 0.002726191, 0.002726191, 0.002726191, 0.002726191, 0.002726191, 0.002726191, 0.002726191, 0.002726191, 0.002726191, 0.002726191, 0.002726191, 0.002726191, 0.002726191, 0.002726191, 0.002726191, 0.002726191, 0.002726191, 0.002726191, 0.002726191, 0.002726191, 0.002726191, 0.002726191, 0.002726191, 0.002726191, 0.002726191, 0.002726191, 0.002726191, 0.002726191, 0.002726191, 0.002726191, 0.002726191, 0.002726191, 0.002726191, 0.002726191, 0.002726191, 0.002726191, 0.002726191, 0.002726191, 0.002726191, 0.002726191, 0.002726191, 0.002726191, 0.002726191, 0.002726191, 0.002726191, 0.002726191, 0.002726191, 0.007123273, 0.007123273, 0.007123273, 0.007123273, 0.007123273, 0.007123273, 0.007123273, 0.007123273, 0.007123273, 0.007123273, 0.007123273, 0.007123273, 0.007123273, 0.007123273, 0.007123273, 0.007123273, 0.007123273, 0.007123273, 0.007123273, 0.007123273, 0.007123273, 0.007123273, 0.007123273, 0.007123273, 0.007123273, 0.007123273, 0.007123273, 0.007123273, 0.007123273, 0.007123273, 0.007123273, 0.007123273, 0.007123273, 0.007123273, 0.007123273, 0.007123273, 0.007123273, 0.007123273, 0.007123273, 0.007123273, 0.007123273, 0.007123273, 0.007123273, 0.007123273, 0.007123273, 0.007123273, 0.007123273, 0.007123273, 0.007123273, 0.007123273, 0.007123273, 0.007123273, 0.007123273, 0.007123273, 0.007123273, 0.007123273, 0.007123273, 0.007123273, 0.007123273, 0.007123273, 0.007123273, 0.007123273, 0.007123273, 0.007123273, 0.007123273, 0.007123273, 0.007123273, 0.007123273, 0.007123273, 0.007123273, 0.007123273, 0.007123273, 0.007123273, 0.007123273, 0.007123273, 0.007123273, 0.007123273, 0.007123273, 0.007123273, 0.007123273, 0.007123273, 0.007123273, 0.007123273, 0.007123273, 0.007123273, 0.007123273, 0.007123273, 0.007123273, 0.007123273, 0.007123273, 0.007123273, 0.007123273, 0.007123273, 0.007123273, 0.007123273, 0.007123273, 0.007123273, 0.007123273, 0.007123273, 0.007123273, 0.007123273, 0.007123273, 0.007123273, 0.007123273, 0.007123273, 0.007123273, 0.007123273, 0.007123273, 0.007123273, 0.007123273, 0.007123273, 0.007123273, 0.007123273, 0.007123273, 0.007123273, 0.007123273, 0.007123273, 0.007123273, 0.007123273, 0.007123273, 0.007123273, 0.007123273, 0.007123273, 0.007123273, 0.007123273, 0.007123273, 0.007123273, 0.007123273, 0.007123273, 0.007123273, 0.007123273, 0.007123273, 0.007123273, 0.007123273, 0.007123273, 0.007123273, 0.007123273, 0.007123273, 0.007123273, 0.007123273, 0.007123273, 0.007123273, 0.007123273, 0.007123273, 0.007123273, 0.007123273, 0.007123273, 0.007123273, 0.007123273, 0.007123273, 0.007123273, 0.007123273, 0.007123273, 0.007123273, 0.007123273, 0.007123273, 0.007123273, 0.007123273, 0.007123273, 0.007123273, 0.007123273, 0.007123273, 0.007123273, 0.007123273, 0.007123273, 0.007123273, 0.007123273, 0.007123273, 0.007123273, 0.007123273, 0.007123273, 0.007123273, 0.007123273, 0.007123273, 0.007123273, 0.007123273, 0.007123273, 0.007123273, 0.007123273, 0.007123273, 0.007123273, 0.007123273, 0.007123273, 0.007123273, 0.007123273, 0.007123273, 0.007123273, 0.007123273, 0.007123273, 0.007123273, 0.007123273, 0.007123273, 0.007123273, 0.007123273, 0.007123273, 0.007123273, 0.007123273, 0.007123273, 0.007123273, 0.007123273, 0.007123273, 0.007123273, 0.007123273, 0.007123273, 0.007123273, 0.007123273, 0.007123273, 0.007123273, 0.007123273, 0.007123273, 0.007123273, 0.007123273, 0.007123273, 0.007123273, 0.007123273, 0.007123273, 0.007123273, 0.007123273, 0.007123273, 0.007123273, 0.007123273, 0.007123273, 0.007123273, 0.007123273, 0.007123273, 0.007123273, 0.007123273, 0.007123273, 0.007123273, 0.007123273, 0.007123273, 0.007123273, 0.007123273, 0.007123273, 0.007123273, 0.007123273, 0.007123273, 0.007123273, 0.007123273, 0.007123273, 0.007123273, 0.007123273, 0.007123273, 0.007123273, 0.007123273, 0.007123273, 0.007123273, 0.007123273, 0.007123273, 0.007123273, 0.007123273, 0.007123273, 0.007123273, 0.007123273, 0.007123273, 0.007123273, 0.007123273, 0.007123273, 0.007123273, 0.007123273, 0.007123273, 0.007123273, 0.007123273, 0.007123273, 0.007123273, 0.007123273, 0.007123273, 0.007123273, 0.007123273, 0.007123273, 0.007123273, 0.007123273, 0.007123273, 0.007123273, 0.007123273, 0.007123273, 0.007123273, 0.007123273, 0.007123273, 0.007123273, 0.007123273, 0.007123273, 0.007123273, 0.007123273, 0.007123273, 0.007123273, 0.007123273, 0.007123273, 0.007123273, 0.007123273, 0.007123273, 0.007123273, 0.007123273, 0.007123273, 0.007123273, 0.007123273, 0.007123273, 0.007123273, 0.007123273, 0.007123273, 0.007123273, 0.007123273, 0.007123273, 0.007123273, 0.007123273, 0.007123273, 0.007123273, 0.007123273, 0.007123273, 0.007123273, 0.007123273, 0.007123273, 0.007123273, 0.007123273, 0.007123273, 0.007123273, 0.007123273, 0.007123273, 0.007123273, 0.007123273, 0.007123273, 0.007123273, 0.007123273, 0.007123273, 0.007123273, 0.007123273, 0.007123273, 0.007123273, 0.007123273, 0.007123273, 0.007123273, 0.007123273, 0.007123273, 0.007123273, 0.007123273, 0.007123273, 0.007123273, 0.007123273, 0.007123273, 0.007123273, 0.007123273, 0.007123273, 0.007123273, 0.007123273, 0.007123273, 0.007123273, 0.007123273, 0.007123273, 0.007123273, 0.007123273, 0.007123273, 0.007123273, 0.007123273, 0.007123273, 0.007123273, 0.007123273, 0.007123273, 0.007123273, 0.007123273, 0.007123273, 0.007123273, 0.007123273, 0.007123273, 0.007123273, 0.007123273, 0.007123273, 0.007123273, 0.007123273, 0.007123273, 0.007123273, 0.007123273, 0.007123273, 0.007123273, 0.007123273, 0.007123273, 0.007123273, 0.007123273, 0.007123273, 0.007123273, 0.007123273, 0.007123273, 0.007123273, 0.007123273, 0.007123273, 0.007123273, 0.007123273, 0.007123273, 0.007123273, 0.007123273, 0.007123273, 0.007123273, 0.007123273, 0.007123273, 0.007123273, 0.007123273, 0.007123273, 0.007123273, 0.007123273, 0.007123273, 0.007123273, 0.007123273, 0.007123273, 0.007123273, 0.007123273, 0.007123273, 0.007123273, 0.007123273, 0.007123273, 0.007123273, 0.007123273, 0.007123273, 0.007123273, 0.007123273, 0.007123273, 0.007123273, 0.007123273, 0.007123273, 0.007123273, 0.007123273, 0.007123273, 0.007123273, 0.007123273, 0.007123273, 0.007123273, 0.007123273, 0.007123273, 0.007123273, 0.007123273, 0.007123273, 0.007123273, 0.007123273, 0.007123273, 0.007123273, 0.007123273, 0.007123273, 0.007123273, 0.007123273, 0.007123273, 0.007123273, 0.007123273, 0.007123273, 0.007123273, 0.007123273, 0.007123273, 0.007123273, 0.007123273, 0.007123273, 0.007123273, 0.007123273, 0.007123273, 0.007123273, 0.007123273, 0.007123273, 0.007123273, 0.007123273, 0.007123273, 0.007123273, 0.007123273, 0.007123273, 0.007123273, 0.007123273, 0.007123273, 0.007123273, 0.007123273, 0.007123273, 0.007123273, 0.007123273, 0.007123273, 0.007123273, 0.007123273, 0.007123273, 0.007123273, 0.007123273, 0.007123273, 0.007123273, 0.007123273, 0.007123273, 0.007123273, 0.007123273, 0.007123273, 0.007123273, 0.007123273, 0.007123273, 0.007123273, 0.007123273, 0.007123273, 0.007123273, 0.007123273, 0.007123273, 0.007123273, 0.007123273, 0.007123273, 0.007123273, 0.007123273, 0.007123273, 0.007123273, 0.007123273, 0.007123273, 0.007123273, 0.007123273, 0.007123273, 0.007123273, 0.007123273, 0.007123273, 0.007123273, 0.007123273, 0.007123273, 0.007123273, 0.007123273, 0.007123273, 0.007123273, 0.007123273, 0.007123273, 0.007123273, 0.007123273, 0.007123273, 0.007123273, 0.007123273, 0.007123273, 0.007123273, 0.007123273, 0.007123273, 0.007123273, 0.007123273, 0.007123273, 0.007123273, 0.007123273, 0.007123273, 0.007123273, 0.007123273, 0.007123273, 0.007123273, 0.007123273, 0.007123273, 0.007123273, 0.007123273, 0.007123273, 0.007123273, 0.007123273, 0.007123273, 0.007123273, 0.007123273, 0.007123273, 0.007123273, 0.007123273, 0.007123273, 0.007123273, 0.007123273, 0.007123273, 0.007123273, 0.007123273, 0.007123273, 0.007123273, 0.007123273, 0.007123273, 0.007123273, 0.007123273, 0.007123273, 0.007123273, 0.007123273, 0.007123273, 0.007123273, 0.007123273, 0.007123273, 0.007123273, 0.007123273, 0.007123273, 0.007123273, 0.007123273, 0.007123273, 0.007123273, 0.007123273, 0.007123273, 0.007123273, 0.007123273, 0.007123273, 0.007123273, 0.007123273, 0.007123273, 0.007123273, 0.007123273, 0.007123273, 0.007123273, 0.007123273, 0.007123273, 0.007123273, 0.007123273, 0.007123273, 0.007123273, 0.007123273, 0.007123273, 0.007123273, 0.007123273, 0.007123273, 0.007123273, 0.007123273, 0.007123273, 0.007123273, 0.007123273, 0.007123273, 0.007123273, 0.007123273, 0.007123273, 0.007123273, 0.007123273, 0.007123273, 0.007123273, 0.007123273, 0.007123273, 0.007123273, 0.007123273, 0.007123273, 0.007123273, 0.007123273, 0.007123273, 0.007123273, 0.007123273, 0.007123273, 0.007123273, 0.007123273, 0.007123273, 0.007123273, 0.007123273, 0.007123273, 0.007123273, 0.007123273, 0.007123273, 0.007123273, 0.007123273, 0.007123273, 0.007123273, 0.007123273, 0.007123273, 0.007123273, 0.007123273, 0.007123273, 0.007123273, 0.007123273, 0.007123273, 0.007123273, 0.007123273, 0.007123273, 0.007123273, 0.007123273, 0.007123273, 0.007123273, 0.007123273, 0.007123273, 0.007123273, 0.007123273, 0.007123273, 0.007123273, 0.007123273, 0.007123273, 0.007123273, 0.007123273, 0.007123273, 0.007123273, 0.007123273, 0.007123273, 0.007123273, 0.007123273, 0.007123273, 0.007123273, 0.007123273, 0.007123273, 0.007123273, 0.007123273, 0.007123273, 0.007123273, 0.007123273, 0.007123273, 0.007123273, 0.007123273, 0.007123273, 0.007123273, 0.007123273, 0.007123273, 0.007123273, 0.007123273, 0.007123273, 0.007123273, 0.007123273, 0.007123273, 0.007123273, 0.007123273, 0.007123273, 0.007123273, 0.007123273, 0.007123273, 0.007123273, 0.007123273, 0.007123273, 0.007123273, 0.007123273, 0.007123273, 0.007123273, 0.007123273, 0.007123273, 0.007123273, 0.007123273, 0.007123273, 0.007123273, 0.007123273, 0.007123273, 0.007123273, 0.007123273, 0.007123273, 0.007123273, 0.007123273, 0.007123273, 0.007123273, 0.007123273, 0.007123273, 0.007123273, 0.007123273, 0.007123273, 0.007123273, 0.007123273, 0.007123273, 0.007123273, 0.007123273, 0.007123273, 0.007123273, 0.007123273, 0.007123273, 0.007123273, 0.007123273, 0.007123273, 0.007123273, 0.007123273, 0.007123273, 0.007123273, 0.007123273, 0.007123273, 0.007123273, 0.007123273, 0.007123273, 0.007123273, 0.007123273, 0.007123273, 0.007123273, 0.007123273, 0.007123273, 0.007123273, 0.007123273, 0.007123273, 0.007123273, 0.007123273, 0.007123273, 0.007123273, 0.007123273, 0.007123273, 0.007123273, 0.007123273, 0.007123273, 0.007123273, 0.007123273, 0.007123273, 0.007123273, 0.007123273, 0.007123273, 0.007123273, 0.007123273, 0.007123273, 0.007123273, 0.007123273, 0.007123273, 0.007123273, 0.007123273, 0.007123273, 0.007123273, 0.007123273, 0.007123273, 0.007123273, 0.007123273, 0.007123273, 0.007123273, 0.007123273, 0.007123273, 0.007123273, 0.007123273, 0.007123273, 0.007123273, 0.007123273, 0.007123273, 0.007123273, 0.007123273, 0.007123273, 0.007123273, 0.007123273, 0.007123273, 0.007123273, 0.007123273, 0.007123273, 0.007123273, 0.007123273, 0.007123273, 0.007123273, 0.007123273, 0.007123273, 0.007123273, 0.007123273, 0.007123273, 0.007123273, 0.007123273, 0.007123273, 0.007123273, 0.007123273, 0.007123273, 0.007123273, 0.007123273, 0.007123273, 0.007123273, 0.007123273, 0.007123273, 0.007123273, 0.007123273, 0.007123273, 0.007123273, 0.007123273, 0.007123273, 0.007123273, 0.007123273, 0.007123273, 0.007123273, 0.007123273, 0.007123273, 0.007123273, 0.007123273, 0.007123273, 0.007123273, 0.007123273, 0.007123273, 0.007123273, 0.007123273, 0.007123273, 0.007123273, 0.007123273, 0.007123273, 0.007123273, 0.007123273, 0.007123273, 0.007123273, 0.007123273, 0.007123273, 0.007123273, 0.007123273, 0.007123273, 0.007123273, 0.007123273, 0.007123273, 0.007123273, 0.007123273, 0.007123273, 0.007123273, 0.007123273, 0.007123273, 0.007123273, 0.007123273, 0.007123273, 0.007123273, 0.007123273, 0.007123273, 0.007123273, 0.007123273, 0.007123273, 0.007123273, 0.007123273, 0.007123273, 0.007123273, 0.007123273, 0.007123273, 0.007123273, 0.007123273, 0.007123273, 0.007123273, 0.007123273, 0.007123273, 0.007123273, 0.007123273, 0.007123273, 0.007123273, 0.007123273, 0.007123273, 0.007123273, 0.007123273, 0.007123273, 0.007123273, 0.007123273, 0.007123273, 0.007123273, 0.007123273, 0.007123273, 0.007123273, 0.007123273, 0.007123273, 0.007123273, 0.007123273, 0.007123273, 0.007123273, 0.007123273, 0.007123273, 0.007123273, 0.007123273, 0.007123273, 0.007123273, 0.007123273, 0.007123273, 0.007123273, 0.007123273, 0.007123273, 0.007123273, 0.007123273, 0.007123273, 0.007123273, 0.007123273, 0.007123273, 0.007123273, 0.007123273, 0.007123273, 0.007123273, 0.007123273, 0.007123273, 0.007123273, 0.007123273, 0.007123273, 0.007123273, 0.007123273, 0.007123273, 0.007123273, 0.007123273, 0.007123273, 0.007123273, 0.007123273, 0.007123273, 0.007123273, 0.007123273, 0.007123273, 0.007123273, 0.007123273, 0.007123273, 0.007123273, 0.007123273, 0.007123273, 0.007123273, 0.007123273, 0.007123273, 0.007123273, 0.007123273, 0.007123273, 0.007123273, 0.007123273, 0.007123273, 0.007123273, 0.007123273, 0.007123273, 0.007123273, 0.007123273, 0.007123273, 0.007123273, 0.007123273, 0.007123273, 0.007123273, 0.007123273, 0.007123273, 0.007123273, 0.007123273, 0.007123273, 0.007123273, 0.007123273, 0.007123273, 0.007123273, 0.007123273, 0.007123273, 0.007123273, 0.007123273, 0.007123273, 0.007123273, 0.007123273, 0.007123273, 0.007123273, 0.007123273, 0.007123273, 0.007123273, 0.007123273, 0.007123273, 0.007123273, 0.007123273, 0.007123273, 0.007123273, 0.007123273, 0.007123273, 0.007123273, 0.007123273, 0.007123273, 0.007123273, 0.007123273, 0.007123273, 0.007123273, 0.007123273, 0.007123273, 0.007123273, 0.007123273, 0.007123273, 0.007123273, 0.007123273, 0.007123273, 0.007123273, 0.007123273, 0.007123273, 0.007123273, 0.007123273, 0.007123273, 0.007123273, 0.007123273, 0.007123273, 0.007123273, 0.007123273, 0.007123273, 0.007123273, 0.007123273, 0.007123273, 0.007123273, 0.007123273, 0.007123273, 0.007123273, 0.007123273, 0.007123273, 0.007123273, 0.007123273, 0.007123273, 0.007123273, 0.007123273, 0.007123273, 0.007123273, 0.007123273, 0.007123273, 0.007123273, 0.007123273, 0.007123273, 0.007123273, 0.007123273, 0.007123273, 0.007123273, 0.007123273, 0.007123273, 0.007123273, 0.007123273, 0.007123273, 0.007123273, 0.007123273, 0.007123273, 0.007123273, 0.007123273, 0.007123273, 0.007123273, 0.007123273, 0.007123273, 0.007123273, 0.007123273, 0.007123273, 0.007123273, 0.007123273, 0.007123273, 0.007123273, 0.007123273, 0.007123273, 0.007123273, 0.007123273, 0.007123273, 0.007123273, 0.007123273, 0.007123273, 0.007123273, 0.007123273, 0.007123273, 0.007123273, 0.007123273, 0.007123273, 0.007123273, 0.007123273, 0.007123273, 0.007123273, 0.007123273, 0.007123273, 0.007123273, 0.007123273, 0.007123273, 0.007123273, 0.007123273, 0.007123273, 0.007123273, 0.007123273, 0.007123273, 0.007123273, 0.007123273, 0.007123273, 0.007123273, 0.007123273, 0.007123273, 0.007123273, 0.007123273, 0.007123273, 0.007123273, 0.007123273, 0.007123273, 0.007123273, 0.007123273, 0.007123273, 0.007123273, 0.007123273, 0.007123273, 0.007123273, 0.007123273, 0.007123273, 0.007123273, 0.007123273, 0.007123273, 0.007123273, 0.002726191, 0.002726191, 0.002726191, 0.002726191, 0.002726191, 0.002726191, 0.002726191, 0.002726191, 0.002726191, 0.002726191, 0.002726191, 0.002726191, 0.002726191, 0.002726191, 0.002726191, 0.002726191, 0.002726191, 0.002726191, 0.002726191, 0.002726191, 0.002726191, 0.002726191, 0.002726191, 0.002726191, 0.002726191, 0.002726191, 0.002726191, 0.002726191, 0.002726191, 0.002726191, 0.002726191, 0.002726191, 0.002726191, 0.002726191, 0.002726191, 0.002726191, 0.002726191, 0.002726191, 0.002726191, 0.002726191, 0.002726191, 0.002726191, 0.002726191, 0.002726191, 0.002726191, 0.002726191, 0.002726191, 0.002726191, 0.002726191, 0.002726191, 0.002726191, 0.002726191, 0.002726191, 0.002726191, 0.002726191, 0.002726191, 0.002726191, 0.002726191, 0.002726191, 0.002726191, 0.002726191, 0.002726191, 0.002726191, 0.002726191, 0.002726191, 0.002726191, 0.002726191, 0.002726191, 0.002726191, 0.002726191, 0.002726191, 0.002726191, 0.002726191, 0.002726191, 0.002726191, 0.002726191, 0.002726191, 0.002726191, 0.002726191, 0.002726191, 0.002726191, 0.002726191, 0.002726191, 0.002726191, 0.002726191, 0.002726191, 0.002726191, 0.002726191, 0.002726191, 0.002726191, 0.002726191, 0.002726191, 0.002726191, 0.002726191, 0.002726191, 0.002726191, 0.002726191, 0.002726191, 0.002726191, 0.002726191, 0.002726191, 0.002726191, 0.002726191, 0.002726191, 0.002726191, 0.002726191, 0.002726191, 0.002726191, 0.002726191, 0.002726191, 0.002726191, 0.002726191, 0.002726191, 0.002726191, 0.002726191, 0.002726191, 0.002726191, 0.002726191, 0.002726191, 0.002726191, 0.002726191, 0.002726191, 0.002726191, 0.002726191, 0.002726191, 0.002726191, 0.002726191, 0.002726191, 0.002726191, 0.002726191, 0.002726191, 0.002726191, 0.002726191, 0.002726191, 0.002726191, 0.002726191, 0.002726191, 0.002726191, 0.002726191, 0.002726191, 0.002726191, 0.002726191, 0.002726191, 0.002726191, 0.002726191, 0.002726191, 0.002726191, 0.002726191, 0.002726191, 0.002726191, 0.002726191, 0.002726191, 0.002726191, 0.002726191, 0.002726191, 0.002726191, 0.002726191, 0.002726191, 0.002726191, 0.002726191, 0.002726191, 0.002726191, 0.002726191, 0.002726191, 0.002726191, 0.002726191, 0.002726191, 0.002726191, 0.002726191, 0.002726191, 0.002726191, 0.002726191, 0.002726191, 0.002726191, 0.002726191, 0.002726191, 0.002726191, 0.002726191, 0.002726191, 0.002726191, 0.002726191, 0.002726191, 0.002726191, 0.002726191, 0.002726191, 0.002726191, 0.002726191, 0.002726191, 0.002726191, 0.002726191, 0.002726191, 0.002726191, 0.002726191, 0.002726191, 0.002726191, 0.002726191, 0.002726191, 0.002726191, 0.002726191, 0.002726191, 0.002726191, 0.002726191, 0.002726191, 0.002726191, 0.002726191, 0.002726191, 0.002726191, 0.002726191, 0.002726191, 0.002726191, 0.002726191, 0.002726191, 0.002726191, 0.002726191, 0.002726191, 0.002726191, 0.002726191, 0.002726191, 0.002726191, 0.002726191, 0.002726191, 0.002726191, 0.002726191, 0.002726191, 0.002726191, 0.002726191, 0.002726191, 0.002726191, 0.002726191, 0.002726191, 0.002726191, 0.002726191, 0.002726191, 0.002726191, 0.002726191, 0.002726191, 0.002726191, 0.002726191, 0.002726191, 0.002726191, 0.002726191, 0.002726191, 0.002726191, 0.002726191, 0.002726191, 0.002726191, 0.002726191, 0.002726191, 0.002726191, 0.002726191, 0.002726191, 0.002726191, 0.002726191, 0.002726191, 0.002726191, 0.002726191, 0.002726191, 0.002726191, 0.002726191, 0.002726191, 0.002726191, 0.002726191, 0.002726191, 0.002726191, 0.002726191, 0.002726191, 0.002726191, 0.002726191, 0.002726191, 0.002726191, 0.002726191, 0.002726191, 0.002726191, 0.002726191, 0.002726191, 0.002726191, 0.002726191, 0.002726191, 0.002726191, 0.002726191, 0.002726191, 0.002726191, 0.002726191, 0.002726191, 0.002726191, 0.002726191, 0.002726191, 0.002726191, 0.002726191, 0.002726191, 0.002726191, 0.002726191, 0.002726191, 0.002726191, 0.002726191, 0.002726191, 0.002726191, 0.002726191, 0.002726191, 0.002726191, 0.002726191, 0.002726191, 0.002726191, 0.002726191, 0.002726191, 0.002726191, 0.002726191, 0.002726191, 0.002726191, 0.002726191, 0.002726191, 0.002726191, 0.002726191, 0.002726191, 0.002726191, 0.002726191, 0.002726191, 0.002726191, 0.002726191, 0.002726191, 0.002726191, 0.002726191, 0.002726191, 0.002726191, 0.002726191, 0.002726191, 0.002726191, 0.002726191, 0.002726191, 0.002726191, 0.002726191, 0.002726191, 0.002726191, 0.002726191, 0.002726191, 0.002726191, 0.007914748, 0.007914748, 0.007914748, 0.007914748, 0.007914748, 0.007914748, 0.007914748, 0.007914748, 0.007914748, 0.007914748, 0.007914748, 0.007914748, 0.007914748, 0.007914748, 0.007914748, 0.007914748, 0.007914748, 0.007914748, 0.007914748, 0.007914748, 0.007914748, 0.007914748, 0.007914748, 0.007914748, 0.007914748, 0.007914748, 0.007914748, 0.007914748, 0.007914748, 0.007914748, 0.007914748, 0.007914748, 0.007914748, 0.007914748, 0.007914748, 0.007914748, 0.007914748, 0.007914748, 0.007914748, 0.007914748, 0.007914748, 0.007914748, 0.007914748, 0.007914748, 0.007914748, 0.007914748, 0.007914748, 0.007914748, 0.007914748, 0.007914748, 0.007914748, 0.007914748, 0.007914748, 0.007914748, 0.007914748, 0.007914748, 0.007914748, 0.007914748, 0.007914748, 0.007914748, 0.007914748, 0.007914748, 0.007914748, 0.007914748, 0.007914748, 0.007914748, 0.007914748, 0.007914748, 0.007914748, 0.007914748, 0.007914748, 0.007914748, 0.007914748, 0.007914748, 0.007914748, 0.007914748, 0.007914748, 0.007914748, 0.007914748, 0.007914748, 0.007914748, 0.007914748, 0.007914748, 0.007914748, 0.007914748, 0.007914748, 0.007914748, 0.007914748, 0.007914748, 0.007914748, 0.007914748, 0.007914748, 0.007914748, 0.007914748, 0.007914748, 0.007914748, 0.007914748, 0.007914748, 0.007914748, 0.007914748, 0.007914748, 0.007914748, 0.007914748, 0.007914748, 0.007914748, 0.007914748, 0.007914748, 0.007914748, 0.007914748, 0.007914748, 0.007914748, 0.007914748] (
            interpolation = "uniform"
        )
    }

    def Mesh "Spindle" (
        customData = {
            double3 com = (1.1697561726502898e-18, -2.516075517544341e-19, -4.1051232096229315e-18)
            double[] inertia = [0.042999668483873425, -1.1164618222065329e-18, 1.1947247879398076e-18, -1.3155204819057765e-18, 0.03148724100254602, 4.323742206641308e-19, 1.2562001066721653e-18, 4.130133853352983e-19, 0.03148724100254602]
            double mass = 4.6
        }
    )
    {
        int[] faceVertexCounts = [3, 3, 3, 3, 3, 3, 3, 3, 3, 3, 3, 3, 3, 3, 3, 3, 3, 3, 3, 3, 3, 3, 3, 3, 3, 3, 3, 3, 3, 3, 3, 3, 3, 3, 3, 3, 3, 3, 3, 3, 3, 3, 3, 3, 3, 3, 3, 3, 3, 3, 3, 3, 3, 3, 3, 3, 3, 3, 3, 3, 3, 3, 3, 3, 3, 3, 3, 3, 3, 3, 3, 3, 3, 3, 3, 3, 3, 3, 3, 3, 3, 3, 3, 3, 3, 3, 3, 3, 3, 3, 3, 3, 3, 3, 3, 3, 3, 3, 3, 3, 3, 3, 3, 3, 3, 3, 3, 3, 3, 3, 3, 3, 3, 3, 3, 3, 3, 3, 3, 3, 3, 3, 3, 3, 3, 3, 3, 3, 3, 3, 3, 3, 3, 3, 3, 3, 3, 3, 3, 3, 3, 3, 3, 3, 3, 3, 3, 3, 3, 3, 3, 3, 3, 3, 3, 3, 3, 3, 3, 3, 3, 3, 3, 3, 3, 3, 3, 3, 3, 3, 3, 3, 3, 3, 3, 3, 3, 3, 3, 3, 3, 3, 3, 3, 3, 3, 3, 3, 3, 3, 3, 3, 3, 3, 3, 3, 3, 3, 3, 3, 3, 3, 3, 3, 3, 3, 3, 3, 3, 3, 3, 3, 3, 3, 3, 3, 3, 3, 3, 3, 3, 3, 3, 3, 3, 3, 3, 3, 3, 3, 3, 3, 3, 3, 3, 3, 3, 3, 3, 3, 3, 3, 3, 3, 3, 3, 3, 3, 3, 3, 3, 3, 3, 3, 3, 3, 3, 3, 3, 3, 3, 3, 3, 3, 3, 3, 3, 3, 3, 3, 3, 3, 3, 3, 3, 3, 3, 3, 3, 3, 3, 3, 3, 3, 3, 3, 3, 3, 3, 3, 3, 3, 3, 3, 3, 3, 3, 3, 3, 3, 3, 3, 3, 3, 3, 3, 3, 3, 3, 3, 3, 3, 3, 3, 3, 3, 3, 3, 3, 3, 3, 3, 3, 3, 3, 3, 3, 3, 3, 3, 3, 3, 3, 3, 3, 3, 3, 3, 3, 3, 3, 3, 3, 3, 3, 3, 3, 3, 3, 3, 3, 3, 3, 3, 3, 3, 3, 3, 3, 3, 3, 3, 3, 3, 3, 3, 3, 3, 3, 3, 3, 3, 3, 3, 3, 3, 3, 3, 3, 3, 3, 3, 3, 3, 3, 3, 3, 3, 3, 3, 3, 3, 3, 3, 3, 3, 3, 3, 3, 3, 3, 3, 3, 3, 3, 3, 3, 3, 3, 3, 3, 3, 3, 3, 3, 3, 3, 3, 3, 3, 3, 3, 3, 3, 3, 3, 3, 3, 3, 3, 3, 3, 3, 3, 3, 3, 3, 3, 3, 3, 3, 3, 3, 3, 3, 3, 3, 3, 3, 3, 3, 3, 3, 3, 3, 3, 3, 3, 3, 3, 3, 3, 3, 3, 3, 3, 3, 3, 3, 3, 3, 3, 3, 3, 3, 3, 3, 3, 3, 3, 3, 3, 3, 3, 3, 3, 3, 3, 3, 3, 3, 3, 3, 3, 3, 3, 3, 3, 3, 3, 3, 3, 3, 3, 3, 3, 3, 3, 3, 3, 3, 3, 3, 3, 3, 3, 3, 3, 3, 3, 3, 3, 3, 3, 3, 3, 3, 3, 3, 3, 3, 3, 3, 3, 3, 3, 3, 3, 3, 3, 3, 3, 3, 3, 3, 3, 3, 3, 3, 3, 3, 3, 3, 3, 3, 3, 3, 3, 3, 3, 3, 3, 3, 3, 3, 3, 3, 3, 3, 3, 3, 3, 3, 3, 3, 3, 3, 3, 3, 3, 3, 3, 3, 3, 3, 3, 3, 3, 3, 3, 3, 3, 3, 3, 3, 3, 3, 3, 3, 3, 3, 3, 3, 3, 3, 3, 3, 3, 3, 3, 3, 3, 3, 3, 3, 3, 3, 3, 3, 3, 3, 3, 3, 3, 3, 3, 3, 3, 3, 3, 3, 3, 3, 3, 3, 3, 3, 3, 3, 3, 3, 3, 3, 3, 3, 3, 3, 3, 3, 3, 3, 3, 3, 3, 3, 3, 3, 3, 3, 3, 3, 3, 3, 3, 3, 3, 3, 3, 3, 3, 3, 3, 3, 3, 3, 3, 3, 3, 3, 3, 3, 3, 3, 3, 3, 3, 3, 3, 3, 3, 3, 3, 3, 3, 3, 3, 3, 3, 3, 3, 3, 3, 3, 3, 3, 3, 3, 3, 3, 3, 3, 3, 3, 3, 3, 3, 3, 3, 3, 3, 3, 3, 3, 3, 3, 3, 3, 3, 3, 3, 3, 3, 3, 3, 3, 3, 3, 3, 3, 3, 3, 3, 3, 3, 3, 3, 3, 3, 3, 3, 3, 3, 3, 3, 3, 3, 3, 3, 3, 3, 3, 3, 3, 3, 3, 3, 3, 3, 3, 3, 3, 3, 3, 3, 3, 3, 3, 3, 3, 3, 3, 3, 3, 3, 3, 3, 3, 3, 3, 3, 3, 3, 3, 3, 3, 3, 3, 3, 3, 3, 3, 3, 3, 3, 3, 3, 3, 3, 3, 3, 3, 3, 3, 3, 3, 3, 3, 3, 3, 3, 3, 3, 3, 3, 3, 3, 3, 3, 3, 3, 3, 3, 3, 3, 3, 3, 3, 3, 3, 3, 3, 3, 3, 3, 3, 3, 3, 3, 3, 3, 3, 3, 3, 3, 3, 3, 3, 3, 3, 3, 3, 3, 3, 3, 3, 3, 3, 3, 3, 3, 3, 3, 3, 3, 3, 3, 3, 3, 3, 3, 3, 3, 3, 3, 3, 3, 3, 3, 3, 3, 3, 3, 3, 3, 3, 3, 3, 3, 3, 3, 3, 3, 3, 3, 3, 3, 3, 3, 3, 3, 3, 3, 3, 3, 3, 3, 3, 3, 3, 3, 3, 3, 3, 3, 3, 3, 3, 3, 3, 3, 3, 3, 3, 3, 3, 3, 3, 3, 3, 3, 3, 3, 3, 3, 3, 3, 3, 3, 3, 3, 3, 3, 3, 3, 3, 3, 3, 3, 3, 3, 3, 3, 3, 3, 3, 3, 3, 3, 3, 3, 3, 3, 3, 3, 3, 3, 3, 3, 3, 3, 3, 3, 3, 3, 3, 3, 3, 3, 3, 3, 3, 3, 3, 3, 3, 3, 3, 3, 3, 3, 3, 3, 3, 3, 3, 3, 3, 3, 3, 3, 3, 3, 3, 3, 3, 3, 3, 3, 3, 3, 3, 3, 3, 3, 3, 3, 3, 3, 3, 3, 3, 3, 3, 3, 3, 3, 3, 3, 3, 3, 3, 3, 3, 3, 3, 3, 3, 3, 3, 3, 3, 3, 3, 3, 3, 3, 3, 3, 3, 3, 3, 3, 3, 3, 3, 3, 3, 3, 3, 3, 3, 3, 3, 3, 3, 3, 3, 3, 3, 3, 3, 3, 3, 3, 3, 3, 3, 3, 3, 3, 3, 3, 3, 3, 3, 3, 3, 3, 3, 3, 3, 3, 3, 3, 3, 3, 3, 3, 3, 3, 3, 3, 3, 3, 3, 3, 3, 3, 3, 3, 3, 3, 3, 3, 3, 3, 3, 3, 3, 3, 3, 3, 3, 3, 3, 3, 3, 3, 3, 3, 3, 3, 3, 3, 3, 3, 3, 3, 3, 3, 3, 3, 3, 3, 3, 3, 3, 3, 3, 3, 3, 3, 3, 3, 3, 3, 3, 3, 3, 3, 3, 3, 3, 3, 3, 3, 3, 3, 3, 3, 3, 3, 3, 3, 3, 3, 3, 3, 3, 3, 3, 3, 3, 3, 3, 3, 3, 3, 3, 3, 3, 3, 3, 3, 3, 3, 3, 3, 3, 3, 3, 3, 3, 3, 3, 3, 3, 3, 3, 3, 3, 3, 3, 3, 3, 3, 3, 3, 3, 3, 3, 3, 3, 3, 3, 3, 3, 3, 3, 3, 3, 3, 3, 3, 3, 3, 3, 3, 3, 3, 3, 3, 3, 3, 3, 3, 3, 3, 3, 3, 3, 3, 3, 3, 3, 3, 3, 3, 3, 3, 3, 3, 3, 3, 3, 3, 3, 3, 3, 3, 3, 3, 3, 3, 3, 3, 3, 3, 3, 3, 3, 3, 3, 3, 3, 3, 3, 3, 3, 3, 3, 3, 3, 3, 3, 3, 3, 3, 3, 3, 3, 3, 3, 3, 3, 3, 3, 3, 3, 3, 3, 3, 3, 3, 3, 3, 3, 3, 3, 3, 3, 3, 3, 3, 3, 3, 3, 3, 3, 3, 3, 3, 3, 3, 3, 3, 3, 3, 3, 3, 3, 3, 3, 3, 3, 3, 3, 3, 3, 3, 3, 3, 3, 3, 3, 3, 3, 3, 3, 3, 3, 3, 3, 3, 3, 3, 3, 3, 3, 3, 3, 3, 3, 3, 3, 3, 3, 3, 3, 3, 3, 3, 3, 3, 3, 3, 3, 3, 3, 3, 3, 3, 3, 3, 3, 3, 3, 3, 3, 3, 3, 3, 3, 3, 3, 3, 3, 3, 3, 3, 3, 3, 3, 3, 3, 3, 3, 3, 3, 3, 3, 3, 3, 3, 3, 3, 3, 3, 3, 3, 3, 3, 3, 3, 3, 3, 3, 3, 3, 3, 3, 3, 3, 3, 3, 3, 3, 3, 3, 3, 3, 3, 3, 3, 3, 3, 3, 3, 3, 3, 3, 3, 3, 3, 3, 3, 3, 3, 3, 3, 3, 3, 3, 3, 3, 3, 3, 3, 3, 3, 3, 3, 3, 3, 3, 3, 3, 3, 3, 3, 3, 3, 3, 3, 3, 3, 3, 3, 3, 3, 3, 3, 3, 3, 3, 3, 3, 3, 3, 3, 3, 3, 3, 3, 3, 3, 3, 3, 3, 3, 3, 3, 3, 3, 3, 3, 3, 3, 3, 3, 3, 3, 3, 3, 3, 3, 3, 3, 3, 3, 3, 3, 3, 3, 3, 3, 3, 3, 3, 3, 3, 3, 3, 3, 3, 3, 3, 3, 3, 3, 3, 3, 3, 3, 3, 3, 3, 3, 3, 3, 3, 3, 3, 3, 3, 3, 3, 3, 3, 3, 3, 3, 3, 3, 3, 3, 3, 3, 3, 3, 3, 3, 3, 3, 3, 3, 3, 3, 3, 3, 3, 3, 3, 3, 3, 3, 3, 3, 3, 3, 3, 3, 3, 3, 3, 3, 3, 3, 3, 3, 3, 3, 3, 3, 3, 3, 3, 3, 3, 3, 3, 3, 3, 3, 3, 3, 3, 3, 3, 3, 3, 3, 3, 3, 3, 3, 3, 3, 3, 3, 3, 3, 3, 3, 3, 3, 3, 3, 3, 3, 3, 3, 3, 3, 3, 3, 3, 3, 3, 3, 3, 3, 3, 3, 3, 3, 3, 3, 3, 3, 3, 3, 3, 3, 3, 3, 3, 3, 3, 3, 3, 3, 3, 3, 3, 3, 3, 3, 3, 3, 3, 3, 3, 3, 3, 3, 3, 3, 3, 3, 3, 3, 3, 3, 3, 3, 3, 3, 3, 3, 3, 3, 3, 3, 3, 3, 3, 3, 3, 3, 3, 3, 3, 3, 3, 3, 3, 3, 3, 3, 3, 3, 3, 3, 3, 3, 3, 3, 3, 3, 3, 3, 3, 3, 3, 3, 3, 3, 3, 3, 3, 3, 3, 3, 3, 3, 3, 3, 3, 3, 3, 3, 3, 3, 3, 3, 3, 3, 3, 3, 3, 3, 3, 3, 3, 3, 3, 3, 3, 3, 3, 3, 3, 3, 3, 3, 3, 3, 3, 3, 3, 3, 3, 3, 3, 3, 3, 3, 3, 3, 3, 3, 3, 3, 3, 3, 3, 3, 3, 3, 3, 3, 3, 3, 3, 3, 3, 3, 3, 3, 3, 3, 3, 3, 3, 3, 3, 3, 3, 3, 3, 3, 3, 3, 3, 3, 3, 3, 3, 3, 3, 3, 3, 3, 3, 3, 3, 3, 3, 3, 3, 3, 3, 3, 3, 3, 3, 3, 3, 3, 3, 3, 3, 3, 3, 3, 3, 3, 3, 3, 3, 3, 3, 3, 3, 3, 3, 3, 3, 3, 3, 3, 3, 3, 3, 3, 3, 3, 3, 3, 3, 3, 3, 3, 3, 3, 3, 3, 3, 3, 3, 3, 3, 3, 3, 3, 3, 3, 3, 3, 3, 3, 3, 3, 3, 3, 3, 3, 3, 3, 3, 3, 3, 3, 3, 3, 3, 3, 3, 3, 3, 3, 3, 3, 3, 3, 3, 3, 3, 3, 3, 3, 3, 3, 3, 3, 3, 3, 3, 3, 3, 3, 3, 3, 3, 3, 3, 3, 3, 3, 3, 3, 3, 3, 3, 3, 3, 3, 3, 3, 3, 3, 3, 3, 3, 3, 3, 3, 3, 3, 3, 3, 3, 3, 3, 3, 3, 3, 3, 3, 3, 3, 3, 3, 3, 3, 3, 3, 3, 3, 3, 3, 3, 3, 3, 3, 3, 3, 3, 3, 3, 3, 3, 3, 3, 3, 3, 3, 3, 3, 3, 3, 3, 3, 3, 3, 3, 3, 3, 3, 3, 3, 3, 3, 3, 3, 3, 3, 3, 3, 3, 3, 3, 3, 3, 3, 3, 3, 3, 3, 3, 3, 3, 3, 3, 3, 3, 3, 3, 3, 3, 3, 3, 3, 3, 3, 3, 3, 3, 3, 3, 3, 3, 3, 3, 3, 3, 3, 3, 3, 3, 3, 3, 3, 3, 3, 3, 3, 3, 3, 3, 3, 3, 3, 3, 3, 3, 3, 3, 3, 3, 3, 3, 3, 3, 3, 3, 3, 3, 3, 3, 3, 3, 3, 3, 3, 3, 3, 3, 3, 3, 3, 3, 3, 3, 3, 3, 3, 3, 3, 3, 3, 3, 3, 3, 3, 3, 3, 3, 3, 3, 3, 3, 3, 3, 3, 3, 3, 3, 3, 3, 3, 3, 3, 3, 3, 3, 3, 3, 3, 3, 3, 3, 3, 3, 3, 3, 3, 3, 3, 3, 3, 3, 3, 3, 3, 3, 3, 3, 3, 3, 3, 3, 3, 3, 3, 3, 3, 3, 3, 3, 3, 3, 3, 3, 3, 3, 3, 3, 3, 3, 3, 3, 3, 3, 3, 3, 3, 3, 3, 3, 3, 3, 3, 3, 3, 3, 3, 3, 3, 3, 3, 3, 3, 3, 3, 3, 3, 3, 3, 3, 3, 3, 3, 3, 3, 3, 3, 3, 3, 3, 3, 3, 3, 3, 3, 3, 3, 3, 3, 3, 3, 3, 3, 3, 3, 3, 3, 3, 3, 3, 3, 3, 3, 3, 3, 3, 3, 3, 3, 3, 3, 3, 3, 3, 3, 3, 3, 3, 3, 3, 3, 3, 3, 3, 3, 3, 3, 3, 3, 3, 3, 3, 3, 3, 3, 3, 3, 3, 3, 3, 3, 3, 3, 3, 3, 3, 3, 3, 3, 3, 3, 3, 3, 3, 3, 3, 3, 3, 3, 3, 3, 3, 3, 3, 3, 3, 3, 3, 3, 3, 3, 3, 3, 3, 3, 3, 3, 3, 3, 3, 3, 3, 3, 3, 3, 3, 3, 3, 3, 3, 3, 3, 3, 3, 3, 3, 3, 3, 3, 3, 3, 3, 3, 3, 3, 3, 3, 3, 3, 3, 3, 3, 3, 3, 3, 3, 3, 3, 3, 3, 3, 3, 3, 3, 3, 3, 3, 3, 3, 3, 3, 3, 3, 3, 3, 3, 3, 3, 3, 3, 3, 3, 3, 3, 3, 3, 3, 3, 3, 3, 3, 3, 3, 3, 3, 3, 3, 3, 3, 3, 3, 3, 3, 3, 3, 3, 3, 3, 3, 3, 3, 3, 3, 3, 3, 3, 3, 3, 3, 3, 3, 3, 3, 3, 3, 3, 3, 3, 3, 3, 3, 3, 3, 3, 3, 3, 3, 3, 3, 3, 3, 3, 3, 3, 3, 3, 3, 3, 3, 3, 3, 3, 3, 3, 3, 3, 3, 3, 3, 3, 3, 3, 3, 3, 3, 3, 3, 3, 3, 3, 3, 3, 3, 3, 3, 3, 3, 3, 3, 3, 3, 3, 3, 3, 3, 3, 3, 3, 3, 3, 3, 3, 3, 3, 3, 3, 3, 3, 3, 3, 3, 3, 3, 3, 3, 3, 3, 3, 3, 3, 3, 3, 3, 3, 3, 3, 3, 3, 3, 3, 3, 3, 3, 3, 3, 3, 3, 3, 3, 3, 3, 3, 3, 3, 3, 3, 3, 3, 3, 3, 3, 3, 3, 3, 3, 3, 3, 3, 3, 3, 3, 3, 3, 3, 3, 3, 3, 3, 3, 3, 3, 3, 3, 3, 3, 3, 3, 3, 3, 3, 3, 3, 3, 3, 3, 3, 3, 3, 3, 3, 3, 3, 3, 3, 3, 3, 3, 3, 3, 3, 3, 3, 3, 3, 3, 3, 3, 3, 3, 3, 3, 3, 3, 3, 3, 3, 3, 3, 3, 3, 3, 3, 3, 3, 3, 3, 3, 3, 3, 3, 3, 3, 3, 3, 3, 3, 3, 3, 3, 3, 3, 3, 3, 3, 3, 3, 3, 3, 3, 3, 3, 3, 3, 3, 3, 3, 3, 3, 3, 3, 3, 3, 3, 3, 3, 3, 3, 3, 3, 3, 3, 3, 3, 3, 3, 3, 3, 3, 3, 3, 3, 3, 3, 3, 3, 3, 3, 3, 3, 3, 3, 3, 3, 3, 3, 3, 3, 3, 3, 3, 3, 3, 3, 3, 3, 3, 3, 3, 3, 3, 3, 3, 3, 3, 3, 3, 3, 3, 3, 3, 3, 3, 3, 3, 3, 3, 3, 3, 3, 3, 3, 3, 3, 3, 3, 3, 3, 3, 3, 3, 3, 3, 3, 3, 3, 3, 3, 3, 3, 3, 3, 3, 3, 3, 3, 3, 3, 3, 3, 3, 3, 3, 3, 3, 3, 3, 3, 3, 3, 3, 3, 3, 3, 3, 3, 3, 3, 3, 3, 3, 3, 3, 3, 3, 3, 3, 3, 3, 3, 3, 3, 3, 3, 3, 3, 3, 3, 3, 3, 3, 3, 3, 3, 3, 3, 3, 3, 3, 3, 3, 3, 3, 3, 3, 3, 3, 3, 3, 3, 3, 3, 3, 3, 3, 3, 3, 3, 3, 3, 3, 3, 3, 3, 3, 3, 3, 3, 3, 3, 3, 3, 3, 3, 3, 3, 3, 3, 3, 3, 3, 3, 3, 3, 3, 3, 3, 3, 3, 3, 3, 3, 3, 3, 3, 3, 3, 3, 3, 3, 3, 3, 3, 3, 3, 3, 3, 3, 3, 3, 3, 3, 3, 3, 3, 3, 3, 3, 3, 3, 3, 3, 3, 3, 3, 3, 3, 3, 3, 3, 3, 3, 3, 3, 3, 3, 3, 3, 3, 3, 3, 3, 3, 3, 3, 3, 3, 3, 3, 3, 3, 3, 3, 3, 3, 3, 3, 3, 3, 3, 3, 3, 3, 3, 3, 3, 3, 3, 3, 3, 3, 3, 3, 3, 3, 3, 3, 3, 3, 3, 3, 3, 3, 3, 3, 3, 3, 3, 3, 3, 3, 3, 3, 3, 3, 3, 3, 3, 3, 3, 3, 3, 3, 3, 3, 3, 3, 3, 3, 3, 3, 3, 3, 3, 3, 3, 3, 3, 3, 3, 3, 3, 3, 3, 3, 3, 3, 3, 3, 3, 3, 3, 3, 3, 3, 3, 3, 3, 3, 3, 3, 3, 3, 3, 3, 3, 3, 3, 3, 3, 3, 3, 3, 3, 3, 3, 3, 3, 3, 3, 3, 3, 3, 3, 3, 3, 3, 3, 3, 3, 3, 3, 3, 3, 3, 3, 3, 3, 3, 3, 3, 3, 3, 3, 3, 3, 3, 3, 3, 3, 3, 3, 3, 3, 3, 3, 3, 3, 3, 3, 3, 3, 3, 3, 3, 3, 3, 3, 3, 3, 3, 3, 3, 3, 3, 3, 3, 3, 3, 3, 3, 3, 3, 3, 3, 3, 3, 3, 3, 3, 3, 3, 3, 3, 3, 3, 3, 3, 3, 3, 3, 3, 3, 3, 3, 3, 3, 3, 3, 3, 3, 3, 3, 3, 3, 3, 3, 3, 3, 3, 3, 3, 3, 3, 3, 3, 3, 3, 3, 3, 3, 3, 3, 3, 3, 3, 3, 3, 3, 3, 3, 3, 3, 3, 3, 3, 3, 3, 3, 3, 3, 3, 3, 3, 3, 3, 3, 3, 3, 3, 3, 3, 3, 3, 3, 3, 3, 3, 3, 3, 3, 3, 3, 3, 3, 3, 3, 3, 3, 3, 3, 3, 3, 3, 3, 3, 3, 3, 3, 3, 3, 3, 3, 3, 3, 3, 3, 3, 3, 3, 3, 3, 3, 3, 3, 3, 3, 3, 3, 3, 3, 3, 3, 3, 3, 3, 3, 3, 3, 3, 3, 3, 3, 3, 3, 3, 3, 3, 3, 3, 3, 3, 3, 3, 3, 3, 3, 3, 3, 3, 3, 3, 3, 3, 3, 3, 3, 3, 3, 3, 3, 3, 3, 3, 3, 3, 3, 3, 3, 3, 3, 3, 3, 3, 3, 3, 3, 3, 3, 3, 3, 3, 3, 3, 3, 3, 3, 3, 3, 3, 3, 3, 3, 3, 3, 3, 3, 3, 3, 3, 3, 3, 3, 3, 3, 3, 3, 3, 3, 3, 3, 3, 3, 3, 3, 3, 3, 3, 3, 3, 3, 3, 3, 3, 3, 3, 3, 3, 3, 3, 3, 3, 3, 3, 3, 3, 3, 3, 3, 3, 3, 3, 3, 3, 3, 3, 3, 3, 3, 3, 3, 3, 3, 3, 3, 3, 3, 3, 3, 3, 3, 3, 3, 3, 3, 3, 3, 3, 3, 3, 3, 3, 3, 3, 3, 3, 3, 3, 3, 3, 3, 3, 3, 3, 3, 3, 3, 3, 3, 3, 3, 3, 3, 3, 3, 3, 3, 3, 3, 3, 3, 3, 3, 3, 3, 3, 3, 3, 3, 3, 3, 3, 3, 3, 3, 3, 3, 3, 3, 3, 3, 3, 3, 3, 3, 3, 3, 3, 3, 3, 3, 3, 3, 3, 3, 3, 3, 3, 3, 3, 3, 3, 3, 3, 3, 3, 3, 3, 3, 3, 3, 3, 3, 3, 3, 3, 3, 3, 3, 3, 3, 3, 3, 3, 3, 3, 3, 3, 3, 3, 3, 3, 3, 3, 3, 3, 3, 3, 3, 3, 3, 3, 3, 3, 3, 3, 3, 3, 3, 3, 3, 3, 3, 3, 3, 3, 3, 3, 3, 3, 3, 3, 3, 3, 3, 3, 3, 3, 3, 3, 3, 3, 3, 3, 3, 3, 3, 3, 3, 3, 3, 3, 3, 3, 3, 3, 3, 3, 3, 3, 3, 3, 3, 3, 3, 3, 3, 3, 3, 3, 3, 3, 3, 3, 3, 3, 3, 3, 3, 3, 3, 3, 3, 3, 3, 3, 3, 3, 3, 3, 3, 3, 3, 3, 3, 3, 3, 3, 3, 3, 3, 3, 3, 3, 3, 3, 3, 3, 3, 3, 3, 3, 3, 3, 3, 3, 3, 3, 3, 3, 3, 3, 3, 3, 3, 3, 3, 3, 3, 3, 3, 3, 3, 3, 3, 3, 3, 3, 3, 3, 3, 3, 3, 3, 3, 3, 3, 3, 3, 3, 3, 3, 3, 3, 3, 3, 3, 3, 3, 3, 3, 3, 3, 3, 3, 3, 3, 3, 3, 3, 3, 3, 3, 3, 3, 3, 3, 3, 3, 3, 3, 3, 3, 3, 3, 3, 3, 3, 3, 3, 3, 3, 3, 3, 3, 3, 3, 3, 3, 3, 3, 3, 3, 3, 3, 3, 3, 3, 3, 3, 3, 3, 3, 3, 3, 3, 3, 3, 3, 3, 3, 3, 3, 3, 3, 3, 3, 3, 3, 3, 3, 3, 3, 3, 3, 3, 3, 3, 3, 3, 3, 3, 3, 3, 3, 3, 3, 3, 3, 3, 3, 3, 3, 3, 3, 3, 3, 3, 3, 3, 3, 3, 3, 3, 3, 3, 3, 3, 3, 3, 3, 3, 3, 3, 3, 3, 3, 3, 3, 3, 3, 3, 3, 3, 3, 3, 3, 3, 3, 3, 3, 3, 3, 3, 3, 3, 3, 3, 3, 3, 3, 3, 3, 3, 3, 3, 3, 3, 3, 3, 3, 3, 3, 3, 3, 3, 3, 3, 3, 3, 3, 3, 3, 3, 3, 3, 3, 3, 3, 3, 3, 3, 3, 3, 3, 3, 3, 3, 3, 3, 3, 3, 3, 3, 3, 3, 3, 3, 3, 3, 3, 3, 3, 3, 3, 3, 3, 3, 3, 3, 3, 3, 3, 3, 3, 3, 3, 3, 3, 3, 3, 3, 3, 3, 3, 3, 3, 3, 3, 3, 3, 3, 3, 3, 3, 3, 3, 3, 3, 3, 3, 3, 3, 3, 3, 3, 3, 3, 3, 3, 3, 3, 3, 3, 3, 3, 3, 3, 3, 3, 3, 3, 3, 3, 3, 3, 3, 3, 3, 3, 3, 3, 3, 3, 3, 3, 3, 3, 3, 3, 3, 3, 3, 3, 3, 3, 3, 3, 3, 3, 3, 3, 3, 3, 3, 3, 3, 3, 3, 3, 3, 3, 3, 3, 3, 3, 3, 3, 3, 3, 3, 3, 3, 3, 3, 3, 3, 3, 3, 3, 3, 3, 3, 3, 3, 3, 3, 3, 3, 3, 3, 3, 3, 3, 3, 3, 3, 3, 3, 3, 3, 3, 3, 3, 3, 3, 3, 3, 3, 3, 3, 3, 3, 3, 3, 3, 3, 3, 3, 3, 3, 3, 3, 3, 3, 3, 3, 3, 3, 3, 3, 3, 3, 3, 3, 3, 3, 3, 3, 3, 3, 3, 3, 3, 3, 3, 3, 3, 3, 3, 3, 3, 3, 3, 3, 3, 3, 3, 3, 3, 3, 3, 3, 3, 3, 3, 3, 3, 3, 3, 3, 3, 3, 3, 3, 3, 3, 3, 3, 3, 3, 3, 3, 3, 3, 3, 3, 3, 3, 3, 3, 3, 3, 3, 3, 3, 3, 3, 3, 3, 3, 3, 3, 3, 3, 3, 3, 3, 3, 3, 3, 3, 3, 3, 3, 3, 3, 3, 3, 3, 3, 3, 3, 3, 3, 3, 3, 3, 3, 3, 3, 3, 3, 3, 3, 3, 3, 3, 3, 3, 3, 3, 3, 3, 3, 3, 3, 3, 3, 3, 3, 3, 3, 3, 3, 3, 3, 3, 3, 3, 3, 3, 3, 3, 3, 3, 3, 3, 3, 3, 3, 3, 3, 3, 3, 3, 3, 3, 3, 3, 3, 3, 3, 3, 3, 3, 3, 3, 3, 3, 3, 3, 3, 3, 3, 3, 3, 3, 3, 3, 3, 3, 3, 3, 3, 3, 3, 3, 3, 3, 3, 3, 3, 3, 3, 3, 3, 3, 3, 3, 3, 3, 3, 3, 3, 3, 3, 3, 3, 3, 3, 3, 3, 3, 3, 3, 3, 3, 3, 3, 3, 3, 3, 3, 3, 3, 3, 3, 3, 3, 3, 3, 3, 3, 3, 3, 3, 3, 3, 3, 3, 3, 3, 3, 3, 3, 3, 3, 3, 3, 3, 3, 3, 3, 3, 3, 3, 3, 3, 3, 3, 3, 3, 3, 3, 3, 3, 3, 3, 3, 3, 3, 3, 3, 3, 3, 3, 3, 3, 3, 3, 3, 3, 3, 3, 3, 3, 3, 3, 3, 3, 3, 3, 3, 3, 3, 3, 3, 3, 3, 3, 3, 3, 3, 3, 3, 3, 3, 3, 3, 3, 3, 3, 3, 3, 3, 3, 3, 3, 3, 3, 3, 3, 3, 3, 3, 3, 3, 3, 3, 3, 3, 3, 3, 3, 3, 3, 3, 3, 3, 3, 3, 3, 3, 3, 3, 3, 3, 3, 3, 3, 3, 3, 3, 3, 3, 3, 3, 3, 3, 3, 3, 3, 3, 3, 3, 3, 3, 3, 3, 3, 3, 3, 3, 3, 3, 3, 3, 3, 3, 3, 3, 3, 3, 3, 3, 3, 3, 3, 3, 3, 3, 3, 3, 3, 3, 3, 3, 3, 3, 3, 3, 3, 3, 3, 3, 3, 3, 3, 3, 3, 3, 3, 3, 3, 3, 3, 3, 3, 3, 3, 3, 3, 3, 3, 3, 3, 3, 3, 3, 3, 3, 3, 3, 3, 3, 3, 3, 3, 3, 3, 3, 3, 3, 3, 3, 3, 3, 3, 3, 3, 3, 3, 3, 3, 3, 3, 3, 3, 3, 3, 3, 3, 3, 3, 3, 3, 3, 3, 3, 3, 3, 3, 3, 3, 3, 3, 3, 3, 3, 3, 3, 3, 3, 3, 3, 3, 3, 3, 3, 3, 3, 3, 3, 3, 3, 3, 3, 3, 3, 3, 3, 3, 3, 3, 3, 3, 3, 3, 3, 3, 3, 3, 3, 3, 3, 3, 3, 3, 3, 3, 3, 3, 3, 3, 3, 3, 3, 3, 3, 3, 3, 3, 3, 3, 3, 3, 3, 3, 3, 3, 3, 3, 3, 3, 3, 3, 3, 3, 3, 3, 3, 3, 3, 3, 3, 3, 3, 3, 3, 3, 3, 3, 3, 3, 3, 3, 3, 3, 3, 3, 3, 3, 3, 3, 3, 3, 3, 3, 3, 3, 3, 3, 3, 3, 3, 3, 3, 3, 3, 3, 3, 3, 3, 3, 3, 3, 3, 3, 3, 3, 3, 3, 3, 3, 3, 3, 3, 3, 3, 3, 3, 3, 3, 3, 3, 3, 3, 3, 3, 3, 3, 3, 3, 3, 3, 3, 3, 3, 3, 3, 3, 3, 3, 3, 3, 3, 3, 3, 3, 3, 3, 3, 3, 3, 3, 3, 3, 3, 3, 3, 3, 3, 3, 3, 3, 3, 3, 3, 3, 3, 3, 3, 3, 3, 3, 3, 3, 3, 3, 3, 3, 3, 3, 3, 3, 3, 3, 3, 3, 3, 3, 3, 3, 3, 3, 3, 3, 3, 3, 3, 3, 3, 3, 3, 3, 3, 3, 3, 3, 3, 3, 3, 3, 3, 3, 3, 3, 3, 3, 3, 3, 3, 3, 3, 3, 3, 3, 3, 3, 3, 3, 3, 3, 3, 3, 3, 3, 3, 3, 3, 3, 3, 3, 3, 3, 3, 3, 3, 3, 3, 3, 3, 3, 3, 3, 3, 3, 3, 3, 3, 3, 3, 3, 3, 3, 3, 3, 3, 3, 3, 3, 3, 3, 3, 3, 3, 3, 3, 3, 3, 3, 3, 3, 3, 3, 3, 3, 3, 3, 3, 3, 3, 3, 3, 3, 3, 3, 3, 3, 3, 3, 3, 3, 3, 3, 3, 3, 3, 3, 3, 3, 3, 3, 3, 3, 3, 3, 3, 3, 3, 3, 3, 3, 3, 3, 3, 3, 3, 3, 3, 3, 3, 3, 3, 3, 3, 3, 3, 3, 3, 3, 3, 3, 3, 3, 3, 3, 3, 3, 3, 3, 3, 3, 3, 3, 3, 3, 3, 3, 3, 3, 3, 3, 3, 3, 3, 3, 3, 3, 3, 3, 3, 3, 3, 3, 3, 3, 3, 3, 3, 3, 3, 3, 3, 3, 3, 3, 3, 3, 3, 3, 3, 3, 3, 3, 3, 3, 3, 3, 3, 3, 3, 3, 3, 3, 3, 3, 3, 3, 3, 3, 3, 3, 3, 3, 3, 3, 3, 3, 3, 3, 3, 3, 3, 3, 3, 3, 3, 3, 3, 3, 3, 3, 3, 3, 3, 3, 3, 3, 3, 3, 3, 3, 3, 3, 3, 3, 3, 3, 3, 3, 3, 3, 3, 3, 3, 3, 3, 3, 3, 3, 3, 3, 3, 3, 3, 3, 3, 3, 3, 3, 3, 3, 3, 3, 3, 3, 3, 3, 3, 3, 3, 3, 3, 3, 3, 3, 3, 3, 3, 3, 3, 3, 3, 3, 3, 3, 3, 3, 3, 3, 3, 3, 3, 3, 3, 3, 3, 3, 3, 3, 3, 3, 3, 3, 3, 3, 3, 3, 3, 3, 3, 3, 3, 3, 3, 3, 3, 3, 3, 3, 3, 3, 3, 3, 3, 3, 3, 3, 3, 3, 3, 3, 3, 3, 3, 3, 3, 3, 3, 3, 3, 3, 3, 3, 3, 3, 3, 3, 3, 3, 3, 3, 3, 3, 3, 3, 3, 3, 3, 3, 3, 3, 3, 3, 3, 3, 3, 3, 3, 3, 3, 3, 3, 3, 3, 3, 3, 3, 3, 3, 3, 3, 3, 3, 3, 3, 3, 3, 3, 3, 3, 3, 3, 3, 3, 3, 3, 3, 3, 3, 3, 3, 3, 3, 3, 3, 3, 3, 3, 3, 3, 3, 3, 3, 3, 3, 3, 3, 3, 3, 3, 3, 3, 3, 3, 3, 3, 3, 3, 3, 3, 3, 3, 3, 3, 3, 3, 3, 3, 3, 3, 3, 3, 3, 3, 3, 3, 3, 3, 3, 3, 3, 3, 3, 3, 3, 3, 3, 3, 3, 3, 3, 3, 3, 3, 3, 3, 3, 3, 3, 3, 3, 3, 3, 3, 3, 3, 3, 3, 3, 3, 3, 3, 3, 3, 3, 3, 3, 3, 3, 3, 3, 3, 3, 3, 3, 3, 3, 3, 3, 3, 3, 3, 3, 3, 3, 3, 3, 3, 3, 3, 3, 3, 3, 3, 3, 3, 3, 3, 3, 3, 3, 3, 3, 3, 3, 3, 3, 3, 3, 3, 3, 3, 3, 3, 3, 3, 3, 3, 3, 3, 3, 3, 3, 3, 3, 3, 3, 3, 3, 3, 3, 3, 3, 3, 3, 3, 3, 3, 3, 3, 3, 3, 3, 3, 3, 3, 3, 3, 3, 3, 3, 3, 3, 3, 3, 3, 3, 3, 3, 3, 3, 3, 3, 3, 3, 3, 3, 3, 3, 3, 3, 3, 3, 3, 3, 3, 3, 3, 3, 3, 3, 3, 3, 3, 3, 3, 3, 3, 3, 3, 3, 3, 3, 3, 3, 3, 3, 3, 3, 3, 3, 3, 3, 3, 3, 3, 3, 3, 3, 3, 3, 3, 3, 3, 3, 3, 3, 3, 3, 3, 3, 3, 3, 3, 3, 3, 3, 3, 3, 3, 3, 3, 3, 3, 3, 3, 3, 3, 3, 3, 3, 3, 3, 3, 3, 3, 3, 3, 3, 3, 3, 3, 3, 3, 3, 3, 3, 3, 3, 3, 3, 3, 3, 3, 3, 3, 3, 3, 3, 3, 3, 3, 3, 3, 3, 3, 3, 3, 3, 3, 3, 3, 3, 3, 3, 3, 3, 3, 3, 3, 3, 3, 3, 3, 3, 3, 3, 3, 3, 3, 3, 3, 3, 3, 3, 3, 3, 3, 3, 3, 3, 3, 3, 3, 3, 3, 3, 3, 3, 3, 3, 3, 3, 3, 3, 3, 3, 3, 3, 3, 3, 3, 3, 3, 3, 3, 3, 3, 3, 3, 3, 3, 3, 3, 3, 3, 3, 3, 3, 3, 3, 3, 3, 3, 3, 3, 3, 3, 3, 3, 3, 3, 3, 3, 3, 3, 3, 3, 3, 3, 3, 3, 3, 3, 3, 3, 3, 3, 3, 3, 3, 3, 3, 3, 3, 3, 3, 3, 3, 3, 3, 3, 3, 3, 3, 3, 3, 3, 3, 3, 3, 3, 3, 3, 3, 3, 3, 3, 3, 3, 3, 3, 3, 3, 3, 3, 3, 3, 3, 3, 3, 3, 3, 3, 3, 3, 3, 3, 3, 3, 3, 3, 3, 3, 3, 3, 3, 3, 3, 3, 3, 3, 3, 3, 3, 3, 3, 3, 3, 3, 3, 3, 3, 3, 3, 3, 3, 3, 3, 3, 3, 3, 3, 3, 3, 3, 3, 3, 3, 3, 3, 3, 3, 3, 3, 3, 3, 3, 3, 3, 3, 3, 3, 3, 3, 3, 3, 3, 3, 3, 3, 3, 3, 3, 3, 3, 3, 3, 3, 3, 3, 3, 3, 3, 3, 3, 3, 3, 3, 3, 3, 3, 3, 3, 3, 3, 3, 3, 3, 3, 3, 3, 3, 3, 3, 3, 3, 3, 3, 3, 3, 3, 3, 3, 3, 3, 3, 3, 3, 3, 3, 3, 3, 3, 3, 3, 3, 3, 3, 3, 3, 3, 3, 3, 3, 3, 3, 3, 3, 3, 3, 3, 3, 3, 3, 3, 3, 3, 3, 3, 3, 3, 3, 3, 3, 3, 3, 3, 3, 3, 3, 3, 3, 3, 3, 3, 3, 3, 3, 3, 3, 3, 3, 3, 3, 3, 3, 3, 3, 3, 3, 3, 3, 3, 3, 3, 3, 3, 3, 3, 3, 3, 3, 3, 3, 3, 3, 3, 3, 3, 3, 3, 3, 3, 3, 3, 3, 3, 3, 3, 3, 3, 3, 3, 3, 3, 3, 3, 3, 3, 3, 3, 3, 3, 3, 3, 3, 3, 3, 3, 3, 3, 3, 3, 3, 3, 3, 3, 3, 3, 3, 3, 3, 3, 3, 3, 3, 3, 3, 3, 3, 3, 3, 3, 3, 3, 3, 3, 3, 3, 3, 3, 3, 3, 3, 3, 3, 3, 3, 3, 3, 3, 3, 3, 3, 3, 3, 3, 3, 3, 3, 3, 3, 3, 3, 3, 3, 3, 3, 3, 3, 3, 3, 3, 3, 3, 3, 3, 3, 3, 3, 3, 3, 3, 3, 3, 3, 3, 3, 3, 3, 3, 3, 3, 3, 3, 3, 3, 3, 3, 3, 3, 3, 3, 3, 3, 3, 3, 3, 3, 3, 3, 3, 3, 3, 3, 3, 3, 3, 3, 3, 3, 3, 3, 3, 3, 3, 3, 3, 3, 3, 3, 3, 3, 3, 3, 3, 3, 3, 3, 3, 3, 3, 3, 3, 3, 3, 3, 3, 3, 3, 3, 3, 3, 3, 3, 3, 3, 3, 3, 3, 3, 3, 3, 3, 3, 3, 3, 3, 3, 3, 3, 3, 3, 3, 3, 3, 3, 3, 3, 3, 3, 3, 3, 3, 3, 3, 3, 3, 3, 3, 3, 3, 3, 3, 3, 3, 3, 3, 3, 3, 3, 3, 3, 3, 3, 3, 3, 3, 3, 3, 3, 3, 3, 3, 3, 3, 3, 3, 3, 3, 3, 3, 3, 3, 3, 3, 3, 3, 3, 3, 3, 3, 3, 3, 3, 3, 3, 3, 3, 3, 3, 3, 3, 3, 3, 3, 3, 3, 3, 3, 3, 3, 3, 3, 3, 3, 3, 3, 3, 3, 3, 3, 3, 3, 3, 3, 3, 3, 3, 3, 3, 3, 3, 3, 3, 3, 3, 3, 3, 3, 3, 3, 3, 3, 3, 3, 3, 3, 3, 3, 3, 3, 3, 3, 3, 3, 3, 3, 3, 3, 3, 3, 3, 3, 3, 3, 3, 3, 3, 3, 3, 3, 3, 3, 3, 3, 3, 3, 3, 3, 3, 3, 3, 3, 3, 3, 3, 3, 3, 3, 3, 3, 3, 3, 3, 3, 3, 3, 3, 3, 3, 3, 3, 3, 3, 3, 3, 3, 3, 3, 3, 3, 3, 3, 3, 3, 3, 3, 3, 3, 3, 3, 3, 3, 3, 3, 3, 3, 3, 3, 3, 3, 3, 3, 3, 3, 3, 3, 3, 3, 3, 3, 3, 3, 3, 3, 3, 3, 3, 3, 3, 3, 3, 3, 3, 3, 3, 3, 3, 3, 3, 3, 3, 3, 3, 3, 3, 3, 3, 3, 3, 3, 3, 3, 3, 3, 3, 3, 3, 3, 3, 3, 3, 3, 3, 3, 3, 3, 3, 3, 3, 3, 3, 3, 3, 3, 3, 3, 3, 3, 3, 3, 3, 3, 3, 3, 3, 3, 3, 3, 3, 3, 3, 3, 3, 3, 3, 3, 3, 3, 3, 3, 3, 3, 3, 3, 3, 3, 3, 3, 3, 3, 3, 3, 3, 3, 3, 3, 3, 3, 3, 3, 3, 3, 3, 3, 3, 3, 3, 3, 3, 3, 3, 3, 3, 3, 3, 3, 3, 3, 3, 3, 3, 3, 3, 3, 3, 3, 3, 3, 3, 3, 3, 3, 3, 3, 3, 3, 3, 3, 3, 3, 3, 3, 3, 3, 3, 3, 3, 3, 3, 3, 3, 3, 3, 3, 3, 3, 3, 3, 3, 3, 3, 3, 3, 3, 3, 3, 3, 3, 3, 3, 3, 3, 3, 3, 3, 3, 3, 3, 3, 3, 3, 3, 3, 3, 3, 3, 3, 3, 3, 3, 3, 3, 3, 3, 3, 3, 3, 3, 3, 3, 3, 3, 3, 3, 3, 3, 3, 3, 3, 3, 3, 3, 3, 3, 3, 3, 3, 3, 3, 3, 3, 3, 3, 3, 3, 3, 3, 3, 3, 3, 3, 3, 3, 3, 3, 3, 3, 3, 3, 3, 3, 3, 3, 3, 3, 3, 3, 3, 3, 3, 3, 3, 3, 3, 3, 3, 3, 3, 3, 3, 3, 3, 3, 3, 3, 3, 3, 3, 3, 3, 3, 3, 3, 3, 3, 3, 3, 3, 3, 3, 3, 3, 3, 3, 3, 3, 3, 3, 3, 3, 3, 3, 3, 3, 3, 3, 3, 3, 3, 3, 3, 3, 3, 3, 3, 3, 3, 3, 3, 3, 3, 3, 3, 3, 3, 3, 3, 3, 3, 3, 3, 3, 3, 3, 3, 3, 3, 3, 3, 3, 3, 3, 3, 3, 3, 3, 3, 3, 3, 3, 3, 3, 3, 3, 3, 3, 3, 3, 3, 3, 3, 3, 3, 3, 3, 3, 3, 3, 3, 3, 3, 3, 3, 3]
        int[] faceVertexIndices = [0, 1, 65, 0, 65, 64, 1, 2, 66, 1, 66, 65, 2, 3, 67, 2, 67, 66, 3, 4, 68, 3, 68, 67, 4, 5, 69, 4, 69, 68, 5, 6, 70, 5, 70, 69, 6, 7, 71, 6, 71, 70, 7, 8, 72, 7, 72, 71, 8, 9, 73, 8, 73, 72, 9, 10, 74, 9, 74, 73, 10, 11, 75, 10, 75, 74, 11, 12, 76, 11, 76, 75, 12, 13, 77, 12, 77, 76, 13, 14, 78, 13, 78, 77, 14, 15, 79, 14, 79, 78, 15, 16, 80, 15, 80, 79, 16, 17, 81, 16, 81, 80, 17, 18, 82, 17, 82, 81, 18, 19, 83, 18, 83, 82, 19, 20, 84, 19, 84, 83, 20, 21, 85, 20, 85, 84, 21, 22, 86, 21, 86, 85, 22, 23, 87, 22, 87, 86, 23, 24, 88, 23, 88, 87, 24, 25, 89, 24, 89, 88, 25, 26, 90, 25, 90, 89, 26, 27, 91, 26, 91, 90, 27, 28, 92, 27, 92, 91, 28, 29, 93, 28, 93, 92, 29, 30, 94, 29, 94, 93, 30, 31, 95, 30, 95, 94, 31, 32, 96, 31, 96, 95, 32, 33, 97, 32, 97, 96, 33, 34, 98, 33, 98, 97, 34, 35, 99, 34, 99, 98, 35, 36, 100, 35, 100, 99, 36, 37, 101, 36, 101, 100, 37, 38, 102, 37, 102, 101, 38, 39, 103, 38, 103, 102, 39, 40, 104, 39, 104, 103, 40, 41, 105, 40, 105, 104, 41, 42, 106, 41, 106, 105, 42, 43, 107, 42, 107, 106, 43, 44, 108, 43, 108, 107, 44, 45, 109, 44, 109, 108, 45, 46, 110, 45, 110, 109, 46, 47, 111, 46, 111, 110, 47, 48, 112, 47, 112, 111, 48, 49, 113, 48, 113, 112, 49, 50, 114, 49, 114, 113, 50, 51, 115, 50, 115, 114, 51, 52, 116, 51, 116, 115, 52, 53, 117, 52, 117, 116, 53, 54, 118, 53, 118, 117, 54, 55, 119, 54, 119, 118, 55, 56, 120, 55, 120, 119, 56, 57, 121, 56, 121, 120, 57, 58, 122, 57, 122, 121, 58, 59, 123, 58, 123, 122, 59, 60, 124, 59, 124, 123, 60, 61, 125, 60, 125, 124, 61, 62, 126, 61, 126, 125, 62, 63, 127, 62, 127, 126, 63, 0, 64, 63, 64, 127, 64, 65, 129, 64, 129, 128, 65, 66, 130, 65, 130, 129, 66, 67, 131, 66, 131, 130, 67, 68, 132, 67, 132, 131, 68, 69, 133, 68, 133, 132, 69, 70, 134, 69, 134, 133, 70, 71, 135, 70, 135, 134, 71, 72, 136, 71, 136, 135, 72, 73, 137, 72, 137, 136, 73, 74, 138, 73, 138, 137, 74, 75, 139, 74, 139, 138, 75, 76, 140, 75, 140, 139, 76, 77, 141, 76, 141, 140, 77, 78, 142, 77, 142, 141, 78, 79, 143, 78, 143, 142, 79, 80, 144, 79, 144, 143, 80, 81, 145, 80, 145, 144, 81, 82, 146, 81, 146, 145, 82, 83, 147, 82, 147, 146, 83, 84, 148, 83, 148, 147, 84, 85, 149, 84, 149, 148, 85, 86, 150, 85, 150, 149, 86, 87, 151, 86, 151, 150, 87, 88, 152, 87, 152, 151, 88, 89, 153, 88, 153, 152, 89, 90, 154, 89, 154, 153, 90, 91, 155, 90, 155, 154, 91, 92, 156, 91, 156, 155, 92, 93, 157, 92, 157, 156, 93, 94, 158, 93, 158, 157, 94, 95, 159, 94, 159, 158, 95, 96, 160, 95, 160, 159, 96, 97, 161, 96, 161, 160, 97, 98, 162, 97, 162, 161, 98, 99, 163, 98, 163, 162, 99, 100, 164, 99, 164, 163, 100, 101, 165, 100, 165, 164, 101, 102, 166, 101, 166, 165, 102, 103, 167, 102, 167, 166, 103, 104, 168, 103, 168, 167, 104, 105, 169, 104, 169, 168, 105, 106, 170, 105, 170, 169, 106, 107, 171, 106, 171, 170, 107, 108, 172, 107, 172, 171, 108, 109, 173, 108, 173, 172, 109, 110, 174, 109, 174, 173, 110, 111, 175, 110, 175, 174, 111, 112, 176, 111, 176, 175, 112, 113, 177, 112, 177, 176, 113, 114, 178, 113, 178, 177, 114, 115, 179, 114, 179, 178, 115, 116, 180, 115, 180, 179, 116, 117, 181, 116, 181, 180, 117, 118, 182, 117, 182, 181, 118, 119, 183, 118, 183, 182, 119, 120, 184, 119, 184, 183, 120, 121, 185, 120, 185, 184, 121, 122, 186, 121, 186, 185, 122, 123, 187, 122, 187, 186, 123, 124, 188, 123, 188, 187, 124, 125, 189, 124, 189, 188, 125, 126, 190, 125, 190, 189, 126, 127, 191, 126, 191, 190, 127, 64, 128, 127, 128, 191, 128, 129, 193, 128, 193, 192, 129, 130, 194, 129, 194, 193, 130, 131, 195, 130, 195, 194, 131, 132, 196, 131, 196, 195, 132, 133, 197, 132, 197, 196, 133, 134, 198, 133, 198, 197, 134, 135, 199, 134, 199, 198, 135, 136, 200, 135, 200, 199, 136, 137, 201, 136, 201, 200, 137, 138, 202, 137, 202, 201, 138, 139, 203, 138, 203, 202, 139, 140, 204, 139, 204, 203, 140, 141, 205, 140, 205, 204, 141, 142, 206, 141, 206, 205, 142, 143, 207, 142, 207, 206, 143, 144, 208, 143, 208, 207, 144, 145, 209, 144, 209, 208, 145, 146, 210, 145, 210, 209, 146, 147, 211, 146, 211, 210, 147, 148, 212, 147, 212, 211, 148, 149, 213, 148, 213, 212, 149, 150, 214, 149, 214, 213, 150, 151, 215, 150, 215, 214, 151, 152, 216, 151, 216, 215, 152, 153, 217, 152, 217, 216, 153, 154, 218, 153, 218, 217, 154, 155, 219, 154, 219, 218, 155, 156, 220, 155, 220, 219, 156, 157, 221, 156, 221, 220, 157, 158, 222, 157, 222, 221, 158, 159, 223, 158, 223, 222, 159, 160, 224, 159, 224, 223, 160, 161, 225, 160, 225, 224, 161, 162, 226, 161, 226, 225, 162, 163, 227, 162, 227, 226, 163, 164, 228, 163, 228, 227, 164, 165, 229, 164, 229, 228, 165, 166, 230, 165, 230, 229, 166, 167, 231, 166, 231, 230, 167, 168, 232, 167, 232, 231, 168, 169, 233, 168, 233, 232, 169, 170, 234, 169, 234, 233, 170, 171, 235, 170, 235, 234, 171, 172, 236, 171, 236, 235, 172, 173, 237, 172, 237, 236, 173, 174, 238, 173, 238, 237, 174, 175, 239, 174, 239, 238, 175, 176, 240, 175, 240, 239, 176, 177, 241, 176, 241, 240, 177, 178, 242, 177, 242, 241, 178, 179, 243, 178, 243, 242, 179, 180, 244, 179, 244, 243, 180, 181, 245, 180, 245, 244, 181, 182, 246, 181, 246, 245, 182, 183, 247, 182, 247, 246, 183, 184, 248, 183, 248, 247, 184, 185, 249, 184, 249, 248, 185, 186, 250, 185, 250, 249, 186, 187, 251, 186, 251, 250, 187, 188, 252, 187, 252, 251, 188, 189, 253, 188, 253, 252, 189, 190, 254, 189, 254, 253, 190, 191, 255, 190, 255, 254, 191, 128, 192, 191, 192, 255, 192, 193, 257, 192, 257, 256, 193, 194, 258, 193, 258, 257, 194, 195, 259, 194, 259, 258, 195, 196, 260, 195, 260, 259, 196, 197, 261, 196, 261, 260, 197, 198, 262, 197, 262, 261, 198, 199, 263, 198, 263, 262, 199, 200, 264, 199, 264, 263, 200, 201, 265, 200, 265, 264, 201, 202, 266, 201, 266, 265, 202, 203, 267, 202, 267, 266, 203, 204, 268, 203, 268, 267, 204, 205, 269, 204, 269, 268, 205, 206, 270, 205, 270, 269, 206, 207, 271, 206, 271, 270, 207, 208, 272, 207, 272, 271, 208, 209, 273, 208, 273, 272, 209, 210, 274, 209, 274, 273, 210, 211, 275, 210, 275, 274, 211, 212, 276, 211, 276, 275, 212, 213, 277, 212, 277, 276, 213, 214, 278, 213, 278, 277, 214, 215, 279, 214, 279, 278, 215, 216, 280, 215, 280, 279, 216, 217, 281, 216, 281, 280, 217, 218, 282, 217, 282, 281, 218, 219, 283, 218, 283, 282, 219, 220, 284, 219, 284, 283, 220, 221, 285, 220, 285, 284, 221, 222, 286, 221, 286, 285, 222, 223, 287, 222, 287, 286, 223, 224, 288, 223, 288, 287, 224, 225, 289, 224, 289, 288, 225, 226, 290, 225, 290, 289, 226, 227, 291, 226, 291, 290, 227, 228, 292, 227, 292, 291, 228, 229, 293, 228, 293, 292, 229, 230, 294, 229, 294, 293, 230, 231, 295, 230, 295, 294, 231, 232, 296, 231, 296, 295, 232, 233, 297, 232, 297, 296, 233, 234, 298, 233, 298, 297, 234, 235, 299, 234, 299, 298, 235, 236, 300, 235, 300, 299, 236, 237, 301, 236, 301, 300, 237, 238, 302, 237, 302, 301, 238, 239, 303, 238, 303, 302, 239, 240, 304, 239, 304, 303, 240, 241, 305, 240, 305, 304, 241, 242, 306, 241, 306, 305, 242, 243, 307, 242, 307, 306, 243, 244, 308, 243, 308, 307, 244, 245, 309, 244, 309, 308, 245, 246, 310, 245, 310, 309, 246, 247, 311, 246, 311, 310, 247, 248, 312, 247, 312, 311, 248, 249, 313, 248, 313, 312, 249, 250, 314, 249, 314, 313, 250, 251, 315, 250, 315, 314, 251, 252, 316, 251, 316, 315, 252, 253, 317, 252, 317, 316, 253, 254, 318, 253, 318, 317, 254, 255, 319, 254, 319, 318, 255, 192, 256, 255, 256, 319, 256, 257, 321, 256, 321, 320, 257, 258, 322, 257, 322, 321, 258, 259, 323, 258, 323, 322, 259, 260, 324, 259, 324, 323, 260, 261, 325, 260, 325, 324, 261, 262, 326, 261, 326, 325, 262, 263, 327, 262, 327, 326, 263, 264, 328, 263, 328, 327, 264, 265, 329, 264, 329, 328, 265, 266, 330, 265, 330, 329, 266, 267, 331, 266, 331, 330, 267, 268, 332, 267, 332, 331, 268, 269, 333, 268, 333, 332, 269, 270, 334, 269, 334, 333, 270, 271, 335, 270, 335, 334, 271, 272, 336, 271, 336, 335, 272, 273, 337, 272, 337, 336, 273, 274, 338, 273, 338, 337, 274, 275, 339, 274, 339, 338, 275, 276, 340, 275, 340, 339, 276, 277, 341, 276, 341, 340, 277, 278, 342, 277, 342, 341, 278, 279, 343, 278, 343, 342, 279, 280, 344, 279, 344, 343, 280, 281, 345, 280, 345, 344, 281, 282, 346, 281, 346, 345, 282, 283, 347, 282, 347, 346, 283, 284, 348, 283, 348, 347, 284, 285, 349, 284, 349, 348, 285, 286, 350, 285, 350, 349, 286, 287, 351, 286, 351, 350, 287, 288, 352, 287, 352, 351, 288, 289, 353, 288, 353, 352, 289, 290, 354, 289, 354, 353, 290, 291, 355, 290, 355, 354, 291, 292, 356, 291, 356, 355, 292, 293, 357, 292, 357, 356, 293, 294, 358, 293, 358, 357, 294, 295, 359, 294, 359, 358, 295, 296, 360, 295, 360, 359, 296, 297, 361, 296, 361, 360, 297, 298, 362, 297, 362, 361, 298, 299, 363, 298, 363, 362, 299, 300, 364, 299, 364, 363, 300, 301, 365, 300, 365, 364, 301, 302, 366, 301, 366, 365, 302, 303, 367, 302, 367, 366, 303, 304, 368, 303, 368, 367, 304, 305, 369, 304, 369, 368, 305, 306, 370, 305, 370, 369, 306, 307, 371, 306, 371, 370, 307, 308, 372, 307, 372, 371, 308, 309, 373, 308, 373, 372, 309, 310, 374, 309, 374, 373, 310, 311, 375, 310, 375, 374, 311, 312, 376, 311, 376, 375, 312, 313, 377, 312, 377, 376, 313, 314, 378, 313, 378, 377, 314, 315, 379, 314, 379, 378, 315, 316, 380, 315, 380, 379, 316, 317, 381, 316, 381, 380, 317, 318, 382, 317, 382, 381, 318, 319, 383, 318, 383, 382, 319, 256, 320, 319, 320, 383, 320, 321, 385, 320, 385, 384, 321, 322, 386, 321, 386, 385, 322, 323, 387, 322, 387, 386, 323, 324, 388, 323, 388, 387, 324, 325, 389, 324, 389, 388, 325, 326, 390, 325, 390, 389, 326, 327, 391, 326, 391, 390, 327, 328, 392, 327, 392, 391, 328, 329, 393, 328, 393, 392, 329, 330, 394, 329, 394, 393, 330, 331, 395, 330, 395, 394, 331, 332, 396, 331, 396, 395, 332, 333, 397, 332, 397, 396, 333, 334, 398, 333, 398, 397, 334, 335, 399, 334, 399, 398, 335, 336, 400, 335, 400, 399, 336, 337, 401, 336, 401, 400, 337, 338, 402, 337, 402, 401, 338, 339, 403, 338, 403, 402, 339, 340, 404, 339, 404, 403, 340, 341, 405, 340, 405, 404, 341, 342, 406, 341, 406, 405, 342, 343, 407, 342, 407, 406, 343, 344, 408, 343, 408, 407, 344, 345, 409, 344, 409, 408, 345, 346, 410, 345, 410, 409, 346, 347, 411, 346, 411, 410, 347, 348, 412, 347, 412, 411, 348, 349, 413, 348, 413, 412, 349, 350, 414, 349, 414, 413, 350, 351, 415, 350, 415, 414, 351, 352, 416, 351, 416, 415, 352, 353, 417, 352, 417, 416, 353, 354, 418, 353, 418, 417, 354, 355, 419, 354, 419, 418, 355, 356, 420, 355, 420, 419, 356, 357, 421, 356, 421, 420, 357, 358, 422, 357, 422, 421, 358, 359, 423, 358, 423, 422, 359, 360, 424, 359, 424, 423, 360, 361, 425, 360, 425, 424, 361, 362, 426, 361, 426, 425, 362, 363, 427, 362, 427, 426, 363, 364, 428, 363, 428, 427, 364, 365, 429, 364, 429, 428, 365, 366, 430, 365, 430, 429, 366, 367, 431, 366, 431, 430, 367, 368, 432, 367, 432, 431, 368, 369, 433, 368, 433, 432, 369, 370, 434, 369, 434, 433, 370, 371, 435, 370, 435, 434, 371, 372, 436, 371, 436, 435, 372, 373, 437, 372, 437, 436, 373, 374, 438, 373, 438, 437, 374, 375, 439, 374, 439, 438, 375, 376, 440, 375, 440, 439, 376, 377, 441, 376, 441, 440, 377, 378, 442, 377, 442, 441, 378, 379, 443, 378, 443, 442, 379, 380, 444, 379, 444, 443, 380, 381, 445, 380, 445, 444, 381, 382, 446, 381, 446, 445, 382, 383, 447, 382, 447, 446, 383, 320, 384, 383, 384, 447, 384, 385, 449, 384, 449, 448, 385, 386, 450, 385, 450, 449, 386, 387, 451, 386, 451, 450, 387, 388, 452, 387, 452, 451, 388, 389, 453, 388, 453, 452, 389, 390, 454, 389, 454, 453, 390, 391, 455, 390, 455, 454, 391, 392, 456, 391, 456, 455, 392, 393, 457, 392, 457, 456, 393, 394, 458, 393, 458, 457, 394, 395, 459, 394, 459, 458, 395, 396, 460, 395, 460, 459, 396, 397, 461, 396, 461, 460, 397, 398, 462, 397, 462, 461, 398, 399, 463, 398, 463, 462, 399, 400, 464, 399, 464, 463, 400, 401, 465, 400, 465, 464, 401, 402, 466, 401, 466, 465, 402, 403, 467, 402, 467, 466, 403, 404, 468, 403, 468, 467, 404, 405, 469, 404, 469, 468, 405, 406, 470, 405, 470, 469, 406, 407, 471, 406, 471, 470, 407, 408, 472, 407, 472, 471, 408, 409, 473, 408, 473, 472, 409, 410, 474, 409, 474, 473, 410, 411, 475, 410, 475, 474, 411, 412, 476, 411, 476, 475, 412, 413, 477, 412, 477, 476, 413, 414, 478, 413, 478, 477, 414, 415, 479, 414, 479, 478, 415, 416, 480, 415, 480, 479, 416, 417, 481, 416, 481, 480, 417, 418, 482, 417, 482, 481, 418, 419, 483, 418, 483, 482, 419, 420, 484, 419, 484, 483, 420, 421, 485, 420, 485, 484, 421, 422, 486, 421, 486, 485, 422, 423, 487, 422, 487, 486, 423, 424, 488, 423, 488, 487, 424, 425, 489, 424, 489, 488, 425, 426, 490, 425, 490, 489, 426, 427, 491, 426, 491, 490, 427, 428, 492, 427, 492, 491, 428, 429, 493, 428, 493, 492, 429, 430, 494, 429, 494, 493, 430, 431, 495, 430, 495, 494, 431, 432, 496, 431, 496, 495, 432, 433, 497, 432, 497, 496, 433, 434, 498, 433, 498, 497, 434, 435, 499, 434, 499, 498, 435, 436, 500, 435, 500, 499, 436, 437, 501, 436, 501, 500, 437, 438, 502, 437, 502, 501, 438, 439, 503, 438, 503, 502, 439, 440, 504, 439, 504, 503, 440, 441, 505, 440, 505, 504, 441, 442, 506, 441, 506, 505, 442, 443, 507, 442, 507, 506, 443, 444, 508, 443, 508, 507, 444, 445, 509, 444, 509, 508, 445, 446, 510, 445, 510, 509, 446, 447, 511, 446, 511, 510, 447, 384, 448, 447, 448, 511, 448, 449, 513, 448, 513, 512, 449, 450, 514, 449, 514, 513, 450, 451, 515, 450, 515, 514, 451, 452, 516, 451, 516, 515, 452, 453, 517, 452, 517, 516, 453, 454, 518, 453, 518, 517, 454, 455, 519, 454, 519, 518, 455, 456, 520, 455, 520, 519, 456, 457, 521, 456, 521, 520, 457, 458, 522, 457, 522, 521, 458, 459, 523, 458, 523, 522, 459, 460, 524, 459, 524, 523, 460, 461, 525, 460, 525, 524, 461, 462, 526, 461, 526, 525, 462, 463, 527, 462, 527, 526, 463, 464, 528, 463, 528, 527, 464, 465, 529, 464, 529, 528, 465, 466, 530, 465, 530, 529, 466, 467, 531, 466, 531, 530, 467, 468, 532, 467, 532, 531, 468, 469, 533, 468, 533, 532, 469, 470, 534, 469, 534, 533, 470, 471, 535, 470, 535, 534, 471, 472, 536, 471, 536, 535, 472, 473, 537, 472, 537, 536, 473, 474, 538, 473, 538, 537, 474, 475, 539, 474, 539, 538, 475, 476, 540, 475, 540, 539, 476, 477, 541, 476, 541, 540, 477, 478, 542, 477, 542, 541, 478, 479, 543, 478, 543, 542, 479, 480, 544, 479, 544, 543, 480, 481, 545, 480, 545, 544, 481, 482, 546, 481, 546, 545, 482, 483, 547, 482, 547, 546, 483, 484, 548, 483, 548, 547, 484, 485, 549, 484, 549, 548, 485, 486, 550, 485, 550, 549, 486, 487, 551, 486, 551, 550, 487, 488, 552, 487, 552, 551, 488, 489, 553, 488, 553, 552, 489, 490, 554, 489, 554, 553, 490, 491, 555, 490, 555, 554, 491, 492, 556, 491, 556, 555, 492, 493, 557, 492, 557, 556, 493, 494, 558, 493, 558, 557, 494, 495, 559, 494, 559, 558, 495, 496, 560, 495, 560, 559, 496, 497, 561, 496, 561, 560, 497, 498, 562, 497, 562, 561, 498, 499, 563, 498, 563, 562, 499, 500, 564, 499, 564, 563, 500, 501, 565, 500, 565, 564, 501, 502, 566, 501, 566, 565, 502, 503, 567, 502, 567, 566, 503, 504, 568, 503, 568, 567, 504, 505, 569, 504, 569, 568, 505, 506, 570, 505, 570, 569, 506, 507, 571, 506, 571, 570, 507, 508, 572, 507, 572, 571, 508, 509, 573, 508, 573, 572, 509, 510, 574, 509, 574, 573, 510, 511, 575, 510, 575, 574, 511, 448, 512, 511, 512, 575, 512, 513, 577, 512, 577, 576, 513, 514, 578, 513, 578, 577, 514, 515, 579, 514, 579, 578, 515, 516, 580, 515, 580, 579, 516, 517, 581, 516, 581, 580, 517, 518, 582, 517, 582, 581, 518, 519, 583, 518, 583, 582, 519, 520, 584, 519, 584, 583, 520, 521, 585, 520, 585, 584, 521, 522, 586, 521, 586, 585, 522, 523, 587, 522, 587, 586, 523, 524, 588, 523, 588, 587, 524, 525, 589, 524, 589, 588, 525, 526, 590, 525, 590, 589, 526, 527, 591, 526, 591, 590, 527, 528, 592, 527, 592, 591, 528, 529, 593, 528, 593, 592, 529, 530, 594, 529, 594, 593, 530, 531, 595, 530, 595, 594, 531, 532, 596, 531, 596, 595, 532, 533, 597, 532, 597, 596, 533, 534, 598, 533, 598, 597, 534, 535, 599, 534, 599, 598, 535, 536, 600, 535, 600, 599, 536, 537, 601, 536, 601, 600, 537, 538, 602, 537, 602, 601, 538, 539, 603, 538, 603, 602, 539, 540, 604, 539, 604, 603, 540, 541, 605, 540, 605, 604, 541, 542, 606, 541, 606, 605, 542, 543, 607, 542, 607, 606, 543, 544, 608, 543, 608, 607, 544, 545, 609, 544, 609, 608, 545, 546, 610, 545, 610, 609, 546, 547, 611, 546, 611, 610, 547, 548, 612, 547, 612, 611, 548, 549, 613, 548, 613, 612, 549, 550, 614, 549, 614, 613, 550, 551, 615, 550, 615, 614, 551, 552, 616, 551, 616, 615, 552, 553, 617, 552, 617, 616, 553, 554, 618, 553, 618, 617, 554, 555, 619, 554, 619, 618, 555, 556, 620, 555, 620, 619, 556, 557, 621, 556, 621, 620, 557, 558, 622, 557, 622, 621, 558, 559, 623, 558, 623, 622, 559, 560, 624, 559, 624, 623, 560, 561, 625, 560, 625, 624, 561, 562, 626, 561, 626, 625, 562, 563, 627, 562, 627, 626, 563, 564, 628, 563, 628, 627, 564, 565, 629, 564, 629, 628, 565, 566, 630, 565, 630, 629, 566, 567, 631, 566, 631, 630, 567, 568, 632, 567, 632, 631, 568, 569, 633, 568, 633, 632, 569, 570, 634, 569, 634, 633, 570, 571, 635, 570, 635, 634, 571, 572, 636, 571, 636, 635, 572, 573, 637, 572, 637, 636, 573, 574, 638, 573, 638, 637, 574, 575, 639, 574, 639, 638, 575, 512, 576, 575, 576, 639, 576, 577, 641, 576, 641, 640, 577, 578, 642, 577, 642, 641, 578, 579, 643, 578, 643, 642, 579, 580, 644, 579, 644, 643, 580, 581, 645, 580, 645, 644, 581, 582, 646, 581, 646, 645, 582, 583, 647, 582, 647, 646, 583, 584, 648, 583, 648, 647, 584, 585, 649, 584, 649, 648, 585, 586, 650, 585, 650, 649, 586, 587, 651, 586, 651, 650, 587, 588, 652, 587, 652, 651, 588, 589, 653, 588, 653, 652, 589, 590, 654, 589, 654, 653, 590, 591, 655, 590, 655, 654, 591, 592, 656, 591, 656, 655, 592, 593, 657, 592, 657, 656, 593, 594, 658, 593, 658, 657, 594, 595, 659, 594, 659, 658, 595, 596, 660, 595, 660, 659, 596, 597, 661, 596, 661, 660, 597, 598, 662, 597, 662, 661, 598, 599, 663, 598, 663, 662, 599, 600, 664, 599, 664, 663, 600, 601, 665, 600, 665, 664, 601, 602, 666, 601, 666, 665, 602, 603, 667, 602, 667, 666, 603, 604, 668, 603, 668, 667, 604, 605, 669, 604, 669, 668, 605, 606, 670, 605, 670, 669, 606, 607, 671, 606, 671, 670, 607, 608, 672, 607, 672, 671, 608, 609, 673, 608, 673, 672, 609, 610, 674, 609, 674, 673, 610, 611, 675, 610, 675, 674, 611, 612, 676, 611, 676, 675, 612, 613, 677, 612, 677, 676, 613, 614, 678, 613, 678, 677, 614, 615, 679, 614, 679, 678, 615, 616, 680, 615, 680, 679, 616, 617, 681, 616, 681, 680, 617, 618, 682, 617, 682, 681, 618, 619, 683, 618, 683, 682, 619, 620, 684, 619, 684, 683, 620, 621, 685, 620, 685, 684, 621, 622, 686, 621, 686, 685, 622, 623, 687, 622, 687, 686, 623, 624, 688, 623, 688, 687, 624, 625, 689, 624, 689, 688, 625, 626, 690, 625, 690, 689, 626, 627, 691, 626, 691, 690, 627, 628, 692, 627, 692, 691, 628, 629, 693, 628, 693, 692, 629, 630, 694, 629, 694, 693, 630, 631, 695, 630, 695, 694, 631, 632, 696, 631, 696, 695, 632, 633, 697, 632, 697, 696, 633, 634, 698, 633, 698, 697, 634, 635, 699, 634, 699, 698, 635, 636, 700, 635, 700, 699, 636, 637, 701, 636, 701, 700, 637, 638, 702, 637, 702, 701, 638, 639, 703, 638, 703, 702, 639, 576, 640, 639, 640, 703, 640, 641, 705, 640, 705, 704, 641, 642, 706, 641, 706, 705, 642, 643, 707, 642, 707, 706, 643, 644, 708, 643, 708, 707, 644, 645, 709, 644, 709, 708, 645, 646, 710, 645, 710, 709, 646, 647, 711, 646, 711, 710, 647, 648, 712, 647, 712, 711, 648, 649, 713, 648, 713, 712, 649, 650, 714, 649, 714, 713, 650, 651, 715, 650, 715, 714, 651, 652, 716, 651, 716, 715, 652, 653, 717, 652, 717, 716, 653, 654, 718, 653, 718, 717, 654, 655, 719, 654, 719, 718, 655, 656, 720, 655, 720, 719, 656, 657, 721, 656, 721, 720, 657, 658, 722, 657, 722, 721, 658, 659, 723, 658, 723, 722, 659, 660, 724, 659, 724, 723, 660, 661, 725, 660, 725, 724, 661, 662, 726, 661, 726, 725, 662, 663, 727, 662, 727, 726, 663, 664, 728, 663, 728, 727, 664, 665, 729, 664, 729, 728, 665, 666, 730, 665, 730, 729, 666, 667, 731, 666, 731, 730, 667, 668, 732, 667, 732, 731, 668, 669, 733, 668, 733, 732, 669, 670, 734, 669, 734, 733, 670, 671, 735, 670, 735, 734, 671, 672, 736, 671, 736, 735, 672, 673, 737, 672, 737, 736, 673, 674, 738, 673, 738, 737, 674, 675, 739, 674, 739, 738, 675, 676, 740, 675, 740, 739, 676, 677, 741, 676, 741, 740, 677, 678, 742, 677, 742, 741, 678, 679, 743, 678, 743, 742, 679, 680, 744, 679, 744, 743, 680, 681, 745, 680, 745, 744, 681, 682, 746, 681, 746, 745, 682, 683, 747, 682, 747, 746, 683, 684, 748, 683, 748, 747, 684, 685, 749, 684, 749, 748, 685, 686, 750, 685, 750, 749, 686, 687, 751, 686, 751, 750, 687, 688, 752, 687, 752, 751, 688, 689, 753, 688, 753, 752, 689, 690, 754, 689, 754, 753, 690, 691, 755, 690, 755, 754, 691, 692, 756, 691, 756, 755, 692, 693, 757, 692, 757, 756, 693, 694, 758, 693, 758, 757, 694, 695, 759, 694, 759, 758, 695, 696, 760, 695, 760, 759, 696, 697, 761, 696, 761, 760, 697, 698, 762, 697, 762, 761, 698, 699, 763, 698, 763, 762, 699, 700, 764, 699, 764, 763, 700, 701, 765, 700, 765, 764, 701, 702, 766, 701, 766, 765, 702, 703, 767, 702, 767, 766, 703, 640, 704, 703, 704, 767, 704, 705, 769, 704, 769, 768, 705, 706, 770, 705, 770, 769, 706, 707, 771, 706, 771, 770, 707, 708, 772, 707, 772, 771, 708, 709, 773, 708, 773, 772, 709, 710, 774, 709, 774, 773, 710, 711, 775, 710, 775, 774, 711, 712, 776, 711, 776, 775, 712, 713, 777, 712, 777, 776, 713, 714, 778, 713, 778, 777, 714, 715, 779, 714, 779, 778, 715, 716, 780, 715, 780, 779, 716, 717, 781, 716, 781, 780, 717, 718, 782, 717, 782, 781, 718, 719, 783, 718, 783, 782, 719, 720, 784, 719, 784, 783, 720, 721, 785, 720, 785, 784, 721, 722, 786, 721, 786, 785, 722, 723, 787, 722, 787, 786, 723, 724, 788, 723, 788, 787, 724, 725, 789, 724, 789, 788, 725, 726, 790, 725, 790, 789, 726, 727, 791, 726, 791, 790, 727, 728, 792, 727, 792, 791, 728, 729, 793, 728, 793, 792, 729, 730, 794, 729, 794, 793, 730, 731, 795, 730, 795, 794, 731, 732, 796, 731, 796, 795, 732, 733, 797, 732, 797, 796, 733, 734, 798, 733, 798, 797, 734, 735, 799, 734, 799, 798, 735, 736, 800, 735, 800, 799, 736, 737, 801, 736, 801, 800, 737, 738, 802, 737, 802, 801, 738, 739, 803, 738, 803, 802, 739, 740, 804, 739, 804, 803, 740, 741, 805, 740, 805, 804, 741, 742, 806, 741, 806, 805, 742, 743, 807, 742, 807, 806, 743, 744, 808, 743, 808, 807, 744, 745, 809, 744, 809, 808, 745, 746, 810, 745, 810, 809, 746, 747, 811, 746, 811, 810, 747, 748, 812, 747, 812, 811, 748, 749, 813, 748, 813, 812, 749, 750, 814, 749, 814, 813, 750, 751, 815, 750, 815, 814, 751, 752, 816, 751, 816, 815, 752, 753, 817, 752, 817, 816, 753, 754, 818, 753, 818, 817, 754, 755, 819, 754, 819, 818, 755, 756, 820, 755, 820, 819, 756, 757, 821, 756, 821, 820, 757, 758, 822, 757, 822, 821, 758, 759, 823, 758, 823, 822, 759, 760, 824, 759, 824, 823, 760, 761, 825, 760, 825, 824, 761, 762, 826, 761, 826, 825, 762, 763, 827, 762, 827, 826, 763, 764, 828, 763, 828, 827, 764, 765, 829, 764, 829, 828, 765, 766, 830, 765, 830, 829, 766, 767, 831, 766, 831, 830, 767, 704, 768, 767, 768, 831, 768, 769, 833, 768, 833, 832, 769, 770, 834, 769, 834, 833, 770, 771, 835, 770, 835, 834, 771, 772, 836, 771, 836, 835, 772, 773, 837, 772, 837, 836, 773, 774, 838, 773, 838, 837, 774, 775, 839, 774, 839, 838, 775, 776, 840, 775, 840, 839, 776, 777, 841, 776, 841, 840, 777, 778, 842, 777, 842, 841, 778, 779, 843, 778, 843, 842, 779, 780, 844, 779, 844, 843, 780, 781, 845, 780, 845, 844, 781, 782, 846, 781, 846, 845, 782, 783, 847, 782, 847, 846, 783, 784, 848, 783, 848, 847, 784, 785, 849, 784, 849, 848, 785, 786, 850, 785, 850, 849, 786, 787, 851, 786, 851, 850, 787, 788, 852, 787, 852, 851, 788, 789, 853, 788, 853, 852, 789, 790, 854, 789, 854, 853, 790, 791, 855, 790, 855, 854, 791, 792, 856, 791, 856, 855, 792, 793, 857, 792, 857, 856, 793, 794, 858, 793, 858, 857, 794, 795, 859, 794, 859, 858, 795, 796, 860, 795, 860, 859, 796, 797, 861, 796, 861, 860, 797, 798, 862, 797, 862, 861, 798, 799, 863, 798, 863, 862, 799, 800, 864, 799, 864, 863, 800, 801, 865, 800, 865, 864, 801, 802, 866, 801, 866, 865, 802, 803, 867, 802, 867, 866, 803, 804, 868, 803, 868, 867, 804, 805, 869, 804, 869, 868, 805, 806, 870, 805, 870, 869, 806, 807, 871, 806, 871, 870, 807, 808, 872, 807, 872, 871, 808, 809, 873, 808, 873, 872, 809, 810, 874, 809, 874, 873, 810, 811, 875, 810, 875, 874, 811, 812, 876, 811, 876, 875, 812, 813, 877, 812, 877, 876, 813, 814, 878, 813, 878, 877, 814, 815, 879, 814, 879, 878, 815, 816, 880, 815, 880, 879, 816, 817, 881, 816, 881, 880, 817, 818, 882, 817, 882, 881, 818, 819, 883, 818, 883, 882, 819, 820, 884, 819, 884, 883, 820, 821, 885, 820, 885, 884, 821, 822, 886, 821, 886, 885, 822, 823, 887, 822, 887, 886, 823, 824, 888, 823, 888, 887, 824, 825, 889, 824, 889, 888, 825, 826, 890, 825, 890, 889, 826, 827, 891, 826, 891, 890, 827, 828, 892, 827, 892, 891, 828, 829, 893, 828, 893, 892, 829, 830, 894, 829, 894, 893, 830, 831, 895, 830, 895, 894, 831, 768, 832, 831, 832, 895, 832, 833, 897, 832, 897, 896, 833, 834, 898, 833, 898, 897, 834, 835, 899, 834, 899, 898, 835, 836, 900, 835, 900, 899, 836, 837, 901, 836, 901, 900, 837, 838, 902, 837, 902, 901, 838, 839, 903, 838, 903, 902, 839, 840, 904, 839, 904, 903, 840, 841, 905, 840, 905, 904, 841, 842, 906, 841, 906, 905, 842, 843, 907, 842, 907, 906, 843, 844, 908, 843, 908, 907, 844, 845, 909, 844, 909, 908, 845, 846, 910, 845, 910, 909, 846, 847, 911, 846, 911, 910, 847, 848, 912, 847, 912, 911, 848, 849, 913, 848, 913, 912, 849, 850, 914, 849, 914, 913, 850, 851, 915, 850, 915, 914, 851, 852, 916, 851, 916, 915, 852, 853, 917, 852, 917, 916, 853, 854, 918, 853, 918, 917, 854, 855, 919, 854, 919, 918, 855, 856, 920, 855, 920, 919, 856, 857, 921, 856, 921, 920, 857, 858, 922, 857, 922, 921, 858, 859, 923, 858, 923, 922, 859, 860, 924, 859, 924, 923, 860, 861, 925, 860, 925, 924, 861, 862, 926, 861, 926, 925, 862, 863, 927, 862, 927, 926, 863, 864, 928, 863, 928, 927, 864, 865, 929, 864, 929, 928, 865, 866, 930, 865, 930, 929, 866, 867, 931, 866, 931, 930, 867, 868, 932, 867, 932, 931, 868, 869, 933, 868, 933, 932, 869, 870, 934, 869, 934, 933, 870, 871, 935, 870, 935, 934, 871, 872, 936, 871, 936, 935, 872, 873, 937, 872, 937, 936, 873, 874, 938, 873, 938, 937, 874, 875, 939, 874, 939, 938, 875, 876, 940, 875, 940, 939, 876, 877, 941, 876, 941, 940, 877, 878, 942, 877, 942, 941, 878, 879, 943, 878, 943, 942, 879, 880, 944, 879, 944, 943, 880, 881, 945, 880, 945, 944, 881, 882, 946, 881, 946, 945, 882, 883, 947, 882, 947, 946, 883, 884, 948, 883, 948, 947, 884, 885, 949, 884, 949, 948, 885, 886, 950, 885, 950, 949, 886, 887, 951, 886, 951, 950, 887, 888, 952, 887, 952, 951, 888, 889, 953, 888, 953, 952, 889, 890, 954, 889, 954, 953, 890, 891, 955, 890, 955, 954, 891, 892, 956, 891, 956, 955, 892, 893, 957, 892, 957, 956, 893, 894, 958, 893, 958, 957, 894, 895, 959, 894, 959, 958, 895, 832, 896, 895, 896, 959, 896, 897, 961, 896, 961, 960, 897, 898, 962, 897, 962, 961, 898, 899, 963, 898, 963, 962, 899, 900, 964, 899, 964, 963, 900, 901, 965, 900, 965, 964, 901, 902, 966, 901, 966, 965, 902, 903, 967, 902, 967, 966, 903, 904, 968, 903, 968, 967, 904, 905, 969, 904, 969, 968, 905, 906, 970, 905, 970, 969, 906, 907, 971, 906, 971, 970, 907, 908, 972, 907, 972, 971, 908, 909, 973, 908, 973, 972, 909, 910, 974, 909, 974, 973, 910, 911, 975, 910, 975, 974, 911, 912, 976, 911, 976, 975, 912, 913, 977, 912, 977, 976, 913, 914, 978, 913, 978, 977, 914, 915, 979, 914, 979, 978, 915, 916, 980, 915, 980, 979, 916, 917, 981, 916, 981, 980, 917, 918, 982, 917, 982, 981, 918, 919, 983, 918, 983, 982, 919, 920, 984, 919, 984, 983, 920, 921, 985, 920, 985, 984, 921, 922, 986, 921, 986, 985, 922, 923, 987, 922, 987, 986, 923, 924, 988, 923, 988, 987, 924, 925, 989, 924, 989, 988, 925, 926, 990, 925, 990, 989, 926, 927, 991, 926, 991, 990, 927, 928, 992, 927, 992, 991, 928, 929, 993, 928, 993, 992, 929, 930, 994, 929, 994, 993, 930, 931, 995, 930, 995, 994, 931, 932, 996, 931, 996, 995, 932, 933, 997, 932, 997, 996, 933, 934, 998, 933, 998, 997, 934, 935, 999, 934, 999, 998, 935, 936, 1000, 935, 1000, 999, 936, 937, 1001, 936, 1001, 1000, 937, 938, 1002, 937, 1002, 1001, 938, 939, 1003, 938, 1003, 1002, 939, 940, 1004, 939, 1004, 1003, 940, 941, 1005, 940, 1005, 1004, 941, 942, 1006, 941, 1006, 1005, 942, 943, 1007, 942, 1007, 1006, 943, 944, 1008, 943, 1008, 1007, 944, 945, 1009, 944, 1009, 1008, 945, 946, 1010, 945, 1010, 1009, 946, 947, 1011, 946, 1011, 1010, 947, 948, 1012, 947, 1012, 1011, 948, 949, 1013, 948, 1013, 1012, 949, 950, 1014, 949, 1014, 1013, 950, 951, 1015, 950, 1015, 1014, 951, 952, 1016, 951, 1016, 1015, 952, 953, 1017, 952, 1017, 1016, 953, 954, 1018, 953, 1018, 1017, 954, 955, 1019, 954, 1019, 1018, 955, 956, 1020, 955, 1020, 1019, 956, 957, 1021, 956, 1021, 1020, 957, 958, 1022, 957, 1022, 1021, 958, 959, 1023, 958, 1023, 1022, 959, 896, 960, 959, 960, 1023, 960, 961, 1025, 960, 1025, 1024, 961, 962, 1026, 961, 1026, 1025, 962, 963, 1027, 962, 1027, 1026, 963, 964, 1028, 963, 1028, 1027, 964, 965, 1029, 964, 1029, 1028, 965, 966, 1030, 965, 1030, 1029, 966, 967, 1031, 966, 1031, 1030, 967, 968, 1032, 967, 1032, 1031, 968, 969, 1033, 968, 1033, 1032, 969, 970, 1034, 969, 1034, 1033, 970, 971, 1035, 970, 1035, 1034, 971, 972, 1036, 971, 1036, 1035, 972, 973, 1037, 972, 1037, 1036, 973, 974, 1038, 973, 1038, 1037, 974, 975, 1039, 974, 1039, 1038, 975, 976, 1040, 975, 1040, 1039, 976, 977, 1041, 976, 1041, 1040, 977, 978, 1042, 977, 1042, 1041, 978, 979, 1043, 978, 1043, 1042, 979, 980, 1044, 979, 1044, 1043, 980, 981, 1045, 980, 1045, 1044, 981, 982, 1046, 981, 1046, 1045, 982, 983, 1047, 982, 1047, 1046, 983, 984, 1048, 983, 1048, 1047, 984, 985, 1049, 984, 1049, 1048, 985, 986, 1050, 985, 1050, 1049, 986, 987, 1051, 986, 1051, 1050, 987, 988, 1052, 987, 1052, 1051, 988, 989, 1053, 988, 1053, 1052, 989, 990, 1054, 989, 1054, 1053, 990, 991, 1055, 990, 1055, 1054, 991, 992, 1056, 991, 1056, 1055, 992, 993, 1057, 992, 1057, 1056, 993, 994, 1058, 993, 1058, 1057, 994, 995, 1059, 994, 1059, 1058, 995, 996, 1060, 995, 1060, 1059, 996, 997, 1061, 996, 1061, 1060, 997, 998, 1062, 997, 1062, 1061, 998, 999, 1063, 998, 1063, 1062, 999, 1000, 1064, 999, 1064, 1063, 1000, 1001, 1065, 1000, 1065, 1064, 1001, 1002, 1066, 1001, 1066, 1065, 1002, 1003, 1067, 1002, 1067, 1066, 1003, 1004, 1068, 1003, 1068, 1067, 1004, 1005, 1069, 1004, 1069, 1068, 1005, 1006, 1070, 1005, 1070, 1069, 1006, 1007, 1071, 1006, 1071, 1070, 1007, 1008, 1072, 1007, 1072, 1071, 1008, 1009, 1073, 1008, 1073, 1072, 1009, 1010, 1074, 1009, 1074, 1073, 1010, 1011, 1075, 1010, 1075, 1074, 1011, 1012, 1076, 1011, 1076, 1075, 1012, 1013, 1077, 1012, 1077, 1076, 1013, 1014, 1078, 1013, 1078, 1077, 1014, 1015, 1079, 1014, 1079, 1078, 1015, 1016, 1080, 1015, 1080, 1079, 1016, 1017, 1081, 1016, 1081, 1080, 1017, 1018, 1082, 1017, 1082, 1081, 1018, 1019, 1083, 1018, 1083, 1082, 1019, 1020, 1084, 1019, 1084, 1083, 1020, 1021, 1085, 1020, 1085, 1084, 1021, 1022, 1086, 1021, 1086, 1085, 1022, 1023, 1087, 1022, 1087, 1086, 1023, 960, 1024, 1023, 1024, 1087, 1024, 1025, 1089, 1024, 1089, 1088, 1025, 1026, 1090, 1025, 1090, 1089, 1026, 1027, 1091, 1026, 1091, 1090, 1027, 1028, 1092, 1027, 1092, 1091, 1028, 1029, 1093, 1028, 1093, 1092, 1029, 1030, 1094, 1029, 1094, 1093, 1030, 1031, 1095, 1030, 1095, 1094, 1031, 1032, 1096, 1031, 1096, 1095, 1032, 1033, 1097, 1032, 1097, 1096, 1033, 1034, 1098, 1033, 1098, 1097, 1034, 1035, 1099, 1034, 1099, 1098, 1035, 1036, 1100, 1035, 1100, 1099, 1036, 1037, 1101, 1036, 1101, 1100, 1037, 1038, 1102, 1037, 1102, 1101, 1038, 1039, 1103, 1038, 1103, 1102, 1039, 1040, 1104, 1039, 1104, 1103, 1040, 1041, 1105, 1040, 1105, 1104, 1041, 1042, 1106, 1041, 1106, 1105, 1042, 1043, 1107, 1042, 1107, 1106, 1043, 1044, 1108, 1043, 1108, 1107, 1044, 1045, 1109, 1044, 1109, 1108, 1045, 1046, 1110, 1045, 1110, 1109, 1046, 1047, 1111, 1046, 1111, 1110, 1047, 1048, 1112, 1047, 1112, 1111, 1048, 1049, 1113, 1048, 1113, 1112, 1049, 1050, 1114, 1049, 1114, 1113, 1050, 1051, 1115, 1050, 1115, 1114, 1051, 1052, 1116, 1051, 1116, 1115, 1052, 1053, 1117, 1052, 1117, 1116, 1053, 1054, 1118, 1053, 1118, 1117, 1054, 1055, 1119, 1054, 1119, 1118, 1055, 1056, 1120, 1055, 1120, 1119, 1056, 1057, 1121, 1056, 1121, 1120, 1057, 1058, 1122, 1057, 1122, 1121, 1058, 1059, 1123, 1058, 1123, 1122, 1059, 1060, 1124, 1059, 1124, 1123, 1060, 1061, 1125, 1060, 1125, 1124, 1061, 1062, 1126, 1061, 1126, 1125, 1062, 1063, 1127, 1062, 1127, 1126, 1063, 1064, 1128, 1063, 1128, 1127, 1064, 1065, 1129, 1064, 1129, 1128, 1065, 1066, 1130, 1065, 1130, 1129, 1066, 1067, 1131, 1066, 1131, 1130, 1067, 1068, 1132, 1067, 1132, 1131, 1068, 1069, 1133, 1068, 1133, 1132, 1069, 1070, 1134, 1069, 1134, 1133, 1070, 1071, 1135, 1070, 1135, 1134, 1071, 1072, 1136, 1071, 1136, 1135, 1072, 1073, 1137, 1072, 1137, 1136, 1073, 1074, 1138, 1073, 1138, 1137, 1074, 1075, 1139, 1074, 1139, 1138, 1075, 1076, 1140, 1075, 1140, 1139, 1076, 1077, 1141, 1076, 1141, 1140, 1077, 1078, 1142, 1077, 1142, 1141, 1078, 1079, 1143, 1078, 1143, 1142, 1079, 1080, 1144, 1079, 1144, 1143, 1080, 1081, 1145, 1080, 1145, 1144, 1081, 1082, 1146, 1081, 1146, 1145, 1082, 1083, 1147, 1082, 1147, 1146, 1083, 1084, 1148, 1083, 1148, 1147, 1084, 1085, 1149, 1084, 1149, 1148, 1085, 1086, 1150, 1085, 1150, 1149, 1086, 1087, 1151, 1086, 1151, 1150, 1087, 1024, 1088, 1087, 1088, 1151, 1088, 1089, 1153, 1088, 1153, 1152, 1089, 1090, 1154, 1089, 1154, 1153, 1090, 1091, 1155, 1090, 1155, 1154, 1091, 1092, 1156, 1091, 1156, 1155, 1092, 1093, 1157, 1092, 1157, 1156, 1093, 1094, 1158, 1093, 1158, 1157, 1094, 1095, 1159, 1094, 1159, 1158, 1095, 1096, 1160, 1095, 1160, 1159, 1096, 1097, 1161, 1096, 1161, 1160, 1097, 1098, 1162, 1097, 1162, 1161, 1098, 1099, 1163, 1098, 1163, 1162, 1099, 1100, 1164, 1099, 1164, 1163, 1100, 1101, 1165, 1100, 1165, 1164, 1101, 1102, 1166, 1101, 1166, 1165, 1102, 1103, 1167, 1102, 1167, 1166, 1103, 1104, 1168, 1103, 1168, 1167, 1104, 1105, 1169, 1104, 1169, 1168, 1105, 1106, 1170, 1105, 1170, 1169, 1106, 1107, 1171, 1106, 1171, 1170, 1107, 1108, 1172, 1107, 1172, 1171, 1108, 1109, 1173, 1108, 1173, 1172, 1109, 1110, 1174, 1109, 1174, 1173, 1110, 1111, 1175, 1110, 1175, 1174, 1111, 1112, 1176, 1111, 1176, 1175, 1112, 1113, 1177, 1112, 1177, 1176, 1113, 1114, 1178, 1113, 1178, 1177, 1114, 1115, 1179, 1114, 1179, 1178, 1115, 1116, 1180, 1115, 1180, 1179, 1116, 1117, 1181, 1116, 1181, 1180, 1117, 1118, 1182, 1117, 1182, 1181, 1118, 1119, 1183, 1118, 1183, 1182, 1119, 1120, 1184, 1119, 1184, 1183, 1120, 1121, 1185, 1120, 1185, 1184, 1121, 1122, 1186, 1121, 1186, 1185, 1122, 1123, 1187, 1122, 1187, 1186, 1123, 1124, 1188, 1123, 1188, 1187, 1124, 1125, 1189, 1124, 1189, 1188, 1125, 1126, 1190, 1125, 1190, 1189, 1126, 1127, 1191, 1126, 1191, 1190, 1127, 1128, 1192, 1127, 1192, 1191, 1128, 1129, 1193, 1128, 1193, 1192, 1129, 1130, 1194, 1129, 1194, 1193, 1130, 1131, 1195, 1130, 1195, 1194, 1131, 1132, 1196, 1131, 1196, 1195, 1132, 1133, 1197, 1132, 1197, 1196, 1133, 1134, 1198, 1133, 1198, 1197, 1134, 1135, 1199, 1134, 1199, 1198, 1135, 1136, 1200, 1135, 1200, 1199, 1136, 1137, 1201, 1136, 1201, 1200, 1137, 1138, 1202, 1137, 1202, 1201, 1138, 1139, 1203, 1138, 1203, 1202, 1139, 1140, 1204, 1139, 1204, 1203, 1140, 1141, 1205, 1140, 1205, 1204, 1141, 1142, 1206, 1141, 1206, 1205, 1142, 1143, 1207, 1142, 1207, 1206, 1143, 1144, 1208, 1143, 1208, 1207, 1144, 1145, 1209, 1144, 1209, 1208, 1145, 1146, 1210, 1145, 1210, 1209, 1146, 1147, 1211, 1146, 1211, 1210, 1147, 1148, 1212, 1147, 1212, 1211, 1148, 1149, 1213, 1148, 1213, 1212, 1149, 1150, 1214, 1149, 1214, 1213, 1150, 1151, 1215, 1150, 1215, 1214, 1151, 1088, 1152, 1151, 1152, 1215, 1152, 1153, 1217, 1152, 1217, 1216, 1153, 1154, 1218, 1153, 1218, 1217, 1154, 1155, 1219, 1154, 1219, 1218, 1155, 1156, 1220, 1155, 1220, 1219, 1156, 1157, 1221, 1156, 1221, 1220, 1157, 1158, 1222, 1157, 1222, 1221, 1158, 1159, 1223, 1158, 1223, 1222, 1159, 1160, 1224, 1159, 1224, 1223, 1160, 1161, 1225, 1160, 1225, 1224, 1161, 1162, 1226, 1161, 1226, 1225, 1162, 1163, 1227, 1162, 1227, 1226, 1163, 1164, 1228, 1163, 1228, 1227, 1164, 1165, 1229, 1164, 1229, 1228, 1165, 1166, 1230, 1165, 1230, 1229, 1166, 1167, 1231, 1166, 1231, 1230, 1167, 1168, 1232, 1167, 1232, 1231, 1168, 1169, 1233, 1168, 1233, 1232, 1169, 1170, 1234, 1169, 1234, 1233, 1170, 1171, 1235, 1170, 1235, 1234, 1171, 1172, 1236, 1171, 1236, 1235, 1172, 1173, 1237, 1172, 1237, 1236, 1173, 1174, 1238, 1173, 1238, 1237, 1174, 1175, 1239, 1174, 1239, 1238, 1175, 1176, 1240, 1175, 1240, 1239, 1176, 1177, 1241, 1176, 1241, 1240, 1177, 1178, 1242, 1177, 1242, 1241, 1178, 1179, 1243, 1178, 1243, 1242, 1179, 1180, 1244, 1179, 1244, 1243, 1180, 1181, 1245, 1180, 1245, 1244, 1181, 1182, 1246, 1181, 1246, 1245, 1182, 1183, 1247, 1182, 1247, 1246, 1183, 1184, 1248, 1183, 1248, 1247, 1184, 1185, 1249, 1184, 1249, 1248, 1185, 1186, 1250, 1185, 1250, 1249, 1186, 1187, 1251, 1186, 1251, 1250, 1187, 1188, 1252, 1187, 1252, 1251, 1188, 1189, 1253, 1188, 1253, 1252, 1189, 1190, 1254, 1189, 1254, 1253, 1190, 1191, 1255, 1190, 1255, 1254, 1191, 1192, 1256, 1191, 1256, 1255, 1192, 1193, 1257, 1192, 1257, 1256, 1193, 1194, 1258, 1193, 1258, 1257, 1194, 1195, 1259, 1194, 1259, 1258, 1195, 1196, 1260, 1195, 1260, 1259, 1196, 1197, 1261, 1196, 1261, 1260, 1197, 1198, 1262, 1197, 1262, 1261, 1198, 1199, 1263, 1198, 1263, 1262, 1199, 1200, 1264, 1199, 1264, 1263, 1200, 1201, 1265, 1200, 1265, 1264, 1201, 1202, 1266, 1201, 1266, 1265, 1202, 1203, 1267, 1202, 1267, 1266, 1203, 1204, 1268, 1203, 1268, 1267, 1204, 1205, 1269, 1204, 1269, 1268, 1205, 1206, 1270, 1205, 1270, 1269, 1206, 1207, 1271, 1206, 1271, 1270, 1207, 1208, 1272, 1207, 1272, 1271, 1208, 1209, 1273, 1208, 1273, 1272, 1209, 1210, 1274, 1209, 1274, 1273, 1210, 1211, 1275, 1210, 1275, 1274, 1211, 1212, 1276, 1211, 1276, 1275, 1212, 1213, 1277, 1212, 1277, 1276, 1213, 1214, 1278, 1213, 1278, 1277, 1214, 1215, 1279, 1214, 1279, 1278, 1215, 1152, 1216, 1215, 1216, 1279, 1216, 1217, 1281, 1216, 1281, 1280, 1217, 1218, 1282, 1217, 1282, 1281, 1218, 1219, 1283, 1218, 1283, 1282, 1219, 1220, 1284, 1219, 1284, 1283, 1220, 1221, 1285, 1220, 1285, 1284, 1221, 1222, 1286, 1221, 1286, 1285, 1222, 1223, 1287, 1222, 1287, 1286, 1223, 1224, 1288, 1223, 1288, 1287, 1224, 1225, 1289, 1224, 1289, 1288, 1225, 1226, 1290, 1225, 1290, 1289, 1226, 1227, 1291, 1226, 1291, 1290, 1227, 1228, 1292, 1227, 1292, 1291, 1228, 1229, 1293, 1228, 1293, 1292, 1229, 1230, 1294, 1229, 1294, 1293, 1230, 1231, 1295, 1230, 1295, 1294, 1231, 1232, 1296, 1231, 1296, 1295, 1232, 1233, 1297, 1232, 1297, 1296, 1233, 1234, 1298, 1233, 1298, 1297, 1234, 1235, 1299, 1234, 1299, 1298, 1235, 1236, 1300, 1235, 1300, 1299, 1236, 1237, 1301, 1236, 1301, 1300, 1237, 1238, 1302, 1237, 1302, 1301, 1238, 1239, 1303, 1238, 1303, 1302, 1239, 1240, 1304, 1239, 1304, 1303, 1240, 1241, 1305, 1240, 1305, 1304, 1241, 1242, 1306, 1241, 1306, 1305, 1242, 1243, 1307, 1242, 1307, 1306, 1243, 1244, 1308, 1243, 1308, 1307, 1244, 1245, 1309, 1244, 1309, 1308, 1245, 1246, 1310, 1245, 1310, 1309, 1246, 1247, 1311, 1246, 1311, 1310, 1247, 1248, 1312, 1247, 1312, 1311, 1248, 1249, 1313, 1248, 1313, 1312, 1249, 1250, 1314, 1249, 1314, 1313, 1250, 1251, 1315, 1250, 1315, 1314, 1251, 1252, 1316, 1251, 1316, 1315, 1252, 1253, 1317, 1252, 1317, 1316, 1253, 1254, 1318, 1253, 1318, 1317, 1254, 1255, 1319, 1254, 1319, 1318, 1255, 1256, 1320, 1255, 1320, 1319, 1256, 1257, 1321, 1256, 1321, 1320, 1257, 1258, 1322, 1257, 1322, 1321, 1258, 1259, 1323, 1258, 1323, 1322, 1259, 1260, 1324, 1259, 1324, 1323, 1260, 1261, 1325, 1260, 1325, 1324, 1261, 1262, 1326, 1261, 1326, 1325, 1262, 1263, 1327, 1262, 1327, 1326, 1263, 1264, 1328, 1263, 1328, 1327, 1264, 1265, 1329, 1264, 1329, 1328, 1265, 1266, 1330, 1265, 1330, 1329, 1266, 1267, 1331, 1266, 1331, 1330, 1267, 1268, 1332, 1267, 1332, 1331, 1268, 1269, 1333, 1268, 1333, 1332, 1269, 1270, 1334, 1269, 1334, 1333, 1270, 1271, 1335, 1270, 1335, 1334, 1271, 1272, 1336, 1271, 1336, 1335, 1272, 1273, 1337, 1272, 1337, 1336, 1273, 1274, 1338, 1273, 1338, 1337, 1274, 1275, 1339, 1274, 1339, 1338, 1275, 1276, 1340, 1275, 1340, 1339, 1276, 1277, 1341, 1276, 1341, 1340, 1277, 1278, 1342, 1277, 1342, 1341, 1278, 1279, 1343, 1278, 1343, 1342, 1279, 1216, 1280, 1279, 1280, 1343, 1280, 1281, 1345, 1280, 1345, 1344, 1281, 1282, 1346, 1281, 1346, 1345, 1282, 1283, 1347, 1282, 1347, 1346, 1283, 1284, 1348, 1283, 1348, 1347, 1284, 1285, 1349, 1284, 1349, 1348, 1285, 1286, 1350, 1285, 1350, 1349, 1286, 1287, 1351, 1286, 1351, 1350, 1287, 1288, 1352, 1287, 1352, 1351, 1288, 1289, 1353, 1288, 1353, 1352, 1289, 1290, 1354, 1289, 1354, 1353, 1290, 1291, 1355, 1290, 1355, 1354, 1291, 1292, 1356, 1291, 1356, 1355, 1292, 1293, 1357, 1292, 1357, 1356, 1293, 1294, 1358, 1293, 1358, 1357, 1294, 1295, 1359, 1294, 1359, 1358, 1295, 1296, 1360, 1295, 1360, 1359, 1296, 1297, 1361, 1296, 1361, 1360, 1297, 1298, 1362, 1297, 1362, 1361, 1298, 1299, 1363, 1298, 1363, 1362, 1299, 1300, 1364, 1299, 1364, 1363, 1300, 1301, 1365, 1300, 1365, 1364, 1301, 1302, 1366, 1301, 1366, 1365, 1302, 1303, 1367, 1302, 1367, 1366, 1303, 1304, 1368, 1303, 1368, 1367, 1304, 1305, 1369, 1304, 1369, 1368, 1305, 1306, 1370, 1305, 1370, 1369, 1306, 1307, 1371, 1306, 1371, 1370, 1307, 1308, 1372, 1307, 1372, 1371, 1308, 1309, 1373, 1308, 1373, 1372, 1309, 1310, 1374, 1309, 1374, 1373, 1310, 1311, 1375, 1310, 1375, 1374, 1311, 1312, 1376, 1311, 1376, 1375, 1312, 1313, 1377, 1312, 1377, 1376, 1313, 1314, 1378, 1313, 1378, 1377, 1314, 1315, 1379, 1314, 1379, 1378, 1315, 1316, 1380, 1315, 1380, 1379, 1316, 1317, 1381, 1316, 1381, 1380, 1317, 1318, 1382, 1317, 1382, 1381, 1318, 1319, 1383, 1318, 1383, 1382, 1319, 1320, 1384, 1319, 1384, 1383, 1320, 1321, 1385, 1320, 1385, 1384, 1321, 1322, 1386, 1321, 1386, 1385, 1322, 1323, 1387, 1322, 1387, 1386, 1323, 1324, 1388, 1323, 1388, 1387, 1324, 1325, 1389, 1324, 1389, 1388, 1325, 1326, 1390, 1325, 1390, 1389, 1326, 1327, 1391, 1326, 1391, 1390, 1327, 1328, 1392, 1327, 1392, 1391, 1328, 1329, 1393, 1328, 1393, 1392, 1329, 1330, 1394, 1329, 1394, 1393, 1330, 1331, 1395, 1330, 1395, 1394, 1331, 1332, 1396, 1331, 1396, 1395, 1332, 1333, 1397, 1332, 1397, 1396, 1333, 1334, 1398, 1333, 1398, 1397, 1334, 1335, 1399, 1334, 1399, 1398, 1335, 1336, 1400, 1335, 1400, 1399, 1336, 1337, 1401, 1336, 1401, 1400, 1337, 1338, 1402, 1337, 1402, 1401, 1338, 1339, 1403, 1338, 1403, 1402, 1339, 1340, 1404, 1339, 1404, 1403, 1340, 1341, 1405, 1340, 1405, 1404, 1341, 1342, 1406, 1341, 1406, 1405, 1342, 1343, 1407, 1342, 1407, 1406, 1343, 1280, 1344, 1343, 1344, 1407, 1344, 1345, 1409, 1344, 1409, 1408, 1345, 1346, 1410, 1345, 1410, 1409, 1346, 1347, 1411, 1346, 1411, 1410, 1347, 1348, 1412, 1347, 1412, 1411, 1348, 1349, 1413, 1348, 1413, 1412, 1349, 1350, 1414, 1349, 1414, 1413, 1350, 1351, 1415, 1350, 1415, 1414, 1351, 1352, 1416, 1351, 1416, 1415, 1352, 1353, 1417, 1352, 1417, 1416, 1353, 1354, 1418, 1353, 1418, 1417, 1354, 1355, 1419, 1354, 1419, 1418, 1355, 1356, 1420, 1355, 1420, 1419, 1356, 1357, 1421, 1356, 1421, 1420, 1357, 1358, 1422, 1357, 1422, 1421, 1358, 1359, 1423, 1358, 1423, 1422, 1359, 1360, 1424, 1359, 1424, 1423, 1360, 1361, 1425, 1360, 1425, 1424, 1361, 1362, 1426, 1361, 1426, 1425, 1362, 1363, 1427, 1362, 1427, 1426, 1363, 1364, 1428, 1363, 1428, 1427, 1364, 1365, 1429, 1364, 1429, 1428, 1365, 1366, 1430, 1365, 1430, 1429, 1366, 1367, 1431, 1366, 1431, 1430, 1367, 1368, 1432, 1367, 1432, 1431, 1368, 1369, 1433, 1368, 1433, 1432, 1369, 1370, 1434, 1369, 1434, 1433, 1370, 1371, 1435, 1370, 1435, 1434, 1371, 1372, 1436, 1371, 1436, 1435, 1372, 1373, 1437, 1372, 1437, 1436, 1373, 1374, 1438, 1373, 1438, 1437, 1374, 1375, 1439, 1374, 1439, 1438, 1375, 1376, 1440, 1375, 1440, 1439, 1376, 1377, 1441, 1376, 1441, 1440, 1377, 1378, 1442, 1377, 1442, 1441, 1378, 1379, 1443, 1378, 1443, 1442, 1379, 1380, 1444, 1379, 1444, 1443, 1380, 1381, 1445, 1380, 1445, 1444, 1381, 1382, 1446, 1381, 1446, 1445, 1382, 1383, 1447, 1382, 1447, 1446, 1383, 1384, 1448, 1383, 1448, 1447, 1384, 1385, 1449, 1384, 1449, 1448, 1385, 1386, 1450, 1385, 1450, 1449, 1386, 1387, 1451, 1386, 1451, 1450, 1387, 1388, 1452, 1387, 1452, 1451, 1388, 1389, 1453, 1388, 1453, 1452, 1389, 1390, 1454, 1389, 1454, 1453, 1390, 1391, 1455, 1390, 1455, 1454, 1391, 1392, 1456, 1391, 1456, 1455, 1392, 1393, 1457, 1392, 1457, 1456, 1393, 1394, 1458, 1393, 1458, 1457, 1394, 1395, 1459, 1394, 1459, 1458, 1395, 1396, 1460, 1395, 1460, 1459, 1396, 1397, 1461, 1396, 1461, 1460, 1397, 1398, 1462, 1397, 1462, 1461, 1398, 1399, 1463, 1398, 1463, 1462, 1399, 1400, 1464, 1399, 1464, 1463, 1400, 1401, 1465, 1400, 1465, 1464, 1401, 1402, 1466, 1401, 1466, 1465, 1402, 1403, 1467, 1402, 1467, 1466, 1403, 1404, 1468, 1403, 1468, 1467, 1404, 1405, 1469, 1404, 1469, 1468, 1405, 1406, 1470, 1405, 1470, 1469, 1406, 1407, 1471, 1406, 1471, 1470, 1407, 1344, 1408, 1407, 1408, 1471, 1408, 1409, 1473, 1408, 1473, 1472, 1409, 1410, 1474, 1409, 1474, 1473, 1410, 1411, 1475, 1410, 1475, 1474, 1411, 1412, 1476, 1411, 1476, 1475, 1412, 1413, 1477, 1412, 1477, 1476, 1413, 1414, 1478, 1413, 1478, 1477, 1414, 1415, 1479, 1414, 1479, 1478, 1415, 1416, 1480, 1415, 1480, 1479, 1416, 1417, 1481, 1416, 1481, 1480, 1417, 1418, 1482, 1417, 1482, 1481, 1418, 1419, 1483, 1418, 1483, 1482, 1419, 1420, 1484, 1419, 1484, 1483, 1420, 1421, 1485, 1420, 1485, 1484, 1421, 1422, 1486, 1421, 1486, 1485, 1422, 1423, 1487, 1422, 1487, 1486, 1423, 1424, 1488, 1423, 1488, 1487, 1424, 1425, 1489, 1424, 1489, 1488, 1425, 1426, 1490, 1425, 1490, 1489, 1426, 1427, 1491, 1426, 1491, 1490, 1427, 1428, 1492, 1427, 1492, 1491, 1428, 1429, 1493, 1428, 1493, 1492, 1429, 1430, 1494, 1429, 1494, 1493, 1430, 1431, 1495, 1430, 1495, 1494, 1431, 1432, 1496, 1431, 1496, 1495, 1432, 1433, 1497, 1432, 1497, 1496, 1433, 1434, 1498, 1433, 1498, 1497, 1434, 1435, 1499, 1434, 1499, 1498, 1435, 1436, 1500, 1435, 1500, 1499, 1436, 1437, 1501, 1436, 1501, 1500, 1437, 1438, 1502, 1437, 1502, 1501, 1438, 1439, 1503, 1438, 1503, 1502, 1439, 1440, 1504, 1439, 1504, 1503, 1440, 1441, 1505, 1440, 1505, 1504, 1441, 1442, 1506, 1441, 1506, 1505, 1442, 1443, 1507, 1442, 1507, 1506, 1443, 1444, 1508, 1443, 1508, 1507, 1444, 1445, 1509, 1444, 1509, 1508, 1445, 1446, 1510, 1445, 1510, 1509, 1446, 1447, 1511, 1446, 1511, 1510, 1447, 1448, 1512, 1447, 1512, 1511, 1448, 1449, 1513, 1448, 1513, 1512, 1449, 1450, 1514, 1449, 1514, 1513, 1450, 1451, 1515, 1450, 1515, 1514, 1451, 1452, 1516, 1451, 1516, 1515, 1452, 1453, 1517, 1452, 1517, 1516, 1453, 1454, 1518, 1453, 1518, 1517, 1454, 1455, 1519, 1454, 1519, 1518, 1455, 1456, 1520, 1455, 1520, 1519, 1456, 1457, 1521, 1456, 1521, 1520, 1457, 1458, 1522, 1457, 1522, 1521, 1458, 1459, 1523, 1458, 1523, 1522, 1459, 1460, 1524, 1459, 1524, 1523, 1460, 1461, 1525, 1460, 1525, 1524, 1461, 1462, 1526, 1461, 1526, 1525, 1462, 1463, 1527, 1462, 1527, 1526, 1463, 1464, 1528, 1463, 1528, 1527, 1464, 1465, 1529, 1464, 1529, 1528, 1465, 1466, 1530, 1465, 1530, 1529, 1466, 1467, 1531, 1466, 1531, 1530, 1467, 1468, 1532, 1467, 1532, 1531, 1468, 1469, 1533, 1468, 1533, 1532, 1469, 1470, 1534, 1469, 1534, 1533, 1470, 1471, 1535, 1470, 1535, 1534, 1471, 1408, 1472, 1471, 1472, 1535, 1472, 1473, 1537, 1472, 1537, 1536, 1473, 1474, 1538, 1473, 1538, 1537, 1474, 1475, 1539, 1474, 1539, 1538, 1475, 1476, 1540, 1475, 1540, 1539, 1476, 1477, 1541, 1476, 1541, 1540, 1477, 1478, 1542, 1477, 1542, 1541, 1478, 1479, 1543, 1478, 1543, 1542, 1479, 1480, 1544, 1479, 1544, 1543, 1480, 1481, 1545, 1480, 1545, 1544, 1481, 1482, 1546, 1481, 1546, 1545, 1482, 1483, 1547, 1482, 1547, 1546, 1483, 1484, 1548, 1483, 1548, 1547, 1484, 1485, 1549, 1484, 1549, 1548, 1485, 1486, 1550, 1485, 1550, 1549, 1486, 1487, 1551, 1486, 1551, 1550, 1487, 1488, 1552, 1487, 1552, 1551, 1488, 1489, 1553, 1488, 1553, 1552, 1489, 1490, 1554, 1489, 1554, 1553, 1490, 1491, 1555, 1490, 1555, 1554, 1491, 1492, 1556, 1491, 1556, 1555, 1492, 1493, 1557, 1492, 1557, 1556, 1493, 1494, 1558, 1493, 1558, 1557, 1494, 1495, 1559, 1494, 1559, 1558, 1495, 1496, 1560, 1495, 1560, 1559, 1496, 1497, 1561, 1496, 1561, 1560, 1497, 1498, 1562, 1497, 1562, 1561, 1498, 1499, 1563, 1498, 1563, 1562, 1499, 1500, 1564, 1499, 1564, 1563, 1500, 1501, 1565, 1500, 1565, 1564, 1501, 1502, 1566, 1501, 1566, 1565, 1502, 1503, 1567, 1502, 1567, 1566, 1503, 1504, 1568, 1503, 1568, 1567, 1504, 1505, 1569, 1504, 1569, 1568, 1505, 1506, 1570, 1505, 1570, 1569, 1506, 1507, 1571, 1506, 1571, 1570, 1507, 1508, 1572, 1507, 1572, 1571, 1508, 1509, 1573, 1508, 1573, 1572, 1509, 1510, 1574, 1509, 1574, 1573, 1510, 1511, 1575, 1510, 1575, 1574, 1511, 1512, 1576, 1511, 1576, 1575, 1512, 1513, 1577, 1512, 1577, 1576, 1513, 1514, 1578, 1513, 1578, 1577, 1514, 1515, 1579, 1514, 1579, 1578, 1515, 1516, 1580, 1515, 1580, 1579, 1516, 1517, 1581, 1516, 1581, 1580, 1517, 1518, 1582, 1517, 1582, 1581, 1518, 1519, 1583, 1518, 1583, 1582, 1519, 1520, 1584, 1519, 1584, 1583, 1520, 1521, 1585, 1520, 1585, 1584, 1521, 1522, 1586, 1521, 1586, 1585, 1522, 1523, 1587, 1522, 1587, 1586, 1523, 1524, 1588, 1523, 1588, 1587, 1524, 1525, 1589, 1524, 1589, 1588, 1525, 1526, 1590, 1525, 1590, 1589, 1526, 1527, 1591, 1526, 1591, 1590, 1527, 1528, 1592, 1527, 1592, 1591, 1528, 1529, 1593, 1528, 1593, 1592, 1529, 1530, 1594, 1529, 1594, 1593, 1530, 1531, 1595, 1530, 1595, 1594, 1531, 1532, 1596, 1531, 1596, 1595, 1532, 1533, 1597, 1532, 1597, 1596, 1533, 1534, 1598, 1533, 1598, 1597, 1534, 1535, 1599, 1534, 1599, 1598, 1535, 1472, 1536, 1535, 1536, 1599, 1536, 1537, 1601, 1536, 1601, 1600, 1537, 1538, 1602, 1537, 1602, 1601, 1538, 1539, 1603, 1538, 1603, 1602, 1539, 1540, 1604, 1539, 1604, 1603, 1540, 1541, 1605, 1540, 1605, 1604, 1541, 1542, 1606, 1541, 1606, 1605, 1542, 1543, 1607, 1542, 1607, 1606, 1543, 1544, 1608, 1543, 1608, 1607, 1544, 1545, 1609, 1544, 1609, 1608, 1545, 1546, 1610, 1545, 1610, 1609, 1546, 1547, 1611, 1546, 1611, 1610, 1547, 1548, 1612, 1547, 1612, 1611, 1548, 1549, 1613, 1548, 1613, 1612, 1549, 1550, 1614, 1549, 1614, 1613, 1550, 1551, 1615, 1550, 1615, 1614, 1551, 1552, 1616, 1551, 1616, 1615, 1552, 1553, 1617, 1552, 1617, 1616, 1553, 1554, 1618, 1553, 1618, 1617, 1554, 1555, 1619, 1554, 1619, 1618, 1555, 1556, 1620, 1555, 1620, 1619, 1556, 1557, 1621, 1556, 1621, 1620, 1557, 1558, 1622, 1557, 1622, 1621, 1558, 1559, 1623, 1558, 1623, 1622, 1559, 1560, 1624, 1559, 1624, 1623, 1560, 1561, 1625, 1560, 1625, 1624, 1561, 1562, 1626, 1561, 1626, 1625, 1562, 1563, 1627, 1562, 1627, 1626, 1563, 1564, 1628, 1563, 1628, 1627, 1564, 1565, 1629, 1564, 1629, 1628, 1565, 1566, 1630, 1565, 1630, 1629, 1566, 1567, 1631, 1566, 1631, 1630, 1567, 1568, 1632, 1567, 1632, 1631, 1568, 1569, 1633, 1568, 1633, 1632, 1569, 1570, 1634, 1569, 1634, 1633, 1570, 1571, 1635, 1570, 1635, 1634, 1571, 1572, 1636, 1571, 1636, 1635, 1572, 1573, 1637, 1572, 1637, 1636, 1573, 1574, 1638, 1573, 1638, 1637, 1574, 1575, 1639, 1574, 1639, 1638, 1575, 1576, 1640, 1575, 1640, 1639, 1576, 1577, 1641, 1576, 1641, 1640, 1577, 1578, 1642, 1577, 1642, 1641, 1578, 1579, 1643, 1578, 1643, 1642, 1579, 1580, 1644, 1579, 1644, 1643, 1580, 1581, 1645, 1580, 1645, 1644, 1581, 1582, 1646, 1581, 1646, 1645, 1582, 1583, 1647, 1582, 1647, 1646, 1583, 1584, 1648, 1583, 1648, 1647, 1584, 1585, 1649, 1584, 1649, 1648, 1585, 1586, 1650, 1585, 1650, 1649, 1586, 1587, 1651, 1586, 1651, 1650, 1587, 1588, 1652, 1587, 1652, 1651, 1588, 1589, 1653, 1588, 1653, 1652, 1589, 1590, 1654, 1589, 1654, 1653, 1590, 1591, 1655, 1590, 1655, 1654, 1591, 1592, 1656, 1591, 1656, 1655, 1592, 1593, 1657, 1592, 1657, 1656, 1593, 1594, 1658, 1593, 1658, 1657, 1594, 1595, 1659, 1594, 1659, 1658, 1595, 1596, 1660, 1595, 1660, 1659, 1596, 1597, 1661, 1596, 1661, 1660, 1597, 1598, 1662, 1597, 1662, 1661, 1598, 1599, 1663, 1598, 1663, 1662, 1599, 1536, 1600, 1599, 1600, 1663, 1600, 1601, 1665, 1600, 1665, 1664, 1601, 1602, 1666, 1601, 1666, 1665, 1602, 1603, 1667, 1602, 1667, 1666, 1603, 1604, 1668, 1603, 1668, 1667, 1604, 1605, 1669, 1604, 1669, 1668, 1605, 1606, 1670, 1605, 1670, 1669, 1606, 1607, 1671, 1606, 1671, 1670, 1607, 1608, 1672, 1607, 1672, 1671, 1608, 1609, 1673, 1608, 1673, 1672, 1609, 1610, 1674, 1609, 1674, 1673, 1610, 1611, 1675, 1610, 1675, 1674, 1611, 1612, 1676, 1611, 1676, 1675, 1612, 1613, 1677, 1612, 1677, 1676, 1613, 1614, 1678, 1613, 1678, 1677, 1614, 1615, 1679, 1614, 1679, 1678, 1615, 1616, 1680, 1615, 1680, 1679, 1616, 1617, 1681, 1616, 1681, 1680, 1617, 1618, 1682, 1617, 1682, 1681, 1618, 1619, 1683, 1618, 1683, 1682, 1619, 1620, 1684, 1619, 1684, 1683, 1620, 1621, 1685, 1620, 1685, 1684, 1621, 1622, 1686, 1621, 1686, 1685, 1622, 1623, 1687, 1622, 1687, 1686, 1623, 1624, 1688, 1623, 1688, 1687, 1624, 1625, 1689, 1624, 1689, 1688, 1625, 1626, 1690, 1625, 1690, 1689, 1626, 1627, 1691, 1626, 1691, 1690, 1627, 1628, 1692, 1627, 1692, 1691, 1628, 1629, 1693, 1628, 1693, 1692, 1629, 1630, 1694, 1629, 1694, 1693, 1630, 1631, 1695, 1630, 1695, 1694, 1631, 1632, 1696, 1631, 1696, 1695, 1632, 1633, 1697, 1632, 1697, 1696, 1633, 1634, 1698, 1633, 1698, 1697, 1634, 1635, 1699, 1634, 1699, 1698, 1635, 1636, 1700, 1635, 1700, 1699, 1636, 1637, 1701, 1636, 1701, 1700, 1637, 1638, 1702, 1637, 1702, 1701, 1638, 1639, 1703, 1638, 1703, 1702, 1639, 1640, 1704, 1639, 1704, 1703, 1640, 1641, 1705, 1640, 1705, 1704, 1641, 1642, 1706, 1641, 1706, 1705, 1642, 1643, 1707, 1642, 1707, 1706, 1643, 1644, 1708, 1643, 1708, 1707, 1644, 1645, 1709, 1644, 1709, 1708, 1645, 1646, 1710, 1645, 1710, 1709, 1646, 1647, 1711, 1646, 1711, 1710, 1647, 1648, 1712, 1647, 1712, 1711, 1648, 1649, 1713, 1648, 1713, 1712, 1649, 1650, 1714, 1649, 1714, 1713, 1650, 1651, 1715, 1650, 1715, 1714, 1651, 1652, 1716, 1651, 1716, 1715, 1652, 1653, 1717, 1652, 1717, 1716, 1653, 1654, 1718, 1653, 1718, 1717, 1654, 1655, 1719, 1654, 1719, 1718, 1655, 1656, 1720, 1655, 1720, 1719, 1656, 1657, 1721, 1656, 1721, 1720, 1657, 1658, 1722, 1657, 1722, 1721, 1658, 1659, 1723, 1658, 1723, 1722, 1659, 1660, 1724, 1659, 1724, 1723, 1660, 1661, 1725, 1660, 1725, 1724, 1661, 1662, 1726, 1661, 1726, 1725, 1662, 1663, 1727, 1662, 1727, 1726, 1663, 1600, 1664, 1663, 1664, 1727, 1664, 1665, 1729, 1664, 1729, 1728, 1665, 1666, 1730, 1665, 1730, 1729, 1666, 1667, 1731, 1666, 1731, 1730, 1667, 1668, 1732, 1667, 1732, 1731, 1668, 1669, 1733, 1668, 1733, 1732, 1669, 1670, 1734, 1669, 1734, 1733, 1670, 1671, 1735, 1670, 1735, 1734, 1671, 1672, 1736, 1671, 1736, 1735, 1672, 1673, 1737, 1672, 1737, 1736, 1673, 1674, 1738, 1673, 1738, 1737, 1674, 1675, 1739, 1674, 1739, 1738, 1675, 1676, 1740, 1675, 1740, 1739, 1676, 1677, 1741, 1676, 1741, 1740, 1677, 1678, 1742, 1677, 1742, 1741, 1678, 1679, 1743, 1678, 1743, 1742, 1679, 1680, 1744, 1679, 1744, 1743, 1680, 1681, 1745, 1680, 1745, 1744, 1681, 1682, 1746, 1681, 1746, 1745, 1682, 1683, 1747, 1682, 1747, 1746, 1683, 1684, 1748, 1683, 1748, 1747, 1684, 1685, 1749, 1684, 1749, 1748, 1685, 1686, 1750, 1685, 1750, 1749, 1686, 1687, 1751, 1686, 1751, 1750, 1687, 1688, 1752, 1687, 1752, 1751, 1688, 1689, 1753, 1688, 1753, 1752, 1689, 1690, 1754, 1689, 1754, 1753, 1690, 1691, 1755, 1690, 1755, 1754, 1691, 1692, 1756, 1691, 1756, 1755, 1692, 1693, 1757, 1692, 1757, 1756, 1693, 1694, 1758, 1693, 1758, 1757, 1694, 1695, 1759, 1694, 1759, 1758, 1695, 1696, 1760, 1695, 1760, 1759, 1696, 1697, 1761, 1696, 1761, 1760, 1697, 1698, 1762, 1697, 1762, 1761, 1698, 1699, 1763, 1698, 1763, 1762, 1699, 1700, 1764, 1699, 1764, 1763, 1700, 1701, 1765, 1700, 1765, 1764, 1701, 1702, 1766, 1701, 1766, 1765, 1702, 1703, 1767, 1702, 1767, 1766, 1703, 1704, 1768, 1703, 1768, 1767, 1704, 1705, 1769, 1704, 1769, 1768, 1705, 1706, 1770, 1705, 1770, 1769, 1706, 1707, 1771, 1706, 1771, 1770, 1707, 1708, 1772, 1707, 1772, 1771, 1708, 1709, 1773, 1708, 1773, 1772, 1709, 1710, 1774, 1709, 1774, 1773, 1710, 1711, 1775, 1710, 1775, 1774, 1711, 1712, 1776, 1711, 1776, 1775, 1712, 1713, 1777, 1712, 1777, 1776, 1713, 1714, 1778, 1713, 1778, 1777, 1714, 1715, 1779, 1714, 1779, 1778, 1715, 1716, 1780, 1715, 1780, 1779, 1716, 1717, 1781, 1716, 1781, 1780, 1717, 1718, 1782, 1717, 1782, 1781, 1718, 1719, 1783, 1718, 1783, 1782, 1719, 1720, 1784, 1719, 1784, 1783, 1720, 1721, 1785, 1720, 1785, 1784, 1721, 1722, 1786, 1721, 1786, 1785, 1722, 1723, 1787, 1722, 1787, 1786, 1723, 1724, 1788, 1723, 1788, 1787, 1724, 1725, 1789, 1724, 1789, 1788, 1725, 1726, 1790, 1725, 1790, 1789, 1726, 1727, 1791, 1726, 1791, 1790, 1727, 1664, 1728, 1727, 1728, 1791, 1728, 1729, 1793, 1728, 1793, 1792, 1729, 1730, 1794, 1729, 1794, 1793, 1730, 1731, 1795, 1730, 1795, 1794, 1731, 1732, 1796, 1731, 1796, 1795, 1732, 1733, 1797, 1732, 1797, 1796, 1733, 1734, 1798, 1733, 1798, 1797, 1734, 1735, 1799, 1734, 1799, 1798, 1735, 1736, 1800, 1735, 1800, 1799, 1736, 1737, 1801, 1736, 1801, 1800, 1737, 1738, 1802, 1737, 1802, 1801, 1738, 1739, 1803, 1738, 1803, 1802, 1739, 1740, 1804, 1739, 1804, 1803, 1740, 1741, 1805, 1740, 1805, 1804, 1741, 1742, 1806, 1741, 1806, 1805, 1742, 1743, 1807, 1742, 1807, 1806, 1743, 1744, 1808, 1743, 1808, 1807, 1744, 1745, 1809, 1744, 1809, 1808, 1745, 1746, 1810, 1745, 1810, 1809, 1746, 1747, 1811, 1746, 1811, 1810, 1747, 1748, 1812, 1747, 1812, 1811, 1748, 1749, 1813, 1748, 1813, 1812, 1749, 1750, 1814, 1749, 1814, 1813, 1750, 1751, 1815, 1750, 1815, 1814, 1751, 1752, 1816, 1751, 1816, 1815, 1752, 1753, 1817, 1752, 1817, 1816, 1753, 1754, 1818, 1753, 1818, 1817, 1754, 1755, 1819, 1754, 1819, 1818, 1755, 1756, 1820, 1755, 1820, 1819, 1756, 1757, 1821, 1756, 1821, 1820, 1757, 1758, 1822, 1757, 1822, 1821, 1758, 1759, 1823, 1758, 1823, 1822, 1759, 1760, 1824, 1759, 1824, 1823, 1760, 1761, 1825, 1760, 1825, 1824, 1761, 1762, 1826, 1761, 1826, 1825, 1762, 1763, 1827, 1762, 1827, 1826, 1763, 1764, 1828, 1763, 1828, 1827, 1764, 1765, 1829, 1764, 1829, 1828, 1765, 1766, 1830, 1765, 1830, 1829, 1766, 1767, 1831, 1766, 1831, 1830, 1767, 1768, 1832, 1767, 1832, 1831, 1768, 1769, 1833, 1768, 1833, 1832, 1769, 1770, 1834, 1769, 1834, 1833, 1770, 1771, 1835, 1770, 1835, 1834, 1771, 1772, 1836, 1771, 1836, 1835, 1772, 1773, 1837, 1772, 1837, 1836, 1773, 1774, 1838, 1773, 1838, 1837, 1774, 1775, 1839, 1774, 1839, 1838, 1775, 1776, 1840, 1775, 1840, 1839, 1776, 1777, 1841, 1776, 1841, 1840, 1777, 1778, 1842, 1777, 1842, 1841, 1778, 1779, 1843, 1778, 1843, 1842, 1779, 1780, 1844, 1779, 1844, 1843, 1780, 1781, 1845, 1780, 1845, 1844, 1781, 1782, 1846, 1781, 1846, 1845, 1782, 1783, 1847, 1782, 1847, 1846, 1783, 1784, 1848, 1783, 1848, 1847, 1784, 1785, 1849, 1784, 1849, 1848, 1785, 1786, 1850, 1785, 1850, 1849, 1786, 1787, 1851, 1786, 1851, 1850, 1787, 1788, 1852, 1787, 1852, 1851, 1788, 1789, 1853, 1788, 1853, 1852, 1789, 1790, 1854, 1789, 1854, 1853, 1790, 1791, 1855, 1790, 1855, 1854, 1791, 1728, 1792, 1791, 1792, 1855, 1792, 1793, 1857, 1792, 1857, 1856, 1793, 1794, 1858, 1793, 1858, 1857, 1794, 1795, 1859, 1794, 1859, 1858, 1795, 1796, 1860, 1795, 1860, 1859, 1796, 1797, 1861, 1796, 1861, 1860, 1797, 1798, 1862, 1797, 1862, 1861, 1798, 1799, 1863, 1798, 1863, 1862, 1799, 1800, 1864, 1799, 1864, 1863, 1800, 1801, 1865, 1800, 1865, 1864, 1801, 1802, 1866, 1801, 1866, 1865, 1802, 1803, 1867, 1802, 1867, 1866, 1803, 1804, 1868, 1803, 1868, 1867, 1804, 1805, 1869, 1804, 1869, 1868, 1805, 1806, 1870, 1805, 1870, 1869, 1806, 1807, 1871, 1806, 1871, 1870, 1807, 1808, 1872, 1807, 1872, 1871, 1808, 1809, 1873, 1808, 1873, 1872, 1809, 1810, 1874, 1809, 1874, 1873, 1810, 1811, 1875, 1810, 1875, 1874, 1811, 1812, 1876, 1811, 1876, 1875, 1812, 1813, 1877, 1812, 1877, 1876, 1813, 1814, 1878, 1813, 1878, 1877, 1814, 1815, 1879, 1814, 1879, 1878, 1815, 1816, 1880, 1815, 1880, 1879, 1816, 1817, 1881, 1816, 1881, 1880, 1817, 1818, 1882, 1817, 1882, 1881, 1818, 1819, 1883, 1818, 1883, 1882, 1819, 1820, 1884, 1819, 1884, 1883, 1820, 1821, 1885, 1820, 1885, 1884, 1821, 1822, 1886, 1821, 1886, 1885, 1822, 1823, 1887, 1822, 1887, 1886, 1823, 1824, 1888, 1823, 1888, 1887, 1824, 1825, 1889, 1824, 1889, 1888, 1825, 1826, 1890, 1825, 1890, 1889, 1826, 1827, 1891, 1826, 1891, 1890, 1827, 1828, 1892, 1827, 1892, 1891, 1828, 1829, 1893, 1828, 1893, 1892, 1829, 1830, 1894, 1829, 1894, 1893, 1830, 1831, 1895, 1830, 1895, 1894, 1831, 1832, 1896, 1831, 1896, 1895, 1832, 1833, 1897, 1832, 1897, 1896, 1833, 1834, 1898, 1833, 1898, 1897, 1834, 1835, 1899, 1834, 1899, 1898, 1835, 1836, 1900, 1835, 1900, 1899, 1836, 1837, 1901, 1836, 1901, 1900, 1837, 1838, 1902, 1837, 1902, 1901, 1838, 1839, 1903, 1838, 1903, 1902, 1839, 1840, 1904, 1839, 1904, 1903, 1840, 1841, 1905, 1840, 1905, 1904, 1841, 1842, 1906, 1841, 1906, 1905, 1842, 1843, 1907, 1842, 1907, 1906, 1843, 1844, 1908, 1843, 1908, 1907, 1844, 1845, 1909, 1844, 1909, 1908, 1845, 1846, 1910, 1845, 1910, 1909, 1846, 1847, 1911, 1846, 1911, 1910, 1847, 1848, 1912, 1847, 1912, 1911, 1848, 1849, 1913, 1848, 1913, 1912, 1849, 1850, 1914, 1849, 1914, 1913, 1850, 1851, 1915, 1850, 1915, 1914, 1851, 1852, 1916, 1851, 1916, 1915, 1852, 1853, 1917, 1852, 1917, 1916, 1853, 1854, 1918, 1853, 1918, 1917, 1854, 1855, 1919, 1854, 1919, 1918, 1855, 1792, 1856, 1855, 1856, 1919, 1856, 1857, 1921, 1856, 1921, 1920, 1857, 1858, 1922, 1857, 1922, 1921, 1858, 1859, 1923, 1858, 1923, 1922, 1859, 1860, 1924, 1859, 1924, 1923, 1860, 1861, 1925, 1860, 1925, 1924, 1861, 1862, 1926, 1861, 1926, 1925, 1862, 1863, 1927, 1862, 1927, 1926, 1863, 1864, 1928, 1863, 1928, 1927, 1864, 1865, 1929, 1864, 1929, 1928, 1865, 1866, 1930, 1865, 1930, 1929, 1866, 1867, 1931, 1866, 1931, 1930, 1867, 1868, 1932, 1867, 1932, 1931, 1868, 1869, 1933, 1868, 1933, 1932, 1869, 1870, 1934, 1869, 1934, 1933, 1870, 1871, 1935, 1870, 1935, 1934, 1871, 1872, 1936, 1871, 1936, 1935, 1872, 1873, 1937, 1872, 1937, 1936, 1873, 1874, 1938, 1873, 1938, 1937, 1874, 1875, 1939, 1874, 1939, 1938, 1875, 1876, 1940, 1875, 1940, 1939, 1876, 1877, 1941, 1876, 1941, 1940, 1877, 1878, 1942, 1877, 1942, 1941, 1878, 1879, 1943, 1878, 1943, 1942, 1879, 1880, 1944, 1879, 1944, 1943, 1880, 1881, 1945, 1880, 1945, 1944, 1881, 1882, 1946, 1881, 1946, 1945, 1882, 1883, 1947, 1882, 1947, 1946, 1883, 1884, 1948, 1883, 1948, 1947, 1884, 1885, 1949, 1884, 1949, 1948, 1885, 1886, 1950, 1885, 1950, 1949, 1886, 1887, 1951, 1886, 1951, 1950, 1887, 1888, 1952, 1887, 1952, 1951, 1888, 1889, 1953, 1888, 1953, 1952, 1889, 1890, 1954, 1889, 1954, 1953, 1890, 1891, 1955, 1890, 1955, 1954, 1891, 1892, 1956, 1891, 1956, 1955, 1892, 1893, 1957, 1892, 1957, 1956, 1893, 1894, 1958, 1893, 1958, 1957, 1894, 1895, 1959, 1894, 1959, 1958, 1895, 1896, 1960, 1895, 1960, 1959, 1896, 1897, 1961, 1896, 1961, 1960, 1897, 1898, 1962, 1897, 1962, 1961, 1898, 1899, 1963, 1898, 1963, 1962, 1899, 1900, 1964, 1899, 1964, 1963, 1900, 1901, 1965, 1900, 1965, 1964, 1901, 1902, 1966, 1901, 1966, 1965, 1902, 1903, 1967, 1902, 1967, 1966, 1903, 1904, 1968, 1903, 1968, 1967, 1904, 1905, 1969, 1904, 1969, 1968, 1905, 1906, 1970, 1905, 1970, 1969, 1906, 1907, 1971, 1906, 1971, 1970, 1907, 1908, 1972, 1907, 1972, 1971, 1908, 1909, 1973, 1908, 1973, 1972, 1909, 1910, 1974, 1909, 1974, 1973, 1910, 1911, 1975, 1910, 1975, 1974, 1911, 1912, 1976, 1911, 1976, 1975, 1912, 1913, 1977, 1912, 1977, 1976, 1913, 1914, 1978, 1913, 1978, 1977, 1914, 1915, 1979, 1914, 1979, 1978, 1915, 1916, 1980, 1915, 1980, 1979, 1916, 1917, 1981, 1916, 1981, 1980, 1917, 1918, 1982, 1917, 1982, 1981, 1918, 1919, 1983, 1918, 1983, 1982, 1919, 1856, 1920, 1919, 1920, 1983, 1920, 1921, 1985, 1920, 1985, 1984, 1921, 1922, 1986, 1921, 1986, 1985, 1922, 1923, 1987, 1922, 1987, 1986, 1923, 1924, 1988, 1923, 1988, 1987, 1924, 1925, 1989, 1924, 1989, 1988, 1925, 1926, 1990, 1925, 1990, 1989, 1926, 1927, 1991, 1926, 1991, 1990, 1927, 1928, 1992, 1927, 1992, 1991, 1928, 1929, 1993, 1928, 1993, 1992, 1929, 1930, 1994, 1929, 1994, 1993, 1930, 1931, 1995, 1930, 1995, 1994, 1931, 1932, 1996, 1931, 1996, 1995, 1932, 1933, 1997, 1932, 1997, 1996, 1933, 1934, 1998, 1933, 1998, 1997, 1934, 1935, 1999, 1934, 1999, 1998, 1935, 1936, 2000, 1935, 2000, 1999, 1936, 1937, 2001, 1936, 2001, 2000, 1937, 1938, 2002, 1937, 2002, 2001, 1938, 1939, 2003, 1938, 2003, 2002, 1939, 1940, 2004, 1939, 2004, 2003, 1940, 1941, 2005, 1940, 2005, 2004, 1941, 1942, 2006, 1941, 2006, 2005, 1942, 1943, 2007, 1942, 2007, 2006, 1943, 1944, 2008, 1943, 2008, 2007, 1944, 1945, 2009, 1944, 2009, 2008, 1945, 1946, 2010, 1945, 2010, 2009, 1946, 1947, 2011, 1946, 2011, 2010, 1947, 1948, 2012, 1947, 2012, 2011, 1948, 1949, 2013, 1948, 2013, 2012, 1949, 1950, 2014, 1949, 2014, 2013, 1950, 1951, 2015, 1950, 2015, 2014, 1951, 1952, 2016, 1951, 2016, 2015, 1952, 1953, 2017, 1952, 2017, 2016, 1953, 1954, 2018, 1953, 2018, 2017, 1954, 1955, 2019, 1954, 2019, 2018, 1955, 1956, 2020, 1955, 2020, 2019, 1956, 1957, 2021, 1956, 2021, 2020, 1957, 1958, 2022, 1957, 2022, 2021, 1958, 1959, 2023, 1958, 2023, 2022, 1959, 1960, 2024, 1959, 2024, 2023, 1960, 1961, 2025, 1960, 2025, 2024, 1961, 1962, 2026, 1961, 2026, 2025, 1962, 1963, 2027, 1962, 2027, 2026, 1963, 1964, 2028, 1963, 2028, 2027, 1964, 1965, 2029, 1964, 2029, 2028, 1965, 1966, 2030, 1965, 2030, 2029, 1966, 1967, 2031, 1966, 2031, 2030, 1967, 1968, 2032, 1967, 2032, 2031, 1968, 1969, 2033, 1968, 2033, 2032, 1969, 1970, 2034, 1969, 2034, 2033, 1970, 1971, 2035, 1970, 2035, 2034, 1971, 1972, 2036, 1971, 2036, 2035, 1972, 1973, 2037, 1972, 2037, 2036, 1973, 1974, 2038, 1973, 2038, 2037, 1974, 1975, 2039, 1974, 2039, 2038, 1975, 1976, 2040, 1975, 2040, 2039, 1976, 1977, 2041, 1976, 2041, 2040, 1977, 1978, 2042, 1977, 2042, 2041, 1978, 1979, 2043, 1978, 2043, 2042, 1979, 1980, 2044, 1979, 2044, 2043, 1980, 1981, 2045, 1980, 2045, 2044, 1981, 1982, 2046, 1981, 2046, 2045, 1982, 1983, 2047, 1982, 2047, 2046, 1983, 1920, 1984, 1983, 1984, 2047, 1984, 1985, 2049, 1984, 2049, 2048, 1985, 1986, 2050, 1985, 2050, 2049, 1986, 1987, 2051, 1986, 2051, 2050, 1987, 1988, 2052, 1987, 2052, 2051, 1988, 1989, 2053, 1988, 2053, 2052, 1989, 1990, 2054, 1989, 2054, 2053, 1990, 1991, 2055, 1990, 2055, 2054, 1991, 1992, 2056, 1991, 2056, 2055, 1992, 1993, 2057, 1992, 2057, 2056, 1993, 1994, 2058, 1993, 2058, 2057, 1994, 1995, 2059, 1994, 2059, 2058, 1995, 1996, 2060, 1995, 2060, 2059, 1996, 1997, 2061, 1996, 2061, 2060, 1997, 1998, 2062, 1997, 2062, 2061, 1998, 1999, 2063, 1998, 2063, 2062, 1999, 2000, 2064, 1999, 2064, 2063, 2000, 2001, 2065, 2000, 2065, 2064, 2001, 2002, 2066, 2001, 2066, 2065, 2002, 2003, 2067, 2002, 2067, 2066, 2003, 2004, 2068, 2003, 2068, 2067, 2004, 2005, 2069, 2004, 2069, 2068, 2005, 2006, 2070, 2005, 2070, 2069, 2006, 2007, 2071, 2006, 2071, 2070, 2007, 2008, 2072, 2007, 2072, 2071, 2008, 2009, 2073, 2008, 2073, 2072, 2009, 2010, 2074, 2009, 2074, 2073, 2010, 2011, 2075, 2010, 2075, 2074, 2011, 2012, 2076, 2011, 2076, 2075, 2012, 2013, 2077, 2012, 2077, 2076, 2013, 2014, 2078, 2013, 2078, 2077, 2014, 2015, 2079, 2014, 2079, 2078, 2015, 2016, 2080, 2015, 2080, 2079, 2016, 2017, 2081, 2016, 2081, 2080, 2017, 2018, 2082, 2017, 2082, 2081, 2018, 2019, 2083, 2018, 2083, 2082, 2019, 2020, 2084, 2019, 2084, 2083, 2020, 2021, 2085, 2020, 2085, 2084, 2021, 2022, 2086, 2021, 2086, 2085, 2022, 2023, 2087, 2022, 2087, 2086, 2023, 2024, 2088, 2023, 2088, 2087, 2024, 2025, 2089, 2024, 2089, 2088, 2025, 2026, 2090, 2025, 2090, 2089, 2026, 2027, 2091, 2026, 2091, 2090, 2027, 2028, 2092, 2027, 2092, 2091, 2028, 2029, 2093, 2028, 2093, 2092, 2029, 2030, 2094, 2029, 2094, 2093, 2030, 2031, 2095, 2030, 2095, 2094, 2031, 2032, 2096, 2031, 2096, 2095, 2032, 2033, 2097, 2032, 2097, 2096, 2033, 2034, 2098, 2033, 2098, 2097, 2034, 2035, 2099, 2034, 2099, 2098, 2035, 2036, 2100, 2035, 2100, 2099, 2036, 2037, 2101, 2036, 2101, 2100, 2037, 2038, 2102, 2037, 2102, 2101, 2038, 2039, 2103, 2038, 2103, 2102, 2039, 2040, 2104, 2039, 2104, 2103, 2040, 2041, 2105, 2040, 2105, 2104, 2041, 2042, 2106, 2041, 2106, 2105, 2042, 2043, 2107, 2042, 2107, 2106, 2043, 2044, 2108, 2043, 2108, 2107, 2044, 2045, 2109, 2044, 2109, 2108, 2045, 2046, 2110, 2045, 2110, 2109, 2046, 2047, 2111, 2046, 2111, 2110, 2047, 1984, 2048, 2047, 2048, 2111, 2048, 2049, 2113, 2048, 2113, 2112, 2049, 2050, 2114, 2049, 2114, 2113, 2050, 2051, 2115, 2050, 2115, 2114, 2051, 2052, 2116, 2051, 2116, 2115, 2052, 2053, 2117, 2052, 2117, 2116, 2053, 2054, 2118, 2053, 2118, 2117, 2054, 2055, 2119, 2054, 2119, 2118, 2055, 2056, 2120, 2055, 2120, 2119, 2056, 2057, 2121, 2056, 2121, 2120, 2057, 2058, 2122, 2057, 2122, 2121, 2058, 2059, 2123, 2058, 2123, 2122, 2059, 2060, 2124, 2059, 2124, 2123, 2060, 2061, 2125, 2060, 2125, 2124, 2061, 2062, 2126, 2061, 2126, 2125, 2062, 2063, 2127, 2062, 2127, 2126, 2063, 2064, 2128, 2063, 2128, 2127, 2064, 2065, 2129, 2064, 2129, 2128, 2065, 2066, 2130, 2065, 2130, 2129, 2066, 2067, 2131, 2066, 2131, 2130, 2067, 2068, 2132, 2067, 2132, 2131, 2068, 2069, 2133, 2068, 2133, 2132, 2069, 2070, 2134, 2069, 2134, 2133, 2070, 2071, 2135, 2070, 2135, 2134, 2071, 2072, 2136, 2071, 2136, 2135, 2072, 2073, 2137, 2072, 2137, 2136, 2073, 2074, 2138, 2073, 2138, 2137, 2074, 2075, 2139, 2074, 2139, 2138, 2075, 2076, 2140, 2075, 2140, 2139, 2076, 2077, 2141, 2076, 2141, 2140, 2077, 2078, 2142, 2077, 2142, 2141, 2078, 2079, 2143, 2078, 2143, 2142, 2079, 2080, 2144, 2079, 2144, 2143, 2080, 2081, 2145, 2080, 2145, 2144, 2081, 2082, 2146, 2081, 2146, 2145, 2082, 2083, 2147, 2082, 2147, 2146, 2083, 2084, 2148, 2083, 2148, 2147, 2084, 2085, 2149, 2084, 2149, 2148, 2085, 2086, 2150, 2085, 2150, 2149, 2086, 2087, 2151, 2086, 2151, 2150, 2087, 2088, 2152, 2087, 2152, 2151, 2088, 2089, 2153, 2088, 2153, 2152, 2089, 2090, 2154, 2089, 2154, 2153, 2090, 2091, 2155, 2090, 2155, 2154, 2091, 2092, 2156, 2091, 2156, 2155, 2092, 2093, 2157, 2092, 2157, 2156, 2093, 2094, 2158, 2093, 2158, 2157, 2094, 2095, 2159, 2094, 2159, 2158, 2095, 2096, 2160, 2095, 2160, 2159, 2096, 2097, 2161, 2096, 2161, 2160, 2097, 2098, 2162, 2097, 2162, 2161, 2098, 2099, 2163, 2098, 2163, 2162, 2099, 2100, 2164, 2099, 2164, 2163, 2100, 2101, 2165, 2100, 2165, 2164, 2101, 2102, 2166, 2101, 2166, 2165, 2102, 2103, 2167, 2102, 2167, 2166, 2103, 2104, 2168, 2103, 2168, 2167, 2104, 2105, 2169, 2104, 2169, 2168, 2105, 2106, 2170, 2105, 2170, 2169, 2106, 2107, 2171, 2106, 2171, 2170, 2107, 2108, 2172, 2107, 2172, 2171, 2108, 2109, 2173, 2108, 2173, 2172, 2109, 2110, 2174, 2109, 2174, 2173, 2110, 2111, 2175, 2110, 2175, 2174, 2111, 2048, 2112, 2111, 2112, 2175, 2112, 2113, 2177, 2112, 2177, 2176, 2113, 2114, 2178, 2113, 2178, 2177, 2114, 2115, 2179, 2114, 2179, 2178, 2115, 2116, 2180, 2115, 2180, 2179, 2116, 2117, 2181, 2116, 2181, 2180, 2117, 2118, 2182, 2117, 2182, 2181, 2118, 2119, 2183, 2118, 2183, 2182, 2119, 2120, 2184, 2119, 2184, 2183, 2120, 2121, 2185, 2120, 2185, 2184, 2121, 2122, 2186, 2121, 2186, 2185, 2122, 2123, 2187, 2122, 2187, 2186, 2123, 2124, 2188, 2123, 2188, 2187, 2124, 2125, 2189, 2124, 2189, 2188, 2125, 2126, 2190, 2125, 2190, 2189, 2126, 2127, 2191, 2126, 2191, 2190, 2127, 2128, 2192, 2127, 2192, 2191, 2128, 2129, 2193, 2128, 2193, 2192, 2129, 2130, 2194, 2129, 2194, 2193, 2130, 2131, 2195, 2130, 2195, 2194, 2131, 2132, 2196, 2131, 2196, 2195, 2132, 2133, 2197, 2132, 2197, 2196, 2133, 2134, 2198, 2133, 2198, 2197, 2134, 2135, 2199, 2134, 2199, 2198, 2135, 2136, 2200, 2135, 2200, 2199, 2136, 2137, 2201, 2136, 2201, 2200, 2137, 2138, 2202, 2137, 2202, 2201, 2138, 2139, 2203, 2138, 2203, 2202, 2139, 2140, 2204, 2139, 2204, 2203, 2140, 2141, 2205, 2140, 2205, 2204, 2141, 2142, 2206, 2141, 2206, 2205, 2142, 2143, 2207, 2142, 2207, 2206, 2143, 2144, 2208, 2143, 2208, 2207, 2144, 2145, 2209, 2144, 2209, 2208, 2145, 2146, 2210, 2145, 2210, 2209, 2146, 2147, 2211, 2146, 2211, 2210, 2147, 2148, 2212, 2147, 2212, 2211, 2148, 2149, 2213, 2148, 2213, 2212, 2149, 2150, 2214, 2149, 2214, 2213, 2150, 2151, 2215, 2150, 2215, 2214, 2151, 2152, 2216, 2151, 2216, 2215, 2152, 2153, 2217, 2152, 2217, 2216, 2153, 2154, 2218, 2153, 2218, 2217, 2154, 2155, 2219, 2154, 2219, 2218, 2155, 2156, 2220, 2155, 2220, 2219, 2156, 2157, 2221, 2156, 2221, 2220, 2157, 2158, 2222, 2157, 2222, 2221, 2158, 2159, 2223, 2158, 2223, 2222, 2159, 2160, 2224, 2159, 2224, 2223, 2160, 2161, 2225, 2160, 2225, 2224, 2161, 2162, 2226, 2161, 2226, 2225, 2162, 2163, 2227, 2162, 2227, 2226, 2163, 2164, 2228, 2163, 2228, 2227, 2164, 2165, 2229, 2164, 2229, 2228, 2165, 2166, 2230, 2165, 2230, 2229, 2166, 2167, 2231, 2166, 2231, 2230, 2167, 2168, 2232, 2167, 2232, 2231, 2168, 2169, 2233, 2168, 2233, 2232, 2169, 2170, 2234, 2169, 2234, 2233, 2170, 2171, 2235, 2170, 2235, 2234, 2171, 2172, 2236, 2171, 2236, 2235, 2172, 2173, 2237, 2172, 2237, 2236, 2173, 2174, 2238, 2173, 2238, 2237, 2174, 2175, 2239, 2174, 2239, 2238, 2175, 2112, 2176, 2175, 2176, 2239, 2176, 2177, 2241, 2176, 2241, 2240, 2177, 2178, 2242, 2177, 2242, 2241, 2178, 2179, 2243, 2178, 2243, 2242, 2179, 2180, 2244, 2179, 2244, 2243, 2180, 2181, 2245, 2180, 2245, 2244, 2181, 2182, 2246, 2181, 2246, 2245, 2182, 2183, 2247, 2182, 2247, 2246, 2183, 2184, 2248, 2183, 2248, 2247, 2184, 2185, 2249, 2184, 2249, 2248, 2185, 2186, 2250, 2185, 2250, 2249, 2186, 2187, 2251, 2186, 2251, 2250, 2187, 2188, 2252, 2187, 2252, 2251, 2188, 2189, 2253, 2188, 2253, 2252, 2189, 2190, 2254, 2189, 2254, 2253, 2190, 2191, 2255, 2190, 2255, 2254, 2191, 2192, 2256, 2191, 2256, 2255, 2192, 2193, 2257, 2192, 2257, 2256, 2193, 2194, 2258, 2193, 2258, 2257, 2194, 2195, 2259, 2194, 2259, 2258, 2195, 2196, 2260, 2195, 2260, 2259, 2196, 2197, 2261, 2196, 2261, 2260, 2197, 2198, 2262, 2197, 2262, 2261, 2198, 2199, 2263, 2198, 2263, 2262, 2199, 2200, 2264, 2199, 2264, 2263, 2200, 2201, 2265, 2200, 2265, 2264, 2201, 2202, 2266, 2201, 2266, 2265, 2202, 2203, 2267, 2202, 2267, 2266, 2203, 2204, 2268, 2203, 2268, 2267, 2204, 2205, 2269, 2204, 2269, 2268, 2205, 2206, 2270, 2205, 2270, 2269, 2206, 2207, 2271, 2206, 2271, 2270, 2207, 2208, 2272, 2207, 2272, 2271, 2208, 2209, 2273, 2208, 2273, 2272, 2209, 2210, 2274, 2209, 2274, 2273, 2210, 2211, 2275, 2210, 2275, 2274, 2211, 2212, 2276, 2211, 2276, 2275, 2212, 2213, 2277, 2212, 2277, 2276, 2213, 2214, 2278, 2213, 2278, 2277, 2214, 2215, 2279, 2214, 2279, 2278, 2215, 2216, 2280, 2215, 2280, 2279, 2216, 2217, 2281, 2216, 2281, 2280, 2217, 2218, 2282, 2217, 2282, 2281, 2218, 2219, 2283, 2218, 2283, 2282, 2219, 2220, 2284, 2219, 2284, 2283, 2220, 2221, 2285, 2220, 2285, 2284, 2221, 2222, 2286, 2221, 2286, 2285, 2222, 2223, 2287, 2222, 2287, 2286, 2223, 2224, 2288, 2223, 2288, 2287, 2224, 2225, 2289, 2224, 2289, 2288, 2225, 2226, 2290, 2225, 2290, 2289, 2226, 2227, 2291, 2226, 2291, 2290, 2227, 2228, 2292, 2227, 2292, 2291, 2228, 2229, 2293, 2228, 2293, 2292, 2229, 2230, 2294, 2229, 2294, 2293, 2230, 2231, 2295, 2230, 2295, 2294, 2231, 2232, 2296, 2231, 2296, 2295, 2232, 2233, 2297, 2232, 2297, 2296, 2233, 2234, 2298, 2233, 2298, 2297, 2234, 2235, 2299, 2234, 2299, 2298, 2235, 2236, 2300, 2235, 2300, 2299, 2236, 2237, 2301, 2236, 2301, 2300, 2237, 2238, 2302, 2237, 2302, 2301, 2238, 2239, 2303, 2238, 2303, 2302, 2239, 2176, 2240, 2239, 2240, 2303, 2240, 2241, 2305, 2240, 2305, 2304, 2241, 2242, 2306, 2241, 2306, 2305, 2242, 2243, 2307, 2242, 2307, 2306, 2243, 2244, 2308, 2243, 2308, 2307, 2244, 2245, 2309, 2244, 2309, 2308, 2245, 2246, 2310, 2245, 2310, 2309, 2246, 2247, 2311, 2246, 2311, 2310, 2247, 2248, 2312, 2247, 2312, 2311, 2248, 2249, 2313, 2248, 2313, 2312, 2249, 2250, 2314, 2249, 2314, 2313, 2250, 2251, 2315, 2250, 2315, 2314, 2251, 2252, 2316, 2251, 2316, 2315, 2252, 2253, 2317, 2252, 2317, 2316, 2253, 2254, 2318, 2253, 2318, 2317, 2254, 2255, 2319, 2254, 2319, 2318, 2255, 2256, 2320, 2255, 2320, 2319, 2256, 2257, 2321, 2256, 2321, 2320, 2257, 2258, 2322, 2257, 2322, 2321, 2258, 2259, 2323, 2258, 2323, 2322, 2259, 2260, 2324, 2259, 2324, 2323, 2260, 2261, 2325, 2260, 2325, 2324, 2261, 2262, 2326, 2261, 2326, 2325, 2262, 2263, 2327, 2262, 2327, 2326, 2263, 2264, 2328, 2263, 2328, 2327, 2264, 2265, 2329, 2264, 2329, 2328, 2265, 2266, 2330, 2265, 2330, 2329, 2266, 2267, 2331, 2266, 2331, 2330, 2267, 2268, 2332, 2267, 2332, 2331, 2268, 2269, 2333, 2268, 2333, 2332, 2269, 2270, 2334, 2269, 2334, 2333, 2270, 2271, 2335, 2270, 2335, 2334, 2271, 2272, 2336, 2271, 2336, 2335, 2272, 2273, 2337, 2272, 2337, 2336, 2273, 2274, 2338, 2273, 2338, 2337, 2274, 2275, 2339, 2274, 2339, 2338, 2275, 2276, 2340, 2275, 2340, 2339, 2276, 2277, 2341, 2276, 2341, 2340, 2277, 2278, 2342, 2277, 2342, 2341, 2278, 2279, 2343, 2278, 2343, 2342, 2279, 2280, 2344, 2279, 2344, 2343, 2280, 2281, 2345, 2280, 2345, 2344, 2281, 2282, 2346, 2281, 2346, 2345, 2282, 2283, 2347, 2282, 2347, 2346, 2283, 2284, 2348, 2283, 2348, 2347, 2284, 2285, 2349, 2284, 2349, 2348, 2285, 2286, 2350, 2285, 2350, 2349, 2286, 2287, 2351, 2286, 2351, 2350, 2287, 2288, 2352, 2287, 2352, 2351, 2288, 2289, 2353, 2288, 2353, 2352, 2289, 2290, 2354, 2289, 2354, 2353, 2290, 2291, 2355, 2290, 2355, 2354, 2291, 2292, 2356, 2291, 2356, 2355, 2292, 2293, 2357, 2292, 2357, 2356, 2293, 2294, 2358, 2293, 2358, 2357, 2294, 2295, 2359, 2294, 2359, 2358, 2295, 2296, 2360, 2295, 2360, 2359, 2296, 2297, 2361, 2296, 2361, 2360, 2297, 2298, 2362, 2297, 2362, 2361, 2298, 2299, 2363, 2298, 2363, 2362, 2299, 2300, 2364, 2299, 2364, 2363, 2300, 2301, 2365, 2300, 2365, 2364, 2301, 2302, 2366, 2301, 2366, 2365, 2302, 2303, 2367, 2302, 2367, 2366, 2303, 2240, 2304, 2303, 2304, 2367, 2304, 2305, 2369, 2304, 2369, 2368, 2305, 2306, 2370, 2305, 2370, 2369, 2306, 2307, 2371, 2306, 2371, 2370, 2307, 2308, 2372, 2307, 2372, 2371, 2308, 2309, 2373, 2308, 2373, 2372, 2309, 2310, 2374, 2309, 2374, 2373, 2310, 2311, 2375, 2310, 2375, 2374, 2311, 2312, 2376, 2311, 2376, 2375, 2312, 2313, 2377, 2312, 2377, 2376, 2313, 2314, 2378, 2313, 2378, 2377, 2314, 2315, 2379, 2314, 2379, 2378, 2315, 2316, 2380, 2315, 2380, 2379, 2316, 2317, 2381, 2316, 2381, 2380, 2317, 2318, 2382, 2317, 2382, 2381, 2318, 2319, 2383, 2318, 2383, 2382, 2319, 2320, 2384, 2319, 2384, 2383, 2320, 2321, 2385, 2320, 2385, 2384, 2321, 2322, 2386, 2321, 2386, 2385, 2322, 2323, 2387, 2322, 2387, 2386, 2323, 2324, 2388, 2323, 2388, 2387, 2324, 2325, 2389, 2324, 2389, 2388, 2325, 2326, 2390, 2325, 2390, 2389, 2326, 2327, 2391, 2326, 2391, 2390, 2327, 2328, 2392, 2327, 2392, 2391, 2328, 2329, 2393, 2328, 2393, 2392, 2329, 2330, 2394, 2329, 2394, 2393, 2330, 2331, 2395, 2330, 2395, 2394, 2331, 2332, 2396, 2331, 2396, 2395, 2332, 2333, 2397, 2332, 2397, 2396, 2333, 2334, 2398, 2333, 2398, 2397, 2334, 2335, 2399, 2334, 2399, 2398, 2335, 2336, 2400, 2335, 2400, 2399, 2336, 2337, 2401, 2336, 2401, 2400, 2337, 2338, 2402, 2337, 2402, 2401, 2338, 2339, 2403, 2338, 2403, 2402, 2339, 2340, 2404, 2339, 2404, 2403, 2340, 2341, 2405, 2340, 2405, 2404, 2341, 2342, 2406, 2341, 2406, 2405, 2342, 2343, 2407, 2342, 2407, 2406, 2343, 2344, 2408, 2343, 2408, 2407, 2344, 2345, 2409, 2344, 2409, 2408, 2345, 2346, 2410, 2345, 2410, 2409, 2346, 2347, 2411, 2346, 2411, 2410, 2347, 2348, 2412, 2347, 2412, 2411, 2348, 2349, 2413, 2348, 2413, 2412, 2349, 2350, 2414, 2349, 2414, 2413, 2350, 2351, 2415, 2350, 2415, 2414, 2351, 2352, 2416, 2351, 2416, 2415, 2352, 2353, 2417, 2352, 2417, 2416, 2353, 2354, 2418, 2353, 2418, 2417, 2354, 2355, 2419, 2354, 2419, 2418, 2355, 2356, 2420, 2355, 2420, 2419, 2356, 2357, 2421, 2356, 2421, 2420, 2357, 2358, 2422, 2357, 2422, 2421, 2358, 2359, 2423, 2358, 2423, 2422, 2359, 2360, 2424, 2359, 2424, 2423, 2360, 2361, 2425, 2360, 2425, 2424, 2361, 2362, 2426, 2361, 2426, 2425, 2362, 2363, 2427, 2362, 2427, 2426, 2363, 2364, 2428, 2363, 2428, 2427, 2364, 2365, 2429, 2364, 2429, 2428, 2365, 2366, 2430, 2365, 2430, 2429, 2366, 2367, 2431, 2366, 2431, 2430, 2367, 2304, 2368, 2367, 2368, 2431, 2368, 2369, 2433, 2368, 2433, 2432, 2369, 2370, 2434, 2369, 2434, 2433, 2370, 2371, 2435, 2370, 2435, 2434, 2371, 2372, 2436, 2371, 2436, 2435, 2372, 2373, 2437, 2372, 2437, 2436, 2373, 2374, 2438, 2373, 2438, 2437, 2374, 2375, 2439, 2374, 2439, 2438, 2375, 2376, 2440, 2375, 2440, 2439, 2376, 2377, 2441, 2376, 2441, 2440, 2377, 2378, 2442, 2377, 2442, 2441, 2378, 2379, 2443, 2378, 2443, 2442, 2379, 2380, 2444, 2379, 2444, 2443, 2380, 2381, 2445, 2380, 2445, 2444, 2381, 2382, 2446, 2381, 2446, 2445, 2382, 2383, 2447, 2382, 2447, 2446, 2383, 2384, 2448, 2383, 2448, 2447, 2384, 2385, 2449, 2384, 2449, 2448, 2385, 2386, 2450, 2385, 2450, 2449, 2386, 2387, 2451, 2386, 2451, 2450, 2387, 2388, 2452, 2387, 2452, 2451, 2388, 2389, 2453, 2388, 2453, 2452, 2389, 2390, 2454, 2389, 2454, 2453, 2390, 2391, 2455, 2390, 2455, 2454, 2391, 2392, 2456, 2391, 2456, 2455, 2392, 2393, 2457, 2392, 2457, 2456, 2393, 2394, 2458, 2393, 2458, 2457, 2394, 2395, 2459, 2394, 2459, 2458, 2395, 2396, 2460, 2395, 2460, 2459, 2396, 2397, 2461, 2396, 2461, 2460, 2397, 2398, 2462, 2397, 2462, 2461, 2398, 2399, 2463, 2398, 2463, 2462, 2399, 2400, 2464, 2399, 2464, 2463, 2400, 2401, 2465, 2400, 2465, 2464, 2401, 2402, 2466, 2401, 2466, 2465, 2402, 2403, 2467, 2402, 2467, 2466, 2403, 2404, 2468, 2403, 2468, 2467, 2404, 2405, 2469, 2404, 2469, 2468, 2405, 2406, 2470, 2405, 2470, 2469, 2406, 2407, 2471, 2406, 2471, 2470, 2407, 2408, 2472, 2407, 2472, 2471, 2408, 2409, 2473, 2408, 2473, 2472, 2409, 2410, 2474, 2409, 2474, 2473, 2410, 2411, 2475, 2410, 2475, 2474, 2411, 2412, 2476, 2411, 2476, 2475, 2412, 2413, 2477, 2412, 2477, 2476, 2413, 2414, 2478, 2413, 2478, 2477, 2414, 2415, 2479, 2414, 2479, 2478, 2415, 2416, 2480, 2415, 2480, 2479, 2416, 2417, 2481, 2416, 2481, 2480, 2417, 2418, 2482, 2417, 2482, 2481, 2418, 2419, 2483, 2418, 2483, 2482, 2419, 2420, 2484, 2419, 2484, 2483, 2420, 2421, 2485, 2420, 2485, 2484, 2421, 2422, 2486, 2421, 2486, 2485, 2422, 2423, 2487, 2422, 2487, 2486, 2423, 2424, 2488, 2423, 2488, 2487, 2424, 2425, 2489, 2424, 2489, 2488, 2425, 2426, 2490, 2425, 2490, 2489, 2426, 2427, 2491, 2426, 2491, 2490, 2427, 2428, 2492, 2427, 2492, 2491, 2428, 2429, 2493, 2428, 2493, 2492, 2429, 2430, 2494, 2429, 2494, 2493, 2430, 2431, 2495, 2430, 2495, 2494, 2431, 2368, 2432, 2431, 2432, 2495, 2432, 2433, 2497, 2432, 2497, 2496, 2433, 2434, 2498, 2433, 2498, 2497, 2434, 2435, 2499, 2434, 2499, 2498, 2435, 2436, 2500, 2435, 2500, 2499, 2436, 2437, 2501, 2436, 2501, 2500, 2437, 2438, 2502, 2437, 2502, 2501, 2438, 2439, 2503, 2438, 2503, 2502, 2439, 2440, 2504, 2439, 2504, 2503, 2440, 2441, 2505, 2440, 2505, 2504, 2441, 2442, 2506, 2441, 2506, 2505, 2442, 2443, 2507, 2442, 2507, 2506, 2443, 2444, 2508, 2443, 2508, 2507, 2444, 2445, 2509, 2444, 2509, 2508, 2445, 2446, 2510, 2445, 2510, 2509, 2446, 2447, 2511, 2446, 2511, 2510, 2447, 2448, 2512, 2447, 2512, 2511, 2448, 2449, 2513, 2448, 2513, 2512, 2449, 2450, 2514, 2449, 2514, 2513, 2450, 2451, 2515, 2450, 2515, 2514, 2451, 2452, 2516, 2451, 2516, 2515, 2452, 2453, 2517, 2452, 2517, 2516, 2453, 2454, 2518, 2453, 2518, 2517, 2454, 2455, 2519, 2454, 2519, 2518, 2455, 2456, 2520, 2455, 2520, 2519, 2456, 2457, 2521, 2456, 2521, 2520, 2457, 2458, 2522, 2457, 2522, 2521, 2458, 2459, 2523, 2458, 2523, 2522, 2459, 2460, 2524, 2459, 2524, 2523, 2460, 2461, 2525, 2460, 2525, 2524, 2461, 2462, 2526, 2461, 2526, 2525, 2462, 2463, 2527, 2462, 2527, 2526, 2463, 2464, 2528, 2463, 2528, 2527, 2464, 2465, 2529, 2464, 2529, 2528, 2465, 2466, 2530, 2465, 2530, 2529, 2466, 2467, 2531, 2466, 2531, 2530, 2467, 2468, 2532, 2467, 2532, 2531, 2468, 2469, 2533, 2468, 2533, 2532, 2469, 2470, 2534, 2469, 2534, 2533, 2470, 2471, 2535, 2470, 2535, 2534, 2471, 2472, 2536, 2471, 2536, 2535, 2472, 2473, 2537, 2472, 2537, 2536, 2473, 2474, 2538, 2473, 2538, 2537, 2474, 2475, 2539, 2474, 2539, 2538, 2475, 2476, 2540, 2475, 2540, 2539, 2476, 2477, 2541, 2476, 2541, 2540, 2477, 2478, 2542, 2477, 2542, 2541, 2478, 2479, 2543, 2478, 2543, 2542, 2479, 2480, 2544, 2479, 2544, 2543, 2480, 2481, 2545, 2480, 2545, 2544, 2481, 2482, 2546, 2481, 2546, 2545, 2482, 2483, 2547, 2482, 2547, 2546, 2483, 2484, 2548, 2483, 2548, 2547, 2484, 2485, 2549, 2484, 2549, 2548, 2485, 2486, 2550, 2485, 2550, 2549, 2486, 2487, 2551, 2486, 2551, 2550, 2487, 2488, 2552, 2487, 2552, 2551, 2488, 2489, 2553, 2488, 2553, 2552, 2489, 2490, 2554, 2489, 2554, 2553, 2490, 2491, 2555, 2490, 2555, 2554, 2491, 2492, 2556, 2491, 2556, 2555, 2492, 2493, 2557, 2492, 2557, 2556, 2493, 2494, 2558, 2493, 2558, 2557, 2494, 2495, 2559, 2494, 2559, 2558, 2495, 2432, 2496, 2495, 2496, 2559, 2496, 2497, 2561, 2496, 2561, 2560, 2497, 2498, 2562, 2497, 2562, 2561, 2498, 2499, 2563, 2498, 2563, 2562, 2499, 2500, 2564, 2499, 2564, 2563, 2500, 2501, 2565, 2500, 2565, 2564, 2501, 2502, 2566, 2501, 2566, 2565, 2502, 2503, 2567, 2502, 2567, 2566, 2503, 2504, 2568, 2503, 2568, 2567, 2504, 2505, 2569, 2504, 2569, 2568, 2505, 2506, 2570, 2505, 2570, 2569, 2506, 2507, 2571, 2506, 2571, 2570, 2507, 2508, 2572, 2507, 2572, 2571, 2508, 2509, 2573, 2508, 2573, 2572, 2509, 2510, 2574, 2509, 2574, 2573, 2510, 2511, 2575, 2510, 2575, 2574, 2511, 2512, 2576, 2511, 2576, 2575, 2512, 2513, 2577, 2512, 2577, 2576, 2513, 2514, 2578, 2513, 2578, 2577, 2514, 2515, 2579, 2514, 2579, 2578, 2515, 2516, 2580, 2515, 2580, 2579, 2516, 2517, 2581, 2516, 2581, 2580, 2517, 2518, 2582, 2517, 2582, 2581, 2518, 2519, 2583, 2518, 2583, 2582, 2519, 2520, 2584, 2519, 2584, 2583, 2520, 2521, 2585, 2520, 2585, 2584, 2521, 2522, 2586, 2521, 2586, 2585, 2522, 2523, 2587, 2522, 2587, 2586, 2523, 2524, 2588, 2523, 2588, 2587, 2524, 2525, 2589, 2524, 2589, 2588, 2525, 2526, 2590, 2525, 2590, 2589, 2526, 2527, 2591, 2526, 2591, 2590, 2527, 2528, 2592, 2527, 2592, 2591, 2528, 2529, 2593, 2528, 2593, 2592, 2529, 2530, 2594, 2529, 2594, 2593, 2530, 2531, 2595, 2530, 2595, 2594, 2531, 2532, 2596, 2531, 2596, 2595, 2532, 2533, 2597, 2532, 2597, 2596, 2533, 2534, 2598, 2533, 2598, 2597, 2534, 2535, 2599, 2534, 2599, 2598, 2535, 2536, 2600, 2535, 2600, 2599, 2536, 2537, 2601, 2536, 2601, 2600, 2537, 2538, 2602, 2537, 2602, 2601, 2538, 2539, 2603, 2538, 2603, 2602, 2539, 2540, 2604, 2539, 2604, 2603, 2540, 2541, 2605, 2540, 2605, 2604, 2541, 2542, 2606, 2541, 2606, 2605, 2542, 2543, 2607, 2542, 2607, 2606, 2543, 2544, 2608, 2543, 2608, 2607, 2544, 2545, 2609, 2544, 2609, 2608, 2545, 2546, 2610, 2545, 2610, 2609, 2546, 2547, 2611, 2546, 2611, 2610, 2547, 2548, 2612, 2547, 2612, 2611, 2548, 2549, 2613, 2548, 2613, 2612, 2549, 2550, 2614, 2549, 2614, 2613, 2550, 2551, 2615, 2550, 2615, 2614, 2551, 2552, 2616, 2551, 2616, 2615, 2552, 2553, 2617, 2552, 2617, 2616, 2553, 2554, 2618, 2553, 2618, 2617, 2554, 2555, 2619, 2554, 2619, 2618, 2555, 2556, 2620, 2555, 2620, 2619, 2556, 2557, 2621, 2556, 2621, 2620, 2557, 2558, 2622, 2557, 2622, 2621, 2558, 2559, 2623, 2558, 2623, 2622, 2559, 2496, 2560, 2559, 2560, 2623, 2560, 2561, 2625, 2560, 2625, 2624, 2561, 2562, 2626, 2561, 2626, 2625, 2562, 2563, 2627, 2562, 2627, 2626, 2563, 2564, 2628, 2563, 2628, 2627, 2564, 2565, 2629, 2564, 2629, 2628, 2565, 2566, 2630, 2565, 2630, 2629, 2566, 2567, 2631, 2566, 2631, 2630, 2567, 2568, 2632, 2567, 2632, 2631, 2568, 2569, 2633, 2568, 2633, 2632, 2569, 2570, 2634, 2569, 2634, 2633, 2570, 2571, 2635, 2570, 2635, 2634, 2571, 2572, 2636, 2571, 2636, 2635, 2572, 2573, 2637, 2572, 2637, 2636, 2573, 2574, 2638, 2573, 2638, 2637, 2574, 2575, 2639, 2574, 2639, 2638, 2575, 2576, 2640, 2575, 2640, 2639, 2576, 2577, 2641, 2576, 2641, 2640, 2577, 2578, 2642, 2577, 2642, 2641, 2578, 2579, 2643, 2578, 2643, 2642, 2579, 2580, 2644, 2579, 2644, 2643, 2580, 2581, 2645, 2580, 2645, 2644, 2581, 2582, 2646, 2581, 2646, 2645, 2582, 2583, 2647, 2582, 2647, 2646, 2583, 2584, 2648, 2583, 2648, 2647, 2584, 2585, 2649, 2584, 2649, 2648, 2585, 2586, 2650, 2585, 2650, 2649, 2586, 2587, 2651, 2586, 2651, 2650, 2587, 2588, 2652, 2587, 2652, 2651, 2588, 2589, 2653, 2588, 2653, 2652, 2589, 2590, 2654, 2589, 2654, 2653, 2590, 2591, 2655, 2590, 2655, 2654, 2591, 2592, 2656, 2591, 2656, 2655, 2592, 2593, 2657, 2592, 2657, 2656, 2593, 2594, 2658, 2593, 2658, 2657, 2594, 2595, 2659, 2594, 2659, 2658, 2595, 2596, 2660, 2595, 2660, 2659, 2596, 2597, 2661, 2596, 2661, 2660, 2597, 2598, 2662, 2597, 2662, 2661, 2598, 2599, 2663, 2598, 2663, 2662, 2599, 2600, 2664, 2599, 2664, 2663, 2600, 2601, 2665, 2600, 2665, 2664, 2601, 2602, 2666, 2601, 2666, 2665, 2602, 2603, 2667, 2602, 2667, 2666, 2603, 2604, 2668, 2603, 2668, 2667, 2604, 2605, 2669, 2604, 2669, 2668, 2605, 2606, 2670, 2605, 2670, 2669, 2606, 2607, 2671, 2606, 2671, 2670, 2607, 2608, 2672, 2607, 2672, 2671, 2608, 2609, 2673, 2608, 2673, 2672, 2609, 2610, 2674, 2609, 2674, 2673, 2610, 2611, 2675, 2610, 2675, 2674, 2611, 2612, 2676, 2611, 2676, 2675, 2612, 2613, 2677, 2612, 2677, 2676, 2613, 2614, 2678, 2613, 2678, 2677, 2614, 2615, 2679, 2614, 2679, 2678, 2615, 2616, 2680, 2615, 2680, 2679, 2616, 2617, 2681, 2616, 2681, 2680, 2617, 2618, 2682, 2617, 2682, 2681, 2618, 2619, 2683, 2618, 2683, 2682, 2619, 2620, 2684, 2619, 2684, 2683, 2620, 2621, 2685, 2620, 2685, 2684, 2621, 2622, 2686, 2621, 2686, 2685, 2622, 2623, 2687, 2622, 2687, 2686, 2623, 2560, 2624, 2623, 2624, 2687, 2624, 2625, 2689, 2624, 2689, 2688, 2625, 2626, 2690, 2625, 2690, 2689, 2626, 2627, 2691, 2626, 2691, 2690, 2627, 2628, 2692, 2627, 2692, 2691, 2628, 2629, 2693, 2628, 2693, 2692, 2629, 2630, 2694, 2629, 2694, 2693, 2630, 2631, 2695, 2630, 2695, 2694, 2631, 2632, 2696, 2631, 2696, 2695, 2632, 2633, 2697, 2632, 2697, 2696, 2633, 2634, 2698, 2633, 2698, 2697, 2634, 2635, 2699, 2634, 2699, 2698, 2635, 2636, 2700, 2635, 2700, 2699, 2636, 2637, 2701, 2636, 2701, 2700, 2637, 2638, 2702, 2637, 2702, 2701, 2638, 2639, 2703, 2638, 2703, 2702, 2639, 2640, 2704, 2639, 2704, 2703, 2640, 2641, 2705, 2640, 2705, 2704, 2641, 2642, 2706, 2641, 2706, 2705, 2642, 2643, 2707, 2642, 2707, 2706, 2643, 2644, 2708, 2643, 2708, 2707, 2644, 2645, 2709, 2644, 2709, 2708, 2645, 2646, 2710, 2645, 2710, 2709, 2646, 2647, 2711, 2646, 2711, 2710, 2647, 2648, 2712, 2647, 2712, 2711, 2648, 2649, 2713, 2648, 2713, 2712, 2649, 2650, 2714, 2649, 2714, 2713, 2650, 2651, 2715, 2650, 2715, 2714, 2651, 2652, 2716, 2651, 2716, 2715, 2652, 2653, 2717, 2652, 2717, 2716, 2653, 2654, 2718, 2653, 2718, 2717, 2654, 2655, 2719, 2654, 2719, 2718, 2655, 2656, 2720, 2655, 2720, 2719, 2656, 2657, 2721, 2656, 2721, 2720, 2657, 2658, 2722, 2657, 2722, 2721, 2658, 2659, 2723, 2658, 2723, 2722, 2659, 2660, 2724, 2659, 2724, 2723, 2660, 2661, 2725, 2660, 2725, 2724, 2661, 2662, 2726, 2661, 2726, 2725, 2662, 2663, 2727, 2662, 2727, 2726, 2663, 2664, 2728, 2663, 2728, 2727, 2664, 2665, 2729, 2664, 2729, 2728, 2665, 2666, 2730, 2665, 2730, 2729, 2666, 2667, 2731, 2666, 2731, 2730, 2667, 2668, 2732, 2667, 2732, 2731, 2668, 2669, 2733, 2668, 2733, 2732, 2669, 2670, 2734, 2669, 2734, 2733, 2670, 2671, 2735, 2670, 2735, 2734, 2671, 2672, 2736, 2671, 2736, 2735, 2672, 2673, 2737, 2672, 2737, 2736, 2673, 2674, 2738, 2673, 2738, 2737, 2674, 2675, 2739, 2674, 2739, 2738, 2675, 2676, 2740, 2675, 2740, 2739, 2676, 2677, 2741, 2676, 2741, 2740, 2677, 2678, 2742, 2677, 2742, 2741, 2678, 2679, 2743, 2678, 2743, 2742, 2679, 2680, 2744, 2679, 2744, 2743, 2680, 2681, 2745, 2680, 2745, 2744, 2681, 2682, 2746, 2681, 2746, 2745, 2682, 2683, 2747, 2682, 2747, 2746, 2683, 2684, 2748, 2683, 2748, 2747, 2684, 2685, 2749, 2684, 2749, 2748, 2685, 2686, 2750, 2685, 2750, 2749, 2686, 2687, 2751, 2686, 2751, 2750, 2687, 2624, 2688, 2687, 2688, 2751, 2688, 2689, 2753, 2688, 2753, 2752, 2689, 2690, 2754, 2689, 2754, 2753, 2690, 2691, 2755, 2690, 2755, 2754, 2691, 2692, 2756, 2691, 2756, 2755, 2692, 2693, 2757, 2692, 2757, 2756, 2693, 2694, 2758, 2693, 2758, 2757, 2694, 2695, 2759, 2694, 2759, 2758, 2695, 2696, 2760, 2695, 2760, 2759, 2696, 2697, 2761, 2696, 2761, 2760, 2697, 2698, 2762, 2697, 2762, 2761, 2698, 2699, 2763, 2698, 2763, 2762, 2699, 2700, 2764, 2699, 2764, 2763, 2700, 2701, 2765, 2700, 2765, 2764, 2701, 2702, 2766, 2701, 2766, 2765, 2702, 2703, 2767, 2702, 2767, 2766, 2703, 2704, 2768, 2703, 2768, 2767, 2704, 2705, 2769, 2704, 2769, 2768, 2705, 2706, 2770, 2705, 2770, 2769, 2706, 2707, 2771, 2706, 2771, 2770, 2707, 2708, 2772, 2707, 2772, 2771, 2708, 2709, 2773, 2708, 2773, 2772, 2709, 2710, 2774, 2709, 2774, 2773, 2710, 2711, 2775, 2710, 2775, 2774, 2711, 2712, 2776, 2711, 2776, 2775, 2712, 2713, 2777, 2712, 2777, 2776, 2713, 2714, 2778, 2713, 2778, 2777, 2714, 2715, 2779, 2714, 2779, 2778, 2715, 2716, 2780, 2715, 2780, 2779, 2716, 2717, 2781, 2716, 2781, 2780, 2717, 2718, 2782, 2717, 2782, 2781, 2718, 2719, 2783, 2718, 2783, 2782, 2719, 2720, 2784, 2719, 2784, 2783, 2720, 2721, 2785, 2720, 2785, 2784, 2721, 2722, 2786, 2721, 2786, 2785, 2722, 2723, 2787, 2722, 2787, 2786, 2723, 2724, 2788, 2723, 2788, 2787, 2724, 2725, 2789, 2724, 2789, 2788, 2725, 2726, 2790, 2725, 2790, 2789, 2726, 2727, 2791, 2726, 2791, 2790, 2727, 2728, 2792, 2727, 2792, 2791, 2728, 2729, 2793, 2728, 2793, 2792, 2729, 2730, 2794, 2729, 2794, 2793, 2730, 2731, 2795, 2730, 2795, 2794, 2731, 2732, 2796, 2731, 2796, 2795, 2732, 2733, 2797, 2732, 2797, 2796, 2733, 2734, 2798, 2733, 2798, 2797, 2734, 2735, 2799, 2734, 2799, 2798, 2735, 2736, 2800, 2735, 2800, 2799, 2736, 2737, 2801, 2736, 2801, 2800, 2737, 2738, 2802, 2737, 2802, 2801, 2738, 2739, 2803, 2738, 2803, 2802, 2739, 2740, 2804, 2739, 2804, 2803, 2740, 2741, 2805, 2740, 2805, 2804, 2741, 2742, 2806, 2741, 2806, 2805, 2742, 2743, 2807, 2742, 2807, 2806, 2743, 2744, 2808, 2743, 2808, 2807, 2744, 2745, 2809, 2744, 2809, 2808, 2745, 2746, 2810, 2745, 2810, 2809, 2746, 2747, 2811, 2746, 2811, 2810, 2747, 2748, 2812, 2747, 2812, 2811, 2748, 2749, 2813, 2748, 2813, 2812, 2749, 2750, 2814, 2749, 2814, 2813, 2750, 2751, 2815, 2750, 2815, 2814, 2751, 2688, 2752, 2751, 2752, 2815, 2752, 2753, 2817, 2752, 2817, 2816, 2753, 2754, 2818, 2753, 2818, 2817, 2754, 2755, 2819, 2754, 2819, 2818, 2755, 2756, 2820, 2755, 2820, 2819, 2756, 2757, 2821, 2756, 2821, 2820, 2757, 2758, 2822, 2757, 2822, 2821, 2758, 2759, 2823, 2758, 2823, 2822, 2759, 2760, 2824, 2759, 2824, 2823, 2760, 2761, 2825, 2760, 2825, 2824, 2761, 2762, 2826, 2761, 2826, 2825, 2762, 2763, 2827, 2762, 2827, 2826, 2763, 2764, 2828, 2763, 2828, 2827, 2764, 2765, 2829, 2764, 2829, 2828, 2765, 2766, 2830, 2765, 2830, 2829, 2766, 2767, 2831, 2766, 2831, 2830, 2767, 2768, 2832, 2767, 2832, 2831, 2768, 2769, 2833, 2768, 2833, 2832, 2769, 2770, 2834, 2769, 2834, 2833, 2770, 2771, 2835, 2770, 2835, 2834, 2771, 2772, 2836, 2771, 2836, 2835, 2772, 2773, 2837, 2772, 2837, 2836, 2773, 2774, 2838, 2773, 2838, 2837, 2774, 2775, 2839, 2774, 2839, 2838, 2775, 2776, 2840, 2775, 2840, 2839, 2776, 2777, 2841, 2776, 2841, 2840, 2777, 2778, 2842, 2777, 2842, 2841, 2778, 2779, 2843, 2778, 2843, 2842, 2779, 2780, 2844, 2779, 2844, 2843, 2780, 2781, 2845, 2780, 2845, 2844, 2781, 2782, 2846, 2781, 2846, 2845, 2782, 2783, 2847, 2782, 2847, 2846, 2783, 2784, 2848, 2783, 2848, 2847, 2784, 2785, 2849, 2784, 2849, 2848, 2785, 2786, 2850, 2785, 2850, 2849, 2786, 2787, 2851, 2786, 2851, 2850, 2787, 2788, 2852, 2787, 2852, 2851, 2788, 2789, 2853, 2788, 2853, 2852, 2789, 2790, 2854, 2789, 2854, 2853, 2790, 2791, 2855, 2790, 2855, 2854, 2791, 2792, 2856, 2791, 2856, 2855, 2792, 2793, 2857, 2792, 2857, 2856, 2793, 2794, 2858, 2793, 2858, 2857, 2794, 2795, 2859, 2794, 2859, 2858, 2795, 2796, 2860, 2795, 2860, 2859, 2796, 2797, 2861, 2796, 2861, 2860, 2797, 2798, 2862, 2797, 2862, 2861, 2798, 2799, 2863, 2798, 2863, 2862, 2799, 2800, 2864, 2799, 2864, 2863, 2800, 2801, 2865, 2800, 2865, 2864, 2801, 2802, 2866, 2801, 2866, 2865, 2802, 2803, 2867, 2802, 2867, 2866, 2803, 2804, 2868, 2803, 2868, 2867, 2804, 2805, 2869, 2804, 2869, 2868, 2805, 2806, 2870, 2805, 2870, 2869, 2806, 2807, 2871, 2806, 2871, 2870, 2807, 2808, 2872, 2807, 2872, 2871, 2808, 2809, 2873, 2808, 2873, 2872, 2809, 2810, 2874, 2809, 2874, 2873, 2810, 2811, 2875, 2810, 2875, 2874, 2811, 2812, 2876, 2811, 2876, 2875, 2812, 2813, 2877, 2812, 2877, 2876, 2813, 2814, 2878, 2813, 2878, 2877, 2814, 2815, 2879, 2814, 2879, 2878, 2815, 2752, 2816, 2815, 2816, 2879, 2816, 2817, 2881, 2816, 2881, 2880, 2817, 2818, 2882, 2817, 2882, 2881, 2818, 2819, 2883, 2818, 2883, 2882, 2819, 2820, 2884, 2819, 2884, 2883, 2820, 2821, 2885, 2820, 2885, 2884, 2821, 2822, 2886, 2821, 2886, 2885, 2822, 2823, 2887, 2822, 2887, 2886, 2823, 2824, 2888, 2823, 2888, 2887, 2824, 2825, 2889, 2824, 2889, 2888, 2825, 2826, 2890, 2825, 2890, 2889, 2826, 2827, 2891, 2826, 2891, 2890, 2827, 2828, 2892, 2827, 2892, 2891, 2828, 2829, 2893, 2828, 2893, 2892, 2829, 2830, 2894, 2829, 2894, 2893, 2830, 2831, 2895, 2830, 2895, 2894, 2831, 2832, 2896, 2831, 2896, 2895, 2832, 2833, 2897, 2832, 2897, 2896, 2833, 2834, 2898, 2833, 2898, 2897, 2834, 2835, 2899, 2834, 2899, 2898, 2835, 2836, 2900, 2835, 2900, 2899, 2836, 2837, 2901, 2836, 2901, 2900, 2837, 2838, 2902, 2837, 2902, 2901, 2838, 2839, 2903, 2838, 2903, 2902, 2839, 2840, 2904, 2839, 2904, 2903, 2840, 2841, 2905, 2840, 2905, 2904, 2841, 2842, 2906, 2841, 2906, 2905, 2842, 2843, 2907, 2842, 2907, 2906, 2843, 2844, 2908, 2843, 2908, 2907, 2844, 2845, 2909, 2844, 2909, 2908, 2845, 2846, 2910, 2845, 2910, 2909, 2846, 2847, 2911, 2846, 2911, 2910, 2847, 2848, 2912, 2847, 2912, 2911, 2848, 2849, 2913, 2848, 2913, 2912, 2849, 2850, 2914, 2849, 2914, 2913, 2850, 2851, 2915, 2850, 2915, 2914, 2851, 2852, 2916, 2851, 2916, 2915, 2852, 2853, 2917, 2852, 2917, 2916, 2853, 2854, 2918, 2853, 2918, 2917, 2854, 2855, 2919, 2854, 2919, 2918, 2855, 2856, 2920, 2855, 2920, 2919, 2856, 2857, 2921, 2856, 2921, 2920, 2857, 2858, 2922, 2857, 2922, 2921, 2858, 2859, 2923, 2858, 2923, 2922, 2859, 2860, 2924, 2859, 2924, 2923, 2860, 2861, 2925, 2860, 2925, 2924, 2861, 2862, 2926, 2861, 2926, 2925, 2862, 2863, 2927, 2862, 2927, 2926, 2863, 2864, 2928, 2863, 2928, 2927, 2864, 2865, 2929, 2864, 2929, 2928, 2865, 2866, 2930, 2865, 2930, 2929, 2866, 2867, 2931, 2866, 2931, 2930, 2867, 2868, 2932, 2867, 2932, 2931, 2868, 2869, 2933, 2868, 2933, 2932, 2869, 2870, 2934, 2869, 2934, 2933, 2870, 2871, 2935, 2870, 2935, 2934, 2871, 2872, 2936, 2871, 2936, 2935, 2872, 2873, 2937, 2872, 2937, 2936, 2873, 2874, 2938, 2873, 2938, 2937, 2874, 2875, 2939, 2874, 2939, 2938, 2875, 2876, 2940, 2875, 2940, 2939, 2876, 2877, 2941, 2876, 2941, 2940, 2877, 2878, 2942, 2877, 2942, 2941, 2878, 2879, 2943, 2878, 2943, 2942, 2879, 2816, 2880, 2879, 2880, 2943, 2880, 2881, 2945, 2880, 2945, 2944, 2881, 2882, 2946, 2881, 2946, 2945, 2882, 2883, 2947, 2882, 2947, 2946, 2883, 2884, 2948, 2883, 2948, 2947, 2884, 2885, 2949, 2884, 2949, 2948, 2885, 2886, 2950, 2885, 2950, 2949, 2886, 2887, 2951, 2886, 2951, 2950, 2887, 2888, 2952, 2887, 2952, 2951, 2888, 2889, 2953, 2888, 2953, 2952, 2889, 2890, 2954, 2889, 2954, 2953, 2890, 2891, 2955, 2890, 2955, 2954, 2891, 2892, 2956, 2891, 2956, 2955, 2892, 2893, 2957, 2892, 2957, 2956, 2893, 2894, 2958, 2893, 2958, 2957, 2894, 2895, 2959, 2894, 2959, 2958, 2895, 2896, 2960, 2895, 2960, 2959, 2896, 2897, 2961, 2896, 2961, 2960, 2897, 2898, 2962, 2897, 2962, 2961, 2898, 2899, 2963, 2898, 2963, 2962, 2899, 2900, 2964, 2899, 2964, 2963, 2900, 2901, 2965, 2900, 2965, 2964, 2901, 2902, 2966, 2901, 2966, 2965, 2902, 2903, 2967, 2902, 2967, 2966, 2903, 2904, 2968, 2903, 2968, 2967, 2904, 2905, 2969, 2904, 2969, 2968, 2905, 2906, 2970, 2905, 2970, 2969, 2906, 2907, 2971, 2906, 2971, 2970, 2907, 2908, 2972, 2907, 2972, 2971, 2908, 2909, 2973, 2908, 2973, 2972, 2909, 2910, 2974, 2909, 2974, 2973, 2910, 2911, 2975, 2910, 2975, 2974, 2911, 2912, 2976, 2911, 2976, 2975, 2912, 2913, 2977, 2912, 2977, 2976, 2913, 2914, 2978, 2913, 2978, 2977, 2914, 2915, 2979, 2914, 2979, 2978, 2915, 2916, 2980, 2915, 2980, 2979, 2916, 2917, 2981, 2916, 2981, 2980, 2917, 2918, 2982, 2917, 2982, 2981, 2918, 2919, 2983, 2918, 2983, 2982, 2919, 2920, 2984, 2919, 2984, 2983, 2920, 2921, 2985, 2920, 2985, 2984, 2921, 2922, 2986, 2921, 2986, 2985, 2922, 2923, 2987, 2922, 2987, 2986, 2923, 2924, 2988, 2923, 2988, 2987, 2924, 2925, 2989, 2924, 2989, 2988, 2925, 2926, 2990, 2925, 2990, 2989, 2926, 2927, 2991, 2926, 2991, 2990, 2927, 2928, 2992, 2927, 2992, 2991, 2928, 2929, 2993, 2928, 2993, 2992, 2929, 2930, 2994, 2929, 2994, 2993, 2930, 2931, 2995, 2930, 2995, 2994, 2931, 2932, 2996, 2931, 2996, 2995, 2932, 2933, 2997, 2932, 2997, 2996, 2933, 2934, 2998, 2933, 2998, 2997, 2934, 2935, 2999, 2934, 2999, 2998, 2935, 2936, 3000, 2935, 3000, 2999, 2936, 2937, 3001, 2936, 3001, 3000, 2937, 2938, 3002, 2937, 3002, 3001, 2938, 2939, 3003, 2938, 3003, 3002, 2939, 2940, 3004, 2939, 3004, 3003, 2940, 2941, 3005, 2940, 3005, 3004, 2941, 2942, 3006, 2941, 3006, 3005, 2942, 2943, 3007, 2942, 3007, 3006, 2943, 2880, 2944, 2943, 2944, 3007, 2944, 2945, 3009, 2944, 3009, 3008, 2945, 2946, 3010, 2945, 3010, 3009, 2946, 2947, 3011, 2946, 3011, 3010, 2947, 2948, 3012, 2947, 3012, 3011, 2948, 2949, 3013, 2948, 3013, 3012, 2949, 2950, 3014, 2949, 3014, 3013, 2950, 2951, 3015, 2950, 3015, 3014, 2951, 2952, 3016, 2951, 3016, 3015, 2952, 2953, 3017, 2952, 3017, 3016, 2953, 2954, 3018, 2953, 3018, 3017, 2954, 2955, 3019, 2954, 3019, 3018, 2955, 2956, 3020, 2955, 3020, 3019, 2956, 2957, 3021, 2956, 3021, 3020, 2957, 2958, 3022, 2957, 3022, 3021, 2958, 2959, 3023, 2958, 3023, 3022, 2959, 2960, 3024, 2959, 3024, 3023, 2960, 2961, 3025, 2960, 3025, 3024, 2961, 2962, 3026, 2961, 3026, 3025, 2962, 2963, 3027, 2962, 3027, 3026, 2963, 2964, 3028, 2963, 3028, 3027, 2964, 2965, 3029, 2964, 3029, 3028, 2965, 2966, 3030, 2965, 3030, 3029, 2966, 2967, 3031, 2966, 3031, 3030, 2967, 2968, 3032, 2967, 3032, 3031, 2968, 2969, 3033, 2968, 3033, 3032, 2969, 2970, 3034, 2969, 3034, 3033, 2970, 2971, 3035, 2970, 3035, 3034, 2971, 2972, 3036, 2971, 3036, 3035, 2972, 2973, 3037, 2972, 3037, 3036, 2973, 2974, 3038, 2973, 3038, 3037, 2974, 2975, 3039, 2974, 3039, 3038, 2975, 2976, 3040, 2975, 3040, 3039, 2976, 2977, 3041, 2976, 3041, 3040, 2977, 2978, 3042, 2977, 3042, 3041, 2978, 2979, 3043, 2978, 3043, 3042, 2979, 2980, 3044, 2979, 3044, 3043, 2980, 2981, 3045, 2980, 3045, 3044, 2981, 2982, 3046, 2981, 3046, 3045, 2982, 2983, 3047, 2982, 3047, 3046, 2983, 2984, 3048, 2983, 3048, 3047, 2984, 2985, 3049, 2984, 3049, 3048, 2985, 2986, 3050, 2985, 3050, 3049, 2986, 2987, 3051, 2986, 3051, 3050, 2987, 2988, 3052, 2987, 3052, 3051, 2988, 2989, 3053, 2988, 3053, 3052, 2989, 2990, 3054, 2989, 3054, 3053, 2990, 2991, 3055, 2990, 3055, 3054, 2991, 2992, 3056, 2991, 3056, 3055, 2992, 2993, 3057, 2992, 3057, 3056, 2993, 2994, 3058, 2993, 3058, 3057, 2994, 2995, 3059, 2994, 3059, 3058, 2995, 2996, 3060, 2995, 3060, 3059, 2996, 2997, 3061, 2996, 3061, 3060, 2997, 2998, 3062, 2997, 3062, 3061, 2998, 2999, 3063, 2998, 3063, 3062, 2999, 3000, 3064, 2999, 3064, 3063, 3000, 3001, 3065, 3000, 3065, 3064, 3001, 3002, 3066, 3001, 3066, 3065, 3002, 3003, 3067, 3002, 3067, 3066, 3003, 3004, 3068, 3003, 3068, 3067, 3004, 3005, 3069, 3004, 3069, 3068, 3005, 3006, 3070, 3005, 3070, 3069, 3006, 3007, 3071, 3006, 3071, 3070, 3007, 2944, 3008, 3007, 3008, 3071, 3008, 3009, 3073, 3008, 3073, 3072, 3009, 3010, 3074, 3009, 3074, 3073, 3010, 3011, 3075, 3010, 3075, 3074, 3011, 3012, 3076, 3011, 3076, 3075, 3012, 3013, 3077, 3012, 3077, 3076, 3013, 3014, 3078, 3013, 3078, 3077, 3014, 3015, 3079, 3014, 3079, 3078, 3015, 3016, 3080, 3015, 3080, 3079, 3016, 3017, 3081, 3016, 3081, 3080, 3017, 3018, 3082, 3017, 3082, 3081, 3018, 3019, 3083, 3018, 3083, 3082, 3019, 3020, 3084, 3019, 3084, 3083, 3020, 3021, 3085, 3020, 3085, 3084, 3021, 3022, 3086, 3021, 3086, 3085, 3022, 3023, 3087, 3022, 3087, 3086, 3023, 3024, 3088, 3023, 3088, 3087, 3024, 3025, 3089, 3024, 3089, 3088, 3025, 3026, 3090, 3025, 3090, 3089, 3026, 3027, 3091, 3026, 3091, 3090, 3027, 3028, 3092, 3027, 3092, 3091, 3028, 3029, 3093, 3028, 3093, 3092, 3029, 3030, 3094, 3029, 3094, 3093, 3030, 3031, 3095, 3030, 3095, 3094, 3031, 3032, 3096, 3031, 3096, 3095, 3032, 3033, 3097, 3032, 3097, 3096, 3033, 3034, 3098, 3033, 3098, 3097, 3034, 3035, 3099, 3034, 3099, 3098, 3035, 3036, 3100, 3035, 3100, 3099, 3036, 3037, 3101, 3036, 3101, 3100, 3037, 3038, 3102, 3037, 3102, 3101, 3038, 3039, 3103, 3038, 3103, 3102, 3039, 3040, 3104, 3039, 3104, 3103, 3040, 3041, 3105, 3040, 3105, 3104, 3041, 3042, 3106, 3041, 3106, 3105, 3042, 3043, 3107, 3042, 3107, 3106, 3043, 3044, 3108, 3043, 3108, 3107, 3044, 3045, 3109, 3044, 3109, 3108, 3045, 3046, 3110, 3045, 3110, 3109, 3046, 3047, 3111, 3046, 3111, 3110, 3047, 3048, 3112, 3047, 3112, 3111, 3048, 3049, 3113, 3048, 3113, 3112, 3049, 3050, 3114, 3049, 3114, 3113, 3050, 3051, 3115, 3050, 3115, 3114, 3051, 3052, 3116, 3051, 3116, 3115, 3052, 3053, 3117, 3052, 3117, 3116, 3053, 3054, 3118, 3053, 3118, 3117, 3054, 3055, 3119, 3054, 3119, 3118, 3055, 3056, 3120, 3055, 3120, 3119, 3056, 3057, 3121, 3056, 3121, 3120, 3057, 3058, 3122, 3057, 3122, 3121, 3058, 3059, 3123, 3058, 3123, 3122, 3059, 3060, 3124, 3059, 3124, 3123, 3060, 3061, 3125, 3060, 3125, 3124, 3061, 3062, 3126, 3061, 3126, 3125, 3062, 3063, 3127, 3062, 3127, 3126, 3063, 3064, 3128, 3063, 3128, 3127, 3064, 3065, 3129, 3064, 3129, 3128, 3065, 3066, 3130, 3065, 3130, 3129, 3066, 3067, 3131, 3066, 3131, 3130, 3067, 3068, 3132, 3067, 3132, 3131, 3068, 3069, 3133, 3068, 3133, 3132, 3069, 3070, 3134, 3069, 3134, 3133, 3070, 3071, 3135, 3070, 3135, 3134, 3071, 3008, 3072, 3071, 3072, 3135, 3072, 3073, 3137, 3072, 3137, 3136, 3073, 3074, 3138, 3073, 3138, 3137, 3074, 3075, 3139, 3074, 3139, 3138, 3075, 3076, 3140, 3075, 3140, 3139, 3076, 3077, 3141, 3076, 3141, 3140, 3077, 3078, 3142, 3077, 3142, 3141, 3078, 3079, 3143, 3078, 3143, 3142, 3079, 3080, 3144, 3079, 3144, 3143, 3080, 3081, 3145, 3080, 3145, 3144, 3081, 3082, 3146, 3081, 3146, 3145, 3082, 3083, 3147, 3082, 3147, 3146, 3083, 3084, 3148, 3083, 3148, 3147, 3084, 3085, 3149, 3084, 3149, 3148, 3085, 3086, 3150, 3085, 3150, 3149, 3086, 3087, 3151, 3086, 3151, 3150, 3087, 3088, 3152, 3087, 3152, 3151, 3088, 3089, 3153, 3088, 3153, 3152, 3089, 3090, 3154, 3089, 3154, 3153, 3090, 3091, 3155, 3090, 3155, 3154, 3091, 3092, 3156, 3091, 3156, 3155, 3092, 3093, 3157, 3092, 3157, 3156, 3093, 3094, 3158, 3093, 3158, 3157, 3094, 3095, 3159, 3094, 3159, 3158, 3095, 3096, 3160, 3095, 3160, 3159, 3096, 3097, 3161, 3096, 3161, 3160, 3097, 3098, 3162, 3097, 3162, 3161, 3098, 3099, 3163, 3098, 3163, 3162, 3099, 3100, 3164, 3099, 3164, 3163, 3100, 3101, 3165, 3100, 3165, 3164, 3101, 3102, 3166, 3101, 3166, 3165, 3102, 3103, 3167, 3102, 3167, 3166, 3103, 3104, 3168, 3103, 3168, 3167, 3104, 3105, 3169, 3104, 3169, 3168, 3105, 3106, 3170, 3105, 3170, 3169, 3106, 3107, 3171, 3106, 3171, 3170, 3107, 3108, 3172, 3107, 3172, 3171, 3108, 3109, 3173, 3108, 3173, 3172, 3109, 3110, 3174, 3109, 3174, 3173, 3110, 3111, 3175, 3110, 3175, 3174, 3111, 3112, 3176, 3111, 3176, 3175, 3112, 3113, 3177, 3112, 3177, 3176, 3113, 3114, 3178, 3113, 3178, 3177, 3114, 3115, 3179, 3114, 3179, 3178, 3115, 3116, 3180, 3115, 3180, 3179, 3116, 3117, 3181, 3116, 3181, 3180, 3117, 3118, 3182, 3117, 3182, 3181, 3118, 3119, 3183, 3118, 3183, 3182, 3119, 3120, 3184, 3119, 3184, 3183, 3120, 3121, 3185, 3120, 3185, 3184, 3121, 3122, 3186, 3121, 3186, 3185, 3122, 3123, 3187, 3122, 3187, 3186, 3123, 3124, 3188, 3123, 3188, 3187, 3124, 3125, 3189, 3124, 3189, 3188, 3125, 3126, 3190, 3125, 3190, 3189, 3126, 3127, 3191, 3126, 3191, 3190, 3127, 3128, 3192, 3127, 3192, 3191, 3128, 3129, 3193, 3128, 3193, 3192, 3129, 3130, 3194, 3129, 3194, 3193, 3130, 3131, 3195, 3130, 3195, 3194, 3131, 3132, 3196, 3131, 3196, 3195, 3132, 3133, 3197, 3132, 3197, 3196, 3133, 3134, 3198, 3133, 3198, 3197, 3134, 3135, 3199, 3134, 3199, 3198, 3135, 3072, 3136, 3135, 3136, 3199, 3136, 3137, 3201, 3136, 3201, 3200, 3137, 3138, 3202, 3137, 3202, 3201, 3138, 3139, 3203, 3138, 3203, 3202, 3139, 3140, 3204, 3139, 3204, 3203, 3140, 3141, 3205, 3140, 3205, 3204, 3141, 3142, 3206, 3141, 3206, 3205, 3142, 3143, 3207, 3142, 3207, 3206, 3143, 3144, 3208, 3143, 3208, 3207, 3144, 3145, 3209, 3144, 3209, 3208, 3145, 3146, 3210, 3145, 3210, 3209, 3146, 3147, 3211, 3146, 3211, 3210, 3147, 3148, 3212, 3147, 3212, 3211, 3148, 3149, 3213, 3148, 3213, 3212, 3149, 3150, 3214, 3149, 3214, 3213, 3150, 3151, 3215, 3150, 3215, 3214, 3151, 3152, 3216, 3151, 3216, 3215, 3152, 3153, 3217, 3152, 3217, 3216, 3153, 3154, 3218, 3153, 3218, 3217, 3154, 3155, 3219, 3154, 3219, 3218, 3155, 3156, 3220, 3155, 3220, 3219, 3156, 3157, 3221, 3156, 3221, 3220, 3157, 3158, 3222, 3157, 3222, 3221, 3158, 3159, 3223, 3158, 3223, 3222, 3159, 3160, 3224, 3159, 3224, 3223, 3160, 3161, 3225, 3160, 3225, 3224, 3161, 3162, 3226, 3161, 3226, 3225, 3162, 3163, 3227, 3162, 3227, 3226, 3163, 3164, 3228, 3163, 3228, 3227, 3164, 3165, 3229, 3164, 3229, 3228, 3165, 3166, 3230, 3165, 3230, 3229, 3166, 3167, 3231, 3166, 3231, 3230, 3167, 3168, 3232, 3167, 3232, 3231, 3168, 3169, 3233, 3168, 3233, 3232, 3169, 3170, 3234, 3169, 3234, 3233, 3170, 3171, 3235, 3170, 3235, 3234, 3171, 3172, 3236, 3171, 3236, 3235, 3172, 3173, 3237, 3172, 3237, 3236, 3173, 3174, 3238, 3173, 3238, 3237, 3174, 3175, 3239, 3174, 3239, 3238, 3175, 3176, 3240, 3175, 3240, 3239, 3176, 3177, 3241, 3176, 3241, 3240, 3177, 3178, 3242, 3177, 3242, 3241, 3178, 3179, 3243, 3178, 3243, 3242, 3179, 3180, 3244, 3179, 3244, 3243, 3180, 3181, 3245, 3180, 3245, 3244, 3181, 3182, 3246, 3181, 3246, 3245, 3182, 3183, 3247, 3182, 3247, 3246, 3183, 3184, 3248, 3183, 3248, 3247, 3184, 3185, 3249, 3184, 3249, 3248, 3185, 3186, 3250, 3185, 3250, 3249, 3186, 3187, 3251, 3186, 3251, 3250, 3187, 3188, 3252, 3187, 3252, 3251, 3188, 3189, 3253, 3188, 3253, 3252, 3189, 3190, 3254, 3189, 3254, 3253, 3190, 3191, 3255, 3190, 3255, 3254, 3191, 3192, 3256, 3191, 3256, 3255, 3192, 3193, 3257, 3192, 3257, 3256, 3193, 3194, 3258, 3193, 3258, 3257, 3194, 3195, 3259, 3194, 3259, 3258, 3195, 3196, 3260, 3195, 3260, 3259, 3196, 3197, 3261, 3196, 3261, 3260, 3197, 3198, 3262, 3197, 3262, 3261, 3198, 3199, 3263, 3198, 3263, 3262, 3199, 3136, 3200, 3199, 3200, 3263, 3264, 3265, 3267, 3264, 3267, 3266, 3268, 3270, 3271, 3268, 3271, 3269, 3264, 3268, 3269, 3264, 3269, 3265, 3266, 3267, 3271, 3266, 3271, 3270, 3264, 3266, 3270, 3264, 3270, 3268, 3265, 3269, 3271, 3265, 3271, 3267, 3272, 3273, 3275, 3272, 3275, 3274, 3276, 3278, 3279, 3276, 3279, 3277, 3272, 3276, 3277, 3272, 3277, 3273, 3274, 3275, 3279, 3274, 3279, 3278, 3272, 3274, 3278, 3272, 3278, 3276, 3273, 3277, 3279, 3273, 3279, 3275, 3280, 3281, 3283, 3280, 3283, 3282, 3284, 3286, 3287, 3284, 3287, 3285, 3280, 3284, 3285, 3280, 3285, 3281, 3282, 3283, 3287, 3282, 3287, 3286, 3280, 3282, 3286, 3280, 3286, 3284, 3281, 3285, 3287, 3281, 3287, 3283, 3288, 3289, 3291, 3288, 3291, 3290, 3292, 3294, 3295, 3292, 3295, 3293, 3288, 3292, 3293, 3288, 3293, 3289, 3290, 3291, 3295, 3290, 3295, 3294, 3288, 3290, 3294, 3288, 3294, 3292, 3289, 3293, 3295, 3289, 3295, 3291, 3296, 3297, 3299, 3296, 3299, 3298, 3300, 3302, 3303, 3300, 3303, 3301, 3296, 3300, 3301, 3296, 3301, 3297, 3298, 3299, 3303, 3298, 3303, 3302, 3296, 3298, 3302, 3296, 3302, 3300, 3297, 3301, 3303, 3297, 3303, 3299, 3304, 3305, 3307, 3304, 3307, 3306, 3308, 3310, 3311, 3308, 3311, 3309, 3304, 3308, 3309, 3304, 3309, 3305, 3306, 3307, 3311, 3306, 3311, 3310, 3304, 3306, 3310, 3304, 3310, 3308, 3305, 3309, 3311, 3305, 3311, 3307, 3312, 3313, 3315, 3312, 3315, 3314, 3316, 3318, 3319, 3316, 3319, 3317, 3312, 3316, 3317, 3312, 3317, 3313, 3314, 3315, 3319, 3314, 3319, 3318, 3312, 3314, 3318, 3312, 3318, 3316, 3313, 3317, 3319, 3313, 3319, 3315, 3320, 3321, 3323, 3320, 3323, 3322, 3324, 3326, 3327, 3324, 3327, 3325, 3320, 3324, 3325, 3320, 3325, 3321, 3322, 3323, 3327, 3322, 3327, 3326, 3320, 3322, 3326, 3320, 3326, 3324, 3321, 3325, 3327, 3321, 3327, 3323, 3328, 3329, 3331, 3328, 3331, 3330, 3332, 3334, 3335, 3332, 3335, 3333, 3328, 3332, 3333, 3328, 3333, 3329, 3330, 3331, 3335, 3330, 3335, 3334, 3328, 3330, 3334, 3328, 3334, 3332, 3329, 3333, 3335, 3329, 3335, 3331, 3336, 3337, 3339, 3336, 3339, 3338, 3340, 3342, 3343, 3340, 3343, 3341, 3336, 3340, 3341, 3336, 3341, 3337, 3338, 3339, 3343, 3338, 3343, 3342, 3336, 3338, 3342, 3336, 3342, 3340, 3337, 3341, 3343, 3337, 3343, 3339]
        point3f[] points = [(0.06118135, -0, 0), (0.06118135, -0, 0), (0.06118135, -0, 0), (0.06118135, -0, 0), (0.06118135, -0, 0), (0.06118135, -0, 0), (0.06118135, -0, 0), (0.06118135, -0, 0), (0.06118135, -0, 0), (0.06118135, -0, 0), (0.06118135, -0, 0), (0.06118135, -0, 0), (0.06118135, -0, 0), (0.06118135, -0, 0), (0.06118135, -0, 0), (0.06118135, -0, 0), (0.06118135, -0, 0), (0.06118135, 0, 0), (0.06118135, 0, 0), (0.06118135, 0, 0), (0.06118135, 0, 0), (0.06118135, 0, 0), (0.06118135, 0, 0), (0.06118135, 0, 0), (0.06118135, 0, 0), (0.06118135, 0, 0), (0.06118135, 0, 0), (0.06118135, 0, 0), (0.06118135, 0, 0), (0.06118135, 0, 0), (0.06118135, 0, 0), (0.06118135, 0, 0), (0.06118135, 0, 0), (0.06118135, 0, -0), (0.06118135, 0, -0), (0.06118135, 0, -0), (0.06118135, 0, -0), (0.06118135, 0, -0), (0.06118135, 0, -0), (0.06118135, 0, -0), (0.06118135, 0, -0), (0.06118135, 0, -0), (0.06118135, 0, -0), (0.06118135, 0, -0), (0.06118135, 0, -0), (0.06118135, 0, -0), (0.06118135, 0, -0), (0.06118135, 0, -0), (0.06118135, 0, -0), (0.06118135, -0, -0), (0.06118135, -0, -0), (0.06118135, -0, -0), (0.06118135, -0, -0), (0.06118135, -0, -0), (0.06118135, -0, -0), (0.06118135, -0, -0), (0.06118135, -0, -0), (0.06118135, -0, -0), (0.06118135, -0, -0), (0.06118135, -0, -0), (0.06118135, -0, -0), (0.06118135, -0, -0), (0.06118135, -0, -0), (0.06118135, -0, -0), (0.06118135, -0.0027243204, 0), (0.06118135, -0.002711202, 0.0002670301), (0.06118135, -0.0026719733, 0.0005314885), (0.06118135, -0.002607012, 0.00079082843), (0.06118135, -0.0025169437, 0.0010425523), (0.06118135, -0.002402636, 0.0012842357), (0.06118135, -0.0022651895, 0.0015135512), (0.06118135, -0.002105928, 0.0017282905), (0.06118135, -0.0019263853, 0.0019263853), (0.06118135, -0.0017282905, 0.002105928), (0.06118135, -0.0015135512, 0.0022651895), (0.06118135, -0.0012842357, 0.002402636), (0.06118135, -0.0010425523, 0.0025169437), (0.06118135, -0.00079082843, 0.002607012), (0.06118135, -0.0005314885, 0.0026719733), (0.06118135, -0.0002670301, 0.002711202), (0.06118135, -1.668165e-19, 0.0027243204), (0.06118135, 0.0002670301, 0.002711202), (0.06118135, 0.0005314885, 0.0026719733), (0.06118135, 0.00079082843, 0.002607012), (0.06118135, 0.0010425523, 0.0025169437), (0.06118135, 0.0012842357, 0.002402636), (0.06118135, 0.0015135512, 0.0022651895), (0.06118135, 0.0017282905, 0.002105928), (0.06118135, 0.0019263853, 0.0019263853), (0.06118135, 0.002105928, 0.0017282905), (0.06118135, 0.0022651895, 0.0015135512), (0.06118135, 0.002402636, 0.0012842357), (0.06118135, 0.0025169437, 0.0010425523), (0.06118135, 0.002607012, 0.00079082843), (0.06118135, 0.0026719733, 0.0005314885), (0.06118135, 0.002711202, 0.0002670301), (0.06118135, 0.0027243204, 3.33633e-19), (0.06118135, 0.002711202, -0.0002670301), (0.06118135, 0.0026719733, -0.0005314885), (0.06118135, 0.002607012, -0.00079082843), (0.06118135, 0.0025169437, -0.0010425523), (0.06118135, 0.002402636, -0.0012842357), (0.06118135, 0.0022651895, -0.0015135512), (0.06118135, 0.002105928, -0.0017282905), (0.06118135, 0.0019263853, -0.0019263853), (0.06118135, 0.0017282905, -0.002105928), (0.06118135, 0.0015135512, -0.0022651895), (0.06118135, 0.0012842357, -0.002402636), (0.06118135, 0.0010425523, -0.0025169437), (0.06118135, 0.00079082843, -0.002607012), (0.06118135, 0.0005314885, -0.0026719733), (0.06118135, 0.0002670301, -0.002711202), (0.06118135, 5.0044954e-19, -0.0027243204), (0.06118135, -0.0002670301, -0.002711202), (0.06118135, -0.0005314885, -0.0026719733), (0.06118135, -0.00079082843, -0.002607012), (0.06118135, -0.0010425523, -0.0025169437), (0.06118135, -0.0012842357, -0.002402636), (0.06118135, -0.0015135512, -0.0022651895), (0.06118135, -0.0017282905, -0.002105928), (0.06118135, -0.0019263853, -0.0019263853), (0.06118135, -0.002105928, -0.0017282905), (0.06118135, -0.0022651895, -0.0015135512), (0.06118135, -0.002402636, -0.0012842357), (0.06118135, -0.0025169437, -0.0010425523), (0.06118135, -0.002607012, -0.00079082843), (0.06118135, -0.0026719733, -0.0005314885), (0.06118135, -0.002711202, -0.0002670301), (0.06118135, -0.008172961, 0), (0.06118135, -0.008133606, 0.00080109027), (0.06118135, -0.0080159195, 0.0015944656), (0.06118135, -0.007821036, 0.0023724854), (0.06118135, -0.0075508314, 0.0031276566), (0.06118135, -0.007207908, 0.003852707), (0.06118135, -0.006795569, 0.004540654), (0.06118135, -0.006317784, 0.0051848716), (0.06118135, -0.005779156, 0.005779156), (0.06118135, -0.0051848716, 0.006317784), (0.06118135, -0.004540654, 0.006795569), (0.06118135, -0.003852707, 0.007207908), (0.06118135, -0.0031276566, 0.0075508314), (0.06118135, -0.0023724854, 0.007821036), (0.06118135, -0.0015944656, 0.0080159195), (0.06118135, -0.00080109027, 0.008133606), (0.06118135, -5.0044954e-19, 0.008172961), (0.06118135, 0.00080109027, 0.008133606), (0.06118135, 0.0015944656, 0.0080159195), (0.06118135, 0.0023724854, 0.007821036), (0.06118135, 0.0031276566, 0.0075508314), (0.06118135, 0.003852707, 0.007207908), (0.06118135, 0.004540654, 0.006795569), (0.06118135, 0.0051848716, 0.006317784), (0.06118135, 0.005779156, 0.005779156), (0.06118135, 0.006317784, 0.0051848716), (0.06118135, 0.006795569, 0.004540654), (0.06118135, 0.007207908, 0.003852707), (0.06118135, 0.0075508314, 0.0031276566), (0.06118135, 0.007821036, 0.0023724854), (0.06118135, 0.0080159195, 0.0015944656), (0.06118135, 0.008133606, 0.00080109027), (0.06118135, 0.008172961, 1.0008991e-18), (0.06118135, 0.008133606, -0.00080109027), (0.06118135, 0.0080159195, -0.0015944656), (0.06118135, 0.007821036, -0.0023724854), (0.06118135, 0.0075508314, -0.0031276566), (0.06118135, 0.007207908, -0.003852707), (0.06118135, 0.006795569, -0.004540654), (0.06118135, 0.006317784, -0.0051848716), (0.06118135, 0.005779156, -0.005779156), (0.06118135, 0.0051848716, -0.006317784), (0.06118135, 0.004540654, -0.006795569), (0.06118135, 0.003852707, -0.007207908), (0.06118135, 0.0031276566, -0.0075508314), (0.06118135, 0.0023724854, -0.007821036), (0.06118135, 0.0015944656, -0.0080159195), (0.06118135, 0.00080109027, -0.008133606), (0.06118135, 1.5013485e-18, -0.008172961), (0.06118135, -0.00080109027, -0.008133606), (0.06118135, -0.0015944656, -0.0080159195), (0.06118135, -0.0023724854, -0.007821036), (0.06118135, -0.0031276566, -0.0075508314), (0.06118135, -0.003852707, -0.007207908), (0.06118135, -0.004540654, -0.006795569), (0.06118135, -0.0051848716, -0.006317784), (0.06118135, -0.005779156, -0.005779156), (0.06118135, -0.006317784, -0.0051848716), (0.06118135, -0.006795569, -0.004540654), (0.06118135, -0.007207908, -0.003852707), (0.06118135, -0.0075508314, -0.0031276566), (0.06118135, -0.007821036, -0.0023724854), (0.06118135, -0.0080159195, -0.0015944656), (0.06118135, -0.008133606, -0.00080109027), (0.06118135, -0.013621601, 0), (0.06118135, -0.01355601, 0.0013351504), (0.06118135, -0.013359866, 0.0026574426), (0.06118135, -0.01303506, 0.0039541423), (0.06118135, -0.012584719, 0.0052127615), (0.06118135, -0.01201318, 0.0064211786), (0.06118135, -0.011325948, 0.0075677563), (0.06118135, -0.01052964, 0.0086414525), (0.06118135, -0.009631927, 0.009631927), (0.06118135, -0.0086414525, 0.01052964), (0.06118135, -0.0075677563, 0.011325948), (0.06118135, -0.0064211786, 0.01201318), (0.06118135, -0.0052127615, 0.012584719), (0.06118135, -0.0039541423, 0.01303506), (0.06118135, -0.0026574426, 0.013359866), (0.06118135, -0.0013351504, 0.01355601), (0.06118135, -8.3408256e-19, 0.013621601), (0.06118135, 0.0013351504, 0.01355601), (0.06118135, 0.0026574426, 0.013359866), (0.06118135, 0.0039541423, 0.01303506), (0.06118135, 0.0052127615, 0.012584719), (0.06118135, 0.0064211786, 0.01201318), (0.06118135, 0.0075677563, 0.011325948), (0.06118135, 0.0086414525, 0.01052964), (0.06118135, 0.009631927, 0.009631927), (0.06118135, 0.01052964, 0.0086414525), (0.06118135, 0.011325948, 0.0075677563), (0.06118135, 0.01201318, 0.0064211786), (0.06118135, 0.012584719, 0.0052127615), (0.06118135, 0.01303506, 0.0039541423), (0.06118135, 0.013359866, 0.0026574426), (0.06118135, 0.01355601, 0.0013351504), (0.06118135, 0.013621601, 1.6681651e-18), (0.06118135, 0.01355601, -0.0013351504), (0.06118135, 0.013359866, -0.0026574426), (0.06118135, 0.01303506, -0.0039541423), (0.06118135, 0.012584719, -0.0052127615), (0.06118135, 0.01201318, -0.0064211786), (0.06118135, 0.011325948, -0.0075677563), (0.06118135, 0.01052964, -0.0086414525), (0.06118135, 0.009631927, -0.009631927), (0.06118135, 0.0086414525, -0.01052964), (0.06118135, 0.0075677563, -0.011325948), (0.06118135, 0.0064211786, -0.01201318), (0.06118135, 0.0052127615, -0.012584719), (0.06118135, 0.0039541423, -0.01303506), (0.06118135, 0.0026574426, -0.013359866), (0.06118135, 0.0013351504, -0.01355601), (0.06118135, 2.5022476e-18, -0.013621601), (0.06118135, -0.0013351504, -0.01355601), (0.06118135, -0.0026574426, -0.013359866), (0.06118135, -0.0039541423, -0.01303506), (0.06118135, -0.0052127615, -0.012584719), (0.06118135, -0.0064211786, -0.01201318), (0.06118135, -0.0075677563, -0.011325948), (0.06118135, -0.0086414525, -0.01052964), (0.06118135, -0.009631927, -0.009631927), (0.06118135, -0.01052964, -0.0086414525), (0.06118135, -0.011325948, -0.0075677563), (0.06118135, -0.01201318, -0.0064211786), (0.06118135, -0.012584719, -0.0052127615), (0.06118135, -0.01303506, -0.0039541423), (0.06118135, -0.013359866, -0.0026574426), (0.06118135, -0.01355601, -0.0013351504), (0.06118135, -0.019070242, 0), (0.06118135, -0.018978413, 0.0018692106), (0.06118135, -0.018703813, 0.0037204197), (0.06118135, -0.018249083, 0.005535799), (0.06118135, -0.017618606, 0.0072978656), (0.06118135, -0.016818453, 0.00898965), (0.06118135, -0.015856327, 0.010594859), (0.06118135, -0.014741496, 0.012098034), (0.06118135, -0.013484698, 0.013484698), (0.06118135, -0.012098034, 0.014741496), (0.06118135, -0.010594859, 0.015856327), (0.06118135, -0.00898965, 0.016818453), (0.06118135, -0.0072978656, 0.017618606), (0.06118135, -0.005535799, 0.018249083), (0.06118135, -0.0037204197, 0.018703813), (0.06118135, -0.0018692106, 0.018978413), (0.06118135, -1.1677156e-18, 0.019070242), (0.06118135, 0.0018692106, 0.018978413), (0.06118135, 0.0037204197, 0.018703813), (0.06118135, 0.005535799, 0.018249083), (0.06118135, 0.0072978656, 0.017618606), (0.06118135, 0.00898965, 0.016818453), (0.06118135, 0.010594859, 0.015856327), (0.06118135, 0.012098034, 0.014741496), (0.06118135, 0.013484698, 0.013484698), (0.06118135, 0.014741496, 0.012098034), (0.06118135, 0.015856327, 0.010594859), (0.06118135, 0.016818453, 0.00898965), (0.06118135, 0.017618606, 0.0072978656), (0.06118135, 0.018249083, 0.005535799), (0.06118135, 0.018703813, 0.0037204197), (0.06118135, 0.018978413, 0.0018692106), (0.06118135, 0.019070242, 2.3354311e-18), (0.06118135, 0.018978413, -0.0018692106), (0.06118135, 0.018703813, -0.0037204197), (0.06118135, 0.018249083, -0.005535799), (0.06118135, 0.017618606, -0.0072978656), (0.06118135, 0.016818453, -0.00898965), (0.06118135, 0.015856327, -0.010594859), (0.06118135, 0.014741496, -0.012098034), (0.06118135, 0.013484698, -0.013484698), (0.06118135, 0.012098034, -0.014741496), (0.06118135, 0.010594859, -0.015856327), (0.06118135, 0.00898965, -0.016818453), (0.06118135, 0.0072978656, -0.017618606), (0.06118135, 0.005535799, -0.018249083), (0.06118135, 0.0037204197, -0.018703813), (0.06118135, 0.0018692106, -0.018978413), (0.06118135, 3.5031467e-18, -0.019070242), (0.06118135, -0.0018692106, -0.018978413), (0.06118135, -0.0037204197, -0.018703813), (0.06118135, -0.005535799, -0.018249083), (0.06118135, -0.0072978656, -0.017618606), (0.06118135, -0.00898965, -0.016818453), (0.06118135, -0.010594859, -0.015856327), (0.06118135, -0.012098034, -0.014741496), (0.06118135, -0.013484698, -0.013484698), (0.06118135, -0.014741496, -0.012098034), (0.06118135, -0.015856327, -0.010594859), (0.06118135, -0.016818453, -0.00898965), (0.06118135, -0.017618606, -0.0072978656), (0.06118135, -0.018249083, -0.005535799), (0.06118135, -0.018703813, -0.0037204197), (0.06118135, -0.018978413, -0.0018692106), (0.06118135, -0.024518883, 0), (0.06118135, -0.024400817, 0.0024032707), (0.06118135, -0.02404776, 0.0047833966), (0.06118135, -0.023463108, 0.007117456), (0.06118135, -0.022652494, 0.009382971), (0.06118135, -0.021623725, 0.011558121), (0.06118135, -0.020386705, 0.013621962), (0.06118135, -0.018953353, 0.015554614), (0.06118135, -0.017337468, 0.017337468), (0.06118135, -0.015554614, 0.018953353), (0.06118135, -0.013621962, 0.020386705), (0.06118135, -0.011558121, 0.021623725), (0.06118135, -0.009382971, 0.022652494), (0.06118135, -0.007117456, 0.023463108), (0.06118135, -0.0047833966, 0.02404776), (0.06118135, -0.0024032707, 0.024400817), (0.06118135, -1.5013485e-18, 0.024518883), (0.06118135, 0.0024032707, 0.024400817), (0.06118135, 0.0047833966, 0.02404776), (0.06118135, 0.007117456, 0.023463108), (0.06118135, 0.009382971, 0.022652494), (0.06118135, 0.011558121, 0.021623725), (0.06118135, 0.013621962, 0.020386705), (0.06118135, 0.015554614, 0.018953353), (0.06118135, 0.017337468, 0.017337468), (0.06118135, 0.018953353, 0.015554614), (0.06118135, 0.020386705, 0.013621962), (0.06118135, 0.021623725, 0.011558121), (0.06118135, 0.022652494, 0.009382971), (0.06118135, 0.023463108, 0.007117456), (0.06118135, 0.02404776, 0.0047833966), (0.06118135, 0.024400817, 0.0024032707), (0.06118135, 0.024518883, 3.002697e-18), (0.06118135, 0.024400817, -0.0024032707), (0.06118135, 0.02404776, -0.0047833966), (0.06118135, 0.023463108, -0.007117456), (0.06118135, 0.022652494, -0.009382971), (0.06118135, 0.021623725, -0.011558121), (0.06118135, 0.020386705, -0.013621962), (0.06118135, 0.018953353, -0.015554614), (0.06118135, 0.017337468, -0.017337468), (0.06118135, 0.015554614, -0.018953353), (0.06118135, 0.013621962, -0.020386705), (0.06118135, 0.011558121, -0.021623725), (0.06118135, 0.009382971, -0.022652494), (0.06118135, 0.007117456, -0.023463108), (0.06118135, 0.0047833966, -0.02404776), (0.06118135, 0.0024032707, -0.024400817), (0.06118135, 4.5040456e-18, -0.024518883), (0.06118135, -0.0024032707, -0.024400817), (0.06118135, -0.0047833966, -0.02404776), (0.06118135, -0.007117456, -0.023463108), (0.06118135, -0.009382971, -0.022652494), (0.06118135, -0.011558121, -0.021623725), (0.06118135, -0.013621962, -0.020386705), (0.06118135, -0.015554614, -0.018953353), (0.06118135, -0.017337468, -0.017337468), (0.06118135, -0.018953353, -0.015554614), (0.06118135, -0.020386705, -0.013621962), (0.06118135, -0.021623725, -0.011558121), (0.06118135, -0.022652494, -0.009382971), (0.06118135, -0.023463108, -0.007117456), (0.06118135, -0.02404776, -0.0047833966), (0.06118135, -0.024400817, -0.0024032707), (0.06118135, -0.029967524, 0), (0.06118135, -0.029823221, 0.0029373309), (0.06118135, -0.029391706, 0.0058463737), (0.06118135, -0.028677132, 0.008699113), (0.06118135, -0.027686382, 0.011468074), (0.06118135, -0.026428996, 0.014126593), (0.06118135, -0.024917085, 0.016649064), (0.06118135, -0.02316521, 0.019011196), (0.06118135, -0.02119024, 0.02119024), (0.06118135, -0.019011196, 0.02316521), (0.06118135, -0.016649064, 0.024917085), (0.06118135, -0.014126593, 0.026428996), (0.06118135, -0.011468074, 0.027686382), (0.06118135, -0.008699113, 0.028677132), (0.06118135, -0.0058463737, 0.029391706), (0.06118135, -0.0029373309, 0.029823221), (0.06118135, -1.8349815e-18, 0.029967524), (0.06118135, 0.0029373309, 0.029823221), (0.06118135, 0.0058463737, 0.029391706), (0.06118135, 0.008699113, 0.028677132), (0.06118135, 0.011468074, 0.027686382), (0.06118135, 0.014126593, 0.026428996), (0.06118135, 0.016649064, 0.024917085), (0.06118135, 0.019011196, 0.02316521), (0.06118135, 0.02119024, 0.02119024), (0.06118135, 0.02316521, 0.019011196), (0.06118135, 0.024917085, 0.016649064), (0.06118135, 0.026428996, 0.014126593), (0.06118135, 0.027686382, 0.011468074), (0.06118135, 0.028677132, 0.008699113), (0.06118135, 0.029391706, 0.0058463737), (0.06118135, 0.029823221, 0.0029373309), (0.06118135, 0.029967524, 3.669963e-18), (0.06118135, 0.029823221, -0.0029373309), (0.06118135, 0.029391706, -0.0058463737), (0.06118135, 0.028677132, -0.008699113), (0.06118135, 0.027686382, -0.011468074), (0.06118135, 0.026428996, -0.014126593), (0.06118135, 0.024917085, -0.016649064), (0.06118135, 0.02316521, -0.019011196), (0.06118135, 0.02119024, -0.02119024), (0.06118135, 0.019011196, -0.02316521), (0.06118135, 0.016649064, -0.024917085), (0.06118135, 0.014126593, -0.026428996), (0.06118135, 0.011468074, -0.027686382), (0.06118135, 0.008699113, -0.028677132), (0.06118135, 0.0058463737, -0.029391706), (0.06118135, 0.0029373309, -0.029823221), (0.06118135, 5.504945e-18, -0.029967524), (0.06118135, -0.0029373309, -0.029823221), (0.06118135, -0.0058463737, -0.029391706), (0.06118135, -0.008699113, -0.028677132), (0.06118135, -0.011468074, -0.027686382), (0.06118135, -0.014126593, -0.026428996), (0.06118135, -0.016649064, -0.024917085), (0.06118135, -0.019011196, -0.02316521), (0.06118135, -0.02119024, -0.02119024), (0.06118135, -0.02316521, -0.019011196), (0.06118135, -0.024917085, -0.016649064), (0.06118135, -0.026428996, -0.014126593), (0.06118135, -0.027686382, -0.011468074), (0.06118135, -0.028677132, -0.008699113), (0.06118135, -0.029391706, -0.0058463737), (0.06118135, -0.029823221, -0.0029373309), (0.06118135, -0.035416164, 0), (0.06118135, -0.035245627, 0.003471391), (0.06118135, -0.034735654, 0.006909351), (0.06118135, -0.033891156, 0.010280769), (0.06118135, -0.032720268, 0.013553179), (0.06118135, -0.031234268, 0.016695064), (0.06118135, -0.029447464, 0.019676166), (0.06118135, -0.027377065, 0.022467777), (0.06118135, -0.02504301, 0.02504301), (0.06118135, -0.022467777, 0.027377065), (0.06118135, -0.019676166, 0.029447464), (0.06118135, -0.016695064, 0.031234268), (0.06118135, -0.013553179, 0.032720268), (0.06118135, -0.010280769, 0.033891156), (0.06118135, -0.006909351, 0.034735654), (0.06118135, -0.003471391, 0.035245627), (0.06118135, -2.1686147e-18, 0.035416164), (0.06118135, 0.003471391, 0.035245627), (0.06118135, 0.006909351, 0.034735654), (0.06118135, 0.010280769, 0.033891156), (0.06118135, 0.013553179, 0.032720268), (0.06118135, 0.016695064, 0.031234268), (0.06118135, 0.019676166, 0.029447464), (0.06118135, 0.022467777, 0.027377065), (0.06118135, 0.02504301, 0.02504301), (0.06118135, 0.027377065, 0.022467777), (0.06118135, 0.029447464, 0.019676166), (0.06118135, 0.031234268, 0.016695064), (0.06118135, 0.032720268, 0.013553179), (0.06118135, 0.033891156, 0.010280769), (0.06118135, 0.034735654, 0.006909351), (0.06118135, 0.035245627, 0.003471391), (0.06118135, 0.035416164, 4.3372293e-18), (0.06118135, 0.035245627, -0.003471391), (0.06118135, 0.034735654, -0.006909351), (0.06118135, 0.033891156, -0.010280769), (0.06118135, 0.032720268, -0.013553179), (0.06118135, 0.031234268, -0.016695064), (0.06118135, 0.029447464, -0.019676166), (0.06118135, 0.027377065, -0.022467777), (0.06118135, 0.02504301, -0.02504301), (0.06118135, 0.022467777, -0.027377065), (0.06118135, 0.019676166, -0.029447464), (0.06118135, 0.016695064, -0.031234268), (0.06118135, 0.013553179, -0.032720268), (0.06118135, 0.010280769, -0.033891156), (0.06118135, 0.006909351, -0.034735654), (0.06118135, 0.003471391, -0.035245627), (0.06118135, 6.5058438e-18, -0.035416164), (0.06118135, -0.003471391, -0.035245627), (0.06118135, -0.006909351, -0.034735654), (0.06118135, -0.010280769, -0.033891156), (0.06118135, -0.013553179, -0.032720268), (0.06118135, -0.016695064, -0.031234268), (0.06118135, -0.019676166, -0.029447464), (0.06118135, -0.022467777, -0.027377065), (0.06118135, -0.02504301, -0.02504301), (0.06118135, -0.027377065, -0.022467777), (0.06118135, -0.029447464, -0.019676166), (0.06118135, -0.031234268, -0.016695064), (0.06118135, -0.032720268, -0.013553179), (0.06118135, -0.033891156, -0.010280769), (0.06118135, -0.034735654, -0.006909351), (0.06118135, -0.035245627, -0.003471391), (0.06118135, -0.040864803, 0), (0.06118135, -0.04066803, 0.004005451), (0.06118135, -0.040079597, 0.007972328), (0.06118135, -0.03910518, 0.011862427), (0.06118135, -0.037754156, 0.015638284), (0.06118135, -0.03603954, 0.019263536), (0.06118135, -0.033977844, 0.02270327), (0.06118135, -0.03158892, 0.025924359), (0.06118135, -0.02889578, 0.02889578), (0.06118135, -0.025924359, 0.03158892), (0.06118135, -0.02270327, 0.033977844), (0.06118135, -0.019263536, 0.03603954), (0.06118135, -0.015638284, 0.037754156), (0.06118135, -0.011862427, 0.03910518), (0.06118135, -0.007972328, 0.040079597), (0.06118135, -0.004005451, 0.04066803), (0.06118135, -2.5022476e-18, 0.040864803), (0.06118135, 0.004005451, 0.04066803), (0.06118135, 0.007972328, 0.040079597), (0.06118135, 0.011862427, 0.03910518), (0.06118135, 0.015638284, 0.037754156), (0.06118135, 0.019263536, 0.03603954), (0.06118135, 0.02270327, 0.033977844), (0.06118135, 0.025924359, 0.03158892), (0.06118135, 0.02889578, 0.02889578), (0.06118135, 0.03158892, 0.025924359), (0.06118135, 0.033977844, 0.02270327), (0.06118135, 0.03603954, 0.019263536), (0.06118135, 0.037754156, 0.015638284), (0.06118135, 0.03910518, 0.011862427), (0.06118135, 0.040079597, 0.007972328), (0.06118135, 0.04066803, 0.004005451), (0.06118135, 0.040864803, 5.0044952e-18), (0.06118135, 0.04066803, -0.004005451), (0.06118135, 0.040079597, -0.007972328), (0.06118135, 0.03910518, -0.011862427), (0.06118135, 0.037754156, -0.015638284), (0.06118135, 0.03603954, -0.019263536), (0.06118135, 0.033977844, -0.02270327), (0.06118135, 0.03158892, -0.025924359), (0.06118135, 0.02889578, -0.02889578), (0.06118135, 0.025924359, -0.03158892), (0.06118135, 0.02270327, -0.033977844), (0.06118135, 0.019263536, -0.03603954), (0.06118135, 0.015638284, -0.037754156), (0.06118135, 0.011862427, -0.03910518), (0.06118135, 0.007972328, -0.040079597), (0.06118135, 0.004005451, -0.04066803), (0.06118135, 7.506743e-18, -0.040864803), (0.06118135, -0.004005451, -0.04066803), (0.06118135, -0.007972328, -0.040079597), (0.06118135, -0.011862427, -0.03910518), (0.06118135, -0.015638284, -0.037754156), (0.06118135, -0.019263536, -0.03603954), (0.06118135, -0.02270327, -0.033977844), (0.06118135, -0.025924359, -0.03158892), (0.06118135, -0.02889578, -0.02889578), (0.06118135, -0.03158892, -0.025924359), (0.06118135, -0.033977844, -0.02270327), (0.06118135, -0.03603954, -0.019263536), (0.06118135, -0.037754156, -0.015638284), (0.06118135, -0.03910518, -0.011862427), (0.06118135, -0.040079597, -0.007972328), (0.06118135, -0.04066803, -0.004005451), (0.06118135, -0.046313446, 0), (0.06118135, -0.046090435, 0.0045395116), (0.06118135, -0.045423545, 0.009035305), (0.06118135, -0.044319205, 0.013444084), (0.06118135, -0.042788044, 0.017723389), (0.06118135, -0.040844813, 0.021832008), (0.06118135, -0.03850822, 0.025730371), (0.06118135, -0.035800777, 0.029380938), (0.06118135, -0.03274855, 0.03274855), (0.06118135, -0.029380938, 0.035800777), (0.06118135, -0.025730371, 0.03850822), (0.06118135, -0.021832008, 0.040844813), (0.06118135, -0.017723389, 0.042788044), (0.06118135, -0.013444084, 0.044319205), (0.06118135, -0.009035305, 0.045423545), (0.06118135, -0.0045395116, 0.046090435), (0.06118135, -2.8358806e-18, 0.046313446), (0.06118135, 0.0045395116, 0.046090435), (0.06118135, 0.009035305, 0.045423545), (0.06118135, 0.013444084, 0.044319205), (0.06118135, 0.017723389, 0.042788044), (0.06118135, 0.021832008, 0.040844813), (0.06118135, 0.025730371, 0.03850822), (0.06118135, 0.029380938, 0.035800777), (0.06118135, 0.03274855, 0.03274855), (0.06118135, 0.035800777, 0.029380938), (0.06118135, 0.03850822, 0.025730371), (0.06118135, 0.040844813, 0.021832008), (0.06118135, 0.042788044, 0.017723389), (0.06118135, 0.044319205, 0.013444084), (0.06118135, 0.045423545, 0.009035305), (0.06118135, 0.046090435, 0.0045395116), (0.06118135, 0.046313446, 5.671761e-18), (0.06118135, 0.046090435, -0.0045395116), (0.06118135, 0.045423545, -0.009035305), (0.06118135, 0.044319205, -0.013444084), (0.06118135, 0.042788044, -0.017723389), (0.06118135, 0.040844813, -0.021832008), (0.06118135, 0.03850822, -0.025730371), (0.06118135, 0.035800777, -0.029380938), (0.06118135, 0.03274855, -0.03274855), (0.06118135, 0.029380938, -0.035800777), (0.06118135, 0.025730371, -0.03850822), (0.06118135, 0.021832008, -0.040844813), (0.06118135, 0.017723389, -0.042788044), (0.06118135, 0.013444084, -0.044319205), (0.06118135, 0.009035305, -0.045423545), (0.06118135, 0.0045395116, -0.046090435), (0.06118135, 8.507642e-18, -0.046313446), (0.06118135, -0.0045395116, -0.046090435), (0.06118135, -0.009035305, -0.045423545), (0.06118135, -0.013444084, -0.044319205), (0.06118135, -0.017723389, -0.042788044), (0.06118135, -0.021832008, -0.040844813), (0.06118135, -0.025730371, -0.03850822), (0.06118135, -0.029380938, -0.035800777), (0.06118135, -0.03274855, -0.03274855), (0.06118135, -0.035800777, -0.029380938), (0.06118135, -0.03850822, -0.025730371), (0.06118135, -0.040844813, -0.021832008), (0.06118135, -0.042788044, -0.017723389), (0.06118135, -0.044319205, -0.013444084), (0.06118135, -0.045423545, -0.009035305), (0.06118135, -0.046090435, -0.0045395116), (0.06118135, -0.051762085, 0), (0.06118135, -0.051512837, 0.0050735716), (0.06118135, -0.050767493, 0.010098282), (0.06118135, -0.04953323, 0.0150257405), (0.06118135, -0.04782193, 0.019808494), (0.06118135, -0.045650084, 0.024400478), (0.06118135, -0.043038603, 0.028757473), (0.06118135, -0.040012635, 0.03283752), (0.06118135, -0.036601324, 0.036601324), (0.06118135, -0.03283752, 0.040012635), (0.06118135, -0.028757473, 0.043038603), (0.06118135, -0.024400478, 0.045650084), (0.06118135, -0.019808494, 0.04782193), (0.06118135, -0.0150257405, 0.04953323), (0.06118135, -0.010098282, 0.050767493), (0.06118135, -0.0050735716, 0.051512837), (0.06118135, -3.1695137e-18, 0.051762085), (0.06118135, 0.0050735716, 0.051512837), (0.06118135, 0.010098282, 0.050767493), (0.06118135, 0.0150257405, 0.04953323), (0.06118135, 0.019808494, 0.04782193), (0.06118135, 0.024400478, 0.045650084), (0.06118135, 0.028757473, 0.043038603), (0.06118135, 0.03283752, 0.040012635), (0.06118135, 0.036601324, 0.036601324), (0.06118135, 0.040012635, 0.03283752), (0.06118135, 0.043038603, 0.028757473), (0.06118135, 0.045650084, 0.024400478), (0.06118135, 0.04782193, 0.019808494), (0.06118135, 0.04953323, 0.0150257405), (0.06118135, 0.050767493, 0.010098282), (0.06118135, 0.051512837, 0.0050735716), (0.06118135, 0.051762085, 6.3390275e-18), (0.06118135, 0.051512837, -0.0050735716), (0.06118135, 0.050767493, -0.010098282), (0.06118135, 0.04953323, -0.0150257405), (0.06118135, 0.04782193, -0.019808494), (0.06118135, 0.045650084, -0.024400478), (0.06118135, 0.043038603, -0.028757473), (0.06118135, 0.040012635, -0.03283752), (0.06118135, 0.036601324, -0.036601324), (0.06118135, 0.03283752, -0.040012635), (0.06118135, 0.028757473, -0.043038603), (0.06118135, 0.024400478, -0.045650084), (0.06118135, 0.019808494, -0.04782193), (0.06118135, 0.0150257405, -0.04953323), (0.06118135, 0.010098282, -0.050767493), (0.06118135, 0.0050735716, -0.051512837), (0.06118135, 9.508541e-18, -0.051762085), (0.06118135, -0.0050735716, -0.051512837), (0.06118135, -0.010098282, -0.050767493), (0.06118135, -0.0150257405, -0.04953323), (0.06118135, -0.019808494, -0.04782193), (0.06118135, -0.024400478, -0.045650084), (0.06118135, -0.028757473, -0.043038603), (0.06118135, -0.03283752, -0.040012635), (0.06118135, -0.036601324, -0.036601324), (0.06118135, -0.040012635, -0.03283752), (0.06118135, -0.043038603, -0.028757473), (0.06118135, -0.045650084, -0.024400478), (0.06118135, -0.04782193, -0.019808494), (0.06118135, -0.04953323, -0.0150257405), (0.06118135, -0.050767493, -0.010098282), (0.06118135, -0.051512837, -0.0050735716), (0.06118135, -0.05721073, 0), (0.06118135, -0.05693524, 0.005607632), (0.06118135, -0.05611144, 0.011161259), (0.06118135, -0.054747254, 0.016607398), (0.06118135, -0.05285582, 0.021893598), (0.06118135, -0.050455358, 0.02696895), (0.06118135, -0.04756898, 0.031784575), (0.06118135, -0.04422449, 0.0362941), (0.06118135, -0.040454093, 0.040454093), (0.06118135, -0.0362941, 0.04422449), (0.06118135, -0.031784575, 0.04756898), (0.06118135, -0.02696895, 0.050455358), (0.06118135, -0.021893598, 0.05285582), (0.06118135, -0.016607398, 0.054747254), (0.06118135, -0.011161259, 0.05611144), (0.06118135, -0.005607632, 0.05693524), (0.06118135, -3.5031467e-18, 0.05721073), (0.06118135, 0.005607632, 0.05693524), (0.06118135, 0.011161259, 0.05611144), (0.06118135, 0.016607398, 0.054747254), (0.06118135, 0.021893598, 0.05285582), (0.06118135, 0.02696895, 0.050455358), (0.06118135, 0.031784575, 0.04756898), (0.06118135, 0.0362941, 0.04422449), (0.06118135, 0.040454093, 0.040454093), (0.06118135, 0.04422449, 0.0362941), (0.06118135, 0.04756898, 0.031784575), (0.06118135, 0.050455358, 0.02696895), (0.06118135, 0.05285582, 0.021893598), (0.06118135, 0.054747254, 0.016607398), (0.06118135, 0.05611144, 0.011161259), (0.06118135, 0.05693524, 0.005607632), (0.06118135, 0.05721073, 7.006293e-18), (0.06118135, 0.05693524, -0.005607632), (0.06118135, 0.05611144, -0.011161259), (0.06118135, 0.054747254, -0.016607398), (0.06118135, 0.05285582, -0.021893598), (0.06118135, 0.050455358, -0.02696895), (0.06118135, 0.04756898, -0.031784575), (0.06118135, 0.04422449, -0.0362941), (0.06118135, 0.040454093, -0.040454093), (0.06118135, 0.0362941, -0.04422449), (0.06118135, 0.031784575, -0.04756898), (0.06118135, 0.02696895, -0.050455358), (0.06118135, 0.021893598, -0.05285582), (0.06118135, 0.016607398, -0.054747254), (0.06118135, 0.011161259, -0.05611144), (0.06118135, 0.005607632, -0.05693524), (0.06118135, 1.050944e-17, -0.05721073), (0.06118135, -0.005607632, -0.05693524), (0.06118135, -0.011161259, -0.05611144), (0.06118135, -0.016607398, -0.054747254), (0.06118135, -0.021893598, -0.05285582), (0.06118135, -0.02696895, -0.050455358), (0.06118135, -0.031784575, -0.04756898), (0.06118135, -0.0362941, -0.04422449), (0.06118135, -0.040454093, -0.040454093), (0.06118135, -0.04422449, -0.0362941), (0.06118135, -0.04756898, -0.031784575), (0.06118135, -0.050455358, -0.02696895), (0.06118135, -0.05285582, -0.021893598), (0.06118135, -0.054747254, -0.016607398), (0.06118135, -0.05611144, -0.011161259), (0.06118135, -0.05693524, -0.005607632), (0.06118135, -0.06265937, 0), (0.06118135, -0.062357645, 0.006141692), (0.06118135, -0.061455384, 0.0122242365), (0.06118135, -0.059961274, 0.018189054), (0.06118135, -0.057889707, 0.0239787), (0.06118135, -0.05526063, 0.02953742), (0.06118135, -0.05209936, 0.03481168), (0.06118135, -0.048436347, 0.03975068), (0.06118135, -0.044306863, 0.044306863), (0.06118135, -0.03975068, 0.048436347), (0.06118135, -0.03481168, 0.05209936), (0.06118135, -0.02953742, 0.05526063), (0.06118135, -0.0239787, 0.057889707), (0.06118135, -0.018189054, 0.059961274), (0.06118135, -0.0122242365, 0.061455384), (0.06118135, -0.006141692, 0.062357645), (0.06118135, -3.8367797e-18, 0.06265937), (0.06118135, 0.006141692, 0.062357645), (0.06118135, 0.0122242365, 0.061455384), (0.06118135, 0.018189054, 0.059961274), (0.06118135, 0.0239787, 0.057889707), (0.06118135, 0.02953742, 0.05526063), (0.06118135, 0.03481168, 0.05209936), (0.06118135, 0.03975068, 0.048436347), (0.06118135, 0.044306863, 0.044306863), (0.06118135, 0.048436347, 0.03975068), (0.06118135, 0.05209936, 0.03481168), (0.06118135, 0.05526063, 0.02953742), (0.06118135, 0.057889707, 0.0239787), (0.06118135, 0.059961274, 0.018189054), (0.06118135, 0.061455384, 0.0122242365), (0.06118135, 0.062357645, 0.006141692), (0.06118135, 0.06265937, 7.673559e-18), (0.06118135, 0.062357645, -0.006141692), (0.06118135, 0.061455384, -0.0122242365), (0.06118135, 0.059961274, -0.018189054), (0.06118135, 0.057889707, -0.0239787), (0.06118135, 0.05526063, -0.02953742), (0.06118135, 0.05209936, -0.03481168), (0.06118135, 0.048436347, -0.03975068), (0.06118135, 0.044306863, -0.044306863), (0.06118135, 0.03975068, -0.048436347), (0.06118135, 0.03481168, -0.05209936), (0.06118135, 0.02953742, -0.05526063), (0.06118135, 0.0239787, -0.057889707), (0.06118135, 0.018189054, -0.059961274), (0.06118135, 0.0122242365, -0.061455384), (0.06118135, 0.006141692, -0.062357645), (0.06118135, 1.1510339e-17, -0.06265937), (0.06118135, -0.006141692, -0.062357645), (0.06118135, -0.0122242365, -0.061455384), (0.06118135, -0.018189054, -0.059961274), (0.06118135, -0.0239787, -0.057889707), (0.06118135, -0.02953742, -0.05526063), (0.06118135, -0.03481168, -0.05209936), (0.06118135, -0.03975068, -0.048436347), (0.06118135, -0.044306863, -0.044306863), (0.06118135, -0.048436347, -0.03975068), (0.06118135, -0.05209936, -0.03481168), (0.06118135, -0.05526063, -0.02953742), (0.06118135, -0.057889707, -0.0239787), (0.06118135, -0.059961274, -0.018189054), (0.06118135, -0.061455384, -0.0122242365), (0.06118135, -0.062357645, -0.006141692), (0.06118135, -0.06810801, 0), (0.06118135, -0.06778005, 0.0066757523), (0.06118135, -0.066799335, 0.013287214), (0.06118135, -0.0651753, 0.019770712), (0.06118135, -0.062923595, 0.026063805), (0.06118135, -0.0600659, 0.032105893), (0.06118135, -0.05662974, 0.037838783), (0.06118135, -0.0526482, 0.04320726), (0.06118135, -0.048159633, 0.048159633), (0.06118135, -0.04320726, 0.0526482), (0.06118135, -0.037838783, 0.05662974), (0.06118135, -0.032105893, 0.0600659), (0.06118135, -0.026063805, 0.062923595), (0.06118135, -0.019770712, 0.0651753), (0.06118135, -0.013287214, 0.066799335), (0.06118135, -0.0066757523, 0.06778005), (0.06118135, -4.1704126e-18, 0.06810801), (0.06118135, 0.0066757523, 0.06778005), (0.06118135, 0.013287214, 0.066799335), (0.06118135, 0.019770712, 0.0651753), (0.06118135, 0.026063805, 0.062923595), (0.06118135, 0.032105893, 0.0600659), (0.06118135, 0.037838783, 0.05662974), (0.06118135, 0.04320726, 0.0526482), (0.06118135, 0.048159633, 0.048159633), (0.06118135, 0.0526482, 0.04320726), (0.06118135, 0.05662974, 0.037838783), (0.06118135, 0.0600659, 0.032105893), (0.06118135, 0.062923595, 0.026063805), (0.06118135, 0.0651753, 0.019770712), (0.06118135, 0.066799335, 0.013287214), (0.06118135, 0.06778005, 0.0066757523), (0.06118135, 0.06810801, 8.340825e-18), (0.06118135, 0.06778005, -0.0066757523), (0.06118135, 0.066799335, -0.013287214), (0.06118135, 0.0651753, -0.019770712), (0.06118135, 0.062923595, -0.026063805), (0.06118135, 0.0600659, -0.032105893), (0.06118135, 0.05662974, -0.037838783), (0.06118135, 0.0526482, -0.04320726), (0.06118135, 0.048159633, -0.048159633), (0.06118135, 0.04320726, -0.0526482), (0.06118135, 0.037838783, -0.05662974), (0.06118135, 0.032105893, -0.0600659), (0.06118135, 0.026063805, -0.062923595), (0.06118135, 0.019770712, -0.0651753), (0.06118135, 0.013287214, -0.066799335), (0.06118135, 0.0066757523, -0.06778005), (0.06118135, 1.2511238e-17, -0.06810801), (0.06118135, -0.0066757523, -0.06778005), (0.06118135, -0.013287214, -0.066799335), (0.06118135, -0.019770712, -0.0651753), (0.06118135, -0.026063805, -0.062923595), (0.06118135, -0.032105893, -0.0600659), (0.06118135, -0.037838783, -0.05662974), (0.06118135, -0.04320726, -0.0526482), (0.06118135, -0.048159633, -0.048159633), (0.06118135, -0.0526482, -0.04320726), (0.06118135, -0.05662974, -0.037838783), (0.06118135, -0.0600659, -0.032105893), (0.06118135, -0.062923595, -0.026063805), (0.06118135, -0.0651753, -0.019770712), (0.06118135, -0.066799335, -0.013287214), (0.06118135, -0.06778005, -0.0066757523), (0.06118135, -0.07355665, 0), (0.06118135, -0.07320245, 0.0072098123), (0.06118135, -0.07214328, 0.01435019), (0.06118135, -0.07038932, 0.021352367), (0.06118135, -0.06795748, 0.02814891), (0.06118135, -0.06487117, 0.034674365), (0.06118135, -0.061160117, 0.040865883), (0.06118135, -0.05686006, 0.046663843), (0.06118135, -0.052012406, 0.052012406), (0.06118135, -0.046663843, 0.05686006), (0.06118135, -0.040865883, 0.061160117), (0.06118135, -0.034674365, 0.06487117), (0.06118135, -0.02814891, 0.06795748), (0.06118135, -0.021352367, 0.07038932), (0.06118135, -0.01435019, 0.07214328), (0.06118135, -0.0072098123, 0.07320245), (0.06118135, -4.5040456e-18, 0.07355665), (0.06118135, 0.0072098123, 0.07320245), (0.06118135, 0.01435019, 0.07214328), (0.06118135, 0.021352367, 0.07038932), (0.06118135, 0.02814891, 0.06795748), (0.06118135, 0.034674365, 0.06487117), (0.06118135, 0.040865883, 0.061160117), (0.06118135, 0.046663843, 0.05686006), (0.06118135, 0.052012406, 0.052012406), (0.06118135, 0.05686006, 0.046663843), (0.06118135, 0.061160117, 0.040865883), (0.06118135, 0.06487117, 0.034674365), (0.06118135, 0.06795748, 0.02814891), (0.06118135, 0.07038932, 0.021352367), (0.06118135, 0.07214328, 0.01435019), (0.06118135, 0.07320245, 0.0072098123), (0.06118135, 0.07355665, 9.008091e-18), (0.06118135, 0.07320245, -0.0072098123), (0.06118135, 0.07214328, -0.01435019), (0.06118135, 0.07038932, -0.021352367), (0.06118135, 0.06795748, -0.02814891), (0.06118135, 0.06487117, -0.034674365), (0.06118135, 0.061160117, -0.040865883), (0.06118135, 0.05686006, -0.046663843), (0.06118135, 0.052012406, -0.052012406), (0.06118135, 0.046663843, -0.05686006), (0.06118135, 0.040865883, -0.061160117), (0.06118135, 0.034674365, -0.06487117), (0.06118135, 0.02814891, -0.06795748), (0.06118135, 0.021352367, -0.07038932), (0.06118135, 0.01435019, -0.07214328), (0.06118135, 0.0072098123, -0.07320245), (0.06118135, 1.3512137e-17, -0.07355665), (0.06118135, -0.0072098123, -0.07320245), (0.06118135, -0.01435019, -0.07214328), (0.06118135, -0.021352367, -0.07038932), (0.06118135, -0.02814891, -0.06795748), (0.06118135, -0.034674365, -0.06487117), (0.06118135, -0.040865883, -0.061160117), (0.06118135, -0.046663843, -0.05686006), (0.06118135, -0.052012406, -0.052012406), (0.06118135, -0.05686006, -0.046663843), (0.06118135, -0.061160117, -0.040865883), (0.06118135, -0.06487117, -0.034674365), (0.06118135, -0.06795748, -0.02814891), (0.06118135, -0.07038932, -0.021352367), (0.06118135, -0.07214328, -0.01435019), (0.06118135, -0.07320245, -0.0072098123), (0.06118135, -0.079005286, 0), (0.06118135, -0.07862486, 0.0077438727), (0.06118135, -0.07748722, 0.015413167), (0.06118135, -0.07560335, 0.022934025), (0.06118135, -0.07299137, 0.030234015), (0.06118135, -0.069676444, 0.037242837), (0.06118135, -0.065690495, 0.043892987), (0.06118135, -0.061071914, 0.050120424), (0.06118135, -0.055865176, 0.055865176), (0.06118135, -0.050120424, 0.061071914), (0.06118135, -0.043892987, 0.065690495), (0.06118135, -0.037242837, 0.069676444), (0.06118135, -0.030234015, 0.07299137), (0.06118135, -0.022934025, 0.07560335), (0.06118135, -0.015413167, 0.07748722), (0.06118135, -0.0077438727, 0.07862486), (0.06118135, -4.8376785e-18, 0.079005286), (0.06118135, 0.0077438727, 0.07862486), (0.06118135, 0.015413167, 0.07748722), (0.06118135, 0.022934025, 0.07560335), (0.06118135, 0.030234015, 0.07299137), (0.06118135, 0.037242837, 0.069676444), (0.06118135, 0.043892987, 0.065690495), (0.06118135, 0.050120424, 0.061071914), (0.06118135, 0.055865176, 0.055865176), (0.06118135, 0.061071914, 0.050120424), (0.06118135, 0.065690495, 0.043892987), (0.06118135, 0.069676444, 0.037242837), (0.06118135, 0.07299137, 0.030234015), (0.06118135, 0.07560335, 0.022934025), (0.06118135, 0.07748722, 0.015413167), (0.06118135, 0.07862486, 0.0077438727), (0.06118135, 0.079005286, 9.675357e-18), (0.06118135, 0.07862486, -0.0077438727), (0.06118135, 0.07748722, -0.015413167), (0.06118135, 0.07560335, -0.022934025), (0.06118135, 0.07299137, -0.030234015), (0.06118135, 0.069676444, -0.037242837), (0.06118135, 0.065690495, -0.043892987), (0.06118135, 0.061071914, -0.050120424), (0.06118135, 0.055865176, -0.055865176), (0.06118135, 0.050120424, -0.061071914), (0.06118135, 0.043892987, -0.065690495), (0.06118135, 0.037242837, -0.069676444), (0.06118135, 0.030234015, -0.07299137), (0.06118135, 0.022934025, -0.07560335), (0.06118135, 0.015413167, -0.07748722), (0.06118135, 0.0077438727, -0.07862486), (0.06118135, 1.4513036e-17, -0.079005286), (0.06118135, -0.0077438727, -0.07862486), (0.06118135, -0.015413167, -0.07748722), (0.06118135, -0.022934025, -0.07560335), (0.06118135, -0.030234015, -0.07299137), (0.06118135, -0.037242837, -0.069676444), (0.06118135, -0.043892987, -0.065690495), (0.06118135, -0.050120424, -0.061071914), (0.06118135, -0.055865176, -0.055865176), (0.06118135, -0.061071914, -0.050120424), (0.06118135, -0.065690495, -0.043892987), (0.06118135, -0.069676444, -0.037242837), (0.06118135, -0.07299137, -0.030234015), (0.06118135, -0.07560335, -0.022934025), (0.06118135, -0.07748722, -0.015413167), (0.06118135, -0.07862486, -0.0077438727), (0.0611813, -0.08445393, 0), (0.0611813, -0.08404726, 0.008277933), (0.0611813, -0.082831174, 0.016476145), (0.0611813, -0.08081737, 0.024515681), (0.0611813, -0.07802526, 0.03231912), (0.0611813, -0.07448172, 0.039811306), (0.0611813, -0.07022087, 0.04692009), (0.0611813, -0.06528377, 0.053577006), (0.0611813, -0.059717946, 0.059717946), (0.0611813, -0.053577006, 0.06528377), (0.0611813, -0.04692009, 0.07022087), (0.0611813, -0.039811306, 0.07448172), (0.0611813, -0.03231912, 0.07802526), (0.0611813, -0.024515681, 0.08081737), (0.0611813, -0.016476145, 0.082831174), (0.0611813, -0.008277933, 0.08404726), (0.0611813, -5.171312e-18, 0.08445393), (0.0611813, 0.008277933, 0.08404726), (0.0611813, 0.016476145, 0.082831174), (0.0611813, 0.024515681, 0.08081737), (0.0611813, 0.03231912, 0.07802526), (0.0611813, 0.039811306, 0.07448172), (0.0611813, 0.04692009, 0.07022087), (0.0611813, 0.053577006, 0.06528377), (0.0611813, 0.059717946, 0.059717946), (0.0611813, 0.06528377, 0.053577006), (0.0611813, 0.07022087, 0.04692009), (0.0611813, 0.07448172, 0.039811306), (0.0611813, 0.07802526, 0.03231912), (0.0611813, 0.08081737, 0.024515681), (0.0611813, 0.082831174, 0.016476145), (0.0611813, 0.08404726, 0.008277933), (0.0611813, 0.08445393, 1.0342624e-17), (0.0611813, 0.08404726, -0.008277933), (0.0611813, 0.082831174, -0.016476145), (0.0611813, 0.08081737, -0.024515681), (0.0611813, 0.07802526, -0.03231912), (0.0611813, 0.07448172, -0.039811306), (0.0611813, 0.07022087, -0.04692009), (0.0611813, 0.06528377, -0.053577006), (0.0611813, 0.059717946, -0.059717946), (0.0611813, 0.053577006, -0.06528377), (0.0611813, 0.04692009, -0.07022087), (0.0611813, 0.039811306, -0.07448172), (0.0611813, 0.03231912, -0.07802526), (0.0611813, 0.024515681, -0.08081737), (0.0611813, 0.016476145, -0.082831174), (0.0611813, 0.008277933, -0.08404726), (0.0611813, 1.5513935e-17, -0.08445393), (0.0611813, -0.008277933, -0.08404726), (0.0611813, -0.016476145, -0.082831174), (0.0611813, -0.024515681, -0.08081737), (0.0611813, -0.03231912, -0.07802526), (0.0611813, -0.039811306, -0.07448172), (0.0611813, -0.04692009, -0.07022087), (0.0611813, -0.053577006, -0.06528377), (0.0611813, -0.059717946, -0.059717946), (0.0611813, -0.06528377, -0.053577006), (0.0611813, -0.07022087, -0.04692009), (0.0611813, -0.07448172, -0.039811306), (0.0611813, -0.07802526, -0.03231912), (0.0611813, -0.08081737, -0.024515681), (0.0611813, -0.082831174, -0.016476145), (0.0611813, -0.08404726, -0.008277933), (0.061181244, -0.08990257, 0), (0.061181244, -0.089469664, 0.008811993), (0.061181244, -0.08817512, 0.017539121), (0.061181244, -0.0860314, 0.026097339), (0.061181244, -0.08305915, 0.034404226), (0.061181244, -0.079286985, 0.042379778), (0.061181244, -0.07475126, 0.04994719), (0.061181244, -0.069495626, 0.057033587), (0.061181244, -0.063570715, 0.063570715), (0.061181244, -0.057033587, 0.069495626), (0.061181244, -0.04994719, 0.07475126), (0.061181244, -0.042379778, 0.079286985), (0.061181244, -0.034404226, 0.08305915), (0.061181244, -0.026097339, 0.0860314), (0.061181244, -0.017539121, 0.08817512), (0.061181244, -0.008811993, 0.089469664), (0.061181244, -5.504945e-18, 0.08990257), (0.061181244, 0.008811993, 0.089469664), (0.061181244, 0.017539121, 0.08817512), (0.061181244, 0.026097339, 0.0860314), (0.061181244, 0.034404226, 0.08305915), (0.061181244, 0.042379778, 0.079286985), (0.061181244, 0.04994719, 0.07475126), (0.061181244, 0.057033587, 0.069495626), (0.061181244, 0.063570715, 0.063570715), (0.061181244, 0.069495626, 0.057033587), (0.061181244, 0.07475126, 0.04994719), (0.061181244, 0.079286985, 0.042379778), (0.061181244, 0.08305915, 0.034404226), (0.061181244, 0.0860314, 0.026097339), (0.061181244, 0.08817512, 0.017539121), (0.061181244, 0.089469664, 0.008811993), (0.061181244, 0.08990257, 1.100989e-17), (0.061181244, 0.089469664, -0.008811993), (0.061181244, 0.08817512, -0.017539121), (0.061181244, 0.0860314, -0.026097339), (0.061181244, 0.08305915, -0.034404226), (0.061181244, 0.079286985, -0.042379778), (0.061181244, 0.07475126, -0.04994719), (0.061181244, 0.069495626, -0.057033587), (0.061181244, 0.063570715, -0.063570715), (0.061181244, 0.057033587, -0.069495626), (0.061181244, 0.04994719, -0.07475126), (0.061181244, 0.042379778, -0.079286985), (0.061181244, 0.034404226, -0.08305915), (0.061181244, 0.026097339, -0.0860314), (0.061181244, 0.017539121, -0.08817512), (0.061181244, 0.008811993, -0.089469664), (0.061181244, 1.6514835e-17, -0.08990257), (0.061181244, -0.008811993, -0.089469664), (0.061181244, -0.017539121, -0.08817512), (0.061181244, -0.026097339, -0.0860314), (0.061181244, -0.034404226, -0.08305915), (0.061181244, -0.042379778, -0.079286985), (0.061181244, -0.04994719, -0.07475126), (0.061181244, -0.057033587, -0.069495626), (0.061181244, -0.063570715, -0.063570715), (0.061181244, -0.069495626, -0.057033587), (0.061181244, -0.07475126, -0.04994719), (0.061181244, -0.079286985, -0.042379778), (0.061181244, -0.08305915, -0.034404226), (0.061181244, -0.0860314, -0.026097339), (0.061181244, -0.08817512, -0.017539121), (0.061181244, -0.089469664, -0.008811993), (0.06118119, -0.09535121, 0), (0.06118119, -0.09489207, 0.009346053), (0.06118119, -0.09351906, 0.0186021), (0.06118119, -0.09124542, 0.027678996), (0.06118119, -0.088093035, 0.03648933), (0.06118119, -0.08409226, 0.04494825), (0.06118119, -0.079281636, 0.052974295), (0.06118119, -0.07370748, 0.06049017), (0.06118119, -0.067423485, 0.067423485), (0.06118119, -0.06049017, 0.07370748), (0.06118119, -0.052974295, 0.079281636), (0.06118119, -0.04494825, 0.08409226), (0.06118119, -0.03648933, 0.088093035), (0.06118119, -0.027678996, 0.09124542), (0.06118119, -0.0186021, 0.09351906), (0.06118119, -0.009346053, 0.09489207), (0.06118119, -5.838578e-18, 0.09535121), (0.06118119, 0.009346053, 0.09489207), (0.06118119, 0.0186021, 0.09351906), (0.06118119, 0.027678996, 0.09124542), (0.06118119, 0.03648933, 0.088093035), (0.06118119, 0.04494825, 0.08409226), (0.06118119, 0.052974295, 0.079281636), (0.06118119, 0.06049017, 0.07370748), (0.06118119, 0.067423485, 0.067423485), (0.06118119, 0.07370748, 0.06049017), (0.06118119, 0.079281636, 0.052974295), (0.06118119, 0.08409226, 0.04494825), (0.06118119, 0.088093035, 0.03648933), (0.06118119, 0.09124542, 0.027678996), (0.06118119, 0.09351906, 0.0186021), (0.06118119, 0.09489207, 0.009346053), (0.06118119, 0.09535121, 1.1677156e-17), (0.06118119, 0.09489207, -0.009346053), (0.06118119, 0.09351906, -0.0186021), (0.06118119, 0.09124542, -0.027678996), (0.06118119, 0.088093035, -0.03648933), (0.06118119, 0.08409226, -0.04494825), (0.06118119, 0.079281636, -0.052974295), (0.06118119, 0.07370748, -0.06049017), (0.06118119, 0.067423485, -0.067423485), (0.06118119, 0.06049017, -0.07370748), (0.06118119, 0.052974295, -0.079281636), (0.06118119, 0.04494825, -0.08409226), (0.06118119, 0.03648933, -0.088093035), (0.06118119, 0.027678996, -0.09124542), (0.06118119, 0.0186021, -0.09351906), (0.06118119, 0.009346053, -0.09489207), (0.06118119, 1.7515733e-17, -0.09535121), (0.06118119, -0.009346053, -0.09489207), (0.06118119, -0.0186021, -0.09351906), (0.06118119, -0.027678996, -0.09124542), (0.06118119, -0.03648933, -0.088093035), (0.06118119, -0.04494825, -0.08409226), (0.06118119, -0.052974295, -0.079281636), (0.06118119, -0.06049017, -0.07370748), (0.06118119, -0.067423485, -0.067423485), (0.06118119, -0.07370748, -0.06049017), (0.06118119, -0.079281636, -0.052974295), (0.06118119, -0.08409226, -0.04494825), (0.06118119, -0.088093035, -0.03648933), (0.06118119, -0.09124542, -0.027678996), (0.06118119, -0.09351906, -0.0186021), (0.06118119, -0.09489207, -0.009346053), (0.088911176, -0.10079985, 0), (0.088911176, -0.100314476, 0.009880113), (0.088911176, -0.09886301, 0.019665075), (0.088911176, -0.09645944, 0.029260652), (0.088911176, -0.09312692, 0.038574435), (0.088911176, -0.08889753, 0.047516722), (0.088911176, -0.08381201, 0.0560014), (0.088911176, -0.07791934, 0.06394675), (0.088911176, -0.07127626, 0.07127626), (0.088911176, -0.06394675, 0.07791934), (0.088911176, -0.0560014, 0.08381201), (0.088911176, -0.047516722, 0.08889753), (0.088911176, -0.038574435, 0.09312692), (0.088911176, -0.029260652, 0.09645944), (0.088911176, -0.019665075, 0.09886301), (0.088911176, -0.009880113, 0.100314476), (0.088911176, -6.172211e-18, 0.10079985), (0.088911176, 0.009880113, 0.100314476), (0.088911176, 0.019665075, 0.09886301), (0.088911176, 0.029260652, 0.09645944), (0.088911176, 0.038574435, 0.09312692), (0.088911176, 0.047516722, 0.08889753), (0.088911176, 0.0560014, 0.08381201), (0.088911176, 0.06394675, 0.07791934), (0.088911176, 0.07127626, 0.07127626), (0.088911176, 0.07791934, 0.06394675), (0.088911176, 0.08381201, 0.0560014), (0.088911176, 0.08889753, 0.047516722), (0.088911176, 0.09312692, 0.038574435), (0.088911176, 0.09645944, 0.029260652), (0.088911176, 0.09886301, 0.019665075), (0.088911176, 0.100314476, 0.009880113), (0.088911176, 0.10079985, 1.2344422e-17), (0.088911176, 0.100314476, -0.009880113), (0.088911176, 0.09886301, -0.019665075), (0.088911176, 0.09645944, -0.029260652), (0.088911176, 0.09312692, -0.038574435), (0.088911176, 0.08889753, -0.047516722), (0.088911176, 0.08381201, -0.0560014), (0.088911176, 0.07791934, -0.06394675), (0.088911176, 0.07127626, -0.07127626), (0.088911176, 0.06394675, -0.07791934), (0.088911176, 0.0560014, -0.08381201), (0.088911176, 0.047516722, -0.08889753), (0.088911176, 0.038574435, -0.09312692), (0.088911176, 0.029260652, -0.09645944), (0.088911176, 0.019665075, -0.09886301), (0.088911176, 0.009880113, -0.100314476), (0.088911176, 1.8516632e-17, -0.10079985), (0.088911176, -0.009880113, -0.100314476), (0.088911176, -0.019665075, -0.09886301), (0.088911176, -0.029260652, -0.09645944), (0.088911176, -0.038574435, -0.09312692), (0.088911176, -0.047516722, -0.08889753), (0.088911176, -0.0560014, -0.08381201), (0.088911176, -0.06394675, -0.07791934), (0.088911176, -0.07127626, -0.07127626), (0.088911176, -0.07791934, -0.06394675), (0.088911176, -0.08381201, -0.0560014), (0.088911176, -0.08889753, -0.047516722), (0.088911176, -0.09312692, -0.038574435), (0.088911176, -0.09645944, -0.029260652), (0.088911176, -0.09886301, -0.019665075), (0.088911176, -0.100314476, -0.009880113), (0.08895332, -0.10624849, 0), (0.08895332, -0.105736874, 0.010414174), (0.08895332, -0.10420696, 0.020728052), (0.08895332, -0.10167347, 0.03084231), (0.08895332, -0.09816081, 0.04065954), (0.08895332, -0.09370281, 0.050085194), (0.08895332, -0.08834239, 0.0590285), (0.08895332, -0.08213119, 0.06740333), (0.08895332, -0.07512903, 0.07512903), (0.08895332, -0.06740333, 0.08213119), (0.08895332, -0.0590285, 0.08834239), (0.08895332, -0.050085194, 0.09370281), (0.08895332, -0.04065954, 0.09816081), (0.08895332, -0.03084231, 0.10167347), (0.08895332, -0.020728052, 0.10420696), (0.08895332, -0.010414174, 0.105736874), (0.08895332, -6.5058438e-18, 0.10624849), (0.08895332, 0.010414174, 0.105736874), (0.08895332, 0.020728052, 0.10420696), (0.08895332, 0.03084231, 0.10167347), (0.08895332, 0.04065954, 0.09816081), (0.08895332, 0.050085194, 0.09370281), (0.08895332, 0.0590285, 0.08834239), (0.08895332, 0.06740333, 0.08213119), (0.08895332, 0.07512903, 0.07512903), (0.08895332, 0.08213119, 0.06740333), (0.08895332, 0.08834239, 0.0590285), (0.08895332, 0.09370281, 0.050085194), (0.08895332, 0.09816081, 0.04065954), (0.08895332, 0.10167347, 0.03084231), (0.08895332, 0.10420696, 0.020728052), (0.08895332, 0.105736874, 0.010414174), (0.08895332, 0.10624849, 1.30116875e-17), (0.08895332, 0.105736874, -0.010414174), (0.08895332, 0.10420696, -0.020728052), (0.08895332, 0.10167347, -0.03084231), (0.08895332, 0.09816081, -0.04065954), (0.08895332, 0.09370281, -0.050085194), (0.08895332, 0.08834239, -0.0590285), (0.08895332, 0.08213119, -0.06740333), (0.08895332, 0.07512903, -0.07512903), (0.08895332, 0.06740333, -0.08213119), (0.08895332, 0.0590285, -0.08834239), (0.08895332, 0.050085194, -0.09370281), (0.08895332, 0.04065954, -0.09816081), (0.08895332, 0.03084231, -0.10167347), (0.08895332, 0.020728052, -0.10420696), (0.08895332, 0.010414174, -0.105736874), (0.08895332, 1.9517532e-17, -0.10624849), (0.08895332, -0.010414174, -0.105736874), (0.08895332, -0.020728052, -0.10420696), (0.08895332, -0.03084231, -0.10167347), (0.08895332, -0.04065954, -0.09816081), (0.08895332, -0.050085194, -0.09370281), (0.08895332, -0.0590285, -0.08834239), (0.08895332, -0.06740333, -0.08213119), (0.08895332, -0.07512903, -0.07512903), (0.08895332, -0.08213119, -0.06740333), (0.08895332, -0.08834239, -0.0590285), (0.08895332, -0.09370281, -0.050085194), (0.08895332, -0.09816081, -0.04065954), (0.08895332, -0.10167347, -0.03084231), (0.08895332, -0.10420696, -0.020728052), (0.08895332, -0.105736874, -0.010414174), (0.0905277, -0.11169713, 0), (0.0905277, -0.11115928, 0.010948233), (0.0905277, -0.1095509, 0.02179103), (0.0905277, -0.10688749, 0.032423966), (0.0905277, -0.1031947, 0.042744644), (0.0905277, -0.098508075, 0.052653663), (0.0905277, -0.09287277, 0.062055603), (0.0905277, -0.08634305, 0.07085991), (0.0905277, -0.0789818, 0.0789818), (0.0905277, -0.07085991, 0.08634305), (0.0905277, -0.062055603, 0.09287277), (0.0905277, -0.052653663, 0.098508075), (0.0905277, -0.042744644, 0.1031947), (0.0905277, -0.032423966, 0.10688749), (0.0905277, -0.02179103, 0.1095509), (0.0905277, -0.010948233, 0.11115928), (0.0905277, -6.8394767e-18, 0.11169713), (0.0905277, 0.010948233, 0.11115928), (0.0905277, 0.02179103, 0.1095509), (0.0905277, 0.032423966, 0.10688749), (0.0905277, 0.042744644, 0.1031947), (0.0905277, 0.052653663, 0.098508075), (0.0905277, 0.062055603, 0.09287277), (0.0905277, 0.07085991, 0.08634305), (0.0905277, 0.0789818, 0.0789818), (0.0905277, 0.08634305, 0.07085991), (0.0905277, 0.09287277, 0.062055603), (0.0905277, 0.098508075, 0.052653663), (0.0905277, 0.1031947, 0.042744644), (0.0905277, 0.10688749, 0.032423966), (0.0905277, 0.1095509, 0.02179103), (0.0905277, 0.11115928, 0.010948233), (0.0905277, 0.11169713, 1.36789534e-17), (0.0905277, 0.11115928, -0.010948233), (0.0905277, 0.1095509, -0.02179103), (0.0905277, 0.10688749, -0.032423966), (0.0905277, 0.1031947, -0.042744644), (0.0905277, 0.098508075, -0.052653663), (0.0905277, 0.09287277, -0.062055603), (0.0905277, 0.08634305, -0.07085991), (0.0905277, 0.0789818, -0.0789818), (0.0905277, 0.07085991, -0.08634305), (0.0905277, 0.062055603, -0.09287277), (0.0905277, 0.052653663, -0.098508075), (0.0905277, 0.042744644, -0.1031947), (0.0905277, 0.032423966, -0.10688749), (0.0905277, 0.02179103, -0.1095509), (0.0905277, 0.010948233, -0.11115928), (0.0905277, 2.051843e-17, -0.11169713), (0.0905277, -0.010948233, -0.11115928), (0.0905277, -0.02179103, -0.1095509), (0.0905277, -0.032423966, -0.10688749), (0.0905277, -0.042744644, -0.1031947), (0.0905277, -0.052653663, -0.098508075), (0.0905277, -0.062055603, -0.09287277), (0.0905277, -0.07085991, -0.08634305), (0.0905277, -0.0789818, -0.0789818), (0.0905277, -0.08634305, -0.07085991), (0.0905277, -0.09287277, -0.062055603), (0.0905277, -0.098508075, -0.052653663), (0.0905277, -0.1031947, -0.042744644), (0.0905277, -0.10688749, -0.032423966), (0.0905277, -0.1095509, -0.02179103), (0.0905277, -0.11115928, -0.010948233), (0.10099804, -0.11714578, 0), (0.10099804, -0.116581686, 0.011482294), (0.10099804, -0.11489485, 0.022854006), (0.10099804, -0.11210152, 0.034005623), (0.10099804, -0.10822858, 0.04482975), (0.10099804, -0.10331335, 0.055222135), (0.10099804, -0.097403154, 0.06508271), (0.10099804, -0.09055491, 0.074316494), (0.10099804, -0.08283457, 0.08283457), (0.10099804, -0.074316494, 0.09055491), (0.10099804, -0.06508271, 0.097403154), (0.10099804, -0.055222135, 0.10331335), (0.10099804, -0.04482975, 0.10822858), (0.10099804, -0.034005623, 0.11210152), (0.10099804, -0.022854006, 0.11489485), (0.10099804, -0.011482294, 0.116581686), (0.10099804, -7.17311e-18, 0.11714578), (0.10099804, 0.011482294, 0.116581686), (0.10099804, 0.022854006, 0.11489485), (0.10099804, 0.034005623, 0.11210152), (0.10099804, 0.04482975, 0.10822858), (0.10099804, 0.055222135, 0.10331335), (0.10099804, 0.06508271, 0.097403154), (0.10099804, 0.074316494, 0.09055491), (0.10099804, 0.08283457, 0.08283457), (0.10099804, 0.09055491, 0.074316494), (0.10099804, 0.097403154, 0.06508271), (0.10099804, 0.10331335, 0.055222135), (0.10099804, 0.10822858, 0.04482975), (0.10099804, 0.11210152, 0.034005623), (0.10099804, 0.11489485, 0.022854006), (0.10099804, 0.116581686, 0.011482294), (0.10099804, 0.11714578, 1.434622e-17), (0.10099804, 0.116581686, -0.011482294), (0.10099804, 0.11489485, -0.022854006), (0.10099804, 0.11210152, -0.034005623), (0.10099804, 0.10822858, -0.04482975), (0.10099804, 0.10331335, -0.055222135), (0.10099804, 0.097403154, -0.06508271), (0.10099804, 0.09055491, -0.074316494), (0.10099804, 0.08283457, -0.08283457), (0.10099804, 0.074316494, -0.09055491), (0.10099804, 0.06508271, -0.097403154), (0.10099804, 0.055222135, -0.10331335), (0.10099804, 0.04482975, -0.10822858), (0.10099804, 0.034005623, -0.11210152), (0.10099804, 0.022854006, -0.11489485), (0.10099804, 0.011482294, -0.116581686), (0.10099804, 2.151933e-17, -0.11714578), (0.10099804, -0.011482294, -0.116581686), (0.10099804, -0.022854006, -0.11489485), (0.10099804, -0.034005623, -0.11210152), (0.10099804, -0.04482975, -0.10822858), (0.10099804, -0.055222135, -0.10331335), (0.10099804, -0.06508271, -0.097403154), (0.10099804, -0.074316494, -0.09055491), (0.10099804, -0.08283457, -0.08283457), (0.10099804, -0.09055491, -0.074316494), (0.10099804, -0.097403154, -0.06508271), (0.10099804, -0.10331335, -0.055222135), (0.10099804, -0.10822858, -0.04482975), (0.10099804, -0.11210152, -0.034005623), (0.10099804, -0.11489485, -0.022854006), (0.10099804, -0.116581686, -0.011482294), (0.10134047, -0.122594416, 0), (0.10134047, -0.12200409, 0.012016354), (0.10134047, -0.120238796, 0.023916984), (0.10134047, -0.11731554, 0.03558728), (0.10134047, -0.11326247, 0.04691485), (0.10134047, -0.10811862, 0.057790607), (0.10134047, -0.10193353, 0.06810981), (0.10134047, -0.094766766, 0.07777307), (0.10134047, -0.08668734, 0.08668734), (0.10134047, -0.07777307, 0.094766766), (0.10134047, -0.06810981, 0.10193353), (0.10134047, -0.057790607, 0.10811862), (0.10134047, -0.04691485, 0.11326247), (0.10134047, -0.03558728, 0.11731554), (0.10134047, -0.023916984, 0.120238796), (0.10134047, -0.012016354, 0.12200409), (0.10134047, -7.506743e-18, 0.122594416), (0.10134047, 0.012016354, 0.12200409), (0.10134047, 0.023916984, 0.120238796), (0.10134047, 0.03558728, 0.11731554), (0.10134047, 0.04691485, 0.11326247), (0.10134047, 0.057790607, 0.10811862), (0.10134047, 0.06810981, 0.10193353), (0.10134047, 0.07777307, 0.094766766), (0.10134047, 0.08668734, 0.08668734), (0.10134047, 0.094766766, 0.07777307), (0.10134047, 0.10193353, 0.06810981), (0.10134047, 0.10811862, 0.057790607), (0.10134047, 0.11326247, 0.04691485), (0.10134047, 0.11731554, 0.03558728), (0.10134047, 0.120238796, 0.023916984), (0.10134047, 0.12200409, 0.012016354), (0.10134047, 0.122594416, 1.5013485e-17), (0.10134047, 0.12200409, -0.012016354), (0.10134047, 0.120238796, -0.023916984), (0.10134047, 0.11731554, -0.03558728), (0.10134047, 0.11326247, -0.04691485), (0.10134047, 0.10811862, -0.057790607), (0.10134047, 0.10193353, -0.06810981), (0.10134047, 0.094766766, -0.07777307), (0.10134047, 0.08668734, -0.08668734), (0.10134047, 0.07777307, -0.094766766), (0.10134047, 0.06810981, -0.10193353), (0.10134047, 0.057790607, -0.10811862), (0.10134047, 0.04691485, -0.11326247), (0.10134047, 0.03558728, -0.11731554), (0.10134047, 0.023916984, -0.120238796), (0.10134047, 0.012016354, -0.12200409), (0.10134047, 2.2520229e-17, -0.122594416), (0.10134047, -0.012016354, -0.12200409), (0.10134047, -0.023916984, -0.120238796), (0.10134047, -0.03558728, -0.11731554), (0.10134047, -0.04691485, -0.11326247), (0.10134047, -0.057790607, -0.10811862), (0.10134047, -0.06810981, -0.10193353), (0.10134047, -0.07777307, -0.094766766), (0.10134047, -0.08668734, -0.08668734), (0.10134047, -0.094766766, -0.07777307), (0.10134047, -0.10193353, -0.06810981), (0.10134047, -0.10811862, -0.057790607), (0.10134047, -0.11326247, -0.04691485), (0.10134047, -0.11731554, -0.03558728), (0.10134047, -0.120238796, -0.023916984), (0.10134047, -0.12200409, -0.012016354), (0.10168292, -0.12804306, 0), (0.10168292, -0.12742649, 0.012550415), (0.10168292, -0.12558274, 0.02497996), (0.10168292, -0.12252957, 0.03716894), (0.10168292, -0.118296355, 0.048999954), (0.10168292, -0.11292389, 0.06035908), (0.10168292, -0.10646391, 0.07113691), (0.10168292, -0.09897862, 0.08122966), (0.10168292, -0.09054011, 0.09054011), (0.10168292, -0.08122966, 0.09897862), (0.10168292, -0.07113691, 0.10646391), (0.10168292, -0.06035908, 0.11292389), (0.10168292, -0.048999954, 0.118296355), (0.10168292, -0.03716894, 0.12252957), (0.10168292, -0.02497996, 0.12558274), (0.10168292, -0.012550415, 0.12742649), (0.10168292, -7.840376e-18, 0.12804306), (0.10168292, 0.012550415, 0.12742649), (0.10168292, 0.02497996, 0.12558274), (0.10168292, 0.03716894, 0.12252957), (0.10168292, 0.048999954, 0.118296355), (0.10168292, 0.06035908, 0.11292389), (0.10168292, 0.07113691, 0.10646391), (0.10168292, 0.08122966, 0.09897862), (0.10168292, 0.09054011, 0.09054011), (0.10168292, 0.09897862, 0.08122966), (0.10168292, 0.10646391, 0.07113691), (0.10168292, 0.11292389, 0.06035908), (0.10168292, 0.118296355, 0.048999954), (0.10168292, 0.12252957, 0.03716894), (0.10168292, 0.12558274, 0.02497996), (0.10168292, 0.12742649, 0.012550415), (0.10168292, 0.12804306, 1.5680752e-17), (0.10168292, 0.12742649, -0.012550415), (0.10168292, 0.12558274, -0.02497996), (0.10168292, 0.12252957, -0.03716894), (0.10168292, 0.118296355, -0.048999954), (0.10168292, 0.11292389, -0.06035908), (0.10168292, 0.10646391, -0.07113691), (0.10168292, 0.09897862, -0.08122966), (0.10168292, 0.09054011, -0.09054011), (0.10168292, 0.08122966, -0.09897862), (0.10168292, 0.07113691, -0.10646391), (0.10168292, 0.06035908, -0.11292389), (0.10168292, 0.048999954, -0.118296355), (0.10168292, 0.03716894, -0.12252957), (0.10168292, 0.02497996, -0.12558274), (0.10168292, 0.012550415, -0.12742649), (0.10168292, 2.3521127e-17, -0.12804306), (0.10168292, -0.012550415, -0.12742649), (0.10168292, -0.02497996, -0.12558274), (0.10168292, -0.03716894, -0.12252957), (0.10168292, -0.048999954, -0.118296355), (0.10168292, -0.06035908, -0.11292389), (0.10168292, -0.07113691, -0.10646391), (0.10168292, -0.08122966, -0.09897862), (0.10168292, -0.09054011, -0.09054011), (0.10168292, -0.09897862, -0.08122966), (0.10168292, -0.10646391, -0.07113691), (0.10168292, -0.11292389, -0.06035908), (0.10168292, -0.118296355, -0.048999954), (0.10168292, -0.12252957, -0.03716894), (0.10168292, -0.12558274, -0.02497996), (0.10168292, -0.12742649, -0.012550415), (0, -0.13076738, 0), (0, -0.1301377, 0.012817444), (0, -0.12825471, 0.02551145), (0, -0.12513657, 0.037959766), (0, -0.1208133, 0.050042506), (0, -0.11532653, 0.061643314), (0, -0.1087291, 0.07265046), (0, -0.101084545, 0.082957946), (0, -0.092466496, 0.092466496), (0, -0.082957946, 0.101084545), (0, -0.07265046, 0.1087291), (0, -0.061643314, 0.11532653), (0, -0.050042506, 0.1208133), (0, -0.037959766, 0.12513657), (0, -0.02551145, 0.12825471), (0, -0.012817444, 0.1301377), (0, -8.007193e-18, 0.13076738), (0, 0.012817444, 0.1301377), (0, 0.02551145, 0.12825471), (0, 0.037959766, 0.12513657), (0, 0.050042506, 0.1208133), (0, 0.061643314, 0.11532653), (0, 0.07265046, 0.1087291), (0, 0.082957946, 0.101084545), (0, 0.092466496, 0.092466496), (0, 0.101084545, 0.082957946), (0, 0.1087291, 0.07265046), (0, 0.11532653, 0.061643314), (0, 0.1208133, 0.050042506), (0, 0.12513657, 0.037959766), (0, 0.12825471, 0.02551145), (0, 0.1301377, 0.012817444), (0, 0.13076738, 1.6014385e-17), (0, 0.1301377, -0.012817444), (0, 0.12825471, -0.02551145), (0, 0.12513657, -0.037959766), (0, 0.1208133, -0.050042506), (0, 0.11532653, -0.061643314), (0, 0.1087291, -0.07265046), (0, 0.101084545, -0.082957946), (0, 0.092466496, -0.092466496), (0, 0.082957946, -0.101084545), (0, 0.07265046, -0.1087291), (0, 0.061643314, -0.11532653), (0, 0.050042506, -0.1208133), (0, 0.037959766, -0.12513657), (0, 0.02551145, -0.12825471), (0, 0.012817444, -0.1301377), (0, 2.4021576e-17, -0.13076738), (0, -0.012817444, -0.1301377), (0, -0.02551145, -0.12825471), (0, -0.037959766, -0.12513657), (0, -0.050042506, -0.1208133), (0, -0.061643314, -0.11532653), (0, -0.07265046, -0.1087291), (0, -0.082957946, -0.101084545), (0, -0.092466496, -0.092466496), (0, -0.101084545, -0.082957946), (0, -0.1087291, -0.07265046), (0, -0.11532653, -0.061643314), (0, -0.1208133, -0.050042506), (0, -0.12513657, -0.037959766), (0, -0.12825471, -0.02551145), (0, -0.1301377, -0.012817444), (-0.10168292, -0.12804306, 0), (-0.10168292, -0.12742649, 0.012550415), (-0.10168292, -0.12558274, 0.02497996), (-0.10168292, -0.12252957, 0.03716894), (-0.10168292, -0.118296355, 0.048999954), (-0.10168292, -0.11292389, 0.06035908), (-0.10168292, -0.10646391, 0.07113691), (-0.10168292, -0.09897862, 0.08122966), (-0.10168292, -0.09054011, 0.09054011), (-0.10168292, -0.08122966, 0.09897862), (-0.10168292, -0.07113691, 0.10646391), (-0.10168292, -0.06035908, 0.11292389), (-0.10168292, -0.048999954, 0.118296355), (-0.10168292, -0.03716894, 0.12252957), (-0.10168292, -0.02497996, 0.12558274), (-0.10168292, -0.012550415, 0.12742649), (-0.10168292, -7.840376e-18, 0.12804306), (-0.10168292, 0.012550415, 0.12742649), (-0.10168292, 0.02497996, 0.12558274), (-0.10168292, 0.03716894, 0.12252957), (-0.10168292, 0.048999954, 0.118296355), (-0.10168292, 0.06035908, 0.11292389), (-0.10168292, 0.07113691, 0.10646391), (-0.10168292, 0.08122966, 0.09897862), (-0.10168292, 0.09054011, 0.09054011), (-0.10168292, 0.09897862, 0.08122966), (-0.10168292, 0.10646391, 0.07113691), (-0.10168292, 0.11292389, 0.06035908), (-0.10168292, 0.118296355, 0.048999954), (-0.10168292, 0.12252957, 0.03716894), (-0.10168292, 0.12558274, 0.02497996), (-0.10168292, 0.12742649, 0.012550415), (-0.10168292, 0.12804306, 1.5680752e-17), (-0.10168292, 0.12742649, -0.012550415), (-0.10168292, 0.12558274, -0.02497996), (-0.10168292, 0.12252957, -0.03716894), (-0.10168292, 0.118296355, -0.048999954), (-0.10168292, 0.11292389, -0.06035908), (-0.10168292, 0.10646391, -0.07113691), (-0.10168292, 0.09897862, -0.08122966), (-0.10168292, 0.09054011, -0.09054011), (-0.10168292, 0.08122966, -0.09897862), (-0.10168292, 0.07113691, -0.10646391), (-0.10168292, 0.06035908, -0.11292389), (-0.10168292, 0.048999954, -0.118296355), (-0.10168292, 0.03716894, -0.12252957), (-0.10168292, 0.02497996, -0.12558274), (-0.10168292, 0.012550415, -0.12742649), (-0.10168292, 2.3521127e-17, -0.12804306), (-0.10168292, -0.012550415, -0.12742649), (-0.10168292, -0.02497996, -0.12558274), (-0.10168292, -0.03716894, -0.12252957), (-0.10168292, -0.048999954, -0.118296355), (-0.10168292, -0.06035908, -0.11292389), (-0.10168292, -0.07113691, -0.10646391), (-0.10168292, -0.08122966, -0.09897862), (-0.10168292, -0.09054011, -0.09054011), (-0.10168292, -0.09897862, -0.08122966), (-0.10168292, -0.10646391, -0.07113691), (-0.10168292, -0.11292389, -0.06035908), (-0.10168292, -0.118296355, -0.048999954), (-0.10168292, -0.12252957, -0.03716894), (-0.10168292, -0.12558274, -0.02497996), (-0.10168292, -0.12742649, -0.012550415), (-0.10134047, -0.122594416, 0), (-0.10134047, -0.12200409, 0.012016354), (-0.10134047, -0.120238796, 0.023916984), (-0.10134047, -0.11731554, 0.03558728), (-0.10134047, -0.11326247, 0.04691485), (-0.10134047, -0.10811862, 0.057790607), (-0.10134047, -0.10193353, 0.06810981), (-0.10134047, -0.094766766, 0.07777307), (-0.10134047, -0.08668734, 0.08668734), (-0.10134047, -0.07777307, 0.094766766), (-0.10134047, -0.06810981, 0.10193353), (-0.10134047, -0.057790607, 0.10811862), (-0.10134047, -0.04691485, 0.11326247), (-0.10134047, -0.03558728, 0.11731554), (-0.10134047, -0.023916984, 0.120238796), (-0.10134047, -0.012016354, 0.12200409), (-0.10134047, -7.506743e-18, 0.122594416), (-0.10134047, 0.012016354, 0.12200409), (-0.10134047, 0.023916984, 0.120238796), (-0.10134047, 0.03558728, 0.11731554), (-0.10134047, 0.04691485, 0.11326247), (-0.10134047, 0.057790607, 0.10811862), (-0.10134047, 0.06810981, 0.10193353), (-0.10134047, 0.07777307, 0.094766766), (-0.10134047, 0.08668734, 0.08668734), (-0.10134047, 0.094766766, 0.07777307), (-0.10134047, 0.10193353, 0.06810981), (-0.10134047, 0.10811862, 0.057790607), (-0.10134047, 0.11326247, 0.04691485), (-0.10134047, 0.11731554, 0.03558728), (-0.10134047, 0.120238796, 0.023916984), (-0.10134047, 0.12200409, 0.012016354), (-0.10134047, 0.122594416, 1.5013485e-17), (-0.10134047, 0.12200409, -0.012016354), (-0.10134047, 0.120238796, -0.023916984), (-0.10134047, 0.11731554, -0.03558728), (-0.10134047, 0.11326247, -0.04691485), (-0.10134047, 0.10811862, -0.057790607), (-0.10134047, 0.10193353, -0.06810981), (-0.10134047, 0.094766766, -0.07777307), (-0.10134047, 0.08668734, -0.08668734), (-0.10134047, 0.07777307, -0.094766766), (-0.10134047, 0.06810981, -0.10193353), (-0.10134047, 0.057790607, -0.10811862), (-0.10134047, 0.04691485, -0.11326247), (-0.10134047, 0.03558728, -0.11731554), (-0.10134047, 0.023916984, -0.120238796), (-0.10134047, 0.012016354, -0.12200409), (-0.10134047, 2.2520229e-17, -0.122594416), (-0.10134047, -0.012016354, -0.12200409), (-0.10134047, -0.023916984, -0.120238796), (-0.10134047, -0.03558728, -0.11731554), (-0.10134047, -0.04691485, -0.11326247), (-0.10134047, -0.057790607, -0.10811862), (-0.10134047, -0.06810981, -0.10193353), (-0.10134047, -0.07777307, -0.094766766), (-0.10134047, -0.08668734, -0.08668734), (-0.10134047, -0.094766766, -0.07777307), (-0.10134047, -0.10193353, -0.06810981), (-0.10134047, -0.10811862, -0.057790607), (-0.10134047, -0.11326247, -0.04691485), (-0.10134047, -0.11731554, -0.03558728), (-0.10134047, -0.120238796, -0.023916984), (-0.10134047, -0.12200409, -0.012016354), (-0.10099804, -0.11714578, 0), (-0.10099804, -0.116581686, 0.011482294), (-0.10099804, -0.11489485, 0.022854006), (-0.10099804, -0.11210152, 0.034005623), (-0.10099804, -0.10822858, 0.04482975), (-0.10099804, -0.10331335, 0.055222135), (-0.10099804, -0.097403154, 0.06508271), (-0.10099804, -0.09055491, 0.074316494), (-0.10099804, -0.08283457, 0.08283457), (-0.10099804, -0.074316494, 0.09055491), (-0.10099804, -0.06508271, 0.097403154), (-0.10099804, -0.055222135, 0.10331335), (-0.10099804, -0.04482975, 0.10822858), (-0.10099804, -0.034005623, 0.11210152), (-0.10099804, -0.022854006, 0.11489485), (-0.10099804, -0.011482294, 0.116581686), (-0.10099804, -7.17311e-18, 0.11714578), (-0.10099804, 0.011482294, 0.116581686), (-0.10099804, 0.022854006, 0.11489485), (-0.10099804, 0.034005623, 0.11210152), (-0.10099804, 0.04482975, 0.10822858), (-0.10099804, 0.055222135, 0.10331335), (-0.10099804, 0.06508271, 0.097403154), (-0.10099804, 0.074316494, 0.09055491), (-0.10099804, 0.08283457, 0.08283457), (-0.10099804, 0.09055491, 0.074316494), (-0.10099804, 0.097403154, 0.06508271), (-0.10099804, 0.10331335, 0.055222135), (-0.10099804, 0.10822858, 0.04482975), (-0.10099804, 0.11210152, 0.034005623), (-0.10099804, 0.11489485, 0.022854006), (-0.10099804, 0.116581686, 0.011482294), (-0.10099804, 0.11714578, 1.434622e-17), (-0.10099804, 0.116581686, -0.011482294), (-0.10099804, 0.11489485, -0.022854006), (-0.10099804, 0.11210152, -0.034005623), (-0.10099804, 0.10822858, -0.04482975), (-0.10099804, 0.10331335, -0.055222135), (-0.10099804, 0.097403154, -0.06508271), (-0.10099804, 0.09055491, -0.074316494), (-0.10099804, 0.08283457, -0.08283457), (-0.10099804, 0.074316494, -0.09055491), (-0.10099804, 0.06508271, -0.097403154), (-0.10099804, 0.055222135, -0.10331335), (-0.10099804, 0.04482975, -0.10822858), (-0.10099804, 0.034005623, -0.11210152), (-0.10099804, 0.022854006, -0.11489485), (-0.10099804, 0.011482294, -0.116581686), (-0.10099804, 2.151933e-17, -0.11714578), (-0.10099804, -0.011482294, -0.116581686), (-0.10099804, -0.022854006, -0.11489485), (-0.10099804, -0.034005623, -0.11210152), (-0.10099804, -0.04482975, -0.10822858), (-0.10099804, -0.055222135, -0.10331335), (-0.10099804, -0.06508271, -0.097403154), (-0.10099804, -0.074316494, -0.09055491), (-0.10099804, -0.08283457, -0.08283457), (-0.10099804, -0.09055491, -0.074316494), (-0.10099804, -0.097403154, -0.06508271), (-0.10099804, -0.10331335, -0.055222135), (-0.10099804, -0.10822858, -0.04482975), (-0.10099804, -0.11210152, -0.034005623), (-0.10099804, -0.11489485, -0.022854006), (-0.10099804, -0.116581686, -0.011482294), (-0.0905277, -0.11169713, 0), (-0.0905277, -0.11115928, 0.010948233), (-0.0905277, -0.1095509, 0.02179103), (-0.0905277, -0.10688749, 0.032423966), (-0.0905277, -0.1031947, 0.042744644), (-0.0905277, -0.098508075, 0.052653663), (-0.0905277, -0.09287277, 0.062055603), (-0.0905277, -0.08634305, 0.07085991), (-0.0905277, -0.0789818, 0.0789818), (-0.0905277, -0.07085991, 0.08634305), (-0.0905277, -0.062055603, 0.09287277), (-0.0905277, -0.052653663, 0.098508075), (-0.0905277, -0.042744644, 0.1031947), (-0.0905277, -0.032423966, 0.10688749), (-0.0905277, -0.02179103, 0.1095509), (-0.0905277, -0.010948233, 0.11115928), (-0.0905277, -6.8394767e-18, 0.11169713), (-0.0905277, 0.010948233, 0.11115928), (-0.0905277, 0.02179103, 0.1095509), (-0.0905277, 0.032423966, 0.10688749), (-0.0905277, 0.042744644, 0.1031947), (-0.0905277, 0.052653663, 0.098508075), (-0.0905277, 0.062055603, 0.09287277), (-0.0905277, 0.07085991, 0.08634305), (-0.0905277, 0.0789818, 0.0789818), (-0.0905277, 0.08634305, 0.07085991), (-0.0905277, 0.09287277, 0.062055603), (-0.0905277, 0.098508075, 0.052653663), (-0.0905277, 0.1031947, 0.042744644), (-0.0905277, 0.10688749, 0.032423966), (-0.0905277, 0.1095509, 0.02179103), (-0.0905277, 0.11115928, 0.010948233), (-0.0905277, 0.11169713, 1.36789534e-17), (-0.0905277, 0.11115928, -0.010948233), (-0.0905277, 0.1095509, -0.02179103), (-0.0905277, 0.10688749, -0.032423966), (-0.0905277, 0.1031947, -0.042744644), (-0.0905277, 0.098508075, -0.052653663), (-0.0905277, 0.09287277, -0.062055603), (-0.0905277, 0.08634305, -0.07085991), (-0.0905277, 0.0789818, -0.0789818), (-0.0905277, 0.07085991, -0.08634305), (-0.0905277, 0.062055603, -0.09287277), (-0.0905277, 0.052653663, -0.098508075), (-0.0905277, 0.042744644, -0.1031947), (-0.0905277, 0.032423966, -0.10688749), (-0.0905277, 0.02179103, -0.1095509), (-0.0905277, 0.010948233, -0.11115928), (-0.0905277, 2.051843e-17, -0.11169713), (-0.0905277, -0.010948233, -0.11115928), (-0.0905277, -0.02179103, -0.1095509), (-0.0905277, -0.032423966, -0.10688749), (-0.0905277, -0.042744644, -0.1031947), (-0.0905277, -0.052653663, -0.098508075), (-0.0905277, -0.062055603, -0.09287277), (-0.0905277, -0.07085991, -0.08634305), (-0.0905277, -0.0789818, -0.0789818), (-0.0905277, -0.08634305, -0.07085991), (-0.0905277, -0.09287277, -0.062055603), (-0.0905277, -0.098508075, -0.052653663), (-0.0905277, -0.1031947, -0.042744644), (-0.0905277, -0.10688749, -0.032423966), (-0.0905277, -0.1095509, -0.02179103), (-0.0905277, -0.11115928, -0.010948233), (-0.08895332, -0.10624849, 0), (-0.08895332, -0.105736874, 0.010414174), (-0.08895332, -0.10420696, 0.020728052), (-0.08895332, -0.10167347, 0.03084231), (-0.08895332, -0.09816081, 0.04065954), (-0.08895332, -0.09370281, 0.050085194), (-0.08895332, -0.08834239, 0.0590285), (-0.08895332, -0.08213119, 0.06740333), (-0.08895332, -0.07512903, 0.07512903), (-0.08895332, -0.06740333, 0.08213119), (-0.08895332, -0.0590285, 0.08834239), (-0.08895332, -0.050085194, 0.09370281), (-0.08895332, -0.04065954, 0.09816081), (-0.08895332, -0.03084231, 0.10167347), (-0.08895332, -0.020728052, 0.10420696), (-0.08895332, -0.010414174, 0.105736874), (-0.08895332, -6.5058438e-18, 0.10624849), (-0.08895332, 0.010414174, 0.105736874), (-0.08895332, 0.020728052, 0.10420696), (-0.08895332, 0.03084231, 0.10167347), (-0.08895332, 0.04065954, 0.09816081), (-0.08895332, 0.050085194, 0.09370281), (-0.08895332, 0.0590285, 0.08834239), (-0.08895332, 0.06740333, 0.08213119), (-0.08895332, 0.07512903, 0.07512903), (-0.08895332, 0.08213119, 0.06740333), (-0.08895332, 0.08834239, 0.0590285), (-0.08895332, 0.09370281, 0.050085194), (-0.08895332, 0.09816081, 0.04065954), (-0.08895332, 0.10167347, 0.03084231), (-0.08895332, 0.10420696, 0.020728052), (-0.08895332, 0.105736874, 0.010414174), (-0.08895332, 0.10624849, 1.30116875e-17), (-0.08895332, 0.105736874, -0.010414174), (-0.08895332, 0.10420696, -0.020728052), (-0.08895332, 0.10167347, -0.03084231), (-0.08895332, 0.09816081, -0.04065954), (-0.08895332, 0.09370281, -0.050085194), (-0.08895332, 0.08834239, -0.0590285), (-0.08895332, 0.08213119, -0.06740333), (-0.08895332, 0.07512903, -0.07512903), (-0.08895332, 0.06740333, -0.08213119), (-0.08895332, 0.0590285, -0.08834239), (-0.08895332, 0.050085194, -0.09370281), (-0.08895332, 0.04065954, -0.09816081), (-0.08895332, 0.03084231, -0.10167347), (-0.08895332, 0.020728052, -0.10420696), (-0.08895332, 0.010414174, -0.105736874), (-0.08895332, 1.9517532e-17, -0.10624849), (-0.08895332, -0.010414174, -0.105736874), (-0.08895332, -0.020728052, -0.10420696), (-0.08895332, -0.03084231, -0.10167347), (-0.08895332, -0.04065954, -0.09816081), (-0.08895332, -0.050085194, -0.09370281), (-0.08895332, -0.0590285, -0.08834239), (-0.08895332, -0.06740333, -0.08213119), (-0.08895332, -0.07512903, -0.07512903), (-0.08895332, -0.08213119, -0.06740333), (-0.08895332, -0.08834239, -0.0590285), (-0.08895332, -0.09370281, -0.050085194), (-0.08895332, -0.09816081, -0.04065954), (-0.08895332, -0.10167347, -0.03084231), (-0.08895332, -0.10420696, -0.020728052), (-0.08895332, -0.105736874, -0.010414174), (-0.088911176, -0.10079985, 0), (-0.088911176, -0.100314476, 0.009880113), (-0.088911176, -0.09886301, 0.019665075), (-0.088911176, -0.09645944, 0.029260652), (-0.088911176, -0.09312692, 0.038574435), (-0.088911176, -0.08889753, 0.047516722), (-0.088911176, -0.08381201, 0.0560014), (-0.088911176, -0.07791934, 0.06394675), (-0.088911176, -0.07127626, 0.07127626), (-0.088911176, -0.06394675, 0.07791934), (-0.088911176, -0.0560014, 0.08381201), (-0.088911176, -0.047516722, 0.08889753), (-0.088911176, -0.038574435, 0.09312692), (-0.088911176, -0.029260652, 0.09645944), (-0.088911176, -0.019665075, 0.09886301), (-0.088911176, -0.009880113, 0.100314476), (-0.088911176, -6.172211e-18, 0.10079985), (-0.088911176, 0.009880113, 0.100314476), (-0.088911176, 0.019665075, 0.09886301), (-0.088911176, 0.029260652, 0.09645944), (-0.088911176, 0.038574435, 0.09312692), (-0.088911176, 0.047516722, 0.08889753), (-0.088911176, 0.0560014, 0.08381201), (-0.088911176, 0.06394675, 0.07791934), (-0.088911176, 0.07127626, 0.07127626), (-0.088911176, 0.07791934, 0.06394675), (-0.088911176, 0.08381201, 0.0560014), (-0.088911176, 0.08889753, 0.047516722), (-0.088911176, 0.09312692, 0.038574435), (-0.088911176, 0.09645944, 0.029260652), (-0.088911176, 0.09886301, 0.019665075), (-0.088911176, 0.100314476, 0.009880113), (-0.088911176, 0.10079985, 1.2344422e-17), (-0.088911176, 0.100314476, -0.009880113), (-0.088911176, 0.09886301, -0.019665075), (-0.088911176, 0.09645944, -0.029260652), (-0.088911176, 0.09312692, -0.038574435), (-0.088911176, 0.08889753, -0.047516722), (-0.088911176, 0.08381201, -0.0560014), (-0.088911176, 0.07791934, -0.06394675), (-0.088911176, 0.07127626, -0.07127626), (-0.088911176, 0.06394675, -0.07791934), (-0.088911176, 0.0560014, -0.08381201), (-0.088911176, 0.047516722, -0.08889753), (-0.088911176, 0.038574435, -0.09312692), (-0.088911176, 0.029260652, -0.09645944), (-0.088911176, 0.019665075, -0.09886301), (-0.088911176, 0.009880113, -0.100314476), (-0.088911176, 1.8516632e-17, -0.10079985), (-0.088911176, -0.009880113, -0.100314476), (-0.088911176, -0.019665075, -0.09886301), (-0.088911176, -0.029260652, -0.09645944), (-0.088911176, -0.038574435, -0.09312692), (-0.088911176, -0.047516722, -0.08889753), (-0.088911176, -0.0560014, -0.08381201), (-0.088911176, -0.06394675, -0.07791934), (-0.088911176, -0.07127626, -0.07127626), (-0.088911176, -0.07791934, -0.06394675), (-0.088911176, -0.08381201, -0.0560014), (-0.088911176, -0.08889753, -0.047516722), (-0.088911176, -0.09312692, -0.038574435), (-0.088911176, -0.09645944, -0.029260652), (-0.088911176, -0.09886301, -0.019665075), (-0.088911176, -0.100314476, -0.009880113), (-0.06118119, -0.09535121, 0), (-0.06118119, -0.09489207, 0.009346053), (-0.06118119, -0.09351906, 0.0186021), (-0.06118119, -0.09124542, 0.027678996), (-0.06118119, -0.088093035, 0.03648933), (-0.06118119, -0.08409226, 0.04494825), (-0.06118119, -0.079281636, 0.052974295), (-0.06118119, -0.07370748, 0.06049017), (-0.06118119, -0.067423485, 0.067423485), (-0.06118119, -0.06049017, 0.07370748), (-0.06118119, -0.052974295, 0.079281636), (-0.06118119, -0.04494825, 0.08409226), (-0.06118119, -0.03648933, 0.088093035), (-0.06118119, -0.027678996, 0.09124542), (-0.06118119, -0.0186021, 0.09351906), (-0.06118119, -0.009346053, 0.09489207), (-0.06118119, -5.838578e-18, 0.09535121), (-0.06118119, 0.009346053, 0.09489207), (-0.06118119, 0.0186021, 0.09351906), (-0.06118119, 0.027678996, 0.09124542), (-0.06118119, 0.03648933, 0.088093035), (-0.06118119, 0.04494825, 0.08409226), (-0.06118119, 0.052974295, 0.079281636), (-0.06118119, 0.06049017, 0.07370748), (-0.06118119, 0.067423485, 0.067423485), (-0.06118119, 0.07370748, 0.06049017), (-0.06118119, 0.079281636, 0.052974295), (-0.06118119, 0.08409226, 0.04494825), (-0.06118119, 0.088093035, 0.03648933), (-0.06118119, 0.09124542, 0.027678996), (-0.06118119, 0.09351906, 0.0186021), (-0.06118119, 0.09489207, 0.009346053), (-0.06118119, 0.09535121, 1.1677156e-17), (-0.06118119, 0.09489207, -0.009346053), (-0.06118119, 0.09351906, -0.0186021), (-0.06118119, 0.09124542, -0.027678996), (-0.06118119, 0.088093035, -0.03648933), (-0.06118119, 0.08409226, -0.04494825), (-0.06118119, 0.079281636, -0.052974295), (-0.06118119, 0.07370748, -0.06049017), (-0.06118119, 0.067423485, -0.067423485), (-0.06118119, 0.06049017, -0.07370748), (-0.06118119, 0.052974295, -0.079281636), (-0.06118119, 0.04494825, -0.08409226), (-0.06118119, 0.03648933, -0.088093035), (-0.06118119, 0.027678996, -0.09124542), (-0.06118119, 0.0186021, -0.09351906), (-0.06118119, 0.009346053, -0.09489207), (-0.06118119, 1.7515733e-17, -0.09535121), (-0.06118119, -0.009346053, -0.09489207), (-0.06118119, -0.0186021, -0.09351906), (-0.06118119, -0.027678996, -0.09124542), (-0.06118119, -0.03648933, -0.088093035), (-0.06118119, -0.04494825, -0.08409226), (-0.06118119, -0.052974295, -0.079281636), (-0.06118119, -0.06049017, -0.07370748), (-0.06118119, -0.067423485, -0.067423485), (-0.06118119, -0.07370748, -0.06049017), (-0.06118119, -0.079281636, -0.052974295), (-0.06118119, -0.08409226, -0.04494825), (-0.06118119, -0.088093035, -0.03648933), (-0.06118119, -0.09124542, -0.027678996), (-0.06118119, -0.09351906, -0.0186021), (-0.06118119, -0.09489207, -0.009346053), (-0.061181244, -0.08990257, 0), (-0.061181244, -0.089469664, 0.008811993), (-0.061181244, -0.08817512, 0.017539121), (-0.061181244, -0.0860314, 0.026097339), (-0.061181244, -0.08305915, 0.034404226), (-0.061181244, -0.079286985, 0.042379778), (-0.061181244, -0.07475126, 0.04994719), (-0.061181244, -0.069495626, 0.057033587), (-0.061181244, -0.063570715, 0.063570715), (-0.061181244, -0.057033587, 0.069495626), (-0.061181244, -0.04994719, 0.07475126), (-0.061181244, -0.042379778, 0.079286985), (-0.061181244, -0.034404226, 0.08305915), (-0.061181244, -0.026097339, 0.0860314), (-0.061181244, -0.017539121, 0.08817512), (-0.061181244, -0.008811993, 0.089469664), (-0.061181244, -5.504945e-18, 0.08990257), (-0.061181244, 0.008811993, 0.089469664), (-0.061181244, 0.017539121, 0.08817512), (-0.061181244, 0.026097339, 0.0860314), (-0.061181244, 0.034404226, 0.08305915), (-0.061181244, 0.042379778, 0.079286985), (-0.061181244, 0.04994719, 0.07475126), (-0.061181244, 0.057033587, 0.069495626), (-0.061181244, 0.063570715, 0.063570715), (-0.061181244, 0.069495626, 0.057033587), (-0.061181244, 0.07475126, 0.04994719), (-0.061181244, 0.079286985, 0.042379778), (-0.061181244, 0.08305915, 0.034404226), (-0.061181244, 0.0860314, 0.026097339), (-0.061181244, 0.08817512, 0.017539121), (-0.061181244, 0.089469664, 0.008811993), (-0.061181244, 0.08990257, 1.100989e-17), (-0.061181244, 0.089469664, -0.008811993), (-0.061181244, 0.08817512, -0.017539121), (-0.061181244, 0.0860314, -0.026097339), (-0.061181244, 0.08305915, -0.034404226), (-0.061181244, 0.079286985, -0.042379778), (-0.061181244, 0.07475126, -0.04994719), (-0.061181244, 0.069495626, -0.057033587), (-0.061181244, 0.063570715, -0.063570715), (-0.061181244, 0.057033587, -0.069495626), (-0.061181244, 0.04994719, -0.07475126), (-0.061181244, 0.042379778, -0.079286985), (-0.061181244, 0.034404226, -0.08305915), (-0.061181244, 0.026097339, -0.0860314), (-0.061181244, 0.017539121, -0.08817512), (-0.061181244, 0.008811993, -0.089469664), (-0.061181244, 1.6514835e-17, -0.08990257), (-0.061181244, -0.008811993, -0.089469664), (-0.061181244, -0.017539121, -0.08817512), (-0.061181244, -0.026097339, -0.0860314), (-0.061181244, -0.034404226, -0.08305915), (-0.061181244, -0.042379778, -0.079286985), (-0.061181244, -0.04994719, -0.07475126), (-0.061181244, -0.057033587, -0.069495626), (-0.061181244, -0.063570715, -0.063570715), (-0.061181244, -0.069495626, -0.057033587), (-0.061181244, -0.07475126, -0.04994719), (-0.061181244, -0.079286985, -0.042379778), (-0.061181244, -0.08305915, -0.034404226), (-0.061181244, -0.0860314, -0.026097339), (-0.061181244, -0.08817512, -0.017539121), (-0.061181244, -0.089469664, -0.008811993), (-0.0611813, -0.08445393, 0), (-0.0611813, -0.08404726, 0.008277933), (-0.0611813, -0.082831174, 0.016476145), (-0.0611813, -0.08081737, 0.024515681), (-0.0611813, -0.07802526, 0.03231912), (-0.0611813, -0.07448172, 0.039811306), (-0.0611813, -0.07022087, 0.04692009), (-0.0611813, -0.06528377, 0.053577006), (-0.0611813, -0.059717946, 0.059717946), (-0.0611813, -0.053577006, 0.06528377), (-0.0611813, -0.04692009, 0.07022087), (-0.0611813, -0.039811306, 0.07448172), (-0.0611813, -0.03231912, 0.07802526), (-0.0611813, -0.024515681, 0.08081737), (-0.0611813, -0.016476145, 0.082831174), (-0.0611813, -0.008277933, 0.08404726), (-0.0611813, -5.171312e-18, 0.08445393), (-0.0611813, 0.008277933, 0.08404726), (-0.0611813, 0.016476145, 0.082831174), (-0.0611813, 0.024515681, 0.08081737), (-0.0611813, 0.03231912, 0.07802526), (-0.0611813, 0.039811306, 0.07448172), (-0.0611813, 0.04692009, 0.07022087), (-0.0611813, 0.053577006, 0.06528377), (-0.0611813, 0.059717946, 0.059717946), (-0.0611813, 0.06528377, 0.053577006), (-0.0611813, 0.07022087, 0.04692009), (-0.0611813, 0.07448172, 0.039811306), (-0.0611813, 0.07802526, 0.03231912), (-0.0611813, 0.08081737, 0.024515681), (-0.0611813, 0.082831174, 0.016476145), (-0.0611813, 0.08404726, 0.008277933), (-0.0611813, 0.08445393, 1.0342624e-17), (-0.0611813, 0.08404726, -0.008277933), (-0.0611813, 0.082831174, -0.016476145), (-0.0611813, 0.08081737, -0.024515681), (-0.0611813, 0.07802526, -0.03231912), (-0.0611813, 0.07448172, -0.039811306), (-0.0611813, 0.07022087, -0.04692009), (-0.0611813, 0.06528377, -0.053577006), (-0.0611813, 0.059717946, -0.059717946), (-0.0611813, 0.053577006, -0.06528377), (-0.0611813, 0.04692009, -0.07022087), (-0.0611813, 0.039811306, -0.07448172), (-0.0611813, 0.03231912, -0.07802526), (-0.0611813, 0.024515681, -0.08081737), (-0.0611813, 0.016476145, -0.082831174), (-0.0611813, 0.008277933, -0.08404726), (-0.0611813, 1.5513935e-17, -0.08445393), (-0.0611813, -0.008277933, -0.08404726), (-0.0611813, -0.016476145, -0.082831174), (-0.0611813, -0.024515681, -0.08081737), (-0.0611813, -0.03231912, -0.07802526), (-0.0611813, -0.039811306, -0.07448172), (-0.0611813, -0.04692009, -0.07022087), (-0.0611813, -0.053577006, -0.06528377), (-0.0611813, -0.059717946, -0.059717946), (-0.0611813, -0.06528377, -0.053577006), (-0.0611813, -0.07022087, -0.04692009), (-0.0611813, -0.07448172, -0.039811306), (-0.0611813, -0.07802526, -0.03231912), (-0.0611813, -0.08081737, -0.024515681), (-0.0611813, -0.082831174, -0.016476145), (-0.0611813, -0.08404726, -0.008277933), (-0.06118135, -0.079005286, 0), (-0.06118135, -0.07862486, 0.0077438727), (-0.06118135, -0.07748722, 0.015413167), (-0.06118135, -0.07560335, 0.022934025), (-0.06118135, -0.07299137, 0.030234015), (-0.06118135, -0.069676444, 0.037242837), (-0.06118135, -0.065690495, 0.043892987), (-0.06118135, -0.061071914, 0.050120424), (-0.06118135, -0.055865176, 0.055865176), (-0.06118135, -0.050120424, 0.061071914), (-0.06118135, -0.043892987, 0.065690495), (-0.06118135, -0.037242837, 0.069676444), (-0.06118135, -0.030234015, 0.07299137), (-0.06118135, -0.022934025, 0.07560335), (-0.06118135, -0.015413167, 0.07748722), (-0.06118135, -0.0077438727, 0.07862486), (-0.06118135, -4.8376785e-18, 0.079005286), (-0.06118135, 0.0077438727, 0.07862486), (-0.06118135, 0.015413167, 0.07748722), (-0.06118135, 0.022934025, 0.07560335), (-0.06118135, 0.030234015, 0.07299137), (-0.06118135, 0.037242837, 0.069676444), (-0.06118135, 0.043892987, 0.065690495), (-0.06118135, 0.050120424, 0.061071914), (-0.06118135, 0.055865176, 0.055865176), (-0.06118135, 0.061071914, 0.050120424), (-0.06118135, 0.065690495, 0.043892987), (-0.06118135, 0.069676444, 0.037242837), (-0.06118135, 0.07299137, 0.030234015), (-0.06118135, 0.07560335, 0.022934025), (-0.06118135, 0.07748722, 0.015413167), (-0.06118135, 0.07862486, 0.0077438727), (-0.06118135, 0.079005286, 9.675357e-18), (-0.06118135, 0.07862486, -0.0077438727), (-0.06118135, 0.07748722, -0.015413167), (-0.06118135, 0.07560335, -0.022934025), (-0.06118135, 0.07299137, -0.030234015), (-0.06118135, 0.069676444, -0.037242837), (-0.06118135, 0.065690495, -0.043892987), (-0.06118135, 0.061071914, -0.050120424), (-0.06118135, 0.055865176, -0.055865176), (-0.06118135, 0.050120424, -0.061071914), (-0.06118135, 0.043892987, -0.065690495), (-0.06118135, 0.037242837, -0.069676444), (-0.06118135, 0.030234015, -0.07299137), (-0.06118135, 0.022934025, -0.07560335), (-0.06118135, 0.015413167, -0.07748722), (-0.06118135, 0.0077438727, -0.07862486), (-0.06118135, 1.4513036e-17, -0.079005286), (-0.06118135, -0.0077438727, -0.07862486), (-0.06118135, -0.015413167, -0.07748722), (-0.06118135, -0.022934025, -0.07560335), (-0.06118135, -0.030234015, -0.07299137), (-0.06118135, -0.037242837, -0.069676444), (-0.06118135, -0.043892987, -0.065690495), (-0.06118135, -0.050120424, -0.061071914), (-0.06118135, -0.055865176, -0.055865176), (-0.06118135, -0.061071914, -0.050120424), (-0.06118135, -0.065690495, -0.043892987), (-0.06118135, -0.069676444, -0.037242837), (-0.06118135, -0.07299137, -0.030234015), (-0.06118135, -0.07560335, -0.022934025), (-0.06118135, -0.07748722, -0.015413167), (-0.06118135, -0.07862486, -0.0077438727), (-0.06118135, -0.07355665, 0), (-0.06118135, -0.07320245, 0.0072098123), (-0.06118135, -0.07214328, 0.01435019), (-0.06118135, -0.07038932, 0.021352367), (-0.06118135, -0.06795748, 0.02814891), (-0.06118135, -0.06487117, 0.034674365), (-0.06118135, -0.061160117, 0.040865883), (-0.06118135, -0.05686006, 0.046663843), (-0.06118135, -0.052012406, 0.052012406), (-0.06118135, -0.046663843, 0.05686006), (-0.06118135, -0.040865883, 0.061160117), (-0.06118135, -0.034674365, 0.06487117), (-0.06118135, -0.02814891, 0.06795748), (-0.06118135, -0.021352367, 0.07038932), (-0.06118135, -0.01435019, 0.07214328), (-0.06118135, -0.0072098123, 0.07320245), (-0.06118135, -4.5040456e-18, 0.07355665), (-0.06118135, 0.0072098123, 0.07320245), (-0.06118135, 0.01435019, 0.07214328), (-0.06118135, 0.021352367, 0.07038932), (-0.06118135, 0.02814891, 0.06795748), (-0.06118135, 0.034674365, 0.06487117), (-0.06118135, 0.040865883, 0.061160117), (-0.06118135, 0.046663843, 0.05686006), (-0.06118135, 0.052012406, 0.052012406), (-0.06118135, 0.05686006, 0.046663843), (-0.06118135, 0.061160117, 0.040865883), (-0.06118135, 0.06487117, 0.034674365), (-0.06118135, 0.06795748, 0.02814891), (-0.06118135, 0.07038932, 0.021352367), (-0.06118135, 0.07214328, 0.01435019), (-0.06118135, 0.07320245, 0.0072098123), (-0.06118135, 0.07355665, 9.008091e-18), (-0.06118135, 0.07320245, -0.0072098123), (-0.06118135, 0.07214328, -0.01435019), (-0.06118135, 0.07038932, -0.021352367), (-0.06118135, 0.06795748, -0.02814891), (-0.06118135, 0.06487117, -0.034674365), (-0.06118135, 0.061160117, -0.040865883), (-0.06118135, 0.05686006, -0.046663843), (-0.06118135, 0.052012406, -0.052012406), (-0.06118135, 0.046663843, -0.05686006), (-0.06118135, 0.040865883, -0.061160117), (-0.06118135, 0.034674365, -0.06487117), (-0.06118135, 0.02814891, -0.06795748), (-0.06118135, 0.021352367, -0.07038932), (-0.06118135, 0.01435019, -0.07214328), (-0.06118135, 0.0072098123, -0.07320245), (-0.06118135, 1.3512137e-17, -0.07355665), (-0.06118135, -0.0072098123, -0.07320245), (-0.06118135, -0.01435019, -0.07214328), (-0.06118135, -0.021352367, -0.07038932), (-0.06118135, -0.02814891, -0.06795748), (-0.06118135, -0.034674365, -0.06487117), (-0.06118135, -0.040865883, -0.061160117), (-0.06118135, -0.046663843, -0.05686006), (-0.06118135, -0.052012406, -0.052012406), (-0.06118135, -0.05686006, -0.046663843), (-0.06118135, -0.061160117, -0.040865883), (-0.06118135, -0.06487117, -0.034674365), (-0.06118135, -0.06795748, -0.02814891), (-0.06118135, -0.07038932, -0.021352367), (-0.06118135, -0.07214328, -0.01435019), (-0.06118135, -0.07320245, -0.0072098123), (-0.06118135, -0.06810801, 0), (-0.06118135, -0.06778005, 0.0066757523), (-0.06118135, -0.066799335, 0.013287214), (-0.06118135, -0.0651753, 0.019770712), (-0.06118135, -0.062923595, 0.026063805), (-0.06118135, -0.0600659, 0.032105893), (-0.06118135, -0.05662974, 0.037838783), (-0.06118135, -0.0526482, 0.04320726), (-0.06118135, -0.048159633, 0.048159633), (-0.06118135, -0.04320726, 0.0526482), (-0.06118135, -0.037838783, 0.05662974), (-0.06118135, -0.032105893, 0.0600659), (-0.06118135, -0.026063805, 0.062923595), (-0.06118135, -0.019770712, 0.0651753), (-0.06118135, -0.013287214, 0.066799335), (-0.06118135, -0.0066757523, 0.06778005), (-0.06118135, -4.1704126e-18, 0.06810801), (-0.06118135, 0.0066757523, 0.06778005), (-0.06118135, 0.013287214, 0.066799335), (-0.06118135, 0.019770712, 0.0651753), (-0.06118135, 0.026063805, 0.062923595), (-0.06118135, 0.032105893, 0.0600659), (-0.06118135, 0.037838783, 0.05662974), (-0.06118135, 0.04320726, 0.0526482), (-0.06118135, 0.048159633, 0.048159633), (-0.06118135, 0.0526482, 0.04320726), (-0.06118135, 0.05662974, 0.037838783), (-0.06118135, 0.0600659, 0.032105893), (-0.06118135, 0.062923595, 0.026063805), (-0.06118135, 0.0651753, 0.019770712), (-0.06118135, 0.066799335, 0.013287214), (-0.06118135, 0.06778005, 0.0066757523), (-0.06118135, 0.06810801, 8.340825e-18), (-0.06118135, 0.06778005, -0.0066757523), (-0.06118135, 0.066799335, -0.013287214), (-0.06118135, 0.0651753, -0.019770712), (-0.06118135, 0.062923595, -0.026063805), (-0.06118135, 0.0600659, -0.032105893), (-0.06118135, 0.05662974, -0.037838783), (-0.06118135, 0.0526482, -0.04320726), (-0.06118135, 0.048159633, -0.048159633), (-0.06118135, 0.04320726, -0.0526482), (-0.06118135, 0.037838783, -0.05662974), (-0.06118135, 0.032105893, -0.0600659), (-0.06118135, 0.026063805, -0.062923595), (-0.06118135, 0.019770712, -0.0651753), (-0.06118135, 0.013287214, -0.066799335), (-0.06118135, 0.0066757523, -0.06778005), (-0.06118135, 1.2511238e-17, -0.06810801), (-0.06118135, -0.0066757523, -0.06778005), (-0.06118135, -0.013287214, -0.066799335), (-0.06118135, -0.019770712, -0.0651753), (-0.06118135, -0.026063805, -0.062923595), (-0.06118135, -0.032105893, -0.0600659), (-0.06118135, -0.037838783, -0.05662974), (-0.06118135, -0.04320726, -0.0526482), (-0.06118135, -0.048159633, -0.048159633), (-0.06118135, -0.0526482, -0.04320726), (-0.06118135, -0.05662974, -0.037838783), (-0.06118135, -0.0600659, -0.032105893), (-0.06118135, -0.062923595, -0.026063805), (-0.06118135, -0.0651753, -0.019770712), (-0.06118135, -0.066799335, -0.013287214), (-0.06118135, -0.06778005, -0.0066757523), (-0.06118135, -0.06265937, 0), (-0.06118135, -0.062357645, 0.006141692), (-0.06118135, -0.061455384, 0.0122242365), (-0.06118135, -0.059961274, 0.018189054), (-0.06118135, -0.057889707, 0.0239787), (-0.06118135, -0.05526063, 0.02953742), (-0.06118135, -0.05209936, 0.03481168), (-0.06118135, -0.048436347, 0.03975068), (-0.06118135, -0.044306863, 0.044306863), (-0.06118135, -0.03975068, 0.048436347), (-0.06118135, -0.03481168, 0.05209936), (-0.06118135, -0.02953742, 0.05526063), (-0.06118135, -0.0239787, 0.057889707), (-0.06118135, -0.018189054, 0.059961274), (-0.06118135, -0.0122242365, 0.061455384), (-0.06118135, -0.006141692, 0.062357645), (-0.06118135, -3.8367797e-18, 0.06265937), (-0.06118135, 0.006141692, 0.062357645), (-0.06118135, 0.0122242365, 0.061455384), (-0.06118135, 0.018189054, 0.059961274), (-0.06118135, 0.0239787, 0.057889707), (-0.06118135, 0.02953742, 0.05526063), (-0.06118135, 0.03481168, 0.05209936), (-0.06118135, 0.03975068, 0.048436347), (-0.06118135, 0.044306863, 0.044306863), (-0.06118135, 0.048436347, 0.03975068), (-0.06118135, 0.05209936, 0.03481168), (-0.06118135, 0.05526063, 0.02953742), (-0.06118135, 0.057889707, 0.0239787), (-0.06118135, 0.059961274, 0.018189054), (-0.06118135, 0.061455384, 0.0122242365), (-0.06118135, 0.062357645, 0.006141692), (-0.06118135, 0.06265937, 7.673559e-18), (-0.06118135, 0.062357645, -0.006141692), (-0.06118135, 0.061455384, -0.0122242365), (-0.06118135, 0.059961274, -0.018189054), (-0.06118135, 0.057889707, -0.0239787), (-0.06118135, 0.05526063, -0.02953742), (-0.06118135, 0.05209936, -0.03481168), (-0.06118135, 0.048436347, -0.03975068), (-0.06118135, 0.044306863, -0.044306863), (-0.06118135, 0.03975068, -0.048436347), (-0.06118135, 0.03481168, -0.05209936), (-0.06118135, 0.02953742, -0.05526063), (-0.06118135, 0.0239787, -0.057889707), (-0.06118135, 0.018189054, -0.059961274), (-0.06118135, 0.0122242365, -0.061455384), (-0.06118135, 0.006141692, -0.062357645), (-0.06118135, 1.1510339e-17, -0.06265937), (-0.06118135, -0.006141692, -0.062357645), (-0.06118135, -0.0122242365, -0.061455384), (-0.06118135, -0.018189054, -0.059961274), (-0.06118135, -0.0239787, -0.057889707), (-0.06118135, -0.02953742, -0.05526063), (-0.06118135, -0.03481168, -0.05209936), (-0.06118135, -0.03975068, -0.048436347), (-0.06118135, -0.044306863, -0.044306863), (-0.06118135, -0.048436347, -0.03975068), (-0.06118135, -0.05209936, -0.03481168), (-0.06118135, -0.05526063, -0.02953742), (-0.06118135, -0.057889707, -0.0239787), (-0.06118135, -0.059961274, -0.018189054), (-0.06118135, -0.061455384, -0.0122242365), (-0.06118135, -0.062357645, -0.006141692), (-0.06118135, -0.05721073, 0), (-0.06118135, -0.05693524, 0.005607632), (-0.06118135, -0.05611144, 0.011161259), (-0.06118135, -0.054747254, 0.016607398), (-0.06118135, -0.05285582, 0.021893598), (-0.06118135, -0.050455358, 0.02696895), (-0.06118135, -0.04756898, 0.031784575), (-0.06118135, -0.04422449, 0.0362941), (-0.06118135, -0.040454093, 0.040454093), (-0.06118135, -0.0362941, 0.04422449), (-0.06118135, -0.031784575, 0.04756898), (-0.06118135, -0.02696895, 0.050455358), (-0.06118135, -0.021893598, 0.05285582), (-0.06118135, -0.016607398, 0.054747254), (-0.06118135, -0.011161259, 0.05611144), (-0.06118135, -0.005607632, 0.05693524), (-0.06118135, -3.5031467e-18, 0.05721073), (-0.06118135, 0.005607632, 0.05693524), (-0.06118135, 0.011161259, 0.05611144), (-0.06118135, 0.016607398, 0.054747254), (-0.06118135, 0.021893598, 0.05285582), (-0.06118135, 0.02696895, 0.050455358), (-0.06118135, 0.031784575, 0.04756898), (-0.06118135, 0.0362941, 0.04422449), (-0.06118135, 0.040454093, 0.040454093), (-0.06118135, 0.04422449, 0.0362941), (-0.06118135, 0.04756898, 0.031784575), (-0.06118135, 0.050455358, 0.02696895), (-0.06118135, 0.05285582, 0.021893598), (-0.06118135, 0.054747254, 0.016607398), (-0.06118135, 0.05611144, 0.011161259), (-0.06118135, 0.05693524, 0.005607632), (-0.06118135, 0.05721073, 7.006293e-18), (-0.06118135, 0.05693524, -0.005607632), (-0.06118135, 0.05611144, -0.011161259), (-0.06118135, 0.054747254, -0.016607398), (-0.06118135, 0.05285582, -0.021893598), (-0.06118135, 0.050455358, -0.02696895), (-0.06118135, 0.04756898, -0.031784575), (-0.06118135, 0.04422449, -0.0362941), (-0.06118135, 0.040454093, -0.040454093), (-0.06118135, 0.0362941, -0.04422449), (-0.06118135, 0.031784575, -0.04756898), (-0.06118135, 0.02696895, -0.050455358), (-0.06118135, 0.021893598, -0.05285582), (-0.06118135, 0.016607398, -0.054747254), (-0.06118135, 0.011161259, -0.05611144), (-0.06118135, 0.005607632, -0.05693524), (-0.06118135, 1.050944e-17, -0.05721073), (-0.06118135, -0.005607632, -0.05693524), (-0.06118135, -0.011161259, -0.05611144), (-0.06118135, -0.016607398, -0.054747254), (-0.06118135, -0.021893598, -0.05285582), (-0.06118135, -0.02696895, -0.050455358), (-0.06118135, -0.031784575, -0.04756898), (-0.06118135, -0.0362941, -0.04422449), (-0.06118135, -0.040454093, -0.040454093), (-0.06118135, -0.04422449, -0.0362941), (-0.06118135, -0.04756898, -0.031784575), (-0.06118135, -0.050455358, -0.02696895), (-0.06118135, -0.05285582, -0.021893598), (-0.06118135, -0.054747254, -0.016607398), (-0.06118135, -0.05611144, -0.011161259), (-0.06118135, -0.05693524, -0.005607632), (-0.06118135, -0.051762085, 0), (-0.06118135, -0.051512837, 0.0050735716), (-0.06118135, -0.050767493, 0.010098282), (-0.06118135, -0.04953323, 0.0150257405), (-0.06118135, -0.04782193, 0.019808494), (-0.06118135, -0.045650084, 0.024400478), (-0.06118135, -0.043038603, 0.028757473), (-0.06118135, -0.040012635, 0.03283752), (-0.06118135, -0.036601324, 0.036601324), (-0.06118135, -0.03283752, 0.040012635), (-0.06118135, -0.028757473, 0.043038603), (-0.06118135, -0.024400478, 0.045650084), (-0.06118135, -0.019808494, 0.04782193), (-0.06118135, -0.0150257405, 0.04953323), (-0.06118135, -0.010098282, 0.050767493), (-0.06118135, -0.0050735716, 0.051512837), (-0.06118135, -3.1695137e-18, 0.051762085), (-0.06118135, 0.0050735716, 0.051512837), (-0.06118135, 0.010098282, 0.050767493), (-0.06118135, 0.0150257405, 0.04953323), (-0.06118135, 0.019808494, 0.04782193), (-0.06118135, 0.024400478, 0.045650084), (-0.06118135, 0.028757473, 0.043038603), (-0.06118135, 0.03283752, 0.040012635), (-0.06118135, 0.036601324, 0.036601324), (-0.06118135, 0.040012635, 0.03283752), (-0.06118135, 0.043038603, 0.028757473), (-0.06118135, 0.045650084, 0.024400478), (-0.06118135, 0.04782193, 0.019808494), (-0.06118135, 0.04953323, 0.0150257405), (-0.06118135, 0.050767493, 0.010098282), (-0.06118135, 0.051512837, 0.0050735716), (-0.06118135, 0.051762085, 6.3390275e-18), (-0.06118135, 0.051512837, -0.0050735716), (-0.06118135, 0.050767493, -0.010098282), (-0.06118135, 0.04953323, -0.0150257405), (-0.06118135, 0.04782193, -0.019808494), (-0.06118135, 0.045650084, -0.024400478), (-0.06118135, 0.043038603, -0.028757473), (-0.06118135, 0.040012635, -0.03283752), (-0.06118135, 0.036601324, -0.036601324), (-0.06118135, 0.03283752, -0.040012635), (-0.06118135, 0.028757473, -0.043038603), (-0.06118135, 0.024400478, -0.045650084), (-0.06118135, 0.019808494, -0.04782193), (-0.06118135, 0.0150257405, -0.04953323), (-0.06118135, 0.010098282, -0.050767493), (-0.06118135, 0.0050735716, -0.051512837), (-0.06118135, 9.508541e-18, -0.051762085), (-0.06118135, -0.0050735716, -0.051512837), (-0.06118135, -0.010098282, -0.050767493), (-0.06118135, -0.0150257405, -0.04953323), (-0.06118135, -0.019808494, -0.04782193), (-0.06118135, -0.024400478, -0.045650084), (-0.06118135, -0.028757473, -0.043038603), (-0.06118135, -0.03283752, -0.040012635), (-0.06118135, -0.036601324, -0.036601324), (-0.06118135, -0.040012635, -0.03283752), (-0.06118135, -0.043038603, -0.028757473), (-0.06118135, -0.045650084, -0.024400478), (-0.06118135, -0.04782193, -0.019808494), (-0.06118135, -0.04953323, -0.0150257405), (-0.06118135, -0.050767493, -0.010098282), (-0.06118135, -0.051512837, -0.0050735716), (-0.06118135, -0.046313446, 0), (-0.06118135, -0.046090435, 0.0045395116), (-0.06118135, -0.045423545, 0.009035305), (-0.06118135, -0.044319205, 0.013444084), (-0.06118135, -0.042788044, 0.017723389), (-0.06118135, -0.040844813, 0.021832008), (-0.06118135, -0.03850822, 0.025730371), (-0.06118135, -0.035800777, 0.029380938), (-0.06118135, -0.03274855, 0.03274855), (-0.06118135, -0.029380938, 0.035800777), (-0.06118135, -0.025730371, 0.03850822), (-0.06118135, -0.021832008, 0.040844813), (-0.06118135, -0.017723389, 0.042788044), (-0.06118135, -0.013444084, 0.044319205), (-0.06118135, -0.009035305, 0.045423545), (-0.06118135, -0.0045395116, 0.046090435), (-0.06118135, -2.8358806e-18, 0.046313446), (-0.06118135, 0.0045395116, 0.046090435), (-0.06118135, 0.009035305, 0.045423545), (-0.06118135, 0.013444084, 0.044319205), (-0.06118135, 0.017723389, 0.042788044), (-0.06118135, 0.021832008, 0.040844813), (-0.06118135, 0.025730371, 0.03850822), (-0.06118135, 0.029380938, 0.035800777), (-0.06118135, 0.03274855, 0.03274855), (-0.06118135, 0.035800777, 0.029380938), (-0.06118135, 0.03850822, 0.025730371), (-0.06118135, 0.040844813, 0.021832008), (-0.06118135, 0.042788044, 0.017723389), (-0.06118135, 0.044319205, 0.013444084), (-0.06118135, 0.045423545, 0.009035305), (-0.06118135, 0.046090435, 0.0045395116), (-0.06118135, 0.046313446, 5.671761e-18), (-0.06118135, 0.046090435, -0.0045395116), (-0.06118135, 0.045423545, -0.009035305), (-0.06118135, 0.044319205, -0.013444084), (-0.06118135, 0.042788044, -0.017723389), (-0.06118135, 0.040844813, -0.021832008), (-0.06118135, 0.03850822, -0.025730371), (-0.06118135, 0.035800777, -0.029380938), (-0.06118135, 0.03274855, -0.03274855), (-0.06118135, 0.029380938, -0.035800777), (-0.06118135, 0.025730371, -0.03850822), (-0.06118135, 0.021832008, -0.040844813), (-0.06118135, 0.017723389, -0.042788044), (-0.06118135, 0.013444084, -0.044319205), (-0.06118135, 0.009035305, -0.045423545), (-0.06118135, 0.0045395116, -0.046090435), (-0.06118135, 8.507642e-18, -0.046313446), (-0.06118135, -0.0045395116, -0.046090435), (-0.06118135, -0.009035305, -0.045423545), (-0.06118135, -0.013444084, -0.044319205), (-0.06118135, -0.017723389, -0.042788044), (-0.06118135, -0.021832008, -0.040844813), (-0.06118135, -0.025730371, -0.03850822), (-0.06118135, -0.029380938, -0.035800777), (-0.06118135, -0.03274855, -0.03274855), (-0.06118135, -0.035800777, -0.029380938), (-0.06118135, -0.03850822, -0.025730371), (-0.06118135, -0.040844813, -0.021832008), (-0.06118135, -0.042788044, -0.017723389), (-0.06118135, -0.044319205, -0.013444084), (-0.06118135, -0.045423545, -0.009035305), (-0.06118135, -0.046090435, -0.0045395116), (-0.06118135, -0.040864803, 0), (-0.06118135, -0.04066803, 0.004005451), (-0.06118135, -0.040079597, 0.007972328), (-0.06118135, -0.03910518, 0.011862427), (-0.06118135, -0.037754156, 0.015638284), (-0.06118135, -0.03603954, 0.019263536), (-0.06118135, -0.033977844, 0.02270327), (-0.06118135, -0.03158892, 0.025924359), (-0.06118135, -0.02889578, 0.02889578), (-0.06118135, -0.025924359, 0.03158892), (-0.06118135, -0.02270327, 0.033977844), (-0.06118135, -0.019263536, 0.03603954), (-0.06118135, -0.015638284, 0.037754156), (-0.06118135, -0.011862427, 0.03910518), (-0.06118135, -0.007972328, 0.040079597), (-0.06118135, -0.004005451, 0.04066803), (-0.06118135, -2.5022476e-18, 0.040864803), (-0.06118135, 0.004005451, 0.04066803), (-0.06118135, 0.007972328, 0.040079597), (-0.06118135, 0.011862427, 0.03910518), (-0.06118135, 0.015638284, 0.037754156), (-0.06118135, 0.019263536, 0.03603954), (-0.06118135, 0.02270327, 0.033977844), (-0.06118135, 0.025924359, 0.03158892), (-0.06118135, 0.02889578, 0.02889578), (-0.06118135, 0.03158892, 0.025924359), (-0.06118135, 0.033977844, 0.02270327), (-0.06118135, 0.03603954, 0.019263536), (-0.06118135, 0.037754156, 0.015638284), (-0.06118135, 0.03910518, 0.011862427), (-0.06118135, 0.040079597, 0.007972328), (-0.06118135, 0.04066803, 0.004005451), (-0.06118135, 0.040864803, 5.0044952e-18), (-0.06118135, 0.04066803, -0.004005451), (-0.06118135, 0.040079597, -0.007972328), (-0.06118135, 0.03910518, -0.011862427), (-0.06118135, 0.037754156, -0.015638284), (-0.06118135, 0.03603954, -0.019263536), (-0.06118135, 0.033977844, -0.02270327), (-0.06118135, 0.03158892, -0.025924359), (-0.06118135, 0.02889578, -0.02889578), (-0.06118135, 0.025924359, -0.03158892), (-0.06118135, 0.02270327, -0.033977844), (-0.06118135, 0.019263536, -0.03603954), (-0.06118135, 0.015638284, -0.037754156), (-0.06118135, 0.011862427, -0.03910518), (-0.06118135, 0.007972328, -0.040079597), (-0.06118135, 0.004005451, -0.04066803), (-0.06118135, 7.506743e-18, -0.040864803), (-0.06118135, -0.004005451, -0.04066803), (-0.06118135, -0.007972328, -0.040079597), (-0.06118135, -0.011862427, -0.03910518), (-0.06118135, -0.015638284, -0.037754156), (-0.06118135, -0.019263536, -0.03603954), (-0.06118135, -0.02270327, -0.033977844), (-0.06118135, -0.025924359, -0.03158892), (-0.06118135, -0.02889578, -0.02889578), (-0.06118135, -0.03158892, -0.025924359), (-0.06118135, -0.033977844, -0.02270327), (-0.06118135, -0.03603954, -0.019263536), (-0.06118135, -0.037754156, -0.015638284), (-0.06118135, -0.03910518, -0.011862427), (-0.06118135, -0.040079597, -0.007972328), (-0.06118135, -0.04066803, -0.004005451), (-0.06118135, -0.035416164, 0), (-0.06118135, -0.035245627, 0.003471391), (-0.06118135, -0.034735654, 0.006909351), (-0.06118135, -0.033891156, 0.010280769), (-0.06118135, -0.032720268, 0.013553179), (-0.06118135, -0.031234268, 0.016695064), (-0.06118135, -0.029447464, 0.019676166), (-0.06118135, -0.027377065, 0.022467777), (-0.06118135, -0.02504301, 0.02504301), (-0.06118135, -0.022467777, 0.027377065), (-0.06118135, -0.019676166, 0.029447464), (-0.06118135, -0.016695064, 0.031234268), (-0.06118135, -0.013553179, 0.032720268), (-0.06118135, -0.010280769, 0.033891156), (-0.06118135, -0.006909351, 0.034735654), (-0.06118135, -0.003471391, 0.035245627), (-0.06118135, -2.1686147e-18, 0.035416164), (-0.06118135, 0.003471391, 0.035245627), (-0.06118135, 0.006909351, 0.034735654), (-0.06118135, 0.010280769, 0.033891156), (-0.06118135, 0.013553179, 0.032720268), (-0.06118135, 0.016695064, 0.031234268), (-0.06118135, 0.019676166, 0.029447464), (-0.06118135, 0.022467777, 0.027377065), (-0.06118135, 0.02504301, 0.02504301), (-0.06118135, 0.027377065, 0.022467777), (-0.06118135, 0.029447464, 0.019676166), (-0.06118135, 0.031234268, 0.016695064), (-0.06118135, 0.032720268, 0.013553179), (-0.06118135, 0.033891156, 0.010280769), (-0.06118135, 0.034735654, 0.006909351), (-0.06118135, 0.035245627, 0.003471391), (-0.06118135, 0.035416164, 4.3372293e-18), (-0.06118135, 0.035245627, -0.003471391), (-0.06118135, 0.034735654, -0.006909351), (-0.06118135, 0.033891156, -0.010280769), (-0.06118135, 0.032720268, -0.013553179), (-0.06118135, 0.031234268, -0.016695064), (-0.06118135, 0.029447464, -0.019676166), (-0.06118135, 0.027377065, -0.022467777), (-0.06118135, 0.02504301, -0.02504301), (-0.06118135, 0.022467777, -0.027377065), (-0.06118135, 0.019676166, -0.029447464), (-0.06118135, 0.016695064, -0.031234268), (-0.06118135, 0.013553179, -0.032720268), (-0.06118135, 0.010280769, -0.033891156), (-0.06118135, 0.006909351, -0.034735654), (-0.06118135, 0.003471391, -0.035245627), (-0.06118135, 6.5058438e-18, -0.035416164), (-0.06118135, -0.003471391, -0.035245627), (-0.06118135, -0.006909351, -0.034735654), (-0.06118135, -0.010280769, -0.033891156), (-0.06118135, -0.013553179, -0.032720268), (-0.06118135, -0.016695064, -0.031234268), (-0.06118135, -0.019676166, -0.029447464), (-0.06118135, -0.022467777, -0.027377065), (-0.06118135, -0.02504301, -0.02504301), (-0.06118135, -0.027377065, -0.022467777), (-0.06118135, -0.029447464, -0.019676166), (-0.06118135, -0.031234268, -0.016695064), (-0.06118135, -0.032720268, -0.013553179), (-0.06118135, -0.033891156, -0.010280769), (-0.06118135, -0.034735654, -0.006909351), (-0.06118135, -0.035245627, -0.003471391), (-0.06118135, -0.029967524, 0), (-0.06118135, -0.029823221, 0.0029373309), (-0.06118135, -0.029391706, 0.0058463737), (-0.06118135, -0.028677132, 0.008699113), (-0.06118135, -0.027686382, 0.011468074), (-0.06118135, -0.026428996, 0.014126593), (-0.06118135, -0.024917085, 0.016649064), (-0.06118135, -0.02316521, 0.019011196), (-0.06118135, -0.02119024, 0.02119024), (-0.06118135, -0.019011196, 0.02316521), (-0.06118135, -0.016649064, 0.024917085), (-0.06118135, -0.014126593, 0.026428996), (-0.06118135, -0.011468074, 0.027686382), (-0.06118135, -0.008699113, 0.028677132), (-0.06118135, -0.0058463737, 0.029391706), (-0.06118135, -0.0029373309, 0.029823221), (-0.06118135, -1.8349815e-18, 0.029967524), (-0.06118135, 0.0029373309, 0.029823221), (-0.06118135, 0.0058463737, 0.029391706), (-0.06118135, 0.008699113, 0.028677132), (-0.06118135, 0.011468074, 0.027686382), (-0.06118135, 0.014126593, 0.026428996), (-0.06118135, 0.016649064, 0.024917085), (-0.06118135, 0.019011196, 0.02316521), (-0.06118135, 0.02119024, 0.02119024), (-0.06118135, 0.02316521, 0.019011196), (-0.06118135, 0.024917085, 0.016649064), (-0.06118135, 0.026428996, 0.014126593), (-0.06118135, 0.027686382, 0.011468074), (-0.06118135, 0.028677132, 0.008699113), (-0.06118135, 0.029391706, 0.0058463737), (-0.06118135, 0.029823221, 0.0029373309), (-0.06118135, 0.029967524, 3.669963e-18), (-0.06118135, 0.029823221, -0.0029373309), (-0.06118135, 0.029391706, -0.0058463737), (-0.06118135, 0.028677132, -0.008699113), (-0.06118135, 0.027686382, -0.011468074), (-0.06118135, 0.026428996, -0.014126593), (-0.06118135, 0.024917085, -0.016649064), (-0.06118135, 0.02316521, -0.019011196), (-0.06118135, 0.02119024, -0.02119024), (-0.06118135, 0.019011196, -0.02316521), (-0.06118135, 0.016649064, -0.024917085), (-0.06118135, 0.014126593, -0.026428996), (-0.06118135, 0.011468074, -0.027686382), (-0.06118135, 0.008699113, -0.028677132), (-0.06118135, 0.0058463737, -0.029391706), (-0.06118135, 0.0029373309, -0.029823221), (-0.06118135, 5.504945e-18, -0.029967524), (-0.06118135, -0.0029373309, -0.029823221), (-0.06118135, -0.0058463737, -0.029391706), (-0.06118135, -0.008699113, -0.028677132), (-0.06118135, -0.011468074, -0.027686382), (-0.06118135, -0.014126593, -0.026428996), (-0.06118135, -0.016649064, -0.024917085), (-0.06118135, -0.019011196, -0.02316521), (-0.06118135, -0.02119024, -0.02119024), (-0.06118135, -0.02316521, -0.019011196), (-0.06118135, -0.024917085, -0.016649064), (-0.06118135, -0.026428996, -0.014126593), (-0.06118135, -0.027686382, -0.011468074), (-0.06118135, -0.028677132, -0.008699113), (-0.06118135, -0.029391706, -0.0058463737), (-0.06118135, -0.029823221, -0.0029373309), (-0.06118135, -0.024518883, 0), (-0.06118135, -0.024400817, 0.0024032707), (-0.06118135, -0.02404776, 0.0047833966), (-0.06118135, -0.023463108, 0.007117456), (-0.06118135, -0.022652494, 0.009382971), (-0.06118135, -0.021623725, 0.011558121), (-0.06118135, -0.020386705, 0.013621962), (-0.06118135, -0.018953353, 0.015554614), (-0.06118135, -0.017337468, 0.017337468), (-0.06118135, -0.015554614, 0.018953353), (-0.06118135, -0.013621962, 0.020386705), (-0.06118135, -0.011558121, 0.021623725), (-0.06118135, -0.009382971, 0.022652494), (-0.06118135, -0.007117456, 0.023463108), (-0.06118135, -0.0047833966, 0.02404776), (-0.06118135, -0.0024032707, 0.024400817), (-0.06118135, -1.5013485e-18, 0.024518883), (-0.06118135, 0.0024032707, 0.024400817), (-0.06118135, 0.0047833966, 0.02404776), (-0.06118135, 0.007117456, 0.023463108), (-0.06118135, 0.009382971, 0.022652494), (-0.06118135, 0.011558121, 0.021623725), (-0.06118135, 0.013621962, 0.020386705), (-0.06118135, 0.015554614, 0.018953353), (-0.06118135, 0.017337468, 0.017337468), (-0.06118135, 0.018953353, 0.015554614), (-0.06118135, 0.020386705, 0.013621962), (-0.06118135, 0.021623725, 0.011558121), (-0.06118135, 0.022652494, 0.009382971), (-0.06118135, 0.023463108, 0.007117456), (-0.06118135, 0.02404776, 0.0047833966), (-0.06118135, 0.024400817, 0.0024032707), (-0.06118135, 0.024518883, 3.002697e-18), (-0.06118135, 0.024400817, -0.0024032707), (-0.06118135, 0.02404776, -0.0047833966), (-0.06118135, 0.023463108, -0.007117456), (-0.06118135, 0.022652494, -0.009382971), (-0.06118135, 0.021623725, -0.011558121), (-0.06118135, 0.020386705, -0.013621962), (-0.06118135, 0.018953353, -0.015554614), (-0.06118135, 0.017337468, -0.017337468), (-0.06118135, 0.015554614, -0.018953353), (-0.06118135, 0.013621962, -0.020386705), (-0.06118135, 0.011558121, -0.021623725), (-0.06118135, 0.009382971, -0.022652494), (-0.06118135, 0.007117456, -0.023463108), (-0.06118135, 0.0047833966, -0.02404776), (-0.06118135, 0.0024032707, -0.024400817), (-0.06118135, 4.5040456e-18, -0.024518883), (-0.06118135, -0.0024032707, -0.024400817), (-0.06118135, -0.0047833966, -0.02404776), (-0.06118135, -0.007117456, -0.023463108), (-0.06118135, -0.009382971, -0.022652494), (-0.06118135, -0.011558121, -0.021623725), (-0.06118135, -0.013621962, -0.020386705), (-0.06118135, -0.015554614, -0.018953353), (-0.06118135, -0.017337468, -0.017337468), (-0.06118135, -0.018953353, -0.015554614), (-0.06118135, -0.020386705, -0.013621962), (-0.06118135, -0.021623725, -0.011558121), (-0.06118135, -0.022652494, -0.009382971), (-0.06118135, -0.023463108, -0.007117456), (-0.06118135, -0.02404776, -0.0047833966), (-0.06118135, -0.024400817, -0.0024032707), (-0.06118135, -0.019070242, 0), (-0.06118135, -0.018978413, 0.0018692106), (-0.06118135, -0.018703813, 0.0037204197), (-0.06118135, -0.018249083, 0.005535799), (-0.06118135, -0.017618606, 0.0072978656), (-0.06118135, -0.016818453, 0.00898965), (-0.06118135, -0.015856327, 0.010594859), (-0.06118135, -0.014741496, 0.012098034), (-0.06118135, -0.013484698, 0.013484698), (-0.06118135, -0.012098034, 0.014741496), (-0.06118135, -0.010594859, 0.015856327), (-0.06118135, -0.00898965, 0.016818453), (-0.06118135, -0.0072978656, 0.017618606), (-0.06118135, -0.005535799, 0.018249083), (-0.06118135, -0.0037204197, 0.018703813), (-0.06118135, -0.0018692106, 0.018978413), (-0.06118135, -1.1677156e-18, 0.019070242), (-0.06118135, 0.0018692106, 0.018978413), (-0.06118135, 0.0037204197, 0.018703813), (-0.06118135, 0.005535799, 0.018249083), (-0.06118135, 0.0072978656, 0.017618606), (-0.06118135, 0.00898965, 0.016818453), (-0.06118135, 0.010594859, 0.015856327), (-0.06118135, 0.012098034, 0.014741496), (-0.06118135, 0.013484698, 0.013484698), (-0.06118135, 0.014741496, 0.012098034), (-0.06118135, 0.015856327, 0.010594859), (-0.06118135, 0.016818453, 0.00898965), (-0.06118135, 0.017618606, 0.0072978656), (-0.06118135, 0.018249083, 0.005535799), (-0.06118135, 0.018703813, 0.0037204197), (-0.06118135, 0.018978413, 0.0018692106), (-0.06118135, 0.019070242, 2.3354311e-18), (-0.06118135, 0.018978413, -0.0018692106), (-0.06118135, 0.018703813, -0.0037204197), (-0.06118135, 0.018249083, -0.005535799), (-0.06118135, 0.017618606, -0.0072978656), (-0.06118135, 0.016818453, -0.00898965), (-0.06118135, 0.015856327, -0.010594859), (-0.06118135, 0.014741496, -0.012098034), (-0.06118135, 0.013484698, -0.013484698), (-0.06118135, 0.012098034, -0.014741496), (-0.06118135, 0.010594859, -0.015856327), (-0.06118135, 0.00898965, -0.016818453), (-0.06118135, 0.0072978656, -0.017618606), (-0.06118135, 0.005535799, -0.018249083), (-0.06118135, 0.0037204197, -0.018703813), (-0.06118135, 0.0018692106, -0.018978413), (-0.06118135, 3.5031467e-18, -0.019070242), (-0.06118135, -0.0018692106, -0.018978413), (-0.06118135, -0.0037204197, -0.018703813), (-0.06118135, -0.005535799, -0.018249083), (-0.06118135, -0.0072978656, -0.017618606), (-0.06118135, -0.00898965, -0.016818453), (-0.06118135, -0.010594859, -0.015856327), (-0.06118135, -0.012098034, -0.014741496), (-0.06118135, -0.013484698, -0.013484698), (-0.06118135, -0.014741496, -0.012098034), (-0.06118135, -0.015856327, -0.010594859), (-0.06118135, -0.016818453, -0.00898965), (-0.06118135, -0.017618606, -0.0072978656), (-0.06118135, -0.018249083, -0.005535799), (-0.06118135, -0.018703813, -0.0037204197), (-0.06118135, -0.018978413, -0.0018692106), (-0.06118135, -0.013621601, 0), (-0.06118135, -0.01355601, 0.0013351504), (-0.06118135, -0.013359866, 0.0026574426), (-0.06118135, -0.01303506, 0.0039541423), (-0.06118135, -0.012584719, 0.0052127615), (-0.06118135, -0.01201318, 0.0064211786), (-0.06118135, -0.011325948, 0.0075677563), (-0.06118135, -0.01052964, 0.0086414525), (-0.06118135, -0.009631927, 0.009631927), (-0.06118135, -0.0086414525, 0.01052964), (-0.06118135, -0.0075677563, 0.011325948), (-0.06118135, -0.0064211786, 0.01201318), (-0.06118135, -0.0052127615, 0.012584719), (-0.06118135, -0.0039541423, 0.01303506), (-0.06118135, -0.0026574426, 0.013359866), (-0.06118135, -0.0013351504, 0.01355601), (-0.06118135, -8.3408256e-19, 0.013621601), (-0.06118135, 0.0013351504, 0.01355601), (-0.06118135, 0.0026574426, 0.013359866), (-0.06118135, 0.0039541423, 0.01303506), (-0.06118135, 0.0052127615, 0.012584719), (-0.06118135, 0.0064211786, 0.01201318), (-0.06118135, 0.0075677563, 0.011325948), (-0.06118135, 0.0086414525, 0.01052964), (-0.06118135, 0.009631927, 0.009631927), (-0.06118135, 0.01052964, 0.0086414525), (-0.06118135, 0.011325948, 0.0075677563), (-0.06118135, 0.01201318, 0.0064211786), (-0.06118135, 0.012584719, 0.0052127615), (-0.06118135, 0.01303506, 0.0039541423), (-0.06118135, 0.013359866, 0.0026574426), (-0.06118135, 0.01355601, 0.0013351504), (-0.06118135, 0.013621601, 1.6681651e-18), (-0.06118135, 0.01355601, -0.0013351504), (-0.06118135, 0.013359866, -0.0026574426), (-0.06118135, 0.01303506, -0.0039541423), (-0.06118135, 0.012584719, -0.0052127615), (-0.06118135, 0.01201318, -0.0064211786), (-0.06118135, 0.011325948, -0.0075677563), (-0.06118135, 0.01052964, -0.0086414525), (-0.06118135, 0.009631927, -0.009631927), (-0.06118135, 0.0086414525, -0.01052964), (-0.06118135, 0.0075677563, -0.011325948), (-0.06118135, 0.0064211786, -0.01201318), (-0.06118135, 0.0052127615, -0.012584719), (-0.06118135, 0.0039541423, -0.01303506), (-0.06118135, 0.0026574426, -0.013359866), (-0.06118135, 0.0013351504, -0.01355601), (-0.06118135, 2.5022476e-18, -0.013621601), (-0.06118135, -0.0013351504, -0.01355601), (-0.06118135, -0.0026574426, -0.013359866), (-0.06118135, -0.0039541423, -0.01303506), (-0.06118135, -0.0052127615, -0.012584719), (-0.06118135, -0.0064211786, -0.01201318), (-0.06118135, -0.0075677563, -0.011325948), (-0.06118135, -0.0086414525, -0.01052964), (-0.06118135, -0.009631927, -0.009631927), (-0.06118135, -0.01052964, -0.0086414525), (-0.06118135, -0.011325948, -0.0075677563), (-0.06118135, -0.01201318, -0.0064211786), (-0.06118135, -0.012584719, -0.0052127615), (-0.06118135, -0.01303506, -0.0039541423), (-0.06118135, -0.013359866, -0.0026574426), (-0.06118135, -0.01355601, -0.0013351504), (-0.06118135, -0.008172961, 0), (-0.06118135, -0.008133606, 0.00080109027), (-0.06118135, -0.0080159195, 0.0015944656), (-0.06118135, -0.007821036, 0.0023724854), (-0.06118135, -0.0075508314, 0.0031276566), (-0.06118135, -0.007207908, 0.003852707), (-0.06118135, -0.006795569, 0.004540654), (-0.06118135, -0.006317784, 0.0051848716), (-0.06118135, -0.005779156, 0.005779156), (-0.06118135, -0.0051848716, 0.006317784), (-0.06118135, -0.004540654, 0.006795569), (-0.06118135, -0.003852707, 0.007207908), (-0.06118135, -0.0031276566, 0.0075508314), (-0.06118135, -0.0023724854, 0.007821036), (-0.06118135, -0.0015944656, 0.0080159195), (-0.06118135, -0.00080109027, 0.008133606), (-0.06118135, -5.0044954e-19, 0.008172961), (-0.06118135, 0.00080109027, 0.008133606), (-0.06118135, 0.0015944656, 0.0080159195), (-0.06118135, 0.0023724854, 0.007821036), (-0.06118135, 0.0031276566, 0.0075508314), (-0.06118135, 0.003852707, 0.007207908), (-0.06118135, 0.004540654, 0.006795569), (-0.06118135, 0.0051848716, 0.006317784), (-0.06118135, 0.005779156, 0.005779156), (-0.06118135, 0.006317784, 0.0051848716), (-0.06118135, 0.006795569, 0.004540654), (-0.06118135, 0.007207908, 0.003852707), (-0.06118135, 0.0075508314, 0.0031276566), (-0.06118135, 0.007821036, 0.0023724854), (-0.06118135, 0.0080159195, 0.0015944656), (-0.06118135, 0.008133606, 0.00080109027), (-0.06118135, 0.008172961, 1.0008991e-18), (-0.06118135, 0.008133606, -0.00080109027), (-0.06118135, 0.0080159195, -0.0015944656), (-0.06118135, 0.007821036, -0.0023724854), (-0.06118135, 0.0075508314, -0.0031276566), (-0.06118135, 0.007207908, -0.003852707), (-0.06118135, 0.006795569, -0.004540654), (-0.06118135, 0.006317784, -0.0051848716), (-0.06118135, 0.005779156, -0.005779156), (-0.06118135, 0.0051848716, -0.006317784), (-0.06118135, 0.004540654, -0.006795569), (-0.06118135, 0.003852707, -0.007207908), (-0.06118135, 0.0031276566, -0.0075508314), (-0.06118135, 0.0023724854, -0.007821036), (-0.06118135, 0.0015944656, -0.0080159195), (-0.06118135, 0.00080109027, -0.008133606), (-0.06118135, 1.5013485e-18, -0.008172961), (-0.06118135, -0.00080109027, -0.008133606), (-0.06118135, -0.0015944656, -0.0080159195), (-0.06118135, -0.0023724854, -0.007821036), (-0.06118135, -0.0031276566, -0.0075508314), (-0.06118135, -0.003852707, -0.007207908), (-0.06118135, -0.004540654, -0.006795569), (-0.06118135, -0.0051848716, -0.006317784), (-0.06118135, -0.005779156, -0.005779156), (-0.06118135, -0.006317784, -0.0051848716), (-0.06118135, -0.006795569, -0.004540654), (-0.06118135, -0.007207908, -0.003852707), (-0.06118135, -0.0075508314, -0.0031276566), (-0.06118135, -0.007821036, -0.0023724854), (-0.06118135, -0.0080159195, -0.0015944656), (-0.06118135, -0.008133606, -0.00080109027), (-0.06118135, -0.0027243204, 0), (-0.06118135, -0.002711202, 0.0002670301), (-0.06118135, -0.0026719733, 0.0005314885), (-0.06118135, -0.002607012, 0.00079082843), (-0.06118135, -0.0025169437, 0.0010425523), (-0.06118135, -0.002402636, 0.0012842357), (-0.06118135, -0.0022651895, 0.0015135512), (-0.06118135, -0.002105928, 0.0017282905), (-0.06118135, -0.0019263853, 0.0019263853), (-0.06118135, -0.0017282905, 0.002105928), (-0.06118135, -0.0015135512, 0.0022651895), (-0.06118135, -0.0012842357, 0.002402636), (-0.06118135, -0.0010425523, 0.0025169437), (-0.06118135, -0.00079082843, 0.002607012), (-0.06118135, -0.0005314885, 0.0026719733), (-0.06118135, -0.0002670301, 0.002711202), (-0.06118135, -1.668165e-19, 0.0027243204), (-0.06118135, 0.0002670301, 0.002711202), (-0.06118135, 0.0005314885, 0.0026719733), (-0.06118135, 0.00079082843, 0.002607012), (-0.06118135, 0.0010425523, 0.0025169437), (-0.06118135, 0.0012842357, 0.002402636), (-0.06118135, 0.0015135512, 0.0022651895), (-0.06118135, 0.0017282905, 0.002105928), (-0.06118135, 0.0019263853, 0.0019263853), (-0.06118135, 0.002105928, 0.0017282905), (-0.06118135, 0.0022651895, 0.0015135512), (-0.06118135, 0.002402636, 0.0012842357), (-0.06118135, 0.0025169437, 0.0010425523), (-0.06118135, 0.002607012, 0.00079082843), (-0.06118135, 0.0026719733, 0.0005314885), (-0.06118135, 0.002711202, 0.0002670301), (-0.06118135, 0.0027243204, 3.33633e-19), (-0.06118135, 0.002711202, -0.0002670301), (-0.06118135, 0.0026719733, -0.0005314885), (-0.06118135, 0.002607012, -0.00079082843), (-0.06118135, 0.0025169437, -0.0010425523), (-0.06118135, 0.002402636, -0.0012842357), (-0.06118135, 0.0022651895, -0.0015135512), (-0.06118135, 0.002105928, -0.0017282905), (-0.06118135, 0.0019263853, -0.0019263853), (-0.06118135, 0.0017282905, -0.002105928), (-0.06118135, 0.0015135512, -0.0022651895), (-0.06118135, 0.0012842357, -0.002402636), (-0.06118135, 0.0010425523, -0.0025169437), (-0.06118135, 0.00079082843, -0.002607012), (-0.06118135, 0.0005314885, -0.0026719733), (-0.06118135, 0.0002670301, -0.002711202), (-0.06118135, 5.0044954e-19, -0.0027243204), (-0.06118135, -0.0002670301, -0.002711202), (-0.06118135, -0.0005314885, -0.0026719733), (-0.06118135, -0.00079082843, -0.002607012), (-0.06118135, -0.0010425523, -0.0025169437), (-0.06118135, -0.0012842357, -0.002402636), (-0.06118135, -0.0015135512, -0.0022651895), (-0.06118135, -0.0017282905, -0.002105928), (-0.06118135, -0.0019263853, -0.0019263853), (-0.06118135, -0.002105928, -0.0017282905), (-0.06118135, -0.0022651895, -0.0015135512), (-0.06118135, -0.002402636, -0.0012842357), (-0.06118135, -0.0025169437, -0.0010425523), (-0.06118135, -0.002607012, -0.00079082843), (-0.06118135, -0.0026719733, -0.0005314885), (-0.06118135, -0.002711202, -0.0002670301), (-0.06118135, -0, 0), (-0.06118135, -0, 0), (-0.06118135, -0, 0), (-0.06118135, -0, 0), (-0.06118135, -0, 0), (-0.06118135, -0, 0), (-0.06118135, -0, 0), (-0.06118135, -0, 0), (-0.06118135, -0, 0), (-0.06118135, -0, 0), (-0.06118135, -0, 0), (-0.06118135, -0, 0), (-0.06118135, -0, 0), (-0.06118135, -0, 0), (-0.06118135, -0, 0), (-0.06118135, -0, 0), (-0.06118135, -0, 0), (-0.06118135, 0, 0), (-0.06118135, 0, 0), (-0.06118135, 0, 0), (-0.06118135, 0, 0), (-0.06118135, 0, 0), (-0.06118135, 0, 0), (-0.06118135, 0, 0), (-0.06118135, 0, 0), (-0.06118135, 0, 0), (-0.06118135, 0, 0), (-0.06118135, 0, 0), (-0.06118135, 0, 0), (-0.06118135, 0, 0), (-0.06118135, 0, 0), (-0.06118135, 0, 0), (-0.06118135, 0, 0), (-0.06118135, 0, -0), (-0.06118135, 0, -0), (-0.06118135, 0, -0), (-0.06118135, 0, -0), (-0.06118135, 0, -0), (-0.06118135, 0, -0), (-0.06118135, 0, -0), (-0.06118135, 0, -0), (-0.06118135, 0, -0), (-0.06118135, 0, -0), (-0.06118135, 0, -0), (-0.06118135, 0, -0), (-0.06118135, 0, -0), (-0.06118135, 0, -0), (-0.06118135, 0, -0), (-0.06118135, 0, -0), (-0.06118135, -0, -0), (-0.06118135, -0, -0), (-0.06118135, -0, -0), (-0.06118135, -0, -0), (-0.06118135, -0, -0), (-0.06118135, -0, -0), (-0.06118135, -0, -0), (-0.06118135, -0, -0), (-0.06118135, -0, -0), (-0.06118135, -0, -0), (-0.06118135, -0, -0), (-0.06118135, -0, -0), (-0.06118135, -0, -0), (-0.06118135, -0, -0), (-0.06118135, -0, -0), (-0.077181354, -0.066, -0.011), (-0.077181354, -0.066, 0.011), (-0.077181354, -0.044, -0.011), (-0.077181354, -0.044, 0.011), (-0.06118135, -0.066, -0.011), (-0.06118135, -0.066, 0.011), (-0.06118135, -0.044, -0.011), (-0.06118135, -0.044, 0.011), (-0.077181354, -0.0099335, 0.038447298), (-0.077181354, -0.030856743, 0.045245674), (-0.077181354, -0.003135126, 0.059370544), (-0.077181354, -0.02405837, 0.06616892), (-0.06118135, -0.0099335, 0.038447298), (-0.06118135, -0.030856743, 0.045245674), (-0.06118135, -0.003135126, 0.059370544), (-0.06118135, -0.02405837, 0.06616892), (-0.077181354, 0.05986076, 0.034761738), (-0.077181354, 0.046929482, 0.016963365), (-0.077181354, 0.042062387, 0.047693014), (-0.077181354, 0.02913111, 0.029894639), (-0.06118135, 0.05986076, 0.034761738), (-0.06118135, 0.046929482, 0.016963365), (-0.06118135, 0.042062387, 0.047693014), (-0.06118135, 0.02913111, 0.029894639), (-0.077181354, 0.046929482, -0.016963365), (-0.077181354, 0.05986076, -0.034761738), (-0.077181354, 0.02913111, -0.029894639), (-0.077181354, 0.042062387, -0.047693014), (-0.06118135, 0.046929482, -0.016963365), (-0.06118135, 0.05986076, -0.034761738), (-0.06118135, 0.02913111, -0.029894639), (-0.06118135, 0.042062387, -0.047693014), (-0.077181354, -0.030856743, -0.045245674), (-0.077181354, -0.0099335, -0.038447298), (-0.077181354, -0.02405837, -0.06616892), (-0.077181354, -0.003135126, -0.059370544), (-0.06118135, -0.030856743, -0.045245674), (-0.06118135, -0.0099335, -0.038447298), (-0.06118135, -0.02405837, -0.06616892), (-0.06118135, -0.003135126, -0.059370544), (0.06118135, -0.066, -0.011), (0.06118135, -0.066, 0.011), (0.06118135, -0.044, -0.011), (0.06118135, -0.044, 0.011), (0.077181354, -0.066, -0.011), (0.077181354, -0.066, 0.011), (0.077181354, -0.044, -0.011), (0.077181354, -0.044, 0.011), (0.06118135, -0.0099335, 0.038447298), (0.06118135, -0.030856743, 0.045245674), (0.06118135, -0.003135126, 0.059370544), (0.06118135, -0.02405837, 0.06616892), (0.077181354, -0.0099335, 0.038447298), (0.077181354, -0.030856743, 0.045245674), (0.077181354, -0.003135126, 0.059370544), (0.077181354, -0.02405837, 0.06616892), (0.06118135, 0.05986076, 0.034761738), (0.06118135, 0.046929482, 0.016963365), (0.06118135, 0.042062387, 0.047693014), (0.06118135, 0.02913111, 0.029894639), (0.077181354, 0.05986076, 0.034761738), (0.077181354, 0.046929482, 0.016963365), (0.077181354, 0.042062387, 0.047693014), (0.077181354, 0.02913111, 0.029894639), (0.06118135, 0.046929482, -0.016963365), (0.06118135, 0.05986076, -0.034761738), (0.06118135, 0.02913111, -0.029894639), (0.06118135, 0.042062387, -0.047693014), (0.077181354, 0.046929482, -0.016963365), (0.077181354, 0.05986076, -0.034761738), (0.077181354, 0.02913111, -0.029894639), (0.077181354, 0.042062387, -0.047693014), (0.06118135, -0.030856743, -0.045245674), (0.06118135, -0.0099335, -0.038447298), (0.06118135, -0.02405837, -0.06616892), (0.06118135, -0.003135126, -0.059370544), (0.077181354, -0.030856743, -0.045245674), (0.077181354, -0.0099335, -0.038447298), (0.077181354, -0.02405837, -0.06616892), (0.077181354, -0.003135126, -0.059370544)]
    }
}

