MeshVersionFormatted 1
Dimension 3

Vertices
9653
-1.8500332832336426 -1.8914207220077515 0.0024368762969970703 1
-1.8500330448150635 -1.8911130428314209 0.0024349689483642578 1
-1.8500239849090576 -1.8915938138961792 0.002434849739074707 1
-1.8500257730484009 -1.8909298181533813 0.0024389028549194336 1
-1.8500241041183472 -1.8913627862930298 0.0025341510772705078 1
-1.8500247001647949 -1.8910813331604004 0.0025327205657958984 1
-1.8500179052352905 -1.8915621042251587 0.0025327205657958984 1
-1.8500176668167114 -1.890936017036438 0.0025322437286376953 1
-1.8500128984451294 -1.891419529914856 0.0023362636566162109 1
-1.8500176668167114 -1.8910672664642334 0.0023537874221801758 1
-1.8500033617019653 -1.8916174173355103 0.0023444890975952148 1
-1.8500063419342041 -1.8909060955047607 0.0023452043533325195 1
-1.8500040769577026 -1.8917279243469238 0.0024478435516357422 1
-1.8500040769577026 -1.8907762765884399 0.0024478435516357422 1
-1.8499966859817505 -1.891707181930542 0.0025292634963989258 1
-1.8499966859817505 -1.8907971382141113 0.0025292634963989258 1
-1.84998619556427 -1.8914206027984619 0.0026170015335083008 1
-1.84998619556427 -1.8910837173461914 0.0026170015335083008 1
-1.8499839305877686 -1.8917547464370728 0.0023586750030517578 1
-1.8499842882156372 -1.8907469511032104 0.0023659467697143555 1
-1.8499791622161865 -1.8915772438049316 0.0026142597198486328 1
-1.8499791622161865 -1.8909270763397217 0.0026142597198486328 1
-1.8499733209609985 -1.891438364982605 0.0022484064102172852 1
-1.8499728441238403 -1.8910726308822632 0.0022476911544799805 1
-1.8499767780303955 -1.8917690515518188 0.0025207996368408203 1
-1.8499706983566284 -1.8907305002212524 0.0025327205657958984 1
-1.8499671220779419 -1.8918318748474121 0.0024665594100952148 1
-1.8499647378921509 -1.8906691074371338 0.0024664402008056641 1
-1.849963903427124 -1.8916141986846924 0.0022543668746948242 1
-1.8499634265899658 -1.8908869028091431 0.0022548437118530273 1
-1.8499586582183838 -1.8917107582092285 0.0026071071624755859 1
-1.849961519241333 -1.8907941579818726 0.0026030540466308594 1
-1.8499448299407959 -1.8918682336807251 0.0023846626281738281 1
-1.8499441146850586 -1.8906341791152954 0.0023843050003051758 1
-1.8499335050582886 -1.8917680978775024 0.0022602081298828125 1
-1.8499387502670288 -1.8907351493835449 0.0022674798965454102 1
-1.8499380350112915 -1.8918174505233765 0.0025719404220581055 1
-1.8499380350112915 -1.8906867504119873 0.0025719404220581055 1
-1.8487941026687622 -1.8911738395690918 0.0022690296173095703 1
-1.849913477897644 -1.8918968439102173 0.0025094747543334961 1
-1.849913477897644 -1.890607476234436 0.0025094747543334961 1
-1.8499006032943726 -1.8912516832351685 0.0021519660949707031 1
-1.8499032258987427 -1.8914295434951782 0.0021561384201049805 1
-1.8499051332473755 -1.8910876512527466 0.0021578073501586914 1
-1.8498892784118652 -1.8917241096496582 0.0026987791061401367 1
-1.8498880863189697 -1.8907749652862549 0.0026966333389282227 1
-1.8498985767364502 -1.8916143178939819 0.0021674633026123047 1
-1.8498958349227905 -1.8908799886703491 0.0021674633026123047 1
-1.8498948812484741 -1.891892671585083 0.0022944211959838867 1
-1.8498948812484741 -1.8906116485595703 0.0022944211959838867 1
-1.849878191947937 -1.891948938369751 0.0024265050888061523 1
-1.849878191947937 -1.8905553817749023 0.0024265050888061523 1
-1.8498619794845581 -1.8918454647064209 0.0026564598083496094 1
-1.8498754501342773 -1.8906623125076294 0.0026448965072631836 1
-1.8498654365539551 -1.8917669057846069 0.0021753311157226562 1
-1.8498733043670654 -1.8907401561737061 0.002180933952331543 1
-1.8498824834823608 -1.8913987874984741 0.0027644634246826172 1
-1.8498783111572266 -1.8911323547363281 0.002770543098449707 1
-1.8498749732971191 -1.891599178314209 0.0027527809143066406 1
-1.8498466014862061 -1.8909258842468262 0.0027959346771240234 1
-1.8498369455337524 -1.8919321298599243 0.0025745630264282227 1
-1.8498432636260986 -1.8905760049819946 0.0025702714920043945 1
-1.8498266935348511 -1.8912521600723267 0.0020868778228759766 1
-1.8498333692550659 -1.8914180994033813 0.0020943880081176758 1
-1.849825382232666 -1.8910907506942749 0.0020873546600341797 1
-1.8498250246047974 -1.8918901681900024 0.0022060871124267578 1
-1.8498257398605347 -1.8906139135360718 0.0022070407867431641 1
-1.849826455116272 -1.8917394876480103 0.0027706623077392578 1
-1.8498200178146362 -1.8907661437988281 0.0027792453765869141 1
-1.8498227596282959 -1.8919744491577148 0.0023347139358520508 1
-1.8498227596282959 -1.8905298709869385 0.0023347139358520508 1
-1.8498151302337646 -1.8916078805923462 0.0020956993103027344 1
-1.8498144149780273 -1.8909053802490234 0.0020929574966430664 1
-1.8497874736785889 -1.8917460441589355 0.0021061897277832031 1
-1.8497874736785889 -1.8907582759857178 0.0021061897277832031 1
-1.8497868776321411 -1.8918538093566895 0.0027409791946411133 1
-1.8497868776321411 -1.8906505107879639 0.0027409791946411133 1
-1.8497861623764038 -1.8919914960861206 0.0024851560592651367 1
-1.8497943878173828 -1.8905166387557983 0.0024799108505249023 1
-1.849791407585144 -1.8913981914520264 0.0029063224792480469 1
-1.8497830629348755 -1.8910893201828003 0.0029195547103881836 1
-1.8497774600982666 -1.8915547132492065 0.0029081106185913086 1
-1.8497745990753174 -1.8909424543380737 0.002911686897277832 1
-1.8497488498687744 -1.8919708728790283 0.0022450685501098633 1
-1.8497488498687744 -1.890533447265625 0.0022450685501098633 1
-1.8497523069381714 -1.8917185068130493 0.0028929710388183594 1
-1.8497381210327148 -1.8907742500305176 0.0029075145721435547 1
-1.8497377634048462 -1.8918617963790894 0.0021303892135620117 1
-1.8497377634048462 -1.890642523765564 0.0021303892135620117 1
-1.8497314453125 -1.8919464349746704 0.0026607513427734375 1
-1.8497314453125 -1.8905578851699829 0.0026607513427734375 1
-1.8497337102890015 -1.8914024829864502 0.0020325183868408203 1
-1.8497202396392822 -1.8911168575286865 0.0020258426666259766 1
-1.8497219085693359 -1.8920199871063232 0.0023895502090454102 1
-1.8497219085693359 -1.8904842138290405 0.0023895502090454102 1
-1.8496981859207153 -1.8912599086761475 0.0031260251998901367 1
-1.8497174978256226 -1.8915753364562988 0.0020346641540527344 1
-1.8497166633605957 -1.8909244537353516 0.0020350217819213867 1
-1.8496967554092407 -1.8914228677749634 0.0031169652938842773 1
-1.8497086763381958 -1.8910766839981079 0.003086090087890625 1
-1.8496859073638916 -1.8915698528289795 0.0031083822250366211 1
-1.8496869802474976 -1.8909275531768799 0.0031028985977172852 1
-1.8496905565261841 -1.8917049169540405 0.0020468235015869141 1
-1.8496936559677124 -1.89079749584198 0.0020482540130615234 1
-1.8496896028518677 -1.8916752338409424 0.0030492544174194336 1
-1.8496832847595215 -1.8908274173736572 0.0030628442764282227 1
-1.8496774435043335 -1.8918555974960327 0.0028884410858154297 1
-1.8496817350387573 -1.8906461000442505 0.0028771162033081055 1
-1.8496642112731934 -1.892006516456604 0.0025602579116821289 1
-1.8496642112731934 -1.8904976844787598 0.0025602579116821289 1
-1.8496588468551636 -1.8919358253479004 0.0021687746047973633 1
-1.8496665954589844 -1.8905673027038574 0.0021734237670898438 1
-1.8496348857879639 -1.891257643699646 0.0032863616943359375 1
-1.8496447801589966 -1.8913944959640503 0.0032522678375244141 1
-1.849650502204895 -1.8911155462265015 0.0032391548156738281 1
-1.8496440649032593 -1.8918142318725586 0.0020720958709716797 1
-1.8496440649032593 -1.8906900882720947 0.0020720958709716797 1
-1.8496417999267578 -1.892012357711792 0.002292633056640625 1
-1.8496438264846802 -1.8904889822006226 0.0022979974746704102 1
-1.8496280908584595 -1.8915480375289917 0.0032562017440795898 1
-1.8496361970901489 -1.8909646272659302 0.0032411813735961914 1
-1.8496410846710205 -1.8917967081069946 0.0030626058578491211 1
-1.8496417999267578 -1.8907067775726318 0.0030597448348999023 1
-1.8496149778366089 -1.891664981842041 0.0032387971878051758 1
-1.8496174812316895 -1.8908488750457764 0.0032392740249633789 1
-1.8496235609054565 -1.8914053440093994 0.0019886493682861328 1
-1.8496235609054565 -1.8910989761352539 0.0019886493682861328 1
-1.849616527557373 -1.8915461301803589 0.0019960403442382812 1
-1.8496142625808716 -1.8909571170806885 0.0019953250885009766 1
-1.8496015071868896 -1.8917558193206787 0.0032106637954711914 1
-1.8496015071868896 -1.8907485008239746 0.0032106637954711914 1
-1.8496001958847046 -1.8919460773468018 0.0027579069137573242 1
-1.8496001958847046 -1.8905582427978516 0.0027579069137573242 1
-1.8495903015136719 -1.8916616439819336 0.0020102262496948242 1
-1.8495995998382568 -1.8908523321151733 0.0020099878311157227 1
-1.8495832681655884 -1.8920352458953857 0.0024626255035400391 1
-1.8495907783508301 -1.8904685974121094 0.0024589300155639648 1
-1.8495768308639526 -1.8912580013275146 0.0034196376800537109 1
-1.8495895862579346 -1.8913702964782715 0.0033851861953735352 1
-1.8495924472808838 -1.8911260366439819 0.0033777952194213867 1
-1.8495781421661377 -1.8918473720550537 0.0030903816223144531 1
-1.8495781421661377 -1.8906569480895996 0.0030903816223144531 1
-1.8495775461196899 -1.8915314674377441 0.0033751726150512695 1
-1.8495798110961914 -1.8909813165664673 0.0033735036849975586 1
-1.8495655059814453 -1.8918097019195557 0.0032160282135009766 1
-1.8495664596557617 -1.8906936645507812 0.0032131671905517578 1
-1.8495668172836304 -1.8916394710540771 0.0033562183380126953 1
-1.849571704864502 -1.8908700942993164 0.0033489465713500977 1
-1.8495557308197021 -1.8918781280517578 0.0021115541458129883 1
-1.8495650291442871 -1.8906277418136597 0.0021082162857055664 1
-1.8495668172836304 -1.8917615413665771 0.0020401477813720703 1
-1.8495552539825439 -1.890750527381897 0.0020354986190795898 1
-1.8495516777038574 -1.8919745683670044 0.0022206306457519531 1
-1.8495491743087769 -1.890531063079834 0.0022197961807250977 1
-1.8495492935180664 -1.8917219638824463 0.0033425092697143555 1
-1.8495492935180664 -1.890782356262207 0.0033425092697143555 1
-1.849543571472168 -1.8918894529342651 0.0029670000076293945 1
-1.849543571472168 -1.8906147480010986 0.0029670000076293945 1
-1.8495301008224487 -1.8917820453643799 0.0033118724822998047 1
-1.8495309352874756 -1.890721321105957 0.0033091306686401367 1
-1.8495177030563354 -1.8912521600723267 0.0035295486450195312 1
-1.8495129346847534 -1.8913639783859253 0.0019686222076416016 1
-1.8495175838470459 -1.8911120891571045 0.0019687414169311523 1
-1.849514365196228 -1.8913782835006714 0.0035232305526733398 1
-1.849514365196228 -1.8911260366439819 0.0035232305526733398 1
-1.8495121002197266 -1.8919999599456787 0.0026490688323974609 1
-1.8495177030563354 -1.890505313873291 0.0026494264602661133 1
-1.8495042324066162 -1.8915308713912964 0.0019793510437011719 1
-1.8495112657546997 -1.8909798860549927 0.0019780397415161133 1
-1.8495092391967773 -1.8920296430587769 0.0023647546768188477 1
-1.8494927883148193 -1.8904756307601929 0.0023736953735351562 1
-1.8495026826858521 -1.8918561935424805 0.0031626224517822266 1
-1.84950852394104 -1.8906446695327759 0.0031466484069824219 1
-1.849511981010437 -1.8914878368377686 0.003500819206237793 1
-1.8495128154754639 -1.8910030126571655 0.0034962892532348633 1
-1.8495008945465088 -1.8916058540344238 0.003480076789855957 1
-1.8495022058486938 -1.8908965587615967 0.0034768581390380859 1
-1.8495000600814819 -1.891620397567749 0.0019952058792114258 1
-1.849498987197876 -1.890874981880188 0.0019967555999755859 1
-1.8495026826858521 -1.8918206691741943 0.0032709836959838867 1
-1.8494938611984253 -1.8906857967376709 0.0032877922058105469 1
-1.8494936227798462 -1.8917056322097778 0.0020222663879394531 1
-1.8494895696640015 -1.8908036947250366 0.002020716667175293 1
-1.8494895696640015 -1.8916932344436646 0.0034477710723876953 1
-1.8494926691055298 -1.8908112049102783 0.0034434795379638672 1
-1.8494695425033569 -1.8917981386184692 0.0020670890808105469 1
-1.8494656085968018 -1.8907015323638916 0.0020707845687866211 1
-1.8494744300842285 -1.8917551040649414 0.0034033060073852539 1
-1.8494658470153809 -1.8907470703125 0.0034067630767822266 1
-1.8494576215744019 -1.8919059038162231 0.0021568536758422852 1
-1.8494576215744019 -1.8905984163284302 0.0021568536758422852 1
-1.849422812461853 -1.8918567895889282 0.0032275915145874023 1
-1.8494510650634766 -1.8906533718109131 0.003226161003112793 1
-1.8494507074356079 -1.891937255859375 0.0028529167175292969 1
-1.8494590520858765 -1.8905664682388306 0.0028476715087890625 1
-1.8494275808334351 -1.8918931484222412 0.0030443668365478516 1
-1.8494292497634888 -1.8906124830245972 0.0030498504638671875 1
-1.8494455814361572 -1.8917961120605469 0.0033602714538574219 1
-1.8494443893432617 -1.8907078504562378 0.0033606290817260742 1
-1.8494300842285156 -1.8912521600723267 0.0036172866821289062 1
-1.8494341373443604 -1.8913683891296387 0.0036060810089111328 1
-1.8494341373443604 -1.8911359310150146 0.0036060810089111328 1
-1.8494383096694946 -1.8915821313858032 0.0035494565963745117 1
-1.8494324684143066 -1.8909181356430054 0.0035533905029296875 1
-1.8494229316711426 -1.8914844989776611 0.0035893917083740234 1
-1.849435567855835 -1.8910186290740967 0.0035796165466308594 1
-1.8494195938110352 -1.8920251131057739 0.0025486946105957031 1
-1.8494280576705933 -1.8904776573181152 0.0025428533554077148 1
-1.8494336605072021 -1.8916658163070679 0.0035134553909301758 1
-1.8494263887405396 -1.8908339738845825 0.0035164356231689453 1
-1.8494065999984741 -1.8912367820739746 0.0019713640213012695 1
-1.8494195938110352 -1.8917114734649658 0.0020333528518676758 1
-1.849406361579895 -1.8907897472381592 0.0020385980606079102 1
-1.8494061231613159 -1.8919838666915894 0.0022909641265869141 1
-1.8494044542312622 -1.8905205726623535 0.0022917985916137695 1
-1.8494217395782471 -1.891356348991394 0.0019710063934326172 1
-1.8494009971618652 -1.8911229372024536 0.0019742250442504883 1
-1.8494052886962891 -1.8917298316955566 0.0034737586975097656 1
-1.8494076728820801 -1.8907705545425415 0.0034676790237426758 1
-1.8494067192077637 -1.8915048837661743 0.0019829273223876953 1
-1.8494067192077637 -1.890999436378479 0.0019829273223876953 1
-1.8494168519973755 -1.8916242122650146 0.0020059347152709961 1
-1.8494096994400024 -1.8908891677856445 0.0020040273666381836 1
-1.8493787050247192 -1.891838550567627 0.0033146142959594727 1
-1.8493975400924683 -1.8906726837158203 0.0033118724822998047 1
-1.8493456840515137 -1.8918843269348145 0.0031458139419555664 1
-1.8493399620056152 -1.8906183242797852 0.003136754035949707 1
-1.8493651151657104 -1.8918145895004272 0.0021073818206787109 1
-1.8493732213973999 -1.8906874656677246 0.0021053552627563477 1
-1.8493714332580566 -1.8916487693786621 0.0035593509674072266 1
-1.849372386932373 -1.8908562660217285 0.0035597085952758789 1
-1.849374532699585 -1.8915649652481079 0.0035951137542724609 1
-1.8493732213973999 -1.8909473419189453 0.0035980939865112305 1
-1.8493454456329346 -1.8912594318389893 0.0036624670028686523 1
-1.8493432998657227 -1.891710638999939 0.0035157203674316406 1
-1.8493503332138062 -1.8908021450042725 0.0035226345062255859 1
-1.8493547439575195 -1.8913512229919434 0.0036512613296508789 1
-1.8493424654006958 -1.891148567199707 0.0036557912826538086 1
-1.8493379354476929 -1.8920185565948486 0.0024538040161132812 1
-1.849340558052063 -1.8904850482940674 0.0024471282958984375 1
-1.8493398427963257 -1.8918099403381348 0.0033913850784301758 1
-1.8493272066116333 -1.8906902074813843 0.0033949613571166992 1
-1.8493365049362183 -1.8914474248886108 0.0036425590515136719 1
-1.8493413925170898 -1.8910561800003052 0.0036413669586181641 1
-1.8493294715881348 -1.8918746709823608 0.0032522678375244141 1
-1.8493314981460571 -1.8906313180923462 0.0032519102096557617 1
-1.8493278026580811 -1.8919775485992432 0.0027499198913574219 1
-1.8493422269821167 -1.8905230760574341 0.0027346611022949219 1
-1.8493233919143677 -1.8919081687927246 0.0022171735763549805 1
-1.8493231534957886 -1.8906002044677734 0.0022132396697998047 1
-1.8493208885192871 -1.8916276693344116 0.0035874843597412109 1
-1.8493272066116333 -1.8908767700195312 0.0035855770111083984 1
-1.8493127822875977 -1.8915646076202393 0.0036164522171020508 1
-1.8493163585662842 -1.890934944152832 0.0036144256591796875 1
-1.8492977619171143 -1.8917038440704346 0.0020657777786254883 1
-1.8492929935455322 -1.890796422958374 0.0020689964294433594 1
-1.8492920398712158 -1.8919334411621094 0.0029135942459106445 1
-1.8493163585662842 -1.890572190284729 0.0029202699661254883 1
-1.8493009805679321 -1.8918590545654297 0.0033613443374633789 1
-1.8493009805679321 -1.8906451463699341 0.0033613443374633789 1
-1.8492898941040039 -1.8915927410125732 0.0020278692245483398 1
-1.8492857217788696 -1.8909149169921875 0.002028346061706543 1
-1.8492834568023682 -1.8914958238601685 0.0036420822143554688 1
-1.8493044376373291 -1.8910024166107178 0.0036361217498779297 1
-1.8492814302444458 -1.8919284343719482 0.003289341926574707 1
-1.8492826223373413 -1.8905801773071289 0.0032874345779418945 1
-1.8492815494537354 -1.8917906284332275 0.0034482479095458984 1
-1.8492786884307861 -1.8907182216644287 0.0034536123275756836 1
-1.8492716550827026 -1.8919194936752319 0.0033702850341796875 1
-1.8492711782455444 -1.8905820846557617 0.003367304801940918 1
-1.849278450012207 -1.8916246891021729 0.0035966634750366211 1
-1.8492761850357056 -1.8908774852752686 0.003596186637878418 1
-1.8492701053619385 -1.8912620544433594 0.0036835670471191406 1
-1.8476208448410034 -1.8919457197189331 0.0012074708938598633 1
-1.8492659330368042 -1.8915832042694092 0.0036163330078125 1
-1.8492709398269653 -1.890932559967041 0.0036191940307617188 1
-1.8492645025253296 -1.8913345336914062 0.0036791563034057617 1
-1.8492650985717773 -1.8911848068237305 0.0036803483963012695 1
-1.8492610454559326 -1.8919991254806519 0.00331878662109375 1
-1.8492615222930908 -1.8905148506164551 0.0033130645751953125 1
-1.8492437601089478 -1.8919665813446045 0.0023614168167114258 1
-1.8492431640625 -1.8905378580093384 0.0023616552352905273 1
-1.8492558002471924 -1.891631007194519 0.0036051273345947266 1
-1.849257230758667 -1.8908748626708984 0.0036046504974365234 1
-1.8492535352706909 -1.8915945291519165 0.0036261081695556641 1
-1.8492549657821655 -1.8909103870391846 0.0036205053329467773 1
-1.849257230758667 -1.8914155960083008 0.0036649703979492188 1
-1.8492501974105835 -1.8910766839981079 0.0036624670028686523 1
-1.8492497205734253 -1.8916444778442383 0.0036281347274780273 1
-1.8492476940155029 -1.890852689743042 0.0036417245864868164 1
-1.849249005317688 -1.8916070461273193 0.0036484003067016602 1
-1.8492488861083984 -1.8908994197845459 0.0036510229110717773 1
-1.8492447137832642 -1.8916774988174438 0.0037060976028442383 1
-1.8492425680160522 -1.8908200263977051 0.0037180185317993164 1
-1.8492454290390015 -1.8916288614273071 0.0037115812301635742 1
-1.8492454290390015 -1.8908720016479492 0.0037093162536621094 1
-1.8492429256439209 -1.8920050859451294 0.0033984184265136719 1
-1.8492488861083984 -1.8905173540115356 0.0033930540084838867 1
-1.8492444753646851 -1.8920632600784302 0.0033369064331054688 1
-1.8492482900619507 -1.890453577041626 0.0033299922943115234 1
-1.8492394685745239 -1.8918403387069702 0.0034338235855102539 1
-1.8492437601089478 -1.890663743019104 0.0034308433532714844 1
-1.849223256111145 -1.8919095993041992 0.0030400753021240234 1
-1.8492218255996704 -1.8905953168869019 0.0030435323715209961 1
-1.8492426872253418 -1.8915266990661621 0.0036360025405883789 1
-1.8492474555969238 -1.8909786939620972 0.0036360025405883789 1
-1.8492587804794312 -1.8916691541671753 0.0035710334777832031 1
-1.8492546081542969 -1.8908346891403198 0.0035715103149414062 1
-1.8492292165756226 -1.8918008804321289 0.0021557807922363281 1
-1.8492119312286377 -1.8906987905502319 0.0021681785583496094 1
-1.8492923974990845 -1.8913512229919434 0.0019927024841308594 1
-1.8492751121520996 -1.8911497592926025 0.0019963979721069336 1
-1.8492358922958374 -1.8916670083999634 0.0038036108016967773 1
-1.8492345809936523 -1.8908417224884033 0.003803253173828125 1
-1.8492374420166016 -1.8917025327682495 0.0037744045257568359 1
-1.8492376804351807 -1.8908010721206665 0.0037714242935180664 1
-1.8492156267166138 -1.8919954299926758 0.0026495456695556641 1
-1.8492403030395508 -1.890504002571106 0.0026372671127319336 1
-1.8492339849472046 -1.891549825668335 0.0036388635635375977 1
-1.8492310047149658 -1.8909624814987183 0.0036395788192749023 1
-1.8492375612258911 -1.8916628360748291 0.0035855770111083984 1
-1.8492274284362793 -1.8908332586288452 0.0035843849182128906 1
-1.8492296934127808 -1.8915789127349854 0.0036896467208862305 1
-1.8492270708084106 -1.8909343481063843 0.0036847591400146484 1
-1.8492255210876465 -1.8920940160751343 0.0034060478210449219 1
-1.8492255210876465 -1.8904101848602295 0.0034060478210449219 1
-1.8492347002029419 -1.8917591571807861 0.0034924745559692383 1
-1.8492306470870972 -1.8907445669174194 0.0034929513931274414 1
-1.8492206335067749 -1.8915994167327881 0.003764033317565918 1
-1.8492255210876465 -1.8909029960632324 0.0037485361099243164 1
-1.8492244482040405 -1.8916752338409424 0.0036120414733886719 1
-1.8492130041122437 -1.8908165693283081 0.0036172866821289062 1
-1.8492194414138794 -1.8916881084442139 0.0038628578186035156 1
-1.8492169380187988 -1.8908083438873291 0.0038676261901855469 1
-1.84922194480896 -1.8917242288589478 0.0038331747055053711 1
-1.8492194414138794 -1.8907772302627563 0.0038434267044067383 1
-1.8492162227630615 -1.8917052745819092 0.0036695003509521484 1
-1.8492156267166138 -1.8907953500747681 0.0036782026290893555 1
-1.8492170572280884 -1.8921259641647339 0.0033386945724487305 1
-1.8492170572280884 -1.8903783559799194 0.0033386945724487305 1
-1.8492134809494019 -1.8916312456130981 0.0038307905197143555 1
-1.8492151498794556 -1.8908818960189819 0.0038183927536010742 1
-1.8492145538330078 -1.891905665397644 0.003143310546875 1
-1.8492145538330078 -1.8905985355377197 0.003143310546875 1
-1.8492206335067749 -1.8914675712585449 0.0020214319229125977 1
-1.8492381572723389 -1.8910337686538696 0.0020172595977783203 1
-1.8492106199264526 -1.8919179439544678 0.0034427642822265625 1
-1.8492164611816406 -1.8906065225601196 0.0034401416778564453 1
-1.8492046594619751 -1.8919942378997803 0.0032279491424560547 1
-1.8492053747177124 -1.890506386756897 0.0032300949096679688 1
-1.8492107391357422 -1.8920555114746094 0.0032569169998168945 1
-1.8492083549499512 -1.8904387950897217 0.0032607316970825195 1
-1.849209189414978 -1.8919345140457153 0.0031981468200683594 1
-1.8492076396942139 -1.8905695676803589 0.0031973123550415039 1
-1.8492105007171631 -1.8917382955551147 0.0037658214569091797 1
-1.8492076396942139 -1.8907619714736938 0.0037668943405151367 1
-1.8491959571838379 -1.8916590213775635 0.0038949251174926758 1
-1.8492014408111572 -1.890851616859436 0.0038832426071166992 1
-1.8491972684860229 -1.891740083694458 0.0038778781890869141 1
-1.8492015600204468 -1.8907694816589355 0.0038782358169555664 1
-1.8492029905319214 -1.8914828300476074 0.0036503076553344727 1
-1.8491982221603394 -1.8910167217254639 0.0036493539810180664 1
-1.849196195602417 -1.8921775817871094 0.0033925771713256836 1
-1.849196195602417 -1.8903267383575439 0.0033925771713256836 1
-1.8492190837860107 -1.8917032480239868 0.0035467147827148438 1
-1.8492083549499512 -1.8908002376556396 0.0035481452941894531 1
-1.8491940498352051 -1.8917113542556763 0.0039114952087402344 1
-1.8491958379745483 -1.8907907009124756 0.003908991813659668 1
-1.8491891622543335 -1.8917621374130249 0.003833770751953125 1
-1.8491910696029663 -1.8907433748245239 0.0038362741470336914 1
-1.849190354347229 -1.8921383619308472 0.0032892227172851562 1
-1.8491922616958618 -1.8903676271438599 0.0032891035079956055 1
-1.8491973876953125 -1.8915075063705444 0.0036536455154418945 1
-1.8491932153701782 -1.8909990787506104 0.0036571025848388672 1
-1.8491806983947754 -1.8915793895721436 0.0020579099655151367 1
-1.8491795063018799 -1.8909229040145874 0.0020587444305419922 1
-1.8491928577423096 -1.8915245532989502 0.0036866664886474609 1
-1.8491891622543335 -1.8909777402877808 0.0036994218826293945 1
-1.8491487503051758 -1.8916928768157959 0.0021151304244995117 1
-1.8491679430007935 -1.8908092975616455 0.0021090507507324219 1
-1.8491883277893066 -1.8915501832962036 0.0037506818771362305 1
-1.8491859436035156 -1.8912665843963623 0.0036921501159667969 1
-1.8491802215576172 -1.8913638591766357 0.0036804676055908203 1
-1.8491872549057007 -1.8911639451980591 0.0036840438842773438 1
-1.8491727113723755 -1.891801118850708 0.0034809112548828125 1
-1.8491685390472412 -1.8907076120376587 0.0034836530685424805 1
-1.8491798639297485 -1.8912521600723267 0.0020078420639038086 1
-1.849179744720459 -1.8916995525360107 0.0035655498504638672 1
-1.8491873741149902 -1.890809178352356 0.0035697221755981445 1
-1.8491827249526978 -1.8915779590606689 0.0038151741027832031 1
-1.8491847515106201 -1.8909341096878052 0.0037963390350341797 1
-1.8491809368133545 -1.8920145034790039 0.0034658908843994141 1
-1.8491783142089844 -1.8905000686645508 0.0034697055816650391 1
-1.8491722345352173 -1.89168381690979 0.0039381980895996094 1
-1.8491787910461426 -1.8908225297927856 0.0039324760437011719 1
-1.8491766452789307 -1.8917617797851562 0.0038912296295166016 1
-1.8491764068603516 -1.8907426595687866 0.0038914680480957031 1
-1.8491792678833008 -1.8917521238327026 0.0035090446472167969 1
-1.849177360534668 -1.8907487392425537 0.0035076141357421875 1
-1.8491662740707397 -1.8917100429534912 0.0035979747772216797 1
-1.8491648435592651 -1.8907943964004517 0.0035966634750366211 1
-1.849170446395874 -1.8918962478637695 0.0022914409637451172 1
-1.849170446395874 -1.8906080722808838 0.0022914409637451172 1
-1.8491662740707397 -1.892132043838501 0.0034683942794799805 1
-1.8491699695587158 -1.8903698921203613 0.0034662485122680664 1
-1.8491756916046143 -1.8916178941726685 0.0038852691650390625 1
-1.8491710424423218 -1.8908909559249878 0.0038877725601196289 1
-1.8491653203964233 -1.8917288780212402 0.0036493539810180664 1
-1.8491668701171875 -1.8907774686813354 0.0036453008651733398 1
-1.8491767644882202 -1.8913516998291016 0.0020124912261962891 1
-1.8491731882095337 -1.8911569118499756 0.0020128488540649414 1
-1.8491150140762329 -1.8911131620407104 0.0036751031875610352 1
-1.8491611480712891 -1.8917624950408936 0.0037447214126586914 1
-1.8491630554199219 -1.8907393217086792 0.0037580728530883789 1
-1.8491594791412354 -1.8917402029037476 0.0039353370666503906 1
-1.8491594791412354 -1.8907641172409058 0.0039353370666503906 1
-1.8491495847702026 -1.8917820453643799 0.0038319826126098633 1
-1.8491488695144653 -1.8907222747802734 0.0038380622863769531 1
-1.8491483926773071 -1.8918671607971191 0.0034825801849365234 1
-1.8491430282592773 -1.8906550407409668 0.0034849643707275391 1
-1.8491501808166504 -1.8916420936584473 0.0039390325546264648 1
-1.8491501808166504 -1.8908622264862061 0.0039390325546264648 1
-1.8491451740264893 -1.8919888734817505 0.0025337934494018555 1
-1.8491498231887817 -1.8905127048492432 0.0025390386581420898 1
-1.849146842956543 -1.8914542198181152 0.0036596059799194336 1
-1.849146842956543 -1.8910499811172485 0.0036596059799194336 1
-1.8491464853286743 -1.8922227621078491 0.0033434629440307617 1
-1.8491464853286743 -1.8902815580368042 0.0033434629440307617 1
-1.8491430282592773 -1.8914662599563599 0.0036638975143432617 1
-1.8491472005844116 -1.8910341262817383 0.0036643743515014648 1
-1.8491599559783936 -1.8917216062545776 0.0035369396209716797 1
-1.8491538763046265 -1.8907732963562012 0.0035287141799926758 1
-1.8491413593292236 -1.8922340869903564 0.0034500360488891602 1
-1.8491413593292236 -1.8902702331542969 0.0034500360488891602 1
-1.8491435050964355 -1.8914957046508789 0.0037136077880859375 1
-1.8491458892822266 -1.8910079002380371 0.0037109851837158203 1
-1.8491400480270386 -1.8917031288146973 0.0039618015289306641 1
-1.84914231300354 -1.8908026218414307 0.0039600133895874023 1
-1.8491380214691162 -1.8917810916900635 0.003892064094543457 1
-1.849137544631958 -1.890723705291748 0.0038928985595703125 1
-1.8491373062133789 -1.890985369682312 0.0037744045257568359 1
-1.8491305112838745 -1.8920688629150391 0.0031894445419311523 1
-1.8491336107254028 -1.8904410600662231 0.0031883716583251953 1
-1.8491336107254028 -1.8915433883666992 0.0038270950317382812 1
-1.8491367101669312 -1.8909544944763184 0.0038353204727172852 1
-1.8491325378417969 -1.8914716243743896 0.0020376443862915039 1
-1.8491418361663818 -1.8910318613052368 0.0020360946655273438 1
-1.8491345643997192 -1.8915772438049316 0.0038801431655883789 1
-1.8491358757019043 -1.8909256458282471 0.0038805007934570312 1
-1.8491265773773193 -1.8921483755111694 0.0032289028167724609 1
-1.8491294384002686 -1.8903613090515137 0.0032258033752441406 1
-1.8491280078887939 -1.8912431001663208 0.0020005702972412109 1
-1.8491281270980835 -1.8916071653366089 0.0039217472076416016 1
-1.8491256237030029 -1.8908989429473877 0.0039218664169311523 1
-1.8491309881210327 -1.8917173147201538 0.0035512447357177734 1
-1.849122166633606 -1.8907839059829712 0.003548741340637207 1
-1.8491216897964478 -1.8917564153671265 0.0039379596710205078 1
-1.8491189479827881 -1.8907457590103149 0.0039374828338623047 1
-1.8491281270980835 -1.891933798789978 0.0034928321838378906 1
-1.8491191864013672 -1.8905712366104126 0.0034971237182617188 1
-1.8491085767745972 -1.8920038938522339 0.0031565427780151367 1
-1.8491125106811523 -1.8905004262924194 0.0031585693359375 1
-1.8491159677505493 -1.8916585445404053 0.0039658546447753906 1
-1.8491182327270508 -1.8908436298370361 0.0039650201797485352 1
-1.8491314649581909 -1.8919415473937988 0.0028651952743530273 1
-1.8491380214691162 -1.8905582427978516 0.0028487443923950195 1
-1.8491045236587524 -1.8917216062545776 0.0035688877105712891 1
-1.8491042852401733 -1.890782356262207 0.0035698413848876953 1
-1.8491150140762329 -1.8912554979324341 0.0036933422088623047 1
-1.8491119146347046 -1.8913501501083374 0.0020051002502441406 1
-1.8491160869598389 -1.8911441564559937 0.0020067691802978516 1
-1.8491091728210449 -1.8913271427154541 0.0036869049072265625 1
-1.8491289615631104 -1.8911846876144409 0.0036880970001220703 1
-1.8491110801696777 -1.891731858253479 0.0036162137985229492 1
-1.849101185798645 -1.8907749652862549 0.0035995244979858398 1
-1.8491027355194092 -1.8917737007141113 0.003750920295715332 1
-1.8491014242172241 -1.8907315731048584 0.003747105598449707 1
-1.849107027053833 -1.8917543888092041 0.0036832094192504883 1
-1.8491072654724121 -1.8907508850097656 0.0036799907684326172 1
-1.8491040468215942 -1.8917860984802246 0.0038148164749145508 1
-1.8491076231002808 -1.8907195329666138 0.0038113594055175781 1
-1.8490915298461914 -1.8921781778335571 0.0035022497177124023 1
-1.8490942716598511 -1.8903281688690186 0.0035021305084228516 1
-1.849101185798645 -1.8917828798294067 0.0038805007934570312 1
-1.8490970134735107 -1.8917199373245239 0.0039650201797485352 1
-1.8491004705429077 -1.8907843828201294 0.0039641857147216797 1
-1.8490960597991943 -1.8907198905944824 0.0038765668869018555 1
-1.8490960597991943 -1.8920606374740601 0.0035096406936645508 1
-1.8490960597991943 -1.8904436826705933 0.0035096406936645508 1
-1.8491079807281494 -1.8914307355880737 0.0036660432815551758 1
-1.849102258682251 -1.8918068408966064 0.0035011768341064453 1
-1.8490927219390869 -1.8907046318054199 0.0035047531127929688 1
-1.8490945100784302 -1.8916133642196655 0.003948211669921875 1
-1.8490945100784302 -1.8908909559249878 0.003948211669921875 1
-1.8490941524505615 -1.8914496898651123 0.0036695003509521484 1
-1.8490878343582153 -1.8910535573959351 0.0036711692810058594 1
-1.8491013050079346 -1.8914834260940552 0.0037266016006469727 1
-1.8490990400314331 -1.8910287618637085 0.0037112236022949219 1
-1.8490986824035645 -1.891749382019043 0.0035191774368286133 1
-1.8491013050079346 -1.8907569646835327 0.0035204887390136719 1
-1.8490839004516602 -1.8917862176895142 0.0022178888320922852 1
-1.8490835428237915 -1.8906997442245483 0.0022368431091308594 1
-1.849090576171875 -1.8915286064147949 0.0038319826126098633 1
-1.8490878343582153 -1.8909695148468018 0.0038466453552246094 1
-1.8490860462188721 -1.8919479846954346 0.0031234025955200195 1
-1.8490874767303467 -1.8905601501464844 0.0031224489212036133 1
-1.849088191986084 -1.8915640115737915 0.0038926601409912109 1
-1.8490852117538452 -1.8909338712692261 0.0039032697677612305 1
-1.8490945100784302 -1.8915822505950928 0.002080082893371582 1
-1.8490885496139526 -1.8909152746200562 0.0020850896835327148 1
-1.8490822315216064 -1.8912594318389893 0.0019677877426147461 1
-1.8490861654281616 -1.8922903537750244 0.0034000873565673828 1
-1.8490850925445557 -1.8902126550674438 0.0034010410308837891 1
-1.8490777015686035 -1.8922382593154907 0.0032794475555419922 1
-1.8490777015686035 -1.8902660608291626 0.0032794475555419922 1
-1.8490790128707886 -1.8917598724365234 0.003924250602722168 1
-1.8490743637084961 -1.8907450437545776 0.0039234161376953125 1
-1.849076509475708 -1.8916741609573364 0.0039720535278320312 1
-1.849074125289917 -1.890835165977478 0.0039727687835693359 1
-1.8490725755691528 -1.8919162750244141 0.0029908418655395508 1
-1.8490824699401855 -1.8905870914459229 0.0029863119125366211 1
-1.849051833152771 -1.8919414281845093 0.0024626255035400391 1
-1.8490543365478516 -1.8905627727508545 0.0024596452713012695 1
-1.8490738868713379 -1.8919860124588013 0.0035148859024047852 1
-1.8490655422210693 -1.890520453453064 0.0035166740417480469 1
-1.8490751981735229 -1.8917323350906372 0.003537297248840332 1
-1.8490766286849976 -1.8907690048217773 0.0035339593887329102 1
-1.84907066822052 -1.8914576768875122 0.0020264387130737305 1
-1.8490676879882812 -1.8910293579101562 0.0020334720611572266 1
-1.8490743637084961 -1.8922663927078247 0.0034825801849365234 1
-1.8490692377090454 -1.8902357816696167 0.0034857988357543945 1
-1.8490619659423828 -1.8913588523864746 0.0019690990447998047 1
-1.8490668535232544 -1.8911595344543457 0.0019686222076416016 1
-1.8490774631500244 -1.8918462991714478 0.0035077333450317383 1
-1.8490653038024902 -1.8906646966934204 0.0035110712051391602 1
-1.8490563631057739 -1.8919161558151245 0.0030663013458251953 1
-1.8490668535232544 -1.8905872106552124 0.0030707120895385742 1
-1.8490597009658813 -1.8917715549468994 0.0038440227508544922 1
-1.8490543365478516 -1.8917684555053711 0.0037976503372192383 1
-1.8490574359893799 -1.8907316923141479 0.0038090944290161133 1
-1.8490568399429321 -1.8916183710098267 0.0039545297622680664 1
-1.8490568399429321 -1.8908859491348267 0.0039545297622680664 1
-1.8490631580352783 -1.8917678594589233 0.0035153627395629883 1
-1.8490628004074097 -1.890739917755127 0.0035164356231689453 1
-1.8490545749664307 -1.8917272090911865 0.0035538673400878906 1
-1.8490545749664307 -1.8907769918441772 0.0035538673400878906 1
-1.8490521907806396 -1.8912521600723267 0.0019092559814453125 1
-1.8490532636642456 -1.8917245864868164 0.0039485692977905273 1
-1.8490555286407471 -1.8907800912857056 0.0039494037628173828 1
-1.8490504026412964 -1.8917510509490967 0.0037088394165039062 1
-1.8490523099899292 -1.8907437324523926 0.0037426948547363281 1
-1.8490451574325562 -1.8917348384857178 0.0036462545394897461 1
-1.8490445613861084 -1.8907705545425415 0.0036417245864868164 1
-1.8490405082702637 -1.8914690017700195 0.0036969184875488281 1
-1.8490525484085083 -1.8910369873046875 0.0037004947662353516 1
-1.8490478992462158 -1.8914488554000854 0.0036692619323730469 1
-1.8490405082702637 -1.8910516500473022 0.00366973876953125 1
-1.8490500450134277 -1.8915804624557495 0.0039161443710327148 1
-1.8490490913391113 -1.8909246921539307 0.0039153099060058594 1
-1.8490556478500366 -1.8914273977279663 0.0036660432815551758 1
-1.8490417003631592 -1.8910709619522095 0.0036642551422119141 1
-1.8490478992462158 -1.8914990425109863 0.0037729740142822266 1
-1.8490486145019531 -1.8910140991210938 0.0037523508071899414 1
-1.8490443229675293 -1.8913780450820923 0.003673553466796875 1
-1.8490595817565918 -1.8911265134811401 0.0036749839782714844 1
-1.8490445613861084 -1.8915350437164307 0.0038478374481201172 1
-1.8490469455718994 -1.8909659385681152 0.0038529634475708008 1
-1.849058985710144 -1.8911935091018677 0.0036842823028564453 1
-1.8490358591079712 -1.8912599086761475 0.0036847591400146484 1
-1.8490405082702637 -1.8917557001113892 0.0038858652114868164 1
-1.8490424156188965 -1.8907471895217896 0.0038837194442749023 1
-1.8490393161773682 -1.8921467065811157 0.0031757354736328125 1
-1.8490393161773682 -1.8903576135635376 0.0031757354736328125 1
-1.8490321636199951 -1.8917192220687866 0.0035848617553710938 1
-1.8490378856658936 -1.890782356262207 0.0035903453826904297 1
-1.8490376472473145 -1.8913478851318359 0.0019171237945556641 1
-1.8490318059921265 -1.8911488056182861 0.001910090446472168 1
-1.8490414619445801 -1.8916809558868408 0.0039563179016113281 1
-1.8490397930145264 -1.8908253908157349 0.0039561986923217773 1
-1.8490349054336548 -1.8920738697052002 0.0031397342681884766 1
-1.8490303754806519 -1.8904355764389038 0.0031360387802124023 1
-1.8490426540374756 -1.8919031620025635 0.0035189390182495117 1
-1.8490393161773682 -1.8906072378158569 0.0035192966461181641 1
-1.849035382270813 -1.8917430639266968 0.0035272836685180664 1
-1.8490337133407593 -1.8907605409622192 0.0035266876220703125 1
-1.8490300178527832 -1.8912521600723267 0.0018289089202880859 1
-1.8490239381790161 -1.8917924165725708 0.0035176277160644531 1
-1.8490265607833862 -1.8907262086868286 0.0035188198089599609 1
-1.8490245342254639 -1.8916265964508057 0.0039376020431518555 1
-1.8490244150161743 -1.8908729553222656 0.0039387941360473633 1
-1.849023699760437 -1.8914492130279541 0.00199127197265625 1
-1.8490180969238281 -1.8910461664199829 0.0019954442977905273 1
-1.8490229845046997 -1.8916858434677124 0.0021572113037109375 1
-1.8490288257598877 -1.8908126354217529 0.0021598339080810547 1
-1.8490225076675415 -1.8920938968658447 0.0035227537155151367 1
-1.8490226268768311 -1.8904405832290649 0.0035238265991210938 1
-1.8490219116210938 -1.8917438983917236 0.0038295984268188477 1
-1.8490219116210938 -1.8907604217529297 0.0038293600082397461 1
-1.8490209579467773 -1.8917189836502075 0.0039136409759521484 1
-1.8490184545516968 -1.8907833099365234 0.0039069652557373047 1
-1.8490105867385864 -1.8919504880905151 0.0027458667755126953 1
-1.8490217924118042 -1.8905529975891113 0.0027501583099365234 1
-1.8490216732025146 -1.8921927213668823 0.0035141706466674805 1
-1.8490191698074341 -1.890305757522583 0.0035140514373779297 1
-1.8490145206451416 -1.8919872045516968 0.0035254955291748047 1
-1.8490138053894043 -1.8905578851699829 0.0035247802734375 1
-1.8490152359008789 -1.8913453817367554 0.0018340349197387695 1
-1.8490158319473267 -1.8911623954772949 0.0018301010131835938 1
-1.8490129709243774 -1.891585111618042 0.0038912296295166016 1
-1.8490145206451416 -1.8909181356430054 0.0038962364196777344 1
-1.8490182161331177 -1.8917300701141357 0.0037573575973510742 1
-1.8490134477615356 -1.8907780647277832 0.003760218620300293 1
-1.8490078449249268 -1.8917257785797119 0.0035403966903686523 1
-1.8490196466445923 -1.890777587890625 0.0035434961318969727 1
-1.8489997386932373 -1.8922758102416992 0.0034942626953125 1
-1.8489996194839478 -1.8902263641357422 0.0034930706024169922 1
-1.8490060567855835 -1.8914836645126343 0.0036854743957519531 1
-1.8490091562271118 -1.8910199403762817 0.0036967992782592773 1
-1.8490090370178223 -1.8915380239486694 0.0038166046142578125 1
-1.8490090370178223 -1.8909618854522705 0.0038254261016845703 1
-1.8490085601806641 -1.8915553092956543 0.0020673274993896484 1
-1.8490085601806641 -1.890949010848999 0.0020673274993896484 1
-1.8490059375762939 -1.8916964530944824 0.0036858320236206055 1
-1.8490089178085327 -1.8907991647720337 0.0036947727203369141 1
-1.8490077257156372 -1.8914636373519897 0.0036623477935791016 1
-1.8490133285522461 -1.8910421133041382 0.0036642551422119141 1
-1.8490077257156372 -1.8916375637054443 0.0039155483245849609 1
-1.8490066528320312 -1.8908748626708984 0.0039092302322387695 1
-1.8490116596221924 -1.8916789293289185 0.0039224624633789062 1
-1.8490062952041626 -1.8908309936523438 0.0039157867431640625 1
-1.8490053415298462 -1.8923351764678955 0.0034490823745727539 1
-1.8490090370178223 -1.8901724815368652 0.0034499168395996094 1
-1.8490176200866699 -1.8914334774017334 0.0036604404449462891 1
-1.8490097522735596 -1.8910636901855469 0.0036586523056030273 1
-1.8490039110183716 -1.8923195600509644 0.0033397674560546875 1
-1.8490039110183716 -1.890184760093689 0.0033397674560546875 1
-1.8489958047866821 -1.8920092582702637 0.0031064748764038086 1
-1.8489992618560791 -1.8904942274093628 0.0031077861785888672 1
-1.849002480506897 -1.8918241262435913 0.0035191774368286133 1
-1.8490095138549805 -1.8906795978546143 0.0035185813903808594 1
-1.8489999771118164 -1.8913416862487793 0.001721501350402832 1
-1.8489998579025269 -1.8911621570587158 0.0017205476760864258 1
-1.8489863872528076 -1.8917516469955444 0.0035221576690673828 1
-1.8489929437637329 -1.8907543420791626 0.0035227537155151367 1
-1.8490041494369507 -1.8916854858398438 0.0036134719848632812 1
-1.8489997386932373 -1.8908228874206543 0.0036156177520751953 1
-1.8489943742752075 -1.8913483619689941 0.003666996955871582 1
-1.8489990234375 -1.8911311626434326 0.0036646127700805664 1
-1.8490008115768433 -1.8917046785354614 0.0038585662841796875 1
-1.8490012884140015 -1.8908014297485352 0.0038626194000244141 1
-1.8489985466003418 -1.8918731212615967 0.0023760795593261719 1
-1.8489880561828613 -1.8906319141387939 0.0023843050003051758 1
-1.8489975929260254 -1.8917045593261719 0.0035598278045654297 1
-1.8489975929260254 -1.8907996416091919 0.0035598278045654297 1
-1.8489933013916016 -1.8916064500808716 0.0038715600967407227 1
-1.8489947319030762 -1.8908929824829102 0.0038810968399047852 1
-1.848989725112915 -1.8912521600723267 0.0015556812286376953 1
-1.8489848375320435 -1.8914477825164795 0.0019255876541137695 1
-1.8489898443222046 -1.8910644054412842 0.0019199848175048828 1
-1.8489916324615479 -1.8922328948974609 0.0032207965850830078 1
-1.8489916324615479 -1.8902713060379028 0.0032207965850830078 1
-1.8489885330200195 -1.8916529417037964 0.0038602352142333984 1
-1.8489886522293091 -1.8908510208129883 0.0038604736328125 1
-1.8489915132522583 -1.8916808366775513 0.0037722587585449219 1
-1.8489921092987061 -1.8908202648162842 0.0037854909896850586 1
-1.8489856719970703 -1.8915719985961914 0.0038101673126220703 1
-1.8489861488342285 -1.8909256458282471 0.0038244724273681641 1
-1.8489855527877808 -1.8913298845291138 0.0015714168548583984 1
-1.8489835262298584 -1.891171932220459 0.0015590190887451172 1
-1.8489810228347778 -1.891514778137207 0.0036691427230834961 1
-1.8489817380905151 -1.8909975290298462 0.0036655664443969727 1
-1.8489744663238525 -1.8917242288589478 0.0035309791564941406 1
-1.8489855527877808 -1.8907836675643921 0.0035387277603149414 1
-1.8489819765090942 -1.8916651010513306 0.0035840272903442383 1
-1.8489820957183838 -1.8908404111862183 0.0035873651504516602 1
-1.8489835262298584 -1.891876220703125 0.0035197734832763672 1
-1.8489892482757568 -1.8906214237213135 0.0035204887390136719 1
-1.8489819765090942 -1.8916319608688354 0.0036600828170776367 1
-1.8489798307418823 -1.8908795118331909 0.0036516189575195312 1
-1.8489787578582764 -1.8916168212890625 0.0037807226181030273 1
-1.8489794731140137 -1.8908809423446655 0.0038011074066162109 1
-1.8489798307418823 -1.891491174697876 0.0036488771438598633 1
-1.8489830493927002 -1.8910164833068848 0.0036504268646240234 1
-1.8474847078323364 -1.8908255100250244 0.0014473199844360352 1
-1.848976731300354 -1.8909064531326294 0.0037332773208618164 1
-1.8489742279052734 -1.8912496566772461 0.0036714076995849609 1
-1.8489725589752197 -1.8907215595245361 0.003518223762512207 1
-1.8489738702774048 -1.8914351463317871 0.0018488168716430664 1
-1.8489725589752197 -1.8910717964172363 0.0018308162689208984 1
-1.8489673137664795 -1.8914616107940674 0.0036424398422241211 1
-1.848963737487793 -1.8910369873046875 0.0036401748657226562 1
-1.8489706516265869 -1.8914203643798828 0.001738429069519043 1
-1.8489682674407959 -1.891080379486084 0.0017337799072265625 1
-1.8489716053009033 -1.8916177749633789 0.0036144256591796875 1
-1.8489710092544556 -1.8908883333206177 0.0036147832870483398 1
-1.8489714860916138 -1.8915536403656006 0.0036553144454956055 1
-1.8489710092544556 -1.8909504413604736 0.0036532878875732422 1
-1.8489679098129272 -1.8916953802108765 0.0035445690155029297 1
-1.8489671945571899 -1.8908119201660156 0.0035459995269775391 1
-1.8489652872085571 -1.8914114236831665 0.0015927553176879883 1
-1.8489644527435303 -1.8910934925079346 0.0015751123428344727 1
-1.8489580154418945 -1.8920202255249023 0.0035129785537719727 1
-1.8489532470703125 -1.8904703855514526 0.0035104751586914062 1
-1.848962664604187 -1.8921416997909546 0.0031499862670898438 1
-1.8489609956741333 -1.8903579711914062 0.0031522512435913086 1
-1.8489630222320557 -1.8913023471832275 0.0014197826385498047 1
-1.8489630222320557 -1.8911833763122559 0.0014220476150512695 1
-1.8489615917205811 -1.8915338516235352 0.0036275386810302734 1
-1.8489605188369751 -1.8909786939620972 0.0036278963088989258 1
-1.8489514589309692 -1.8916438817977905 0.003565669059753418 1
-1.8489483594894409 -1.8908618688583374 0.003564000129699707 1
-1.8489481210708618 -1.891727089881897 0.0035218000411987305 1
-1.8489532470703125 -1.890771746635437 0.0035221576690673828 1
-1.848955512046814 -1.8919438123703003 0.0030775070190429688 1
-1.848955512046814 -1.8905603885650635 0.0030775070190429688 1
-1.848956823348999 -1.8913888931274414 0.001440882682800293 1
-1.8489545583724976 -1.8911111354827881 0.0014295578002929688 1
-1.8489542007446289 -1.8915363550186157 0.0020248889923095703 1
-1.8489542007446289 -1.8909679651260376 0.0020248889923095703 1
-1.8489527702331543 -1.8915934562683105 0.0035960674285888672 1
-1.8489527702331543 -1.8909108638763428 0.0035960674285888672 1
-1.8489497900009155 -1.8918172121047974 0.0035128593444824219 1
-1.8489549160003662 -1.8906707763671875 0.0035136938095092773 1
-1.8489482402801514 -1.8923158645629883 0.0034810304641723633 1
-1.8489482402801514 -1.890188455581665 0.0034810304641723633 1
-1.8496725559234619 -1.8909778594970703 0.0024847984313964844 1
-1.8489406108856201 -1.89168381690979 0.003535151481628418 1
-1.8489449024200439 -1.8908240795135498 0.0035402774810791016 1
-1.8489412069320679 -1.8919451236724854 0.0026326179504394531 1
-1.8489681482315063 -1.89055335521698 0.0026246309280395508 1
-1.8489453792572021 -1.8922109603881836 0.0035011768341064453 1
-1.8489387035369873 -1.8902899026870728 0.0034998655319213867 1
-1.8489376306533813 -1.8920763731002808 0.0031136274337768555 1
-1.8489383459091187 -1.8904190063476562 0.0031162500381469727 1
-1.8489326238632202 -1.8914840221405029 0.0014550685882568359 1
-1.8489329814910889 -1.8910214900970459 0.0014598369598388672 1
-1.8489351272583008 -1.89176344871521 0.003512263298034668 1
-1.848930835723877 -1.8907450437545776 0.0035108327865600586 1
-1.848907470703125 -1.8915461301803589 0.0035766363143920898 1
-1.8489077091217041 -1.8909608125686646 0.0035785436630249023 1
-1.8489255905151367 -1.8915039300918579 0.0015977621078491211 1
-1.8489331007003784 -1.891014575958252 0.0015854835510253906 1
-1.8489497900009155 -1.891783595085144 0.0022946596145629883 1
-1.8489505052566528 -1.8907191753387451 0.0022957324981689453 1
-1.848929762840271 -1.8913332223892212 0.0036472082138061523 1
-1.8489202260971069 -1.8911606073379517 0.0036406517028808594 1
-1.8489302396774292 -1.8923604488372803 0.0033967494964599609 1
-1.848932147026062 -1.8901451826095581 0.0033948421478271484 1
-1.8489066362380981 -1.8914738893508911 0.0036003589630126953 1
-1.8489283323287964 -1.8918991088867188 0.0035028457641601562 1
-1.8489227294921875 -1.890599250793457 0.0034993886947631836 1
-1.8489253520965576 -1.8913148641586304 0.0012830495834350586 1
-1.8489246368408203 -1.8912206888198853 0.0012814998626708984 1
-1.8489252328872681 -1.8913822174072266 0.0012947320938110352 1
-1.84892737865448 -1.8911309242248535 0.001300811767578125 1
-1.8489246368408203 -1.8923033475875854 0.00327301025390625 1
-1.8489246368408203 -1.8902009725570679 0.00327301025390625 1
-1.8489258289337158 -1.8917151689529419 0.0035167932510375977 1
-1.8489290475845337 -1.8908003568649292 0.0035207271575927734 1
-1.848923921585083 -1.8916329145431519 0.0021317005157470703 1
-1.8489224910736084 -1.8908760547637939 0.0021266937255859375 1
-1.8489187955856323 -1.8914624452590942 0.0013276338577270508 1
-1.8489184379577637 -1.8910410404205322 0.0013259649276733398 1
-1.84891676902771 -1.8915292024612427 0.0019494295120239258 1
-1.8489205837249756 -1.8909791707992554 0.0019501447677612305 1
-1.8489145040512085 -1.8915101289749146 0.0017517805099487305 1
-1.8489110469818115 -1.8909889459609985 0.0017315149307250977 1
-1.8489129543304443 -1.8921960592269897 0.0031714439392089844 1
-1.8489129543304443 -1.8903082609176636 0.0031714439392089844 1
-1.8489080667495728 -1.8917673826217651 0.0034952163696289062 1
-1.8489080667495728 -1.8907060623168945 0.0034921169281005859 1
-1.8489110469818115 -1.8919053077697754 0.0030401945114135742 1
-1.848902702331543 -1.8906012773513794 0.0030407905578613281 1
-1.8489038944244385 -1.8912510871887207 0.0036476850509643555 1
-1.8489054441452026 -1.891689658164978 0.003502964973449707 1
-1.8489062786102295 -1.8908207416534424 0.0035051107406616211 1
-1.8488973379135132 -1.8915802240371704 0.0014626979827880859 1
-1.8488953113555908 -1.8909193277359009 0.0014710426330566406 1
-1.8489084243774414 -1.8915194272994995 0.0018640756607055664 1
-1.8489047288894653 -1.8909814357757568 0.0018467903137207031 1
-1.8488985300064087 -1.8920074701309204 0.0030868053436279297 1
-1.8488985300064087 -1.8904968500137329 0.0030868053436279297 1
-1.8488892316818237 -1.8915705680847168 0.0013527870178222656 1
-1.8488942384719849 -1.8909460306167603 0.0013507604598999023 1
-1.8488900661468506 -1.8920464515686035 0.0034759044647216797 1
-1.8488878011703491 -1.8905119895935059 0.0034736394882202148 1
-1.8488825559616089 -1.8915877342224121 0.0016130208969116211 1
-1.8488849401473999 -1.8909162282943726 0.0015975236892700195 1
-1.8488845825195312 -1.8917859792709351 0.0034649372100830078 1
-1.8488845825195312 -1.8906468152999878 0.0034625530242919922 1
-1.8488900661468506 -1.8918914794921875 0.002971649169921875 1
-1.8488885164260864 -1.8906131982803345 0.0029776096343994141 1
-1.8479831218719482 -1.8910243511199951 0.0013519525527954102 1
-1.8488829135894775 -1.8914066553115845 0.0036034584045410156 1
-1.8488825559616089 -1.8910969495773315 0.0036028623580932617 1
-1.8488790988922119 -1.8923338651657104 0.0034406185150146484 1
-1.8488790988922119 -1.8901703357696533 0.0034406185150146484 1
-1.8488852977752686 -1.8919034004211426 0.0025397539138793945 1
-1.8488776683807373 -1.8906028270721436 0.002541661262512207 1
-1.8488715887069702 -1.8922079801559448 0.003461003303527832 1
-1.8488756418228149 -1.8902881145477295 0.0034631490707397461 1
-1.8488707542419434 -1.8914496898651123 0.0012080669403076172 1
-1.8488708734512329 -1.8910434246063232 0.0012153387069702148 1
-1.8488705158233643 -1.8913747072219849 0.0011812448501586914 1
-1.84886634349823 -1.8911290168762207 0.001175999641418457 1
-1.848868727684021 -1.8923330307006836 0.0033321380615234375 1
-1.848867654800415 -1.890173077583313 0.0033307075500488281 1
-1.8488649129867554 -1.8917087316513062 0.0022513866424560547 1
-1.8488627672195435 -1.89078688621521 0.0022656917572021484 1
-1.8488684892654419 -1.8921092748641968 0.0031323432922363281 1
-1.84886634349823 -1.8903875350952148 0.0031355619430541992 1
-1.8488659858703613 -1.8913105726242065 0.0011653900146484375 1
-1.8488643169403076 -1.8912228345870972 0.0011630058288574219 1
-1.8488625288009644 -1.8916047811508179 0.0020793676376342773 1
-1.8488625288009644 -1.8908995389938354 0.0020793676376342773 1
-1.848842978477478 -1.8915641307830811 0.0012242794036865234 1
-1.8488521575927734 -1.8909392356872559 0.0012434720993041992 1
-1.8488503694534302 -1.8916778564453125 0.0013930797576904297 1
-1.8488564491271973 -1.8908364772796631 0.0014111995697021484 1
-1.84886634349823 -1.8915561437606812 0.0035104751586914062 1
-1.8488576412200928 -1.8909637928009033 0.0035083293914794922 1
-1.8488588333129883 -1.8916662931442261 0.0015075206756591797 1
-1.8488529920578003 -1.8908299207687378 0.0015177726745605469 1
-1.8488585948944092 -1.8922460079193115 0.0032169818878173828 1
-1.8488585948944092 -1.8902583122253418 0.0032169818878173828 1
-1.8488582372665405 -1.8918920755386353 0.0028886795043945312 1
-1.848854660987854 -1.8906118869781494 0.0028821229934692383 1
-1.8488547801971436 -1.8916720151901245 0.0034219026565551758 1
-1.8488427400588989 -1.8908380270004272 0.0034062862396240234 1
-1.8488631248474121 -1.8913284540176392 0.0036177635192871094 1
-1.8488608598709106 -1.8911824226379395 0.0036178827285766602 1
-1.8488517999649048 -1.8918610811233521 0.0034098625183105469 1
-1.8488489389419556 -1.8906667232513428 0.0034028291702270508 1
-1.8488502502441406 -1.8915976285934448 0.0017695426940917969 1
-1.8488459587097168 -1.8908953666687012 0.0017468929290771484 1
-1.8488427400588989 -1.891937255859375 0.0030717849731445312 1
-1.848844051361084 -1.8905717134475708 0.0030689239501953125 1
-1.8488367795944214 -1.8912521600723267 0.0036189556121826172 1
-1.8488398790359497 -1.8916491270065308 0.0012941360473632812 1
-1.8488296270370483 -1.8908259868621826 0.0012992620468139648 1
-1.8488364219665527 -1.8920273780822754 0.0034070014953613281 1
-1.8488342761993408 -1.8904398679733276 0.0034060478210449219 1
-1.84882652759552 -1.8914470672607422 0.0035369396209716797 1
-1.8488466739654541 -1.8910412788391113 0.0035495758056640625 1
-1.8488339185714722 -1.8923037052154541 0.0033822059631347656 1
-1.8488339185714722 -1.8902006149291992 0.0033822059631347656 1
-1.8488315343856812 -1.8916749954223633 0.0016422271728515625 1
-1.8488277196884155 -1.8908252716064453 0.0016469955444335938 1
-1.848833441734314 -1.892022967338562 0.0031144618988037109 1
-1.8488311767578125 -1.8905022144317627 0.0031070709228515625 1
-1.8488279581069946 -1.8921806812286377 0.0034036636352539062 1
-1.8488260507583618 -1.8903112411499023 0.003398895263671875 1
-1.8488249778747559 -1.892263650894165 0.0032784938812255859 1
-1.8488247394561768 -1.8902420997619629 0.0032782554626464844 1
-1.8488239049911499 -1.8918365240097046 0.0024625062942504883 1
-1.8488121032714844 -1.8906853199005127 0.0024456977844238281 1
-1.8488141298294067 -1.8916056156158447 0.0020155906677246094 1
-1.8488143682479858 -1.8908982276916504 0.002009272575378418 1
-1.8488200902938843 -1.8921462297439575 0.003186345100402832 1
-1.848823070526123 -1.8903511762619019 0.0031874179840087891 1
-1.848819375038147 -1.891552209854126 0.0034421682357788086 1
-1.8488168716430664 -1.8909556865692139 0.00344085693359375 1
-1.8488168716430664 -1.8922499418258667 0.0033305883407592773 1
-1.8488178253173828 -1.8902528285980225 0.0033348798751831055 1
-1.8488155603408813 -1.8918453454971313 0.0033347606658935547 1
-1.84881591796875 -1.890661358833313 0.0033358335494995117 1
-1.8488069772720337 -1.89168381690979 0.0033376216888427734 1
-1.848791241645813 -1.8908240795135498 0.0033164024353027344 1
-1.8488073348999023 -1.8916679620742798 0.0022127628326416016 1
-1.8488081693649292 -1.8908371925354004 0.0022104978561401367 1
-1.8488051891326904 -1.8917721509933472 0.001444697380065918 1
-1.8488121032714844 -1.8907455205917358 0.0014557838439941406 1
-1.8487995862960815 -1.892005443572998 0.0033137798309326172 1
-1.8488017320632935 -1.8904972076416016 0.0033245086669921875 1
-1.8487986326217651 -1.8915543556213379 0.0011421442031860352 1
-1.8487975597381592 -1.8909543752670288 0.0011377334594726562 1
-1.8488028049468994 -1.8921656608581543 0.0033305883407592773 1
-1.8488028049468994 -1.8903388977050781 0.0033292770385742188 1
-1.8487817049026489 -1.8914502859115601 0.0010881423950195312 1
-1.8487930297851562 -1.8910608291625977 0.0011003017425537109 1
-1.8487999439239502 -1.8921564817428589 0.0032540559768676758 1
-1.8488006591796875 -1.8903481960296631 0.0032521486282348633 1
-1.848806619644165 -1.8918945789337158 0.002798914909362793 1
-1.8487988710403442 -1.8906127214431763 0.0028091669082641602 1
-1.8487954139709473 -1.8916654586791992 0.0011856555938720703 1
-1.8487948179244995 -1.8908371925354004 0.0011844635009765625 1
-1.8487938642501831 -1.891165018081665 0.0010750293731689453 1
-1.8487910032272339 -1.8917849063873291 0.0013289451599121094 1
-1.8488017320632935 -1.890735387802124 0.0013597011566162109 1
-1.8487948179244995 -1.8920191526412964 0.0031706094741821289 1
-1.8487948179244995 -1.8904850482940674 0.0031706094741821289 1
-1.84879469871521 -1.8917757272720337 0.001546025276184082 1
-1.84879469871521 -1.8907285928726196 0.001546025276184082 1
-1.8487931489944458 -1.8916289806365967 0.0019022226333618164 1
-1.8487944602966309 -1.8908789157867432 0.0019080638885498047 1
-1.8487910032272339 -1.8913296461105347 0.0010703802108764648 1
-1.8487813472747803 -1.8912481069564819 0.0010528564453125 1
-1.8487881422042847 -1.8920161724090576 0.0032360553741455078 1
-1.8487880229949951 -1.8904887437820435 0.0032370090484619141 1
-1.8488000631332397 -1.8913512229919434 0.0035707950592041016 1
-1.8488000631332397 -1.8911576271057129 0.003573298454284668 1
-1.848780632019043 -1.8916972875595093 0.0017659664154052734 1
-1.8487908840179443 -1.8908172845840454 0.0017600059509277344 1
-1.8487846851348877 -1.8918707370758057 0.0030484199523925781 1
-1.8487846851348877 -1.8906335830688477 0.0030484199523925781 1
-1.8487842082977295 -1.8919087648391724 0.0031020641326904297 1
-1.8487842082977295 -1.890595555305481 0.0031020641326904297 1
-1.8487790822982788 -1.8918474912643433 0.0032465457916259766 1
-1.848785400390625 -1.8906394243240356 0.0032582283020019531 1
-1.848777174949646 -1.8917791843414307 0.0012289285659790039 1
-1.8487766981124878 -1.8907241821289062 0.0012265443801879883 1
-1.8487677574157715 -1.8918813467025757 0.003171086311340332 1
-1.848768949508667 -1.8906168937683105 0.0031760931015014648 1
-1.8487627506256104 -1.8912521600723267 0.0035759210586547852 1
-1.8487685918807983 -1.8914519548416138 0.0034680366516113281 1
-1.8487756252288818 -1.8910729885101318 0.0034935474395751953 1
-1.8487626314163208 -1.8917742967605591 0.0016686916351318359 1
-1.8487608432769775 -1.8907216787338257 0.0016579627990722656 1
-1.8487565517425537 -1.8915508985519409 0.0033597946166992188 1
-1.8487569093704224 -1.8909488916397095 0.0033572912216186523 1
-1.8487578630447388 -1.8917049169540405 0.0032533407211303711 1
-1.8487546443939209 -1.8907935619354248 0.003245234489440918 1
-1.8487542867660522 -1.8918256759643555 0.00049829483032226562 1
-1.8487541675567627 -1.8906786441802979 0.00049519538879394531 1
-1.8487496376037598 -1.8918164968490601 0.001086115837097168 1
-1.8487515449523926 -1.8907026052474976 0.0010944604873657227 1
-1.8487508296966553 -1.8916447162628174 0.0021597146987915039 1
-1.8487522602081299 -1.890857458114624 0.0021671056747436523 1
-1.8487503528594971 -1.8916805982589722 0.0010755062103271484 1
-1.8487478494644165 -1.8908418416976929 0.0010664463043212891 1
-1.848746657371521 -1.8918306827545166 0.00070047378540039062 1
-1.848747730255127 -1.8906795978546143 0.00069332122802734375 1
-1.8487379550933838 -1.8919670581817627 0.000499725341796875 1
-1.8487386703491211 -1.8905365467071533 0.00050616264343261719 1
-1.8487389087677002 -1.8918110132217407 0.00093805789947509766 1
-1.8487379550933838 -1.8906965255737305 0.00093424320220947266 1
-1.8487375974655151 -1.8918229341506958 0.00029826164245605469 1
-1.8487380743026733 -1.8906835317611694 0.00029802322387695312 1
-1.8487397432327271 -1.8918808698654175 0.0027184486389160156 1
-1.8487421274185181 -1.8906221389770508 0.0027101039886474609 1
-1.84873366355896 -1.8919696807861328 0.00072646141052246094 1
-1.84873366355896 -1.8905346393585205 0.00072646141052246094 1
-1.8487355709075928 -1.8918908834457397 0.0013631582260131836 1
-1.8487365245819092 -1.890616774559021 0.0013839006423950195 1
-1.8487333059310913 -1.8918341398239136 0.0030064582824707031 1
-1.8487304449081421 -1.8906716108322144 0.0030117034912109375 1
-1.8487247228622437 -1.8917081356048584 0.0023508071899414062 1
-1.848730206489563 -1.8908008337020874 0.0023368597030639648 1
-1.8487298488616943 -1.8915330171585083 0.0010361671447753906 1
-1.8487298488616943 -1.890971302986145 0.0010361671447753906 1
-1.8487204313278198 -1.8918957710266113 0.0014679431915283203 1
-1.8487242460250854 -1.8906149864196777 0.0014796257019042969 1
-1.8487266302108765 -1.8919179439544678 0.0012694597244262695 1
-1.8487246036529541 -1.8905829191207886 0.0012620687484741211 1
-1.848725438117981 -1.8918139934539795 0.0030921697616577148 1
-1.848725438117981 -1.8906902074813843 0.0030921697616577148 1
-1.8487217426300049 -1.8919557332992554 0.00097477436065673828 1
-1.8487218618392944 -1.8905448913574219 0.00094211101531982422 1
-1.8487237691879272 -1.891933798789978 0.0011358261108398438 1
-1.8487216234207153 -1.8905630111694336 0.0011099576950073242 1
-1.8487247228622437 -1.8917529582977295 0.003171086311340332 1
-1.8487206697463989 -1.8907513618469238 0.0031630992889404297 1
-1.8487205505371094 -1.8916815519332886 0.00049078464508056641 1
-1.8487205505371094 -1.8908227682113647 0.00049078464508056641 1
-1.8487186431884766 -1.8919492959976196 0.00031423568725585938 1
-1.8487186431884766 -1.8905550241470337 0.00031423568725585938 1
-1.8487190008163452 -1.8914438486099243 0.0010162591934204102 1
-1.8487211465835571 -1.8910598754882812 0.0010188817977905273 1
-1.8486939668655396 -1.8918139934539795 0.0017547607421875 1
-1.8487135171890259 -1.8907203674316406 0.001768946647644043 1
-1.8487099409103394 -1.8916689157485962 0.00069665908813476562 1
-1.8487092256546021 -1.8908383846282959 0.00072193145751953125 1
-1.8487255573272705 -1.8913425207138062 0.0035156011581420898 1
-1.8487228155136108 -1.8911617994308472 0.0035135746002197266 1
-1.8487120866775513 -1.8916667699813843 0.00091075897216796875 1
-1.8487120866775513 -1.890837550163269 0.00091075897216796875 1
-1.8487116098403931 -1.8918821811676025 0.0015748739242553711 1
-1.8487116098403931 -1.8906221389770508 0.0015748739242553711 1
-1.848718523979187 -1.8917120695114136 0.0018796920776367188 1
-1.8487182855606079 -1.890799880027771 0.0018951892852783203 1
-1.8487061262130737 -1.8913613557815552 0.00099253654479980469 1
-1.8487104177474976 -1.8911457061767578 0.000995635986328125 1
-1.8487073183059692 -1.8916915655136108 0.0003032684326171875 1
-1.8487073183059692 -1.8908127546310425 0.0003032684326171875 1
-1.848701000213623 -1.8916494846343994 0.002109527587890625 1
-1.8486950397491455 -1.8908537626266479 0.0021134614944458008 1
-1.8487051725387573 -1.8912521600723267 0.000972747802734375 1
-1.8486922979354858 -1.8918392658233643 0.0026226043701171875 1
-1.8486922979354858 -1.8906650543212891 0.0026226043701171875 1
-1.8486722707748413 -1.8914322853088379 0.0033824443817138672 1
-1.8486901521682739 -1.8915878534317017 0.0032613277435302734 1
-1.848701000213623 -1.8908976316452026 0.0032600164413452148 1
-1.8486864566802979 -1.8912521600723267 0.0035185813903808594 1
-1.8486815690994263 -1.8916671276092529 0.0022846460342407227 1
-1.8486931324005127 -1.8908364772796631 0.0022823810577392578 1
-1.8486804962158203 -1.8918864727020264 0.0016564130783081055 1
-1.8486719131469727 -1.8906117677688599 0.0016596317291259766 1
-1.8486781120300293 -1.8918118476867676 0.00013935565948486328 1
-1.8486781120300293 -1.8906923532485962 0.00013935565948486328 1
-1.8486634492874146 -1.8918073177337646 0.0029463768005371094 1
-1.8486772775650024 -1.8906893730163574 0.0029467344284057617 1
-1.8486702442169189 -1.892081618309021 0.00050783157348632812 1
-1.8486702442169189 -1.8904227018356323 0.00050783157348632812 1
-1.8486685752868652 -1.8904191255569458 0.00072574615478515625 1
-1.8486675024032593 -1.8920837640762329 0.00074923038482666016 1
-1.8486671447753906 -1.8916795253753662 0.0020387172698974609 1
-1.848668098449707 -1.8908241987228394 0.0020360946655273438 1
-1.8486487865447998 -1.8917602300643921 0.0025193691253662109 1
-1.8486512899398804 -1.8907430171966553 0.0025175809860229492 1
-1.8486578464508057 -1.8920719623565674 0.0009441375732421875 1
-1.8486534357070923 -1.890430212020874 0.00094532966613769531 1
-1.8486577272415161 -1.8919312953948975 0.00016546249389648438 1
-1.848658561706543 -1.8905781507492065 0.00016427040100097656 1
-1.8486547470092773 -1.8916926383972168 0.00015735626220703125 1
-1.8486547470092773 -1.890811562538147 0.00015735626220703125 1
-1.8486703634262085 -1.8917596340179443 0.0030794143676757812 1
-1.8486593961715698 -1.8907516002655029 0.0030695199966430664 1
-1.8486472368240356 -1.8920537233352661 0.001114964485168457 1
-1.8486508131027222 -1.8904541730880737 0.0011268854141235352 1
-1.8486498594284058 -1.8920530080795288 0.00032603740692138672 1
-1.8486498594284058 -1.890451192855835 0.00032603740692138672 1
-1.8486461639404297 -1.8920294046401978 0.0012506246566772461 1
-1.8486450910568237 -1.890479564666748 0.0012782812118530273 1
-1.8486424684524536 -1.8915635347366333 0.000476837158203125 1
-1.8486423492431641 -1.8909409046173096 0.00047862529754638672 1
-1.8486357927322388 -1.8916505575180054 0.0031522512435913086 1
-1.8486394882202148 -1.8908615112304688 0.0031633377075195312 1
-1.8486403226852417 -1.8907138109207153 0.0018823146820068359 1
-1.8486385345458984 -1.891798734664917 0.0018732547760009766 1
-1.8486406803131104 -1.8915201425552368 0.00088918209075927734 1
-1.8486406803131104 -1.8909841775894165 0.00088918209075927734 1
-1.8486388921737671 -1.8920047283172607 0.0013817548751831055 1
-1.8486378192901611 -1.8905036449432373 0.0014021396636962891 1
-1.8486354351043701 -1.8915513753890991 0.00066864490509033203 1
-1.8486315011978149 -1.8909543752670288 0.00065386295318603516 1
-1.848633885383606 -1.8915842771530151 0.00030410289764404297 1
-1.848633885383606 -1.8909200429916382 0.00030410289764404297 1
-1.8486214876174927 -1.8918942213058472 0.0017510652542114258 1
-1.8486363887786865 -1.8906267881393433 0.0017554759979248047 1
-1.8486343622207642 -1.891657829284668 0.0022394657135009766 1
-1.848633885383606 -1.890845775604248 0.0022609233856201172 1
-1.8486205339431763 -1.8913497924804688 0.0034048557281494141 1
-1.8486344814300537 -1.8911478519439697 0.0034145116806030273 1
-1.8486169576644897 -1.8919799327850342 0.0015426874160766602 1
-1.8486169576644897 -1.8905243873596191 0.0015426874160766602 1
-1.8486161231994629 -1.8914414644241333 0.00091612339019775391 1
-1.84862220287323 -1.8910685777664185 0.00092434883117675781 1
-1.8486078977584839 -1.8912521600723267 0.00088810920715332031 1
-1.8486185073852539 -1.8913702964782715 0.0009212493896484375 1
-1.8486185073852539 -1.8911339044570923 0.0009212493896484375 1
-1.8486204147338867 -1.8920141458511353 0.00022566318511962891 1
-1.8486149311065674 -1.89049232006073 0.00021338462829589844 1
-1.8486084938049316 -1.8918008804321289 0.0028705596923828125 1
-1.8486144542694092 -1.890699028968811 0.002872467041015625 1
-1.8486099243164062 -1.8916125297546387 0.00019764900207519531 1
-1.8486132621765137 -1.890885591506958 0.00019466876983642578 1
-1.8486021757125854 -1.8915003538131714 0.0032535791397094727 1
-1.8486104011535645 -1.8910214900970459 0.0032777786254882812 1
-1.8486014604568481 -1.8917371034622192 0.0020194053649902344 1
-1.8486040830612183 -1.8907639980316162 0.0020101070404052734 1
-1.8486261367797852 -1.89168381690979 0.0024110078811645508 1
-1.8486104011535645 -1.8908270597457886 0.0024158954620361328 1
-1.8486025333404541 -1.8912521600723267 0.0034327507019042969 1
-1.8485864400863647 -1.8916716575622559 0.0021957159042358398 1
-1.8485901355743408 -1.8908367156982422 0.0022056102752685547 1
-1.8485791683197021 -1.8919781446456909 0.0016440153121948242 1
-1.8485878705978394 -1.8905326128005981 0.0016440153121948242 1
-1.8485676050186157 -1.8916960954666138 0.0030218362808227539 1
-1.8485743999481201 -1.8908016681671143 0.0030245780944824219 1
-1.8485780954360962 -1.8916516304016113 0.0023692846298217773 1
-1.8485816717147827 -1.8908517360687256 0.0023677349090576172 1
-1.8485442399978638 -1.8918986320495605 0.0018463134765625 1
-1.8485504388809204 -1.890602707862854 0.001834869384765625 1
-1.8485677242279053 -1.8907096385955811 0.002776026725769043 1
-1.8485627174377441 -1.8917924165725708 0.0027797222137451172 1
-1.8485549688339233 -1.8918012380599976 4.291534423828125e-05 1
-1.8485549688339233 -1.8907029628753662 4.291534423828125e-05 1
-1.8485472202301025 -1.8921475410461426 0.00071489810943603516 1
-1.8485472202301025 -1.8903566598892212 0.00071489810943603516 1
-1.848546028137207 -1.8921416997909546 0.00049662590026855469 1
-1.8485498428344727 -1.8903658390045166 0.00049078464508056641 1
-1.8485333919525146 -1.8918185234069824 0.0019780397415161133 1
-1.8485368490219116 -1.8906880617141724 0.0019779205322265625 1
-1.8485450744628906 -1.8916785717010498 6.6161155700683594e-05 1
-1.8485445976257324 -1.8908299207687378 6.67572021484375e-05 1
-1.8485368490219116 -1.8913674354553223 0.0032881498336791992 1
-1.848544716835022 -1.8911384344100952 0.0033005475997924805 1
-1.8485320806503296 -1.8912492990493774 0.00082802772521972656 1
-1.8485414981842041 -1.8921358585357666 0.00093030929565429688 1
-1.8485414981842041 -1.8903684616088867 0.00093030929565429688 1
-1.8485398292541504 -1.8919302225112915 7.4505805969238281e-05 1
-1.8485348224639893 -1.8905724287033081 7.4625015258789062e-05 1
-1.8485270738601685 -1.8905259370803833 0.0017282962799072266 1
-1.8485368490219116 -1.8919755220413208 0.0017238855361938477 1
-1.8485425710678101 -1.8917585611343384 0.0026850700378417969 1
-1.8485376834869385 -1.8907490968704224 0.0026859045028686523 1
-1.8485342264175415 -1.892116904258728 0.0011112689971923828 1
-1.8485342264175415 -1.8903874158859253 0.0011112689971923828 1
-1.8485170602798462 -1.8917084932327271 0.0021744966506958008 1
-1.8485186100006104 -1.8908035755157471 0.0021857023239135742 1
-1.84853196144104 -1.8921078443527222 0.00030803680419921875 1
-1.84853196144104 -1.8903964757919312 0.00030803680419921875 1
-1.8485280275344849 -1.8915730714797974 0.00014460086822509766 1
-1.8485280275344849 -1.890931248664856 0.00014460086822509766 1
-1.8485262393951416 -1.8915538787841797 0.0031260251998901367 1
-1.8485270738601685 -1.8909491300582886 0.0031263828277587891 1
-1.8485255241394043 -1.8917083740234375 0.0026067495346069336 1
-1.848517894744873 -1.890803337097168 0.0026115179061889648 1
-1.8485252857208252 -1.8913755416870117 0.00085115432739257812 1
-1.8485252857208252 -1.8911287784576416 0.00085115432739257812 1
-1.8485252857208252 -1.8915005922317505 0.00044131278991699219 1
-1.8485252857208252 -1.8910037279129028 0.00044131278991699219 1
-1.8485250473022461 -1.8915214538574219 0.00027501583099365234 1
-1.8485250473022461 -1.8909828662872314 0.00027501583099365234 1
-1.848530650138855 -1.8920897245407104 0.0012687444686889648 1
-1.8485250473022461 -1.8904097080230713 0.0012609958648681641 1
-1.848523736000061 -1.8920395374298096 0.00016260147094726562 1
-1.848523736000061 -1.8904647827148438 0.00016260147094726562 1
-1.8485188484191895 -1.8916456699371338 0.0023401975631713867 1
-1.8485147953033447 -1.8908587694168091 0.0023407936096191406 1
-1.8485182523727417 -1.8914916515350342 0.00063025951385498047 1
-1.8485184907913208 -1.8910121917724609 0.00062692165374755859 1
-1.8485251665115356 -1.8916635513305664 0.0025314092636108398 1
-1.8485132455825806 -1.8908524513244629 0.0025306940078735352 1
-1.8485108613967896 -1.8914337158203125 0.00083792209625244141 1
-1.8485162258148193 -1.8910708427429199 0.0008411407470703125 1
-1.8485158681869507 -1.8912521600723267 0.0033113956451416016 1
-1.848502516746521 -1.8920611143112183 0.0014587640762329102 1
-1.8485054969787598 -1.8904436826705933 0.0014538764953613281 1
-1.8485126495361328 -1.8914763927459717 0.00077795982360839844 1
-1.8485126495361328 -1.8910279273986816 0.00077795982360839844 1
-1.8485107421875 -1.891624927520752 0.0024749040603637695 1
-1.8485094308853149 -1.8908807039260864 0.0024738311767578125 1
-1.848494291305542 -1.8916860818862915 0.0029221773147583008 1
-1.8485026359558105 -1.8908165693283081 0.0029387474060058594 1
-1.8484777212142944 -1.8917697668075562 0.0021119117736816406 1
-1.8484669923782349 -1.8907458782196045 0.0021384954452514648 1
-1.8484660387039185 -1.891963005065918 0.0018254518508911133 1
-1.8484643697738647 -1.8905389308929443 0.0018230676651000977 1
-1.8484721183776855 -1.8918955326080322 0.0019294023513793945 1
-1.8484609127044678 -1.8906095027923584 0.001940608024597168 1
-1.8484731912612915 -1.8916040658950806 0.0024383068084716797 1
-1.8484731912612915 -1.8909002542495728 0.0024383068084716797 1
-1.8484666347503662 -1.8912521600723267 0.00078117847442626953 1
-1.8484618663787842 -1.8913921117782593 0.0031645298004150391 1
-1.8484597206115723 -1.8911095857620239 0.0031599998474121094 1
-1.848457932472229 -1.8916676044464111 0.0023088455200195312 1
-1.848443865776062 -1.8908364772796631 0.0023161172866821289 1
-1.8484566211700439 -1.8920477628707886 0.0016270875930786133 1
-1.8484566211700439 -1.8904565572738647 0.0016270875930786133 1
-1.848450779914856 -1.8916776180267334 0.0028361082077026367 1
-1.848450779914856 -1.8908267021179199 0.0028361082077026367 1
-1.8484454154968262 -1.8915879726409912 0.002583622932434082 1
-1.8484451770782471 -1.8909156322479248 0.0025851726531982422 1
-1.8484363555908203 -1.8915472030639648 0.0025192499160766602 1
-1.8484363555908203 -1.8909571170806885 0.0025192499160766602 1
-1.8484359979629517 -1.8915499448776245 0.0029942989349365234 1
-1.8484359979629517 -1.8909543752670288 0.0029942989349365234 1
-1.8484343290328979 -1.8918145895004272 0.0020875930786132812 1
-1.8484343290328979 -1.8906896114349365 0.0020875930786132812 1
-1.8484343290328979 -1.8912521600723267 0.0031725168228149414 1
-1.8484296798706055 -1.8916077613830566 0.0026592016220092773 1
-1.8484299182891846 -1.8908920288085938 0.0026676654815673828 1
-1.8484325408935547 -1.8916498422622681 0.0027388334274291992 1
-1.8484325408935547 -1.8908544778823853 0.0027388334274291992 1
-1.8484324216842651 -1.8913846015930176 0.00079143047332763672 1
-1.8484324216842651 -1.8911197185516357 0.00079143047332763672 1
-1.8484240770339966 -1.8916069269180298 0.0024145841598510742 1
-1.8484240770339966 -1.8908973932266235 0.0024145841598510742 1
-1.8484179973602295 -1.8920354843139648 0.0017135143280029297 1
-1.8484209775924683 -1.8904615640640259 0.0016943216323852539 1
-1.8484091758728027 -1.8915364742279053 0.0024830102920532227 1
-1.848412036895752 -1.8909622430801392 0.0024781227111816406 1
-1.8484044075012207 -1.8915536403656006 0.00011038780212402344 1
-1.8484044075012207 -1.8909505605697632 0.00011038780212402344 1
-1.8484040498733521 -1.8916583061218262 3.0755996704101562e-05 1
-1.8484040498733521 -1.8908460140228271 3.0755996704101562e-05 1
-1.8484033346176147 -1.8914412260055542 0.00077342987060546875 1
-1.8484057188034058 -1.8910610675811768 0.00077164173126220703 1
-1.8483771085739136 -1.8917182683944702 0.0022767782211303711 1
-1.8483803272247314 -1.8907948732376099 0.0022869110107421875 1
-1.8483995199203491 -1.8917919397354126 6.67572021484375e-06 1
-1.8483995199203491 -1.8907123804092407 6.67572021484375e-06 1
-1.8484026193618774 -1.8919570446014404 0.0018914937973022461 1
-1.8483929634094238 -1.8905363082885742 0.0018777847290039062 1
-1.8483974933624268 -1.8915030956268311 0.00024330615997314453 1
-1.8483974933624268 -1.8910012245178223 0.00024330615997314453 1
-1.8483973741531372 -1.8914623260498047 0.002543330192565918 1
-1.8483953475952148 -1.8910465240478516 0.0025442838668823242 1
-1.8483980894088745 -1.8919298648834229 4.1365623474121094e-05 1
-1.8483973741531372 -1.890572190284729 4.291534423828125e-05 1
-1.8483940362930298 -1.8921624422073364 0.00069844722747802734 1
-1.8483924865722656 -1.8903416395187378 0.00069272518157958984 1
-1.8483976125717163 -1.8921517133712769 0.000476837158203125 1
-1.848395824432373 -1.8903535604476929 0.00047039985656738281 1
-1.8483855724334717 -1.8912501335144043 0.00073671340942382812 1
-1.8483898639678955 -1.8914740085601807 0.0026077032089233398 1
-1.8483891487121582 -1.8910351991653442 0.002606511116027832 1
-1.848387598991394 -1.8921566009521484 0.00092053413391113281 1
-1.8483970165252686 -1.8903473615646362 0.00089991092681884766 1
-1.8483902215957642 -1.8921176195144653 0.00028598308563232422 1
-1.8483902215957642 -1.890386700630188 0.00028598308563232422 1
-1.8483940362930298 -1.8920470476150513 0.00013530254364013672 1
-1.8483926057815552 -1.8904578685760498 0.00013363361358642578 1
-1.8483881950378418 -1.8914880752563477 0.00039565563201904297 1
-1.848382830619812 -1.8910160064697266 0.00041091442108154297 1
-1.8483866453170776 -1.8914033174514771 0.0030251741409301758 1
-1.8483866453170776 -1.8911010026931763 0.0030251741409301758 1
-1.8483985662460327 -1.8921446800231934 0.0010827779769897461 1
-1.8484044075012207 -1.8903589248657227 0.0010662078857421875 1
-1.8483821153640747 -1.8915442228317261 0.0028772354125976562 1
-1.848383903503418 -1.8909567594528198 0.00287628173828125 1
-1.8483816385269165 -1.8914788961410522 0.00070929527282714844 1
-1.8483816385269165 -1.8910253047943115 0.00070929527282714844 1
-1.8483734130859375 -1.8914884328842163 0.00056087970733642578 1
-1.8483792543411255 -1.8910175561904907 0.00057387351989746094 1
-1.8483902215957642 -1.8918849229812622 0.0020200014114379883 1
-1.8483849763870239 -1.8906140327453613 0.0020160675048828125 1
-1.8483827114105225 -1.8913284540176392 0.0007476806640625 1
-1.8483779430389404 -1.8911788463592529 0.00074410438537597656 1
-1.848400354385376 -1.8921318054199219 0.0012079477310180664 1
-1.8483895063400269 -1.8903704881668091 0.001208186149597168 1
-1.8483784198760986 -1.8915059566497803 0.0026825666427612305 1
-1.8483741283416748 -1.8910108804702759 0.0026859045028686523 1
-1.8483750820159912 -1.8913490772247314 0.0025566816329956055 1
-1.8483763933181763 -1.8911422491073608 0.0025559663772583008 1
-1.8483707904815674 -1.8912521600723267 0.0025591850280761719 1
-1.8483598232269287 -1.8920246362686157 0.0017896890640258789 1
-1.8483668565750122 -1.8904753923416138 0.001776576042175293 1
-1.8483647108078003 -1.89143967628479 0.0025101900100708008 1
-1.8483699560165405 -1.8910528421401978 0.0025095939636230469 1
-1.8483728170394897 -1.8913834095001221 0.0026069879531860352 1
-1.8483719825744629 -1.8911257982254028 0.0026060342788696289 1
-1.8483707904815674 -1.8915307521820068 0.00276947021484375 1
-1.8483684062957764 -1.8909783363342285 0.0027707815170288086 1
-1.8483668565750122 -1.8921208381652832 0.0013403892517089844 1
-1.8483668565750122 -1.8903833627700806 0.0013403892517089844 1
-1.8483662605285645 -1.8912521600723267 0.0030343532562255859 1
-1.8483631610870361 -1.8912521600723267 0.0026159286499023438 1
-1.8483594655990601 -1.8915401697158813 0.002463221549987793 1
-1.8483594655990601 -1.890964150428772 0.002463221549987793 1
-1.8483285903930664 -1.8917868137359619 0.0022138357162475586 1
-1.848331093788147 -1.8907126188278198 0.0022054910659790039 1
-1.848352313041687 -1.8916330337524414 0.0023962259292602539 1
-1.848347544670105 -1.8908734321594238 0.0024014711380004883 1
-1.8483642339706421 -1.8904023170471191 0.0014747381210327148 1
-1.8483446836471558 -1.8913342952728271 0.0025211572647094727 1
-1.8483457565307617 -1.8911697864532471 0.0025216341018676758 1
-1.8483504056930542 -1.8913835287094116 0.0026867389678955078 1
-1.848351001739502 -1.8911293745040894 0.0026804208755493164 1
-1.8483457565307617 -1.8912521600723267 0.0025252103805541992 1
-1.8483457565307617 -1.8912520408630371 0.002676844596862793 1
-1.8483479022979736 -1.8913874626159668 0.00074625015258789062 1
-1.8483408689498901 -1.8911063671112061 0.00074553489685058594 1
-1.848339319229126 -1.8914008140563965 0.0028988122940063477 1
-1.848339319229126 -1.8911035060882568 0.0028988122940063477 1
-1.8483326435089111 -1.8913917541503906 0.0027866363525390625 1
-1.8483320474624634 -1.891119122505188 0.0027871131896972656 1
-1.8483242988586426 -1.8912521600723267 0.0029045343399047852 1
-1.8483219146728516 -1.8912521600723267 0.0027903318405151367 1
-1.8483120203018188 -1.8914424180984497 0.0024927854537963867 1
-1.8483114242553711 -1.8910583257675171 0.0024921894073486328 1
-1.8483190536499023 -1.8921016454696655 0.0015857219696044922 1
-1.84833824634552 -1.8904087543487549 0.0015832185745239258 1
-1.8483200073242188 -1.8912562131881714 0.00071096420288085938 1
-1.8483092784881592 -1.8919377326965332 0.00199127197265625 1
-1.8483085632324219 -1.890561580657959 0.0019822120666503906 1
-1.8482980728149414 -1.8920062780380249 0.0018662214279174805 1
-1.8482969999313354 -1.8904924392700195 0.0018544197082519531 1
-1.848292350769043 -1.8913440704345703 0.00071310997009277344 1
-1.8482917547225952 -1.8911591768264771 0.00071310997009277344 1
-1.8483062982559204 -1.8913396596908569 0.0025080442428588867 1
-1.8483048677444458 -1.8911687135696411 0.0025076866149902344 1
-1.8482937812805176 -1.8912521600723267 0.0025076866149902344 1
-1.8482902050018311 -1.8904107809066772 0.0016567707061767578 1
-1.8482887744903564 -1.8920915126800537 0.0016632080078125 1
-1.8482840061187744 -1.8915649652481079 0.0024505853652954102 1
-1.8482851982116699 -1.8909480571746826 0.0024553537368774414 1
-1.8483062982559204 -1.8914636373519897 0.00073635578155517578 1
-1.8482866287231445 -1.8910362720489502 0.00072896480560302734 1
-1.8482816219329834 -1.8918601274490356 0.0021395683288574219 1
-1.8482816219329834 -1.8906441926956177 0.0021395683288574219 1
-1.8482770919799805 -1.8915733098983765 0.00011885166168212891 1
-1.8482770919799805 -1.8909310102462769 0.00011885166168212891 1
-1.8482675552368164 -1.8915294408798218 0.00023686885833740234 1
-1.8482679128646851 -1.8909734487533569 0.00023317337036132812 1
-1.8482605218887329 -1.8916662931442261 4.8279762268066406e-05 1
-1.8482605218887329 -1.8908380270004272 4.8279762268066406e-05 1
-1.8482648134231567 -1.8904819488525391 0.00014615058898925781 1
-1.8482570648193359 -1.8920208215713501 0.00014710426330566406 1
-1.8482564687728882 -1.8916686773300171 0.0023961067199707031 1
-1.8482674360275269 -1.8908376693725586 0.0023937225341796875 1
-1.848258376121521 -1.8914142847061157 0.0007152557373046875 1
-1.8482502698898315 -1.891086220741272 0.00071358680725097656 1
-1.8482499122619629 -1.8920838832855225 0.00028181076049804688 1
-1.8482495546340942 -1.8904182910919189 0.00028622150421142578 1
-1.8482300043106079 -1.8914629220962524 0.0024846792221069336 1
-1.8482296466827393 -1.8910443782806396 0.0024850368499755859 1
-1.8482459783554077 -1.8920718431472778 0.0017461776733398438 1
-1.8482547998428345 -1.8904353380203247 0.0017483234405517578 1
-1.8482481241226196 -1.8919130563735962 6.103515625e-05 1
-1.8482481241226196 -1.8905912637710571 6.103515625e-05 1
-1.8482480049133301 -1.8915183544158936 0.00038385391235351562 1
-1.8482470512390137 -1.8909841775894165 0.00037682056427001953 1
-1.8482418060302734 -1.891788125038147 2.8848648071289062e-05 1
-1.8482487201690674 -1.8907173871994019 2.7179718017578125e-05 1
-1.8482422828674316 -1.8915165662765503 0.00066924095153808594 1
-1.8482422828674316 -1.890987753868103 0.00066924095153808594 1
-1.8482385873794556 -1.8912554979324341 0.00069367885589599609 1
-1.8482389450073242 -1.892121434211731 0.00046885013580322266 1
-1.8482381105422974 -1.8903825283050537 0.00047433376312255859 1
-1.8482345342636108 -1.8915237188339233 0.00054109096527099609 1
-1.8482345342636108 -1.89098060131073 0.00054109096527099609 1
-1.8482156991958618 -1.8919018507003784 0.0021030902862548828 1
-1.8482240438461304 -1.8905940055847168 0.0020847320556640625 1
-1.8482239246368408 -1.8917326927185059 0.0023401975631713867 1
-1.8482283353805542 -1.8907762765884399 0.0023440122604370117 1
-1.8481895923614502 -1.8913391828536987 0.0024976730346679688 1
-1.8482067584991455 -1.8911609649658203 0.0024979114532470703 1
-1.8482272624969482 -1.8921369314193726 0.00067341327667236328 1
-1.8482272624969482 -1.8903673887252808 0.00067341327667236328 1
-1.8482162952423096 -1.8919718265533447 0.0019714832305908203 1
-1.8482140302658081 -1.890528678894043 0.001964569091796875 1
-1.8481837511062622 -1.8913671970367432 0.00069367885589599609 1
-1.8481853008270264 -1.891137957572937 0.00069379806518554688 1
-1.8482216596603394 -1.8921432495117188 0.00087571144104003906 1
-1.8482216596603394 -1.8903610706329346 0.00087571144104003906 1
-1.8482186794281006 -1.8921486139297485 0.0010395050048828125 1
-1.8482186794281006 -1.8903557062149048 0.0010395050048828125 1
-1.8482167720794678 -1.8921501636505127 0.0011496543884277344 1
-1.8482414484024048 -1.8903548717498779 0.0011651515960693359 1
-1.8482329845428467 -1.892145037651062 0.0012787580490112305 1
-1.8482050895690918 -1.8903571367263794 0.0012907981872558594 1
-1.8481954336166382 -1.891801118850708 0.0022705793380737305 1
-1.848203182220459 -1.8907049894332886 0.0022709369659423828 1
-1.848180890083313 -1.891565203666687 0.0024582147598266602 1
-1.8481782674789429 -1.8909300565719604 0.002455592155456543 1
-1.8482251167297363 -1.890367865562439 0.0014051198959350586 1
-1.8481655120849609 -1.892042875289917 0.0018388032913208008 1
-1.8481733798980713 -1.8904656171798706 0.0018464326858520508 1
-1.8481881618499756 -1.89161217212677 0.00015294551849365234 1
-1.8481881618499756 -1.8908920288085938 0.00015294551849365234 1
-1.8481845855712891 -1.8918470144271851 0.0022094249725341797 1
-1.8481909036636353 -1.8906512260437012 0.0021958351135253906 1
-1.8481729030609131 -1.8914971351623535 0.00070095062255859375 1
-1.8481827974319458 -1.89101243019104 0.00070321559906005859 1
-1.8481733798980713 -1.8921396732330322 0.0015130043029785156 1
-1.8481825590133667 -1.8903666734695435 0.0015166997909545898 1
-1.8481689691543579 -1.8919824361801147 0.00018453598022460938 1
-1.8481689691543579 -1.8905218839645386 0.00018453598022460938 1
-1.8481171131134033 -1.891465425491333 0.0024843215942382812 1
-1.8481026887893677 -1.8910382986068726 0.0024842023849487305 1
-1.848131537437439 -1.8919082880020142 0.0021179914474487305 1
-1.8481379747390747 -1.890581488609314 0.0020890235900878906 1
-1.8481554985046387 -1.8915935754776001 0.0002384185791015625 1
-1.8481554985046387 -1.8909107446670532 0.0002384185791015625 1
-1.8481494188308716 -1.8921277523040771 0.0016167163848876953 1
-1.8481494188308716 -1.8903765678405762 0.0016167163848876953 1
-1.8481432199478149 -1.8916816711425781 0.00011599063873291016 1
-1.8481432199478149 -1.8908226490020752 0.00011599063873291016 1
-1.8481341600418091 -1.8920173645019531 0.00028491020202636719 1
-1.848131537437439 -1.890485405921936 0.00029683113098144531 1
-1.8481303453445435 -1.8919011354446411 0.00013434886932373047 1
-1.8481303453445435 -1.8906031847000122 0.00013434886932373047 1
-1.8481289148330688 -1.8915892839431763 0.00038015842437744141 1
-1.848127007484436 -1.8909138441085815 0.00038778781890869141 1
-1.848110556602478 -1.8919843435287476 0.0019729137420654297 1
-1.8481167554855347 -1.8905189037322998 0.0019700527191162109 1
-1.8481042385101318 -1.8921017646789551 0.0017137527465820312 1
-1.8481054306030273 -1.8904087543487549 0.0017293691635131836 1
-1.8481181859970093 -1.8917906284332275 0.00010311603546142578 1
-1.8481158018112183 -1.8907159566879272 0.00010383129119873047 1
-1.8481059074401855 -1.8915994167327881 0.00055050849914550781 1
-1.8481054306030273 -1.8909025192260742 0.00053966045379638672 1
-1.8481167554855347 -1.8914802074432373 0.00069260597229003906 1
-1.8481168746948242 -1.8910245895385742 0.00069260597229003906 1
-1.8481111526489258 -1.8920514583587646 0.00044918060302734375 1
-1.8481061458587646 -1.8904531002044678 0.00046372413635253906 1
-1.8481240272521973 -1.8916580677032471 0.0024247169494628906 1
-1.848114013671875 -1.890841007232666 0.0024230480194091797 1
-1.8481032848358154 -1.8917250633239746 0.0023812055587768555 1
-1.8480991125106812 -1.8907711505889893 0.0023758411407470703 1
-1.8480912446975708 -1.8917924165725708 0.0023131370544433594 1
-1.8480912446975708 -1.8907119035720825 0.0023131370544433594 1
-1.8480892181396484 -1.8920713663101196 0.00064063072204589844 1
-1.8480892181396484 -1.8904328346252441 0.00064063072204589844 1
-1.8480962514877319 -1.8918567895889282 0.0022166967391967773 1
-1.8481006622314453 -1.890653133392334 0.0022246837615966797 1
-1.8480864763259888 -1.8915711641311646 0.0024622678756713867 1
-1.848061203956604 -1.8909143209457397 0.0024561882019042969 1
-1.8480808734893799 -1.8916881084442139 0.00023066997528076172 1
-1.8480808734893799 -1.8908162117004395 0.00023066997528076172 1
-1.8480709791183472 -1.8916032314300537 0.00067007541656494141 1
-1.8480749130249023 -1.890903115272522 0.00067007541656494141 1
-1.8480925559997559 -1.8912594318389893 0.0006732940673828125 1
-1.8480371236801147 -1.8920692205429077 0.0017986297607421875 1
-1.8480509519577026 -1.8904447555541992 0.0018202066421508789 1
-1.8480660915374756 -1.8919154405593872 0.00026345252990722656 1
-1.8480709791183472 -1.8905854225158691 0.00025641918182373047 1
-1.8480318784713745 -1.8919152021408081 0.0021145343780517578 1
-1.8480311632156372 -1.890593409538269 0.0021231174468994141 1
-1.8480510711669922 -1.8913872241973877 0.00067508220672607422 1
-1.8480695486068726 -1.8911104202270508 0.00067889690399169922 1
-1.8480490446090698 -1.8916971683502197 0.00038993358612060547 1
-1.8480504751205444 -1.8908052444458008 0.00037240982055664062 1
-1.8480496406555176 -1.8918000459671021 0.00023126602172851562 1
-1.8480496406555176 -1.8907042741775513 0.00023126602172851562 1
-1.8480486869812012 -1.8921349048614502 0.0010000467300415039 1
-1.8480486869812012 -1.8903692960739136 0.0010000467300415039 1
-1.8480463027954102 -1.8921501636505127 0.0011146068572998047 1
-1.8480418920516968 -1.8903548717498779 0.0011096000671386719 1
-1.8480546474456787 -1.891357421875 0.0024926662445068359 1
-1.8480675220489502 -1.8911681175231934 0.0024935007095336914 1
-1.8480437994003296 -1.8921574354171753 0.0012266635894775391 1
-1.8480610847473145 -1.8903478384017944 0.001229405403137207 1
-1.8480416536331177 -1.8920949697494507 0.00084292888641357422 1
-1.8480416536331177 -1.8904093503952026 0.00084292888641357422 1
-1.8480464220046997 -1.8921583890914917 0.0013635158538818359 1
-1.8480541706085205 -1.8903466463088989 0.0013701915740966797 1
-1.8480350971221924 -1.8919483423233032 0.00044202804565429688 1
-1.8480342626571655 -1.8905630111694336 0.000431060791015625 1
-1.8480308055877686 -1.8917185068130493 0.000514984130859375 1
-1.8480308055877686 -1.8907910585403442 0.00052845478057861328 1
-1.8480199575424194 -1.8921573162078857 0.0014934539794921875 1
-1.8480061292648315 -1.8903465270996094 0.0014826059341430664 1
-1.8480191230773926 -1.8918187618255615 0.00038754940032958984 1
-1.8480215072631836 -1.8906912803649902 0.00038099288940429688 1
-1.8479775190353394 -1.8920167684555054 0.0019093751907348633 1
-1.8479931354522705 -1.8904881477355957 0.0019119977951049805 1
-1.8480128049850464 -1.8919668197631836 0.00060164928436279297 1
-1.848010778427124 -1.8905378580093384 0.00060725212097167969 1
-1.8480068445205688 -1.8915807008743286 0.00068843364715576172 1
-1.8480063676834106 -1.8909295797348022 0.00068759918212890625 1
-1.848003625869751 -1.8921453952789307 0.0015805959701538086 1
-1.848003625869751 -1.8903589248657227 0.0015805959701538086 1
-1.8479969501495361 -1.8918437957763672 0.00055599212646484375 1
-1.8480008840560913 -1.8906679153442383 0.00054371356964111328 1
-1.8479878902435303 -1.8918520212173462 0.0022276639938354492 1
-1.848002552986145 -1.8906548023223877 0.0022332668304443359 1
-1.8496168851852417 -1.8910566568374634 0.002190709114074707 1
-1.8479866981506348 -1.8917454481124878 0.00065577030181884766 1
-1.8479852676391602 -1.8907525539398193 0.00065720081329345703 1
-1.8479722738265991 -1.891785740852356 0.002324223518371582 1
-1.8479962348937988 -1.8907204866409302 0.0023275613784790039 1
-1.847981333732605 -1.891724705696106 0.0023889541625976562 1
-1.847981333732605 -1.8907796144485474 0.0023889541625976562 1
-1.847980260848999 -1.8916594982147217 0.0024312734603881836 1
-1.8479790687561035 -1.8908522129058838 0.0024360418319702148 1
-1.8479782342910767 -1.8921183347702026 0.0016791820526123047 1
-1.8479732275009155 -1.8903921842575073 0.0016943216323852539 1
-1.8479722738265991 -1.891986608505249 0.0007381439208984375 1
-1.8479715585708618 -1.8905230760574341 0.00073552131652832031 1
-1.8479601144790649 -1.8912543058395386 0.00064015388488769531 1
-1.8479647636413574 -1.8915683031082153 0.002463221549987793 1
-1.8479776382446289 -1.8909417390823364 0.0024651288986206055 1
-1.8480067253112793 -1.8914918899536133 0.00068056583404541016 1
-1.8479502201080322 -1.8909381628036499 0.00068199634552001953 1
-1.8479496240615845 -1.8913277387619019 0.00064039230346679688 1
-1.8479657173156738 -1.8911713361740112 0.00064718723297119141 1
-1.8479640483856201 -1.8919562101364136 0.0020301342010498047 1
-1.8479640483856201 -1.8905481100082397 0.0020301342010498047 1
-1.8479588031768799 -1.8918693065643311 0.00068175792694091797 1
-1.8479588031768799 -1.8906350135803223 0.00068175792694091797 1
-1.8479551076889038 -1.8914880752563477 0.0024759769439697266 1
-1.8479536771774292 -1.8910598754882812 0.0024805068969726562 1
-1.8479436635971069 -1.8914164304733276 0.00065147876739501953 1
-1.8479485511779785 -1.8910934925079346 0.00065219402313232422 1
-1.8479419946670532 -1.891360878944397 0.0024839639663696289 1
-1.8479276895523071 -1.8911938667297363 0.0024819374084472656 1
-1.8478991985321045 -1.8920807838439941 0.0017635822296142578 1
-1.8478974103927612 -1.8904256820678711 0.0017687082290649414 1
-1.8479036092758179 -1.8915219306945801 0.000659942626953125 1
-1.847899317741394 -1.8909878730773926 0.00065684318542480469 1
-1.8479074239730835 -1.8919017314910889 0.0021232366561889648 1
-1.8479065895080566 -1.89060378074646 0.0021251440048217773 1
-1.8478986024856567 -1.8917158842086792 0.00070440769195556641 1
-1.8478995561599731 -1.8907942771911621 0.00070333480834960938 1
-1.8478350639343262 -1.8920202255249023 0.0018804073333740234 1
-1.8478612899780273 -1.8904788494110107 0.0018755197525024414 1
-1.8478883504867554 -1.8918367624282837 0.002234339714050293 1
-1.8478928804397583 -1.890666127204895 0.0022337436676025391 1
-1.8477698564529419 -1.8921084403991699 0.00094878673553466797 1
-1.8477787971496582 -1.8903946876525879 0.00095081329345703125 1
-1.8478907346725464 -1.8921438455581665 0.0010750293731689453 1
-1.8478710651397705 -1.8903619050979614 0.0010707378387451172 1
-1.8478868007659912 -1.8920754194259644 0.00087475776672363281 1
-1.8478868007659912 -1.890428900718689 0.00087475776672363281 1
-1.8478878736495972 -1.8916536569595337 0.00068962574005126953 1
-1.8478741645812988 -1.8908369541168213 0.000690460205078125 1
-1.8478760719299316 -1.8921576738357544 0.0012271404266357422 1
-1.8478939533233643 -1.8903464078903198 0.0012257099151611328 1
-1.8478852510452271 -1.8917955160140991 0.00071847438812255859 1
-1.8478852510452271 -1.8907088041305542 0.00071847438812255859 1
-1.8475369215011597 -1.8914191722869873 0.001934051513671875 1
-1.84755539894104 -1.8907155990600586 0.0012080669403076172 1
-1.847870945930481 -1.8917672634124756 0.0023264884948730469 1
-1.8478769063949585 -1.890724778175354 0.002315521240234375 1
-1.8478550910949707 -1.89216148853302 0.0013617277145385742 1
-1.8478584289550781 -1.8903430700302124 0.0013477802276611328 1
-1.8478741645812988 -1.8919962644577026 0.00079965591430664062 1
-1.8478741645812988 -1.8905080556869507 0.00079965591430664062 1
-1.8478908538818359 -1.8921595811843872 0.001450657844543457 1
-1.8478822708129883 -1.8903442621231079 0.0014393329620361328 1
-1.8478683233261108 -1.8918981552124023 0.00074708461761474609 1
-1.8478654623031616 -1.8906149864196777 0.00074493885040283203 1
-1.8478679656982422 -1.8917155265808105 0.0023810863494873047 1
-1.8478679656982422 -1.8907887935638428 0.0023810863494873047 1
-1.8478612899780273 -1.8916425704956055 0.0024279356002807617 1
-1.8478730916976929 -1.8908565044403076 0.0024259090423583984 1
-1.8478562831878662 -1.8916287422180176 0.00067484378814697266 1
-1.847859263420105 -1.8908777236938477 0.000675201416015625 1
-1.8478330373764038 -1.8912570476531982 0.00058841705322265625 1
-1.8478506803512573 -1.8921453952789307 0.0015550851821899414 1
-1.8478617668151855 -1.8903573751449585 0.0015512704849243164 1
-1.8477730751037598 -1.8919590711593628 0.0019792318344116211 1
-1.8477741479873657 -1.8905420303344727 0.0019739866256713867 1
-1.8478522300720215 -1.8915563821792603 0.0024541616439819336 1
-1.8478554487228394 -1.8909369707107544 0.0024511814117431641 1
-1.8478182554244995 -1.8914750814437866 0.00061261653900146484 1
-1.8478430509567261 -1.8914604187011719 0.0024654865264892578 1
-1.8478409051895142 -1.8910701274871826 0.0024660825729370117 1
-1.8477984666824341 -1.8921130895614624 0.001658320426940918 1
-1.8478388786315918 -1.8903840780258179 0.0016520023345947266 1
-1.8478195667266846 -1.8912239074707031 0.0024633407592773438 1
-1.8476678133010864 -1.8918929100036621 0.0020558834075927734 1
-1.8476523160934448 -1.890599250793457 0.002030491828918457 1
-1.8477447032928467 -1.8920727968215942 0.0017478466033935547 1
-1.8477219343185425 -1.8904342651367188 0.0017478466033935547 1
-1.8477547168731689 -1.8918331861495972 0.0021893978118896484 1
-1.8477832078933716 -1.8906605243682861 0.0021837949752807617 1
-1.8476095199584961 -1.8920168876647949 0.0018256902694702148 1
-1.8476238250732422 -1.8904910087585449 0.0018373727798461914 1
-1.847779393196106 -1.891776442527771 0.0022838115692138672 1
-1.8477725982666016 -1.8907319307327271 0.0022872686386108398 1
-1.8477538824081421 -1.8917018175125122 0.0023545026779174805 1
-1.8477644920349121 -1.8907970190048218 0.0023546218872070312 1
-1.8477550745010376 -1.8917770385742188 0.00071656703948974609 1
-1.8477550745010376 -1.8907272815704346 0.00071656703948974609 1
-1.8477498292922974 -1.8916325569152832 0.0024019479751586914 1
-1.8477498292922974 -1.8908717632293701 0.0024019479751586914 1
-1.8477673530578613 -1.8917344808578491 0.00069689750671386719 1
-1.8477821350097656 -1.8907836675643921 0.00069475173950195312 1
-1.8477605581283569 -1.8919045925140381 0.00075960159301757812 1
-1.8477456569671631 -1.8905826807022095 0.00076723098754882812 1
-1.8477491140365601 -1.8919990062713623 0.0008087158203125 1
-1.8477228879928589 -1.890505313873291 0.00080728530883789062 1
-1.8477710485458374 -1.8920613527297974 0.0008640289306640625 1
-1.8477439880371094 -1.8904396295547485 0.00086772441864013672 1
-1.847741961479187 -1.8915557861328125 0.0024257898330688477 1
-1.8477472066879272 -1.8909527063369751 0.0024285316467285156 1
-1.8477355241775513 -1.8912583589553833 0.00054705142974853516 1
-1.847761869430542 -1.8916879892349243 0.00067079067230224609 1
-1.8477392196655273 -1.8907986879348755 0.00067269802093505859 1
-1.8477377891540527 -1.892132043838501 0.0010390281677246094 1
-1.8477165699005127 -1.8903720378875732 0.0010520219802856445 1
-1.8477683067321777 -1.8913551568984985 0.00056779384613037109 1
-1.8477743864059448 -1.8911560773849487 0.00056982040405273438 1
-1.8477338552474976 -1.891453742980957 0.0024392604827880859 1
-1.8477338552474976 -1.8910505771636963 0.0024392604827880859 1
-1.8477367162704468 -1.892146110534668 0.001145482063293457 1
-1.8477315902709961 -1.8903568983078003 0.001172184944152832 1
-1.8477087020874023 -1.8914390802383423 0.00055909156799316406 1
-1.8477708101272583 -1.8910393714904785 0.00058913230895996094 1
-1.8477187156677246 -1.891268253326416 0.0024360418319702148 1
-1.8477288484573364 -1.8915451765060425 0.00059378147125244141 1
-1.8477455377578735 -1.8909456729888916 0.00060486793518066406 1
-1.8477174043655396 -1.8921520709991455 0.0013070106506347656 1
-1.8477054834365845 -1.8903529644012451 0.0013194084167480469 1
-1.8477447032928467 -1.8916414976119995 0.00063776969909667969 1
-1.8477197885513306 -1.8908606767654419 0.00062859058380126953 1
-1.8477208614349365 -1.8921499252319336 0.0014361143112182617 1
-1.8477448225021362 -1.8903526067733765 0.0014295578002929688 1
-1.8476365804672241 -1.8921283483505249 0.001528620719909668 1
-1.8476449251174927 -1.8903745412826538 0.0015256404876708984 1
-1.8476136922836304 -1.8921003341674805 0.0016328096389770508 1
-1.8476285934448242 -1.8904010057449341 0.0016301870346069336 1
-1.8476115465164185 -1.8918302059173584 0.0021278858184814453 1
-1.8476078510284424 -1.8906697034835815 0.0021189451217651367 1
-1.8476272821426392 -1.8917688131332397 0.0022176504135131836 1
-1.8476322889328003 -1.8907358646392822 0.0022208690643310547 1
-1.8476353883743286 -1.8908008337020874 0.0022929906845092773 1
-1.8476426601409912 -1.8916224241256714 0.0023578405380249023 1
-1.8476426601409912 -1.8908818960189819 0.0023578405380249023 1
-1.8476129770278931 -1.8915300369262695 0.0023756027221679688 1
-1.8476330041885376 -1.8909837007522583 0.0023871660232543945 1
-1.847590446472168 -1.8914376497268677 0.0023797750473022461 1
-1.8475658893585205 -1.8910683393478394 0.0023683309555053711 1
-1.8475494384765625 -1.8919564485549927 0.0019147396087646484 1
-1.8475515842437744 -1.8905496597290039 0.0019186735153198242 1
-1.8475854396820068 -1.8913195133209229 0.0023821592330932617 1
-1.8475857973098755 -1.8911738395690918 0.0023825168609619141 1
-1.8476132154464722 -1.8912521600723267 0.00050270557403564453 1
-1.8476094007492065 -1.8913564682006836 0.00050997734069824219 1
-1.847620964050293 -1.8911356925964355 0.00051462650299072266 1
-1.8476122617721558 -1.891829252243042 0.00072205066680908203 1
-1.8476061820983887 -1.890678882598877 0.00072002410888671875 1
-1.8476327657699585 -1.8917769193649292 0.00069367885589599609 1
-1.8476157188415527 -1.8907183408737183 0.0006961822509765625 1
-1.8476101160049438 -1.8914912939071655 0.00053477287292480469 1
-1.8476101160049438 -1.8910130262374878 0.00053477287292480469 1
-1.8476220369338989 -1.8919076919555664 0.00075399875640869141 1
-1.8476153612136841 -1.8905926942825317 0.00075519084930419922 1
-1.8476159572601318 -1.8917458057403564 0.00065946578979492188 1
-1.8476086854934692 -1.8907566070556641 0.00065827369689941406 1
-1.8476166725158691 -1.8915882110595703 0.00056791305541992188 1
-1.8475931882858276 -1.8909178972244263 0.00056123733520507812 1
-1.8476167917251587 -1.8917108774185181 0.00063025951385498047 1
-1.8476144075393677 -1.8907914161682129 0.00063049793243408203 1
-1.8475981950759888 -1.8916585445404053 0.0005931854248046875 1
-1.8476065397262573 -1.8908330202102661 0.00060057640075683594 1
-1.8475990295410156 -1.8919892311096191 0.00079226493835449219 1
-1.8475857973098755 -1.8905116319656372 0.00079298019409179688 1
-1.8476393222808838 -1.8920575380325317 0.00085389614105224609 1
-1.8476067781448364 -1.8904489278793335 0.00084972381591796875 1
-1.8475998640060425 -1.8921194076538086 0.0010213851928710938 1
-1.8476152420043945 -1.8903869390487671 0.0010056495666503906 1
-1.8475669622421265 -1.8903762102127075 0.0011060237884521484 1
-1.8473343849182129 -1.8921113014221191 0.0012439489364624023 1
-1.8475497961044312 -1.892134428024292 0.0012780427932739258 1
-1.8474898338317871 -1.8903772830963135 0.001255035400390625 1
-1.8475812673568726 -1.8921353816986084 0.0014147758483886719 1
-1.8475747108459473 -1.8903703689575195 0.0014234781265258789 1
-1.8475476503372192 -1.8916882276535034 0.0022590160369873047 1
-1.847547173500061 -1.8904480934143066 0.0017278194427490234 1
-1.8474826812744141 -1.8918933868408203 0.0019898414611816406 1
-1.8474752902984619 -1.8906059265136719 0.0019810199737548828 1
-1.8474932909011841 -1.8912521600723267 0.00047838687896728516 1
-1.8474853038787842 -1.8913819789886475 0.00048732757568359375 1
-1.8474853038787842 -1.8911223411560059 0.00048732757568359375 1
-1.8474811315536499 -1.8915133476257324 0.00051605701446533203 1
-1.8474816083908081 -1.8909791707992554 0.00051975250244140625 1
-1.8474828004837036 -1.8916076421737671 0.00054669380187988281 1
-1.847475528717041 -1.8908957242965698 0.00054752826690673828 1
-1.8474810123443604 -1.8916852474212646 0.00058305263519287109 1
-1.8474798202514648 -1.8908121585845947 0.00058686733245849609 1
-1.8474781513214111 -1.8917396068572998 0.00062286853790283203 1
-1.8474775552749634 -1.8907593488693237 0.00062882900238037109 1
-1.8474768400192261 -1.8917806148529053 0.00067269802093505859 1
-1.8474727869033813 -1.8907153606414795 0.00068271160125732422 1
-1.8474704027175903 -1.8918180465698242 0.00070750713348388672 1
-1.8474704027175903 -1.8906862735748291 0.00070750713348388672 1
-1.847480297088623 -1.8918309211730957 0.0020714998245239258 1
-1.8474819660186768 -1.8906606435775757 0.0020554065704345703 1
-1.8474670648574829 -1.8919267654418945 0.00074911117553710938 1
-1.8474670648574829 -1.8905774354934692 0.00074911117553710938 1
-1.8474545478820801 -1.8919837474822998 0.0007781982421875 1
-1.847464919090271 -1.8905162811279297 0.00078022480010986328 1
-1.8474445343017578 -1.8920392990112305 0.00082671642303466797 1
-1.8474615812301636 -1.8904627561569214 0.00082755088806152344 1
-1.847456693649292 -1.8920780420303345 0.00089859962463378906 1
-1.8474653959274292 -1.8904241323471069 0.00090420246124267578 1
-1.8474489450454712 -1.8917535543441772 0.002148747444152832 1
-1.8474677801132202 -1.8907413482666016 0.0021454095840454102 1
-1.8474390506744385 -1.8916798830032349 0.0022099018096923828 1
-1.8474698066711426 -1.8908220529556274 0.0022238492965698242 1
-1.8473557233810425 -1.8921136856079102 0.0013825893402099609 1
-1.8473514318466187 -1.8903902769088745 0.0013589859008789062 1
-1.8474410772323608 -1.8916043043136597 0.0022605657577514648 1
-1.8474284410476685 -1.8909009695053101 0.0022547245025634766 1
-1.8474260568618774 -1.8921065330505371 0.0015143156051635742 1
-1.8474260568618774 -1.8903977870941162 0.0015143156051635742 1
-1.8474204540252686 -1.8915207386016846 0.0022840499877929688 1
-1.8474204540252686 -1.8909835815429688 0.0022840499877929688 1
-1.8474016189575195 -1.8920845985412598 0.001605987548828125 1
-1.8474080562591553 -1.8904199600219727 0.0016095638275146484 1
-1.847435474395752 -1.8914096355438232 0.0023121833801269531 1
-1.8474500179290771 -1.8910906314849854 0.0023180246353149414 1
-1.8474115133285522 -1.8912893533706665 0.0023105144500732422 1
-1.8474410772323608 -1.8911831378936768 0.0023213624954223633 1
-1.8474079370498657 -1.8920449018478394 0.0017187595367431641 1
-1.8474142551422119 -1.8904589414596558 0.001719355583190918 1
-1.847426176071167 -1.8919943571090698 0.0018225908279418945 1
-1.8474240303039551 -1.8905106782913208 0.0018231868743896484 1
-1.8473746776580811 -1.8919463157653809 0.0018900632858276367 1
-1.8473893404006958 -1.8905508518218994 0.0018808841705322266 1
-1.8473725318908691 -1.8918826580047607 0.0019769668579101562 1
-1.8473633527755737 -1.8906140327453613 0.0019648075103759766 1
-1.847369909286499 -1.8914960622787476 0.00051712989807128906 1
-1.8473660945892334 -1.8910112380981445 0.00051641464233398438 1
-1.8473623991012573 -1.8913635015487671 0.00049221515655517578 1
-1.847360372543335 -1.8911386728286743 0.00049245357513427734 1
-1.8473658561706543 -1.8915849924087524 0.00054562091827392578 1
-1.8473635911941528 -1.890920877456665 0.00054514408111572266 1
-1.8473598957061768 -1.8912521600723267 0.00048387050628662109 1
-1.8473529815673828 -1.8916611671447754 0.00058126449584960938 1
-1.8473513126373291 -1.8908436298370361 0.00058162212371826172 1
-1.8473633527755737 -1.8917150497436523 0.00061893463134765625 1
-1.847355842590332 -1.8907890319824219 0.00062060356140136719 1
-1.8473414182662964 -1.8918207883834839 0.0020442008972167969 1
-1.8473658561706543 -1.890688419342041 0.0020555257797241211 1
-1.8473454713821411 -1.8917460441589355 0.00066125392913818359 1
-1.8473407030105591 -1.8907575607299805 0.00066339969635009766 1
-1.8473278284072876 -1.8917434215545654 0.0021179914474487305 1
-1.8473215103149414 -1.8907591104507446 0.0021154880523681641 1
-1.8473320007324219 -1.8917819261550903 0.00069677829742431641 1
-1.8473320007324219 -1.890722393989563 0.00069677829742431641 1
-1.8473128080368042 -1.8916749954223633 0.0021684169769287109 1
-1.8473223447799683 -1.8908374309539795 0.0021753311157226562 1
-1.847256064414978 -1.8920553922653198 0.00089001655578613281 1
-1.8473148345947266 -1.8915979862213135 0.0022140741348266602 1
-1.8473151922225952 -1.8909088373184204 0.0022156238555908203 1
-1.8472700119018555 -1.8920841217041016 0.00099813938140869141 1
-1.8472485542297363 -1.8904247283935547 0.00097918510437011719 1
-1.847125768661499 -1.8920861482620239 0.001145482063293457 1
-1.8466839790344238 -1.8908036947250366 0.0014573335647583008 1
-1.8473021984100342 -1.891513466835022 0.0022456645965576172 1
-1.8473073244094849 -1.8909904956817627 0.0022463798522949219 1
-1.8472944498062134 -1.8914382457733154 0.0022628307342529297 1
-1.847301721572876 -1.8910757303237915 0.0022661685943603516 1
-1.8472907543182373 -1.8913474082946777 0.0022749900817871094 1
-1.8472983837127686 -1.8911633491516113 0.0022767782211303711 1
-1.8472872972488403 -1.8912571668624878 0.0022785663604736328 1
-1.8472598791122437 -1.892098069190979 0.0014940500259399414 1
-1.8472714424133301 -1.8904051780700684 0.0014895200729370117 1
-1.8472179174423218 -1.8920725584030151 0.0016177892684936523 1
-1.8472017049789429 -1.8904267549514771 0.0015943050384521484 1
-1.8472772836685181 -1.8904633522033691 0.0017112493515014648 1
-1.8472521305084229 -1.8919942378997803 0.0018013715744018555 1
-1.847260594367981 -1.8905096054077148 0.0018010139465332031 1
-1.8472195863723755 -1.8919460773468018 0.0018743276596069336 1
-1.8472274541854858 -1.8905566930770874 0.0018726587295532227 1
-1.8472687005996704 -1.8915466070175171 0.0005550384521484375 1
-1.8472627401351929 -1.8909558057785034 0.00055694580078125 1
-1.8472473621368408 -1.8916027545928955 0.00058209896087646484 1
-1.847254753112793 -1.8908923864364624 0.00058400630950927734 1
-1.8472588062286377 -1.8914562463760376 0.00053298473358154297 1
-1.8472443819046021 -1.8910373449325562 0.00053834915161132812 1
-1.8472217321395874 -1.8913559913635254 0.00052690505981445312 1
-1.8472281694412231 -1.8911546468734741 0.00052416324615478516 1
-1.8472168445587158 -1.8912533521652222 0.00052142143249511719 1
-1.8472154140472412 -1.8918784856796265 0.0019632577896118164 1
-1.8472257852554321 -1.890626072883606 0.0019643306732177734 1
-1.8472375869750977 -1.8916487693786621 0.00061190128326416016 1
-1.8472366333007812 -1.8908488750457764 0.00061714649200439453 1
-1.8471970558166504 -1.8918038606643677 0.0020438432693481445 1
-1.8472145795822144 -1.8907006978988647 0.0020452737808227539 1
-1.8471903800964355 -1.8917161226272583 0.0021189451217651367 1
-1.847233772277832 -1.8907698392868042 0.0021102428436279297 1
-1.8472040891647339 -1.8916767835617065 0.00065600872039794922 1
-1.847206711769104 -1.8908257484436035 0.00065588951110839844 1
-1.8471715450286865 -1.891660213470459 0.0021576881408691406 1
-1.8471914529800415 -1.8908312320709229 0.0021505355834960938 1
-1.8471992015838623 -1.8918554782867432 0.00072228908538818359 1
-1.8472142219543457 -1.890655517578125 0.00072073936462402344 1
-1.8472005128860474 -1.8919370174407959 0.00075972080230712891 1
-1.8472210168838501 -1.8905677795410156 0.00075936317443847656 1
-1.8471837043762207 -1.891771674156189 0.00069558620452880859 1
-1.8471846580505371 -1.8907343149185181 0.00069546699523925781 1
-1.847210168838501 -1.8920072317123413 0.0008144378662109375 1
-1.847225546836853 -1.8904948234558105 0.00081515312194824219 1
-1.847196102142334 -1.8917161226272583 0.00068080425262451172 1
-1.8471903800964355 -1.8907854557037354 0.00068116188049316406 1
-1.8471977710723877 -1.8915929794311523 0.002197265625 1
-1.8471934795379639 -1.8909147977828979 0.0021984577178955078 1
-1.8472115993499756 -1.890453577041626 0.00088930130004882812 1
-1.8471715450286865 -1.8915205001831055 0.0022245645523071289 1
-1.8471832275390625 -1.891004204750061 0.0022321939468383789 1
-1.8471437692642212 -1.8914306163787842 0.0022486448287963867 1
-1.847179651260376 -1.891079306602478 0.0022515058517456055 1
-1.8471759557723999 -1.8913390636444092 0.0022636651992797852 1
-1.8471759557723999 -1.8911652565002441 0.0022636651992797852 1
-1.8471748828887939 -1.8912521600723267 0.0022675991058349609 1
-1.8471825122833252 -1.8904067277908325 0.0012426376342773438 1
-1.847089409828186 -1.8920952081680298 0.0013967752456665039 1
-1.8471559286117554 -1.8904045820236206 0.001383662223815918 1
-1.8471536636352539 -1.8915624618530273 0.00060057640075683594 1
-1.8471624851226807 -1.8909424543380737 0.00059676170349121094 1
-1.847149133682251 -1.8914673328399658 0.00057387351989746094 1
-1.8471404314041138 -1.8910648822784424 0.0005702972412109375 1
-1.8471468687057495 -1.8915945291519165 0.00062251091003417969 1
-1.8471049070358276 -1.8920358419418335 0.0017091035842895508 1
-1.8470890522003174 -1.8904696702957153 0.0017102956771850586 1
-1.8470964431762695 -1.891360878944397 0.00057566165924072266 1
-1.8470869064331055 -1.8911663293838501 0.00057685375213623047 1
-1.8471072912216187 -1.8912562131881714 0.00056362152099609375 1
-1.8470425605773926 -1.8919907808303833 0.0017920732498168945 1
-1.8470513820648193 -1.8905202150344849 0.001805424690246582 1
-1.8470268249511719 -1.8919277191162109 0.0018891096115112305 1
-1.8470126390457153 -1.8905715942382812 0.0018805265426635742 1
-1.8470268249511719 -1.8918684720993042 0.0019637346267700195 1
-1.8470510244369507 -1.8906391859054565 0.001969456672668457 1
-1.8470351696014404 -1.8917994499206543 0.0020389556884765625 1
-1.8470289707183838 -1.8907071352005005 0.0020409822463989258 1
-1.8470994234085083 -1.8915214538574219 0.00061058998107910156 1
-1.8470895290374756 -1.8909945487976074 0.00061058998107910156 1
-1.8470034599304199 -1.8917255401611328 0.0021026134490966797 1
-1.8470252752304077 -1.8907769918441772 0.0021023750305175781 1
-1.8470833301544189 -1.8918122053146362 0.00068557262420654297 1
-1.8470876216888428 -1.8906983137130737 0.00068640708923339844 1
-1.8470839262008667 -1.8919104337692261 0.00073111057281494141 1
-1.8470869064331055 -1.8906033039093018 0.00072729587554931641 1
-1.8470883369445801 -1.8915740251541138 0.000637054443359375 1
-1.8470867872238159 -1.8909313678741455 0.000637054443359375 1
-1.8469694852828979 -1.8916640281677246 0.002144932746887207 1
-1.847014307975769 -1.8908464908599854 0.0021512508392333984 1
-1.8470727205276489 -1.8917193412780762 0.00066626071929931641 1
-1.847075343132019 -1.8908076286315918 0.00066435337066650391 1
-1.8470704555511475 -1.8919928073883057 0.00079667568206787109 1
-1.8470642566680908 -1.8905141353607178 0.0007915496826171875 1
-1.8470619916915894 -1.891619086265564 0.00065374374389648438 1
-1.8470581769943237 -1.8908869028091431 0.000652313232421875 1
-1.8471043109893799 -1.8920392990112305 0.00088047981262207031 1
-1.8470600843429565 -1.8904647827148438 0.000885009765625 1
-1.8470537662506104 -1.8914929628372192 0.0022282600402832031 1
-1.8470659255981445 -1.8909989595413208 0.0022253990173339844 1
-1.8478598594665527 -1.8910591602325439 0.0015597343444824219 1
-1.8470544815063477 -1.8914368152618408 0.00060594081878662109 1
-1.8470520973205566 -1.8910943269729614 0.00060153007507324219 1
-1.8470699787139893 -1.8920643329620361 0.00098538398742675781 1
-1.8470456600189209 -1.89044189453125 0.00098454952239990234 1
-1.8470203876495361 -1.891251802444458 0.0022643804550170898 1
-1.8469607830047607 -1.8920794725418091 0.0012916326522827148 1
-1.8469767570495605 -1.8904258012771606 0.001253962516784668 1
-1.8470468521118164 -1.8915189504623413 0.00063073635101318359 1
-1.8470290899276733 -1.8910069465637207 0.00062966346740722656 1
-1.8470339775085449 -1.8920868635177612 0.0015003681182861328 1
-1.8470466136932373 -1.890416145324707 0.0014868974685668945 1
-1.8470069169998169 -1.8920648097991943 0.0016152858734130859 1
-1.8470028638839722 -1.8904359340667725 0.001601099967956543 1
-1.8470051288604736 -1.8917659521102905 0.00061523914337158203 1
-1.8470051288604736 -1.8907382488250732 0.00061523914337158203 1
-1.8469955921173096 -1.8918862342834473 0.00066077709197998047 1
-1.846993088722229 -1.8906164169311523 0.00065815448760986328 1
-1.8469784259796143 -1.8916431665420532 0.00059401988983154297 1
-1.8469753265380859 -1.8908721208572388 0.00059640407562255859 1
-1.8469725847244263 -1.8914964199066162 0.00063598155975341797 1
-1.846977710723877 -1.8910053968429565 0.00063741207122802734 1
-1.8469651937484741 -1.8917394876480103 0.00049316883087158203 1
-1.8469638824462891 -1.8907629251480103 0.00048518180847167969 1
-1.8469691276550293 -1.8914210796356201 0.00063371658325195312 1
-1.846979022026062 -1.8910748958587646 0.00063180923461914062 1
-1.8469514846801758 -1.8918608427047729 0.00051593780517578125 1
-1.8469549417495728 -1.8906440734863281 0.00052905082702636719 1
-1.8469431400299072 -1.891727089881897 0.00035870075225830078 1
-1.8469412326812744 -1.8907749652862549 0.00034105777740478516 1
-1.8470113277435303 -1.8915830850601196 0.0021921396255493164 1
-1.8469536304473877 -1.8909140825271606 0.0021859407424926758 1
-1.8469364643096924 -1.8919950723648071 0.00074565410614013672 1
-1.8469364643096924 -1.8905092477798462 0.00074565410614013672 1
-1.8469332456588745 -1.891613245010376 0.00047397613525390625 1
-1.8469356298446655 -1.8908863067626953 0.00047814846038818359 1
-1.8469310998916626 -1.8915023803710938 0.0022219419479370117 1
-1.8469125032424927 -1.8909860849380493 0.002213597297668457 1
-1.8469240665435791 -1.8918442726135254 0.00034999847412109375 1
-1.8469278812408447 -1.8906623125076294 0.00036168098449707031 1
-1.8469246625900269 -1.8920388221740723 0.00088453292846679688 1
-1.8469246625900269 -1.8904654979705811 0.00088453292846679688 1
-1.8469240665435791 -1.8914207220077515 0.0022443532943725586 1
-1.8469240665435791 -1.8910835981369019 0.0022443532943725586 1
-1.8469229936599731 -1.8913086652755737 0.00064063072204589844 1
-1.846926212310791 -1.8911491632461548 0.00064194202423095703 1
-1.8469196557998657 -1.8913369178771973 0.0022577047348022461 1
-1.8469196557998657 -1.8911674022674561 0.0022577047348022461 1
-1.8468872308731079 -1.8912503719329834 0.0022591352462768555 1
-1.8468989133834839 -1.8920551538467407 0.00099146366119384766 1
-1.8469222784042358 -1.8904461860656738 0.0010184049606323242 1
-1.8469090461730957 -1.8916083574295044 0.00034224987030029297 1
-1.8469077348709106 -1.8908959627151489 0.00033485889434814453 1
-1.846912145614624 -1.8917235136032104 0.00021064281463623047 1
-1.8469099998474121 -1.8907843828201294 0.00020456314086914062 1
-1.8469135761260986 -1.8920639753341675 0.0011245012283325195 1
-1.8468925952911377 -1.8904423713684082 0.0011270046234130859 1
-1.8469035625457764 -1.8914908170700073 0.00061404705047607422 1
-1.8469035625457764 -1.8910133838653564 0.00061404705047607422 1
-1.8469021320343018 -1.8914140462875366 0.00064814090728759766 1
-1.8469001054763794 -1.8910870552062988 0.00064826011657714844 1
-1.8468955755233765 -1.8918271064758301 0.00022220611572265625 1
-1.846895694732666 -1.8906772136688232 0.00022256374359130859 1
-1.8469133377075195 -1.8920794725418091 0.0013949871063232422 1
-1.8469163179397583 -1.8904250860214233 0.0013859272003173828 1
-1.8468899726867676 -1.8919663429260254 0.000560760498046875 1
-1.8468899726867676 -1.8905378580093384 0.000560760498046875 1
-1.8468844890594482 -1.8920744657516479 0.0014870166778564453 1
-1.8468865156173706 -1.8904294967651367 0.0014834403991699219 1
-1.8468821048736572 -1.8920583724975586 0.0016040802001953125 1
-1.8468821048736572 -1.8904459476470947 0.0016040802001953125 1
-1.8468794822692871 -1.8916167020797729 0.00020611286163330078 1
-1.8468823432922363 -1.890878438949585 0.00020134449005126953 1
-1.8468790054321289 -1.8920233249664307 0.0017049312591552734 1
-1.846900463104248 -1.8904829025268555 0.0017124414443969727 1
-1.8468760251998901 -1.8919750452041626 0.0017987489700317383 1
-1.8468747138977051 -1.8905307054519653 0.0018012523651123047 1
-1.8468613624572754 -1.89191734790802 0.0018831491470336914 1
-1.8468819856643677 -1.8905868530273438 0.001887202262878418 1
-1.8468626737594604 -1.8919476270675659 0.00039136409759521484 1
-1.8468643426895142 -1.8905572891235352 0.000392913818359375 1
-1.8468823432922363 -1.8918584585189819 0.0019613504409790039 1
-1.8468772172927856 -1.890648365020752 0.0019640922546386719 1
-1.8468552827835083 -1.8913408517837524 0.00066602230072021484 1
-1.8468414545059204 -1.8911652565002441 0.00067090988159179688 1
-1.8468573093414307 -1.891502857208252 0.00047481060028076172 1
-1.8468626737594604 -1.890998363494873 0.00048494338989257812 1
-1.8468533754348755 -1.8917852640151978 0.0020376443862915039 1
-1.8468532562255859 -1.8907276391983032 0.0020450353622436523 1
-1.8468486070632935 -1.891720175743103 8.678436279296875e-05 1
-1.8468484878540039 -1.8907845020294189 8.6903572082519531e-05 1
-1.8468514680862427 -1.8917129039764404 0.0020999908447265625 1
-1.8468412160873413 -1.8907854557037354 0.0020948648452758789 1
-1.8468382358551025 -1.8919168710708618 0.00024461746215820312 1
-1.8468382358551025 -1.890587329864502 0.00024461746215820312 1
-1.8468362092971802 -1.8915104866027832 0.00034570693969726562 1
-1.8468366861343384 -1.8909914493560791 0.00033259391784667969 1
-1.8468366861343384 -1.8918173313140869 0.0001125335693359375 1
-1.8468365669250488 -1.8906859159469604 0.00011277198791503906 1
-1.8468282222747803 -1.891649603843689 0.0021423101425170898 1
-1.8468390703201294 -1.8908456563949585 0.0021370649337768555 1
-1.8468259572982788 -1.8914046287536621 0.00066149234771728516 1
-1.846825122833252 -1.8911013603210449 0.00066268444061279297 1
-1.8468241691589355 -1.8916233777999878 9.8586082458496094e-05 1
-1.8468241691589355 -1.8908809423446655 9.8586082458496094e-05 1
-1.8468160629272461 -1.8915770053863525 0.0021806955337524414 1
-1.8468117713928223 -1.8909093141555786 0.002169489860534668 1
-1.846814751625061 -1.8915300369262695 0.00022161006927490234 1
-1.8468122482299805 -1.8909722566604614 0.00020909309387207031 1
-1.8468210697174072 -1.8915053606033325 0.0022099018096923828 1
-1.8468009233474731 -1.8909957408905029 0.0022057294845581055 1
-1.8468011617660522 -1.8918921947479248 0.00016200542449951172 1
-1.846804141998291 -1.8906171321868896 0.00015616416931152344 1
-1.8468034267425537 -1.8914237022399902 0.002231597900390625 1
-1.8467870950698853 -1.8910784721374512 0.0022275447845458984 1
-1.8467975854873657 -1.89133620262146 0.002245783805847168 1
-1.8467984199523926 -1.8911681175231934 0.0022459030151367188 1
-1.846778392791748 -1.8912521600723267 0.0022463798522949219 1
-1.8467849493026733 -1.8915557861328125 0.00013601779937744141 1
-1.8467861413955688 -1.8909430503845215 0.00013017654418945312 1
-1.8467882871627808 -1.8913404941558838 0.00068926811218261719 1
-1.8467881679534912 -1.8911640644073486 0.00068950653076171875 1
-1.8467793464660645 -1.892048716545105 0.00087833404541015625 1
-1.8467811346054077 -1.8904560804367065 0.00087046623229980469 1
-1.8467793464660645 -1.8920416831970215 0.00075650215148925781 1
-1.8467793464660645 -1.8904626369476318 0.00075650215148925781 1
-1.8467558622360229 -1.8920528888702393 0.00098943710327148438 1
-1.8467727899551392 -1.8904520273208618 0.00098621845245361328 1
-1.8467494249343872 -1.8920485973358154 0.0010927915573120117 1
-1.8467659950256348 -1.8904541730880737 0.0010911226272583008 1
-1.8467700481414795 -1.8920302391052246 0.00057804584503173828 1
-1.8467702865600586 -1.8904736042022705 0.00058209896087646484 1
-1.8467918634414673 -1.8920530080795288 0.0012302398681640625 1
-1.8467978239059448 -1.8904504776000977 0.001225590705871582 1
-1.8467562198638916 -1.8920531272888184 0.0013624429702758789 1
-1.8467698097229004 -1.8904480934143066 0.0013669729232788086 1
-1.8467153310775757 -1.8912297487258911 0.00072526931762695312 1
-1.8467812538146973 -1.8920578956604004 0.001495361328125 1
-1.8467687368392944 -1.8904480934143066 0.0014798641204833984 1
-1.8467694520950317 -1.8920396566390991 0.001605987548828125 1
-1.8467618227005005 -1.8904637098312378 0.0015989542007446289 1
-1.8467715978622437 -1.8920056819915771 0.0017046928405761719 1
-1.8467583656311035 -1.8904982805252075 0.0016999244689941406 1
-1.8467581272125244 -1.8919578790664673 0.0017938613891601562 1
-1.8467671871185303 -1.8905544281005859 0.0018085241317749023 1
-1.846752405166626 -1.8918992280960083 0.0018804073333740234 1
-1.8467596769332886 -1.8905943632125854 0.0018669366836547852 1
-1.8467553853988647 -1.8920108079910278 0.00040113925933837891 1
-1.8467568159103394 -1.8904916048049927 0.00041830539703369141 1
-1.8467804193496704 -1.8918356895446777 0.0019662380218505859 1
-1.8467588424682617 -1.8906581401824951 0.0019485950469970703 1
-1.8467525243759155 -1.8917770385742188 0.0020221471786499023 1
-1.8467488288879395 -1.8907443284988403 0.0020368099212646484 1
-1.8467371463775635 -1.8919768333435059 0.000244140625 1
-1.8467371463775635 -1.8905273675918579 0.000244140625 1
-1.8467347621917725 -1.8917124271392822 2.0146369934082031e-05 1
-1.8467355966567993 -1.890785813331604 1.9073486328125e-05 1
-1.8467327356338501 -1.8910681009292603 0.00046563148498535156 1
-1.8467340469360352 -1.8914165496826172 0.00061678886413574219 1
-1.8467340469360352 -1.8910877704620361 0.00061678886413574219 1
-1.8467315435409546 -1.8918266296386719 4.7326087951660156e-05 1
-1.8467315435409546 -1.8906775712966919 4.7326087951660156e-05 1
-1.8467460870742798 -1.8917050361633301 0.0020834207534790039 1
-1.8467444181442261 -1.8908045291900635 0.0020868778228759766 1
-1.8467258214950562 -1.8919186592102051 0.00012254714965820312 1
-1.8467258214950562 -1.8905856609344482 0.00012254714965820312 1
-1.8467187881469727 -1.8914492130279541 0.00033199787139892578 1
-1.8467233180999756 -1.8910568952560425 0.000347137451171875 1
-1.8467197418212891 -1.8916118144989014 3.7789344787597656e-05 1
-1.8467197418212891 -1.8908923864364624 3.7789344787597656e-05 1
-1.8467228412628174 -1.8916469812393188 0.0021187067031860352 1
-1.846738338470459 -1.8908593654632568 0.0021238327026367188 1
-1.846713662147522 -1.8913818597793579 0.00068783760070800781 1
-1.8467197418212891 -1.8911222219467163 0.00068819522857666016 1
-1.8467080593109131 -1.8914756774902344 0.00020384788513183594 1
-1.8467087745666504 -1.8910303115844727 0.00020778179168701172 1
-1.8467038869857788 -1.8915244340896606 0.00010144710540771484 1
-1.8467017412185669 -1.8909801244735718 0.00010132789611816406 1
-1.8466986417770386 -1.8915727138519287 0.0021535158157348633 1
-1.8467113971710205 -1.8909198045730591 0.002150416374206543 1
-1.8466771841049194 -1.8915057182312012 0.0021736621856689453 1
-1.8466867208480835 -1.8909997940063477 0.0021780729293823242 1
-1.8466874361038208 -1.8913348913192749 0.00072765350341796875 1
-1.8466962575912476 -1.8911739587783813 0.00072491168975830078 1
-1.8466800451278687 -1.8914194107055664 0.0022014379501342773 1
-1.8466814756393433 -1.8910939693450928 0.0022035837173461914 1
-1.8466641902923584 -1.8913360834121704 0.0022103786468505859 1
-1.8466706275939941 -1.8911701440811157 0.0022132396697998047 1
-1.8466697931289673 -1.8912521600723267 0.0022178888320922852 1
-1.8466613292694092 -1.8912763595581055 0.00074946880340576172 1
-1.8466575145721436 -1.8918792009353638 0.0018696784973144531 1
-1.8466641902923584 -1.8906282186508179 0.0018761157989501953 1
-1.8466740846633911 -1.8918312788009644 0.0019357204437255859 1
-1.846671462059021 -1.8906913995742798 0.0019553899765014648 1
-1.8466668128967285 -1.8919286727905273 0.0017987489700317383 1
-1.8466588258743286 -1.8905750513076782 0.0017945766448974609 1
-1.8466461896896362 -1.8919755220413208 0.0016993284225463867 1
-1.8466401100158691 -1.8905283212661743 0.0016937255859375 1
-1.8466436862945557 -1.8920230865478516 0.001206517219543457 1
-1.8466436862945557 -1.8904812335968018 0.001206517219543457 1
-1.8466483354568481 -1.8920084238052368 0.0016076564788818359 1
-1.8466507196426392 -1.8904945850372314 0.0016057491302490234 1
-1.8466365337371826 -1.8920302391052246 0.0011137723922729492 1
-1.8466507196426392 -1.8904715776443481 0.0011138916015625 1
-1.8466341495513916 -1.8904824256896973 0.0013854503631591797 1
-1.8466418981552124 -1.8920233249664307 0.0015003681182861328 1
-1.846655011177063 -1.8904775381088257 0.0014990568161010742 1
-1.8466418981552124 -1.8920435905456543 0.0010154247283935547 1
-1.8466453552246094 -1.8904600143432617 0.001009821891784668 1
-1.8466482162475586 -1.8917547464370728 0.0020060539245605469 1
-1.8466395139694214 -1.8907403945922852 0.0019948482513427734 1
-1.8466365337371826 -1.8920537233352661 0.00089979171752929688 1
-1.8466367721557617 -1.8904509544372559 0.00090742111206054688 1
-1.8466384410858154 -1.892058253288269 0.00075674057006835938 1
-1.846632719039917 -1.8904454708099365 0.0007534027099609375 1
-1.8466198444366455 -1.8920553922653198 0.00057923793792724609 1
-1.8466343879699707 -1.8904482126235962 0.00060248374938964844 1
-1.8466382026672363 -1.8916984796524048 0.0020502805709838867 1
-1.8466414213180542 -1.8908101320266724 0.0020545721054077148 1
-1.8466188907623291 -1.8920408487319946 0.00041055679321289062 1
-1.8466191291809082 -1.8904629945755005 0.000415802001953125 1
-1.8466137647628784 -1.8920035362243652 0.00024247169494628906 1
-1.8466137647628784 -1.8905007839202881 0.00024247169494628906 1
-1.8466092348098755 -1.8919379711151123 0.00010919570922851562 1
-1.8466092348098755 -1.890566349029541 0.00010919570922851562 1
-1.8466060161590576 -1.8916374444961548 0.002080082893371582 1
-1.8466196060180664 -1.8908616304397583 0.0020819902420043945 1
-1.8466033935546875 -1.8918365240097046 2.8491020202636719e-05 1
-1.8466076850891113 -1.8906681537628174 2.9206275939941406e-05 1
-1.8465971946716309 -1.8917148113250732 3.5762786865234375e-07 1
-1.8465956449508667 -1.8907861709594727 0 1
-1.8465875387191772 -1.8914053440093994 0.00053119659423828125 1
-1.8465923070907593 -1.8916034698486328 2.1576881408691406e-05 1
-1.8465921878814697 -1.890906810760498 2.47955322265625e-05 1
-1.8466019630432129 -1.891390323638916 0.00065886974334716797 1
-1.8466001749038696 -1.8911105394363403 0.0006465911865234375 1
-1.8465876579284668 -1.8914196491241455 0.00037443637847900391 1
-1.8465925455093384 -1.8910850286483765 0.00037920475006103516 1
-1.846592903137207 -1.8915750980377197 0.0021089315414428711 1
-1.8465901613235474 -1.890920877456665 0.0021026134490966797 1
-1.8465889692306519 -1.8915057182312012 9.34600830078125e-05 1
-1.8465889692306519 -1.8909984827041626 9.34600830078125e-05 1
-1.8465826511383057 -1.8914511203765869 0.00021278858184814453 1
-1.8465871810913086 -1.8910516500473022 0.00020718574523925781 1
-1.8465824127197266 -1.8913635015487671 0.00073695182800292969 1
-1.8465824127197266 -1.8911408185958862 0.00073695182800292969 1
-1.8465838432312012 -1.8914850950241089 0.0021420717239379883 1
-1.8465774059295654 -1.8910150527954102 0.0021380186080932617 1
-1.8465479612350464 -1.8913294076919556 0.00079143047332763672 1
-1.8465909957885742 -1.891175389289856 0.00077092647552490234 1
-1.8465719223022461 -1.8918130397796631 0.0019049644470214844 1
-1.8465821743011475 -1.8906903266906738 0.0019094944000244141 1
-1.8465534448623657 -1.8914110660552979 0.0021479129791259766 1
-1.8465522527694702 -1.8910865783691406 0.0021457672119140625 1
-1.8465762138366699 -1.8918693065643311 0.001833796501159668 1
-1.8465801477432251 -1.8906393051147461 0.0018428564071655273 1
-1.8465518951416016 -1.891284704208374 0.00080478191375732422 1
-1.8465620279312134 -1.8912140130996704 0.00079858303070068359 1
-1.8465570211410522 -1.8913345336914062 0.0021647214889526367 1
-1.8465458154678345 -1.8911641836166382 0.0021568536758422852 1
-1.8465569019317627 -1.8912521600723267 0.0021698474884033203 1
-1.846549391746521 -1.8917465209960938 0.0019611120223999023 1
-1.8465601205825806 -1.8907573223114014 0.001967310905456543 1
-1.8465621471405029 -1.8919042348861694 0.0017701387405395508 1
-1.8465405702590942 -1.8906158208847046 0.0017769336700439453 1
-1.8465338945388794 -1.8919341564178467 0.0016838312149047852 1
-1.8465428352355957 -1.8905689716339111 0.0016936063766479492 1
-1.8465241193771362 -1.8919590711593628 0.0015987157821655273 1
-1.8465262651443481 -1.8905439376831055 0.0015987157821655273 1
-1.8465332984924316 -1.8919786214828491 0.0015041828155517578 1
-1.8465332984924316 -1.8905256986618042 0.0015041828155517578 1
-1.8465449810028076 -1.8916890621185303 0.002007603645324707 1
-1.8465456962585449 -1.8908126354217529 0.0020060539245605469 1
-1.8465403318405151 -1.8919844627380371 0.0013447999954223633 1
-1.8465304374694824 -1.8905237913131714 0.0013434886932373047 1
-1.8465191125869751 -1.8919804096221924 0.0012122392654418945 1
-1.8465282917022705 -1.8905194997787476 0.0012160539627075195 1
-1.846526026725769 -1.8919998407363892 0.0011200904846191406 1
-1.8465237617492676 -1.890506386756897 0.0011265277862548828 1
-1.8465211391448975 -1.8920167684555054 0.0010287761688232422 1
-1.8465195894241333 -1.8904848098754883 0.001010894775390625 1
-1.8464815616607666 -1.8917585611343384 0.0018954277038574219 1
-1.8464850187301636 -1.8907521963119507 0.0019071102142333984 1
-1.846494197845459 -1.8916323184967041 0.0020145177841186523 1
-1.8465018272399902 -1.8908690214157104 0.0020185708999633789 1
-1.8465074300765991 -1.892032265663147 0.00091683864593505859 1
-1.8465014696121216 -1.8904721736907959 0.00089335441589355469 1
-1.8464983701705933 -1.8920438289642334 0.00078272819519042969 1
-1.8464983701705933 -1.8904604911804199 0.00078272819519042969 1
-1.8464878797531128 -1.8915506601333618 0.0020582675933837891 1
-1.84648597240448 -1.8909426927566528 0.0020517110824584961 1
-1.8464962244033813 -1.8918179273605347 0.0018407106399536133 1
-1.8464864492416382 -1.8907022476196289 0.0018503665924072266 1
-1.8464916944503784 -1.8919295072555542 0.00013446807861328125 1
-1.8464916944503784 -1.8905748128890991 0.00013446807861328125 1
-1.8464870452880859 -1.8919950723648071 0.00026953220367431641 1
-1.8464968204498291 -1.8905096054077148 0.00025963783264160156 1
-1.8464878797531128 -1.8920453786849976 0.00060677528381347656 1
-1.8464878797531128 -1.8904588222503662 0.00060677528381347656 1
-1.8464771509170532 -1.8920274972915649 0.00042045116424560547 1
-1.8464828729629517 -1.8904730081558228 0.00042784214019775391 1
-1.8464652299880981 -1.8914798498153687 0.0020720958709716797 1
-1.8464680910110474 -1.891019344329834 0.0020725727081298828 1
-1.8464761972427368 -1.8915178775787354 0.00012338161468505859 1
-1.8464818000793457 -1.890987753868103 0.00012326240539550781 1
-1.846471905708313 -1.8918322324752808 6.0558319091796875e-05 1
-1.8464746475219727 -1.8906691074371338 6.1273574829101562e-05 1
-1.846470832824707 -1.8914633989334106 0.00023996829986572266 1
-1.8464723825454712 -1.8910421133041382 0.00024509429931640625 1
-1.8464747667312622 -1.8918530941009521 0.0017677545547485352 1
-1.8464549779891968 -1.89066481590271 0.0017632246017456055 1
-1.8464665412902832 -1.8916090726852417 5.340576171875e-05 1
-1.8464665412902832 -1.8908952474594116 5.340576171875e-05 1
-1.846457839012146 -1.8914083242416382 0.0020897388458251953 1
-1.8464522361755371 -1.8910999298095703 0.0020859241485595703 1
-1.8464460372924805 -1.8913333415985107 0.00085270404815673828 1
-1.8464535474777222 -1.8911678791046143 0.00084328651428222656 1
-1.8464620113372803 -1.8913713693618774 0.00079429149627685547 1
-1.8464591503143311 -1.8911324739456177 0.00079834461212158203 1
-1.846462607383728 -1.8914351463317871 0.00038564205169677734 1
-1.846461296081543 -1.8910701274871826 0.00039124488830566406 1
-1.8464598655700684 -1.8914012908935547 0.00071656703948974609 1
-1.8464598655700684 -1.8911018371582031 0.00070619583129882812 1
-1.8464598655700684 -1.8917196989059448 3.1352043151855469e-05 1
-1.8464598655700684 -1.8907846212387085 3.1352043151855469e-05 1
-1.8464596271514893 -1.8912783861160278 0.00085997581481933594 1
-1.8464436531066895 -1.8912205696105957 0.00087177753448486328 1
-1.8464574813842773 -1.8914214372634888 0.00054168701171875 1
-1.8464641571044922 -1.8910878896713257 0.000576019287109375 1
-1.8464580774307251 -1.8913332223892212 0.0021053552627563477 1
-1.8464486598968506 -1.8911744356155396 0.0020979642868041992 1
-1.8464449644088745 -1.8912507295608521 0.0021004676818847656 1
-1.8464652299880981 -1.8918883800506592 0.0016915798187255859 1
-1.8464488983154297 -1.8906203508377075 0.0016750097274780273 1
-1.8464454412460327 -1.8916943073272705 0.0019249916076660156 1
-1.8464490175247192 -1.8908134698867798 0.0019323825836181641 1
-1.8464429378509521 -1.8919073343276978 0.001603245735168457 1
-1.8464460372924805 -1.8905931711196899 0.0015959739685058594 1
-1.8464314937591553 -1.8919118642807007 0.0015064477920532227 1
-1.8464328050613403 -1.8905911445617676 0.0015058517456054688 1
-1.8464326858520508 -1.8917524814605713 0.0018523931503295898 1
-1.846422553062439 -1.8907668590545654 0.0018564462661743164 1
-1.8464409112930298 -1.8919239044189453 0.0013890266418457031 1
-1.8464425802230835 -1.8905788660049438 0.0013794898986816406 1
-1.8464380502700806 -1.8919315338134766 0.0012447834014892578 1
-1.8464293479919434 -1.8905763626098633 0.0012271404266357422 1
-1.8464169502258301 -1.8916096687316895 0.0019636154174804688 1
-1.8464231491088867 -1.8908891677856445 0.0019669532775878906 1
-1.8464291095733643 -1.89194655418396 0.001132965087890625 1
-1.8486824035644531 -1.8910833597183228 0.0026190280914306641 1
-1.8464158773422241 -1.8919607400894165 0.0010429620742797852 1
-1.8464158773422241 -1.8905434608459473 0.0010429620742797852 1
-1.8464158773422241 -1.8919048309326172 0.00017535686492919922 1
-1.8464117050170898 -1.8905997276306152 0.00017857551574707031 1
-1.8464052677154541 -1.8915293216705322 0.0020008087158203125 1
-1.8464102745056152 -1.8909564018249512 0.0019960403442382812 1
-1.8464046716690063 -1.8919773101806641 0.00093209743499755859 1
-1.8464013338088989 -1.8905314207077026 0.00093007087707519531 1
-1.8464051485061646 -1.8915504217147827 0.00016343593597412109 1
-1.8463954925537109 -1.8909547328948975 0.00017809867858886719 1
-1.8464022874832153 -1.891776442527771 0.0017832517623901367 1
-1.8464013338088989 -1.8907302618026733 0.0017851591110229492 1
-1.8463926315307617 -1.8914645910263062 0.0020178556442260742 1
-1.8463993072509766 -1.8910278081893921 0.0020194053649902344 1
-1.8463912010192871 -1.8919880390167236 0.00079345703125 1
-1.8463912010192871 -1.8905162811279297 0.00079345703125 1
-1.8463912010192871 -1.8917003870010376 0.0018579959869384766 1
-1.8463822603225708 -1.89080810546875 0.0018506050109863281 1
-1.8463834524154663 -1.8919435739517212 0.0002765655517578125 1
-1.8463834524154663 -1.8905607461929321 0.0002765655517578125 1
-1.8463834524154663 -1.8913952112197876 0.0020319223403930664 1
-1.8463797569274902 -1.891093373298645 0.0020254850387573242 1
-1.8463865518569946 -1.8918206691741943 0.0016884803771972656 1
-1.84638512134552 -1.8906867504119873 0.0016925334930419922 1
-1.8463753461837769 -1.8919891119003296 0.00061595439910888672 1
-1.8463753461837769 -1.8905152082443237 0.00061595439910888672 1
-1.8463728427886963 -1.8915172815322876 0.00026452541351318359 1
-1.8463715314865112 -1.8909887075424194 0.00027585029602050781 1
-1.8463715314865112 -1.8918305635452271 0.0001373291015625 1
-1.8463702201843262 -1.890680193901062 0.00013601779937744141 1
-1.8463783264160156 -1.8913285732269287 0.0020411014556884766 1
-1.846375584602356 -1.891167163848877 0.0020376443862915039 1
-1.8463689088821411 -1.8919757604598999 0.00043272972106933594 1
-1.8463689088821411 -1.8905285596847534 0.00043272972106933594 1
-1.8463773727416992 -1.8912534713745117 0.002045750617980957 1
-1.8463807106018066 -1.8912817239761353 0.00092029571533203125 1
-1.8463671207427979 -1.8912255764007568 0.0009307861328125 1
-1.8463739156723022 -1.8913357257843018 0.00091111660003662109 1
-1.8463735580444336 -1.8911697864532471 0.00091195106506347656 1
-1.8463757038116455 -1.8918423652648926 0.001610875129699707 1
-1.846377968788147 -1.8906604051589966 0.0016123056411743164 1
-1.8463653326034546 -1.8916182518005371 0.00013315677642822266 1
-1.8463653326034546 -1.8908860683441162 0.00013315677642822266 1
-1.846361517906189 -1.8913877010345459 0.00088417530059814453 1
-1.846361517906189 -1.8911166191101074 0.00088417530059814453 1
-1.8463753461837769 -1.891637921333313 0.0018939971923828125 1
-1.8463622331619263 -1.8908779621124268 0.0018889904022216797 1
-1.8463560342788696 -1.8918368816375732 0.0015263557434082031 1
-1.8463560342788696 -1.8906674385070801 0.0015263557434082031 1
-1.8463555574417114 -1.891493558883667 0.00041830539703369141 1
-1.8463554382324219 -1.8910114765167236 0.00042879581451416016 1
-1.8463517427444458 -1.8914774656295776 0.00062918663024902344 1
-1.8463526964187622 -1.8910243511199951 0.00060606002807617188 1
-1.8463567495346069 -1.8918513059616089 0.0012519359588623047 1
-1.8463509082794189 -1.8906598091125488 0.0012580156326293945 1
-1.8463547229766846 -1.8918642997741699 0.0011450052261352539 1
-1.8463504314422607 -1.8906453847885132 0.0011477470397949219 1
-1.8463560342788696 -1.8918412923812866 0.0014044046401977539 1
-1.8463480472564697 -1.8906708955764771 0.0013772249221801758 1
-1.8463495969772339 -1.8917235136032104 0.00011575222015380859 1
-1.8463495969772339 -1.8907808065414429 0.00011575222015380859 1
-1.8463455438613892 -1.8918706178665161 0.0010515451431274414 1
-1.8463455438613892 -1.8906337022781372 0.0010515451431274414 1
-1.8463431596755981 -1.8914581537246704 0.00081193447113037109 1
-1.8463431596755981 -1.8910461664199829 0.00081193447113037109 1
-1.8463561534881592 -1.8915590047836304 0.0019285678863525391 1
-1.846354603767395 -1.8909423351287842 0.0019247531890869141 1
-1.8463370800018311 -1.8918793201446533 0.00094306468963623047 1
-1.8463391065597534 -1.8906204700469971 0.00093495845794677734 1
-1.846332311630249 -1.8916968107223511 0.0017783641815185547 1
-1.8463262319564819 -1.890813946723938 0.0017756223678588867 1
-1.84632408618927 -1.8918840885162354 0.00079977512359619141 1
-1.8463242053985596 -1.8906179666519165 0.00078547000885009766 1
-1.8463163375854492 -1.8914819955825806 0.0019235610961914062 1
-1.8463329076766968 -1.8910249471664429 0.0019458532333374023 1
-1.8463171720504761 -1.891848087310791 0.00026726722717285156 1
-1.8463171720504761 -1.8906562328338623 0.00026726722717285156 1
-1.8463257551193237 -1.8917452096939087 0.0016980171203613281 1
-1.8463214635848999 -1.8907681703567505 0.0017038583755493164 1
-1.8463153839111328 -1.8916079998016357 0.00026202201843261719 1
-1.8463122844696045 -1.8908911943435669 0.00026178359985351562 1
-1.8463003635406494 -1.8914099931716919 0.001934051513671875 1
-1.8463040590286255 -1.8911010026931763 0.0019420385360717773 1
-1.8463068008422852 -1.8918814659118652 0.00062084197998046875 1
-1.8463068008422852 -1.8906228542327881 0.00062084197998046875 1
-1.8463106155395508 -1.8917661905288696 0.0016082525253295898 1
-1.8463050127029419 -1.8907470703125 0.001620173454284668 1
-1.8463265895843506 -1.891643762588501 0.0018194913864135742 1
-1.846307635307312 -1.8908771276473999 0.0018076896667480469 1
-1.8463007211685181 -1.8917587995529175 0.0010581016540527344 1
-1.8463007211685181 -1.8907455205917358 0.0010581016540527344 1
-1.8462979793548584 -1.8913296461105347 0.0019543170928955078 1
-1.8462890386581421 -1.8911712169647217 0.0019410848617553711 1
-1.846301794052124 -1.8917595148086548 0.00095224380493164062 1
-1.8463002443313599 -1.8907485008239746 0.00095641613006591797 1
-1.8463032245635986 -1.8918753862380981 0.00043320655822753906 1
-1.8462996482849121 -1.890634298324585 0.00043320655822753906 1
-1.8462990522384644 -1.8916040658950806 0.0008068084716796875 1
-1.8462990522384644 -1.8909002542495728 0.0008068084716796875 1
-1.8462984561920166 -1.8917579650878906 0.0011560916900634766 1
-1.8462966680526733 -1.8907536268234253 0.0011526346206665039 1
-1.8462973833084106 -1.8913260698318481 0.0010037422180175781 1
-1.8463053703308105 -1.8911492824554443 0.00098812580108642578 1
-1.8462913036346436 -1.8912209272384644 0.0010178089141845703 1
-1.8462873697280884 -1.8912577629089355 0.0019468069076538086 1
-1.8462980985641479 -1.8914022445678711 0.00098097324371337891 1
-1.8462975025177002 -1.891081690788269 0.00097453594207763672 1
-1.8462933301925659 -1.8916072845458984 0.00061118602752685547 1
-1.8462945222854614 -1.8909046649932861 0.00062143802642822266 1
-1.8462941646575928 -1.8917499780654907 0.00080358982086181641 1
-1.8462954759597778 -1.8907490968704224 0.00080525875091552734 1
-1.8462939262390137 -1.8917533159255981 0.0012502670288085938 1
-1.8462883234024048 -1.8907620906829834 0.0012834072113037109 1
-1.8462963104248047 -1.8914953470230103 0.00095236301422119141 1
-1.8462933301925659 -1.8910055160522461 0.00095927715301513672 1
-1.8462932109832764 -1.891603946685791 0.00043249130249023438 1
-1.8462936878204346 -1.8909015655517578 0.00045144557952880859 1
-1.8463007211685181 -1.8917652368545532 0.0015263557434082031 1
-1.8462986946105957 -1.8907419443130493 0.0015285015106201172 1
-1.8462948799133301 -1.8917263746261597 0.00025153160095214844 1
-1.8462926149368286 -1.8907740116119385 0.00025498867034912109 1
-1.8462905883789062 -1.8916312456130981 0.00093495845794677734 1
-1.8462917804718018 -1.8908560276031494 0.00093543529510498047 1
-1.8462833166122437 -1.8917403221130371 0.0014227628707885742 1
-1.846288800239563 -1.8907562494277954 0.0014308691024780273 1
-1.8462988138198853 -1.8915570974349976 0.0018495321273803711 1
-1.8462907075881958 -1.8909602165222168 0.001847386360168457 1
-1.8462815284729004 -1.8917371034622192 0.00063538551330566406 1
-1.8462834358215332 -1.8907535076141357 0.00064897537231445312 1
-1.8462774753570557 -1.8916469812393188 0.0010557174682617188 1
-1.8462811708450317 -1.8908390998840332 0.0010586977005004883 1
-1.8462746143341064 -1.8917378187179565 0.00043010711669921875 1
-1.8462755680084229 -1.8907620906829834 0.00044023990631103516 1
-1.8462687730789185 -1.8916789293289185 0.0016798973083496094 1
-1.8462626934051514 -1.8908429145812988 0.0016887187957763672 1
-1.8462704420089722 -1.891624927520752 0.0017455816268920898 1
-1.8462464809417725 -1.8909142017364502 0.0017355680465698242 1
-1.8462340831756592 -1.891472339630127 0.0018029212951660156 1
-1.846246600151062 -1.8910384178161621 0.0018280744552612305 1
-1.8462692499160767 -1.8916648626327515 0.0011543035507202148 1
-1.8462580442428589 -1.8908576965332031 0.0011961460113525391 1
-1.8462669849395752 -1.8915508985519409 0.0010581016540527344 1
-1.8462671041488647 -1.8909531831741333 0.0010573863983154297 1
-1.8462748527526855 -1.8917067050933838 0.0016400814056396484 1
-1.8462671041488647 -1.8908108472824097 0.0016455650329589844 1
-1.8462532758712769 -1.8914481401443481 0.0010821819305419922 1
-1.8462678194046021 -1.8910363912582397 0.001038670539855957 1
-1.846253514289856 -1.8916563987731934 0.001255035400390625 1
-1.8462460041046143 -1.890845775604248 0.0013593435287475586 1
-1.846213698387146 -1.8913959264755249 0.0018112659454345703 1
-1.8462172746658325 -1.891103982925415 0.0018148422241210938 1
-1.8462613821029663 -1.8917022943496704 0.0015815496444702148 1
-1.8462637662887573 -1.8907996416091919 0.0015883445739746094 1
-1.8462409973144531 -1.8913366794586182 0.0011037588119506836 1
-1.846247673034668 -1.8911465406417847 0.0010883808135986328 1
-1.849767804145813 -1.8910583257675171 0.0023480653762817383 1
-1.8462090492248535 -1.8913241624832153 0.0018277168273925781 1
-1.8462065458297729 -1.8911833763122559 0.0018246173858642578 1
-1.8462411165237427 -1.8915669918060303 0.0011895895004272461 1
-1.846245288848877 -1.8909417390823364 0.0011565685272216797 1
-1.8462193012237549 -1.8916223049163818 0.0016195774078369141 1
-1.846218466758728 -1.8908860683441162 0.0016309022903442383 1
-1.8461993932723999 -1.8912580013275146 0.0018210411071777344 1
-1.8462375402450562 -1.8916600942611694 0.0015149116516113281 1
-1.846234917640686 -1.8908460140228271 0.0015404224395751953 1
-1.8486604690551758 -1.8910225629806519 0.003043055534362793 1
-1.8462232351303101 -1.8909341096878052 0.0012933015823364258 1
-1.8462318181991577 -1.8914902210235596 0.0011628866195678711 1
-1.8462194204330444 -1.8910799026489258 0.0011734962463378906 1
-1.8462105989456177 -1.8913717269897461 0.0011847019195556641 1
-1.8462029695510864 -1.8909338712692261 0.0014863014221191406 1
-1.8462051153182983 -1.8912359476089478 0.0011868476867675781 1
-1.8462115526199341 -1.8910144567489624 0.0012422800064086914 1
-1.8461993932723999 -1.8915655612945557 0.0016632080078125 1
-1.846200704574585 -1.8909353017807007 0.0016624927520751953 1
-1.8461998701095581 -1.8914361000061035 0.0012527704238891602 1
-1.8461909294128418 -1.8910914659500122 0.0012758970260620117 1
-1.8461894989013672 -1.8914816379547119 0.0013548135757446289 1
-1.8461935520172119 -1.8910040855407715 0.001366734504699707 1
-1.8462148904800415 -1.8915294408798218 0.001728057861328125 1
-1.8462064266204834 -1.8909862041473389 0.0017223358154296875 1
-1.8461859226226807 -1.8909522294998169 0.0016094446182250977 1
-1.8461791276931763 -1.8913302421569824 0.0012872219085693359 1
-1.846178412437439 -1.8912076950073242 0.0012829303741455078 1
-1.8461710214614868 -1.8914093971252441 0.0013815164566040039 1
-1.8461699485778809 -1.8911031484603882 0.0013768672943115234 1
-1.8461731672286987 -1.8915047645568848 0.0016674995422363281 1
-1.8461650609970093 -1.8910130262374878 0.0016686916351318359 1
-1.8461802005767822 -1.8914440870285034 0.0017322301864624023 1
-1.846179723739624 -1.8910623788833618 0.0017325878143310547 1
-1.8461699485778809 -1.8915046453475952 0.0015777349472045898 1
-1.8461700677871704 -1.8910012245178223 0.0015729665756225586 1
-1.8461678028106689 -1.8915109634399414 0.0016236305236816406 1
-1.846166729927063 -1.8909953832626343 0.0016248226165771484 1
-1.8461591005325317 -1.8913278579711914 0.0013880729675292969 1
-1.8461530208587646 -1.8911596536636353 0.0014388561248779297 1
-1.8461495637893677 -1.8913775682449341 0.0014923810958862305 1
-1.8461519479751587 -1.891103982925415 0.0015017986297607422 1
-1.8461498022079468 -1.8912521600723267 0.0014235973358154297 1
-1.8461480140686035 -1.8913787603378296 0.001719355583190918 1
-1.8461660146713257 -1.8911292552947998 0.0017454624176025391 1
-1.8461521863937378 -1.8914425373077393 0.0015588998794555664 1
-1.8461558818817139 -1.8910531997680664 0.001552581787109375 1
-1.8461414575576782 -1.8913179636001587 0.0014911890029907227 1
-1.8461401462554932 -1.8911917209625244 0.0014972686767578125 1
-1.8461458683013916 -1.8914721012115479 0.0015984773635864258 1
-1.8461508750915527 -1.8910230398178101 0.0016037225723266602 1
-1.8461316823959351 -1.8913142681121826 0.0017184019088745117 1
-1.8461394309997559 -1.8911893367767334 0.0017274618148803711 1
-1.8461371660232544 -1.8912514448165894 0.0014969110488891602 1
-1.8461413383483887 -1.8914414644241333 0.0015766620635986328 1
-1.8461463451385498 -1.8910477161407471 0.0015801191329956055 1
-1.8461261987686157 -1.8914549350738525 0.0016243457794189453 1
-1.8461415767669678 -1.8910322189331055 0.0016312599182128906 1
-1.846142053604126 -1.8912521600723267 0.001736760139465332 1
-1.8461484909057617 -1.891459584236145 0.0016721487045288086 1
-1.8461319208145142 -1.8910545110702515 0.0016552209854125977 1
-1.8461372852325439 -1.8913800716400146 0.0015530586242675781 1
-1.8461372852325439 -1.8911241292953491 0.0015530586242675781 1
-1.8461309671401978 -1.8913995027542114 0.0015670061111450195 1
-1.8461289405822754 -1.89111328125 0.0015659332275390625 1
-1.8461266756057739 -1.8913165330886841 0.0015524625778198242 1
-1.8461265563964844 -1.8911960124969482 0.0015511512756347656 1
-1.846099853515625 -1.8913954496383667 0.0016520023345947266 1
-1.8461135625839233 -1.8911117315292358 0.0016690492630004883 1
-1.8461140394210815 -1.8914079666137695 0.0015623569488525391 1
-1.8461190462112427 -1.8910897970199585 0.0015658140182495117 1
-1.8461230993270874 -1.8912557363510132 0.0015522241592407227 1
-1.8461171388626099 -1.8913367986679077 0.0015616416931152344 1
-1.8461178541183472 -1.8911635875701904 0.0015617609024047852 1
-1.8494870662689209 -1.8910336494445801 0.0023164749145507812 1
-1.8461061716079712 -1.8913785219192505 0.0015503168106079102 1
-1.8461061716079712 -1.8911257982254028 0.0015503168106079102 1
-1.8460887670516968 -1.8913483619689941 0.0016597509384155273 1
-1.8461041450500488 -1.8910744190216064 0.0016138553619384766 1
-1.8461061716079712 -1.8912479877471924 0.0015594959259033203 1
-1.8460860252380371 -1.8913778066635132 0.0015472173690795898 1
-1.8460817337036133 -1.8911296129226685 0.0015461444854736328 1
-1.8460588455200195 -1.8912862539291382 0.0016406774520874023 1
-1.8481874465942383 -1.8917070627212524 0.0011925697326660156 1
-1.8460969924926758 -1.8914155960083008 0.0015840530395507812 1
-1.8460990190505981 -1.891086220741272 0.0015856027603149414 1
-1.8460872173309326 -1.8914092779159546 0.0016152858734130859 1
-1.8460867404937744 -1.8911017179489136 0.0016262531280517578 1
-1.8460952043533325 -1.8912366628646851 0.0016803741455078125 1
-1.8460860252380371 -1.8912961483001709 0.0015385150909423828 1
-1.8460867404937744 -1.8911983966827393 0.0015380382537841797 1
-1.8465983867645264 -1.8911755084991455 0.0012841224670410156 1
-1.8460606336593628 -1.8913805484771729 0.0015875101089477539 1
-1.8460685014724731 -1.8911147117614746 0.001591801643371582 1
-1.8460582494735718 -1.8913666009902954 0.001557469367980957 1
-1.8460665941238403 -1.8911325931549072 0.0015549659729003906 1
-1.8460648059844971 -1.891322135925293 0.0015178918838500977 1
-1.8460701704025269 -1.8911683559417725 0.0015236139297485352 1
-1.846052885055542 -1.8913441896438599 0.0015355348587036133 1
-1.8460508584976196 -1.8911609649658203 0.0015364885330200195 1
-1.8460546731948853 -1.8912880420684814 0.0015101432800292969 1
-1.8460590839385986 -1.8912128210067749 0.0015138387680053711 1
-1.8460531234741211 -1.8913674354553223 0.0016078948974609375 1
-1.8460531234741211 -1.8911367654800415 0.0016078948974609375 1
-1.8460497856140137 -1.8912521600723267 0.0015075206756591797 1
-1.8460431098937988 -1.891315221786499 0.0015183687210083008 1
-1.8460437059402466 -1.8911874294281006 0.0015190839767456055 1
-1.8460465669631958 -1.8913333415985107 0.0016177892684936523 1
-1.8460434675216675 -1.8911724090576172 0.0016145706176757812 1
-1.8460386991500854 -1.891352653503418 0.0015909671783447266 1
-1.8460421562194824 -1.8911458253860474 0.0015919208526611328 1
-1.8460341691970825 -1.8913459777832031 0.0015618801116943359 1
-1.8460361957550049 -1.8911565542221069 0.0015615224838256836 1
-1.8460330963134766 -1.8912879228591919 0.0015107393264770508 1
-1.8460320234298706 -1.8912198543548584 0.0015096664428710938 1
-1.846027135848999 -1.8912521600723267 0.0015065670013427734 1
-1.8460278511047363 -1.8913116455078125 0.0015277862548828125 1
-1.8460254669189453 -1.8911920785903931 0.0015299320220947266 1
-1.8460236787796021 -1.8912968635559082 0.0016009807586669922 1
-1.8460215330123901 -1.8912311792373657 0.0016016960144042969 1
-1.846016526222229 -1.8913220167160034 0.0015778541564941406 1
-1.8460186719894409 -1.8911809921264648 0.0015810728073120117 1
-1.8460143804550171 -1.8913154602050781 0.0015549659729003906 1
-1.8460129499435425 -1.8911927938461304 0.0015519857406616211 1
-1.846011757850647 -1.8912796974182129 0.0015226602554321289 1
-1.846014142036438 -1.8912261724472046 0.0015201568603515625 1
-1.8460077047348022 -1.8912521600723267 0.0015190839767456055 1
-1.8460037708282471 -1.8912880420684814 0.0015722513198852539 1
-1.8460075855255127 -1.8912135362625122 0.0015772581100463867 1
-1.846002459526062 -1.8912862539291382 0.001546025276184082 1
-1.8460016250610352 -1.8912198543548584 0.0015442371368408203 1
-1.8460010290145874 -1.8912478685379028 0.0015722513198852539 1
-1.8459970951080322 -1.8912500143051147 0.0015432834625244141 1
-1.848743200302124 -1.8913789987564087 0.0022145509719848633 1
-1.8495544195175171 -1.8912943601608276 0.002661585807800293 1
-1.8485941886901855 -1.89066481590271 0.0011881589889526367 1
-1.8465392589569092 -1.8909546136856079 0.0012505054473876953 1
-1.8486113548278809 -1.891851544380188 0.001244664192199707 1
-1.8469107151031494 -1.8913545608520508 0.0018745660781860352 1
-1.8466205596923828 -1.891179084777832 0.0017718076705932617 1
-1.8479083776473999 -1.8907939195632935 0.00097537040710449219 1
-1.8478859663009644 -1.891430139541626 0.0019963979721069336 1
-1.8497856855392456 -1.891696572303772 0.0022735595703125 1
-1.8497781753540039 -1.8912498950958252 0.0022612810134887695 1
-1.8498257398605347 -1.8912417888641357 0.0025038719177246094 1
-1.8497300148010254 -1.8908220529556274 0.0022633075714111328 1
-1.8493286371231079 -1.8908144235610962 0.0030477046966552734 1
-1.8495126962661743 -1.8918838500976562 0.0024023056030273438 1
-1.8494830131530762 -1.8916521072387695 0.0021207332611083984 1
-1.84949791431427 -1.8915106058120728 0.0024914741516113281 1
-1.8495649099349976 -1.8915959596633911 0.0029437541961669922 1
-1.8495041131973267 -1.8916958570480347 0.0031777620315551758 1
-1.8494768142700195 -1.8912254571914673 0.0021413564682006836 1
-1.8494980335235596 -1.8912171125411987 0.0024702548980712891 1
-1.8495241403579712 -1.891276478767395 0.0029432773590087891 1
-1.8494877815246582 -1.8912613391876221 0.0032141208648681641 1
-1.8495035171508789 -1.8908818960189819 0.0021345615386962891 1
-1.8495056629180908 -1.8908720016479492 0.0029481649398803711 1
-1.849469780921936 -1.89078688621521 0.0031982660293579102 1
-1.8494975566864014 -1.8906313180923462 0.0024145841598510742 1
-1.8478525876998901 -1.8917474746704102 0.00085532665252685547 1
-1.849770188331604 -1.8914984464645386 0.0024286508560180664 1
-1.849145770072937 -1.8918241262435913 0.0025610923767089844 1
-1.8491972684860229 -1.8915538787841797 0.0022084712982177734 1
-1.8492017984390259 -1.8915965557098389 0.0025306940078735352 1
-1.8491001129150391 -1.8915826082229614 0.0028411149978637695 1
-1.8491203784942627 -1.8916699886322021 0.0031059980392456055 1
-1.8491866588592529 -1.891560435295105 0.0035380125045776367 1
-1.8491528034210205 -1.8911423683166504 0.0025653839111328125 1
-1.8491473197937012 -1.8912886381149292 0.0028518438339233398 1
-1.8491590023040771 -1.8913694620132446 0.0031809806823730469 1
-1.8491605520248413 -1.8912599086761475 0.0035995244979858398 1
-1.8492226600646973 -1.890955924987793 0.0021800994873046875 1
-1.8491536378860474 -1.8909550905227661 0.0028791427612304688 1
-1.8491501808166504 -1.8908158540725708 0.0031611919403076172 1
-1.8492307662963867 -1.8909128904342651 0.0035691261291503906 1
-1.8491541147232056 -1.8906880617141724 0.002573847770690918 1
-1.847817063331604 -1.8912855386734009 0.0014148950576782227 1
-1.8482565879821777 -1.8917409181594849 0.00096988677978515625 1
-1.8474366664886475 -1.8919472694396973 0.0012096166610717773 1
-1.8489080667495728 -1.8915272951126099 0.002209782600402832 1
-1.8488651514053345 -1.8916007280349731 0.0023982524871826172 1
-1.8487731218338013 -1.8916472196578979 0.0028060674667358398 1
-1.8489794731140137 -1.8912613391876221 0.0019729137420654297 1
-1.8470028638839722 -1.8911358118057251 0.0015537738800048828 1
-1.8488374948501587 -1.891226053237915 0.0025162696838378906 1
-1.8488298654556274 -1.8912644386291504 0.0031583309173583984 1
-1.8488999605178833 -1.8912484645843506 0.0035612583160400391 1
-1.8489048480987549 -1.8909814357757568 0.0022020339965820312 1
-1.8488374948501587 -1.8908990621566772 0.0024331808090209961 1
-1.8487062454223633 -1.8908494710922241 0.0028529167175292969 1
-1.8488529920578003 -1.8909498453140259 0.003231048583984375 1
-1.8467158079147339 -1.8917516469955444 0.00072169303894042969 1
-1.8487259149551392 -1.8916188478469849 0.0014754533767700195 1
-1.848557710647583 -1.8915660381317139 0.0020135641098022461 1
-1.8485307693481445 -1.8915526866912842 0.0028053522109985352 1
-1.8485523462295532 -1.8906028270721436 0.00043570995330810547 1
-1.8486703634262085 -1.8912543058395386 0.0011256933212280273 1
-1.8488107919692993 -1.8912825584411621 0.0014178752899169922 1
-1.8486472368240356 -1.8912514448165894 0.0017336606979370117 1
-1.8486435413360596 -1.8912293910980225 0.0020180940628051758 1
-1.8484200239181519 -1.8913751840591431 0.0024588108062744141 1
-1.8484550714492798 -1.8912500143051147 0.0025554895401000977 1
-1.8485699892044067 -1.8912346363067627 0.0031218528747558594 1
-1.8485351800918579 -1.8918511867523193 0.00041449069976806641 1
-1.8485829830169678 -1.8910291194915771 0.0010744333267211914 1
-1.8487422466278076 -1.8908896446228027 0.0014817714691162109 1
-1.8486055135726929 -1.8909455537796021 0.0019862651824951172 1
-1.8485312461853027 -1.8909649848937988 0.0027574300765991211 1
-1.848299503326416 -1.8919486999511719 0.00037038326263427734 1
-1.8482441902160645 -1.8906031847000122 0.00040495395660400391 1
-1.8464735746383667 -1.8910788297653198 0.0016157627105712891 1
-1.8474080562591553 -1.8908708095550537 0.000682830810546875 1
-1.8470001220703125 -1.8917169570922852 0.00098645687103271484 1
-1.8496156930923462 -1.8907346725463867 0.0027031898498535156 1
-1.8482377529144287 -1.8918044567108154 0.00075888633728027344 1
-1.8483484983444214 -1.8918919563293457 0.001752018928527832 1
-1.8483997583389282 -1.8914581537246704 0.00092792510986328125 1
-1.8483098745346069 -1.8916809558868408 0.0014246702194213867 1
-1.8483375310897827 -1.8915754556655884 0.0017124414443969727 1
-1.8482871055603027 -1.8917058706283569 0.0020999908447265625 1
-1.8483890295028687 -1.8914949893951416 0.002384185791015625 1
-1.8484317064285278 -1.8912283182144165 0.00091457366943359375 1
-1.8483422994613647 -1.8913052082061768 0.0014545917510986328 1
-1.8483362197875977 -1.8912346363067627 0.0017075538635253906 1
-1.8483484983444214 -1.8912880420684814 0.0020194053649902344 1
-1.8483270406723022 -1.8912876844406128 0.0023970603942871094 1
-1.8484205007553101 -1.891025185585022 0.00092947483062744141 1
-1.8482860326766968 -1.8907558917999268 0.001486659049987793 1
-1.8483269214630127 -1.8908134698867798 0.0020583868026733398 1
-1.8483386039733887 -1.890982985496521 0.0023542642593383789 1
-1.8483144044876099 -1.890802264213562 0.00082826614379882812 1
-1.8483260869979858 -1.8906224966049194 0.0017504692077636719 1
-1.8492501974105835 -1.891344428062439 0.0023216009140014648 1
-1.84783935546875 -1.8906902074813843 0.0014404058456420898 1
-1.8479100465774536 -1.8919599056243896 0.0015227794647216797 1
-1.8479080200195312 -1.8905248641967773 0.0015434026718139648 1
-1.8480249643325806 -1.8918988704681396 0.00082862377166748047 1
-1.8480823040008545 -1.8919738531112671 0.0011005401611328125 1
-1.8474113941192627 -1.8912670612335205 0.00063347816467285156 1
-1.8479937314987183 -1.8919574022293091 0.0017085075378417969 1
-1.8480157852172852 -1.8915144205093384 0.00078487396240234375 1
-1.8480952978134155 -1.8914502859115601 0.0010172128677368164 1
-1.8480327129364014 -1.8916792869567871 0.0013865232467651367 1
-1.8480188846588135 -1.8916001319885254 0.001755833625793457 1
-1.8480019569396973 -1.8916522264480591 0.0020262002944946289 1
-1.8479897975921631 -1.8916001319885254 0.0023006200790405273 1
-1.8481632471084595 -1.8919397592544556 0.001318812370300293 1
-1.8481405973434448 -1.890533447265625 0.0013259649276733398 1
-1.8480608463287354 -1.8912451267242432 0.00079703330993652344 1
-1.8481264114379883 -1.8911739587783813 0.0010010004043579102 1
-1.8480148315429688 -1.8912798166275024 0.0013118982315063477 1
-1.8480302095413208 -1.8911987543106079 0.0017668008804321289 1
-1.8480428457260132 -1.8912433385848999 0.0023180246353149414 1
-1.8480015993118286 -1.8909884691238403 0.00081312656402587891 1
-1.8479959964752197 -1.8909790515899658 0.0011126995086669922 1
-1.8480120897293091 -1.8907922506332397 0.0014110803604125977 1
-1.8479807376861572 -1.8908747434616089 0.0022886991500854492 1
-1.8484833240509033 -1.8917720317840576 0.0018249750137329102 1
-1.8479647636413574 -1.8906528949737549 0.00084519386291503906 1
-1.8480155467987061 -1.8905305862426758 0.0010707378387451172 1
-1.8480029106140137 -1.8905889987945557 0.0017597675323486328 1
-1.8464450836181641 -1.8914504051208496 0.0016463994979858398 1
-1.8490378856658936 -1.8911104202270508 0.0023325681686401367 1
-1.8482091426849365 -1.8919898271560669 0.00093924999237060547 1
-1.8477270603179932 -1.891958475112915 0.00097620487213134766 1
-1.8477340936660767 -1.8920016288757324 0.0014365911483764648 1
-1.8477338552474976 -1.8919037580490112 0.0017294883728027344 1
-1.8476971387863159 -1.8916478157043457 0.00074911117553710938 1
-1.8477318286895752 -1.8915516138076782 0.0010026693344116211 1
-1.8477408885955811 -1.8914963006973267 0.0013674497604370117 1
-1.8477168083190918 -1.891560435295105 0.0017551183700561523 1
-1.847657322883606 -1.8916656970977783 0.0020524263381958008 1
-1.8477365970611572 -1.8912668228149414 0.00070297718048095703 1
-1.8477350473403931 -1.8912007808685303 0.001135706901550293 1
-1.8476270437240601 -1.8912851810455322 0.001574397087097168 1
-1.8477500677108765 -1.8911960124969482 0.0018544197082519531 1
-1.8477679491043091 -1.8913195133209229 0.0022728443145751953 1
-1.8476663827896118 -1.8908684253692627 0.00073337554931640625 1
-1.8476443290710449 -1.8909039497375488 0.0019854307174682617 1
-1.8482434749603271 -1.8919440507888794 0.0015329122543334961 1
-1.8482521772384644 -1.8905200958251953 0.0015250444412231445 1
-1.8477208614349365 -1.8905657529830933 0.00095045566558837891 1
-1.8477435111999512 -1.8905035257339478 0.0014055967330932617 1
-1.8477221727371216 -1.8906279802322388 0.0017547607421875 1
-1.8465826511383057 -1.8916767835617065 0.0014581680297851562 1
-1.8474791049957275 -1.8911664485931396 0.0018467903137207031 1
-1.8474882841110229 -1.8919296264648438 0.00097632408142089844 1
-1.8474512100219727 -1.8919438123703003 0.0014495849609375 1
-1.8473414182662964 -1.8918235301971436 0.0018186569213867188 1
-1.8474291563034058 -1.891620397567749 0.00066101551055908203 1
-1.8474323749542236 -1.8915442228317261 0.0010856389999389648 1
-1.8474369049072266 -1.8915207386016846 0.0014494657516479492 1
-1.8474098443984985 -1.8914617300033569 0.0017083883285522461 1
-1.8474032878875732 -1.8916043043136597 0.0020760297775268555 1
-1.8474351167678833 -1.8912097215652466 0.0010303258895874023 1
-1.8474078178405762 -1.8911917209625244 0.0021325349807739258 1
-1.8479478359222412 -1.8919961452484131 0.0013391971588134766 1
-1.8479543924331665 -1.890512228012085 0.0013486146926879883 1
-1.8475384712219238 -1.8910436630249023 0.0013512372970581055 1
-1.8473944664001465 -1.8909192085266113 0.0017172098159790039 1
-1.8474198579788208 -1.890957236289978 0.0020908117294311523 1
-1.8475126028060913 -1.890623927116394 0.00091540813446044922 1
-1.8474531173706055 -1.8905762434005737 0.0015128850936889648 1
-1.8474128246307373 -1.8906413316726685 0.0017739534378051758 1
-1.8472481966018677 -1.891945481300354 0.0012958049774169922 1
-1.8466199636459351 -1.8915621042251587 0.0016617774963378906 1
-1.8481523990631104 -1.8907790184020996 0.0010087490081787109 1
-1.8471031188964844 -1.8919075727462769 0.0014437437057495117 1
-1.8471587896347046 -1.8915450572967529 0.00067853927612304688 1
-1.8471759557723999 -1.8915767669677734 0.0011085271835327148 1
-1.8471324443817139 -1.8915860652923584 0.0014071464538574219 1
-1.847116231918335 -1.8915504217147827 0.001805424690246582 1
-1.8472088575363159 -1.8912224769592285 0.00066792964935302734 1
-1.8471057415008545 -1.8912763595581055 0.0011036396026611328 1
-1.8470960855484009 -1.8912820816040039 0.001404881477355957 1
-1.8471089601516724 -1.8912841081619263 0.0017472505569458008 1
-1.8472272157669067 -1.8912491798400879 0.0021311044692993164 1
-1.8471399545669556 -1.8909621238708496 0.00068688392639160156 1
-1.8471242189407349 -1.8909623622894287 0.0010609626770019531 1
-1.8471711874008179 -1.89101243019104 0.0014013051986694336 1
-1.8471100330352783 -1.8909953832626343 0.0017352104187011719 1
-1.8470830917358398 -1.8906264305114746 0.00096976757049560547 1
-1.8471065759658813 -1.8905899524688721 0.0014164447784423828 1
-1.8467814922332764 -1.8916288614273071 0.00092911720275878906 1
-1.8484072685241699 -1.8915424346923828 0.0011460781097412109 1
-1.8485209941864014 -1.8912057876586914 0.0029081106185913086 1
-1.8469216823577881 -1.8918715715408325 0.00084543228149414062 1
-1.8467698097229004 -1.891886830329895 0.001099705696105957 1
-1.8468301296234131 -1.8918988704681396 0.0014537572860717773 1
-1.8467807769775391 -1.8918375968933105 0.0017172098159790039 1
-1.8468387126922607 -1.8914815187454224 0.00074851512908935547 1
-1.8468853235244751 -1.891476035118103 0.0011328458786010742 1
-1.8468242883682251 -1.8915925025939941 0.0014625787734985352 1
-1.8468074798583984 -1.8915880918502808 0.0020174980163574219 1
-1.8468819856643677 -1.8912595510482788 0.0007534027099609375 1
-1.8469076156616211 -1.8911803960800171 0.0011883974075317383 1
-1.8468434810638428 -1.8912311792373657 0.0016782283782958984 1
-1.8468352556228638 -1.8912326097488403 0.0021235942840576172 1
-1.8468300104141235 -1.8910490274429321 0.00074696540832519531 1
-1.8468074798583984 -1.8910371065139771 0.001392364501953125 1
-1.8467903137207031 -1.8909100294113159 0.0020115375518798828 1
-1.8468644618988037 -1.8906344175338745 0.00080621242523193359 1
-1.8468010425567627 -1.8905999660491943 0.0011336803436279297 1
-1.8468308448791504 -1.8905946016311646 0.0014326572418212891 1
-1.8467855453491211 -1.8906599283218384 0.0017285346984863281 1
-1.8465762138366699 -1.8916819095611572 0.00023400783538818359 1
-1.8465250730514526 -1.8918595314025879 0.00063872337341308594 1
-1.8465241193771362 -1.8914891481399536 0.00081288814544677734 1
-1.8464055061340332 -1.8916065692901611 0.0011124610900878906 1
-1.846348762512207 -1.8915754556655884 0.001433253288269043 1
-1.8464778661727905 -1.8916512727737427 0.0018141269683837891 1
-1.8465309143066406 -1.8912957906723022 0.0014929771423339844 1
-1.8487281799316406 -1.8914188146591187 0.002024531364440918 1
-1.846543550491333 -1.8912752866744995 0.002022862434387207 1
-1.8465802669525146 -1.8909876346588135 0.00084650516510009766 1
-1.8463530540466309 -1.8908905982971191 0.0014275312423706055 1
-1.8464949131011963 -1.8908178806304932 0.0018179416656494141 1
-1.8466041088104248 -1.890784740447998 0.00019121170043945312 1
-1.8465338945388794 -1.8906365633010864 0.00056970119476318359 1
-1.8483709096908569 -1.8919750452041626 0.00083506107330322266 1
-1.8492774963378906 -1.8911324739456177 0.0023107528686523438 1
-1.8490557670593262 -1.8916305303573608 0.0023566484451293945 1
-1.848078727722168 -1.8919885158538818 0.0015115737915039062 1
-1.8480865955352783 -1.8905529975891113 0.0015329122543334961 1
-1.8477921485900879 -1.8911077976226807 0.0013406276702880859 1
-1.8479845523834229 -1.8907114267349243 0.0011924505233764648 1
-1.8469964265823364 -1.8914052248001099 0.0020678043365478516 1
-1.8481314182281494 -1.8908861875534058 0.0016921758651733398 1
-1.8478679656982422 -1.8909140825271606 0.0018047094345092773 1
-1.8493815660476685 -1.8909107446670532 0.0025854110717773438 1
-1.8489612340927124 -1.8912432193756104 0.0034173727035522461 1
-1.8488355875015259 -1.8910647630691528 0.0020461082458496094 1
-1.847284197807312 -1.8915797472000122 0.00087106227874755859 1
-1.8483284711837769 -1.8905487060546875 0.0013825893402099609 1
-1.8475748300552368 -1.8905311822891235 0.0011724233627319336 1
-1.8494620323181152 -1.891371488571167 0.0022830963134765625 1
-1.8465617895126343 -1.8909235000610352 0.0015225410461425781 1
-1.8489618301391602 -1.8915320634841919 0.0030415058135986328 1
-1.8477785587310791 -1.8908612728118896 0.0012949705123901367 1
-1.8466206789016724 -1.8913300037384033 0.00091195106506347656 1
-1.8476729393005371 -1.8908418416976929 0.001610875129699707 1
-1.8473323583602905 -1.8912091255187988 0.0015712976455688477 1
-1.8476171493530273 -1.8910530805587769 0.0016838312149047852 1
-1.8496363162994385 -1.8913906812667847 0.0023769140243530273 1
-1.8487294912338257 -1.8911274671554565 0.0028021335601806641 1
-1.8492591381072998 -1.8913540840148926 0.0025732517242431641 1
-1.8485201597213745 -1.8906759023666382 0.00023913383483886719 1
-1.8485317230224609 -1.8918030261993408 0.00021708011627197266 1
-1.848484992980957 -1.8918828964233398 0.0013782978057861328 1
-1.848534107208252 -1.890616774559021 0.0013854503631591797 1
-1.8463681936264038 -1.8911365270614624 0.0018001794815063477 1
-1.8463524580001831 -1.8913722038269043 0.0017999410629272461 1
-1.8467578887939453 -1.8908352851867676 0.00082111358642578125 1
-1.8463739156723022 -1.8910690546035767 0.0010923147201538086 1
-1.8481414318084717 -1.8917678594589233 0.0016326904296875 1
-1.8494986295700073 -1.890859842300415 0.0023746490478515625 1
-1.8497642278671265 -1.891448974609375 0.0022749900817871094 1
-1.8477054834365845 -1.8908593654632568 0.00098717212677001953 1
-1.8480321168899536 -1.8917231559753418 0.0010204315185546875 1
-1.8473780155181885 -1.8903946876525879 0.0011283159255981445 1
-1.8476594686508179 -1.8910791873931885 0.00089704990386962891 1
-1.8474030494689941 -1.8921111822128296 0.0011148452758789062 1
-1.8472305536270142 -1.8915011882781982 0.0020943880081176758 1
-1.84937584400177 -1.8915939331054688 0.003435969352722168 1
-1.8472720384597778 -1.8908758163452148 0.00089716911315917969 1
-1.8483501672744751 -1.8908424377441406 0.00025224685668945312 1
-1.8483657836914062 -1.8905518054962158 0.0011961460113525391 1
-1.8496192693710327 -1.8908224105834961 0.0025258064270019531 1
-1.8485535383224487 -1.8912726640701294 0.0024172067642211914 1
-1.8464217185974121 -1.8907928466796875 0.0011159181594848633 1
-1.8476605415344238 -1.8912534713745117 0.0013449192047119141 1
-1.8467597961425781 -1.8912873268127441 0.00070548057556152344 1
-1.8469796180725098 -1.8908087015151978 0.0018889904022216797 1
-1.8465036153793335 -1.8913254737854004 0.0017521381378173828 1
-1.8484240770339966 -1.8919287919998169 0.0015399456024169922 1
-1.8484278917312622 -1.8905682563781738 0.0015496015548706055 1
-1.8466324806213379 -1.8914438486099243 0.0010802745819091797 1
-1.8469533920288086 -1.8908565044403076 0.00089907646179199219 1
-1.8471336364746094 -1.8908178806304932 0.00089120864868164062 1
-1.8468449115753174 -1.8915457725524902 0.0017412900924682617 1
-1.8468267917633057 -1.8909261226654053 0.0016552209854125977 1
-1.8467013835906982 -1.8908867835998535 0.00065517425537109375 1
-1.8487253189086914 -1.8915201425552368 0.0017261505126953125 1
-1.8487263917922974 -1.8909820318222046 0.0017200708389282227 1
-1.8496474027633667 -1.8913025856018066 0.0021225214004516602 1
-1.8489689826965332 -1.8905653953552246 0.0035175085067749023 1
-1.848544716835022 -1.8918087482452393 0.0015465021133422852 1
-1.848540186882019 -1.8906872272491455 0.0015853643417358398 1
-1.8485985994338989 -1.8919137716293335 0.00061631202697753906 1
-1.8485902547836304 -1.8906006813049316 0.00061845779418945312 1
-1.8471312522888184 -1.8910164833068848 0.0020807981491088867 1
-1.846711277961731 -1.8908805847167969 0.0012899637222290039 1
-1.8467700481414795 -1.8907305002212524 0.0012761354446411133 1
-1.8492609262466431 -1.8911715745925903 0.0032889842987060547 1
-1.8474451303482056 -1.8909437656402588 0.0010178089141845703 1
-1.8467477560043335 -1.8910204172134399 0.0010148286819458008 1
-1.8484206199645996 -1.8908838033676147 0.0017704963684082031 1
-1.8471391201019287 -1.8904197216033936 0.0011063814163208008 1
-1.84779953956604 -1.8905354738235474 0.0011996030807495117 1
-1.8467779159545898 -1.891337513923645 0.0013699531555175781 1
-1.8468341827392578 -1.8912580013275146 0.00067508220672607422 1
-1.8466055393218994 -1.8919098377227783 0.0008907318115234375 1
-1.846615195274353 -1.890586256980896 0.00085544586181640625 1
-1.8495908975601196 -1.8914756774902344 0.0022020339965820312 1
-1.848483681678772 -1.8908417224884033 0.00062668323516845703 1
-1.848513126373291 -1.8916770219802856 0.0006198883056640625 1
-1.8489125967025757 -1.8912554979324341 0.0027278661727905273 1
-1.8471096754074097 -1.8918662071228027 0.0016874074935913086 1
-1.8471353054046631 -1.8906893730163574 0.0017408132553100586 1
-1.84669029712677 -1.8910965919494629 0.0020524263381958008 1
-1.8472901582717896 -1.890718936920166 0.0010347366333007812 1
-1.8494919538497925 -1.89101243019104 0.0031923055648803711 1
-1.8479020595550537 -1.8907393217086792 0.0016270875930786133 1
-1.8467535972595215 -1.8912316560745239 0.0019279718399047852 1
-1.8482767343521118 -1.8908259868621826 0.00053226947784423828 1
-1.8482381105422974 -1.8917398452758789 0.00048887729644775391 1
-1.8487182855606079 -1.891218900680542 0.0029915571212768555 1
-1.8484991788864136 -1.8908424377441406 0.00041663646697998047 1
-1.8485046625137329 -1.8916584253311157 0.00040912628173828125 1
-1.8496689796447754 -1.8913964033126831 0.002535700798034668 1
-1.8465666770935059 -1.8918206691741943 0.0013275146484375 1
-1.8494489192962646 -1.8914854526519775 0.0032105445861816406 1
-1.8483504056930542 -1.8916629552841187 0.00025260448455810547 1
-1.8470704555511475 -1.8915754556655884 0.0020565986633300781 1
-1.8461899757385254 -1.8914368152618408 0.0016118288040161133 1
-1.8462544679641724 -1.8911476135253906 0.0016133785247802734 1
-1.8475624322891235 -1.8914281129837036 0.00067722797393798828 1
-1.8493683338165283 -1.8915600776672363 0.0022244453430175781 1
-1.8484152555465698 -1.8907485008239746 0.0010515451431274414 1
-1.8465265035629272 -1.8910667896270752 0.0019708871841430664 1
-1.8465434312820435 -1.8914535045623779 0.0019485950469970703 1
-1.8483831882476807 -1.8919399976730347 0.00061571598052978516 1
-1.8483777046203613 -1.8905508518218994 0.00065398216247558594 1
-1.8468451499938965 -1.890824556350708 0.0014148950576782227 1
-1.8472385406494141 -1.8908615112304688 0.0020036697387695312 1
-1.8486309051513672 -1.8907879590988159 0.0017007589340209961 1
-1.848615288734436 -1.8916994333267212 0.0016942024230957031 1
-1.848562479019165 -1.8908175230026245 0.00097775459289550781 1
-1.8466614484786987 -1.8911314010620117 0.0015435218811035156 1
-1.8465290069580078 -1.8918243646621704 0.0015455484390258789 1
-1.8465224504470825 -1.8906979560852051 0.0015388727188110352 1
-1.8465874195098877 -1.8915140628814697 0.0014283657073974609 1
-1.8471029996871948 -1.8918595314025879 0.0011124610900878906 1
-1.8483458757400513 -1.8910233974456787 0.0015074014663696289 1
-1.8483841419219971 -1.8917355537414551 0.0016001462936401367 1
-1.8476855754852295 -1.8906509876251221 0.0015087127685546875 1
-1.8481976985931396 -1.8917518854141235 0.00028753280639648438 1
-1.8481630086898804 -1.8907408714294434 0.00031030178070068359 1
-1.846435546875 -1.8908557891845703 0.00051522254943847656 1
-1.8465337753295898 -1.8918418884277344 0.0011148452758789062 1
-1.8466713428497314 -1.8914138078689575 0.0020438432693481445 1
-1.848176121711731 -1.8919217586517334 0.00056421756744384766 1
-1.8481541872024536 -1.8905956745147705 0.00067055225372314453 1
-1.8465762138366699 -1.890662670135498 0.0012680292129516602 1
-1.8481943607330322 -1.8919793367385864 0.00075387954711914062 1
-1.8498562574386597 -1.8914690017700195 0.002552032470703125 1
-1.846993088722229 -1.8908137083053589 0.0012246370315551758 1
-1.8481192588806152 -1.8911087512969971 0.0015170574188232422 1
-1.849064826965332 -1.8908267021179199 0.0024650096893310547 1
-1.8477547168731689 -1.8911257982254028 0.0021134614944458008 1
-1.8489493131637573 -1.890754222869873 0.0027445554733276367 1
-1.8467057943344116 -1.8906540870666504 0.00067257881164550781 1
-1.8482116460800171 -1.8907562494277954 0.0012115240097045898 1
-1.8475666046142578 -1.8917186260223389 0.0012291669845581055 1
-1.8479747772216797 -1.8910011053085327 0.0021367073059082031 1
-1.8475240468978882 -1.8913521766662598 0.0012603998184204102 1
-1.847571849822998 -1.8914841413497925 0.0022042989730834961 1
-1.8489276170730591 -1.8917477130889893 0.0026895999908447266 1
-1.8469856977462769 -1.8917940855026245 0.0012693405151367188 1
-1.8470083475112915 -1.8914484977722168 0.0012929439544677734 1
-1.849037766456604 -1.8914411067962646 0.0026735067367553711 1
-1.846693754196167 -1.8916388750076294 0.0012185573577880859 1
-1.8465368747711182 -1.8913909196853638 0.0012567043304443359 1
-1.8496840000152588 -1.8914304971694946 0.0027257204055786133 1
-1.8482646942138672 -1.8913719654083252 0.0012502670288085938 1
-1.8481578826904297 -1.8914358615875244 0.0021417140960693359 1
-1.8477871417999268 -1.8918079137802124 0.0013310909271240234 1
-1.8472912311553955 -1.8908151388168335 0.001286625862121582 1
-1.8470209836959839 -1.8908259868621826 0.0014941692352294922 1
-1.8466552495956421 -1.8906750679016113 0.0010166168212890625 1
-1.8496452569961548 -1.891081690788269 0.0027242898941040039 1
-1.8487509489059448 -1.891040563583374 0.0019053220748901367 1
-1.8466119766235352 -1.8915457725524902 0.00094044208526611328 1
-1.8473747968673706 -1.8905264139175415 0.00098395347595214844 1
-1.8486472368240356 -1.8910948038101196 0.002446293830871582 1
-1.8489336967468262 -1.8910130262374878 0.0026923418045043945 1
-1.8489511013031006 -1.8911508321762085 0.0029888153076171875 1
-1.8483409881591797 -1.8915829658508301 0.0022815465927124023 1
-1.8470220565795898 -1.8906574249267578 0.00079679489135742188 1
-1.8463884592056274 -1.8910003900527954 0.00088894367218017578 1
-1.8482133150100708 -1.8910379409790039 0.0012819766998291016 1
-1.8482167720794678 -1.8911087512969971 0.0021859407424926758 1
-1.8482135534286499 -1.8909820318222046 0.00085711479187011719 1
-1.8481354713439941 -1.8906985521316528 0.0019309520721435547 1
-1.8486053943634033 -1.8909708261489868 0.0013772249221801758 1
-1.8473056554794312 -1.8917226791381836 0.0013161897659301758 1
-1.8472760915756226 -1.8914033174514771 0.0012634992599487305 1
-1.8471369743347168 -1.8906575441360474 0.00078356266021728516 1
-1.8485780954360962 -1.8913596868515015 0.0012998580932617188 1
-1.847602367401123 -1.8917683362960815 0.00085055828094482422 1
-1.8475387096405029 -1.8917515277862549 0.0016047954559326172 1
-1.8475754261016846 -1.8913793563842773 0.0009250640869140625 1
-1.8472354412078857 -1.8907252550125122 0.00076425075531005859 1
-1.8470079898834229 -1.8916832208633423 0.0015871524810791016 1
-1.8470020294189453 -1.8913962841033936 0.00088775157928466797 1
-1.8469706773757935 -1.8914241790771484 0.0015751123428344727 1
-1.8471164703369141 -1.8908481597900391 0.00077748298645019531 1
-1.8464334011077881 -1.8916174173355103 0.00032830238342285156 1
-1.846713662147522 -1.8913825750350952 0.0016024112701416016 1
-1.8466861248016357 -1.8914200067520142 0.0018390417098999023 1
-1.8493777513504028 -1.8914700746536255 0.0027312040328979492 1
-1.8493136167526245 -1.8915219306945801 0.0030022859573364258 1
-1.8464118242263794 -1.8910801410675049 0.00097179412841796875 1
-1.8492504358291626 -1.89078688621521 0.0035281181335449219 1
-1.8463989496231079 -1.890911340713501 0.0017772912979125977 1
-1.8465371131896973 -1.8910233974456787 0.0010641813278198242 1
-1.8491129875183105 -1.8917602300643921 0.0027676820755004883 1
-1.8481950759887695 -1.8915655612945557 0.00081408023834228516 1
-1.8481265306472778 -1.8918313980102539 0.0019277334213256836 1
-1.8481506109237671 -1.8914377689361572 0.0015634298324584961 1
-1.8481693267822266 -1.8914022445678711 0.0018761157989501953 1
-1.8471590280532837 -1.8907356262207031 0.00076806545257568359 1
-1.8473067283630371 -1.891129732131958 0.0012241601943969727 1
-1.8473320007324219 -1.891588568687439 0.0018540620803833008 1
-1.849041223526001 -1.8914214372634888 0.0024447441101074219 1
-1.8485008478164673 -1.8916301727294922 0.0013457536697387695 1
-1.8485192060470581 -1.8916881084442139 0.0011681318283081055 1
-1.8484692573547363 -1.8910983800888062 0.0012696981430053711 1
-1.8484889268875122 -1.891505241394043 0.0026340484619140625 1
-1.8485844135284424 -1.8908760547637939 0.0025818347930908203 1
-1.8490371704101562 -1.8914060592651367 0.0033470392227172852 1
-1.8485746383666992 -1.8908475637435913 0.00113677978515625 1
-1.8472596406936646 -1.8907411098480225 0.0015611648559570312 1
-1.8483613729476929 -1.8914196491241455 0.0022118091583251953 1
-1.8469833135604858 -1.8911299705505371 0.00090324878692626953 1
-1.8492531776428223 -1.8915673494338989 0.0034753084182739258 1
-1.8470231294631958 -1.891152024269104 0.0019801855087280273 1
-1.849008321762085 -1.8911197185516357 0.0034995079040527344 1
-1.849370002746582 -1.8911501169204712 0.0027492046356201172 1
-1.8469938039779663 -1.8907632827758789 0.00072586536407470703 1
-1.8486508131027222 -1.8907676935195923 0.0013533830642700195 1
-1.8465619087219238 -1.8916212320327759 0.00039398670196533203 1
-1.849101185798645 -1.8910379409790039 0.0034196376800537109 1
-1.8476794958114624 -1.8914864063262939 0.00067019462585449219 1
-1.8485101461410522 -1.8915479183197021 0.0010358095169067383 1
-1.8486521244049072 -1.8917462825775146 0.0013617277145385742 1
-1.8464419841766357 -1.8911229372024536 0.0012341737747192383 1
-1.84926438331604 -1.8911068439483643 0.003058314323425293 1
-1.8486040830612183 -1.8916317224502563 0.0025042295455932617 1
-1.8469812870025635 -1.8917698860168457 0.00071656703948974609 1
-1.846636176109314 -1.8910955190658569 0.00085747241973876953 1
-1.8484194278717041 -1.8911203145980835 0.0021507740020751953 1
-1.8486188650131226 -1.8916937112808228 0.0012406110763549805 1
-1.8471300601959229 -1.8915162086486816 0.00078582763671875 1
-1.8463163375854492 -1.8909918069839478 0.0013773441314697266 1
-1.8488078117370605 -1.8911526203155518 0.0033651590347290039 1
-1.8482178449630737 -1.8910419940948486 0.0019418001174926758 1
-1.8474416732788086 -1.8909099102020264 0.00082039833068847656 1
-1.8463201522827148 -1.8914512395858765 0.0016390085220336914 1
-1.8479595184326172 -1.8912190198898315 0.0010974407196044922 1
-1.8478459119796753 -1.8917356729507446 0.0015916824340820312 1
-1.8478642702102661 -1.891425609588623 0.00081527233123779297 1
-1.8478984832763672 -1.8913836479187012 0.0015987157821655273 1
-1.846159815788269 -1.8911049365997314 0.0014426708221435547 1
-1.8464291095733643 -1.8918057680130005 0.00027573108673095703 1
-1.8487985134124756 -1.8916783332824707 0.0025525093078613281 1
-1.8493683338165283 -1.8907078504562378 0.0029222965240478516 1
-1.8480252027511597 -1.8909420967102051 0.0019410848617553711 1
-1.846748948097229 -1.8914927244186401 0.00066792964935302734 1
-1.8489737510681152 -1.8915296792984009 0.0033636093139648438 1
-1.8472343683242798 -1.8907836675643921 0.00072491168975830078 1
-1.8466155529022217 -1.89154052734375 0.00030052661895751953 1
-1.846771240234375 -1.8917824029922485 0.00019550323486328125 1
-1.8483920097351074 -1.8909318447113037 0.0022202730178833008 1
-1.8472778797149658 -1.8917305469512939 0.001587986946105957 1
-1.8472069501876831 -1.8914611339569092 0.0015681982040405273 1
-1.8472867012023926 -1.891390323638916 0.00090479850769042969 1
-1.8472927808761597 -1.891350269317627 0.0019321441650390625 1
-1.8463681936264038 -1.8911787271499634 0.0013808012008666992 1
-1.8488726615905762 -1.8915251493453979 0.0033696889877319336 1
-1.8468698263168335 -1.8907294273376465 0.00064754486083984375 1
-1.8467170000076294 -1.8918566703796387 0.00035464763641357422 1
-1.8471536636352539 -1.8908270597457886 0.00072169303894042969 1
-1.8464754819869995 -1.8910675048828125 0.00088143348693847656 1
-1.8485339879989624 -1.8914868831634521 0.0015550851821899414 1
-1.8484444618225098 -1.8913804292678833 0.0018743276596069336 1
-1.8491960763931274 -1.8907996416091919 0.0034965276718139648 1
-1.8472142219543457 -1.8915212154388428 0.00062322616577148438 1
-1.8486990928649902 -1.8913305997848511 0.0026493072509765625 1
-1.847873330116272 -1.8910983800888062 0.00090837478637695312 1
-1.8479728698730469 -1.8911932706832886 0.0020335912704467773 1
-1.848691463470459 -1.890727162361145 0.0014897584915161133 1
-1.8466799259185791 -1.8916752338409424 0.00036990642547607422 1
-1.8463426828384399 -1.8911558389663696 0.0016521215438842773 1
-1.8471763134002686 -1.8907805681228638 0.00073373317718505859 1
-1.8462015390396118 -1.8910658359527588 0.0017695426940917969 1
-1.8490607738494873 -1.8910800218582153 0.0032688379287719727 1
-1.8465275764465332 -1.8918707370758057 0.00024676322937011719 1
-1.8467025756835938 -1.8915966749191284 0.00028192996978759766 1
-1.8467767238616943 -1.8909529447555542 0.00057530403137207031 1
-1.8469113111495972 -1.8908113241195679 0.00057947635650634766 1
-1.8491415977478027 -1.8906433582305908 0.0027409791946411133 1
-1.8465204238891602 -1.8912107944488525 0.0011116266250610352 1
-1.847212553024292 -1.8911452293395996 0.00087296962738037109 1
-1.8472679853439331 -1.8911104202270508 0.0019028186798095703 1
-1.8470531702041626 -1.8908380270004272 0.00070118904113769531 1
-1.8461674451828003 -1.8912880420684814 0.0015469789505004883 1
-1.8493674993515015 -1.8914653062820435 0.003414154052734375 1
-1.8483765125274658 -1.8917825222015381 0.0011893510818481445 1
-1.8482382297515869 -1.8911166191101074 0.0023819208145141602 1
-1.8465167284011841 -1.8914052248001099 0.00061762332916259766 1
-1.8476279973983765 -1.8918454647064209 0.0010875463485717773 1
-1.8491435050964355 -1.8916863203048706 0.0032755136489868164 1
-1.8462462425231934 -1.8909599781036377 0.0016245841979980469 1
-1.8478373289108276 -1.8909851312637329 0.0020129680633544922 1
-1.8466556072235107 -1.8918658494949341 0.0002288818359375 1
-1.8482530117034912 -1.8905783891677856 0.00093603134155273438 1
-1.8493220806121826 -1.8908015489578247 0.0031846761703491211 1
-1.8475857973098755 -1.8911459445953369 0.0020351409912109375 1
-1.8488954305648804 -1.8918062448501587 0.0033986568450927734 1
-1.848562479019165 -1.8911280632019043 0.0015261173248291016 1
-1.8484926223754883 -1.8911049365997314 0.0018713474273681641 1
-1.8486647605895996 -1.8909356594085693 0.0024797916412353516 1
-1.8464511632919312 -1.8909896612167358 0.00078594684600830078 1
-1.8462235927581787 -1.891007661819458 0.0017687082290649414 1
-1.8473308086395264 -1.8919168710708618 0.00086736679077148438 1
-1.847865104675293 -1.8906667232513428 0.0012969970703125 1
-1.8466769456863403 -1.891271710395813 0.0010863542556762695 1
-1.8492791652679443 -1.8908122777938843 0.0023446083068847656 1
-1.8472123146057129 -1.8908255100250244 0.00071585178375244141 1
-1.8473632335662842 -1.8910337686538696 0.00077676773071289062 1
-1.8465032577514648 -1.8915179967880249 0.00044286251068115234 1
-1.8493900299072266 -1.8913059234619141 0.0033916234970092773 1
-1.8490437269210815 -1.8909693956375122 0.0030761957168579102 1
-1.8478865623474121 -1.8916107416152954 0.0011844635009765625 1
-1.8492691516876221 -1.8917490243911743 0.0023119449615478516 1
-1.8486685752868652 -1.891430139541626 0.0024199485778808594 1
-1.8494032621383667 -1.8910096883773804 0.0034052133560180664 1
-1.8486443758010864 -1.8915393352508545 0.0023694038391113281 1
-1.846388578414917 -1.8913601636886597 0.0012714862823486328 1
-1.8490482568740845 -1.8912503719329834 0.0020488500595092773 1
-1.8463649749755859 -1.8913084268569946 0.0014231204986572266 1
-1.8473638296127319 -1.8906842470169067 0.00079548358917236328 1
-1.8469550609588623 -1.8907958269119263 0.00065100193023681641 1
-1.8478711843490601 -1.8913911581039429 0.0010972023010253906 1
-1.846183180809021 -1.891095757484436 0.0015404224395751953 1
-1.8468841314315796 -1.8913712501525879 0.00074470043182373047 1
-1.8465908765792847 -1.8910982608795166 0.00050783157348632812 1
-1.8491841554641724 -1.8916900157928467 0.0034939050674438477 1
-1.849193811416626 -1.8914562463760376 0.0036014318466186523 1
-1.8483184576034546 -1.8911454677581787 0.0011067390441894531 1
-1.8467574119567871 -1.8916381597518921 0.00020456314086914062 1
-1.8486108779907227 -1.8914072513580322 0.0030419826507568359 1
-1.8488427400588989 -1.8917737007141113 0.0033956766128540039 1
-1.8494527339935303 -1.8908326625823975 0.0033272504806518555 1
-1.8482081890106201 -1.8910003900527954 0.0010635852813720703 1
-1.8464261293411255 -1.8906662464141846 0.00084483623504638672 1
-1.8462514877319336 -1.8914722204208374 0.0015778541564941406 1
-1.8466442823410034 -1.8917708396911621 0.00050413608551025391 1
-1.8497445583343506 -1.8915392160415649 0.002175450325012207 1
-1.8484677076339722 -1.8915441036224365 0.0023224353790283203 1
-1.8465166091918945 -1.8915222883224487 0.00033712387084960938 1
-1.846199631690979 -1.891099214553833 0.0017074346542358398 1
-1.848743200302124 -1.8911097049713135 0.001273036003112793 1
-1.8464592695236206 -1.8912841081619263 0.0011990070343017578 1
-1.8462430238723755 -1.8910766839981079 0.0016237497329711914 1
-1.8464788198471069 -1.8917818069458008 0.00090444087982177734 1
-1.8486535549163818 -1.8916091918945312 0.0023521184921264648 1
-1.8491599559783936 -1.8910082578659058 0.0021020174026489258 1
-1.8461974859237671 -1.8911101818084717 0.0014867782592773438 1
-1.8488310575485229 -1.8907555341720581 0.0033721923828125 1
-1.8490138053894043 -1.8910676240921021 0.0021715164184570312 1
-1.8475704193115234 -1.8908400535583496 0.00086045265197753906 1
-1.8467890024185181 -1.8915998935699463 0.00032055377960205078 1
-1.8493263721466064 -1.8917434215545654 0.0027825832366943359 1
-1.8492263555526733 -1.890751838684082 0.0028181076049804688 1
-1.8491280078887939 -1.8907911777496338 0.0033514499664306641 1
-1.8464891910552979 -1.8913547992706299 0.0011019706726074219 1
-1.8490523099899292 -1.8917186260223389 0.003354191780090332 1
-1.8466261625289917 -1.891474723815918 0.00069975852966308594 1
-1.8489305973052979 -1.891059398651123 0.0019870996475219727 1
-1.8486554622650146 -1.8917587995529175 0.0011240243911743164 1
-1.848914623260498 -1.8910144567489624 0.003470301628112793 1
-1.84766685962677 -1.8913420438766479 0.0020805597305297852 1
-1.8462133407592773 -1.8909327983856201 0.0013909339904785156 1
-1.8491653203964233 -1.8916683197021484 0.0036518573760986328 1
-1.8484514951705933 -1.8912826776504517 0.0011160373687744141 1
-1.8478745222091675 -1.8918079137802124 0.001919865608215332 1
-1.8465521335601807 -1.8910157680511475 0.00070452690124511719 1
-1.8465126752853394 -1.8906693458557129 0.00038874149322509766 1
-1.8477920293807983 -1.8907018899917603 0.0011296272277832031 1
-1.8490673303604126 -1.8914769887924194 0.0034527778625488281 1
-1.8482922315597534 -1.8913029432296753 0.001011967658996582 1
-1.8491607904434204 -1.8916143178939819 0.0036504268646240234 1
-1.8488923311233521 -1.8916996717453003 0.0030155181884765625 1
-1.8461840152740479 -1.8911571502685547 0.0014896392822265625 1
-1.8491573333740234 -1.8915506601333618 0.003443598747253418 1
-1.8473168611526489 -1.8906100988388062 0.00073790550231933594 1
-1.8463529348373413 -1.891355037689209 0.0016518831253051758 1
-1.8488190174102783 -1.8917697668075562 0.0029147863388061523 1
-1.8468221426010132 -1.891832709312439 0.00031793117523193359 1
-1.8465508222579956 -1.8907622098922729 0.00083744525909423828 1
-1.849051833152771 -1.8916091918945312 0.0033926963806152344 1
-1.8471848964691162 -1.8918780088424683 0.00091814994812011719 1
-1.8490626811981201 -1.8908045291900635 0.0036180019378662109 1
-1.8477352857589722 -1.8906760215759277 0.0013054609298706055 1
-1.8498928546905518 -1.891581654548645 0.0024485588073730469 1
-1.8469809293746948 -1.8906209468841553 0.0016040802001953125 1
-1.8467860221862793 -1.8918614387512207 0.00057613849639892578 1
-1.8468122482299805 -1.890813946723938 0.0011155605316162109 1
-1.847758412361145 -1.8919991254806519 0.001237034797668457 1
-1.8472539186477661 -1.8908240795135498 0.00068390369415283203 1
-1.8483848571777344 -1.8911343812942505 0.0023870468139648438 1
-1.8472195863723755 -1.8906700611114502 0.00086438655853271484 1
-1.848589301109314 -1.8908982276916504 0.0024187564849853516 1
-1.8464261293411255 -1.8912529945373535 0.0012962818145751953 1
-1.8467293977737427 -1.8914347887039185 0.00047338008880615234 1
-1.8485673666000366 -1.8918975591659546 0.00082719326019287109 1
-1.8485479354858398 -1.8906204700469971 0.00082957744598388672 1
-1.8470734357833862 -1.8917688131332397 0.00082027912139892578 1
-1.8464787006378174 -1.8916170597076416 0.00053083896636962891 1
-1.848116397857666 -1.8907661437988281 0.00060129165649414062 1
-1.84869384765625 -1.8915435075759888 0.0012705326080322266 1
-1.8464308977127075 -1.8908195495605469 0.00079786777496337891 1
-1.8461928367614746 -1.8913779258728027 0.0015960931777954102 1
-1.8473341464996338 -1.8918914794921875 0.00073611736297607422 1
-1.8474775552749634 -1.8917211294174194 0.00076639652252197266 1
-1.8489965200424194 -1.8917796611785889 0.002917170524597168 1
-1.8489961624145508 -1.890750527381897 0.0029703378677368164 1
-1.8465617895126343 -1.8911598920822144 0.00097179412841796875 1
-1.8488731384277344 -1.8910236358642578 0.0033941268920898438 1
-1.8471044301986694 -1.8909534215927124 0.00081229209899902344 1
-1.8483819961547852 -1.8919817209243774 0.0010979175567626953 1
-1.8484677076339722 -1.890514612197876 0.0010296106338500977 1
-1.8489353656768799 -1.89192795753479 0.0034670829772949219 1
-1.846509575843811 -1.8915690183639526 0.00023913383483886719 1
-1.8489104509353638 -1.8918925523757935 0.0034233331680297852 1
-1.8476589918136597 -1.8917368650436401 0.0018247365951538086 1
-1.8498454093933105 -1.891675591468811 0.0025703907012939453 1
-1.8498334884643555 -1.8907697200775146 0.0025289058685302734 1
-1.8468338251113892 -1.8916062116622925 0.00041162967681884766 1
-1.8465309143066406 -1.8913956880569458 0.00068771839141845703 1
-1.8463526964187622 -1.8909579515457153 0.0012503862380981445 1
-1.8464500904083252 -1.8909115791320801 0.00036656856536865234 1
-1.8467347621917725 -1.891549825668335 0.00039911270141601562 1
-1.8467985391616821 -1.8907958269119263 0.00049352645874023438 1
-1.8467508554458618 -1.8916399478912354 0.00049459934234619141 1
-1.8471249341964722 -1.8917672634124756 0.00074207782745361328 1
-1.8467773199081421 -1.8908058404922485 0.0018500089645385742 1
-1.8484474420547485 -1.8909310102462769 0.0023404359817504883 1
-1.8486138582229614 -1.8915442228317261 0.00099396705627441406 1
-1.8489410877227783 -1.891793966293335 0.0034584999084472656 1
-1.8475152254104614 -1.8915613889694214 0.00062930583953857422 1
-1.8472054004669189 -1.8916981220245361 0.001953125 1
-1.8477693796157837 -1.8912880420684814 0.00092399120330810547 1
-1.8490380048751831 -1.8907413482666016 0.0033475160598754883 1
-1.8495336771011353 -1.8918590545654297 0.0026578903198242188 1
-1.8491274118423462 -1.8913952112197876 0.0021309852600097656 1
-1.848132848739624 -1.8907617330551147 0.00045990943908691406 1
-1.8485186100006104 -1.8913291692733765 0.00098240375518798828 1
-1.847784161567688 -1.8915423154830933 0.00071287155151367188 1
-1.8490633964538574 -1.8914960622787476 0.0021598339080810547 1
-1.8488138914108276 -1.8912353515625 0.0034867525100708008 1
-1.846347451210022 -1.8914974927902222 0.001534581184387207 1
-1.8479726314544678 -1.8918285369873047 0.0011943578720092773 1
-1.8490450382232666 -1.8903591632843018 0.0032935142517089844 1
-1.8489673137664795 -1.8917341232299805 0.002488255500793457 1
-1.8468714952468872 -1.8917369842529297 0.00066304206848144531 1
-1.8466895818710327 -1.8911923170089722 0.00083720684051513672 1
-1.846433162689209 -1.8917276859283447 0.00018250942230224609 1
-1.8462585210800171 -1.8910119533538818 0.0014529228210449219 1
-1.8492469787597656 -1.8909684419631958 0.0034842491149902344 1
-1.8465801477432251 -1.8913956880569458 0.00083148479461669922 1
-1.8495646715164185 -1.8908454179763794 0.0031177997589111328 1
-1.846347451210022 -1.8911570310592651 0.0015214681625366211 1
-1.8472399711608887 -1.8915857076644897 0.00074589252471923828 1
-1.8488070964813232 -1.8907428979873657 0.0029000043869018555 1
-1.8491494655609131 -1.891736626625061 0.0034384727478027344 1
-1.8484432697296143 -1.8908330202102661 0.0012794733047485352 1
-1.8491503000259399 -1.8913177251815796 0.0034077167510986328 1
-1.8490134477615356 -1.8915814161300659 0.0037355422973632812 1
-1.8476138114929199 -1.8910596370697021 0.0022287368774414062 1
-1.8462898731231689 -1.8910732269287109 0.0013294219970703125 1
-1.8491424322128296 -1.8909338712692261 0.0033640861511230469 1
-1.8461663722991943 -1.8914432525634766 0.001469731330871582 1
-1.8484808206558228 -1.8913595676422119 0.0027130842208862305 1
-1.8483999967575073 -1.8907150030136108 0.00045073032379150391 1
-1.8466094732284546 -1.8912322521209717 0.00084447860717773438 1
-1.8469932079315186 -1.8913475275039673 0.00070512294769287109 1
-1.8462522029876709 -1.8913516998291016 0.0014909505844116211 1
-1.8488690853118896 -1.8913769721984863 0.0023531913757324219 1
-1.8464738130569458 -1.8906655311584473 0.00097811222076416016 1
-1.8484561443328857 -1.8916921615600586 0.00013530254364013672 1
-1.8463081121444702 -1.8912948369979858 0.0015465021133422852 1
-1.8474826812744141 -1.8912585973739624 0.00081336498260498047 1
-1.8467458486557007 -1.8909507989883423 0.00045740604400634766 1
-1.8491438627243042 -1.8909969329833984 0.0034803152084350586 1
-1.8472219705581665 -1.890963077545166 0.00076234340667724609 1
-1.8468188047409058 -1.891453742980957 0.00061547756195068359 1
-1.8484762907028198 -1.8911442756652832 0.002726435661315918 1
-1.8489851951599121 -1.8916506767272949 0.0037072896957397461 1
-1.8483644723892212 -1.8917496204376221 0.00013756752014160156 1
-1.8493069410324097 -1.8906794786453247 0.0030252933502197266 1
-1.8467552661895752 -1.8913226127624512 0.00079894065856933594 1
-1.8466092348098755 -1.8908846378326416 0.00037086009979248047 1
-1.849323034286499 -1.8906034231185913 0.0030459165573120117 1
-1.8491127490997314 -1.8913874626159668 0.0036759376525878906 1
-1.8461979627609253 -1.8911300897598267 0.0015728473663330078 1
-1.8467668294906616 -1.8908252716064453 0.00032389163970947266 1
-1.8464046716690063 -1.8914129734039307 0.00080287456512451172 1
-1.8464475870132446 -1.8914608955383301 0.0014938116073608398 1
-1.8488808870315552 -1.8919060230255127 0.003348231315612793 1
-1.8491542339324951 -1.8914159536361694 0.0036692619323730469 1
-1.8485285043716431 -1.8913968801498413 0.0022459030151367188 1
-1.8466837406158447 -1.8916739225387573 0.00011599063873291016 1
-1.849273681640625 -1.8914245367050171 0.0021278858184814453 1
-1.8469648361206055 -1.8914481401443481 0.00073575973510742188 1
-1.848535418510437 -1.8909162282943726 0.0022696256637573242 1
-1.8466483354568481 -1.8917958736419678 0.00014495849609375 1
-1.8465250730514526 -1.8918275833129883 0.00038850307464599609 1
-1.8462380170822144 -1.8913726806640625 0.0016927719116210938 1
-1.8492302894592285 -1.8916070461273193 0.0033370256423950195 1
-1.8461974859237671 -1.8915746212005615 0.0015653371810913086 1
-1.8468950986862183 -1.8906300067901611 0.00097942352294921875 1
-1.8490197658538818 -1.8919575214385986 0.0032465457916259766 1
-1.8490052223205566 -1.8904619216918945 0.0032297372817993164 1
-1.8468180894851685 -1.8907654285430908 0.00097036361694335938 1
-1.850017786026001 -1.8912351131439209 0.0023492574691772461 1
-1.8464576005935669 -1.8916366100311279 0.00017249584197998047 1
-1.8473193645477295 -1.8908811807632446 0.00077998638153076172 1
-1.8490920066833496 -1.8915277719497681 0.0036119222640991211 1
-1.8485016822814941 -1.8914192914962769 0.002545475959777832 1
-1.8464711904525757 -1.8909021615982056 0.00095713138580322266 1
-1.8468865156173706 -1.8910800218582153 0.0018422603607177734 1
-1.8464463949203491 -1.890777587890625 0.00035226345062255859 1
-1.8486747741699219 -1.890772819519043 0.0011363029479980469 1
-1.8479514122009277 -1.8916023969650269 0.00092554092407226562 1
-1.847098708152771 -1.890839695930481 0.00071322917938232422 1
-1.8489757776260376 -1.891823410987854 0.0034731626510620117 1
-1.8465225696563721 -1.891816258430481 0.00016045570373535156 1
-1.8487446308135986 -1.891498327255249 0.0031404495239257812 1
-1.8463964462280273 -1.8907681703567505 0.000904083251953125 1
-1.8494677543640137 -1.8916895389556885 0.0023038387298583984 1
-1.8466188907623291 -1.8908755779266357 0.0019317865371704102 1
-1.8467545509338379 -1.8915950059890747 0.00074291229248046875 1
-1.8464393615722656 -1.89146888256073 0.00082242488861083984 1
-1.8489561080932617 -1.8908141851425171 0.0021902322769165039 1
-1.8481378555297852 -1.8907871246337891 0.00073421001434326172 1
-1.8490450382232666 -1.8915543556213379 0.0037083625793457031 1
-1.8493413925170898 -1.891035795211792 0.003538966178894043 1
-1.8488256931304932 -1.8914813995361328 0.0025994777679443359 1
-1.8462252616882324 -1.8910344839096069 0.0017148256301879883 1
-1.8467109203338623 -1.8910348415374756 0.00076806545257568359 1
-1.84703528881073 -1.8907811641693115 0.00063729286193847656 1
-1.8467613458633423 -1.8906712532043457 0.00090265274047851562 1
-1.8486108779907227 -1.8909162282943726 0.0023531913757324219 1
-1.8488584756851196 -1.8913551568984985 0.0034936666488647461 1
-1.8462982177734375 -1.8909875154495239 0.0017399787902832031 1
-1.8490055799484253 -1.8915102481842041 0.0036169290542602539 1
-1.8490356206893921 -1.8906787633895874 0.0032371282577514648 1
-1.8470114469528198 -1.8917503356933594 0.0018547773361206055 1
-1.8489855527877808 -1.8906002044677734 0.002982020378112793 1
-1.849001407623291 -1.8905807733535767 0.0031650066375732422 1
-1.8461639881134033 -1.8910435438156128 0.0015122890472412109 1
-1.8492401838302612 -1.890710711479187 0.0031316280364990234 1
-1.849055290222168 -1.8908637762069702 0.0022889375686645508 1
-1.8494695425033569 -1.8914393186569214 0.0021009445190429688 1
-1.8482861518859863 -1.8911583423614502 0.000823974609375 1
-1.8488980531692505 -1.8914265632629395 0.0032601356506347656 1
-1.8463290929794312 -1.8910802602767944 0.0014402866363525391 1
-1.8491557836532593 -1.8910901546478271 0.0020244121551513672 1
-1.8490750789642334 -1.8916364908218384 0.0022222995758056641 1
-1.8490203619003296 -1.8914279937744141 0.0035463571548461914 1
-1.8490777015686035 -1.8908176422119141 0.0037306547164916992 1
-1.8484894037246704 -1.8915923833847046 0.0022222995758056641 1
-1.8469963073730469 -1.8908452987670898 0.00066983699798583984 1
-1.849335789680481 -1.8907160758972168 0.0032418966293334961 1
-1.8489753007888794 -1.8914293050765991 0.0036029815673828125 1
-1.8487746715545654 -1.891325831413269 0.0033751726150512695 1
-1.8492392301559448 -1.8914531469345093 0.0036154985427856445 1
-1.8465950489044189 -1.8916099071502686 0.00078403949737548828 1
-1.8492085933685303 -1.8907430171966553 0.0034126043319702148 1
-1.8462038040161133 -1.8912880420684814 0.0016870498657226562 1
-1.8482315540313721 -1.8916206359863281 0.00061476230621337891 1
-1.8485854864120483 -1.8912289142608643 0.0027002096176147461 1
-1.8489017486572266 -1.8904563188552856 0.0033260583877563477 1
-1.847489595413208 -1.8917155265808105 0.001918792724609375 1
-1.8466575145721436 -1.8915715217590332 0.00018489360809326172 1
-1.8489530086517334 -1.8918576240539551 0.0034804344177246094 1
-1.8488665819168091 -1.8913271427154541 0.0018564462661743164 1
-1.8488770723342896 -1.8911337852478027 0.0018587112426757812 1
-1.8461523056030273 -1.8910926580429077 0.001708984375 1
-1.8491566181182861 -1.8916642665863037 0.0034089088439941406 1
-1.846645712852478 -1.8913201093673706 0.00081861019134521484 1
-1.8482853174209595 -1.8911224603652954 0.00096416473388671875 1
-1.8492476940155029 -1.8910104036331177 0.0036439895629882812 1
-1.8489459753036499 -1.8915115594863892 0.003579258918762207 1
-1.8486698865890503 -1.8915895223617554 0.0029771327972412109 1
-1.8481578826904297 -1.8907064199447632 0.00084900856018066406 1
-1.8465744256973267 -1.8915570974349976 0.00019025802612304688 1
-1.8474754095077515 -1.8907575607299805 0.0019305944442749023 1
-1.8464940786361694 -1.8908627033233643 0.00067627429962158203 1
-1.8490195274353027 -1.8914425373077393 0.0036084651947021484 1
-1.8483443260192871 -1.8916127681732178 0.00048935413360595703 1
-1.849071741104126 -1.8907749652862549 0.0034685134887695312 1
-1.8491705656051636 -1.8915754556655884 0.0036218166351318359 1
-1.8464375734329224 -1.8916007280349731 0.00072658061981201172 1
-1.8478595018386841 -1.8917335271835327 0.0021433830261230469 1
-1.8478796482086182 -1.8907606601715088 0.0020459890365600586 1
-1.848976731300354 -1.8909544944763184 0.0034767389297485352 1
-1.8465949296951294 -1.8909622430801392 0.00051558017730712891 1
-1.8463009595870972 -1.8914142847061157 0.0013853311538696289 1
-1.8487764596939087 -1.8910630941390991 0.0014567375183105469 1
-1.8471283912658691 -1.8917028903961182 0.00073134899139404297 1
-1.8464161157608032 -1.8912562131881714 0.0016088485717773438 1
-1.849077582359314 -1.8910173177719116 0.0021134614944458008 1
-1.84861159324646 -1.89154052734375 0.0022656917572021484 1
-1.8486945629119873 -1.890984058380127 0.0023038387298583984 1
-1.8491328954696655 -1.8910833597183228 0.0021823644638061523 1
-1.8491770029067993 -1.891674280166626 0.0035400390625 1
-1.8472586870193481 -1.8908776044845581 0.00066435337066650391 1
-1.8472224473953247 -1.8910365104675293 0.00065708160400390625 1
-1.846207857131958 -1.8913966417312622 0.0015445947647094727 1
-1.8490440845489502 -1.891008734703064 0.0035270452499389648 1
-1.8485977649688721 -1.8915786743164062 0.0024363994598388672 1
-1.8490060567855835 -1.8920921087265015 0.0032927989959716797 1
-1.8489967584609985 -1.8904008865356445 0.0034087896347045898 1
-1.8491005897521973 -1.8908203840255737 0.0036137104034423828 1
-1.8466410636901855 -1.8916389942169189 0.0019209384918212891 1
-1.8467087745666504 -1.890998363494873 0.0018552541732788086 1
-1.8489810228347778 -1.8904925584793091 0.0033668279647827148 1
-1.8486803770065308 -1.8916043043136597 0.00079822540283203125 1
-1.8491036891937256 -1.8907948732376099 0.0036505460739135742 1
-1.849973201751709 -1.8912482261657715 0.0022485256195068359 1
-1.8469916582107544 -1.8908023834228516 0.00060570240020751953 1
-1.8489645719528198 -1.8906289339065552 0.003398895263671875 1
-1.848207950592041 -1.8915095329284668 0.0023323297500610352 1
-1.8481816053390503 -1.8909538984298706 0.0023123025894165039 1
-1.8489440679550171 -1.8906610012054443 0.003326416015625 1
-1.8464400768280029 -1.8914510011672974 0.0013638734817504883 1
-1.8491379022598267 -1.8917741775512695 0.0034999847412109375 1
-1.8485108613967896 -1.8910293579101562 0.0023146867752075195 1
-1.8499366044998169 -1.8912467956542969 0.002196192741394043 1
-1.8488677740097046 -1.8915935754776001 0.0032370090484619141 1
-1.8483549356460571 -1.8918681144714355 0.00022041797637939453 1
-1.8489923477172852 -1.8910408020019531 0.003426671028137207 1
-1.8491100072860718 -1.8908466100692749 0.0034478902816772461 1
-1.8497002124786377 -1.8915753364562988 0.0025748014450073242 1
-1.849001407623291 -1.8913910388946533 0.0036630630493164062 1
-1.8470959663391113 -1.8907860517501831 0.00073337554931640625 1
-1.8492085933685303 -1.8917533159255981 0.0029655694961547852 1
-1.8492076396942139 -1.8907288312911987 0.0029823780059814453 1
-1.8491249084472656 -1.8917397260665894 0.0034867525100708008 1
-1.8485851287841797 -1.8911749124526978 0.0022484064102172852 1
-1.8479006290435791 -1.8912670612335205 0.00078523159027099609 1
-1.8470299243927002 -1.8908394575119019 0.00063323974609375 1
-1.8491705656051636 -1.8909164667129517 0.0034997463226318359 1
-1.8481196165084839 -1.8917359113693237 0.0021405220031738281 1
-1.8481141328811646 -1.8907902240753174 0.0021169185638427734 1
-1.8489717245101929 -1.8910564184188843 0.0020756721496582031 1
-1.8490631580352783 -1.8915532827377319 0.0032675266265869141 1
-1.846204400062561 -1.891049861907959 0.0015791654586791992 1
-1.8464611768722534 -1.8910596370697021 0.001402735710144043 1
-1.8489053249359131 -1.8918743133544922 0.0031642913818359375 1
-1.8490539789199829 -1.8920937776565552 0.0034295320510864258 1
-1.8487668037414551 -1.8906488418579102 0.0029109716415405273 1
-1.8475507497787476 -1.8910431861877441 0.00073552131652832031 1
-1.8498817682266235 -1.8909841775894165 0.0025039911270141602 1
-1.8487515449523926 -1.891851544380188 0.0011740922927856445 1
-1.8474396467208862 -1.8921009302139282 0.00099587440490722656 1
-1.8488800525665283 -1.8907465934753418 0.0034592151641845703 1
-1.8476812839508057 -1.8907735347747803 0.00078415870666503906 1
-1.8485383987426758 -1.8915380239486694 0.0023753643035888672 1
-1.8472408056259155 -1.8917900323867798 0.00078630447387695312 1
-1.8486534357070923 -1.8913918733596802 0.0018746852874755859 1
-1.8497201204299927 -1.8906298875808716 0.0023658275604248047 1
-1.8473111391067505 -1.8908600807189941 0.00064551830291748047 1
-1.8462340831756592 -1.8912268877029419 0.001467585563659668 1
-1.8492382764816284 -1.8908065557479858 0.0032811164855957031 1
-1.848942756652832 -1.8916269540786743 0.0034536123275756836 1
-1.8461352586746216 -1.8910905122756958 0.0016111135482788086 1
-1.8493407964706421 -1.8915857076644897 0.0035470724105834961 1
-1.8492130041122437 -1.8915903568267822 0.0036575794219970703 1
-1.8491733074188232 -1.8914898633956909 0.0035997629165649414 1
-1.8491214513778687 -1.8905426263809204 0.003291010856628418 1
-1.8488694429397583 -1.8907382488250732 0.0031677484512329102 1
-1.8473978042602539 -1.8913897275924683 0.0021662712097167969 1
-1.8468354940414429 -1.891759991645813 0.00043570995330810547 1
-1.848527193069458 -1.8916668891906738 0.00225830078125 1
-1.8463407754898071 -1.8913959264755249 0.0015374422073364258 1
-1.8492459058761597 -1.8916614055633545 0.0036638975143432617 1
-1.8490067720413208 -1.890841007232666 0.0032110214233398438 1
-1.8489090204238892 -1.8905755281448364 0.0033552646636962891 1
-1.8468552827835083 -1.8908997774124146 0.00060927867889404297 1
-1.8490808010101318 -1.8916537761688232 0.0034708976745605469 1
-1.84907066822052 -1.8909201622009277 0.003475189208984375 1
-1.8490809202194214 -1.8909244537353516 0.003663182258605957 1
-1.8473316431045532 -1.8917891979217529 0.0011198520660400391 1
-1.8486294746398926 -1.8913997411727905 0.0028184652328491211 1
-1.8485406637191772 -1.8915387392044067 0.002524256706237793 1
-1.8490452766418457 -1.8910458087921143 0.0036191940307617188 1
-1.8491119146347046 -1.8915300369262695 0.0035607814788818359 1
-1.8493080139160156 -1.8911119699478149 0.0021222829818725586 1
-1.848919153213501 -1.8903408050537109 0.0032808780670166016 1
-1.84928297996521 -1.8909657001495361 0.0036282539367675781 1
-1.8461951017379761 -1.8913140296936035 0.0014573335647583008 1
-1.849130392074585 -1.8908860683441162 0.002665400505065918 1
-1.8493008613586426 -1.8909474611282349 0.0032542943954467773 1
-1.8462108373641968 -1.8912817239761353 0.0015184879302978516 1
-1.8473479747772217 -1.8915799856185913 0.00074422359466552734 1
-1.8490599393844604 -1.8910871744155884 0.0035642385482788086 1
-1.8488391637802124 -1.8917996883392334 0.0030149221420288086 1
-1.8478422164916992 -1.891096830368042 0.0023224353790283203 1
-1.8472285270690918 -1.8907915353775024 0.00067281723022460938 1
-1.8465456962585449 -1.8910874128341675 0.00079464912414550781 1
-1.8463625907897949 -1.890873908996582 0.0015853643417358398 1
-1.8460979461669922 -1.8913727998733521 0.0015836954116821289 1
-1.8491865396499634 -1.8915977478027344 0.0036503076553344727 1
-1.8491907119750977 -1.8915836811065674 0.0035773515701293945 1
-1.8489083051681519 -1.8915845155715942 0.0035572052001953125 1
-1.8473650217056274 -1.8914240598678589 0.0022875070571899414 1
-1.8476983308792114 -1.8907541036605835 0.00069189071655273438 1
-1.8488459587097168 -1.8914539813995361 0.0020955801010131836 1
-1.8492239713668823 -1.8914629220962524 0.0033484697341918945 1
-1.8464721441268921 -1.8911614418029785 0.00091183185577392578 1
-1.8462734222412109 -1.891226053237915 0.0015773773193359375 1
-1.8484456539154053 -1.8909996747970581 0.002406001091003418 1
-1.848746657371521 -1.8909920454025269 0.0021442174911499023 1
-1.8491178750991821 -1.8919126987457275 0.0033591985702514648 1
-1.8469324111938477 -1.8907208442687988 0.0010679960250854492 1
-1.8498568534851074 -1.8918532133102417 0.0024044513702392578 1
-1.8489772081375122 -1.8910788297653198 0.0035696029663085938 1
-1.8490653038024902 -1.8915526866912842 0.0036437511444091797 1
-1.8464874029159546 -1.8909232616424561 0.0016877651214599609 1
-1.8474502563476562 -1.8904004096984863 0.0010091066360473633 1
-1.849172830581665 -1.8908872604370117 0.0037723779678344727 1
-1.8496106863021851 -1.8917102813720703 0.0027475357055664062 1
-1.8489493131637573 -1.89176344871521 0.0033882856369018555 1
-1.8488881587982178 -1.8917182683944702 0.0033713579177856445 1
-1.8466358184814453 -1.8908141851425171 0.00113677978515625 1
-1.8496749401092529 -1.8906645774841309 0.002486109733581543 1
-1.8461759090423584 -1.8910058736801147 0.0015176534652709961 1
-1.8488223552703857 -1.89137864112854 0.0028901100158691406 1
-1.8466476202011108 -1.8911323547363281 0.00071394443511962891 1
-1.8469829559326172 -1.8916606903076172 0.00068986415863037109 1
-1.8485827445983887 -1.8914389610290527 0.0010652542114257812 1
-1.8489603996276855 -1.8917034864425659 0.0031810998916625977 1
-1.8462055921554565 -1.8909832239151001 0.00164031982421875 1
-1.8489196300506592 -1.8906539678573608 0.0034091472625732422 1
-1.8490372896194458 -1.8915872573852539 0.0038237571716308594 1
-1.846269965171814 -1.8913736343383789 0.0015984773635864258 1
-1.8489489555358887 -1.8915324211120605 0.0034567117691040039 1
-1.848310112953186 -1.8915162086486816 0.0020093917846679688 1
-1.8470245599746704 -1.8914873600006104 0.00069797039031982422 1
-1.8470464944839478 -1.8917245864868164 0.00073742866516113281 1
-1.8494141101837158 -1.8908649682998657 0.0034322738647460938 1
-1.8492437601089478 -1.8915144205093384 0.0035289525985717773 1
-1.8478752374649048 -1.8919672966003418 0.0011377334594726562 1
-1.8476725816726685 -1.8914957046508789 0.00080919265747070312 1
-1.8486829996109009 -1.8908919095993042 0.0012453794479370117 1
-1.8466408252716064 -1.8907915353775024 0.0017465353012084961 1
-1.8490747213363647 -1.8915292024612427 0.0037384033203125 1
-1.8491103649139404 -1.8916796445846558 0.0037513971328735352 1
-1.8491100072860718 -1.8909764289855957 0.0020596981048583984 1
-1.8490879535675049 -1.8906674385070801 0.0028845071792602539 1
-1.8489353656768799 -1.8918372392654419 0.0034285783767700195 1
-1.8466395139694214 -1.8915246725082397 0.00046217441558837891 1
-1.8462898731231689 -1.8913015127182007 0.0012795925140380859 1
-1.8491288423538208 -1.8912283182144165 0.0021303892135620117 1
-1.8489253520965576 -1.8918730020523071 0.0034635066986083984 1
-1.8489149808883667 -1.8917655944824219 0.0034390687942504883 1
-1.8490777015686035 -1.8915776014328003 0.0034942626953125 1
-1.847286581993103 -1.8905714750289917 0.0012489557266235352 1
-1.8491150140762329 -1.8913981914520264 0.0035407543182373047 1
-1.8463045358657837 -1.8911632299423218 0.0012356042861938477 1
-1.8490808010101318 -1.8914293050765991 0.0036095380783081055 1
-1.8464449644088745 -1.8906846046447754 0.00072216987609863281 1
-1.8489624261856079 -1.8905990123748779 0.0029268264770507812 1
-1.8484183549880981 -1.891756534576416 0.00079131126403808594 1
-1.846325159072876 -1.8910216093063354 0.001639246940612793 1
-1.8491722345352173 -1.8914738893508911 0.0035413503646850586 1
-1.8491712808609009 -1.8916698694229126 0.0036150217056274414 1
-1.8489831686019897 -1.891543984413147 0.0037354230880737305 1
-1.8465230464935303 -1.8916041851043701 0.00014841556549072266 1
-1.8489047288894653 -1.8916270732879639 0.0035305023193359375 1
-1.8467973470687866 -1.8917156457901001 0.0018523931503295898 1
-1.8492869138717651 -1.8916012048721313 0.0035725831985473633 1
-1.8464673757553101 -1.891636848449707 0.0012834072113037109 1
-1.8467061519622803 -1.8906365633010864 0.00037848949432373047 1
-1.8485479354858398 -1.8908481597900391 0.0022745132446289062 1
-1.8461050987243652 -1.8911422491073608 0.0016065835952758789 1
-1.8490513563156128 -1.8913874626159668 0.0022563934326171875 1
-1.8463335037231445 -1.8914803266525269 0.0012495517730712891 1
-1.8489072322845459 -1.8907634019851685 0.0034985542297363281 1
-1.8490767478942871 -1.8908095359802246 0.0035333633422851562 1
-1.8491238355636597 -1.8915908336639404 0.0037802457809448242 1
-1.8491911888122559 -1.8919730186462402 0.0033447742462158203 1
-1.8462252616882324 -1.8910199403762817 0.0016165971755981445 1
-1.8470953702926636 -1.8908615112304688 0.00066030025482177734 1
-1.8482398986816406 -1.8916740417480469 0.0018621683120727539 1
-1.8490687608718872 -1.8915069103240967 0.0036973953247070312 1
-1.8462334871292114 -1.8911780118942261 0.0017209053039550781 1
-1.8491533994674683 -1.8908182382583618 0.003811955451965332 1
-1.8490341901779175 -1.8915821313858032 0.0035548210144042969 1
-1.8485679626464844 -1.8908536434173584 0.0023094415664672852 1
-1.8495882749557495 -1.89066481590271 0.0022432804107666016 1
-1.849137544631958 -1.8917009830474854 0.0034878253936767578 1
-1.8491373062133789 -1.8916240930557251 0.003689885139465332 1
-1.8489375114440918 -1.8916548490524292 0.0033433437347412109 1
-1.8466343879699707 -1.891221284866333 0.00076377391815185547 1
-1.849236011505127 -1.8914639949798584 0.0036540031433105469 1
-1.8475136756896973 -1.8909211158752441 0.00067961215972900391 1
-1.8491861820220947 -1.8910979032516479 0.0020906925201416016 1
-1.8489753007888794 -1.8919076919555664 0.0029263496398925781 1
-1.8461252450942993 -1.8910545110702515 0.0015996694564819336 1
-1.8469412326812744 -1.8915663957595825 0.00060498714447021484 1
-1.8488855361938477 -1.8909024000167847 0.0029779672622680664 1
-1.8490802049636841 -1.8917295932769775 0.0035828351974487305 1
-1.8479746580123901 -1.89176344871521 0.00075364112854003906 1
-1.8463565111160278 -1.8914024829864502 0.0011299848556518555 1
-1.8482943773269653 -1.8913418054580688 0.00082612037658691406 1
-1.8485093116760254 -1.8908857107162476 0.0015038251876831055 1
-1.8491051197052002 -1.8916661739349365 0.0035690069198608398 1
-1.8462520837783813 -1.8909879922866821 0.0016771554946899414 1
-1.8490341901779175 -1.8909298181533813 0.0036237239837646484 1
-1.849145770072937 -1.891643762588501 0.0038300752639770508 1
-1.8491361141204834 -1.8907393217086792 0.003505706787109375 1
-1.8465424776077271 -1.8914281129837036 0.000759124755859375 1
-1.8470317125320435 -1.8908666372299194 0.00075960159301757812 1
-1.8490951061248779 -1.8914828300476074 0.0036077499389648438 1
-1.8487111330032349 -1.8908678293228149 0.0026495456695556641 1
-1.8479517698287964 -1.8908587694168091 0.00069582462310791016 1
-1.8469395637512207 -1.8909413814544678 0.00060367584228515625 1
-1.8491975069046021 -1.8906983137130737 0.00331878662109375 1
-1.8485262393951416 -1.8915108442306519 0.00091528892517089844 1
-1.8490374088287354 -1.8911237716674805 0.0020638704299926758 1
-1.84904944896698 -1.8914884328842163 0.0036044120788574219 1
-1.8477562665939331 -1.8910274505615234 0.00072789192199707031 1
-1.848839282989502 -1.8919398784637451 0.0033981800079345703 1
-1.8490644693374634 -1.8914828300476074 0.0036607980728149414 1
-1.8460381031036377 -1.8912253379821777 0.0015505552291870117 1
-1.8487869501113892 -1.8914927244186401 0.0018880367279052734 1
-1.8490747213363647 -1.8910852670669556 0.0036325454711914062 1
-1.8491562604904175 -1.8909560441970825 0.0036101341247558594 1
-1.846545934677124 -1.8917100429534912 0.00010967254638671875 1
-1.8492552042007446 -1.8910434246063232 0.003570556640625 1
-1.8488661050796509 -1.8908810615539551 0.0034716129302978516 1
-1.8498820066452026 -1.8915534019470215 0.0023046731948852539 1
-1.8472399711608887 -1.8908802270889282 0.00071847438812255859 1
-1.8489911556243896 -1.8908787965774536 0.0035331249237060547 1
-1.8489108085632324 -1.8907090425491333 0.0034297704696655273 1
-1.8476090431213379 -1.8904083967208862 0.0009288787841796875 1
-1.8461933135986328 -1.8915432691574097 0.0014826059341430664 1
-1.8490680456161499 -1.8916000127792358 0.0037391185760498047 1
-1.849003791809082 -1.8911584615707397 0.0035909414291381836 1
-1.8467984199523926 -1.8907409906387329 0.001565098762512207 1
-1.848382830619812 -1.8917582035064697 0.0019524097442626953 1
-1.8461654186248779 -1.8913419246673584 0.0015773773193359375 1
-1.8468167781829834 -1.8913367986679077 0.0009365081787109375 1
-1.848847508430481 -1.8912442922592163 0.0016731023788452148 1
-1.8490074872970581 -1.891504168510437 0.0037368535995483398 1
-1.8473798036575317 -1.8917182683944702 0.00097703933715820312 1
-1.8474491834640503 -1.8916101455688477 0.00085926055908203125 1
-1.8479363918304443 -1.8920133113861084 0.00098979473114013672 1
-1.8489278554916382 -1.8917289972305298 0.00347900390625 1
-1.8492022752761841 -1.8907740116119385 0.0035234689712524414 1
-1.8491097688674927 -1.8909307718276978 0.0035654306411743164 1
-1.8491493463516235 -1.8914182186126709 0.0036221742630004883 1
-1.8478360176086426 -1.8908880949020386 0.00080275535583496094 1
-1.8475790023803711 -1.8909045457839966 0.0021828413009643555 1
-1.8473218679428101 -1.8916456699371338 0.00067555904388427734 1
-1.8470480442047119 -1.8912369012832642 0.00071680545806884766 1
-1.8479655981063843 -1.891640305519104 0.000766754150390625 1
-1.8488872051239014 -1.8919020891189575 0.0034688711166381836 1
-1.8472714424133301 -1.8919633626937866 0.0011030435562133789 1
-1.8489450216293335 -1.8913969993591309 0.0036418437957763672 1
-1.8491562604904175 -1.8915441036224365 0.003697514533996582 1
-1.8474040031433105 -1.8907837867736816 0.00086307525634765625 1
-1.8485125303268433 -1.8909347057342529 0.0023676156997680664 1
-1.8494305610656738 -1.8907314538955688 0.0022286176681518555 1
-1.8490856885910034 -1.891685962677002 0.0035355091094970703 1
-1.8484214544296265 -1.8914629220962524 0.002463221549987793 1
-1.8470200300216675 -1.8915485143661499 0.00064313411712646484 1
-1.8468209505081177 -1.8911625146865845 0.00078928470611572266 1
-1.8461868762969971 -1.8910214900970459 0.0016373395919799805 1
-1.8486212491989136 -1.8906693458557129 0.0010207891464233398 1
-1.8461107015609741 -1.8912914991378784 0.0015608072280883789 1
-1.8467346429824829 -1.8915274143218994 0.00055098533630371094 1
-1.8471910953521729 -1.8908852338790894 0.00061559677124023438 1
-1.846135139465332 -1.8913495540618896 0.0015900135040283203 1
-1.849172830581665 -1.8906899690628052 0.0034295320510864258 1
-1.8487191200256348 -1.891697883605957 0.0012612342834472656 1
-1.8493229150772095 -1.8913285732269287 0.0035206079483032227 1
-1.8465886116027832 -1.891620397567749 0.00012314319610595703 1
-1.8491975069046021 -1.8908957242965698 0.0036671161651611328 1
-1.8464206457138062 -1.8911854028701782 0.0010128021240234375 1
-1.8490599393844604 -1.8905172348022461 0.0034132003784179688 1
-1.849016547203064 -1.8915729522705078 0.003682255744934082 1
-1.8464508056640625 -1.891232967376709 0.00094020366668701172 1
-1.8490417003631592 -1.8909049034118652 0.0038448572158813477 1
-1.8462133407592773 -1.891377329826355 0.001433253288269043 1
-1.8490839004516602 -1.8908034563064575 0.0035858154296875 1
-1.8490991592407227 -1.8910139799118042 0.0036417245864868164 1
-1.8465876579284668 -1.8917645215988159 0.0017527341842651367 1
-1.8490387201309204 -1.8916798830032349 0.0035468339920043945 1
-1.8490129709243774 -1.8915842771530151 0.003470301628112793 1
-1.8492652177810669 -1.8909757137298584 0.0035802125930786133 1
-1.8497364521026611 -1.891007661819458 0.0021680593490600586 1
-1.8491277694702148 -1.8919625282287598 0.0032575130462646484 1
-1.8498735427856445 -1.8909707069396973 0.0022987127304077148 1
-1.8461766242980957 -1.8910273313522339 0.0014495849609375 1
-1.8489552736282349 -1.8911420106887817 0.00199127197265625 1
-1.848899245262146 -1.8921240568161011 0.003352046012878418 1
-1.8491275310516357 -1.8917831182479858 0.0033435821533203125 1
-1.8464130163192749 -1.8917331695556641 0.0014019012451171875 1
-1.8461670875549316 -1.891278862953186 0.0013344287872314453 1
-1.8460999727249146 -1.8913434743881226 0.0016131401062011719 1
-1.8489937782287598 -1.891392707824707 0.0020805597305297852 1
-1.8492860794067383 -1.8916218280792236 0.0035235881805419922 1
-1.8489314317703247 -1.8919737339019775 0.0033327341079711914 1
-1.849047064781189 -1.8913321495056152 0.0034872293472290039 1
-1.8493584394454956 -1.8917030096054077 0.0033826828002929688 1
-1.8493369817733765 -1.8907893896102905 0.0033566951751708984 1
-1.8466881513595581 -1.8917384147644043 0.00026166439056396484 1
-1.8492424488067627 -1.8914932012557983 0.0036453008651733398 1
-1.8490308523178101 -1.8915084600448608 0.0036568641662597656 1
-1.8481333255767822 -1.8909430503845215 0.00076735019683837891 1
-1.84907066822052 -1.8910192251205444 0.0036700963973999023 1
-1.8461114168167114 -1.8912030458450317 0.0015608072280883789 1
-1.8492399454116821 -1.8914285898208618 0.0034638643264770508 1
-1.8483401536941528 -1.8906069993972778 0.00021982192993164062 1
-1.8460865020751953 -1.8912903070449829 0.0015884637832641602 1
-1.8469139337539673 -1.8908618688583374 0.00069177150726318359 1
-1.8485822677612305 -1.8916529417037964 0.0022878646850585938 1
-1.8496332168579102 -1.8916422128677368 0.0023655891418457031 1
-1.8468091487884521 -1.8917115926742554 0.00031173229217529297 1
-1.8485794067382812 -1.8918952941894531 0.0010614395141601562 1
-1.849001407623291 -1.8915350437164307 0.0036685466766357422 1
-1.8464242219924927 -1.8909932374954224 0.0018082857131958008 1
-1.8489140272140503 -1.8908945322036743 0.0035507678985595703 1
-1.8483405113220215 -1.8915988206863403 0.00082671642303466797 1
-1.8460872173309326 -1.8912451267242432 0.0016130208969116211 1
-1.8470182418823242 -1.8909475803375244 0.00064527988433837891 1
-1.8463679552078247 -1.8910083770751953 0.0015093088150024414 1
-1.8464280366897583 -1.8915648460388184 0.00090003013610839844 1
-1.8489518165588379 -1.8907272815704346 0.0033799409866333008 1
-1.8488937616348267 -1.8921948671340942 0.0032848119735717773 1
-1.8472639322280884 -1.8917475938796997 0.00068843364715576172 1
-1.849191427230835 -1.8915578126907349 0.0036522150039672852 1
-1.8488855361938477 -1.8914361000061035 0.0019720792770385742 1
-1.8489947319030762 -1.8915292024612427 0.0036396980285644531 1
-1.8489319086074829 -1.8918300867080688 0.0034730434417724609 1
-1.8496208190917969 -1.8918271064758301 0.0022442340850830078 1
-1.8461099863052368 -1.8914273977279663 0.0016404390335083008 1
-1.8491935729980469 -1.8917014598846436 0.0036283731460571289 1
-1.8465507030487061 -1.8911510705947876 0.00085806846618652344 1
-1.8491668701171875 -1.8915001153945923 0.0036324262619018555 1
-1.8489625453948975 -1.8921242952346802 0.0034357309341430664 1
-1.8462455272674561 -1.8910702466964722 0.0015385150909423828 1
-1.8489893674850464 -1.8916068077087402 0.0035736560821533203 1
-1.8461589813232422 -1.8911826610565186 0.0013861656188964844 1
-1.8485368490219116 -1.8914861679077148 0.0017606019973754883 1
-1.8490020036697388 -1.8914639949798584 0.0036284923553466797 1
-1.848844051361084 -1.890687108039856 0.0030684471130371094 1
-1.8468843698501587 -1.8916972875595093 0.00055205821990966797 1
-1.8461649417877197 -1.8914074897766113 0.0015847682952880859 1
-1.8470383882522583 -1.8914108276367188 0.00066876411437988281 1
-1.8490033149719238 -1.8905583620071411 0.0033081769943237305 1
-1.8492085933685303 -1.8916811943054199 0.0035755634307861328 1
-1.8462481498718262 -1.891201376914978 0.0013598203659057617 1
-1.8479341268539429 -1.8912825584411621 0.00095164775848388672 1
-1.8491874933242798 -1.8916083574295044 0.0036810636520385742 1
-1.8464714288711548 -1.8908001184463501 0.0013380050659179688 1
-1.8491119146347046 -1.891829252243042 0.0030821561813354492 1
-1.849145770072937 -1.8915200233459473 0.0036796331405639648 1
-1.8470137119293213 -1.8912973403930664 0.00060498714447021484 1
-1.8473588228225708 -1.8917570114135742 0.00083994865417480469 1
-1.8492090702056885 -1.89101243019104 0.0036041736602783203 1
-1.8491206169128418 -1.8910055160522461 0.0037436485290527344 1
-1.84842848777771 -1.8915994167327881 0.0018694400787353516 1
-1.846351146697998 -1.8912593126296997 0.0011365413665771484 1
-1.8490368127822876 -1.8918401002883911 0.003340601921081543 1
-1.846802830696106 -1.8909615278244019 0.00068461894989013672 1
-1.8489913940429688 -1.8917889595031738 0.0034916400909423828 1
-1.8490478992462158 -1.8913338184356689 0.003597259521484375 1
-1.8490046262741089 -1.8917094469070435 0.0034271478652954102 1
-1.8491437435150146 -1.8907772302627563 0.0034658908843994141 1
-1.8461318016052246 -1.8912839889526367 0.001524806022644043 1
-1.8461841344833374 -1.8910213708877563 0.0015980005264282227 1
-1.8462704420089722 -1.8910808563232422 0.0017169713973999023 1
-1.8460685014724731 -1.8912204504013062 0.0015616416931152344 1
-1.8462511301040649 -1.8912508487701416 0.0010831356048583984 1
-1.8489278554916382 -1.8914244174957275 0.0035523176193237305 1
-1.8475619554519653 -1.8917165994644165 0.0010159015655517578 1
-1.8462554216384888 -1.891539454460144 0.0015310049057006836 1
-1.8470141887664795 -1.8905798196792603 0.0011661052703857422 1
-1.8462114334106445 -1.8911149501800537 0.0016554594039916992 1
-1.848249077796936 -1.8918067216873169 0.00014841556549072266 1
-1.8482688665390015 -1.8906737565994263 0.00012421607971191406 1
-1.8460804224014282 -1.8911296129226685 0.001639246940612793 1
-1.8495843410491943 -1.8907487392425537 0.002338409423828125 1
-1.8490515947341919 -1.8914813995361328 0.0037320852279663086 1
-1.8469998836517334 -1.8909109830856323 0.000690460205078125 1
-1.8485652208328247 -1.8908274173736572 0.0024918317794799805 1
-1.8489710092544556 -1.8919496536254883 0.0035164356231689453 1
-1.849088191986084 -1.8914657831192017 0.0035536289215087891 1
-1.8492481708526611 -1.8916705846786499 0.0034639835357666016 1
-1.8472105264663696 -1.8915888071060181 0.00063943862915039062 1
-1.848339319229126 -1.8909138441085815 0.0010933876037597656 1
-1.8475877046585083 -1.8915811777114868 0.00088357925415039062 1
-1.8497627973556519 -1.8916877508163452 0.0024495124816894531 1
-1.8486502170562744 -1.8906363248825073 0.0013033151626586914 1
-1.8472499847412109 -1.8914434909820557 0.00069034099578857422 1
-1.847201943397522 -1.8917100429534912 0.00097215175628662109 1
-1.8489795923233032 -1.891480565071106 0.0035895109176635742 1
-1.8491418361663818 -1.8908084630966187 0.0036911964416503906 1
-1.8491027355194092 -1.8908990621566772 0.0037872791290283203 1
-1.8491710424423218 -1.891499400138855 0.0036761760711669922 1
-1.8484692573547363 -1.8910017013549805 0.0024791955947875977 1
-1.8489454984664917 -1.8914940357208252 0.0035262107849121094 1
-1.8462297916412354 -1.8915383815765381 0.001604914665222168 1
-1.8490477800369263 -1.8909423351287842 0.002190709114074707 1
-1.848884105682373 -1.892021656036377 0.0032813549041748047 1
-1.8489147424697876 -1.891024112701416 0.0036056041717529297 1
-1.8473913669586182 -1.8910514116287231 0.00061941146850585938 1
-1.8468070030212402 -1.8914073705673218 0.0020506381988525391 1
-1.8471275568008423 -1.8907654285430908 0.00068044662475585938 1
-1.8465313911437988 -1.8914589881896973 0.00095856189727783203 1
-1.8489443063735962 -1.8910119533538818 0.0035396814346313477 1
-1.8490266799926758 -1.8915181159973145 0.0035299062728881836 1
-1.8462170362472534 -1.8910037279129028 0.0015540122985839844 1
-1.8461717367172241 -1.8911542892456055 0.0015382766723632812 1
-1.8488869667053223 -1.8919674158096313 0.0034711360931396484 1
-1.8485336303710938 -1.8914153575897217 0.00094568729400634766 1
-1.8490760326385498 -1.8916958570480347 0.0035805702209472656 1
-1.8489080667495728 -1.8917317390441895 0.0035006999969482422 1
-1.8473438024520874 -1.8915729522705078 0.00062274932861328125 1
-1.8489236831665039 -1.8909207582473755 0.0035061836242675781 1
-1.8477845191955566 -1.8917769193649292 0.0010852813720703125 1
-1.8491026163101196 -1.8909907341003418 0.0037230253219604492 1
-1.8492476940155029 -1.8911371231079102 0.0035747289657592773 1
-1.8462154865264893 -1.8912705183029175 0.0013442039489746094 1
-1.8462196588516235 -1.8913102149963379 0.0015927553176879883 1
-1.8470094203948975 -1.8915724754333496 0.00080621242523193359 1
-1.8488733768463135 -1.8919265270233154 0.0032488107681274414 1
-1.8488708734512329 -1.8905919790267944 0.0031334161758422852 1
-1.848230242729187 -1.8907462358474731 0.00020432472229003906 1
-1.8460956811904907 -1.8913381099700928 0.0015439987182617188 1
-1.8486377000808716 -1.8915355205535889 0.0007801055908203125 1
-1.8491877317428589 -1.8909754753112793 0.0035502910614013672 1
-1.8490098714828491 -1.8908599615097046 0.0033893585205078125 1
-1.8491580486297607 -1.8910534381866455 0.0036191940307617188 1
-1.8489542007446289 -1.8918734788894653 0.0033648014068603516 1
-1.8485718965530396 -1.8915915489196777 0.0023366212844848633 1
-1.8491164445877075 -1.8907195329666138 0.0034166574478149414 1
-1.8469871282577515 -1.8913636207580566 0.00062131881713867188 1
-1.8489079475402832 -1.8918752670288086 0.0034852027893066406 1
-1.8491933345794678 -1.890661358833313 0.0034583806991577148 1
-1.8461431264877319 -1.8911486864089966 0.0015110969543457031 1
-1.8464018106460571 -1.8912858963012695 0.0010135173797607422 1
-1.8489768505096436 -1.8906183242797852 0.0034641027450561523 1
-1.8491533994674683 -1.8916021585464478 0.0037435293197631836 1
-1.8491138219833374 -1.8910881280899048 0.0020793676376342773 1
-1.8491296768188477 -1.891505241394043 0.0036214590072631836 1
-1.8492469787597656 -1.8916295766830444 0.0035681724548339844 1
-1.8490577936172485 -1.8908183574676514 0.0039075613021850586 1
-1.849151611328125 -1.890782356262207 0.0038782358169555664 1
-1.8462307453155518 -1.891161322593689 0.00152587890625 1
-1.8485488891601562 -1.8909714221954346 0.0024363994598388672 1
-1.8489061594009399 -1.8904976844787598 0.0031810998916625977 1
-1.849191427230835 -1.890952467918396 0.0037457942962646484 1
-1.8490238189697266 -1.8916198015213013 0.0036554336547851562 1
-1.8484489917755127 -1.8915870189666748 0.00079905986785888672 1
-1.8491185903549194 -1.8915235996246338 0.0037299394607543945 1
-1.8490346670150757 -1.890861988067627 0.0036854743957519531 1
-1.8466403484344482 -1.8915879726409912 0.00062108039855957031 1
-1.8469152450561523 -1.8915610313415527 0.00054240226745605469 1
-1.8469188213348389 -1.8909378051757812 0.00054383277893066406 1
-1.8465142250061035 -1.891382098197937 0.00082933902740478516 1
-1.8491407632827759 -1.8916854858398438 0.0035630464553833008 1
-1.8491247892379761 -1.8906288146972656 0.0032008886337280273 1
-1.8491424322128296 -1.8915838003158569 0.003580927848815918 1
-1.8466136455535889 -1.8913320302963257 0.00076115131378173828 1
-1.8462120294570923 -1.8910490274429321 0.0016733407974243164 1
-1.8491470813751221 -1.8915040493011475 0.0036575794219970703 1
-1.8492048978805542 -1.891613245010376 0.0036134719848632812 1
-1.8489537239074707 -1.8917814493179321 0.0034908056259155273 1
-1.8460443019866943 -1.8912853002548218 0.0015524625778198242 1
-1.8461239337921143 -1.8913707733154297 0.0015634298324584961 1
-1.8490031957626343 -1.8915408849716187 0.0036109685897827148 1
-1.8472715616226196 -1.8907899856567383 0.00066208839416503906 1
-1.8461614847183228 -1.8911502361297607 0.001671910285949707 1
-1.8493927717208862 -1.8917897939682007 0.0025442838668823242 1
-1.8460533618927002 -1.891185998916626 0.001555323600769043 1
-1.8493638038635254 -1.8917649984359741 0.0031157732009887695 1
-1.8489220142364502 -1.8909035921096802 0.0034329891204833984 1
-1.8462827205657959 -1.890917181968689 0.001658320426940918 1
-1.8479437828063965 -1.8908852338790894 0.00075805187225341797 1
-1.8478959798812866 -1.8918851613998413 0.00094950199127197266 1
-1.8490414619445801 -1.89154052734375 0.0035978555679321289 1
-1.8466386795043945 -1.8910958766937256 0.00076353549957275391 1
-1.8492268323898315 -1.8915493488311768 0.0035911798477172852 1
-1.8493413925170898 -1.8915115594863892 0.0035178661346435547 1
-1.8491284847259521 -1.891674280166626 0.0035254955291748047 1
-1.848601222038269 -1.891249418258667 0.0025521516799926758 1
-1.8490921258926392 -1.8910017013549805 0.0037779808044433594 1
-1.8490815162658691 -1.8916374444961548 0.0038102865219116211 1
-1.8472131490707397 -1.8909187316894531 0.00065934658050537109 1
-1.8497480154037476 -1.890644907951355 0.0025758743286132812 1
-1.8491925001144409 -1.8916968107223511 0.0038042068481445312 1
-1.8490233421325684 -1.8915169239044189 0.0036989450454711914 1
-1.8491437435150146 -1.8909802436828613 0.0036580562591552734 1
-1.84923255443573 -1.8908418416976929 0.0034308433532714844 1
-1.8460471630096436 -1.8911987543106079 0.0015828609466552734 1
-1.8489257097244263 -1.8917039632797241 0.0034352540969848633 1
-1.8491904735565186 -1.8916622400283813 0.0035848617553710938 1
-1.8491725921630859 -1.891033411026001 0.00365447998046875 1
-1.8493332862854004 -1.8906265497207642 0.0025380849838256836 1
-1.849169135093689 -1.8915321826934814 0.0036588907241821289 1
-1.8491400480270386 -1.8914648294448853 0.0036079883575439453 1
-1.8491280078887939 -1.8906793594360352 0.0030648708343505859 1
-1.848967432975769 -1.8917840719223022 0.00351715087890625 1
-1.8491086959838867 -1.8908085823059082 0.0039210319519042969 1
-1.8491030931472778 -1.8913732767105103 0.0036278963088989258 1
-1.8490898609161377 -1.8908494710922241 0.0036554336547851562 1
-1.8460896015167236 -1.8913396596908569 0.0015695095062255859 1
-1.848924994468689 -1.8920133113861084 0.003186345100402832 1
-1.8489817380905151 -1.8920392990112305 0.003422856330871582 1
-1.8489800691604614 -1.8906673192977905 0.0030782222747802734 1
-1.8491791486740112 -1.8907876014709473 0.0035398006439208984 1
-1.846150279045105 -1.8911713361740112 0.001572728157043457 1
-1.8492312431335449 -1.8908662796020508 0.0035117864608764648 1
-1.8477712869644165 -1.8908854722976685 0.00071454048156738281 1
-1.8490712642669678 -1.8916053771972656 0.0036586523056030273 1
-1.8478118181228638 -1.8916810750961304 0.00075531005859375 1
-1.8489754199981689 -1.8915836811065674 0.0037093162536621094 1
-1.8497259616851807 -1.8918560743331909 0.0024068355560302734 1
-1.8492023944854736 -1.8916676044464111 0.0037561655044555664 1
-1.8490040302276611 -1.8909505605697632 0.0035833120346069336 1
-1.847177267074585 -1.8916863203048706 0.00081646442413330078 1
-1.8473013639450073 -1.8908253908157349 0.0007171630859375 1
-1.8490980863571167 -1.8908466100692749 0.0035297870635986328 1
-1.8494313955307007 -1.8917286396026611 0.0032904148101806641 1
-1.8489880561828613 -1.8908439874649048 0.0037219524383544922 1
-1.8484179973602295 -1.8909306526184082 0.00079512596130371094 1
-1.8490084409713745 -1.8916960954666138 0.0034946203231811523 1
-1.8490462303161621 -1.8914409875869751 0.0036332607269287109 1
-1.849073052406311 -1.8907994031906128 0.0038073062896728516 1
-1.8490345478057861 -1.8916503190994263 0.0036962032318115234 1
-1.8496758937835693 -1.8917744159698486 0.0025689601898193359 1
-1.8461353778839111 -1.891417384147644 0.0016051530838012695 1
-1.8473901748657227 -1.8907818794250488 0.00073957443237304688 1
-1.8485230207443237 -1.8915616273880005 0.0024522542953491211 1
-1.8489184379577637 -1.8922719955444336 0.003394007682800293 1
-1.8481618165969849 -1.8919534683227539 0.0016943216323852539 1
-1.848935604095459 -1.8915066719055176 0.0036138296127319336 1
-1.8493410348892212 -1.8909041881561279 0.0035035610198974609 1
-1.8471311330795288 -1.8915656805038452 0.00092136859893798828 1
-1.8490637540817261 -1.8917269706726074 0.0036053657531738281 1
-1.8489845991134644 -1.8908044099807739 0.003491520881652832 1
-1.8491837978363037 -1.8905800580978394 0.0029497146606445312 1
-1.8491029739379883 -1.8915126323699951 0.0037045478820800781 1
-1.8489530086517334 -1.8913627862930298 0.0019519329071044922 1
-1.8494645357131958 -1.8916212320327759 0.0033214092254638672 1
-1.8481404781341553 -1.8914189338684082 0.00079548358917236328 1
-1.8475334644317627 -1.8918558359146118 0.001791834831237793 1
-1.848590612411499 -1.8916622400283813 0.0018583536148071289 1
-1.8489824533462524 -1.8915253877639771 0.0037004947662353516 1
-1.8491135835647583 -1.8914589881896973 0.0036367177963256836 1
-1.8485820293426514 -1.890894889831543 0.0024842023849487305 1
-1.8489971160888672 -1.8916027545928955 0.0036413669586181641 1
-1.8461840152740479 -1.8913381099700928 0.0015268325805664062 1
-1.8490774631500244 -1.8910701274871826 0.0036655664443969727 1
-1.8490766286849976 -1.8909918069839478 0.0037386417388916016 1
-1.8489717245101929 -1.8918939828872681 0.0034506320953369141 1
-1.8489900827407837 -1.8905757665634155 0.003390192985534668 1
-1.8492064476013184 -1.8906865119934082 0.0034576654434204102 1
-1.8479862213134766 -1.8916689157485962 0.00068211555480957031 1
-1.8476496934890747 -1.8918378353118896 0.0019085407257080078 1
-1.8466904163360596 -1.8912570476531982 0.0020722150802612305 1
-1.8490625619888306 -1.8908374309539795 0.0038532018661499023 1
-1.8491183519363403 -1.8917086124420166 0.0039248466491699219 1
-1.8470828533172607 -1.8916366100311279 0.00073683261871337891 1
-1.8491584062576294 -1.8908971548080444 0.0037060976028442383 1
-1.849210262298584 -1.8910658359527588 0.0036122798919677734 1
-1.8471952676773071 -1.8916051387786865 0.00068247318267822266 1
-1.8462094068527222 -1.8910024166107178 0.0016736984252929688 1
-1.8492127656936646 -1.8916385173797607 0.0035425424575805664 1
-1.8491506576538086 -1.8909085988998413 0.0036339759826660156 1
-1.8490209579467773 -1.8915450572967529 0.0036405324935913086 1
-1.8469828367233276 -1.8915549516677856 0.00063383579254150391 1
-1.8469772338867188 -1.8909473419189453 0.00062966346740722656 1
-1.8491023778915405 -1.8911250829696655 0.0036066770553588867 1
-1.8465218544006348 -1.8911381959915161 0.00076961517333984375 1
-1.849889874458313 -1.8917279243469238 0.0024023056030273438 1
-1.8490909337997437 -1.8917688131332397 0.0034556388854980469 1
-1.8489859104156494 -1.8918178081512451 0.0030523538589477539 1
-1.849138617515564 -1.8910038471221924 0.0036023855209350586 1
-1.8467955589294434 -1.8914597034454346 0.00054574012756347656 1
-1.8467955589294434 -1.8910446166992188 0.00054574012756347656 1
-1.8470736742019653 -1.8915499448776245 0.00069558620452880859 1
-1.8489911556243896 -1.8916558027267456 0.0036349296569824219 1
-1.8461633920669556 -1.8912274837493896 0.0013520717620849609 1
-1.84615159034729 -1.8910845518112183 0.0015317201614379883 1
-1.8461823463439941 -1.8909726142883301 0.0016561746597290039 1
-1.8461601734161377 -1.8910955190658569 0.0015797615051269531 1
-1.8490734100341797 -1.8914611339569092 0.0036391019821166992 1
-1.8461850881576538 -1.8910195827484131 0.0017095804214477539 1
-1.8460854291915894 -1.891350269317627 0.0015341043472290039 1
-1.8469247817993164 -1.8916773796081543 0.000789642333984375 1
-1.8491806983947754 -1.8910799026489258 0.0036665201187133789 1
-1.8460780382156372 -1.8912500143051147 0.00153350830078125 1
-1.849226713180542 -1.8917603492736816 0.0033829212188720703 1
-1.8471306562423706 -1.8917436599731445 0.00068187713623046875 1
-1.8461216688156128 -1.8914439678192139 0.0015912055969238281 1
-1.8468018770217896 -1.8905596733093262 0.00094318389892578125 1
-1.8473960161209106 -1.8914631605148315 0.00062608718872070312 1
-1.8493386507034302 -1.8912221193313599 0.0035543441772460938 1
-1.8489135503768921 -1.8919750452041626 0.0034910440444946289 1
-1.8479770421981812 -1.8908411264419556 0.00068783760070800781 1
-1.848956823348999 -1.8913441896438599 0.0035672187805175781 1
-1.846200704574585 -1.8909659385681152 0.0016936063766479492 1
-1.8489702939987183 -1.8915888071060181 0.0036320686340332031 1
-1.8477582931518555 -1.890921950340271 0.0022453069686889648 1
-1.8489160537719727 -1.8920491933822632 0.0033562183380126953 1
-1.8491381406784058 -1.8908460140228271 0.0038831233978271484 1
-1.8477606773376465 -1.8915681838989258 0.0022512674331665039 1
-1.8491359949111938 -1.8907791376113892 0.0036170482635498047 1
-1.8492550849914551 -1.891437292098999 0.0035492181777954102 1
-1.8484829664230347 -1.8911103010177612 0.0024698972702026367 1
-1.8490250110626221 -1.8917522430419922 0.0034812688827514648 1
-1.8463121652603149 -1.8906843662261963 0.00087809562683105469 1
-1.8465222120285034 -1.8913670778274536 0.00076663494110107422 1
-1.8489238023757935 -1.8919618129730225 0.0034166574478149414 1
-1.8491686582565308 -1.8915246725082397 0.0037308931350708008 1
-1.8491203784942627 -1.8914732933044434 0.0036933422088623047 1
-1.8491160869598389 -1.8909519910812378 0.0037366151809692383 1
-1.8485245704650879 -1.8908772468566895 0.0024015903472900391 1
-1.8491591215133667 -1.8908342123031616 0.0035223960876464844 1
-1.8493629693984985 -1.8914215564727783 0.0035398006439208984 1
-1.8491944074630737 -1.8909327983856201 0.0036126375198364258 1
-1.849210262298584 -1.8914992809295654 0.0036203861236572266 1
-1.8489768505096436 -1.8915948867797852 0.003670811653137207 1
-1.8494038581848145 -1.8906985521316528 0.0027225017547607422 1
-1.8489861488342285 -1.8914222717285156 0.0036524534225463867 1
-1.8471018075942993 -1.8914631605148315 0.00066745281219482422 1
-1.8489041328430176 -1.8917915821075439 0.0032929182052612305 1
-1.8481414318084717 -1.8910814523696899 0.00079333782196044922 1
-1.8485286235809326 -1.8916304111480713 0.0024061203002929688 1
-1.8461873531341553 -1.89121413230896 0.0015652179718017578 1
-1.8461344242095947 -1.8913822174072266 0.0015941858291625977 1
-1.8485715389251709 -1.8916354179382324 0.00080525875091552734 1
-1.8464971780776978 -1.8913094997406006 0.00096750259399414062 1
-1.8465315103530884 -1.8911756277084351 0.00080394744873046875 1
-1.8492021560668945 -1.8909674882888794 0.0035988092422485352 1
-1.8491026163101196 -1.8910222053527832 0.003673553466796875 1
-1.8460577726364136 -1.8913224935531616 0.0015504360198974609 1
-1.8490560054779053 -1.8917038440704346 0.0038131475448608398 1
-1.8487491607666016 -1.8906440734863281 0.0011731386184692383 1
-1.8492801189422607 -1.8909088373184204 0.0035545825958251953 1
-1.8464710712432861 -1.8909791707992554 0.0019332170486450195 1
-1.848880410194397 -1.8904128074645996 0.0032263994216918945 1
-1.8461679220199585 -1.8910561800003052 0.0016067028045654297 1
-1.8470191955566406 -1.8915928602218628 0.00069987773895263672 1
-1.8490973711013794 -1.8910406827926636 0.0035839080810546875 1
-1.8470542430877686 -1.8912385702133179 0.0021405220031738281 1
-1.8491541147232056 -1.8916220664978027 0.0037903785705566406 1
-1.8492981195449829 -1.8914659023284912 0.0035884380340576172 1
-1.8461956977844238 -1.8912167549133301 0.0016475915908813477 1
-1.8461910486221313 -1.8915646076202393 0.0016214847564697266 1
-1.8488399982452393 -1.8918025493621826 0.003123164176940918 1
-1.8475607633590698 -1.8912529945373535 0.0022245645523071289 1
-1.8466438055038452 -1.8911726474761963 0.00074708461761474609 1
-1.8491230010986328 -1.8917169570922852 0.0038211345672607422 1
-1.848941445350647 -1.8919596672058105 0.0035072565078735352 1
-1.8462457656860352 -1.8913156986236572 0.0013922452926635742 1
-1.8490922451019287 -1.8910161256790161 0.0037450790405273438 1
-1.8492298126220703 -1.8914997577667236 0.0035861730575561523 1
-1.8473443984985352 -1.8905889987945557 0.00088787078857421875 1
-1.8492190837860107 -1.8909255266189575 0.0036292076110839844 1
-1.8490899801254272 -1.8916226625442505 0.0035475492477416992 1
-1.8470282554626465 -1.8916784524917603 0.00063240528106689453 1
-1.8487741947174072 -1.8916854858398438 0.0030698776245117188 1
-1.8498711585998535 -1.8908567428588867 0.0023819208145141602 1
-1.8489036560058594 -1.8902486562728882 0.0033433437347412109 1
-1.8461918830871582 -1.8910590410232544 0.0016398429870605469 1
-1.8480880260467529 -1.8908528089523315 0.00086486339569091797 1
-1.8464571237564087 -1.8915301561355591 0.0019314289093017578 1
-1.8461446762084961 -1.8910934925079346 0.0015547275543212891 1
-1.8491944074630737 -1.8916947841644287 0.0036031007766723633 1
-1.8490885496139526 -1.8906660079956055 0.0034507513046264648 1
-1.8461041450500488 -1.8911082744598389 0.0015974044799804688 1
-1.8474495410919189 -1.8914785385131836 0.00076746940612792969 1
-1.8486462831497192 -1.891603946685791 0.0011191368103027344 1
-1.8461318016052246 -1.8911600112915039 0.0015522241592407227 1
-1.8479655981063843 -1.8908002376556396 0.00080776214599609375 1
-1.8492162227630615 -1.8915187120437622 0.003644108772277832 1
-1.8490644693374634 -1.8909835815429688 0.0036004781723022461 1
-1.8485575914382935 -1.8908466100692749 0.00079286098480224609 1
-1.849199652671814 -1.8913806676864624 0.0035798549652099609 1
-1.8490968942642212 -1.8907697200775146 0.0037771463394165039 1
-1.8492727279663086 -1.8912498950958252 0.0021073818206787109 1
-1.8476065397262573 -1.8920968770980835 0.00093281269073486328 1
-1.8491700887680054 -1.8916593790054321 0.0037963390350341797 1
-1.8491674661636353 -1.8916411399841309 0.0037442445755004883 1
-1.8484710454940796 -1.891515851020813 0.0024459362030029297 1
-1.8473857641220093 -1.8916900157928467 0.00072443485260009766 1
-1.8498188257217407 -1.8918297290802002 0.0025119781494140625 1
-1.8492065668106079 -1.8916382789611816 0.0036666393280029297 1
-1.8464187383651733 -1.8916343450546265 0.0016170740127563477 1
-1.8485598564147949 -1.890855073928833 0.0024369955062866211 1
-1.8488653898239136 -1.8917334079742432 0.0034357309341430664 1
-1.8462430238723755 -1.8914847373962402 0.001673579216003418 1
-1.848516583442688 -1.8918172121047974 0.0016944408416748047 1
-1.8493481874465942 -1.8915103673934937 0.0036220550537109375 1
-1.8489441871643066 -1.890770435333252 0.0034557580947875977 1
-1.8480346202850342 -1.8908425569534302 0.00074946880340576172 1
-1.8491238355636597 -1.8910073041915894 0.003678441047668457 1
-1.8490791320800781 -1.891584038734436 0.0036017894744873047 1
-1.8468060493469238 -1.8915733098983765 0.00061047077178955078 1
-1.8465269804000854 -1.8913260698318481 0.00087094306945800781 1
-1.8491722345352173 -1.8907614946365356 0.0037012100219726562 1
-1.8491284847259521 -1.8915271759033203 0.0037033557891845703 1
-1.8472721576690674 -1.8916935920715332 0.00074076652526855469 1
-1.8488637208938599 -1.8902900218963623 0.0032962560653686523 1
-1.8492882251739502 -1.8915399312973022 0.0035724639892578125 1
-1.8461530208587646 -1.8913716077804565 0.0016379356384277344 1
-1.848845362663269 -1.890572190284729 0.0034087896347045898 1
-1.8491799831390381 -1.8915294408798218 0.0036057233810424805 1
-1.8465794324874878 -1.8909980058670044 0.001763463020324707 1
-1.8491557836532593 -1.8907958269119263 0.0035605430603027344 1
-1.8489760160446167 -1.8915830850601196 0.0025352239608764648 1
-1.8486297130584717 -1.8915684223175049 0.0026155710220336914 1
-1.8461563587188721 -1.8910524845123291 0.0016894340515136719 1
-1.8485348224639893 -1.8909850120544434 0.0025548934936523438 1
-1.8487528562545776 -1.8908232450485229 0.0030586719512939453 1
-1.8491276502609253 -1.8904432058334351 0.0033375024795532227 1
-1.8471722602844238 -1.8908857107162476 0.00071823596954345703 1
-1.8496521711349487 -1.8916692733764648 0.002155303955078125 1
-1.8491818904876709 -1.8908450603485107 0.0036563873291015625 1
-1.8491684198379517 -1.8910024166107178 0.0036309957504272461 1
-1.8489967584609985 -1.8916399478912354 0.0035260915756225586 1
-1.8491284847259521 -1.8915606737136841 0.0037362575531005859 1
-1.8479571342468262 -1.8916409015655518 0.0006961822509765625 1
-1.8491700887680054 -1.8914870023727417 0.0036587715148925781 1
-1.8475726842880249 -1.8904945850372314 0.00099825859069824219 1
-1.8490710258483887 -1.8909024000167847 0.0037238597869873047 1
-1.8485749959945679 -1.8909672498703003 0.0021746158599853516 1
-1.8490879535675049 -1.8908981084823608 0.0038602352142333984 1
-1.8461613655090332 -1.8911405801773071 0.0016058683395385742 1
-1.8488608598709106 -1.8919532299041748 0.0031507015228271484 1
-1.8492426872253418 -1.8910847902297974 0.0034335851669311523 1
-1.8490737676620483 -1.8917070627212524 0.0038794279098510742 1
-1.8491232395172119 -1.8915961980819702 0.0038312673568725586 1
-1.8491474390029907 -1.8917282819747925 0.0038744211196899414 1
-1.8490351438522339 -1.8914660215377808 0.0036410093307495117 1
-1.8491153717041016 -1.8916438817977905 0.0038677453994750977 1
-1.8491306304931641 -1.8918339014053345 0.0034173727035522461 1
-1.8490351438522339 -1.8905748128890991 0.003458857536315918 1
-1.8488410711288452 -1.8912825584411621 0.0020428895950317383 1
-1.8490726947784424 -1.8910220861434937 0.0037305355072021484 1
-1.8490914106369019 -1.8915020227432251 0.0037773847579956055 1
-1.8490808010101318 -1.8917140960693359 0.0034899711608886719 1
-1.8489997386932373 -1.89189612865448 0.0031338930130004883 1
-1.849200963973999 -1.8909832239151001 0.0036278963088989258 1
-1.8490787744522095 -1.8910059928894043 0.003705143928527832 1
-1.8489553928375244 -1.8910998106002808 0.0036448240280151367 1
-1.8489753007888794 -1.8919031620025635 0.0029779672622680664 1
-1.8490364551544189 -1.8906437158584595 0.0034666061401367188 1
-1.8488501310348511 -1.8920769691467285 0.0033060312271118164 1
-1.8464118242263794 -1.8914097547531128 0.0010038614273071289 1
-1.8491343259811401 -1.892058253288269 0.0033632516860961914 1
-1.8492169380187988 -1.8915246725082397 0.0036122798919677734 1
-1.8484759330749512 -1.8919692039489746 0.000270843505859375 1
-1.8492119312286377 -1.8909698724746704 0.0036656856536865234 1
-1.8460687398910522 -1.8913496732711792 0.0015312433242797852 1
-1.8487943410873413 -1.8918623924255371 0.0029500722885131836 1
-1.8489648103713989 -1.8919780254364014 0.0034643411636352539 1
-1.8471071720123291 -1.891380786895752 0.00074708461761474609 1
-1.8460874557495117 -1.8911491632461548 0.001536250114440918 1
-1.8490062952041626 -1.8915759325027466 0.0036171674728393555 1
-1.8460820913314819 -1.8911632299423218 0.0015547275543212891 1
-1.8490293025970459 -1.8908761739730835 0.0036112070083618164 1
-1.849124550819397 -1.8914976119995117 0.0036876201629638672 1
-1.8491288423538208 -1.8917380571365356 0.0035256147384643555 1
-1.8464256525039673 -1.8913723230361938 0.0019502639770507812 1
-1.8492066860198975 -1.8915457725524902 0.0036274194717407227 1
-1.8489651679992676 -1.8909435272216797 0.0035407543182373047 1
-1.849058985710144 -1.8916417360305786 0.0039014816284179688 1
-1.8491352796554565 -1.8915153741836548 0.0037680864334106445 1
-1.8461372852325439 -1.8912898302078247 0.0016103982925415039 1
-1.849052906036377 -1.8909025192260742 0.0035524368286132812 1
-1.8491700887680054 -1.8915767669677734 0.0036836862564086914 1
-1.8462977409362793 -1.8915789127349854 0.0015962123870849609 1
-1.8491437435150146 -1.8916796445846558 0.0038942098617553711 1
-1.8490732908248901 -1.8910537958145142 0.0036450624465942383 1
-1.8470035791397095 -1.8914743661880493 0.00063419342041015625 1
-1.8491700887680054 -1.8911257982254028 0.0036163330078125 1
-1.8491326570510864 -1.891553521156311 0.0036416053771972656 1
-1.8470505475997925 -1.8909686803817749 0.00070238113403320312 1
-1.8491487503051758 -1.8905524015426636 0.0033971071243286133 1
-1.8491388559341431 -1.8908853530883789 0.0038366317749023438 1
-1.8487606048583984 -1.8906548023223877 0.0013085603713989258 1
-1.8494338989257812 -1.8917649984359741 0.0029851198196411133 1
-1.8480441570281982 -1.890833854675293 0.00059533119201660156 1
-1.8480439186096191 -1.8916686773300171 0.00060248374938964844 1
-1.849082350730896 -1.8908923864364624 0.0036100149154663086 1
-1.8487509489059448 -1.8915536403656006 0.0023039579391479492 1
-1.8486857414245605 -1.8913755416870117 0.0032377243041992188 1
-1.8460828065872192 -1.8911094665527344 0.0015702247619628906 1
-1.8489798307418823 -1.8905292749404907 0.0034518241882324219 1
-1.8480707406997681 -1.8917100429534912 0.00079405307769775391 1
-1.84912109375 -1.8910335302352905 0.0036870241165161133 1
-1.8491711616516113 -1.8908746242523193 0.0035711526870727539 1
-1.8492145538330078 -1.8909896612167358 0.0036444664001464844 1
-1.8472474813461304 -1.891637921333313 0.00068330764770507812 1
-1.8491681814193726 -1.8910185098648071 0.0036604404449462891 1
-1.8487056493759155 -1.8915358781814575 0.002155303955078125 1
-1.8492225408554077 -1.8915034532546997 0.0036436319351196289 1
-1.8489232063293457 -1.891848087310791 0.0035009384155273438 1
-1.8490718603134155 -1.8914707899093628 0.0037075281143188477 1
-1.8466730117797852 -1.8914363384246826 0.00079989433288574219 1
-1.8460513353347778 -1.8911365270614624 0.0015721321105957031 1
-1.8490482568740845 -1.8909467458724976 0.003771662712097168 1
-1.8490215539932251 -1.8909451961517334 0.0036948919296264648 1
-1.849174976348877 -1.8909237384796143 0.0035777091979980469 1
-1.8480843305587769 -1.8918524980545044 0.00068914890289306641 1
-1.8463228940963745 -1.8915492296218872 0.0017154216766357422 1
-1.8490997552871704 -1.891488790512085 0.0036903619766235352 1
-1.8490786552429199 -1.8914808034896851 0.0036851167678833008 1
-1.8491774797439575 -1.8914670944213867 0.0036551952362060547 1
-1.8491110801696777 -1.8911505937576294 0.0034832954406738281 1
-1.8490859270095825 -1.8907780647277832 0.0038676261901855469 1
-1.8489491939544678 -1.8921133279800415 0.0035070180892944336 1
-1.8489143848419189 -1.8918048143386841 0.0034973621368408203 1
-1.8490959405899048 -1.8914650678634644 0.0036960840225219727 1
-1.8490984439849854 -1.8909844160079956 0.0036829710006713867 1
-1.8489415645599365 -1.8911674022674561 0.0021318197250366211 1
-1.8478628396987915 -1.8915947675704956 0.00078821182250976562 1
-1.8492015600204468 -1.8905876874923706 0.0033011436462402344 1
-1.8492430448532104 -1.8909364938735962 0.0036299228668212891 1
-1.8491556644439697 -1.8916454315185547 0.0035698413848876953 1
-1.8460835218429565 -1.8911995887756348 0.0015895366668701172 1
-1.8481358289718628 -1.8917278051376343 0.00063920021057128906 1
-1.846227765083313 -1.8908940553665161 0.0016764402389526367 1
-1.8461964130401611 -1.8910894393920898 0.0016020536422729492 1
-1.846082329750061 -1.8911616802215576 0.0016542673110961914 1
-1.8491401672363281 -1.89171302318573 0.0035784244537353516 1
-1.8485594987869263 -1.8916510343551636 0.002446293830871582 1
-1.8490667343139648 -1.8916788101196289 0.0036444664001464844 1
-1.8461366891860962 -1.8910821676254272 0.0015709400177001953 1
-1.8492714166641235 -1.8917787075042725 0.0032559633255004883 1
-1.8483322858810425 -1.8916453123092651 0.00068557262420654297 1
-1.8491705656051636 -1.8915113210678101 0.0037010908126831055 1
-1.8490875959396362 -1.8915611505508423 0.0037876367568969727 1
-1.8491153717041016 -1.8910456895828247 0.0036674737930297852 1
-1.8490262031555176 -1.8916295766830444 0.0035996437072753906 1
-1.8492136001586914 -1.8915373086929321 0.0036604404449462891 1
-1.8461307287216187 -1.8912050724029541 0.0016081333160400391 1
-1.8490374088287354 -1.8908207416534424 0.0035150051116943359 1
-1.8491431474685669 -1.8914824724197388 0.0036867856979370117 1
-1.8490179777145386 -1.8909375667572021 0.0035226345062255859 1
-1.8465107679367065 -1.8912842273712158 0.00082933902740478516 1
-1.848994255065918 -1.8910833597183228 0.0036218166351318359 1
-1.8465105295181274 -1.89121413230896 0.00082933902740478516 1
-1.8491355180740356 -1.890788197517395 0.0035859346389770508 1
-1.8489333391189575 -1.8913048505783081 0.0021790266036987305 1
-1.8492941856384277 -1.8916928768157959 0.0035445690155029297 1
-1.8472108840942383 -1.8908313512802124 0.00078368186950683594 1
-1.8463418483734131 -1.890861988067627 0.0016976594924926758 1
-1.8492121696472168 -1.8909808397293091 0.0036482810974121094 1
-1.8491015434265137 -1.891552209854126 0.0036907196044921875 1
-1.8462401628494263 -1.8911285400390625 0.0014387369155883789 1
-1.8486708402633667 -1.891218900680542 0.003271937370300293 1
-1.8489657640457153 -1.8917460441589355 0.0034726858139038086 1
-1.8493039608001709 -1.8916316032409668 0.0031982660293579102 1
-1.8491195440292358 -1.8910660743713379 0.0036642551422119141 1
-1.8489929437637329 -1.8914482593536377 0.0036531686782836914 1
-1.8485766649246216 -1.8914982080459595 0.00083363056182861328 1
-1.8492022752761841 -1.8914344310760498 0.003663182258605957 1
-1.8491519689559937 -1.8906471729278564 0.0033792257308959961 1
-1.8489838838577271 -1.8909615278244019 0.003744959831237793 1
-1.8489229679107666 -1.8914285898208618 0.0034451484680175781 1
-1.8471031188964844 -1.890892505645752 0.00070798397064208984 1
-1.8491275310516357 -1.8907849788665771 0.003742218017578125 1
-1.8490357398986816 -1.8908746242523193 0.0037778615951538086 1
-1.8491252660751343 -1.8908613920211792 0.0036115646362304688 1
-1.847939133644104 -1.891584038734436 0.00068390369415283203 1
-1.8490444421768188 -1.8906378746032715 0.0033893585205078125 1
-1.8465335369110107 -1.8912431001663208 0.00088644027709960938 1
-1.8471735715866089 -1.8916399478912354 0.00072526931762695312 1
-1.8475652933120728 -1.8921298980712891 0.0011391639709472656 1
-1.8489573001861572 -1.8915802240371704 0.0035290718078613281 1
-1.8490612506866455 -1.8908394575119019 0.003577113151550293 1
-1.8489953279495239 -1.8919107913970947 0.0030567646026611328 1
-1.8490216732025146 -1.8913949728012085 0.0036233663558959961 1
-1.8491538763046265 -1.8916219472885132 0.0035020112991333008 1
-1.8497025966644287 -1.8906464576721191 0.0022418498992919922 1
-1.8489985466003418 -1.8910224437713623 0.0036071538925170898 1
-1.8485008478164673 -1.8916893005371094 0.00096833705902099609 1
-1.8464577198028564 -1.8914827108383179 0.0018026828765869141 1
-1.8489575386047363 -1.8916950225830078 0.003491520881652832 1
-1.8489693403244019 -1.8906893730163574 0.0034482479095458984 1
-1.8490352630615234 -1.8915557861328125 0.0037745237350463867 1
-1.8488963842391968 -1.8921037912368774 0.0032383203506469727 1
-1.8489906787872314 -1.8905935287475586 0.0030198097229003906 1
-1.8489859104156494 -1.8919104337692261 0.0030194520950317383 1
-1.8490927219390869 -1.891829252243042 0.0032129287719726562 1
-1.8488020896911621 -1.891859769821167 0.002993464469909668 1
-1.8492100238800049 -1.89089035987854 0.0036164522171020508 1
-1.8484667539596558 -1.8908761739730835 0.0023746490478515625 1
-1.8477005958557129 -1.8906881809234619 0.00086343288421630859 1
-1.8491275310516357 -1.8916258811950684 0.0036170482635498047 1
-1.8461544513702393 -1.8913580179214478 0.001440882682800293 1
-1.8492789268493652 -1.8913559913635254 0.0036036968231201172 1
-1.847137451171875 -1.8908761739730835 0.00064969062805175781 1
-1.8480287790298462 -1.8908299207687378 0.00066292285919189453 1
-1.8471312522888184 -1.8916748762130737 0.00066828727722167969 1
-1.847132682800293 -1.8908355236053467 0.00066769123077392578 1
-1.8490490913391113 -1.8909932374954224 0.0037984848022460938 1
-1.8464785814285278 -1.8914071321487427 0.00089657306671142578 1
-1.8498272895812988 -1.8906807899475098 0.002331852912902832 1
-1.8490562438964844 -1.8909808397293091 0.0037088394165039062 1
-1.8491407632827759 -1.8905929327011108 0.0031070709228515625 1
-1.8489819765090942 -1.8915419578552246 0.0035749673843383789 1
-1.8485225439071655 -1.8914511203765869 0.0024209022521972656 1
-1.8498352766036987 -1.8906481266021729 0.0024580955505371094 1
-1.8485829830169678 -1.8914717435836792 0.0008716583251953125 1
-1.8489010334014893 -1.8905898332595825 0.0032268762588500977 1
-1.8461499214172363 -1.8913145065307617 0.0014396905899047852 1
-1.8492368459701538 -1.8912515640258789 0.0034710168838500977 1
-1.8460546731948853 -1.8912510871887207 0.0015788078308105469 1
-1.8461796045303345 -1.8914835453033447 0.0017014741897583008 1
-1.8491008281707764 -1.8915032148361206 0.003659367561340332 1
-1.8461818695068359 -1.8914353847503662 0.0016634464263916016 1
-1.8491874933242798 -1.8909518718719482 0.0036505460739135742 1
-1.8491933345794678 -1.8916163444519043 0.0037164688110351562 1
-1.8492051362991333 -1.891873836517334 0.0033189058303833008 1
-1.8488926887512207 -1.8918441534042358 0.0034711360931396484 1
-1.8490803241729736 -1.891594409942627 0.0038557052612304688 1
-1.8478164672851562 -1.890763521194458 0.00081539154052734375 1
-1.8491331338882446 -1.8907667398452759 0.0038193464279174805 1
-1.8490066528320312 -1.890994668006897 0.0037473440170288086 1
-1.8491718769073486 -1.890843391418457 0.0036042928695678711 1
-1.8465008735656738 -1.891329288482666 0.00082027912139892578 1
-1.8489788770675659 -1.8905938863754272 0.0030535459518432617 1
-1.848468542098999 -1.890921950340271 0.0024999380111694336 1
-1.8490345478057861 -1.8909919261932373 0.0036514997482299805 1
-1.8487112522125244 -1.891599178314209 0.0024548768997192383 1
-1.8488954305648804 -1.8917354345321655 0.0034815073013305664 1
-1.8471240997314453 -1.8916225433349609 0.0006504058837890625 1
-1.8491055965423584 -1.8909666538238525 0.0036300420761108398 1
-1.8491054773330688 -1.8908021450042725 0.0035023689270019531 1
-1.8489460945129395 -1.8908605575561523 0.0035085678100585938 1
-1.8491220474243164 -1.8916852474212646 0.0036094188690185547 1
-1.8472805023193359 -1.8917204141616821 0.00066435337066650391 1
-1.8492403030395508 -1.89159095287323 0.0035759210586547852 1
-1.8489205837249756 -1.8905919790267944 0.0034285783767700195 1
-1.8484941720962524 -1.891122579574585 0.0025887489318847656 1
-1.849029541015625 -1.8907257318496704 0.0034620761871337891 1
-1.8469762802124023 -1.8910717964172363 0.00073933601379394531 1
-1.8475573062896729 -1.8916358947753906 0.00071740150451660156 1
-1.8473039865493774 -1.8909363746643066 0.00067508220672607422 1
-1.8472639322280884 -1.8907566070556641 0.00068843364715576172 1
-1.8489010334014893 -1.8911290168762207 0.0035108327865600586 1
-1.8491470813751221 -1.8919109106063843 0.0031082630157470703 1
-1.8470195531845093 -1.8909163475036621 0.00064170360565185547 1
-1.8490461111068726 -1.8911032676696777 0.0019828081130981445 1
-1.849126935005188 -1.8908241987228394 0.0035777091979980469 1
-1.849112868309021 -1.8910471200942993 0.0036321878433227539 1
-1.8491787910461426 -1.8908288478851318 0.0037399530410766602 1
-1.8490345478057861 -1.8916361331939697 0.0038425922393798828 1
-1.8460570573806763 -1.8912056684494019 0.0016379356384277344 1
-1.8491097688674927 -1.8907253742218018 0.0034680366516113281 1
-1.8475288152694702 -1.8908045291900635 0.00073564052581787109 1
-1.8472659587860107 -1.891562819480896 0.00066423416137695312 1
-1.8464828729629517 -1.8907755613327026 0.0016709566116333008 1
-1.8491727113723755 -1.8916802406311035 0.0037071704864501953 1
-1.8465229272842407 -1.8914929628372192 0.00065660476684570312 1
-1.8486956357955933 -1.8909211158752441 0.002213597297668457 1
-1.8490374088287354 -1.8919346332550049 0.0034259557723999023 1
-1.8490456342697144 -1.8908731937408447 0.0038956403732299805 1
-1.8490341901779175 -1.8911025524139404 0.0036184787750244141 1
-1.8492259979248047 -1.8917886018753052 0.0031226873397827148 1
-1.8490952253341675 -1.8908630609512329 0.0039063692092895508 1
-1.8491742610931396 -1.8916887044906616 0.0038532018661499023 1
-1.8490945100784302 -1.8916759490966797 0.0039219856262207031 1
-1.8461674451828003 -1.8910834789276123 0.0016527175903320312 1
-1.8491718769073486 -1.8909194469451904 0.0038448572158813477 1
-1.8497757911682129 -1.8918502330780029 0.0022981166839599609 1
-1.846138596534729 -1.8914163112640381 0.0016890764236450195 1
-1.8492424488067627 -1.8906708955764771 0.0032489299774169922 1
-1.8489861488342285 -1.8916113376617432 0.0038353204727172852 1
-1.8469386100769043 -1.8909651041030884 0.00071167945861816406 1
-1.8490866422653198 -1.8910888433456421 0.0020167827606201172 1
-1.8491352796554565 -1.8908157348632812 0.0036243200302124023 1
-1.8485491275787354 -1.8919937610626221 0.0004863739013671875 1
-1.8491212129592896 -1.8917431831359863 0.003903508186340332 1
-1.8460761308670044 -1.8911515474319458 0.0015808343887329102 1
-1.8460599184036255 -1.891327977180481 0.0015840530395507812 1
-1.8462775945663452 -1.8909547328948975 0.0015588998794555664 1
-1.8492411375045776 -1.8916548490524292 0.0037579536437988281 1
-1.8492339849472046 -1.8909409046173096 0.0036051273345947266 1
-1.8477178812026978 -1.8904664516448975 0.0010744333267211914 1
-1.849162220954895 -1.8910553455352783 0.0035445690155029297 1
-1.8489055633544922 -1.890783429145813 0.0032953023910522461 1
-1.8469611406326294 -1.8915435075759888 0.00070476531982421875 1
-1.8489872217178345 -1.8922058343887329 0.0033826828002929688 1
-1.8489965200424194 -1.8902969360351562 0.0033606290817260742 1
-1.8483726978302002 -1.8907527923583984 0.00014078617095947266 1
-1.8463773727416992 -1.8916959762573242 0.0015319585800170898 1
-1.8490779399871826 -1.8916454315185547 0.0035995244979858398 1
-1.8464363813400269 -1.8911830186843872 0.0019561052322387695 1
-1.8463453054428101 -1.8916424512863159 0.0016915798187255859 1
-1.8462975025177002 -1.8912646770477295 0.0016782283782958984 1
-1.8490370512008667 -1.8912410736083984 0.0035741329193115234 1
-1.8490239381790161 -1.8918131589889526 0.0034441947937011719 1
-1.8470847606658936 -1.8907493352890015 0.00081861019134521484 1
-1.8462496995925903 -1.8914631605148315 0.0014799833297729492 1
-1.8468948602676392 -1.8916014432907104 0.00065636634826660156 1
-1.8470935821533203 -1.8910857439041138 0.00070106983184814453 1
-1.8437615633010864 -1.8889018297195435 0.015833258628845215 1
-1.8437615633010864 5.582770824432373 0.00408172607421875 1
-1.8461118936538696 -1.8842011690139771 0.018183588981628418 1
-1.8461118936538696 -1.8700993061065674 0.0087822675704956055 1
-1.8343602418899536 -1.8889018297195435 0.013482928276062012 1
-1.8461118936538696 -1.8747998476028442 0.013482928276062012 1
-1.8461118936538696 5.582770824432373 0.022884249687194824 1
-1.8437615633010864 -1.872449517250061 0.011132597923278809 1
-1.8437615633010864 -1.8818508386611938 0.025234580039978027 1
-1.8437615633010864 -1.8771501779556274 0.020533919334411621 1
-1.8437615633010864 -1.8677489757537842 7.4757547378540039 1
-1.8132073879241943 -1.8747998476028442 0.0087822675704956055 1
-1.8414112329483032 -1.8700993061065674 0.02758491039276123 1
-1.8226087093353271 -1.8606979846954346 0.0087822675704956055 1
-1.8414112329483032 -1.8606979846954346 0.036986231803894043 1
-1.83906090259552 -1.872449517250061 0.039336442947387695 1
-1.83906090259552 -1.8630483150482178 0.025234580039978027 1
-1.8202583789825439 -1.8818508386611938 0.03463590145111084 1
-1.83906090259552 -1.853646993637085 0.03463590145111084 1
-1.8343602418899536 -1.8795005083084106 0.044037103652954102 1
-1.8367105722427368 -1.8747998476028442 0.051088094711303711 1
-1.8061563968658447 -1.8795005083084106 0.041686773300170898 1
-1.8367105722427368 -1.8418953418731689 0.041686773300170898 1
-1.8343602418899536 -1.8395450115203857 0.020533919334411621 1
-1.8061563968658447 -1.8395450115203857 0.015833258628845215 1
-1.8320099115371704 -1.8559973239898682 0.051088094711303711 1
-1.8296595811843872 -1.8395450115203857 0.039336442947387695 1
-1.827309250831604 -1.8371948003768921 0.02758491039276123 1
-1.827309250831604 5.8319048881530762 0.055788755416870117 1
-1.827309250831604 5.582770824432373 7.724888801574707 1
-1.8249590396881104 -1.8630483150482178 0.05813908576965332 1
-1.8249590396881104 -1.8348444700241089 7.4757547378540039 1
-1.8226087093353271 -1.8465960025787354 0.032285571098327637 1
-1.8226087093353271 -1.8230928182601929 0.046387434005737305 1
-1.8226087093353271 -1.8371948003768921 0.069890737533569336 1
-1.8202583789825439 -1.8583476543426514 0.048737764358520508 1
-1.8202583789825439 -1.8442456722259521 0.072240948677062988 1
-1.8202583789825439 -1.8207424879074097 0.05813908576965332 1
-1.8179080486297607 -1.8324941396713257 0.036986231803894043 1
-1.8038060665130615 -1.8277934789657593 0.032285571098327637 1
-1.8179080486297607 -1.8277934789657593 0.060489416122436523 1
-1.8155577182769775 -1.853646993637085 0.062839746475219727 1
-1.8155577182769775 -1.8254431486129761 0.048737764358520508 1
-1.8155577182769775 -1.8301438093185425 0.067540407180786133 1
-1.8132073879241943 -1.8183921575546265 0.051088094711303711 1
-1.8132073879241943 -1.8324941396713257 0.074591279029846191 1
-1.8108570575714111 -1.8395450115203857 0.076941609382629395 1
-1.8108570575714111 -1.8160418272018433 0.062839746475219727 1
-1.8061563968658447 -1.8512966632843018 0.13804996013641357 1
-1.8085067272186279 -1.8418953418731689 0.13569974899291992 1
-1.8085067272186279 -1.7572838068008423 0.13804996013641357 1
-1.8061563968658447 -1.7549334764480591 0.053438425064086914 1
-1.8038060665130615 -1.8136914968490601 0.06519007682800293 1
-1.780302882194519 -1.8089908361434937 0.046387434005737305 1
-1.8038060665130615 -1.8089908361434937 0.079291939735412598 1
-1.8014557361602783 -1.8254431486129761 0.081642270088195801 1
-1.8014557361602783 -1.8066405057907104 0.072240948677062988 1
-1.8014557361602783 -1.8113411664962769 0.086342930793762207 1
-1.7991054058074951 -1.8183921575546265 0.14040029048919678 1
-1.7991054058074951 -1.7525831460952759 0.13569974899291992 1
-1.7967550754547119 -1.7502328157424927 0.076941609382629395 1
-1.7967550754547119 -1.7549334764480591 0.14275062084197998 1
-1.7944047451019287 -1.7807869911193848 0.069890737533569336 1
-1.7944047451019287 -1.7925386428833008 0.10279524326324463 1
-1.7944047451019287 5.853057861328125 0.10044491291046143 1
-1.7944047451019287 -1.7901883125305176 0.11219644546508789 1
-1.7944047451019287 5.8319048881530762 7.7460417747497559 1
-1.7920545339584351 -1.8207424879074097 0.11454677581787109 1
-1.7920545339584351 -1.7784366607666016 0.10514545440673828 1
5.8746953010559082 -1.8348444700241089 0.10514545440673828 1
5.6255612373352051 -1.8348444700241089 7.724888801574707 1
-1.7850035429000854 -1.8042902946472168 0.060489416122436523 1
-1.7897042036056519 -1.8042902946472168 0.074591279029846191 1
-1.7826532125473022 -1.8301438093185425 0.091043591499328613 1
-1.7873538732528687 -1.8160418272018433 0.091043591499328613 1
-1.7850035429000854 -1.8136914968490601 0.09574425220489502 1
-1.7544493675231934 -1.8042902946472168 0.06519007682800293 1
-1.7520990371704102 -1.8113411664962769 0.067540407180786133 1
-1.7826532125473022 -1.8019399642944336 0.098094582557678223 1
-1.780302882194519 -1.7807869911193848 0.083992600440979004 1
-1.7779525518417358 -1.8066405057907104 0.11454677581787109 1
-1.7756022214889526 -1.8042902946472168 0.10749578475952148 1
-1.7756022214889526 -1.7854876518249512 0.14040029048919678 1
-1.7732518911361694 -1.783137321472168 0.091043591499328613 1
-1.7732518911361694 -1.7502328157424927 0.10984611511230469 1
-1.7709015607833862 -1.8089908361434937 0.1168971061706543 1
-1.7709015607833862 -1.7713857889175415 0.09574425220489502 1
-1.7709015607833862 -1.7760863304138184 0.1215977668762207 1
-1.768551230430603 -1.7737360000610352 0.086342930793762207 1
-1.768551230430603 -1.794888973236084 0.12394809722900391 1
-1.768551230430603 -1.7690354585647583 0.1192474365234375 1
-1.7662009000778198 -1.7807869911193848 0.13099908828735352 1
-1.7662009000778198 -1.7619844675064087 0.1168971061706543 1
-1.7638505697250366 -1.7596341371536255 0.11454677581787109 1
-1.7638505697250366 -1.7737360000610352 0.13334941864013672 1
-1.7544493675231934 -1.7478824853897095 0.08869326114654541 1
-1.7615002393722534 -1.7666851282119751 0.10749578475952148 1
-1.7050925493240356 -1.7666851282119751 0.08869326114654541 1
-1.7591500282287598 -1.7455321550369263 0.098094582557678223 1
-1.7591500282287598 -1.783137321472168 0.12864875793457031 1
-1.7591500282287598 -1.7643347978591919 0.14745128154754639 1
-1.7544493675231934 -1.7713857889175415 0.14510095119476318 1
-1.7027422189712524 -1.7690354585647583 0.098094582557678223 1
-1.749748706817627 -1.7408314943313599 0.10279524326324463 1
-1.749748706817627 -1.7878379821777344 0.154502272605896 1
5.895848274230957 -1.7878379821777344 0.10044491291046143 1
-1.749748706817627 -1.7431818246841431 0.15215194225311279 1
-1.749748706817627 -1.7384812831878662 0.14980161190032959 1
-1.7473983764648438 -1.7220289707183838 0.11219644546508789 1
-1.7473983764648438 -1.7408314943313599 0.17095446586608887 1
-1.7450480461120605 -1.7784366607666016 0.17330479621887207 1
-1.7450480461120605 -1.7196786403656006 0.154502272605896 1
5.895848274230957 5.8319048881530762 0.10514545440673828 1
-1.7426977157592773 -1.7666851282119751 0.16155326366424561 1
-1.7426977157592773 -1.7314302921295166 0.14040029048919678 1
-1.7403473854064941 -1.7102773189544678 0.12864875793457031 1
-1.7403473854064941 -1.7502328157424927 0.16390359401702881 1
-1.7403473854064941 -1.7290799617767334 0.18270611763000488 1
-1.7379970550537109 -1.7173283100128174 0.13099908828735352 1
-1.7379970550537109 -1.7220289707183838 0.17565512657165527 1
-1.7356467247009277 -1.7596341371536255 0.17800545692443848 1
-1.7356467247009277 -1.7149779796600342 0.17330479621887207 1
-1.7332963943481445 -1.7267296314239502 0.1215977668762207 1
-1.7332963943481445 -1.7619844675064087 0.1568526029586792 1
-1.7332963943481445 -1.736130952835083 0.16625392436981201 1
-1.7309460639953613 -1.7690354585647583 0.16860425472259521 1
-1.7309460639953613 -1.7337806224822998 0.13334941864013672 1
-1.7309460639953613 -1.724379301071167 0.1592029333114624 1
-1.7050925493240356 -1.7713857889175415 0.18505644798278809 1
-1.7285958528518677 -1.7267296314239502 0.18505644798278809 1
-1.7027422189712524 -1.7055767774581909 0.12394809722900391 1
-1.7262455224990845 -1.7055767774581909 0.16860425472259521 1
-1.7050925493240356 -1.6797231435775757 0.12629842758178711 1
-1.6698377132415771 -1.7314302921295166 0.12629842758178711 1
-1.6698377132415771 -1.7666851282119751 0.21326029300689697 1
-1.7215448617935181 -1.6773728132247925 0.14745128154754639 1
-1.7215448617935181 -1.7102773189544678 0.21561062335968018 1
-1.7191945314407349 -1.6844238042831421 0.1568526029586792 1
-1.7191945314407349 -1.7173283100128174 0.20855963230133057 1
-1.7168442010879517 -1.7337806224822998 0.21090996265411377 1
-1.7168442010879517 -1.6820734739303589 0.17800545692443848 1
-1.7144938707351685 -1.7032264471054077 0.13804996013641357 1
-1.7144938707351685 -1.7525831460952759 0.1944577693939209 1
-1.7144938707351685 -1.6985257863998413 0.18975710868835449 1
-1.7121435403823853 -1.6961754560470581 0.14275062084197998 1
-1.7121435403823853 -1.7032264471054077 0.1921074390411377 1
-1.7121435403823853 -1.7008761167526245 0.1968080997467041 1
-1.7097932100296021 -1.7314302921295166 0.20385897159576416 1
-1.7097932100296021 -1.6891244649887085 0.1944577693939209 1
-1.7074428796768188 -1.6867741346359253 0.16390359401702881 1
-1.7074428796768188 -1.6961754560470581 0.20620930194854736 1
-1.7050925493240356 -1.7079271078109741 0.21326029300689697 1
-1.7027422189712524 -1.6327167749404907 0.18740677833557129 1
-1.7027422189712524 -1.6773728132247925 0.26026678085327148 1
-1.7003918886184692 -1.6750226020812988 0.15215194225311279 1
-1.7003918886184692 -1.7384812831878662 0.22031128406524658 1
-1.7003918886184692 -1.6726722717285156 0.21796095371246338 1
-1.698041558265686 -1.6632709503173828 0.17095446586608887 1
-1.698041558265686 -1.6750226020812988 0.22971260547637939 1
-1.6956913471221924 -1.7196786403656006 0.2320629358291626 1
-1.6956913471221924 -1.6609206199645996 0.22031128406524658 1
-1.6933410167694092 -1.6938251256942749 0.16625392436981201 1
-1.6933410167694092 -1.6844238042831421 0.1991584300994873 1
-1.690990686416626 -1.724379301071167 0.20150876045227051 1
-1.690990686416626 -1.6914747953414917 0.21090996265411377 1
-1.6886403560638428 -1.712627649307251 0.20385897159576416 1
-1.6439841985702515 -1.7102773189544678 0.16390359401702881 1
-1.6839396953582764 -1.6703219413757324 0.18505644798278809 1
-1.6839396953582764 -1.6938251256942749 0.22266161441802979 1
-1.6815893650054932 -1.7055767774581909 0.22501194477081299 1
-1.6815893650054932 -1.6679716110229492 0.20150876045227051 1
-1.67923903465271 -1.6491689682006836 0.17565512657165527 1
-1.620481014251709 -1.6491689682006836 0.17095446586608887 1
-1.6768887042999268 -1.7149779796600342 0.24616479873657227 1
-1.6768887042999268 -1.6468186378479004 0.2320629358291626 1
-1.6745383739471436 -1.6186147928237915 0.20855963230133057 1
-1.6745383739471436 -1.6491689682006836 0.27436864376068115 1
-1.6721880435943604 -1.6820734739303589 0.27671897411346436 1
-1.6721880435943604 -1.6162644624710083 0.24616479873657227 1
-1.6698377132415771 -1.6397677659988403 0.20385897159576416 1
-1.6698377132415771 -1.6797231435775757 0.31197381019592285 1
-1.6698377132415771 -1.5810096263885498 0.25321578979492188 1
-1.6674873828887939 -1.6867741346359253 0.25556612014770508 1
-1.6674873828887939 -1.5786592960357666 0.21561062335968018 1
-1.6674873828887939 -1.6374174356460571 0.31432414054870605 1
-1.5922771692276001 -1.6797231435775757 0.18505644798278809 1
-1.6651370525360107 -1.6703219413757324 0.25791645050048828 1
-1.6627868413925171 -1.6327167749404907 0.22501194477081299 1
-1.6604365110397339 -1.6562199592590332 0.1921074390411377 1
-1.6604365110397339 -1.6985257863998413 0.23911380767822266 1
-1.6604365110397339 -1.6585702896118164 0.22736227512359619 1
-1.6604365110397339 -1.665621280670166 0.23676347732543945 1
-1.6604365110397339 -1.65386962890625 0.23441314697265625 1
-1.6580861806869507 -1.6515192985534668 0.1968080997467041 1
-1.6580861806869507 -1.6562199592590332 0.24146413803100586 1
-1.6557358503341675 -1.6891244649887085 0.24851512908935547 1
-1.6557358503341675 -1.6444683074951172 0.23911380767822266 1
-1.6533855199813843 -1.6421180963516235 0.20620930194854736 1
-1.6533855199813843 -1.6515192985534668 0.25086545944213867 1
-1.5875765085220337 -1.6938251256942749 0.20855963230133057 1
-1.6510351896286011 -1.6139141321182251 0.22266161441802979 1
-1.6510351896286011 -1.6303664445877075 0.27906930446624756 1
-1.5852261781692505 -1.6820734739303589 0.20150876045227051 1
-1.6486848592758179 -1.6679716110229492 0.28141963481903076 1
-1.6486848592758179 -1.6115638017654419 0.26496744155883789 1
-1.6463345289230347 -1.6045129299163818 0.24851512908935547 1
-1.6463345289230347 -1.6397677659988403 0.28847062587738037 1
-1.6439841985702515 -1.6421180963516235 0.29082095623016357 1
-1.6439841985702515 -1.6021625995635986 0.25556612014770508 1
-1.6416338682174683 -1.6186147928237915 0.26261711120605469 1
-1.6392835378646851 -1.6280161142349243 0.27671897411346436 1
-1.6369332075119019 -1.6350671052932739 0.31197381019592285 1
-1.6345828771591187 -1.5786592960357666 0.26026678085327148 1
-1.6298823356628418 -1.595111608505249 0.21796095371246338 1
-1.6322325468063354 -1.5904109477996826 0.22971260547637939 1
-1.6322325468063354 -1.595111608505249 0.30257248878479004 1
-1.6298823356628418 -1.6609206199645996 0.30492281913757324 1
-1.549971342086792 -1.595111608505249 0.22031128406524658 1
-1.6298823356628418 -1.5880606174468994 0.30022215843200684 1
-1.6275320053100586 -1.5716084241867065 0.25791645050048828 1
-1.6275320053100586 -1.6139141321182251 0.32137513160705566 1
-1.6251816749572754 -1.6327167749404907 0.32372546195983887 1
-1.6251816749572754 -1.5692580938339233 0.28141963481903076 1
-1.6228313446044922 -1.6585702896118164 0.26966798305511475 1
-1.6228313446044922 -1.6209651231765747 0.23676347732543945 1
-1.6228313446044922 -1.6233154535293579 0.26731765270233154 1
-1.6228313446044922 -1.6256657838821411 0.27201831340789795 1
-1.620481014251709 -1.5763090848922729 0.24381446838378906 1
-1.620481014251709 -1.5904109477996826 0.31667447090148926 1
-1.6040287017822266 -1.5739587545394897 0.2320629358291626 1
-1.5311688184738159 -1.5880606174468994 0.2320629358291626 1
-1.6157803535461426 -1.65386962890625 0.28376996517181396 1
-1.6157803535461426 -1.6092135906219482 0.26966798305511475 1
-1.6134300231933594 -1.606863260269165 0.24146413803100586 1
-1.6134300231933594 -1.6209651231765747 0.28612029552459717 1
-1.6110796928405762 -1.6444683074951172 0.29317128658294678 1
-1.6110796928405762 -1.5998122692108154 0.28376996517181396 1
-1.608729362487793 -1.5974619388580322 0.25086545944213867 1
-1.608729362487793 -1.606863260269165 0.29552161693572998 1
-1.6063790321350098 -1.536353588104248 0.27436864376068115 1
-1.6063790321350098 -1.5763090848922729 0.35662996768951416 1
-1.6040287017822266 -1.6162644624710083 0.35898029804229736 1
-1.6040287017822266 -1.5340032577514648 0.31902480125427246 1
-1.6016783714294434 -1.6045129299163818 0.30727314949035645 1
-1.6016783714294434 -1.5857102870941162 0.29317128658294678 1
-1.5993280410766602 -1.583359956741333 0.29082095623016357 1
-1.5993280410766602 -1.5974619388580322 0.30962347984313965 1
-1.479461669921875 -1.6045129299163818 0.25321578979492188 1
-1.5969778299331665 -1.5810096263885498 0.37073183059692383 1
-1.5946274995803833 -1.6021625995635986 0.37308216094970703 1
-1.5946274995803833 -1.5199012756347656 0.31432414054870605 1
-1.5922771692276001 -1.5010987520217896 0.31197381019592285 1
-1.5922771692276001 -1.5716084241867065 0.39188480377197266 1
-1.5358693599700928 -1.4987484216690063 0.26026678085327148 1
-1.5899268388748169 -1.4987484216690063 0.32372546195983887 1
-1.5875765085220337 -1.6186147928237915 0.35192930698394775 1
-1.5875765085220337 -1.5316529273986816 0.27906930446624756 1
-1.5875765085220337 -1.5410542488098145 0.36133062839508057 1
-1.5852261781692505 -1.5387039184570312 0.27671897411346436 1
-1.5852261781692505 -1.6115638017654419 0.36368095874786377 1
-1.5852261781692505 -1.5293025970458984 0.35427963733673096 1
-1.5828758478164673 -1.6233154535293579 0.32842612266540527 1
-1.5828758478164673 -1.5622071027755737 0.27201831340789795 1
-1.5828758478164673 -1.5645574331283569 0.32607579231262207 1
-1.5828758478164673 -1.5669077634811401 0.33077645301818848 1
-1.5805255174636841 -1.6092135906219482 0.33782732486724854 1
-1.5805255174636841 -1.5551561117172241 0.32842612266540527 1
-1.5781751871109009 -1.5528057813644409 0.28612029552459717 1
-1.5781751871109009 -1.5622071027755737 0.34017765522003174 1
-1.5758248567581177 -1.536353588104248 0.35192930698394775 1
-1.5734745264053345 -1.5387039184570312 0.35898029804229736 1
-1.5711241960525513 -1.4916974306106567 0.32137513160705566 1
-1.5711241960525513 -1.5316529273986816 0.40128600597381592 1
-1.5687738656997681 -1.5692580938339233 0.40363633632659912 1
-1.5687738656997681 -1.4893471002578735 0.36368095874786377 1
-1.5664235353469849 -1.5998122692108154 0.34722864627838135 1
-1.5664235353469849 -1.5457547903060913 0.33782732486724854 1
-1.5640733242034912 -1.5434045791625977 0.29552161693572998 1
-1.5640733242034912 -1.5528057813644409 0.34957897663116455 1
-1.561722993850708 -1.5598567724227905 0.30727314949035645 1
-1.561722993850708 -1.5222516059875488 0.33312666416168213 1
-1.5593726634979248 -1.583359956741333 0.33547699451446533 1
-1.5593726634979248 -1.5575064420700073 0.37308216094970703 1
-1.5570223331451416 -1.5857102870941162 0.36603116989135742 1
-1.5570223331451416 -1.5269522666931152 0.34722864627838135 1
-1.5546720027923584 -1.524601936340332 0.30962347984313965 1
-1.5546720027923584 -1.5434045791625977 0.36838150024414062 1
-1.549971342086792 -1.5105000734329224 0.29787194728851318 1
-1.5523216724395752 -1.4963980913162231 0.30257248878479004 1
-1.4677101373672485 -1.4963980913162231 0.29787194728851318 1
-1.549971342086792 -1.5880606174468994 0.39893567562103271 1
-1.549971342086792 -1.5081497430801392 0.38248348236083984 1
-1.549971342086792 -1.4940477609634399 0.38483381271362305 1
-1.5476210117340088 -1.4728949069976807 0.31667447090148926 1
-1.5476210117340088 -1.4963980913162231 0.42008864879608154 1
-1.5452706813812256 -1.5739587545394897 0.42243897914886475 1
-1.5452706813812256 -1.4705445766448975 0.39893567562103271 1
-1.5429203510284424 -1.5598567724227905 0.34252798557281494 1
-1.5429203510284424 -1.5504554510116577 0.37543249130249023 1
-1.5429203510284424 -1.5175509452819824 0.36603116989135742 1
-1.5405700206756592 -1.5481051206588745 0.33547699451446533 1
-1.5405700206756592 -1.5152006149291992 0.34487831592559814 1
-1.5405700206756592 -1.524601936340332 0.37778282165527344 1
-1.538219690322876 -1.435289740562439 0.37073183059692383 1
-1.538219690322876 -1.5010987520217896 0.45769381523132324 1
-1.4771113395690918 -1.4329394102096558 0.31432414054870605 1
-1.5358693599700928 -1.4329394102096558 0.39423513412475586 1
-1.5335191488265991 -1.4634935855865479 0.35662996768951416 1
-1.5335191488265991 -1.4728949069976807 0.4294898509979248 1
-1.5311688184738159 -1.5340032577514648 0.43184018135070801 1
-1.5311688184738159 -1.4611432552337646 0.42243897914886475 1
-1.5288184881210327 -1.4047355651855469 0.39188480377197266 1
-1.5288184881210327 -1.4916974306106567 0.48824799060821533 1
-1.5264681577682495 -1.4987484216690063 0.49059832096099854 1
-1.5264681577682495 -1.4023852348327637 0.40363633632659912 1
-1.5241178274154663 -1.5645574331283569 0.38718414306640625 1
-1.5241178274154663 -1.5034490823745728 0.33077645301818848 1
-1.5241178274154663 -1.505799412727356 0.38013315200805664 1
-1.5241178274154663 -1.5128504037857056 0.38953447341918945 1
-1.5217674970626831 -1.5551561117172241 0.41068732738494873 1
-1.5217674970626831 -1.4822961091995239 0.38718414306640625 1
-1.5194171667098999 -1.4799458980560303 0.34017765522003174 1
-1.5194171667098999 -1.5034490823745728 0.41303765773773193 1
-1.5076655149459839 -1.5598567724227905 0.40598666667938232 1
-1.479461669921875 -1.4305890798568726 0.33312666416168213 1
-1.5170668363571167 -1.4305890798568726 0.40598666667938232 1
-1.5053151845932007 -1.4846464395523071 0.33547699451446533 1
-1.4771113395690918 -1.5575064420700073 0.4647446870803833 1
-1.5147165060043335 -1.4846464395523071 0.4647446870803833 1
-1.5123661756515503 -1.5457547903060913 0.41538798809051514 1
-1.5123661756515503 -1.4775955677032471 0.41068732738494873 1
-1.5100158452987671 -1.4752452373504639 0.34957897663116455 1
-1.5100158452987671 -1.4799458980560303 0.41773831844329834 1
-1.4254043102264404 -1.5175509452819824 0.34252798557281494 1
-1.5076655149459839 -1.4869967699050903 0.42478930950164795 1
-1.5053151845932007 -1.5152006149291992 0.42713963985443115 1
-1.5053151845932007 -1.4658439159393311 0.40833699703216553 1
-1.5029648542404175 -1.5269522666931152 0.43419051170349121 1
-1.5029648542404175 -1.4587929248809814 0.41538798809051514 1
-1.5006146430969238 -1.4564425945281982 0.36838150024414062 1
-1.5006146430969238 -1.4752452373504639 0.43654084205627441 1
-1.4982643127441406 -1.536353588104248 0.43889117240905762 1
-1.4982643127441406 -1.4446910619735718 0.36133062839508057 1
-1.4982643127441406 -1.454092264175415 0.44829249382019043 1
-1.4959139823913574 -1.4517419338226318 0.35898029804229736 1
-1.4959139823913574 -1.5293025970458984 0.45064282417297363 1
-1.4959139823913574 -1.4423407316207886 0.44124150276184082 1
-1.4935636520385742 -1.4634935855865479 0.43889117240905762 1
-1.491213321685791 -1.4517419338226318 0.43184018135070801 1
-1.4888629913330078 -1.3882832527160645 0.40128600597381592 1
-1.4888629913330078 -1.4446910619735718 0.5047001838684082 1
-1.4865126609802246 -1.4893471002578735 0.50705051422119141 1
-1.4865126609802246 -1.3859329223632812 0.45064282417297363 1
-1.4747610092163086 -1.4493916034698486 0.36603116989135742 1
-1.4160029888153076 -1.5269522666931152 0.44359183311462402 1
-1.4042513370513916 -1.5152006149291992 0.36838150024414062 1
-1.4818120002746582 -1.4564425945281982 0.44594216346740723 1
-1.479461669921875 -1.435289740562439 0.4623943567276001 1
-1.4771113395690918 -1.4282387495040894 0.46004414558410645 1
-1.4254043102264404 -1.4258884191513062 0.37543249130249023 1
-1.3830984830856323 -1.4493916034698486 0.37543249130249023 1
-1.4724106788635254 -1.4235380887985229 0.42713963985443115 1
-1.4724106788635254 -1.447041392326355 0.46944534778594971 1
-1.4700603485107422 -1.505799412727356 0.47414600849151611 1
-1.4700603485107422 -1.4164870977401733 0.38953447341918945 1
-1.4700603485107422 -1.4188374280929565 0.47179567813873291 1
-1.4700603485107422 -1.4211877584457397 0.47649633884429932 1
-1.4653598070144653 -1.383582592010498 0.38248348236083984 1
-1.4677101373672485 -1.3741813898086548 0.39658546447753906 1
-1.4677101373672485 -1.383582592010498 0.51880216598510742 1
-1.4653598070144653 -1.4940477609634399 0.52115249633789062 1
-1.4653598070144653 -1.3953342437744141 0.50940084457397461 1
-1.4653598070144653 -1.3812323808670044 0.49764919281005859 1
-1.4653598070144653 -1.3718310594558716 0.51175117492675781 1
-1.4630094766616821 -1.4822961091995239 0.48354732990264893 1
-1.3760474920272827 -1.505799412727356 0.48354732990264893 1
-1.4606591463088989 -1.4070858955383301 0.41303765773773193 1
-1.3736971616744995 -1.4070858955383301 0.38953447341918945 1
-1.4583088159561157 -1.3107227087020874 0.45769381523132324 1
-1.4583088159561157 -1.4047355651855469 0.5822608470916748 1
-1.4559584856033325 -1.4329394102096558 0.58461117744445801 1
-1.4559584856033325 -1.3083723783493042 0.49059832096099854 1
-1.3266907930374146 -1.4728949069976807 0.39658546447753906 1
-1.3266907930374146 -1.4963980913162231 0.51880216598510742 1
-1.3243404626846313 -1.4940477609634399 0.42243897914886475 1
-1.3243404626846313 -1.3718310594558716 0.39893567562103271 1
-1.4489074945449829 -1.3295252323150635 0.48824799060821533 1
-1.4489074945449829 -1.3882832527160645 0.56345820426940918 1
-1.4465571641921997 -1.4023852348327637 0.56580853462219238 1
-1.4465571641921997 -1.3271749019622803 0.50705051422119141 1
-1.4254043102264404 -1.4869967699050903 0.45299315452575684 1
-1.4442068338394165 -1.3600794076919556 0.45299315452575684 1
-1.3877991437911987 -1.3600794076919556 0.40598666667938232 1
-1.4230539798736572 -1.4376400709152222 0.40833699703216553 1
-1.4418565034866333 -1.4376400709152222 0.4647446870803833 1
-1.4395061731338501 -1.4775955677032471 0.47884666919708252 1
-1.4395061731338501 -1.4141368865966797 0.48354732990264893 1
-1.3689966201782227 -1.4752452373504639 0.41303765773773193 1
-1.4371558427810669 -1.4070858955383301 0.48119699954986572 1
-1.4348056316375732 -1.4587929248809814 0.49294865131378174 1
-1.4348056316375732 -1.4000349044799805 0.47884666919708252 1
-1.43245530128479 -1.3976845741271973 0.43654084205627441 1
-1.43245530128479 -1.4117865562438965 0.49529886245727539 1
-1.4301049709320068 -1.3694807291030884 0.4294898509979248 1
-1.4277546405792236 -1.4611432552337646 0.52585315704345703 1
-1.4254043102264404 -1.4399904012680054 0.52820336818695068 1
-1.4254043102264404 -1.364780068397522 0.4670950174331665 1
-1.4230539798736572 -1.3624297380447388 0.45534348487854004 1
-1.3807481527328491 -1.3624297380447388 0.42713963985443115 1
-1.420703649520874 -1.3929839134216309 0.43889117240905762 1
-1.350193977355957 -1.4634935855865479 0.52350282669067383 1
-1.4183533191680908 -1.4517419338226318 0.502349853515625 1
-1.3478436470031738 -1.3671303987503052 0.43184018135070801 1
-1.4160029888153076 -1.4493916034698486 0.51410150527954102 1
-1.3572449684143066 -1.4587929248809814 0.51410150527954102 1
-1.4136526584625244 -1.376531720161438 0.44594216346740723 1
-1.4136526584625244 -1.3976845741271973 0.51645183563232422 1
-1.4113023281097412 -1.3553787469863892 0.44829249382019043 1
-1.4113023281097412 -1.3929839134216309 0.5376046895980835 1
-1.3995507955551147 -1.353028416633606 0.44124150276184082 1
-1.408951997756958 -1.353028416633606 0.502349853515625 1
-1.3830984830856323 -1.3788820505142212 0.44359183311462402 1
-1.3807481527328491 -1.447041392326355 0.57050919532775879 1
-1.4042513370513916 -1.376531720161438 0.57050919532775879 1
-1.3454933166503906 -1.4446910619735718 0.58696150779724121 1
-1.4019011259078979 -1.3553787469863892 0.58696150779724121 1
-1.3431429862976074 -1.3036717176437378 0.45064282417297363 1
-1.3995507955551147 -1.3036717176437378 0.5399550199508667 1
-1.27263343334198 -1.364780068397522 0.45299315452575684 1
-1.3172894716262817 -1.3154233694076538 0.45299315452575684 1
-1.3948501348495483 -1.3577290773391724 0.4647446870803833 1
-1.3948501348495483 -1.3624297380447388 0.5799105167388916 1
-1.3149391412734985 -1.4376400709152222 0.5799105167388916 1
-1.3924998044967651 -1.2872194051742554 0.4623943567276001 1
-1.3924998044967651 -1.3107227087020874 0.60576403141021729 1
-1.3901494741439819 -1.4282387495040894 0.60811436176300049 1
-1.3901494741439819 -1.2848691940307617 0.58461117744445801 1
-1.3877991437911987 -1.1791046857833862 0.53290402889251709 1
-1.3877991437911987 -1.2872194051742554 0.71387887001037598 1
-1.3854488134384155 -1.3577290773391724 7.4240474700927734 1
-1.2420791387557983 -1.4282387495040894 7.4240474700927734 1
-1.3830984830856323 -1.3248245716094971 0.51410150527954102 1
-1.3219901323318481 -1.3248245716094971 0.4670950174331665 1
-1.3196398019790649 -1.4235380887985229 0.57050919532775879 1
-1.3783978223800659 -1.4188374280929565 0.55875766277313232 1
-1.2890856266021729 -1.4164870977401733 0.47179567813873291 1
-1.3783978223800659 -1.3342258930206299 0.55170667171478271 1
-1.3783978223800659 -1.3412768840789795 0.56110787391662598 1
-1.3760474920272827 -1.4094362258911133 0.57285952568054199 1
-1.3760474920272827 -1.3201239109039307 0.55875766277313232 1
-1.3736971616744995 -1.317773699760437 0.48589766025543213 1
-1.3736971616744995 -1.3318755626678467 0.5752098560333252 1
-1.3713468313217163 -1.3459775447845459 0.48354732990264893 1
-1.3713468313217163 -1.4000349044799805 0.5423053503036499 1
-1.3078881502151489 -1.3459775447845459 0.47884666919708252 1
-1.3689966201782227 -1.4070858955383301 0.54935634136199951 1
-1.3548946380615234 -1.4117865562438965 0.54465568065643311 1
-1.3689966201782227 -1.3436272144317627 0.54465568065643311 1
7.4752640724182129 -1.4094362258911133 0.54700601100921631 1
-1.3666462898254395 7.4324741363525391 0.57285952568054199 1
-1.3642959594726562 -1.317773699760437 0.54935634136199951 1
-1.361945629119873 -1.3295252323150635 0.74678337574005127 1
-1.361945629119873 -1.1462001800537109 0.5822608470916748 1
-1.3595952987670898 -1.1438498497009277 0.56580853462219238 1
-1.3595952987670898 -1.3083723783493042 0.74913370609283447 1
-1.2961366176605225 -1.4000349044799805 0.51410150527954102 1
-1.3572449684143066 -1.3389265537261963 0.5423053503036499 1
-1.2937862873077393 -1.376531720161438 0.49529886245727539 1
-1.3548946380615234 -1.3483278751373291 0.55640733242034912 1
-1.3525443077087402 -1.1603020429611206 0.50940084457397461 1
-1.1151617765426636 -1.3953342437744141 0.51175117492675781 1
-1.3525443077087402 -0.98167765140533447 0.73268139362335205 1
-1.3525443077087402 -1.1579517126083374 0.91130584478378296 1
-1.350193977355957 -1.3694807291030884 0.60106337070465088 1
-1.350193977355957 -1.2919200658798218 0.5376046895980835 1
-1.3243404626846313 -1.3906335830688477 0.60341370105743408 1
-1.3478436470031738 -1.353028416633606 0.60341370105743408 1
-1.3454933166503906 -1.2308117151260376 0.56345820426940918 1
-1.3454933166503906 -1.306022047996521 0.66217172145843506 1
-1.3431429862976074 -1.3271749019622803 0.66452205181121826 1
-1.3431429862976074 -1.2284613847732544 0.58931183815002441 1
-1.3407926559448242 -1.1603020429611206 0.51880216598510742 1
-1.1151617765426636 -1.3812323808670044 0.52115249633789062 1
-1.2961366176605225 -1.3788820505142212 0.62926721572875977 1
-1.3360921144485474 -1.3248245716094971 0.62926721572875977 1
-1.2185759544372559 -1.376531720161438 0.55640733242034912 1
-1.27968430519104 -1.376531720161438 0.63161754608154297 1
-1.3266907930374146 -1.3741813898086548 0.6151653528213501 1
-1.331391453742981 -1.0803911685943604 0.6151653528213501 1
-1.331391453742981 -1.1603020429611206 0.81259238719940186 1
-1.3290411233901978 -1.3671303987503052 0.6175156831741333 1
-1.3290411233901978 -1.2754678726196289 0.81494271755218506 1
-1.3290411233901978 -1.0780408382415771 0.73503172397613525 1
-1.3266907930374146 -1.2778182029724121 0.60106337070465088 1
-1.3243404626846313 -1.2895697355270386 0.6175156831741333 1
-1.3219901323318481 -1.2825188636779785 0.56815886497497559 1
-1.3219901323318481 -1.3154233694076538 0.61046469211578369 1
-1.27968430519104 -1.2801685333251953 0.53055369853973389 1
-1.3196398019790649 -1.2801685333251953 0.5799105167388916 1
-1.27263343334198 -1.3600794076919556 0.80789172649383545 1
-1.3172894716262817 -1.1791046857833862 0.80789172649383545 1
-1.2702831029891968 -1.0827414989471436 0.53525435924530029 1
-1.3149391412734985 -1.0827414989471436 0.71622920036315918 1
5.5738539695739746 -1.3577290773391724 0.71622920036315918 1
-1.2632321119308472 -1.3553787469863892 0.72798073291778564 1
-1.1222127676010132 -1.3553787469863892 0.60106337070465088 1
-1.3102384805679321 -1.3036717176437378 0.73033106327056885 1
-1.3102384805679321 -1.1626523733139038 0.60341370105743408 1
-1.3078881502151489 -1.3013213872909546 0.54700601100921631 1
-1.3078881502151489 -1.3389265537261963 9.6850566864013672 1
-1.3078881502151489 7.7920732498168945 0.59166216850280762 1
-1.3055379390716553 -1.3436272144317627 0.59401237964630127 1
-1.3055379390716553 -1.1673530340194702 0.55640733242034912 1
-1.2561811208724976 -1.1673530340194702 0.54465568065643311 1
-1.3031876087188721 -1.3013213872909546 0.59636270999908447 1
-1.2538307905197144 7.4324741363525391 0.54700601100921631 1
-1.3008372783660889 -1.317773699760437 0.62221634387969971 1
-1.3008372783660889 -1.294270396232605 0.59401237964630127 1
-1.3008372783660889 -1.2707672119140625 0.59871304035186768 1
-1.2984869480133057 -1.3342258930206299 0.6527705192565918 1
-1.1950727701187134 -1.3318755626678467 0.55170667171478271 1
-1.2984869480133057 -1.2402130365371704 0.64336919784545898 1
-1.2068244218826294 -1.2378627061843872 0.55170667171478271 1
-1.2961366176605225 -1.2637162208557129 0.77028656005859375 1
7.8348636627197266 -1.3389265537261963 0.77028656005859375 1
-1.0775567293167114 -1.2613658905029297 0.55640733242034912 1
-1.1245630979537964 4.8447699546813965 0.55640733242034912 1
4.8875598907470703 -1.1203466653823853 0.55640733242034912 1
-1.2914359569549561 -1.3201239109039307 0.67627370357513428 1
-1.1974231004714966 -1.3342258930206299 0.67627370357513428 1
-1.2749836444854736 -1.3318755626678467 0.67862403392791748 1
-1.2890856266021729 -1.2378627061843872 0.67862403392791748 1
-1.2867352962493896 -1.2308117151260376 0.99591743946075439 1
-1.2867352962493896 -0.89706605672836304 0.74678337574005127 1
-1.2843849658966064 -0.89471572637557983 0.66452205181121826 1
-1.2843849658966064 -1.1438498497009277 0.9982677698135376 1
-1.2820346355438232 -1.2825188636779785 0.70917820930480957 1
-1.2820346355438232 -1.1838053464889526 0.62926721572875977 1
-1.2373785972595215 -1.3224742412567139 0.71152853965759277 1
-1.27968430519104 -1.2613658905029297 0.71152853965759277 1
-1.2303276062011719 -1.2167098522186279 0.57285952568054199 1
-1.2303276062011719 -1.3201239109039307 9.3254575729370117 1
-1.2279772758483887 -1.317773699760437 0.67862403392791748 1
-1.27263343334198 -1.2684168815612793 0.61046469211578369 1
-1.27263343334198 -1.0615885257720947 0.62456655502319336 1
-1.27263343334198 -1.0850918292999268 0.83139491081237793 1
-1.2702831029891968 -1.2801685333251953 0.62691688537597656 1
-1.2702831029891968 -1.2660665512084961 0.83374524116516113 1
-1.2702831029891968 -1.0592381954193115 0.81024205684661865 1
-0.75556260347366333 -1.2872194051742554 0.5822608470916748 1
-1.2679327726364136 -1.1462001800537109 1.0946309566497803 1
-0.75321227312088013 -1.3083723783493042 0.60811436176300049 1
-1.2655824422836304 -0.79600220918655396 0.74913370609283447 1
-1.2632321119308472 -0.94642281532287598 0.66217172145843506 1
-1.2632321119308472 -1.165002703666687 0.94656068086624146 1
-1.260881781578064 -1.2284613847732544 0.94891101121902466 1
-1.260881781578064 -0.94407248497009277 0.73033106327056885 1
-1.2585314512252808 -1.2449136972427368 0.59636270999908447 1
-1.2585314512252808 -1.2543148994445801 0.64806985855102539 1
-1.2585314512252808 -1.1697033643722534 0.63866853713989258 1
7.8348636627197266 -1.1697033643722534 0.59166216850280762 1
-1.2561811208724976 -1.294270396232605 0.64101886749267578 1
-1.2561811208724976 -1.2519646883010864 0.72563040256500244 1
-1.2538307905197144 -1.1744040250778198 0.6198660135269165 1
-1.2303276062011719 7.4324741363525391 0.59636270999908447 1
-1.2538307905197144 -1.2449136972427368 0.71857953071594238 1
-1.2514804601669312 -1.2707672119140625 7.8917617797851562 1
-1.209174633026123 -1.294270396232605 0.65042018890380859 1
-1.2514804601669312 5.9987778663635254 0.65042018890380859 1
-1.2491301298141479 -1.2778182029724121 0.89250326156616211 1
-1.2491301298141479 -1.0004801750183105 0.72798073291778564 1
-1.2467797994613647 -0.99812990427017212 0.6175156831741333 1
-1.2467797994613647 -1.1626523733139038 0.89485359191894531 1
-1.1363147497177124 -1.2872194051742554 1.2238986492156982 1
-0.62629491090774536 -1.2872194051742554 1.0946309566497803 1
-1.2420791387557983 5.5310640335083008 0.71622920036315918 1
-1.1339644193649292 7.0705246925354004 0.60811436176300049 1
-0.75321227312088013 -1.2848691940307617 8.9635076522827148 1
-1.2256269454956055 -1.2590155601501465 0.61046469211578369 1
-1.2397289276123047 -1.2590155601501465 0.70917820930480957 1
-1.2232766151428223 -1.2801685333251953 0.63631820678710938 1
-1.2373785972595215 -1.1814550161361694 0.63631820678710938 1
-1.2350282669067383 -1.0803911685943604 0.88310205936431885 1
-1.2350282669067383 -1.0098814964294434 0.89250326156616211 1
-1.2326779365539551 -1.0075311660766602 0.81494271755218506 1
-1.2326779365539551 -0.99812990427017212 0.8854522705078125 1
-1.2303276062011719 6.2479119300842285 0.67627370357513428 1
-1.2303276062011719 -1.1744040250778198 8.4088325500488281 1
-1.2303276062011719 6.5158486366271973 8.1408958435058594 1
-1.2279772758483887 -1.2143595218658447 7.6355762481689453 1
-1.2279772758483887 5.7425928115844727 0.72092986106872559 1
6.0415678024291992 -1.2707672119140625 0.72092986106872559 1
-1.1927224397659302 -1.2590155601501465 0.62456655502319336 1
-1.1927224397659302 -1.2684168815612793 0.82199358940124512 1
-1.2256269454956055 -1.0615885257720947 0.82199358940124512 1
-1.2232766151428223 -1.2566652297973633 0.65982139110565186 1
-1.2232766151428223 -1.2331620454788208 0.82434391975402832 1
-1.2232766151428223 -1.0686395168304443 0.83374524116516113 1
-1.2209262847900391 -1.1838053464889526 0.77028656005859375 1
-1.2185759544372559 -1.1203466653823853 0.71152853965759277 1
-1.2162256240844727 -1.235512375831604 0.69977688789367676 1
-1.2162256240844727 -1.1932065486907959 0.81729304790496826 1
-1.2162256240844727 -1.0756905078887939 0.70917820930480957 1
-1.2138752937316895 -1.1908562183380127 0.65982139110565186 1
-1.0305502414703369 -1.1908562183380127 0.63631820678710938 1
-1.1386650800704956 -1.0733401775360107 0.63631820678710938 1
-1.2115249633789062 -1.2261110544204712 0.64806985855102539 1
-1.2115249633789062 -1.1697033643722534 0.66687238216400146 1
-1.209174633026123 -1.2425633668899536 0.67392337322235107 1
-1.209174633026123 -1.2190601825714111 0.66922271251678467 1
-1.209174633026123 -1.223760724067688 0.72563040256500244 1
-1.1974231004714966 -0.99342924356460571 0.64336919784545898 1
-1.1950727701187134 -1.2496143579483032 0.89955425262451172 1
-1.1833211183547974 -1.2214103937149048 0.64806985855102539 1
-1.202123761177063 -1.2214103937149048 0.75148403644561768 1
-1.0987095832824707 -1.1744040250778198 0.64806985855102539 1
-1.1997734308242798 7.7286148071289062 0.67392337322235107 1
-1.1997734308242798 5.9987778663635254 0.72092986106872559 1
-1.1997734308242798 -1.1720536947250366 9.6215982437133789 1
-1.1974231004714966 -1.2167098522186279 0.90190458297729492 1
-1.1974231004714966 -0.99107891321182251 0.89955425262451172 1
-1.1950727701187134 -0.98872858285903931 0.67862403392791748 1
-1.1950727701187134 -0.99342924356460571 0.90425491333007812 1
-1.1927224397659302 -1.1885058879852295 0.69977688789367676 1
-1.1927224397659302 -1.0662891864776611 0.70447754859924316 1
-1.1927224397659302 -1.0709898471832275 0.82669425010681152 1
-1.190372109413147 -1.1908562183380127 0.70682787895202637 1
-1.190372109413147 -1.1861556768417358 0.82904458045959473 1
-1.190372109413147 -1.0639388561248779 0.82434391975402832 1
-1.1880217790603638 -0.94642281532287598 1.2285993099212646 1
-1.1880217790603638 -0.66438418626785278 0.99591743946075439 1
-1.1856714487075806 -0.66203385591506958 0.94891101121902466 1
-1.1856714487075806 -0.89471572637557983 1.2309496402740479 1
-1.178620457649231 -1.2261110544204712 0.68567502498626709 1
-1.1833211183547974 -1.2120091915130615 0.68567502498626709 1
-1.1692192554473877 -1.2261110544204712 0.75618457794189453 1
-1.1833211183547974 -1.1697033643722534 0.75618457794189453 1
-1.1762701272964478 -1.2049582004547119 0.66922271251678467 1
-1.1809707880020142 -1.2049582004547119 0.68332469463348389 1
-1.1809707880020142 -1.2096588611602783 0.75853490829467773 1
-1.1809707880020142 -1.1344485282897949 0.72563040256500244 1
-1.178620457649231 -1.2073085308074951 0.75148403644561768 1
-1.1762701272964478 7.7286148071289062 0.68802535533905029 1
7.8630671501159668 -0.99107891321182251 0.67627370357513428 1
6.2907023429870605 7.820277214050293 0.67627370357513428 1
-0.99764573574066162 5.7425928115844727 0.67862403392791748 1
-1.1715695858001709 7.1880407333374023 0.85254776477813721 1
-1.1715695858001709 -0.98872858285903931 9.081024169921875 1
-1.1692192554473877 5.9658732414245605 0.68567502498626709 1
-1.1692192554473877 -1.1367988586425781 0.77968788146972656 1
-1.1692192554473877 -1.1132956743240356 7.8588571548461914 1
-1.1621682643890381 -1.1955568790435791 0.68332469463348389 1
-1.1527669429779053 -1.2002575397491455 0.68332469463348389 1
-1.1574676036834717 -1.0968433618545532 0.68332469463348389 1
-1.0916585922241211 -1.2096588611602783 0.78203821182250977 1
-1.1668689250946045 -1.0968433618545532 0.78203821182250977 1
-1.1645185947418213 -1.1979072093963623 0.76088523864746094 1
6.0086636543273926 -1.1979072093963623 0.68567502498626709 1
-1.0987095832824707 -1.2073085308074951 0.76088523864746094 1
-1.1621682643890381 -1.1297478675842285 0.69742655754089355 1
-1.1621682643890381 7.7286148071289062 0.76323556900024414 1
6.0086636543273926 -1.2026078701019287 0.69507622718811035 1
-1.1598179340362549 8.1070165634155273 0.69507622718811035 1
-1.1598179340362549 -1.0568879842758179 0.74208271503448486 1
-1.1598179340362549 -1.1509008407592773 10 1
-1.1598179340362549 -1.0991936922073364 0.83609557151794434 1
6.0086636543273926 -1.0991936922073364 0.69037556648254395 1
-1.1574676036834717 -1.1955568790435791 0.73973238468170166 1
-1.1574676036834717 -1.1532511711120605 0.74443304538726807 1
-1.1574676036834717 -1.1485505104064941 0.83844590187072754 1
-1.1574676036834717 -1.0545376539230347 0.79614007472991943 1
-1.0893082618713379 -1.1979072093963623 0.77498722076416016 1
-1.1551172733306885 8.1070165634155273 0.77498722076416016 1
-1.1527669429779053 -1.1156460046768188 0.73973238468170166 1
-1.1527669429779053 -1.1297478675842285 0.77733755111694336 1
-1.1457159519195557 -1.1273975372314453 0.69977688789367676 1
-1.1504166126251221 -1.1273975372314453 0.92305749654769897 1
-1.1504166126251221 -0.96992599964141846 0.81729304790496826 1
-1.1480662822723389 -1.1250472068786621 0.70682787895202637 1
-1.1480662822723389 -0.96757572889328003 0.76793622970581055 1
-1.1480662822723389 -1.0733401775360107 0.9254077672958374 1
-1.1457159519195557 -1.09449303150177 0.76558589935302734 1
-1.1457159519195557 -1.0192828178405762 0.79849040508270264 1
-1.1457159519195557 -1.0662891864776611 0.87370073795318604 1
-1.1433656215667725 -1.1250472068786621 0.80084073543548584 1
-1.1433656215667725 -1.0921427011489868 0.87605106830596924 1
-1.0211489200592041 -1.1861556768417358 0.87605106830596924 1
-1.1410154104232788 -0.9863782525062561 0.77028656005859375 1
-1.1410154104232788 -1.0756905078887939 0.98651617765426636 1
-1.1410154104232788 -0.90646731853485107 0.90660524368286133 1
-1.1386650800704956 -1.1203466653823853 9.0011129379272461 1
-1.1386650800704956 6.8284416198730469 0.81964337825775146 1
-1.1386650800704956 7.1081299781799316 8.7214250564575195 1
-1.1363147497177124 8.022404670715332 0.80789172649383545 1
-1.1363147497177124 -0.66908484697341919 9.9153881072998047 1
-1.1339644193649292 -1.0827414989471436 9.8166751861572266 1
-1.1339644193649292 -0.66673451662063599 8.9635076522827148 1
-1.1339644193649292 7.9236912727355957 1.2262489795684814 1
7.4329586029052734 -1.1744040250778198 0.75148403644561768 1
6.5586385726928711 -1.1744040250778198 9.5698909759521484 1
7.7196979522705078 -1.1744040250778198 9.2831516265869141 1
7.710296630859375 -1.1391491889953613 0.72092986106872559 1
7.7714047431945801 -1.1720536947250366 0.75383436679840088 1
-1.1292637586593628 5.7425928115844727 9.5604896545410156 1
-1.1269134283065796 -1.0333846807479858 0.75618457794189453 1
-0.99059474468231201 -1.1697033643722534 9.6850566864013672 1
-0.98824447393417358 -1.1673530340194702 0.75853490829467773 1
-1.1245630979537964 -1.0310343503952026 6.7377533912658691 1
-1.1222127676010132 -1.0004801750183105 1.1792426109313965 1
-1.1222127676010132 -0.71374094486236572 0.94656068086624146 1
-1.11986243724823 -0.71139061450958252 0.89485359191894531 1
-1.11986243724823 -0.94407248497009277 1.1815929412841797 1
-1.1175121068954468 -0.92762023210525513 0.81259238719940186 1
-1.1175121068954468 -0.98167765140533447 0.9653632640838623 1
-1.1151617765426636 -1.0780408382415771 0.96771359443664551 1
-1.1151617765426636 -0.92526990175247192 0.91130584478378296 1
-1.1128114461898804 -1.1509008407592773 0.78908908367156982 1
-1.1128114461898804 8.1070165634155273 0.74208271503448486 1
-1.1128114461898804 -1.0897924900054932 0.77498722076416016 1
8.1498069763183594 -1.1556013822555542 0.77498722076416016 1
-1.1128114461898804 -1.1038943529129028 0.78438854217529297 1
-1.1128114461898804 -1.1085950136184692 0.80319106578826904 1
-1.1104612350463867 -1.1015440225601196 0.74443304538726807 1
-1.1104612350463867 -1.1156460046768188 0.80554139614105225 1
-1.0634547472000122 -1.1015440225601196 0.73973238468170166 1
-1.0634547472000122 -1.1532511711120605 0.80554139614105225 1
-1.1081109046936035 -1.0568879842758179 0.78908908367156982 1
-1.1057605743408203 -1.1015440225601196 0.83844590187072754 1
-1.1034102439880371 -0.89706605672836304 1.4142746925354004 1
-1.1034102439880371 -0.47870877385139465 1.0946309566497803 1
-1.1010599136352539 -0.47635847330093384 0.9982677698135376 1
-1.1010599136352539 -0.79600220918655396 1.4166250228881836 1
-1.0987095832824707 -1.1320981979370117 9.6615533828735352 1
-1.0987095832824707 7.7685704231262207 9.2831516265869141 1
-1.0963592529296875 7.573493480682373 0.76323556900024414 1
7.7714047431945801 -1.1391491889953613 0.76323556900024414 1
-1.0963592529296875 7.7991242408752441 9.4664764404296875 1
-1.0963592529296875 7.667506217956543 9.692108154296875 1
-1.0940089225769043 6.6192626953125 0.77968788146972656 1
-1.0940089225769043 -1.0333846807479858 8.5122461318969727 1
-1.0916585922241211 -1.1109453439712524 0.91600650548934937 1
-0.98824447393417358 -1.1344485282897949 0.91600650548934937 1
-1.0893082618713379 -1.1179963350296021 0.89720392227172852 1
-1.0893082618713379 -0.99577957391738892 0.8878026008605957 1
7.8113603591918945 -1.1320981979370117 0.8878026008605957 1
6.9017858505249023 -1.1156460046768188 0.76323556900024414 1
6.9017858505249023 -1.1297478675842285 0.89015293121337891 1
7.6162834167480469 -1.0028305053710938 0.76323556900024414 1
-1.0517030954360962 -1.0380853414535522 0.76558589935302734 1
-1.0846076011657715 -1.0380853414535522 0.95126134157180786 1
-0.92713606357574463 -1.1273975372314453 0.95126134157180786 1
-1.0822572708129883 -1.035735011100769 0.80084073543548584 1
-1.0822572708129883 -0.93937182426452637 0.85724842548370361 1
-1.0822572708129883 -0.96757572889328003 0.95361167192459106 1
-1.0799069404602051 -0.95582407712936401 0.85959875583648682 1
-0.99059474468231201 7.7920732498168945 0.77028656005859375 1
-1.0799069404602051 -0.9863782525062561 0.93715941905975342 1
-1.0775567293167114 -0.95347374677658081 0.90895557403564453 1
7.1509199142456055 -1.1203466653823853 0.90895557403564453 1
-1.0775567293167114 6.3771796226501465 0.93950974941253662 1
6.4199700355529785 -1.1203466653823853 6.7377533912658691 1
-1.0470024347305298 -0.97462666034698486 0.77498722076416016 1
-0.93183672428131104 -0.99577957391738892 0.77498722076416016 1
-0.92948639392852783 -1.08744215965271 0.77733755111694336 1
-0.92948639392852783 -1.1156460046768188 8.751978874206543 1
-1.0705057382583618 -1.0991936922073364 7.8588571548461914 1
6.6291484832763672 -1.0991936922073364 0.77968788146972656 1
7.416506290435791 6.5863585472106934 0.77968788146972656 1
7.416506290435791 -1.1132956743240356 8.5122461318969727 1
-1.0681554079055786 -1.0968433618545532 0.9630129337310791 1
-1.0681554079055786 -0.94877314567565918 0.91600650548934937 1
-0.90598320960998535 -1.1109453439712524 0.9630129337310791 1
-1.0658050775527954 -1.1038943529129028 0.84549689292907715 1
-1.0470024347305298 -1.1085950136184692 0.84079623222351074 1
-1.0093973875045776 -1.1085950136184692 0.86429941654205322 1
-1.0658050775527954 -1.0474866628646851 0.86429941654205322 1
-1.0634547472000122 -1.0451363325119019 0.79143941402435303 1
-1.0446522235870361 -1.0498369932174683 0.78673887252807617 1
-1.0070470571517944 -1.0263336896896362 0.78673887252807617 1
-1.0634547472000122 -1.0263336896896362 0.84784722328186035 1
-1.061104416847229 -1.0568879842758179 0.86900007724761963 1
-1.061104416847229 -1.0239834785461426 0.84549689292907715 1
-0.97884315252304077 -1.0545376539230347 0.79143941402435303 1
-1.0587540864944458 -1.0451363325119019 0.87135040760040283 1
-1.0564037561416626 -0.92056924104690552 0.83609557151794434 1
-0.88953095674514771 -0.92056924104690552 0.79378974437713623 1
-0.88953095674514771 -1.0991936922073364 8.4793415069580078 1
-1.0117477178573608 7.4489264488220215 0.79614007472991943 1
-1.0540534257888794 7.4489264488220215 0.9630129337310791 1
-1.0517030954360962 -1.0192828178405762 0.85489809513092041 1
-1.049352765083313 -1.035735011100769 0.87605106830596924 1
-1.0470024347305298 -1.0521873235702515 0.95596200227737427 1
-0.93183672428131104 -1.0897924900054932 0.95596200227737427 1
-1.0070470571517944 -1.08744215965271 0.9583122730255127 1
-0.92948639392852783 8.0764627456665039 0.80554139614105225 1
8.1192522048950195 -0.93467122316360474 0.80554139614105225 1
-1.0423018932342529 -0.70433968305587769 0.83139491081237793 1
-0.66154974699020386 -1.0850918292999268 9.9153881072998047 1
-1.0399515628814697 -1.0592381954193115 1.1909941434860229 1
-1.0399515628814697 -0.70198935270309448 9.8166751861572266 1
-1.0376012325286865 -0.84300863742828369 0.88310205936431885 1
-1.0376012325286865 -0.92762023210525513 1.0499749183654785 1
-1.0352509021759033 -1.0075311660766602 1.0523252487182617 1
-0.8824799656867981 -1.0780408382415771 7.5768184661865234 1
5.7266249656677246 -1.0780408382415771 1.0523252487182617 1
-1.0329005718231201 -0.96992599964141846 1.0805289745330811 1
-1.0329005718231201 -0.8124544620513916 0.98651617765426636 1
-1.0305502414703369 -0.8101041316986084 0.9254077672958374 1
-0.86132705211639404 -0.8101041316986084 0.81964337825775146 1
6.8712315559387207 -0.90411698818206787 0.81964337825775146 1
-1.0281999111175537 -0.8524099588394165 0.82669425010681152 1
-1.0281999111175537 -1.0615885257720947 1.0852296352386475 1
-1.0281999111175537 -0.8077538013458252 1.0405735969543457 1
-1.0258495807647705 -1.0639388561248779 1.0429239273071289 1
-1.0258495807647705 -0.80540353059768677 0.83374524116516113 1
-1.0258495807647705 -0.8500596284866333 1.0875799655914307 1
-1.0234992504119873 -0.83360737562179565 0.87370073795318604 1
-1.0234992504119873 -0.8524099588394165 1.0593761205673218 1
-1.0211489200592041 -1.016932487487793 1.061726450920105 1
-1.0211489200592041 -0.83125704526901245 1.0429239273071289 1
-1.0187985897064209 -0.70433968305587769 1.0852296352386475 1
-0.76261353492736816 -0.70198935270309448 0.83374524116516113 1
-1.0140979290008545 -0.92056924104690552 0.86900007724761963 1
-1.0117477178573608 -1.0216331481933594 0.97476452589035034 1
-1.0117477178573608 -0.91821897029876709 9.3419094085693359 1
-1.0093973875045776 -1.0286840200424194 0.92775809764862061 1
-1.0093973875045776 -0.96522539854049683 0.99121677875518799 1
-1.0093973875045776 -0.90176671743392944 0.95596200227737427 1
-1.0070470571517944 -0.96287506818771362 0.86664974689483643 1
-1.0070470571517944 -0.89941638708114624 0.93010842800140381 1
-1.0070470571517944 -0.93467122316360474 0.99356710910797119 1
-1.0046967267990112 -0.96052473783493042 0.86429941654205322 1
-1.0046967267990112 -1.0239834785461426 0.93245875835418701 1
-1.002346396446228 -1.0263336896896362 0.93480908870697021 1
-1.002346396446228 -0.95817440748214722 0.87135040760040283 1
7.4329586029052734 -1.0145821571350098 0.85019755363464355 1
-0.97179222106933594 7.5029840469360352 0.85019755363464355 1
6.5586385726928711 -1.0427860021591187 8.1408958435058594 1
-0.99999606609344482 7.820277214050293 8.1408958435058594 1
6.5586385726928711 7.6769075393676758 0.85019755363464355 1
-0.99999606609344482 7.6769075393676758 9.2831516265869141 1
7.545773983001709 7.7051115036010742 0.85019755363464355 1
-0.99999606609344482 7.7051115036010742 9.7132606506347656 1
7.710296630859375 -1.0404356718063354 0.88075172901153564 1
-0.96944189071655273 -1.0404356718063354 9.565190315246582 1
7.710296630859375 5.7425928115844727 0.85254776477813721 1
7.2308306694030762 6.9671106338500977 0.85254776477813721 1
7.7149972915649414 -1.0404356718063354 8.8600940704345703 1
-0.99529540538787842 -1.0192828178405762 1.0053187608718872 1
-0.99529540538787842 -0.87356281280517578 0.95126134157180786 1
-0.99529540538787842 -0.88766473531723022 1.0194206237792969 1
-0.99294507503509521 -0.8853144645690918 0.87605106830596924 1
-0.99294507503509521 -0.93937182426452637 1.0217709541320801 1
-0.99294507503509521 -0.87121248245239258 1.0076689720153809 1
-0.83547353744506836 -0.97932732105255127 0.85959875583648682 1
6.662053108215332 -1.0333846807479858 0.91365617513656616 1
-0.91303414106369019 -0.87826347351074219 0.85959875583648682 1
-0.98824447393417358 -0.97697699069976807 9.363062858581543 1
-0.98824447393417358 6.3771796226501465 6.7377533912658691 1
-0.98824447393417358 6.9976644515991211 8.2701635360717773 1
-0.98824447393417358 7.4700794219970703 8.8906478881835938 1
-0.98589414358139038 -0.91586863994598389 0.92775809764862061 1
-0.98589414358139038 -0.96052473783493042 0.97711485624313354 1
-0.87072837352752686 -1.0263336896896362 0.93010842800140381 1
-0.98354381322860718 -0.91351830959320068 0.93480908870697021 1
-0.98119348287582397 -0.91116797924041748 0.93245875835418701 1
-0.98119348287582397 -0.92056924104690552 0.98181551694869995 1
-0.86602771282196045 -1.0216331481933594 0.93480908870697021 1
-0.86602771282196045 -0.91821897029876709 0.87135040760040283 1
-0.97649282217025757 -0.83360737562179565 1.0053187608718872 1
-0.97414249181747437 -0.8853144645690918 1.061726450920105 1
-0.97179222106933594 -1.005180835723877 8.6274118423461914 1
7.8113603591918945 -1.005180835723877 0.87840139865875244 1
-0.97179222106933594 6.7344284057617188 9.3959674835205078 1
7.8113603591918945 -1.0145821571350098 9.2831516265869141 1
7.6162834167480469 -1.0122318267822266 0.89015293121337891 1
-0.96944189071655273 7.6722068786621094 0.89015293121337891 1
7.8419146537780762 -1.0122318267822266 9.4664764404296875 1
7.8419146537780762 7.667506217956543 0.88075172901153564 1
-0.96709156036376953 -0.69493836164474487 0.89250326156616211 1
-0.96709156036376953 -0.84300863742828369 1.1980451345443726 1
-0.96474123001098633 -0.99812990427017212 1.2003954648971558 1
-0.96474123001098633 6.1374468803405762 1.0523252487182617 1
-0.96474123001098633 -0.69258803129196167 8.0304298400878906 1
7.287238597869873 -1.005180835723877 0.89720392227172852 1
-0.96239089965820312 7.7591691017150879 8.6274118423461914 1
7.8019590377807617 -1.005180835723877 9.1374320983886719 1
-0.96004056930541992 -0.86651188135147095 8.751978874206543 1
-0.96004056930541992 7.6722068786621094 1.0264716148376465 1
-0.95769023895263672 -0.4975113570690155 1.1792426109313965 1
-0.95769023895263672 -0.69493836164474487 1.3954721689224243 1
-0.95533996820449829 -0.71139061450958252 1.3978224992752075 1
-0.95533996820449829 -0.4951610267162323 1.2003954648971558 1
-0.95298963785171509 -0.97462666034698486 1.0452742576599121 1
-0.95298963785171509 -0.8477092981338501 9.5017318725585938 1
-0.95298963785171509 7.6087484359741211 9.1374320983886719 1
-0.73911035060882568 -0.99342924356460571 0.90190458297729492 1
-0.95063930749893188 -0.77954995632171631 0.90425491333007812 1
-0.74616128206253052 -0.99342924356460571 1.1110832691192627 1
-0.74616128206253052 -0.77954995632171631 0.89955425262451172 1
5.5762042999267578 -0.78190028667449951 0.90190458297729492 1
5.5762042999267578 -0.99107891321182251 7.4404997825622559 1
5.590306282043457 -0.99107891321182251 9.7132606506347656 1
-0.88012963533401489 -0.98872858285903931 1.1134335994720459 1
7.2308306694030762 -0.98872858285903931 0.97006392478942871 1
-0.94358831644058228 5.8483572006225586 0.93715941905975342 1
-0.86367738246917725 -0.73724418878555298 0.90660524368286133 1
-0.94358831644058228 -0.73724418878555298 7.7413411140441895 1
-0.94123798608779907 -0.95347374677658081 8.1785001754760742 1
-0.69210392236709595 -0.90411698818206787 0.90895557403564453 1
6.8712315559387207 -0.98402798175811768 0.98886650800704956 1
-0.69210392236709595 -0.98402798175811768 8.1785001754760742 1
7.1509199142456055 -0.98402798175811768 8.7214250564575195 1
-0.93888771533966064 -0.82890671491622925 0.9653632640838623 1
-0.93888771533966064 -0.92526990175247192 1.0640767812728882 1
-0.90833348035812378 7.3737163543701172 0.91365617513656616 1
-0.90833348035812378 -0.97932732105255127 9.6380500793457031 1
-0.93653738498687744 -0.87826347351074219 1.0711277723312378 1
7.7878570556640625 -0.97932732105255127 1.0711277723312378 1
7.416506290435791 6.6192626953125 0.91365617513656616 1
-0.90598320960998535 7.4700794219970703 0.91600650548934937 1
-0.93183672428131104 -0.93702149391174316 1.0546755790710449 1
-0.93183672428131104 -0.83830797672271729 1.0452742576599121 1
-0.80256903171539307 -0.97227632999420166 1.0382232666015625 1
6.9017858505249023 -0.85476022958755493 0.92070716619491577 1
-0.92948639392852783 -0.84535896778106689 9.9694461822509766 1
-0.92713606357574463 -0.94172215461730957 1.1486883163452148 1
-0.70150518417358398 -0.8124544620513916 0.92305749654769897 1
-0.92478573322296143 -0.74194478988647461 0.95361167192459106 1
-0.92478573322296143 -0.8101041316986084 1.151038646697998 1
-0.922435462474823 -0.91586863994598389 1.0288219451904297 1
-0.85897672176361084 -0.96522539854049683 1.0288219451904297 1
-0.92008513212203979 -0.86181122064590454 0.97946518659591675 1
-0.85662645101547241 -0.86181122064590454 0.93010842800140381 1
-0.91773480176925659 -0.85946089029312134 0.97711485624313354 1
-0.91773480176925659 -0.91116797924041748 1.0335226058959961 1
-0.87072837352752686 -0.85711055994033813 0.93480908870697021 1
-0.91538447141647339 -0.85711055994033813 0.98416584730148315 1
-0.91303414106369019 7.5969967842102051 1.0147199630737305 1
5.8911476135253906 7.5969967842102051 0.93715941905975342 1
-0.91068381071090698 -0.87591314315795898 8.1785001754760742 1
6.4199700355529785 -0.87591314315795898 0.93950974941253662 1
-0.73440968990325928 -0.93232089281082153 0.94186002016067505 1
-0.90833348035812378 -0.93232089281082153 8.4793415069580078 1
7.7878570556640625 -0.77719962596893311 0.94186002016067505 1
-0.90833348035812378 6.5863585472106934 9.2666997909545898 1
-0.90598320960998535 -0.92997056245803833 9.1209793090820312 1
-0.90598320960998535 7.2279963493347168 9.6803560256958008 1
7.5128693580627441 -0.94877314567565918 9.6803560256958008 1
-0.90363287925720215 -0.71374094486236572 1.5317907333374023 1
-0.90363287925720215 -0.36119270324707031 1.2285993099212646 1
-0.66860067844390869 -0.94407248497009277 1.5341410636901855 1
-0.90128254890441895 -0.66203385591506958 1.5341410636901855 1
-0.89893221855163574 -0.87356281280517578 1.1345864534378052 1
-0.89893221855163574 -0.75839704275131226 1.1486883163452148 1
-0.89658188819885254 -0.75604677200317383 1.0217709541320801 1
-0.71325677633285522 -0.93937182426452637 1.151038646697998 1
-0.85897672176361084 -0.82655638456344604 0.95596200227737427 1
-0.89423155784606934 -0.82655638456344604 1.0546755790710449 1
-0.89188122749328613 -0.82420605421066284 0.99356710910797119 1
-0.89188122749328613 -0.83595770597457886 1.0687774419784546 1
8.1192522048950195 -0.83595770597457886 0.9583122730255127 1
-0.88953095674514771 -0.76779836416244507 0.97241425514221191 1
-0.72500842809677124 -0.93232089281082153 1.1157839298248291 1
-0.8871806263923645 -0.76544803380966187 9.1209793090820312 1
-0.8871806263923645 7.4489264488220215 1.1275354623794556 1
-0.8848302960395813 -0.78660094738006592 1.0499749183654785 1
-0.8848302960395813 -0.82890671491622925 1.1063826084136963 1
-0.8824799656867981 -0.78425061702728271 1.0640767812728882 1
-0.8824799656867981 5.6838350296020508 1.1087329387664795 1
-0.88012963533401489 -0.77954995632171631 1.3296631574630737 1
-0.88012963533401489 -0.5633203387260437 8.9917116165161133 1
7.8560161590576172 -0.92291957139968872 8.9917116165161133 1
7.2308306694030762 -0.92291957139968872 9.7062101364135742 1
-0.72030776739120483 -0.91116797924041748 0.97241425514221191 1
-0.72500842809677124 -0.77249902486801147 0.97241425514221191 1
-0.87777930498123169 -0.77249902486801147 1.1298857927322388 1
-0.87542897462844849 -0.90881764888763428 1.132236123085022 1
-0.87542897462844849 -0.77014869451522827 1.1275354623794556 1
-0.87542897462844849 -0.76074737310409546 1.1228348016738892 1
7.4917163848876953 -0.91821897029876709 1.1275354623794556 1
-0.87307870388031006 -0.81715512275695801 1.0288219451904297 1
-0.87307870388031006 -0.85946089029312134 1.0758283138275146 1
-0.81902128458023071 -0.8148047924041748 0.97946518659591675 1
-0.77201485633850098 -0.85711055994033813 0.97946518659591675 1
-0.7109065055847168 -0.85946089029312134 0.98181551694869995 1
-0.86837804317474365 -0.76309770345687866 1.139286994934082 1
-0.70385551452636719 -0.90881764888763428 1.0358729362487793 1
-0.71795743703842163 -0.90881764888763428 1.1463379859924316 1
-0.86367738246917725 -0.8124544620513916 1.2568031549453735 1
-0.86367738246917725 -0.6361803412437439 1.1557393074035645 1
-0.76731419563293457 -0.90411698818206787 1.2591534852981567 1
-0.69210392236709595 -0.63383001089096069 0.98886650800704956 1
-0.85897672176361084 -0.86416155099868774 1.0899302959442139 1
-0.85897672176361084 -0.80305320024490356 1.0664271116256714 1
-0.85662645101547241 -0.80070286989212036 1.0311722755432129 1
-0.85662645101547241 -0.82420605421066284 1.0922806262969971 1
-0.85427612066268921 -0.66438418626785278 1.7151159048080444 1
-0.85427612066268921 -0.177867591381073 1.4142746925354004 1
-0.85192579030990601 -0.17551727592945099 1.2309496402740479 1
-0.85192579030990601 -0.47635847330093384 1.7174662351608276 1
-0.84017419815063477 -0.73959451913833618 1.0006181001663208 1
-0.84017419815063477 -0.89236539602279663 9.5980949401855469 1
-0.69680452346801758 5.5475163459777832 1.0006181001663208 1
-0.8495754599571228 5.5475163459777832 9.7132606506347656 1
-0.8495754599571228 7.820277214050293 9.5980949401855469 1
-0.83782386779785156 6.9671106338500977 1.002968430519104 1
-0.8472251296043396 7.7638697624206543 1.0123696327209473 1
7.2308306694030762 -0.89001506567001343 8.8600940704345703 1
7.2308306694030762 7.8132262229919434 1.002968430519104 1
7.8066596984863281 -0.89001506567001343 9.7062101364135742 1
-0.8448747992515564 -0.68788743019104004 1.0194206237792969 1
-0.8448747992515564 -0.83360737562179565 1.209796667098999 1
-0.8448747992515564 -0.68318676948547363 1.2050960063934326 1
-0.84252446889877319 -0.87121248245239258 1.2074463367462158 1
-0.84252446889877319 -0.68083643913269043 1.061726450920105 1
-0.84252446889877319 -0.68553709983825684 1.2121469974517822 1
-0.68505293130874634 -0.73959451913833618 1.0100193023681641 1
-0.84017419815063477 7.2467989921569824 1.1651406288146973 1
7.545773983001709 6.7344284057617188 1.0100193023681641 1
6.7772188186645508 7.7756209373474121 1.0100193023681641 1
-0.84017419815063477 7.7756209373474121 9.1397819519042969 1
-0.84017419815063477 7.7051115036010742 9.3959674835205078 1
-0.83782386779785156 7.6628055572509766 1.0264716148376465 1
7.7149972915649414 -0.88061380386352539 1.0264716148376465 1
7.7149972915649414 6.9671106338500977 1.0123696327209473 1
-0.83782386779785156 7.7638697624206543 9.5557889938354492 1
-0.83547353744506836 7.5969967842102051 1.0711277723312378 1
-0.83312320709228516 -0.81950545310974121 1.1768922805786133 1
7.5128693580627441 -0.81950545310974121 1.0170702934265137 1
6.3283071517944336 -0.87591314315795898 1.1768922805786133 1
7.0404548645019531 -0.87591314315795898 8.2701635360717773 1
7.0404548645019531 7.4700794219970703 1.0170702934265137 1
-0.83077287673950195 -0.64558160305023193 1.1345864534378052 1
-0.83077287673950195 -0.68788743019104004 1.2474019527435303 1
-0.82842254638671875 -0.75604677200317383 1.2497522830963135 1
-0.82842254638671875 -0.64323127269744873 1.2074463367462158 1
7.2895889282226562 -0.86886221170425415 1.1698412895202637 1
-0.82607227563858032 7.6087484359741211 1.1698412895202637 1
7.8019590377807617 -0.86886221170425415 8.6274118423461914 1
6.7772188186645508 -0.86886221170425415 9.668604850769043 1
7.287238597869873 7.6087484359741211 1.0241212844848633 1
-0.82607227563858032 7.7591691017150879 9.1374320983886719 1
7.8184113502502441 -0.86886221170425415 9.1397819519042969 1
-0.82372194528579712 6.642765998840332 1.0382232666015625 1
6.9017858505249023 -0.86651188135147095 1.0382232666015625 1
-0.82372194528579712 -0.72079193592071533 8.5357494354248047 1
7.7055959701538086 -0.72079193592071533 1.0264716148376465 1
-0.70855617523193359 -0.86416155099868774 1.0758283138275146 1
-0.76026326417922974 -0.86416155099868774 1.1416373252868652 1
-0.81902128458023071 -0.74899578094482422 1.0781786441802979 1
-0.81902128458023071 -0.80070286989212036 1.1439876556396484 1
-0.7109065055847168 -0.81715512275695801 1.0335226058959961 1
-0.70385551452636719 -0.85711055994033813 1.0781786441802979 1
-0.80256903171539307 -0.85476022958755493 1.1862934827804565 1
-0.8119702935218811 6.9412569999694824 1.1862934827804565 1
-0.8119702935218811 6.642765998840332 8.8342399597167969 1
-0.80962002277374268 -0.54686808586120605 1.0593761205673218 1
-0.80962002277374268 -0.8077538013458252 1.3649179935455322 1
-0.80962002277374268 -0.52806556224822998 1.3461153507232666 1
-0.80726969242095947 -0.83125704526901245 1.3484656810760498 1
-0.80726969242095947 -0.52571523189544678 1.0875799655914307 1
-0.80726969242095947 -0.54451781511306763 1.3672683238983154 1
-0.80491936206817627 -0.83830797672271729 1.1839432716369629 1
-0.80491936206817627 -0.70904028415679932 9.5017318725585938 1
-0.66390001773834229 -0.83595770597457886 1.0476245880126953 1
8.1192522048950195 -0.84535896778106689 1.0570257902145386 1
-0.80021870136260986 -0.78660094738006592 1.2427012920379639 1
-0.60749232769012451 -0.69493836164474487 1.0499749183654785 1
-0.79786837100982666 6.1374468803405762 1.2450516223907471 1
-0.79786837100982666 -0.64793193340301514 9.9835481643676758 1
-0.79786837100982666 8.0905647277832031 7.5768184661865234 1
-0.79551804065704346 -0.82655638456344604 1.1933444738388062 1
-0.79551804065704346 -0.69963902235031128 1.1839432716369629 1
-0.79316776990890503 -0.69728869199752808 1.0687774419784546 1
-0.79316776990890503 -0.70669001340866089 1.1956948041915894 1
-0.79081743955612183 -0.54686808586120605 1.209796667098999 1
-0.6380465030670166 -0.54451781511306763 1.061726450920105 1
-0.78611677885055542 -0.69023776054382324 1.1063826084136963 1
-0.74146068096160889 -0.6385306715965271 1.0640767812728882 1
-0.59574073553085327 -0.69023776054382324 1.0640767812728882 1
-0.78376644849777222 -0.80305320024490356 1.1604399681091309 1
-0.78376644849777222 -0.73254352807998657 1.1933444738388062 1
-0.78141611814498901 -0.73019319772720337 1.0922806262969971 1
-0.78141611814498901 -0.69728869199752808 1.1627902984619141 1
-0.61219298839569092 -0.79365187883377075 1.0711277723312378 1
-0.77906578779220581 -0.79365187883377075 9.6380500793457031 1
-0.61219298839569092 -0.82185578346252441 9.4899797439575195 1
-0.60984265804290771 -0.81950545310974121 1.1016819477081299 1
-0.77671551704406738 7.7873725891113281 1.1016819477081299 1
-0.77671551704406738 -0.65263259410858154 1.1768922805786133 1
-0.77671551704406738 7.4700794219970703 9.6803560256958008 1
-0.77436518669128418 -0.75369644165039062 1.2144973278045654 1
-0.6356961727142334 -0.75134611129760742 1.0758283138275146 1
-0.6333458423614502 -0.8148047924041748 1.1439876556396484 1
-0.6333458423614502 -0.74664545059204102 1.0781786441802979 1
-0.70150518417358398 -0.65968352556228638 1.0805289745330811 1
-0.61689358949661255 -0.52336490154266357 1.0805289745330811 1
-0.48057496547698975 -0.6361803412437439 1.0805289745330811 1
-0.69915485382080078 -0.8101041316986084 1.2356503009796143 1
-0.76731419563293457 -0.52101457118988037 1.2356503009796143 1
-0.76731419563293457 -0.63383001089096069 1.3719689846038818 1
-0.76496386528015137 -0.70433968305587769 1.4988863468170166 1
-0.76496386528015137 -0.39409720897674561 1.3649179935455322 1
-0.76261353492736816 -0.3917468786239624 1.1909941434860229 1
-0.76261353492736816 -0.52571523189544678 1.5012366771697998 1
-0.76026326417922974 -0.75134611129760742 1.2191979885101318 1
-0.63099557161331177 -0.73254352807998657 1.0899302959442139 1
-0.75791293382644653 -0.67143517732620239 1.1439876556396484 1
-0.75791293382644653 -0.73019319772720337 1.221548318862915 1
-0.75556260347366333 6.2549629211425781 1.2238986492156982 1
6.297752857208252 -0.79835253953933716 1.4142746925354004 1
-0.75321227312088013 -0.66673451662063599 8.0633344650268555 1
7.1133146286010742 -0.66673451662063599 1.0969812870025635 1
-0.75321227312088013 6.170351505279541 1.4166250228881836 1
-0.75086194276809692 6.2643642425537109 1.1157839298248291 1
-0.75086194276809692 -0.77719962596893311 9.6380500793457031 1
-0.61219298839569092 -0.61032682657241821 1.0993316173553467 1
-0.75086194276809692 -0.61032682657241821 8.1573476791381836 1
-0.74851161241531372 -0.7748492956161499 1.2850069999694824 1
7.8301630020141602 -0.7748492956161499 1.1016819477081299 1
-0.60984265804290771 -0.79130154848098755 1.2850069999694824 1
-0.73911035060882568 -0.55391907691955566 1.1040322780609131 1
-0.73676002025604248 -0.78895127773284912 1.3367140293121338 1
-0.74616128206253052 -0.55391907691955566 1.3367140293121338 1
-0.74381101131439209 -0.69023776054382324 1.2521024942398071 1
-0.74381101131439209 -0.6408810019493103 1.2427012920379639 1
-0.74146068096160889 8.0905647277832031 1.2544528245925903 1
5.7266249656677246 8.0905647277832031 1.1087329387664795 1
-0.73911035060882568 -0.5656706690788269 1.339064359664917 1
5.5762042999267578 -0.5656706690788269 1.1110832691192627 1
-0.73676002025604248 -0.55626940727233887 1.3296631574630737 1
-0.55108457803726196 -0.76779836416244507 1.1157839298248291 1
-0.73440968990325928 7.065824031829834 1.2991089820861816 1
7.1086139678955078 -0.77719962596893311 8.1573476791381836 1
-0.73205935955047607 -0.76544803380966187 1.3014593124389648 1
7.2707862854003906 -0.76544803380966187 1.1181342601776123 1
-0.497027188539505 -0.60797649621963501 1.1181342601776123 1
-0.54873430728912354 -0.53981715440750122 1.1181342601776123 1
7.8301630020141602 7.2279963493347168 1.1181342601776123 1
-0.72500842809677124 -0.5985751748085022 1.1204845905303955 1
-0.58163881301879883 -0.76309770345687866 1.1204845905303955 1
-0.55578523874282837 -0.62442874908447266 1.1204845905303955 1
-0.55343490839004517 -0.76544803380966187 1.1228348016738892 1
-0.72735875844955444 -0.76074737310409546 1.2709050178527832 1
-0.72735875844955444 -0.62207841873168945 1.2967586517333984 1
-0.55578523874282837 -0.76779836416244507 1.2991089820861816 1
-0.72265809774398804 -0.59622484445571899 1.3014593124389648 1
-0.72030776739120483 -0.62677907943725586 1.139286994934082 1
-0.72030776739120483 -0.62442874908447266 1.2662044763565063 1
-0.71795743703842163 -0.74664545059204102 1.2709050178527832 1
-0.45002076029777527 -0.74429512023925781 1.1345864534378052 1
-0.71560710668563843 -0.64558160305023193 1.4189753532409668 1
-0.71560710668563843 -0.47400814294815063 1.4001728296279907 1
-0.44767045974731445 -0.75604677200317383 1.151038646697998 1
-0.71325677633285522 -0.47165781259536743 1.2497522830963135 1
-0.71325677633285522 -0.49046039581298828 1.42132568359375 1
-0.6356961727142334 -0.75369644165039062 1.3414146900177002 1
-0.58398908376693726 -0.55156874656677246 1.139286994934082 1
-0.70855617523193359 -0.67848610877990723 1.2897076606750488 1
-0.56048589944839478 -0.6737855076789856 1.1416373252868652 1
-0.55813556909561157 -0.67613577842712402 1.1439876556396484 1
-0.55813556909561157 -0.74899578094482422 1.221548318862915 1
-0.70385551452636719 -0.67613577842712402 1.3437650203704834 1
-0.70385551452636719 -0.54921841621398926 1.2709050178527832 1
-0.45002076029777527 -0.65968352556228638 1.1486883163452148 1
-0.69915485382080078 -0.65733325481414795 1.4025230407714844 1
-0.68505293130874634 -0.57507199048995972 1.1533889770507812 1
-0.69680452346801758 -0.57507199048995972 7.4263978004455566 1
5.5762042999267578 5.5475163459777832 1.1533889770507812 1
-0.69445425271987915 -0.61502742767333984 1.1745419502258301 1
5.8911476135253906 -0.73724418878555298 1.1745419502258301 1
-0.69445425271987915 -0.6361803412437439 1.3813701868057251 1
-0.69445425271987915 -0.51161330938339233 1.2779560089111328 1
-0.6733013391494751 -0.61267709732055664 1.1580896377563477 1
-0.69210392236709595 6.2855172157287598 1.1768922805786133 1
-0.69210392236709595 -0.50926297903060913 1.2591534852981567 1
-0.69210392236709595 -0.61267709732055664 1.3837205171585083 1
-0.53698265552520752 -0.69963902235031128 1.1604399681091309 1
-0.68975359201431274 -0.6737855076789856 1.2732553482055664 1
-0.68975359201431274 -0.61972808837890625 1.3132109642028809 1
-0.68740326166152954 -0.69728869199752808 1.3155612945556641 1
-0.68740326166152954 -0.61737775802612305 1.221548318862915 1
-0.68740326166152954 -0.57742232084274292 1.2756056785583496 1
-0.68505293130874634 -0.58917391300201416 1.3085103034973145 1
7.7243986129760742 -0.58917391300201416 1.1651406288146973 1
-0.68505293130874634 -0.58447325229644775 1.3179115056991577 1
7.2895889282226562 7.7168631553649902 1.1651406288146973 1
7.7596530914306641 7.6816082000732422 1.1651406288146973 1
-0.6780019998550415 -0.72549253702163696 1.3061599731445312 1
7.7055959701538086 -0.72549253702163696 1.1721916198730469 1
-0.68270260095596313 -0.58212292194366455 1.3061599731445312 1
-0.68270260095596313 -0.57272166013717651 1.3108606338500977 1
-0.68270260095596313 7.0987286567687988 1.3202618360519409 1
-0.68270260095596313 7.8132262229919434 8.9917116165161133 1
7.8066596984863281 -0.72549253702163696 9.5557889938354492 1
-0.68270260095596313 7.7638697624206543 9.7062101364135742 1
7.5857295989990234 6.6968235969543457 1.1698412895202637 1
6.7396135330200195 7.6816082000732422 1.1698412895202637 1
7.2895889282226562 -0.72314226627349854 9.6098461151123047 1
7.6515383720397949 7.5429391860961914 1.1698412895202637 1
-0.68035227060317993 7.6816082000732422 9.6098461151123047 1
-0.6780019998550415 -0.58682358264923096 9.4335727691650391 1
6.6855559349060059 -0.72079193592071533 9.23614501953125 1
7.3859519958496094 -0.72079193592071533 9.4335727691650391 1
-0.61219298839569092 -0.71844160556793213 1.2779560089111328 1
-0.6756516695022583 -0.65498292446136475 9.4899797439575195 1
5.8911476135253906 -0.71844160556793213 9.4899797439575195 1
-0.6733013391494751 -0.65263259410858154 1.280306339263916 1
-0.67095100879669189 -0.4975113570690155 1.7480204105377197 1
-0.10217314958572388 -0.36119270324707031 1.1792426109313965 1
-0.66860067844390869 -0.1426127701997757 1.3978224992752075 1
-0.66860067844390869 -0.35884237289428711 1.7503707408905029 1
-0.66625034809112549 -0.69963902235031128 1.3320133686065674 1
-0.52758139371871948 -0.70904028415679932 1.3320133686065674 1
7.5857295989990234 -0.70904028415679932 1.3226121664047241 1
7.6515383720397949 -0.70904028415679932 9.4359226226806641 1
-0.66390001773834229 -0.55861973762512207 1.1956948041915894 1
7.9570803642272949 -0.55861973762512207 1.1862934827804565 1
-0.66390001773834229 6.9412569999694824 9.8072738647460938 1
-0.66154974699020386 -0.63147968053817749 1.6798610687255859 1
-0.66154974699020386 8.022404670715332 1.2615038156509399 1
-0.66154974699020386 -0.21312242746353149 1.4988863468170166 1
-0.58633941411972046 -0.70198935270309448 1.6822113990783691 1
7.9664816856384277 -0.70198935270309448 1.2638541460037231 1
-0.65919941663742065 -0.3917468786239624 1.6822113990783691 1
-0.65684908628463745 -0.57977259159088135 1.3320133686065674 1
-0.65449875593185425 -0.55861973762512207 1.3155612945556641 1
-0.60749232769012451 -0.43170234560966492 1.1980451345443726 1
-0.45472142100334167 -0.69493836164474487 1.4612811803817749 1
-0.45237109065055847 -0.10265730321407318 1.2003954648971558 1
-0.64979809522628784 -0.10265730321407318 1.4636315107345581 1
-0.64979809522628784 -0.42935201525688171 8.0304298400878906 1
-0.64744776487350464 -0.60562616586685181 1.2521024942398071 1
-0.64744776487350464 -0.6385306715965271 1.2873573303222656 1
-0.64509749412536621 -0.68318676948547363 1.4941856861114502 1
-0.64509749412536621 -0.40819913148880005 1.2474019527435303 1
-0.64509749412536621 -0.39879783987998962 1.4847843647003174 1
-0.64274716377258301 -0.39644750952720642 1.2121469974517822 1
-0.64274716377258301 -0.64323127269744873 1.4871346950531006 1
-0.64274716377258301 -0.40584880113601685 1.4965360164642334 1
-0.6403968334197998 -0.54686808586120605 1.5529437065124512 1
-0.3560079038143158 -0.68318676948547363 1.5529437065124512 1
-0.6380465030670166 -0.33768948912620544 1.3484656810760498 1
-0.35365757346153259 -0.33768948912620544 1.2121469974517822 1
-0.6356961727142334 -0.55156874656677246 1.2897076606750488 1
-0.50642848014831543 -0.67613577842712402 1.292057991027832 1
-0.48997622728347778 -0.61972808837890625 1.2191979885101318 1
-0.63099557161331177 -0.6032758355140686 1.3602173328399658 1
-0.62864524126052856 -0.61737775802612305 1.362567663192749 1
-0.48762592673301697 -0.6009255051612854 1.221548318862915 1
-0.62629491090774536 7.855532169342041 1.2615038156509399 1
-0.62629491090774536 -0.63147968053817749 9.9153881072998047 1
-0.62629491090774536 6.2549629211425781 9.4500246047973633 1
-0.62629491090774536 7.5570411682128906 9.7767190933227539 1
-0.62629491090774536 7.8837361335754395 9.7485151290893555 1
-0.62394458055496216 -0.62912935018539429 9.7743692398071289 1
-0.62394458055496216 7.9236912727355957 1.2638541460037231 1
-0.62394458055496216 5.662682056427002 8.0633344650268555 1
-0.62394458055496216 7.8813858032226562 7.5556654930114746 1
-0.62159425020217896 -0.36119270324707031 1.8772881031036377 1
-0.62159425020217896 -0.015695398673415184 1.7151159048080444 1
-0.61924391984939575 -0.013345076702535152 1.5341410636901855 1
-0.61924391984939575 -0.17551727592945099 1.8796384334564209 1
-0.61689358949661255 -0.46930748224258423 1.3696186542510986 1
-0.61689358949661255 -0.4928106963634491 1.4236760139465332 1
-0.61454331874847412 -0.52101457118988037 1.4260263442993164 1
-0.61454331874847412 -0.46695718169212341 1.4025230407714844 1
-0.61219298839569092 -0.61502742767333984 1.374319314956665 1
-0.61219298839569092 -0.51866424083709717 1.2826566696166992 1
-0.47352397441864014 -0.61267709732055664 1.2403509616851807 1
-0.60984265804290771 -0.60797649621963501 1.3766696453094482 1
-0.60749232769012451 -0.6408810019493103 1.3907715082168579 1
-0.60749232769012451 -0.50221198797225952 1.4612811803817749 1
-0.60514199733734131 -0.42935201525688171 1.3931218385696411 1
-0.60514199733734131 -0.49986168742179871 9.9835481643676758 1
6.18023681640625 -0.42935201525688171 1.2450516223907471 1
-0.60279166698455811 -0.44580426812171936 1.4189753532409668 1
-0.36540919542312622 -0.44580426812171936 1.2474019527435303 1
-0.6004413366317749 -0.47165781259536743 1.4495295286178589 1
-0.6004413366317749 -0.44345396757125854 1.4871346950531006 1
-0.59809106588363647 -0.60562616586685181 1.3555166721343994 1
-0.59809106588363647 -0.53746682405471802 1.5482430458068848 1
-0.59809106588363647 -0.34474045038223267 1.3907715082168579 1
-0.59574073553085327 -0.53511649370193481 1.2873573303222656 1
-0.59574073553085327 8.0271053314208984 1.3578670024871826 1
8.1333541870117188 8.0271053314208984 1.2544528245925903 1
-0.59339040517807007 -0.52336490154266357 1.503587007522583 1
-0.46882334351539612 -0.6361803412437439 1.503587007522583 1
-0.59104007482528687 -0.387046217918396 1.3719689846038818 1
-0.59104007482528687 -0.50926297903060913 1.5059373378753662 1
-0.17033247649669647 -0.63147968053817749 9.7485151290893555 1
-0.58633941411972046 -0.21077209711074829 9.8683815002441406 1
7.9241757392883301 -0.62912935018539429 9.8683815002441406 1
-0.58398908376693726 -0.62442874908447266 1.4048733711242676 1
-0.58398908376693726 -0.48811006546020508 1.3414146900177002 1
-0.58163881301879883 -0.5985751748085022 1.4377779960632324 1
-0.41241562366485596 -0.48811006546020508 1.2685546875 1
-0.55343490839004517 -0.62207841873168945 1.4401283264160156 1
-0.57928848266601562 -0.54921841621398926 1.4072237014770508 1
-0.57928848266601562 -0.48575973510742188 1.4401283264160156 1
-0.57693815231323242 -0.50691264867782593 1.3132109642028809 1
-0.57693815231323242 -0.53276616334915161 1.3860708475112915 1
-0.53463232517242432 -0.50456231832504272 1.2756056785583496 1
-0.4617723822593689 -0.53041583299636841 1.2756056785583496 1
-0.57223749160766602 -0.51161330938339233 1.374319314956665 1
-0.56988716125488281 -0.51631391048431396 1.3837205171585083 1
-0.49937751889228821 -0.61032682657241821 1.5364913940429688 1
-0.49937751889228821 7.065824031829834 1.2826566696166992 1
-0.56753683090209961 -0.51866424083709717 1.4424785375595093 1
-0.40771496295928955 -0.35649204254150391 1.2826566696166992 1
7.1086139678955078 6.2643642425537109 1.2826566696166992 1
-0.497027188539505 -0.35414174199104309 1.2850069999694824 1
-0.40536466240882874 -0.51631391048431396 1.2850069999694824 1
-0.56518656015396118 -0.35414174199104309 1.4448288679122925 1
-0.49467688798904419 -0.60562616586685181 1.4283766746520996 1
-0.56283622980117798 -0.53511649370193481 1.3790199756622314 1
-0.56283622980117798 -0.51396358013153076 1.4283766746520996 1
-0.56048589944839478 -0.55156874656677246 1.409574031829834 1
-0.56048589944839478 -0.48340943455696106 1.3602173328399658 1
-0.43826916813850403 -0.54921841621398926 1.292057991027832 1
-0.55813556909561157 -0.53041583299636841 1.4119243621826172 1
-0.38421174883842468 -0.5985751748085022 1.2991089820861816 1
-0.38421174883842468 -0.45520555973052979 1.2944083213806152 1
-0.54873430728912354 -0.59622484445571899 1.468332052230835 1
-0.55343490839004517 -0.45285522937774658 1.468332052230835 1
-0.49937751889228821 -0.37529462575912476 1.2991089820861816 1
-0.49937751889228821 -0.59387457370758057 8.9588069915771484 1
-0.33250468969345093 -0.4270017147064209 1.2991089820861816 1
-0.54873430728912354 -0.37294429540634155 1.3531663417816162 1
-0.33015435934066772 -0.59152424335479736 1.468332052230835 1
-0.54168331623077393 -0.58917391300201416 1.4706823825836182 1
-0.37951111793518066 -0.58917391300201416 1.4518798589706421 1
-0.39831370115280151 -0.58917391300201416 8.2584114074707031 1
6.4082183837890625 -0.58917391300201416 8.5898065567016602 1
6.7396135330200195 -0.58917391300201416 9.5745916366577148 1
-0.54403364658355713 -0.58212292194366455 1.4730327129364014 1
-0.54403364658355713 -0.43875330686569214 1.3249624967575073 1
7.5833792686462402 -0.58682358264923096 1.3249624967575073 1
-0.54403364658355713 -0.41995072364807129 1.4542301893234253 1
-0.54168331623077393 -0.40349847078323364 1.3179115056991577 1
-0.54168331623077393 -0.42230105400085449 1.4894850254058838 1
-0.53933298587799072 -0.57272166013717651 1.491835355758667 1
-0.53933298587799072 -0.40114817023277283 1.4730327129364014 1
-0.51818007230758667 -0.57977259159088135 1.433077335357666 1
-0.41711625456809998 -0.57977259159088135 1.3860708475112915 1
-0.51582980155944824 -0.45755589008331299 1.3155612945556641 1
-0.41476595401763916 -0.50456231832504272 1.3155612945556641 1
-0.53228205442428589 -0.40349847078323364 1.3273128271102905 1
-0.53228205442428589 -0.5656706690788269 7.4263978004455566 1
-0.52993172407150269 -0.5633203387260437 1.5247398614883423 1
7.1415185928344727 -0.5633203387260437 1.3202618360519409 1
-0.358358234167099 -0.57272166013717651 1.5247398614883423 1
-0.51818007230758667 -0.43640297651290894 1.3226121664047241 1
-0.52758139371871948 -0.43640297651290894 8.2584114074707031 1
-0.52758139371871948 6.3654279708862305 8.5898065567016602 1
-0.52758139371871948 6.6968235969543457 9.4359226226806641 1
-0.52523106336593628 -0.43875330686569214 9.8613309860229492 1
6.9840469360351562 7.3431620597839355 1.3249624967575073 1
7.9570803642272949 6.9412569999694824 1.3249624967575073 1
7.3859519958496094 7.5405888557434082 1.3249624967575073 1
8.0111379623413086 7.9142899513244629 1.3249624967575073 1
-0.51112914085388184 -0.5656706690788269 1.5223895311355591 1
-0.52288073301315308 -0.40349847078323364 7.7601437568664551 1
-0.52288073301315308 5.8671598434448242 1.5223895311355591 1
-0.52053040266036987 -0.55626940727233887 1.5247398614883423 1
-0.51818007230758667 -0.45990622043609619 1.4565805196762085 1
-0.51582980155944824 -0.43405267596244812 1.4354276657104492 1
7.9570803642272949 -0.43405267596244812 1.3343636989593506 1
-0.51112914085388184 -0.27893143892288208 1.3367140293121338 1
-0.51347947120666504 -0.27893143892288208 1.5247398614883423 1
-0.32780402898788452 -0.27893143892288208 1.339064359664917 1
-0.44532012939453125 -0.36589333415031433 1.3414146900177002 1
-0.3231033980846405 -0.48340943455696106 1.3414146900177002 1
-0.3207530677318573 -0.48575973510742188 1.3437650203704834 1
-0.50642848014831543 -0.48105910420417786 1.5294405221939087 1
-0.50407814979553223 -0.52806556224822998 1.6563578844070435 1
-0.50407814979553223 -0.23662564158439636 1.5529437065124512 1
-0.50172781944274902 -0.23427532613277435 1.3672683238983154 1
-0.50172781944274902 -0.33768948912620544 1.6587082147598267 1
-0.49937751889228821 -0.35649204254150391 1.5176888704299927 1
-0.497027188539505 -0.37294429540634155 1.538841724395752 1
-0.49467688798904419 -0.46460685133934021 1.6187527179718018 1
-0.49467688798904419 -0.27423077821731567 1.5482430458068848 1
-0.47117367386817932 -0.53511649370193481 1.4307270050048828 1
-0.22909052670001984 -0.46225652098655701 1.3578670024871826 1
-0.22909052670001984 -0.53511649370193481 1.550593376159668 1
8.0698957443237305 -0.34239012002944946 1.3578670024871826 1
-0.37010982632637024 -0.50691264867782593 1.3602173328399658 1
-0.48997622728347778 -0.48340943455696106 1.480083703994751 1
-0.48762592673301697 -0.50456231832504272 1.4824340343475342 1
-0.48762592673301697 -0.41054946184158325 1.4119243621826172 1
-0.48527559638023376 -0.39409720897674561 1.7245172262191772 1
-0.48527559638023376 -0.16846631467342377 1.6563578844070435 1
-0.48292526602745056 -0.16611598432064056 1.5012366771697998 1
-0.48292526602745056 -0.23427532613277435 1.7268675565719604 1
-0.48057496547698975 -0.46930748224258423 1.5905488729476929 1
-0.48057496547698975 -0.30243465304374695 1.503587007522583 1
-0.4241672158241272 -0.52101457118988037 1.5928992033004761 1
-0.47822463512420654 -0.387046217918396 1.5928992033004761 1
-0.47587430477142334 -0.51161330938339233 1.5129882097244263 1
-0.47587430477142334 -0.37999525666236877 1.4424785375595093 1
-0.46647301316261292 -0.51631391048431396 1.5153385400772095 1
-0.47352397441864014 -0.44815459847450256 1.5153385400772095 1
-0.42181691527366638 -0.51396358013153076 1.5082875490188599 1
-0.41946658492088318 -0.38234558701515198 1.3790199756622314 1
-0.34190598130226135 -0.51396358013153076 1.5717463493347168 1
-0.33955565094947815 -0.31888690590858459 1.3790199756622314 1
-0.47117367386817932 -0.34709075093269348 1.5717463493347168 1
-0.47117367386817932 -0.31888690590858459 1.5458927154541016 1
7.0216522216796875 -0.51161330938339233 1.503587007522583 1
-0.33720532059669495 -0.51161330938339233 8.8718452453613281 1
-0.46647301316261292 -0.27658110857009888 1.5059373378753662 1
-0.46647301316261292 -0.37764495611190796 1.6164023876190186 1
-0.41711625456809998 -0.50691264867782593 1.4753830432891846 1
-0.37010982632637024 -0.41760042309761047 1.3860708475112915 1
-0.4617723822593689 -0.45755589008331299 1.4777333736419678 1
-0.4617723822593689 -0.41525009274482727 1.4824340343475342 1
-0.45942205190658569 -0.20372113585472107 1.4612811803817749 1
-0.45942205190658569 -0.34474045038223267 1.7973771095275879 1
-0.45942205190658569 -0.095606334507465363 1.6892623901367188 1
-0.45707172155380249 -0.42935201525688171 1.691612720489502 1
-0.45707172155380249 -0.093256019055843353 1.550593376159668 1
8.0698957443237305 -0.49986168742179871 1.550593376159668 1
-0.45707172155380249 -0.20137082040309906 1.7997274398803711 1
8.1333541870117188 -0.49986168742179871 9.9200887680053711 1
-0.062217682600021362 -0.4975113570690155 1.4612811803817749 1
-0.45472142100334167 0.0078078191727399826 1.7480204105377197 1
-0.062217682600021362 0.0078078191727399826 1.3954721689224243 1
-0.45237109065055847 -0.1426127701997757 7.5204105377197266 1
-0.45237109065055847 5.6274271011352539 1.7903262376785278 1
-0.45002076029777527 -0.47400814294815063 1.7198165655136108 1
-0.19853633642196655 -0.46930748224258423 1.4001728296279907 1
-0.45002076029777527 7.7121624946594238 1.6516572237014771 1
-0.45002076029777527 -0.17316696047782898 9.6051454544067383 1
-0.4288678765296936 -0.49046039581298828 1.722166895866394 1
-0.4241672158241272 -0.23897595703601837 1.4025230407714844 1
-0.44767045974731445 -0.23897595703601837 1.722166895866394 1
-0.28784856200218201 -0.48811006546020508 1.4377779960632324 1
-0.28784856200218201 -0.36589333415031433 1.4048733711242676 1
-0.28549826145172119 -0.45285522937774658 1.4072237014770508 1
-0.44296979904174805 -0.36354300379753113 1.5646953582763672 1
-0.3231033980846405 -0.41289976239204407 1.409574031829834 1
-0.43826916813850403 -0.41054946184158325 1.5294405221939087 1
-0.43591883778572083 -0.177867591381073 2.0770654678344727 1
0.22687189280986786 0.050113610923290253 1.4142746925354004 1
0.092903554439544678 6.2549629211425781 1.4142746925354004 1
-0.43356850743293762 0.18643227219581604 1.7174662351608276 1
-0.43356850743293762 0.052463933825492859 2.0794157981872559 1
6.2131414413452148 0.052463933825492859 1.4166250228881836 1
-0.13037700951099396 -0.47400814294815063 1.4471791982650757 1
-0.12802669405937195 -0.44345396757125854 1.42132568359375 1
6.7466645240783691 -0.30243465304374695 1.4236760139465332 1
-0.19853633642196655 6.7038745880126953 1.4236760139465332 1
-0.25729438662528992 4.5439286231994629 1.4260263442993164 1
-0.4241672158241272 4.5439286231994629 1.6540075540542603 1
-0.34190598130226135 -0.26482951641082764 1.4283766746520996 1
-0.23144084215164185 -0.46460685133934021 1.6281540393829346 1
-0.33955565094947815 -0.46225652098655701 1.6305043697357178 1
-0.22909052670001984 -0.26247918605804443 1.4307270050048828 1
-0.30900147557258606 -0.43640297651290894 1.433077335357666 1
-0.41711625456809998 -0.41760042309761047 1.5411920547485352 1
-0.3912627100944519 -0.32358753681182861 1.4354276657104492 1
-0.30665114521980286 -0.41525009274482727 1.4354276657104492 1
-0.28079760074615479 -0.34944108128547668 1.4354276657104492 1
-0.28784856200218201 -0.45520555973052979 1.4659818410873413 1
-0.28549826145172119 -0.4246513843536377 1.4401283264160156 1
-0.33720532059669495 -0.31183594465255737 1.4424785375595093 1
-0.40771496295928955 -0.31183594465255737 1.5364913940429688 1
-0.33485499024391174 -0.44815459847450256 1.5834978818893433 1
-0.40536466240882874 -0.35414174199104309 1.5834978818893433 1
-0.40301433205604553 -0.40819913148880005 1.7033642530441284 1
-0.40301433205604553 -0.18961921334266663 1.7198165655136108 1
-0.40066400170326233 -0.18726888298988342 1.4871346950531006 1
-0.40066400170326233 -0.17081663012504578 1.7057145833969116 1
-0.37951111793518066 -0.44110363721847534 1.6046507358551025 1
-0.39831370115280151 -0.31653657555580139 1.6046507358551025 1
-0.39831370115280151 7.0869770050048828 1.5764468908309937 1
-0.39831370115280151 6.3654279708862305 8.9799604415893555 1
-0.37716078758239746 -0.2859824001789093 1.4542301893234253 1
-0.39596337080001831 -0.2859824001789093 1.5787972211837769 1
-0.39596337080001831 -0.31418624520301819 9.8613309860229492 1
-0.28314793109893799 -0.43640297651290894 1.5411920547485352 1
-0.39361304044723511 -0.32593786716461182 8.0750865936279297 1
-0.39361304044723511 6.182103157043457 8.2584114074707031 1
-0.28079760074615479 -0.43405267596244812 9.717961311340332 1
7.8677678108215332 -0.43405267596244812 9.8613309860229492 1
8.0111379623413086 -0.43405267596244812 9.8072738647460938 1
-0.38891240954399109 -0.20372113585472107 1.7879759073257446 1
-0.38656207919120789 -0.10265730321407318 1.691612720489502 1
7.2096776962280273 -0.4270017147064209 1.5176888704299927 1
5.5621023178100586 -0.33063849806785583 1.4659818410873413 1
-0.25494405627250671 5.5193123817443848 1.4659818410873413 1
-0.25494405627250671 -0.4270017147064209 9.0598716735839844 1
-0.2525937557220459 -0.37294429540634155 1.468332052230835 1
-0.28549826145172119 7.0305690765380859 1.468332052230835 1
7.073359489440918 -0.29538369178771973 1.468332052230835 1
-0.36070853471755981 -0.42230105400085449 9.7085599899291992 1
-0.37951111793518066 -0.2883327305316925 1.6234533786773682 1
7.8583664894104004 -0.42230105400085449 1.6234533786773682 1
-0.22438988089561462 -0.41995072364807129 1.491835355758667 1
-0.37716078758239746 -0.26717981696128845 1.6070010662078857 1
-0.37481048703193665 -0.41289976239204407 1.5576443672180176 1
-0.29254922270774841 -0.35179141163825989 1.4753830432891846 1
-0.37246015667915344 -0.33298882842063904 1.4824340343475342 1
-0.37246015667915344 -0.34944108128547668 1.5599946975708008 1
-0.37010982632637024 -0.36589333415031433 1.5576443672180176 1
-0.29019889235496521 -0.36354300379753113 1.4824340343475342 1
-0.36540919542312622 -0.39879783987998962 1.7574217319488525 1
-0.36540919542312622 -0.13556180894374847 1.7033642530441284 1
-0.36305886507034302 -0.13321147859096527 1.4965360164642334 1
-0.36305886507034302 -0.18726888298988342 1.7597720623016357 1
-0.36070853471755981 7.267951488494873 7.7601437568664551 1
-0.36070853471755981 7.8155765533447266 9.1609354019165039 1
-0.32545372843742371 7.5546908378601074 1.491835355758667 1
-0.358358234167099 7.5546908378601074 1.6258037090301514 1
-0.3560079038143158 -0.34003978967666626 1.7785745859146118 1
-0.3560079038143158 -0.11440891027450562 1.7574217319488525 1
-0.35365757346153259 -0.11205858737230301 1.5552940368652344 1
-0.35365757346153259 -0.13321147859096527 1.780924916267395 1
-0.35130724310874939 -0.21312242746353149 1.8373326063156128 1
-0.35130724310874939 -0.055650867521762848 1.7245172262191772 1
-0.16798216104507446 -0.3917468786239624 1.839682936668396 1
-0.12332604825496674 -0.053300544619560242 1.5012366771697998 1
-0.34660661220550537 -0.30243465304374695 1.6986637115478516 1
-0.34660661220550537 -0.19431984424591064 8.8718452453613281 1
-0.34425628185272217 -0.19196952879428864 1.5928992033004761 1
-0.23379117250442505 -0.19196952879428864 1.5059373378753662 1
-0.27844727039337158 -0.24602693319320679 1.5082875490188599 1
-0.34190598130226135 -0.24602693319320679 1.6281540393829346 1
-0.27609696984291077 -0.38234558701515198 1.6493068933486938 1
-0.33955565094947815 -0.26247918605804443 1.6493068933486938 1
-0.33720532059669495 -0.21782307326793671 1.5811475515365601 1
-0.33720532059669495 -0.15906502306461334 1.6751604080200195 1
-0.11627507954835892 -0.37999525666236877 8.8718452453613281 1
-0.33485499024391174 -0.30948561429977417 1.6775107383728027 1
-0.33485499024391174 -0.2154727429151535 1.6164023876190186 1
-0.26434534788131714 -0.37529462575912476 1.5364913940429688 1
-0.33250468969345093 -0.30713528394699097 9.0598716735839844 1
-0.31135177612304688 -0.37294429540634155 1.5881985425949097 1
-0.33015435934066772 -0.29538369178771973 1.5881985425949097 1
-0.23614148795604706 -0.37059399485588074 1.7527210712432861 1
-0.32780402898788452 6.4006829261779785 1.7527210712432861 1
5.909949779510498 6.4006829261779785 1.5223895311355591 1
-0.32545372843742371 -0.27893143892288208 1.7550714015960693 1
-0.32545372843742371 -0.13791212439537048 9.4476747512817383 1
-0.28784856200218201 -0.33533915877342224 1.5270901918411255 1
-0.3207530677318573 -0.33298882842063904 1.5646953582763672 1
-0.3184027373790741 -0.1449631005525589 2.0112564563751221 1
0.027094544842839241 -0.36119270324707031 2.0112564563751221 1
-0.31605243682861328 0.12062326073646545 1.7503707408905029 1
0.029444865882396698 0.12062326073646545 1.5341410636901855 1
-0.31370210647583008 -0.31183594465255737 1.6422559022903442 1
-0.31370210647583008 -0.25072756409645081 1.5858482122421265 1
-0.26669567823410034 -0.35414174199104309 1.6446062326431274 1
-0.31135177612304688 -0.30478498339653015 1.6446062326431274 1
-0.30900147557258606 -0.33533915877342224 9.9788475036621094 1
8.1286535263061523 -0.32593786716461182 1.5411920547485352 1
-0.24789309501647949 -0.33298882842063904 1.5435423851013184 1
-0.30665114521980286 -0.32358753681182861 1.6023004055023193 1
-0.27844727039337158 -0.34709075093269348 1.6610585451126099 1
-0.30430081486701965 -0.31888690590858459 1.6634087562561035 1
-0.30430081486701965 -0.22957468032836914 1.6610585451126099 1
-0.30195048451423645 -0.27423077821731567 1.8326319456100464 1
-0.30195048451423645 -0.060351509600877762 1.7973771095275879 1
-0.22909052670001984 -0.34239012002944946 1.8349822759628296 1
-0.29960018396377563 -0.093256019055843353 1.8349822759628296 1
-0.29724985361099243 -0.23662564158439636 1.8067784309387207 1
-0.29724985361099243 0.045412968844175339 1.7785745859146118 1
-0.29724985361099243 -0.086205050349235535 1.9383964538574219 1
-0.29489952325820923 -0.083854727447032928 1.6587082147598267 1
-0.29489952325820923 -0.11205858737230301 1.8091287612915039 1
-0.28784856200218201 -0.29303336143493652 1.5576443672180176 1
8.1286535263061523 -0.33533915877342224 1.5999500751495361 1
-0.24789309501647949 -0.32828819751739502 1.5599946975708008 1
-0.28784856200218201 5.5193123817443848 1.5999500751495361 1
-0.23849181830883026 -0.32828819751739502 1.6023004055023193 1
-0.23849181830883026 7.0305690765380859 1.5646953582763672 1
6.2248930931091309 -0.32593786716461182 1.5999500751495361 1
-0.2502434253692627 -0.32593786716461182 9.9788475036621094 1
-0.23849181830883026 -0.29068303108215332 1.5693960189819336 1
7.8677678108215332 -0.28128176927566528 1.5693960189819336 1
-0.20323698222637177 -0.3212372362613678 1.6845617294311523 1
-0.27844727039337158 -0.23192499577999115 1.6845617294311523 1
-0.20088666677474976 -0.20607146620750427 1.5740965604782104 1
-0.27609696984291077 -0.20607146620750427 1.6634087562561035 1
-0.27374663949012756 -0.22722434997558594 1.6046507358551025 1
-0.27374663949012756 -0.25542822480201721 1.6657590866088867 1
-0.27374663949012756 7.0869770050048828 1.6375552415847778 1
-0.24319244921207428 -0.22487403452396393 1.5787972211837769 1
-0.27139630913734436 -0.25307789444923401 1.6117017269134521 1
7.8677678108215332 -0.31418624520301819 1.6117017269134521 1
-0.18208408355712891 -0.25307789444923401 1.5787972211837769 1
-0.27139630913734436 7.8249778747558594 9.8613309860229492 1
-0.26904600858688354 -0.21782307326793671 1.6422559022903442 1
-0.26669567823410034 -0.2483772486448288 1.6775107383728027 1
-0.26434534788131714 -0.22252370417118073 1.632854700088501 1
7.2096776962280273 -0.30713528394699097 1.632854700088501 1
-0.20793762803077698 -0.22252370417118073 1.5858482122421265 1
-0.26199501752853394 -0.29538369178771973 1.6352050304412842 1
-0.26199501752853394 -0.25777852535247803 1.6728100776672363 1
-0.26199501752853394 -0.22017338871955872 1.6446062326431274 1
-0.25964471697807312 7.679257869720459 1.6986637115478516 1
6.7466645240783691 -0.12851084768772125 1.5905488729476929 1
-0.25964471697807312 -0.12851084768772125 9.5722417831420898 1
-0.25729438662528992 -0.19196952879428864 1.7668229341506958 1
-0.083370573818683624 4.5439286231994629 1.5928992033004761 1
7.2096776962280273 -0.26012885570526123 1.5952495336532593 1
-0.25494405627250671 -0.26012885570526123 9.1092281341552734 1
-0.25494405627250671 7.2632508277893066 7.4122958183288574 1
-0.25494405627250671 7.2162446975708008 9.1562347412109375 1
-0.21028795838356018 -0.29538369178771973 1.6117017269134521 1
-0.23849181830883026 -0.29538369178771973 8.9235525131225586 1
-0.21028795838356018 -0.25777852535247803 1.5975997447967529 1
-0.2502434253692627 5.5193123817443848 8.904749870300293 1
6.2248930931091309 -0.29303336143493652 8.904749870300293 1
-0.24554277956485748 7.0587730407714844 1.6234533786773682 1
-0.24554277956485748 -0.22722434997558594 8.951756477355957 1
-0.24319244921207428 -0.26717981696128845 1.6681094169616699 1
-0.097472511231899261 -0.072103120386600494 1.6140520572662354 1
-0.095122188329696655 -0.27893143892288208 1.8208804130554199 1
-0.17268280684947968 -0.15671470761299133 1.6164023876190186 1
-0.23379117250442505 -0.15671470761299133 1.7010139226913452 1
-0.23144084215164185 -0.26482951641082764 1.8020777702331543 1
-0.23144084215164185 -0.090905696153640747 1.8326319456100464 1
-0.22909052670001984 -0.088555373251438141 1.6305043697357178 1
-0.22909052670001984 -0.058001190423965454 1.8044281005859375 1
6.4434728622436523 -0.26953014731407166 1.7621223926544189 1
-0.22674019634723663 7.0587730407714844 1.7621223926544189 1
6.4434728622436523 7.267951488494873 1.6234533786773682 1
7.8583664894104004 -0.26953014731407166 9.1609354019165039 1
-0.18208408355712891 -0.26717981696128845 8.6415138244628906 1
6.79132080078125 -0.26717981696128845 1.8702371120452881 1
7.5974807739257812 -0.022746363654732704 1.6258037090301514 1
-0.22203956544399261 -0.24602693319320679 1.7433197498321533 1
-0.22203956544399261 -0.14966373145580292 1.8020777702331543 1
-0.21968923509120941 -0.14731341600418091 1.6493068933486938 1
-0.21968923509120941 -0.088555373251438141 1.7456700801849365 1
-0.2173389196395874 -0.22252370417118073 1.6939630508422852 1
-0.2173389196395874 -0.19902049005031586 9.1092281341552734 1
-0.2149885892868042 -0.25307789444923401 1.6963133811950684 1
-0.15388022363185883 -0.22017338871955872 1.6352050304412842 1
-0.21263827383518219 7.2162446975708008 1.6657590866088867 1
7.1297669410705566 7.0117664337158203 1.6375552415847778 1
7.0545568466186523 7.2632508277893066 1.6375552415847778 1
7.3060412406921387 7.2162446975708008 1.6375552415847778 1
-0.15388022363185883 -0.25307789444923401 1.6681094169616699 1
-0.13977830111980438 -0.22252370417118073 1.6422559022903442 1
-0.17503312230110168 -0.18256823718547821 1.6422559022903442 1
-0.13742797076702118 -0.2483772486448288 1.6728100776672363 1
-0.20558731257915497 -0.1802179217338562 1.6775107383728027 1
-0.20323698222637177 -0.20842178165912628 1.7292177677154541 1
-0.20323698222637177 -0.16376566886901855 1.7433197498321533 1
-0.20088666677474976 -0.16141533851623535 1.6869120597839355 1
-0.11862540245056152 -0.24367660284042358 1.7456700801849365 1
-0.19853633642196655 -0.046249579638242722 9.0998268127441406 1
-0.0034596379846334457 -0.24132628738880157 9.6051454544067383 1
-0.19853633642196655 7.3384613990783691 8.596858024597168 1
-0.19853633642196655 7.206843376159668 9.2314443588256836 1
-0.12802669405937195 -0.23897595703601837 1.8843390941619873 1
-0.083370573818683624 -0.043899260461330414 1.6540075540542603 1
4.5867190361022949 -0.12616051733493805 1.6540075540542603 1
0.034145507961511612 -0.23897595703601837 1.8490842580795288 1
-0.19383570551872253 -0.16846631467342377 1.9054919481277466 1
-0.19383570551872253 0.012508463114500046 1.8067784309387207 1
-0.19148537516593933 0.014858784154057503 1.7268675565719604 1
-0.19148537516593933 -0.083854727447032928 1.9078422784805298 1
-0.18678472936153412 -0.12381019443273544 1.6610585451126099 1
-0.18913505971431732 -0.11910955607891083 1.6845617294311523 1
-0.18913505971431732 -0.12381019443273544 1.7738739252090454 1
-0.18678472936153412 -0.20607146620750427 1.7762242555618286 1
-0.18678472936153412 -0.12145987898111343 1.769173264503479 1
-0.18678472936153412 -0.11675923317670822 1.7715235948562622 1
-0.1115744411945343 -0.22722434997558594 1.6939630508422852 1
7.2590346336364746 -0.19902049005031586 1.6657590866088867 1
-0.1115744411945343 7.0587730407714844 1.6657590866088867 1
-0.18208408355712891 -0.15201406180858612 1.6963133811950684 1
-0.1092241182923317 -0.22487403452396393 8.6415138244628906 1
6.0768227577209473 -0.19902049005031586 1.6704597473144531 1
6.2295937538146973 -0.22252370417118073 1.710415244102478 1
6.0768227577209473 -0.22252370417118073 8.0797872543334961 1
-0.15388022363185883 6.5511035919189453 1.6728100776672363 1
-0.17738345265388489 -0.067402474582195282 1.7127655744552612 1
6.5938935279846191 -0.067402474582195282 1.6728100776672363 1
-0.17503312230110168 -0.1097082644701004 1.710415244102478 1
-0.17503312230110168 -0.15906502306461334 1.7832752466201782 1
-0.13742797076702118 -0.10735794901847839 1.6775107383728027 1
-0.17268280684947968 -0.10735794901847839 1.7362687587738037 1
-0.17033247649669647 -0.076803766191005707 1.9666002988815308 1
-0.17033247649669647 7.855532169342041 1.8161797523498535 1
-0.17033247649669647 0.073616825044155121 1.8373326063156128 1
-0.16798216104507446 0.075967147946357727 1.8185300827026367 1
8.0181884765625 -0.21077209711074829 1.8185300827026367 1
-0.16798216104507446 -0.053300544619560242 1.968950629234314 1
-0.16563183069229126 -0.10030698031187057 1.7292177677154541 1
-0.16563183069229126 -0.11910955607891083 1.792676568031311 1
-0.16328151524066925 -0.16141533851623535 1.7950267791748047 1
-0.16328151524066925 -0.097956657409667969 1.7762242555618286 1
-0.16093119978904724 0.021909749135375023 1.7879759073257446 1
-0.16093119978904724 -0.095606334507465363 2.0159571170806885 1
-0.16093119978904724 0.12297358363866806 1.9148932695388794 1
-0.15858086943626404 -0.10265730321407318 1.9172435998916626 1
-0.15858086943626404 0.024260072037577629 1.7997274398803711 1
-0.1115744411945343 -0.19902049005031586 7.9270162582397461 1
-0.15388022363185883 -0.15201406180858612 8.444087028503418 1
-0.11627507954835892 6.9788622856140137 1.6986637115478516 1
-0.15152990818023682 7.714512825012207 1.7339184284210205 1
7.722048282623291 7.714512825012207 1.6986637115478516 1
-0.14917959272861481 -0.15671470761299133 1.8138294219970703 1
-0.14917959272861481 -0.079154081642627716 1.7668229341506958 1
0.031795188784599304 -0.17316696047782898 1.7033642530441284 1
-0.1468292623758316 -0.13556180894374847 1.8725874423980713 1
-0.1468292623758316 -0.020396040752530098 1.8819887638092041 1
-0.12802669405937195 -0.0086444327607750893 1.7057145833969116 1
-0.14447894692420959 -0.018045719712972641 1.7597720623016357 1
-0.14447894692420959 -0.0086444327607750893 1.8749377727508545 1
-0.13977830111980438 -0.1097082644701004 1.8232307434082031 1
-0.13977830111980438 -0.069752797484397888 8.0797872543334961 1
-0.13742797076702118 -0.067402474582195282 1.7856255769729614 1
-0.13507765531539917 -0.015695398673415184 2.2086834907531738 1
-0.13507765531539917 0.31569996476173401 2.0770654678344727 1
-0.13272733986377716 0.31805029511451721 1.8796384334564209 1
-0.13272733986377716 0.18643227219581604 2.211033821105957 1
7.7549524307250977 -0.17316696047782898 1.8819887638092041 1
-0.12567636370658875 -0.055650867521762848 1.9054919481277466 1
-0.12332604825496674 0.10652133077383041 1.839682936668396 1
-0.12332604825496674 0.014858784154057503 1.9995048046112061 1
-0.12097572535276413 -0.065052151679992676 1.7433197498321533 1
-0.12097572535276413 -0.10030698031187057 1.8420332670211792 1
-0.12097572535276413 -0.050950225442647934 1.8279314041137695 1
-0.11862540245056152 -0.14731341600418091 1.8302816152572632 1
-0.11862540245056152 -0.048599902540445328 1.7950267791748047 1
-0.11862540245056152 -0.062701836228370667 1.8443835973739624 1
-0.066918328404426575 -0.15906502306461334 8.6697177886962891 1
-0.11627507954835892 -0.081504404544830322 8.6697177886962891 1
-0.11627507954835892 7.714512825012207 1.8114790916442871 1
-0.064568005502223969 -0.067402474582195282 1.7362687587738037 1
-0.11392475664615631 6.2079567909240723 1.8138294219970703 1
-0.11392475664615631 -0.067402474582195282 8.1009397506713867 1
0.13285902142524719 -0.13086116313934326 1.7386190891265869 1
-0.1115744411945343 -0.13086116313934326 8.951756477355957 1
0.13285902142524719 -0.15436437726020813 1.9289951324462891 1
-0.1115744411945343 6.0340328216552734 1.9289951324462891 1
0.081151947379112244 -0.15201406180858612 1.9854029417037964 1
-0.1092241182923317 0.03836200013756752 8.444087028503418 1
-0.1092241182923317 6.748530387878418 1.9854029417037964 1
-0.10687379539012909 -0.041548937559127808 1.8020777702331543 1
-0.10687379539012909 -0.065052151679992676 1.851434588432312 1
-0.10452347248792648 -0.088555373251438141 1.8537849187850952 1
-0.10452347248792648 -0.039198614656925201 1.8302816152572632 1
-0.10217314958572388 0.0078078191727399826 2.0112564563751221 1
-0.099822826683521271 0.12062326073646545 1.9031416177749634 1
5.6702170372009277 -0.1426127701997757 1.9031416177749634 1
-0.097472511231899261 0.059514898806810379 1.8208804130554199 1
-0.097472511231899261 -0.025096684694290161 1.9524984359741211 1
6.4434728622436523 -0.025096684694290161 1.7527210712432861 1
-0.095122188329696655 -0.072103120386600494 1.9548487663269043 1
-0.095122188329696655 0.061865217983722687 1.8702371120452881 1
-0.095122188329696655 -0.022746363654732704 9.4476747512817383 1
-0.07161896675825119 0.0031071759294718504 1.7574217319488525 1
-0.092771865427494049 0.0031071759294718504 1.8725874423980713 1
-0.090421542525291443 0.0054574976675212383 1.780924916267395 1
-0.090421542525291443 -0.018045719712972641 1.898440957069397 1
0.13285902142524719 -0.025096684694290161 1.7621223926544189 1
-0.088071219623088837 -0.025096684694290161 8.293665885925293 1
-0.08572089672088623 6.3959822654724121 8.7190742492675781 1
-0.08572089672088623 7.206843376159668 8.2889652252197266 1
7.381251335144043 -0.12851084768772125 8.596858024597168 1
-0.08572089672088623 6.8260912895202637 9.5722417831420898 1
7.381251335144043 7.206843376159668 1.7644727230072021 1
-0.036364141851663589 -0.034497972577810287 1.7668229341506958 1
-0.083370573818683624 -0.034497972577810287 1.8490842580795288 1
-0.081020258367061615 -0.12145987898111343 1.910192608833313 1
-0.081020258367061615 -0.0015934676630422473 1.7738739252090454 1
-0.081020258367061615 0.017209107056260109 1.8913900852203369 1
-0.073969289660453796 0.00075685407500714064 1.7715235948562622 1
-0.078669935464859009 0.00075685407500714064 1.9125429391860962 1
-0.078669935464859009 0.019559428095817566 1.910192608833313 1
-0.076319612562656403 -0.006294111255556345 1.792676568031311 1
-0.076319612562656403 -0.0015934676630422473 1.8866894245147705 1
-0.073969289660453796 -0.097956657409667969 1.8890397548675537 1
-0.073969289660453796 -0.0039437892846763134 1.8937402963638306 1
-0.07161896675825119 0.11357229948043823 1.8960906267166138 1
0.088202908635139465 0.11357229948043823 1.7785745859146118 1
-0.069268643856048584 0.047763288021087646 1.8091287612915039 1
-0.069268643856048584 0.0054574976675212383 2.0089061260223389 1
0.090553231537342072 -0.11205858737230301 2.0089061260223389 1
-0.066918328404426575 6.7767343521118164 1.8232307434082031 1
-0.062217682600021362 0.15117745101451874 1.9007912874221802 1
-0.062217682600021362 0.021909749135375023 2.0441608428955078 1
-0.059867359697818756 0.010158141143620014 2.046511173248291 1
-0.059867359697818756 5.6274271011352539 1.9031416177749634 1
-0.059867359697818756 0.15352776646614075 1.9172435998916626 1
-0.05751703679561615 0.026610393077135086 1.8420332670211792 1
0.036495830863714218 0.026610393077135086 1.792676568031311 1
-0.055166717618703842 -0.048599902540445328 1.921944260597229 1
0.038846153765916824 -0.097956657409667969 1.921944260597229 1
-0.052816394716501236 -0.060351509600877762 2.1029191017150879 1
-0.052816394716501236 0.20993548631668091 2.0159571170806885 1
-0.05046607181429863 0.21228581666946411 1.8349822759628296 1
0.067050017416477203 0.12532390654087067 1.7997274398803711 1
0.16811384260654449 0.21228581666946411 1.7997274398803711 1
-0.048115752637386322 0.068916186690330505 1.8326319456100464 1
-0.048115752637386322 -0.041548937559127808 1.9618996381759644 1
-0.045765429735183716 -0.058001190423965454 1.9642499685287476 1
-0.045765429735183716 0.071266509592533112 1.8537849187850952 1
0.055298406630754471 0.12767422199249268 1.8067784309387207 1
-0.04341510683298111 0.12767422199249268 1.9383964538574219 1
0.17281448841094971 0.014858784154057503 1.8091287612915039 1
-0.041064787656068802 0.047763288021087646 2.0230081081390381 1
-0.038714464753866196 7.714512825012207 1.8561352491378784 1
-0.038714464753866196 -0.036848295480012894 9.8777828216552734 1
6.8195242881774902 -0.081504404544830322 9.8777828216552734 1
5.9616570472717285 -0.034497972577810287 1.8138294219970703 1
6.2507467269897461 5.9188671112060547 1.8138294219970703 1
-0.034013818949460983 -0.032147649675607681 2.1264221668243408 1
7.5998311042785645 -0.032147649675607681 1.8161797523498535 1
-0.034013818949460983 0.23343870043754578 1.9666002988815308 1
7.9265260696411133 7.5570411682128906 1.8161797523498535 1
7.9265260696411133 -0.076803766191005707 9.7485151290893555 1
0.012992613948881626 -0.074453443288803101 2.128772497177124 1
7.9241757392883301 -0.074453443288803101 1.8631861209869385 1
-0.031663499772548676 0.075967147946357727 2.128772497177124 1
7.9241757392883301 7.9753985404968262 1.8185300827026367 1
-0.029313176870346069 0.059514898806810379 1.9713009595870972 1
-0.029313176870346069 0.078317470848560333 1.9548487663269043 1
6.2295937538146973 -0.069752797484397888 1.9477977752685547 1
8.0275897979736328 0.054814253002405167 1.8232307434082031 1
6.8195242881774902 7.984799861907959 1.8232307434082031 1
-0.024612532928586006 0.057164575904607773 7.8118505477905273 1
-0.024612532928586006 6.3325238227844238 1.9501481056213379 1
-0.024612532928586006 5.9188671112060547 8.1009397506713867 1
6.5938935279846191 6.3325238227844238 1.8255810737609863 1
-0.022262211889028549 -0.050950225442647934 1.9242945909500122 1
-0.022262211889028549 0.040712323039770126 1.851434588432312 1
-0.022262211889028549 0.03131103515625 1.9336957931518555 1
-0.019911890849471092 0.033661358058452606 1.8443835973739624 1
-0.019911890849471092 -0.039198614656925201 1.9360461235046387 1
-0.019911890849471092 0.043062645941972733 1.9266448020935059 1
-0.017561567947268486 0.068916186690330505 2.1029191017150879 1
-0.015211246907711029 0.21228581666946411 1.9642499685287476 1
-0.012860924936830997 0.10417100787162781 1.9054919481277466 1
-0.012860924936830997 0.073616825044155121 1.9971544742584229 1
-0.010510602965950966 0.10652133077383041 1.968950629234314 1
-0.0081602819263935089 0.026610393077135086 1.9736512899398804 1
-0.0081602819263935089 0.080667793750762939 1.9242945909500122 1
-0.0058099599555134773 0.083018116652965546 1.921944260597229 1
-0.0058099599555134773 0.033661358058452606 1.9760016202926636 1
0.031795188784599304 0.10887165367603302 1.8467339277267456 1
-0.0034596379846334457 7.7121624946594238 1.8819887638092041 1
-0.0034596379846334457 0.10887165367603302 1.9783519506454468 1
0.12815837562084198 6.7696833610534668 1.8467339277267456 1
7.2496333122253418 -0.046249579638242722 8.6626672744750977 1
7.5058183670043945 -0.043899260461330414 1.8584855794906616 1
0.13050870597362518 -0.0086444327607750893 1.8490842580795288 1
7.5058183670043945 0.087718755006790161 1.8490842580795288 1
0.0012410054914653301 0.040712323039770126 1.9924538135528564 1
0.14226031303405762 0.068916186690330505 1.851434588432312 1
0.0035913272295147181 0.1018206924200058 1.9360461235046387 1
0.0035913272295147181 0.071266509592533112 1.9948041439056396 1
0.005941648967564106 0.064215540885925293 7.0667986869812012 1
0.10700548440217972 -0.036848295480012894 9.8519296646118164 1
5.2166051864624023 7.4254231452941895 1.8561352491378784 1
0.005941648967564106 7.4254231452941895 9.8777828216552734 1
8.0017366409301758 -0.036848295480012894 9.6074962615966797 1
5.9616570472717285 0.066565863788127899 1.8584855794906616 1
0.10935580730438232 7.4630284309387207 1.8584855794906616 1
6.297752857208252 0.050113610923290253 1.8608357906341553 1
0.010642291978001595 0.050113610923290253 9.4711771011352539 1
0.010642291978001595 7.8884367942810059 2.1264221668243408 1
7.5998311042785645 6.2549629211425781 1.8608357906341553 1
0.010642291978001595 7.5781941413879395 9.7814197540283203 1
0.012992613948881626 5.9071154594421387 1.9454474449157715 1
6.2131414413452148 -0.029797328636050224 1.9454474449157715 1
0.012992613948881626 0.23578903079032898 2.2251358032226562 1
0.012992613948881626 0.33215221762657166 7.8000988960266113 1
5.7054719924926758 -0.029797328636050224 8.0633344650268555 1
5.7054719924926758 7.8813858032226562 1.8631861209869385 1
0.017693256959319115 0.22403742372989655 1.9524984359741211 1
0.017693256959319115 0.090069077908992767 2.117020845413208 1
0.020043579861521721 0.061865217983722687 2.1193711757659912 1
0.020043579861521721 0.22638773918151855 1.9854029417037964 1
6.79132080078125 -0.022746363654732704 1.9854029417037964 1
0.1375596672296524 -0.010994754731655121 1.8725874423980713 1
0.022393900901079178 0.0031071759294718504 1.9877532720565796 1
0.024744221940636635 -0.0086444327607750893 1.9901034832000732 1
0.048247441649436951 -0.018045719712972641 1.9901034832000732 1
0.027094544842839241 0.11827293783426285 2.3238492012023926 1
0.027094544842839241 0.43086573481559753 2.2086834907531738 1
0.029444865882396698 0.43321606516838074 2.0136067867279053 1
0.029444865882396698 0.31805029511451721 2.3261995315551758 1
0.031795188784599304 0.09476972371339798 2.0018551349639893 1
0.034145507961511612 0.087718755006790161 2.0042054653167725 1
0.15401192009449005 0.097120046615600586 1.8843390941619873 1
0.036495830863714218 -0.0015934676630422473 2.0676641464233398 1
0.036495830863714218 0.16527937352657318 1.9195939302444458 1
0.036495830863714218 0.17468066513538361 2.058262825012207 1
0.038846153765916824 0.17703098058700562 1.8937402963638306 1
0.038846153765916824 0.028960714116692543 2.0606131553649902 1
0.038846153765916824 0.16762970387935638 2.070014476776123 1
0.041196476668119431 0.017209107056260109 2.1076195240020752 1
0.041196476668119431 0.21463613212108612 2.0676641464233398 1
0.043546795845031738 0.19348323345184326 1.9125429391860962 1
0.043546795845031738 0.17703098058700562 2.0864667892456055 1
0.1375596672296524 0.0031071759294718504 2.0300590991973877 1
0.045897118747234344 0.11357229948043823 2.0300590991973877 1
0.048247441649436951 0.097120046615600586 2.0324094295501709 1
0.18221578001976013 0.11592262238264084 1.898440957069397 1
0.050597760826349258 0.33450254797935486 2.0112564563751221 1
0.050597760826349258 0.15117745101451874 2.2274861335754395 1
0.052948083728551865 0.12062326073646545 2.2298364639282227 1
0.052948083728551865 0.33685284852981567 2.046511173248291 1
0.14696095883846283 0.20053419470787048 1.9054919481277466 1
0.055298406630754471 0.20053419470787048 2.0206577777862549 1
0.24567446112632751 0.10652133077383041 1.9078422784805298 1
0.057648725807666779 0.13002455234527588 2.0958681106567383 1
0.059999048709869385 0.019559428095817566 2.1076195240020752 1
0.062349371612071991 0.19348323345184326 2.1099698543548584 1
0.062349371612071991 0.21698644757270813 2.1076195240020752 1
0.16576352715492249 0.42381477355957031 1.9148932695388794 1
0.064699694514274597 0.28749611973762512 2.0441608428955078 1
0.064699694514274597 0.42381477355957031 2.1804795265197754 1
0.067050017416477203 0.42616507411003113 2.0183074474334717 1
0.067050017416477203 0.15352776646614075 2.1828298568725586 1
0.067050017416477203 0.28984642028808594 2.3191485404968262 1
0.069400332868099213 0.18878258764743805 1.9736512899398804 1
0.2080693244934082 0.18878258764743805 1.9195939302444458 1
0.071750655770301819 0.083018116652965546 2.0841164588928223 1
0.071750655770301819 0.19113291800022125 2.0606131553649902 1
0.074100978672504425 0.15587808191776276 1.9336957931518555 1
0.074100978672504425 0.080667793750762939 2.0888171195983887 1
0.074100978672504425 0.19583356380462646 2.0488615036010742 1
0.076451301574707031 0.043062645941972733 2.0512118339538574 1
0.076451301574707031 0.19818387925624847 1.9760016202926636 1
0.076451301574707031 0.15822841227054596 2.0911674499511719 1
0.078801624476909637 0.054814253002405167 2.0253584384918213 1
6.2295937538146973 0.054814253002405167 1.9289951324462891 1
0.078801624476909637 0.25929224491119385 1.9830526113510132 1
0.078801624476909637 0.13237486779689789 2.1522758007049561 1
6.0768227577209473 6.1868038177490234 1.9289951324462891 1
0.30443251132965088 0.03836200013756752 1.9854029417037964 1
0.081151947379112244 0.26164257526397705 2.0277087688446045 1
6.3753137588500977 0.03836200013756752 2.0277087688446045 1
6.5938935279846191 0.03836200013756752 8.2255067825317383 1
0.083502262830734253 0.2052348405122757 1.9924538135528564 1
0.083502262830734253 0.15587808191776276 2.0982184410095215 1
0.085852585732936859 0.1018206924200058 2.1005687713623047 1
0.085852585732936859 0.2075851708650589 2.0512118339538574 1
0.088202908635139465 0.17938131093978882 2.0065557956695557 1
0.088202908635139465 0.12767422199249268 2.0723648071289062 1
0.090553231537342072 0.11592262238264084 2.0747151374816895 1
0.17281448841094971 0.047763288021087646 2.0747151374816895 1
0.092903554439544678 0.18408195674419403 2.352053165435791 1
0.092903554439544678 0.45906957983970642 9.4711771011352539 1
0.095253877341747284 5.9071154594421387 2.0794157981872559 1
0.09760420024394989 0.26869353652000427 2.0253584384918213 1
0.09760420024394989 0.14647680521011353 2.1616771221160889 1
0.09760420024394989 5.1738147735595703 2.0394601821899414 1
0.09760420024394989 7.4254231452941895 7.0667986869812012 1
7.4682130813598633 0.054814253002405167 9.8777828216552734 1
0.099954515695571899 0.13472519814968109 2.1640274524688721 1
0.099954515695571899 6.3325238227844238 2.0277087688446045 1
0.099954515695571899 0.27104386687278748 2.0418105125427246 1
0.099954515695571899 0.14882712066173553 7.1067543029785156 1
5.9616570472717285 0.057164575904607773 7.1067543029785156 1
0.10230483859777451 0.22403742372989655 1.9713009595870972 1
0.10465516149997711 0.078317470848560333 2.1193711757659912 1
0.10700548440217972 0.14177615940570831 7.0667986869812012 1
6.356511116027832 0.14177615940570831 1.9571990966796875 1
6.356511116027832 0.064215540885925293 8.2889652252197266 1
8.0017366409301758 6.3959822654724121 1.9571990966796875 1
0.10935580730438232 5.2137703895568848 2.0371100902557373 1
7.5058183670043945 0.066565863788127899 2.0371100902557373 1
5.9616570472717285 5.2137703895568848 1.9595493078231812 1
0.11170613020658493 0.099470369517803192 2.1217215061187744 1
0.11170613020658493 0.22873806953430176 2.1029191017150879 1
0.11405644565820694 0.23108838498592377 1.9948041439056396 1
0.11405644565820694 0.21228581666946411 2.1240718364715576 1
0.11640676856040955 0.23813934624195099 1.9971544742584229 1
0.2762286365032196 0.23813934624195099 1.9666002988815308 1
0.11875709146261215 0.10652133077383041 2.1334731578826904 1
0.11875709146261215 0.24048967659473419 2.128772497177124 1
0.12110741436481476 0.22403742372989655 2.1499254703521729 1
0.12110741436481476 0.25694191455841064 2.1193711757659912 1
0.23157253861427307 0.24754063785076141 1.9736512899398804 1
0.12345773726701736 0.24754063785076141 2.0888171195983887 1
0.23392285406589508 0.083018116652965546 2.1428744792938232 1
0.12580806016921997 0.19818387925624847 2.1428744792938232 1
0.12815837562084198 0.10887165367603302 2.0629634857177734 1
0.21276995539665222 0.16057872772216797 1.9783519506454468 1
0.20336867868900299 6.3137211799621582 1.9783519506454468 1
0.12815837562084198 6.3137211799621582 8.6626672744750977 1
0.15401192009449005 0.087718755006790161 2.0653138160705566 1
0.13050870597362518 0.16292905807495117 2.0653138160705566 1
0.13050870597362518 7.4630284309387207 2.0559124946594238 1
0.13285902142524719 0.25929224491119385 2.117020845413208 1
0.1352093517780304 0.22638773918151855 2.1546261310577393 1
0.17986546456813812 0.10887165367603302 1.9877532720565796 1
0.13990998268127441 0.11122197657823563 2.0324094295501709 1
0.14226031303405762 0.2052348405122757 2.1569764614105225 1
0.27152800559997559 0.099470369517803192 2.1569764614105225 1
0.14461062848567963 0.26634320616722107 2.1005687713623047 1
0.27387833595275879 0.26634320616722107 1.9948041439056396 1
0.14696095883846283 0.23813934624195099 2.0935177803039551 1
0.14931127429008484 0.20288452506065369 2.1334731578826904 1
0.21276995539665222 0.10887165367603302 2.0300590991973877 1
0.21512028574943542 0.1394258439540863 2.0042054653167725 1
0.21276995539665222 0.1370755136013031 2.0065557956695557 1
0.22217124700546265 0.16998001933097839 2.0065557956695557 1
0.15871256589889526 0.1394258439540863 2.0653138160705566 1
0.15871256589889526 0.1723303347826004 2.0747151374816895 1
0.16106288135051727 0.33450254797935486 2.3708555698394775 1
0.16106288135051727 0.47787216305732727 2.3238492012023926 1
0.16341321170330048 0.48022249341011047 2.2298364639282227 1
0.16341321170330048 0.43321606516838074 2.3732059001922607 1
0.16576352715492249 0.20993548631668091 2.3661551475524902 1
0.16576352715492249 0.47317153215408325 2.316798210144043 1
0.16811384260654449 0.47552183270454407 2.1052694320678711 1
0.16811384260654449 0.42616507411003113 2.3685054779052734 1
0.26212671399116516 0.17938131093978882 2.0206577777862549 1
0.1704641729593277 0.20053419470787048 2.1123201847076416 1
0.17281448841094971 0.18173162639141083 2.1146705150604248 1
0.17281448841094971 0.22168709337711334 2.0958681106567383 1
0.17516481876373291 0.26869353652000427 2.1522758007049561 1
0.17751513421535492 0.26164257526397705 2.1640274524688721 1
0.18926674127578735 0.14177615940570831 2.1663775444030762 1
5.2166051864624023 0.14177615940570831 2.0394601821899414 1
0.18456609547138214 0.16057872772216797 2.1358234882354736 1
0.18456609547138214 6.3137211799621582 2.0535621643066406 1
0.28562992811203003 0.27339416742324829 2.0347597599029541 1
0.31853443384170532 0.14412647485733032 2.0418105125427246 1
5.2565603256225586 0.14882712066173553 2.0371100902557373 1
0.18691642582416534 0.24519030749797821 2.0559124946594238 1
7.5058183670043945 0.14412647485733032 2.0559124946594238 1
0.18691642582416534 0.27574449777603149 2.1381738185882568 1
0.18926674127578735 0.43791669607162476 2.1616771221160889 1
0.18926674127578735 0.27339416742324829 2.3309001922607422 1
0.19161707162857056 0.27104386687278748 2.3332505226135254 1
0.19161707162857056 0.44026702642440796 2.1687278747558594 1
0.19396738708019257 0.28749611973762512 2.3379511833190918 1
0.19396738708019257 0.44496765732765198 2.2274861335754395 1
0.33263635635375977 0.15352776646614075 2.340301513671875 1
0.19631770253181458 0.33685284852981567 2.340301513671875 1
0.23862349987030029 0.32510125637054443 2.0488615036010742 1
0.19866803288459778 0.34390383958816528 2.0982184410095215 1
0.19866803288459778 0.32510125637054443 2.2368874549865723 1
0.2409738153219223 0.15822841227054596 2.2204351425170898 1
0.20101834833621979 0.2075851708650589 2.2392375469207764 1
0.20101834833621979 0.3462541401386261 2.2204351425170898 1
0.22217124700546265 0.16057872772216797 2.0629634857177734 1
0.20336867868900299 0.17938131093978882 2.1123201847076416 1
0.26212671399116516 0.2428399920463562 2.0535621643066406 1
0.22452157735824585 0.1723303347826004 2.0559124946594238 1
0.26447704434394836 0.18173162639141083 2.0559124946594238 1
0.28798025846481323 0.22168709337711334 2.0559124946594238 1
0.2080693244934082 0.17468066513538361 2.2321867942810059 1
0.2080693244934082 0.29219675064086914 2.0817661285400391 1
0.2080693244934082 0.33920317888259888 2.1851801872253418 1
0.21041963994503021 0.34155350923538208 2.070014476776123 1
0.21041963994503021 0.19113291800022125 2.187530517578125 1
0.21041963994503021 0.29454708099365234 2.2345371246337891 1
0.25742608308792114 0.38150897622108459 2.0676641464233398 1
0.21747060120105743 0.38150897622108459 2.2321867942810059 1
0.21982093155384064 0.3838593065738678 2.0864667892456055 1
0.21982093155384064 0.34155350923538208 2.2768428325653076 1
0.22687189280986786 0.31569996476173401 2.4766201972961426 1
0.22687189280986786 0.58363664150238037 2.352053165435791 1
0.22922220826148987 0.58598697185516357 2.211033821105957 1
0.22922220826148987 5.9071154594421387 2.4789705276489258 1
0.23157253861427307 0.28279545903205872 2.14052414894104 1
0.23157253861427307 0.29219675064086914 2.175778865814209 1
0.23392285406589508 0.24989095330238342 2.1781291961669922 1
0.23392285406589508 0.28514578938484192 2.187530517578125 1
0.25977638363838196 0.19348323345184326 2.3214988708496094 1
0.23627318441867828 0.3838593065738678 2.3097472190856934 1
0.23627318441867828 0.41676381230354309 2.3214988708496094 1
0.29033058881759644 0.3486044704914093 2.0888171195983887 1
0.23862349987030029 0.3486044704914093 2.2180848121643066 1
0.2409738153219223 7.6393027305603027 2.1428744792938232 1
0.2409738153219223 0.32745158672332764 9.5322856903076172 1
0.24332414567470551 0.25224128365516663 2.1123201847076416 1
0.28092929720878601 0.25224128365516663 2.0935177803039551 1
0.24567446112632751 0.22168709337711334 2.1475751399993896 1
0.28327962756156921 0.20288452506065369 2.1475751399993896 1
0.24802479147911072 0.40501219034194946 2.1569764614105225 1
0.24802479147911072 0.34390383958816528 2.2979955673217773 1
0.25037512183189392 0.26634320616722107 2.3003458976745605 1
0.25037512183189392 0.40736252069473267 2.2392375469207764 1
0.25272542238235474 0.22873806953430176 2.3026962280273438 1
0.25272542238235474 0.40971285104751587 2.3661551475524902 1
0.25507575273513794 0.41206315159797668 2.1240718364715576 1
0.25507575273513794 0.47552183270454407 2.305046558380127 1
0.25742608308792114 0.21698644757270813 2.3214988708496094 1
0.25742608308792114 0.41441348195075989 2.2744925022125244 1
0.25742608308792114 0.42851540446281433 2.3073968887329102 1
0.29503121972084045 0.2428399920463562 2.1123201847076416 1
0.28798025846481323 0.25459161400794983 2.1146705150604248 1
0.26682737469673157 0.39561089873313904 2.1499254703521729 1
0.26682737469673157 0.25929224491119385 2.2885944843292236 1
0.26917767524719238 0.25694191455841064 2.2909448146820068 1
0.26917767524719238 0.39796122908592224 2.1546261310577393 1
0.27152800559997559 0.26399287581443787 2.2791931629180908 1
0.27152800559997559 0.38620960712432861 2.3026962280273438 1
0.27387833595275879 0.38855993747711182 2.1593267917633057 1
0.27387833595275879 0.41206315159797668 2.281543493270874 1
0.2762286365032196 0.35330510139465332 2.1311228275299072 1
0.37259185314178467 0.35330510139465332 2.1264221668243408 1
7.9312267303466797 0.32980188727378845 2.1264221668243408 1
0.27857896685600281 0.24048967659473419 2.2486388683319092 1
0.37494215369224548 0.23578903079032898 2.2486388683319092 1
0.28092929720878601 0.35330510139465332 2.1452248096466064 1
0.28327962756156921 0.25459161400794983 2.2486388683319092 1
0.28562992811203003 0.25224128365516663 2.2603905200958252 1
0.41019698977470398 0.27339416742324829 2.1358234882354736 1
0.29738155007362366 0.24519030749797821 2.2627408504486084 1
0.31853443384170532 0.36975735425949097 2.1381738185882568 1
0.32558539509773254 5.9141664505004883 2.14052414894104 1
0.29033058881759644 5.9141664505004883 2.2415878772735596 1
0.32793572545051575 0.24989095330238342 9.1938400268554688 1
0.29268088936805725 0.3509548008441925 9.1938400268554688 1
7.6820926666259766 0.3509548008441925 2.1428744792938232 1
0.41019698977470398 0.25224128365516663 2.246288537979126 1
0.39844536781311035 0.25459161400794983 2.2627408504486084 1
0.29973188042640686 0.39561089873313904 2.3356008529663086 1
0.29973188042640686 0.44261732697486877 2.2909448146820068 1
0.30208218097686768 0.26869353652000427 2.328549861907959 1
0.30208218097686768 0.43556636571884155 2.2885944843292236 1
0.3138338029384613 0.26164257526397705 2.4883718490600586 1
0.30443251132965088 0.39796122908592224 2.4531168937683105 1
0.30443251132965088 0.56013345718383789 2.4883718490600586 1
0.30678284168243408 0.44966831803321838 2.2791931629180908 1
0.30678284168243408 0.40501219034194946 2.3426518440246582 1
0.3091331422328949 0.38855993747711182 2.3450021743774414 1
0.3091331422328949 0.4520186185836792 2.3003458976745605 1
0.3114834725856781 0.59303790330886841 2.328549861907959 1
0.3114834725856781 0.43791669607162476 2.4860215187072754 1
0.3138338029384613 0.59538823366165161 2.3332505226135254 1
0.31618410348892212 0.36740705370903015 2.4131615161895752 1
0.31618410348892212 0.52017796039581299 2.3309001922607422 1
0.31853443384170532 0.52252829074859619 2.2627408504486084 1
0.31853443384170532 0.44026702642440796 2.4155118465423584 1
0.32088476419448853 0.30159804224967957 2.1898808479309082 1
0.33968734741210938 0.39091026782989502 2.1710782051086426 1
0.32088476419448853 0.37680834531784058 2.1945815086364746 1
0.32088476419448853 0.37210768461227417 2.2039828300476074 1
0.32088476419448853 0.31099933385848999 2.269791841506958 1
0.32088476419448853 0.39091026782989502 2.2650911808013916 1
0.32323509454727173 0.29924771189689636 2.1969318389892578 1
0.32323509454727173 0.39326059818267822 2.1922311782836914 1
0.32323509454727173 0.30394837260246277 2.2721421718597412 1
0.32323509454727173 0.31334963440895081 2.2674415111541748 1
0.32323509454727173 0.37915864586830139 2.2063331604003906 1
0.32323509454727173 0.37445801496505737 2.2862441539764404 1
0.34908860921859741 0.28279545903205872 2.1851801872253418 1
0.34908860921859741 0.35800576210021973 2.175778865814209 1
0.32558539509773254 0.35800576210021973 2.2556898593902588 1
0.32558539509773254 0.36270639300346375 7.8071498870849609 1
0.32793572545051575 0.30864900350570679 2.187530517578125 1
0.35143893957138062 0.28514578938484192 2.2533395290374756 1
0.32793572545051575 0.36505672335624695 2.2533395290374756 1
0.32793572545051575 7.3008561134338379 2.258040189743042 1
0.59587240219116211 0.28749611973762512 2.316798210144043 1
0.48775759339332581 0.28749611973762512 2.4460659027099609 1
0.33263635635375977 0.55543279647827148 2.3191485404968262 1
0.49010792374610901 0.55543279647827148 2.1828298568725586 1
0.34908860921859741 0.29219675064086914 2.29329514503479 1
0.33498668670654297 0.33920317888259888 2.29329514503479 1
0.35143893957138062 0.40266185998916626 2.187530517578125 1
0.33733701705932617 0.40266185998916626 2.2345371246337891 1
0.33968734741210938 0.30159804224967957 2.2133841514587402 1
0.33968734741210938 0.32040059566497803 2.199282169342041 1
0.33968734741210938 0.30629867315292358 2.29329514503479 1
0.33968734741210938 0.40031155943870544 2.2838938236236572 1
0.34203764796257019 0.32275092601776123 2.1969318389892578 1
0.34203764796257019 0.30864900350570679 2.2157344818115234 1
0.34203764796257019 0.40266185998916626 2.2016324996948242 1
0.34203764796257019 0.39326059818267822 2.2956452369689941 1
0.34438797831535339 0.46377024054527283 2.2133841514587402 1
0.34438797831535339 0.37680834531784058 2.399059534072876 1
0.34438797831535339 0.50607603788375854 2.3567538261413574 1
0.3467383086681366 0.32275092601776123 2.3591041564941406 1
0.3467383086681366 0.50842636823654175 2.2721421718597412 1
0.3467383086681366 0.46612057089805603 2.4014098644256592 1
0.34908860921859741 0.32040059566497803 2.2509891986846924 1
0.35143893957138062 0.36035609245300293 2.2157344818115234 1
0.414897620677948 0.41911411285400391 2.2039828300476074 1
0.35378926992416382 0.4872734546661377 2.269791841506958 1
0.35378926992416382 0.41911411285400391 2.3473525047302246 1
0.35378926992416382 0.4543689489364624 2.3802568912506104 1
0.35613960027694702 0.42146444320678711 2.2674415111541748 1
0.35613960027694702 0.37915864586830139 2.3826072216033936 1
0.46425437927246094 0.31334963440895081 2.38730788230896 1
0.35613960027694702 0.4896237850189209 2.3497028350830078 1
0.35613960027694702 0.45671927928924561 2.38730788230896 1
0.35848990082740784 0.43086573481559753 2.5283272266387939 1
0.35848990082740784 0.63534373044967651 2.4766201972961426 1
0.36084023118019104 0.63299340009689331 2.3261995315551758 1
0.36084023118019104 0.58598697185516357 2.5259768962860107 1
0.36319056153297424 0.48257282376289368 2.2509891986846924 1
0.36319056153297424 0.46377024054527283 2.363804817199707 1
0.36319056153297424 0.47082120180130005 2.3755562305450439 1
0.36554086208343506 0.36035609245300293 2.3779065608978271 1
0.36554086208343506 0.46847087144851685 2.3591041564941406 1
0.36554086208343506 0.48492312431335449 2.3614544868469238 1
0.36789119243621826 0.53427988290786743 2.2368874549865723 1
0.36789119243621826 0.3486044704914093 2.4272632598876953 1
0.57942014932632446 0.32745158672332764 2.2392375469207764 1
0.57942014932632446 0.3509548008441925 2.2204351425170898 1
0.37024152278900146 0.3509548008441925 9.5322856903076172 1
0.37259185314178467 0.49667474627494812 2.246288537979126 1
0.37259185314178467 0.45906957983970642 2.3896582126617432 1
7.6209840774536133 0.45906957983970642 2.222785472869873 1
7.9312267303466797 7.5781941413879395 2.222785472869873 1
0.37494215369224548 0.35565543174743652 2.3920085430145264 1
0.37494215369224548 0.49902507662773132 2.3544034957885742 1
0.37494215369224548 0.46141991019248962 7.8000988960266113 1
0.37729248404502869 0.44496765732765198 2.4954228401184082 1
0.37729248404502869 0.60243922472000122 2.3708555698394775 1
0.6687324047088623 0.44731798768043518 2.2298364639282227 1
0.37964281439781189 0.48022249341011047 2.4977731704711914 1
0.6687324047088623 0.33685284852981567 2.4977731704711914 1
0.38199311494827271 0.38150897622108459 2.4225625991821289 1
0.44310149550437927 0.33920317888259888 2.4225625991821289 1
0.38434344530105591 0.53192955255508423 2.2768428325653076 1
0.38434344530105591 0.40266185998916626 2.4249129295349121 1
0.44780212640762329 0.34390383958816528 2.4554672241210938 1
0.38669377565383911 0.53427988290786743 2.4554672241210938 1
0.45015245676040649 0.56483405828475952 2.2392375469207764 1
0.57942014932632446 0.3462541401386261 2.457817554473877 1
0.39139440655708313 0.36270639300346375 2.4037601947784424 1
5.9569563865661621 0.36270639300346375 2.2415878772735596 1
0.39139440655708313 0.51077669858932495 2.4272632598876953 1
0.39374473690986633 0.51312696933746338 2.258040189743042 1
7.3436460494995117 0.3509548008441925 2.258040189743042 1
0.57942014932632446 0.51312696933746338 2.2439382076263428 1
0.39609506726264954 0.49667474627494812 2.2603905200958252 1
0.39844536781311035 0.36975735425949097 2.3920085430145264 1
0.40079569816589355 0.50137537717819214 2.2556898593902588 1
0.40079569816589355 0.48257282376289368 2.3943588733673096 1
0.40314602851867676 0.36505672335624695 2.3967092037200928 1
0.40314602851867676 0.50372570753097534 2.3779065608978271 1
0.40549635887145996 0.50137537717819214 2.4037601947784424 1
0.40784665942192078 0.51312696933746338 2.3967092037200928 1
0.53946471214294434 0.52017796039581299 2.2603905200958252 1
0.54181498289108276 0.36975735425949097 2.4155118465423584 1
0.414897620677948 0.39091026782989502 2.4319639205932617 1
0.414897620677948 0.51547729969024658 2.3120975494384766 1
0.414897620677948 0.53898054361343384 2.4084608554840088 1
0.4172479510307312 0.54133087396621704 2.2862441539764404 1
0.46425437927246094 0.51782763004302979 2.2674415111541748 1
0.4172479510307312 0.51782763004302979 2.4343142509460449 1
0.53006339073181152 0.57893598079681396 2.269791841506958 1
0.4195982813835144 0.57893598079681396 2.399059534072876 1
0.42194858193397522 0.58128631114959717 2.3826072216033936 1
0.42194858193397522 0.50842636823654175 2.4742698669433594 1
0.42429891228675842 0.41441348195075989 2.4601678848266602 1
0.42429891228675842 0.56718438863754272 2.4225625991821289 1
0.42664924263954163 0.56953471899032593 2.3097472190856934 1
0.57471948862075806 0.56953471899032593 2.2768428325653076 1
0.42899957299232483 0.5272289514541626 2.3026962280273438 1
0.42899957299232483 0.44966831803321838 2.4413652420043945 1
0.42899957299232483 0.54838180541992188 2.4202125072479248 1
0.43134987354278564 0.41206315159797668 2.4178621768951416 1
0.43134987354278564 0.55073213577270508 2.3450021743774414 1
0.43134987354278564 0.52487862110137939 2.4437155723571777 1
0.43370020389556885 0.40031155943870544 7.7201881408691406 1
0.43370020389556885 5.8272042274475098 2.4319639205932617 1
0.43605053424835205 0.53192955255508423 2.2956452369689941 1
0.43605053424835205 0.54133087396621704 2.4249129295349121 1
0.43840083479881287 0.43556636571884155 2.4507665634155273 1
0.43840083479881287 0.55778312683105469 2.3356008529663086 1
0.44075116515159607 0.44261732697486877 2.4531168937683105 1
5.8699946403503418 0.40031155943870544 2.4225625991821289 1
0.44780212640762329 0.56248372793197632 2.3426518440246582 1
0.45015245676040649 0.4520186185836792 2.457817554473877 1
0.4525027871131897 0.59773856401443481 2.3661551475524902 1
0.4525027871131897 0.5272289514541626 2.4907221794128418 1
0.45485308766365051 0.47552183270454407 2.493072509765625 1
0.45485308766365051 0.60008889436721802 2.4178621768951416 1
0.45720341801643372 0.42851540446281433 2.4672188758850098 1
0.45720341801643372 0.57423537969589233 2.4601678848266602 1
0.61937564611434937 0.42851540446281433 2.3097472190856934 1
0.45955374836921692 0.56953471899032593 2.469569206237793 1
0.46190407872200012 0.49197408556938171 2.3473525047302246 1
0.46190407872200012 0.58833730220794678 2.3849575519561768 1
0.46190407872200012 0.51547729969024658 2.4366645812988281 1
0.46190407872200012 0.54368120431900024 2.481320858001709 1
0.46425437927246094 0.49432441592216492 2.4836711883544922 1
0.5888214111328125 0.51782763004302979 2.3144478797912598 1
0.46425437927246094 0.59068763256072998 2.4390149116516113 1
0.46660470962524414 0.47317153215408325 2.5024738311767578 1
0.65228015184402466 0.55308246612548828 2.316798210144043 1
0.46895503997802734 0.61184048652648926 2.3685054779052734 1
0.46895503997802734 0.55543279647827148 2.5048239231109619 1
0.61467498540878296 0.57423537969589233 2.3214988708496094 1
0.61467498540878296 0.42851540446281433 2.469569206237793 1
0.47365567088127136 0.47787216305732727 2.5753335952758789 1
0.47365567088127136 0.68235015869140625 2.5283272266387939 1
0.47600600123405457 0.68470048904418945 2.3732059001922607 1
0.47600600123405457 0.63299340009689331 2.5776839256286621 1
0.47835633158683777 0.6611972451210022 2.4507665634155273 1
0.47835633158683777 0.59303790330886841 2.5541806221008301 1
0.48070663213729858 0.52017796039581299 2.4860215187072754 1
0.63817816972732544 0.52252829074859619 2.3332505226135254 1
0.48540729284286499 0.55778312683105469 2.5001235008239746 1
0.48540729284286499 0.60713988542556763 2.4531168937683105 1
0.48775759339332581 0.55308246612548828 8.4299850463867188 1
0.64522916078567505 0.44496765732765198 2.5165755748748779 1
0.48775759339332581 6.5370016098022461 2.5165755748748779 1
0.49010792374610901 0.6259424090385437 2.4484162330627441 1
0.49245825409889221 0.61419081687927246 2.4413652420043945 1
0.49245825409889221 0.56248372793197632 2.5071742534637451 1
0.49480858445167542 0.55073213577270508 2.5095245838165283 1
0.49480858445167542 0.61654114723205566 2.457817554473877 1
0.49715888500213623 0.67294889688491821 2.3802568912506104 1
0.49715888500213623 0.49197408556938171 2.5306775569915771 1
0.49715888500213623 0.63769406080245972 2.5659322738647461 1
0.49950921535491943 0.4896237850189209 2.5682826042175293 1
0.49950921535491943 0.64004439115524292 2.38730788230896 1
0.49950921535491943 0.67529916763305664 2.5330278873443604 1
0.50185954570770264 0.61889147758483887 2.3896582126617432 1
0.50185954570770264 0.58363664150238037 2.5118749141693115 1
0.54181498289108276 0.62124180793762207 2.3544034957885742 1
0.50420987606048584 0.62124180793762207 2.4789705276489258 1
5.9499053955078125 0.46141991019248962 2.4789705276489258 1
0.68518465757369995 0.47082120180130005 2.3567538261413574 1
0.50656020641326904 0.50607603788375854 2.54007887840271 1
0.50656020641326904 0.64709532260894775 2.5353782176971436 1
0.51126080751419067 0.64474499225616455 2.3591041564941406 1
0.50891047716140747 0.64944565296173096 2.4014098644256592 1
0.50891047716140747 0.64474499225616455 2.5424292087554932 1
0.51126080751419067 0.48492312431335449 2.5635819435119629 1
0.51126080751419067 0.67059856653213501 2.5377285480499268 1
0.51361113786697388 0.66824823617935181 2.3755562305450439 1
0.51361113786697388 0.64239466190338135 2.5612316131591797 1
0.51596146821975708 0.59773856401443481 2.5847349166870117 1
0.51596146821975708 0.69175142049789429 2.5024738311767578 1
0.51831179857254028 0.69410175085067749 2.493072509765625 1
0.51831179857254028 0.61184048652648926 2.5870852470397949 1
0.64522916078567505 7.7474174499511719 2.3708555698394775 1
0.52066212892532349 0.71055400371551514 2.5753335952758789 1
0.52066212892532349 0.74815917015075684 2.6035375595092773 1
7.7902073860168457 0.74815917015075684 2.3708555698394775 1
0.52301245927810669 6.7015242576599121 2.4977731704711914 1
0.52301245927810669 0.68470048904418945 2.6058878898620605 1
0.75569427013397217 6.7015242576599121 2.3732059001922607 1
0.52536273002624512 0.68705081939697266 2.3943588733673096 1
0.52536273002624512 0.66824823617935181 2.5800342559814453 1
0.54651564359664917 0.68940114974975586 2.3779065608978271 1
0.52771306037902832 0.68940114974975586 2.5635819435119629 1
0.62172591686248779 0.4872734546661377 2.6270408630371094 1
0.53006339073181152 0.67294889688491821 2.6270408630371094 1
0.624076247215271 0.7364075779914856 2.3826072216033936 1
0.53241372108459473 0.7364075779914856 2.5682826042175293 1
0.53476405143737793 0.58833730220794678 2.5494801998138428 1
0.53476405143737793 0.65649664402008057 2.5306775569915771 1
0.53711438179016113 0.65884691476821899 2.4836711883544922 1
0.53711438179016113 0.64004439115524292 2.5518302917480469 1
0.53946471214294434 0.61889147758483887 2.4131615161895752 1
0.54181498289108276 0.52252829074859619 2.5142252445220947 1
0.54416531324386597 0.72935658693313599 2.4037601947784424 1
0.54416531324386597 0.68705081939697266 2.622340202331543 1
0.54651564359664917 0.51312696933746338 2.6246905326843262 1
0.54651564359664917 0.73170691728591919 2.5823845863342285 1
0.54886597394943237 0.57893598079681396 2.5894355773925781 1
0.54886597394943237 0.69645208120346069 2.54007887840271 1
0.55121630430221558 0.6988024115562439 2.4742698669433594 1
0.55121630430221558 0.64944565296173096 2.5917859077453613 1
0.57706981897354126 0.51077669858932495 2.622340202331543 1
0.57942014932632446 0.73170691728591919 2.4061105251312256 1
0.55826723575592041 0.53898054361343384 2.6364419460296631 1
0.55826723575592041 0.71995532512664795 2.4366645812988281 1
0.55826723575592041 0.74345850944519043 2.6129388809204102 1
0.56061756610870361 0.74580883979797363 2.4343142509460449 1
0.56061756610870361 0.54603147506713867 2.6152892112731934 1
0.56061756610870361 0.72230565547943115 2.6387922763824463 1
0.56296789646148682 0.70585340261459351 2.4860215187072754 1
0.56296789646148682 0.61889147758483887 2.5988368988037109 1
0.63817816972732544 0.70820367336273193 2.4155118465423584 1
0.56531822681427002 0.70820367336273193 2.5142252445220947 1
0.56766855716705322 0.63064306974411011 2.4437155723571777 1
0.56766855716705322 0.60008889436721802 2.5471298694610596 1
0.56766855716705322 0.65414631366729736 2.5236265659332275 1
0.5911717414855957 0.6282927393913269 2.4202125072479248 1
0.57001888751983643 0.65179598331451416 2.4907221794128418 1
0.57001888751983643 0.6282927393913269 2.5447795391082764 1
0.57236915826797485 0.56718438863754272 9.8260765075683594 1
5.8699946403503418 0.52957922220230103 8.7002716064453125 1
0.57236915826797485 7.8179268836975098 8.7002716064453125 1
0.57236915826797485 7.9330925941467285 9.7109107971191406 1
0.57471948862075806 0.54133087396621704 2.6599452495574951 1
0.57471948862075806 0.75521016120910645 2.4625182151794434 1
0.57471948862075806 0.76696175336837769 2.6481935977935791 1
0.57706981897354126 0.75991076231002808 2.4554672241210938 1
0.8027006983757019 0.53427988290786743 2.622340202331543 1
0.80505102872848511 0.53663021326065063 2.457817554473877 1
0.80505102872848511 0.73170691728591919 2.4296135902404785 1
0.58177047967910767 0.76461142301559448 2.6364419460296631 1
6.8500785827636719 0.76461142301559448 2.4319639205932617 1
5.8699946403503418 6.807288646697998 2.4319639205932617 1
0.58412081003189087 0.74580883979797363 2.6599452495574951 1
0.58647114038467407 0.72465592622756958 2.481320858001709 1
0.58647114038467407 0.71995532512664795 2.6176395416259766 1
0.5888214111328125 0.59068763256072998 2.6199898719787598 1
0.5888214111328125 0.72700625658035278 2.6152892112731934 1
0.5911717414855957 0.61419081687927246 2.5729832649230957 1
0.5911717414855957 0.67999982833862305 2.5212762355804443 1
0.59352207183837891 0.67764949798583984 2.5095245838165283 1
0.59352207183837891 0.63064306974411011 2.5706329345703125 1
0.59587240219116211 0.60949015617370605 8.4299850463867188 1
0.65463042259216309 0.55543279647827148 8.0915384292602539 1
0.59822273254394531 0.6259424090385437 8.1267938613891602 1
6.2413454055786133 0.55543279647827148 8.1267938613891602 1
0.60057306289672852 0.75756043195724487 2.5001235008239746 1
0.60057306289672852 0.6611972451210022 2.6505439281463623 1
0.70633751153945923 0.59538823366165161 2.4531168937683105 1
0.60292339324951172 0.60713988542556763 2.5565309524536133 1
0.60527366399765015 0.80926752090454102 2.5071742534637451 1
0.60527366399765015 0.75991076231002808 2.7022509574890137 1
0.60762399435043335 0.61654114723205566 2.7046012878417969 1
0.60762399435043335 0.81161785125732422 2.6552445888519287 1
0.60997432470321655 0.57423537969589233 2.6082382202148438 1
0.60997432470321655 0.71525466442108154 2.6458432674407959 1
7.9758830070495605 0.56718438863754272 2.6458432674407959 1
0.61232465505599976 0.71760499477386475 2.469569206237793 1
0.61232465505599976 0.75521016120910645 2.610588550567627 1
0.61467498540878296 0.71525466442108154 2.4672188758850098 1
0.61937564611434937 0.71760499477386475 2.4648685455322266 1
0.61467498540878296 0.6658979058265686 2.6082382202148438 1
0.61467498540878296 0.71760499477386475 2.5588812828063965 1
0.62172591686248779 0.73405724763870239 2.5894355773925781 1
0.624076247215271 0.6988024115562439 2.6293911933898926 1
0.6264265775680542 0.77401268482208252 2.5118749141693115 1
0.6264265775680542 0.63534373044967651 2.6669962406158447 1
0.6640317440032959 0.77636301517486572 2.4789705276489258 1
0.67578333616256714 0.58598697185516357 2.6693465709686279 1
0.63112723827362061 0.7011527419090271 2.5494801998138428 1
0.63112723827362061 0.72465592622756958 2.5941362380981445 1
0.63347756862640381 0.65884691476821899 2.5964865684509277 1
0.63347756862640381 0.7035030722618103 2.6199898719787598 1
0.63582789897918701 0.79986625909805298 2.5541806221008301 1
0.63582789897918701 0.70585340261459351 2.6928496360778809 1
0.63817816972732544 0.6635475754737854 2.6951999664306641 1
0.63817816972732544 0.80221658945083618 2.6011872291564941 1
0.64052850008010864 0.65179598331451416 2.6716969013214111 1
0.64052850008010864 0.77871334552764893 2.5847349166870117 1
0.82385361194610596 0.65414631366729736 2.493072509765625 1
0.73689168691635132 0.78106367588043213 2.493072509765625 1
0.64522916078567505 0.62359213829040527 9.6404008865356445 1
0.64757949113845825 7.4230728149414062 2.5189259052276611 1
0.64757949113845825 6.7015242576599121 9.3160562515258789 1
0.64992982149124146 0.75756043195724487 2.5565309524536133 1
0.65228015184402466 0.69175142049789429 7.854156494140625 1
0.65228015184402466 5.9611725807189941 8.4299850463867188 1
0.65463042259216309 6.1985554695129395 2.5870852470397949 1
0.65698075294494629 0.80926752090454102 2.5729832649230957 1
0.65933108329772949 0.67764949798583984 2.7046012878417969 1
0.6616814136505127 0.82807010412216187 2.5988368988037109 1
0.6616814136505127 0.77401268482208252 2.7210536003112793 1
0.6640317440032959 0.70820367336273193 2.7234039306640625 1
0.6640317440032959 0.83042043447494507 2.6693465709686279 1
6.5797915458679199 0.7387579083442688 2.5165755748748779 1
0.6663820743560791 0.7387579083442688 9.1703367233276367 1
7.7902073860168457 0.62359213829040527 9.1703367233276367 1
6.2766003608703613 0.6259424090385437 2.6340916156768799 1
0.6687324047088623 7.2514996528625488 2.6340916156768799 1
7.4658627510070801 7.2514996528625488 2.5189259052276611 1
0.83090460300445557 0.65179598331451416 2.5212762355804443 1
0.67108267545700073 0.67999982833862305 2.6763975620269775 1
0.67108267545700073 0.78341400623321533 2.6810982227325439 1
0.67343300580978394 0.65414631366729736 2.683448314666748 1
0.67343300580978394 0.78576433658599854 2.5706329345703125 1
0.67343300580978394 0.79046493768692017 2.6787478923797607 1
0.67578333616256714 0.81631851196289062 2.5776839256286621 1
0.67578333616256714 0.77636301517486572 2.7093019485473633 1
0.67813366651535034 0.68235015869140625 2.7069516181945801 1
0.67813366651535034 0.81396818161010742 2.6669962406158447 1
0.68048399686813354 0.65649664402008057 2.7798116207122803 1
0.68048399686813354 0.90563070774078369 2.5659322738647461 1
0.92961812019348145 0.90563070774078369 2.5306775569915771 1
0.93196839094161987 0.65884691476821899 2.5330278873443604 1
0.68283432722091675 0.67529916763305664 2.8009645938873291 1
0.68283432722091675 0.90798103809356689 2.7821619510650635 1
0.68518465757369995 0.64709532260894775 2.8033149242401123 1
0.68518465757369995 0.92678362131118774 2.5612316131591797 1
0.68518465757369995 0.9103313684463501 2.8197669982910156 1
0.68753492832183838 0.9126816987991333 2.5424292087554932 1
0.68753492832183838 0.67059856653213501 2.8221173286437988 1
0.68753492832183838 0.92913395166397095 2.8056652545928955 1
0.68988525867462158 0.69645208120346069 2.8080155849456787 1
0.68988525867462158 0.9150320291519165 2.8033149242401123 1
0.96017229557037354 0.6988024115562439 2.5424292087554932 1
0.69223558902740479 0.9126816987991333 2.8103659152984619 1
0.69458591938018799 0.83277076482772827 2.6716969013214111 1
0.69458591938018799 0.78811460733413696 2.7257542610168457 1
0.69693624973297119 0.78106367588043213 2.7281045913696289 1
0.69693624973297119 0.83512109518051147 2.683448314666748 1
0.69928658008575439 0.7011527419090271 2.7610092163085938 1
0.69928658008575439 0.86802560091018677 2.7657096385955811 1
0.69928658008575439 0.8727262020111084 2.7798116207122803 1
0.74629300832748413 0.65884691476821899 2.7680599689483643 1
0.93196839094161987 0.8750765323638916 2.5518302917480469 1
0.70398718118667603 0.79986625909805298 2.6505439281463623 1
0.70633751153945923 0.75756043195724487 2.6951999664306641 1
0.70868784189224243 0.79751592874526978 2.6082382202148438 1
0.70868784189224243 0.71760499477386475 2.6904993057250977 1
0.71103817224502563 0.950286865234375 2.5800342559814453 1
0.71103817224502563 0.92678362131118774 2.8432703018188477 1
0.71338850259780884 0.68940114974975586 2.8456206321716309 1
0.71338850259780884 0.95263713598251343 2.8221173286437988 1
0.71573883295059204 0.93618488311767578 2.6270408630371094 1
0.71573883295059204 0.90563070774078369 2.8291683197021484 1
0.71808916330337524 0.7364075779914856 2.8315186500549316 1
0.71808916330337524 0.93853521347045898 2.8009645938873291 1
0.72043943405151367 0.78576433658599854 2.7539582252502441 1
0.72043943405151367 0.86097460985183716 2.7046012878417969 1
0.72278976440429688 0.85862427949905396 2.6763975620269775 1
0.72278976440429688 0.80926752090454102 2.7516078948974609 1
0.72514009475708008 0.71055400371551514 2.7375059127807617 1
0.72514009475708008 0.84452235698699951 2.7069516181945801 1
0.72749042510986328 0.84687268733978271 2.6058878898620605 1
0.72749042510986328 0.81631851196289062 2.7398562431335449 1
0.72984075546264648 0.97849071025848389 2.622340202331543 1
0.72984075546264648 0.950286865234375 2.8714742660522461 1
0.73219108581542969 0.73170691728591919 2.8738245964050293 1
0.73219108581542969 0.98084104061126709 2.8456206321716309 1
0.73454141616821289 0.77871334552764893 2.7751109600067139 1
0.73454141616821289 0.88212752342224121 2.6975502967834473 1
6.0039629936218262 0.69175142049789429 2.6975502967834473 1
0.73689168691635132 0.88447785377502441 2.6740472316741943 1
0.73689168691635132 0.80691719055175781 2.7774612903594971 1
6.2413454055786133 0.80691719055175781 2.5870852470397949 1
0.73924201726913452 0.73405724763870239 2.824467658996582 1
0.73924201726913452 0.93148428201675415 2.8080155849456787 1
0.74159234762191772 0.93383461236953735 2.6293911933898926 1
0.96017229557037354 0.93383461236953735 2.5917859077453613 1
0.74394267797470093 0.72465592622756958 2.7892129421234131 1
0.74394267797470093 0.89622944593429565 2.7610092163085938 1
0.74629300832748413 0.89857977628707886 2.6199898719787598 1
0.74629300832748413 0.8750765323638916 2.7633593082427979 1
0.74629300832748413 0.8703758716583252 2.7915632724761963 1
0.74864333868026733 0.82807010412216187 2.6928496360778809 1
0.75099366903305054 0.80221658945083618 2.7234039306640625 1
0.75334393978118896 0.74815917015075684 2.7116522789001465 1
0.75334393978118896 0.81866884231567383 2.7328052520751953 1
0.75334393978118896 0.83982169628143311 2.7375059127807617 1
0.75569427013397217 0.82101911306381226 2.6434929370880127 1
0.75569427013397217 0.75050950050354004 8.5945072174072266 1
0.75569427013397217 0.84217202663421631 2.7140026092529297 1
0.75569427013397217 0.84687268733978271 2.7351555824279785 1
0.75804460048675537 0.84922301769256592 2.6458432674407959 1
0.75804460048675537 0.79751592874526978 2.7422065734863281 1
0.76039493083953857 0.75521016120910645 2.7445569038391113 1
0.8403058648109436 0.71760499477386475 2.7445569038391113 1
0.76274526119232178 0.94088554382324219 2.6176395416259766 1
0.76274526119232178 0.74345850944519043 2.8573722839355469 1
0.76274526119232178 0.96438878774642944 2.8338689804077148 1
0.76509559154510498 0.72700625658035278 2.836219310760498 1
0.76509559154510498 0.96673911809921265 2.6387922763824463 1
0.76509559154510498 0.94323587417602539 2.8597226142883301 1
0.76744586229324341 0.94088554382324219 2.7892129421234131 1
0.76979619264602661 0.89857977628707886 2.836219310760498 1
1.0565354824066162 0.75991076231002808 2.622340202331543 1
0.77214652299880981 0.97849071025848389 2.906728982925415 1
0.77449685335159302 0.76226109266281128 2.9090793132781982 1
0.77449685335159302 1.0160958766937256 2.8738245964050293 1
0.77684718370437622 0.93618488311767578 2.824467658996582 1
0.77919751405715942 0.93383461236953735 2.8315186500549316 1
0.78154784440994263 0.85392361879348755 2.6857986450195312 1
7.3201432228088379 0.7387579083442688 2.6857986450195312 1
0.78154784440994263 0.80456686019897461 2.7469072341918945 1
6.0039629936218262 0.80456686019897461 2.6317415237426758 1
6.5797915458679199 5.9611725807189941 2.6317415237426758 1
6.2413454055786133 0.74110817909240723 2.6999006271362305 1
0.78389811515808105 7.8931374549865723 2.6999006271362305 1
6.2413454055786133 6.2338099479675293 2.6340916156768799 1
0.78389811515808105 7.2514996528625488 9.7861204147338867 1
0.80740135908126831 0.95968812704086304 2.6364419460296631 1
0.78624844551086426 0.95968812704086304 2.8573722839355469 1
0.78859877586364746 0.96203845739364624 2.6599452495574951 1
0.78859877586364746 0.96673911809921265 2.8550219535827637 1
0.79094910621643066 0.76931208372116089 2.7163529396057129 1
7.7902073860168457 0.76931208372116089 2.6411426067352295 1
0.79094910621643066 0.82336944341659546 2.7116522789001465 1
6.7443141937255859 0.75050950050354004 2.6646459102630615 1
0.79329943656921387 7.9777488708496094 2.6646459102630615 1
0.79329943656921387 0.82101911306381226 9.870732307434082 1
0.79564976692199707 0.8774268627166748 2.6575949192047119 1
7.8607168197631836 0.75285983085632324 2.6575949192047119 1
0.79564976692199707 0.84922301769256592 2.7704102993011475 1
7.9758830070495605 0.75285983085632324 9.7109107971191406 1
0.79800009727478027 0.76696175336837769 2.7727606296539307 1
0.79800009727478027 0.87977719306945801 2.7445569038391113 1
0.84265619516372681 0.8374713659286499 2.6505439281463623 1
0.8003503680229187 0.8374713659286499 2.6951999664306641 1
0.8027006983757019 1.0772042274475098 2.7022509574890137 1
0.8027006983757019 1.0137455463409424 2.9701876640319824 1
0.80505102872848511 0.81161785125732422 2.9302322864532471 1
0.80505102872848511 1.0372487306594849 2.9090793132781982 1
0.80740135908126831 0.8774268627166748 2.8526716232299805 1
7.8607168197631836 0.76461142301559448 8.7002716064453125 1
0.80975168943405151 0.96203845739364624 2.7727606296539307 1
0.81210201978683472 0.79281526803970337 2.7163529396057129 1
7.3201432228088379 0.79281526803970337 2.6622955799102783 1
7.7902073860168457 7.2773528099060059 2.6622955799102783 1
7.2942895889282227 0.77166235446929932 2.6881489753723145 1
0.81445235013961792 7.9777488708496094 2.6881489753723145 1
7.4658627510070801 6.7015242576599121 2.6646459102630615 1
0.81445235013961792 7.2514996528625488 9.3160562515258789 1
0.81680262088775635 0.81396818161010742 2.8479709625244141 1
0.81680262088775635 0.95498746633529663 2.7210536003112793 1
0.81915295124053955 0.95733779668807983 2.7093019485473633 1
0.81915295124053955 0.83042043447494507 2.8503212928771973 1
0.82150328159332275 0.83277076482772827 2.9208309650421143 1
0.82150328159332275 1.0278474092483521 2.7751109600067139 1
0.82385361194610596 1.0301977396011353 2.7281045913696289 1
0.82385361194610596 0.88447785377502441 2.9231812953948975 1
0.82620394229888916 0.89152878522872925 2.6810982227325439 1
0.82620394229888916 0.85862427949905396 2.8879265785217285 1
0.82620394229888916 0.99494296312332153 2.7845122814178467 1
0.82855427265167236 0.79046493768692017 2.7868626117706299 1
0.82855427265167236 0.99729329347610474 2.7539582252502441 1
0.82855427265167236 0.89387911558151245 2.8902769088745117 1
0.83090460300445557 0.96908938884735107 2.7257542610168457 1
0.83090460300445557 0.89152878522872925 2.8620729446411133 1
0.83325487375259399 0.83512109518051147 2.8644232749938965 1
0.83325487375259399 0.97143971920013428 2.7868626117706299 1
0.8356052041053772 0.86332494020462036 2.7163529396057129 1
0.89671361446380615 0.86332494020462036 2.6857986450195312 1
0.8379555344581604 0.86567527055740356 2.7492575645446777 1
7.9359273910522461 0.79516559839248657 2.7492575645446777 1
8.0205392837524414 0.86567527055740356 2.6881489753723145 1
7.9359273910522461 7.2514996528625488 2.6881489753723145 1
1.0165799856185913 0.84922301769256592 2.6904993057250977 1
0.8403058648109436 0.85157334804534912 2.8691239356994629 1
0.8403058648109436 0.91973263025283813 2.8667736053466797 1
0.8403058648109436 0.97614037990570068 2.812716007232666 1
0.84265619516372681 0.82807010412216187 2.8385696411132812 1
0.84265619516372681 1.0184462070465088 2.7304549217224121 1
0.84265619516372681 0.94558620452880859 2.9114296436309814 1
0.84500652551651001 0.9479365348815918 2.7234039306640625 1
0.84500652551651001 0.8374713659286499 2.8409199714660645 1
0.84735685586929321 1.0325480699539185 2.7469072341918945 1
0.84735685586929321 0.88212752342224121 2.9255316257476807 1
0.92726778984069824 0.80691719055175781 2.9278819561004639 1
0.84970712661743164 7.8931374549865723 2.9278819561004639 1
0.85205745697021484 1.0772042274475098 2.7516078948974609 1
0.85440778732299805 0.86097460985183716 2.9725379943847656 1
0.85440778732299805 1.079554557800293 2.9302322864532471 1
0.85675811767578125 0.84452235698699951 2.8479709625244141 1
0.85910844802856445 0.95733779668807983 2.7398562431335449 1
0.86145877838134766 0.82336944341659546 2.8150663375854492 1
0.86145877838134766 0.98319131135940552 2.7328052520751953 1
0.86145877838134766 0.92208296060562134 2.8761749267578125 1
0.86380910873413086 0.92443329095840454 2.7187032699584961 1
8.0205392837524414 0.82101911306381226 2.7187032699584961 1
0.86380910873413086 0.84217202663421631 2.8785252571105957 1
0.86380910873413086 0.98554164171218872 2.8174166679382324 1
0.86615937948226929 0.86332494020462036 2.7939136028289795 1
0.86615937948226929 0.90093010663986206 2.8150663375854492 1
0.86850970983505249 0.90328037738800049 2.7586588859558105 1
8.0205392837524414 0.82571977376937866 2.7586588859558105 1
0.86850970983505249 0.92443329095840454 2.7962639331817627 1
0.87086004018783569 1.0584015846252441 2.8385696411132812 1
0.87086004018783569 0.95498746633529663 2.9513850212097168 1
0.99072647094726562 1.0607519149780273 2.7234039306640625 1
0.8732103705406189 1.0607519149780273 2.8503212928771973 1
0.8755607008934021 0.96908938884735107 3.0124936103820801 1
0.8755607008934021 1.1195100545883179 2.9208309650421143 1
0.8779110312461853 1.1218602657318115 2.8644232749938965 1
0.8779110312461853 1.0301977396011353 3.0148439407348633 1
0.99072647094726562 0.8374713659286499 2.9114296436309814 1
0.88261163234710693 1.009044885635376 2.7375059127807617 1
0.88261163234710693 0.98319131135940552 2.9020283222198486 1
0.88496196269989014 0.84687268733978271 2.9043786525726318 1
0.88496196269989014 1.0113952159881592 2.8785252571105957 1
0.88731229305267334 1.009044885635376 2.8479709625244141 1
0.88966262340545654 0.95733779668807983 2.9043786525726318 1
0.89201295375823975 1.0537010431289673 2.7704102993011475 1
0.89201295375823975 0.97379004955291748 2.9466843605041504 1
0.89436328411102295 0.87977719306945801 2.9490346908569336 1
0.89436328411102295 1.0560513734817505 2.8691239356994629 1
0.89671361446380615 1.0231468677520752 2.7563085556030273 1
0.89671361446380615 1.0325480699539185 2.9161303043365479 1
0.89906388521194458 0.86567527055740356 2.9184806346893311 1
0.89906388521194458 1.0254970788955688 2.9278819561004639 1
7.9359273910522461 0.85627394914627075 2.9278819561004639 1
0.90141421556472778 1.1077584028244019 2.8879265785217285 1
0.90141421556472778 1.0772042274475098 3.0007419586181641 1
0.90376454591751099 0.99729329347610474 2.9983916282653809 1
0.90376454591751099 1.1054080724716187 2.9725379943847656 1
0.90611487627029419 0.99964356422424316 2.7939136028289795 1
0.90611487627029419 1.0231468677520752 2.8926272392272949 1
0.90846520662307739 0.90328037738800049 2.894977331161499 1
0.90846520662307739 1.0019938945770264 2.9184806346893311 1
0.9108155369758606 1.1242105960845947 2.7657096385955811 1
0.9108155369758606 0.89622944593429565 3.0171942710876465 1
0.9131658673286438 0.8750765323638916 3.0195446014404297 1
0.9131658673286438 1.1265609264373779 2.7915632724761963 1
0.91551613807678223 1.1336119174957275 2.7798116207122803 1
0.91551613807678223 1.1242105960845947 3.0265955924987793 1
0.91786646842956543 0.88917845487594604 3.0289459228515625 1
1.1693508625030518 0.8750765323638916 3.0289459228515625 1
0.92021679878234863 1.1148093938827515 2.8526716232299805 1
0.92021679878234863 1.0537010431289673 3.0077929496765137 1
0.92256712913513184 0.96203845739364624 3.0101432800292969 1
0.92256712913513184 1.1171597242355347 2.9490346908569336 1
1.0706373453140259 1.2017712593078613 2.7751109600067139 1
0.92491745948791504 1.1430132389068604 2.9255316257476807 1
0.92491745948791504 1.2017712593078613 3.035996675491333 1
1.0729876756668091 0.88447785377502441 3.0971050262451172 1
0.92726778984069824 1.0348984003067017 3.0383470058441162 1
0.92726778984069824 1.1453635692596436 3.0971050262451172 1
0.92961812019348145 1.1665164232254028 2.7986142635345459 1
0.92961812019348145 1.1336119174957275 3.0689010620117188 1
0.92961812019348145 1.1759177446365356 3.059499979019165 1
0.93196839094161987 0.90798103809356689 3.0618503093719482 1
0.93196839094161987 1.1782680749893188 3.0289459228515625 1
0.93196839094161987 1.168866753578186 3.071251392364502 1
0.93431872129440308 1.0842552185058594 2.8620729446411133 1
0.93431872129440308 0.99494296312332153 2.9819393157958984 1
0.93431872129440308 1.0889557600021362 2.977238655090332 1
0.93666905164718628 0.97143971920013428 2.9795889854431152 1
0.93666905164718628 1.0913060903549194 2.8902769088745117 1
0.93666905164718628 1.0866055488586426 2.9842896461486816 1
0.93901938199996948 0.94088554382324219 3.0642004013061523 1
0.93901938199996948 1.1289112567901611 3.0171942710876465 1
0.93901938199996948 1.1712170839309692 3.0218949317932129 1
0.94136971235275269 1.1735674142837524 2.836219310760498 1
0.94136971235275269 1.1265609264373779 3.0242452621459961 1
0.94136971235275269 1.1312615871429443 3.0665507316589355 1
1.0471341609954834 0.92208296060562134 2.7939136028289795 1
0.94372004270553589 0.99964356422424316 2.8808755874633789 1
1.0306819677352905 1.0043442249298096 2.7939136028289795 1
0.94607037305831909 0.92443329095840454 2.8996782302856445 1
0.94607037305831909 0.99024230241775513 2.894977331161499 1
0.94607037305831909 1.0066945552825928 2.8832259178161621 1
0.94842064380645752 1.1406629085540771 2.8291683197021484 1
0.94842064380645752 1.1665164232254028 3.0336463451385498 1
0.95077097415924072 0.93853521347045898 3.0312960147857666 1
0.95077097415924072 1.1383125782012939 3.0618503093719482 1
0.95312130451202393 0.9150320291519165 3.1041560173034668 1
0.95312130451202393 1.2252744436264038 2.8197669982910156 1
0.95312130451202393 1.2111725807189941 3.118257999420166 1
0.95547163486480713 1.2135229110717773 2.8103659152984619 1
0.95547163486480713 0.92913395166397095 3.1206083297729492 1
0.95547163486480713 1.227624773979187 3.10650634765625 1
0.95782196521759033 0.93148428201675415 3.0806527137756348 1
0.95782196521759033 1.1876692771911621 3.1041560173034668 1
0.97662454843521118 0.91738235950469971 3.083003044128418 1
0.96017229557037354 1.2135229110717773 3.083003044128418 1
1.0165799856185913 0.91973263025283813 2.9748883247375488 1
0.96252262592315674 0.97614037990570068 2.9748883247375488 1
1.0870896577835083 0.98319131135940552 2.8150663375854492 1
1.0870896577835083 0.92208296060562134 2.8973278999328613 1
0.96722322702407837 0.98554164171218872 2.9396333694458008 1
0.96722322702407837 1.0466500520706177 2.8996782302856445 1
0.96957355737686157 1.2299751043319702 2.8432703018188477 1
0.96957355737686157 1.2252744436264038 3.1229586601257324 1
0.97192388772964478 0.95263713598251343 3.1253089904785156 1
0.97192388772964478 1.2323254346847534 3.1206083297729492 1
0.97427421808242798 0.93618488311767578 3.0453979969024658 1
1.195204496383667 1.1876692771911621 2.824467658996582 1
0.97662454843521118 1.1547647714614868 2.8315186500549316 1
1.1975548267364502 0.93383461236953735 3.083003044128418 1
1.183452844619751 1.1524145603179932 2.8291683197021484 1
0.98132514953613281 1.1547647714614868 3.0312960147857666 1
0.98367547988891602 0.96438878774642944 3.0853533744812012 1
0.98367547988891602 1.1923699378967285 3.0642004013061523 1
0.98602581024169922 1.1947202682495117 2.8597226142883301 1
0.98602581024169922 1.1735674142837524 3.0877037048339844 1
0.98837614059448242 1.067802906036377 2.9114296436309814 1
0.98837614059448242 1.0584015846252441 2.9607863426208496 1
0.99072647094726562 1.0184462070465088 2.9537353515625 1
0.99307680130004883 1.2346757650375366 2.8714742660522461 1
0.99307680130004883 1.2299751043319702 3.1276593208312988 1
0.99542707204818726 0.98084104061126709 3.130009651184082 1
0.99542707204818726 1.2370260953903198 3.1253089904785156 1
0.99777740240097046 1.009044885635376 2.9513850212097168 1
1.0001277923583984 1.0607519149780273 2.9043786525726318 1
1.2234083414077759 0.96438878774642944 2.8526716232299805 1
1.0024781227111816 1.1148093938827515 3.0736017227172852 1
1.0048283338546753 0.96673911809921265 3.0759520530700684 1
1.0048283338546753 1.1829687356948853 3.0101432800292969 1
1.0071786642074585 1.1806184053421021 3.0853533744812012 1
1.0095289945602417 1.1947202682495117 3.0759520530700684 1
1.0118793249130249 1.0842552185058594 3.0124936103820801 1
1.0142296552658081 1.1218602657318115 2.9795889854431152 1
1.0165799856185913 1.0936564207077026 2.9466843605041504 1
1.0165799856185913 1.0819048881530762 2.9866399765014648 1
1.0189303159713745 1.0560513734817505 2.988990306854248 1
1.0189303159713745 1.0960067510604858 2.9748883247375488 1
1.0212806463241577 1.239376425743103 2.906728982925415 1
1.0212806463241577 1.2346757650375366 3.1323599815368652 1
1.0236309766769409 1.0160958766937256 3.1347103118896484 1
1.0236309766769409 1.2417267560958862 3.130009651184082 1
1.0259813070297241 1.0631022453308105 2.9020283222198486 1
1.0870896577835083 1.0631022453308105 2.8761749267578125 1
1.0283316373825073 1.0113952159881592 2.9584360122680664 1
1.0894399881362915 0.98554164171218872 2.9584360122680664 1
1.0306819677352905 0.99259263277053833 2.9137799739837646 1
1.0306819677352905 1.0395990610122681 2.8855762481689453 1
1.042433500289917 1.0395990610122681 2.8808755874633789 1
1.0306819677352905 1.020796537399292 2.8973278999328613 1
1.0330322980880737 1.020796537399292 2.8855762481689453 1
1.0330322980880737 0.99259263277053833 2.9349327087402344 1
1.0330322980880737 1.0419493913650513 2.894977331161499 1
1.0330322980880737 1.0066945552825928 2.9137799739837646 1
1.0353826284408569 1.0395990610122681 2.941983699798584 1
1.0353826284408569 1.0490003824234009 2.9349327087402344 1
1.0377328395843506 1.1618157625198364 2.9819393157958984 1
1.0377328395843506 1.1077584028244019 3.0547993183135986 1
1.0400831699371338 1.0913060903549194 3.0571496486663818 1
1.0400831699371338 1.1641660928726196 2.9983916282653809 1
1.042433500289917 1.0231468677520752 2.965487003326416 1
1.042433500289917 1.0725035667419434 2.9325826168060303 1
1.0447838306427002 1.0748538970947266 2.9184806346893311 1
1.0447838306427002 1.0419493913650513 2.9678373336791992 1
1.0471341609954834 1.020796537399292 2.9443340301513672 1
1.0870896577835083 1.0043442249298096 2.9443340301513672 1
1.0494844913482666 1.0513507127761841 2.9137799739837646 1
1.0494844913482666 1.0466500520706177 2.9443340301513672 1
1.0518348217010498 1.0631022453308105 2.9513850212097168 1
1.1035418510437012 1.0654525756835938 2.9043786525726318 1
1.1199941635131836 1.0137455463409424 3.1323599815368652 1
1.0588858127593994 1.0372487306594849 3.1464619636535645 1
1.0588858127593994 1.2534782886505127 3.1347103118896484 1
1.0612361431121826 1.067802906036377 2.9537353515625 1
1.065936803817749 1.0325480699539185 3.0030922889709473 1
1.065936803817749 1.1101087331771851 2.965487003326416 1
1.0682870149612427 1.1124590635299683 2.9278819561004639 1
1.0682870149612427 1.0748538970947266 3.0054426193237305 1
1.0706373453140259 1.1195100545883179 3.1582136154174805 1
1.0706373453140259 1.2440770864486694 3.094754695892334 1
1.0706373453140259 1.2652299404144287 3.1370606422424316 1
1.0729876756668091 1.2675802707672119 3.0148439407348633 1
1.0729876756668091 1.2041215896606445 3.1394109725952148 1
1.0729876756668091 1.2464274168014526 3.1605639457702637 1
1.0753380060195923 1.1430132389068604 3.0030922889709473 1
1.0776883363723755 1.1124590635299683 3.0383470058441162 1
1.0800386667251587 1.079554557800293 3.1699650287628174 1
1.0800386667251587 1.2769815921783447 3.1464619636535645 1
1.0823889970779419 1.098357081413269 2.941983699798584 1
1.0823889970779419 1.0725035667419434 2.9913406372070312 1
1.0847393274307251 1.0490003824234009 2.9936909675598145 1
1.0847393274307251 1.1007074117660522 2.9678373336791992 1
1.0870896577835083 1.0513507127761841 2.9631366729736328 1
1.0870896577835083 1.0701532363891602 2.9560856819152832 1
1.0894399881362915 1.0701532363891602 2.9443340301513672 1
1.0894399881362915 1.0654525756835938 2.9631366729736328 1
1.0917903184890747 1.098357081413269 2.9960412979125977 1
1.0917903184890747 1.1030577421188354 2.9936909675598145 1
1.0964909791946411 1.0936564207077026 3.0406973361968994 1
1.0964909791946411 1.1477138996124268 3.0077929496765137 1
1.0988413095474243 1.15006422996521 2.988990306854248 1
1.0988413095474243 1.1171597242355347 3.0430476665496826 1
1.101191520690918 1.0631022453308105 2.9607863426208496 1
1.1035418510437012 1.067802906036377 2.9584360122680664 1
1.1058921813964844 1.0701532363891602 2.9607863426208496 1
1.1105928421020508 1.0701532363891602 2.9584360122680664 1
1.1152935028076172 1.15711510181427 2.9913406372070312 1
1.1999050378799438 1.0725035667419434 3.0030922889709473 1
1.1176438331604004 1.1007074117660522 3.0524489879608154 1
1.1176438331604004 1.1594654321670532 3.0054426193237305 1
1.1199941635131836 1.2746312618255615 3.0007419586181641 1
1.1199941635131836 1.239376425743103 3.1676146984100342 1
1.1223444938659668 1.1054080724716187 3.1699650287628174 1
1.12469482421875 1.1853190660476685 2.9866399765014648 1
1.12469482421875 1.0960067510604858 3.0783023834228516 1
1.1270451545715332 1.0889557600021362 3.1088566780090332 1
1.1270451545715332 1.1970705986022949 3.0124936103820801 1
1.2398605346679688 1.0842552185058594 3.1088566780090332 1
1.1293954849243164 1.2182235717773438 2.9842896461486816 1
1.1293954849243164 1.1218602657318115 3.0924043655395508 1
1.242210865020752 1.2182235717773438 2.9795889854431152 1
1.1317458152770996 1.1618157625198364 3.1488122940063477 1
1.1317458152770996 1.2558286190032959 3.1088566780090332 1
1.1340960264205933 1.2581789493560791 3.0571496486663818 1
1.1340960264205933 1.2182235717773438 3.1511626243591309 1
1.1364463567733765 1.2205737829208374 3.0406973361968994 1
1.1364463567733765 1.1853190660476685 3.1135573387145996 1
1.1387966871261597 1.15006422996521 3.1159076690673828 1
1.2281090021133423 1.0960067510604858 3.1159076690673828 1
1.1411470174789429 1.2064719200134277 2.9960412979125977 1
1.1411470174789429 1.15711510181427 3.0994553565979004 1
1.1434973478317261 1.1030577421188354 3.1018056869506836 1
1.2022553682327271 1.1007074117660522 3.1018056869506836 1
1.1458476781845093 1.2064719200134277 3.1018056869506836 1
1.1481980085372925 1.1641660928726196 3.1934683322906494 1
1.1481980085372925 1.3004847764968872 3.1699650287628174 1
1.1505483388900757 1.298134446144104 3.0547993183135986 1
1.1505483388900757 1.2746312618255615 3.1911180019378662 1
1.2915676832199097 1.1101087331771851 3.035996675491333 1
1.1999050378799438 1.1101087331771851 3.141761302947998 1
1.1552489995956421 1.251128077507019 3.0383470058441162 1
1.1552489995956421 1.1594654321670532 3.1441116333007812 1
1.1575993299484253 1.1477138996124268 3.1629140377044678 1
1.1575993299484253 1.2699306011199951 3.0736017227172852 1
1.1599496603012085 1.2722809314727783 3.0430476665496826 1
1.1599496603012085 1.1829687356948853 3.165264368057251 1
1.1622999906539917 1.1970705986022949 3.1582136154174805 1
1.1646503210067749 1.2675802707672119 3.0924043655395508 1
1.1670005321502686 1.1289112567901611 3.1535129547119141 1
1.1670005321502686 1.2605292797088623 3.0265955924987793 1
1.1693508625030518 1.2628796100616455 3.0242452621459961 1
1.1693508625030518 1.1359622478485107 3.1558632850646973 1
1.171701192855835 1.1712170839309692 3.1864173412322998 1
1.171701192855835 1.2934337854385376 3.1535129547119141 1
1.1740515232086182 1.2957841157913208 3.0665507316589355 1
1.1740515232086182 1.2628796100616455 3.188767671585083 1
1.1764018535614014 1.3028351068496704 3.0689010620117188 1
1.1764018535614014 1.2605292797088623 3.1958184242248535 1
1.1787521839141846 1.1782680749893188 3.1981687545776367 1
1.1787521839141846 1.3051854372024536 3.1558632850646973 1
1.324472188949585 1.1383125782012939 3.047748327255249 1
1.324472188949585 1.168866753578186 3.0312960147857666 1
1.3221218585968018 1.1524145603179932 3.0336463451385498 1
1.183452844619751 1.1665164232254028 3.1723153591156006 1
1.2445611953735352 1.3498414754867554 3.035996675491333 1
1.2915676832199097 1.1430132389068604 3.2428250312805176 1
1.3949817419052124 1.2041215896606445 3.0383470058441162 1
1.2939180135726929 1.3521918058395386 3.0383470058441162 1
1.1905038356781006 1.2205737829208374 3.1629140377044678 1
1.1928541660308838 1.2722809314727783 3.1159076690673828 1
1.2304593324661255 1.1524145603179932 3.2381243705749512 1
1.195204496383667 1.2793319225311279 3.2005190849304199 1
1.195204496383667 1.3075357675552368 3.2381243705749512 1
1.2328095436096191 1.3474912643432617 3.047748327255249 1
1.1975548267364502 1.30988609790802 3.1746656894683838 1
1.1975548267364502 1.3474912643432617 3.2028694152832031 1
1.1999050378799438 1.2840324640274048 3.0994553565979004 1
1.1999050378799438 1.2487777471542358 3.177016019821167 1
1.2022553682327271 1.2088222503662109 3.1793663501739502 1
1.2939180135726929 1.1594654321670532 3.1793663501739502 1
1.3691282272338867 1.2558286190032959 3.0547993183135986 1
1.3409243822097778 1.3263382911682129 3.0547993183135986 1
1.2069560289382935 1.2581789493560791 3.2216720581054688 1
1.2069560289382935 1.3286886215209961 3.1934683322906494 1
1.2187076807022095 1.3310389518737793 3.059499979019165 1
1.2093063592910767 1.3122364282608032 3.1723153591156006 1
1.2093063592910767 1.3310389518737793 3.2052197456359863 1
1.2210580110549927 1.168866753578186 3.2263727188110352 1
1.2116566896438599 1.2816822528839111 3.2075700759887695 1
1.2116566896438599 1.3145867586135864 3.2263727188110352 1
1.2140070199966431 1.1923699378967285 3.2099204063415527 1
1.2140070199966431 1.3169369697570801 3.1864173412322998 1
1.2163573503494263 1.3192873001098633 3.0877037048339844 1
1.2163573503494263 1.2957841157913208 3.2122707366943359 1
1.2187076807022095 1.3028351068496704 3.224022388458252 1
1.2210580110549927 1.3333892822265625 3.1981687545776367 1
1.2234083414077759 1.3357396125793457 3.0853533744812012 1
1.2234083414077759 1.2699306011199951 3.2757296562194824 1
1.2234083414077759 1.3827459812164307 3.2287230491638184 1
1.2257586717605591 1.1947202682495117 3.2310733795166016 1
1.2257586717605591 1.3850963115692139 3.165264368057251 1
1.2257586717605591 1.3380899429321289 3.2780799865722656 1
1.4302365779876709 1.2205737829208374 3.0783023834228516 1
1.4302365779876709 1.1853190660476685 3.1159076690673828 1
1.2304593324661255 1.3639434576034546 3.1041560173034668 1
1.2304593324661255 1.3451409339904785 3.2569270133972168 1
1.2328095436096191 1.2135229110717773 3.25927734375 1
1.2328095436096191 1.3662937879562378 3.2404747009277344 1
1.2351598739624023 1.3357396125793457 3.2099204063415527 1
1.2375102043151855 1.3192873001098633 3.2310733795166016 1
1.2398605346679688 1.2158732414245605 3.1817166805267334 1
1.2398605346679688 1.2887331247329712 3.1582136154174805 1
1.242210865020752 1.2910834550857544 3.1112070083618164 1
1.242210865020752 1.2675802707672119 3.1840670108795166 1
1.2445611953735352 1.2440770864486694 3.2522263526916504 1
1.2445611953735352 1.3545421361923218 3.2428250312805176 1
1.2445611953735352 1.3592427968978882 3.247525691986084 1
1.2469115257263184 1.3615931272506714 3.1394109725952148 1
1.2469115257263184 1.3521918058395386 3.2498760223388672 1
1.2469115257263184 1.356892466545105 3.2545766830444336 1
1.2492618560791016 1.427402138710022 3.1018056869506836 1
1.2492618560791016 1.2840324640274048 3.3203856945037842 1
1.2516121864318848 1.4297524690628052 3.1793663501739502 1
1.2516121864318848 1.427402138710022 3.3227360248565674 1
1.253962516784668 1.3639434576034546 3.118257999420166 1
1.2563128471374512 1.227624773979187 3.25927734375 1
1.2586631774902344 1.2558286190032959 3.2146210670471191 1
1.2586631774902344 1.3216376304626465 3.1817166805267334 1
1.2610135078430176 1.3239879608154297 3.1511626243591309 1
1.2610135078430176 1.2910834550857544 3.2169713973999023 1
1.2633638381958008 1.3404402732849121 3.1629140377044678 1
1.3832302093505859 1.2205737829208374 3.2968823909759521 1
1.4466888904571533 1.2205737829208374 3.2804303169250488 1
1.3855805397033691 1.2229241132736206 3.165264368057251 1
1.3855805397033691 1.4062492847442627 3.1159076690673828 1
1.2657140493392944 1.4062492847442627 3.2804303169250488 1
1.2680643796920776 1.4180008172988892 3.1229586601257324 1
1.2680643796920776 1.3639434576034546 3.3297867774963379 1
1.2680643796920776 1.4368034601211548 3.3109843730926514 1
1.2751153707504272 1.4203511476516724 3.1206083297729492 1
1.2704147100448608 1.439153790473938 3.25927734375 1
1.4819437265396118 1.227624773979187 3.3133347034454346 1
1.272765040397644 1.4227014780044556 3.1276593208312988 1
1.272765040397644 1.4180008172988892 3.3156850337982178 1
1.2751153707504272 1.2370260953903198 3.318035364151001 1
1.2751153707504272 1.4250518083572388 3.3133347034454346 1
1.2774657011032104 1.4321027994155884 3.1323599815368652 1
1.2774657011032104 1.4227014780044556 3.3250861167907715 1
1.2798160314559937 1.2417267560958862 3.3274364471435547 1
1.2798160314559937 1.4344531297683716 3.318035364151001 1
1.2821663618087769 1.4415041208267212 3.1676146984100342 1
1.2821663618087769 1.4321027994155884 3.3344874382019043 1
1.2845166921615601 1.2534782886505127 3.3368377685546875 1
1.2845166921615601 1.4438544511795044 3.3274364471435547 1
1.3080198764801025 1.368644118309021 3.1370606422424316 1
1.2868670225143433 1.368644118309021 3.2522263526916504 1
1.3103702068328857 1.2464274168014526 3.2639780044555664 1
1.2892173528671265 1.3615931272506714 3.2639780044555664 1
1.2915676832199097 1.3733447790145874 3.177016019821167 1
1.2915676832199097 1.3498414754867554 3.2663283348083496 1
1.2939180135726929 1.286382794380188 3.2686786651611328 1
1.2939180135726929 1.3756951093673706 3.2451753616333008 1
1.2962682247161865 1.2769815921783447 3.3368377685546875 1
1.2986185550689697 1.3897969722747803 3.2146210670471191 1
1.2986185550689697 1.3263382911682129 3.282780647277832 1
1.3009688854217529 1.3239879608154297 3.2851309776306152 1
1.3009688854217529 1.3921473026275635 3.2216720581054688 1
1.3033192157745361 1.2934337854385376 3.1958184242248535 1
1.3056695461273193 1.380395770072937 3.188767671585083 1
1.3056695461273193 1.3051854372024536 3.2733793258666992 1
1.3080198764801025 1.2887331247329712 3.2616276741027832 1
1.3103702068328857 1.3709944486618042 3.1840670108795166 1
1.3127205371856689 1.3404402732849121 3.2757296562194824 1
1.3855805397033691 1.2722809314727783 3.2780799865722656 1
1.3174211978912354 1.4791091680526733 3.1911180019378662 1
1.3174211978912354 1.4415041208267212 3.3485894203186035 1
1.3174211978912354 1.4556059837341309 3.3720927238464355 1
1.3197715282440186 1.3004847764968872 3.3744430541992188 1
1.3197715282440186 1.4579563140869141 3.3368377685546875 1
1.3197715282440186 1.4814594984054565 3.3509397506713867 1
1.3503257036209106 1.2793319225311279 3.2874813079833984 1
1.3550263643264771 1.3944976329803467 3.1723153591156006 1
1.3526760339736938 1.3968479633331299 3.1746656894683838 1
1.324472188949585 1.3968479633331299 3.2075700759887695 1
1.4161347150802612 1.5261156558990479 3.177016019821167 1
1.3268225193023682 1.5496188402175903 3.3203856945037842 1
1.3268225193023682 1.5261156558990479 3.4426023960113525 1
1.4184850454330444 1.286382794380188 3.4214496612548828 1
1.472542405128479 1.5519691705703735 3.1793663501739502 1
1.3291727304458618 1.5519691705703735 3.4214496612548828 1
1.331523060798645 1.3216376304626465 3.2921817302703857 1
1.331523060798645 1.3991982936859131 3.2616276741027832 1
1.3338733911514282 1.4015486240386963 3.2169713973999023 1
1.3338733911514282 1.3709944486618042 3.2945320606231689 1
1.3362237215042114 1.3780454397201538 3.1958184242248535 1
1.3362237215042114 1.3169369697570801 3.271028995513916 1
1.3385740518569946 1.380395770072937 3.2122707366943359 1
1.3409243822097778 1.4791091680526733 3.2193217277526855 1
1.343274712562561 1.3286886215209961 3.3744430541992188 1
1.3456250429153442 1.3780454397201538 3.224022388458252 1
1.3761792182922363 1.380395770072937 3.1981687545776367 1
1.3503257036209106 1.4462047815322876 3.2381243705749512 1
1.3503257036209106 1.3944976329803467 3.3391880989074707 1
1.3526760339736938 1.3474912643432617 3.3415384292602539 1
1.3526760339736938 1.4485549926757812 3.2898316383361816 1
1.3550263643264771 1.3310389518737793 3.306283712387085 1
1.3550263643264771 1.4133002758026123 3.2874813079833984 1
1.3573766946792603 1.415650486946106 3.2263727188110352 1
1.3573766946792603 1.3968479633331299 3.3086340427398682 1
1.3597270250320435 1.3357396125793457 3.3015830516815186 1
1.3597270250320435 1.4085996150970459 3.271028995513916 1
1.3620772361755371 1.4109499454498291 3.2310733795166016 1
1.3620772361755371 1.380395770072937 3.3039333820343018 1
1.3644275665283203 1.3897969722747803 3.3579907417297363 1
1.3644275665283203 1.5402176380157471 3.2921817302703857 1
1.3644275665283203 1.4650073051452637 3.4332010746002197 1
1.3667778968811035 1.4673576354980469 3.2851309776306152 1
1.3667778968811035 1.4015486240386963 3.4355514049530029 1
1.3667778968811035 1.5425679683685303 3.3603410720825195 1
1.3691282272338867 1.5143640041351318 3.282780647277832 1
1.3691282272338867 1.4791091680526733 3.4073476791381836 1
1.3714785575866699 1.3921473026275635 3.4096980094909668 1
1.3714785575866699 1.516714334487915 3.3744430541992188 1
1.4208353757858276 1.4133002758026123 3.224022388458252 1
1.4231857061386108 1.3333892822265625 3.3086340427398682 1
1.425536036491394 7.6463532447814941 3.2287230491638184 1
1.3785295486450195 1.4509053230285645 3.3015830516815186 1
7.6891436576843262 1.4509053230285645 3.2287230491638184 1
1.3808798789978027 7.6440029144287109 3.2780799865722656 1
1.4537398815155029 1.4532556533813477 3.2310733795166016 1
1.3808798789978027 1.4532556533813477 9.5369863510131836 1
1.3832302093505859 1.4744086265563965 3.2757296562194824 1
1.3832302093505859 1.4038989543914795 3.4237997531890869 1
1.3832302093505859 1.5308163166046143 3.3673920631408691 1
1.5195488929748535 1.3427906036376953 3.2780799865722656 1
1.3855805397033691 1.4767589569091797 3.2992327213287354 1
1.3879308700561523 1.4697079658508301 3.2569270133972168 1
1.3879308700561523 1.4462047815322876 3.3626914024353027 1
1.3902812004089355 1.3662937879562378 3.3650417327880859 1
1.3902812004089355 1.4720582962036133 3.3415384292602539 1
1.3926315307617188 1.3545421361923218 3.3979463577270508 1
1.3926315307617188 1.509663462638855 3.2663283348083496 1
1.3926315307617188 1.5049628019332886 3.4026470184326172 1
1.3949817419052124 1.5073131322860718 3.2498760223388672 1
1.3949817419052124 1.3756951093673706 3.4049973487854004 1
1.3949817419052124 1.5120136737823486 3.400296688079834 1
1.3973320722579956 1.3592427968978882 3.3932456970214844 1
1.3973320722579956 1.5002621412277222 3.3979463577270508 1
1.3996824026107788 1.5026124715805054 3.2545766830444336 1
1.3996824026107788 1.5073131322860718 3.3955960273742676 1
1.402032732963562 1.368644118309021 3.3814940452575684 1
1.402032732963562 1.4885104894638062 3.3932456970214844 1
1.4043830633163452 1.4908608198165894 3.2639780044555664 1
1.4043830633163452 1.5026124715805054 3.3838443756103516 1
1.4795933961868286 1.3639434576034546 3.41204833984375 1
1.4067333936691284 1.4697079658508301 3.41204833984375 1
1.4819437265396118 1.5214149951934814 3.25927734375 1
1.4090837240219116 1.5214149951934814 3.3650417327880859 1
1.4114340543746948 1.3991982936859131 3.3814940452575684 1
1.413784384727478 1.4908608198165894 3.2945320606231689 1
1.4161347150802612 1.509663462638855 3.4190993309020996 1
1.4184850454330444 1.5284659862518311 3.4049973487854004 1
1.4208353757858276 1.4085996150970459 3.306283712387085 1
1.4231857061386108 1.415650486946106 3.3039333820343018 1
1.5171985626220703 7.1104803085327148 3.2757296562194824 1
1.425536036491394 7.1104803085327148 3.388545036315918 1
1.425536036491394 1.4955614805221558 9.539337158203125 1
1.5195488929748535 1.3850963115692139 9.1021766662597656 1
1.4278862476348877 7.9072389602661133 9.1021766662597656 1
1.4278862476348877 7.6440029144287109 9.8002223968505859 1
1.5783069133758545 1.4038989543914795 3.2804303169250488 1
1.5806572437286377 1.3874466419219971 3.2992327213287354 1
1.5783069133758545 1.3874466419219971 3.4167490005493164 1
1.5806572437286377 1.5237653255462646 3.2804303169250488 1
1.4325869083404541 1.5637208223342896 3.3579907417297363 1
1.4325869083404541 1.5143640041351318 3.4567041397094727 1
1.4349372386932373 1.4673576354980469 3.4590544700622559 1
1.4349372386932373 1.5660711526870728 3.4096980094909668 1
1.4560902118682861 1.4603066444396973 3.2874813079833984 1
1.4889947175979614 1.3944976329803467 3.3532900810241699 1
1.5054469108581543 1.415650486946106 3.2898316383361816 1
1.4396378993988037 1.4485549926757812 3.3556404113769531 1
1.4419882297515869 1.5731221437454224 3.3814940452575684 1
1.4419882297515869 1.5402176380157471 3.4661054611206055 1
1.4443385601043701 1.4908608198165894 3.4684557914733887 1
1.4443385601043701 1.5754724740982056 3.4355514049530029 1
1.5736062526702881 1.4038989543914795 3.4473030567169189 1
1.5783069133758545 1.5543195009231567 3.2968823909759521 1
1.4490392208099365 1.4767589569091797 3.4261500835418701 1
1.4490392208099365 1.5331666469573975 3.4637551307678223 1
1.4490392208099365 1.5566698312759399 3.4308507442474365 1
1.4490392208099365 1.5707718133926392 3.4496533870697021 1
1.4513895511627197 1.4603066444396973 3.306283712387085 1
1.4513895511627197 1.4509053230285645 3.3532900810241699 1
1.4537398815155029 1.415650486946106 3.3556404113769531 1
1.4537398815155029 1.4626569747924805 3.3462390899658203 1
1.460790753364563 1.5966253280639648 3.3156850337982178 1
1.460790753364563 1.4368034601211548 3.4943094253540039 1
1.6347146034240723 1.5966253280639648 3.3109843730926514 1
1.460790753364563 1.6013259887695312 3.4849081039428711 1
1.4631410837173462 1.4250518083572388 3.4919590950012207 1
1.4631410837173462 1.6036763191223145 3.3321371078491211 1
1.6370649337768555 1.4203511476516724 3.4919590950012207 1
1.4631410837173462 1.5942749977111816 3.4966597557067871 1
1.4654914140701294 1.6107271909713745 3.3250861167907715 1
1.4654914140701294 1.5966253280639648 3.5037107467651367 1
1.4678417444229126 1.4344531297683716 3.5060610771179199 1
1.4678417444229126 1.6130775213241577 3.4919590950012207 1
1.4701920747756958 1.5590201616287231 3.3227360248565674 1
1.4701920747756958 1.5496188402175903 3.4520037174224854 1
1.472542405128479 1.5613704919815063 3.4449527263641357 1
1.472542405128479 1.5590201616287231 3.4543538093566895 1
1.4748927354812622 1.6107271909713745 3.3344874382019043 1
1.4772430658340454 1.4438544511795044 3.5060610771179199 1
1.4795933961868286 1.5190646648406982 3.4943094253540039 1
1.4819437265396118 1.6036763191223145 3.4143986701965332 1
1.484294056892395 1.6389311552047729 3.3485894203186035 1
1.484294056892395 1.6107271909713745 3.5225133895874023 1
1.484294056892395 1.6295298337936401 3.5319147109985352 1
1.4866443872451782 1.4579563140869141 3.5342650413513184 1
1.4866443872451782 1.6318801641464233 3.5060610771179199 1
1.4866443872451782 1.6412814855575562 3.5248637199401855 1
1.4889947175979614 1.4603066444396973 3.376793384552002 1
1.4889947175979614 1.4838098287582397 3.3626914024353027 1
1.4913449287414551 1.4861601591110229 3.3556404113769531 1
1.4913449287414551 1.4720582962036133 3.3791437149047852 1
1.5265997648239136 1.4603066444396973 3.3438887596130371 1
1.4936952590942383 1.4955614805221558 3.376793384552002 1
7.6891436576843262 1.4955614805221558 3.3438887596130371 1
1.4960455894470215 1.4626569747924805 3.3791437149047852 1
1.4960455894470215 1.4861601591110229 3.3908953666687012 1
7.686793327331543 1.4532556533813477 3.3908953666687012 1
1.4983959197998047 1.6647846698760986 3.3720927238464355 1
1.4983959197998047 1.6389311552047729 3.5577681064605713 1
1.5007462501525879 1.4814594984054565 3.5601184368133545 1
1.5007462501525879 1.6671350002288818 3.5342650413513184 1
1.5830075740814209 1.4650073051452637 3.4755067825317383 1
1.5077972412109375 1.5637208223342896 3.4755067825317383 1
1.5101475715637207 1.5425679683685303 3.4778571128845215 1
1.5101475715637207 1.5848736763000488 3.4590544700622559 1
1.5124979019165039 1.4838098287582397 3.4379017353057861 1
1.5124979019165039 1.5449181795120239 3.41204833984375 1
1.5148482322692871 1.5472685098648071 3.3791437149047852 1
1.5148482322692871 1.5214149951934814 3.4402520656585693 1
1.5171985626220703 1.5308163166046143 9.7320632934570312 1
1.5171985626220703 7.500633716583252 9.0034637451171875 1
1.5171985626220703 7.8390798568725586 9.3936166763305664 1
1.5195488929748535 6.2972688674926758 3.4261500835418701 1
1.5195488929748535 7.2091937065124512 8.1902523040771484 1
1.5218992233276367 1.6647846698760986 3.4073476791381836 1
1.5242494344711304 1.516714334487915 3.5601184368133545 1
1.5877082347869873 1.4838098287582397 3.388545036315918 1
1.5407017469406128 1.4861601591110229 3.4402520656585693 1
1.53130042552948 1.587224006652832 3.3932456970214844 1
1.53130042552948 1.5731221437454224 3.4802074432373047 1
1.5336507558822632 1.5026124715805054 3.4825577735900879 1
1.5336507558822632 1.5895743370056152 3.4684557914733887 1
1.5383514165878296 1.6154278516769409 3.4379017353057861 1
1.5383514165878296 1.5778226852416992 3.5084114074707031 1
7.1532702445983887 1.5778226852416992 3.388545036315918 1
1.5407017469406128 1.5472685098648071 3.5107617378234863 1
1.5407017469406128 1.6177781820297241 3.4731564521789551 1
7.251983642578125 1.497911810874939 3.4731564521789551 1
7.9500293731689453 1.497911810874939 9.1021766662597656 1
7.9500293731689453 7.6440029144287109 3.3908953666687012 1
1.543052077293396 1.6248291730880737 3.3979463577270508 1
1.543052077293396 1.587224006652832 3.5178127288818359 1
1.5454024076461792 1.5073131322860718 3.5201630592346191 1
1.5454024076461792 1.6271795034408569 3.4825577735900879 1
1.5477527379989624 1.6483323574066162 3.4026470184326172 1
1.5477527379989624 1.6248291730880737 3.541316032409668 1
1.5501030683517456 1.5120136737823486 3.5436663627624512 1
1.5501030683517456 1.6506826877593994 3.5201630592346191 1
1.5524533987045288 1.6530330181121826 3.4190993309020996 1
1.5524533987045288 1.6483323574066162 3.5460166931152344 1
1.554803729057312 1.5284659862518311 3.5483670234680176 1
1.554803729057312 1.6553833484649658 3.5436663627624512 1
1.5571539402008057 1.6859375238418579 3.4567041397094727 1
1.5571539402008057 1.6647846698760986 3.5789210796356201 1
1.5595042705535889 1.5660711526870728 3.5812714099884033 1
1.5595042705535889 1.6882878541946411 3.5601184368133545 1
1.5618546009063721 1.5449181795120239 3.5366153717041016 1
1.6770204305648804 1.6013259887695312 3.41204833984375 1
1.5618546009063721 1.6436316967010498 3.5272140502929688 1
1.5642049312591553 1.645982027053833 3.4402520656585693 1
1.6464662551879883 1.6365808248519897 3.4143986701965332 1
1.5642049312591553 1.6365808248519897 3.5389657020568848 1
1.5665552616119385 1.6624343395233154 3.4285004138946533 1
1.5665552616119385 1.5378673076629639 3.5554177761077881 1
1.5689055919647217 1.6741858720779419 3.4426023960113525 1
1.5689055919647217 1.6530330181121826 3.5671694278717041 1
1.5712559223175049 1.5519691705703735 3.5695197582244873 1
1.5712559223175049 1.6765362024307251 3.5483670234680176 1
1.5736062526702881 1.5543195009231567 3.4614048004150391 1
1.5736062526702881 1.568421483039856 9.7320632934570312 1
1.5759565830230713 1.6600840091705322 3.4637551307678223 1
1.5759565830230713 1.6083769798278809 3.5530674457550049 1
6.3400588035583496 1.6083769798278809 3.4261500835418701 1
1.5783069133758545 1.7658485174179077 3.4473030567169189 1
1.5783069133758545 1.6624343395233154 3.6588320732116699 1
1.5806572437286377 1.5566698312759399 3.6611824035644531 1
1.5806572437286377 1.7681988477706909 3.5554177761077881 1
1.5830075740814209 1.669485330581665 3.4661054611206055 1
1.5830075740814209 1.5825233459472656 3.5624687671661377 1
1.5853579044342041 1.5754724740982056 3.5648190975189209 1
1.5853579044342041 1.6718356609344482 3.4778571128845215 1
1.5877082347869873 1.6154278516769409 3.5366153717041016 1
1.590058445930481 1.645982027053833 3.5107617378234863 1
1.5924087762832642 1.6812368631362915 3.4520037174224854 1
1.5924087762832642 1.6741858720779419 3.5742204189300537 1
1.5947591066360474 1.5613704919815063 3.5765707492828369 1
1.7263771295547485 1.6765362024307251 3.4449527263641357 1
1.5971094369888306 1.6788865327835083 3.4614048004150391 1
1.5971094369888306 1.7658485174179077 3.5718700885772705 1
1.5994597673416138 1.5707718133926392 3.6752843856811523 1
1.5994597673416138 1.7823007106781006 3.6611824035644531 1
1.601810097694397 1.6812368631362915 3.4543538093566895 1
1.6041604280471802 1.6812368631362915 3.5836217403411865 1
1.7263771295547485 1.5613704919815063 3.5836217403411865 1
1.6065107583999634 1.6976891756057739 3.4755067825317383 1
1.6065107583999634 1.6859375238418579 3.590672492980957 1
1.6088610887527466 1.5848736763000488 3.5930228233337402 1
1.6088610887527466 1.7000395059585571 3.5812714099884033 1
1.6112114191055298 1.6788865327835083 3.5507173538208008 1
1.6112114191055298 1.657733678817749 9.7320632934570312 1
1.613561749458313 1.6600840091705322 3.6752843856811523 1
1.6159120798110962 1.7023898363113403 3.4802074432373047 1
1.7122752666473389 1.6929885149002075 3.4661054611206055 1
1.6159120798110962 1.6929885149002075 3.5953731536865234 1
1.6182624101638794 1.5895743370056152 3.5977234840393066 1
1.6182624101638794 1.6953388452529907 3.5648190975189209 1
1.6182624101638794 1.7047401666641235 3.5883221626281738 1
1.6206127405166626 1.6060266494750977 3.6235771179199219 1
7.5434236526489258 1.6060266494750977 3.4708061218261719 1
1.7639822959899902 1.6154278516769409 3.4708061218261719 1
1.6206127405166626 1.7305936813354492 3.6141757965087891 1
7.5434236526489258 1.5778226852416992 9.0034637451171875 1
1.6229629516601562 1.7329440116882324 3.5013604164123535 1
6.3400588035583496 1.5801730155944824 3.5013604164123535 1
1.6605681180953979 1.7235426902770996 3.4731564521789551 1
1.6229629516601562 1.7235426902770996 3.6259274482727051 1
6.3400588035583496 7.2091937065124512 3.4731564521789551 1
1.7122752666473389 1.5825233459472656 3.6000738143920898 1
1.7404791116714478 1.7070903778076172 3.4755067825317383 1
1.7146255970001221 1.7094407081604004 3.4778571128845215 1
1.6276636123657227 1.7094407081604004 3.5930228233337402 1
1.6300139427185059 1.7117910385131836 3.5178127288818359 1
1.6300139427185059 1.7023898363113403 3.6047744750976562 1
1.6323642730712891 1.6271795034408569 3.6071248054504395 1
1.6323642730712891 1.7141413688659668 3.5977234840393066 1
1.6347146034240723 1.7611478567123413 3.4896087646484375 1
1.6347146034240723 1.6013259887695312 3.6376791000366211 1
1.7874854803085327 1.8998168706893921 3.4849081039428711 1
1.6347146034240723 1.9045174121856689 3.6541314125061035 1
1.9426068067550659 7.4042701721191406 3.4849081039428711 1
1.6347146034240723 7.4042701721191406 3.7975010871887207 1
1.6417655944824219 1.7634981870651245 3.4872584342956543 1
1.6370649337768555 1.7470458745956421 3.4966597557067871 1
1.7898358106613159 1.5942749977111816 3.7951507568359375 1
1.6370649337768555 1.7634981870651245 3.7998514175415039 1
1.9449571371078491 1.5942749977111816 8.2372589111328125 1
1.6370649337768555 1.9068677425384521 8.2372589111328125 1
1.6394152641296387 1.775249719619751 3.5037107467651367 1
1.6394152641296387 1.7611478567123413 3.6682333946228027 1
1.820389986038208 1.598975658416748 3.5060610771179199 1
1.6417655944824219 1.7776000499725342 3.6564817428588867 1
1.7874854803085327 1.6013259887695312 3.5272140502929688 1
1.6464662551879883 1.7470458745956421 3.529564380645752 1
1.7005236148834229 1.7564471960067749 3.4990100860595703 1
1.6488165855407715 7.8390798568725586 3.5507173538208008 1
1.6488165855407715 1.7564471960067749 3.6235771179199219 1
7.8818697929382324 1.6060266494750977 9.3936166763305664 1
1.7028739452362061 1.6083769798278809 3.6517810821533203 1
1.6511669158935547 1.7329440116882324 3.6517810821533203 1
1.6535172462463379 1.7917020320892334 3.5225133895874023 1
1.6535172462463379 1.775249719619751 3.6846854686737061 1
1.6558674573898315 1.6318801641464233 3.6870357990264893 1
1.820389986038208 1.6130775213241577 3.6870357990264893 1
1.6864216327667236 1.6154278516769409 3.6141757965087891 1
1.6605681180953979 1.645982027053833 3.6165261268615723 1
1.69112229347229 1.6248291730880737 3.6094751358032227 1
1.7545809745788574 1.71649169921875 3.5178127288818359 1
1.6934726238250732 1.7188420295715332 3.5201630592346191 1
1.6699694395065308 1.7188420295715332 3.6071248054504395 1
1.84389328956604 1.6389311552047729 3.5225133895874023 1
1.84389328956604 1.6295298337936401 3.6846854686737061 1
1.8462436199188232 1.6318801641464233 3.5342650413513184 1
1.8462436199188232 1.7940523624420166 3.5248637199401855 1
1.6770204305648804 1.6436316967010498 3.6282777786254883 1
1.6770204305648804 1.7352943420410156 3.6329784393310547 1
1.6770204305648804 1.7399948835372925 3.6376791000366211 1
1.6793707609176636 1.7376446723937988 3.5389657020568848 1
1.6793707609176636 1.7423452138900757 3.6306281089782715 1
1.6793707609176636 1.7470458745956421 3.6353287696838379 1
1.84389328956604 1.6647846698760986 3.5319147109985352 1
1.8462436199188232 1.6412814855575562 3.5601184368133545 1
1.7780842781066895 1.6436316967010498 3.6141757965087891 1
1.6887719631195068 1.7376446723937988 3.6165261268615723 1
1.69112229347229 1.71649169921875 3.5460166931152344 1
1.6934726238250732 1.6553833484649658 3.6118254661560059 1
1.6958229541778564 1.7258930206298828 3.5671694278717041 1
1.6958229541778564 1.71649169921875 3.6188764572143555 1
1.6981732845306396 1.6765362024307251 3.6212267875671387 1
1.6981732845306396 1.728243350982666 3.6118254661560059 1
1.7216764688491821 1.787001371383667 3.5507173538208008 1
1.7005236148834229 1.7964026927947998 3.6494307518005371 1
1.7005236148834229 1.787001371383667 3.6893861293792725 1
1.7028739452362061 1.7587975263595581 3.6917364597320557 1
1.7028739452362061 1.7893517017364502 3.6752843856811523 1
1.7028739452362061 1.798753023147583 3.6823351383209229 1
1.7052242755889893 1.7540968656539917 3.6588320732116699 1
1.7052242755889893 1.7681988477706909 3.6470804214477539 1
1.7075746059417725 1.8058038949966431 3.5789210796356201 1
1.84389328956604 1.8058038949966431 3.5577681064605713 1
1.7099249362945557 1.6882878541946411 3.7011377811431885 1
1.8462436199188232 1.6671350002288818 3.7011377811431885 1
1.8838486671447754 1.6929885149002075 3.5624687671661377 1
1.7122752666473389 1.7070903778076172 3.7340421676635742 1
1.7146255970001221 1.6953388452529907 3.7363924980163574 1
1.7146255970001221 1.8434090614318848 3.602424144744873 1
1.7240267992019653 1.6741858720779419 3.6423797607421875 1
1.7169759273529053 1.7258930206298828 3.6423797607421875 1
1.7263771295547485 1.7517465353012085 3.5695197582244873 1
1.7193261384963989 1.7517465353012085 3.6212267875671387 1
1.7216764688491821 1.7658485174179077 3.6729340553283691 1
1.7216764688491821 1.7799503803253174 3.6799850463867188 1
1.8133391141891479 1.6906381845474243 3.5742204189300537 1
1.7921861410140991 1.7705491781234741 3.5742204189300537 1
1.7263771295547485 1.6906381845474243 3.6658830642700195 1
1.7945364713668823 1.6835871934890747 3.6658830642700195 1
1.7287274599075317 1.8105045557022095 3.590672492980957 1
1.7287274599075317 1.8058038949966431 3.7034881114959717 1
1.7310777902603149 1.7000395059585571 3.7058384418487549 1
1.7310777902603149 1.8128548860549927 3.7011377811431885 1
1.8274409770965576 1.6906381845474243 3.6635327339172363 1
1.8274409770965576 1.7728993892669678 3.5836217403411865 1
1.7357784509658813 1.8152052164077759 3.5953731536865234 1
1.8579951524734497 1.6929885149002075 3.860959529876709 1
1.8838486671447754 1.928020715713501 3.5859718322753906 1
1.7357784509658813 1.928020715713501 3.860959529876709 1
1.7381287813186646 1.7047401666641235 3.7105391025543213 1
2.0131163597106934 1.6953388452529907 3.7105391025543213 1
1.8861989974975586 1.6953388452529907 3.8233544826507568 1
1.973160982131958 1.6953388452529907 3.8633098602294922 1
1.7404791116714478 2.0337851047515869 3.6000738143920898 1
1.7404791116714478 1.8105045557022095 3.9267687797546387 1
1.742829442024231 1.7094407081604004 3.8186538219451904 1
1.742829442024231 1.9256703853607178 3.7058384418487549 1
1.7545809745788574 1.7023898363113403 3.7128894329071045 1
1.8626958131790161 1.7023898363113403 3.7081887722015381 1
1.7569313049316406 1.8222562074661255 3.5977234840393066 1
1.7475301027297974 1.8222562074661255 3.7105391025543213 1
1.7498804330825806 2.0384857654571533 3.7340421676635742 1
1.7498804330825806 2.0337851047515869 3.9314694404602051 1
1.7522306442260742 1.8434090614318848 3.9338197708129883 1
1.7522306442260742 2.0408360958099365 3.8186538219451904 1
1.7545809745788574 1.8199058771133423 3.6094751358032227 1
1.7569313049316406 1.7188420295715332 3.7175898551940918 1
1.7569313049316406 1.8246065378189087 3.7152395248413086 1
1.7592816352844238 1.8269568681716919 3.6188764572143555 1
1.8626958131790161 1.9233200550079346 3.6094751358032227 1
1.7592816352844238 1.9233200550079346 3.719940185546875 1
1.761631965637207 1.728243350982666 3.7222905158996582 1
1.761631965637207 1.8293071985244751 3.7175898551940918 1
1.773383617401123 1.8622117042541504 3.6141757965087891 1
1.7639822959899902 1.8716129064559937 3.6282777786254883 1
1.7639822959899902 1.8622117042541504 3.7504944801330566 1
1.7639822959899902 1.857511043548584 3.7645964622497559 1
1.7757339477539062 1.7235426902770996 7.9317169189453125 1
1.7663326263427734 1.7376446723937988 3.7669467926025391 1
1.7663326263427734 1.8598613739013672 3.7575454711914062 1
1.7663326263427734 1.8739632368087769 3.7528448104858398 1
6.0815234184265137 1.7235426902770996 3.7575454711914062 1
1.7686829566955566 1.8269568681716919 3.6423797607421875 1
1.7710332870483398 1.7517465353012085 3.7222905158996582 1
1.7992371320724487 1.8763135671615601 3.6235771179199219 1
1.773383617401123 1.8763135671615601 3.755195140838623 1
1.8015874624252319 1.7329440116882324 7.9317169189453125 1
1.7780842781066895 1.8716129064559937 3.6329784393310547 1
1.7804346084594727 1.7423452138900757 3.7669467926025391 1
1.7827849388122559 1.8998168706893921 3.6376791000366211 1
1.7827849388122559 1.8716129064559937 3.7880997657775879 1
1.7827849388122559 1.8951162099838257 3.7928004264831543 1
1.7851351499557495 1.7470458745956421 3.7951507568359375 1
1.7851351499557495 1.8974665403366089 3.7669467926025391 1
1.7851351499557495 1.9021670818328857 3.7904500961303711 1
1.7921861410140991 1.8316575288772583 3.6635327339172363 1
1.7921861410140991 1.8269568681716919 3.7246408462524414 1
1.7945364713668823 1.7728993892669678 3.7269911766052246 1
1.7945364713668823 1.8340078592300415 3.7222905158996582 1
1.7968868017196655 1.8504600524902344 3.6588320732116699 1
1.7968868017196655 1.7681988477706909 3.743443489074707 1
1.8391926288604736 1.8857148885726929 3.6494307518005371 1
1.7992371320724487 1.8857148885726929 3.7692971229553223 1
1.8415429592132568 1.7587975263595581 3.7810487747192383 1
1.8015874624252319 1.8786638975143433 3.7810487747192383 1
1.8015874624252319 6.0387334823608398 3.7716474533081055 1
1.8039377927780151 1.9045174121856689 3.6682333946228027 1
1.8062881231307983 1.7776000499725342 3.8022017478942871 1
1.8062881231307983 1.9092180728912354 3.7998514175415039 1
1.8086384534835815 1.8528103828430176 3.6729340553283691 1
1.8086384534835815 1.8504600524902344 3.7457938194274902 1
1.8109887838363647 1.7823007106781006 3.7481441497802734 1
1.8109887838363647 1.8551607131958008 3.743443489074707 1
1.8885493278503418 1.7846510410308838 3.6635327339172363 1
1.8744474649429321 1.8363581895828247 3.6635327339172363 1
1.8133391141891479 1.8363581895828247 3.7387428283691406 1
1.890899658203125 1.7728993892669678 3.6776347160339355 1
1.8814983367919922 1.8340078592300415 3.6658830642700195 1
1.8814983367919922 1.7728993892669678 3.7410931587219238 1
1.9567086696624756 1.7917020320892334 3.6682333946228027 1
1.8180396556854248 1.9045174121856689 9.7414646148681641 1
1.9567086696624756 1.775249719619751 9.7414646148681641 1
1.9590590000152588 1.7776000499725342 3.6870357990264893 1
1.9520080089569092 1.7776000499725342 3.8092527389526367 1
1.8227403163909912 1.8669123649597168 3.6799850463867188 1
1.8227403163909912 1.8528103828430176 3.7598958015441895 1
1.8250906467437744 1.7893517017364502 3.7622461318969727 1
1.8250906467437744 1.8692626953125 3.7481441497802734 1
1.8274409770965576 1.845759391784668 3.7410931587219238 1
1.8297913074493408 1.8810142278671265 3.6893861293792725 1
1.8297913074493408 1.8669123649597168 3.7739977836608887 1
1.832141637802124 1.798753023147583 3.7763481140136719 1
1.832141637802124 1.8833645582199097 3.7622461318969727 1
1.84389328956604 1.7917020320892334 3.8116030693054199 1
1.8344919681549072 1.9139187335968018 3.8116030693054199 1
1.8368422985076904 1.8034536838531494 3.813953161239624 1
1.8368422985076904 1.9209697246551514 3.8092527389526367 1
1.8391926288604736 1.8810142278671265 3.7833991050720215 1
1.8391926288604736 1.8904155492782593 3.7786984443664551 1
1.8415429592132568 1.8927658796310425 3.7763481140136719 1
1.8415429592132568 1.8880652189254761 3.7857494354248047 1
1.84389328956604 1.9186193943023682 3.6987874507904053 1
1.8462436199188232 1.8081542253494263 3.813953161239624 1
1.8485939502716064 2.010282039642334 3.7034881114959717 1
1.8485939502716064 1.9186193943023682 3.9032654762268066 1
1.8509441614151001 1.8128548860549927 3.9056158065795898 1
1.8509441614151001 2.0126323699951172 3.813953161239624 1
1.8532944917678833 2.010282039642334 3.9126667976379395 1
1.8532944917678833 2.0196831226348877 3.9267687797546387 1
1.8556448221206665 1.9256703853607178 3.9150171279907227 1
1.8556448221206665 2.0220334529876709 3.9056158065795898 1
1.8626958131790161 1.8152052164077759 3.884462833404541 1
1.8579951524734497 1.9679760932922363 3.884462833404541 1
1.8650461435317993 1.9938297271728516 3.7105391025543213 1
1.8603454828262329 1.9938297271728516 3.8633098602294922 1
1.9661099910736084 1.8199058771133423 3.884462833404541 1
1.8650461435317993 1.8246065378189087 3.8915138244628906 1
1.8650461435317993 1.998530387878418 3.8868131637573242 1
1.8720971345901489 1.998530387878418 3.7175898551940918 1
1.8744474649429321 1.8269568681716919 3.907966136932373 1
1.9661099910736084 2.0055813789367676 3.719940185546875 1
1.8697468042373657 2.0055813789367676 3.907966136932373 1
1.8767977952957153 2.0173327922821045 3.7222905158996582 1
2.0507216453552246 1.998530387878418 3.7222905158996582 1
1.8720971345901489 2.0173327922821045 3.9009151458740234 1
1.8744474649429321 2.0149827003479004 3.7293415069580078 1
1.8767977952957153 1.8387084007263184 3.9103164672851562 1
2.0671737194061279 1.845759391784668 3.7293415069580078 1
1.8791481256484985 2.0149827003479004 3.9173674583435059 1
1.8814983367919922 1.8481097221374512 3.9197177886962891 1
1.8814983367919922 2.0267341136932373 3.9103164672851562 1
1.8838486671447754 2.0431864261627197 3.8210041522979736 1
1.8838486671447754 2.0384857654571533 3.9361701011657715 1
1.8861989974975586 1.9303710460662842 3.9385204315185547 1
1.8861989974975586 2.0455367565155029 3.9338197708129883 1
1.890899658203125 1.845759391784668 3.9244184494018555 1
1.8885493278503418 2.0243837833404541 3.9220681190490723 1
1.8885493278503418 2.0290844440460205 3.9244184494018555 1
1.890899658203125 2.0314347743988037 3.9197177886962891 1
1.8932499885559082 1.9327213764190674 3.7457938194274902 1
1.8979506492614746 1.9327213764190674 3.743443489074707 1
1.8956003189086914 1.935071587562561 3.7598958015441895 1
1.9755113124847412 1.935071587562561 3.7457938194274902 1
1.8979506492614746 1.8692626953125 3.8304054737091064 1
1.8979506492614746 1.9374219179153442 3.82570481300354 1
1.9003009796142578 1.8622117042541504 3.8562588691711426 1
1.9003009796142578 1.9632755517959595 3.7645964622497559 1
1.902651309967041 1.9656258821487427 3.7575454711914062 1
2.008415699005127 1.8598613739013672 3.7669467926025391 1
1.9050016403198242 1.8763135671615601 3.8515582084655762 1
1.9050016403198242 1.9585748910903931 3.8562588691711426 1
1.9073519706726074 1.9609252214431763 3.7716474533081055 1
6.0815234184265137 1.8645620346069336 3.7716474533081055 1
1.9073519706726074 1.9656258821487427 3.8539085388183594 1
1.9097023010253906 1.9397722482681274 3.7739977836608887 1
1.9097023010253906 1.935071587562561 3.8327558040618896 1
1.9849125146865845 1.8692626953125 3.7763481140136719 1
1.9120526313781738 1.9421225786209106 3.8304054737091064 1
1.9144028425216675 1.9773774147033691 3.7880997657775879 1
1.9144028425216675 1.9632755517959595 3.8656601905822754 1
1.9144028425216675 1.9726767539978027 3.8703608512878418 1
1.9167531728744507 1.8974665403366089 3.872711181640625 1
1.9167531728744507 1.9750270843505859 3.8586091995239258 1
1.9167531728744507 1.9797277450561523 3.8680105209350586 1
1.9285048246383667 1.9538742303848267 3.7692971229553223 1
1.9191035032272339 1.9538742303848267 3.8515582084655762 1
1.9308551549911499 1.8786638975143433 3.849207878112793 1
1.9214538335800171 1.9609252214431763 3.849207878112793 1
1.9238041639328003 1.9444729089736938 3.7833991050720215 1
1.9238041639328003 1.9397722482681274 3.8374564647674561 1
1.9261544942855835 1.8927658796310425 3.8398067951202393 1
1.9261544942855835 1.9468232393264771 3.8351061344146729 1
1.9332054853439331 1.9491735696792603 3.7786984443664551 1
1.9285048246383667 1.9491735696792603 3.8468575477600098 1
1.9355558156967163 1.8880652189254761 3.8445072174072266 1
1.9308551549911499 1.9562245607376099 3.8445072174072266 1
1.9332054853439331 1.9444729089736938 3.8421571254730225 1
1.9355558156967163 1.9515239000320435 3.8398067951202393 1
1.9379061460494995 1.9820780754089355 3.7928004264831543 1
1.9379061460494995 1.9773774147033691 3.8750615119934082 1
1.9402564764022827 1.9021670818328857 3.8774118423461914 1
1.9402564764022827 1.9844284057617188 3.872711181640625 1
2.0248680114746094 1.986778736114502 3.7928004264831543 1
1.9426068067550659 1.986778736114502 9.2972536087036133 1
1.9449571371078491 1.9891290664672852 3.8774118423461914 1
1.9449571371078491 6.3442749977111816 3.8821125030517578 1
1.9473073482513428 1.986778736114502 7.8095002174377441 1
7.4470605850219727 1.986778736114502 3.7975010871887207 1
5.9593067169189453 4.4875211715698242 3.7975010871887207 1
1.9473073482513428 4.4875211715698242 9.7414646148681641 1
6.1120777130126953 1.9068677425384521 3.8022017478942871 1
1.949657678604126 6.0692877769470215 3.8821125030517578 1
6.3870654106140137 1.9068677425384521 3.8821125030517578 1
1.9590590000152588 4.4828205108642578 3.8022017478942871 1
4.5256104469299316 6.0692877769470215 3.8022017478942871 1
1.9543583393096924 2.0008807182312012 3.8069024085998535 1
1.9543583393096924 1.9139187335968018 6.3805046081542969 1
1.9543583393096924 2.2547154426574707 3.8938641548156738 1
1.9543583393096924 2.1136960983276367 4.1476988792419434 1
4.530311107635498 2.1136960983276367 3.8045520782470703 1
1.9567086696624756 2.0008807182312012 3.8116030693054199 1
4.530311107635498 1.9139187335968018 9.7414646148681641 1
1.9590590000152588 1.9209697246551514 3.896214485168457 1
2.0460209846496582 2.2523651123046875 3.8092527389526367 1
2.2951550483703613 4.4828205108642578 3.8092527389526367 1
1.961409330368042 2.0008807182312012 3.9032654762268066 1
1.9637596607208252 2.0126323699951172 3.896214485168457 1
2.0342693328857422 1.9961800575256348 3.8163034915924072 1
1.9661099910736084 1.9961800575256348 3.8985648155212402 1
1.9684603214263916 2.0361354351043701 3.9150171279907227 1
1.9684603214263916 2.0408360958099365 3.9291191101074219 1
1.9708106517791748 2.0478870868682861 3.860959529876709 1
1.9708106517791748 2.0431864261627197 3.9408707618713379 1
1.973160982131958 1.9703264236450195 3.9432210922241211 1
1.973160982131958 2.0502374172210693 3.9385204315185547 1
2.1000783443450928 1.935071587562561 3.82570481300354 1
1.9802118539810181 2.0596387386322021 3.82570481300354 1
1.9755113124847412 2.0666897296905518 3.9502720832824707 1
1.9755113124847412 2.0596387386322021 3.9596729278564453 1
1.9778616428375244 2.0525877475738525 3.8327558040618896 1
1.9778616428375244 2.0572884082794189 3.9455714225769043 1
1.9802118539810181 1.9421225786209106 3.9479217529296875 1
1.9802118539810181 2.0549380779266357 3.9526224136352539 1
1.9825621843338013 2.0619890689849854 3.8374564647674561 1
1.9825621843338013 2.0525877475738525 3.9549727439880371 1
1.9896131753921509 2.0643393993377686 3.8351061344146729 1
2.1071293354034424 2.0549380779266357 3.8351061344146729 1
1.9872628450393677 2.069040060043335 3.8421571254730225 1
1.9872628450393677 2.0619890689849854 3.9620232582092285 1
1.9896131753921509 1.9515239000320435 3.9643735885620117 1
1.9896131753921509 2.0713903903961182 3.9573230743408203 1
1.9919635057449341 2.0737407207489014 3.8468575477600098 1
1.9919635057449341 2.069040060043335 3.9667239189147949 1
1.9943138360977173 1.9562245607376099 3.9690742492675781 1
1.9943138360977173 2.0760910511016846 3.9643735885620117 1
1.9966641664505005 2.0737407207489014 3.8515582084655762 1
1.9990144968032837 1.9609252214431763 3.9690742492675781 1
2.0060653686523438 1.9585748910903931 3.9855265617370605 1
2.0013647079467773 2.0737407207489014 3.9761252403259277 1
2.0013647079467773 2.0831418037414551 3.9855265617370605 1
2.0037150382995605 1.9656258821487427 3.9878768920898438 1
2.0037150382995605 2.0854921340942383 3.9690742492675781 1
2.0037150382995605 2.0948934555053711 3.9784755706787109 1
2.0060653686523438 5.3430380821228027 3.8656601905822754 1
2.0060653686523438 2.0925431251525879 7.2360219955444336 1
2.0178170204162598 5.2772293090820312 3.8586091995239258 1
2.008415699005127 5.2772293090820312 3.9878768920898438 1
2.0107660293579102 2.0784413814544678 3.884462833404541 1
2.09067702293396 2.0784413814544678 3.860959529876709 1
2.0131163597106934 1.9938297271728516 3.9737749099731445 1
2.0131163597106934 2.0807914733886719 3.9432210922241211 1
2.0154666900634766 5.3430380821228027 3.8703608512878418 1
2.0178170204162598 1.9797277450561523 7.1702127456665039 1
2.020167350769043 2.2100594043731689 3.8750615119934082 1
5.3858280181884766 2.2100594043731689 3.8703608512878418 1
2.0225176811218262 1.9844284057617188 4.1147942543029785 1
2.0225176811218262 2.2218108177185059 4.1053929328918457 1
5.3200192451477051 1.9797277450561523 4.1053929328918457 1
2.1447343826293945 1.986778736114502 3.8750615119934082 1
2.2622504234313965 2.1019444465637207 3.8750615119934082 1
2.0248680114746094 2.2100594043731689 4.1124439239501953 1
2.0272183418273926 1.9891290664672852 4.1265459060668945 1
2.0272183418273926 2.2335624694824219 4.1147942543029785 1
2.1447343826293945 2.1089954376220703 3.8797621726989746 1
5.9593067169189453 1.986778736114502 4.001978874206543 1
2.031919002532959 2.1113457679748535 4.1265459060668945 1
6.1120777130126953 2.1113457679748535 3.8821125030517578 1
2.0389699935913086 1.9914793968200684 3.990227222442627 1
2.1306324005126953 1.9914793968200684 3.9714245796203613 1
2.1306324005126953 2.0972437858581543 3.884462833404541 1
2.0366196632385254 1.998530387878418 3.9925775527954102 1
2.0366196632385254 2.0901927947998047 3.9737749099731445 1
2.0366196632385254 2.0995941162109375 3.9831762313842773 1
2.0389699935913086 2.0972437858581543 3.8985648155212402 1
2.0413203239440918 2.0079317092895508 3.9925775527954102 1
2.043670654296875 2.1348490715026855 3.9032654762268066 1
2.2975053787231445 2.1348490715026855 3.8938641548156738 1
2.0460209846496582 2.0126323699951172 4.0301828384399414 1
2.0460209846496582 2.1371994018554688 4.1500492095947266 1
2.0460209846496582 2.2570657730102539 4.1453485488891602 1
2.0483713150024414 2.1042947769165039 3.907966136932373 1
2.1400337219238281 2.1042947769165039 3.8985648155212402 1
2.0507216453552246 2.0173327922821045 3.9996285438537598 1
2.0507216453552246 2.1066451072692871 3.9925775527954102 1
2.0530719757080078 2.1348490715026855 3.9126667976379395 1
2.055422306060791 2.0220334529876709 4.0301828384399414 1
2.0671737194061279 2.0149827003479004 7.9293665885925293 1
2.0577726364135742 2.1042947769165039 4.0113801956176758 1
2.1658873558044434 2.0149827003479004 4.0113801956176758 1
6.0791730880737305 2.0149827003479004 4.0160808563232422 1
2.0601229667663574 2.0267341136932373 4.013730525970459 1
2.0601229667663574 2.1207470893859863 3.9996285438537598 1
2.0624730587005615 2.139549732208252 3.9267687797546387 1
2.0624730587005615 2.1348490715026855 4.0325331687927246 1
2.0648233890533447 2.0361354351043701 4.037233829498291 1
2.0648233890533447 2.1419000625610352 4.0301828384399414 1
2.0648233890533447 2.1442503929138184 4.0348834991455078 1
2.0671737194061279 6.0363831520080566 3.9220681190490723 1
2.0695240497589111 2.0314347743988037 4.0184311866760254 1
2.0695240497589111 2.1254477500915527 4.013730525970459 1
2.0742247104644775 2.0290844440460205 4.0231318473815918 1
2.1705880165100098 2.1324987411499023 3.9220681190490723 1
6.0791730880737305 2.1277980804443359 3.9220681190490723 1
2.0718743801116943 2.1324987411499023 4.0231318473815918 1
2.0742247104644775 2.1301484107971191 4.0184311866760254 1
2.0812757015228271 2.0337851047515869 4.0395841598510742 1
2.1823396682739258 2.2711677551269531 3.9267687797546387 1
2.0765750408172607 2.2711677551269531 4.0395841598510742 1
2.0789253711700439 2.0408360958099365 4.037233829498291 1
2.0812757015228271 2.1466004848480225 3.9361701011657715 1
2.0836260318756104 2.0455367565155029 4.0419344902038574 1
2.0836260318756104 2.1489508152008057 4.037233829498291 1
2.0859763622283936 2.1513011455535889 3.9408707618713379 1
2.0859763622283936 2.1466004848480225 4.0442848205566406 1
2.0883266925811768 2.0502374172210693 4.0466351509094238 1
2.0883266925811768 2.1536514759063721 4.0419344902038574 1
2.09067702293396 2.1771547794342041 3.9714245796203613 1
2.09067702293396 2.1513011455535889 4.0701384544372559 1
2.1235816478729248 2.1795051097869873 3.9432210922241211 1
2.0930273532867432 2.1795051097869873 4.0466351509094238 1
2.0953776836395264 2.0572884082794189 4.0583868026733398 1
2.0953776836395264 2.1560018062591553 3.9549727439880371 1
2.0953776836395264 2.1654031276702881 4.048985481262207 1
2.0977280139923096 2.1677534580230713 3.9526224136352539 1
2.0977280139923096 2.0643393993377686 4.0513358116149902 1
2.0977280139923096 2.1583521366119385 4.060737133026123 1
2.1000783443450928 2.0666897296905518 4.0630874633789062 1
2.1000783443450928 2.1701037883758545 4.0583868026733398 1
2.2152440547943115 2.0666897296905518 3.9526224136352539 1
2.102428674697876 2.1677534580230713 4.0654377937316895 1
2.1047790050506592 2.1607024669647217 3.9620232582092285 1
2.1047790050506592 2.1560018062591553 4.0536861419677734 1
2.1071293354034424 2.0713903903961182 4.0560364723205566 1
2.1071293354034424 2.1630527973175049 4.0513358116149902 1
2.1094796657562256 2.1748044490814209 4.0630874633789062 1
2.2152440547943115 2.1748044490814209 3.9596729278564453 1
2.1118299961090088 2.1818554401397705 3.9667239189147949 1
2.1118299961090088 2.1607024669647217 4.0748391151428223 1
2.114180326461792 2.0760910511016846 4.0771894454956055 1
2.114180326461792 2.1842057704925537 4.0560364723205566 1
2.1259317398071289 2.0737407207489014 9.8918848037719727 1
2.1165306568145752 2.1818554401397705 9.8918848037719727 1
2.1282820701599121 6.9060020446777344 3.9690742492675781 1
2.1188809871673584 6.9060020446777344 4.0771894454956055 1
2.1212313175201416 2.1865561008453369 3.9808259010314941 1
2.2199447154998779 2.1865561008453369 3.9714245796203613 1
2.1235816478729248 2.0901927947998047 4.0818901062011719 1
2.1235816478729248 2.1889064311981201 4.0724887847900391 1
2.1353330612182617 2.0831418037414551 9.8918848037719727 1
2.1282820701599121 2.0948934555053711 9.9106874465942383 1
2.1282820701599121 8.0177040100097656 8.798985481262207 1
2.1306324005126953 2.1912567615509033 3.990227222442627 1
2.1306324005126953 2.1865561008453369 4.0842404365539551 1
2.1329827308654785 2.0995941162109375 4.0865907669067383 1
2.1329827308654785 2.1936070919036865 4.0818901062011719 1
5.3858280181884766 2.0925431251525879 4.0983419418334961 1
2.1353330612182617 6.5699062347412109 4.0983419418334961 1
2.1353330612182617 7.9989018440246582 8.4628896713256836 1
5.3200192451477051 2.2077090740203857 3.9878768920898438 1
2.1376833915710449 2.2077090740203857 9.9106874465942383 1
2.1400337219238281 2.2006580829620361 3.9972782135009766 1
2.1400337219238281 2.1912567615509033 4.0936412811279297 1
2.1423840522766113 2.1066451072692871 4.0959916114807129 1
2.1423840522766113 2.2030084133148193 4.0865907669067383 1
2.1517853736877441 2.1019444465637207 4.2370109558105469 1
2.1447343826293945 2.2194604873657227 4.2370109558105469 1
2.1470847129821777 2.2288618087768555 4.0113801956176758 1
2.1470847129821777 2.2006580829620361 4.1218452453613281 1
2.1494350433349609 2.1207470893859863 4.1241955757141113 1
2.1494350433349609 2.2312121391296387 4.0959916114807129 1
2.1517853736877441 2.3604798316955566 4.0066795349121094 1
2.1564860343933105 4.4875211715698242 4.001978874206543 1
2.1517853736877441 2.3440275192260742 4.2534632682800293 1
2.1517853736877441 4.4875211715698242 7.8095002174377441 1
2.1541357040405273 2.3628301620483398 4.1265459060668945 1
2.1541357040405273 4.5721325874328613 4.2558135986328125 1
4.6149225234985352 2.1113457679748535 6.3758039474487305 1
4.5256104469299316 2.1113457679748535 7.9622712135314941 1
2.2975053787231445 2.1136960983276367 4.2605142593383789 1
2.1564860343933105 2.3604798316955566 4.3615779876708984 1
2.4103209972381592 2.1136960983276367 4.3756799697875977 1
2.5113847255706787 2.482696533203125 4.0066795349121094 1
2.161186695098877 2.2359127998352051 4.0160808563232422 1
2.161186695098877 2.2288618087768555 4.1288962364196777 1
2.1635370254516602 2.1254477500915527 4.1312465667724609 1
2.1635370254516602 2.2382631301879883 4.1241955757141113 1
2.1658873558044434 2.2406134605407715 4.0207815170288086 1
2.1658873558044434 2.1277980804443359 7.9293665885925293 1
2.1658873558044434 2.2359127998352051 4.1335968971252441 1
2.1682376861572266 2.1301484107971191 4.1359472274780273 1
2.1682376861572266 2.2429637908935547 4.1312465667724609 1
2.1705880165100098 2.2453141212463379 4.025482177734375 1
2.1705880165100098 2.2406134605407715 4.1382975578308105 1
2.172938346862793 2.1324987411499023 4.1406478881835938 1
2.172938346862793 2.2476644515991211 4.1359472274780273 1
2.1752886772155762 2.2453141212463379 4.142998218536377 1
2.1752886772155762 2.2500147819519043 4.1406478881835938 1
2.1776390075683594 2.3769321441650391 4.0325331687927246 1
2.1776390075683594 2.2547154426574707 4.2699155807495117 1
2.1799893379211426 2.1419000625610352 4.2722659111022949 1
2.1799893379211426 2.3792824745178223 4.1500492095947266 1
2.1823396682739258 2.3816328048706055 4.1641511917114258 1
2.1823396682739258 2.3769321441650391 4.2746162414550781 1
2.184689998626709 2.1442503929138184 4.166501522064209 1
2.184689998626709 2.2735180854797363 4.2769665718078613 1
2.184689998626709 2.3839831352233887 4.2722659111022949 1
2.1870403289794922 2.1489508152008057 4.166501522064209 1
2.1893906593322754 2.28291916847229 4.0442848205566406 1
2.1893906593322754 2.2711677551269531 4.1759028434753418 1
2.1917407512664795 2.1536514759063721 4.178253173828125 1
2.1917407512664795 2.2852694988250732 4.166501522064209 1
2.1940910816192627 2.2876198291778564 4.0701384544372559 1
2.1940910816192627 2.28291916847229 4.1806035041809082 1
2.1964414119720459 2.1795051097869873 4.1829538345336914 1
2.1964414119720459 2.2899701595306396 4.178253173828125 1
2.1987917423248291 2.2594161033630371 4.0536861419677734 1
2.1987917423248291 2.1654031276702881 4.1523995399475098 1
2.2011420726776123 2.1630527973175049 4.154749870300293 1
2.3045563697814941 2.1677534580230713 4.0513358116149902 1
2.2246453762054443 2.1607024669647217 4.1618008613586426 1
2.2034924030303955 2.2594161033630371 4.1618008613586426 1
2.2058427333831787 2.1842057704925537 8.3242206573486328 1
2.2058427333831787 6.4312372207641602 4.154749870300293 1
2.2128937244415283 2.2641167640686035 4.0583868026733398 1
2.2081930637359619 2.2641167640686035 4.1523995399475098 1
2.2105433940887451 2.2664670944213867 4.0654377937316895 1
2.2105433940887451 2.2617664337158203 4.1594505310058594 1
2.3186583518981934 2.1701037883758545 4.0677881240844727 1
2.2128937244415283 2.2758681774139404 4.1571002006530762 1
2.3233587741851807 2.1748044490814209 4.0654377937316895 1
2.2152440547943115 2.2664670944213867 4.1712021827697754 1
2.2152440547943115 2.2782185077667236 4.1735525131225586 1
2.3233587741851807 2.2758681774139404 4.0677881240844727 1
2.2199447154998779 2.2923204898834229 4.0795397758483887 1
2.2199447154998779 2.2876198291778564 4.1853041648864746 1
2.2222950458526611 2.1889064311981201 4.1876544952392578 1
2.2222950458526611 2.2946708202362061 4.1829538345336914 1
2.2246453762054443 2.2688174247741699 4.0889406204223633 1
8.041691780090332 2.1818554401397705 4.0889406204223633 1
2.2269957065582275 2.1983077526092529 8.3242206573486328 1
6.9487919807434082 2.1983077526092529 4.0771894454956055 1
2.2293460369110107 2.2970211505889893 4.0842404365539551 1
2.2293460369110107 2.2923204898834229 4.190004825592041 1
2.2316963672637939 2.1936070919036865 4.1923551559448242 1
2.2316963672637939 2.2993714809417725 4.1876544952392578 1
2.2340466976165771 2.3064224720001221 4.0936412811279297 1
2.2340466976165771 2.2970211505889893 4.1994061470031738 1
2.2363970279693604 2.2030084133148193 4.201756477355957 1
2.2363970279693604 2.3087728023529053 4.1923551559448242 1
2.2387473583221436 7.9095892906188965 4.1171445846557617 1
2.2387473583221436 2.2241611480712891 9.8918848037719727 1
2.2387473583221436 2.2688174247741699 9.8801336288452148 1
2.2387473583221436 7.9871501922607422 9.8025732040405273 1
2.2693014144897461 2.1983077526092529 7.9129142761230469 1
2.2693014144897461 7.9119396209716797 4.0912909507751465 1
6.9487919807434082 6.0199308395385742 4.0912909507751465 1
6.474027156829834 2.1983077526092529 9.7978725433349609 1
2.2410976886749268 7.9119396209716797 9.7978725433349609 1
2.24344801902771 2.423938512802124 4.1218452453613281 1
2.24344801902771 2.3064224720001221 4.2182087898254395 1
2.24344801902771 2.3252251148223877 4.3169221878051758 1
2.2457983493804932 2.2312121391296387 4.2205586433410645 1
2.2457983493804932 2.3275754451751709 4.201756477355957 1
2.2481486797332764 2.3158237934112549 4.1030426025390625 1
5.3858280181884766 2.2053587436676025 4.1030426025390625 1
2.2481486797332764 2.2147598266601562 4.2041068077087402 1
6.6126961708068848 2.2147598266601562 4.0983419418334961 1
2.2481486797332764 2.3111231327056885 4.2088074684143066 1
2.2504990100860596 2.212409496307373 4.2111577987670898 1
5.3200192451477051 2.212409496307373 4.1006922721862793 1
2.2599000930786133 2.2077090740203857 4.2064571380615234 1
8.0604944229125977 2.2077090740203857 4.1100935935974121 1
2.2504990100860596 2.3181741237640381 4.2064571380615234 1
2.2528493404388428 2.3346264362335205 4.1124439239501953 1
2.2528493404388428 2.3158237934112549 4.2276096343994141 1
2.255199670791626 2.2218108177185059 4.2299599647521973 1
2.255199670791626 2.3369767665863037 4.2111577987670898 1
6.6126961708068848 2.2241611480712891 4.1077432632446289 1
2.2575497627258301 2.2241611480712891 9.0880746841430664 1
2.2575497627258301 7.195091724395752 4.2041068077087402 1
2.2693014144897461 2.2171101570129395 8.6485652923583984 1
8.0604944229125977 2.2171101570129395 4.1194949150085449 1
2.2599000930786133 2.3134734630584717 8.6485652923583984 1
2.2622504234313965 2.3346264362335205 4.2370109558105469 1
2.2646007537841797 2.2335624694824219 4.2299599647521973 1
6.6126961708068848 7.9989018440246582 4.1171445846557617 1
2.2669510841369629 7.9095892906188965 9.0880746841430664 1
2.2693014144897461 6.0199308395385742 9.9106874465942383 1
2.2693014144897461 6.7555813789367676 9.8049230575561523 1
2.2716517448425293 2.423938512802124 4.1288962364196777 1
2.2810530662536621 2.3510785102844238 4.1241955757141113 1
2.3703653812408447 2.2312121391296387 4.319272518157959 1
2.2740020751953125 2.3510785102844238 4.319272518157959 1
2.2763524055480957 2.3463778495788574 4.2299599647521973 1
2.2763524055480957 2.3628301620483398 4.2393612861633301 1
2.2787027359008789 2.3487281799316406 4.1335968971252441 1
2.2787027359008789 2.423938512802124 4.2417116165161133 1
2.2810530662536621 2.2429637908935547 4.2440619468688965 1
2.2834033966064453 2.4521424770355225 4.1382975578308105 1
2.2834033966064453 2.3487281799316406 4.3451261520385742 1
2.2857537269592285 2.2476644515991211 4.3474764823913574 1
2.2857537269592285 2.4544928073883057 4.2440619468688965 1
2.2928047180175781 2.2453141212463379 4.2581639289855957 1
2.2881040573120117 2.4615437984466553 4.2581639289855957 1
2.2881040573120117 2.4521424770355225 4.3545269966125488 1
2.2928047180175781 2.365180492401123 4.1406478881835938 1
2.2904543876647949 2.365180492401123 4.356877326965332 1
2.2904543876647949 2.4638941287994385 4.3474764823913574 1
2.2951550483703613 2.2570657730102539 4.2628645896911621 1
4.6149225234985352 2.2523651123046875 4.2628645896911621 1
4.6149225234985352 4.4828205108642578 4.1453485488891602 1
2.2975053787231445 2.3675308227539062 4.3944826126098633 1
2.2975053787231445 2.5014991760253906 4.2699155807495117 1
2.2998557090759277 2.5038495063781738 4.2628645896911621 1
2.2998557090759277 2.3792824745178223 4.3968329429626465 1
2.3022060394287109 2.2641167640686035 4.1947054862976074 1
2.3022060394287109 2.3017218112945557 4.1618008613586426 1
2.3045563697814941 2.3040721416473389 4.1594505310058594 1
2.3045563697814941 2.3228747844696045 4.1970558166503906 1
7.9476790428161621 2.3228747844696045 4.154749870300293 1
6.474027156829834 7.9048886299133301 4.154749870300293 1
2.3069067001342773 2.2758681774139404 4.2487626075744629 1
2.3069067001342773 2.3557791709899902 4.1947054862976074 1
2.3092570304870605 2.3581295013427734 4.1712021827697754 1
2.3092570304870605 2.3040721416473389 4.2511129379272461 1
2.3116073608398438 2.3017218112945557 4.213508129119873 1
2.3116073608398438 2.3205244541168213 9.8801336288452148 1
2.313957691192627 2.5250024795532227 4.1759028434753418 1
2.313957691192627 2.3816328048706055 4.4179859161376953 1
2.3163080215454102 2.2852694988250732 4.4203362464904785 1
2.4267730712890625 2.2735180854797363 4.4203362464904785 1
2.3186583518981934 2.2805688381195068 8.5286989212036133 1
2.3985691070556641 2.2758681774139404 8.7167243957519531 1
6.8665308952331543 2.2758681774139404 8.5286989212036133 1
2.3210084438323975 6.6357150077819824 4.1735525131225586 1
2.4009194374084473 2.4591934680938721 4.1712021827697754 1
2.3210084438323975 2.4591934680938721 8.5286989212036133 1
2.3257091045379639 2.5297031402587891 4.1806035041809082 1
2.5724930763244629 2.28291916847229 4.4179859161376953 1
2.3280594348907471 2.2899701595306396 4.4250369071960449 1
2.3280594348907471 2.5320534706115723 4.4203362464904785 1
2.3304097652435303 2.5344038009643555 4.1853041648864746 1
2.3304097652435303 2.5297031402587891 4.4273872375488281 1
2.3327600955963135 2.2946708202362061 4.4297375679016113 1
2.3327600955963135 2.5367538928985596 4.4250369071960449 1
2.3351104259490967 2.5438048839569092 4.190004825592041 1
2.3351104259490967 2.5344038009643555 4.4367885589599609 1
2.3374607563018799 2.2993714809417725 4.4391388893127441 1
2.3374607563018799 2.5461552143096924 4.4297375679016113 1
2.3398110866546631 2.5579068660736084 4.1994061470031738 1
2.3398110866546631 2.5438048839569092 4.4508905410766602 1
2.3421614170074463 2.3087728023529053 4.4532408714294434 1
2.3421614170074463 2.5602571964263916 4.4391388893127441 1
2.3445117473602295 2.3722314834594727 4.213508129119873 1
2.3445117473602295 2.3557791709899902 4.2652149200439453 1
2.3468620777130127 2.3228747844696045 4.2675652503967285 1
2.4009194374084473 2.3040721416473389 4.2675652503967285 1
2.3492124080657959 2.5673081874847412 4.2182087898254395 1
2.3492124080657959 2.5579068660736084 4.460291862487793 1
2.3515627384185791 2.3275754451751709 4.4626421928405762 1
2.3515627384185791 2.5696585178375244 4.4532408714294434 1
2.3539130687713623 2.3910341262817383 4.2088074684143066 1
2.3539130687713623 2.3299257755279541 4.2793169021606445 1
7.2378816604614258 2.3299257755279541 4.2041068077087402 1
2.3539130687713623 2.3863334655761719 4.2840175628662109 1
2.3562633991241455 2.3181741237640381 4.2863678932189941 1
2.3750660419464111 2.3134734630584717 7.536862850189209 1
6.7983717918395996 2.3134734630584717 4.2252593040466309 1
2.3562633991241455 2.3933844566345215 4.2816672325134277 1
2.3562633991241455 2.3886837959289551 7.536862850189209 1
2.3586137294769287 2.3910341262817383 4.2276096343994141 1
2.3609640598297119 2.3369767665863037 4.2863678932189941 1
2.3633143901824951 6.4171352386474609 4.2323102951049805 1
2.3633143901824951 2.3393270969390869 9.8801336288452148 1
2.4150216579437256 6.4171352386474609 4.213508129119873 1
6.2624983787536621 2.341677188873291 4.2158584594726562 1
2.3656647205352783 2.341677188873291 8.4511375427246094 1
2.3656647205352783 6.5581545829772949 4.2675652503967285 1
7.9476790428161621 6.2197079658508301 4.2158584594726562 1
2.3680150508880615 2.5861108303070068 4.3169221878051758 1
2.3680150508880615 2.5673081874847412 4.4790940284729004 1
2.3703653812408447 2.4262888431549072 4.4814443588256836 1
2.3703653812408447 2.58846116065979 4.4626421928405762 1
2.3821170330047607 7.3549137115478516 4.2229089736938477 1
7.9523797035217285 2.3393270969390869 4.2229089736938477 1
7.3977036476135254 2.3863334655761719 4.2229089736938477 1
7.2378816604614258 7.9095892906188965 4.2229089736938477 1
2.3844673633575439 2.3322761058807373 7.7765955924987793 1
2.3750660419464111 2.341677188873291 8.1126918792724609 1
2.3750660419464111 5.6438794136047363 7.7765955924987793 1
2.3750660419464111 6.2197079658508301 9.8049230575561523 1
6.7983717918395996 2.3322761058807373 9.8049230575561523 1
2.3774163722991943 2.4474418163299561 4.2370109558105469 1
2.4338240623474121 2.4286391735076904 4.2276096343994141 1
2.3774163722991943 2.4286391735076904 4.3404254913330078 1
2.3797667026519775 2.3463778495788574 4.342775821685791 1
2.3797667026519775 2.4309895038604736 4.2863678932189941 1
2.3797667026519775 2.4497921466827393 4.3239731788635254 1
2.3821170330047607 7.1410341262817383 4.2887182235717773 1
2.3821170330047607 2.3957347869873047 9.2478971481323242 1
7.1838245391845703 2.3393270969390869 8.3101186752319336 1
7.9523797035217285 7.9871501922607422 4.2323102951049805 1
2.3844673633575439 5.8836121559143066 4.2910685539245605 1
2.4408750534057617 8.0247554779052734 4.2346606254577637 1
8.0675449371337891 6.5581545829772949 4.2346606254577637 1
2.386817455291748 2.4474418163299561 4.2534632682800293 1
2.3891677856445312 2.3628301620483398 4.342775821685791 1
2.3915181159973145 2.423938512802124 4.331024169921875 1
2.3915181159973145 2.4380404949188232 4.3451261520385742 1
2.3938684463500977 2.4403908252716064 4.319272518157959 1
2.3938684463500977 2.4544928073883057 4.3333745002746582 1
2.3985691070556641 7.6252007484436035 4.2652149200439453 1
2.3985691070556641 6.8237409591674805 4.3028202056884766 1
2.3985691070556641 2.4098365306854248 9.518183708190918 1
2.4009194374084473 2.3745818138122559 4.3051705360412598 1
2.4009194374084473 2.412186861038208 4.3521766662597656 1
2.4032697677612305 2.4474418163299561 4.3615779876708984 1
2.4056200981140137 2.4709451198577881 4.342775821685791 1
2.4056200981140137 4.5721325874328613 4.3639283180236816 1
2.407970666885376 2.4615437984466553 4.3592276573181152 1
2.407970666885376 2.4662444591522217 4.356877326965332 1
2.4103209972381592 2.482696533203125 4.5566549301147461 1
2.4103209972381592 2.6636714935302734 4.3944826126098633 1
2.4126713275909424 2.6660218238830566 4.3780303001403809 1
4.6149225234985352 2.3698811531066895 4.3780303001403809 1
2.4126713275909424 2.5038495063781738 4.5590052604675293 1
2.4150216579437256 2.4004354476928711 8.3101186752319336 1
2.4150216579437256 7.6252007484436035 4.2934188842773438 1
2.4549770355224609 2.3745818138122559 4.295769214630127 1
6.6009445190429688 2.4027857780456543 4.2675652503967285 1
2.419722318649292 2.5109004974365234 4.2746162414550781 1
2.419722318649292 2.5014991760253906 4.4038839340209961 1
2.4220726490020752 2.3839831352233887 4.4062342643737793 1
2.4220726490020752 2.5132508277893066 4.3968329429626465 1
2.4244229793548584 2.5109004974365234 4.4085845947265625 1
2.4244229793548584 2.5156011581420898 4.4179859161376953 1
2.4267730712890625 2.517951488494873 4.4062342643737793 1
2.4267730712890625 2.5273528099060059 4.4109349250793457 1
2.4291234016418457 2.4145371913909912 4.2840175628662109 1
2.4291234016418457 2.3957347869873047 4.2981195449829102 1
2.4385247230529785 2.3863334655761719 9.2478971481323242 1
2.4291234016418457 2.4051361083984375 4.307520866394043 1
2.4314737319946289 2.3933844566345215 4.3098711967468262 1
2.4314737319946289 2.4168875217437744 4.3004698753356934 1
2.4314737319946289 2.4074862003326416 7.7272391319274902 1
5.6866693496704102 2.3886837959289551 7.7272391319274902 1
2.4573273658752441 2.506199836730957 4.2840175628662109 1
2.4338240623474121 2.506199836730957 4.3216228485107422 1
2.4596776962280273 2.3933844566345215 4.4015336036682129 1
2.4361743927001953 2.4309895038604736 4.4015336036682129 1
2.4761300086975098 2.4051361083984375 4.2887182235717773 1
6.9158878326416016 2.4333398342132568 4.2887182235717773 1
6.3024535179138184 6.8730974197387695 4.2887182235717773 1
6.3024535179138184 2.3957347869873047 9.0340175628662109 1
2.4408750534057617 2.4074862003326416 4.3286738395690918 1
5.8770456314086914 2.4074862003326416 4.2910685539245605 1
6.9182381629943848 2.3980851173400879 4.3286738395690918 1
5.9264020919799805 5.8342552185058594 4.2910685539245605 1
6.9182381629943848 6.299619197845459 4.2910685539245605 1
2.4408750534057617 6.299619197845459 9.0363683700561523 1
2.4408750534057617 7.1433844566345215 9.9177389144897461 1
2.4526267051696777 2.4920978546142578 4.2934188842773438 1
7.6679906845092773 2.4098365306854248 4.2934188842773438 1
2.5301873683929443 2.4004354476928711 4.3850812911987305 1
2.5301873683929443 7.1410341262817383 4.2934188842773438 1
7.1838245391845703 6.4171352386474609 4.2934188842773438 1
2.4455757141113281 2.494448184967041 4.3051705360412598 1
2.4455757141113281 2.4897475242614746 4.3874316215515137 1
2.5325376987457275 2.4027857780456543 9.0363683700561523 1
7.1861748695373535 2.4027857780456543 8.4511375427246094 1
2.4479260444641113 2.4427411556243896 4.307520866394043 1
2.4479260444641113 2.4333398342132568 4.3122215270996094 1
2.4479260444641113 2.4192378520965576 4.3357248306274414 1
2.4502763748168945 2.4168875217437744 4.3380751609802246 1
2.4502763748168945 2.4215881824493408 4.3286738395690918 1
2.4502763748168945 2.4450914859771729 4.3145718574523926 1
2.4996330738067627 2.4920978546142578 4.3028202056884766 1
2.4996330738067627 2.4098365306854248 8.7167243957519531 1
2.4549770355224609 2.494448184967041 4.3521766662597656 1
2.4855313301086426 2.5391042232513428 4.307520866394043 1
2.4573273658752441 2.5391042232513428 4.3991832733154297 1
2.4596776962280273 2.541454553604126 4.3380751609802246 1
2.4596776962280273 2.5085501670837402 4.4344382286071777 1
2.4620280265808105 2.4333398342132568 4.3662786483764648 1
2.4620280265808105 2.4967985153198242 4.3357248306274414 1
2.4620280265808105 2.4732952117919922 4.3709793090820312 1
2.4620280265808105 2.4779958724975586 4.3897819519042969 1
2.4643783569335938 2.4756455421447754 4.3286738395690918 1
2.4643783569335938 2.4450914859771729 4.3921322822570801 1
2.4643783569335938 2.4803462028503418 4.368628978729248 1
2.4643783569335938 2.4991488456726074 4.3733296394348145 1
2.466728687286377 2.6002128124237061 4.331024169921875 1
2.466728687286377 2.5861108303070068 4.4931960105895996 1
2.4690790176391602 2.4403908252716064 4.4955463409423828 1
2.4690790176391602 2.6025629043579102 4.4814443588256836 1
2.4714293479919434 2.6448688507080078 4.3404254913330078 1
2.4714293479919434 2.506199836730957 4.5378522872924805 1
2.4737796783447266 2.4497921466827393 4.5402026176452637 1
2.4737796783447266 2.647219181060791 4.4015336036682129 1
2.4761300086975098 2.553206205368042 4.3662786483764648 1
2.5959963798522949 2.4333398342132568 8.7660808563232422 1
2.478480339050293 2.4756455421447754 4.448540210723877 1
2.5983467102050781 6.8754477500915527 4.3286738395690918 1
2.4808306694030762 2.6096138954162598 4.3451261520385742 1
2.4808306694030762 2.6002128124237061 4.5025973320007324 1
2.4972827434539795 2.611964225769043 4.3333745002746582 1
2.4831809997558594 2.611964225769043 4.4955463409423828 1
2.5395886898040771 2.5720088481903076 4.3357248306274414 1
2.4855313301086426 2.5720088481903076 4.4320878982543945 1
2.4878816604614258 2.5743591785430908 4.3921322822570801 1
2.4878816604614258 2.541454553604126 4.4673428535461426 1
2.4902317523956299 2.6401681900024414 4.3615779876708984 1
2.4902317523956299 2.6448688507080078 4.5331516265869141 1
2.4925820827484131 2.4709451198577881 4.5355019569396973 1
2.4925820827484131 2.6425185203552246 4.5402026176452637 1
2.4949324131011963 2.6190152168273926 4.3545269966125488 1
2.4949324131011963 2.6096138954162598 4.5119986534118652 1
2.4972827434539795 2.4638941287994385 4.5143489837646484 1
2.4972827434539795 2.6213655471801758 4.5049476623535156 1
2.5019834041595459 4.5791835784912109 4.3498263359069824 1
6.6785054206848145 2.4591934680938721 4.3498263359069824 1
2.5912957191467285 2.4920978546142578 4.3498263359069824 1
2.4996330738067627 4.5791835784912109 4.4414892196655273 1
2.4996330738067627 6.8237409591674805 8.5286989212036133 1
2.5019834041595459 2.494448184967041 4.4438395500183105 1
2.5019834041595459 2.5508558750152588 6.4721670150756836 1
2.5043337345123291 2.623715877532959 4.3592276573181152 1
2.5043337345123291 2.6190152168273926 4.5166993141174316 1
2.5066840648651123 2.4662444591522217 4.5190496444702148 1
2.5066840648651123 2.6260662078857422 4.5143489837646484 1
2.5090343952178955 2.623715877532959 4.521399974822998 1
2.5090343952178955 2.6284165382385254 4.5190496444702148 1
2.5113847255706787 2.6495695114135742 4.3756799697875977 1
2.5113847255706787 2.6401681900024414 4.5425529479980469 1
2.5137350559234619 2.4850468635559082 4.5449032783508301 1
4.6149225234985352 2.4850468635559082 4.3639283180236816 1
2.5137350559234619 2.6519198417663574 4.5355019569396973 1
2.5160853862762451 2.5203018188476562 4.3709793090820312 1
2.5160853862762451 2.6049132347106934 4.4132852554321289 1
2.5160853862762451 2.553206205368042 4.4696931838989258 1
2.5160853862762451 2.576709508895874 4.497896671295166 1
2.5184357166290283 2.4803462028503418 4.4156355857849121 1
2.5184357166290283 2.5226521492004395 4.5002470016479492 1
2.5184357166290283 2.5790598392486572 4.448540210723877 1
2.5184357166290283 2.6072635650634766 4.472043514251709 1
2.5207860469818115 2.5814101696014404 4.3897819519042969 1
2.5207860469818115 2.5203018188476562 4.4555912017822266 1
2.5207860469818115 2.5626075267791748 4.4743938446044922 1
2.5231363773345947 2.4991488456726074 4.4767441749572754 1
2.5231363773345947 2.564957857131958 4.4156355857849121 1
2.5231363773345947 2.5837604999542236 4.4579415321350098 1
2.692359447479248 2.6542701721191406 4.3756799697875977 1
2.5254867076873779 2.6542701721191406 4.5566549301147461 1
2.5278370380401611 2.6566205024719238 4.5449032783508301 1
2.5278370380401611 2.6660218238830566 4.5496039390563965 1
2.5301873683929443 2.4920978546142578 4.4837946891784668 1
2.5959963798522949 6.8730974197387695 4.3803806304931641 1
2.5959963798522949 2.4873971939086914 9.0528202056884766 1
2.5301873683929443 2.5908114910125732 7.407595157623291 1
7.2026271820068359 2.4873971939086914 7.407595157623291 1
2.5301873683929443 6.8730974197387695 8.1526470184326172 1
2.5301873683929443 6.2596635818481445 9.0340175628662109 1
2.5325376987457275 2.5931618213653564 4.3874316215515137 1
2.5983467102050781 2.4897475242614746 8.7684316635131836 1
2.5983467102050781 7.1621870994567871 4.3827309608459473 1
2.5325376987457275 2.7271301746368408 4.48614501953125 1
7.2049775123596191 2.7271301746368408 4.3827309608459473 1
6.9182381629943848 2.4897475242614746 8.1926021575927734 1
2.5325376987457275 7.1433844566345215 8.1926021575927734 1
2.5348880290985107 2.5485055446624756 4.4837946891784668 1
2.5372383594512939 2.5931618213653564 4.4438395500183105 1
2.5395886898040771 2.6143145561218262 4.4649925231933594 1
2.6242001056671143 2.6143145561218262 4.3897819519042969 1
2.5419390201568604 2.5743591785430908 4.509648323059082 1
2.5419390201568604 2.6166648864746094 4.4767441749572754 1
2.5442893505096436 2.6683719158172607 4.4038839340209961 1
2.5442893505096436 2.6636714935302734 4.5613555908203125 1
2.5466396808624268 2.5132508277893066 4.5637059211730957 1
2.5466396808624268 2.6707222461700439 4.5590052604675293 1
2.54899001121521 2.5391042232513428 4.5919098854064941 1
2.6876587867736816 2.506199836730957 4.5519542694091797 1
2.54899001121521 2.6989262104034424 4.5519542694091797 1
2.5842447280883789 2.5085501670837402 4.5942602157592773 1
2.5513403415679932 2.647219181060791 4.5543045997619629 1
2.5513403415679932 2.6613211631774902 4.5942602157592773 1
2.5536906719207764 2.6754229068756104 4.4085845947265625 1
2.5536906719207764 2.6683719158172607 4.5684065818786621 1
2.5560407638549805 2.517951488494873 4.5707569122314453 1
2.5560407638549805 2.6777732372283936 4.5637059211730957 1
2.5677924156188965 2.5156011581420898 4.5731072425842285 1
2.5583910942077637 2.6754229068756104 4.5731072425842285 1
2.5607414245605469 2.5273528099060059 4.5754575729370117 1
2.5607414245605469 2.68247389793396 4.5707569122314453 1
2.5630917549133301 2.5955121517181396 4.4555912017822266 1
2.5630917549133301 2.6307668685913086 4.4884953498840332 1
2.5630917549133301 2.6049132347106934 4.5237503051757812 1
2.5654420852661133 2.564957857131958 4.4908456802368164 1
2.5654420852661133 2.5978624820709229 4.5261006355285645 1
2.5654420852661133 2.6331171989440918 4.5002470016479492 1
2.5677924156188965 2.6848242282867432 4.4226865768432617 1
2.5677924156188965 2.6801235675811768 4.5778079032897949 1
2.5701427459716797 2.5320534706115723 4.5801582336425781 1
2.5701427459716797 2.6871745586395264 4.5754575729370117 1
2.5724930763244629 2.6895248889923096 4.4273872375488281 1
2.5724930763244629 2.6848242282867432 4.5825085639953613 1
2.5748434066772461 2.5367538928985596 4.5848588943481445 1
2.5748434066772461 2.6918752193450928 4.5801582336425781 1
2.5771937370300293 2.694225549697876 4.4367885589599609 1
2.5771937370300293 2.6895248889923096 4.5872092247009277 1
2.5795440673828125 2.5461552143096924 4.5895595550537109 1
2.5795440673828125 2.6965758800506592 4.5848588943481445 1
2.6147990226745605 2.7130281925201416 4.4320878982543945 1
2.5818943977355957 2.7130281925201416 4.5919098854064941 1
2.6171493530273438 2.541454553604126 4.6083621978759766 1
2.5842447280883789 2.7012765407562256 4.6083621978759766 1
2.7464170455932617 2.5579068660736084 4.4367885589599609 1
2.7370157241821289 2.7036268711090088 4.4367885589599609 1
2.5889453887939453 2.5602571964263916 4.5989608764648438 1
2.5889453887939453 2.705977201461792 4.5895595550537109 1
2.5912957191467285 2.635467529296875 4.4837946891784668 1
2.6782577037811279 2.5485055446624756 6.4721670150756836 1
2.5936460494995117 2.5931618213653564 4.5308012962341309 1
4.6219735145568848 2.5508558750152588 4.5308012962341309 1
2.5959963798522949 2.7435822486877441 4.4696931838989258 1
2.5959963798522949 5.3218851089477539 4.6365656852722168 1
2.5959963798522949 7.1598367691040039 7.2148690223693848 1
2.5983467102050781 2.5790598392486572 4.638916015625 1
2.5983467102050781 2.7459325790405273 4.615412712097168 1
2.5983467102050781 2.7224295139312744 9.055171012878418 1
2.6006970405578613 2.7083275318145752 4.460291862487793 1
2.6006970405578613 2.7036268711090088 4.601311206817627 1
2.6030473709106445 2.5696585178375244 4.6036615371704102 1
2.6030473709106445 2.7106778621673584 4.5989608764648438 1
2.7722704410552979 2.5814101696014404 4.4555912017822266 1
2.6053977012634277 2.5955121517181396 4.6107120513916016 1
2.6053977012634277 2.717728853225708 4.6224637031555176 1
2.6265504360198975 2.7318305969238281 4.4579415321350098 1
2.6077480316162109 2.7200791835784912 4.4908456802368164 1
2.6077480316162109 2.7318305969238281 4.6130623817443848 1
2.6100983619689941 2.7341809272766113 4.4790940284729004 1
2.6100983619689941 2.7083275318145752 4.627164363861084 1
2.6124486923217773 2.58846116065979 4.6295146942138672 1
2.6124486923217773 2.7365312576293945 4.6036615371704102 1
2.6147990226745605 2.6143145561218262 4.6060118675231934 1
2.6171493530273438 2.7153785228729248 4.509648323059082 1
2.619499683380127 2.7435822486877441 4.497896671295166 1
2.6218497753143311 2.6072635650634766 4.638916015625 1
2.6242001056671143 2.729480504989624 4.5072979927062988 1
2.6265504360198975 2.6166648864746094 4.6248140335083008 1
2.6289007663726807 2.752983570098877 4.4931960105895996 1
2.6289007663726807 2.7341809272766113 4.6459670066833496 1
2.6312510967254639 2.6025629043579102 4.6483173370361328 1
2.6312510967254639 2.7553339004516602 4.6295146942138672 1
2.6336014270782471 2.635467529296875 4.650667667388916 1
2.6336014270782471 2.7576842308044434 4.6177630424499512 1
5.5574016571044922 2.5908114910125732 4.6177630424499512 1
2.6359517574310303 2.7600345611572266 4.5308012962341309 1
2.6359517574310303 2.7271301746368408 4.6530179977416992 1
2.6735570430755615 2.7482829093933105 4.4884953498840332 1
2.6383020877838135 2.7482829093933105 4.6107120513916016 1
2.6759073734283447 2.5978624820709229 4.6436166763305664 1
2.6406524181365967 2.7200791835784912 4.6436166763305664 1
2.6430027484893799 2.7717862129211426 4.5025973320007324 1
2.6430027484893799 2.752983570098877 4.6647696495056152 1
2.6453530788421631 2.611964225769043 4.6671199798583984 1
2.6453530788421631 2.7741365432739258 4.6483173370361328 1
2.6477034091949463 2.7623848915100098 4.5237503051757812 1
2.6477034091949463 2.7435822486877441 4.6553683280944824 1
2.6500537395477295 2.6331171989440918 4.6577186584472656 1
2.8075253963470459 2.7459325790405273 4.5002470016479492 1
2.6524040699005127 2.776486873626709 4.5119986534118652 1
2.6524040699005127 2.7717862129211426 4.6694703102111816 1
2.6641557216644287 2.7788372039794922 4.5049476623535156 1
2.6547544002532959 2.7788372039794922 4.6671199798583984 1
2.6571047306060791 2.7388815879821777 4.6060118675231934 1
2.6571047306060791 2.729480504989624 4.6318650245666504 1
2.6594550609588623 2.7153785228729248 4.6342153549194336 1
2.6594550609588623 2.7412319183349609 4.6248140335083008 1
2.6618053913116455 2.7858881950378418 4.5166993141174316 1
2.6618053913116455 2.776486873626709 4.6788716316223145 1
2.6641557216644287 2.6260662078857422 4.6812219619750977 1
2.6641557216644287 2.788238525390625 4.6718206405639648 1
2.6665060520172119 2.7905888557434082 4.521399974822998 1
2.6665060520172119 2.7858881950378418 4.6835722923278809 1
2.6688563823699951 2.6284165382385254 4.6859226226806641 1
2.6688563823699951 2.7929391860961914 4.6812219619750977 1
2.6712067127227783 2.7905888557434082 4.6882729530334473 1
2.6712067127227783 2.7952895164489746 4.6859226226806641 1
2.6735570430755615 2.7670855522155762 4.6412663459777832 1
2.6735570430755615 2.7623848915100098 4.6600689888000488 1
2.6759073734283447 2.7506332397460938 4.662419319152832 1
2.6759073734283447 2.7694358825683594 4.6577186584472656 1
2.6782577037811279 2.7811875343322754 4.650667667388916 1
4.5538144111633301 2.7811875343322754 4.5284509658813477 1
4.5538144111633301 2.635467529296875 6.4721670150756836 1
2.7158627510070801 2.6378178596496582 4.6765213012695312 1
4.5538144111633301 2.6378178596496582 4.5660562515258789 1
2.6806080341339111 2.7600345611572266 4.6765213012695312 1
4.6219735145568848 2.6378178596496582 6.4040079116821289 1
2.6876587867736816 2.8540475368499756 4.5331516265869141 1
2.6829583644866943 2.8493468761444092 4.5425529479980469 1
2.6829583644866943 2.8540475368499756 4.7423300743103027 1
2.6900091171264648 2.6425185203552246 4.7493810653686523 1
2.6853084564208984 2.6519198417663574 4.7446804046630859 1
2.6853084564208984 2.8516972064971924 4.7493810653686523 1
2.6876587867736816 2.658970832824707 4.7517313957214355 1
2.9015381336212158 2.8540475368499756 4.5378522872924805 1
2.6900091171264648 2.8610985279083252 4.5543045997619629 1
2.903888463973999 2.647219181060791 4.7493810653686523 1
2.692359447479248 2.8399455547332764 4.5472536087036133 1
2.692359447479248 2.8493468761444092 4.7329292297363281 1
2.6947097778320312 2.6566205024719238 4.7352795600891113 1
2.8944871425628662 2.6519198417663574 4.7352795600891113 1
2.6970601081848145 2.8281939029693604 4.5566549301147461 1
2.6970601081848145 2.8399455547332764 4.7211775779724121 1
2.6994104385375977 2.6660218238830566 4.7235279083251953 1
2.8850858211517334 2.6566205024719238 4.7235279083251953 1
2.7017607688903809 2.6989262104034424 4.7611327171325684 1
2.7017607688903809 2.8681492805480957 4.7517313957214355 1
2.7041110992431641 2.8704996109008789 4.5942602157592773 1
2.7041110992431641 2.8610985279083252 4.7634830474853516 1
2.7064614295959473 2.8187925815582275 4.5613555908203125 1
2.7064614295959473 2.8281939029693604 4.7117762565612793 1
2.7088117599487305 2.6707222461700439 4.7141265869140625 1
2.7088117599487305 2.8211429119110107 4.7235279083251953 1
2.7111620903015137 2.83524489402771 4.5684065818786621 1
2.7111620903015137 2.8187925815582275 4.7282285690307617 1
2.7135124206542969 2.6777732372283936 4.7258782386779785 1
2.7135124206542969 2.8328945636749268 4.7141265869140625 1
2.8263278007507324 6.2455615997314453 4.5660562515258789 1
4.5538144111633301 2.6730725765228271 4.6906232833862305 1
2.7158627510070801 6.2455615997314453 4.6906232833862305 1
2.7182130813598633 2.83524489402771 4.5731072425842285 1
2.7205634117126465 2.68247389793396 4.7305788993835449 1
2.7205634117126465 2.8375952243804932 4.7258782386779785 1
2.7229137420654297 2.8234932422637939 4.5778079032897949 1
2.7229137420654297 2.83524489402771 4.7164769172668457 1
2.7252640724182129 2.6871745586395264 4.7188272476196289 1
2.7252640724182129 2.8258435726165771 4.7305788993835449 1
2.7276144027709961 2.8140919208526611 4.5825085639953613 1
2.7276144027709961 2.8234932422637939 4.7070755958557129 1
2.7299647331237793 2.6918752193450928 4.7094259262084961 1
2.7299647331237793 2.8164422512054443 4.7188272476196289 1
2.7323150634765625 2.8093912601470947 4.5872092247009277 1
2.8521814346313477 2.6895248889923096 4.7070755958557129 1
2.7346653938293457 2.6965758800506592 4.7047252655029297 1
2.7346653938293457 2.8117415904998779 4.7094259262084961 1
2.7370157241821289 2.8046905994415283 4.5966105461120605 1
2.7370157241821289 2.7999899387359619 4.6976742744445801 1
2.8521814346313477 2.7999899387359619 4.5872092247009277 1
2.7393660545349121 2.705977201461792 4.6953239440917969 1
2.8545317649841309 2.6965758800506592 4.6953239440917969 1
2.7558181285858154 2.8728499412536621 4.5919098854064941 1
2.7417163848876953 2.8728499412536621 4.7611327171325684 1
2.7581684589385986 2.7012765407562256 4.768183708190918 1
2.7440667152404785 2.8704996109008789 4.768183708190918 1
2.7464170455932617 2.8046905994415283 4.601311206817627 1
2.7487673759460449 2.7106778621673584 4.7000246047973633 1
2.7487673759460449 2.8070409297943115 4.6953239440917969 1
2.751117467880249 2.8446462154388428 4.627164363861084 1
2.8474807739257812 2.8446462154388428 4.601311206817627 1
2.7534677982330322 2.7365312576293945 4.7399797439575195 1
2.7534677982330322 2.846996545791626 4.7000246047973633 1
2.7558181285858154 2.7388815879821777 4.7658333778381348 1
2.7581684589385986 2.8752002716064453 4.6342153549194336 1
2.7722704410552979 2.717728853225708 4.779935359954834 1
2.7605187892913818 2.7482829093933105 4.7846360206604004 1
2.7605187892913818 2.8916525840759277 4.779935359954834 1
2.7746207714080811 2.8893022537231445 4.6130623817443848 1
2.762869119644165 2.8940029144287109 4.6436166763305664 1
2.762869119644165 2.8893022537231445 4.7869863510131836 1
2.7652194499969482 5.1597132682800293 4.6201133728027344 1
7.2049775123596191 2.7224295139312744 4.6201133728027344 1
2.7652194499969482 2.7459325790405273 4.803438663482666 1
2.7652194499969482 2.9104552268981934 7.052696704864502 1
2.7675697803497314 2.7576842308044434 4.7963876724243164 1
2.7675697803497314 2.9034042358398438 4.7893366813659668 1
5.3646755218505859 2.7247798442840576 4.7893366813659668 1
7.2026271820068359 2.7247798442840576 7.2148690223693848 1
5.5574016571044922 2.7247798442840576 9.0528202056884766 1
2.7699201107025146 2.905754566192627 4.6530179977416992 1
2.7699201107025146 5.1597132682800293 4.7987380027770996 1
2.7722704410552979 2.8869519233703613 4.6318650245666504 1
2.7746207714080811 2.7412319183349609 4.7822856903076172 1
2.7769711017608643 2.8634486198425293 4.6459670066833496 1
2.7769711017608643 2.8446462154388428 4.756432056427002 1
2.7793214321136475 2.7553339004516602 4.7587823867797852 1
2.7793214321136475 2.8657989501953125 4.7399797439575195 1
2.7816717624664307 2.8775506019592285 4.7658333778381348 1
2.7816717624664307 2.8869519233703613 4.7705340385437012 1
2.7840220928192139 2.8752002716064453 4.7728843688964844 1
2.7840220928192139 2.8799009323120117 4.7822856903076172 1
2.7863724231719971 2.9222068786621094 4.6553683280944824 1
2.7863724231719971 2.9081048965454102 4.815190315246582 1
2.7863724231719971 5.3218851089477539 4.8010883331298828 1
2.7887227535247803 2.764735221862793 4.8175406455993652 1
2.7887227535247803 2.9245572090148926 4.803438663482666 1
2.7910730838775635 2.7670855522155762 4.79168701171875 1
2.7910730838775635 2.8987035751342773 4.7846360206604004 1
2.7934234142303467 2.9010539054870605 4.662419319152832 1
2.7934234142303467 2.8940029144287109 4.7940373420715332 1
2.7957737445831299 2.8822512626647949 4.6647696495056152 1
2.7957737445831299 2.8634486198425293 4.7752346992492676 1
2.7981240749359131 2.7741365432739258 4.7775850296020508 1
2.7981240749359131 2.8846015930175781 4.7587823867797852 1
2.8004744052886963 2.7811875343322754 4.8198909759521484 1
2.8004744052886963 2.9269073009490967 4.7963876724243164 1
2.8028247356414795 6.0904402732849121 4.6765213012695312 1
2.8028247356414795 2.905754566192627 7.983424186706543 1
2.8051750659942627 2.917506217956543 4.6600689888000488 1
2.8051750659942627 2.9222068786621094 4.8104896545410156 1
2.8075253963470459 2.7694358825683594 4.8128399848937988 1
2.8075253963470459 2.9198565483093262 4.8175406455993652 1
2.8098757266998291 2.917506217956543 4.79168701171875 1
2.8122260570526123 2.9010539054870605 4.8128399848937988 1
2.8145763874053955 2.9128055572509766 4.6694703102111816 1
2.8145763874053955 2.8822512626647949 4.8057889938354492 1
2.8169264793395996 2.7788372039794922 4.8081393241882324 1
2.8169264793395996 2.9151558876037598 4.7775850296020508 1
2.8286781311035156 2.776486873626709 4.8245916366577148 1
2.8192768096923828 2.9128055572509766 4.8245916366577148 1
2.8310284614562988 2.9339582920074463 4.6718206405639648 1
2.821627140045166 2.9339582920074463 4.8081393241882324 1
4.5538144111633301 2.7976396083831787 4.674170970916748 1
2.8404297828674316 6.8871994018554688 4.674170970916748 1
2.8239774703979492 6.8871994018554688 4.8198909759521484 1
2.8263278007507324 6.0904402732849121 9.2267436981201172 1
2.8263278007507324 7.3337607383728027 8.138545036315918 1
2.8286781311035156 2.9457099437713623 4.6835722923278809 1
2.8286781311035156 2.9316079616546631 4.8386936187744141 1
2.8310284614562988 2.7929391860961914 4.8410439491271973 1
2.8310284614562988 2.9480602741241455 4.826941967010498 1
2.833378791809082 2.9598119258880615 4.6882729530334473 1
2.833378791809082 2.9457099437713623 4.8527956008911133 1
2.8357291221618652 2.7952895164489746 4.8551459312438965 1
2.8357291221618652 2.9621622562408447 4.8410439491271973 1
2.8380794525146484 2.9598119258880615 4.8574962615966797 1
2.8380794525146484 2.9645125865936279 4.8551459312438965 1
2.997901439666748 2.7976396083831787 8.138545036315918 1
2.8404297828674316 2.9551112651824951 8.7801828384399414 1
2.8427801132202148 2.9410092830657959 4.6976742744445801 1
2.8521814346313477 2.9504106044769287 4.6929736137390137 1
2.8427801132202148 2.9504106044769287 4.8339929580688477 1
2.845130443572998 2.8070409297943115 4.8363432884216309 1
2.8545317649841309 2.8023402690887451 4.8457446098327637 1
2.845130443572998 2.9433596134185791 4.8457446098327637 1
2.8474807739257812 2.9410092830657959 4.7376298904418945 1
2.8498311042785645 2.846996545791626 4.8363432884216309 1
2.8521814346313477 2.8140919208526611 4.8645472526550293 1
2.9932007789611816 2.8093912601470947 4.8645472526550293 1
2.8545317649841309 2.9786145687103271 4.7094259262084961 1
2.9955511093139648 2.9739139080047607 4.7047252655029297 1
2.8545317649841309 2.9739139080047607 4.8715977668762207 1
2.8568820953369141 2.8234932422637939 4.8739480972290039 1
3.0143535137176514 2.8140919208526611 4.8692474365234375 1
2.8568820953369141 2.9809648990631104 4.8692474365234375 1
2.8592324256896973 2.9833152294158936 4.7188272476196289 1
2.8592324256896973 2.9786145687103271 4.8762984275817871 1
2.8615827560424805 2.8281939029693604 4.8974514007568359 1
2.8615827560424805 2.9950666427612305 4.7282285690307617 1
2.8615827560424805 2.9997673034667969 4.8880500793457031 1
2.8615827560424805 3.0044679641723633 4.8927507400512695 1
2.8639330863952637 3.0068182945251465 4.7235279083251953 1
2.8639330863952637 2.8328945636749268 4.8904004096984863 1
2.8639330863952637 2.9974169731140137 4.8951010704040527 1
2.8639330863952637 3.0021176338195801 4.8998017311096191 1
2.8662834167480469 2.83524489402771 4.8786487579345703 1
2.8662834167480469 2.9856655597686768 4.8739480972290039 1
2.8686337471008301 2.98801589012146 4.7305788993835449 1
2.8686337471008301 2.9833152294158936 4.8809990882873535 1
2.8709840774536133 2.8399455547332764 4.9021520614624023 1
2.8709840774536133 3.0091686248779297 4.8974514007568359 1
2.8733344078063965 3.0115189552307129 4.7352795600891113 1
2.8733344078063965 3.0068182945251465 4.9045023918151855 1
2.8756847381591797 2.8375952243804932 4.8809990882873535 1
2.8756847381591797 2.98801589012146 4.8904004096984863 1
2.8780350685119629 2.9950666427612305 4.8786487579345703 1
2.8827354907989502 2.8493468761444092 4.9162540435791016 1
2.8827354907989502 3.0232706069946289 4.9021520614624023 1
2.8850858211517334 3.0256209373474121 4.7446804046630859 1
2.8850858211517334 3.0115189552307129 4.9186043739318848 1
2.8874361515045166 2.9668629169464111 4.756432056427002 1
2.8874361515045166 2.9410092830657959 4.8598465919494629 1
2.8897864818572998 2.8657989501953125 4.8621969223022461 1
2.8897864818572998 2.9692132472991943 4.8363432884216309 1
2.892136812210083 2.8540475368499756 4.920954704284668 1
2.892136812210083 3.0279712677001953 4.9162540435791016 1
2.8944871425628662 3.0303215980529785 4.7493810653686523 1
2.8944871425628662 3.0256209373474121 4.9233050346374512 1
2.8968374729156494 2.858748197555542 4.9444580078125 1
2.8968374729156494 3.0514745712280273 4.920954704284668 1
2.8991878032684326 3.0538249015808105 4.7540817260742188 1
2.8991878032684326 3.0303215980529785 4.9468083381652832 1
2.9015381336212158 2.8681492805480957 4.9491586685180664 1
2.9015381336212158 3.0561752319335938 4.9444580078125 1
2.903888463973999 3.0585253238677979 4.7634830474853516 1
2.903888463973999 3.0538249015808105 4.9515089988708496 1
2.9062387943267822 2.9903662204742432 4.7752346992492676 1
2.9062387943267822 2.9668629169464111 4.8833494186401367 1
2.9085891246795654 2.8846015930175781 4.8856997489929199 1
2.9085891246795654 2.9927163124084473 4.8621969223022461 1
2.9109394550323486 2.8728499412536621 4.9397573471069336 1
2.9109394550323486 3.0467739105224609 4.9491586685180664 1
2.9132897853851318 3.0491242408752441 4.768183708190918 1
2.9132897853851318 3.0585253238677979 4.9421076774597168 1
2.915640115737915 2.8775506019592285 4.9350566864013672 1
2.915640115737915 3.0420732498168945 4.9397573471069336 1
2.9179904460906982 3.0444235801696777 4.7728843688964844 1
2.9179904460906982 3.0491242408752441 4.9374070167541504 1
2.9297420978546143 3.0702769756317139 4.7705340385437012 1
2.9203407764434814 3.0702769756317139 4.9350566864013672 1
2.9226911067962646 3.0444235801696777 4.7822856903076172 1
2.9250414371490479 3.0185699462890625 4.8057889938354492 1
2.9250414371490479 2.9903662204742432 4.9115533828735352 1
2.9273917675018311 2.9151558876037598 4.9139037132263184 1
2.9273917675018311 3.0209202766418457 4.8856997489929199 1
2.9297420978546143 2.8916525840759277 4.9632606506347656 1
2.9320924282073975 3.0726273059844971 4.7869863510131836 1
2.9320924282073975 3.0444235801696777 4.9656109809875488 1
2.9344427585601807 2.8987035751342773 5.0055661201477051 1
2.9344427585601807 3.1125829219818115 4.9632606506347656 1
2.9367930889129639 3.1149332523345947 4.7940373420715332 1
2.9367930889129639 3.0726273059844971 5.0079164505004883 1
2.9461941719055176 5.0727510452270508 4.7893366813659668 1
2.950894832611084 2.8963532447814941 4.9961652755737305 1
5.3646755218505859 2.8963532447814941 4.8010883331298828 1
3.1459715366363525 2.8963532447814941 5.0149674415588379 1
5.1155414581298828 3.1219840049743652 4.7893366813659668 1
2.9414937496185303 2.917506217956543 4.9773626327514648 1
3.1553728580474854 2.8987035751342773 4.9773626327514648 1
2.9438440799713135 3.0867292881011963 4.8128399848937988 1
2.9438440799713135 3.1149332523345947 4.979712963104248 1
2.9461941719055176 2.9269073009490967 7.2736268043518066 1
2.9461941719055176 5.380643367767334 6.9657349586486816 1
2.9485445022583008 3.1102325916290283 4.8222413063049316 1
6.1332306861877441 2.905754566192627 4.8222413063049316 1
3.1671245098114014 3.1102325916290283 4.7987380027770996 1
2.9485445022583008 5.1597132682800293 5.0173177719116211 1
2.950894832611084 3.0749776363372803 4.815190315246582 1
2.950894832611084 3.1031816005706787 4.967961311340332 1
2.9532451629638672 2.9245572090148926 4.9703116416931152 1
2.9532451629638672 3.0773279666900635 4.9985156059265137 1
5.2025032043457031 2.9104552268981934 4.9985156059265137 1
2.9555954933166504 3.0326719284057617 4.8245916366577148 1
2.9555954933166504 3.0185699462890625 4.9256553649902344 1
2.9579458236694336 2.9339582920074463 4.9280056953430176 1
2.9579458236694336 3.0350222587585449 4.9139037132263184 1
2.9602961540222168 2.9222068786621094 4.9585599899291992 1
2.9602961540222168 3.0655763149261475 4.9773626327514648 1
2.962646484375 3.0679266452789307 4.8175406455993652 1
2.962646484375 3.0867292881011963 4.9609103202819824 1
2.9649968147277832 3.0749776363372803 4.9585599899291992 1
2.9673471450805664 3.0679266452789307 4.9703116416931152 1
6.9299898147583008 2.9363086223602295 4.8198909759521484 1
2.9696974754333496 2.9363086223602295 9.1327314376831055 1
2.9696974754333496 7.2397480010986328 7.2736268043518066 1
2.9720478057861328 7.2891044616699219 4.8316426277160645 1
7.3765506744384766 2.9292576313018799 4.8316426277160645 1
2.9720478057861328 3.1102325916290283 9.0410690307617188 1
6.1332306861877441 2.9292576313018799 9.2267436981201172 1
2.9720478057861328 7.1480851173400879 9.1820878982543945 1
3.103665828704834 2.9457099437713623 4.8245916366577148 1
3.0754618644714355 3.0608756542205811 4.8245916366577148 1
3.1060161590576172 2.9339582920074463 4.8410439491271973 1
3.0778121948242188 2.9339582920074463 4.956209659576416 1
2.997901439666748 2.9363086223602295 8.7801828384399414 1
2.997901439666748 7.973048210144043 4.8292922973632812 1
7.2825379371643066 2.9363086223602295 4.9914646148681641 1
2.9790987968444824 7.973048210144043 4.9914646148681641 1
6.2883520126342773 2.9386589527130127 4.8504452705383301 1
3.0002517700195312 2.9386589527130127 9.1820878982543945 1
7.3765506744384766 2.9386589527130127 8.138545036315918 1
3.080162525177002 2.9410092830657959 4.8433942794799805 1
3.056659460067749 2.9668629169464111 4.8339929580688477 1
3.056659460067749 2.9410092830657959 4.9303560256958008 1
3.0825128555297852 2.9527609348297119 4.8363432884216309 1
2.986149787902832 2.9692132472991943 4.909203052520752 1
3.0590097904205322 3.0397229194641113 4.8363432884216309 1
2.9885001182556152 3.0890796184539795 4.8527956008911133 1
2.9885001182556152 3.0608756542205811 4.9820632934570312 1
2.9908504486083984 2.9621622562408447 4.9844136238098145 1
3.1060161590576172 2.9480602741241455 4.9844136238098145 1
2.9932007789611816 2.9715635776519775 4.9303560256958008 1
3.0825128555297852 2.9739139080047607 4.8457446098327637 1
2.997901439666748 6.2455615997314453 4.8504452705383301 1
2.997901439666748 2.9574615955352783 9.6733055114746094 1
2.997901439666748 7.7803215980529785 9.8660316467285156 1
3.0002517700195312 7.2891044616699219 9.6780061721801758 1
7.8231120109558105 2.9574615955352783 9.6780061721801758 1
3.0026021003723145 3.1266846656799316 4.8574962615966797 1
3.0026021003723145 3.0890796184539795 5.0196681022644043 1
3.0049524307250977 2.9645125865936279 5.0220184326171875 1
3.0049524307250977 3.1290349960327148 4.9844136238098145 1
3.0073027610778809 3.1266846656799316 5.0243687629699707 1
3.0073027610778809 3.131385326385498 5.0220184326171875 1
3.0096530914306641 3.1384363174438477 4.8833494186401367 1
3.0096530914306641 3.0138692855834961 5.0314197540283203 1
3.0120031833648682 2.9927163124084473 5.0337700843811035 1
3.0120031833648682 3.1407866477966309 4.909203052520752 1
3.0143535137176514 2.9762642383575439 5.0267190933227539 1
3.0143535137176514 3.0796782970428467 4.9303560256958008 1
3.0143535137176514 3.1337356567382812 4.9726619720458984 1
3.0167038440704346 3.1360859870910645 4.8715977668762207 1
3.1248188018798828 2.9739139080047607 4.932706356048584 1
3.0167038440704346 3.0820286273956299 5.0290694236755371 1
3.0190541744232178 2.9809648990631104 5.0361204147338867 1
3.0190541744232178 3.1431369781494141 5.0267190933227539 1
3.021404504776001 3.1454873085021973 4.8762984275817871 1
3.021404504776001 3.1360859870910645 5.0384707450866699 1
3.0237548351287842 2.9856655597686768 5.0408210754394531 1
3.0237548351287842 3.1478376388549805 5.0361204147338867 1
3.0261051654815674 3.1501879692077637 4.8809990882873535 1
3.0261051654815674 3.1454873085021973 5.0431714057922363 1
3.0284554958343506 2.9950666427612305 5.0502223968505859 1
3.0284554958343506 3.1572389602661133 5.0408210754394531 1
3.0308058261871338 3.1595892906188965 4.8904004096984863 1
3.0308058261871338 3.1501879692077637 5.0525727272033691 1
3.033156156539917 3.1384363174438477 4.9115533828735352 1
3.0355064868927002 3.0209202766418457 5.0337700843811035 1
3.0378568172454834 2.9997673034667969 5.0549230575561523 1
3.0378568172454834 3.1619396209716797 5.0502223968505859 1
3.0402071475982666 3.1642899513244629 4.8951010704040527 1
3.0402071475982666 3.1595892906188965 5.0572733879089355 1
3.0425574779510498 3.0044679641723633 5.0643243789672852 1
3.0425574779510498 3.1713409423828125 5.0549230575561523 1
3.044907808303833 3.1642899513244629 4.8998017311096191 1
3.0472581386566162 3.0091686248779297 5.0690250396728516 1
3.0472581386566162 3.1760416030883789 5.0643243789672852 1
3.0496084690093994 3.1783919334411621 4.9045023918151855 1
3.0496084690093994 3.1642899513244629 5.0713753700256348 1
3.0519587993621826 3.0232706069946289 5.0831270217895508 1
3.0519587993621826 3.190143346786499 5.0690250396728516 1
3.0543091297149658 3.1924936771392822 4.9186043739318848 1
3.0543091297149658 3.1783919334411621 5.085477352142334 1
3.056659460067749 3.0373725891113281 5.0455217361450195 1
3.056659460067749 3.1525382995605469 5.0314197540283203 1
3.197678804397583 3.0397229194641113 4.909203052520752 1
3.0590097904205322 3.1407866477966309 5.0478720664978027 1
3.0613601207733154 3.1666402816772461 4.9256553649902344 1
3.1812264919281006 3.1666402816772461 4.9115533828735352 1
3.0637104511260986 3.0350222587585449 5.061974048614502 1
3.0637104511260986 3.1689906120300293 5.0337700843811035 1
3.0660607814788818 3.0279712677001953 5.1019296646118164 1
3.0660607814788818 3.2089459896087646 5.0831270217895508 1
3.068411111831665 3.2112963199615479 4.9233050346374512 1
3.068411111831665 3.1924936771392822 5.1042799949645996 1
3.0707614421844482 3.0514745712280273 5.1254329681396484 1
3.0707614421844482 3.2324492931365967 5.1019296646118164 1
3.0731117725372314 3.2347996234893799 4.9468083381652832 1
3.0731117725372314 3.2112963199615479 5.1277832984924316 1
3.0754618644714355 3.1854429244995117 4.9538593292236328 1
3.2094302177429199 3.1854429244995117 4.9256553649902344 1
3.0778121948242188 3.0632259845733643 5.0807766914367676 1
3.0778121948242188 3.1877930164337158 5.061974048614502 1
3.080162525177002 3.0796782970428467 5.0925283432006836 1
3.080162525177002 3.1995446681976318 5.0455217361450195 1
3.0825128555297852 3.201894998550415 4.9750123023986816 1
3.197678804397583 3.201894998550415 4.932706356048584 1
3.0848631858825684 3.1807422637939453 4.9397573471069336 1
3.0848631858825684 3.0702769756317139 5.073725700378418 1
3.0872135162353516 3.0491242408752441 5.0760760307312012 1
3.0872135162353516 3.1830925941467285 4.9656109809875488 1
3.0895638465881348 3.2183473110198975 4.9491586685180664 1
3.0895638465881348 3.1807422637939453 5.1113309860229492 1
3.091914176940918 3.0585253238677979 5.1136813163757324 1
3.091914176940918 3.2206976413726807 5.0760760307312012 1
3.0942645072937012 3.0561752319335938 5.1442351341247559 1
3.0942645072937012 3.2512519359588623 5.1254329681396484 1
3.0966148376464844 3.2536020278930664 4.9515089988708496 1
3.0966148376464844 3.2347996234893799 5.1465854644775391 1
3.0989651679992676 3.2183473110198975 5.1442351341247559 1
3.1013154983520508 3.2536020278930664 5.1136813163757324 1
3.103665828704834 3.2042453289031982 4.9820632934570312 1
3.103665828704834 3.1854429244995117 5.09722900390625 1
3.1060161590576172 3.0914299488067627 5.0995793342590332 1
3.1060161590576172 3.2065956592559814 5.0807766914367676 1
3.1083664894104004 3.0749776363372803 5.0878276824951172 1
3.1083664894104004 3.1948440074920654 4.9773626327514648 1
3.1107168197631836 3.1971943378448486 4.9703116416931152 1
3.1295194625854492 3.2747550010681152 4.9609103202819824 1
3.1107168197631836 3.2747550010681152 5.0901780128479004 1
3.1553728580474854 3.3147106170654297 4.9632606506347656 1
3.1130671501159668 3.2418506145477295 5.073725700378418 1
3.1130671501159668 3.3147106170654297 5.134833812713623 1
3.1577231884002686 3.0726273059844971 5.2100443840026855 1
3.11541748046875 3.1830925941467285 5.1371841430664062 1
3.11541748046875 3.2442009449005127 5.2100443840026855 1
3.1177678108215332 3.1031816005706787 5.1301331520080566 1
3.1177678108215332 3.2371499538421631 5.0878276824951172 1
3.1201181411743164 3.2395002841949463 4.9985156059265137 1
3.1201181411743164 3.1971943378448486 5.1324834823608398 1
3.1224684715270996 3.1337356567382812 5.120732307434082 1
3.1224684715270996 3.2277486324310303 5.0925283432006836 1
3.1248188018798828 3.2300989627838135 5.0290694236755371 1
3.1248188018798828 3.201894998550415 5.1230826377868652 1
3.127169132232666 3.272404670715332 5.0055661201477051 1
3.127169132232666 3.1948440074920654 5.1653881072998047 1
3.1295194625854492 3.1149332523345947 5.1677384376525879 1
3.1318697929382324 3.2230479717254639 5.0196681022644043 1
3.1318697929382324 3.2042453289031982 5.1160316467285156 1
3.1342201232910156 3.1290349960327148 5.1183819770812988 1
3.1342201232910156 3.2253983020782471 5.0995793342590332 1
3.1365704536437988 3.2771053314208984 4.9914646148681641 1
8.015838623046875 3.0937802791595459 4.9914646148681641 1
3.1365704536437988 3.1172835826873779 5.1559867858886719 1
8.015838623046875 3.1172835826873779 4.9867639541625977 1
3.1365704536437988 3.2630033493041992 5.1700887680053711 1
3.138920783996582 3.1008312702178955 5.1724390983581543 1
7.3318948745727539 3.1008312702178955 4.9891142845153809 1
3.138920783996582 3.2653536796569824 5.0126171112060547 1
7.827812671661377 3.0961306095123291 5.0126171112060547 1
3.138920783996582 3.2794556617736816 5.1583371162414551 1
7.827812671661377 7.2891044616699219 4.9891142845153809 1
3.1412708759307861 5.5404653549194336 5.0008654594421387 1
7.2825379371643066 3.0984809398651123 5.0008654594421387 1
3.1412708759307861 3.2771053314208984 7.4334487915039062 1
3.1436212062835693 3.1102325916290283 5.2194457054138184 1
7.1908755302429199 3.1102325916290283 4.9938149452209473 1
3.3222458362579346 3.1008312702178955 5.2194457054138184 1
7.1908755302429199 3.1008312702178955 9.1820878982543945 1
3.1459715366363525 3.1219840049743652 5.1841907501220703 1
3.1459715366363525 3.2912073135375977 5.1301331520080566 1
3.1483218669891357 3.2935576438903809 5.0173177719116211 1
5.2025032043457031 3.1055319309234619 5.0173177719116211 1
3.1483218669891357 3.2395002841949463 5.1865410804748535 1
3.1506721973419189 3.2959079742431641 5.0149674415588379 1
5.1155414581298828 3.1078822612762451 5.0149674415588379 1
3.1506721973419189 3.3241117000579834 5.1888914108276367 1
5.5832552909851074 3.3241117000579834 5.0008654594421387 1
5.4234333038330078 3.1078822612762451 6.9657349586486816 1
5.4234333038330078 7.2397480010986328 5.0008654594421387 1
3.1671245098114014 3.2982583045959473 5.0032157897949219 1
3.3410482406616211 3.3264620304107666 5.0032157897949219 1
3.1553728580474854 3.272404670715332 5.2076940536499023 1
3.1577231884002686 3.3170607089996338 5.1677384376525879 1
3.3010928630828857 3.1172835826873779 5.0126171112060547 1
7.827812671661377 3.1196339130401611 5.0102667808532715 1
3.1600735187530518 3.2583026885986328 5.1559867858886719 1
7.8231120109558105 7.7850222587585449 5.0102667808532715 1
7.8231120109558105 3.1172835826873779 9.8660316467285156 1
3.3010928630828857 3.1196339130401611 5.1536364555358887 1
3.3081438541412354 3.260653018951416 5.0126171112060547 1
3.3339974880218506 3.1219840049743652 5.1888914108276367 1
3.1671245098114014 3.2935576438903809 5.1912417411804199 1
3.1694748401641846 3.2465512752532959 5.0243687629699707 1
3.1694748401641846 3.2230479717254639 5.1395344734191895 1
3.1718251705169678 3.131385326385498 5.1418848037719727 1
3.2681884765625 3.1290349960327148 5.1418848037719727 1
3.174175500869751 3.2465512752532959 5.1489357948303223 1
3.174175500869751 3.2559523582458496 5.1418848037719727 1
3.1765258312225342 3.1431369781494141 5.1606874465942383 1
3.1765258312225342 3.2677040100097656 5.120732307434082 1
3.1788761615753174 3.2700543403625488 5.0384707450866699 1
3.1788761615753174 3.2300989627838135 5.1630377769470215 1
3.1812264919281006 3.1525382995605469 5.1066303253173828 1
3.1812264919281006 3.2818059921264648 5.0596237182617188 1
3.1812264919281006 3.2136466503143311 5.1747894287109375 1
3.1835768222808838 3.2159969806671143 5.0478720664978027 1
3.1835768222808838 3.1689906120300293 5.1771397590637207 1
3.1835768222808838 3.284156322479248 5.108980655670166 1
3.185927152633667 3.1478376388549805 5.1794900894165039 1
3.185927152633667 3.2865066528320312 5.1606874465942383 1
3.1882774829864502 3.2888569831848145 5.0431714057922363 1
3.1882774829864502 3.2700543403625488 5.1818404197692871 1
3.1906278133392334 3.1572389602661133 5.2029933929443359 1
3.1906278133392334 3.3100099563598633 5.1794900894165039 1
3.1929781436920166 3.3123602867126465 5.0525727272033691 1
3.1929781436920166 3.2888569831848145 5.2053437232971191 1
3.1953284740447998 3.1995446681976318 5.1066303253173828 1
3.197678804397583 3.2159969806671143 5.0948786735534668 1
3.2000291347503662 3.1619396209716797 5.1935920715332031 1
3.2000291347503662 3.3006086349487305 5.2029933929443359 1
3.2023794651031494 3.3029589653015137 5.0572733879089355 1
3.2023794651031494 3.3123602867126465 5.1959424018859863 1
3.2047297954559326 3.1713409423828125 5.1982927322387695 1
3.2047297954559326 3.3053092956542969 5.1935920715332031 1
3.2070798873901367 3.3217613697052002 5.0713753700256348 1
3.2070798873901367 3.3029589653015137 5.2006430625915527 1
3.2070798873901367 3.3076596260070801 5.214745044708252 1
3.2282328605651855 3.1666402816772461 5.2217960357666016 1
3.2094302177429199 3.2818059921264648 5.2217960357666016 1
3.2305831909179688 3.331162691116333 5.061974048614502 1
3.326946496963501 3.1689906120300293 5.2241463661193848 1
3.2141308784484863 3.1760416030883789 5.2123947143554688 1
3.2141308784484863 3.319411039352417 5.1982927322387695 1
3.2188315391540527 3.190143346786499 5.226496696472168 1
3.2188315391540527 3.3335130214691162 5.2123947143554688 1
3.2211818695068359 3.3358633518218994 5.085477352142334 1
3.2211818695068359 3.3217613697052002 5.2288470268249512 1
3.2235321998596191 3.3523156642913818 5.1113309860229492 1
3.2235321998596191 3.2418506145477295 5.2452993392944336 1
3.2258825302124023 3.2206976413726807 5.2476496696472168 1
3.2258825302124023 3.354665994644165 5.1371841430664062 1
3.2282328605651855 3.3476150035858154 5.09722900390625 1
3.2282328605651855 3.3288123607635498 5.2405986785888672 1
3.2305831909179688 3.2065956592559814 5.2429490089416504 1
3.2305831909179688 3.3499653339385986 5.2241463661193848 1
3.232933521270752 3.2089459896087646 5.2358980178833008 1
3.232933521270752 3.342914342880249 5.226496696472168 1
3.2540864944458008 3.1924936771392822 5.238248348236084 1
3.2352838516235352 3.3358633518218994 5.238248348236084 1
3.2376341819763184 3.2371499538421631 5.2547006607055664 1
3.2376341819763184 3.3617169857025146 5.1653881072998047 1
3.2399845123291016 3.3640673160552979 5.1324834823608398 1
3.2399845123291016 3.2747550010681152 5.2570509910583496 1
3.3810038566589355 3.2136466503143311 5.0925283432006836 1
3.2423348426818848 3.2277486324310303 5.25 1
3.3810038566589355 3.1995446681976318 5.25 1
3.3833541870117188 3.201894998550415 5.108980655670166 1
3.244685173034668 3.3593666553497314 5.1230826377868652 1
3.3833541870117188 3.3593666553497314 5.0948786735534668 1
3.2470355033874512 3.3476150035858154 5.1160316467285156 1
3.2493858337402344 3.2253983020782471 5.2429490089416504 1
3.2517361640930176 3.2324492931365967 5.2358980178833008 1
3.2540864944458008 3.3452646732330322 5.1277832984924316 1
3.256436824798584 3.3805196285247803 5.1747894287109375 1
3.4233095645904541 3.2136466503143311 5.2311973571777344 1
3.326946496963501 3.3828697204589844 5.108980655670166 1
3.3833541870117188 3.2159969806671143 5.275853157043457 1
3.2611374855041504 3.3993220329284668 5.1442351341247559 1
3.2611374855041504 3.3523156642913818 5.2923054695129395 1
3.2634878158569336 3.2536020278930664 5.2946557998657227 1
3.2634878158569336 3.40167236328125 5.2476496696472168 1
3.2658381462097168 3.3664176464080811 5.1395344734191895 1
3.2658381462097168 3.3476150035858154 5.2594008445739746 1
3.2681884765625 3.2489016056060791 5.2617511749267578 1
3.2681884765625 3.3687679767608643 5.2429490089416504 1
3.2705385684967041 3.2677040100097656 5.2688021659851074 1
3.2705385684967041 3.3758189678192139 5.25 1
3.2728888988494873 3.3781692981719971 5.1630377769470215 1
3.2728888988494873 3.3593666553497314 5.2711524963378906 1
3.2752392292022705 3.2512519359588623 5.264101505279541 1
3.2752392292022705 3.3711183071136475 5.2358980178833008 1
3.2775895595550537 3.3734686374664307 5.1465854644775391 1
3.2775895595550537 3.3452646732330322 5.2664518356323242 1
3.2799398899078369 3.2912073135375977 5.2547006607055664 1
3.2822902202606201 3.3640673160552979 5.1865410804748535 1
3.2846405506134033 3.3147106170654297 5.3487133979797363 1
3.2846405506134033 3.4557297229766846 5.2452993392944336 1
3.2869908809661865 3.4580800533294678 5.2100443840026855 1
3.2869908809661865 3.354665994644165 5.3510637283325195 1
3.2893412113189697 3.389920711517334 5.1489357948303223 1
3.2893412113189697 3.3664176464080811 5.2829041481018066 1
3.2916915416717529 3.2559523582458496 5.2852544784545898 1
3.2916915416717529 3.3922710418701172 5.2617511749267578 1
3.2940418720245361 3.3993220329284668 5.264101505279541 1
3.2963922023773193 3.3734686374664307 5.2946557998657227 1
3.2987425327301025 3.389920711517334 5.3134584426879883 1
3.2987425327301025 3.4204750061035156 5.2852544784545898 1
3.3010928630828857 3.260653018951416 5.3064074516296387 1
3.3057935237884521 3.2583026885986328 5.3064074516296387 1
3.3081438541412354 3.4157743453979492 5.1536364555358887 1
3.3034431934356689 3.4181246757507324 5.3064074516296387 1
3.4585645198822021 3.4181246757507324 5.1536364555358887 1
3.3057935237884521 3.4228253364562988 5.1700887680053711 1
3.3057935237884521 3.413424015045166 5.3158087730407715 1
3.3081438541412354 3.2794556617736816 5.3181591033935547 1
3.3081438541412354 3.425175666809082 5.3087577819824219 1
3.3104941844940186 3.2865066528320312 5.3440127372741699 1
3.3104941844940186 3.4510290622711182 5.2688021659851074 1
3.3128445148468018 3.4533793926239014 5.1818404197692871 1
3.3128445148468018 3.3781692981719971 5.3463630676269531 1
3.315194845199585 3.4557297229766846 5.2076940536499023 1
3.315194845199585 3.3617169857025146 5.3487133979797363 1
3.3175451755523682 3.3170607089996338 5.3510637283325195 1
3.3175451755523682 3.4580800533294678 5.2570509910583496 1
3.3198955059051514 3.4416279792785645 5.2170953750610352 1
5.5832552909851074 3.2771053314208984 5.2170953750610352 1
3.3198955059051514 3.4228253364562988 5.3346114158630371 1
3.3222458362579346 3.3264620304107666 5.3369617462158203 1
3.3222458362579346 3.4439783096313477 5.3181591033935547 1
3.3245961666107178 3.4698317050933838 5.2217960357666016 1
3.3245961666107178 3.3805196285247803 5.3628153800964355 1
3.326946496963501 3.331162691116333 5.3651657104492188 1
3.326946496963501 3.472182035446167 5.275853157043457 1
3.3292968273162842 3.3100099563598633 5.3581147193908691 1
3.3292968273162842 3.4651310443878174 5.3440127372741699 1
3.3316471576690674 3.4674813747406006 5.2053437232971191 1
3.3316471576690674 3.4533793926239014 5.3604650497436523 1
3.3339974880218506 3.2959079742431641 5.3393120765686035 1
3.3339974880218506 3.4463286399841309 5.2547006607055664 1
3.4914689064025879 3.2982583045959473 5.1865410804748535 1
3.4068572521209717 3.448678731918335 5.1865410804748535 1
3.3669018745422363 3.4040226936340332 5.1888914108276367 1
3.3386979103088379 3.4040226936340332 5.3205094337463379 1
3.4891185760498047 3.2959079742431641 5.3205094337463379 1
3.3410482406616211 3.4063730239868164 5.2194457054138184 1
3.3410482406616211 3.4298763275146484 5.2993564605712891 1
3.3410482406616211 3.448678731918335 5.3228597640991211 1
3.3433985710144043 3.3053092956542969 5.3017067909240723 1
3.3433985710144043 3.436927318572998 5.2029933929443359 1
3.3433985710144043 3.4087233543395996 5.3299107551574707 1
3.3504495620727539 3.3029589653015137 5.3040571212768555 1
3.3457489013671875 3.3123602867126465 5.3322610855102539 1
3.3457489013671875 3.4392776489257812 5.3040571212768555 1
3.3480992317199707 3.319411039352417 5.2782034873962402 1
3.3480992317199707 3.3852200508117676 5.3017067909240723 1
3.3504495620727539 3.3875703811645508 5.214745044708252 1
3.3504495620727539 3.4110736846923828 5.2805538177490234 1
3.3527998924255371 3.436927318572998 5.3581147193908691 1
3.3551502227783203 3.4674813747406006 5.3322610855102539 1
3.3622012138366699 3.3335130214691162 5.287604808807373 1
3.3622012138366699 3.3946213722229004 5.2782034873962402 1
3.3645515441894531 3.3969717025756836 5.2288470268249512 1
3.3645515441894531 3.3875703811645508 5.2899551391601562 1
3.3669018745422363 3.4416279792785645 5.2970061302185059 1
3.3692522048950195 3.4063730239868164 5.3369617462158203 1
3.3716025352478027 3.4698317050933838 5.2405986785888672 1
3.3927555084228516 3.472182035446167 5.2241463661193848 1
3.3763031959533691 3.342914342880249 5.287604808807373 1
3.3786535263061523 7.2373976707458496 5.238248348236084 1
3.3786535263061523 3.3969717025756836 9.1303806304931641 1
3.3810038566589355 3.3570163249969482 5.3816180229187012 1
3.3810038566589355 3.4933350086212158 5.2735028266906738 1
3.3810038566589355 3.4886343479156494 5.3863186836242676 1
3.3833541870117188 3.4909846782684326 5.2523503303527832 1
3.3833541870117188 3.3828697204589844 5.3886690139770508 1
3.3833541870117188 3.495685338973999 5.3839683532714844 1
3.385704517364502 3.3711183071136475 5.3252100944519043 1
3.385704517364502 3.4322266578674316 5.287604808807373 1
3.3880548477172852 3.4768826961517334 5.2664518356323242 1
3.3880548477172852 3.4345769882202148 5.3698663711547852 1
7.2801876068115234 3.4345769882202148 5.238248348236084 1
3.3904051780700684 3.4980356693267822 5.2594008445739746 1
3.3904051780700684 3.4698317050933838 5.3910188674926758 1
3.3927555084228516 3.3687679767608643 5.393369197845459 1
3.3927555084228516 3.5003859996795654 5.3651657104492188 1
3.3951058387756348 3.483933687210083 5.2923054695129395 1
3.3951058387756348 3.4557297229766846 5.3769173622131348 1
3.397456169128418 3.40167236328125 5.379267692565918 1
3.397456169128418 3.4862840175628662 5.3510637283325195 1
3.3998064994812012 3.3758189678192139 5.405120849609375 1
3.3998064994812012 3.5121374130249023 5.3816180229187012 1
3.4021565914154053 3.5144877433776855 5.2711524963378906 1
3.4021565914154053 3.4909846782684326 5.4074711799621582 1
3.4045069217681885 3.4463286399841309 5.3487133979797363 1
3.4068572521209717 3.4580800533294678 5.3416624069213867 1
3.4092075824737549 3.5262393951416016 5.2829041481018066 1
3.4092075824737549 3.4980356693267822 5.4192228317260742 1
3.4115579128265381 3.3922710418701172 5.4215731620788574 1
3.4115579128265381 3.5285897254943848 5.393369197845459 1
3.4139082431793213 3.3993220329284668 5.367516040802002 1
3.4139082431793213 3.4745323657989502 5.3252100944519043 1
3.4162585735321045 3.4768826961517334 5.2946557998657227 1
3.4186089038848877 3.4510290622711182 5.4239234924316406 1
3.4186089038848877 3.530940055847168 5.405120849609375 1
3.4209592342376709 3.5332903861999512 5.3463630676269531 1
3.4209592342376709 3.5144877433776855 5.4262738227844238 1
3.4233095645904541 3.4933350086212158 5.3628153800964355 1
3.4256598949432373 3.472182035446167 5.3886690139770508 1
3.4280102252960205 3.3946213722229004 5.3722167015075684 1
3.4280102252960205 3.4792330265045166 5.3017067909240723 1
3.4303605556488037 3.4815833568572998 5.2899551391601562 1
3.4303605556488037 3.4110736846923828 5.3745670318603516 1
3.4327108860015869 3.542691707611084 5.3134584426879883 1
3.4327108860015869 3.5262393951416016 5.4356751441955566 1
3.4350612163543701 3.4204750061035156 5.4380254745483398 1
3.4350612163543701 3.5450420379638672 5.4215731620788574 1
3.4374115467071533 3.4322266578674316 5.3534140586853027 1
3.5220232009887695 3.3946213722229004 5.3534140586853027 1
3.4397618770599365 3.4627807140350342 5.3275604248046875 1
7.2801876068115234 3.3969717025756836 5.3275604248046875 1
3.4397618770599365 3.4815833568572998 5.3557643890380859 1
3.5173225402832031 3.3993220329284668 5.3769173622131348 1
3.4444625377655029 3.4768826961517334 5.379267692565918 1
3.4468128681182861 3.4745323657989502 5.3205094337463379 1
3.4750165939331055 3.4040226936340332 5.3534140586853027 1
3.4468128681182861 3.4322266578674316 5.367516040802002 1
3.4844179153442383 3.460430383682251 5.2970061302185059 1
3.4491631984710693 3.4298763275146484 5.3698663711547852 1
3.5055708885192871 3.4063730239868164 5.3275604248046875 1
3.5196728706359863 3.4345769882202148 5.2993564605712891 1
3.4491631984710693 3.4627807140350342 5.3369617462158203 1
3.4515135288238525 3.5027363300323486 5.3299107551574707 1
3.4515135288238525 3.4792330265045166 5.3957195281982422 1
3.4538638591766357 3.4392776489257812 5.3980698585510254 1
3.4538638591766357 3.5050866603851318 5.3745670318603516 1
3.4609148502349854 6.6733202934265137 5.3064074516296387 1
3.4562141895294189 3.5356407165527344 5.3158087730407715 1
6.7161102294921875 3.5356407165527344 5.3064074516296387 1
3.5807812213897705 3.4181246757507324 5.3087577819824219 1
3.4585645198822021 3.425175666809082 5.4309744834899902 1
3.5807812213897705 6.6733202934265137 5.3111081123352051 1
3.4632651805877686 3.542691707611084 5.4497771263122559 1
3.4632651805877686 3.5567936897277832 5.4380254745483398 1
3.4656152725219727 3.5168380737304688 5.3346114158630371 1
3.4656152725219727 3.5356407165527344 5.4098215103149414 1
3.4679656028747559 3.4439783096313477 5.4121718406677246 1
3.5807812213897705 3.425175666809082 5.4121718406677246 1
3.4891185760498047 3.4275259971618652 5.3769173622131348 1
3.5173225402832031 3.483933687210083 5.3205094337463379 1
3.4914689064025879 3.4862840175628662 5.3228597640991211 1
3.4726662635803223 3.4862840175628662 5.3698663711547852 1
3.4797172546386719 3.5215387344360352 5.3581147193908691 1
3.4797172546386719 3.5027363300323486 5.4145221710205078 1
3.4820675849914551 3.4674813747406006 5.416872501373291 1
3.4820675849914551 3.5238890647888184 5.3980698585510254 1
3.4844179153442383 3.507436990737915 5.3534140586853027 1
3.4844179153442383 3.5168380737304688 5.4004201889038086 1
3.4867682456970215 3.4627807140350342 5.4027705192565918 1
3.5619785785675049 3.4439783096313477 5.4027705192565918 1
3.4891185760498047 3.483933687210083 5.3487133979797363 1
3.5008702278137207 3.4862840175628662 5.3416624069213867 1
3.6019339561462402 3.4510290622711182 5.3581147193908691 1
3.6019339561462402 3.530940055847168 5.3440127372741699 1
3.4961695671081543 3.5614943504333496 5.3604650497436523 1
3.4961695671081543 3.5332903861999512 5.4544777870178223 1
3.5032205581665039 3.507436990737915 5.3722167015075684 1
3.5525772571563721 3.4627807140350342 5.3745670318603516 1
3.5079212188720703 3.5215387344360352 5.4521274566650391 1
3.5102715492248535 3.5614943504333496 5.416872501373291 1
3.5126218795776367 3.4933350086212158 5.4897327423095703 1
3.5408256053924561 3.4698317050933838 5.4897327423095703 1
3.5149722099304199 5.1056556701660156 5.3886690139770508 1
3.5149722099304199 3.5003859996795654 6.9986391067504883 1
3.5455262660980225 3.4792330265045166 5.440375804901123 1
3.5220232009887695 3.507436990737915 5.440375804901123 1
3.5478765964508057 3.5497426986694336 5.3745670318603516 1
3.5243735313415527 3.5497426986694336 5.4027705192565918 1
3.5314242839813232 3.5826470851898193 5.3863186836242676 1
3.5314242839813232 3.5121374130249023 5.4450764656066895 1
3.5314242839813232 3.5520930290222168 5.4756307601928711 1
3.5337746143341064 3.495685338973999 9.6309995651245117 1
3.5337746143341064 3.554443359375 5.4074711799621582 1
3.5337746143341064 7.7380161285400391 5.4474267959594727 1
3.5361249446868896 3.5826470851898193 5.4897327423095703 1
3.5384752750396729 7.2138943672180176 5.4779810905456543 1
7.7808060646057129 3.495685338973999 5.4779810905456543 1
3.5384752750396729 5.1056556701660156 5.4920830726623535 1
3.5384752750396729 3.5990993976593018 9.106877326965332 1
3.5408256053924561 3.6179020404815674 5.4192228317260742 1
3.6395392417907715 3.6179020404815674 5.3910188674926758 1
3.5431759357452393 3.5285897254943848 6.9304800033569336 1
5.1484456062316895 3.5003859996795654 6.9304800033569336 1
3.5455262660980225 3.5473923683166504 5.4145221710205078 1
3.5666792392730713 3.566195011138916 5.3980698585510254 1
3.5478765964508057 3.566195011138916 5.4427261352539062 1
3.5596282482147217 3.5685453414916992 5.4004201889038086 1
3.5502269268035889 3.5685453414916992 5.440375804901123 1
3.5619785785675049 3.5097873210906982 5.4638791084289551 1
3.5525772571563721 3.5497426986694336 5.4638791084289551 1
3.5948832035064697 3.5121374130249023 5.4239234924316406 1
3.5572779178619385 3.554443359375 5.4262738227844238 1
3.5596282482147217 3.5356407165527344 5.4662294387817383 1
3.5596282482147217 3.5732460021972656 5.4615287780761719 1
3.5619785785675049 3.5708956718444824 5.4309744834899902 1
3.5643289089202881 3.5473923683166504 5.4850320816040039 1
3.5643289089202881 6.3466253280639648 5.4521274566650391 1
3.5643289089202881 3.5920484066009521 8.2396087646484375 1
3.6042842864990234 3.5755963325500488 5.416872501373291 1
3.5666792392730713 5.2466750144958496 5.4591784477233887 1
3.5666792392730713 3.5755963325500488 7.1396584510803223 1
3.5690295696258545 3.6437554359436035 5.4356751441955566 1
3.5690295696258545 3.6179020404815674 5.5367388725280762 1
3.5713798999786377 3.5450420379638672 5.5390892028808594 1
3.5713798999786377 3.6461057662963867 6.9304800033569336 1
3.6019339561462402 3.5520930290222168 5.4239234924316406 1
3.5760805606842041 3.554443359375 5.4544777870178223 1
3.6207365989685059 3.5732460021972656 5.428624153137207 1
6.7161102294921875 3.5779464244842529 5.428624153137207 1
3.5807812213897705 3.5708956718444824 5.4709300994873047 1
3.5807812213897705 3.5779464244842529 8.5663032531738281 1
3.5854818820953369 3.6625580787658691 5.4497771263122559 1
3.5854818820953369 3.6437554359436035 5.5555415153503418 1
3.5878322124481201 3.5567936897277832 5.557891845703125 1
3.5878322124481201 3.6649084091186523 5.5390892028808594 1
3.611335277557373 3.5873477458953857 5.440375804901123 1
3.5901825428009033 3.5873477458953857 5.4850320816040039 1
3.6089849472045898 3.5802967548370361 5.4427261352539062 1
3.5925328731536865 3.5802967548370361 5.4638791084289551 1
3.6019339561462402 5.571019172668457 5.4450764656066895 1
3.5948832035064697 7.3267097473144531 5.4756307601928711 1
5.6138095855712891 7.3267097473144531 5.4450764656066895 1
3.5972332954406738 3.601449728012085 5.4544777870178223 1
3.5972332954406738 3.5849974155426025 5.4944334030151367 1
7.7808060646057129 3.5849974155426025 5.4474267959594727 1
3.599583625793457 3.6625580787658691 5.5719938278198242 1
3.599583625793457 3.6790103912353516 5.557891845703125 1
6.3894157409667969 5.571019172668457 5.4521274566650391 1
3.6042842864990234 3.601449728012085 5.4685797691345215 1
3.6230869293212891 3.566195011138916 5.4873824119567871 1
3.6089849472045898 5.2466750144958496 5.4873824119567871 1
3.611335277557373 3.5732460021972656 5.4803314208984375 1
3.6136856079101562 3.6061503887176514 5.4709300994873047 1
3.6136856079101562 3.5802967548370361 5.4826817512512207 1
3.6136856079101562 3.5896980762481689 5.4991340637207031 1
3.6160359382629395 3.5779464244842529 5.4967837333679199 1
3.6160359382629395 3.6038000583648682 5.4803314208984375 1
3.6371889114379883 5.2466750144958496 5.4685797691345215 1
3.6371889114379883 3.5755963325500488 8.3759279251098633 1
3.6183862686157227 3.601449728012085 5.5179367065429688 1
3.6183862686157227 3.624953031539917 7.9787235260009766 1
3.6183862686157227 6.0857396125793457 8.3759279251098633 1
3.6207365989685059 3.6061503887176514 5.4967837333679199 1
3.6230869293212891 3.5943987369537354 5.4826817512512207 1
3.6395392417907715 3.5826470851898193 5.5061850547790527 1
3.6254372596740723 3.6273033618927002 5.5061850547790527 1
7.369499683380127 3.6273033618927002 5.4756307601928711 1
3.6277875900268555 7.1739387512207031 5.4944334030151367 1
3.6277875900268555 7.2138943672180176 9.0669221878051758 1
3.6348385810852051 3.5873477458953857 5.5014843940734863 1
3.6301379203796387 3.6038000583648682 5.5014843940734863 1
3.6324882507324219 3.5943987369537354 5.5038347244262695 1
3.6536412239074707 3.6061503887176514 5.4826817512512207 1
5.5244970321655273 3.5920484066009521 5.5014843940734863 1
6.3894157409667969 3.5920484066009521 7.3746905326843262 1
3.6371889114379883 6.4829440116882324 5.5038347244262695 1
3.6395392417907715 3.613201379776001 9.8378276824951172 1
3.6395392417907715 7.9448442459106445 5.5108857154846191 1
3.6418895721435547 5.1056556701660156 9.0739727020263672 1
3.6418895721435547 7.1809897422790527 9.106877326965332 1
3.6442399024963379 3.6296536922454834 5.5179367065429688 1
7.216728687286377 3.6296536922454834 5.4944334030151367 1
3.6465902328491211 3.6061503887176514 8.3876791000366211 1
3.6512908935546875 3.6038000583648682 5.5249872207641602 1
3.6465902328491211 6.4946956634521484 5.5249872207641602 1
3.6489405632019043 3.6108510494232178 8.493443489074707 1
3.6489405632019043 7.1692380905151367 8.3876791000366211 1
3.6489405632019043 6.6004605293273926 9.0622215270996094 1
3.6512908935546875 3.6320040225982666 9.7931718826293945 1
3.6794946193695068 5.4817070960998535 5.5014843940734863 1
3.6512908935546875 7.9001884460449219 5.5296878814697266 1
3.6536412239074707 4.9622859954833984 5.5273375511169434 1
3.6536412239074707 3.6343543529510498 8.493443489074707 1
5.0050759315490723 3.6108510494232178 8.3759279251098633 1
3.6559915542602539 3.6273033618927002 5.5672931671142578 1
3.6559915542602539 3.6743097305297852 5.5743441581726074 1
3.6559915542602539 3.6813607215881348 9.8378276824951172 1
3.6724436283111572 3.6155517101287842 5.569643497467041 1
7.216728687286377 3.6155517101287842 5.522636890411377 1
3.7194502353668213 3.6155517101287842 5.5766944885253906 1
3.6583418846130371 7.4771304130554199 5.5766944885253906 1
7.216728687286377 7.2138943672180176 5.5085353851318359 1
7.2566843032836914 7.1809897422790527 5.5085353851318359 1
3.6583418846130371 7.1809897422790527 9.3701133728027344 1
3.6606919765472412 8.0811634063720703 5.5367388725280762 1
7.9876341819763184 3.6813607215881348 5.5108857154846191 1
3.6606919765472412 3.6813607215881348 9.974146842956543 1
5.0802865028381348 3.6461057662963867 5.5132360458374023 1
3.6630423069000244 3.6461057662963867 7.6261754035949707 1
5.1484456062316895 5.0374965667724609 5.5132360458374023 1
7.2237796783447266 5.1056556701660156 5.5132360458374023 1
3.6630423069000244 5.7331914901733398 9.3701133728027344 1
7.2237796783447266 3.6202523708343506 9.3701133728027344 1
3.7006475925445557 3.6273033618927002 5.5155863761901855 1
5.6138095855712891 3.6226027011871338 5.5202865600585938 1
3.6653926372528076 3.6484560966491699 5.5625925064086914 1
6.3894157409667969 3.6484560966491699 5.5155863761901855 1
3.6653926372528076 3.6696090698242188 5.5508408546447754 1
6.3894157409667969 3.6226027011871338 7.4640030860900879 1
3.6677429676055908 3.6296536922454834 5.5531911849975586 1
3.6677429676055908 3.671959400177002 5.5437898635864258 1
3.6677429676055908 3.6508064270019531 7.9787235260009766 1
3.6677429676055908 3.6602077484130859 5.5649428367614746 1
3.670093297958374 3.6578574180603027 5.5672931671142578 1
5.6138095855712891 3.6273033618927002 9.2196931838989258 1
3.7194502353668213 3.6602077484130859 5.522636890411377 1
6.5374860763549805 3.6414053440093994 5.5249872207641602 1
3.6747939586639404 3.6414053440093994 9.8307771682739258 1
3.6747939586639404 7.9377932548522949 9.7931718826293945 1
5.0050759315490723 3.6390550136566162 5.5273375511169434 1
3.6771442890167236 3.6390550136566162 8.7237749099731445 1
3.6771442890167236 3.6555070877075195 5.534388542175293 1
6.6432504653930664 3.6343543529510498 5.534388542175293 1
3.6771442890167236 6.8307919502258301 5.5484905242919922 1
3.6794946193695068 3.6860613822937012 5.5414395332336426 1
3.6912462711334229 5.4817070960998535 5.5296878814697266 1
3.6959469318389893 3.695462703704834 5.5296878814697266 1
3.6959469318389893 3.636704683303833 9.7931718826293945 1
3.6794946193695068 3.695462703704834 5.5790448188781738 1
3.68184494972229 3.6884117126464844 8.7237749099731445 1
3.68184494972229 7.1715884208679199 5.581395149230957 1
3.68184494972229 4.9622859954833984 7.560366153717041 1
7.2143783569335938 3.6390550136566162 7.560366153717041 1
3.6841952800750732 3.6672587394714355 5.546140193939209 1
7.980583667755127 3.6414053440093994 5.546140193939209 1
3.6982972621917725 3.6672587394714355 5.534388542175293 1
7.2120280265808105 3.6414053440093994 8.3876791000366211 1
7.2120280265808105 6.6004605293273926 5.534388542175293 1
3.6865456104278564 3.7236664295196533 5.5555415153503418 1
3.7664566040039062 3.6437554359436035 5.593146800994873 1
3.6865456104278564 8.0811634063720703 5.593146800994873 1
3.6888959407806396 3.6649084091186523 5.5954971313476562 1
5.7759814262390137 3.6461057662963867 5.5954971313476562 1
3.6912462711334229 3.6907620429992676 5.5625925064086914 1
3.6912462711334229 3.6860613822937012 5.5837454795837402 1
6.3894157409667969 5.4817070960998535 5.5414395332336426 1
3.6935966014862061 3.671959400177002 9.6451015472412109 1
3.6935966014862061 5.6673827171325684 7.9787235260009766 1
7.2143783569335938 5.6673827171325684 5.5437898635864258 1
7.2143783569335938 3.6508064270019531 9.2643489837646484 1
7.7949080467224121 7.371366024017334 5.5437898635864258 1
3.7100489139556885 6.6639189720153809 5.546140193939209 1
6.7067089080810547 3.695462703704834 5.546140193939209 1
7.980583667755127 3.6531567573547363 9.7931718826293945 1
3.6982972621917725 3.6978130340576172 5.5602421760559082 1
3.6982972621917725 7.385467529296875 5.5907964706420898 1
6.8735818862915039 7.385467529296875 5.5484905242919922 1
3.7123992443084717 7.1974420547485352 5.5508408546447754 1
7.240231990814209 3.6743097305297852 5.5508408546447754 1
3.7029979228973389 6.2573132514953613 5.5649428367614746 1
3.7029979228973389 3.6766600608825684 8.1502971649169922 1
3.7053482532501221 3.7495200634002686 5.5719938278198242 1
3.7053482532501221 3.7236664295196533 5.6284017562866211 1
3.7053482532501221 3.7354180812835693 5.6425037384033203 1
3.7076985836029053 3.6790103912353516 5.6425037384033203 1
3.7453036308288574 3.6649084091186523 9.6357002258300781 1
7.7855067253112793 3.6649084091186523 5.6425037384033203 1
3.7100489139556885 3.6978130340576172 5.6025481224060059 1
3.7100489139556885 3.7095644474029541 8.5569019317626953 1
3.7335519790649414 3.7048640251159668 5.5625925064086914 1
3.7829089164733887 3.6696090698242188 5.5978474617004395 1
3.7123992443084717 3.7401187419891357 9.0904254913330078 1
3.7147495746612549 6.2573132514953613 5.6001977920532227 1
7.7949080467224121 3.671959400177002 5.6001977920532227 1
3.7241508960723877 3.6743097305297852 8.4769916534423828 1
3.7170999050140381 3.7448194026947021 8.4769916534423828 1
3.7170999050140381 7.1974420547485352 5.6378030776977539 1
3.7194502353668213 3.683711051940918 5.6190004348754883 1
6.3001031875610352 3.6766600608825684 5.6190004348754883 1
8.1239528656005859 3.6813607215881348 8.4769916534423828 1
3.7899599075317383 3.683711051940918 5.5954971313476562 1
7.5199203491210938 3.7025136947631836 5.5766944885253906 1
3.7265009880065918 3.7471697330474854 5.6190004348754883 1
3.728851318359375 6.901301383972168 5.5837454795837402 1
3.7382526397705078 3.7119147777557373 5.5790448188781738 1
3.728851318359375 3.7119147777557373 8.7942848205566406 1
3.7359023094177246 3.7142651081085205 5.581395149230957 1
3.7359023094177246 3.6884117126464844 9.2643489837646484 1
3.7570552825927734 7.385467529296875 5.581395149230957 1
6.8735818862915039 3.6884117126464844 9.2784509658813477 1
7.2143783569335938 7.371366024017334 5.581395149230957 1
3.7335519790649414 3.7189657688140869 5.5978474617004395 1
3.7335519790649414 6.901301383972168 5.6119494438171387 1
3.7359023094177246 3.7072141170501709 5.6142997741699219 1
7.7949080467224121 3.7072141170501709 5.5860958099365234 1
3.7359023094177246 3.7213160991668701 5.6072487831115723 1
3.7359023094177246 7.371366024017334 9.6451015472412109 1
6.4693264961242676 3.695462703704834 5.6025481224060059 1
6.7067089080810547 3.7095644474029541 5.5884461402893066 1
3.7382526397705078 6.4265365600585938 5.6048984527587891 1
3.752354621887207 3.6978130340576172 5.6213507652282715 1
3.7570552825927734 6.5252499580383301 5.5907964706420898 1
3.7570552825927734 3.6978130340576172 9.2784509658813477 1
6.5680398941040039 3.7283670902252197 5.5907964706420898 1
3.7429533004760742 3.7824244499206543 5.6166501045227051 1
3.7876095771789551 3.7824244499206543 5.593146800994873 1
3.7429533004760742 6.5840082168579102 5.6378030776977539 1
8.1239528656005859 6.5840082168579102 5.593146800994873 1
3.7453036308288574 6.6921229362487793 5.6401534080505371 1
5.7759814262390137 3.7025136947631836 9.3701133728027344 1
7.7855067253112793 6.6921229362487793 5.5954971313476562 1
3.7476539611816406 3.7189657688140869 5.6237010955810547 1
3.7476539611816406 3.7307174205780029 5.6331024169921875 1
3.7500042915344238 3.7330677509307861 5.6142997741699219 1
3.7500042915344238 7.655754566192627 5.6260514259338379 1
6.3001031875610352 3.7424690723419189 5.6001977920532227 1
7.698544979095459 3.7072141170501709 5.6354527473449707 1
3.752354621887207 3.7283670902252197 8.3195199966430664 1
3.7547049522399902 6.8049383163452148 5.6119494438171387 1
6.944091796875 3.7119147777557373 5.6119494438171387 1
6.4693264961242676 3.7518703937530518 5.6048984527587891 1
3.7946603298187256 6.8049383163452148 5.6048984527587891 1
3.7570552825927734 3.7213160991668701 9.4782285690307617 1
3.7570552825927734 3.754220724105835 8.4182329177856445 1
3.7570552825927734 7.5852451324462891 5.6472043991088867 1
3.7617559432983398 7.1833400726318359 5.6237010955810547 1
3.7617559432983398 6.8049383163452148 9.0763235092163086 1
7.6280350685119629 3.7213160991668701 5.6260514259338379 1
3.8369662761688232 3.7354180812835693 5.6166501045227051 1
3.7664566040039062 3.7824244499206543 5.687159538269043 1
3.8040616512298584 3.7424690723419189 5.6190004348754883 1
6.3001031875610352 3.7260167598724365 5.6354527473449707 1
3.7688069343566895 3.7471697330474854 5.6542549133300781 1
3.7711572647094727 3.7518703937530518 8.3195199966430664 1
3.7711572647094727 7.1903910636901855 5.6448540687561035 1
3.7970106601715088 3.7283670902252197 8.4182329177856445 1
3.7711572647094727 3.754220724105835 9.0833740234375 1
3.7735075950622559 3.7636220455169678 5.6331024169921875 1
3.8158133029937744 3.7636220455169678 5.6237010955810547 1
3.7735075950622559 7.5758438110351562 5.6660065650939941 1
7.2261300086975098 7.5758438110351562 5.6237010955810547 1
3.7758579254150391 3.765972375869751 5.6683568954467773 1
3.7758579254150391 7.655754566192627 5.6589555740356445 1
3.7758579254150391 3.7753734588623047 5.6636562347412109 1
7.6280350685119629 3.7330677509307861 5.6636562347412109 1
8.0816469192504883 3.7495200634002686 5.6284017562866211 1
3.7782082557678223 3.7941761016845703 5.7130131721496582 1
3.8651700019836426 3.7354180812835693 5.7130131721496582 1
3.8651700019836426 8.0388574600219727 5.6284017562866211 1
3.7876095771789551 3.7401187419891357 5.6519045829772949 1
7.240231990814209 3.7401187419891357 5.6378030776977539 1
3.8017113208770752 3.7401187419891357 5.6566052436828613 1
7.698544979095459 3.7424690723419189 5.6542549133300781 1
3.7876095771789551 3.7589213848114014 5.675407886505127 1
3.8275649547576904 3.7612717151641846 5.6401534080505371 1
6.7349128723144531 3.7847747802734375 5.6401534080505371 1
7.7855067253112793 3.7495200634002686 9.9318408966064453 1
3.7946603298187256 3.7777237892150879 5.6613059043884277 1
6.8477282524108887 3.7518703937530518 5.6613059043884277 1
3.7946603298187256 3.7871251106262207 5.6707072257995605 1
3.7946603298187256 7.1903910636901855 5.6801085472106934 1
3.7970106601715088 3.7706730365753174 5.6730575561523438 1
7.6280350685119629 3.7706730365753174 5.6472043991088867 1
3.7970106601715088 3.7800741195678711 9.0833740234375 1
3.8463675975799561 3.7589213848114014 5.6566052436828613 1
3.8017113208770752 3.7988767623901367 5.675407886505127 1
3.8017113208770752 3.8035774230957031 5.6918601989746094 1
7.698544979095459 3.7612717151641846 5.6589555740356445 1
3.8040616512298584 7.6863088607788086 5.6589555740356445 1
3.8275649547576904 3.8012270927429199 5.6542549133300781 1
3.8040616512298584 3.8012270927429199 9.5792922973632812 1
3.8158133029937744 3.8035774230957031 5.6566052436828613 1
3.8181636333465576 3.765972375869751 5.698911190032959 1
7.7290987968444824 3.8059277534484863 5.6589555740356445 1
3.8322656154632568 3.7730231285095215 5.6613059043884277 1
7.6186337471008301 3.7683227062225342 5.6660065650939941 1
3.811112642288208 3.7777237892150879 5.6824588775634766 1
7.2261300086975098 6.8049383163452148 5.6613059043884277 1
7.2261300086975098 3.7683227062225342 9.4688272476196289 1
3.8134629726409912 3.7753734588623047 5.6848092079162598 1
3.83461594581604 3.7800741195678711 5.6636562347412109 1
3.858119010925293 3.7730231285095215 5.6824588775634766 1
3.8463675975799561 3.7730231285095215 5.7083125114440918 1
3.83461594581604 3.7753734588623047 5.710662841796875 1
3.8487179279327393 3.8176794052124023 5.6683568954467773 1
3.8299152851104736 3.8082780838012695 5.6707072257995605 1
3.8322656154632568 3.7777237892150879 5.7012615203857422 1
3.8299152851104736 3.7800741195678711 5.7036118507385254 1
7.2331809997558594 3.7800741195678711 5.6801085472106934 1
3.83461594581604 3.8106284141540527 5.6730575561523438 1
3.8416669368743896 3.7941761016845703 5.675407886505127 1
3.8275649547576904 3.7965264320373535 5.6942105293273926 1
3.8393166065216064 3.7847747802734375 9.6357002258300781 1
7.7855067253112793 3.7847747802734375 8.5851058959960938 1
3.8299152851104736 3.8129787445068359 5.7012615203857422 1
3.8299152851104736 3.8106284141540527 5.7059621810913086 1
3.8322656154632568 3.8082780838012695 5.7083125114440918 1
3.83461594581604 3.8176794052124023 5.7036118507385254 1
3.8416669368743896 3.824730396270752 5.687159538269043 1
3.8675203323364258 3.8200297355651855 5.687159538269043 1
3.8393166065216064 3.8270807266235352 5.6942105293273926 1
3.8393166065216064 3.8223800659179688 5.7200641632080078 1
8.0816469192504883 3.8223800659179688 5.6895098686218262 1
7.7855067253112793 8.0388574600219727 5.6895098686218262 1
3.8463675975799561 3.824730396270752 5.6918601989746094 1
3.869870662689209 3.8059277534484863 5.6942105293273926 1
7.7290987968444824 3.8012270927429199 5.698911190032959 1
3.858119010925293 3.8294310569763184 5.6965608596801758 1
3.8463675975799561 3.8294310569763184 5.7177138328552246 1
3.8604693412780762 3.8059277534484863 5.7247648239135742 1
3.8487179279327393 3.8270807266235352 5.7247648239135742 1
3.8510682582855225 3.8129787445068359 5.7271151542663574 1
3.8769216537475586 3.8153290748596191 5.7012615203857422 1
3.8792719841003418 3.8129787445068359 5.7036118507385254 1
3.8534185886383057 3.8176794052124023 5.7294654846191406 1
3.881622314453125 3.8341317176818848 5.7059621810913086 1
3.8557686805725098 3.836482048034668 5.7318158149719238 1
3.8886733055114746 3.8294310569763184 5.7083125114440918 1
3.858119010925293 3.8341317176818848 5.7388668060302734 1
3.8604693412780762 3.8317813873291016 5.7412171363830566 1
3.8910236358642578 3.836482048034668 5.710662841796875 1
3.8839726448059082 3.8223800659179688 5.7130131721496582 1
3.8628196716308594 3.824730396270752 5.734166145324707 1
3.8863229751586914 3.8270807266235352 5.7153635025024414 1
3.8839726448059082 3.8505837917327881 5.7153635025024414 1
3.893373966217041 3.8435328006744385 5.7153635025024414 1
3.8675203323364258 3.8294310569763184 5.734166145324707 1
3.8863229751586914 3.8317813873291016 5.7200641632080078 1
3.8886733055114746 3.8411824703216553 5.722414493560791 1
3.8910236358642578 3.8317813873291016 5.7365164756774902 1
3.8769216537475586 3.8388321399688721 5.745917797088623 1
3.8957242965698242 3.8458831310272217 5.7271151542663574 1
3.8957242965698242 3.8388321399688721 5.7294654846191406 1
3.8792719841003418 3.8482334613800049 5.745917797088623 1
3.893373966217041 3.8411824703216553 5.7388668060302734 1
3.893373966217041 3.8482334613800049 5.7365164756774902 1
3.8957242965698242 3.8505837917327881 5.7388668060302734 1
3.8957242965698242 3.8482334613800049 5.7435674667358398 1
5.7101726531982422 4.9622859954833984 8.3759279251098633 1
5.5621023178100586 7.2632508277893066 8.904749870300293 1
5.9264020919799805 5.6438794136047363 7.7272391319274902 1
5.7101726531982422 6.4829440116882324 7.9787235260009766 1
7.3107419013977051 6.4006829261779785 7.7601437568664551 1
6.9487919807434082 8.0177040100097656 7.9129142761230469 1
6.2248930931091309 7.0869770050048828 8.2584114074707031 1
6.2248930931091309 7.0117664337158203 8.9799604415893555 1
7.9547300338745117 6.2197079658508301 9.7978725433349609 1
6.356511116027832 6.3959822654724121 8.6626672744750977 1
7.2496333122253418 6.7696833610534668 8.2889652252197266 1
6.8688812255859375 6.3959822654724121 9.8519296646118164 1
7.1861748695373535 6.5581545829772949 9.9177389144897461 1
6.6855559349060059 7.3431620597839355 8.8342399597167969 1
6.8688812255859375 7.9589462280273438 9.5722417831420898 1
8.0017366409301758 7.714512825012207 9.5722417831420898 1

Tetrahedra
16471
1 3059 7 3 1
1 3 9 3059 1
2559 3117 2550 2395 1
1 5 2808 2456 1
1 2456 2808 9 1
1779 2725 1884 1781 1
2 4 8 3320 1
2 3320 10 4 1
2 3320 8 6 1
2 6 2456 3320 1
2043 3157 2114 2049 1
2539 2845 2543 3661 1
3 3500 11 9 1
3 3059 3500 9 1
3 13 3847 15 1
4144 2491 274 1619 1
3508 1705 2656 2793 1
4 3320 16 8 1
4 10 12 3562 1
4 10 3562 3320 1
2749 2544 2740 2788 1
4 3320 3936 14 1
4 14 16 3320 1
1849 1843 2650 2889 1
2627 2496 2652 2632 1
5 2808 21 7 1
5 17 21 2808 1
5 17 2808 2456 1
6 8 22 3320 1
2494 2507 3351 3250 1
6 18 2456 3320 1
7 3091 21 15 1
3487 3398 2897 2529 1
1872 2814 3441 1954 1
3180 9 2455 2456 1
93 127 129 1440 1
3068 2931 2403 2664 1
9 11 23 3500 1
310 3532 256 2981 1
3311 2909 2541 2846 1
1620 2687 2712 3425 1
10 3562 24 12 1
228 2780 2988 255 1
11 13 19 3847 1
11 13 3847 3 1
2505 2739 2878 2937 1
11 3500 29 23 1
12 3936 20 14 1
12 4 3936 14 1
12 24 30 3562 1
2445 3306 3166 2512 1
2530 2878 2535 2827 1
2564 2920 2681 2680 1
13 25 3847 15 1
14 3092 26 16 1
14 28 26 3092 1
14 3092 3936 20 1
15 21 31 3091 1
15 3091 31 25 1
16 3092 32 22 1
16 26 32 3092 1
18 2456 58 17 1
17 2808 57 21 1
2979 2691 3043 3058 1
17 58 57 2456 1
17 57 2808 2456 1
1806 2765 2568 2680 1
762 2510 3075 802 1
18 22 58 3320 1
18 58 2456 3320 1
139 2985 174 143 1
1764 1713 2617 1656 1
2258 3548 2192 2259 1
2774 3174 2482 3376 1
3036 2608 3339 1494 1
19 33 35 3847 1
19 33 3847 27 1
1819 1876 1880 3060 1
28 3092 41 38 1
20 30 36 3936 1
20 4174 36 34 1
20 4179 4174 34 1
21 3091 59 31 1
21 57 59 2808 1
2649 2766 3186 2450 1
22 3092 60 3320 1
76 53 68 3802 1
23 2455 3295 3286 1
23 2455 43 42 1
23 42 3295 2455 1
23 29 47 3500 1
23 3500 47 43 1
815 3380 986 928 1
3081 2486 2986 3344 1
24 3562 48 30 1
24 44 48 3562 1
24 2311 2455 44 1
2510 2851 3016 2973 1
3509 2532 3632 2506 1
3233 2835 4074 2636 1
25 31 37 3091 1
26 3092 38 32 1
4179 41 34 28 1
871 2898 951 943 1
229 3532 310 250 1
2787 2743 2613 2957 1
1809 1855 2525 2795 1
1465 3365 1521 1469 1
29 35 47 2454 1
1417 2805 1386 1452 1
30 2457 48 36 1
2937 2797 2530 2531 1
31 3091 45 37 1
31 59 45 3091 1
32 38 46 3092 1
33 3383 51 49 1
33 51 3383 40 1
34 36 50 4174 1
34 50 52 4174 1
52 79 4179 3328 1
35 2454 55 47 1
2634 1847 1856 3176 1
36 48 56 2457 1
36 4174 56 50 1
2871 1460 1428 3040 1
37 45 53 3091 1
38 41 62 3092 1
38 3092 54 46 1
38 3092 62 54 1
77 91 133 2526 1
34 41 4179 52 1
3189 2472 4091 2581 1
2672 2527 3431 2490 1
3382 3648 3176 2634 1
2732 2862 2861 2649 1
40 3960 61 51 1
3297 4026 2521 2516 1
2802 2640 2824 2636 1
2856 2732 2624 3213 1
42 43 64 2455 1
42 2455 65 44 1
42 2455 64 63 1
42 63 65 2455 1
43 47 72 3012 1
43 3012 72 64 1
44 3562 73 48 1
44 65 73 3560 1
1575 1670 2600 2853 1
2925 2968 1899 1917 1
45 3091 68 53 1
45 59 68 3091 1
3389 90 76 3802 1
46 54 77 3092 1
1515 1525 3831 3040 1
46 3092 77 69 1
47 55 74 2454 1
47 2454 74 72 1
48 2457 75 56 1
48 73 75 2457 1
49 51 70 3383 1
3265 3412 2518 2847 1
49 4242 70 66 1
50 4174 71 52 1
50 56 67 4174 1
50 67 71 4174 1
51 3789 78 70 1
52 71 79 3328 1
62 79 4179 52 1
4160 3849 2478 3399 1
2711 2472 3751 2549 1
54 62 91 3761 1
54 3761 91 77 1
55 66 88 2454 1
55 2454 88 74 1
56 2457 89 67 1
56 75 89 2457 1
3591 2222 2867 2153 1
150 187 191 3532 1
2809 3062 2745 2744 1
1500 1504 3751 1543 1
1743 3072 1790 1788 1
2134 2801 3254 2208 1
58 2833 81 80 1
57 2826 82 59 1
57 59 2808 2826 1
57 80 82 2826 1
2210 2214 3625 2268 1
57 2808 2456 2826 1
57 80 2826 58 1
2203 2273 2279 3567 1
58 2833 83 81 1
58 2456 3320 2833 1
312 211 3355 217 1
59 3389 86 68 1
753 3016 813 805 1
175 204 206 2990 1
58 2833 60 83 1
1990 1986 3678 2803 1
2316 2329 3922 3673 1
1091 2700 1203 1190 1
1018 3589 1115 1097 1
2786 2745 2656 1705 1
62 79 110 3761 1
62 3761 110 91 1
63 64 92 2455 1
2177 2230 2238 2782 1
63 2455 93 65 1
63 2455 92 93 1
1591 1667 1669 3924 1
64 72 97 3012 1
64 3012 97 92 1
65 3560 98 73 1
65 93 98 3560 1
3882 2514 4211 3757 1
65 3560 2455 93 1
66 70 84 4242 1
2936 2868 2667 3082 1
67 4174 85 71 1
763 3265 817 784 1
1728 3665 1726 1768 1
68 3389 86 76 1
76 86 107 3389 1
240 282 424 3770 1
2471 3770 2682 2981 1
3691 3063 2577 274 1
60 2526 87 83 1
190 2988 249 228 1
70 78 94 3789 1
70 3789 94 84 1
2449 3589 2879 2961 1
71 3328 95 79 1
71 85 95 3328 1
1920 1987 1991 2762 1
2718 1304 2800 2767 1
72 74 103 3991 1
3297 2521 1349 2799 1
73 2457 104 75 1
73 98 104 2457 1
1466 1472 1519 2914 1
74 88 116 3991 1
74 3991 116 103 1
75 2457 117 89 1
75 104 117 2457 1
2822 2752 2645 2644 1
195 258 2919 3896 1
76 3389 132 90 1
132 90 3389 3109 1
76 107 132 3389 1
1716 3060 1819 1772 1
2304 2296 2322 3095 1
77 87 2526 108 1
77 2526 133 108 1
3761 91 2526 110 1
1085 4262 2718 1177 1
1955 1957 1998 3281 1
1887 1893 3438 3213 1
79 95 110 3393 1
79 3393 3328 95 1
80 81 100 2466 1
80 96 99 2466 1
80 2466 100 96 1
80 2462 101 82 1
80 99 101 2462 1
311 345 410 3168 1
1530 1578 1580 3261 1
81 83 102 2469 1
81 2469 102 100 1
81 100 2466 2469 1
82 2462 105 86 1
82 101 105 2462 1
1038 2570 1029 1072 1
83 87 106 2469 1
2618 2862 2663 4153 1
83 2469 106 102 1
2700 1117 1203 4026 1
2512 2904 3306 3166 1
84 94 118 3605 1
1308 1346 1394 3579 1
84 118 111 3605 1
1920 2762 2650 1916 1
85 3328 119 95 1
2552 2707 2913 2547 1
85 4150 112 119 1
86 105 122 2462 1
86 122 107 2462 1
2462 157 122 107 1
86 2462 107 3389 1
2462 3389 157 107 1
87 2469 123 106 1
87 2469 158 123 1
87 108 123 158 1
87 2526 158 2469 1
87 108 158 2526 1
88 111 116 3605 1
89 4150 117 112 1
90 3109 132 109 1
109 132 166 3109 1
2755 3054 2814 3429 1
133 110 167 2526 1
2526 2471 110 167 1
2564 2943 2920 2909 1
144 2990 3007 177 1
1038 1094 3966 2570 1
1482 2577 3516 1484 1
920 916 2908 1058 1
92 97 128 3012 1
1477 3521 3948 3750 1
93 3560 129 98 1
2230 3591 3913 2222 1
93 1440 2464 127 1
2193 2199 2261 4023 1
94 109 136 2459 1
94 2459 136 118 1
95 2471 137 110 1
95 119 137 2471 1
96 2467 114 99 1
96 99 2466 2467 1
96 100 115 2467 1
96 2467 2466 100 1
96 113 114 2467 1
1995 3246 1988 3735 1
96 2467 115 113 1
97 103 134 3991 1
97 128 3991 134 1
128 2460 3991 134 1
1466 1402 2914 3307 1
135 2468 98 129 1
99 2774 120 101 1
99 101 2462 2774 1
99 114 120 2774 1
755 3016 803 763 1
100 102 121 2764 1
100 2764 2469 102 1
100 2764 121 115 1
101 2463 124 105 1
101 105 2462 2463 1
101 120 124 2463 1
102 106 125 3126 1
102 3126 2469 106 1
102 3126 125 121 1
1666 1668 3373 3339 1
1533 3260 1496 3879 1
104 2468 152 117 1
862 920 3083 3748 1
104 135 152 2468 1
104 2468 98 135 1
1483 1485 2572 4256 1
105 2463 130 122 1
105 122 2462 2463 1
1597 3079 1640 1638 1
1366 1374 1405 3111 1
105 124 130 2463 1
3411 2580 4091 3113 1
106 123 131 3126 1
106 3126 2469 123 1
106 3126 131 125 1
1647 1746 1750 3931 1
2725 2733 3186 2633 1
1030 3487 4131 4180 1
198 218 241 3574 1
2992 3292 3264 2994 1
144 2764 148 3007 1
109 2459 166 136 1
110 137 167 2471 1
3473 1144 1196 1219 1
111 3605 149 116 1
111 3605 88 84 1
111 3605 153 149 1
111 3605 118 153 1
112 117 150 3458 1
112 85 89 4150 1
112 150 154 3458 1
112 119 3458 154 1
113 2467 139 114 1
113 115 140 2467 1
1716 2885 1717 2615 1
113 138 139 2467 1
113 2467 140 138 1
3870 200 237 234 1
114 139 143 2467 1
1130 3725 1213 1178 1
1589 3253 1626 1526 1
535 4212 640 588 1
2571 2594 2452 4164 1
1083 1060 2749 2541 1
2190 4038 2260 2247 1
116 151 3605 149 1
268 3575 236 219 1
117 2468 152 150 1
117 150 3458 2468 1
118 136 170 2459 1
118 2459 170 153 1
119 2471 171 137 1
119 154 171 2471 1
120 2463 147 124 1
120 143 147 3816 1
121 125 148 2470 1
144 3007 148 177 1
122 130 141 2463 1
1550 3876 1585 1559 1
4183 4084 3693 2483 1
122 141 157 4056 1
157 141 196 4056 1
157 4056 2462 122 1
123 2469 158 142 1
123 131 3126 142 1
158 142 2469 197 1
124 2463 155 130 1
766 779 834 3494 1
124 147 155 2463 1
1441 1462 3471 4079 1
125 131 156 2470 1
125 2470 156 148 1
3331 3765 3029 3234 1
127 126 162 2464 1
2202 2867 2282 2222 1
3677 2625 2983 2551 1
3227 2840 2532 3405 1
127 2464 162 163 1
126 3219 128 168 1
127 2468 169 129 1
127 163 169 2468 1
132 157 194 3389 1
128 134 178 2460 1
128 2460 178 168 1
129 2468 179 135 1
129 169 179 2468 1
130 2463 145 141 1
145 2463 172 141 1
2174 2917 2251 2231 1
839 2505 888 3544 1
108 2526 133 158 1
145 180 172 2463 1
660 3599 4260 756 1
131 142 146 2470 1
146 142 173 2470 1
3870 234 4167 273 1
1942 1927 3536 1989 1
1609 3105 4214 1634 1
1027 2321 992 3988 1
2651 2705 3205 3635 1
146 2470 173 181 1
132 3109 194 166 1
176 203 209 2716 1
133 167 195 2526 1
134 151 182 2460 1
134 2460 182 178 1
135 2468 183 152 1
135 179 183 2468 1
945 3935 1016 1000 1
136 166 207 2459 1
136 2459 207 170 1
946 1001 1017 3988 1
137 2471 208 167 1
137 171 208 2471 1
138 2985 164 139 1
138 139 2467 2985 1
138 140 165 2985 1
138 2985 2467 140 1
138 161 164 2985 1
138 2985 165 161 1
2985 164 174 3892 1
139 164 174 2985 1
139 2467 2985 143 1
140 144 175 2990 1
140 2990 175 165 1
140 165 2985 2990 1
143 3816 176 147 1
143 174 176 2716 1
1972 3097 2951 2924 1
144 2990 177 175 1
3936 2311 2457 726 1
1262 2962 1298 1273 1
2703 3642 3454 2946 1
180 198 224 3795 1
160 181 199 3007 1
148 3007 156 185 1
199 181 225 3007 1
149 2460 186 151 1
149 153 190 3605 1
149 2460 190 186 1
150 152 187 2468 1
150 2468 3532 3458 1
151 2460 186 182 1
152 183 187 2468 1
153 170 214 2459 1
1031 1126 1131 2539 1
154 2471 215 171 1
1131 1179 1214 3797 1
2241 4263 2307 2273 1
130 155 159 2463 1
2125 2205 2133 2984 1
147 2463 3816 155 1
147 3816 184 155 1
3007 160 189 199 1
60 69 87 2526 1
189 156 160 3007 1
157 4056 196 194 1
158 195 197 2469 1
2197 3181 3122 2235 1
180 2463 192 172 1
2891 2698 2480 2481 1
181 173 193 2470 1
2319 2307 2316 4046 1
2995 2855 3804 1696 1
163 162 216 2464 1
163 2464 216 211 1
163 211 217 2464 1
161 3545 201 164 1
161 165 202 3870 1
161 200 201 3870 1
161 3870 202 200 1
162 168 220 3219 1
162 3219 220 216 1
163 2468 221 169 1
2315 2324 2328 3095 1
593 509 3224 621 1
164 3892 205 174 1
164 201 3892 3545 1
1610 1635 1608 4227 1
591 621 718 3570 1
165 2990 206 3202 1
2120 4265 2177 2136 1
165 202 3870 3202 1
1477 4193 3521 1542 1
166 194 247 3109 1
166 3745 247 207 1
167 3896 248 195 1
167 208 248 3770 1
170 207 239 2459 1
170 2459 239 214 1
171 2471 240 208 1
171 215 240 2471 1
3989 3283 3178 3279 1
174 3755 203 2716 1
174 3755 205 203 1
165 175 206 2990 1
2990 3809 177 204 1
802 875 879 3075 1
176 2716 209 184 1
235 209 3574 218 1
177 185 210 3408 1
1334 2532 1316 3310 1
660 4157 768 704 1
884 940 1054 3129 1
4024 404 3317 488 1
2932 915 919 3231 1
2363 2370 4043 3235 1
180 3795 224 192 1
181 193 225 2470 1
182 186 212 2460 1
183 2468 213 187 1
184 3574 218 188 1
184 155 3795 188 1
209 184 3574 218 1
3853 3898 2621 2906 1
3575 189 219 242 1
210 3408 219 3809 1
2716 2888 3376 2960 1
143 2774 2960 2716 1
186 190 228 2460 1
186 2460 228 212 1
150 3532 191 3458 1
187 213 229 2468 1
4261 852 3279 3356 1
198 188 3795 159 1
505 3626 4016 536 1
156 185 3007 189 1
190 3195 2459 2988 1
187 229 3532 2468 1
3876 1583 1585 3134 1
470 528 532 3570 1
193 3229 246 225 1
1335 3311 1317 2541 1
3222 3123 2907 3596 1
194 196 257 4056 1
194 3027 257 247 1
194 247 3109 3027 1
194 3027 4056 257 1
2319 2307 4046 4263 1
3896 248 258 3028 1
195 248 258 3896 1
3730 2953 1841 1825 1
195 258 197 2919 1
928 3380 4232 870 1
196 226 303 3747 1
3454 2364 3744 2356 1
196 257 4056 303 1
2792 4263 3962 2178 1
3765 3136 3331 3029 1
1082 3509 1159 1140 1
4074 3032 3480 2660 1
2179 2196 2242 2793 1
198 218 3574 188 1
199 189 3575 242 1
237 243 3892 4167 1
419 4233 534 459 1
234 277 237 4167 1
3870 234 237 4167 1
201 3892 243 205 1
201 164 3892 205 1
201 243 3892 237 1
3870 4167 237 3545 1
202 206 244 3202 1
202 3202 165 206 1
202 244 238 3202 1
3937 4261 636 757 1
1016 1026 1068 3250 1
2122 3608 2936 2124 1
204 231 233 3809 1
2933 3098 3346 2953 1
206 233 244 3202 1
207 3745 317 239 1
207 247 317 3745 1
208 240 318 3770 1
208 3770 318 248 1
2716 203 209 230 1
210 204 3809 231 1
210 3809 236 231 1
1666 3339 3373 1662 1
2301 2325 2309 3472 1
212 228 255 2460 1
213 2468 256 229 1
214 239 281 2459 1
214 2459 281 249 1
4236 3303 4128 2478 1
215 2471 282 240 1
215 250 282 2471 1
1153 2881 1197 1155 1
3943 492 420 4226 1
2226 2867 2244 2173 1
1814 1826 4049 3406 1
2131 3905 2193 2191 1
1848 2679 1919 1915 1
3851 3540 1964 2921 1
40 3383 27 3960 1
3013 2533 4178 3958 1
3428 4148 3225 3637 1
147 184 3816 176 1
3796 665 3226 4138 1
224 259 245 4104 1
888 2449 943 953 1
785 702 3610 4086 1
2972 3006 3423 789 1
225 3229 246 260 1
2479 3433 3354 3049 1
1889 1907 1926 2999 1
225 3575 3229 260 1
3942 331 3768 3621 1
2582 2818 2604 2816 1
224 3574 198 241 1
659 3243 780 765 1
225 242 199 3575 1
3916 3835 3397 3696 1
3113 1569 1565 2896 1
3651 3699 1360 1372 1
715 3698 4181 3781 1
2335 3965 2342 2329 1
837 905 907 3616 1
482 4260 530 512 1
2054 3125 3885 3731 1
190 2988 2459 249 1
466 2954 3417 3028 1
1359 1371 1391 3650 1
191 229 250 3532 1
2981 2484 2468 256 1
230 232 251 3334 1
2339 3427 3622 2332 1
2818 2603 2604 2816 1
230 3571 4120 235 1
230 251 4120 3571 1
3150 3990 3084 2630 1
3330 2365 3902 3361 1
419 385 491 4010 1
2163 3144 3009 2224 1
3356 825 3977 882 1
4167 277 287 383 1
3227 3013 3706 1119 1
4207 408 478 3038 1
709 740 3791 721 1
2935 2859 3302 2947 1
273 2483 277 4167 1
234 273 277 4167 1
20 28 3092 4179 1
239 2474 423 281 1
239 281 2459 3745 1
239 317 423 2474 1
239 2474 3745 317 1
456 500 527 4205 1
282 3770 2981 2488 1
240 3770 2471 282 1
424 318 3770 2488 1
240 318 3770 424 1
743 3119 2674 651 1
224 241 4104 3574 1
687 723 738 4155 1
224 259 4104 241 1
242 225 260 3575 1
3418 3705 3390 2972 1
3806 863 851 845 1
3775 464 4237 519 1
3555 4204 3850 3764 1
901 916 974 3115 1
623 550 611 3801 1
3751 1504 2549 2472 1
334 3455 314 336 1
2352 3553 3137 3142 1
3665 1773 3898 1768 1
245 259 265 4190 1
245 259 4190 4104 1
246 354 266 4244 1
246 4244 266 260 1
246 4244 344 354 1
1486 1500 2549 3751 1
211 311 2464 216 1
217 221 2464 3355 1
3014 2894 3088 2860 1
247 317 3745 2474 1
248 318 466 2954 1
248 2488 3770 318 1
248 2488 3896 3770 1
249 2988 402 309 1
994 1040 927 4070 1
249 2988 281 402 1
1063 1042 3231 4126 1
250 310 403 2981 1
3316 836 3923 906 1
250 282 2981 403 1
3214 3081 792 3781 1
792 773 3781 3616 1
1279 2870 1345 1293 1
2063 2055 3608 3906 1
252 308 272 3912 1
3519 3794 3348 3891 1
1701 2787 1754 1707 1
2178 4263 2241 2195 1
216 311 3219 220 1
383 2483 472 3776 1
266 270 260 4244 1
402 2988 651 501 1
3563 3611 3394 3123 1
4100 4207 400 474 1
344 3733 506 354 1
4225 2400 3594 2394 1
286 4093 3932 292 1
3415 550 478 4102 1
633 4148 3301 3897 1
255 2475 379 261 1
255 261 2460 2780 1
255 309 379 2475 1
2988 309 255 2475 1
256 262 380 2484 1
256 2484 2468 262 1
229 256 3532 2468 1
419 4233 4010 534 1
2299 4266 2316 4046 1
2337 3683 2347 3641 1
257 4056 303 3303 1
4108 426 4222 4129 1
220 2780 2460 261 1
644 3812 3968 713 1
3104 3604 4087 722 1
221 2484 346 262 1
221 262 2468 2484 1
221 3355 346 2484 1
1341 3650 1359 2799 1
738 771 3968 4155 1
1784 1792 1814 3853 1
3166 2513 2721 4178 1
435 3726 3887 3975 1
3727 3999 4077 685 1
342 391 3388 4054 1
4186 3183 3489 3385 1
259 4190 301 269 1
261 3168 375 345 1
261 2475 379 375 1
262 346 376 2484 1
262 376 380 2484 1
1280 1294 1346 2845 1
574 4102 3811 552 1
3859 556 3492 4008 1
3636 3191 722 639 1
3603 3211 3742 3842 1
3654 3763 3414 3453 1
295 3961 4189 4230 1
2417 3740 2401 3909 1
3737 429 4113 4036 1
265 4190 259 269 1
495 556 3492 3859 1
266 4092 280 270 1
544 4212 588 585 1
39 2989 2721 2497 1
177 3809 3408 210 1
156 160 3007 2470 1
268 3234 302 328 1
269 3449 347 297 1
269 301 347 4190 1
269 347 3449 4190 1
3838 2621 4203 1770 1
2385 4034 4032 2388 1
272 284 286 2487 1
272 2487 308 284 1
4041 578 493 518 1
2611 1495 684 2830 1
1812 1938 1861 2821 1
1550 3876 3365 1518 1
2383 3539 2391 4043 1
322 4196 389 332 1
1831 4213 1851 1866 1
367 394 415 4047 1
499 3848 4015 543 1
2611 684 2693 2612 1
279 297 299 3449 1
4155 3713 640 723 1
279 351 3449 299 1
280 3989 300 298 1
280 3989 350 352 1
1067 1093 2740 2728 1
4041 609 627 655 1
281 2474 522 402 1
281 423 522 2474 1
282 403 523 2488 1
282 2488 523 424 1
285 3738 283 4209 1
283 3738 291 289 1
3738 289 321 331 1
3717 321 307 3840 1
284 292 4162 290 1
284 2487 4162 286 1
289 321 283 3738 1
3768 321 3621 331 1
286 292 4162 284 1
271 283 307 3717 1
556 625 3578 4008 1
209 230 235 2716 1
2377 3539 4043 2384 1
4076 4195 4172 563 1
2851 2937 2878 2535 1
292 3547 290 296 1
292 296 324 3547 1
294 3992 338 4223 1
293 295 4254 3790 1
293 295 4230 3961 1
2878 2937 2530 2535 1
294 4223 314 296 1
295 4254 3790 329 1
296 330 4223 314 1
643 712 737 4127 1
297 299 3449 4024 1
298 300 326 393 1
298 348 4053 393 1
280 300 3989 352 1
392 4024 404 325 1
3760 2630 1767 4168 1
300 393 340 326 1
300 372 340 3989 1
301 327 385 3865 1
301 347 4190 4010 1
841 3886 3877 785 1
302 3710 4133 348 1
302 328 3234 3829 1
303 343 4218 3626 1
283 3738 321 3717 1
557 4048 496 3580 1
713 3812 3968 759 1
304 3773 4176 344 1
3391 828 3767 3964 1
307 321 365 3840 1
309 3224 501 379 1
463 4041 518 4239 1
3977 878 864 852 1
220 261 345 3168 1
220 3168 345 311 1
3775 4085 458 517 1
463 485 3834 4239 1
221 312 346 3355 1
4250 3834 516 4005 1
3552 559 610 4234 1
411 3421 3465 3355 1
4224 4041 609 558 1
1039 2788 2740 1073 1
3358 2359 3361 3824 1
4240 3333 2372 2380 1
313 3762 335 315 1
313 329 341 3790 1
313 333 335 3762 1
314 316 336 356 1
378 3836 436 3764 1
314 3388 342 330 1
4127 758 4154 712 1
3455 370 356 336 1
317 2474 601 423 1
318 424 602 2488 1
318 2954 602 466 1
319 3949 4110 4039 1
319 323 291 3335 1
285 283 3738 291 1
320 4017 4123 4067 1
292 3932 324 4093 1
3717 283 307 321 1
321 3840 3621 365 1
4017 320 4123 4188 1
2009 2014 2086 2832 1
325 4024 404 363 1
326 340 364 405 1
326 340 405 393 1
340 3989 405 393 1
3545 201 3892 237 1
588 4212 687 644 1
3337 280 298 3989 1
385 3293 3130 398 1
3297 1203 1290 2521 1
399 3639 3479 432 1
3910 664 597 611 1
955 961 1016 3935 1
684 1495 2615 2830 1
684 2885 2830 2615 1
414 4137 479 477 1
684 2885 2615 2612 1
333 4238 359 335 1
333 367 359 4238 1
684 2615 2693 2612 1
334 336 360 370 1
334 3455 3719 358 1
334 3719 360 368 1
339 363 371 4024 1
791 904 4161 3364 1
340 3989 372 364 1
340 3989 393 300 1
340 364 405 3989 1
956 3988 1017 962 1
792 3616 946 905 1
341 357 333 4238 1
341 4238 406 357 1
341 390 3919 329 1
341 3956 3790 329 1
342 3455 334 358 1
334 370 3455 336 1
391 3388 4054 3669 1
301 3865 385 4010 1
2456 2465 726 2833 1
266 270 4244 4092 1
344 3733 4176 506 1
345 375 446 3168 1
346 3021 447 376 1
347 3449 4190 3381 1
1099 2532 1180 1136 1
1100 1137 1181 2541 1
349 3561 3449 351 1
349 351 442 3561 1
2568 2691 1806 793 1
352 372 300 3989 1
350 3989 443 352 1
2567 793 2691 2568 1
2587 1806 2611 2677 1
2810 2568 1806 793 1
351 371 450 4024 1
2810 793 2843 2568 1
1806 2691 2611 2677 1
351 4024 450 442 1
298 393 3989 300 1
352 3989 451 372 1
2843 793 2567 2568 1
352 443 451 3989 1
2339 3622 3855 3613 1
301 4010 385 419 1
235 3574 267 218 1
177 3809 210 204 1
385 3293 491 3848 1
492 386 420 4226 1
492 4226 3479 386 1
1579 1577 2584 1652 1
3829 302 3543 3234 1
557 626 634 3353 1
357 4238 367 333 1
357 421 394 4047 1
357 406 421 4047 1
358 334 368 3719 1
359 367 396 4007 1
359 4007 396 369 1
369 396 417 4007 1
369 3926 4007 417 1
360 3719 397 368 1
360 3719 370 397 1
363 371 4024 427 1
363 433 427 404 1
364 428 3989 372 1
364 405 428 434 1
2833 2465 726 2682 1
366 3891 3983 389 1
4187 2344 2371 4243 1
367 4007 415 396 1
396 415 439 4250 1
368 3719 397 416 1
2673 2480 2981 2682 1
2981 2811 2682 2480 1
1392 1405 1407 2800 1
363 404 427 4024 1
371 427 450 4024 1
2799 1398 2521 1349 1
793 2677 1806 2563 1
364 3989 428 405 1
372 3989 451 428 1
2567 2563 2677 793 1
174 2716 203 176 1
373 3771 3670 377 1
2810 793 1806 2563 1
2810 2563 2843 793 1
2843 2563 2567 793 1
374 3993 4069 362 1
375 379 509 2475 1
375 2475 509 446 1
3809 236 219 210 1
376 2484 510 380 1
376 447 3416 3021 1
3125 2050 3885 3480 1
377 3601 373 3771 1
4207 474 408 400 1
377 3670 4106 3627 1
401 4248 3880 409 1
436 3970 430 3764 1
379 501 593 3224 1
379 2475 3224 509 1
380 3218 594 502 1
380 510 3674 2484 1
381 3887 4042 3995 1
3836 436 3889 3723 1
378 436 3836 3723 1
2483 3952 383 4167 1
2673 2575 2981 2480 1
2981 2811 2480 2575 1
328 3518 2939 399 1
387 410 452 3421 1
387 3421 452 411 1
3981 3601 3771 373 1
388 3732 455 431 1
286 4093 4255 3932 1
390 4006 448 406 1
390 406 341 3478 1
2455 2311 2465 2386 1
390 444 448 4006 1
2456 2465 2833 2446 1
391 4054 342 4241 1
391 4054 4241 445 1
540 3800 612 598 1
414 477 481 3953 1
2456 2833 2826 2446 1
394 3834 437 415 1
4047 421 3834 4239 1
3834 485 516 548 1
415 437 457 3834 1
2455 2386 2465 2464 1
2649 2791 2451 2861 1
438 416 458 3775 1
395 3775 416 438 1
3040 2579 2583 3090 1
396 484 439 417 1
397 418 440 3719 1
645 4109 3854 674 1
2555 2987 2554 2563 1
2599 2816 274 2491 1
402 2988 2474 651 1
402 522 651 2474 1
2711 2987 2554 2555 1
403 2488 652 523 1
403 282 2981 2488 1
404 482 433 427 1
2395 2554 2555 2711 1
1420 2804 1436 1426 1
405 428 434 483 1
4005 516 484 570 1
415 3834 4047 394 1
406 448 453 4009 1
407 3878 454 449 1
407 4054 3878 449 1
4102 474 478 4207 1
793 2691 1806 2677 1
2567 2677 2691 793 1
3285 475 479 553 1
410 446 470 3110 1
2567 2586 2691 2677 1
411 452 471 3421 1
2600 2578 274 1619 1
412 3845 565 473 1
2567 2586 2677 2563 1
413 3926 480 476 1
3953 477 481 540 1
415 4250 457 439 1
415 457 4250 3834 1
421 3834 463 437 1
421 463 3834 4239 1
421 463 4239 453 1
538 570 597 4005 1
421 4047 406 453 1
422 438 464 3775 1
422 4237 464 454 1
407 454 3878 422 1
3718 600 4085 549 1
423 2474 729 522 1
423 601 729 2474 1
424 523 730 2488 1
424 2488 730 602 1
426 430 4108 4222 1
427 512 482 433 1
705 811 769 3914 1
427 3278 514 450 1
427 512 514 4260 1
428 434 483 513 1
428 4261 513 483 1
428 4261 515 513 1
429 4036 3888 4113 1
429 495 3888 4186 1
430 436 4065 3970 1
430 3908 4065 4108 1
398 431 4037 3459 1
433 530 512 482 1
434 483 513 531 1
2489 2587 1806 2915 1
3080 2477 2478 2690 1
3080 3849 2690 2478 1
2563 2489 1806 2915 1
2489 2915 2582 2587 1
2489 2677 1806 2587 1
2563 2915 2582 2489 1
2938 2536 2873 2531 1
2537 2536 2873 2938 1
444 4042 503 4107 1
2489 2723 2582 2586 1
2456 2833 726 3320 1
442 3278 4024 450 1
442 572 3278 450 1
3650 1363 2799 1349 1
442 572 580 3278 1
443 451 3989 3178 1
443 451 3178 573 1
443 462 581 3178 1
2278 3194 2266 2254 1
2720 2682 2833 726 1
444 4006 503 448 1
446 3110 528 470 1
4041 649 629 4005 1
448 503 507 4192 1
449 504 4001 508 1
450 4024 427 3278 1
450 514 572 3278 1
39 3306 2445 2512 1
500 492 544 3257 1
2563 2915 1806 2810 1
453 4041 493 463 1
453 4041 507 493 1
225 199 3007 3575 1
548 599 4005 578 1
463 4041 4239 453 1
4005 578 599 629 1
4041 629 649 662 1
454 464 494 4237 1
508 4234 4237 494 1
579 600 630 3718 1
3718 549 579 600 1
454 508 4237 494 1
224 3574 3795 198 1
526 3687 3533 467 1
1806 2915 2588 2564 1
654 3502 699 675 1
575 546 654 4146 1
4233 582 4269 534 1
4233 582 534 459 1
524 582 605 4233 1
3707 4212 3943 4226 1
4011 525 583 606 1
1806 2587 2588 2915 1
2563 2677 1806 2489 1
461 3177 637 505 1
461 580 637 3177 1
2598 2587 2694 2605 1
2598 2587 2695 2694 1
642 3243 693 608 1
463 4239 518 485 1
4041 518 493 463 1
4237 519 494 579 1
4237 464 494 519 1
465 520 3466 3080 1
641 607 692 3242 1
466 3417 3430 521 1
467 474 3470 3687 1
93 2464 1440 2455 1
468 3554 546 475 1
575 475 546 3554 1
2455 1440 2386 2464 1
469 568 569 2483 1
472 2483 469 569 1
473 568 469 2483 1
2584 2606 1494 2819 1
2567 2710 2942 2452 1
2567 2586 2942 2710 1
574 645 4102 552 1
4102 645 623 552 1
2819 2606 1494 3339 1
409 3285 3880 479 1
3910 611 597 539 1
477 3953 551 540 1
4102 623 550 552 1
3317 4260 603 482 1
3317 3610 4260 3278 1
483 513 531 604 1
358 3878 422 407 1
449 508 4237 454 1
448 453 4192 507 1
28 3092 38 26 1
19 13 27 3847 1
491 4269 587 534 1
491 4269 543 587 1
492 535 588 4212 1
492 3257 4212 544 1
3503 3323 833 790 1
493 578 541 518 1
493 541 578 589 1
493 4041 589 578 1
3112 3039 2534 2509 1
494 519 542 579 1
494 590 579 542 1
494 579 590 4234 1
682 708 3211 3667 1
320 4188 4027 4123 1
496 555 557 3580 1
3654 4073 3453 497 1
4088 4073 4082 495 1
358 3719 368 395 1
498 4018 4013 555 1
759 738 776 3968 1
555 4175 563 618 1
498 436 3692 4089 1
3257 585 544 527 1
3421 4119 2575 3444 1
501 3224 743 593 1
309 2988 501 3224 1
502 594 744 3218 1
500 3257 544 527 1
675 699 711 3502 1
503 4192 566 507 1
503 4192 4107 3402 1
504 508 567 3552 1
505 4016 714 536 1
505 3626 4218 4160 1
505 637 714 4016 1
506 715 638 3215 1
3707 3943 420 4226 1
507 4192 566 558 1
507 558 4041 4192 1
4234 656 628 610 1
2612 2611 684 2632 1
2612 2633 2632 2885 1
2694 2611 2612 2632 1
2694 2633 2632 2612 1
511 532 547 2495 1
511 2495 547 533 1
427 512 4260 482 1
512 631 615 530 1
530 603 615 4260 1
512 4260 635 514 1
512 615 631 635 1
513 531 604 616 1
513 531 616 632 1
513 732 616 604 1
513 515 636 4261 1
513 636 632 616 1
513 732 636 616 1
514 3278 660 572 1
514 660 3278 4260 1
515 3118 451 573 1
515 573 661 3118 1
515 4261 3118 661 1
520 4147 3849 536 1
520 4020 3466 3080 1
520 4020 3849 4159 1
520 4020 3080 3849 1
521 3081 3430 3214 1
522 2474 798 651 1
522 729 798 2474 1
523 652 799 2488 1
523 2488 799 730 1
526 545 584 3557 1
526 467 545 3687 1
2652 2689 2744 1705 1
2611 2632 2830 684 1
3625 2689 2793 1705 1
2652 2744 2786 1705 1
4112 614 585 546 1
527 4112 585 546 1
546 614 654 4112 1
4112 673 654 699 1
527 456 3447 468 1
1705 2806 2656 2793 1
4112 585 614 3812 1
528 3114 3110 446 1
532 2495 576 547 1
532 3815 658 576 1
532 591 658 3815 1
533 547 577 2495 1
533 577 4220 3564 1
534 4269 639 582 1
535 583 640 4021 1
537 3781 4198 715 1
537 506 3215 715 1
492 4212 588 544 1
3557 3687 545 574 1
547 607 586 2495 1
547 2495 586 577 1
555 4200 618 626 1
556 633 3799 560 1
625 3578 682 617 1
495 556 3859 560 1
557 3353 634 561 1
496 557 561 4048 1
557 626 3353 4200 1
626 683 4200 618 1
618 671 683 4200 1
3615 633 625 4130 1
4151 691 626 634 1
3681 3298 3276 3262 1
2697 2520 2502 2321 1
1027 2321 1069 1106 1
566 503 3402 4192 1
567 3552 610 620 1
2155 2497 2941 2697 1
2509 3016 2851 2880 1
2973 2535 2880 2796 1
10 2311 3562 3320 1
572 660 704 3278 1
3184 2514 2513 2721 1
573 3178 705 661 1
573 705 3178 581 1
2311 2386 2457 726 1
576 2495 607 547 1
576 3815 688 607 1
576 658 688 3815 1
2769 2697 2321 2638 1
580 637 3779 733 1
580 704 733 3779 1
581 3178 734 705 1
581 734 3178 638 1
606 703 2738 4063 1
584 613 643 3798 1
643 3798 613 672 1
643 4127 3798 672 1
585 3812 644 614 1
4112 673 699 3812 1
614 673 4112 3812 1
3812 644 614 673 1
527 3257 4205 500 1
587 534 4269 639 1
2568 2691 2693 1806 1
588 640 687 4212 1
3968 4155 4212 687 1
528 3570 621 591 1
591 3602 764 658 1
591 718 764 3602 1
2839 2503 2498 2321 1
529 592 622 3312 1
601 2820 883 729 1
601 729 2474 2820 1
3080 2477 2820 2869 1
602 2813 2488 730 1
607 3242 641 586 1
608 586 642 3243 1
3751 2472 2711 3691 1
586 3243 3242 3512 1
613 653 672 698 1
614 4112 673 654 1
586 668 657 3512 1
586 3512 3242 641 1
586 3512 657 669 1
586 642 3243 3512 1
615 631 635 724 1
615 3806 724 635 1
616 725 636 632 1
616 636 725 732 1
556 3578 625 554 1
555 626 557 4200 1
2501 3483 2155 2975 1
622 719 761 2500 1
626 4151 683 691 1
631 635 724 747 1
2838 2155 2501 3483 1
632 748 725 636 1
2838 2497 2155 2697 1
635 3806 756 4260 1
635 660 514 4260 1
2723 2677 2611 2586 1
635 724 747 3806 1
2677 2691 2611 2586 1
800 4260 851 3806 1
806 3806 863 756 1
635 3806 747 756 1
807 846 852 864 1
636 4261 515 661 1
636 725 801 748 1
757 807 3937 854 1
637 3779 781 714 1
2489 2586 2677 2723 1
2563 2586 2677 2489 1
637 733 781 3779 1
637 714 4016 3779 1
3191 639 676 722 1
687 640 723 4155 1
641 3512 668 586 1
641 3512 692 700 1
641 3512 3242 692 1
688 607 3815 3242 1
642 586 669 3512 1
642 701 693 3512 1
642 693 3243 3512 1
689 3243 577 608 1
4127 672 712 4154 1
2559 1332 2701 3085 1
643 672 712 4127 1
2490 2395 2550 2711 1
2961 2490 2395 2550 1
713 738 3968 687 1
3812 644 673 713 1
2595 1495 2687 2615 1
2961 2559 2550 2395 1
3811 3687 3470 474 1
2747 2830 2763 1495 1
2559 2609 3117 2555 1
2559 2609 2550 3117 1
2747 2763 2614 1495 1
4019 691 795 3384 1
569 4268 568 686 1
651 743 3119 855 1
502 652 2811 744 1
652 2488 2811 799 1
545 3557 613 584 1
657 706 707 2510 1
657 668 2510 3512 1
657 2510 707 669 1
657 3512 2510 669 1
658 3602 779 688 1
658 764 779 3602 1
660 4157 3278 3599 1
660 704 3278 4157 1
660 756 824 3599 1
635 4260 756 660 1
660 3599 824 768 1
3599 877 3565 851 1
661 705 769 3356 1
668 641 700 3512 1
668 716 706 2510 1
668 700 2510 3512 1
668 2510 706 657 1
669 3512 701 642 1
669 2510 707 717 1
669 3512 2510 701 1
2698 2480 2823 2877 1
2545 2698 2877 2480 1
2465 2891 2863 2698 1
672 4154 698 712 1
3517 758 737 3688 1
673 3812 713 699 1
713 738 759 3968 1
728 3812 759 776 1
699 3812 713 728 1
4035 3502 675 695 1
676 722 4072 3241 1
677 3713 751 723 1
2445 3166 3306 2989 1
625 554 3578 617 1
2604 2605 2587 2583 1
2604 2583 2853 2605 1
2582 2604 2587 2583 1
2466 2467 2864 2900 1
2467 2864 2900 2482 1
2466 2900 2864 2481 1
2582 2583 2853 2604 1
4155 723 738 771 1
3323 790 3503 771 1
688 3242 766 692 1
688 692 607 3242 1
688 3242 779 766 1
688 3242 3602 779 1
689 693 767 3243 1
689 3243 608 693 1
689 767 780 3243 1
689 659 577 3243 1
556 4008 633 625 1
2900 2864 2481 2482 1
692 3512 741 700 1
692 3512 766 741 1
693 701 742 3512 1
693 742 767 3512 1
694 720 4033 3875 1
3502 721 711 695 1
711 776 4206 728 1
700 2510 716 668 1
700 2510 735 716 1
700 2510 741 735 1
700 741 2510 3512 1
701 669 717 2510 1
701 717 736 2510 1
736 701 2510 3265 1
736 742 701 3265 1
707 706 752 2510 1
707 752 753 2510 1
4157 898 881 859 1
704 768 810 4157 1
810 768 859 4157 1
768 4157 3599 859 1
859 4157 3599 881 1
705 734 811 3178 1
3914 860 811 769 1
3914 769 3356 860 1
706 716 754 2510 1
706 2510 754 752 1
707 2510 755 717 1
707 753 755 2510 1
2551 2983 3147 2956 1
4129 3825 3495 4048 1
2983 2607 3147 2956 1
4127 712 737 758 1
2713 3147 2607 2854 1
728 713 759 3812 1
714 3316 836 772 1
714 536 4016 4147 1
714 781 4003 3779 1
714 4003 781 836 1
836 906 4003 849 1
849 906 4003 890 1
715 773 837 3698 1
715 3698 837 782 1
715 3722 782 638 1
3215 3178 3722 638 1
782 837 850 3698 1
782 850 3722 3698 1
715 3722 638 3215 1
715 3722 4181 3698 1
716 735 762 2510 1
716 2510 762 754 1
717 2510 763 736 1
717 755 763 2510 1
718 3602 857 764 1
719 2500 815 761 1
740 3592 821 3690 1
721 4040 3592 740 1
724 3806 796 747 1
725 748 797 801 1
729 2820 939 798 1
729 798 2474 2820 1
729 883 939 2820 1
730 799 940 2813 1
730 2813 2488 799 1
730 2813 940 884 1
733 3779 810 781 1
781 810 849 3779 1
3779 810 890 4157 1
734 638 782 3722 1
734 638 3722 3178 1
734 3722 850 811 1
735 741 777 2505 1
735 741 2505 2510 1
735 2505 783 762 1
735 2510 2505 762 1
735 777 783 2505 1
736 2518 778 742 1
701 3512 2510 3265 1
736 3265 784 2518 1
736 3265 2510 763 1
736 2518 784 778 1
771 790 3503 4155 1
843 3672 820 739 1
740 709 3681 3676 1
741 766 787 2735 1
741 766 2735 3512 1
741 2505 787 777 1
742 2736 788 767 1
742 767 3512 2736 1
742 778 788 2518 1
701 3512 3265 742 1
743 2493 855 808 1
3469 2321 2502 3988 1
651 3119 2674 2474 1
2475 3110 3444 3114 1
744 809 856 2501 1
2839 2697 2321 2769 1
745 774 830 2499 1
745 3873 830 794 1
746 2499 831 774 1
747 796 806 3806 1
807 797 801 846 1
748 801 807 797 1
820 861 4135 915 1
3886 841 3685 785 1
752 2510 812 753 1
752 754 804 2510 1
752 804 812 2510 1
3016 813 2509 2510 1
805 813 2509 3016 1
753 812 813 2510 1
754 762 802 2510 1
754 802 804 2510 1
755 2510 753 3016 1
755 3016 805 803 1
800 3806 851 845 1
3806 796 806 845 1
756 806 853 863 1
756 3599 863 853 1
756 4260 863 3599 1
748 757 807 3937 1
807 852 846 801 1
3937 864 854 807 1
757 3977 854 3937 1
760 808 869 2492 1
760 2492 869 814 1
761 2500 870 809 1
761 815 870 2500 1
762 783 816 3075 1
3075 2510 2505 2851 1
802 2510 3075 2851 1
736 763 784 3265 1
763 3265 2510 3016 1
764 779 3494 894 1
764 894 3494 857 1
689 780 659 3243 1
766 3494 2735 3242 1
766 779 3494 3242 1
766 2735 834 787 1
767 2736 835 780 1
767 780 3243 2736 1
767 788 835 2736 1
3599 824 859 881 1
768 859 3599 824 1
3774 587 3636 639 1
588 585 4212 644 1
772 3364 904 791 1
906 912 3316 4003 1
772 3923 836 904 1
3129 3469 2502 3988 1
773 3698 3616 837 1
837 3616 907 3698 1
3781 3698 3616 773 1
774 2499 838 830 1
774 831 838 2499 1
777 2505 818 783 1
777 787 822 2505 1
777 2505 822 818 1
778 784 819 2518 1
778 2518 823 788 1
778 819 823 2518 1
834 894 2735 3494 1
2744 2652 2748 2448 1
91 133 2526 110 1
780 835 895 2736 1
2713 2607 2747 2586 1
659 3033 3243 765 1
2691 2710 2611 2586 1
783 3075 839 816 1
783 818 839 2505 1
784 817 840 2518 1
784 2518 840 819 1
2747 2607 2611 2586 1
787 2505 847 822 1
788 823 848 2518 1
2710 2747 2611 2586 1
791 3052 4029 826 1
791 4029 3052 3364 1
2465 2891 2698 2480 1
3081 3129 827 792 1
792 3129 827 3318 1
2461 2476 2698 2863 1
2461 2698 2465 2863 1
2611 2710 1495 2747 1
2989 3757 2721 2497 1
794 830 900 3873 1
794 3209 900 843 1
2612 684 2885 2632 1
795 844 901 4217 1
684 2632 2830 2885 1
798 855 651 3119 1
798 939 988 2820 1
799 856 989 3483 1
799 2813 989 940 1
3806 863 756 4260 1
2458 2486 2485 3304 1
2458 2485 2900 2469 1
636 748 3937 757 1
802 2509 879 804 1
2821 2640 2525 2824 1
802 875 3075 816 1
2458 2900 2485 2486 1
879 2509 2851 3398 1
2821 2525 2644 2824 1
803 3016 880 876 1
804 2509 896 812 1
804 2510 2509 812 1
804 879 896 2509 1
805 813 887 2509 1
755 753 805 3016 1
805 2509 887 880 1
2557 2558 2453 2828 1
808 2493 947 869 1
808 855 947 2493 1
809 870 948 2501 1
809 2501 948 856 1
810 859 890 4157 1
3131 2843 2815 2540 1
2321 1135 2502 1069 1
812 2509 896 813 1
812 2510 2509 813 1
813 2509 897 887 1
813 896 897 2509 1
1027 2321 3988 1069 1
814 4070 927 985 1
814 869 927 2492 1
814 4070 2492 927 1
815 986 3380 858 1
2555 2827 2563 2554 1
2827 2554 2555 2395 1
816 839 885 3075 1
817 3412 886 840 1
818 822 871 2505 1
818 2505 888 839 1
818 871 888 2505 1
819 2518 872 823 1
2827 2872 2555 2563 1
2530 2555 2827 2872 1
2827 2395 2555 2530 1
843 915 4135 3209 1
821 3083 862 916 1
3499 821 3748 862 1
822 847 892 2505 1
822 2505 892 871 1
823 2518 893 848 1
823 872 893 2518 1
824 3599 756 853 1
825 854 757 3977 1
3977 854 878 882 1
2749 2974 2909 2541 1
826 4029 1000 3052 1
827 884 3318 3129 1
2904 2844 2909 2541 1
828 867 3461 919 1
2837 2497 3757 2155 1
829 2503 868 920 1
2983 2956 2747 2607 1
830 838 900 2499 1
831 2499 901 838 1
834 894 902 2735 1
835 2736 903 895 1
837 3698 907 850 1
838 2499 914 900 1
838 901 914 2499 1
3544 2898 3075 2505 1
840 911 889 2893 1
820 915 4135 843 1
843 900 915 3209 1
2710 2713 2747 2586 1
847 2505 917 892 1
848 893 918 2518 1
2942 2586 2713 2710 1
856 3483 1009 989 1
857 2506 1006 894 1
857 814 985 4070 1
857 985 1006 2506 1
858 895 1007 2519 1
928 995 870 4232 1
858 2519 1007 986 1
867 3296 3461 919 1
843 3645 749 794 1
2839 3395 2498 2690 1
3083 2908 4217 3298 1
916 3083 844 821 1
867 919 991 3296 1
867 3296 991 921 1
868 2503 992 920 1
868 922 992 2503 1
869 4060 994 927 1
869 947 994 4060 1
815 2500 3380 870 1
888 2505 871 2898 1
871 892 951 2505 1
2481 2839 2690 3395 1
872 2944 952 893 1
9 2455 2456 2473 1
875 3946 949 879 1
875 885 929 3946 1
875 885 3946 3075 1
2632 2809 2652 2648 1
2809 2748 2652 2648 1
876 880 950 2517 1
876 3412 930 886 1
876 2517 950 930 1
879 2509 3398 967 1
879 949 967 3398 1
802 2509 2851 879 1
9 2808 2473 2456 1
880 887 968 2509 1
880 2517 968 950 1
880 2517 2509 968 1
2473 2696 2455 2456 1
2808 2473 2456 2772 1
883 2494 1053 939 1
883 939 2820 2494 1
3129 2502 2813 940 1
884 3129 2813 940 1
885 839 910 3544 1
885 910 925 3034 1
885 910 3034 3544 1
886 3188 926 911 1
886 3188 930 926 1
69 77 2526 3092 1
896 967 981 2509 1
896 2509 879 967 1
887 2509 982 968 1
943 953 2449 1032 1
87 77 2526 69 1
888 2898 871 943 1
77 91 2526 3761 1
4003 3779 890 3697 1
892 917 977 2505 1
892 2505 977 951 1
894 2735 979 902 1
894 2506 1006 979 1
895 903 980 2736 1
895 980 1007 2519 1
896 2509 987 897 1
896 981 987 2509 1
900 914 973 3115 1
900 3209 973 915 1
901 3115 974 914 1
844 4217 916 901 1
902 2789 969 917 1
902 2789 979 969 1
903 918 970 2788 1
903 970 980 2788 1
906 912 955 3923 1
3616 907 913 956 1
773 905 837 3616 1
855 2918 1008 947 1
808 869 2492 2493 1
2630 4136 3990 3084 1
856 948 1009 2501 1
809 2501 2500 870 1
910 2449 953 3321 1
911 2447 3188 926 1
914 3115 993 973 1
914 974 993 3115 1
915 3231 990 919 1
915 973 990 3231 1
974 1043 993 2908 1
917 969 996 2789 1
917 2789 996 977 1
918 2788 997 970 1
918 978 997 2788 1
919 990 1057 4061 1
3193 1057 4061 919 1
919 3193 1057 991 1
920 992 1058 2503 1
2908 1058 4126 2503 1
921 3935 1026 961 1
921 991 1026 3935 1
922 962 1027 3988 1
1058 2321 2503 992 1
923 931 933 2741 1
923 933 965 2516 1
923 2516 965 937 1
963 937 983 2516 1
923 2516 937 963 1
924 2742 934 932 1
924 932 972 2742 1
924 2508 966 934 1
924 938 966 2508 1
924 2508 964 938 1
924 2742 972 964 1
938 964 984 2508 1
2588 2971 1494 2598 1
925 3589 959 957 1
925 910 3321 3034 1
2606 1494 3339 2930 1
926 3538 3188 930 1
926 958 960 3538 1
926 3538 930 936 1
926 2447 3911 911 1
927 4070 4060 994 1
2553 3189 4091 2914 1
3525 3189 2472 4091 1
928 1041 4232 986 1
929 975 949 3946 1
879 3946 949 3398 1
2744 2806 2745 1705 1
930 950 976 2517 1
2809 2745 2655 2656 1
931 2741 941 933 1
931 935 941 3070 1
931 3070 975 935 1
3062 3392 2655 2745 1
2809 3062 2655 2745 1
932 934 942 2742 1
932 3071 942 936 1
932 936 976 3071 1
1494 2930 2598 2608 1
932 3071 976 972 1
933 941 1002 2741 1
933 2516 1020 965 1
933 4249 1002 1020 1
934 2742 1003 942 1
934 966 1021 2508 1
934 2508 1021 1003 1
934 2742 2508 1003 1
1003 1021 1081 2508 1
935 3070 957 941 1
935 3589 925 957 1
936 942 958 3071 1
936 958 926 3538 1
1012 965 1051 2700 1
937 965 2700 2516 1
937 2700 998 983 1
937 2516 2700 983 1
937 2700 1012 998 1
937 2700 965 1012 1
938 2699 1013 966 1
938 2508 2699 966 1
2489 2587 2582 2723 1
2587 2677 2611 2723 1
938 984 2699 2508 1
938 999 1013 2699 1
966 1013 1052 2699 1
939 2494 1075 988 1
2489 2723 2677 2587 1
2587 2723 2611 2818 1
939 1053 1075 2494 1
940 1074 2502 989 1
940 1054 2502 1074 1
941 957 1010 3070 1
941 1078 1005 1002 1
941 2741 1078 1002 1
941 3070 1010 1005 1
941 1005 1078 3070 1
942 3071 1011 958 1
942 1003 1004 2742 1
1004 1003 1079 2742 1
942 1004 1011 3071 1
942 3071 2742 1004 1
2582 2723 2587 2818 1
943 951 1032 2701 1
943 2701 1032 2449 1
945 955 3364 904 1
1329 1327 2572 2969 1
945 955 1016 3935 1
946 905 3616 956 1
946 3988 1017 956 1
948 2501 1062 1009 1
1031 968 1047 2517 1
950 2517 1031 976 1
950 2517 968 1031 1
951 2739 2505 977 1
951 2701 1044 1032 1
953 2449 1022 959 1
2810 2915 1806 2564 1
953 1022 2449 1032 1
954 960 1023 2447 1
954 3664 2447 1023 1
1058 2321 992 1027 1
957 959 1018 3589 1
957 3589 1018 1010 1
1010 3589 1097 3085 1
2564 2810 2915 2872 1
958 3086 1019 960 1
1019 1011 1098 3086 1
958 3086 1011 1019 1
959 2449 1022 1018 1
960 1019 1023 2447 1
1016 3935 961 1026 1
1017 1027 962 3988 1
963 2758 1034 971 1
963 983 1024 2771 1
963 1024 1034 2758 1
1024 1036 1111 2771 1
964 972 1035 2757 1
2770 1037 1025 984 1
964 2757 1035 1025 1
1025 2770 1112 1037 1
965 1020 1051 2700 1
966 2699 1052 1021 1
967 3398 1046 981 1
967 2509 3398 981 1
968 982 1047 2517 1
968 2517 2509 982 1
969 979 1029 2789 1
969 2789 1038 996 1
969 1029 1038 2789 1
970 2788 1028 980 1
970 997 1039 2788 1
970 2788 1039 1028 1
971 3904 3284 975 1
3474 2796 2880 3131 1
971 3904 1034 3284 1
1030 3701 4131 3904 1
2796 2880 3131 2843 1
972 976 1031 3951 1
2491 2816 274 2600 1
3951 1031 1035 1131 1
972 3951 1031 1035 1
973 3231 1042 990 1
2491 2600 274 1619 1
973 993 1042 3231 1
975 1030 949 3103 1
976 1031 3951 2790 1
976 2790 2517 1031 1
977 996 1044 2739 1
977 2739 2789 996 1
978 2740 1045 997 1
1618 2617 2491 2600 1
978 997 2788 2740 1
979 1006 1059 2506 1
979 3819 1059 1029 1
1618 2600 2491 1619 1
980 2519 1060 1007 1
980 1028 1060 2519 1
981 2509 1049 987 1
2816 2848 2600 2491 1
981 1046 1049 3398 1
981 2509 3398 1049 1
2491 2617 2848 2600 1
982 2517 1050 1047 1
983 998 1014 2700 1
983 1014 1055 2700 1
983 2700 1055 1036 1
983 2771 2700 1036 1
984 2699 1015 938 1
984 2699 1056 1015 1
984 1037 1056 2699 1
984 1037 2699 2770 1
985 2506 1064 1006 1
986 1007 1065 2519 1
988 1075 1095 2494 1
2578 274 2829 2600 1
989 1009 1096 3483 1
274 2600 2816 2829 1
990 1042 1086 4061 1
3231 4061 4126 1042 1
990 4061 1086 1057 1
1057 1105 3005 1145 1
920 1058 2908 2503 1
4217 3115 2908 916 1
991 3193 1057 1026 1
1026 1057 1105 3193 1
1058 1027 1106 2321 1
922 2503 3988 992 1
993 1043 1063 3231 1
947 2493 4060 869 1
995 4232 928 1041 1
996 1038 1066 3966 1
996 2739 1066 1044 1
996 1066 2739 3966 1
2665 3166 2512 2445 1
997 2740 1067 1039 1
997 1045 1067 2740 1
1028 2544 2788 1073 1
998 1012 1091 2700 1
998 2700 1076 1014 1
998 2700 1091 1076 1
999 2699 1092 1013 1
999 1015 1077 2699 1
999 1077 1092 2699 1
1000 1016 1068 3250 1
1000 2494 3250 1053 1
2464 2545 2673 2465 1
312 221 217 3355 1
2597 2794 2824 2645 1
1001 1069 2502 1054 1
1002 1078 1080 4249 1
1003 2742 1081 1079 1
1004 3071 1090 1011 1
1004 1079 1090 3071 1
1005 1010 1089 3070 1
1005 3070 1089 1078 1
1006 2506 1099 1059 1
1006 1064 1099 2506 1
1007 1060 1100 2519 1
1007 2519 1100 1065 1
3819 3614 2506 3632 1
1009 3483 1108 1096 1
1010 3085 1097 1089 1
1011 1090 1098 3086 1
1012 1117 1091 2700 1
1013 2699 1092 1118 1
1014 2700 1084 1055 1
2480 2497 2575 2838 1
1014 1076 1084 2700 1
1015 1056 1085 2699 1
1015 2699 1085 1077 1
955 3923 3364 904 1
1018 1022 1115 2449 1
1010 1018 1097 3589 1
1019 2447 1116 1023 1
1019 1098 1116 2719 1
2480 2575 2811 2838 1
1020 4026 1101 1051 1
1020 1080 1101 4249 1
2575 2501 2811 2838 1
1021 1052 1102 2699 1
2703 2523 2451 3982 1
1021 2508 1102 1081 1
3591 3432 2523 3386 1
2605 2930 2694 2598 1
2694 2598 2930 2957 1
1023 2702 2447 1116 1
2694 2957 2612 2598 1
2624 2646 2732 2450 1
1024 2758 1121 1034 1
2689 2523 3315 3596 1
983 2516 2771 963 1
1024 1111 1121 2758 1
2624 2450 2679 2646 1
2679 2776 2624 2646 1
1025 1035 1122 2757 1
984 964 2770 2508 1
2795 2821 2525 2622 1
1025 2757 1122 1112 1
1016 3250 3935 1026 1
3213 2646 2624 2776 1
2624 3213 2732 2646 1
922 3988 1027 992 1
2909 2846 2749 2541 1
1028 1073 1083 2544 1
1028 1073 2788 1039 1
1137 2541 1060 1083 1
2974 2537 2909 2904 1
2504 3233 3728 3197 1
1029 1059 1082 3819 1
2570 1140 1082 1072 1
1029 2570 1082 1072 1
2578 2600 2829 2853 1
2600 2853 2816 2829 1
1030 3487 4180 1046 1
1030 3103 4152 3487 1
1031 1047 1126 2539 1
1031 2790 2517 2539 1
1031 2539 2517 1047 1
93 1440 3560 2455 1
1032 1044 1128 2701 1
129 3560 1440 2468 1
1704 2821 2617 2620 1
2617 2620 2848 2600 1
1130 1121 1213 2758 1
2617 2620 2821 2848 1
1034 2758 1121 1130 1
1035 2757 1131 1122 1
1122 1131 1214 2757 1
2732 2645 2861 2618 1
1009 2501 1062 2975 1
1036 1055 1113 2700 1
1036 2771 1113 1111 1
1037 2699 1114 1056 1
1037 1112 1114 2770 1
3966 1094 1066 2528 1
3966 1038 1066 1094 1
2570 1072 1094 2528 1
1039 1093 2740 1067 1
2740 2544 1093 1073 1
100 2469 2764 2466 1
1039 2740 1093 1073 1
1040 3269 3586 1064 1
986 1065 4000 2519 1
993 1063 1042 3231 1
2654 3176 2730 3179 1
1043 4126 1087 1063 1
4126 1042 1127 1063 1
1063 1087 1127 4126 1
2466 2900 2469 2764 1
1044 1066 1149 2727 1
1044 2727 1149 1128 1
1045 2728 1150 1067 1
1045 1129 1150 2728 1
1046 3686 1109 1049 1
1046 1109 3487 1125 1
1109 3487 3686 1046 1
1047 1050 1110 2517 1
1047 2539 2517 1110 1
1047 1126 2539 1110 1
1048 1110 2534 1088 1
1051 2700 1117 1012 1
1051 1101 1117 4026 1
1052 1013 1118 2699 1
1052 2699 1118 1102 1
1053 1068 1134 2507 1
1053 2507 1134 1075 1
1055 1084 1103 2700 1
1056 2699 1104 1085 1
9 2709 2473 3500 1
1057 1086 1145 4061 1
1058 2515 1146 1087 1
9 3059 3500 2473 1
992 2321 2503 3988 1
1059 1082 2506 1136 1
1059 1099 1136 2506 1
2454 3587 2709 2473 1
1028 2519 2749 1060 1
1028 2749 1083 1060 1
3663 2454 2473 3587 1
1062 3822 3963 3656 1
1064 3227 3341 1099 1
1064 1099 2506 3227 1
1064 3341 3227 3586 1
1065 4000 2519 1100 1
1066 1094 1149 2528 1
1066 1149 2727 2528 1
2728 2544 1150 1093 1
1067 2728 1150 1093 1
1068 1105 1157 3250 1
1068 2507 1157 1134 1
3320 2833 726 60 1
1072 2528 1138 1094 1
1072 2528 1140 1138 1
1073 2544 1141 1083 1
1073 1093 1139 2544 1
1073 1139 1141 2544 1
1074 1096 1152 2520 1
1074 2520 1152 1135 1
2575 4090 39 4119 1
1075 2507 1151 1095 1
1075 1134 1151 2507 1
2480 2877 2575 2497 1
3444 2877 2492 3143 1
1077 1092 2699 1191 1
1078 2784 1192 1080 1
1078 1089 1199 2672 1
1078 2672 1199 1192 1
1079 1081 1193 2785 1
1079 3071 1200 1090 1
1079 1193 1200 2785 1
1080 2521 1194 1101 1
1080 1192 1194 2784 1
1081 2785 1195 1193 1
1136 2532 1159 3509 1
1082 1136 1159 3509 1
1082 1029 3819 2570 1
1083 2541 1160 1137 1
1083 1141 1160 2541 1
1083 1141 2541 2544 1
1083 2544 2541 2749 1
1104 2718 1085 2699 1
2622 2525 2857 2644 1
1086 2515 1127 1145 1
1127 1146 1161 2515 1
1089 1097 1209 3085 1
1089 3085 1209 1199 1
1090 3086 1210 1098 1
1090 1200 1210 3086 1
2521 1349 1295 1290 1
1092 2699 1204 1118 1
1092 1191 1204 2699 1
1093 2544 1171 1139 1
1093 1150 1171 2544 1
1094 1138 1170 2528 1
1094 2528 1170 1149 1
1095 2507 1164 1107 1
1095 1151 1164 2507 1
1096 1108 1165 2520 1
1520 2558 2589 3879 1
1096 2520 1165 1152 1
1097 1115 1221 3085 1
1097 3085 1221 1209 1
1098 2719 1222 1116 1
1098 1210 1222 3086 1
3879 2558 2589 2453 1
829 2503 920 3748 1
3083 2503 2908 2949 1
1099 1147 1180 3227 1
1101 4026 1201 1117 1
1101 1194 1201 2521 1
1117 1201 1203 4026 1
1102 1118 1202 2699 1
1103 2775 1186 1113 1
1176 1182 1287 3154 1
1104 1114 1187 2718 1
1177 4262 1288 1183 1
1175 2718 1284 1177 1
1106 2321 1158 1146 1
1146 1158 1208 2321 1
1107 2507 1164 1162 1
1108 1124 1154 2882 1
2545 2688 2780 2461 1
1108 1163 1165 2520 1
1109 1125 1166 2529 1
1110 2539 1167 1126 1
1111 1113 1205 2771 1
1111 2758 1215 1121 1
1111 1205 1215 2771 1
1112 2770 1206 1114 1
1112 1122 1216 2757 1
1112 2770 1216 1206 1
1113 1186 1205 2775 1
1114 2718 1206 1187 1
1115 3085 1236 1221 1
1116 2702 1237 1129 1
1116 1222 1237 2719 1
1076 1190 2700 1091 1
1118 2699 1204 1202 1
1120 1148 4163 3102 1
1121 2758 1215 1213 1
1122 1214 1216 2757 1
1123 3352 1155 1132 1
1061 4101 1070 3277 1
2461 2476 2780 2545 1
2545 3110 3444 2475 1
1125 2529 1178 1166 1
1125 2529 1130 1178 1
2464 2545 3168 3954 1
1126 1167 1179 2539 1
1126 1131 2539 1179 1
1128 1149 1263 2727 1
1128 2727 1263 1236 1
1129 2728 1246 1150 1
1129 1237 1246 2686 1
2758 4105 1213 3725 1
1132 3805 1155 1142 1
1134 2507 1211 1151 1
1134 1157 1211 2507 1
1135 1152 1212 2520 1
1135 2520 1212 1158 1
1136 2532 1242 1159 1
1136 1242 2532 1180 1
1137 1160 1243 2541 1
1137 1181 2541 1243 1
1138 1140 1184 2528 1
1138 2528 1228 1170 1
1138 1184 1228 2528 1
1139 2544 1185 1141 1
1139 1171 1229 2544 1
1139 2544 1229 1185 1
1082 3509 1140 2570 1
1140 2528 1217 1184 1
1140 1217 2528 3509 1
1141 2541 1218 1160 1
1141 1185 1218 2544 1
1141 1218 2541 2544 1
1145 1161 1238 2515 1
1145 2515 1238 1207 1
1146 2515 1208 1161 1
1208 2515 1238 1161 1
1149 1170 1263 2528 1
1149 1263 2727 2528 1
1150 2544 1264 1171 1
1150 1246 1264 2728 1
1150 2544 2728 1264 1
1151 2507 1211 1164 1
1152 1165 1212 2520 1
3058 2798 2595 2546 1
1153 2881 1223 1197 1
1154 2520 1224 1163 1
1155 3534 1188 1172 1
1155 3184 1197 1188 1
1157 1207 1255 2507 1
1157 2507 1255 1211 1
1158 1212 1256 2520 1
1159 2532 1281 1217 1
1159 1242 1281 2532 1
1160 1218 1282 2541 1
1160 2541 1282 1243 1
1162 1164 1234 2507 1
1162 2507 1234 1223 1
1163 2520 1235 1165 1
1163 1224 1235 2520 1
1164 1211 1234 2507 1
1165 2520 1235 1212 1
1166 1178 1253 3473 1
1166 3473 1253 1219 1
1167 3220 1254 1179 1
1167 1220 1254 3220 1
1169 2542 1241 1173 1
1169 2542 1245 1241 1
1170 1228 1276 2528 1
1170 2528 1276 1263 1
1171 2544 1275 1229 1
1171 1264 1275 2544 1
1172 1188 1230 3534 1
1172 1230 1240 3534 1
1188 1230 2513 1225 1
1103 3145 1174 2775 1
1174 2775 1283 1186 1
2610 2546 2979 2595 1
1104 2718 1177 1085 1
1175 1187 1284 2718 1
2568 2693 2691 2546 1
2610 2546 2568 2979 1
1178 1213 1279 3593 1
1178 3473 1279 1253 1
1179 3797 1280 1214 1
1179 1254 1280 3220 1
1179 3797 2539 1280 1
1180 1244 1291 2840 1
1180 1291 1316 2840 1
1181 2542 1292 1245 1
1181 2542 1317 1292 1
1182 1190 1301 3650 1
1182 3650 1305 1287 1
1182 1301 1305 3650 1
1183 3651 1302 1191 1
1183 1288 1306 3651 1
1183 3651 1306 1302 1
1184 1217 1266 2528 1
1184 2528 1268 1228 1
1184 1266 1268 2528 1
1185 2544 1267 1218 1
1185 1229 1269 2544 1
1185 2544 1269 1267 1
1186 2775 1303 1205 1
1186 1283 1285 2775 1
1186 1285 1303 2775 1
1187 1206 1304 2718 1
1187 2718 1286 1284 1
1187 2718 1304 1286 1
1189 4211 1233 1198 1
1189 3882 1231 1226 1
2521 1290 1295 1203 1
1190 1290 1301 3650 1
1029 1038 2789 2570 1
1191 3583 1289 1204 1
1191 3651 1302 1289 1
2528 3966 2570 2531 1
2528 3452 2531 2570 1
1038 1072 1094 2570 1
1192 2784 1320 1194 1
1193 1195 1321 2785 1
1193 2785 1327 1200 1
1193 1321 1327 2785 1
1194 2521 1310 1201 1
1194 2784 1320 1310 1
1195 1311 1321 2785 1
1196 3220 1265 1220 1
1198 1233 1250 4211 1
1198 3152 4211 1250 1
1199 1209 1328 3085 1
1199 2576 1328 1326 1
1200 3086 1329 1210 1
1200 1327 1329 2969 1
1190 3297 1290 3650 1
1201 1295 1203 2521 1
1202 1204 1296 3583 1
1202 2522 3583 1296 1
1190 1203 1290 3297 1
1204 1289 1296 3583 1
1205 3256 1312 1215 1
3256 2768 2771 2775 1
2884 2447 2781 2790 1
1206 1216 1313 2767 1
1206 2767 1313 1304 1
1207 1238 1259 2638 1
1207 1238 2638 2515 1
1207 2638 1259 1255 1
3879 3036 2453 2589 1
1208 2638 1256 1238 1
1208 2515 2638 1238 1
1238 1256 1259 2638 1
1208 1256 2638 1158 1
1209 1221 1330 3085 1
1210 3086 1331 1222 1
1211 2507 1255 1234 1
1234 1255 1257 2507 1
1212 2520 1235 1256 1
1213 4105 1307 1279 1
1214 1280 1308 3797 1
1215 3236 1312 1307 1
1216 1308 1313 2767 1
1217 2532 1281 1266 1
1217 1266 2528 3509 1
1218 1267 1282 2541 1
1218 1267 2541 2544 1
1219 1253 1270 3473 1
1219 3473 1270 1265 1
1220 3220 1271 1254 1
1220 1265 1271 3220 1
1221 1236 1332 3085 1
1221 3085 1332 1330 1
1222 2719 1333 1237 1
1222 1331 1333 2719 1
1223 1234 1257 2507 1
2461 3389 3745 2863 1
3745 3389 3027 2863 1
1225 2514 1239 1227 1
1225 1227 1247 2514 1
3745 2863 3027 2476 1
1225 1232 1239 2514 1
1226 1227 1239 2514 1
1226 2514 1248 1227 1
1226 1231 1248 3882 1
1226 2514 1239 1233 1
1227 2514 1251 1247 1
1227 1248 1251 2514 1
1228 1268 1299 2528 1
1228 2528 1299 1276 1
1229 2544 1300 1269 1
1229 1275 1300 2544 1
2461 2863 3745 2476 1
1230 3534 1261 1240 1
1230 1247 1261 2513 1
1230 1247 2513 1225 1
1261 2538 2513 1247 1
1230 1261 3534 2513 1
1261 2538 2533 2513 1
1226 2514 3882 1248 1
1231 1262 1248 3065 1
1232 2514 1252 1239 1
1233 1239 1252 2514 1
1233 2514 1252 1250 1
1332 2559 2701 2592 1
1237 2686 1338 1246 1
1237 1333 1338 2686 1
1240 2533 1277 1244 1
1240 1261 1277 2533 1
1241 1245 1278 2542 1
1241 2542 1278 1262 1
1242 2532 1343 1281 1
1242 1334 1343 2532 1
1334 2558 3310 1316 1
1243 1282 1344 2541 1
1317 2926 2541 3290 1
1243 2541 1344 1335 1
1335 1317 3311 2569 1
1245 2542 1292 1278 1
1263 2592 1347 1332 1
1246 2593 1348 1264 1
1246 1338 1348 2593 1
1247 1251 1272 2538 1
1247 2538 2513 2514 1
1247 2538 1272 1261 1
1248 2538 1273 1251 1
1248 2514 2538 1251 1
1248 2514 3065 2538 1
1249 3138 1260 1252 1
1249 1252 1232 3138 1
1249 1257 1260 3138 1
1249 3138 1223 1257 1
1249 3138 1197 1223 1
1250 1252 1260 3152 1
1250 3152 2514 1252 1
1250 3152 1260 1258 1
1250 1224 3152 1258 1
1251 2538 1274 1272 1
1251 1273 1274 2538 1
1253 3473 1293 1270 1
1253 1279 1293 3473 1
1254 1271 1294 3220 1
1254 3220 1294 1280 1
1255 3138 1259 1257 1
1257 1259 1260 3138 1
1259 1258 1260 3152 1
1256 2638 1258 1259 1
1261 1272 1297 2538 1
1262 2962 1273 3065 1
1262 1278 1298 2542 1
1262 1298 2962 2542 1
1263 1276 1347 2592 1
1263 1276 2592 2528 1
1264 2593 1348 1275 1
1264 2544 2593 1275 1
1265 3220 1309 1271 1
1266 2528 1322 1268 1
1266 1281 1314 2532 1
1267 1269 1323 2544 1
1267 2541 1315 1282 1
1268 2528 1339 1299 1
1268 1322 1339 2528 1
1269 1300 1340 2544 1
1269 2544 1340 1323 1
1271 1294 3220 1325 1
1272 1274 1318 2538 1
1272 2538 1318 1297 1
1273 2538 1319 1274 1
1273 2538 2962 1319 1
1274 2538 1319 1318 1
1275 2544 1358 1300 1
1275 1348 1358 2593 1
1276 2592 1357 1347 1
1278 1292 1337 2542 1
1278 2542 1337 1298 1
1279 2870 4105 1307 1
1279 2870 3593 4105 1
1280 2845 3220 1294 1
1280 2543 2845 1308 1
1280 2845 1346 1308 1
1280 2845 2543 2539 1
1281 2532 1343 1314 1
1282 1315 1344 2541 1
1283 2775 1341 1285 1
1284 1286 1342 2718 1
1285 1341 1355 2775 1
1286 2718 1356 1342 1
1287 1305 1359 3650 1
1287 3650 1359 1341 1
1288 3651 1360 1306 1
1288 1342 1360 3699 1
2720 2833 2682 2526 1
1316 3289 1291 1379 1
1380 3290 1292 1317 1
1293 3817 1345 1324 1
1293 3473 3817 1324 1
1294 1325 1346 3900 1
1295 1361 1349 2521 1
1295 2521 1377 1361 1
1296 2522 1350 1362 1
1296 1362 1378 2522 1
1297 1351 3289 1318 1
1297 3289 1351 1336 1
1298 2962 1352 1319 1
1369 3807 1299 1339 1
1300 1340 2544 1370 1
1300 1358 1370 2544 1
1340 2573 2544 1370 1
1301 3650 1363 1371 1
1326 2576 1416 2807 1
1302 1372 1364 3651 1
2576 1416 2807 2549 1
1303 2768 1365 1312 1
1303 1355 1365 2799 1
1304 1313 1366 2767 1
1304 2800 1366 1356 1
1305 1301 1371 3650 1
3699 1364 2800 1372 1
1307 1312 1373 3236 1
1279 2870 1307 1345 1
1308 2767 1374 1313 1
1310 1320 1385 2804 1
1310 2804 1385 1377 1
1310 1377 1295 2521 1
1311 2805 1386 1321 1
1311 1378 1386 2805 1
1311 2522 1296 1378 1
1312 1365 1373 2768 1
1313 2767 1374 1366 1
1314 2871 1353 1322 1
1314 1322 1266 2871 1
1314 1343 1353 3310 1
1314 3310 2532 1343 1
1315 1323 1354 2846 1
1315 2846 1267 1323 1
1315 3311 1354 1344 1
1315 1344 2541 3311 1
1316 2558 1383 1334 1
1242 1316 2532 1180 1
1316 1379 1381 2558 1
1316 1381 1383 2558 1
1317 1335 1384 2569 1
1243 1181 2541 1317 1
1317 2569 1382 1380 1
1317 2569 1384 1382 1
1318 1319 1412 2565 1
1318 2565 2538 1319 1
100 2764 2467 2466 1
2466 2900 2764 2467 1
1319 1352 1413 2565 1
1319 1352 2565 2962 1
1352 3290 2962 1298 1
1320 1326 1385 2807 1
1321 2805 1386 1327 1
1322 2871 1367 1339 1
1322 1353 1367 2871 1
2528 1339 3807 2871 1
1322 2528 1266 2871 1
1323 1340 1368 2846 1
1323 2846 1368 1354 1
1323 1340 2846 2544 1
1323 1267 2544 2846 1
1340 2573 2846 2544 1
1324 1345 1375 3817 1
1325 1395 1403 2561 1
1325 3900 2561 1403 1
1326 2807 1416 1385 1
1326 1408 1416 2576 1
1326 2576 1328 1408 1
1329 1409 2572 1327 1
1319 2565 1413 1412 1
1328 1330 1410 2550 1
1328 2550 1410 1408 1
2513 2533 3166 2538 1
1329 2572 1411 1331 1
3166 2886 2506 2537 1
1329 1409 1411 2572 1
1330 1332 1414 2550 1
1330 2550 1414 1410 1
1331 2560 1415 1333 1
1331 1333 2719 2560 1
1331 1411 1415 2572 1
1263 2727 2592 1236 1
1332 2559 1418 1414 1
1333 2560 1419 1338 1
1333 1338 2686 2560 1
1333 1415 1419 2560 1
1334 1343 2532 3310 1
1334 1387 3310 2558 1
1334 1383 1387 2558 1
1242 1316 1334 2532 1
1335 3311 2541 1344 1
1335 2569 3311 1388 1
1335 2569 1388 1384 1
1243 2541 1335 1317 1
1336 1351 1389 2558 1
1336 2558 1389 1379 1
1336 1379 1291 3289 1
1337 2569 1390 1352 1
1337 1352 1298 3290 1
1337 1380 1390 2569 1
1337 3290 1292 1380 1
1332 1347 1418 2559 1
1332 2559 2592 1347 1
1338 2560 1419 1348 1
1338 1348 2593 2560 1
1339 1367 1396 2552 1
1339 2552 2871 1367 1
1339 2552 1396 1369 1
1340 2573 1397 1368 1
1340 1368 2846 2573 1
1340 1370 1397 2573 1
2775 1341 1355 2799 1
2775 1341 2799 3650 1
1342 1356 1392 3699 1
1342 3699 1392 1360 1
1028 1083 2749 2544 1
3474 2749 2540 2740 1
1347 2675 1424 1418 1
2749 2544 2540 2740 1
1348 1419 1425 2676 1
1343 3310 1387 1353 1
1343 1387 3310 1334 1
1344 1354 1388 3311 1
1344 1335 3311 1388 1
1307 2870 1393 1345 1
1347 1357 1434 2675 1
1276 1357 2592 1299 1
1347 2675 2592 1357 1
1347 2675 1434 1424 1
1348 2676 1435 1358 1
1275 2544 2593 1358 1
1348 1358 2593 2676 1
1348 1425 1435 2676 1
1028 2544 2749 2788 1
2481 2759 3395 2823 1
1351 2558 1464 1454 1
1351 1412 1464 2558 1
1351 1412 2558 2565 1
1352 1455 1465 2569 1
2759 2839 3395 2697 1
2481 3395 2759 2839 1
1353 2871 1400 1367 1
1353 1387 1400 3310 1
1354 1368 1401 2846 1
1354 3311 1401 1388 1
1355 1359 1391 2799 1
1357 1369 1434 2552 1
1357 3807 1299 1369 1
1357 1434 2675 2552 1
1357 2592 1299 3807 1
1358 2573 1435 1370 1
1358 1370 2544 2573 1
1358 2573 2676 1435 1
1358 2676 2544 2593 1
1358 2544 2676 2573 1
1363 1391 1406 1371 1
1364 1372 1407 2800 1
1361 1377 1420 2521 1
1361 2521 1420 1398 1
1362 2522 1421 1378 1
1362 1399 2522 1350 1
1363 1398 1406 2799 1
1363 1398 2799 1349 1
1365 2768 1404 1373 1
2680 2681 2765 2573 1
2799 1391 1404 1406 1
1366 3111 2800 2767 1
1367 2552 1428 1396 1
1367 1400 1460 2871 1
1428 1478 2552 3040 1
1368 1397 1429 2573 1
1368 2846 1461 1401 1
1368 1429 1461 2573 1
1369 1396 1449 2552 1
1369 2552 1449 1434 1
1370 2573 1450 1397 1
1370 1435 1450 2573 1
1305 3650 1371 1359 1
3699 1372 1392 1360 1
1809 2795 3527 1704 1
1374 1394 4057 3074 1
1366 1405 2800 3111 1
1377 1385 1430 2804 1
1377 2804 1430 1420 1
1361 1398 1349 2521 1
1378 2805 1431 1386 1
1378 1421 1431 2805 1
1362 2522 1399 1421 1
1379 2558 1445 1381 1
1379 1389 1447 2558 1
1379 2558 1447 1445 1
1380 1382 1446 2569 1
1380 2569 1448 1390 1
1380 1446 1448 2569 1
1381 2558 1443 1383 1
1381 2558 1445 1443 1
1382 1384 1444 2569 1
1382 1444 1446 2569 1
1383 2558 1438 1387 1
1383 2558 1443 1438 1
1384 1388 1439 2569 1
1384 1439 1444 2569 1
1385 2549 1451 1430 1
1385 1430 4079 2549 1
1385 2549 2807 1416 1
1386 1431 1452 2805 1
1327 2969 2805 1417 1
1387 3310 1438 1400 1
1387 1438 3310 2558 1
1388 1401 1439 3311 1
1388 2569 3311 1439 1
1389 2558 1454 1447 1
1389 2558 1351 1454 1
1390 1448 1455 2569 1
1390 1455 1352 2569 1
1393 4096 1441 4064 1
1394 3939 2566 3969 1
1396 1428 1470 2552 1
1396 2552 1470 1449 1
1397 2573 1471 1429 1
1397 1450 1471 2573 1
1404 1406 1426 2799 1
2515 1208 2638 2321 1
1405 2800 1427 1407 1
1427 2800 1399 1407 1
1400 1438 1474 2557 1
1400 3040 1474 1460 1
1400 1460 2871 3040 1
1401 3261 1475 1439 1
1401 1461 1475 3261 1
1401 1461 3261 2846 1
1403 2566 2561 1467 1
1403 1459 1467 2561 1
1406 1426 2799 1398 1
2800 1427 1399 2522 1
1405 1423 1427 3111 1
1375 1432 1456 2553 1
1408 1410 1484 2550 1
1500 1451 1486 2549 1
1409 2572 1485 1411 1
1409 1417 1487 2572 1
1409 2572 1487 1483 1
1417 2572 2571 1487 1
1410 1414 1490 2550 1
1410 2550 1490 1484 1
1411 2572 1491 1415 1
1411 1485 1491 2572 1
1412 1413 1468 2565 1
1412 2558 1468 1464 1
1412 1468 2558 2565 1
1413 1465 1469 2565 1
1413 1465 2565 1352 1
1414 1418 1490 2609 1
1414 1490 2550 2609 1
1415 2610 1491 1419 1
1415 2610 2572 1491 1
1416 2549 1486 1451 1
1416 1451 1385 2549 1
1487 1452 1501 2571 1
1327 1417 2805 1386 1
1417 2571 1452 1487 1
1413 2565 1469 1468 1
1418 1424 1502 2609 1
1418 2609 1498 1490 1
1418 2609 1502 1498 1
1419 2610 1503 1425 1
1419 1491 1499 2610 1
1419 1499 1503 2610 1
2521 2804 1426 2768 1
1398 1426 2799 2521 1
1420 1430 1436 2804 1
1399 2522 1427 1421 1
1421 2805 1437 1431 1
2693 3253 2612 2616 1
1423 3111 1437 1427 1
2615 2693 2612 2616 1
3085 2672 2490 2576 1
3431 2527 2672 2784 1
1424 1434 1513 2547 1
1424 2547 1513 1502 1
1425 2548 1514 1435 1
3085 2490 2961 2550 1
1425 1503 1514 2548 1
1460 1478 1428 3040 1
2559 1332 3085 2550 1
1428 2552 1478 1470 1
1429 2573 1479 1461 1
1429 1471 1479 2573 1
3395 2697 2769 2638 1
2839 2697 2769 3395 1
1430 1451 1462 2549 1
1430 1436 4079 1462 1
1431 1437 1463 2805 1
2839 2769 2498 3395 1
1431 2805 1463 1452 1
1452 2571 2805 1463 1
1433 3750 1457 3484 1
1433 1394 3750 3872 1
1434 1449 1513 2552 1
2560 2678 2572 2610 1
1434 1513 2547 2552 1
1435 2548 1514 1450 1
1435 2573 2548 1450 1
2560 2815 2572 2678 1
1438 1443 1480 2558 1
1438 3260 1480 1474 1
1438 1480 3260 2558 1
1439 2569 1481 1444 1
1439 1475 1481 3261 1
1439 2569 3261 1481 1
1456 2553 1472 1466 1
1456 1402 2553 1466 1
1403 1467 1473 2566 1
2691 1495 684 2611 1
1443 1445 1496 2558 1
1443 2558 1496 1480 1
1444 2569 1497 1446 1
1444 1481 1497 2569 1
1445 1447 1506 2558 1
1445 2558 1506 1496 1
1446 2569 1507 1448 1
1446 1497 1507 2569 1
1447 1454 1508 2558 1
1447 2558 1508 1506 1
1448 2569 1509 1455 1
1448 1507 1509 2569 1
1449 1470 1522 2552 1
1449 2552 1522 1513 1
1450 2573 1523 1471 1
1450 1514 1523 2548 1
1451 2549 1504 1462 1
1451 1500 1504 2549 1
1452 1463 1505 2571 1
1452 2571 1505 1501 1
1453 1458 1512 2585 1
1453 2585 1512 1459 1
1453 1459 2561 3307 1
1454 1464 1517 2558 1
1454 2558 1517 1508 1
1455 2569 1518 1465 1
1455 1509 1518 2569 1
1457 1473 1511 3750 1
1457 3750 1511 1489 1
1458 1466 1556 2585 1
1458 2585 1556 1512 1
1459 2585 1557 1467 1
1459 1467 2561 3307 1
1459 1512 1557 2585 1
1515 1474 1525 3040 1
1460 3040 1515 1478 1
1460 3040 1474 1515 1
1367 2552 2871 1428 1
1461 3261 1516 1475 1
1461 1479 1516 2573 1
1842 2679 1915 2646 1
1475 1516 1526 3261 1
1461 1516 3261 2573 1
1462 2549 1504 1492 1
1463 1493 1505 2571 1
1464 1468 1520 2558 1
1464 2558 1520 1517 1
2679 2646 2450 3678 1
1465 3365 2565 2569 1
2737 2464 2756 126 1
2737 2464 2455 2756 1
2914 4091 2553 1472 1
1466 2914 2553 1472 1
1466 2585 1519 1556 1
1519 2914 3113 2896 1
1458 3307 2561 1402 1
1458 3307 1402 1466 1
2737 126 2756 92 1
1467 1557 1563 2585 1
1467 3490 2585 1563 1
1467 2942 2566 2561 1
1468 1469 1520 2565 1
1468 1520 2558 2565 1
2737 2756 2455 92 1
1465 1518 3365 2569 1
1469 2565 1524 1520 1
1470 1478 1527 2579 1
1470 2579 2552 1478 1
1470 2579 1527 1522 1
1470 1522 2552 2579 1
1471 2596 1528 1479 1
1471 1479 2573 2596 1
1471 1523 1528 2596 1
1471 2596 2573 1523 1
1472 4091 4140 1510 1
1472 3113 1510 1519 1
1473 1563 1511 3490 1
1474 1480 1529 3260 1
1474 3260 1529 1525 1
1474 1525 3040 3260 1
1475 3261 1530 1481 1
1475 1526 1530 3261 1
1476 3787 1541 1488 1
1476 1537 1541 3787 1
3139 2767 2718 2522 1
1542 1538 4193 3324 1
3139 2770 2718 2767 1
1477 1538 4193 1542 1
4193 2452 2571 3948 1
1478 2579 3040 1515 1
1479 1516 2573 2596 1
1496 2558 1535 3879 1
1480 3260 1533 1529 1
1533 1496 1535 3879 1
1481 2569 1534 1497 1
1481 1530 1534 2569 1
1481 2569 3261 1530 1
1486 3751 2549 3516 1
1547 1500 1486 2577 1
1482 2577 1547 1486 1
1483 1485 1409 2572 1
1483 1548 2594 1487 1
1487 1501 1548 2594 1
1484 1490 1560 3410 1
1484 3410 2550 1490 1
1500 1504 2549 3751 1
1501 2594 1487 2571 1
1488 3787 1541 1552 1
1488 1510 4140 4091 1
3300 2473 2772 2461 1
1493 4193 1538 1505 1
1493 1538 4193 1477 1
1490 1498 1567 2578 1
1490 2578 2609 1498 1
1490 3063 1567 1560 1
2473 2461 2696 2772 1
2696 2772 2461 2465 1
3300 2826 2461 2772 1
1491 1485 2751 2572 1
2772 2465 2446 2461 1
2772 2446 2826 2461 1
1498 2578 2609 1502 1
1499 1503 2610 2595 1
1408 1486 1416 3516 1
1500 2577 1545 1543 1
1500 2577 1547 1545 1
3516 1482 1486 2577 1
1501 1544 2571 1505 1
1501 1544 1546 2594 1
1501 1546 1548 2594 1
3939 2452 2571 2619 1
1502 2578 2547 1513 1
1503 1514 2548 2595 1
1543 3751 2577 2472 1
1505 1544 4193 1538 1
1508 1517 1539 2558 1
1509 2569 1540 1518 1
1510 2580 1552 1569 1
1510 1488 1552 3787 1
2543 3939 3251 2619 1
1511 1570 1553 3785 1
1512 1556 1551 2585 1
1512 2585 1551 1557 1
1513 1522 1573 2578 1
1513 1522 2547 2552 1
1513 2578 2547 1522 1
1514 2595 1574 1523 1
1450 2573 2548 1523 1
1514 1523 2548 2595 1
2536 2680 2749 2909 1
2536 2680 2810 2796 1
1515 2579 1531 1478 1
1515 2579 1588 1531 1
3040 2579 3090 3831 1
2536 2564 2810 2680 1
2536 2564 2680 2909 1
1516 1479 1532 2596 1
1516 1532 1589 2596 1
1516 1589 1526 2596 1
1520 1517 2558 3879 1
1520 1549 1517 3879 1
2749 2796 2680 2536 1
1521 3365 1465 1518 1
1521 3365 1518 1550 1
1519 1510 1565 3113 1
1519 2585 1562 1556 1
1519 2896 1565 1562 1
1517 2558 3879 1539 1
1521 1524 3365 1559 1
1522 1527 1575 2579 1
1522 2578 1575 1573 1
1522 1575 2578 2579 1
1522 2579 2547 2552 1
1523 2596 1576 1528 1
1523 1574 1576 2595 1
1523 2798 2595 1576 1
1523 2573 2548 2596 1
1569 2580 1605 2896 1
1511 1566 1570 3785 1
1520 2589 2565 1524 1
1520 2558 2565 2589 1
1525 1529 1577 2584 1
1526 2591 1578 3261 1
1528 2596 1624 1532 1
1528 1576 1624 2596 1
1529 3879 3260 1533 1
1480 1496 3260 2558 1
1530 1534 2569 3876 1
1526 3261 1578 1530 1
1530 3876 2569 3261 1
1531 1588 1672 3818 1
1531 3818 2579 1588 1
1531 3818 1672 1670 1
1532 2616 1673 1589 1
1532 1589 2596 2616 1
1532 1624 1673 2616 1
1532 2616 2596 1624 1
1533 3879 1535 1579 1
1534 3876 1581 1536 1
1534 1580 1581 3876 1
1535 1539 1582 3879 1
1536 3876 1583 1540 1
1536 1581 1583 3876 1
1537 1597 2852 1595 1
1537 1492 2472 1476 1
1537 1543 1601 2852 1
1537 2852 1601 1595 1
1539 1549 1582 3879 1
1517 3879 1549 1539 1
1540 3876 1583 1550 1
1518 1540 3876 2569 1
1541 2580 1597 1603 1
1541 1537 1597 2580 1
1543 1545 1601 2577 1
1544 2594 1602 1546 1
1545 1547 1613 2577 1
1545 2577 1611 1601 1
1545 2577 1613 1611 1
1546 2594 1614 1548 1
1546 1602 1612 2594 1
1546 1612 1614 2594 1
1547 2577 1482 1613 1
1549 1558 1584 3879 1
1549 3879 1520 1558 1
1549 3879 1584 1582 1
1518 1540 1550 3876 1
2583 2587 1494 2605 1
1494 2587 2598 2605 1
1552 2580 1603 1607 1
1552 1541 1603 2580 1
1553 1608 1604 2590 1
1556 1562 1593 2585 1
1557 2585 1594 1563 1
2476 2698 2823 2877 1
2545 2476 2877 2698 1
1562 1565 1599 2896 1
1562 2896 1599 1593 1
1563 3490 1600 1566 1
1563 1594 1600 3490 1
1563 3490 2585 1594 1
1569 1552 1607 2580 1
1569 1607 1609 2580 1
1570 2590 1608 1553 1
1570 2590 1610 1608 1
2851 2637 2827 2878 1
1564 1591 1590 2589 1
1565 1569 1605 2896 1
1565 2896 1605 1599 1
2617 2620 2600 1713 1
1566 2590 1606 1570 1
1566 1600 1606 2590 1
1567 2578 1621 1619 1
1568 1620 1622 2595 1
1569 2580 1609 1605 1
1570 1606 1610 2590 1
1764 2620 2617 1713 1
1573 1575 1660 2600 1
1573 2600 2578 1575 1
1573 2600 1660 1621 1
1573 1621 2578 2600 1
2818 2586 2611 2607 1
2791 2733 2451 3982 1
1574 1622 1661 2615 1
1574 2615 2595 1622 1
2607 2875 2747 2611 1
1575 1664 2600 1670 1
1575 2600 1664 1660 1
1575 2578 2579 2853 1
2818 2875 2607 2611 1
2652 2689 1705 2733 1
3982 2669 3386 3413 1
1577 2584 1642 1525 1
3522 1653 2591 1580 1
1578 1643 1653 3253 1
1579 1535 1623 3879 1
2637 2961 2490 2395 1
1535 3879 1582 1623 1
3034 4152 2879 3589 1
2872 2563 2915 2555 1
2555 2582 2563 2915 1
2555 2582 2987 2563 1
2637 2827 2530 2395 1
1584 1586 1662 2819 1
1584 2819 1662 1582 1
1585 3134 1663 1587 1
1587 1559 1585 3134 1
1586 2819 1666 1662 1
1587 1559 3134 1591 1
1587 1663 1667 3134 1
1587 3134 1667 1591 1
1588 1525 1625 3831 1
1588 1625 1674 2601 1
1588 3818 3831 1625 1
1588 2601 1674 1672 1
1589 3253 2596 2616 1
1589 2616 1675 1626 1
1589 1626 3253 2616 1
1589 1673 1675 2616 1
1591 3924 1669 1590 1
1667 3924 3134 2608 1
1590 1669 1668 3924 1
1593 2779 2896 1599 1
1593 2779 1599 1628 1
1594 3677 1629 1600 1
1594 1600 3319 3677 1
1595 1601 1640 2852 1
1595 1597 2852 1640 1
3267 2664 2451 2523 1
3267 3127 2664 2523 1
3127 2523 3315 2664 1
1596 1598 1641 4227 1
1596 4227 3324 1598 1
1601 2852 1644 1640 1
1597 1603 2580 4214 1
1598 1604 1639 4227 1
1598 4227 2590 1604 1
1598 1639 1641 4227 1
1599 1605 1630 3105 1
1599 2779 2896 1605 1
1599 3869 1630 1628 1
1600 1629 1631 3677 1
1600 1606 2590 3319 1
1601 1611 1646 2599 1
1601 2599 2577 1611 1
1601 2599 1646 1644 1
1602 2614 1647 1612 1
1602 1612 2594 2614 1
1602 1645 1647 2614 1
1603 4214 1638 1636 1
1603 1607 2580 4214 1
1604 1637 1639 4227 1
1604 4227 2590 1608 1
1605 1609 1632 3105 1
1605 4214 2580 1609 1
1605 3105 1632 1630 1
1606 3464 1633 1610 1
1606 1631 1633 3464 1
1607 4214 1636 1634 1
1607 1609 2580 4214 1
1607 4214 1603 1636 1
1608 4227 2590 1610 1
1608 1637 1604 4227 1
1609 4214 1607 1634 1
1610 1633 1635 3464 1
1635 1637 4227 2524 1
1648 1613 1650 2599 1
1611 2599 2577 1613 1
1611 2599 1648 1646 1
1611 2599 1613 1648 1
1612 2614 1649 1614 1
1614 1651 3998 2614 1
1612 1647 1649 2614 1
1614 1649 1651 2614 1
1525 1625 3831 3239 1
1613 3955 2577 1482 1
1614 2594 3504 1483 1
1482 3955 2577 1615 1
1483 2594 3504 1616 1
2837 39 2497 2501 1
1615 2599 3322 1650 1
1616 1651 3387 3998 1
1618 1619 1656 2600 1
1618 1656 2617 2600 1
1618 1764 1704 2617 1
1618 1704 3527 2617 1
1620 2615 3425 1657 1
1619 1621 1656 2600 1
1619 2600 2578 1621 1
1620 2615 1657 1622 1
1620 1622 2595 2615 1
1620 2595 2687 2615 1
1621 2600 1660 1656 1
1622 1657 1661 2615 1
1623 1582 1658 2819 1
1623 2606 1658 1654 1
1624 1665 1671 2615 1
1624 1671 1673 2616 1
1582 1662 1658 2819 1
153 3605 2459 190 1
1663 1667 3134 2613 1
3605 3195 2459 190 1
2564 2943 2681 2920 1
1590 2589 2819 1586 1
2909 2920 2680 2846 1
1667 1669 3924 2608 1
1591 3134 1667 3924 1
1669 1668 3924 2608 1
1625 1642 1676 3239 1
1625 2601 1676 1674 1
1625 2601 3239 1676 1
1676 1689 2601 3239 1
1626 3253 1677 1643 1
1626 1675 1677 2616 1
1643 1690 3253 1677 1
1628 1630 1678 3869 1
1628 1678 1680 3869 1
39 2837 3270 2501 1
1629 3677 1679 1631 1
1629 3677 1681 1679 1
1630 1632 1682 2602 1
1630 3689 1682 1678 1
1632 1634 1685 2602 1
1632 2602 1685 1682 1
1633 2524 1686 1635 1
1633 1683 1686 2524 1
1634 1636 1687 2602 1
1634 2602 1687 1685 1
1635 2524 1688 1637 1
1635 1686 1688 2524 1
1636 1638 1687 2602 1
1637 2524 1688 1639 1
2956 4031 2857 2929 1
2956 2929 2625 4031 1
2835 2729 2692 3511 1
2464 3954 3355 2673 1
4074 2692 3511 2835 1
1639 3804 1696 1641 1
1639 1692 1696 3804 1
1640 1644 3078 3629 1
1640 1638 3079 1695 1
2464 3355 2386 2673 1
1642 2606 1652 1689 1
1643 3253 1690 1653 1
1653 1690 1694 2613 1
1644 1646 3078 2978 1
1645 2614 3931 1647 1
1646 1648 2978 2599 1
1646 2978 1648 1745 1
1647 3931 1750 1649 1
1645 3931 3050 1647 1
2978 1650 1702 2599 1
2691 684 2693 2611 1
2691 2798 2693 684 1
1653 2613 1698 1655 1
1653 1694 1698 2613 1
1697 1658 1700 2606 1
1654 2606 1658 1697 1
1655 2613 1698 1659 1
1659 1698 1701 2613 1
1656 1660 1713 2600 1
1618 1764 2617 1656 1
1764 1704 2617 2620 1
1657 2615 1714 1661 1
1657 3425 1765 1714 1
1657 1714 2615 3425 1
1657 1620 1763 3425 1
2798 2693 684 2615 1
1714 2635 3425 1765 1
1658 1662 1700 2606 1
1659 2613 1701 1663 1
1660 1664 1713 2600 1
1661 2615 1714 1665 1
2851 2535 2880 2973 1
1662 2606 1706 1700 1
1663 2613 1707 1667 1
1663 1701 1707 2613 1
1664 2600 1715 1713 1
1665 2615 1717 1671 1
1665 1714 1716 2615 1
1717 2616 2885 2761 1
1716 1717 2885 2761 1
1667 2608 1709 1669 1
1667 1707 1709 2613 1
2851 2973 2937 2535 1
1669 2608 1711 1668 1
1669 1709 1711 2608 1
1668 1711 1712 2608 1
1671 2616 1717 1673 1
1672 1674 1718 2601 1
1672 2601 1718 1670 1
1673 2616 1719 1675 1
1673 1717 1719 2616 1
1674 1676 1720 2601 1
1674 2601 1720 1718 1
1675 2616 1721 1677 1
1675 1719 1721 2616 1
1676 1689 1731 2601 1
1676 2601 1731 1720 1
1677 1721 1732 2616 1
1690 1732 2787 3253 1
1678 3869 1726 1680 1
1678 1682 1722 3689 1
1678 1722 1726 3869 1
1679 1681 1727 3677 1
1680 1726 1728 2551 1
1681 3677 1729 1727 1
2545 3444 3421 2575 1
1682 1685 1724 3689 1
2545 2673 2575 3421 1
1682 3689 1724 1722 1
1683 3329 1725 1686 1
1683 1723 1725 4215 1
743 2674 501 651 1
1685 1687 1733 3523 1
1685 3689 1733 1724 1
1686 3329 1734 1688 1
1686 1725 1734 3329 1
651 2674 2988 2474 1
743 2674 3224 501 1
2474 2988 2476 2674 1
2545 3421 3444 3110 1
3168 2545 3110 3421 1
3954 2545 3168 3421 1
3954 3421 2673 2545 1
2956 3524 2857 4031 1
1689 1693 1735 2606 1
1690 2787 1736 1694 1
1690 1732 1736 2787 1
2711 4064 2472 2549 1
2956 4031 2625 3524 1
2468 2484 2981 2386 1
2386 2484 2981 2673 1
3355 2484 2468 2386 1
765 2834 3243 780 1
780 3243 2736 2834 1
3243 2684 2834 765 1
3355 2484 2386 2673 1
1691 3523 4208 1687 1
1693 1697 1737 2606 1
1693 2606 1737 1735 1
1694 2787 1738 1698 1
1694 1736 1738 2787 1
2687 1495 2763 3425 1
1703 3425 2712 2763 1
3274 2956 4273 3150 1
2712 2687 2763 3425 1
2983 3274 3150 2956 1
2892 2841 4270 2730 1
1695 1743 3600 3326 1
1695 1691 3959 3976 1
2628 2649 2858 2496 1
1696 2855 4216 1744 1
2858 2732 2861 2649 1
2500 39 3270 2501 1
3166 4178 2721 2989 1
4270 2841 2634 2730 1
1749 1648 1699 2978 1
2989 3184 4178 2721 1
1697 1700 1741 2715 1
1697 2715 2606 1700 1
1697 2715 1741 1737 1
1697 1737 2606 2715 1
1698 2787 1742 1701 1
1698 1701 2613 2787 1
1698 1738 1742 2787 1
1699 1802 1749 3056 1
1699 2978 1648 1650 1
1648 2978 1749 1745 1
2873 2828 2453 2943 1
1700 1706 1753 2715 1
2594 1495 2710 2614 1
1700 2715 2606 1706 1
2594 2687 1495 2614 1
1700 2715 1753 1741 1
2787 1742 1754 2743 1
1701 1742 1754 2787 1
1707 2743 2613 2787 1
1702 1704 1809 3527 1
1702 3056 1802 1699 1
1702 3056 1809 1802 1
1703 2634 1810 2750 1
1703 1755 1810 2634 1
3043 2594 1495 2710 1
2594 2751 1495 2687 1
3043 2594 2751 1495 1
2750 3648 1862 1813 1
1706 1708 1756 2715 1
2836 2763 2687 2614 1
2687 2836 2614 3387 1
1706 2715 1756 1753 1
1707 2743 1757 1709 1
1707 1709 2613 2743 1
1707 1754 1757 2743 1
3387 1651 2836 2614 1
1708 2715 1758 1756 1
1651 3931 2836 2614 1
1708 1706 3339 2715 1
1709 2629 1759 1711 1
1709 1711 2608 2629 1
1709 1757 1759 2743 1
1709 1759 2629 2743 1
2537 2943 2828 2873 1
2909 2537 2873 2943 1
1710 1712 1760 2629 1
1710 2629 1760 1758 1
3931 2836 2614 2763 1
1711 2629 1761 1712 1
1711 1712 2608 2629 1
1711 1759 1761 2629 1
1712 2629 1762 1760 1
1712 1761 1762 2629 1
1713 1715 1816 2620 1
1713 2620 2600 1715 1
2836 2763 2712 2687 1
1713 2620 1816 1764 1
1714 2635 1817 1716 1
1714 1716 2615 2635 1
3425 1763 1765 2635 1
1714 1765 1817 2635 1
2712 2836 2687 3387 1
1715 1771 1818 2760 1
1715 2620 1818 1816 1
1715 1818 2620 2760 1
1664 2600 1670 1715 1
1716 2761 1772 1717 1
1671 2615 1717 2616 1
1716 2761 2635 3060 1
1716 1817 1819 2635 1
1716 3060 2635 1819 1
1665 1716 1717 2615 1
1717 2885 2616 2615 1
2712 3387 2687 1617 1
3585 2892 2705 2933 1
3585 2892 2730 2705 1
1717 2761 1772 1719 1
1717 1719 2616 2761 1
1718 1720 1776 2760 1
1718 2760 2601 1720 1
1718 2760 1776 1771 1
1719 2761 1777 1721 1
1719 1721 2616 2761 1
1719 1772 1777 2761 1
1720 1731 1778 3213 1
1720 3213 2601 1731 1
1720 2760 1778 1776 1
2892 2654 1823 2841 1
1721 1777 1779 2761 1
1722 1724 1766 2940 1
1722 4228 3689 1724 1
1722 2940 1766 1726 1
1723 3760 1767 1725 1
2841 1799 2654 1823 1
2841 1799 2634 2654 1
1724 4228 3689 1733 1
1725 3760 3541 1734 1
1726 1766 1768 2940 1
1727 3274 1769 1767 1
1727 1729 1769 3274 1
1729 2625 1774 1769 1
1729 2625 1775 1774 1
1731 1735 1780 3106 1
1731 3106 1689 1735 1
1731 3213 1780 1778 1
3511 2729 2980 2644 1
1731 2601 1689 3106 1
2833 2466 2446 2891 1
2826 2446 2833 2466 1
2220 2976 2842 2254 1
1732 2787 1781 1736 1
3263 2734 3041 3254 1
2736 2749 3474 2788 1
2134 3263 3041 3254 1
2976 3185 2842 2254 1
2220 2936 2842 2976 1
2518 2973 3474 2736 1
2518 2736 3474 2788 1
2936 3185 2842 2976 1
2736 2973 3474 2749 1
1735 1737 1782 3106 1
1735 3106 2606 1737 1
1735 3106 1782 1780 1
1736 2787 1783 1738 1
2834 2684 2519 858 1
1736 1781 1783 2787 1
2834 2684 858 765 1
3410 3063 3691 2829 1
1733 3660 1770 1724 1
1734 3760 3541 1740 1
2987 2581 2582 2816 1
2208 2976 3254 3041 1
1737 1741 1786 2776 1
1738 2787 1787 1742 1
1738 1783 1787 2787 1
2134 3254 3041 2208 1
1739 1751 4170 4143 1
2929 2625 4031 3665 1
2892 2654 2841 2730 1
1741 1753 1836 2776 1
1741 2776 1794 1786 1
1741 2776 1836 1794 1
1742 1787 1795 2743 1
1742 1795 1754 2743 1
1789 2892 1823 2841 1
1745 1749 1798 3056 1
1746 3066 1799 1750 1
1747 3266 3866 1751 1
3005 1207 2638 2515 1
1749 3056 1802 1798 1
1145 1207 3005 2515 1
1750 3066 1799 1755 1
3395 3005 2769 2498 1
1751 3866 4170 3266 1
1752 1740 2935 2982 1
1753 1756 1836 2776 1
1755 1803 1810 2634 1
1756 1758 1804 2715 1
1756 2776 1804 1836 1
1757 2743 1805 1759 1
1757 1754 1805 2743 1
1758 1760 1848 3918 1
1758 2679 1848 1804 1
1758 1848 2679 3918 1
1759 3918 1849 1761 1
1759 1805 1849 2743 1
1759 1849 3918 2743 1
1762 3918 1811 1760 1
1762 1761 1811 3918 1
2584 2583 2453 1494 1
1789 2841 4270 2892 1
1764 1812 1704 2620 1
2617 1713 2600 1656 1
1763 2635 1813 1765 1
1763 2635 3648 1813 1
1763 3425 3648 2635 1
1764 2620 1869 1812 1
1764 1816 1869 2620 1
1765 1813 1870 2635 1
1765 2635 1870 1817 1
3169 2857 3696 2643 1
2863 2698 2823 2476 1
3696 2857 2636 2643 1
1766 1770 1784 2621 1
4259 3169 3696 2643 1
1008 1095 1107 3985 1
988 3985 1095 1008 1
1768 1784 1807 3898 1
988 1008 2918 3985 1
1769 4273 1774 1808 1
1008 1123 3985 1107 1
1770 2621 1792 1784 1
2901 1123 3985 1008 1
1767 1785 1793 2630 1
1771 1879 2760 1776 1
1771 1818 2760 1879 1
2855 2731 4121 2874 1
1772 1777 2761 1880 1
1774 1775 3628 3524 1
2855 2717 4121 2731 1
1776 1778 1881 2642 1
1776 2642 2760 1778 1
1777 2657 1882 1779 1
1777 1779 2761 2657 1
1777 1880 1882 2657 1
1778 1780 1883 3213 1
1778 2642 3213 1883 1
1778 2642 1883 1881 1
2761 1779 2725 2657 1
1779 1882 1884 2657 1
1780 1782 1887 3213 1
1780 3213 1887 1883 1
1883 1887 2642 3213 1
4270 2850 2634 2841 1
1887 3438 2642 3213 1
1781 2725 1888 1783 1
2761 1779 1781 2725 1
1884 1888 2725 2657 1
1782 1786 1893 2646 1
1955 2646 3438 1893 1
1783 2725 1894 1787 1
1783 1888 1894 2725 1
1789 2850 4270 2841 1
1785 4052 1815 1793 1
1786 1794 1897 2646 1
1786 2646 2776 1794 1
1786 2646 1897 1893 1
1787 2653 1898 1795 1
1787 1894 1898 2653 1
1788 1790 1822 2639 1
1788 2902 1820 1796 1
1788 2902 1822 1820 1
1789 2841 1823 1791 1
1790 2639 1798 1822 1
1799 1823 1839 2654 1
1784 3853 1814 3898 1
1793 4052 3595 1801 1
1794 1836 1905 2646 1
1794 2646 2776 1836 1
1794 2646 1905 1897 1
1795 2743 1837 1754 1
1795 2653 1906 1837 1
1795 1898 1906 2653 1
1752 2935 4171 3679 1
1641 1696 3050 2995 1
1798 1802 1846 2639 1
1798 2639 1846 1838 1
1799 2634 1847 1803 1
1799 1839 1847 2654 1
2508 984 2699 2770 1
577 3243 3564 3242 1
1754 2743 1837 1805 1
577 3564 2495 3242 1
1802 1809 1846 2639 1
948 2501 3270 3208 1
995 948 3270 3208 1
1803 2634 1847 1810 1
1804 1848 1842 2679 1
1804 2776 1842 1836 1
1805 2743 1843 1849 1
1805 1837 1843 2743 1
1842 1848 1915 2679 1
1848 2650 2679 3918 1
4253 3368 3596 3432 1
1808 1785 4273 1815 1
1744 3066 2850 1746 1
1746 2850 1799 3066 1
3066 2634 2850 1799 1
1809 2639 1855 1846 1
1855 2640 2639 2525 1
1855 2795 1704 1861 1
2516 2771 2700 983 1
1810 1847 1856 2634 1
1760 1811 1852 3918 1
1760 3918 2629 1762 1
2208 2220 2254 2976 1
1760 3918 1852 1848 1
1761 3918 1853 1811 1
1761 1762 2629 3918 1
1761 1849 1853 3918 1
1811 2650 1854 1852 1
1811 1853 1854 2650 1
2208 2220 2976 2128 1
1704 2795 2617 2821 1
2617 2821 2795 2848 1
1861 1704 2821 2795 1
1812 1704 2821 1861 1
1812 1869 1938 2641 1
1812 2641 2620 1869 1
2482 3132 2683 2949 1
2848 2622 2821 2795 1
2641 2640 1938 2821 1
1812 1704 2620 2821 1
1812 2641 2821 2620 1
1813 1862 1939 2655 1
1813 2655 3648 1862 1
1813 2656 1939 1870 1
1813 1870 2635 2656 1
1813 2656 2655 1939 1
2865 3185 2936 2868 1
1808 4273 1831 1815 1
2865 2868 2936 3082 1
1816 1818 1873 2641 1
1816 2641 2620 1818 1
1816 2641 1873 1869 1
1816 1869 2620 2641 1
3066 4270 2850 2634 1
1817 2656 1874 1819 1
1817 1819 2635 2656 1
1817 1870 1874 2656 1
1817 2656 2635 1870 1
2949 2683 2498 2908 1
1818 2641 1875 1873 1
1818 1875 2641 2642 1
2842 2270 3185 2865 1
1819 1874 1876 2656 1
1819 2656 3060 2635 1
3792 3810 2525 3696 1
1820 3617 1828 1824 1
3792 2906 3810 3696 1
3835 3696 2906 3792 1
1820 3617 1832 1828 1
3792 3696 2525 3072 1
3792 3835 3696 3072 1
3862 3197 4272 2643 1
3862 3197 2643 2636 1
1821 1829 1833 2933 1
3696 2636 3862 2643 1
1822 1838 1871 3061 1
1823 2654 1872 1839 1
3050 1744 3066 2855 1
3730 2953 3346 3098 1
3050 2855 3066 2995 1
1815 4052 4273 4213 1
1827 1864 4246 1866 1
1774 1851 3524 3628 1
1844 1832 1885 3340 1
1828 3340 1844 1834 1
1828 3340 1832 1844 1
1829 3098 1845 1833 1
1829 3098 1841 1835 1
1829 1835 1845 3098 1
1865 2643 1907 2999 1
4259 3696 3862 2643 1
4259 2643 3862 4272 1
3536 1890 1927 2647 1
1831 1827 1815 4213 1
1832 1871 1885 3061 1
1833 3098 1886 1872 1
1867 1844 1899 3053 1
1834 1844 3588 3340 1
1834 3588 1859 1857 1
1834 1840 3340 1857 1
1834 3588 1867 1859 1
1834 3588 1844 1867 1
1835 1841 1858 3098 1
1835 3161 1868 1845 1
1835 3098 3161 1845 1
1835 1858 1860 3161 1
1835 1860 1868 3161 1
1845 1868 1900 3161 1
1836 1842 1911 2646 1
1836 2646 2776 1842 1
1836 2646 1911 1905 1
1837 2653 1912 1843 1
1837 1906 1912 2653 1
1838 1846 1930 2639 1
1838 3061 1930 1871 1
1839 2654 1931 1847 1
1839 1872 1931 2654 1
1840 1857 1891 3093 1
1919 3678 2646 2679 1
1842 2646 1915 1911 1
1843 1916 2650 2653 1
1843 1912 1916 2653 1
1844 1885 1899 3053 1
1899 1885 2934 3053 1
1845 3441 1900 1886 1
1845 3098 3441 1886 1
1846 1855 1928 2639 1
1846 1928 1930 2639 1
1847 3868 1929 1856 1
1847 2654 1931 1929 1
1848 1852 1919 2650 1
1848 2650 1919 2679 1
2679 2646 1919 1915 1
1849 2650 1920 1853 1
1916 1987 2762 2653 1
2511 2834 3243 2512 1
3481 2892 4270 2730 1
965 1020 2700 2516 1
3243 2736 2834 2511 1
3302 2892 4270 3481 1
1866 1890 1908 2651 1
1852 1854 1921 2650 1
1852 2650 1921 1919 1
1853 2650 1922 1854 1
1853 1920 1922 2650 1
1854 2650 1923 1921 1
1854 1922 1923 2650 1
1932 1861 1934 2640 1
1855 2639 1932 1928 1
1855 2640 1861 1932 1
1855 1932 2639 2640 1
1856 2655 1933 1862 1
1856 1929 1933 3868 1
1862 1933 1935 2655 1
1856 2655 3868 1933 1
983 1024 2771 1036 1
1857 1859 1877 3588 1
1857 1877 1913 3026 1
1857 3093 1901 1891 1
1857 3026 1913 1901 1
1857 3093 3026 1901 1
1858 3161 1878 1860 1
1858 3161 1914 1878 1
1858 1892 1902 3148 1
1858 1902 1914 3161 1
1903 1867 1917 2925 1
1859 2925 1895 1877 1
1859 2925 1903 1895 1
3481 4270 2731 2730 1
1859 2925 1867 1903 1
2859 2731 3481 4270 1
1860 2670 1904 1868 1
1860 1878 1896 2670 1
1860 1896 1904 2670 1
1868 1904 1918 2670 1
1861 2640 1938 1934 1
1862 1935 1939 2655 1
4270 3481 2859 3302 1
1864 1866 1908 2651 1
1865 2999 1907 1889 1
1864 2651 4246 1866 1
1851 2647 1890 3536 1
1020 1101 4026 2516 1
2874 2731 4121 2859 1
2692 2729 2980 3511 1
2874 3066 2731 4270 1
1899 2934 1959 2968 1
2874 3066 4270 2850 1
3098 3042 3161 3441 1
3098 3042 3157 3161 1
3041 2976 3254 2667 1
2636 2729 2835 3511 1
1868 2670 1918 1900 1
1869 1873 1940 2641 1
1869 2641 1940 1938 1
1870 2656 1941 1874 1
1870 1939 1941 2656 1
1871 3061 1953 1885 1
3367 2667 2976 3041 1
2923 2855 2947 1748 1
1873 1875 1943 2641 1
1873 2641 1943 1940 1
1874 2656 1944 1876 1
1874 1941 1944 2656 1
1875 2641 1945 1943 1
1875 1945 2641 2642 1
1876 2657 1946 1880 1
1876 1944 1946 2656 1
1876 2657 2656 1946 1
1877 1895 1909 3004 1
1877 1909 1924 3004 1
1877 3004 1924 1913 1
1878 2670 1910 1896 1
1878 2670 1925 1910 1
1878 1914 1925 2670 1
2512 2684 2834 3243 1
1880 2657 1948 1882 1
1880 1946 1948 2657 1
1881 1883 1949 2642 1
1881 2642 1949 1947 1
1882 2657 1950 1884 1
1882 1948 1950 2657 1
1883 1887 1951 2642 1
1883 2642 1951 1949 1
1884 2657 1952 1888 1
1884 1950 1952 2657 1
2809 3062 3382 2655 1
1885 2934 1953 1959 1
1886 1960 1954 3441 1
1886 1872 3441 1954 1
1955 1893 3438 1887 1
815 3380 2684 858 1
1888 2653 1956 1894 1
1111 2758 2771 1215 1
1888 1952 1956 2657 1
2282 2977 2294 3210 1
3380 2684 39 2500 1
3990 2859 4121 3084 1
1891 1901 1972 3097 1
1891 3069 3851 3540 1
2511 2974 2834 2512 1
2512 2834 2519 2974 1
2834 2736 2974 2511 1
2834 2974 2736 2519 1
828 861 2932 3332 1
828 2932 3461 3332 1
3332 861 2932 3404 1
1893 1897 1957 2646 1
1893 2646 1957 1955 1
1295 1310 2521 1201 1
1894 2653 1958 1898 1
1894 1956 1958 2653 1
1310 1377 2521 2804 1
1895 1966 1961 3167 1
1895 3167 1961 1909 1
1009 3483 2975 2882 1
1108 3483 1009 2882 1
2975 3483 3987 2882 1
815 2684 3380 2500 1
1896 2670 1962 1967 1
1896 1910 1962 2670 1
3483 2520 3987 2882 1
1897 1905 1968 2646 1
1897 2646 1968 1957 1
1898 2653 1969 1906 1
1898 1958 1969 2653 1
1899 2968 1959 1917 1
1899 1885 1959 2934 1
1900 1918 1960 2670 1
1900 3441 1960 1886 1
1901 1913 1972 3026 1
1901 3097 3026 1972 1
1108 2520 3483 2882 1
1902 3161 1973 1914 1
4121 2859 2731 3084 1
1377 1420 2521 2804 1
1904 2670 1967 1918 1
1904 1896 1967 2670 1
1404 2768 2799 1426 1
1420 2804 1426 2521 1
3432 3368 3596 2523 1
1905 1911 1976 2646 1
1905 2646 1976 1968 1
1906 2653 1977 1912 1
1906 1969 1977 2653 1
1907 1964 1978 2921 1
1908 1927 1979 2651 1
1908 2651 1979 1965 1
1909 3167 1961 1974 1
1910 1975 1962 2670 1
1911 1915 1984 2646 1
1911 2646 1984 1976 1
1912 2653 1985 1916 1
1912 1977 1985 2653 1
2791 2733 3982 2689 1
1913 1924 1980 3004 1
2689 3982 2791 2523 1
966 2508 2699 1021 1
1914 2670 1981 1925 1
984 1025 2770 964 1
1021 2508 2699 1102 1
1915 1919 1986 2646 1
1915 2646 1986 1984 1
1920 1987 2762 1916 1
1916 1985 1987 2653 1
1917 1959 1970 2968 1
1917 2925 1970 1966 1
1918 2670 1971 1960 1
1918 1967 1971 2670 1
1919 1921 1990 2650 1
1986 2052 2044 2803 1
1990 2052 1986 2803 1
1920 2650 1991 1922 1
1849 1916 2650 1843 1
1921 1923 1992 2650 1
1921 2650 1992 1990 1
1922 2650 1993 1923 1
1922 1991 1993 2650 1
1923 2650 1994 1992 1
1923 1993 1994 2650 1
1924 1909 1974 3167 1
1924 1974 1982 3167 1
1924 3240 1982 1980 1
1925 2670 1975 1910 1
1925 2670 1983 1975 1
1925 1981 1983 2670 1
1928 2754 2017 2019 1
1928 1930 2639 2754 1
1928 1932 2017 2754 1
1932 2013 2017 2754 1
1928 2754 2639 1932 1
1929 2020 2018 2755 1
1929 2755 2654 1931 1
2018 2755 2014 1933 1
1929 2755 2018 1933 1
1929 1933 3868 2755 1
2886 2844 2904 2538 1
2603 3514 2685 2622 1
3166 2904 2538 2886 1
1930 1928 2019 2754 1
1767 1769 1785 3274 1
1767 3274 1785 2630 1
1931 2022 2814 1937 1
2602 3959 3523 3362 1
4143 2621 3128 2906 1
1931 2755 2020 1929 1
2022 1931 2814 2020 1
2545 2464 3168 2688 1
1932 1934 2013 2640 1
1934 2008 2013 2640 1
1932 2013 2754 2640 1
2014 2655 2009 1935 1
1933 2655 2014 1935 1
1933 2655 2832 2014 1
2465 2464 2545 2688 1
2528 2707 2871 3807 1
2455 2688 2756 2464 1
1934 1938 2008 2640 1
1935 2655 2009 1939 1
2455 2465 2688 2464 1
2464 3954 2673 2545 1
1936 2021 2025 2659 1
1937 1954 2026 2671 1
1931 2814 2020 2755 1
1937 2671 2026 2022 1
1112 1216 2770 2757 1
1202 1195 2522 1311 1
1938 2004 2008 2640 1
1206 2718 2770 2767 1
1296 1202 2522 1311 1
1304 1366 2800 2767 1
1939 2655 2009 2005 1
1938 1940 2004 2641 1
1311 2805 2522 1378 1
2800 1405 1427 3111 1
1938 2004 2640 2641 1
1939 2656 2005 1941 1
1378 2805 2522 1421 1
2800 1427 2522 3111 1
1939 2656 2655 2005 1
1940 1943 2011 2641 1
1940 2641 2011 2004 1
1941 2656 2010 1944 1
1941 2005 2010 2656 1
1943 1945 2011 2641 1
2973 3016 2847 2880 1
2847 2973 2880 3474 1
2847 3131 3474 2880 1
1944 2656 2012 1946 1
1944 2010 2012 2656 1
3016 3412 2847 2880 1
1945 1947 2006 2642 1
1945 2006 2011 2641 1
3412 2847 2880 3131 1
1945 2006 2641 2642 1
1946 2657 2007 1948 1
1946 2656 2012 2007 1
1946 2657 2656 2007 1
1947 1949 2002 2642 1
3274 2630 4273 1785 1
1947 2002 2006 2642 1
308 3784 2866 366 1
1948 2657 2003 1950 1
1948 2657 2007 2003 1
1952 2657 1997 1956 1
1953 2025 2027 2934 1
1954 2028 2026 3441 1
1954 2671 3441 2026 1
3518 2939 2866 328 1
1769 3274 4273 1785 1
2840 3289 2886 2533 1
3013 2533 2840 2886 1
1955 3281 3438 2646 1
1956 1997 1999 3101 1
3131 2815 2781 2719 1
1957 1968 2015 2646 1
1955 1998 3438 3281 1
1958 2653 2016 1969 1
1959 2968 2027 1970 1
1959 1953 2027 2934 1
1960 1971 2028 2670 1
1960 3441 2028 1954 1
1961 2033 2035 3167 1
1961 3167 2035 1974 1
1962 2670 2036 2034 1
1962 1975 2036 2670 1
4217 3298 2683 2890 1
3069 3419 2037 1964 1
3507 4217 2683 2890 1
2840 2828 2886 3289 1
3384 4217 3507 2890 1
3289 2886 2538 2828 1
3384 3298 4217 2890 1
1963 3263 2043 1973 1
3166 3227 2506 2886 1
1963 1965 3000 3263 1
2855 3066 2731 2874 1
2855 3066 2850 1744 1
1966 1970 2033 3171 1
1966 2033 1961 3167 1
2478 3399 3313 2965 1
2690 3221 3193 2498 1
1967 2670 2034 1971 1
1967 2670 1962 2034 1
1968 1976 2023 2646 1
1968 2646 2023 2015 1
1969 2653 2024 1977 1
1969 2016 2024 2653 1
1970 2027 2029 2968 1
1970 2029 2033 3171 1
1971 2670 2030 2028 1
1971 2670 2034 2030 1
1972 2924 2048 2042 1
1972 3419 2924 2042 1
1973 3157 2049 1981 1
1974 3167 2038 1982 1
3319 2607 2747 2713 1
1974 2035 2038 3167 1
3319 2607 3147 2983 1
1975 1983 2039 2670 1
3319 2983 2747 2607 1
1975 2670 2039 2036 1
3319 3147 2607 2713 1
1976 1984 2031 2646 1
1976 2646 2031 2023 1
1977 2653 2032 1985 1
1977 2024 2032 2653 1
1978 4074 2050 1988 1
3985 3277 2989 3352 1
2989 3352 3277 4178 1
1980 1982 2046 3240 1
1980 2046 2048 3240 1
1981 2670 2047 1983 1
1981 2670 2049 2047 1
1982 2038 2046 3167 1
1983 2670 2047 2039 1
1984 1986 2044 2646 1
1984 2646 2044 2031 1
1985 2653 2045 1987 1
1985 2032 2045 2653 1
1919 2646 3678 1986 1
1986 2646 2803 2044 1
1920 1991 2650 2762 1
1987 2045 2053 2653 1
4084 3276 3298 2895 1
1990 3832 2650 1992 1
1991 1993 2650 3832 1
1987 2762 2653 2053 1
1992 1994 2064 2666 1
1992 3832 2650 1994 1
1992 2666 2064 2058 1
1993 2666 2065 1994 1
1993 1994 2650 3832 1
1993 2059 2065 2666 1
1994 2666 2066 2064 1
1994 2065 2066 2666 1
2729 2825 2980 2752 1
2824 2729 2752 2825 1
3149 4004 2895 4084 1
1996 3556 2642 1998 1
1996 2060 2642 3556 1
1997 1999 3101 3413 1
3149 3276 4084 2895 1
1997 3413 2657 2061 1
1957 3281 2646 2015 1
1998 2642 3438 3556 1
4084 2895 3298 2949 1
1999 3196 2057 2016 1
2016 2057 2068 3196 1
2002 2792 2073 2006 1
2002 2006 2642 2792 1
2002 2071 2073 2792 1
2002 2792 2642 2071 1
2003 2007 2074 2793 1
2003 2793 2074 2072 1
2004 2802 2083 2008 1
2004 2008 2640 2802 1
2004 2081 2083 2802 1
2005 2009 2084 2806 1
2005 2806 2655 2009 1
2005 2806 2084 2082 1
2004 2011 2079 2773 1
2004 2773 2641 2011 1
2004 2079 2081 2802 1
2004 2079 2802 2773 1
2004 2640 2641 2773 1
2004 2773 2802 2640 1
2005 2806 2080 2010 1
2005 2010 2656 2806 1
2005 2806 2082 2080 1
924 964 2508 2742 1
2535 2827 2843 2563 1
2005 2806 2656 2655 1
2006 2792 2075 2011 1
2006 2011 2641 2792 1
2006 2073 2075 2792 1
2006 2641 2642 2792 1
2007 2012 2076 2793 1
2007 2793 2656 2012 1
2007 2793 2076 2074 1
2008 2802 2085 2013 1
2008 2013 2640 2802 1
2008 2083 2085 2802 1
2084 2086 2157 3144 1
2843 2827 2562 2563 1
2011 2075 2079 2792 1
2010 2793 2076 2012 1
2010 2012 2656 2793 1
2010 2806 2080 2076 1
2710 1495 2747 2614 1
1930 1936 2659 2021 1
2013 2754 2091 2017 1
2013 2085 2091 2754 1
2013 2085 2754 2802 1
1932 2639 2640 2754 1
2013 2802 2754 2640 1
2014 2018 2092 2755 1
2014 2755 2092 2086 1
2832 2806 2084 2009 1
1933 2832 2655 3868 1
2015 2023 2067 3281 1
2015 3281 2646 2023 1
2016 3196 2068 2024 1
2016 2024 2653 3196 1
4004 2949 2895 4084 1
2021 2019 2659 1930 1
2017 2754 2093 2019 1
2017 2091 2093 2754 1
2018 2020 2094 2755 1
2018 2755 2094 2092 1
2019 2659 2103 2021 1
2019 2093 2103 2659 1
1930 2754 2019 2659 1
2019 2093 2659 2754 1
923 933 2516 2741 1
2020 2022 2104 2671 1
2020 2671 2104 2094 1
2020 2755 2671 2094 1
1850 2647 3524 3141 1
2021 2659 2105 2025 1
2021 2103 2105 2659 1
2022 2026 2106 2671 1
2022 2671 2106 2104 1
2023 2031 2077 3281 1
2023 3281 2646 2031 1
2023 3281 2077 2067 1
2024 3196 2078 2032 1
2024 2032 2653 3196 1
2024 2068 2078 3196 1
1930 1936 3061 2659 1
2025 3172 2105 2101 1
2829 2853 2582 2913 1
2026 2028 2102 3441 1
2026 2102 2106 3042 1
2026 2671 3042 2106 1
924 2742 2508 934 1
3141 2647 3524 2857 1
2027 2968 2099 2029 1
2027 2950 2101 2099 1
2829 2853 2816 2582 1
2293 3965 4080 2704 1
2028 2030 2100 2670 1
2028 2100 2102 2670 1
2942 3490 2713 2585 1
2029 3192 2099 2111 1
2030 2034 2100 2670 1
2031 2044 2089 3281 1
2031 3281 2646 2044 1
2031 3281 2089 2077 1
2032 3196 2090 2045 1
2032 2045 2653 3196 1
2032 2078 2090 3196 1
2033 3497 2111 2035 1
2033 2029 2111 3192 1
2034 2036 2112 2670 1
2034 2670 2112 2100 1
2129 3497 2117 2038 1
2035 2111 2129 3497 1
2035 3497 2129 2038 1
2036 2039 2130 2670 1
2036 2670 2130 2112 1
2039 2118 2130 2670 1
3173 2293 2704 3965 1
2704 3965 2911 3173 1
2704 2911 4080 2574 1
2041 3263 2134 3000 1
2038 3546 2117 2046 1
2039 2047 2118 2670 1
2040 4231 2963 3094 1
2041 2051 2128 3041 1
2042 2048 2113 2924 1
2042 2113 2125 3014 1
1973 2043 2049 3157 1
2043 3096 2126 2114 1
2043 2126 3096 3263 1
2044 2052 2095 2783 1
2044 3281 2095 2089 1
2045 2782 2096 2053 1
2045 2090 2096 3196 1
2046 3252 2109 2048 1
2046 3436 2117 2109 1
2047 2049 2110 2670 1
2047 2110 2118 2670 1
2048 2109 2113 3088 1
2049 2670 2114 2110 1
3125 2050 2054 3885 1
2050 3480 3094 3885 1
2051 2055 3906 3367 1
2879 4152 2637 2961 1
3946 4152 2637 2879 1
3075 2637 2878 2879 1
3946 3075 2879 2637 1
2879 2961 2637 2878 1
2054 3731 2123 4197 1
2055 3608 3906 3367 1
3925 1989 3121 3753 1
2057 2669 2088 2068 1
2847 3412 2893 3131 1
2058 2064 2119 2666 1
2058 2666 2119 2107 1
2059 2666 2120 2065 1
2847 2893 3474 3131 1
2060 3556 2097 2069 1
2060 2069 2642 3556 1
2061 3413 2657 2070 1
2062 4142 4115 2063 1
2062 4197 4115 3973 1
2062 3973 2054 4197 1
2064 2066 2135 2666 1
2064 2666 2135 2119 1
2065 2666 2136 2066 1
2065 2120 2136 2666 1
3019 3597 3259 3233 1
2066 2666 2137 2135 1
2066 2136 2137 2666 1
2067 2077 2140 2663 1
2067 2663 2140 2087 1
2068 2669 2141 2078 1
2068 2088 2141 2669 1
2069 3556 2138 2071 1
2069 2071 2642 3556 1
2069 2097 2115 3556 1
2069 2115 2138 3556 1
2644 2729 2980 2752 1
2070 2072 2139 4229 1
2070 3413 2657 2072 1
2070 4229 2139 2116 1
2824 2644 2752 2729 1
3019 3233 2835 3597 1
2071 2792 2142 2073 1
2071 2138 2142 2792 1
2071 2138 2792 3556 1
2071 3556 2792 2642 1
2072 2074 2143 2793 1
2072 2793 2143 2139 1
2072 2139 4229 2793 1
2855 3066 2874 2850 1
2073 2792 2144 2075 1
2073 2142 2144 2792 1
2074 2076 2145 2793 1
2074 2793 2145 2143 1
1748 2855 2874 2850 1
2140 2089 2152 2663 1
2077 2663 2089 2140 1
2078 2669 2141 2090 1
2090 2141 2153 2669 1
2075 2144 2148 2792 1
2076 2080 2149 2806 1
2076 2793 2149 2145 1
2079 2150 2773 2148 1
2080 2082 2151 2806 1
2080 2806 2151 2149 1
2081 2802 2154 2083 1
2081 2150 2154 2802 1
2082 2084 2151 2806 1
2083 2802 2156 2085 1
2083 2154 2156 2802 1
2832 2009 2084 2086 1
2085 2754 2162 2091 1
2085 2156 2162 2754 1
2085 2156 2754 2802 1
2086 2092 2163 2755 1
1964 3728 2037 3032 1
2086 3144 2163 2157 1
2087 2663 2146 2097 1
2087 2140 2146 2663 1
2088 2669 2147 2141 1
2152 2095 2160 3940 1
2089 3940 2095 2152 1
2730 3176 2654 2634 1
2090 3913 2153 2096 1
2096 2153 2161 3913 1
2091 2754 2170 2093 1
2091 2162 2170 2754 1
1964 2921 3540 3728 1
3131 2540 2815 2686 1
2092 2094 2171 2755 1
2092 2755 2171 2163 1
3131 2815 2719 2686 1
2093 2659 2180 2103 1
2093 2170 2180 2659 1
2093 2170 2659 2754 1
3574 209 2716 184 1
2094 2104 2181 2671 1
3000 3263 2134 2126 1
1964 2921 3728 3032 1
2095 2107 2160 3940 1
2868 2955 2748 3082 1
1964 3728 3540 3419 1
2096 3913 2161 2108 1
2096 2108 2053 2782 1
2108 2782 2059 2053 1
2706 3185 2865 2868 1
2097 2663 2166 2115 1
2097 2146 2166 2663 1
1964 3728 3419 2037 1
2099 2101 2158 2950 1
2099 3192 2158 2111 1
2100 2670 2159 2102 1
2100 2112 2159 2670 1
2101 2105 2174 3172 1
2101 2917 2174 2158 1
2102 3042 2175 2106 1
2501 2813 3483 799 1
2102 2159 2175 2670 1
2103 2659 2188 2105 1
2602 3515 3362 3945 1
2103 2180 2188 2659 1
2603 2685 2929 2622 1
2104 2106 2189 2671 1
3061 2504 3011 3099 1
2104 2671 2189 2181 1
3061 2504 2659 3011 1
1748 2850 2874 1789 1
2105 3172 2188 2174 1
2105 2188 3172 2659 1
1414 1418 2609 2559 1
1414 2609 2550 2559 1
2106 2175 2189 3042 1
2106 2671 3042 2189 1
2504 3728 3011 3099 1
2107 2119 2168 4038 1
2107 3940 2168 2160 1
2108 2782 2169 2120 1
2108 2161 2169 3913 1
2108 2120 2059 2782 1
2109 3088 2164 2113 1
2109 2117 2164 3181 1
2110 2114 2165 2670 1
2501 3483 2813 2838 1
2811 2813 2501 799 1
2111 3122 2184 2215 1
2111 2158 2184 3192 1
2112 2216 2185 2670 1
2112 2670 2185 2159 1
2113 2860 2182 2125 1
2113 2164 2182 2860 1
2114 2126 2183 3096 1
2114 2670 2183 2165 1
2811 2501 2813 2838 1
2115 2166 2178 2663 1
2116 2139 2179 4229 1
2116 2669 2179 2167 1
2117 2129 2197 3181 1
2117 3181 2197 2164 1
2118 2670 2198 2130 1
1415 2560 2610 1419 1
2118 2110 2198 2670 1
2119 2135 2176 2666 1
2119 4038 2176 2168 1
2120 2666 2782 4265 1
2120 2169 2177 2782 1
2121 2123 2199 4173 1
2193 4023 2261 2257 1
2121 3905 2193 2131 1
1415 2560 2572 2610 1
2122 2936 2200 2124 1
2122 2194 2200 3377 1
2122 3377 2132 2194 1
3521 2710 2452 2942 1
2125 2182 2205 2860 1
2126 2134 2206 3263 1
2126 3096 2206 2183 1
2126 2206 3096 3263 1
2127 2133 2207 4231 1
2942 3521 2713 3490 1
2219 2207 2253 3259 1
2980 2403 2748 2648 1
2980 2403 2648 2752 1
3521 2710 2942 2713 1
2648 2403 2748 2652 1
2129 2111 2215 3122 1
2129 3122 2215 2197 1
2874 2731 2859 4270 1
2648 2403 2652 2752 1
2130 2670 2216 2112 1
2130 2198 2216 2670 1
3227 3013 2840 2886 1
3166 3013 3227 2886 1
3263 2801 2134 2206 1
3625 2668 2793 2689 1
2135 2137 2186 2666 1
2135 2666 2186 2176 1
2136 4265 2187 2137 1
2120 4265 2782 2177 1
2689 3368 2668 2793 1
2793 2668 2214 2280 1
2793 2280 2274 2668 1
2793 3368 2668 2274 1
2137 2666 2190 2186 1
2137 2187 2190 4265 1
2138 2792 2195 2142 1
2793 3625 2214 2668 1
2138 2178 2195 2792 1
2139 2143 2196 2793 1
2139 2793 2196 2179 1
2140 2663 2172 2146 1
2140 2152 2201 2663 1
2140 2663 2201 2172 1
2141 2147 2173 2669 1
2141 2669 2202 2153 1
2141 2173 2202 2669 1
2142 2792 2203 2144 1
2142 2195 2203 2792 1
2143 2145 2204 2793 1
2143 2793 2204 2196 1
2144 2792 2213 2148 1
2144 2203 2213 2792 1
2145 2149 2214 2793 1
2145 2793 2214 2204 1
2146 2663 2172 2166 1
2147 2167 2173 2669 1
2149 2151 2210 2806 1
2150 2802 2211 2154 1
2150 2209 2211 2802 1
2152 2663 2221 2201 1
2202 2669 2867 2153 1
2154 2802 2217 2156 1
2154 2211 2217 2802 1
2886 2538 2828 2844 1
2151 2722 2218 2212 1
2156 3019 2223 2162 1
2156 2217 2223 3019 1
2156 2217 3019 2802 1
2157 3144 2224 2218 1
2538 2565 3289 2828 1
2158 2174 2231 2917 1
2158 2917 2231 2184 1
2159 2670 2232 2175 1
2159 2185 2232 2670 1
2160 2168 2229 3940 1
2160 3940 2229 2221 1
2161 3913 2230 2169 1
2162 2754 2227 2170 1
2162 2223 2227 3019 1
2533 2886 2538 3289 1
2538 2828 2844 2565 1
2164 2860 2235 2182 1
2235 2860 3122 2275 1
2165 2183 2236 2670 1
2165 2670 2236 2198 1
2166 2663 2233 2178 1
2167 2179 2234 2669 1
2168 2176 2229 4038 1
2874 4270 2859 3302 1
2136 2666 4265 2137 1
2169 2782 2230 2177 1
2170 2659 2227 2180 1
2170 2227 2659 2754 1
2172 2201 2243 2663 1
2226 4122 2867 2669 1
2174 2188 2251 3172 1
2175 3042 2252 2189 1
2175 2232 2252 3042 1
2176 2186 2237 4038 1
2176 4038 2237 2229 1
2177 4265 2238 2187 1
2238 2703 4265 2782 1
2178 2233 2241 3962 1
2242 3368 2793 2274 1
2179 4229 2242 2234 1
2180 2659 2239 2188 1
2180 2227 2239 2659 1
2181 2189 2240 2671 1
2182 2860 2235 2205 1
2205 2235 2271 2860 1
2748 2652 2403 2448 1
2236 2206 2272 3096 1
2183 3096 2206 2236 1
2184 3122 2275 2215 1
2184 2231 2275 2917 1
2495 4090 4119 4012 1
2185 2216 2276 2670 1
2185 2670 2276 2232 1
2186 2190 4038 2666 1
2186 4038 2247 2237 1
2187 4265 2248 2190 1
2187 2238 2248 4265 1
2188 2239 2251 2659 1
2188 2251 3172 2659 1
2189 2671 2252 2240 1
2189 2671 3042 2252 1
2186 2190 2247 4038 1
2190 2248 2260 4265 1
2993 4090 4119 2495 1
2193 2191 3712 2257 1
2191 3712 2257 2192 1
2192 2257 2259 3712 1
2194 2865 3548 2258 1
964 2770 2508 2757 1
1025 2757 2770 964 1
1025 1112 2770 2757 1
2194 3548 2192 2258 1
2121 4173 2199 2193 1
2194 2865 2262 2200 1
2868 2403 2748 2955 1
2194 2258 2262 2865 1
2702 2740 2944 2893 1
2868 2448 2748 2403 1
2495 3564 4090 4012 1
2893 2702 3474 3131 1
2195 2792 2273 2203 1
963 2758 2516 2771 1
4263 2241 3962 2178 1
2740 3474 2893 2702 1
1024 963 2771 2758 1
2196 2204 2274 2793 1
1024 2758 2771 1111 1
2196 2242 2793 2274 1
2234 4229 2242 4122 1
3488 4090 2495 3564 1
2197 2215 2275 3122 1
2198 2670 2276 2216 1
2198 2236 2276 2670 1
2199 2219 2269 3597 1
2199 4023 2269 2261 1
2980 2955 2748 2403 1
2200 2262 2270 2865 1
2200 2270 2842 2865 1
2201 2221 2281 2663 1
2201 2663 2281 2243 1
2226 4122 2244 2867 1
2202 2244 2282 2867 1
2792 4263 2273 3567 1
3567 4263 2273 2279 1
2204 2214 2280 2793 1
2204 2793 2280 2274 1
3045 2562 3473 3220 1
2562 2561 3473 3220 1
3488 4090 2993 2495 1
2207 3259 2263 2253 1
2207 3259 3073 2263 1
2209 2661 2255 2211 1
2564 2681 1806 2680 1
2209 2661 2267 2255 1
2810 2564 1806 2680 1
2211 2802 2245 2217 1
2211 2661 2255 2245 1
2212 2218 2246 2722 1
2212 2246 2256 2722 1
2213 3567 2279 2267 1
2214 2268 2280 2668 1
2217 3019 2249 2223 1
2217 2245 2249 2802 1
2217 2249 3019 2802 1
2218 2224 2250 3144 1
2218 2722 2250 2246 1
2218 2722 3144 2250 1
2269 2253 2277 3597 1
2219 3597 2253 2269 1
2787 2743 2633 2725 1
3591 2282 3210 2867 1
3591 3432 3386 2867 1
3432 2867 3368 3386 1
2254 2270 2278 3185 1
2844 2943 2828 2537 1
2244 2867 3210 2282 1
2221 2229 2281 3940 1
3432 4122 3368 2867 1
2227 2249 2265 3019 1
2244 2867 4122 3210 1
2224 2228 3884 3009 1
2590 2710 4193 3521 1
2224 3194 3884 2250 1
3487 3398 3103 2897 1
2909 2844 2537 2943 1
1806 2695 2693 2681 1
2897 3946 4152 2637 1
2732 2862 2618 2861 1
3398 3946 2897 2637 1
3487 3103 4152 2897 1
2681 2693 2591 2695 1
2989 3203 3985 2941 1
2989 2941 3985 3184 1
2229 2237 2293 2704 1
2229 2237 2704 4038 1
3084 4213 4246 2730 1
2230 2703 2294 2238 1
2230 2703 2238 2782 1
2643 4074 3156 3511 1
2177 2782 2238 4265 1
2231 2917 2287 2275 1
2232 3042 2288 2252 1
2232 2276 2288 3187 1
2233 3962 2299 2241 1
2233 2289 2299 4266 1
2234 2242 2300 4122 1
2234 4122 2300 2290 1
3084 4246 3481 2730 1
2235 2860 2275 2271 1
2271 2275 2287 2860 1
3386 2867 3368 4229 1
2276 2272 2288 3096 1
2236 3096 2272 2276 1
2237 2247 2305 2704 1
2237 2247 2704 4038 1
2237 2704 2305 2293 1
2238 2703 2306 2248 1
2238 4265 2703 2248 1
2238 2294 2306 2703 1
2239 2659 2283 2251 1
2695 2612 2693 2591 1
2240 2252 2284 2671 1
2448 2652 2403 3315 1
2448 2652 3315 2689 1
4122 2867 4229 3368 1
2283 2659 3172 2251 1
2643 3156 2999 3511 1
4263 4046 2662 3962 1
2756 3195 2460 2780 1
2241 2299 2307 3962 1
2242 2274 2308 3368 1
2242 3368 2308 2300 1
2243 4080 2281 2291 1
3073 2659 3172 2283 1
2244 3210 2292 2282 1
3461 3296 2922 2932 1
2465 2688 2545 2461 1
2285 2661 2277 2249 1
3751 2472 3691 2577 1
2245 2255 2285 2661 1
2455 2696 2756 2688 1
2245 2661 2285 2249 1
2246 2250 2286 2722 1
2455 2465 2696 2688 1
2246 2722 2286 2256 1
2250 2278 2286 2722 1
2247 2260 2312 2704 1
4038 2260 2704 2666 1
2247 2704 2312 2305 1
2248 2703 2313 2260 1
2190 2666 4265 2260 1
2248 2306 2313 2703 1
3331 3360 2486 3136 1
2922 2932 3221 4135 1
2249 2277 2265 3597 1
2265 3597 2277 2253 1
861 2932 3404 4135 1
2922 3296 3221 2932 1
2249 2277 3597 2661 1
4249 1080 1101 2521 1
2250 2266 2278 3194 1
2840 3289 1277 1291 1
1003 2508 1081 2742 1
2508 1195 1102 1081 1
2508 1195 1202 1102 1
2252 2671 2288 2284 1
2252 2671 3042 2288 1
2854 2929 2607 2603 1
1594 2551 1629 3677 1
1594 3677 3319 2551 1
2253 2283 3259 2263 1
2253 2283 2265 3259 1
3011 2025 3172 2659 1
2282 2292 2977 3210 1
2255 2267 2295 2661 1
2255 2661 2295 2285 1
2256 2286 2296 2722 1
2261 2301 2309 3472 1
3644 2257 2309 3633 1
2706 2310 2259 2258 1
2310 2706 2302 2262 1
2258 2706 2310 2262 1
2258 2706 3548 2259 1
2260 2704 2318 2312 1
2260 2313 2318 2703 1
1822 1838 3061 2639 1
1838 2639 1930 3061 1
2269 2297 2301 2661 1
2446 2466 2863 2891 1
2826 2863 2446 2466 1
2262 2706 2302 2270 1
3120 3061 2639 1822 1
3625 2448 2722 3095 1
2465 2446 2863 2891 1
3625 2722 2268 3095 1
2264 2801 2284 2288 1
2267 2279 2303 3567 1
2267 2661 2303 2295 1
2267 2303 2661 3440 1
2268 2668 2304 2280 1
2268 2296 2304 3095 1
2269 2277 2297 2661 1
2277 2285 2297 2661 1
2298 2722 2286 2278 1
2271 3073 2287 2263 1
2271 3073 2860 2287 1
2272 2264 2288 2801 1
2272 2288 3096 2801 1
2274 2280 2320 2668 1
1748 1744 2850 1789 1
3481 3585 2892 2730 1
3635 3585 2705 2734 1
2933 2654 2705 2814 1
2320 2304 2326 2668 1
2280 2668 2304 2320 1
2229 3940 4153 2281 1
2529 2637 2490 2554 1
4152 2490 2529 2637 1
1351 2565 2558 3289 1
2285 2314 2297 2661 1
2286 2722 2298 2315 1
2289 2291 2329 4080 1
2289 4266 2316 2299 1
2289 4080 2329 2316 1
2290 3749 4097 2292 1
2290 2300 2317 3749 1
2290 2317 4097 3749 1
2918 1008 4201 3985 1
2529 2490 2870 2554 1
1008 3985 2901 4201 1
1744 1789 1791 2850 1
3593 2490 2870 2529 1
2293 2305 2344 3173 1
3593 2490 2529 4152 1
2229 2704 2293 2281 1
2294 3642 2948 2306 1
2230 2282 2294 2703 1
2295 2661 2314 2285 1
2295 2303 2314 2661 1
2296 2286 2315 2722 1
2612 2615 2616 2885 1
2297 2661 2314 2323 1
2298 2324 2315 2706 1
4046 4266 4080 3962 1
2300 2308 2317 3368 1
2301 2661 2323 3445 1
2301 2297 2323 2661 1
2302 2310 2324 2706 1
2302 2706 2324 2298 1
2473 2772 2696 2456 1
2304 3095 2322 2668 1
2304 2322 3037 2668 1
2696 2461 2756 2688 1
2696 2465 2461 2688 1
2696 2456 2772 2465 1
3075 2879 2878 2905 1
2898 3075 2878 2905 1
3946 3075 2905 2879 1
3544 3946 3075 2905 1
3544 3075 2898 2905 1
2305 2312 2355 3173 1
2305 3173 2355 2344 1
2306 3454 2356 2313 1
2306 2948 2356 3015 1
2936 2842 3185 2865 1
2274 3368 2320 2308 1
2200 2936 2842 2220 1
2200 2842 2936 2865 1
2482 2883 3313 3221 1
2155 3483 2697 2520 1
2312 2318 2363 3173 1
2312 3173 2363 2355 1
3648 2809 3425 2634 1
3032 3728 2037 4231 1
2313 2356 2364 3454 1
2040 3032 2037 4231 1
3648 3425 2809 2635 1
3425 2830 2809 2635 1
4231 3728 2037 3073 1
2040 4231 2037 2963 1
2133 4231 2037 3073 1
2329 4046 4080 3965 1
1821 1823 2892 2933 1
2536 2909 2873 2564 1
1823 1872 2654 2933 1
1930 2754 2659 2504 1
2909 2873 2564 2943 1
2838 2697 2155 3483 1
1930 2504 2659 3061 1
2536 2909 2537 2873 1
2307 4046 4263 3962 1
3469 2502 2321 2697 1
3106 2601 3239 2876 1
3106 3239 2606 2876 1
2308 3368 2320 2317 1
2303 3445 2333 2314 1
2838 3469 2697 2502 1
3564 3312 4090 2684 1
2906 2857 2929 3810 1
741 2505 2510 2735 1
2323 3445 2331 2325 1
2323 2314 2331 3445 1
2323 3445 2661 2314 1
2929 4031 2857 2906 1
2301 2325 3472 3445 1
2906 2857 3810 3696 1
2505 2510 2735 2937 1
3622 2341 2332 3135 1
2324 3135 2332 2328 1
2735 2510 2511 2937 1
3512 2735 2510 2511 1
2325 3420 2338 2327 1
741 2735 2510 3512 1
3312 2500 4090 2684 1
3564 2684 4090 4012 1
2684 4090 39 2500 1
3315 2652 2403 2791 1
4090 2684 39 4012 1
3315 2652 2791 2689 1
2327 2338 2339 3420 1
2314 3445 2333 2331 1
2328 2332 2334 3135 1
2477 3080 2494 2690 1
3421 4090 4119 2993 1
2332 3135 2341 2334 1
3622 2341 2339 2332 1
3488 4090 3421 2993 1
3421 4090 2575 4119 1
2335 2342 3965 4185 1
2335 3965 2293 2344 1
1789 2892 4270 3302 1
2934 2025 2027 3172 1
2977 2294 3642 2948 1
2338 3694 3568 2339 1
2339 3622 3613 2341 1
3928 2350 2354 3358 1
2339 3568 3855 3694 1
3045 2562 2554 3473 1
2562 2561 2554 3473 1
3473 2561 2554 3817 1
2870 2554 3817 3473 1
2980 3082 2748 2955 1
2706 2955 2868 3082 1
1797 2892 3302 2958 1
2340 3553 4166 2350 1
3573 2483 3637 4268 1
2934 2025 3172 3011 1
3132 2483 3573 4084 1
2342 4187 3965 4185 1
4084 2483 3573 4268 1
2344 2355 4243 4187 1
3061 2025 2934 3011 1
2366 2777 2368 3803 1
2357 3618 2366 2375 1
2504 3728 2659 3011 1
2345 3015 3244 2356 1
3728 2659 3011 3073 1
3728 3259 2659 3073 1
3537 3641 2349 2369 1
2347 2349 3641 2362 1
2350 4166 4182 3358 1
2350 3358 4182 2354 1
3306 3166 2721 2989 1
3985 2901 4201 3277 1
4201 3985 3203 2918 1
3203 2989 3985 4201 1
3985 3277 4201 2989 1
3306 3166 2538 2721 1
3784 2939 2866 366 1
3784 3765 236 2866 1
2865 3082 2936 3377 1
2865 3082 3377 3548 1
1162 2881 3985 2507 1
1153 3985 1162 2881 1
3985 2507 2881 3138 1
3784 3809 236 3765 1
3437 828 775 3332 1
3329 2524 4215 3793 1
2551 3147 2929 2956 1
3793 4215 3182 2524 1
2524 4215 2983 3677 1
1683 3677 4215 2524 1
1683 2524 4215 3329 1
2524 4215 3182 2983 1
988 2494 1095 3985 1
2918 3985 2494 988 1
2494 2507 1095 3985 1
2494 3985 3351 2507 1
2494 3203 3351 3985 1
3629 3514 3056 3666 1
3536 3156 3121 3511 1
3629 3056 3792 3666 1
1942 3536 3156 3121 1
2734 3098 2933 2814 1
2647 3156 3536 3511 1
3098 1872 2933 2814 1
2355 3979 2363 2389 1
1833 1872 2933 3098 1
2953 3346 3585 1825 1
1639 1688 3804 2524 1
2724 2647 3156 3536 1
1942 2724 3156 3536 1
2777 2368 2361 2366 1
2342 4185 2371 4187 1
3392 3185 2722 2868 1
2360 2365 2378 3902 1
2360 3684 2378 3947 1
893 2518 2944 918 1
2748 3185 3392 2868 1
2366 3803 2368 3867 1
2734 2705 2667 3254 1
2320 2326 2337 4253 1
3054 2667 3185 2705 1
2944 2788 2518 2740 1
2363 2400 4043 2370 1
918 2944 2788 2518 1
2363 2400 2394 4043 1
2364 3921 2400 2370 1
2692 3140 3121 3082 1
3054 2705 3254 2667 1
2251 3172 2287 2917 1
2365 3902 2383 2378 1
2366 3867 2368 2361 1
2560 2540 2815 2568 1
2362 2369 3915 3467 1
2705 3185 2748 2667 1
2369 2372 3333 2390 1
2368 2398 3867 3803 1
2231 2251 2287 2917 1
2692 3905 4142 3082 1
2375 2396 2366 2381 1
2375 2381 2387 3369 1
2376 4062 2397 3944 1
2917 3172 2287 2860 1
2692 3082 3121 2980 1
2692 3905 3082 2980 1
866 909 3345 874 1
3345 3980 866 874 1
2380 3443 2399 3652 1
4111 4099 2364 2400 1
2400 2364 4111 3921 1
4111 4099 3744 2364 1
2382 2388 2393 4062 1
2364 3744 4111 3921 1
2384 2387 3700 3778 1
2384 3369 2387 3778 1
2734 2933 2705 2814 1
3563 2341 4125 3123 1
2916 2341 4125 3563 1
3536 2748 3121 3205 1
3511 3536 2748 3121 1
2385 4034 2402 4032 1
3022 2916 4125 3563 1
3585 2933 2705 2734 1
2651 2748 3536 3205 1
2387 3700 2392 3861 1
2874 2850 4270 1789 1
2887 2651 2748 3536 1
2731 4270 2634 2730 1
3809 3575 219 236 1
3408 3575 219 3809 1
3700 2410 2406 2392 1
1037 2770 1114 2699 1
3865 327 3130 3659 1
3408 3809 2990 3575 1
2392 4028 3700 2410 1
2874 4270 3302 1789 1
3865 3130 3245 3659 1
327 398 3130 3001 1
2393 2411 4034 2409 1
3659 3130 3245 3001 1
2874 2859 4121 2947 1
3809 3765 2990 3575 1
2401 2417 3909 2408 1
2401 2408 2412 2417 1
2770 2718 1206 1114 1
2430 2432 2434 2439 1
1688 2524 3793 3804 1
2402 2413 3493 3864 1
2402 2409 2411 2418 1
2402 2418 2413 2409 1
1036 2700 1113 2771 1
2402 4034 4095 3746 1
2771 1113 1205 2775 1
2402 3493 3746 3643 1
3793 3182 3804 2524 1
2416 2412 2425 2436 1
2416 2437 2426 2413 1
2416 2442 2437 2413 1
1688 2524 3329 3793 1
1789 1821 1823 2892 1
2416 2437 2442 2444 1
1789 3206 1821 2892 1
3081 3469 3129 3616 1
2405 4075 2422 2407 1
3081 3469 2813 3129 1
2412 2436 2428 2425 1
2412 2428 2436 2441 1
2413 2426 2429 2437 1
2413 2442 2437 2429 1
2416 2425 2427 2436 1
2416 2437 2427 2426 1
2416 2438 2436 2427 1
2416 2427 2437 2438 1
2416 2436 2438 2444 1
2416 2444 2438 2437 1
2785 2767 2522 2805 1
2767 3200 3074 2805 1
2767 2543 3200 2805 1
2420 2433 2424 2422 1
3074 2805 2522 2767 1
726 2386 2708 2682 1
2785 2543 2767 2805 1
3205 2734 2041 1965 1
1965 1979 2041 3205 1
2423 4252 2432 2434 1
3205 2734 3041 2041 1
1979 3205 3753 2041 1
2720 2682 726 2708 1
2041 3205 3753 3041 1
2708 2720 2682 2471 1
2268 2296 3095 2722 1
473 565 568 3845 1
4031 3141 3524 2857 1
2525 2636 3862 3696 1
473 3845 568 2483 1
3845 2483 4268 568 1
2825 2664 2403 2752 1
3072 3696 2525 3862 1
3351 2697 2638 3237 1
2497 2759 2941 2697 1
120 3816 147 2463 1
2933 2953 1829 3098 1
120 3816 2463 2774 1
3730 1825 3346 2953 1
1821 2933 2996 2953 1
1821 2953 1829 2933 1
9 2455 2473 2709 1
2709 2696 2455 2473 1
9 2455 2709 23 1
23 2455 2709 43 1
43 2455 2709 64 1
64 2455 2709 92 1
92 2756 2455 2709 1
2709 2756 2455 2696 1
2704 3965 4080 2911 1
3263 3098 2734 2671 1
3098 3263 3157 2671 1
2952 3098 2734 3263 1
3680 2661 4023 2729 1
2636 2835 2729 2824 1
3965 4046 4080 2911 1
3148 3263 3157 3098 1
4105 2527 2784 2768 1
4233 582 605 676 1
3148 3263 3098 2952 1
4233 3657 676 605 1
3025 2713 2747 2710 1
3232 4167 3952 3881 1
177 3809 2990 3408 1
1199 2672 2576 1326 1
1199 3085 2576 2672 1
2774 4128 2463 2864 1
2463 3816 4128 2774 1
2888 3174 3376 3049 1
2888 3659 3174 3049 1
2888 3049 3376 3582 1
2618 2726 2574 2664 1
2618 2574 3163 2664 1
2861 2726 2618 2664 1
2794 2861 2618 2664 1
2794 2618 3163 2664 1
2823 2497 2759 3203 1
3420 3928 3264 2338 1
1058 4126 2503 2321 1
4015 3347 3638 3031 1
2706 2899 2868 2955 1
2338 3928 3264 2340 1
3113 2914 3411 2896 1
3633 2706 2955 2899 1
2706 2448 2868 2899 1
2639 2504 3061 3120 1
3232 4167 3881 3920 1
1930 2754 2504 2639 1
1930 2504 3061 2639 1
2639 2504 3120 3862 1
2639 2504 3862 2636 1
2894 3172 2658 2860 1
2525 2640 2636 2824 1
2525 2636 2644 2824 1
2754 2639 2636 2504 1
594 3674 510 761 1
2963 4231 2133 2127 1
3095 2448 2706 2899 1
4000 2904 2926 3294 1
3095 3315 2448 2899 1
3170 3102 1148 1120 1
3170 1120 3531 3102 1
1424 1434 2547 2675 1
1424 2609 2547 1502 1
1434 2547 2675 2552 1
2626 2648 2631 2632 1
2875 2631 2632 2626 1
2591 2612 2693 3253 1
1502 2578 2609 2547 1
1425 2676 2548 1435 1
1425 1503 2548 2610 1
1435 2573 2676 2548 1
1503 2548 2610 2595 1
2717 2956 2747 2983 1
2956 2631 2717 2747 1
1806 2691 2693 2611 1
510 3674 622 761 1
2197 2235 3122 2275 1
2963 4231 2037 2133 1
2534 3003 2539 3039 1
3582 3545 3881 3952 1
1436 2768 1422 1426 1
2768 1436 1422 4096 1
3545 4167 3881 3952 1
2703 2946 3267 2523 1
2484 3271 3268 3674 1
3021 3715 447 3268 1
2484 3268 510 3674 1
2703 2946 2523 3432 1
2946 4267 2778 3454 1
2703 4267 2946 3454 1
2279 2662 2319 2303 1
2303 2319 3505 2662 1
1544 4164 2571 4193 1
1544 2594 2571 4164 1
3021 3268 447 3416 1
2629 2679 2889 3918 1
3073 3172 2894 2860 1
3011 3172 2894 3073 1
3011 2659 3172 3073 1
60 2720 2833 726 1
60 2833 2720 2526 1
3073 3172 2860 2287 1
2283 2251 3172 2287 1
2708 3653 2720 2471 1
3393 2471 2526 2720 1
2579 2853 3090 3818 1
3421 2993 4119 3570 1
2853 3239 2601 2876 1
2579 2583 3090 2853 1
2583 3239 2853 2605 1
3166 2513 2538 2721 1
39 2721 2837 2497 1
2721 2514 2513 2538 1
2721 3757 2837 2497 1
2593 2676 2544 2540 1
2756 3219 128 126 1
92 128 2756 3012 1
92 2756 128 126 1
3421 4090 3488 3024 1
465 2869 3303 3080 1
2794 3292 2825 2664 1
2810 2563 2915 2872 1
2794 2664 2825 2752 1
2891 2900 2481 2485 1
2825 3292 2994 2664 1
2466 2481 2891 2900 1
2984 3073 2894 2860 1
2476 3984 2674 2877 1
2869 2476 2474 3027 1
3027 2869 2476 2477 1
743 2674 2493 808 1
3419 3073 2894 2984 1
465 3027 3303 2869 1
2984 3073 2860 2205 1
465 2869 2474 3027 1
2676 2573 2765 2548 1
3419 2984 2037 3073 1
2810 1806 2568 2680 1
3360 3136 3124 4004 1
2990 3360 3124 4004 1
2927 2856 2928 2624 1
2790 2781 3538 2447 1
2928 2624 2856 2858 1
2125 2984 2860 2205 1
2575 3421 3024 4090 1
4216 2855 1748 1744 1
2567 2691 2452 2678 1
2625 4273 2956 3524 1
3524 2956 2857 2887 1
2477 2494 2823 3395 1
2823 3395 2494 3203 1
2820 2494 2823 2477 1
935 3070 4152 3589 1
2820 2494 3203 2823 1
3589 3034 4152 935 1
4177 3682 3667 3672 1
4273 2887 2956 3524 1
2084 3144 2157 2722 1
2084 2722 2157 2151 1
2151 2157 2218 2722 1
2157 2722 3144 2218 1
2326 2347 3683 3394 1
2641 2597 2645 2642 1
3034 3946 975 929 1
2642 2645 2618 2597 1
3034 4152 975 3946 1
2641 2792 2597 2642 1
2642 2597 2618 2792 1
3392 2868 2722 2448 1
2623 2821 2822 2645 1
2748 2868 3392 2448 1
1256 1235 1258 2520 1
1224 2520 1258 1235 1
1256 1258 2638 2520 1
3152 2520 2638 1258 1
1224 2520 3152 1258 1
2649 2450 2862 2766 1
2889 2450 3186 2650 1
4056 2462 2864 3027 1
2912 2942 2586 3623 1
2554 2997 3623 2912 1
2912 2586 2942 2567 1
2912 2586 2567 2563 1
2912 2563 2554 2997 1
3185 2706 2722 2868 1
2885 2632 2830 2831 1
2706 3095 2722 2448 1
2868 2706 2722 2448 1
2722 2706 2315 3095 1
2298 2706 2315 2722 1
2706 2298 3185 2722 1
310 380 3218 2484 1
2155 3237 4211 3152 1
2497 2941 3757 2155 1
3567 2279 2303 2662 1
310 2484 3218 2981 1
310 380 502 3218 1
4136 2859 3990 3084 1
3567 2303 3440 2662 1
310 3218 502 2981 1
2303 3505 2333 2662 1
3302 2935 3190 2859 1
3376 3313 2883 3044 1
3376 2482 2883 3313 1
3221 3231 2498 2683 1
3989 3279 405 489 1
2497 2941 2989 3757 1
4216 2855 2923 1748 1
2785 2543 2969 3071 1
4216 1748 2923 1752 1
2731 2730 2634 2631 1
2763 2634 2631 2731 1
3066 2763 2731 2634 1
2920 2943 2681 2967 1
4216 2923 2855 3793 1
2920 3261 2681 2846 1
1740 3064 2982 3366 1
1752 1740 2982 3366 1
2920 2817 2943 2967 1
3311 2817 2920 3261 1
3311 3261 2920 2846 1
3989 489 3549 3279 1
3989 489 4053 3549 1
3611 3563 4125 3123 1
10 3562 2311 24 1
24 3562 2311 44 1
44 3560 2311 2455 1
65 3560 44 2455 1
2808 2826 2772 2456 1
2455 1440 3560 2311 1
3989 393 4053 489 1
1008 2901 1061 4201 1
2899 2403 2868 2955 1
393 3989 405 489 1
3017 2899 2955 2403 1
3990 3150 4121 3501 1
3611 3022 4125 3563 1
2311 2457 2386 1440 1
3242 4012 3243 3564 1
3465 3271 2484 3355 1
2455 2456 2696 2465 1
2456 726 2311 3320 1
3611 4125 3022 3720 1
2456 2465 2446 2772 1
4125 3611 3222 3127 1
586 3243 577 3242 1
1473 2566 3490 3521 1
1467 2566 2942 3490 1
1467 2566 3490 1473 1
3490 2566 2942 3521 1
3019 3233 3259 2659 1
2627 2652 2648 2632 1
2659 3233 3259 3728 1
765 895 2834 780 1
780 2834 2736 895 1
2834 2519 2736 895 1
726 2386 2457 2708 1
3294 3379 3882 3065 1
2848 2600 2927 2853 1
2848 2927 2604 2853 1
447 3715 3021 3465 1
3306 3882 3065 3294 1
2851 2637 2878 3075 1
2505 2851 2878 3075 1
2834 858 2519 895 1
2834 858 895 765 1
1709 2743 2629 2608 1
3263 2734 3254 2671 1
2629 2743 2957 2608 1
2837 3882 3306 3294 1
2042 2113 3014 2924 1
3721 3882 2837 3294 1
3721 3882 3294 3379 1
1147 3013 3227 1119 1
2042 2894 2924 3014 1
3221 3231 2683 4135 1
4125 3123 3222 3611 1
1752 1740 4171 2935 1
3962 2574 3116 3163 1
2794 3962 2662 3163 1
4125 3611 3127 3720 1
4171 3990 2935 1740 1
328 3765 3234 2939 1
2597 2794 3962 2662 1
3234 3765 3639 2939 1
2923 2855 4121 2947 1
2874 2859 2947 3302 1
1594 1600 3490 3319 1
1594 3319 3490 2585 1
3319 2713 3490 2585 1
3352 1132 2901 3277 1
2901 1123 1132 3352 1
1308 2767 1394 1374 1
2455 2456 2465 2311 1
2517 2884 2781 2790 1
2456 2465 2311 726 1
2517 3412 3131 2884 1
2517 3131 2781 2884 1
930 2884 3412 2517 1
2604 2848 2849 2623 1
2849 2848 2622 2623 1
2947 2855 4121 2874 1
2816 2600 2848 2853 1
2884 2790 2517 930 1
2923 2947 2982 1752 1
1752 2982 2935 2947 1
865 908 873 3697 1
2841 2654 2634 2730 1
898 3697 873 908 1
1308 3200 1394 2767 1
1789 1791 2850 2841 1
2336 2977 3204 3860 1
2155 2941 3237 2697 1
2941 3351 3237 2697 1
2941 3237 3757 2155 1
2911 3116 3962 2574 1
3862 3120 2639 2902 1
2584 1494 2453 3036 1
3924 3339 2819 3036 1
2941 3351 3985 3138 1
2744 2689 3625 1705 1
2745 2806 2656 1705 1
3392 2744 2748 2448 1
3625 2744 2448 2689 1
2744 2748 3062 3392 1
2809 2744 2745 2786 1
4080 2911 3962 2574 1
1205 3256 2775 1303 1
1153 3352 2881 1155 1
820 861 828 3332 1
1205 3256 2771 2775 1
3582 3376 3132 3044 1
3582 3132 3426 3044 1
3985 3138 2881 3184 1
3633 2899 2955 3017 1
3352 3184 2881 1155 1
820 861 3332 3404 1
3068 2899 3633 3017 1
3405 2828 2537 2886 1
3227 2886 3405 2506 1
3227 3405 2532 2506 1
2467 2764 2746 2900 1
2467 2985 2746 2990 1
4183 3870 3693 4004 1
3360 2900 2949 2746 1
2460 3195 228 2780 1
2761 2612 2885 2633 1
2461 3745 3195 2476 1
2761 2612 2616 2885 1
1418 1424 2609 2675 1
1424 2675 2547 2609 1
2609 2829 2555 2547 1
9 2709 3500 23 1
23 2709 3500 43 1
43 2709 3012 64 1
64 2709 3012 92 1
92 2756 2709 3012 1
2465 2833 2446 2891 1
3642 2778 2946 3432 1
3099 3728 3011 3073 1
2466 2833 2469 2891 1
2466 2481 2864 2863 1
2466 2863 2891 2481 1
3099 3011 2894 3073 1
2467 2746 2482 2900 1
3099 3073 2894 3419 1
2467 2985 2482 2746 1
1419 2676 2610 1425 1
3419 3728 3099 3073 1
2778 2946 3432 3127 1
1425 2610 2548 2676 1
2469 3896 2682 2526 1
282 2471 2981 3770 1
3770 2488 3896 2682 1
2849 2626 2822 2622 1
2849 2822 2626 2627 1
3121 2748 3082 2903 1
3205 2748 3121 2903 1
3946 4152 2879 3034 1
2055 2903 3121 3608 1
3121 3082 3608 2903 1
2583 2588 2453 1494 1
3946 2905 3034 2879 1
2055 3753 3121 2903 1
2701 2878 2530 2961 1
2878 2961 2637 2530 1
3544 3946 2905 3034 1
2505 2851 2937 2878 1
4046 3116 3962 2911 1
4080 4046 3962 2911 1
2477 3395 2823 2481 1
2927 2856 2623 2928 1
2760 2927 2624 2856 1
2939 3765 2866 328 1
3784 3765 2866 2939 1
2876 2605 2930 2624 1
1058 4126 2321 2515 1
1628 3869 2779 1599 1
1605 4214 2779 2896 1
3106 2624 2876 2715 1
2715 2876 2930 2624 1
2580 4214 2896 3411 1
4213 1866 3536 1851 1
3536 2651 1890 1866 1
2960 3582 3376 2985 1
3582 3892 2960 3755 1
2960 3376 2774 2985 1
2985 3892 2960 3582 1
1851 3536 1890 1866 1
4213 2651 3536 1866 1
2939 3765 3639 3891 1
3014 2113 2125 2860 1
2939 3765 3891 3784 1
2751 2595 1495 2687 1
3058 2751 2595 1495 1
2610 2979 2751 2595 1
2687 1568 1561 2751 1
1491 2610 2751 2595 1
1561 1491 2751 1568 1
2326 4253 3683 2337 1
2924 2894 2658 3088 1
2857 3511 2644 2636 1
2334 2907 3135 3123 1
3088 2894 2658 2860 1
3014 2984 2894 2860 1
3014 2984 2860 2125 1
3135 3095 3315 2907 1
3095 2907 3135 2322 1
2907 2668 3315 3596 1
4214 3945 3662 3515 1
2322 3135 2334 2907 1
3107 2586 2854 2713 1
2942 2713 2586 3107 1
2585 2914 2854 3107 1
3307 3107 2914 2585 1
2337 4253 3683 3450 1
3306 3294 2904 4000 1
2825 3017 3030 2955 1
2764 2469 3360 2900 1
2764 2990 2746 3360 1
3360 2458 2900 2469 1
3360 2900 2458 2486 1
2578 2853 2829 2913 1
2913 2582 2583 2853 1
1519 2914 2896 2585 1
2532 3452 3405 2557 1
1519 2585 2896 1562 1
2958 2892 3302 3481 1
1562 2585 2896 1593 1
2873 3452 2556 2557 1
2915 2913 2582 2583 1
2476 2820 2823 2477 1
1593 2779 2585 2896 1
2896 3411 2585 2914 1
2964 3646 2816 2599 1
2599 2816 2964 274 1
2476 2823 2863 2477 1
2958 3481 3302 3190 1
2477 2690 2864 2478 1
2477 2863 2481 2823 1
2896 2779 2585 3411 1
2964 2816 3691 274 1
2964 3646 3691 2816 1
2505 3075 2878 2898 1
951 2898 2505 2701 1
2480 2481 2823 2759 1
3472 3017 3030 2825 1
2480 2823 2877 2497 1
2481 2839 2900 2482 1
2481 2480 2485 2838 1
2482 2949 2746 3132 1
2482 3132 2883 2683 1
2505 2701 2898 2878 1
2482 2949 2839 2900 1
2825 3017 2955 2403 1
943 2898 951 2701 1
4183 3870 2483 3693 1
2958 2892 3481 3228 1
2958 3228 3481 1801 1
3426 3573 3637 3225 1
2546 2798 2595 2548 1
2958 3481 4136 1801 1
2673 3271 2575 3421 1
2610 2548 2546 2595 1
2353 2916 3022 3216 1
3044 3573 3426 3225 1
2920 2967 2681 3261 1
2920 2817 2967 3261 1
3261 2591 2967 2681 1
919 990 4061 3231 1
3221 919 4061 3231 1
1590 3924 1666 2819 1
1666 3924 3339 2819 1
2919 197 2458 3155 1
2943 2453 3036 2589 1
602 730 884 2813 1
3028 3304 2458 2485 1
2791 3315 2664 2403 1
2589 3924 3036 2812 1
2943 2589 3036 2812 1
2921 2643 3197 4074 1
2921 3197 3728 3032 1
2921 3197 3972 3728 1
2921 2643 3972 3197 1
3045 2827 3039 2637 1
3045 2827 2637 2554 1
3923 3364 3047 3935 1
2971 2608 1494 2598 1
3047 3935 2690 3399 1
3923 3935 3047 3399 1
2998 2353 3022 3216 1
3036 3339 2819 1494 1
3426 3132 3952 2483 1
1308 2543 3200 2767 1
3824 2959 2377 2359 1
3776 2483 3637 3426 1
3824 2959 2359 3361 1
1071 3208 1062 948 1
2606 2876 1494 2930 1
1494 3239 2876 2606 1
948 2501 3208 1062 1
2969 2571 2805 1417 1
2969 1417 2572 2571 1
3695 3902 2959 3361 1
1773 2625 4031 3524 1
2723 2586 2611 2818 1
2625 1773 4031 3665 1
2638 2520 2697 2321 1
3665 1773 4031 3898 1
3438 2642 2732 2618 1
1773 3141 3524 4031 1
2858 2732 2645 2861 1
2646 3281 2732 2862 1
1773 4031 3898 3619 1
3619 3141 1773 4031 1
2561 2942 2566 2562 1
3900 2566 2562 2561 1
2646 2862 2732 2450 1
2526 2833 2682 2469 1
2562 2566 2567 2942 1
2845 2562 2566 2567 1
4002 2778 3902 3921 1
2791 2451 2664 2523 1
2845 2566 2562 3900 1
3360 3136 3765 3124 1
3625 2689 2448 2668 1
3625 2448 3095 2668 1
3095 2668 2448 3315 1
2448 2689 3315 2668 1
3616 3469 3129 3988 1
1991 2059 2762 2053 1
1991 2650 2762 3832 1
2053 2059 2762 2782 1
2650 3832 2766 2762 1
2747 2763 2631 2717 1
4060 2492 3143 2445 1
3530 2747 2717 2763 1
1708 1758 2715 1710 1
3425 2634 2809 2763 1
2747 2830 2631 2763 1
1708 1710 2715 3339 1
3616 3338 3469 3988 1
3530 2614 2747 2763 1
3160 3720 3902 2778 1
3720 3378 3902 2778 1
3921 2778 3902 3378 1
2096 2108 2782 3913 1
2096 3196 2782 2045 1
2108 2169 2782 3913 1
2169 2230 2782 3913 1
3642 3736 3018 3432 1
3282 3982 2782 2451 1
2703 2451 2782 3982 1
2500 2575 39 2501 1
3642 3476 3736 3432 1
2095 2107 2783 2052 1
2107 2058 2783 2052 1
2107 2168 2783 4038 1
2168 2229 2783 4038 1
2229 4038 2704 2783 1
115 140 2764 144 1
140 2764 144 2990 1
2996 2933 3585 2953 1
2996 2953 3585 1825 1
4050 2483 3845 473 1
2767 3074 1394 1374 1
2996 2933 2892 3585 1
2681 2693 1806 2765 1
2573 2681 2765 2596 1
1806 2693 2568 2765 1
2755 2705 3207 2654 1
1981 3157 2049 2670 1
3161 2670 1981 1914 1
3161 1981 2670 3157 1
1297 1261 3289 1277 1
2767 3200 1394 3074 1
3228 3585 1825 2996 1
3228 2892 3585 2996 1
2910 3319 2747 3025 1
2910 2747 2717 3530 1
3469 2839 2986 2485 1
2910 3025 2747 3530 1
3469 2986 2839 2503 1
412 4050 3845 473 1
2681 2693 2765 2596 1
2910 2717 2747 2983 1
2986 2949 2839 2503 1
2900 2949 2839 2986 1
2900 2839 2485 2986 1
2555 2829 2987 2582 1
3254 2254 2264 2284 1
3254 2801 2284 2264 1
2525 2857 2636 3696 1
3745 2474 2988 2476 1
3254 2254 2284 3076 1
3745 3027 2474 2476 1
2589 2558 2565 2453 1
1057 3193 3005 1105 1
2565 2828 2453 2558 1
2828 2943 2565 2453 1
2453 2943 2565 2589 1
3848 4015 3638 3031 1
3042 2671 3157 2801 1
3098 2671 3042 3441 1
3749 3432 2966 3476 1
3098 2671 3157 3042 1
3263 2801 3157 2671 1
3157 2801 3187 3042 1
3073 3259 2659 2283 1
3073 3172 2287 2283 1
2703 3267 2946 4267 1
2966 3749 4253 3432 1
3267 3378 2946 4267 1
3379 1231 3065 2542 1
3379 1173 1231 2542 1
3267 3378 3127 2946 1
1173 2542 1241 1231 1
3398 3039 2637 2529 1
1231 1241 1262 2542 1
1231 1262 3065 2542 1
3488 2993 533 2495 1
533 3488 2495 3564 1
1726 1722 3665 3869 1
833 3291 866 3023 1
2101 2950 2917 2158 1
2101 3172 2917 2950 1
3023 4258 866 868 1
2820 3052 826 883 1
3119 2493 3984 2918 1
3119 2493 2918 855 1
2943 2967 2588 2681 1
2943 2812 2588 2967 1
2493 4201 3203 2918 1
2919 3028 2469 3896 1
3028 2919 2458 3304 1
195 2919 2469 3896 1
3028 2919 2469 2458 1
3080 3052 826 2820 1
3130 4015 3848 3031 1
3028 258 2919 3304 1
4268 3573 2683 3873 1
2992 3420 3068 2994 1
2992 3420 3633 3068 1
2825 3292 3445 2992 1
2704 2293 2281 4080 1
2704 4080 4153 2574 1
2704 2281 4153 4080 1
1728 3665 1768 1773 1
3098 3148 3161 3157 1
3611 3432 3127 2778 1
3611 3450 4253 3432 1
3427 3135 2324 3095 1
2505 2789 2739 2937 1
2158 3192 2917 2184 1
2184 2917 2275 3122 1
3135 3427 2899 3095 1
2917 3122 2860 2275 1
2917 3172 2860 2658 1
4084 2890 3298 3276 1
3611 3596 3127 3432 1
4084 3363 2890 3276 1
2554 2637 2490 2395 1
3363 2890 3507 4084 1
3018 3611 2778 3432 1
2509 2510 2851 3016 1
2973 3016 3265 2847 1
2510 2973 3265 2511 1
2510 2511 2937 2973 1
2510 3016 3265 2973 1
3016 2851 2880 2973 1
2511 2512 2938 2974 1
2554 2827 2637 2395 1
2511 2536 3614 2937 1
2511 2937 2973 2536 1
2994 2931 3068 2664 1
2512 2904 2974 2519 1
3792 2906 2685 3810 1
2512 2938 2974 2537 1
2825 2994 3068 2664 1
2685 2906 2929 3810 1
2518 2973 2847 3474 1
1972 1980 2048 2924 1
3026 2945 2951 3097 1
2924 2048 2113 3088 1
2924 2113 3014 3088 1
3014 2113 2860 3088 1
2945 2894 2658 2924 1
1895 2925 1966 3167 1
832 2972 3899 3705 1
4104 192 3795 3747 1
4104 3747 3795 4128 1
2997 2586 3623 2912 1
2912 2563 2997 2586 1
2774 2985 2482 2467 1
2563 2997 2586 2582 1
2997 2581 3107 2586 1
2716 3376 2774 2960 1
143 2774 2467 2985 1
2619 2815 2678 2572 1
2619 2678 2452 2572 1
2997 2586 2582 2581 1
2680 2920 2681 2846 1
2526 3896 2682 2471 1
2720 2471 2526 2682 1
2997 2586 3107 3623 1
2846 2573 3261 2681 1
1317 2542 2926 3290 1
2926 2542 2844 3290 1
1100 2926 1181 1148 1
1181 2926 1317 2542 1
1100 1148 3170 2926 1
3425 2809 2830 2763 1
2763 2830 2631 2809 1
3294 2904 2926 2542 1
2904 2844 2926 2542 1
2994 3127 2931 2664 1
2785 2969 1327 1200 1
3656 2882 3822 1124 1
2785 2969 1200 3071 1
3135 2931 3222 3315 1
2759 3395 2941 2697 1
2823 2759 3395 3203 1
2759 3395 3203 2941 1
1844 1885 3053 3340 1
3053 1885 2934 3340 1
1844 3340 3053 3588 1
3053 2934 3588 3340 1
1108 2882 3656 1124 1
3099 3340 2945 3011 1
1797 3206 1789 2892 1
2701 2559 2961 2530 1
2984 2133 2037 3073 1
2961 2559 2395 2530 1
2559 2555 2395 2530 1
2559 2555 2530 2592 1
2701 2559 2530 2592 1
3588 2934 2945 3340 1
3693 288 384 4050 1
3807 2592 2528 2707 1
278 384 3693 288 1
2695 2694 2611 2612 1
2695 2587 2611 2694 1
2796 2680 2810 2540 1
3638 3055 3332 3461 1
2973 2796 2880 3474 1
2749 2540 2680 2796 1
2706 2868 2865 3082 1
2748 2868 2667 3185 1
2122 2200 2936 3377 1
3377 3608 2936 2122 1
3080 3052 2820 2494 1
2820 883 826 601 1
601 3080 2820 2869 1
601 2820 2474 2869 1
3313 2883 2922 3221 1
2883 2922 3221 4135 1
3638 3767 3461 3332 1
2683 2883 3221 4135 1
4074 2692 3156 3511 1
2824 2729 2825 2661 1
2835 2661 2729 2824 1
2802 2835 2824 2661 1
2824 3440 2661 2825 1
2802 3440 2661 2824 1
3564 3033 3312 2684 1
592 3033 3312 3564 1
1988 4074 3246 3156 1
4074 2835 3511 2636 1
2974 2904 2909 2541 1
2519 2904 2974 2541 1
1520 1558 3879 2589 1
3026 3097 2951 1972 1
1584 1586 3879 1558 1
3099 2894 2945 3419 1
3099 3011 2945 2894 1
2924 3097 2945 3419 1
2292 2336 2977 3210 1
1308 2845 3200 2543 1
3034 3589 2879 2449 1
2527 2490 2870 3593 1
1308 2845 3579 3200 1
3035 3083 4217 3298 1
3035 3748 3083 3298 1
3298 3035 3748 3262 1
3035 4217 3681 3298 1
4050 288 384 3863 1
3625 3095 2268 2668 1
2268 3095 2304 2668 1
1308 3579 1394 3200 1
2467 2482 2774 2864 1
2980 2825 2403 2752 1
2977 2336 3204 3210 1
99 114 2774 2467 1
2529 3045 3039 2637 1
114 143 2774 2467 1
2930 2629 2679 2889 1
2529 3045 2637 2554 1
2530 2872 2535 2531 1
2827 2637 2530 2878 1
2531 2535 2536 2872 1
2957 2889 2629 2930 1
2532 2871 3452 2557 1
327 3001 3130 3659 1
3035 3681 3262 3298 1
1116 2702 2719 1237 1
2840 1244 1291 1277 1
1237 2686 2719 1333 1
2518 3412 2893 2847 1
327 365 3001 3659 1
2494 3047 2690 3080 1
2534 3039 3045 3003 1
911 3412 2447 2893 1
3412 2447 2893 3131 1
2535 2810 2796 2536 1
2535 2536 2872 2810 1
2535 2880 2796 2843 1
2535 2810 2843 2796 1
1333 2560 2686 2719 1
3661 3008 2845 2619 1
2536 2872 2810 2564 1
2537 2844 2904 2886 1
2537 2844 2909 2904 1
2538 2904 3065 2844 1
2538 2962 2844 3065 1
2539 3003 3661 2880 1
3263 3096 3157 2801 1
3157 3096 3187 2801 1
2540 2810 2843 2568 1
2027 2968 2950 2099 1
2099 2950 2158 3192 1
2950 3192 2917 2158 1
2950 3172 2917 2658 1
2027 2968 3172 2950 1
2749 2846 2680 2544 1
2564 2909 2920 2680 1
2542 2962 2844 3290 1
3054 3076 3254 3429 1
3054 3076 3194 3185 1
3185 3194 2254 3076 1
2540 2815 2568 2843 1
1980 3240 2048 2924 1
2951 2945 2658 2924 1
2544 2573 2846 2680 1
3026 1913 2951 3004 1
3576 2945 2658 2951 1
1913 3004 1980 2951 1
2951 1980 2924 3240 1
3574 3816 4128 3795 1
2743 2725 2889 2633 1
2925 3004 1895 1877 1
2925 1966 1903 1895 1
3588 2925 1877 3004 1
1892 2952 3346 1864 1
1864 3346 3635 2952 1
3798 3055 3332 3638 1
2849 2627 2694 2928 1
2849 2928 2623 2627 1
3574 4104 3795 4128 1
1307 3236 1393 2870 1
1393 4096 4064 2870 1
1307 4105 3236 2870 1
4096 2527 4064 2870 1
4105 2527 4096 2870 1
2284 2266 3429 3076 1
3254 3076 2284 3429 1
1248 2514 3882 3065 1
2954 2488 2813 3028 1
248 318 2954 2488 1
318 2488 602 2954 1
2954 2488 3028 248 1
602 2954 2488 2813 1
2980 3030 2955 2825 1
2838 2759 2497 2697 1
2706 2955 3082 3548 1
2980 3905 3082 2955 1
4092 298 3337 280 1
3633 2706 3548 2955 1
4092 3337 298 4053 1
4092 4053 4133 3337 1
3009 3429 2266 3076 1
3194 3009 2266 3076 1
1236 1332 3085 2701 1
3306 3065 3882 2721 1
2721 2514 3065 3882 1
2947 2982 2935 4121 1
2982 3501 4121 3793 1
2982 3990 4121 3501 1
2935 3990 4121 2982 1
2982 3793 4121 2923 1
2164 3181 2235 2860 1
2947 2982 4121 2923 1
2395 3117 2711 2555 1
2550 3117 2711 2395 1
4004 3498 4257 3124 1
2559 2555 3117 2395 1
2917 2658 2860 3122 1
2634 3425 1703 2763 1
4004 3498 3693 4257 1
3267 3342 2574 2664 1
3267 2726 2664 2574 1
3931 1703 2763 2634 1
3066 3931 2763 2634 1
3798 4154 3332 3994 1
3798 4154 3638 3332 1
3342 3163 2574 2664 1
346 2484 3021 376 1
3080 2477 2869 3303 1
376 3021 510 2484 1
3494 2665 3602 857 1
2484 3271 3021 3268 1
2707 2555 2556 2913 1
2883 3132 3044 3573 1
2484 3268 3021 510 1
2988 309 228 255 1
3573 3044 2883 4135 1
3113 3411 2580 2896 1
2665 857 3494 2506 1
1840 3093 1891 3099 1
3420 3622 3427 2931 1
2555 2556 2913 2915 1
2339 3427 3420 3622 1
3021 3271 2484 3465 1
3021 3465 2484 346 1
2556 2557 2583 2453 1
2790 2543 3071 2781 1
2556 2453 2915 2564 1
2790 2781 2539 2543 1
3093 3340 3099 1840 1
2557 2583 2453 2584 1
3071 2543 2969 2781 1
2890 3298 2683 4084 1
4268 2683 4084 3507 1
2633 2733 2761 2725 1
2839 2321 2498 2769 1
2965 3031 3055 3245 1
410 3421 470 452 1
3031 3245 2965 3566 1
452 470 511 2993 1
3865 3245 3566 2965 1
470 3421 3570 2993 1
410 3110 470 3421 1
3110 3421 3570 470 1
3461 3296 2932 919 1
3195 3745 2988 2476 1
3195 2988 2780 2476 1
2459 2988 3195 3745 1
2809 2786 2745 2656 1
3313 3461 3296 2922 1
2564 2453 2915 2588 1
2809 2831 2786 2656 1
2786 1705 2656 3508 1
2831 2656 3508 2786 1
2786 2744 2745 1705 1
3261 2596 2591 2681 1
1891 1901 3097 3093 1
3837 288 4050 3863 1
2681 2596 2591 2693 1
2755 3054 3429 3009 1
3054 3076 3429 3009 1
2567 2691 2678 2568 1
3261 2591 2596 1526 1
3837 3693 4050 288 1
1901 3093 3026 3097 1
3097 3099 2945 3419 1
3026 3099 2945 3097 1
1891 3097 3069 3099 1
3261 2569 2817 3876 1
3097 3099 3419 3069 1
2127 3259 2207 2219 1
2127 3198 3259 2219 1
2818 2849 2875 2694 1
2818 2694 2875 2611 1
3845 4268 3507 568 1
2123 2127 3162 3198 1
2572 2594 2452 2571 1
3108 3257 3029 3703 1
3626 3849 3080 2478 1
1899 2934 2968 2925 1
1917 2968 1970 2925 1
3792 3128 2685 2906 1
2970 3217 2458 227 1
2970 3360 2458 2486 1
3229 3217 2970 227 1
3331 2970 2486 3360 1
2981 2484 256 310 1
256 2484 380 310 1
3665 2685 3128 2906 1
565 3845 3507 568 1
3976 3128 3523 3362 1
3845 3507 4084 3363 1
4084 4268 3507 3845 1
4235 3845 3507 565 1
3845 3507 3363 4235 1
2480 2481 2759 2838 1
2480 2838 2759 2497 1
2525 2636 2639 3862 1
2694 2632 2496 2627 1
2694 2496 2632 2633 1
3147 2607 2929 2956 1
3147 2929 2607 2854 1
1773 3524 3628 1775 1
2535 2563 2843 2810 1
1773 2625 3524 1775 1
2975 3483 2155 3987 1
1009 2975 1062 3822 1
2774 2482 4128 2864 1
1062 3067 3208 1071 1
3180 3286 24 2455 1
10 3180 24 2455 1
3270 3721 2975 2837 1
2975 2155 2837 3987 1
3017 3633 3030 2955 1
2975 1009 2882 3822 1
3254 2976 3076 2667 1
3185 3076 2976 2667 1
2208 2976 3041 2128 1
3890 3067 3208 3721 1
3472 3633 3030 3017 1
3472 2992 3633 3017 1
2164 2197 2235 3181 1
975 3103 949 3946 1
3017 2992 3633 3068 1
2235 3181 3122 2860 1
3890 3067 3721 3822 1
975 3103 3946 4152 1
3103 949 3946 3398 1
1062 3067 3963 3822 1
3840 307 3659 365 1
2480 3359 2485 2838 1
2589 3924 2819 3036 1
2200 2842 2270 2220 1
2804 2768 1436 1426 1
2978 3056 1745 1743 1
2768 2804 1436 4096 1
3629 2978 3056 2599 1
3326 3078 1695 1743 1
2403 2664 2791 2752 1
2861 2664 2791 2451 1
4091 3411 2914 2581 1
3113 2580 4091 1510 1
2804 1436 4096 4079 1
2461 2863 2826 3389 1
2220 2842 2270 2254 1
3389 2863 2826 2462 1
365 307 3659 4120 1
3389 2462 3027 2863 1
427 4260 514 3278 1
680 664 3759 3506 1
1070 3020 3277 3706 1
2991 4060 4201 2989 1
2991 3269 4060 2989 1
427 4260 3278 3317 1
3705 3164 3089 3886 1
3410 3063 2577 3691 1
2577 2472 3691 2852 1
2578 2853 2913 2579 1
1273 2962 2538 3065 1
3886 3491 3089 3526 1
2579 2913 2583 2853 1
1248 1273 2538 3065 1
4246 3585 2730 2705 1
4246 3585 2705 3635 1
1864 3485 4246 3346 1
3506 664 3759 3415 1
3506 664 3415 3801 1
2284 2266 3076 2254 1
2529 3045 3473 2534 1
2551 3319 3147 2983 1
2529 2554 3473 3045 1
3164 3491 3089 3886 1
3801 664 3153 680 1
3269 3013 3166 3325 1
3269 3013 3227 3166 1
2580 3411 4091 2581 1
2580 2581 2852 3662 1
3395 3005 2638 2769 1
2581 2582 2816 2818 1
3677 2983 3319 2551 1
2321 2769 2638 2515 1
2581 2816 3646 2603 1
1261 2533 3289 1277 1
1261 3289 2533 2538 1
2582 2586 2723 2818 1
2582 2604 2818 2587 1
2563 2554 2997 2987 1
2769 3005 2638 2515 1
2583 2587 2588 1494 1
3706 3269 3325 3013 1
3227 3013 3269 3706 1
2586 2607 2818 2854 1
3037 2668 2907 3123 1
2559 1347 1418 2675 1
2559 2675 2592 1347 1
2322 2907 3037 2668 1
2560 2676 1419 1348 1
2453 2588 3036 1494 1
1970 2968 2029 3171 1
2560 1348 2593 2676 1
3075 875 879 3946 1
2943 2453 2588 3036 1
802 2510 2851 2509 1
3036 2971 2588 2812 1
2943 3036 2588 2812 1
2968 3192 2099 2029 1
3036 2971 1494 2588 1
2452 2710 2594 3043 1
2968 3192 2950 2099 1
2968 2658 3172 2950 1
2560 2676 2540 2568 1
2751 2572 2594 3043 1
3037 2668 3123 2326 1
2572 2594 3043 2452 1
2587 2604 2818 2694 1
3576 2968 2658 3172 1
2563 2987 2997 2582 1
2987 2997 2582 2581 1
2596 3253 2693 2616 1
3306 3882 2837 2721 1
2816 3646 3350 2599 1
2604 2603 2848 2816 1
478 474 408 4207 1
3460 3415 4230 4102 1
3129 1054 1001 2502 1
2321 1208 2638 1158 1
3161 1868 1900 2670 1
3161 2670 1900 3441 1
3069 3419 2042 2037 1
4055 3664 2893 911 1
3420 3622 2931 2994 1
3474 2796 3131 2540 1
3474 2973 2796 2749 1
2796 3131 2540 2843 1
2796 2810 2843 2540 1
602 2813 884 827 1
114 143 120 2774 1
2113 2164 2860 3088 1
3430 602 827 2813 1
58 80 2826 2833 1
2833 58 2456 2826 1
1809 2525 3056 2795 1
100 115 2467 2764 1
115 140 2467 2764 1
140 2467 2764 2990 1
2467 2990 2746 2764 1
1809 1855 2639 2525 1
2795 2525 2821 2640 1
1641 2614 3530 2995 1
3611 3720 2998 3160 1
1641 2614 2995 1645 1
3661 2843 3131 2880 1
2995 2614 3530 3931 1
2948 2345 2356 3015 1
1865 3141 3169 2999 1
2809 2748 2730 3062 1
3103 3398 3946 2897 1
2809 2748 3062 2744 1
3103 3946 4152 2897 1
3062 2748 2832 3392 1
2730 3062 2748 3179 1
2552 2707 2556 2913 1
2552 2556 3040 2913 1
3025 2713 2710 2590 1
2687 2751 1561 4256 1
1561 1491 1485 2751 1
1865 3169 3141 1830 1
2592 2530 2797 2707 1
2601 2624 2927 2876 1
2797 2530 2531 2707 1
2732 3281 2618 2862 1
3438 3281 2618 2732 1
2727 2592 2530 2797 1
2739 2727 2530 2797 1
1527 1531 1670 2579 1
1527 2579 1670 1575 1
1531 1670 2579 3818 1
2853 3818 2579 1670 1
1575 2853 2579 1670 1
2713 2586 2854 2607 1
2602 3362 3689 3869 1
2691 2693 2798 2546 1
2603 2604 2848 2849 1
2603 2849 2929 2607 1
3128 2621 3665 2906 1
2546 2765 2798 2548 1
2604 2605 2927 2928 1
2548 2765 2798 2596 1
2691 2798 684 1495 1
2798 684 1495 2615 1
2605 2928 2624 2927 1
270 298 4092 280 1
2124 2936 2220 2976 1
2607 2626 2849 2929 1
2607 2929 2956 2626 1
2604 2928 2694 2605 1
2598 2608 2930 2957 1
2605 2628 2928 2694 1
2124 3367 2936 2976 1
2605 2624 2928 2628 1
2608 2930 2957 2629 1
270 4092 298 4053 1
1919 3678 1990 1986 1
1986 2646 3678 2803 1
167 3770 248 3896 1
270 4053 4133 4092 1
2044 2783 2646 2803 1
2052 2783 2044 2803 1
2646 2803 2783 2862 1
2646 2803 2862 3678 1
2607 2875 2956 2747 1
2607 2626 2956 2875 1
2693 2695 2611 2612 1
2853 3239 2876 2605 1
2526 167 3896 2471 1
2743 2889 2629 2957 1
2876 2624 2927 2605 1
3558 3347 3798 3994 1
3793 3501 4121 3182 1
2993 532 511 2495 1
2605 2927 2876 2853 1
3793 4121 2855 3182 1
1926 3156 2647 2999 1
2999 3156 2647 3511 1
2909 2817 2943 2920 1
3311 2817 2909 2920 1
3311 2817 3261 2569 1
3182 2717 4121 2855 1
2857 2647 3511 2999 1
1732 2761 3253 2616 1
1732 2787 3253 2761 1
2615 2885 2830 2635 1
2833 2891 2682 2469 1
2833 2469 83 81 1
3558 3347 3055 3798 1
532 2993 3570 2495 1
1061 4101 2901 1008 1
3271 3421 3488 3024 1
3558 3055 3332 3798 1
4101 1123 2901 1008 1
3024 4090 3488 3312 1
3001 3245 4149 3459 1
3001 365 3272 3840 1
2870 2490 2711 2554 1
2618 2574 3962 3163 1
2794 2618 3962 3163 1
2575 2500 3674 3218 1
2764 102 121 3126 1
2764 3126 2469 102 1
2575 3674 2500 3024 1
3674 3024 622 2500 1
3001 3130 3245 3459 1
3798 3994 3332 3558 1
3262 3348 3703 3298 1
3001 3272 3756 4149 1
3036 3924 2971 2812 1
3036 3924 2608 2971 1
2842 3185 2270 2254 1
1963 3000 2043 3263 1
3000 3263 2126 2043 1
4053 489 460 3549 1
1715 2600 1670 2927 1
4053 393 460 489 1
1670 2760 2927 2601 1
1715 2760 2927 1670 1
1670 2601 2927 2853 1
2853 2927 1670 2600 1
3084 2730 2731 2631 1
2717 2731 2631 3084 1
3084 2887 2730 2631 1
2956 2631 3084 2717 1
2956 2887 3084 2631 1
3232 3881 3952 3002 1
3002 3881 3952 3433 1
3002 3881 3433 3930 1
2827 2562 2563 2554 1
2554 2912 3623 2562 1
2562 2563 2554 2912 1
2749 2909 2680 2846 1
744 3218 809 2501 1
1990 2052 2803 2058 1
1990 2803 2650 3832 1
2052 2783 2803 2058 1
744 2811 3218 2501 1
2803 3832 2766 2650 1
3073 3259 2283 2263 1
3218 2501 2811 2575 1
2500 2501 3218 2575 1
809 3218 2500 2501 1
211 387 3954 311 1
211 312 3954 387 1
3677 3274 2625 1729 1
4024 3317 3278 4233 1
2620 2856 2623 2927 1
3040 3090 2583 2584 1
3040 3090 2584 3831 1
3090 2583 2584 3239 1
3831 3090 2584 3239 1
3004 1895 1909 3167 1
3004 1909 1924 3167 1
565 3507 648 568 1
2622 2623 2821 2822 1
2622 2929 2626 2857 1
2622 2644 2857 2626 1
2925 3167 1895 3004 1
2623 2928 2856 2858 1
404 3317 482 427 1
2822 2645 2752 2858 1
568 3507 648 686 1
2624 2928 2628 2858 1
2624 2450 2858 2628 1
2624 2856 2858 2732 1
2704 3173 3051 4267 1
2626 2648 2632 2627 1
2626 2627 2822 2648 1
2626 2956 2631 2887 1
2626 2648 2887 2631 1
2626 2648 2644 3511 1
2626 3511 2887 2648 1
2644 2980 2648 2752 1
2644 2824 2752 2645 1
2628 2889 2633 2957 1
2889 2679 2450 2650 1
2628 2649 2496 2633 1
2628 2450 2858 2649 1
2631 2809 2830 2632 1
1710 1758 2715 2629 1
2631 2809 2730 2634 1
2632 2633 2496 2831 1
2632 2830 2831 2809 1
2627 2822 2752 2858 1
1710 2629 2715 3339 1
2633 2733 2649 2496 1
2633 2496 2831 2733 1
2725 2653 2889 3186 1
4268 3507 568 686 1
3506 3415 3460 3786 1
3506 3415 3714 3460 1
3995 3460 4124 3506 1
2965 3031 3313 3055 1
2965 3055 3313 3174 1
2321 2520 2502 1135 1
3506 3714 3995 3460 1
1997 3101 2657 3413 1
3101 3413 2733 2657 1
1888 1956 3101 2657 1
1956 1997 3101 2657 1
2725 2657 3101 2733 1
2725 1888 3101 2657 1
2627 2858 2496 2628 1
2627 2652 2752 2648 1
2496 2652 2752 2627 1
4124 3506 3460 3786 1
3174 3055 3313 3049 1
1174 1176 1283 2775 1
3464 2983 3319 3677 1
2755 2654 2814 2705 1
3464 2983 2910 3319 1
2654 1931 2755 2814 1
1872 2654 2814 1931 1
1176 3154 1287 2775 1
1135 2321 2520 1158 1
2469 2485 2891 2682 1
3319 3677 1631 3464 1
3145 1176 2775 3154 1
3899 3006 865 867 1
1174 3145 1176 2775 1
2805 2571 3200 1442 1
2899 2448 2868 2403 1
3575 3007 3360 2990 1
3575 2470 3360 3007 1
3074 3200 1442 2805 1
3010 3116 2911 3342 1
2829 2987 2582 2816 1
1176 1287 1283 2775 1
4273 2887 3524 4213 1
3691 2816 2987 2829 1
4217 2908 2683 3298 1
2695 1806 2693 2611 1
4046 3116 3010 3647 1
4217 3115 2499 2683 1
4271 3116 3010 3342 1
2997 2581 2914 3107 1
2997 3107 2914 3623 1
2581 2914 3107 2854 1
815 765 858 2684 1
3032 3094 3480 4231 1
3623 3307 3107 2914 1
3246 3121 1995 3156 1
1988 3246 1995 3156 1
3156 2692 3121 3511 1
3032 2040 3094 4231 1
2785 2805 1327 2969 1
3094 4231 2127 3480 1
1988 1978 4074 3156 1
3074 2805 1442 1437 1
582 639 676 4269 1
2636 2729 2644 2824 1
2334 3037 2907 3123 1
1989 3536 3121 3205 1
2642 3556 2618 3438 1
2907 3095 3315 2668 1
4269 639 676 3191 1
2447 3131 2781 2719 1
3086 2781 2719 2447 1
2969 2619 2781 2543 1
2643 4074 3511 2636 1
2627 2822 2648 2752 1
3095 2668 2907 2322 1
3123 2668 2907 3596 1
2322 2907 2334 3037 1
2861 2862 2726 2451 1
3011 2934 2945 3172 1
2646 2450 3678 2862 1
3011 3172 2945 2894 1
2306 2948 3015 3642 1
3638 3055 3461 3031 1
35 49 55 2454 1
2623 2645 2822 2858 1
49 2454 66 55 1
49 2454 4242 66 1
2496 2858 2752 2649 1
1 7 3059 2808 1
2649 2451 3186 2766 1
2649 2766 2862 2451 1
2649 2791 2733 2451 1
49 3847 4242 2454 1
3847 2454 49 35 1
1 2808 3059 9 1
2948 2345 3015 3204 1
2306 3642 3015 3454 1
676 3191 3827 4269 1
9 3059 2473 2808 1
2651 4246 2730 2705 1
3306 2538 3065 2721 1
2721 2514 2538 3065 1
3642 3649 3015 3454 1
4233 4269 676 3827 1
4233 582 676 4269 1
2820 3119 3984 2918 1
2820 3119 2918 855 1
3020 4060 4201 2991 1
3020 3269 4060 2991 1
2820 3203 2918 3984 1
3450 3611 3018 3432 1
2577 3646 2964 2599 1
2599 2964 2577 274 1
274 2816 3691 2829 1
3736 3450 3018 3432 1
3044 3132 3426 3573 1
3325 3013 3166 4178 1
3611 3018 4098 3314 1
2640 2824 2821 2641 1
2357 4271 3010 3275 1
2641 2821 2645 2824 1
2570 3819 2506 3632 1
2641 2597 2824 2645 1
2773 2597 2824 2641 1
2773 2640 2641 2824 1
3227 2840 3013 1147 1
2357 3275 3010 2777 1
3853 3696 2906 3835 1
2609 3117 2555 2829 1
3117 2987 2711 2555 1
2609 3117 2829 3410 1
3117 3691 2711 2987 1
3117 3691 2829 3410 1
2501 2155 2497 2837 1
2838 2497 2501 2155 1
2575 2838 2497 2501 1
2835 2661 3680 2729 1
3019 2661 2835 2802 1
3329 3793 4215 3273 1
2835 3597 2660 3680 1
39 2575 2497 2501 1
2588 2591 2598 2695 1
3273 4215 3501 3793 1
3117 2829 2987 2555 1
3117 3691 2987 2829 1
826 3052 1000 883 1
883 3052 1000 2494 1
883 1000 1053 2494 1
3793 4215 3501 3182 1
2916 2351 3022 4125 1
3061 2025 3011 2659 1
1936 2659 2025 3061 1
1618 3527 2714 2491 1
3527 2599 1702 2714 1
2556 2913 2915 2583 1
3527 1702 2599 3056 1
2686 2540 2815 2560 1
4125 3048 2351 3022 1
2692 4142 3140 3082 1
3671 1189 3882 1231 1
3329 1725 3273 4215 1
1725 4215 3760 3273 1
2464 2673 2386 2465 1
2386 2673 2682 2465 1
3816 2716 4128 2774 1
2887 3536 2748 3511 1
143 3816 2774 2716 1
3511 2980 3121 2748 1
3574 2716 4128 3816 1
3611 3216 3022 3563 1
3140 3082 4142 3608 1
595 3610 603 3317 1
18 22 3320 6 1
3320 2833 60 58 1
742 2518 2736 3265 1
2754 3019 2636 2802 1
3265 2973 2518 2736 1
3265 2973 2736 2511 1
742 2736 3512 3265 1
3512 2736 2511 3265 1
3729 3617 3099 3972 1
3729 3617 1840 3099 1
1181 2542 1245 1148 1
1705 2689 3413 2733 1
1352 1465 2565 2569 1
1469 2565 3365 1524 1
1521 1469 3365 1524 1
3182 2910 2717 3530 1
3182 2717 2910 2983 1
1181 2926 2542 1148 1
3182 3530 2717 2855 1
1352 2569 2565 3290 1
3290 2565 2844 2569 1
2565 2817 2569 3365 1
2844 2565 2817 2569 1
2450 2862 2732 2649 1
2628 2450 2649 3186 1
2468 2981 3532 2708 1
592 659 3033 3564 1
2914 3411 4091 3113 1
3094 4231 2963 2127 1
2825 3068 3017 2403 1
1145 3005 1207 1157 1
1105 3005 1145 1157 1
1510 2580 1569 3113 1
2575 3024 2500 4090 1
3024 3312 622 2500 1
1510 3113 1569 1565 1
2575 3271 3024 3421 1
2208 2264 2272 2801 1
3268 3312 622 3024 1
2564 2588 1806 2681 1
1806 2588 2695 2681 1
2681 2695 2591 2588 1
659 3564 3243 3033 1
2564 2588 2681 2943 1
2967 2591 2588 2681 1
3331 3136 2486 3029 1
3575 3331 3486 3234 1
2559 2555 2592 2675 1
2785 2757 3139 2767 1
2675 2592 2707 2555 1
2785 3139 2522 2767 1
3139 2770 2767 2757 1
1861 2795 2640 1855 1
2525 2640 2639 2636 1
1417 2571 2805 1452 1
1704 1809 2795 1855 1
1861 2795 2821 2640 1
3564 2684 3243 3033 1
2812 2971 2588 2591 1
2967 2812 2588 2591 1
3134 2812 2591 2971 1
3876 3134 2812 2591 1
719 2500 2684 815 1
2609 2578 2829 2547 1
1891 3093 3097 3099 1
3093 3099 3026 3097 1
3033 2684 765 719 1
2547 2829 2913 2578 1
3033 719 3312 2684 1
719 2500 3312 2684 1
3210 3749 3432 4122 1
3178 462 506 3733 1
3210 3749 3476 3432 1
3212 3337 3178 3733 1
1851 2753 2647 1850 1
3178 3337 462 3733 1
3215 3178 506 3733 1
2472 2580 2581 2852 1
3085 2576 2490 2550 1
2734 2814 3254 2671 1
2734 3098 2814 2671 1
2814 3254 2671 3429 1
1715 1670 1771 2760 1
1670 1718 1771 2760 1
1670 2760 2601 1718 1
2908 1043 4126 1058 1
2949 2503 2908 2498 1
4215 3150 3182 2983 1
3501 3182 3150 4121 1
2945 3172 2658 2894 1
3666 2795 2525 2622 1
1704 3527 2617 2795 1
2617 2795 3350 2848 1
2848 2622 2795 3350 1
2743 3918 2889 1849 1
1089 3085 1199 2672 1
2980 3905 2955 3030 1
3030 3633 3712 2955 1
2902 2639 3862 3072 1
3802 2461 3389 3745 1
3587 3802 2459 3745 1
2902 3397 1796 3407 1
3587 3745 2459 3195 1
2980 2729 3905 3030 1
2729 4023 3905 3030 1
4023 3633 3712 3030 1
3147 2713 2585 2854 1
384 2483 4050 473 1
2585 2854 2779 3147 1
2921 3197 3032 4074 1
3147 2929 2854 3945 1
2779 2854 3945 3147 1
1964 2921 3032 1978 1
3233 4074 3032 3197 1
1590 3924 1668 1666 1
2965 3399 3313 3031 1
3399 3031 2965 4160 1
1668 3924 3339 1666 1
3031 3313 3461 3399 1
3031 3899 3399 3461 1
3031 3399 3899 4160 1
828 861 919 2932 1
3879 2819 3036 2589 1
828 919 3461 2932 1
2584 1494 3036 2819 1
4135 2932 3221 3231 1
3032 2050 3480 3094 1
2888 2479 3049 3409 1
2932 919 3221 3231 1
4074 2050 3480 3032 1
3879 2819 2584 3036 1
2483 3845 4084 4050 1
2483 4268 4084 3845 1
3519 4146 4221 4139 1
2840 3289 2533 1277 1
661 3356 3118 3178 1
2840 1244 1277 2533 1
3572 3697 3164 873 1
3572 3164 3491 873 1
99 2774 2466 2467 1
4217 2908 3115 2683 1
2855 3530 2717 3066 1
2855 2717 2731 3066 1
3530 3066 2855 2995 1
3705 3697 3164 3572 1
3962 3116 2662 3163 1
3050 1744 1746 3066 1
2995 3530 3066 3931 1
3050 3066 1746 3931 1
3417 2954 2813 3028 1
3430 3081 3417 2813 1
1709 2743 2608 2613 1
3417 602 3430 2813 1
2608 2743 2957 2613 1
2293 2335 2281 4080 1
602 3417 2954 2813 1
2281 4080 2335 2291 1
3417 2813 3081 3028 1
4046 2662 3116 3647 1
2568 2765 2546 2548 1
4046 2662 3962 3116 1
3261 2817 2967 3876 1
3261 3876 2967 2591 1
1422 1441 4096 1436 1
1973 2043 3157 3263 1
3664 2893 2447 2702 1
2043 3096 3157 3263 1
2304 3037 2326 2668 1
2181 2671 2240 3429 1
18 2456 17 5 1
1596 2614 4164 3025 1
4227 2614 1596 3025 1
1148 2542 1245 3102 1
3658 3354 3433 3044 1
3961 3038 3738 3046 1
2883 3132 3573 2683 1
3376 2883 3132 3044 1
3038 3046 4165 3738 1
3738 3046 4165 3258 1
1903 1917 1966 2925 1
3118 3178 451 573 1
3118 573 661 3178 1
3370 3961 3738 3046 1
2559 3085 2701 2961 1
3738 3046 3258 3370 1
2559 3085 2961 2550 1
1178 2529 3593 1279 1
1279 2870 2529 3593 1
1835 1858 3161 3098 1
1858 1902 3161 3148 1
1279 3473 2529 2870 1
3161 3042 2670 3441 1
2494 3935 2690 3047 1
3080 791 3052 3364 1
1178 2529 1279 3473 1
791 3364 3080 3849 1
4070 3269 1040 1064 1
1148 2926 2542 3102 1
3348 3299 3309 3891 1
4070 2506 3269 1064 1
2716 3174 3376 2888 1
2716 3659 3174 2888 1
4050 3845 4084 4257 1
4084 3693 4050 4257 1
3765 3309 3299 3891 1
2870 3189 2553 2554 1
1593 2585 2779 2551 1
1495 3425 2615 2830 1
1594 3319 2585 2551 1
1592 2551 2585 1593 1
1592 1594 2585 2551 1
2551 3319 2585 3147 1
2687 1495 3425 2615 1
2585 3147 2779 2551 1
1620 2687 3425 2615 1
1074 1135 2502 2520 1
2925 3171 1970 1966 1
3519 3348 3309 3891 1
2925 2968 1970 3171 1
4102 3460 4165 3038 1
2588 2587 2598 1494 1
2588 2587 2695 2598 1
3050 3931 1746 1647 1
3050 1744 2855 1696 1
3050 2995 3066 3931 1
4133 4141 3212 3337 1
4141 3212 3337 3620 1
2965 3174 3313 4128 1
4128 3174 4104 2965 1
2687 1495 2614 2763 1
3549 4141 3337 3620 1
4133 4053 4141 3337 1
3574 3174 4128 2716 1
1703 2763 2712 2836 1
3574 3174 4104 4128 1
4053 4141 3337 3549 1
3041 2734 2667 3254 1
1436 1441 4096 4079 1
3205 2734 2667 3041 1
3047 3052 2494 3935 1
2820 3052 883 2494 1
4125 2931 3127 3222 1
3080 3052 2494 3047 1
3236 4096 1393 2870 1
3236 4105 4096 2870 1
3041 3753 2051 3367 1
1523 2596 2798 1576 1
3576 2658 3167 3004 1
3236 1373 1393 4096 1
1576 2615 2596 2798 1
1523 2548 2798 2596 1
1466 2914 1519 2585 1
2914 1472 1519 3113 1
3147 3319 2585 2713 1
840 2518 3412 2893 1
4135 3209 3231 2683 1
3115 3231 2683 2908 1
3176 2655 3382 3179 1
2809 2655 3382 3648 1
3209 3115 3231 2683 1
3868 2832 2655 3176 1
3176 1847 3868 2654 1
2654 3176 3179 3207 1
3809 3765 3575 236 1
3179 3062 2748 2832 1
4104 4160 4236 2478 1
3176 2655 3179 2832 1
2654 3207 3179 2705 1
3179 2655 3062 2832 1
3179 2832 2748 2705 1
4104 4160 343 4236 1
1442 2571 1493 1463 1
4215 3274 2983 3677 1
1442 1477 1493 2571 1
1442 3200 3948 2571 1
3134 3924 2812 2971 1
10 3180 2455 2456 1
268 3765 236 3575 1
1442 3948 1477 2571 1
910 3034 3544 2449 1
2905 2879 2878 2449 1
2898 2905 2878 2449 1
3445 2992 3472 2825 1
1440 2468 2464 127 1
127 2468 2464 163 1
2464 2386 2468 1440 1
2464 3355 2468 2386 1
163 2464 221 2468 1
3472 2992 3017 2825 1
221 3355 2468 2464 1
3034 2905 2449 2879 1
3338 3781 3081 3344 1
3338 3212 3781 3344 1
2181 3429 2240 2228 1
2171 3429 2181 2228 1
195 197 2469 2919 1
515 4261 428 3118 1
3118 3356 3279 3178 1
2919 197 2469 2458 1
2703 3267 2451 2523 1
2703 2451 3267 2726 1
2703 2726 3267 4267 1
2871 2707 2556 2552 1
916 3083 4217 844 1
4261 3356 3279 3118 1
2676 2765 2568 2548 1
844 3083 4217 3035 1
3127 2523 3596 3315 1
844 4217 3681 3035 1
3222 3596 3315 3127 1
2701 2449 2878 2961 1
2449 2961 2879 2878 1
1263 1236 2592 1332 1
1263 2592 2727 2528 1
1236 2701 2592 1332 1
3554 3280 3057 475 1
4146 3777 646 3057 1
2620 2641 2821 2856 1
2821 2856 2641 2645 1
1246 2728 2593 1264 1
1246 1338 2593 2686 1
1264 2544 2728 2593 1
1338 2593 2686 2560 1
2560 2593 2540 2676 1
839 3544 3075 2505 1
3554 3057 575 475 1
888 2449 3544 2898 1
1575 2578 2853 2600 1
4146 3057 646 575 1
3629 3078 1695 3326 1
3078 2978 3326 3629 1
1418 2675 2609 2559 1
2675 2555 2547 2609 1
1419 2560 2610 2676 1
2704 3173 2911 3051 1
4267 2726 3267 3051 1
3629 2978 3326 3056 1
2559 2675 2609 2555 1
3326 3629 3056 3792 1
2735 2937 2789 2505 1
2704 2726 4267 3051 1
3505 2357 3137 4271 1
3965 4046 2911 3010 1
2 3180 10 2456 1
4046 3116 2911 3010 1
2357 3137 3275 2352 1
2700 1055 1113 1103 1
2700 2775 1113 2771 1
4125 3720 3048 3022 1
3048 2360 3720 3330 1
2699 2718 1114 1104 1
2699 2770 1114 2718 1
4125 3048 3720 3330 1
3022 3684 3048 2353 1
2802 2773 3440 2824 1
3048 3684 3711 2353 1
2773 2802 3440 2209 1
3206 2996 3287 1821 1
3206 2892 2996 1821 1
3206 3228 3287 2996 1
2517 3661 2781 3131 1
2517 2880 3661 3131 1
3206 2892 3228 2996 1
1262 2962 3065 2542 1
3065 2904 2542 2844 1
3065 2962 2844 2542 1
2846 2573 2681 2680 1
2702 2686 1237 1129 1
2953 1841 1829 3098 1
3004 1924 1980 3240 1
3576 3004 2951 2658 1
3389 3027 2462 4056 1
3004 3240 1980 2951 1
157 2462 4056 3389 1
3346 2933 3585 2734 1
2933 1829 1833 3098 1
3420 2931 3068 2994 1
1318 2565 1351 3289 1
2825 2992 3068 2994 1
2825 2992 3017 3068 1
1246 2686 2593 2728 1
2686 2593 2540 2560 1
2784 1310 2521 2804 1
1154 3987 1198 2520 1
2785 2805 2522 1311 1
3420 3427 3068 2931 1
3622 3135 3427 2931 1
1198 3987 3152 2520 1
3077 3173 3979 3695 1
3077 3695 3979 3510 1
1891 1972 3069 3097 1
3266 1796 3835 3407 1
3056 3792 2525 3072 1
1743 3326 3056 3072 1
1788 3407 1796 3100 1
1373 1404 1422 2768 1
1404 2768 1426 1422 1
1403 2566 1473 1457 1
1403 2566 1457 1433 1
3979 4043 3695 3235 1
1148 3102 3170 2926 1
1373 2768 1422 4096 1
3050 1696 2855 2995 1
3369 2381 2396 2375 1
4062 2376 2382 2388 1
3979 3235 3695 3173 1
3078 2978 1743 3326 1
594 3218 3674 3199 1
3078 2978 1745 1743 1
2852 3629 3079 3515 1
1640 3079 2852 3629 1
2852 4214 3515 3079 1
3199 3218 3674 2500 1
2805 3251 2543 3200 1
2543 3251 3939 3200 1
4214 3662 2852 3515 1
3199 809 3218 2500 1
2695 2587 2588 1806 1
2808 2473 2772 3300 1
2808 2826 3300 2772 1
3091 2473 2808 3300 1
2729 2661 3030 2825 1
2703 2704 2318 2260 1
4265 2666 2704 2260 1
2703 2306 2313 3454 1
3979 3695 4043 3510 1
2690 3193 3935 3250 1
3445 2661 3440 2825 1
2704 3173 2312 2305 1
2494 3250 2690 3935 1
4002 3160 3902 2778 1
2661 3472 3030 2825 1
3445 3472 2661 2825 1
148 2764 2470 3007 1
2873 2564 2453 2556 1
2943 2564 2453 2873 1
2704 3173 2318 2312 1
4002 3684 3902 3160 1
410 3954 3168 3421 1
3267 2451 2664 2726 1
311 3954 3168 410 1
428 3118 4261 3279 1
3118 3279 428 3989 1
4156 566 619 562 1
926 3538 960 2447 1
3178 3118 3989 3279 1
3703 2503 3083 2949 1
925 3034 959 3589 1
829 920 862 3748 1
3161 1860 1868 2670 1
862 3748 3083 821 1
3298 3703 3083 2949 1
648 3507 746 686 1
2892 1823 2654 2933 1
1789 2892 3302 1797 1
3679 3302 1797 1789 1
606 677 583 3713 1
661 757 3356 769 1
938 1015 999 2699 1
2755 2705 2832 3207 1
3207 3176 3179 2832 1
3207 2832 3179 2705 1
3868 2832 3176 3207 1
3868 2755 2832 3207 1
365 3659 327 4120 1
2515 1145 1161 1127 1
1087 1127 2515 1146 1
1088 2534 1144 1110 1
3588 3340 2945 3099 1
2014 2832 2755 2086 1
3093 3340 3588 3099 1
3093 3099 3588 3026 1
3588 3099 2945 3026 1
3527 2714 1704 1618 1
2048 2109 3088 3252 1
2109 3181 2164 3088 1
2924 2048 3088 3252 1
3014 2894 2924 3088 1
2715 2606 3339 2930 1
3339 2629 2930 2608 1
3088 2164 2860 3181 1
1417 2572 1409 1327 1
1327 1417 2572 2969 1
4235 3507 648 565 1
4232 1041 3270 4000 1
1129 2686 1246 2728 1
3409 3754 2479 3930 1
2579 1527 1531 1478 1
3981 3754 3930 2479 1
2596 1479 1532 1528 1
4267 3378 3146 3267 1
3267 3378 3146 3127 1
3051 3146 3342 3267 1
3267 3146 3342 2994 1
3267 3127 3146 2994 1
2728 2544 2540 2593 1
959 3589 2449 1018 1
3589 3085 2449 1115 1
1115 2701 3085 2449 1
1592 1627 2551 1593 1
1627 1628 2551 1593 1
960 1019 2447 3086 1
1019 2719 1116 2447 1
1652 1654 2606 1623 1
3087 3827 3089 3886 1
3087 3089 3526 3886 1
1657 3425 1763 1765 1
1113 1103 2775 2700 1
1103 1174 1186 2775 1
1687 4208 1733 3523 1
1688 3793 3329 3743 1
2700 3297 2775 2516 1
1056 2699 1114 1104 1
1104 2718 1187 1175 1
1855 2640 2525 2795 1
2699 3139 2718 2522 1
3498 244 3693 288 1
3263 2734 2041 3041 1
951 2701 2505 2739 1
910 953 2449 888 1
1965 2734 2041 3263 1
2134 3263 2041 3041 1
1787 1795 2743 2653 1
1795 1837 2743 2653 1
3202 244 3693 3498 1
2889 2653 2743 1843 1
1837 1843 2743 2653 1
2639 1822 1838 1798 1
2743 2653 2889 2725 1
1791 1799 2841 1823 1
1849 2889 2743 1843 1
1787 2743 2725 2653 1
3064 3793 2923 4216 1
3329 3793 3273 3064 1
3064 3273 3501 3793 1
2111 3192 2184 3122 1
3192 3122 2917 2184 1
2605 2604 2927 2853 1
3743 3793 3329 3064 1
2706 2302 2270 2298 1
3743 3793 3064 4216 1
3064 3501 2982 3793 1
2950 2658 2917 3192 1
3170 3531 3208 3294 1
893 2944 978 918 1
893 952 978 2944 1
1989 3462 3121 1942 1
302 4133 3486 270 1
952 978 2944 2740 1
302 4133 270 348 1
3253 2591 2612 2613 1
3583 3699 1350 2522 1
2598 2613 2612 2591 1
1426 2799 2521 2768 1
2598 2957 2612 2613 1
2612 2613 2957 2787 1
2787 2612 2613 3253 1
978 2788 2944 2740 1
918 978 2788 2944 1
3531 3721 3208 3294 1
2787 2612 2761 2633 1
270 4092 4133 3486 1
2670 2110 2198 2165 1
2612 2787 2957 2633 1
3062 3392 2745 2744 1
2745 2806 2655 2656 1
2787 2612 3253 2761 1
348 4053 4133 270 1
3064 3793 2982 2923 1
2301 3445 2323 2325 1
2084 2806 2722 2151 1
1722 4228 3665 3869 1
1722 2940 3665 4228 1
3665 4031 2906 3898 1
2840 2828 3405 2886 1
2417 3740 2428 2412 1
2532 2828 3405 2840 1
254 264 3559 3357 1
1303 2768 1312 3256 1
2516 2521 2775 2768 1
2516 2768 2775 2771 1
2775 2799 1303 2768 1
2775 2521 2799 2768 1
3049 3055 3347 3245 1
2990 3124 3202 4004 1
3055 3313 2922 3461 1
3055 3313 3461 3031 1
3105 2602 1630 3869 1
3810 2857 2525 3696 1
222 168 178 2460 1
222 2460 220 168 1
4269 3848 3031 3566 1
223 2468 179 169 1
3108 4212 3703 3598 1
3212 3029 2486 3344 1
4258 3703 3108 3344 1
223 169 221 2468 1
1824 3729 4272 3617 1
3729 3972 4272 3617 1
4269 4010 3566 3634 1
3110 3421 3444 3570 1
4269 3566 3031 3634 1
258 3158 3155 304 1
4269 3848 3566 4010 1
3109 3745 3802 3389 1
410 3168 3110 3421 1
2602 3945 3362 3869 1
212 2460 255 222 1
3109 90 3389 3802 1
3433 3520 3426 3952 1
223 2468 256 213 1
3665 3945 2685 2929 1
3520 3002 3952 3433 1
2509 2880 2517 3016 1
3016 2517 3412 2880 1
876 3412 3016 2517 1
880 2517 3016 2509 1
880 3016 2517 876 1
1423 3074 1437 3111 1
1405 1423 3111 1374 1
2800 3111 2522 2767 1
185 210 3408 219 1
1437 3074 2522 3111 1
3505 3647 4271 2662 1
1192 1199 1326 2672 1
2727 2530 2592 2701 1
1192 2672 1326 1320 1
3695 3403 3077 3173 1
2728 2686 2593 2540 1
1129 2686 2728 2702 1
3695 3275 3077 3403 1
3170 3294 4000 2926 1
222 2460 261 220 1
1044 1066 2727 2739 1
1044 2701 2727 1128 1
1066 2727 2739 2528 1
221 2468 262 223 1
1045 2740 2728 1067 1
1045 1129 2728 2702 1
1093 2544 2740 2728 1
222 255 261 2460 1
1100 3170 4000 2926 1
1065 1100 3170 4000 1
223 2468 262 256 1
3574 235 2716 209 1
3145 1176 3154 1182 1
2699 1183 4262 1085 1
3398 3039 3112 2509 1
4262 1183 1177 1085 1
2529 3039 3112 3398 1
185 3575 189 219 1
3112 3686 1109 2529 1
3077 3510 3903 2373 1
3112 1049 1109 3686 1
3112 2509 1049 3398 1
819 840 889 2518 1
819 2518 889 872 1
840 2893 889 2518 1
889 2893 2944 2518 1
889 2944 872 2518 1
3113 2580 1569 2896 1
2896 4214 2580 1605 1
245 4104 343 226 1
245 4104 192 224 1
3570 2492 3114 621 1
2674 3444 2877 2492 1
3114 3570 3444 2492 1
621 2492 3114 3224 1
3224 3114 2674 2492 1
3114 2674 2492 3444 1
246 227 344 4244 1
3077 3275 3510 2373 1
227 246 193 3229 1
263 3967 243 3920 1
3409 3930 3920 3978 1
3409 3920 3755 3978 1
3162 2127 2219 3198 1
2690 3395 2477 2481 1
273 2483 3870 278 1
3162 3198 2219 2199 1
2655 3062 2832 3392 1
821 3083 844 3035 1
4167 237 243 287 1
821 3748 3083 3035 1
651 798 3119 2474 1
3045 3039 2827 3003 1
2820 798 2474 3119 1
1148 3102 1245 4163 1
3045 3003 2827 2562 1
3100 3407 1796 3266 1
267 327 301 3865 1
2111 3192 3122 3497 1
3237 3138 2514 3152 1
3192 2658 2917 3122 1
2941 3138 3757 3237 1
3135 2907 3315 3222 1
3135 2907 3222 3123 1
1850 2647 3141 2999 1
263 3920 243 287 1
3524 2887 2647 4213 1
3757 3138 2514 3237 1
1743 3326 3072 3100 1
1743 3326 3100 1747 1
1747 3866 3266 3100 1
278 384 2483 3693 1
3126 2470 125 121 1
2764 3126 121 2470 1
264 3248 288 3498 1
2764 2470 2469 3126 1
264 3498 288 244 1
2967 2817 2943 2812 1
465 247 257 3027 1
2565 2943 2817 3365 1
2911 3116 2574 3342 1
3342 3116 2574 3163 1
2943 2817 3365 2812 1
2844 2565 2943 2817 1
466 3028 258 248 1
2645 2861 2618 2794 1
2645 2794 2824 2752 1
466 2954 3028 248 1
3222 2931 3127 3315 1
3744 2380 2364 4099 1
2645 2794 2752 2861 1
3705 3089 3827 3886 1
520 257 3303 465 1
750 3827 3422 3087 1
750 3422 3526 3087 1
749 3528 794 3645 1
1207 1255 3351 2638 1
3351 1207 2638 3005 1
3395 3351 2638 3005 1
1255 3138 3351 2638 1
2704 2911 2574 3051 1
1491 2751 2610 2572 1
2610 2751 2678 2572 1
3424 3044 3055 3049 1
3424 3049 3055 3347 1
3049 3044 3055 3313 1
2610 2678 2751 2979 1
2711 3691 3189 2987 1
3189 2987 3691 2581 1
472 2483 383 382 1
2890 3384 3298 3276 1
271 275 283 4209 1
1788 2639 2902 3072 1
3976 1747 1751 3792 1
3326 1747 3976 3792 1
3326 3792 3100 1747 1
3682 3404 3672 4145 1
3682 3044 3672 3404 1
3672 4177 3682 4145 1
276 286 4093 4255 1
2649 2733 3186 2451 1
1747 3792 3266 1751 1
1747 3266 3792 3100 1
2483 277 382 273 1
469 2483 472 382 1
2949 2683 3298 4084 1
3170 3208 3270 3294 1
2534 3045 3220 3247 1
3208 3721 3270 3294 1
3247 2845 2562 3220 1
3247 2562 2845 3008 1
3247 3003 2562 3008 1
2534 3045 3247 3003 1
2624 2732 2858 2450 1
2450 2732 2858 2649 1
331 3961 3343 337 1
3445 3420 3472 2992 1
3472 3420 3633 2992 1
2990 3809 3202 3124 1
3739 3104 4087 722 1
1867 1844 3053 3588 1
2325 3420 3633 3472 1
2570 3509 3452 3632 1
3452 2532 3405 3632 1
2325 3420 3472 3445 1
4269 3390 4127 3104 1
1867 3053 2925 3588 1
3053 2934 2925 3588 1
3278 3177 580 442 1
3251 3939 2571 2619 1
3251 2969 2619 2571 1
2969 2571 3251 2805 1
4039 3949 305 319 1
3104 3423 770 789 1
4017 4067 320 306 1
3739 3191 3104 722 1
3085 2449 2701 2961 1
3049 3376 3582 3044 1
2993 2495 4119 3570 1
2895 3348 3298 3136 1
3108 3029 3344 3703 1
871 2505 951 2898 1
3344 3136 2949 3703 1
2538 2565 2844 2962 1
3677 2524 1683 1633 1
289 3961 3343 331 1
1044 2739 2727 2701 1
3464 3677 1633 2524 1
1045 2702 2728 2740 1
2740 2544 2540 2728 1
621 2492 760 718 1
718 760 814 2492 1
718 3375 2492 814 1
718 3570 2492 3375 1
3570 621 718 2492 1
2715 2776 1756 1753 1
2524 2983 3464 3677 1
1726 2940 3665 1722 1
3724 678 3801 3854 1
3786 3801 3415 4102 1
1726 3665 2940 1768 1
1692 1696 3804 3793 1
977 2739 1044 951 1
2739 2701 2878 2530 1
978 952 1045 2740 1
2134 2801 2208 2206 1
2129 2111 3122 3497 1
2129 3181 3122 2197 1
1692 1696 3793 4216 1
931 3070 941 2741 1
3767 3964 828 4202 1
3254 2254 3076 2976 1
2785 2543 2757 2767 1
932 2742 942 3071 1
4146 3794 3519 4221 1
2742 2508 1081 2785 1
456 3794 3447 4221 1
2743 2957 2633 2889 1
1758 2715 2679 1804 1
1758 2679 2715 2629 1
1804 2679 1842 2776 1
2679 1842 2776 2646 1
2546 2693 2798 2765 1
2765 2693 2798 2596 1
2568 2693 2546 2765 1
3755 3978 3334 3571 1
3978 4209 3439 3571 1
2699 1183 1085 1077 1
2672 2807 2576 1326 1
3571 3334 3439 3978 1
1320 2672 1326 2807 1
3978 3571 2888 4209 1
3755 3571 2888 3978 1
3133 3201 3506 4156 1
260 270 302 3486 1
270 3486 4244 4092 1
260 3486 4244 270 1
3275 3010 2777 3403 1
3129 3318 1001 1054 1
3149 4004 3124 3136 1
4004 3202 3498 3124 1
2910 2983 2747 3319 1
2054 2692 3125 3973 1
2524 2983 2910 3464 1
2692 3680 3125 4173 1
3588 1859 1877 2925 1
3026 1877 1913 3004 1
3506 3201 3133 3550 1
764 779 3602 3494 1
764 3494 3602 857 1
2835 3680 3125 2692 1
3133 680 4156 3506 1
2044 3281 2646 2783 1
2095 2107 3940 2783 1
2095 2783 3281 2044 1
2107 2168 3940 2783 1
2168 2229 3940 2783 1
2229 2783 4153 3940 1
2646 2783 3281 2862 1
1813 2635 3648 2656 1
3648 2635 2809 2656 1
3648 2809 2655 2656 1
1813 3648 2655 2656 1
3695 2959 3510 3824 1
3395 2498 3193 3005 1
3395 3351 3005 3250 1
2498 3395 3193 2690 1
3351 2507 3005 3250 1
2543 2969 2619 3251 1
1084 2700 3145 1103 1
1103 2700 3145 2775 1
2785 2805 2969 2543 1
2969 3251 2543 2805 1
2700 3145 3154 1182 1
4074 2835 3125 2692 1
3899 3391 3390 3006 1
4043 3695 2959 3510 1
1376 2566 1403 1433 1
3976 3128 3362 2685 1
3898 3406 4031 2906 1
197 2458 3155 227 1
3589 935 925 3034 1
3034 935 925 929 1
3362 3128 4228 3665 1
2935 3990 2859 4121 1
3503 3323 3023 833 1
2935 3990 4136 2859 1
3199 744 3218 809 1
3838 2621 3128 4143 1
826 601 3080 2820 1
2932 3296 3221 919 1
2979 2546 3058 2595 1
2979 2546 2568 2691 1
2979 3058 2751 2595 1
3976 4068 3128 4143 1
429 490 3821 425 1
3043 2751 3058 1495 1
683 4151 626 4200 1
2979 2568 2678 2691 1
3503 833 3023 3598 1
4171 3990 4136 2935 1
3313 2922 3296 3221 1
33 3847 49 35 1
49 3847 3383 4242 1
3406 3169 4031 2906 1
33 3847 3383 49 1
3481 4246 3585 2730 1
4031 2857 2906 3169 1
1640 3078 1695 3629 1
4031 3169 3141 2857 1
3619 3169 3141 4031 1
3148 3263 1965 1963 1
3148 1963 1973 3263 1
3619 3169 4031 3406 1
2980 3121 2748 3082 1
3148 3263 1973 3157 1
3148 3263 2952 1965 1
2171 3429 2228 3009 1
1807 3708 3619 1830 1
361 3232 4132 3002 1
1830 3169 3141 3619 1
2755 3429 2171 3009 1
4132 3952 3232 287 1
3463 3232 287 4132 1
3058 2595 2798 1495 1
2747 2830 1495 2611 1
2781 2815 2969 2719 1
3086 2969 2719 2781 1
2719 2572 2815 2969 1
2956 3084 3150 2717 1
2820 2476 2474 2869 1
2625 2956 4273 3274 1
2956 3150 3084 4273 1
404 488 482 3317 1
3078 1646 1745 2978 1
3317 3610 603 4260 1
2811 2488 2682 3359 1
3278 3780 4233 3317 1
2682 2480 3359 2485 1
3278 3610 3780 3317 1
946 1001 3129 3318 1
1147 2840 1244 1180 1
2749 2846 2544 2541 1
2749 2540 2544 2680 1
1147 1168 1244 2840 1
1806 2681 2765 2680 1
1978 2643 4074 3156 1
1926 1978 3156 2643 1
346 3465 2484 3355 1
2700 3145 2775 3154 1
3120 2504 3061 3099 1
3297 3154 2775 3650 1
2700 3154 2775 3297 1
3154 1287 2775 3650 1
2809 2831 2652 2786 1
2632 2652 2809 2831 1
258 3155 3304 304 1
2919 3155 2458 3304 1
1964 1978 3032 2040 1
1964 3032 2037 2040 1
3108 3598 3703 4258 1
2919 258 3155 3304 1
3598 3108 3291 4258 1
3968 3598 4258 3703 1
3330 4125 2931 3127 1
4132 3002 3952 3520 1
3321 2449 953 959 1
925 3321 959 3034 1
2805 2571 3251 3200 1
496 4048 3825 4129 1
4128 2482 2478 2864 1
3251 2571 3939 3200 1
2478 2690 2482 3313 1
2478 3313 2482 4128 1
2690 2482 2864 2478 1
3622 4125 2931 3330 1
3034 3321 959 2449 1
4132 3232 3952 3002 1
3520 383 3952 4132 1
3270 3294 3306 4000 1
93 2464 2737 126 1
93 2464 2455 2737 1
3090 2853 3239 3818 1
3090 2583 3239 2853 1
3831 3090 3239 3818 1
2820 2918 2494 988 1
2820 2918 3203 2494 1
3326 3629 3792 3976 1
2587 2694 2818 2611 1
1858 3148 3161 3098 1
2588 2971 2598 2591 1
2852 2581 3646 3662 1
2598 2613 2591 2971 1
2852 3514 3515 3646 1
2852 3662 3646 3515 1
3102 1169 3379 2542 1
1143 1169 3379 3102 1
2496 2652 2649 2752 1
4076 3552 567 620 1
2725 3101 3186 2733 1
3186 2733 3101 3282 1
3282 3413 2733 3101 1
558 4041 493 507 1
4181 3291 3620 3212 1
494 4234 559 508 1
3437 820 828 3332 1
379 3224 593 509 1
4181 3345 3620 3291 1
2791 2664 3315 2523 1
4209 2479 2888 3409 1
4145 3437 3332 820 1
3420 2992 3445 3264 1
3420 2992 3264 2994 1
3420 2994 3264 3928 1
2324 3427 2332 3135 1
2794 3163 3292 2664 1
3329 3273 1734 3064 1
3292 2664 3163 2994 1
2324 2339 2332 3427 1
3214 3081 3430 792 1
3440 3292 2825 2794 1
3214 3781 792 4158 1
3743 3329 1734 3064 1
4261 661 757 3356 1
727 3437 3332 3994 1
4145 3994 3332 3437 1
3840 3571 3659 307 1
3445 3440 3292 2825 1
3420 3264 3445 2331 1
3420 2338 3264 2331 1
3003 2880 2827 2843 1
3003 2843 2827 2562 1
2334 3135 2341 3123 1
2517 2781 2539 2790 1
2781 2815 3131 3661 1
3123 2341 4125 3135 1
2334 3123 2341 3563 1
609 4041 589 558 1
2702 2686 2728 2540 1
3215 4181 3178 3212 1
610 4234 559 590 1
3178 3733 3215 3212 1
923 963 971 2758 1
923 2758 2516 963 1
2742 932 972 3071 1
2742 2757 972 964 1
2742 964 2508 2757 1
3704 3863 4129 426 1
1145 3005 4061 2515 1
1057 3193 4061 3005 1
2345 3015 3986 3244 1
1830 3141 3708 3619 1
1756 2715 1804 2776 1
3628 3141 3524 1773 1
2715 2776 2679 1804 1
1966 3171 2033 3167 1
3171 2029 2033 3192 1
3171 2968 2029 3192 1
1850 3141 3524 3628 1
1222 1331 2719 3086 1
593 808 3224 743 1
1331 2719 1329 2572 1
760 593 808 2492 1
2925 3167 3171 1966 1
3576 2968 3171 2658 1
2715 2629 2679 2930 1
2553 3189 3525 4091 1
3091 3663 2473 3300 1
594 744 3218 3199 1
3091 3802 3300 3389 1
3189 2553 3525 4064 1
3015 3649 4240 3744 1
2704 2305 2293 3173 1
4153 2281 2663 4080 1
4240 3744 2380 3244 1
3663 3091 3802 3300 1
2703 3642 2294 2306 1
2202 2153 2867 2222 1
3174 3313 3376 3049 1
2610 2568 2678 2979 1
4271 2340 3264 3553 1
941 3070 1078 2741 1
4249 1078 1080 2784 1
3137 2340 4271 3553 1
2468 2981 2708 2386 1
1004 2742 1079 3071 1
2742 2785 1081 1079 1
3174 3313 2482 3376 1
2386 2981 2682 2673 1
2352 2340 3137 3553 1
2505 2701 2878 2739 1
3506 664 3801 680 1
4128 3313 2482 3174 1
3506 680 3801 3133 1
3506 3801 3550 3133 1
2741 2784 2516 2758 1
4271 2333 3264 2340 1
3137 2333 4271 2340 1
951 1044 2701 2739 1
2701 2739 2727 2530 1
2673 2484 2575 3271 1
425 3165 3520 4132 1
952 2740 2702 1045 1
490 3165 3520 425 1
2702 2540 2728 2740 1
3355 3271 2484 2673 1
490 3159 560 3776 1
3108 3212 4133 4141 1
3212 3486 4133 3733 1
3611 3160 2998 4098 1
3733 3212 3337 4133 1
4133 3029 3212 3108 1
4133 3486 3212 3029 1
3145 1084 1176 1182 1
2700 1076 1084 1182 1
2700 1084 3145 1182 1
3008 2562 2845 2567 1
3008 2843 2562 2567 1
3008 2567 2619 2815 1
3008 2567 2815 2843 1
3792 4143 3128 2906 1
4002 4098 3160 2778 1
2760 2620 2927 2856 1
3213 2642 2732 3438 1
3611 3160 4098 2778 1
3021 3271 3715 3268 1
2761 2633 2831 2733 1
2906 3835 3792 4143 1
4002 2374 3160 3858 1
2998 3160 2374 3858 1
3744 2356 2364 2380 1
3483 2502 2697 2520 1
2838 2697 3483 2502 1
3715 3271 3021 3465 1
2899 3315 2448 2403 1
2744 2652 2448 2689 1
4135 3209 2683 3873 1
3573 3873 4135 2683 1
3705 3164 3899 832 1
3129 884 3318 1054 1
3705 3697 3899 3164 1
3012 97 128 3991 1
745 774 2499 686 1
3012 3991 3587 2454 1
2117 2129 3181 3497 1
3012 3587 2709 2454 1
4268 2499 3507 686 1
2770 2767 1216 1206 1
2757 1216 2770 2767 1
746 686 2499 774 1
2771 1205 1215 3256 1
2758 3256 2771 1215 1
2508 3139 2699 2522 1
3129 940 1054 2502 1
3181 2658 3122 2860 1
2129 3497 3122 3181 1
3507 2499 746 686 1
2591 3253 2693 2596 1
2596 2591 3253 1526 1
4217 2683 2499 3507 1
4268 2499 2683 3507 1
2051 3846 2128 3367 1
746 3507 4217 2499 1
1084 3145 1174 1103 1
2942 3107 3307 2585 1
3623 2942 3107 3307 1
2592 2797 2528 2707 1
2561 3623 3307 2942 1
2528 2797 2531 2707 1
2727 2592 2797 2528 1
2739 2727 2797 2528 1
3166 2533 3013 2886 1
3223 3465 447 346 1
2545 2877 2575 2480 1
2545 2673 2480 2575 1
2538 2533 3166 2886 1
3041 2051 2128 3367 1
1537 2472 2852 2580 1
1543 1537 2472 2852 1
1084 3145 1176 1174 1
1543 2852 2472 2577 1
2865 2262 2270 2706 1
2785 2757 2508 3139 1
2124 3367 2976 2128 1
2760 2624 2927 2601 1
2794 2664 2752 2861 1
3146 3330 3142 2994 1
2581 2603 2854 2818 1
2818 2607 2603 2854 1
3126 142 2469 123 1
3126 2470 131 125 1
1019 1098 2719 3086 1
1098 3086 1222 2719 1
1019 3086 2719 2447 1
4271 3116 3342 3264 1
3264 3116 3342 3163 1
3244 4240 3744 3015 1
751 786 790 4210 1
4210 3980 786 790 1
4141 3291 3108 3212 1
4141 3212 3620 3291 1
3345 3283 786 3238 1
1737 2715 1741 2776 1
1737 3106 2606 2715 1
2715 2776 1753 1741 1
1701 1707 2613 2787 1
2787 2743 1754 1707 1
3345 4210 3980 786 1
1104 1175 1177 2718 1
897 987 887 2509 1
3583 3651 4262 1183 1
2509 887 982 987 1
3345 4063 786 3283 1
3345 4063 4210 786 1
3297 1182 3154 3650 1
926 3538 2447 3188 1
3188 2447 3412 2884 1
2447 2790 2884 3188 1
3538 2790 2447 3188 1
2754 2639 2640 2636 1
2648 2887 2748 3511 1
2903 2748 3082 2667 1
3345 786 3980 3238 1
2925 3576 3167 3004 1
1033 2702 952 944 1
2925 2968 3171 3576 1
2925 3576 3171 3167 1
1352 3290 2565 2962 1
1033 2702 1045 952 1
2962 2565 2844 3290 1
912 3697 898 908 1
4257 4004 3124 3149 1
4257 4004 3149 4084 1
2509 1050 987 982 1
2554 2581 2914 2997 1
2554 3189 2914 2581 1
2553 2554 3189 2914 1
834 2735 902 847 1
982 2509 1050 2517 1
2735 2789 979 902 1
2529 2554 2870 3473 1
3817 2561 2554 2553 1
835 848 903 2736 1
2736 903 980 2788 1
3013 2533 3166 4178 1
2870 2554 2553 3817 1
2554 2997 2914 3623 1
1930 1871 3061 1936 1
4267 3378 3695 3146 1
3051 3403 3342 3146 1
2151 2210 2722 2212 1
3454 3015 3744 3649 1
855 988 1008 2918 1
2284 3429 2671 3254 1
3263 2671 3254 2801 1
2755 2814 2671 3429 1
2700 1182 1190 1076 1
2820 2918 988 855 1
2699 1077 1191 1183 1
2968 2658 2950 3192 1
1158 1256 2638 2520 1
3194 3076 2266 2254 1
1538 4164 1602 1544 1
2321 1158 2638 2520 1
2773 2011 2079 2792 1
2773 2792 2641 2011 1
1538 1596 1602 4164 1
3325 3013 3958 1142 1
3620 3283 3345 3238 1
3178 3620 4181 3238 1
1420 1398 2521 1426 1
1115 2701 2449 1032 1
3980 786 842 3238 1
1129 1033 2702 1045 1
3151 2921 1964 1907 1
2921 3972 3540 3728 1
3164 3491 865 832 1
2524 3464 2910 4227 1
1596 3025 4164 3324 1
4164 2594 2710 2614 1
3025 2710 2747 2614 1
3164 3697 865 873 1
3245 3031 3347 3130 1
2775 1285 1303 1355 1
4272 3197 3972 2643 1
2718 2800 1304 1356 1
3031 3130 3245 3566 1
3848 3130 3031 3566 1
3197 4074 2643 2636 1
2764 2900 3360 2746 1
2746 3360 2990 4004 1
2990 3360 3765 3124 1
2534 1050 1110 1048 1
2990 204 177 175 1
2757 1214 1308 3797 1
2757 3797 1308 2543 1
471 2993 533 3488 1
1048 1088 2534 1109 1
3985 3352 2989 3184 1
471 3488 3421 2993 1
1423 1374 3074 3111 1
3074 2767 2522 3111 1
3106 2776 3213 2624 1
1155 3184 3958 3352 1
3928 2994 3264 3142 1
3419 2894 2924 2042 1
2716 230 235 3571 1
1050 1110 2517 2534 1
2960 3755 174 2716 1
1907 2921 1978 2643 1
2921 1978 2643 4074 1
3348 3299 3136 3309 1
3765 3136 3299 3309 1
949 3398 3103 967 1
967 3103 1046 3398 1
3151 2643 2921 1907 1
1071 3208 948 995 1
3205 2705 2748 2667 1
3205 2748 2903 2667 1
2848 2927 2620 2623 1
2600 2620 2848 2927 1
3205 2705 2667 2734 1
3348 3299 3703 3136 1
3103 3398 3487 1046 1
2529 3045 2534 3039 1
3151 2921 2643 3972 1
3039 2880 2851 2827 1
2715 2624 2679 2776 1
3070 2672 3085 1089 1
1010 3070 3085 1089 1
3589 3070 3085 1010 1
3070 4152 3085 2672 1
4152 3070 3085 3589 1
995 1041 1071 3208 1
2623 2858 2627 2928 1
2928 2627 2628 2858 1
3385 3752 3489 3578 1
4186 3482 3183 3716 1
3482 3354 3183 3716 1
2534 1109 1144 1166 1
3671 1231 3379 1173 1
4051 3354 3183 3971 1
2452 2710 3043 2691 1
3379 1231 3882 3065 1
2691 3043 3058 1495 1
2534 1109 1166 2529 1
2691 3043 1495 2710 1
1144 1167 1110 2534 1
2678 3043 2691 2452 1
2751 2678 3043 2979 1
2534 2539 1167 1110 1
1236 1128 2701 1115 1
1236 1115 2701 3085 1
3073 2283 2287 2263 1
2966 2317 4253 3749 1
1437 3111 2522 1427 1
1437 2805 2522 3074 1
3671 3882 3379 1231 1
2749 2973 2974 2736 1
2511 2973 2736 2974 1
2317 3749 2966 2330 1
27 3847 25 3960 1
3749 3476 2966 2330 1
4207 3038 4165 3434 1
3434 3038 4165 3738 1
900 3115 973 3209 1
3873 3209 2683 2499 1
3209 973 3231 3115 1
25 3847 3091 3960 1
3161 2670 1878 1860 1
4207 3434 4165 4094 1
3161 2670 1914 1878 1
4094 3434 4165 3738 1
3785 2590 3490 1566 1
3785 3521 3490 2590 1
3338 4258 3344 2503 1
3469 3344 2986 2503 1
4258 3703 3344 2503 1
3338 3344 3469 2503 1
3344 2949 2986 2503 1
3344 3703 2949 2503 1
2806 2722 2832 2084 1
2742 2508 2785 2757 1
3120 3197 3972 4272 1
3862 3197 3120 4272 1
2534 3473 1166 1144 1
1041 3170 3270 4000 1
3473 1219 1166 1144 1
2516 2784 2521 2768 1
1144 2534 1220 1167 1
1065 3170 1041 4000 1
870 2501 2500 3270 1
2516 2784 2768 2758 1
1144 1196 1220 2534 1
4000 3170 3270 3294 1
2516 2758 2768 2771 1
2618 2726 4153 2574 1
2618 4153 2663 2574 1
3281 2663 2618 2862 1
3995 3460 4045 4124 1
3995 3714 4045 3460 1
3281 2783 2663 2862 1
521 3781 3081 3214 1
3190 2935 4136 2859 1
2958 3481 3190 4136 1
2706 3427 2324 3095 1
521 3781 3214 4158 1
1797 3190 4171 3451 1
1797 2958 3190 3451 1
2310 2706 3427 2324 1
2970 2486 2458 3217 1
3331 2486 2970 3217 1
3395 2697 2638 3351 1
2755 3054 2832 2705 1
3054 2814 3254 2705 1
2755 2832 3054 3144 1
2755 2814 3054 2705 1
2755 3054 3009 3144 1
3190 2859 4136 3481 1
2941 3395 3351 2697 1
2941 3395 3203 3351 1
3395 3203 3351 2494 1
3175 2316 3922 3673 1
2458 2486 3304 3217 1
4171 2935 4136 3190 1
3217 2486 4244 3331 1
3019 2835 2636 2802 1
3636 4269 3191 639 1
4096 2527 4079 4064 1
2776 1737 2715 3106 1
1441 4096 4079 4064 1
3673 3175 2346 2348 1
4127 4269 3104 3191 1
3084 4213 4052 4246 1
2994 3330 2931 3127 1
3421 470 452 2993 1
3622 3330 2931 2994 1
2042 2984 2894 3014 1
3419 2984 2894 2042 1
3319 2713 2747 3025 1
3319 2713 3025 2590 1
2042 2984 3014 2125 1
3419 2042 2037 2984 1
2042 2125 2037 2984 1
3622 2994 3928 3330 1
3827 4269 3191 3418 1
3104 4269 3418 3191 1
471 2993 3421 452 1
3851 3972 3151 1863 1
1864 1908 1965 2651 1
2673 2575 2484 2981 1
2484 3218 2981 2575 1
1864 3635 2651 1965 1
3451 3190 4171 4136 1
1864 2952 3635 1965 1
2691 2798 3058 2546 1
2979 2678 3043 2691 1
2979 2546 2691 3058 1
2979 3043 2751 3058 1
2691 3058 2798 1495 1
3 15 3847 3059 1
3059 3663 2454 2473 1
3852 1965 2952 1864 1
3059 3091 2473 2808 1
1772 2761 3060 1880 1
1876 3060 2656 2657 1
2761 3060 2831 2635 1
2761 2831 3060 2733 1
2761 2733 3060 2657 1
800 851 3610 785 1
2851 2880 2535 2827 1
1490 2578 1567 3063 1
1490 2578 3063 2609 1
2880 2535 2827 2843 1
2829 2578 3063 274 1
274 2578 3063 1619 1
2609 2578 3063 2829 1
1619 3063 1567 2578 1
785 4086 3610 800 1
1727 3677 1729 3274 1
2754 2156 2162 3019 1
2754 2156 3019 2802 1
3451 2958 3190 4136 1
3677 2625 2551 1729 1
2756 2461 3195 2780 1
537 3733 3212 3215 1
3363 3353 3384 3276 1
3215 4181 3212 3781 1
2528 3452 3509 2871 1
2528 3452 2871 2707 1
3452 2871 2707 2556 1
537 3212 3781 3215 1
308 3784 236 2866 1
2163 3009 2228 2224 1
2319 2316 3175 4046 1
328 3765 236 268 1
2785 2508 2522 3139 1
3575 2970 2470 3229 1
260 3229 4244 3575 1
4151 3384 3353 3276 1
2647 3536 2724 1927 1
2317 2320 2337 4253 1
3353 3384 4235 3363 1
2816 2848 2604 2853 1
2896 4214 2779 3411 1
935 3070 3589 957 1
3451 2958 4136 1801 1
1309 1271 3220 1325 1
936 958 3538 3071 1
960 3538 3086 2447 1
4116 4235 3353 3384 1
3610 851 3565 785 1
3054 3194 3076 3009 1
1402 1324 2561 1395 1
785 3565 841 851 1
1324 3817 1402 2561 1
3326 3792 3056 3072 1
3326 3792 3072 3100 1
1376 3900 1346 1325 1
4151 4116 3353 3384 1
2790 3071 976 936 1
2790 936 3538 3071 1
1376 3579 1394 1346 1
3054 3194 3009 3144 1
3322 1615 2714 2599 1
709 3676 4151 3681 1
3597 2660 3259 3233 1
3233 2660 3259 4231 1
3597 3233 2835 2660 1
3233 4231 3032 2660 1
3019 3233 2636 2835 1
2766 2762 3282 2653 1
3186 3282 2653 2766 1
2984 2125 2037 2133 1
268 3765 3575 3234 1
2757 1308 1216 2767 1
4217 3298 3384 3681 1
3331 3029 3486 3234 1
1168 3013 1142 2533 1
3575 242 268 3234 1
3575 3360 3331 3765 1
2735 847 2789 902 1
2878 2851 2535 2827 1
2878 2739 2530 2937 1
2736 903 2788 848 1
3398 2851 3075 2637 1
242 302 268 3234 1
2642 2645 2732 2618 1
2716 3334 3571 3755 1
3032 2040 2050 3094 1
1978 2921 3032 4074 1
2856 2645 2642 2641 1
2732 2645 2642 2856 1
1614 1612 2614 2594 1
2716 203 3334 3755 1
3755 3334 232 203 1
3856 2353 2998 3216 1
1215 3256 1312 3236 1
3236 1312 1373 2768 1
1303 2775 1355 2799 1
2725 2733 2761 2657 1
1433 1376 2566 1394 1
1286 1304 1356 2718 1
3236 2768 1373 4096 1
1781 1888 2725 1884 1
4105 3256 1215 3236 1
3236 2768 4096 4105 1
3608 3082 2936 2667 1
1821 2953 2996 3287 1
1821 2933 2892 2996 1
1375 2553 1456 1402 1
4124 3414 3201 3453 1
3385 3578 3201 3550 1
1924 3167 1982 3240 1
1402 2561 2553 2914 1
1402 2914 2553 1466 1
3240 1982 2046 3167 1
3240 2046 2048 3252 1
2924 3240 2048 3252 1
1462 2549 1492 3471 1
3004 1924 3240 3167 1
3004 2658 3240 2951 1
1441 3471 1492 1476 1
1519 3113 1565 2896 1
3435 3763 3201 3513 1
2497 3203 2989 2941 1
3201 3763 3435 3550 1
828 3006 3391 867 1
1453 3307 2561 1458 1
3269 3325 3166 2989 1
1402 2561 2914 3307 1
3269 2445 2989 3166 1
3196 3413 3282 3101 1
3196 3982 3282 3413 1
3789 3587 3802 2459 1
3589 2961 3085 4152 1
3587 3789 3605 2459 1
3587 3195 2459 3605 1
1237 2702 2719 2686 1
3149 3519 3348 3309 1
3149 3276 3348 3519 1
2632 2809 2648 2631 1
1666 3339 1662 2819 1
2809 2748 2648 2631 1
1153 3985 2881 3352 1
3985 3184 2881 3352 1
1662 3339 2606 2819 1
2989 3352 4178 3184 1
2174 3172 2251 2917 1
2275 2917 2287 2860 1
1091 1117 1203 2700 1
2977 3204 3642 3210 1
3583 2522 1350 1296 1
3186 2451 3282 2766 1
3186 2733 3282 2451 1
2633 3186 2628 2649 1
1064 3227 3269 3586 1
3586 3227 3269 3706 1
916 1043 974 2908 1
3135 3095 2899 3315 1
3210 3204 3642 3476 1
3427 2706 2899 3095 1
3068 3427 2899 2931 1
3135 2899 2931 3315 1
3939 2567 2452 2619 1
2695 2598 2694 2612 1
2931 3135 3427 2899 1
1891 3540 3851 3972 1
1891 3729 3099 3972 1
3705 3572 3164 3886 1
2695 2591 2598 2612 1
3572 3491 3164 3886 1
2809 3062 2730 3382 1
2865 2706 3548 2258 1
3176 3382 2730 3179 1
2730 3382 3176 2634 1
2730 3382 3062 3179 1
2809 3382 2730 2634 1
2175 2232 3042 2670 1
2232 3187 2288 3042 1
3042 2671 2801 2288 1
2865 2258 2262 2706 1
3127 3432 3596 2523 1
2689 2523 3596 3368 1
4253 3368 2668 3596 1
2689 3596 2668 3368 1
4142 3551 3905 2131 1
2191 3905 3551 2131 1
2792 2075 2079 2148 1
2773 2792 2079 2148 1
2773 2597 2641 2792 1
2010 2806 2076 2793 1
2010 2793 2656 2806 1
411 3465 346 3355 1
872 2518 2944 893 1
312 3355 411 346 1
1058 2321 1106 1146 1
2895 3276 3298 3348 1
3149 3276 2895 3348 1
2706 3095 2324 2315 1
3642 3204 3736 3476 1
2893 2740 2944 2518 1
3262 3276 3348 3298 1
2183 2670 3096 2236 1
1209 3085 1330 1328 1
1210 1329 1331 3086 1
3086 1331 2719 1329 1
1743 3100 3072 1788 1
2123 2127 3198 2660 1
1790 2639 3072 3056 1
2802 2079 2150 2773 1
303 226 4236 3747 1
2123 2660 3198 4173 1
2802 2773 2824 2640 1
303 4236 3303 3747 1
4173 3198 3597 2660 1
2651 2705 2748 3205 1
2887 2748 2651 2730 1
3198 3259 3597 2660 1
2127 2660 3259 3198 1
4181 3345 874 3238 1
2651 2730 2748 2705 1
3178 3914 3238 3722 1
411 3465 3223 346 1
2784 2804 1320 1310 1
1571 1498 1502 2578 1
2785 1311 1321 2805 1
1571 2578 1567 1498 1
3092 60 2720 2526 1
746 4217 795 831 1
1572 2595 1503 1499 1
1572 1499 1568 2595 1
3982 3386 2689 3413 1
1506 1508 1535 2558 1
1507 1536 1509 2569 1
3681 3298 3384 3276 1
2689 2523 3368 3386 1
1508 2558 1539 1535 1
2689 3386 3368 4229 1
1509 1540 2569 1536 1
3413 3386 2689 4229 1
2884 3412 3131 2447 1
2689 3982 2523 3386 1
2884 3131 2781 2447 1
3748 3262 3703 3298 1
338 3992 409 3668 1
3720 3902 3378 3330 1
3939 3948 2452 2566 1
2619 2452 2571 2572 1
3720 3330 3378 3127 1
1116 2447 2719 2702 1
2327 3427 3420 2339 1
2327 2309 2325 3633 1
2033 3192 2111 3497 1
3171 3192 2033 3497 1
3171 2968 3192 2658 1
166 3109 247 3745 1
3109 3745 2459 3802 1
1518 3876 3365 2569 1
2046 3436 2109 3252 1
2951 2658 3240 2924 1
1558 1520 1524 2589 1
3252 2109 3088 3436 1
2924 3252 3088 2658 1
3240 2046 3252 3546 1
1564 2589 1558 1524 1
2924 3240 3252 2658 1
855 2493 2918 947 1
2562 2942 2912 3623 1
3630 3850 3702 3907 1
2561 2562 3623 2942 1
2784 2672 2807 2527 1
2562 2912 2942 2567 1
2969 2572 2815 2619 1
2619 2969 2572 2571 1
338 4223 3992 3668 1
792 3129 3318 946 1
1480 1496 1533 3260 1
1902 1973 3161 3148 1
3148 1973 3161 3157 1
1536 3876 2569 1534 1
894 979 2735 2506 1
1535 3879 2558 1539 1
1536 1540 2569 3876 1
947 2918 4201 2493 1
979 3819 2735 2506 1
3494 3327 2665 2506 1
3005 2507 1207 1157 1
1105 3250 3005 1157 1
3819 2735 2506 3614 1
3614 2735 2506 3327 1
1548 1614 1483 2594 1
2191 3551 3712 2192 1
3551 3548 3905 3712 1
3551 3548 3712 2192 1
1550 1583 1585 3876 1
2191 3905 3712 3551 1
1550 1559 1521 3365 1
1551 1592 1557 2585 1
1484 2577 1560 1554 1
1485 4256 1555 1561 1
1041 3208 3457 1071 1
1065 3442 1041 3170 1
4145 3332 3404 820 1
1205 1303 1312 3256 1
3256 2768 2775 1303 1
1483 1616 1555 4256 1
2758 2768 2771 3256 1
3256 2768 1312 3236 1
1557 1594 2585 1592 1
4105 2768 3256 3236 1
3876 1559 3365 3134 1
2758 2768 3256 4105 1
3760 3273 4215 3501 1
274 3063 1560 1619 1
802 3075 879 2851 1
762 783 3075 2505 1
2851 3075 879 3398 1
3558 3404 4145 3332 1
1041 3208 3270 3170 1
562 3513 4156 3414 1
3628 1851 3524 1850 1
3513 3201 4156 3414 1
3435 3201 4156 3513 1
3952 2483 3776 3426 1
3558 3332 4145 3994 1
3510 2959 2377 3824 1
3695 2959 3824 3361 1
1558 2589 1590 1586 1
1571 2578 1621 1567 1
3282 3196 2782 3982 1
1568 2595 1622 1572 1
1571 1573 1621 2578 1
1572 2595 1622 1574 1
2518 2893 3474 2847 1
944 952 2944 2702 1
3876 1581 1583 3522 1
3876 1580 1581 3522 1
2702 2740 952 2944 1
3119 2476 2820 3984 1
3119 2674 2476 3984 1
1666 1590 2819 1586 1
2740 3474 2518 2893 1
3578 3489 3211 3752 1
1820 1824 3120 3617 1
1820 3617 3120 1832 1
1542 3324 4193 2590 1
3120 2504 3972 3197 1
1538 4164 4193 3324 1
1824 3617 4272 3120 1
3617 3061 3120 1832 1
1560 1615 2577 4144 1
1617 3998 4256 1616 1
2590 2710 3324 4193 1
4193 4164 2710 3324 1
3591 3210 3432 2867 1
2518 2788 3474 2740 1
2975 3822 2882 3987 1
2825 3292 2992 2994 1
2494 1053 1075 2507 1
2494 2507 3250 1053 1
2331 3264 3445 2333 1
2703 3210 3432 3591 1
1892 3852 2952 1864 1
2333 2340 2331 3264 1
274 3063 2577 1560 1
1062 2975 3208 3067 1
1892 3148 2952 3852 1
3885 3480 2123 3731 1
1062 3963 3067 1071 1
1965 2952 2734 3263 1
1477 4193 3948 3521 1
3578 682 3211 3615 1
2840 1168 1244 2533 1
4193 2452 3948 3521 1
1704 3527 1702 2714 1
3051 3342 2574 3267 1
3051 2726 3267 2574 1
3013 2533 1168 2840 1
2703 3642 2946 3432 1
2946 3642 3454 2778 1
3317 524 605 4233 1
3780 702 4030 605 1
3317 3780 4233 605 1
2946 3378 2778 4267 1
4267 2778 3921 3378 1
3454 2778 3921 4267 1
2575 3271 3674 3024 1
2517 2539 2781 3661 1
2517 3412 2880 3131 1
2517 2880 2539 3661 1
3268 3312 529 622 1
3268 3024 622 3674 1
3209 3645 4135 843 1
131 2470 3126 142 1
2346 3673 2348 3010 1
3126 2470 2469 142 1
2346 3647 3673 3010 1
3464 3319 2910 3025 1
3464 3025 2910 4227 1
2910 3530 4227 3025 1
3216 3611 3394 3563 1
348 270 298 4053 1
2606 1693 1652 1689 1
2584 1652 1642 2606 1
1577 1642 2584 1652 1
4207 4102 4264 4165 1
4165 3786 4102 4264 1
3132 4084 4183 2483 1
3277 3325 2991 2989 1
3277 4178 3325 2989 1
3556 3962 2178 2792 1
2809 2748 2744 2652 1
1070 3901 3706 3277 1
3556 3962 2792 2618 1
2631 2748 2887 2730 1
2631 2648 2887 2748 1
2631 2748 2730 2809 1
1654 1697 1652 2606 1
3317 595 488 482 1
482 3317 595 603 1
4181 3178 3722 3215 1
1693 2606 1652 1697 1
715 3722 3215 4181 1
1988 2050 3735 4074 1
3735 1988 4074 3246 1
2624 2628 2679 2450 1
1748 2874 3679 1789 1
2628 2930 2679 2889 1
2628 2679 2450 2889 1
3672 4145 3404 820 1
2930 2624 2628 2679 1
739 3672 820 4145 1
739 720 4177 4145 1
3006 3964 3423 789 1
832 3418 2972 3705 1
3705 3418 3827 3089 1
2611 2691 1495 2710 1
4074 2050 3125 3480 1
1748 2874 2947 3679 1
1748 2855 2947 2874 1
1748 2855 2850 1744 1
2109 2117 3181 3436 1
3968 776 829 3323 1
2109 3436 3181 3088 1
4181 874 3722 3238 1
3722 3914 3238 874 1
4181 874 899 3722 1
3722 899 3914 874 1
3088 3181 2860 2658 1
2761 2885 2635 2831 1
2338 3420 3694 2339 1
3287 2953 2996 1825 1
3679 2874 3302 1789 1
3679 2874 2947 3302 1
1752 2947 2935 3679 1
3411 2854 2585 2914 1
3411 2854 2914 2581 1
3411 2581 3662 2854 1
1680 2551 1728 1684 1
3411 3945 2779 2854 1
3411 2854 3662 3945 1
3411 2779 2585 2854 1
3218 2811 2981 2575 1
1684 1728 1730 2551 1
3228 2996 1825 3287 1
3287 1825 1829 2953 1
304 3217 3773 344 1
304 3304 3773 3217 1
2756 2780 2460 3219 1
344 3733 3217 3773 1
3781 3773 2486 3212 1
4155 3288 3713 3401 1
2948 3204 3015 3642 1
4210 3288 3345 3401 1
3026 1913 1972 2951 1
1972 3097 2924 3419 1
2977 2948 3642 3204 1
3127 2931 2664 3315 1
1249 1232 1197 3138 1
3045 2562 3220 3247 1
3045 2562 3247 3003 1
740 3676 3681 844 1
3414 4107 3506 4156 1
3184 3138 1197 1232 1
3736 3642 3015 3204 1
3228 2892 3481 3585 1
3848 3638 4015 3883 1
3284 3904 1030 975 1
3284 3904 3701 1030 1
4141 3288 3828 3713 1
3828 3288 3345 4210 1
543 4015 3883 3848 1
3233 2660 3032 4074 1
3695 4043 2959 3902 1
4043 3510 2959 2377 1
2818 2607 2849 2603 1
2818 2849 2607 2875 1
3133 680 3801 3788 1
3133 3801 3550 3788 1
3149 4004 3136 2895 1
3149 3348 2895 3136 1
3244 4240 3986 2380 1
3108 3212 3291 4258 1
3528 4148 3873 3230 1
4148 3225 3873 3230 1
3403 3275 3342 3142 1
2485 3469 2838 2813 1
1120 4163 3890 3531 1
1730 2625 2551 1728 1
1775 2625 1729 1730 1
2171 3009 2228 2163 1
1730 1729 2551 2625 1
1416 2549 2576 2550 1
2711 3751 2550 2549 1
3516 3751 2549 2550 1
1416 3516 2549 2550 1
3528 690 3897 3230 1
3066 2634 2731 4270 1
2560 2815 2678 2568 1
2815 2678 2568 2567 1
3232 3930 3881 3002 1
2686 2815 2719 2560 1
3161 1981 1973 1914 1
324 296 3836 3547 1
296 3992 3836 3547 1
1070 3706 3901 1119 1
2812 3365 2589 3134 1
330 3836 296 4223 1
3876 3365 2812 3134 1
296 324 3836 330 1
296 3836 3992 4223 1
2575 39 2497 3143 1
2575 4119 39 3143 1
2575 2877 3143 2497 1
2493 3143 3203 2989 1
3802 3587 2461 3745 1
3143 2989 39 2497 1
2966 3432 3450 3476 1
2680 2765 2676 2573 1
3249 3808 3667 708 1
1620 2687 1617 2712 1
2750 1763 3425 3648 1
1617 2687 4256 3998 1
3572 3675 3697 873 1
2816 3350 2491 2599 1
3164 865 3491 873 1
2818 2849 2604 2603 1
3249 749 3672 3667 1
2554 2914 2561 3623 1
3249 3667 3672 4177 1
3249 708 3667 4177 1
3249 749 3667 3808 1
3582 3881 3433 3952 1
2554 2561 2914 2553 1
2562 2561 3623 2554 1
676 3241 750 3827 1
3433 3658 3044 3426 1
1819 1772 3060 1880 1
750 3827 3241 3422 1
3960 3789 109 78 1
3109 109 3802 2459 1
3433 3582 3426 3044 1
1881 2642 1879 1776 1
1820 3120 3397 2902 1
2902 3397 1820 1796 1
3934 1820 3397 1796 1
1824 3120 3397 1820 1
2820 3080 2494 2477 1
1824 1820 3397 3934 1
374 3993 3764 4069 1
676 3241 3827 3191 1
3827 3191 3241 3418 1
2626 2822 2644 2648 1
2822 2648 2752 2644 1
2318 4267 3235 3173 1
3070 3431 2672 2784 1
2784 3431 2758 3070 1
3454 3921 3235 4267 1
3306 2904 2519 4000 1
1800 3397 1796 3934 1
255 261 2780 2475 1
4267 3235 3695 3921 1
3217 3304 3773 2486 1
1825 1801 4219 3228 1
220 261 3168 2780 1
231 236 308 3809 1
308 3809 236 3784 1
3027 2477 2863 2864 1
3396 3753 2051 2041 1
3809 3912 308 252 1
3809 3912 3784 308 1
2318 3454 3235 4267 1
2339 3420 3694 3622 1
2754 2802 2636 2640 1
3809 252 308 231 1
2824 2794 2825 2752 1
2802 2636 2824 2835 1
4154 727 3332 3994 1
3020 3706 1070 3586 1
4154 775 3332 727 1
3351 3237 2638 3138 1
2941 3351 3138 3237 1
3102 2542 1245 1169 1
2009 2806 2655 2832 1
3138 3237 2638 3152 1
3102 2542 3294 2926 1
2009 2014 2832 2655 1
3308 3228 1825 3287 1
2857 2887 2956 2626 1
3210 2867 4122 3432 1
2956 2929 2857 2626 1
1801 1825 3308 3228 1
3210 2292 3749 4122 1
1062 2501 3208 2975 1
1876 1819 2656 3060 1
1880 2761 3060 2657 1
2446 2465 2863 2461 1
3270 2975 2501 2837 1
3468 3729 4272 1824 1
1864 3346 4246 3635 1
1825 3346 3585 3485 1
260 3486 3234 3575 1
2965 3245 3055 3174 1
3987 2155 3152 2520 1
260 242 3234 302 1
1198 1224 3152 1250 1
3174 3245 3865 2965 1
2155 2697 3152 2520 1
2697 2520 2638 3152 1
3174 3245 3055 3049 1
260 3486 302 3234 1
260 242 3575 3234 1
1891 3972 3851 1863 1
3659 3245 3174 3049 1
3865 3245 3174 3659 1
4155 3713 790 3401 1
3713 3401 4210 790 1
1879 2642 1945 1875 1
1879 1881 1947 2642 1
1879 2642 1947 1945 1
1951 2642 1887 1955 1
1955 3438 2642 1887 1
2999 2647 1926 1889 1
3267 2946 3127 2523 1
2753 1890 2647 1927 1
1890 2651 1927 1908 1
739 4145 820 3372 1
739 720 4145 3372 1
4155 3291 3288 3401 1
3225 3044 3573 4135 1
3682 4177 3456 4145 1
3288 3291 3345 3401 1
2778 3720 3378 3127 1
1907 1978 1926 2643 1
3094 3480 2127 3885 1
3404 2932 2922 4135 1
3225 4135 3573 3873 1
3011 3340 2945 2934 1
2363 3979 4043 2389 1
3873 3225 4135 3645 1
3011 3340 2934 3061 1
4135 3225 3672 3645 1
3225 3672 3044 4135 1
3853 3406 3898 2906 1
2389 3979 4043 3569 1
2941 3203 3985 3351 1
1927 1979 3536 1989 1
2941 3138 3985 3184 1
3757 3138 2941 3184 1
226 4236 343 303 1
3853 3406 3696 4259 1
3246 4074 2692 3156 1
2062 3462 1995 3140 1
142 2470 197 173 1
3853 3406 2906 3696 1
1949 1951 2000 2642 1
2000 2642 2002 1949 1
2469 142 2470 197 1
873 898 881 4022 1
1950 2001 1952 2657 1
2363 2394 2389 4043 1
197 2470 2458 227 1
881 877 873 4022 1
1950 2657 2003 2001 1
197 2458 2470 2469 1
2923 1748 2947 1752 1
2000 1951 1996 2642 1
2054 3246 3125 2692 1
4043 2394 2389 3569 1
2001 2657 1997 1952 1
2062 3140 1995 3246 1
3151 3851 2921 3972 1
1752 2947 3679 1748 1
2475 3444 2877 2674 1
2545 3444 2877 2475 1
2545 2877 3444 2575 1
2873 2828 2557 2453 1
2816 2603 2848 3350 1
2816 2848 2491 3350 1
3444 2877 3143 2575 1
3350 2617 2848 2491 1
3125 3246 4074 2692 1
1955 1998 2642 3438 1
3230 3225 3645 3667 1
3033 2684 3243 765 1
633 3255 3897 3615 1
740 3681 709 3791 1
695 3791 4035 3502 1
695 721 3791 3502 1
2577 2964 3691 274 1
3208 2975 3270 3721 1
3168 2545 2475 3110 1
2545 3168 2475 2780 1
3208 2501 3270 2975 1
410 3168 446 3110 1
870 2501 3270 948 1
3258 3046 4165 4051 1
4051 3971 3183 3385 1
4186 4051 3183 3385 1
3558 2922 3404 3332 1
3558 3044 2922 3055 1
3558 3044 3404 2922 1
3444 4119 2575 3143 1
528 621 3114 509 1
2611 2747 2830 2875 1
2611 2632 2875 2830 1
2763 2809 2631 2634 1
4058 1422 1441 4096 1
4058 1373 1422 4096 1
3570 3444 2492 4119 1
2069 2642 2071 2002 1
3558 3055 2922 3332 1
2999 1889 1865 1850 1
4051 4186 4124 3385 1
2000 2069 2002 2642 1
2360 2365 3330 2354 1
2001 2003 2072 2657 1
3258 3046 4051 4045 1
3734 3258 4165 4051 1
2801 2288 3187 3042 1
3258 4045 4051 3601 1
3981 3258 4051 3601 1
2001 2657 2072 2070 1
3575 2970 3331 3360 1
3765 3360 3331 3136 1
2708 2981 2471 2682 1
2708 2981 2682 2386 1
3575 3331 2970 3229 1
3229 3331 4244 3575 1
2595 2798 1495 2615 1
1885 1953 2934 3061 1
2587 1806 2695 2611 1
3575 3765 3331 3234 1
2025 2105 3172 2659 1
1643 1526 3253 1578 1
3575 3331 4244 3486 1
4181 909 874 3345 1
3326 2978 1743 3056 1
3225 3255 3667 3230 1
3255 3225 4148 3230 1
3428 3255 3489 3225 1
2724 3536 1942 1927 1
3428 4148 3255 3225 1
2087 2056 2067 2663 1
3340 1885 2934 3061 1
1172 3534 1240 2533 1
3534 2533 1261 1240 1
3534 1261 2533 2513 1
3981 3258 3734 4051 1
3528 3230 3873 3645 1
3444 4119 3143 2492 1
4119 2445 3143 2492 1
148 2470 156 3007 1
3928 2994 3142 3330 1
3354 3044 3424 3049 1
3416 3268 529 622 1
3658 3354 3044 3682 1
4016 714 3316 3779 1
447 3268 529 3416 1
3971 3354 3456 3933 1
3354 3049 3424 4149 1
3570 4119 3375 4012 1
3602 3375 4012 3570 1
2492 4119 3375 3570 1
2895 3136 3298 2949 1
2191 2132 3551 2192 1
2147 2088 2098 2669 1
2098 2116 2167 2669 1
4004 2949 3136 2895 1
2147 2098 2167 2669 1
4052 3084 4273 4213 1
159 3795 180 2463 1
159 155 3795 2463 1
3374 1604 1598 2590 1
2651 4246 2705 3635 1
3004 3167 3240 2658 1
1553 2590 1604 3374 1
2984 2205 2133 3073 1
3381 4024 4233 459 1
3334 253 3439 3978 1
3334 253 251 3439 1
2321 2498 2769 2515 1
3183 3752 3489 3385 1
2225 2166 2172 2663 1
3928 3142 3358 3330 1
2225 2663 2233 2166 1
2226 2669 2173 2167 1
3971 3354 3183 3752 1
2676 2680 2544 2540 1
2226 2167 2234 2669 1
2784 2527 2807 2804 1
1871 1936 1953 3061 1
2243 2663 2225 2172 1
2635 2831 2809 2656 1
3060 2656 2831 2635 1
3060 2831 2656 3508 1
3061 1953 2934 2025 1
2202 2173 2867 2669 1
2935 3302 4171 3679 1
3084 3481 2731 2730 1
3084 4213 2730 2887 1
2935 4121 2859 2947 1
1767 3274 3760 1723 1
3084 4052 3481 4246 1
2935 2947 3302 3679 1
3695 3361 3824 3142 1
3358 3361 3330 3142 1
3267 2994 3342 2664 1
2766 2666 2451 2762 1
2762 2782 2666 2451 1
2994 3163 3342 2664 1
4265 2451 2666 2782 1
3403 3142 3342 3146 1
2552 2913 3040 2579 1
2225 2243 2291 4266 1
2913 3040 2579 2583 1
2226 4122 2292 2244 1
2094 2671 2181 2171 1
2094 2755 2671 2171 1
2171 2755 2671 3429 1
4215 3274 3677 1723 1
287 4167 3952 3232 1
2270 2278 3185 2298 1
2706 2270 3185 2298 1
2832 3392 3185 2722 1
3144 2832 3185 2722 1
1850 3141 1865 2999 1
263 3232 3920 287 1
2773 3440 2824 2597 1
2597 3440 2824 2794 1
2824 3440 2825 2794 1
2654 3179 2730 2705 1
3346 3098 2734 2952 1
3346 3098 2933 2734 1
2933 3346 3585 2953 1
4125 3720 3127 3330 1
2953 1825 1829 1841 1
3277 2991 4201 2989 1
287 4167 3232 3920 1
2999 3141 3169 2857 1
2351 2360 3048 3330 1
3325 3269 2991 2989 1
3158 3155 304 227 1
227 304 344 3217 1
2276 3096 2288 3187 1
2236 2670 3096 2276 1
3096 2288 3187 2801 1
2833 2682 2891 2465 1
227 3217 3155 304 1
911 3911 954 2447 1
502 403 2811 652 1
1820 3120 2902 1822 1
911 3664 2447 954 1
4055 3664 911 954 1
2232 2276 3187 2670 1
2232 2670 3187 3042 1
3042 3157 2670 3187 1
2276 3096 3187 2670 1
2981 2488 2682 2811 1
502 2981 2811 403 1
3428 3225 3658 3426 1
3426 3776 3428 3637 1
3477 697 695 679 1
1606 1610 2590 3464 1
4227 3464 2590 1610 1
2389 2379 2355 3979 1
3464 2590 3319 3025 1
3464 3025 4227 2590 1
1606 3464 2590 3319 1
3772 3428 3658 3426 1
3235 4043 3695 3921 1
4040 3262 3276 4114 1
3748 3502 3703 3262 1
3262 821 3748 3690 1
821 3681 3690 3262 1
4146 3777 3057 3280 1
2334 3037 3123 2326 1
3001 431 3756 3272 1
2326 3123 4253 2668 1
3777 3057 3285 553 1
431 388 3732 3272 1
3611 2998 3022 3216 1
1999 3196 3101 3413 1
3792 3266 3835 3072 1
3100 3072 3266 3792 1
4248 3777 3280 3285 1
3057 3777 3285 3280 1
3279 3549 4063 596 1
2960 3892 174 3755 1
3892 3755 205 174 1
1797 3228 3308 3206 1
1797 2892 3228 3206 1
3409 3930 2479 3433 1
3715 3488 529 3268 1
3271 3024 3268 3674 1
3611 3022 2998 3720 1
3013 2840 1168 1147 1
3395 3193 2690 3250 1
2469 2485 2682 3028 1
3028 3359 2485 2682 1
4030 3927 3087 3657 1
2940 1724 1766 3660 1
4030 3871 3886 3087 1
1119 3013 1168 1147 1
3395 3193 3250 3005 1
2940 2621 3665 4228 1
2940 3660 4228 1724 1
2456 2446 2826 2772 1
2826 2446 2863 2461 1
3038 3460 3961 4230 1
3909 2401 4252 3740 1
3356 757 3937 3977 1
4261 3356 757 3937 1
3238 852 878 3356 1
3276 4114 4044 3791 1
4134 4077 685 671 1
3995 3448 444 381 1
3995 3448 381 3714 1
875 885 3075 816 1
839 910 3544 888 1
2401 3740 2417 2412 1
190 2460 3195 228 1
1926 3156 2999 2643 1
2428 2410 3909 2417 1
2257 3633 3472 2309 1
2434 2432 2430 4252 1
3633 3472 4023 2257 1
3146 3142 3342 2994 1
4077 671 4134 4195 1
2870 2711 3189 2554 1
2724 2647 1926 3156 1
2418 2402 2413 3746 1
2711 3189 2472 4064 1
2870 3189 2711 4064 1
3344 3029 3136 3703 1
3029 3299 3136 3703 1
994 3020 1070 3586 1
3765 3136 3029 3299 1
1863 3729 4272 3468 1
2485 2839 2838 3469 1
2402 2413 3746 3493 1
2418 2429 3746 2413 1
3786 4051 3385 3971 1
2443 2441 2439 3740 1
3786 4051 4124 3385 1
1345 2553 1393 1375 1
2444 3493 2442 2416 1
1375 1393 1432 2553 1
4051 4124 3460 3786 1
3362 3629 3976 2685 1
4165 4051 3786 3971 1
1432 2553 1393 3525 1
1393 4064 3525 2553 1
1393 1345 2870 2553 1
3362 3515 2685 3945 1
3362 2685 3128 3665 1
502 2811 3218 744 1
3373 3339 1708 1662 1
3362 3945 2685 3665 1
3362 3515 3629 2685 1
4051 3786 3460 4165 1
801 852 3279 4261 1
3390 3964 3767 3423 1
3390 3767 4127 3423 1
3374 1598 3324 2590 1
3374 3324 1598 1538 1
3364 955 945 3935 1
261 2475 375 3168 1
3364 945 3052 3935 1
261 2475 3168 2780 1
3047 3364 3052 3935 1
3923 3935 955 3364 1
3923 3364 3849 3047 1
592 659 765 3033 1
592 3033 765 719 1
3767 3423 3964 4202 1
1453 1459 3307 2585 1
2417 2428 2425 2412 1
4127 3423 3767 3517 1
2418 2413 2426 2429 1
1459 1467 3307 2585 1
1466 3307 2914 2585 1
3382 2655 3062 3179 1
3057 475 3285 553 1
1453 2585 3307 1458 1
1458 2585 3307 1466 1
1467 2585 2942 3307 1
2730 3179 2748 2705 1
3777 553 3285 3226 1
3226 3668 3285 3777 1
3275 4271 3342 3142 1
1801 3308 1797 3228 1
3137 3142 4271 3275 1
4248 3280 475 3285 1
3668 4248 3285 3777 1
2575 3674 2484 3218 1
2843 2567 2563 2562 1
2575 2484 3674 3271 1
2838 2839 2759 2697 1
2909 2844 2943 2817 1
2481 2759 2838 2839 1
1797 3228 2958 1801 1
1797 2958 3451 1801 1
890 912 3697 898 1
2875 2694 2627 2632 1
3070 3431 4152 2672 1
2539 3008 2845 3661 1
2619 2815 2567 2678 1
2619 2567 2452 2678 1
1330 2550 3085 1332 1
1330 2550 1328 3085 1
3311 2844 2909 2817 1
2676 2568 2680 2540 1
3293 3305 3848 3130 1
1328 2550 2576 3085 1
2810 2540 2680 2568 1
4004 3693 4084 4257 1
178 2460 182 222 1
179 183 2468 223 1
3293 3305 3130 398 1
1576 1624 2596 2615 1
2615 2596 2693 2616 1
212 222 182 2460 1
2798 2596 2693 2615 1
3293 499 491 3848 1
213 223 2468 183 1
1576 2615 2798 2595 1
3220 3473 1309 2561 1
2729 2661 4023 3030 1
2661 3472 4023 3030 1
4120 3571 3659 235 1
3472 3633 4023 3030 1
3293 499 3848 3305 1
3305 3130 4015 3848 1
471 2993 452 533 1
2766 2451 3282 2762 1
2762 2782 2451 3282 1
303 257 3303 520 1
2508 2770 3139 2757 1
1203 3297 1190 2700 1
3301 4148 647 3528 1
3306 3065 2904 3294 1
528 3570 3110 3114 1
3270 2837 3306 3294 1
3976 3600 1751 1747 1
3114 3110 3444 3570 1
528 621 3570 3114 1
2957 2889 2930 2628 1
564 4148 647 3301 1
3326 3600 3976 1747 1
935 3034 975 929 1
3300 59 3091 3389 1
2808 59 3091 3300 1
278 382 273 2483 1
2603 2622 2929 2849 1
2849 2626 2622 2929 1
2754 3019 2659 2504 1
2754 2504 2636 3019 1
430 3970 3555 3764 1
430 3555 3850 3764 1
2872 2873 2556 2564 1
2531 2556 2872 2873 1
746 3384 795 4217 1
2603 2848 3350 2622 1
2849 2607 2875 2626 1
382 473 2483 384 1
2849 2627 2626 2875 1
2849 2822 2623 2622 1
2849 2623 2822 2627 1
3018 3642 3649 3736 1
3018 3649 3938 3736 1
3036 2608 1494 2971 1
2461 3195 2780 2476 1
2758 4105 1215 1213 1
2758 3256 1215 4105 1
2577 3646 3691 2964 1
3646 2581 2603 3662 1
3507 2890 2683 4084 1
2583 2584 3239 1494 1
2584 3239 1494 2606 1
1821 1833 1823 2933 1
2587 2605 2604 2694 1
2933 1872 2654 2814 1
1833 1872 1823 2933 1
380 510 594 3674 1
779 894 834 3494 1
2340 3553 2352 4166 1
2735 3327 3494 2506 1
3494 894 2735 2506 1
3714 390 381 329 1
766 3494 834 2735 1
2735 3327 3242 3494 1
295 4189 329 3790 1
3216 2916 3022 3563 1
3484 3750 1457 1489 1
3620 3828 3345 3283 1
2350 3553 3358 3928 1
3484 3872 3750 1477 1
3345 3828 4063 3283 1
1788 2639 1822 2902 1
3283 3549 4063 3279 1
277 2483 382 383 1
278 2483 384 382 1
2902 3120 2639 1822 1
2352 3275 3824 3142 1
3730 3485 1864 3346 1
3375 2445 4070 2665 1
2620 2821 2623 2856 1
2623 2856 2821 2645 1
814 4070 857 3375 1
3809 254 233 3202 1
3202 233 264 254 1
126 2464 3219 162 1
162 2464 3219 216 1
3202 254 264 3559 1
2857 3511 2636 2643 1
2645 2861 2752 2858 1
216 311 2464 3219 1
2756 2688 3219 2464 1
2858 2649 2861 2752 1
2623 2858 2822 2627 1
2688 2464 3168 3219 1
2756 2464 3219 126 1
311 3168 2464 3219 1
2869 2820 2476 2477 1
3809 3559 254 3202 1
3459 4149 3347 3245 1
802 816 3075 762 1
4119 3375 4012 2445 1
3659 3245 4149 3001 1
4125 2351 3048 3330 1
2636 2729 3511 2644 1
3390 3899 3031 3461 1
783 839 3075 2505 1
2597 2645 2618 2794 1
1297 1318 3289 2538 1
2538 2565 1318 3289 1
3634 3031 3899 4160 1
490 3159 3776 3520 1
3377 2194 2200 2865 1
3377 2865 3548 2194 1
3377 2200 2936 2865 1
2706 3082 2865 3548 1
3958 3013 2533 1142 1
2649 2862 2861 2451 1
2861 2862 2618 2726 1
1692 1688 3743 3793 1
3330 2360 3902 2365 1
2647 3536 2887 3511 1
1692 3793 3743 4216 1
4045 3460 4051 4124 1
3611 3018 3314 3450 1
2482 3313 2690 3221 1
3314 3450 3641 3683 1
493 541 589 558 1
1553 2590 3374 1542 1
4111 3921 4043 2400 1
2482 2683 2883 3221 1
3611 3314 3683 3450 1
494 559 590 542 1
391 3388 330 342 1
562 4156 566 503 1
3865 327 385 3130 1
3388 4223 3836 330 1
3223 471 4247 3715 1
3465 3715 471 3223 1
4132 383 3952 287 1
2465 2698 2545 2480 1
3713 3288 4210 3401 1
621 3114 509 3224 1
383 4167 3952 287 1
3135 2931 4125 3222 1
2863 2864 2477 2481 1
2864 2481 2690 2477 1
3135 3123 3222 4125 1
3886 841 3491 3685 1
732 636 725 801 1
3224 2674 2475 2988 1
3572 841 3491 3886 1
1639 1692 3804 1688 1
593 2492 621 3224 1
1692 1688 3793 3804 1
3828 3288 4210 3713 1
3622 4125 2341 3135 1
3489 3682 3667 4177 1
4210 3828 3713 4063 1
3224 2475 2674 3114 1
2506 2537 3405 2938 1
2938 2873 3405 2531 1
3632 3405 2938 2506 1
1892 3148 3852 1963 1
2537 2873 3405 2938 1
3622 3135 2931 4125 1
4112 3257 3299 4205 1
3232 3920 3881 3930 1
3639 3299 3257 4205 1
4153 2783 2726 2862 1
3211 3489 4177 3752 1
4153 2783 2862 2663 1
2618 2862 4153 2726 1
4112 3257 3703 3299 1
3029 3257 3299 3703 1
3489 3682 4177 3752 1
3639 3299 3029 3257 1
3211 3489 3667 4177 1
3847 4242 3789 3383 1
3349 3841 3777 4059 1
504 3552 567 4076 1
3049 3376 3044 3313 1
3087 3827 3422 3089 1
3332 2932 3461 2922 1
1641 2995 3530 3804 1
3332 3055 2922 3461 1
3404 2932 3332 2922 1
691 4116 4151 3384 1
760 593 2492 621 1
1797 3302 4171 3190 1
512 530 615 4260 1
482 603 530 4260 1
1797 2958 3302 3190 1
483 3279 4261 604 1
2592 2530 2707 2555 1
2675 2547 2555 2707 1
2707 2530 2531 2872 1
2707 2556 2872 2531 1
483 604 4261 513 1
3306 2837 39 2721 1
1473 1511 3521 3490 1
1322 2528 2871 1339 1
3521 1489 1542 3785 1
2528 2531 3452 2707 1
2531 3452 2707 2556 1
2871 3040 2556 2557 1
1489 3785 3521 1511 1
1477 1489 1542 3521 1
2535 2872 2827 2563 1
2872 2915 2556 2555 1
2777 3010 2911 3403 1
4135 915 3231 3209 1
2536 2873 2872 2564 1
2873 2453 2557 2556 1
2683 3231 2498 2908 1
3173 3965 2911 2777 1
3330 3361 3378 3146 1
2817 2569 3365 3876 1
3695 3378 3361 3146 1
3965 3010 2911 2777 1
2777 3403 2911 3173 1
1537 1476 2472 3787 1
861 915 2932 4135 1
3098 2671 3441 2814 1
861 919 2932 915 1
3442 1100 1148 3170 1
3442 3170 1148 1120 1
3161 3157 2670 3042 1
1578 1526 3253 2591 1
1578 2591 3253 1653 1
618 4195 671 4077 1
2866 3765 236 328 1
3124 3136 3765 3309 1
3149 3124 3309 3136 1
3149 3348 3136 3309 1
3291 3345 833 866 1
3345 3401 833 4210 1
1032 1022 2449 1115 1
2875 2632 2627 2626 1
1033 1023 1116 2702 1
1128 1115 1032 2701 1
3980 866 833 3345 1
1129 1033 1116 2702 1
3345 4210 833 3980 1
2774 2463 120 101 1
2774 101 2462 2463 1
2774 2864 2463 2462 1
3401 3291 3345 833 1
529 592 3312 3488 1
1467 3307 2942 2561 1
1467 2942 2585 3490 1
3024 4090 3312 2500 1
1231 3065 1248 3882 1
3268 3488 529 3312 1
61 78 3960 90 1
291 3335 3961 3738 1
3294 3065 2904 2542 1
3335 3961 3738 3370 1
3335 3738 3601 3370 1
2784 2527 2804 2768 1
3165 383 3520 4132 1
3159 383 3520 3165 1
727 775 3332 3437 1
1395 1309 1324 2561 1
1395 1325 1309 2561 1
1625 3831 3239 3818 1
1375 3817 1402 1324 1
2517 3039 2534 2539 1
1376 1325 1403 3900 1
3858 2376 3333 4002 1
3886 3491 3526 3685 1
1458 1395 1402 2561 1
1459 1403 1395 2561 1
3377 3082 2936 3608 1
1458 1395 2561 1453 1
1459 1453 2561 1395 1
1393 1441 3830 4064 1
3377 3082 3608 4142 1
1394 3750 3872 3969 1
3084 2887 4273 4213 1
3611 3720 3160 2778 1
1506 1496 2558 1535 1
1496 3260 2558 3879 1
1507 2569 1497 1536 1
2956 3084 2887 4273 1
1497 1536 2569 1534 1
1571 1502 1513 2578 1
3308 3228 3287 3206 1
1572 2595 1514 1503 1
2605 2930 2598 1494 1
1571 1513 1573 2578 1
3879 3036 2584 2453 1
2585 3107 2854 2713 1
1572 2595 1574 1514 1
2784 2804 2521 2768 1
1551 2585 1556 1592 1
1482 2577 1484 1554 1
4256 2594 2751 2572 1
4023 2269 2261 3472 1
1556 1592 2585 1593 1
3336 3002 3433 3930 1
2758 4105 2784 2768 1
2784 4105 2758 3431 1
4156 3201 3506 3414 1
3995 3414 4107 3506 1
4124 3414 3506 3201 1
3336 3930 3433 3981 1
3414 3506 3995 4124 1
3083 920 2908 2503 1
3586 3227 3706 1119 1
916 920 2908 3083 1
1590 2589 1558 1564 1
1542 3374 3324 2590 1
4213 2887 2647 3536 1
1542 3324 3374 1538 1
2584 1652 2606 1623 1
2983 3150 2717 2956 1
3414 4107 4156 562 1
3064 3273 1734 1740 1
2885 2831 2633 2632 1
3396 3753 3925 2051 1
9 23 3286 2455 1
376 3416 510 3021 1
3695 3902 3361 3378 1
1000 2494 3935 3250 1
1016 1000 3935 3250 1
2494 3250 3395 2690 1
1026 1068 3250 1105 1
3021 3268 3416 510 1
592 3312 3488 3564 1
3798 3638 4154 4127 1
3387 1616 3998 1617 1
4269 3390 3104 3418 1
2630 3084 4273 4052 1
4269 3390 3031 3638 1
3418 4269 3390 3705 1
505 536 4218 3626 1
3899 3923 921 908 1
3849 4160 3626 4016 1
2450 2766 3186 2650 1
2743 2629 2889 3918 1
4269 3031 3390 3634 1
3705 4269 3390 3634 1
3523 3959 3976 3362 1
3523 3976 4068 3128 1
1596 1602 4164 2614 1
1691 3523 3959 3976 1
1623 1579 3879 2584 1
4211 3237 2514 3152 1
3757 3237 2514 4211 1
1580 1653 2591 1578 1
1653 2613 1655 3522 1
3373 1710 3339 1668 1
2891 2481 2480 2485 1
2891 2485 2480 2682 1
4023 2661 2269 3472 1
2269 2301 3472 2661 1
2807 4079 2527 2549 1
1781 1783 2787 2725 1
1783 1787 2787 2725 1
1690 1732 3253 1677 1
1787 2743 2787 2725 1
3464 1633 1635 2524 1
2761 2612 3253 2616 1
2026 2102 3042 3441 1
2026 2671 3441 3042 1
2102 2670 2175 3042 1
1465 2565 3365 1469 1
1729 1684 2551 1681 1
3464 1635 4227 2524 1
1729 1730 2551 1684 1
2565 2943 3365 2589 1
2943 3365 2589 2812 1
254 3357 3559 276 1
2455 2311 2386 1440 1
1564 2589 1524 3365 1
1591 1564 3365 2589 1
1591 3134 2589 3365 1
3865 3130 385 4010 1
4259 1826 3169 1863 1
3689 3362 4228 3869 1
3406 1826 1830 3169 1
3689 3523 4228 3362 1
3406 1826 3169 4259 1
3167 3171 2033 3497 1
1773 1728 2625 1730 1
3576 2658 3171 3167 1
1775 1730 1773 2625 1
2457 3393 2720 3653 1
2720 2708 726 2457 1
2457 2720 2708 3653 1
1863 1826 3169 1865 1
1830 3169 1826 1865 1
2457 3092 2720 3393 1
1394 3074 4169 4057 1
1423 3074 1442 1437 1
2750 3648 1813 1763 1
1394 3200 4169 3074 1
1807 1773 3619 3708 1
3708 3141 1773 3619 1
3052 2494 3935 1000 1
2360 3902 3684 3720 1
2567 2691 2710 2452 1
3160 3684 3902 3720 1
2567 2586 2710 2691 1
3178 3283 3238 3279 1
4219 1801 3655 3228 1
2025 2027 3172 2101 1
185 3408 3575 219 1
1818 1875 2642 1879 1
2101 3172 2174 2917 1
1716 2761 3060 1772 1
3408 2990 3007 3575 1
185 3408 3007 3575 1
1538 1598 1596 3324 1
1538 4164 3324 1596 1
3730 3098 1841 2953 1
3730 1825 3485 3346 1
886 3412 3188 911 1
2543 3939 2845 3200 1
886 3412 930 3188 1
911 2447 3412 3188 1
3341 3227 1147 1099 1
3341 1147 3227 1119 1
1850 2647 1889 2753 1
2750 1763 2712 3425 1
1728 2625 3665 1773 1
3380 2519 3306 2512 1
2684 2519 3380 2512 1
3380 2519 4000 3306 1
1926 1889 2647 2753 1
3210 2292 3476 3749 1
4228 2621 3128 3838 1
3981 3354 2479 3433 1
3704 4050 3845 4129 1
3734 2479 3354 4149 1
2479 3049 3354 4149 1
3704 3845 3917 4222 1
4129 4050 3845 412 1
3210 3476 3642 3432 1
2253 3259 2265 3597 1
1951 1998 2642 1955 1
1951 1996 2642 1998 1
3456 3424 3558 3994 1
3736 3476 3450 3432 1
4068 4228 3128 3838 1
3230 3225 3873 3645 1
267 327 3865 3659 1
647 4148 3873 3528 1
3933 3424 3456 3994 1
3276 4114 3348 4044 1
4114 3276 3348 3262 1
4268 3637 3573 3873 1
121 2470 148 2764 1
1942 3156 1995 3121 1
121 2764 148 144 1
177 2990 3007 3408 1
3502 3348 3703 3262 1
148 177 3007 185 1
3502 4112 3703 3348 1
185 177 3007 3408 1
2000 1996 2060 2642 1
3519 4146 4044 3794 1
2692 3121 3246 3156 1
2001 2657 2061 1997 1
1739 3976 4208 1751 1
2062 3140 3246 2692 1
2060 2000 2642 2069 1
3246 2062 2692 2054 1
1739 3976 4068 4208 1
381 3448 444 390 1
2061 2070 2657 2001 1
2097 2060 2056 3556 1
4154 3767 3638 3332 1
2087 2056 2663 2097 1
2098 2057 2061 2669 1
736 742 3265 2518 1
2973 3265 2518 2847 1
3415 413 476 3926 1
2469 2900 2891 2485 1
2088 2098 2669 2057 1
2900 2485 2839 2481 1
763 817 3265 3016 1
817 3412 3265 3016 1
2225 4266 2289 2233 1
2225 4266 2291 2289 1
478 413 476 3415 1
2226 2234 2290 4122 1
3417 3081 3430 521 1
2226 2290 2292 4122 1
3773 521 3081 3417 1
3417 3081 3304 3028 1
3989 3620 3178 3283 1
539 3415 3910 611 1
76 90 53 3802 1
3178 3620 3238 3283 1
3989 3549 3620 3283 1
2865 2270 3185 2706 1
539 611 550 3415 1
3926 539 476 3415 1
3926 3910 539 3415 1
2813 2488 2811 3359 1
3359 2838 2813 2485 1
2376 2385 2388 3443 1
3028 2813 2485 3359 1
3624 3961 3370 3046 1
2750 3425 2712 1703 1
3069 3540 3419 1964 1
1972 3097 3419 3069 1
550 476 539 3415 1
3370 3046 3258 4045 1
3335 3961 3370 3624 1
3428 3776 3426 3520 1
3772 3428 3426 3520 1
3335 3370 3601 4045 1
3370 4045 3258 3601 1
3486 2486 3212 3029 1
3331 2486 3486 3029 1
3049 3582 3433 3044 1
3077 3403 2777 3173 1
3351 3985 3138 2507 1
2411 4034 2402 3746 1
2486 3029 3136 3344 1
3484 3750 1489 1477 1
1132 3352 3805 3277 1
3965 3173 4187 2777 1
3371 4094 3734 3738 1
997 1039 2788 2740 1
1073 2788 2740 2544 1
3328 3393 3092 2457 1
4174 3328 3092 2457 1
3936 3092 2457 4174 1
3535 1826 3406 4259 1
4209 3738 3371 3754 1
3843 4259 1826 3535 1
3317 524 595 605 1
1814 1826 3406 3535 1
3653 3532 2468 3458 1
3653 2708 2468 3532 1
3279 786 703 4063 1
3754 3738 3371 3258 1
3983 401 4221 4118 1
3371 3738 3734 3258 1
3809 252 254 3912 1
3420 3427 3633 3068 1
1998 2056 3281 2015 1
3809 3912 254 3559 1
1687 2602 3959 3523 1
2704 2666 2726 2783 1
2862 2783 2726 2666 1
4265 2666 2451 2726 1
2862 2726 2451 2666 1
4265 2666 2726 2704 1
2310 2706 3633 3427 1
412 384 4050 473 1
3633 3427 2706 2899 1
3068 3427 3633 2899 1
2327 3633 3420 3427 1
204 233 206 3202 1
2310 3633 2327 3427 1
2461 2476 2545 2698 1
2675 2552 2547 2707 1
2552 2579 2547 2913 1
2555 2913 2829 2582 1
1478 2552 3040 2579 1
3040 3831 2584 1525 1
2871 2556 3040 2552 1
2556 3040 2913 2583 1
1638 2602 3959 1687 1
469 473 2483 382 1
233 252 254 3809 1
3558 3404 3682 4145 1
2563 2489 2582 2586 1
2915 2587 2583 2582 1
204 233 3202 3809 1
2915 2453 2583 2588 1
3570 4119 4012 2495 1
3815 4012 2495 3570 1
3385 4124 3201 3578 1
3570 3815 591 532 1
3366 3064 2923 4216 1
2890 3363 3384 3276 1
221 2484 2468 3355 1
3363 3384 3507 2890 1
3845 3363 4084 4257 1
4124 4186 3453 3578 1
1752 3366 2923 4216 1
820 861 3404 4135 1
820 4135 3672 843 1
3968 3323 3023 3503 1
3968 3503 3023 3598 1
4155 3598 3503 3968 1
3598 3023 3968 4258 1
686 3637 569 4268 1
3430 3081 827 792 1
3743 3064 3366 4216 1
4124 3453 3201 3578 1
2785 1321 1327 2805 1
3286 2455 44 24 1
3385 4186 4124 3578 1
9 3286 3180 2455 1
3212 4258 3338 3291 1
829 4258 3023 868 1
4181 3620 3178 3212 1
4181 3338 3291 3212 1
2918 3985 3203 2494 1
1926 1988 3156 1978 1
2724 3156 1926 1988 1
3203 2989 4201 2493 1
3367 2667 2903 3608 1
3753 3205 2903 2667 1
4139 4221 4248 3280 1
2458 3217 3155 227 1
1316 2558 3310 3289 1
1316 2558 3289 1379 1
4139 4221 3280 4146 1
1336 2558 3289 1351 1
1336 1379 3289 2558 1
3310 2558 2828 3289 1
1317 3290 3311 2569 1
3221 3193 4061 919 1
1380 2569 3290 1317 1
3369 2398 2404 2414 1
1337 1352 3290 2569 1
3669 3226 3455 3800 1
1337 2569 3290 1380 1
264 3559 3248 3498 1
3311 3290 2844 2569 1
227 3217 344 4244 1
227 3217 4244 3229 1
3559 3630 3248 3498 1
1048 987 1049 2509 1
3523 3128 4228 3362 1
4068 3838 3128 4143 1
3523 4068 4228 3128 1
196 3747 4056 172 1
3295 2455 44 3286 1
3295 42 44 2455 1
2760 2856 2624 3213 1
2760 2642 2856 3213 1
2690 3296 3935 3193 1
2604 2927 2848 2623 1
2604 2849 2694 2928 1
2604 2928 2623 2849 1
2928 2628 2627 2694 1
3297 2521 2775 2516 1
3665 3898 2621 1768 1
2700 1182 3154 3297 1
2605 2930 2624 2628 1
2700 3297 1190 1182 1
2715 2679 2624 2930 1
2803 2666 2783 2862 1
2766 2862 2451 2666 1
2803 2666 2862 2766 1
3367 2667 2936 2976 1
739 3808 3249 708 1
3367 3041 2976 2128 1
739 749 3672 3249 1
911 2893 2447 3664 1
862 920 916 3083 1
739 3249 3672 4177 1
3083 4217 2908 916 1
3298 3083 2908 2949 1
739 708 3249 4177 1
3608 2667 2936 3367 1
3574 3659 3174 2716 1
2551 1594 1627 1592 1
2551 1594 1629 1627 1
235 3659 267 3574 1
4120 3659 327 235 1
3203 3143 2497 2989 1
2877 3203 3143 2497 1
2877 2823 3203 2497 1
3372 4145 820 3437 1
3097 2945 2951 2924 1
3419 2894 2945 2924 1
3372 720 4145 710 1
2885 2831 2830 2635 1
2831 2830 2635 2809 1
381 3448 390 3714 1
1763 1620 2712 3425 1
2384 3510 4043 2377 1
3869 3362 4228 3665 1
2584 1579 1529 1577 1
3869 3945 3362 3665 1
1155 3958 3534 1172 1
3356 769 825 860 1
2551 1680 1628 1627 1
3356 882 878 3238 1
2551 1629 1681 1627 1
738 3446 776 3968 1
2551 1627 1684 1680 1
2551 1627 1681 1684 1
2680 2765 2568 2676 1
2573 2680 2544 2676 1
2703 3432 2523 3591 1
2703 2282 3210 3591 1
2046 3546 2117 3436 1
2703 2523 3982 3591 1
2703 3982 3913 3591 1
2724 2753 1926 2647 1
2230 2282 2703 3591 1
2230 2703 3913 3591 1
776 3323 3968 3446 1
996 3966 2789 1038 1
996 3966 2739 2789 1
2797 2528 2531 3966 1
2046 3546 3436 3252 1
2505 2510 2937 2851 1
2937 2535 2531 2530 1
2560 2568 2678 2610 1
2610 2548 2568 2546 1
2511 2938 3614 2536 1
3405 2873 3452 2531 1
2676 2610 2548 2568 1
2560 2568 2610 2676 1
3252 3436 3088 2658 1
3436 2117 3181 3497 1
3436 2658 3181 3088 1
3461 3313 3296 3399 1
3461 3899 3399 3296 1
3801 3895 3550 3788 1
2402 2418 2411 3746 1
3294 3379 3065 2542 1
1143 3379 3531 3102 1
2821 2644 2645 2824 1
1143 3721 3531 3379 1
2822 2821 2644 2645 1
2622 2821 2525 2644 1
2942 2713 3107 2585 1
2622 2822 2821 2644 1
366 3518 3782 2939 1
366 2939 3782 3891 1
2712 1703 2836 3387 1
1490 3063 1560 3410 1
4141 3288 3713 4155 1
3520 383 3776 3952 1
3520 3776 3426 3952 1
4141 3291 3288 4155 1
4141 4155 4021 4212 1
1009 1062 3656 3822 1
718 857 3375 814 1
2478 2965 3313 4128 1
718 3570 3375 3602 1
1009 2882 3822 3656 1
1108 2882 1009 3656 1
4141 3713 4021 4155 1
3528 3873 794 3645 1
4095 4099 4225 2420 1
4095 4099 4111 4225 1
3865 3130 3566 3245 1
3869 2779 3105 3945 1
4214 3105 2779 3945 1
3971 3752 3183 3385 1
1710 2629 3339 1712 1
2689 3315 2668 3596 1
1710 1712 3339 1668 1
3222 2907 3315 3596 1
3697 908 3899 865 1
1927 2651 3536 1979 1
3738 3371 4094 3840 1
1979 2651 3536 3205 1
4209 3738 3840 3371 1
2509 1048 987 1050 1
3638 3390 3031 3461 1
3390 3391 3461 3767 1
1048 1049 1109 3112 1
2972 832 3899 3006 1
3717 3738 321 3840 1
3391 3006 3899 867 1
1088 1109 1144 2534 1
3899 3391 3461 3390 1
3461 3391 3899 867 1
2687 3387 3998 1617 1
2482 2949 2683 2498 1
2839 2690 2498 2482 1
2482 3221 2690 2498 1
2482 2498 2839 2949 1
2482 2683 3221 2498 1
4264 3786 4109 3971 1
3385 3752 4033 3971 1
3786 4033 4109 3971 1
2428 3740 2417 3909 1
723 751 771 3713 1
771 751 790 3713 1
4155 3713 723 771 1
4155 3713 771 790 1
3349 4059 3519 3841 1
3349 4059 3477 3519 1
3746 2418 2411 2429 1
297 392 3449 347 1
2839 2949 2498 2503 1
299 4024 351 3449 1
3591 2867 3386 2669 1
3738 3840 3768 321 1
3388 4223 3455 3669 1
3591 3386 3982 2669 1
3388 3669 3836 4223 1
3669 3226 3836 4223 1
3669 3226 4223 3455 1
3019 3233 2659 2504 1
2504 3233 2659 3728 1
3738 3840 4094 3768 1
533 2993 452 511 1
3140 3462 1995 3121 1
3140 3121 1995 3246 1
3140 3121 3246 2692 1
3019 3597 2265 3259 1
220 3168 3219 2780 1
4209 3738 3717 3840 1
3840 2888 3659 3571 1
3800 3833 598 4085 1
3659 3840 4149 2888 1
3322 2599 1702 1650 1
1702 3322 2714 2599 1
2888 3659 3049 4149 1
4259 4272 3862 3397 1
3705 3418 4269 3827 1
3469 2502 2838 2813 1
3129 3469 2813 2502 1
2936 2667 3185 2976 1
3705 3827 4269 4233 1
789 832 3418 2972 1
3210 2336 3204 3476 1
2703 3210 3642 3432 1
4070 3269 4060 994 1
789 832 2972 3006 1
2714 2491 2599 4144 1
1618 2491 2714 1619 1
2714 2491 4144 1619 1
994 1040 4070 3269 1
566 619 3402 4156 1
4160 3399 3899 3316 1
566 503 4156 3402 1
3177 4160 3899 3316 1
4156 666 619 3402 1
4156 680 666 3402 1
4015 3557 3533 526 1
2813 989 2502 3483 1
2838 2502 3483 2813 1
3798 613 3557 584 1
3506 3402 3759 680 1
3173 3979 2363 2355 1
3242 3327 2511 2512 1
3242 2511 3327 2735 1
4267 3695 3403 3146 1
3077 3275 2777 3403 1
3130 3347 4015 3031 1
3695 3403 3173 4267 1
52 3328 4179 4174 1
52 71 3328 4174 1
3454 2364 2370 3921 1
1891 3729 1840 3099 1
296 3992 290 294 1
3182 3150 2717 2983 1
1891 3729 3972 1863 1
296 3992 294 4223 1
3454 3921 2370 3235 1
2611 2694 2875 2632 1
2694 2496 2628 2627 1
296 3992 3547 290 1
3617 3099 3972 3120 1
2612 2957 2694 2633 1
3800 3953 481 540 1
4070 2506 3166 3269 1
2966 3450 3400 3476 1
4194 414 481 3953 1
3839 3537 3400 2343 1
173 2470 197 193 1
193 2470 227 3229 1
2966 3476 3400 2330 1
2330 3839 3400 3857 1
3794 3299 3348 3891 1
4112 3299 3703 3348 1
1851 1890 2647 2753 1
3519 4044 3348 3794 1
2902 3862 3407 3072 1
3266 3407 3835 3072 1
1788 3072 3407 3100 1
3100 3072 3407 3266 1
3072 3407 3835 3862 1
1374 3074 3111 2767 1
1788 2902 3407 3072 1
2303 2662 3445 3440 1
2303 2662 2333 3445 1
3445 3292 2662 3264 1
2333 3445 2662 3264 1
3445 3440 2662 3292 1
3602 2665 4012 3375 1
3602 4012 2665 3242 1
1725 3760 1767 3541 1
872 944 952 2944 1
889 911 4055 2893 1
889 944 872 2944 1
3428 3489 3658 3225 1
4106 3529 377 3627 1
4151 3791 3950 4200 1
245 353 343 4104 1
3012 97 3991 72 1
3482 3489 3658 3428 1
3276 3791 3950 4151 1
386 3543 3707 3234 1
3543 3707 420 386 1
2888 3409 3049 3582 1
3755 3409 2888 3582 1
3582 3881 3409 3433 1
3411 4214 2779 3945 1
3582 3881 3755 3409 1
3411 3945 3662 4214 1
1631 1600 3319 1606 1
3494 857 894 2506 1
3409 3582 3433 3049 1
3707 3543 4133 3234 1
3543 4133 420 3707 1
3454 2364 3921 3744 1
3744 3649 4002 3921 1
3454 3744 3921 3649 1
4257 3917 3519 3850 1
1123 3985 1153 3352 1
3985 3352 2901 3277 1
3398 2851 2637 3039 1
241 267 301 3865 1
3574 3865 3174 3659 1
3574 267 3865 3659 1
2901 1123 3352 3985 1
3574 3865 4104 3174 1
3039 2827 2851 2637 1
3398 3039 2509 2851 1
3338 2503 3988 922 1
4258 3338 922 2503 1
3338 4258 3212 3344 1
3339 1494 2608 2930 1
3950 3850 3519 3917 1
3397 3120 4272 3862 1
3530 2614 4227 3025 1
1641 4227 3530 2614 1
3353 3555 3950 3917 1
3099 3340 3011 3061 1
3617 1832 3340 3061 1
1108 1154 1163 2520 1
3325 3958 4178 3805 1
2224 3144 3194 2250 1
2124 2976 2220 2128 1
2250 3194 2278 2722 1
2973 2796 2536 2535 1
2973 2536 2796 2749 1
2224 3009 3194 3144 1
2749 2974 2536 2909 1
2974 2537 2536 2909 1
2749 2536 2974 2973 1
3291 866 4258 909 1
4236 3626 3303 2478 1
3291 4258 3338 909 1
1154 1156 1198 3987 1
3987 1156 1198 1189 1
4224 664 662 649 1
3759 4224 664 680 1
3466 791 826 3080 1
3325 4178 3166 2989 1
664 4224 662 680 1
3910 664 4224 649 1
3759 664 4224 3910 1
353 505 4160 3561 1
3561 3177 505 4160 1
3397 3120 3862 2902 1
749 3230 3645 3667 1
2617 2795 3527 3350 1
3350 2622 2795 3666 1
3789 3663 3802 3587 1
3663 3300 3802 3587 1
2603 3350 3514 2622 1
3354 3044 3682 3424 1
3354 3424 3456 3933 1
3682 3044 3558 3424 1
2557 3879 2453 2558 1
3403 3010 2911 3342 1
3403 3342 2911 3051 1
3275 3010 3403 3342 1
3528 749 3230 3645 1
4230 355 3415 3790 1
3275 4271 3010 3342 1
3582 3132 3952 3426 1
3426 3132 2483 3573 1
3433 3772 3426 3520 1
3433 3582 3952 3426 1
3762 3926 355 3415 1
2498 3005 2769 2515 1
3762 3415 355 3790 1
143 2716 176 3816 1
3816 3574 2716 184 1
310 2981 502 403 1
4230 413 3415 355 1
3035 821 3748 3262 1
821 844 3681 3035 1
312 387 411 3954 1
3355 3421 3271 2673 1
821 3681 3262 3035 1
211 3355 2464 3954 1
355 3926 413 3415 1
3293 4037 3305 398 1
3460 4102 4230 3038 1
398 3459 4037 3305 1
3323 3503 3968 771 1
4271 2333 2662 3264 1
3505 4271 2333 2662 1
4037 3459 4015 3305 1
771 3503 3968 4155 1
194 3027 3389 4056 1
3087 3886 3526 3871 1
1645 1641 3050 2995 1
2985 2960 174 143 1
2480 2811 3359 2838 1
2682 2480 2811 3359 1
1644 2978 3078 3629 1
2811 2838 2813 3359 1
3575 2990 3360 3765 1
406 390 4006 3478 1
341 4238 3762 3956 1
2292 3476 2330 3874 1
2549 4064 2472 3471 1
2764 2990 3360 3007 1
1441 1462 1492 3471 1
1492 2549 2472 3471 1
4079 2549 3471 4064 1
3102 3379 3294 2542 1
2805 2571 1442 1463 1
1442 2805 1463 1437 1
1169 1173 3379 2542 1
2983 2625 3274 2956 1
4215 3274 3150 2983 1
3760 2630 3150 3274 1
3210 2292 2336 3476 1
750 3087 3526 3871 1
3871 3886 3526 3685 1
3668 409 479 3285 1
4077 697 679 685 1
4107 3448 444 3995 1
3995 4042 444 4107 1
402 2474 2988 281 1
309 402 501 2988 1
3587 3195 2461 3745 1
2494 1075 1095 2507 1
3999 4175 4077 4076 1
3999 3889 4175 4076 1
4061 2515 4126 1086 1
362 3837 288 3248 1
288 3837 362 3863 1
1086 4126 1127 2515 1
3320 60 726 3092 1
3092 2720 60 726 1
2493 2492 3143 4060 1
3092 2720 726 2457 1
3936 726 2457 3092 1
3936 3320 726 3092 1
2122 3608 4117 3377 1
1248 1262 1273 3065 1
4117 2122 3377 2132 1
510 3268 622 3674 1
2692 2729 3905 2980 1
3422 3827 3241 3418 1
944 3664 2702 2893 1
408 4230 337 413 1
2980 2729 3030 2825 1
3432 3386 3368 2523 1
944 2702 2944 2893 1
140 2467 2990 2985 1
4072 3241 722 3604 1
2746 2900 2949 2482 1
2123 3198 2199 4173 1
3749 2300 3368 4122 1
4173 2199 3597 3198 1
3386 2669 2867 4229 1
337 4230 355 413 1
4024 427 3278 3317 1
3422 3827 3418 3089 1
3279 483 405 489 1
3167 2033 2035 3497 1
2346 4271 3010 2357 1
3422 3418 4191 3089 1
2972 3006 3390 3423 1
2261 2301 3472 2269 1
3418 2972 3390 3423 1
2301 3472 2661 3445 1
3104 3390 4127 3423 1
3006 3964 3390 3423 1
2901 1061 4201 3277 1
2901 4101 1061 3277 1
2250 3194 2722 3144 1
3144 3194 2722 3185 1
3418 3390 3104 3423 1
3376 2482 3132 2883 1
3079 3959 2602 3515 1
1640 1695 3079 3629 1
2985 3376 2482 3132 1
2341 2351 2916 4125 1
3325 3013 4178 3958 1
4214 3515 3079 2602 1
695 3477 4035 3791 1
527 3447 546 468 1
695 721 697 3791 1
3276 3791 3519 3950 1
3477 3519 4059 4044 1
1863 2643 1907 1865 1
1863 2643 3151 1907 1
1863 3151 2643 3972 1
3447 3794 4146 4221 1
1863 3972 2643 4272 1
1863 4259 4272 2643 1
3487 2529 1130 1125 1
2529 2897 4152 2637 1
3487 3725 1130 2529 1
3447 4221 3554 468 1
3487 4152 3725 2529 1
411 3421 471 3465 1
2998 3022 2353 3684 1
3380 2519 986 4000 1
3201 3578 3763 3550 1
353 3561 461 505 1
461 505 3561 3177 1
429 495 4186 3821 1
2864 2481 2482 2690 1
1155 3534 3958 3184 1
4178 3534 2513 3184 1
3825 561 565 3495 1
2934 2968 3576 3172 1
2925 2934 2968 3576 1
3588 2934 2925 3576 1
2945 2934 3576 3172 1
3588 2934 3576 2945 1
3167 2038 2046 3546 1
3240 3167 2046 3546 1
3119 2674 3984 2493 1
2644 3511 2648 2980 1
3511 2980 2748 2648 1
592 3312 719 622 1
1061 1070 3020 3277 1
947 4201 3020 4060 1
3587 3991 3195 3605 1
3442 1120 3457 3170 1
592 719 3312 3033 1
456 4205 3447 3794 1
3447 4112 4146 3794 1
3387 1651 1703 2836 1
3447 4205 4112 3794 1
3485 3585 4246 3346 1
4246 3346 3585 3635 1
2465 2673 2480 2545 1
3485 3844 4246 3585 1
1195 2785 2522 1311 1
3018 4098 3314 3450 1
2806 3392 2722 2448 1
2832 3392 2722 2806 1
2806 2744 3392 2448 1
2745 3392 2806 2744 1
2745 3392 2655 2806 1
2655 3392 2832 2806 1
3328 3653 3393 2457 1
3799 633 4008 3255 1
3023 3291 866 4258 1
230 3334 251 3571 1
3401 3291 833 3598 1
3092 3393 2526 2720 1
110 3393 3761 79 1
79 3393 4179 3328 1
3497 3192 3122 2658 1
3799 4148 633 3255 1
3761 110 2526 3393 1
4107 4006 444 3448 1
3506 3759 3448 3415 1
3448 4006 444 390 1
3448 4006 390 3919 1
3843 4272 3397 1824 1
4259 4272 3397 3843 1
3434 408 4207 3038 1
3457 1120 3208 3170 1
3270 3380 4000 3306 1
2508 2785 1195 1081 1
2508 2785 2522 1195 1
3571 3334 251 3439 1
3170 1120 3208 3531 1
2529 3039 2534 3112 1
1071 1120 3890 3208 1
1120 3890 3208 3531 1
2534 3112 1109 2529 1
3457 3208 1120 1071 1
323 4045 377 381 1
400 408 4207 3434 1
4207 400 3434 4094 1
323 4189 4045 381 1
323 4189 381 329 1
4230 4102 478 3038 1
3153 664 3801 623 1
3480 3125 2660 3731 1
3071 2969 1200 3086 1
3071 3086 1200 1090 1
331 3607 3434 3038 1
3480 3731 2660 2123 1
2875 2631 2956 2747 1
2875 2626 2956 2631 1
2478 3849 2690 3399 1
3399 3935 921 3923 1
3399 2690 3296 3935 1
248 2488 3028 3896 1
3896 2488 3028 2682 1
2212 2722 2256 2210 1
387 3954 410 3421 1
3614 2536 2531 2937 1
3614 2938 2531 2536 1
546 3447 3554 468 1
3038 3607 337 331 1
331 3038 3434 3738 1
1733 1739 1770 3660 1
1739 3838 4203 1770 1
3279 596 483 489 1
483 596 3279 604 1
3660 1739 1770 3838 1
2086 2163 3144 2755 1
3300 3663 2473 3587 1
3059 3091 3663 2473 1
1107 1153 3985 1162 1
546 4112 4146 3447 1
3847 3091 3663 3059 1
3672 3404 3044 4135 1
3505 3175 2346 3647 1
3673 3175 3647 2346 1
2506 2886 3405 2537 1
4267 3146 3051 3267 1
4267 3403 3051 3146 1
3405 2828 2873 2537 1
3403 3051 3173 4267 1
3558 3044 3682 3404 1
3586 3341 3227 1119 1
253 3978 275 3439 1
3978 275 3439 4209 1
3462 2055 3140 2063 1
3768 331 3434 3738 1
1168 1172 1240 2533 1
1168 1240 1244 2533 1
442 3177 580 461 1
3278 704 580 3779 1
916 1043 2908 1058 1
2630 4052 4136 3084 1
4186 3482 3489 3183 1
443 3178 581 573 1
4052 3481 4136 3084 1
3482 3354 3489 3183 1
2716 3571 2888 3755 1
3762 369 355 3926 1
355 369 413 3926 1
3345 3828 4210 4063 1
2162 3019 2227 2754 1
3465 3421 3271 3355 1
2804 1320 1385 2807 1
2784 2807 1320 2804 1
3754 3258 3371 3981 1
1490 2550 2609 3410 1
1490 3063 3410 2609 1
2609 2550 3117 3410 1
2609 3063 3410 2829 1
1069 2321 1158 1106 1
3371 3258 3734 3981 1
3899 3399 921 3923 1
4083 3002 3520 3772 1
3899 3399 3923 3316 1
3465 3421 471 3715 1
3313 3044 2922 2883 1
3404 2922 3044 4135 1
3044 2922 2883 4135 1
3055 3044 2922 3313 1
1270 3473 1324 1309 1
1786 2646 1782 2776 1
3772 3002 3520 3433 1
1742 1787 2743 2787 1
3772 3002 3433 3336 1
803 817 3016 876 1
840 2893 3412 911 1
1863 4259 1826 3843 1
817 2518 3265 3412 1
876 817 3016 3412 1
1863 4259 3843 4272 1
1863 3843 3468 4272 1
1997 1999 3413 2057 1
1997 2057 3413 2061 1
2070 4229 3413 2072 1
2072 2793 4229 3413 1
2760 3213 2601 1720 1
2761 1721 2616 1732 1
3196 2669 3982 3413 1
3558 3044 3055 3424 1
3558 3424 3055 3347 1
3027 3303 4056 257 1
4039 3601 3258 3981 1
2919 258 197 3155 1
3843 3916 3535 1800 1
1800 3843 3397 1824 1
3166 2533 2513 4178 1
3780 702 605 595 1
2079 2802 2150 2081 1
2773 2150 2802 2209 1
3916 3843 3397 1800 1
3754 3258 3981 4039 1
1314 3310 1353 2871 1
1314 2871 2532 3310 1
2191 2131 3551 2132 1
1315 2846 1354 3311 1
1315 3311 2541 2846 1
2724 1995 3156 1988 1
3297 3650 2799 1349 1
2724 1995 1942 3156 1
1182 1287 3154 3650 1
172 3747 4056 2463 1
1288 3699 1360 3651 1
172 226 3747 192 1
4056 141 172 2463 1
1183 3651 4262 1288 1
3793 3182 2855 3804 1
3804 3530 3182 2855 1
3525 1488 4140 4091 1
3443 2415 2405 2399 1
3413 2669 3386 4229 1
3634 3177 3381 4160 1
1705 2689 2793 3413 1
3443 2376 3944 4062 1
3413 3508 2657 2793 1
3634 4160 3899 3177 1
1808 4273 1774 1851 1
1825 3228 3844 3585 1
3844 3228 3655 3585 1
3228 3481 3655 3585 1
3973 4142 2062 2692 1
3177 580 637 3779 1
4233 524 582 459 1
3278 3779 580 3177 1
3615 3667 3489 3255 1
3615 3211 3489 3667 1
3960 3789 3663 3802 1
1329 2719 2969 2572 1
3847 3789 3663 3960 1
3086 1329 2719 2969 1
634 4235 648 561 1
4054 3455 358 3878 1
3944 2376 3443 3333 1
4259 1863 3169 2643 1
3019 2223 2227 2249 1
3019 2659 2227 2754 1
2157 2163 2224 3144 1
1 2456 9 3180 1
1737 2776 1786 1782 1
4054 3878 358 407 1
4009 406 4238 4047 1
3910 664 649 597 1
446 3168 2475 3110 1
4026 1101 2521 2516 1
2699 2508 1202 1102 1
3995 3714 381 4045 1
465 3027 257 3303 1
3466 465 3080 601 1
3168 375 446 2475 1
3349 3477 3950 3519 1
466 3813 258 3028 1
695 697 3477 3791 1
3950 3519 3477 3791 1
2649 2652 2791 2752 1
2652 2733 2791 2689 1
1353 3310 1400 2871 1
1354 2846 1401 3311 1
251 275 271 3439 1
2649 2652 2733 2791 1
390 3478 341 3919 1
3478 390 4006 3919 1
3956 3478 341 4238 1
3478 3759 3926 3415 1
251 253 275 3439 1
467 3470 545 3687 1
4231 2660 2127 3480 1
3480 2660 2127 2123 1
4074 3480 3125 2660 1
3723 441 3889 391 1
391 3388 3723 330 1
3032 4231 3480 2660 1
3723 3388 3889 3836 1
2787 2743 2957 2633 1
68 53 3091 3802 1
3388 3836 3723 330 1
3811 3687 545 3470 1
3389 68 3091 3802 1
3961 3038 3046 3460 1
3038 3460 4165 3046 1
1617 4256 2687 1561 1
1864 4246 2651 3635 1
3046 3460 4165 4051 1
1142 2533 3958 1172 1
2583 1494 3239 2605 1
1142 1155 1172 3958 1
2777 3173 3979 3077 1
3173 2777 3979 4187 1
432 399 3639 2939 1
194 3027 3109 3389 1
2959 2365 2383 3640 1
2959 2365 3640 2359 1
195 3896 2469 2526 1
2777 3077 3979 3618 1
2959 2365 2359 3361 1
2703 2282 2294 3210 1
3902 2365 2383 2959 1
2337 2317 4253 2966 1
2317 2966 2337 2330 1
2959 3902 2365 3361 1
3901 3325 3706 3277 1
432 2939 3639 3891 1
2777 3606 3803 3979 1
3901 3706 3325 1119 1
2777 4187 3606 3979 1
930 3188 3412 2884 1
2651 1890 1927 3536 1
1942 3536 3121 1989 1
293 4230 355 337 1
4213 2887 3536 2651 1
2777 3979 3803 3618 1
3059 15 7 3 1
1 5 7 2808 1
4171 4168 3451 4136 1
3159 3165 3520 490 1
4165 3786 3460 4102 1
3786 3415 3460 4102 1
4208 1739 1733 4068 1
2151 2806 2722 2210 1
2652 1705 2786 2733 1
2831 2786 2733 2652 1
3060 3508 2656 2657 1
1891 3069 3540 3099 1
1891 3099 3540 3972 1
3073 2205 2133 2207 1
4200 3555 3950 3353 1
4204 3950 4200 3555 1
3069 3099 3419 3540 1
3540 3728 3099 3419 1
3540 3972 3099 3728 1
3009 2228 2266 3429 1
3493 2440 3766 4184 1
3746 3766 4095 3643 1
2966 3450 2337 3400 1
3746 3493 3766 3643 1
3155 3217 3304 304 1
2458 3217 3304 3155 1
776 3748 829 3499 1
829 3499 3748 862 1
3431 2490 3593 4152 1
4152 3725 3593 3431 1
1782 2646 1893 3213 1
1998 3281 1957 2015 1
3400 3450 2337 2349 1
3438 3281 2732 2646 1
3213 3438 2732 2646 1
1782 3213 1893 1887 1
1955 1957 3281 2646 1
4155 3291 3401 3598 1
1720 3213 1778 2760 1
2760 2642 3213 1778 1
1818 2620 2760 2641 1
1818 2642 2641 2760 1
2760 2620 2856 2641 1
1721 2761 1779 1732 1
1779 2657 1884 2725 1
2760 2642 2641 2856 1
1766 2621 1784 1768 1
4155 3598 3401 3503 1
2940 1766 1768 2621 1
2940 3665 2621 1768 1
4212 3257 3108 3703 1
4184 2431 3766 4095 1
885 839 3544 3075 1
3707 3108 4212 3257 1
885 3544 3946 3075 1
4184 2440 3766 2431 1
2267 2303 3440 3567 1
3544 3034 2905 2449 1
3544 2905 2898 2449 1
1750 1755 3931 3066 1
2773 2209 3440 3567 1
3544 2505 888 2898 1
2209 2267 3440 3567 1
249 309 228 2988 1
2848 2821 2622 2623 1
250 3532 310 2981 1
2694 2957 2628 2633 1
1960 2670 2028 3441 1
4215 3182 3150 3501 1
1740 3273 3501 3064 1
3070 2784 1078 2741 1
4155 790 3503 3401 1
2945 3576 2658 3172 1
2711 2472 3189 3691 1
3071 2742 1079 2785 1
3189 3691 2472 2581 1
619 3435 4156 3513 1
2038 3497 2117 3546 1
3240 3546 3252 2658 1
562 3513 619 4156 1
1845 3161 1900 3441 1
4186 495 4082 3492 1
3546 3497 2117 3436 1
1845 3098 3161 3441 1
1900 2670 1960 3441 1
3697 3779 890 898 1
3316 3697 912 908 1
3928 3553 3264 2340 1
2825 3068 2403 2664 1
489 3549 596 525 1
3546 2658 3436 3252 1
3508 2656 2657 2793 1
3240 3167 3546 2658 1
3353 4151 3950 4200 1
3602 3242 2665 3494 1
3992 4139 4248 3777 1
1341 2799 1359 1355 1
4139 4196 3992 4248 1
2718 3699 1356 1342 1
2718 2800 1356 3699 1
3414 4014 4107 562 1
3995 3414 4042 4107 1
3095 2322 3135 2328 1
4042 3414 4014 4107 1
3615 690 682 3667 1
708 3211 3667 4177 1
2194 3551 2132 2192 1
2192 3548 3712 2259 1
3548 2955 3082 3905 1
3603 3211 708 3742 1
3633 3548 3712 2955 1
3377 3551 2132 2194 1
708 3211 4177 3742 1
3548 3082 3377 3551 1
2259 3548 3712 3633 1
3753 1989 3121 3205 1
466 602 3430 3417 1
3753 3205 3121 2903 1
935 4152 975 3034 1
3753 2667 2903 3367 1
3070 2672 1089 1078 1
3548 3082 3551 3905 1
3603 682 708 3211 1
2256 2722 2296 2268 1
3551 3082 4142 3905 1
2527 2490 3593 3431 1
3478 406 341 4238 1
4142 3551 2131 2132 1
406 4009 4238 3478 1
661 3356 3178 705 1
705 769 3356 3914 1
1972 3419 2042 3069 1
3238 842 874 878 1
3238 882 878 874 1
957 3070 3589 1010 1
4190 349 353 3561 1
1561 1485 4256 2751 1
958 1011 3086 3071 1
1011 1090 3086 3071 1
3572 3675 873 841 1
3177 3316 3697 3779 1
4070 3269 3166 2445 1
1690 2787 2613 3253 1
3001 3459 4149 3756 1
3001 3756 431 3459 1
3756 3347 4015 3459 1
3133 3435 680 3788 1
885 3034 929 3946 1
885 3034 3946 3544 1
61 51 3960 78 1
51 3789 3960 78 1
62 52 4179 41 1
34 4179 4174 52 1
1888 1956 2653 3101 1
1956 1999 2653 3101 1
4189 3790 3957 329 1
3569 4252 3584 2394 1
2725 1888 2653 3101 1
3267 3127 2994 2664 1
3756 4149 3347 3459 1
2528 3509 3452 2570 1
4043 3584 2394 3569 1
499 526 4015 4037 1
4193 2452 2710 4164 1
4043 3594 4111 2400 1
4225 4111 4095 3594 1
602 466 2954 3417 1
3081 2485 2813 3469 1
1782 2646 3213 2776 1
1737 2776 1782 3106 1
1376 2566 1394 3579 1
2845 3900 3579 2566 1
1376 2566 3579 3900 1
112 119 4150 3458 1
119 2471 3328 3458 1
738 771 3446 3968 1
3446 3323 3968 771 1
3233 3032 3728 3197 1
3233 4074 3197 2636 1
3381 3177 3561 4160 1
3081 3616 3129 792 1
792 3616 3129 946 1
2775 2521 3297 2799 1
946 1001 3988 3129 1
2775 3650 2799 3297 1
3129 1001 3988 2502 1
3385 3578 3842 3752 1
3603 3742 708 4033 1
749 3645 3672 3667 1
2348 3010 3965 2777 1
4230 3415 478 4102 1
1712 2629 3339 2608 1
1712 2608 3339 1668 1
2148 2150 2773 2209 1
2773 2792 2148 2213 1
2076 2806 2149 2793 1
2348 2777 3965 4187 1
3243 3564 4012 2684 1
2348 4187 2368 2777 1
3610 3565 3780 785 1
3572 3886 3780 3877 1
3031 3566 2965 4160 1
4104 3566 4160 2965 1
2774 2864 2466 2467 1
4190 4160 4104 3566 1
3634 4160 3381 3566 1
3381 3566 4160 4190 1
3634 3566 3031 4160 1
2306 3015 2356 3454 1
4111 4002 3902 3921 1
3106 2776 1782 3213 1
2703 2306 3454 3642 1
2777 2348 2361 2368 1
2379 3569 3979 2389 1
2777 2361 2348 2346 1
3823 678 694 3875 1
3854 3823 678 694 1
2346 3010 2348 2777 1
3542 3569 3369 2384 1
2738 703 751 4063 1
751 703 786 4063 1
193 2470 3229 225 1
225 3575 2470 3229 1
471 3715 3421 3488 1
751 4063 786 4210 1
751 4063 3713 2738 1
3713 751 4210 4063 1
3213 3106 2601 1731 1
2760 2624 2601 3213 1
3277 3020 4201 2991 1
1732 2761 1779 1781 1
1061 3277 3020 4201 1
3632 3614 2506 2938 1
2839 3469 2503 2321 1
2503 2321 3469 3988 1
931 971 975 3904 1
3338 2503 3469 3988 1
2839 3469 2321 2697 1
3071 3951 976 972 1
2742 3071 972 2757 1
2838 2839 2697 3469 1
4043 2394 3594 2400 1
447 3715 529 3268 1
196 303 4056 3747 1
303 4056 3747 3303 1
1168 2533 1142 1172 1
3899 3164 865 832 1
3177 3779 3697 3572 1
3899 3697 865 3164 1
3278 3572 3779 3177 1
3177 4233 3278 3572 1
3705 3164 832 3089 1
4264 4165 3971 3933 1
1525 3239 1642 1625 1
472 3637 564 3776 1
472 2483 3637 3776 1
2035 3167 3497 2038 1
1626 1526 3253 1643 1
3474 2796 2540 2749 1
3497 2658 3122 3181 1
2740 2540 3474 2702 1
3474 2702 2540 3131 1
328 386 399 3234 1
4258 868 829 2503 1
4043 2391 4111 3594 1
328 2939 3234 399 1
3234 2939 3639 399 1
3588 2925 3004 3576 1
3234 386 399 3639 1
3534 1188 1230 2513 1
4043 2394 3584 3594 1
4178 2533 2513 3534 1
361 3232 3463 4132 1
2773 3567 2213 2209 1
3493 2440 2433 3766 1
3493 2440 2435 2433 1
2806 3625 2722 2210 1
3493 2442 2435 2440 1
2543 2619 2781 3661 1
3008 2567 2845 2619 1
3603 4033 708 696 1
3823 3875 694 4033 1
2539 2543 2781 3661 1
4109 4033 3823 694 1
4109 4033 694 3612 1
3467 2369 3333 2390 1
3418 832 789 4191 1
3089 4191 3526 832 1
1801 3481 3655 3228 1
3089 3418 4191 832 1
1308 1346 3579 2845 1
93 3560 1440 129 1
3579 2845 2566 3939 1
3200 3939 2845 3579 1
1440 127 129 2468 1
4199 1143 3671 3721 1
3987 3671 3721 4199 1
3786 3385 3201 3550 1
989 1074 2502 3483 1
719 765 815 2684 1
3786 4124 3201 3385 1
3786 3385 3550 4033 1
319 323 3335 3601 1
323 3335 3601 4045 1
4271 3264 3342 3142 1
3987 3483 2155 2520 1
3142 3264 3342 2994 1
3839 3450 3400 3537 1
2994 3264 3342 3163 1
2717 2763 2631 2731 1
3066 2717 2731 2763 1
207 2459 3745 239 1
1131 3797 2539 1179 1
4181 3345 3238 3620 1
2758 3725 1213 1130 1
3450 3736 3938 3537 1
4214 2602 1638 1636 1
3839 3450 3537 3736 1
3400 3450 2349 3537 1
3436 3497 3181 2658 1
2038 3167 3497 3546 1
3546 2658 3497 3436 1
1663 3134 1583 3522 1
3134 2589 2812 3924 1
3134 2613 2971 2591 1
2931 2403 2664 3315 1
1074 1054 2502 1135 1
3786 3201 3506 3550 1
2194 3548 3551 2192 1
3377 3548 3551 2194 1
1467 1473 3490 1563 1
1566 2590 3490 1600 1
3521 2590 2713 3490 1
1600 3319 2590 3490 1
3319 2713 2590 3490 1
80 99 2462 2466 1
2462 2826 2466 2863 1
2462 2864 2863 2466 1
99 2466 2774 2462 1
2774 2466 2864 2462 1
80 2466 2462 2826 1
356 4223 3974 414 1
3552 508 559 4234 1
3552 681 663 656 1
3552 681 4138 663 1
732 703 3279 801 1
4271 3553 3264 3142 1
3105 2602 1632 1630 1
3137 2352 3142 3275 1
3553 3142 2352 3358 1
3105 1634 1632 2602 1
3553 3142 3358 3928 1
3928 3142 3264 3553 1
4010 347 4190 3381 1
4010 347 3381 419 1
1800 3853 3835 3916 1
779 3242 3602 3494 1
2665 3242 2512 3327 1
3494 3327 3242 2665 1
3916 3853 3696 4259 1
3916 3853 3835 3696 1
1800 3835 3397 3916 1
1194 2784 1310 2521 1
3397 3696 3862 4259 1
3334 232 253 3978 1
3222 3611 3596 3127 1
3222 3123 3596 3611 1
3123 2668 3596 4253 1
3356 757 825 769 1
3743 3064 1734 1740 1
1124 1133 4199 3987 1
1124 2882 3987 1154 1
3599 881 3565 877 1
3822 2882 3987 1124 1
2882 2520 3987 1154 1
3822 3987 1133 1124 1
4260 3599 3565 851 1
3109 247 3745 3027 1
3109 3027 3745 3389 1
247 3745 3027 2474 1
3892 3881 3920 3755 1
4165 4094 3933 3475 1
2526 158 195 133 1
3 3847 11 3500 1
3 3059 3847 3500 1
3389 107 132 157 1
4264 3475 3933 3557 1
3500 2709 2473 2454 1
3500 3059 2454 2473 1
3409 3930 3881 3920 1
205 3892 243 3967 1
3475 4207 4165 4094 1
2859 3481 2731 3084 1
3755 3892 205 3967 1
3755 3920 3967 3978 1
2717 2731 3084 4121 1
327 398 385 3130 1
1614 3998 1651 3504 1
3504 3998 1651 1616 1
3019 2249 3597 2661 1
3505 3137 2333 4271 1
479 3226 553 551 1
3727 624 553 3226 1
264 3559 3498 3202 1
3202 3559 3498 3124 1
3124 3809 3202 3559 1
619 3435 666 4156 1
1683 3677 1723 4215 1
3777 553 3226 3727 1
3285 553 479 3226 1
2733 3508 2657 3413 1
2786 1705 3508 2733 1
2831 3508 2733 2786 1
553 3226 624 551 1
3060 2831 3508 2733 1
2813 3129 884 827 1
3060 2733 3508 2657 1
2733 1705 3508 3413 1
2293 2335 4080 3965 1
4153 4080 2663 2574 1
3081 2813 827 3129 1
3609 3772 3716 3336 1
373 361 3609 3894 1
1159 1217 3509 2532 1
1140 1217 3509 1159 1
3509 2532 3452 3632 1
1217 1266 3509 2532 1
3509 3452 2532 2871 1
1136 2506 3509 1082 1
1266 3509 2532 2871 1
373 3609 3771 3981 1
1834 3340 3588 1857 1
1857 3340 3588 3093 1
4094 4149 3933 3756 1
2990 3809 3124 3765 1
3784 3912 3124 2487 1
2857 2999 3511 2643 1
492 4226 500 3479 1
2063 2055 3140 3608 1
2055 3367 2903 3608 1
2903 3082 3608 2667 1
2063 3140 4142 3608 1
3121 3082 3140 3608 1
3475 4094 3933 3756 1
4157 3675 4022 898 1
4257 4050 3845 3704 1
4257 3837 4050 3704 1
3837 3630 362 3704 1
425 3520 3772 4083 1
3850 4257 3917 3704 1
2602 3515 3959 3362 1
3514 3666 2685 2622 1
3677 1633 1683 1631 1
3464 3677 1631 1633 1
3514 3350 3666 2622 1
2852 3514 2599 3629 1
2599 3056 3514 3350 1
3772 3482 3658 3428 1
3515 2603 3514 2685 1
3515 2603 2685 2929 1
3515 2929 2854 2603 1
3646 3514 3515 2603 1
3646 3662 2603 3515 1
4257 3845 3917 3704 1
1624 2616 2596 2615 1
1624 2616 2615 1671 1
3516 3410 2550 1484 1
3516 2550 1408 1484 1
2902 3862 3397 3407 1
362 3704 3630 3993 1
3837 4257 3630 3704 1
3630 3704 4257 3850 1
3951 1031 1131 3797 1
3071 2790 976 3951 1
2742 3071 2757 2785 1
3630 3850 4257 3702 1
71 85 3328 4174 1
3904 3487 4131 1030 1
3407 3397 3835 3862 1
3070 3904 975 4152 1
2784 2527 4105 3431 1
3772 3354 3482 3716 1
3238 842 3980 874 1
1644 1646 2978 2599 1
2978 1699 1702 1650 1
1648 1650 2978 2599 1
3821 3859 3428 495 1
1206 1304 2718 2767 1
2718 2767 2800 2522 1
3498 3702 3630 4257 1
3610 4260 800 731 1
1303 2768 2799 1365 1
3630 4257 3837 3498 1
3659 365 3001 3840 1
3772 3482 3354 3658 1
2326 3394 3683 3123 1
3611 4253 3596 3432 1
1000 3250 1068 1053 1
3611 3123 3596 4253 1
2946 2523 3432 3127 1
2338 3694 2350 3568 1
3568 2350 2354 3694 1
4186 495 3859 3821 1
275 4209 319 285 1
3238 3283 786 3279 1
275 4209 3754 319 1
1663 3134 3522 2613 1
3522 2613 1659 1663 1
1659 2613 3522 1655 1
3522 3134 2591 2613 1
4209 3738 3754 319 1
2309 2325 3633 3472 1
3283 4063 786 3279 1
4209 3738 319 285 1
956 3988 3338 3616 1
575 3554 546 4146 1
1080 2784 1194 2521 1
150 191 154 3458 1
4249 1080 2521 2784 1
742 2518 788 2736 1
2736 788 835 848 1
741 2735 787 2505 1
4146 3280 3057 3554 1
2735 847 834 787 1
3171 3192 3497 2658 1
3167 3171 3497 2658 1
4146 3057 575 3554 1
4221 4146 3554 3280 1
3349 4077 3477 679 1
118 3605 2459 153 1
119 2471 3458 154 1
1474 3040 2557 3260 1
3349 3477 4077 4200 1
3912 276 254 3559 1
3912 276 3559 2487 1
3859 4008 3489 3799 1
3527 2795 3056 3350 1
643 587 3636 3774 1
2599 3527 3056 3350 1
2402 3746 4095 3643 1
4024 524 4233 459 1
4024 524 3317 4233 1
3492 3578 556 554 1
3441 2028 2102 2670 1
3441 2102 3042 2670 1
3453 554 3578 3492 1
4227 3025 1596 3324 1
3530 3025 2747 2614 1
1641 1596 4227 2614 1
4186 3492 3453 3578 1
3541 3760 4168 1740 1
4186 3492 3578 3489 1
3555 3850 3950 3917 1
2443 3493 4184 2440 1
3710 420 4133 348 1
3710 3543 420 386 1
3297 3650 1190 1182 1
3710 4133 420 3543 1
2443 3493 2440 2442 1
3583 1183 1191 3651 1
3918 1811 1852 2650 1
3918 2650 1852 1848 1
154 2471 3458 191 1
3458 2471 3532 191 1
4035 675 679 695 1
3532 2981 2471 2708 1
250 2471 3532 2981 1
191 2471 3532 250 1
4129 3495 412 3845 1
3477 4035 679 695 1
66 4242 84 88 1
4005 3759 4224 3910 1
67 89 85 4150 1
3759 4224 4041 4005 1
3080 791 826 3052 1
3080 3364 3052 3047 1
412 3495 565 3845 1
3495 3845 4235 565 1
792 773 3616 905 1
3338 3081 3469 3344 1
3781 2486 3081 3344 1
3605 94 118 2459 1
3328 2471 119 95 1
1683 4215 1725 3329 1
3329 1725 1734 3273 1
3740 4252 2430 3584 1
1516 2596 3261 2573 1
2573 2596 3261 2681 1
3740 2401 4252 3584 1
1516 2596 1526 3261 1
2394 2430 4252 3584 1
3993 3850 3496 3764 1
3993 3907 3496 3850 1
2755 2832 3144 2086 1
3764 4204 3850 3496 1
115 144 2764 121 1
144 2764 3007 2990 1
4204 3519 3850 3496 1
4175 4077 618 4200 1
3645 3225 3672 3667 1
690 3230 749 3667 1
447 3465 3021 346 1
3942 3607 3434 331 1
3849 4160 2478 3626 1
3586 1070 1119 3706 1
4175 4195 618 4077 1
3434 3942 331 3768 1
3138 3152 1260 1252 1
3138 1252 2514 3152 1
4151 3676 3384 3681 1
4151 3384 3676 691 1
2806 3625 2793 1705 1
2744 3625 2806 1705 1
2806 2744 2448 3625 1
2339 3694 3855 3622 1
3077 3275 3695 3510 1
2649 2791 2861 2752 1
2752 2664 2791 2861 1
161 3870 201 3545 1
3870 3545 237 201 1
4183 3545 3952 2483 1
2985 161 3545 3870 1
3592 776 3499 3690 1
3275 3824 3695 3510 1
3173 4187 3979 2355 1
3595 1815 1827 4052 1
3844 3595 1827 4246 1
3595 4246 4052 1827 1
27 25 37 3960 1
3390 3031 3899 3634 1
4010 3634 3381 3566 1
3440 2802 2661 2209 1
4170 4203 3835 1800 1
3297 1290 1349 2521 1
2228 3429 2284 2266 1
4170 1796 1800 3835 1
3583 1191 1289 3651 1
3583 1350 1289 1296 1
1316 2532 3289 3310 1
3635 2734 3205 1965 1
3635 3346 2734 2952 1
2852 2599 2577 1601 1
3635 2952 2734 1965 1
3635 3346 3585 2734 1
307 3571 3659 4120 1
3635 3205 2651 1965 1
1641 1602 1596 2614 1
4162 3992 322 290 1
3833 600 4085 3718 1
3461 3767 828 3332 1
3401 3598 833 3503 1
3598 833 3023 3291 1
4212 3598 4155 3968 1
3775 3833 4085 3718 1
2027 2950 3172 2101 1
3600 1751 4208 3976 1
1978 4074 3032 2050 1
584 4015 3798 3883 1
3918 2650 1853 1811 1
3918 1849 1853 2650 1
4162 322 3992 4196 1
1996 2056 3556 1998 1
1996 2060 3556 2056 1
3556 2663 2618 3281 1
3556 2663 2178 3962 1
1998 3556 3281 2056 1
3611 4098 2998 2358 1
3041 3205 3753 2667 1
2358 2998 3611 3216 1
4039 3754 319 305 1
3754 3930 305 4025 1
3560 129 98 2468 1
3560 1440 2457 2311 1
3292 3163 3264 2994 1
4 3562 12 3936 1
4 3562 3936 3320 1
3562 2311 3936 3320 1
2358 3611 3683 3394 1
3795 3816 4128 2463 1
3599 4157 3278 3565 1
4260 3599 3278 3565 1
4147 4016 3849 536 1
3877 4022 841 3565 1
772 791 3849 3364 1
11 19 29 3847 1
11 3847 29 3500 1
3847 2454 29 3500 1
2358 3611 3394 3216 1
3611 4098 2358 3314 1
4128 3747 2864 3303 1
29 3847 19 35 1
29 3847 35 2454 1
2470 2970 2458 227 1
2336 3204 3839 3860 1
3611 2358 3683 3314 1
2330 3874 3839 3857 1
4230 3038 478 408 1
4127 758 737 3517 1
3781 3212 2486 3344 1
4154 3767 3517 4127 1
4127 3517 4154 758 1
1317 2541 3311 3290 1
2259 2257 3644 3633 1
3311 2541 2844 3290 1
3691 2816 2581 2987 1
3691 2472 2581 2852 1
3691 3646 2581 2816 1
366 2939 2866 3518 1
2310 3644 2327 3633 1
299 325 4024 297 1
2876 2605 1494 2930 1
299 371 351 4024 1
4015 3347 3557 3798 1
1494 3239 2605 2876 1
339 4024 325 363 1
299 325 339 4024 1
3933 3347 3557 3533 1
870 3270 995 948 1
3529 4045 4124 3995 1
435 3975 3529 3627 1
2335 2329 4080 3965 1
3887 3995 3529 3975 1
3529 4045 4051 4124 1
3450 4098 3314 3915 1
3899 908 921 865 1
3899 867 865 921 1
3899 3296 921 3399 1
4258 866 922 909 1
4258 922 866 868 1
4258 2503 922 868 1
1731 3106 1780 3213 1
3314 4098 2358 3915 1
307 3439 3717 3571 1
307 3439 271 3717 1
3550 3763 3820 3590 1
3763 670 3820 3590 1
3087 3927 750 3657 1
3827 3657 750 676 1
526 3533 455 467 1
4015 3533 455 526 1
3827 3087 750 3657 1
1630 2602 1682 3689 1
686 3637 4268 3873 1
3869 1630 3689 2602 1
686 3873 4268 2499 1
686 2499 745 3873 1
3475 3756 3933 3533 1
3531 3379 3294 3102 1
3533 3475 3732 467 1
829 4258 2503 3703 1
3531 3721 3294 3379 1
1959 2934 2027 2968 1
2934 2027 2968 3172 1
4236 4160 3626 2478 1
2816 2603 3350 3646 1
3646 3514 2603 3350 1
4049 3406 3898 1814 1
3533 3347 3557 4015 1
3106 2601 2876 2624 1
3213 2624 2601 3106 1
3756 3347 3533 4015 1
3864 2413 3493 2416 1
3582 3755 2960 2888 1
143 2960 174 2716 1
4183 3952 3132 2483 1
2985 3892 174 2960 1
4183 3952 3582 3132 1
2985 3582 3376 3132 1
3629 3514 2599 3056 1
1640 1644 3629 2852 1
3629 1644 2978 2599 1
2699 2718 3583 2522 1
1893 2646 3438 3213 1
2699 3583 4262 1183 1
3106 3213 1782 1780 1
2699 1183 1191 3583 1
2391 2401 3584 3539 1
3104 3423 4127 770 1
4136 1793 1801 4052 1
1743 3100 1788 1747 1
387 3421 411 3954 1
1747 3866 3100 1788 1
2808 3091 21 7 1
411 3421 3355 3954 1
3204 2336 3839 3476 1
3059 2808 7 3091 1
4105 1307 1215 1213 1
737 4127 3517 770 1
4127 770 3423 3517 1
3587 2461 2696 2473 1
3587 2756 2696 2461 1
1491 2595 1568 1499 1
1491 1499 2610 2595 1
3991 2460 2756 3195 1
1867 1899 1917 2925 1
3979 3569 3903 3542 1
3903 3369 2375 3741 1
2373 3510 3903 3542 1
3890 3721 3208 3531 1
3890 1143 3721 3531 1
3979 3510 4043 3542 1
3569 3979 4043 3542 1
2373 3903 2375 3741 1
3879 2819 1584 1582 1
3879 1584 2819 1586 1
3589 2449 3085 2961 1
3876 1550 3365 1559 1
4196 332 3992 401 1
4196 401 3992 4248 1
3893 4162 3547 3841 1
324 3932 3547 4188 1
3992 3841 3547 4162 1
3659 3571 2716 235 1
3986 3015 4240 3244 1
1314 1266 2532 2871 1
1266 2528 3509 2871 1
3986 3736 4240 3015 1
1315 2846 2541 1267 1
1267 2541 2544 2846 1
3039 3003 2539 2880 1
3039 2880 2827 3003 1
2517 2880 3039 2539 1
2509 3039 2517 2880 1
3054 3185 2832 2705 1
2705 2832 2748 3185 1
398 3459 3305 3130 1
3054 2832 3185 3144 1
801 703 3279 786 1
3621 3272 388 365 1
398 3459 3130 3001 1
3067 2975 3208 3721 1
3067 2975 3721 3822 1
1133 3721 3822 3890 1
3621 3272 3768 388 1
3725 1178 2529 3593 1
2430 2434 3740 2439 1
3740 2441 2439 2434 1
4152 2672 3431 2490 1
2490 2395 2711 2554 1
2439 3740 2430 4184 1
85 4150 119 3328 1
119 3328 4150 3458 1
3328 3653 2457 3458 1
3744 4002 4111 3921 1
2413 2442 3493 2416 1
2526 2469 195 158 1
3409 3754 4209 2479 1
2413 2442 2429 3493 1
4134 4195 620 4076 1
3493 2429 2435 2442 1
3070 2784 2672 1078 1
2940 3660 1766 2621 1
2940 2621 4228 3660 1
3242 4012 3564 2495 1
3327 2938 2511 2512 1
4141 3598 4212 3108 1
4141 4155 4212 3598 1
2637 2530 2961 2395 1
3664 2702 2447 1023 1
1033 944 3664 2702 1
1033 3664 1023 2702 1
323 3624 3335 4045 1
149 3605 190 2460 1
4045 3624 3370 3046 1
1965 2041 3000 3263 1
190 3605 3195 2460 1
3356 882 3238 3914 1
3914 882 3238 874 1
3279 3238 3178 3356 1
902 847 2789 917 1
2827 2562 2554 3045 1
903 918 2788 848 1
3883 3638 3798 4127 1
3335 3624 3370 4045 1
4045 3624 3460 4189 1
1597 4214 3079 1638 1
2751 2678 2572 3043 1
2678 2572 3043 2452 1
4045 3624 3046 3460 1
3624 3961 3460 4189 1
3066 3530 2717 2763 1
3931 2614 3530 2763 1
4101 1123 1132 2901 1
1597 4214 2852 3079 1
4214 2602 3079 1638 1
4054 504 449 445 1
3333 2376 3443 4002 1
2290 4122 3749 2292 1
2290 2300 3749 4122 1
2380 4002 3333 3443 1
323 3624 4045 4189 1
3455 4137 4223 414 1
2554 2997 2987 2581 1
2581 2818 2586 2582 1
2581 3107 2586 2854 1
2581 2818 2854 2586 1
2430 2434 4252 3740 1
3765 3299 3639 3891 1
3740 3584 2430 4184 1
3765 3299 3029 3639 1
3234 3765 3029 3639 1
3445 3292 3264 2992 1
1132 1155 3805 3352 1
409 4248 3880 3285 1
3668 409 3285 4248 1
3183 3354 3489 3752 1
1784 2621 3853 3898 1
3665 3898 2906 2621 1
1768 1784 3898 2621 1
1408 1328 2550 2576 1
1408 1416 2576 2550 1
2929 4031 2906 3665 1
3489 3354 3682 3752 1
2479 4094 3734 3371 1
3071 2543 3951 2757 1
594 3199 3674 761 1
3572 3779 3697 3675 1
3278 3675 3779 3572 1
3278 3779 3675 4157 1
3704 4050 4129 3863 1
1265 1270 1309 3473 1
1270 1293 1324 3473 1
794 3873 900 3209 1
980 2519 2788 1028 1
2788 2749 2519 2736 1
1028 2788 2749 2519 1
980 2519 2736 2788 1
3704 3837 4050 3863 1
2735 3614 2789 2937 1
3863 4050 4129 412 1
1827 4246 4213 1866 1
4246 2651 4213 1866 1
343 505 4160 353 1
3435 3201 3133 4156 1
3968 3323 829 3023 1
3968 3023 829 4258 1
1355 2799 1391 1365 1
1365 1391 1404 2799 1
1365 2768 2799 1404 1
1356 1366 1392 2800 1
1366 2800 1405 1392 1
1366 1374 3111 2767 1
1872 2814 1937 1931 1
3098 2814 3441 1872 1
1954 2671 1937 2814 1
4177 3612 3456 4145 1
3637 569 564 647 1
1879 2642 2760 1776 1
1879 1818 2760 2642 1
2690 2494 2477 3395 1
4002 3443 3744 4111 1
576 2495 3815 607 1
3260 2584 1529 1525 1
1525 2584 3040 3260 1
3260 3040 2557 2584 1
1580 2591 3876 3261 1
3815 607 2495 3242 1
3661 2845 2543 2619 1
2757 3797 1131 1214 1
3600 1743 1747 3326 1
3725 1130 2529 1178 1
3725 3593 1213 1178 1
2969 2619 2815 2781 1
3001 3840 3272 4149 1
4094 4149 3272 3840 1
3647 3116 3010 4271 1
3647 2662 3116 4271 1
947 1008 1061 4201 1
3577 361 3894 3232 1
297 325 4024 392 1
297 392 4024 3449 1
299 371 4024 339 1
947 1061 3020 4201 1
304 3813 3304 258 1
2856 2642 2732 3213 1
304 521 3773 3813 1
3813 3304 258 3028 1
3773 521 3417 3813 1
3813 3417 3304 3028 1
3577 3463 361 3232 1
3577 4071 305 3894 1
3443 4099 3744 4111 1
4054 3455 342 358 1
3443 2380 3744 4099 1
1046 3398 3686 1049 1
3686 3487 3398 1046 1
3112 3398 3686 2529 1
3112 1049 3686 3398 1
1048 3112 1109 2534 1
555 3580 4175 4200 1
1048 2509 3112 2534 1
3450 2349 3641 2337 1
3018 3642 2778 3649 1
3450 3915 3314 3641 1
3580 4089 4175 4200 1
1857 1877 3026 3588 1
3623 2942 2586 3107 1
3555 4089 3580 4200 1
2561 3623 2914 3307 1
3588 1877 3026 3004 1
498 3692 4018 4089 1
3349 3889 4089 4175 1
2806 2448 2722 3625 1
2806 2214 3625 2210 1
2793 2806 2214 3625 1
2557 2828 2873 3405 1
3581 2391 4111 2378 1
4095 4111 3581 2391 1
3405 2873 2557 3452 1
2532 2557 3405 2828 1
3450 3641 2349 3537 1
2967 2817 2812 3876 1
2812 2817 3365 3876 1
2967 3876 2812 2591 1
3844 3655 4246 3585 1
3655 3481 4246 3585 1
3450 4098 3915 3938 1
3655 4052 4246 3481 1
3844 3655 3595 4246 1
3655 4246 4052 3595 1
917 2505 2789 977 1
977 2739 2505 2789 1
3837 3498 3693 288 1
4004 3202 3693 3498 1
4004 3870 3693 3202 1
3870 238 3693 3202 1
244 238 3693 288 1
3537 3736 3938 2343 1
2391 4095 4184 3643 1
2391 4184 3864 3643 1
2062 2063 3462 3140 1
3643 3493 4184 3864 1
1695 3629 3326 3976 1
4188 3893 3547 3841 1
3629 3514 3666 2685 1
3932 3893 3547 4188 1
1280 2845 2539 3220 1
3656 3822 1133 1124 1
3698 907 891 913 1
3698 850 891 907 1
3698 891 4181 913 1
3698 913 4181 3338 1
1456 2553 4140 1472 1
1472 4091 2553 4140 1
2789 3614 3632 2531 1
2570 2789 3632 2531 1
2570 3452 2531 3632 1
2531 3405 2938 3632 1
2531 3614 3632 2938 1
2531 3452 3405 3632 1
4030 702 3927 3657 1
4030 702 3657 605 1
2310 2706 2259 3633 1
3701 1034 1130 3904 1
3284 3904 1034 3701 1
1623 2819 1658 2606 1
1623 2606 2584 2819 1
2819 1662 1658 2606 1
1583 3522 1659 1663 1
1659 3522 1583 1655 1
3522 1583 1655 1581 1
1580 3522 1655 1581 1
1357 2592 3807 2675 1
1357 2552 2675 3807 1
2675 2592 3807 2707 1
2675 2552 2707 3807 1
189 3007 199 3575 1
2990 204 206 3202 1
2990 165 3870 3202 1
3007 185 3575 189 1
4184 2431 3594 2394 1
3263 2206 3096 2801 1
2134 2041 2128 3041 1
3372 710 4145 3437 1
3433 3772 3658 3426 1
3660 2621 1770 1766 1
3660 3838 4068 1739 1
3177 3572 3705 4233 1
3705 3634 3899 3177 1
3177 3705 3634 4233 1
1079 2785 1200 3071 1
3541 3760 1767 4168 1
2702 2540 3131 2686 1
2702 3131 2719 2686 1
2447 3131 2719 2702 1
3095 2322 2328 2315 1
2363 3235 3979 3173 1
3173 3235 3695 4267 1
2716 230 3571 3334 1
4199 1173 1156 3671 1
3626 3303 3080 520 1
294 316 314 4223 1
3813 521 3417 466 1
3578 3211 3842 3752 1
3578 682 3603 3211 1
259 301 4190 3865 1
235 327 267 3659 1
3578 3211 3603 3842 1
354 4244 344 3733 1
3590 3842 3603 696 1
4070 1064 1040 985 1
3590 670 696 3603 1
670 3603 3578 682 1
4070 2506 1064 985 1
3260 2557 2558 3879 1
3840 4209 2888 3571 1
3169 2999 2643 1865 1
1207 1255 2507 3351 1
1255 1257 2507 3138 1
2507 1207 3351 3005 1
3422 3241 3604 3418 1
3459 3347 4015 3130 1
3422 3604 4191 3418 1
3169 2857 2643 2999 1
2551 3665 3945 3869 1
1628 2551 3869 1680 1
1680 2551 3869 1726 1
1628 2779 3869 2551 1
2779 3945 3869 2551 1
2551 1726 3665 3869 1
3459 3245 3347 3130 1
2274 3368 2668 2320 1
2320 3368 2668 4253 1
499 4037 4015 3305 1
3241 3191 3604 3418 1
3992 409 3668 4248 1
2788 2749 3474 2740 1
3226 3668 3836 4223 1
3226 3836 3668 3777 1
3780 4030 4233 605 1
3104 3191 3418 3604 1
128 2460 2756 3991 1
4233 4030 3657 605 1
319 3335 291 3738 1
319 3335 3738 3601 1
3637 3225 3573 3873 1
3886 4233 3780 4030 1
319 3601 3738 4039 1
2210 2722 2256 2268 1
2368 3803 3606 2398 1
4152 2490 2637 2961 1
3085 4152 2961 2490 1
4214 2602 1636 1634 1
3105 1609 1632 1634 1
3105 2602 4214 1634 1
1809 2795 3056 3527 1
1702 3527 1809 3056 1
3754 3738 4039 319 1
3607 408 3434 3038 1
3038 408 337 3607 1
3987 3671 3882 3721 1
1173 1189 3671 1231 1
2193 2191 3905 3712 1
400 408 3434 3607 1
3987 1189 3882 3671 1
2541 2926 2844 3290 1
3905 4023 2193 3712 1
2985 164 3892 3545 1
285 3738 319 291 1
3714 4189 381 4045 1
2985 165 3870 2990 1
2316 2329 3673 4046 1
3175 2316 3673 4046 1
3229 3331 2970 3217 1
3217 3331 4244 3229 1
3673 4046 3965 3010 1
3965 4046 3673 2329 1
3401 833 4210 790 1
3621 3840 3272 365 1
3621 3840 3768 3272 1
3768 3840 4094 3272 1
3676 3384 795 691 1
2916 2351 2353 3022 1
3022 3048 2351 2353 1
2351 3048 3711 2353 1
2577 2852 3646 2599 1
2577 2852 3691 3646 1
3691 2852 2581 3646 1
3561 4024 3177 3381 1
2379 2414 3569 2389 1
901 2499 3115 914 1
901 4217 3115 2499 1
197 3155 3158 227 1
258 197 3155 3158 1
3040 2583 2557 2584 1
235 2716 3659 3574 1
3569 2398 2414 2379 1
1062 2975 3067 3822 1
3721 3987 2975 2837 1
3721 3882 3987 2837 1
1585 1583 1663 3134 1
4269 3390 3638 4127 1
2345 3736 3986 3015 1
2327 2325 3420 3633 1
3651 3699 1364 1350 1
269 279 3449 297 1
269 3449 265 4190 1
3899 832 865 3006 1
2351 2360 3330 2354 1
3449 349 4190 3561 1
3449 351 3561 4024 1
3736 3938 4240 3649 1
3705 3899 3390 2972 1
3653 3393 2720 2471 1
3328 2471 3393 3653 1
3450 3018 3938 3736 1
3653 2471 3532 3458 1
3653 2708 3532 2471 1
3328 2471 3653 3458 1
3255 3615 3667 3230 1
3230 3615 3667 690 1
2526 167 195 3896 1
3389 3109 194 132 1
2123 3198 3162 2199 1
3354 3682 3456 3424 1
3456 3682 3558 3424 1
3489 3682 3225 3667 1
975 3070 4152 935 1
4076 3758 3826 563 1
3683 3611 4253 3123 1
1722 3869 3689 4228 1
2326 3683 4253 3123 1
3889 3758 3826 4076 1
3298 3136 3703 2949 1
21 2808 59 3091 1
746 2499 4217 831 1
820 4135 3404 3672 1
1202 1204 3583 2699 1
1202 2522 2699 3583 1
4033 3612 4177 720 1
3926 539 480 476 1
4217 2499 901 831 1
3275 2357 3618 2777 1
4033 3752 4177 3456 1
2777 3275 3077 3618 1
2114 3096 2670 3157 1
2114 3096 2183 2670 1
2764 2469 2470 3360 1
2764 3360 2470 3007 1
2470 2458 3360 2469 1
2470 3360 2458 2970 1
4264 3971 4109 3933 1
3721 3882 3379 3671 1
4264 3933 4109 3557 1
2416 2412 2436 2441 1
1892 3730 1864 3346 1
1143 3721 3379 3671 1
3812 776 3748 3968 1
3968 3703 829 3748 1
776 3968 829 3748 1
3812 3748 3703 3968 1
3661 2843 2815 3131 1
2416 2444 2441 2436 1
3798 3557 4015 584 1
3661 3008 2619 2815 1
3661 2619 2781 2815 1
1307 1373 1393 3236 1
3661 3008 2815 2843 1
2444 3493 2416 2441 1
3740 2441 2412 2416 1
4098 4240 4002 3333 1
740 3592 3690 4040 1
3262 3690 3748 3502 1
3690 4040 3502 3262 1
2580 2581 3662 3411 1
3662 2581 2603 2854 1
3662 2854 2603 3515 1
3592 776 3690 4206 1
2580 3411 3662 4214 1
4098 3649 4002 4240 1
3690 776 3748 4206 1
4044 4112 3348 3794 1
2441 2416 3740 3493 1
1393 4058 1441 4096 1
3796 3226 624 3727 1
4112 3299 3348 3794 1
4077 685 679 3727 1
4146 4112 4044 3794 1
4112 4205 3299 3794 1
681 667 3552 4138 1
3333 4240 4002 2380 1
4035 646 679 675 1
2338 3928 2350 3694 1
3694 2350 2354 3928 1
2338 3420 3928 3694 1
3694 3420 3928 3622 1
3733 3215 537 506 1
3733 3212 2486 3773 1
2512 2684 2519 2834 1
3733 2486 3212 3486 1
3733 3212 3773 537 1
3694 3928 2354 3622 1
3170 3294 2926 3102 1
3170 3102 3531 3294 1
322 3992 332 290 1
284 4162 322 290 1
2801 2671 2284 2288 1
2801 2284 2671 3254 1
4257 3124 3702 3149 1
322 4162 4066 4196 1
3559 3702 3498 3124 1
3792 3810 3666 2525 1
3124 3498 4257 3702 1
3056 2795 2525 3666 1
3350 3666 2795 3056 1
3514 3350 3056 3666 1
3786 3385 4033 3971 1
3706 3269 3020 2991 1
377 3670 3627 3771 1
3627 3529 377 3771 1
3706 3013 3325 1119 1
3070 2758 2784 2741 1
994 3269 3586 1040 1
3627 4124 3529 4051 1
4051 3627 4124 4186 1
3071 2757 2785 2543 1
3706 3269 2991 3325 1
3266 1796 4170 3835 1
3627 3737 4036 4186 1
3266 4143 3792 3835 1
3266 4143 3835 4170 1
995 1041 3208 3270 1
429 3821 4186 3716 1
4186 3821 3482 3716 1
4133 3108 4141 3707 1
4133 3029 3108 3707 1
3234 3029 4133 3707 1
306 4017 4067 3630 1
4133 3943 420 3707 1
2363 3235 4043 3979 1
4227 3025 3324 2590 1
3630 3559 3907 3702 1
2318 3173 3235 2363 1
3324 4227 2590 1598 1
692 3242 766 3512 1
3512 766 2735 3242 1
3708 3141 3628 1773 1
1850 3141 3628 3708 1
693 3512 767 3243 1
3167 2658 3497 3546 1
3512 767 3243 2736 1
3512 3265 2511 2510 1
436 3631 498 3692 1
3631 3929 498 3692 1
3978 4209 2888 3409 1
2324 3427 2327 2339 1
3409 3930 3978 3754 1
2575 2500 39 4090 1
263 3978 3920 3930 1
263 3920 3232 3930 1
263 3577 3930 3232 1
263 3577 305 3930 1
263 3978 3930 305 1
292 4162 290 3547 1
292 3547 324 3932 1
120 143 3816 2774 1
3723 436 3889 441 1
3547 3992 4162 290 1
2551 2956 2625 2983 1
1629 2551 1681 3677 1
3677 1681 1729 2551 1
3677 3274 2983 2625 1
2679 3678 2450 2650 1
1919 2650 3678 2679 1
1919 1990 3678 2650 1
1990 3678 2650 2803 1
3678 2803 2766 2650 1
3678 2450 2650 2766 1
2777 3606 2368 3803 1
4243 2379 3606 3979 1
4187 4243 3606 3979 1
3217 3733 2486 3773 1
4002 2380 3744 3443 1
3739 3191 722 3636 1
3244 3015 3744 2356 1
4244 2486 3217 3733 1
4127 4269 3191 3636 1
3636 3739 643 3774 1
3125 3680 2660 4173 1
2692 3680 3905 2729 1
2835 3680 2692 2729 1
2835 3680 2660 3125 1
3907 4078 3893 3496 1
4188 3907 3893 3496 1
3755 3978 2888 3409 1
3409 3881 3755 3920 1
3528 690 3230 749 1
3166 2904 2886 2537 1
4257 3519 3149 3702 1
4257 3850 3519 3702 1
3022 3720 3048 3684 1
3620 3549 3828 3283 1
3828 3549 4063 3283 1
3828 3549 4011 4063 1
3549 4141 3828 4011 1
3549 4141 3620 3828 1
3048 3720 2360 3684 1
2998 3022 3684 3720 1
430 3850 3993 3764 1
3750 3521 3948 2566 1
1433 1394 2566 3750 1
1394 2566 3750 3969 1
3506 3448 3714 3415 1
3919 390 3714 329 1
192 4104 3795 224 1
3714 3448 390 3919 1
172 192 3747 2463 1
3795 192 2463 3747 1
3957 4189 329 3714 1
191 229 3532 187 1
150 187 3532 2468 1
562 3654 3414 4014 1
3465 3421 3715 3271 1
3715 3271 3421 3488 1
3715 3268 3271 3488 1
2476 2674 2475 2877 1
2545 2877 2476 2475 1
2988 2475 2476 2674 1
2780 2476 2475 2545 1
2780 2988 2475 2476 1
2959 3640 2383 2377 1
2959 3640 2377 2359 1
2573 2765 2548 2596 1
3248 3837 288 3498 1
3248 3630 3837 3498 1
3887 381 377 3529 1
3196 2090 2096 3913 1
2096 3913 2782 3196 1
3642 2778 3649 3454 1
3649 2778 4002 3921 1
4045 381 3529 377 1
3454 3649 3921 2778 1
3371 2479 4094 3840 1
2733 3982 2689 3413 1
3282 2451 2733 3982 1
4098 2778 4002 3649 1
3282 3982 2733 3413 1
4209 3371 3840 2479 1
3421 3444 3570 4119 1
3876 3134 1585 1559 1
4233 3634 3381 4010 1
4010 3130 3848 3566 1
430 3704 3850 4222 1
801 4261 636 3937 1
3937 852 807 801 1
989 3483 1096 1074 1
748 3937 807 801 1
3483 2520 1108 1096 1
636 748 801 3937 1
801 4261 3937 852 1
2888 3755 2960 2716 1
2352 2357 2373 3275 1
1108 2520 2882 1154 1
2960 2888 3376 3582 1
3719 418 370 397 1
2716 3659 2888 3571 1
2716 203 230 3334 1
3555 4089 4200 4204 1
3719 4085 4194 418 1
4194 418 370 3719 1
3275 2352 3824 2373 1
2550 3751 2711 3117 1
2550 3751 3117 3410 1
1769 4273 2625 1774 1
2711 3189 2554 2987 1
2554 2987 3189 2581 1
3704 4129 3845 4222 1
1774 4273 2625 3524 1
4204 3950 3555 3850 1
3422 4191 3526 3089 1
1936 2025 1953 3061 1
3942 3621 3768 388 1
3443 2420 2415 4099 1
2 2456 6 1 1
3718 600 630 3833 1
361 3002 4132 4083 1
4234 3718 630 3833 1
4237 3718 4234 3833 1
4237 3775 3718 3833 1
3407 1796 3835 3397 1
1800 3835 1796 3397 1
4132 3002 3520 4083 1
425 3520 4083 4132 1
685 4138 681 665 1
665 3226 624 3796 1
3907 4078 3702 2487 1
3559 2487 3907 3702 1
3907 2487 3893 4078 1
1356 2800 1392 3699 1
3583 2718 3699 2522 1
2718 2522 2800 3699 1
2487 3907 4255 3559 1
4184 3594 2391 3584 1
595 3317 488 524 1
2431 3594 4095 4184 1
2487 4255 3907 3893 1
4184 3594 4095 2391 1
3727 685 3796 4138 1
2310 2259 3644 3633 1
4101 3901 1070 3277 1
3999 3777 3226 3727 1
1071 3067 3208 3890 1
3963 3067 3890 3822 1
2802 2209 2211 2661 1
3963 3890 3067 1071 1
1416 1486 2549 3516 1
3652 3443 2399 2415 1
4099 2415 3443 3652 1
2864 3303 2477 2478 1
3303 3027 2864 2477 1
3821 490 495 3428 1
3303 4056 2864 3027 1
3747 4056 2463 2864 1
4014 3654 3414 497 1
562 3513 3414 3654 1
2463 3747 2864 4128 1
761 3674 622 2500 1
585 3257 4212 3812 1
761 3199 3674 2500 1
761 809 3199 2500 1
3257 3812 3703 4212 1
772 3923 3849 3316 1
3812 3257 3703 4112 1
3257 585 4112 3812 1
420 4133 348 460 1
348 460 4133 4053 1
420 3943 4133 460 1
4133 460 4141 4053 1
1400 2557 1474 3040 1
1400 3040 2871 2557 1
4149 3049 3347 3245 1
4002 3649 3744 4240 1
4002 3744 2380 4240 1
1857 3093 3588 3026 1
2665 4070 3166 2445 1
2717 4121 3084 3150 1
1755 1799 1803 2634 1
3066 1799 1755 2634 1
3829 328 3234 386 1
3182 2717 3150 4121 1
386 3829 3543 3234 1
900 914 3115 2499 1
900 2499 3115 3209 1
3209 3115 2683 2499 1
3829 3543 3710 386 1
480 538 539 3926 1
574 645 653 3557 1
3910 538 539 597 1
6 2456 18 5 1
2404 2421 4252 2414 1
3731 3125 2660 4173 1
3731 4173 2123 2121 1
3973 2692 3125 4173 1
2332 3427 3622 3135 1
3731 4173 2660 2123 1
3731 3125 4173 3973 1
3731 3973 4173 2121 1
4264 4165 3933 3475 1
3475 4207 4264 4165 1
3618 3903 3803 2375 1
3709 4072 4191 3422 1
2508 1195 2522 1202 1
2699 2508 2522 1202 1
3310 2871 2532 2557 1
2541 2844 2909 3311 1
4207 478 4102 3038 1
3734 4094 4165 3738 1
3734 3738 4165 3258 1
1995 3246 3735 2062 1
3735 2050 2054 3125 1
2054 3735 3125 3246 1
3709 3422 4191 3526 1
3057 3280 3285 475 1
83 2526 87 2469 1
3057 3777 646 553 1
2833 2469 2526 83 1
528 509 3114 446 1
509 3114 2475 3224 1
1880 1777 2761 2657 1
3060 1876 1880 2657 1
3528 745 794 3873 1
3933 3994 4109 3557 1
2224 3009 3884 3194 1
3054 2667 3254 3076 1
2755 3144 3009 2163 1
3317 3780 605 595 1
4145 3612 3456 3994 1
3317 3610 3780 595 1
3489 3658 3225 3682 1
3558 4145 3456 3994 1
4076 4195 620 4172 1
373 3737 3997 3670 1
3737 429 4036 4186 1
676 722 3241 3191 1
3241 3191 722 3604 1
4260 3565 3278 3610 1
166 2459 3745 207 1
166 3109 3745 2459 1
4260 851 3565 3610 1
800 851 4260 3610 1
1781 2787 2761 2725 1
2761 2787 2633 2725 1
1732 2761 1781 2787 1
4056 2462 2463 2864 1
3303 2477 2869 3027 1
3670 4113 3627 3737 1
1867 1899 2925 3053 1
3702 3124 2487 3309 1
3702 4078 3309 2487 1
1899 2934 2925 3053 1
2634 1847 3176 2654 1
1856 2655 3176 3868 1
3124 3559 3702 2487 1
3369 3569 2414 4252 1
3743 3064 1740 3366 1
2041 3753 2051 3041 1
3753 3367 2055 2051 1
2055 3753 2903 3367 1
4021 583 640 3713 1
3487 1109 2529 1125 1
1109 2529 3686 3487 1
583 3713 677 640 1
3310 2532 3289 2828 1
3686 2529 3398 3487 1
2833 2466 81 80 1
2833 81 2466 2469 1
3289 2532 2840 2828 1
3785 1553 1542 2590 1
3310 2532 2828 2557 1
58 57 2456 2826 1
583 4021 4011 3713 1
3521 3785 1542 2590 1
2347 2358 3683 3394 1
3850 3917 3555 4222 1
2358 2347 3683 3641 1
3850 3704 3917 4222 1
584 3883 643 587 1
3636 3883 4127 4269 1
2758 3904 3725 1130 1
3233 4231 3259 3728 1
3233 4231 3728 3032 1
3432 3749 3368 4122 1
3482 3489 3354 3658 1
2337 2966 4253 3450 1
2966 3400 2337 2330 1
3772 3336 3354 3716 1
3028 2458 2469 2485 1
3864 3493 4184 3740 1
3772 3354 3433 3658 1
4253 3749 3368 3432 1
3740 2401 3584 4184 1
3787 1537 1541 2580 1
1537 3787 2472 2580 1
3772 3354 3336 3433 1
2391 3584 2401 4184 1
3787 4091 2472 2580 1
3887 381 3529 3995 1
4045 381 3995 3529 1
527 3257 4112 4205 1
3177 3697 3705 3572 1
3177 3899 3705 3697 1
3513 3763 3654 554 1
3019 2249 2265 3597 1
2998 3720 3684 3160 1
3054 2667 3076 3185 1
3763 617 554 3513 1
939 2820 2494 988 1
4154 3638 3767 4127 1
940 989 2502 2813 1
3447 4221 4146 3554 1
2504 3728 3972 3197 1
546 3447 4146 3554 1
409 3668 479 3974 1
4188 3547 3836 3841 1
3557 4102 3687 574 1
479 4137 414 3668 1
526 3557 3533 3687 1
1979 1989 3753 3205 1
1589 2596 3253 1526 1
3253 2613 1690 1653 1
291 3961 323 295 1
3041 2667 3753 3367 1
3705 3390 3899 3634 1
3281 3940 2095 2089 1
2095 2783 3940 3281 1
3634 3705 4269 4233 1
4010 4233 3634 4269 1
526 3687 545 3557 1
3557 4264 3475 3687 1
291 323 3961 3335 1
3557 3475 3533 3687 1
323 3961 3335 3624 1
323 3961 3624 4189 1
323 3961 4189 295 1
1696 2855 3804 3793 1
3643 3766 4095 4184 1
4115 4142 4117 2063 1
3643 3493 3766 4184 1
180 159 198 3795 1
4079 1462 1436 1441 1
10 2311 2455 24 1
10 2311 2456 2455 1
264 3202 3498 244 1
2383 4043 2391 4111 1
2328 3135 2334 2322 1
3539 4043 2383 2377 1
4043 3584 2391 3594 1
3202 238 3693 244 1
3555 3917 3353 4222 1
2321 1069 2502 3988 1
1001 1069 3988 2502 1
1017 1069 3988 1001 1
3692 436 3889 4089 1
3692 3889 4175 4089 1
441 504 3758 3669 1
436 3631 3692 3889 1
1394 3939 3969 3200 1
4076 504 3758 4172 1
3200 3939 3948 2571 1
3631 3758 3692 3889 1
3889 3758 3692 3826 1
1723 4215 3760 1725 1
1725 3273 3760 1734 1
3917 3495 3353 4222 1
2155 3237 3152 2697 1
3237 2697 2638 3152 1
3760 3274 4215 1723 1
3524 4213 2647 1851 1
3734 3354 3971 3933 1
3724 3550 3895 3823 1
4165 3734 3971 3933 1
3550 3895 3801 3724 1
674 3612 694 710 1
3994 674 710 3612 1
3467 3333 2382 2397 1
4145 710 3612 3994 1
2380 3333 2399 3443 1
4103 3333 2382 2367 1
350 462 3337 354 1
3903 2398 2396 3369 1
350 3337 462 443 1
3347 3055 3638 3031 1
3245 3031 3055 3347 1
3903 2396 2398 3803 1
633 3615 4008 3255 1
3015 3736 4240 3649 1
2537 2886 2828 2844 1
335 369 355 3762 1
333 335 3762 4238 1
333 3762 341 4238 1
1639 4227 3804 1641 1
3804 4227 2524 3530 1
1641 3530 4227 3804 1
4227 1639 3804 2524 1
323 295 4189 329 1
3736 3642 3649 3015 1
4141 3108 4212 3707 1
3943 4212 535 492 1
3356 852 3279 3238 1
3707 4212 4141 3943 1
3279 852 842 3238 1
3806 800 731 724 1
3917 3353 3363 3276 1
3806 845 806 863 1
4260 800 731 3806 1
4257 3276 4084 3149 1
4257 3363 4084 3276 1
4257 3276 3149 3519 1
4257 3276 3519 3917 1
1074 2520 2502 3483 1
1074 3483 1096 2520 1
2735 2505 847 787 1
3870 202 238 3202 1
2736 788 848 2518 1
4084 3693 2483 4050 1
4183 4084 4004 3693 1
302 3543 3710 3829 1
2748 2868 3082 2667 1
2936 3185 2667 2868 1
3711 2360 3947 3684 1
3678 2803 2862 2766 1
3678 2450 2766 2862 1
1809 2525 2639 3056 1
1798 2639 3056 1802 1
1802 2639 3056 1809 1
3056 3072 2525 2639 1
1788 2639 3072 1790 1
1790 2639 3056 1798 1
1743 3056 1790 3072 1
3018 2778 4098 3649 1
3048 3684 2360 3711 1
857 4070 2665 3375 1
857 2665 3602 3375 1
2351 3048 2360 3711 1
2918 3203 2493 3984 1
14 28 3092 20 1
20 4179 34 28 1
239 281 3745 2474 1
3445 2303 2661 2314 1
4086 3610 800 731 1
281 2474 2988 3745 1
374 378 3764 4188 1
826 3466 3080 601 1
378 3836 3764 4188 1
3764 3349 4204 3841 1
3359 2488 2682 3028 1
2813 2488 3359 3028 1
2501 2155 2837 2975 1
2721 3757 3882 2837 1
2340 3553 2350 3928 1
196 226 3747 172 1
3795 3747 2463 4128 1
4112 699 3502 3812 1
699 3502 3812 728 1
3034 910 3321 2449 1
3555 4222 3353 4048 1
3034 2449 959 3589 1
3390 3767 3461 3638 1
3334 232 251 253 1
3593 1213 1279 4105 1
3517 4202 3767 775 1
3725 4105 1213 3593 1
3431 2527 4105 3593 1
1486 1500 3751 2577 1
1486 2577 3751 3516 1
3755 3978 232 3334 1
3303 3080 2477 2478 1
1500 3751 2577 1543 1
3304 2486 2485 3081 1
3343 291 295 3961 1
3343 3961 295 293 1
1618 3527 2491 2617 1
2491 2617 3527 3350 1
1219 1196 3473 1265 1
3473 3220 2534 3045 1
3390 3767 3638 4127 1
2923 4121 2855 3793 1
1682 1685 3689 2602 1
1685 3523 1733 3689 1
3689 4228 3523 1733 1
3583 1350 3699 3651 1
1041 3457 3208 3170 1
1602 1641 1645 2614 1
3442 3457 1041 3170 1
3602 4012 3815 3570 1
591 3815 3570 3602 1
1601 2599 1644 2852 1
1828 1840 3340 1834 1
2852 1644 3629 2599 1
2852 3646 2599 3514 1
1828 3617 1832 3340 1
1857 3340 3093 1840 1
3602 3815 4012 3242 1
591 3815 3602 658 1
3816 2463 3795 155 1
3816 3795 184 155 1
3816 184 2716 176 1
3723 391 3889 3388 1
843 3645 3672 749 1
349 353 3561 461 1
2401 3740 2412 2416 1
3889 3669 3388 391 1
349 442 461 3561 1
2401 2416 3864 3740 1
3610 3565 3278 3780 1
3572 3886 3877 841 1
395 3719 416 3775 1
3775 517 458 486 1
3775 438 486 458 1
2813 2811 2488 799 1
2893 2447 2702 3131 1
3775 549 517 486 1
3775 4085 517 549 1
3528 3897 4148 3230 1
3159 383 3776 3520 1
3426 3428 3225 3637 1
490 3776 560 3428 1
3159 472 3776 383 1
633 3255 4148 3897 1
3437 710 3994 727 1
3822 2975 3721 3987 1
1133 3721 3987 3822 1
1784 3898 1814 1807 1
1807 3898 1814 4049 1
3845 3495 3363 3917 1
3845 4235 3363 3495 1
3917 3845 3495 4222 1
2483 3573 3637 3426 1
4222 3845 3495 4129 1
3184 2514 2721 3757 1
2721 2514 3882 3757 1
3741 3369 2387 2384 1
490 3776 3428 3520 1
3821 490 3428 3520 1
521 537 3781 4158 1
3757 3237 4211 2155 1
4158 3781 792 773 1
3757 3138 3184 2514 1
4215 3760 3150 3274 1
3542 3369 3741 2384 1
3800 598 540 4085 1
4186 3716 3183 4051 1
3716 3354 3183 4051 1
3990 3760 3150 3501 1
429 3716 4186 3737 1
4251 3443 4095 2420 1
3609 3716 4051 3981 1
4251 2420 2415 3443 1
3716 3981 3354 4051 1
429 3716 3737 3609 1
2373 3542 3741 2384 1
3876 1580 3522 2591 1
3876 3522 3134 2591 1
533 577 3564 2495 1
271 283 3717 4209 1
62 79 3761 4179 1
3824 2352 2377 2373 1
3761 3393 4179 79 1
3092 3761 2526 3393 1
2377 2373 2384 3510 1
3571 4209 3717 3840 1
3997 361 4083 3609 1
429 3772 3716 3609 1
3618 3077 3903 2373 1
3618 3903 2375 2373 1
3510 3824 2377 2373 1
2483 4268 568 569 1
1061 1070 994 3020 1
1367 2871 1460 1428 1
569 3637 2483 4268 1
2871 1428 2552 3040 1
1368 2573 1461 2846 1
2756 2461 2780 2688 1
2846 1461 3261 2573 1
3587 3195 2756 2461 1
947 1061 994 3020 1
3618 2357 2373 2375 1
3275 2357 2373 3618 1
3618 3275 3077 2373 1
82 2462 86 3389 1
505 4218 343 4160 1
2826 82 3389 2462 1
3293 499 3305 4037 1
302 3486 4133 3234 1
344 3733 3773 4176 1
3978 253 275 305 1
4069 436 430 3764 1
319 3754 275 305 1
275 3754 3978 305 1
428 451 515 3118 1
451 3118 428 3989 1
3178 451 3989 3118 1
3081 3469 2986 2485 1
3081 2986 2486 2485 1
1120 4163 3531 3102 1
3765 3809 3124 3784 1
3765 3309 3891 3784 1
3124 3309 3765 3784 1
2735 2505 2789 847 1
847 2505 2789 917 1
366 2939 3891 3784 1
2736 848 2788 2518 1
848 918 2788 2518 1
667 3552 610 656 1
3786 3724 3801 4102 1
3550 3724 3801 3786 1
3786 3724 4102 4109 1
3549 3620 3337 3989 1
3989 3620 3337 3178 1
2753 2724 1927 2647 1
462 3337 3178 443 1
3780 3610 702 595 1
596 703 3279 732 1
3279 842 801 786 1
1196 2534 3473 3220 1
1196 2534 3220 1220 1
1265 1196 3473 3220 1
208 240 3770 2471 1
3770 282 424 2488 1
829 2503 3748 3703 1
3748 2503 3083 3703 1
3415 3801 550 4102 1
3393 110 2526 2471 1
3462 2055 3121 3140 1
3748 3703 3083 3298 1
3140 2055 3121 3608 1
435 3887 3529 3975 1
3904 3725 1130 3487 1
3887 3726 4042 3995 1
3904 4152 3725 3487 1
3726 3414 3995 4124 1
3830 1441 1476 3471 1
1432 3525 3830 3996 1
1758 1760 3918 2629 1
1758 3918 2679 2629 1
3830 3471 1476 3525 1
4136 3481 2859 3084 1
3995 3726 4042 3414 1
4136 4052 1801 3481 1
3775 579 549 519 1
2373 3510 3542 2384 1
3542 3510 4043 2384 1
3569 3542 4043 2384 1
449 504 4054 4001 1
2336 3839 3874 3860 1
1841 3098 1892 1858 1
4095 4111 2385 3581 1
1892 3148 3098 2952 1
1858 1892 3148 3098 1
2385 3443 4111 4095 1
4095 2402 2385 4034 1
4095 2385 2402 3581 1
1892 2952 3098 3346 1
1892 3730 3346 3098 1
1892 3098 1841 3730 1
2311 2465 2386 726 1
726 2465 2386 2682 1
4251 3443 2385 4095 1
2227 2659 2265 2239 1
2239 2265 2283 2659 1
3077 3510 3979 3903 1
715 3698 3781 773 1
3338 922 962 909 1
2227 3019 2265 2659 1
3019 3259 2265 2659 1
2283 3259 2659 2265 1
3903 3510 3979 3542 1
3618 3077 3979 3903 1
3072 3835 3696 3862 1
422 3775 464 4237 1
294 3992 290 338 1
2326 3683 2347 2337 1
226 4104 343 4236 1
3878 4237 3775 422 1
2337 2349 3641 2347 1
313 3790 341 3762 1
341 3956 3762 3790 1
4244 3217 344 3733 1
293 4230 3790 355 1
2337 3683 3641 3450 1
709 3681 4151 3791 1
4221 3280 475 4248 1
3791 4200 4151 709 1
3791 4040 3276 4114 1
4139 3280 4248 3777 1
3874 3839 2343 3860 1
635 615 3806 4260 1
615 731 724 3806 1
770 3104 789 4087 1
615 731 3806 4260 1
694 3612 720 710 1
720 3612 4145 710 1
3732 455 467 4100 1
3732 4207 3475 4094 1
3572 873 3491 841 1
3727 685 679 3796 1
3345 3238 3980 874 1
3796 3727 624 679 1
3781 537 3773 3212 1
3938 3915 3537 2369 1
3450 3915 3537 3938 1
3711 3947 2374 3684 1
1830 3169 3619 3406 1
3304 2486 3081 3773 1
3467 2390 3333 2397 1
3537 3938 2369 2343 1
2209 2213 2267 3567 1
2209 2267 2661 3440 1
2149 2210 2214 2806 1
4102 550 478 552 1
3455 3833 3800 4085 1
3801 623 550 4102 1
4095 2420 2431 3766 1
430 3769 3704 426 1
3506 3801 3415 3786 1
3720 2360 3902 3330 1
4051 3737 3627 4186 1
373 3771 3737 3670 1
3771 3737 3627 4051 1
3737 3716 4186 4051 1
3737 3716 4051 3609 1
373 3737 3771 3609 1
1689 3106 2606 1735 1
1689 2601 3239 3106 1
3863 3704 3769 426 1
386 3639 3707 4226 1
3639 3029 3707 3257 1
3639 386 399 3479 1
1199 3085 1328 2576 1
1200 2969 1329 3086 1
3805 3958 1155 1142 1
3325 1142 3958 3805 1
3325 3805 4178 3277 1
3805 3352 4178 3277 1
4127 3191 3104 3739 1
4127 3104 770 3739 1
3739 4127 737 770 1
4127 3191 3739 3636 1
97 103 3991 72 1
3636 4127 643 3739 1
2590 2710 3521 2713 1
4127 737 643 3739 1
2792 2203 2213 3567 1
3468 3843 1824 4272 1
3306 2904 3065 2538 1
2793 2149 2214 2806 1
3641 3915 2358 2367 1
3740 2441 2428 2412 1
801 852 842 3279 1
3740 2441 2434 2428 1
1825 3844 3485 3585 1
1864 3844 4246 3485 1
1864 3844 1827 4246 1
3616 3781 3081 3338 1
3698 3781 3616 3338 1
3588 2945 2951 3026 1
4024 3317 524 488 1
3588 2945 3576 2951 1
3588 3004 2951 3576 1
3588 3026 2951 3004 1
2293 3173 2344 3965 1
3173 4187 2355 2344 1
3314 3915 2358 3641 1
3641 3915 2367 2362 1
51 3383 3789 70 1
3789 2454 3663 3587 1
2602 3523 3689 3362 1
3976 3792 3128 2685 1
1685 1687 3523 2602 1
430 3769 3993 3704 1
4069 3993 430 3769 1
3778 4252 3584 3569 1
1685 2602 3523 3689 1
3778 4252 2401 3584 1
3778 4252 3909 2401 1
3778 3569 3369 4252 1
3842 3752 3742 4033 1
3742 3211 4177 3752 1
3185 3076 2254 2976 1
3842 3742 3603 4033 1
3742 3752 4177 4033 1
4034 4251 4095 3746 1
275 4209 3978 3754 1
3629 3666 3792 2685 1
3056 3792 3666 2525 1
4095 4034 2385 4251 1
3989 3549 3283 3279 1
374 378 4069 3764 1
3620 3212 3337 3178 1
378 436 4069 3764 1
3746 3493 2433 3766 1
3746 3493 2435 2433 1
3582 3892 3755 3881 1
721 697 3791 709 1
4222 430 3555 3850 1
2424 2435 2433 3746 1
3673 3647 4046 3010 1
2757 3951 3797 2543 1
3687 474 3811 4102 1
1504 1537 1492 2472 1
430 426 3704 4222 1
1543 1537 1504 2472 1
3003 2843 3661 2880 1
4102 474 3811 552 1
1544 4164 4193 1538 1
3003 2843 2562 3008 1
3003 3008 3661 2843 1
4046 3175 3647 3673 1
3221 4061 2498 3231 1
3221 3193 2498 4061 1
3782 3518 432 2939 1
3782 2939 432 3891 1
3357 264 3559 306 1
3782 3891 432 3983 1
1133 1143 4199 3721 1
2892 2654 2705 2933 1
3987 4199 3721 1133 1
2892 2654 2730 2705 1
4252 2419 2394 3569 1
4252 3569 2414 2419 1
273 3870 234 278 1
3870 278 2483 3693 1
3830 1441 3471 4064 1
3830 4064 3471 3525 1
4064 3525 2472 3471 1
1979 3753 3396 2041 1
2881 3138 1197 3184 1
3851 3069 1964 3540 1
3151 1964 2921 3851 1
2881 3184 1197 1155 1
109 3789 3960 3802 1
3852 3148 1965 1963 1
3020 3706 3586 3269 1
3852 3148 2952 1965 1
3616 3988 946 956 1
2852 1543 1601 2577 1
3960 3802 90 109 1
4251 3766 4095 3746 1
3409 3754 3978 4209 1
3751 1504 2472 1543 1
3616 3988 3129 946 1
2424 3746 3766 4251 1
3588 2925 1867 1859 1
2424 2433 3766 3746 1
3320 8 22 16 1
289 291 3343 3961 1
1792 1800 3853 4203 1
289 3961 3738 291 1
3406 3169 3696 4259 1
311 3168 3219 220 1
311 2464 3168 3954 1
802 2510 2509 804 1
762 2510 2505 3075 1
3707 3029 3108 3257 1
803 805 880 3016 1
803 817 763 3016 1
805 3016 2509 880 1
753 2510 813 3016 1
755 2510 3016 763 1
4102 4264 4109 3557 1
1759 2629 3918 1761 1
1759 3918 2629 2743 1
253 305 3978 263 1
3550 3435 3788 3820 1
3550 3763 3435 3820 1
3559 3907 306 3630 1
4255 3907 320 306 1
446 3114 3110 2475 1
446 509 3114 2475 1
1369 2552 3807 1339 1
3807 1339 2552 2871 1
1357 2552 3807 1369 1
3807 2707 2871 2552 1
4255 3907 306 3559 1
586 607 3242 2495 1
3907 4017 320 306 1
586 577 3243 608 1
306 3907 4017 3630 1
1833 1845 1886 3098 1
3340 1832 1885 3061 1
3403 3051 2911 3173 1
2347 3641 2358 2367 1
3314 3641 2358 3683 1
3345 909 866 3291 1
1332 2559 1414 2550 1
2444 2443 3493 2441 1
242 219 3575 268 1
1331 2572 1415 2560 1
1331 2560 2719 2572 1
2444 2443 2442 3493 1
3124 3912 3559 2487 1
2560 2572 2815 2719 1
2441 3493 3740 2443 1
2784 2672 1192 1320 1
2784 2672 1320 2807 1
3666 3810 2622 2525 1
3666 3810 2685 2622 1
2685 3810 2929 2622 1
3810 2857 2929 2622 1
3810 2622 2525 2857 1
4148 3225 3637 3873 1
647 4148 3637 3873 1
4207 4102 4165 3038 1
1276 1299 2592 2528 1
1299 2592 2528 3807 1
3310 2557 1400 2871 1
3311 2846 1401 3261 1
4085 650 598 571 1
540 4085 598 571 1
1714 2635 2615 3425 1
2814 2022 2671 1937 1
3425 2615 2830 2635 1
2022 2814 2671 2020 1
2814 2671 2020 2755 1
3748 3812 3703 3502 1
1872 1954 1937 2814 1
776 3812 3748 4206 1
3275 3824 3510 2373 1
2133 4231 3073 2207 1
1649 3931 1755 1651 1
1649 1750 1755 3931 1
1651 1755 1703 3931 1
1755 1703 3931 2634 1
3066 1755 3931 2634 1
3513 3763 3201 3414 1
3763 3578 3453 554 1
1087 4126 1043 1058 1
795 3681 844 4217 1
3578 617 554 3763 1
795 4217 3384 3681 1
3676 795 3681 844 1
3676 795 3384 3681 1
495 3492 556 554 1
617 3763 3578 670 1
2985 161 164 3545 1
2985 3870 165 161 1
4082 554 3492 495 1
4073 554 4082 495 1
465 3080 601 2869 1
432 4205 500 456 1
3639 4205 500 432 1
3479 3639 500 432 1
1293 3473 2870 3817 1
2853 2601 3818 1670 1
1588 2601 3818 1625 1
3818 2853 3239 2601 1
3369 2404 4252 2414 1
1625 3818 3239 2601 1
1094 2528 3966 2570 1
3966 1066 2739 2528 1
3706 3020 3277 2991 1
2789 3614 3819 3632 1
3369 2404 2406 4252 1
1029 2789 979 3819 1
2570 2789 3819 3632 1
1029 2570 2789 3819 1
979 2789 2735 3819 1
3706 3325 2991 3277 1
2789 2735 3819 3614 1
400 3768 4094 388 1
3098 1872 3441 1886 1
4094 3768 3434 3738 1
3434 400 3768 4094 1
3857 3874 3839 2343 1
2 3320 2456 10 1
10 2456 2311 3320 1
2 1 3180 2456 1
153 190 2459 214 1
214 190 2459 249 1
154 2471 191 215 1
215 2471 191 250 1
229 256 310 3532 1
3495 3353 3363 3917 1
303 520 3303 3626 1
3303 465 3080 520 1
2832 2748 3185 3392 1
4233 3657 3827 676 1
276 4093 306 4255 1
4233 4030 3827 3657 1
3755 3967 205 232 1
4233 4030 3886 3827 1
276 3357 3559 306 1
3343 3961 293 337 1
276 4255 306 3559 1
3909 2417 2410 2408 1
3627 3529 3771 4051 1
3771 4045 4051 3529 1
3601 4045 4051 3771 1
3174 3865 4104 2965 1
2734 2814 2705 3254 1
2814 3054 3254 3429 1
4104 3865 3566 2965 1
3700 2408 3909 2410 1
4190 3566 4104 3865 1
4211 2514 3882 1226 1
1226 2514 1233 4211 1
2525 2857 2644 2636 1
4141 3291 3620 3828 1
4104 226 192 3747 1
4141 3291 3828 3288 1
3229 2970 2470 227 1
1743 1745 1790 3056 1
1745 3056 1798 1790 1
1744 2850 1791 1746 1
1746 1791 1799 2850 1
1791 1799 2850 2841 1
3636 3739 3774 722 1
3739 737 3774 722 1
639 3636 3774 722 1
3333 2372 2399 2390 1
2725 2653 3186 3101 1
3575 2470 2970 3360 1
2653 3282 3101 3196 1
3186 3101 2653 3282 1
3333 2399 2372 2380 1
3890 1133 3721 1143 1
2428 3740 3909 2434 1
1031 2539 1131 3797 1
3700 2408 2401 3909 1
2434 3909 4252 3740 1
3537 3915 3641 2369 1
3450 3915 3641 3537 1
3624 3961 3046 3460 1
3046 3460 4051 4045 1
3738 3370 3258 3601 1
4141 3291 3598 3108 1
2369 2362 3915 3641 1
3733 3486 4133 4092 1
4092 3733 3337 4133 1
3512 3242 2735 2511 1
6 2456 5 1 1
3512 3243 2511 2736 1
59 82 86 3389 1
1433 3872 3750 3484 1
3872 3750 1477 3948 1
3872 3948 1477 1442 1
2401 3909 3778 3700 1
643 3883 4127 3636 1
643 3798 4127 3883 1
3834 485 437 457 1
1432 2553 4140 1456 1
1432 3525 4140 2553 1
3525 4140 2553 4091 1
415 4250 4007 3834 1
415 4007 4047 3834 1
3834 516 485 457 1
3834 548 516 4005 1
4002 2385 3783 2374 1
4002 2374 3783 3684 1
4257 3498 3693 3837 1
362 3630 3837 3248 1
4257 3693 4050 3837 1
4002 3783 4111 3902 1
1511 1566 3490 1563 1
1511 3521 3490 3785 1
4002 3783 3902 3684 1
1438 2557 3260 1474 1
1438 3260 2557 2558 1
696 708 3875 4033 1
3418 2972 3423 789 1
2199 2219 3597 3198 1
3418 3423 3104 789 1
3104 3418 789 3604 1
4191 3604 789 3418 1
3660 3838 1770 2621 1
3660 2621 4228 3838 1
3838 4143 4203 2621 1
2850 2634 2841 1799 1
1167 1220 3220 2534 1
1167 2539 2534 3220 1
2534 1144 1196 3473 1
1166 2534 2529 3473 1
3278 4157 3877 3565 1
3780 3278 3877 3565 1
3877 3572 3278 3780 1
3278 3877 3675 3572 1
3572 4233 3278 3780 1
3278 3675 3877 4157 1
1588 1515 3831 2579 1
1385 4079 2807 2549 1
1588 3818 2579 3831 1
1588 1525 3831 1515 1
3831 2579 3090 3818 1
1990 2058 3832 1992 1
1991 1993 3832 2059 1
1992 2666 3832 1994 1
1993 1994 3832 2666 1
3768 3272 4094 388 1
1991 3832 2762 2059 1
3832 2666 2766 2762 1
3423 789 3964 4202 1
770 789 3423 4202 1
1990 2803 3832 2058 1
2803 2666 2766 3832 1
2937 2739 2530 2797 1
3825 561 3495 4048 1
2739 2528 2797 3966 1
2937 2789 2739 2797 1
496 4048 561 3825 1
4209 3371 2479 3754 1
915 973 3231 3209 1
442 4024 3278 3177 1
442 4024 3177 3561 1
84 94 3605 3789 1
3789 94 3605 2459 1
3592 3499 821 3690 1
821 3499 3748 3690 1
180 2463 3795 192 1
4008 3615 633 625 1
2534 3247 3220 2539 1
2539 2845 3247 3220 1
2539 3247 2845 3008 1
2539 3003 3247 3008 1
2534 3247 2539 3003 1
3578 3615 3211 3489 1
625 3615 3578 4008 1
490 425 3520 3821 1
320 324 4027 4188 1
1591 2589 3924 1590 1
4093 3932 324 320 1
1591 3134 3924 2589 1
320 324 4188 3932 1
3994 3456 4109 3612 1
3840 2479 2888 4209 1
2626 3511 2644 2857 1
2626 2857 2887 3511 1
2888 3840 4149 2479 1
944 3664 2893 4055 1
944 3664 4055 954 1
167 208 3770 2471 1
3770 2682 3896 2471 1
167 2471 3770 3896 1
889 4055 944 2893 1
3381 4233 4010 419 1
534 4269 4010 491 1
3177 4160 4016 505 1
4168 1793 3451 4136 1
1619 1560 1567 3063 1
3428 3799 3489 3255 1
3428 4148 3799 3255 1
560 4148 3799 3428 1
4221 4196 4066 4139 1
2051 3906 3846 3367 1
3879 1623 2819 1582 1
389 4221 4196 4066 1
4221 389 3891 4066 1
3876 1583 3134 3522 1
3906 2122 2124 3608 1
3658 3044 3225 3682 1
586 577 2495 3242 1
2534 2539 1110 2517 1
4263 2319 2273 2279 1
2241 3962 2307 4263 1
3780 3877 785 3565 1
3572 4233 3780 3886 1
4030 702 3780 785 1
3500 29 47 2454 1
3500 3012 47 43 1
3500 2709 3012 43 1
2366 3618 3803 2375 1
1265 1309 3220 3473 1
532 2495 3815 576 1
3846 2124 2128 3367 1
2366 2375 3803 2396 1
2833 83 2526 60 1
3846 3906 2124 3367 1
2826 59 3389 82 1
2826 80 82 2462 1
3609 361 3336 3894 1
3609 3336 3716 3981 1
491 543 4269 3848 1
3625 2268 2214 2668 1
127 2464 93 126 1
1128 2701 2727 1236 1
2727 2701 2592 1236 1
4269 3031 3848 3638 1
3336 3981 3354 3716 1
3336 3354 3981 3433 1
491 4269 4010 3848 1
676 4072 750 3241 1
750 3241 4072 3422 1
648 4116 634 4019 1
561 4235 648 565 1
634 4235 4116 648 1
1638 1691 3959 1695 1
1638 2602 3079 3959 1
3012 47 72 2454 1
1978 2050 3032 2040 1
3500 2454 47 3012 1
3500 2709 2454 3012 1
2148 2773 2213 2209 1
2210 3625 2722 2268 1
739 749 3249 3808 1
3399 2965 2478 4160 1
3303 3626 3080 2478 1
3117 3751 2711 3691 1
3613 3330 2351 4125 1
3117 3751 3691 3410 1
1849 1916 1920 2650 1
1991 2762 1987 2053 1
1916 2762 2650 2653 1
2650 2762 2766 2653 1
3186 2766 2653 2650 1
2889 2653 2650 3186 1
1843 2653 2650 2889 1
1676 1689 3239 1642 1
2801 2206 3096 2272 1
2801 2272 2208 2206 1
2271 3073 2263 2207 1
1689 3239 2606 3106 1
3073 2271 2860 2205 1
3073 2205 2207 2271 1
1155 1188 3534 3184 1
1156 1189 3671 1173 1
3987 1189 3671 1156 1
574 3687 545 3811 1
3099 3061 3120 3617 1
3099 3617 3340 3061 1
1828 1840 3617 3340 1
574 4102 3687 3811 1
1574 2615 1661 1576 1
1574 1576 2595 2615 1
1576 1661 1665 2615 1
1576 1624 2615 1665 1
3965 3173 2344 4187 1
2845 2567 3939 2619 1
885 925 929 3034 1
4144 1615 2577 2599 1
2599 274 2577 4144 1
2577 274 1560 4144 1
1615 4144 2714 2599 1
274 1619 1560 4144 1
408 478 4230 413 1
478 413 3415 4230 1
560 3159 564 3776 1
3383 3789 3847 3960 1
245 4190 265 353 1
3855 3622 2354 3613 1
3855 3568 2354 3694 1
3855 3694 2354 3622 1
3393 95 110 2471 1
3393 2471 3328 95 1
3975 435 3814 4036 1
435 3814 3726 3975 1
4124 3814 3414 3453 1
3814 3414 3726 4124 1
2208 2254 2264 3254 1
2208 2254 3254 2976 1
2208 2801 3254 2264 1
2524 2910 3182 3530 1
2524 3182 2910 2983 1
3622 3330 3613 4125 1
2524 3530 3182 3804 1
4124 4186 3814 3453 1
3622 2354 3613 3330 1
2341 3613 4125 3622 1
3178 506 638 3215 1
501 2674 2988 651 1
501 2674 3224 2988 1
465 601 2474 2869 1
247 2474 465 317 1
317 465 601 2474 1
465 3027 2474 247 1
2043 3096 2114 3157 1
3157 2670 2114 2049 1
4002 2374 3684 3160 1
3654 3453 3414 497 1
2360 3902 2378 3684 1
3763 3453 3201 3414 1
3435 3820 3763 3513 1
1751 4143 3792 3266 1
2545 3168 2780 2688 1
3574 267 241 3865 1
241 4104 3574 3865 1
425 3772 3821 429 1
429 3821 3716 3772 1
3772 3482 3428 3821 1
3716 3821 3482 3772 1
3862 2504 3120 3197 1
1824 3120 4272 3397 1
3862 2504 3197 2636 1
3724 3895 678 3823 1
3054 3185 3194 3144 1
2278 3194 2254 3185 1
3550 696 3823 4033 1
3724 4033 3550 3823 1
4066 3309 4078 2487 1
3784 3309 4066 2487 1
322 3784 4066 2487 1
3081 3338 3469 3616 1
3469 3081 2986 3344 1
2490 2711 2550 2549 1
4064 2711 2490 2549 1
2576 2550 2549 2490 1
2527 2549 4064 2490 1
3570 2495 3815 532 1
4264 3687 4102 4207 1
3994 727 710 698 1
4154 775 3767 3332 1
4076 3826 4175 563 1
3889 3826 4175 4076 1
162 3219 126 168 1
3889 3826 3692 4175 1
4018 3826 498 4013 1
3692 3826 498 4018 1
70 4242 3789 84 1
84 3789 3605 4242 1
2454 3789 3605 3587 1
4050 3863 384 412 1
93 126 2737 92 1
3911 960 954 2447 1
93 2737 2455 92 1
3080 3047 2690 3849 1
3849 3047 2690 3399 1
3923 3047 3849 3399 1
926 2447 960 3911 1
3732 400 4207 4094 1
4077 697 3477 679 1
1457 1473 3750 2566 1
1929 3868 2654 2755 1
3868 3207 3176 2654 1
4077 3477 697 4200 1
1473 3750 2566 3521 1
400 4094 3732 388 1
3349 4035 679 3477 1
3870 200 201 237 1
3870 238 202 200 1
3545 237 3892 4167 1
4183 3870 3545 2483 1
3983 3891 456 4221 1
3722 850 891 3698 1
3722 891 4181 3698 1
3983 389 3891 4221 1
3592 711 776 4206 1
705 3914 3356 3178 1
3356 3914 3238 3178 1
1043 1063 3231 4126 1
2977 2948 3204 2345 1
4181 3238 3722 3178 1
408 3038 337 4230 1
3303 4056 3747 2864 1
4128 3303 2864 2478 1
3866 1796 3266 3100 1
3866 1796 3100 1788 1
2318 3235 2370 2363 1
3235 2370 4043 3921 1
427 482 4260 3317 1
3775 549 579 3718 1
3610 731 603 4260 1
2794 2662 3292 3163 1
3440 2662 3292 2794 1
3030 3712 3905 2955 1
4023 3712 3905 3030 1
3712 3548 3905 2955 1
464 3775 486 519 1
3775 3718 4085 549 1
3724 3854 3801 4102 1
3801 3854 623 4102 1
3724 3854 4102 4109 1
4109 3854 4102 645 1
4102 3854 623 645 1
1078 2784 2672 1192 1
2715 2629 2930 3339 1
3734 3981 3354 2479 1
3734 4051 3354 3981 1
4117 2131 2132 4142 1
3871 3886 3685 785 1
702 785 4030 3871 1
572 580 3278 704 1
3877 841 3675 3572 1
2832 2722 3144 2084 1
2832 2084 3144 2086 1
3244 3744 2380 2356 1
4267 3921 3695 3378 1
2959 4043 2383 3902 1
1065 1100 3442 3170 1
560 564 633 4148 1
564 4148 3301 633 1
3773 537 3781 521 1
3773 3781 3081 521 1
3587 2696 2709 2473 1
3587 2756 2709 2696 1
251 3439 307 3571 1
3439 4209 3717 3571 1
4033 3456 4177 3612 1
306 3630 4067 3248 1
4271 2662 3116 3264 1
3264 2662 3116 3163 1
3488 3312 4090 3564 1
3476 3450 3400 3839 1
2330 3476 3400 3839 1
2581 2818 2816 2603 1
2330 3874 3476 3839 1
3476 3450 3839 3736 1
3926 480 538 484 1
3907 3496 3702 4078 1
3702 3496 3519 4078 1
2321 2515 1208 1146 1
3337 4053 3549 3989 1
3385 3842 4033 3752 1
3842 3211 3742 3752 1
3842 4033 3603 696 1
4138 3669 3226 3999 1
3550 696 4033 3842 1
1989 3925 3121 3462 1
3385 3842 3550 4033 1
973 993 3231 3115 1
949 3103 1030 967 1
967 1030 1046 3103 1
1043 3231 993 2908 1
1030 3103 3487 1046 1
3420 2994 3928 3622 1
2331 2338 3264 2340 1
2340 3928 2350 2338 1
2622 2644 2626 2822 1
263 287 3463 3232 1
337 3038 3961 4230 1
337 3961 293 4230 1
263 3463 3577 3232 1
3455 3833 4085 3878 1
2200 2936 2220 2124 1
2700 1203 3297 4026 1
1614 3998 2594 2614 1
705 811 3914 3178 1
1614 2594 3998 3504 1
3504 2594 3998 1616 1
811 891 3914 3722 1
3914 3722 891 899 1
3986 2343 4240 3736 1
2343 2372 3986 4240 1
2369 2372 2343 4240 1
2750 3425 1703 2634 1
456 4205 527 3447 1
527 4112 546 3447 1
2750 3648 3425 2634 1
527 4205 4112 3447 1
283 3738 3717 4209 1
3271 3024 3488 3268 1
3268 3024 3488 3312 1
2480 2759 2823 2497 1
3178 462 638 506 1
4196 4221 4248 4139 1
3733 3337 462 354 1
3068 2899 2403 2931 1
2899 2403 2931 3315 1
3557 4264 3687 4102 1
2818 2604 2849 2694 1
2809 2652 2744 2786 1
3926 480 417 413 1
543 3883 584 587 1
2999 1907 1926 2643 1
4269 3638 3883 4127 1
4269 3638 3848 3883 1
2999 2647 1889 1850 1
1812 2641 1938 2821 1
1861 1938 2640 2821 1
543 3848 3883 4269 1
643 3883 3636 587 1
3885 3731 2123 2054 1
3885 3480 2127 2123 1
2486 2949 2986 3344 1
2900 2949 2986 2486 1
3360 2486 2949 2900 1
3360 2949 2486 3136 1
2486 3136 2949 3344 1
2403 2791 2652 2752 1
2469 3028 2682 3896 1
3801 678 623 3854 1
3937 807 852 864 1
3937 854 864 3977 1
3896 258 2919 3028 1
3977 854 864 878 1
4261 3356 3937 852 1
2481 2838 2485 2839 1
2481 2839 2482 2690 1
59 3091 3389 68 1
4138 685 3796 665 1
1068 3250 1157 2507 1
505 637 4016 3177 1
3250 2507 3005 1157 1
637 4016 3177 3779 1
3177 4016 3316 3779 1
3727 4138 3226 3999 1
3856 2998 3941 2358 1
510 3268 3416 622 1
3461 867 3899 3296 1
3857 3839 3400 2343 1
3857 3400 2337 2349 1
2845 3900 3220 1294 1
1294 3220 1325 3900 1
3220 3900 2562 2561 1
2845 3900 2562 3220 1
3330 3361 3146 3142 1
2474 2476 2820 3119 1
2476 2820 3984 2823 1
2476 3984 2877 2823 1
3695 3146 3361 3142 1
4002 3858 3160 4098 1
2998 3160 3858 4098 1
431 455 3459 3756 1
455 3756 4015 3459 1
1814 3853 3406 3898 1
3406 3169 2906 3696 1
3859 556 4008 3799 1
2906 2857 3696 3169 1
3859 556 3799 560 1
3482 3489 3428 3859 1
3859 3799 3428 560 1
4186 3859 3492 3489 1
2539 3008 3661 3003 1
4186 3859 3489 3482 1
2843 2815 2568 2567 1
3860 2977 3204 2345 1
4152 3725 2529 3593 1
3860 3204 3736 2345 1
3860 3736 3986 2345 1
3659 3245 3049 4149 1
1851 2647 3524 1850 1
3861 3700 2392 4028 1
1892 1963 1973 3148 1
1892 3148 1973 1902 1
931 971 3904 2758 1
455 3533 3732 467 1
4015 3533 3756 455 1
386 3234 3707 3639 1
647 3637 569 686 1
3234 3029 3707 3639 1
3639 386 3479 4226 1
895 2519 2736 980 1
3479 4226 500 3639 1
2749 2974 2519 2736 1
2773 3567 3440 2597 1
2773 3567 2597 2792 1
2773 2792 2213 3567 1
889 944 2944 2893 1
3979 3569 2398 3903 1
3903 2396 2375 3369 1
798 2820 988 855 1
3569 3979 2398 2379 1
3979 2379 3606 2398 1
3803 3979 3606 2398 1
4234 628 656 663 1
4009 448 453 4192 1
597 649 3910 4005 1
3910 4005 538 597 1
3903 2375 2396 3803 1
3552 4234 656 663 1
3617 3972 4272 3120 1
1863 3972 4272 3729 1
4234 3552 3833 663 1
557 3353 3580 4200 1
3580 555 557 4200 1
3353 3580 4200 3555 1
284 322 4162 2487 1
1792 4203 3853 2621 1
4143 2621 3835 4203 1
1770 2621 4203 1792 1
4203 3853 2621 3835 1
4162 2487 322 4066 1
2790 3071 3538 2781 1
3086 3071 2969 2781 1
2431 4225 3594 2394 1
4225 3594 4095 2431 1
3316 908 3899 3697 1
3177 3899 3697 3316 1
1768 3898 1807 1773 1
1069 2321 1135 1158 1
2790 2543 2539 3797 1
3517 758 3688 775 1
3797 2543 2539 1280 1
3688 3517 775 4202 1
1785 4052 4273 1815 1
2259 2257 3633 3712 1
2259 2706 3548 3633 1
3599 4157 3565 881 1
3599 881 877 853 1
2998 3684 2374 3160 1
825 854 3977 882 1
3356 757 3977 825 1
163 217 221 2464 1
1123 3352 1153 1155 1
3300 3587 2473 2461 1
3300 3802 2461 3389 1
3587 3300 3802 2461 1
3901 1142 3805 1132 1
3772 3821 3428 3520 1
3821 425 3520 3772 1
429 425 3772 4083 1
4083 3336 3002 3772 1
3609 4083 3772 3336 1
3918 2679 2889 2650 1
1849 3918 2889 2650 1
429 4083 3772 3609 1
2410 3909 2406 2423 1
3909 2423 4252 2406 1
4005 3926 538 484 1
3909 2410 2406 3700 1
4041 662 655 627 1
4224 662 655 4041 1
836 906 3316 4003 1
904 3923 906 955 1
350 3337 443 3989 1
2063 3906 3608 4117 1
443 3337 3178 3989 1
3550 3578 3763 3590 1
3578 670 3763 3590 1
3578 3842 3603 3590 1
3578 670 3590 3603 1
3550 3590 3842 3578 1
1688 3329 1734 3743 1
143 2774 2985 2960 1
2774 3376 2482 2985 1
4128 2716 3174 2774 1
4128 3174 2482 2774 1
2716 3174 2774 3376 1
2292 3476 3874 2336 1
3874 2336 3476 3839 1
1613 3955 1650 2599 1
1613 2599 2577 3955 1
3955 1615 1650 2599 1
3955 2599 2577 1615 1
3823 678 3875 3895 1
3923 961 921 908 1
3923 921 961 3935 1
3338 913 909 962 1
3338 3988 962 922 1
3823 696 3875 4033 1
3681 3384 4151 3276 1
1668 3924 2608 3339 1
3924 2608 3339 3036 1
556 633 4008 3799 1
3134 3924 2971 2608 1
417 3926 484 480 1
3492 4008 3578 3489 1
3859 3489 3428 3799 1
2504 3233 3197 2636 1
3019 2504 2636 3233 1
4074 2835 2660 3125 1
1667 2613 2608 3134 1
1667 1709 2608 2613 1
2598 2957 2613 2608 1
2598 2613 2971 2608 1
3134 2613 2608 2971 1
2385 3581 4111 2378 1
3783 2385 4002 4111 1
2378 2385 3783 4111 1
3839 3537 2343 3736 1
1524 2565 3365 2589 1
3450 2966 4253 3432 1
2534 2509 1050 1048 1
3705 3572 3886 4233 1
2509 1050 2517 2534 1
702 3871 4030 3927 1
2385 3443 4002 4111 1
3705 3886 3827 4233 1
112 117 3458 4150 1
4194 414 418 481 1
2690 3296 3193 3221 1
3296 3193 3221 919 1
3278 3779 4157 704 1
2326 3394 3123 3563 1
3394 3611 3683 3123 1
3007 181 225 2470 1
225 3007 2470 3575 1
3926 3759 3910 3415 1
1695 3959 3629 3976 1
3959 3629 3976 3362 1
3079 3629 3959 3515 1
3959 3515 3629 3362 1
1638 3959 3079 1695 1
1695 3959 3079 3629 1
617 3513 3763 3820 1
401 4248 4118 3880 1
4244 2486 3733 3486 1
3880 3285 475 479 1
1647 2614 3931 1649 1
3880 4248 475 3285 1
3087 3422 3526 3089 1
3089 3491 832 3526 1
3754 3371 2479 3981 1
654 646 4146 675 1
2479 3371 3734 3981 1
575 646 4146 654 1
1433 1457 3750 2566 1
3784 3809 3124 3912 1
3124 3809 3559 3912 1
3863 3837 362 3704 1
3557 674 698 3994 1
1821 3287 1829 2953 1
3557 3994 4109 674 1
653 674 698 3557 1
645 3557 4109 674 1
674 3557 653 645 1
4085 4194 418 481 1
2242 4122 4229 3368 1
3763 3578 3201 3453 1
611 3415 3910 664 1
478 476 550 3415 1
2833 80 2826 2466 1
3400 3537 2349 2343 1
3698 913 3616 907 1
913 3616 956 3338 1
3857 3400 2349 2343 1
3936 3562 12 30 1
3562 2311 2457 3936 1
3369 2381 2387 2392 1
3835 3696 3862 3397 1
3916 3696 3397 4259 1
3916 3535 3853 4259 1
3843 4259 3535 3916 1
2551 3665 1726 1728 1
4259 3843 3397 3916 1
4257 3917 3363 3276 1
2551 3665 1728 2625 1
2911 3342 2574 3051 1
3845 3917 3363 4257 1
2704 4267 2318 3173 1
3704 4129 4222 426 1
975 4152 3904 1030 1
3398 2897 2529 2637 1
975 1030 3103 4152 1
3487 2897 4152 2529 1
2700 2516 2775 2771 1
3904 4152 3487 1030 1
341 3919 3956 329 1
3448 3759 3919 3415 1
3919 3478 341 3956 1
3721 2837 3270 3294 1
3478 3919 3759 3415 1
2357 2777 2366 3618 1
3957 3919 3714 329 1
3714 3448 3919 3415 1
380 3674 3218 2484 1
380 3674 594 3218 1
1394 3579 2566 3939 1
2543 2845 3939 2619 1
3200 3939 3579 1394 1
2366 2777 3803 3618 1
3887 435 4042 3726 1
3401 790 3503 833 1
3291 3023 3598 4258 1
3968 4212 3598 3703 1
4106 3887 377 3529 1
3969 3939 2566 3948 1
3969 3750 3872 3948 1
3969 2566 3750 3948 1
3969 3939 3948 3200 1
3969 3200 3948 1442 1
3969 3948 3872 1442 1
3887 3726 3995 3975 1
4060 2445 3143 2989 1
2445 2989 39 3143 1
2493 3143 2989 4060 1
860 882 3356 3914 1
3888 495 4088 4081 1
525 4063 596 606 1
3279 4063 703 596 1
596 3549 4063 525 1
3892 3920 3881 4167 1
3922 2329 2348 3673 1
3839 3204 3736 3860 1
3175 3922 2348 3673 1
3204 3839 3736 3476 1
3839 3736 2343 3860 1
3945 2929 2854 3515 1
2551 2929 3147 3945 1
2779 3147 3945 2551 1
3973 2692 4173 3905 1
3662 2854 3515 3945 1
3925 3753 2055 2051 1
3973 3905 4173 2121 1
875 929 949 3946 1
2055 3925 3121 3753 1
3398 3075 3946 2637 1
1299 3807 2528 1339 1
3925 2055 3121 3462 1
3238 786 842 3279 1
4022 3675 873 898 1
2384 3778 3584 3569 1
3976 4143 3792 1751 1
4043 3539 3584 2384 1
2384 3778 2401 3584 1
3539 2401 3584 2384 1
3599 877 863 853 1
3599 4260 863 851 1
824 881 3599 853 1
1394 3200 3969 4169 1
1477 4193 2571 3948 1
3939 2571 2452 3948 1
1394 3969 3872 4169 1
4043 3584 3569 2384 1
3356 3977 3937 852 1
3356 3977 852 878 1
3937 3977 864 852 1
2037 3728 3419 3073 1
3356 3977 878 882 1
2325 3420 2331 2338 1
3420 2325 2331 3445 1
3927 3871 3087 750 1
2670 3096 3187 3157 1
4151 3681 3276 3791 1
4255 320 3893 3932 1
1989 3753 3925 3396 1
3884 2228 2266 3009 1
3884 3194 2266 2250 1
3884 3009 2266 3194 1
4053 3337 298 3989 1
298 4053 3989 393 1
3932 320 3893 4188 1
2487 4255 3893 4162 1
2003 2793 2657 2007 1
2003 2072 2657 2793 1
2007 2793 2657 2656 1
2072 2793 3413 2657 1
3508 1705 2793 3413 1
1979 1989 3396 3753 1
1807 1773 3898 3619 1
3619 3406 4031 3898 1
3894 3930 3232 3002 1
1600 3677 1631 3319 1
3677 1683 1679 1631 1
3894 3930 3002 3336 1
3894 3981 3930 3336 1
3577 3894 3930 3232 1
3828 4011 3713 4063 1
3289 2565 2558 2828 1
4011 4141 3828 3713 1
3577 3894 305 3930 1
305 3894 4025 3930 1
3071 2757 3951 972 1
3071 2790 3951 2543 1
4041 578 4005 629 1
3878 4237 454 449 1
4054 4237 3878 449 1
2062 3973 4115 4142 1
4251 2415 2420 2422 1
4251 2422 2420 2424 1
3550 3895 3823 696 1
462 581 3178 638 1
3801 664 3415 611 1
3801 664 611 623 1
3801 550 611 3415 1
665 598 612 3800 1
3823 3895 3875 696 1
1580 1653 1655 3522 1
4138 3226 3800 665 1
2591 2613 1653 3522 1
2062 3246 3735 2054 1
3734 3354 3933 4149 1
3756 3347 3933 3533 1
3354 3424 3933 4149 1
4149 3424 3933 3347 1
2946 3378 3127 2778 1
3146 3127 3330 2994 1
3146 3378 3330 3127 1
566 4192 3402 558 1
3897 4148 3301 3528 1
1033 944 954 3664 1
1033 954 1023 3664 1
1800 3397 3934 1824 1
3990 2630 3150 3760 1
287 4167 3920 243 1
472 569 564 3637 1
3892 243 3920 4167 1
4154 3767 775 3517 1
2566 2942 2452 2567 1
3939 2452 2567 2566 1
2845 3939 2567 2566 1
312 411 3355 3954 1
3954 3421 3355 2673 1
311 3954 410 387 1
1863 1865 3169 2643 1
2699 2770 2718 3139 1
2508 2770 2699 3139 1
685 667 681 4138 1
3981 3601 4051 3771 1
3996 3525 3830 1476 1
3996 1476 1488 3525 1
3771 3609 4051 3981 1
3771 3737 4051 3609 1
3304 3773 3081 3417 1
304 3773 3304 3813 1
3304 3773 3417 3813 1
2486 3781 3081 3773 1
3702 3124 3309 3149 1
3310 2558 2557 2828 1
3618 3979 3803 3903 1
489 3549 3279 596 1
460 3943 535 420 1
460 583 535 4021 1
3979 3903 2398 3803 1
460 4021 4011 583 1
460 4141 4053 3549 1
1408 3516 1416 2550 1
555 4175 618 4200 1
678 3153 3895 3801 1
3516 3410 3751 2550 1
3895 678 3801 3724 1
618 4077 671 4200 1
678 3153 3801 623 1
3943 4141 4133 460 1
460 4021 535 3943 1
4188 3993 3496 3764 1
4021 4212 535 3943 1
4188 3907 3496 3993 1
61 3960 53 90 1
40 51 3383 3960 1
51 3789 3383 3960 1
3960 3663 3091 3802 1
53 3802 90 3960 1
374 3993 4188 3764 1
374 4017 4188 3993 1
799 3483 989 2813 1
3783 2385 3947 2374 1
3783 2374 3947 3684 1
314 3455 356 336 1
3316 3779 4003 3697 1
356 314 4223 3455 1
4003 912 3316 3697 1
2618 2663 3962 2574 1
2316 4266 4080 4046 1
315 335 355 3762 1
3854 3724 678 3823 1
4109 4033 3724 3823 1
3786 4033 3724 4109 1
315 3790 3762 355 1
430 3555 3908 4108 1
430 3970 3908 3555 1
3555 3580 3908 496 1
3555 4089 3908 3580 1
2428 2434 3909 2423 1
538 484 570 4005 1
597 4005 570 649 1
2423 3909 4252 2434 1
3550 3590 3820 696 1
2423 2428 2410 3909 1
293 3790 315 355 1
313 315 3790 3762 1
3349 4077 679 3727 1
1038 3966 2789 2570 1
3966 2789 2570 2531 1
3901 1132 3805 3277 1
2797 3966 2531 2789 1
4109 4033 3612 3456 1
2739 3966 2797 2789 1
3736 3204 3015 2345 1
3642 3018 2778 3432 1
3501 3760 3150 4215 1
3785 1570 1553 2590 1
1511 3490 1566 3785 1
3785 1566 1570 2590 1
3760 1740 3273 3501 1
2844 2828 2943 2565 1
2429 2424 3746 2435 1
419 534 4010 491 1
3746 2413 2429 3493 1
3381 4010 3566 4190 1
3746 2429 2435 3493 1
4085 571 517 549 1
263 3978 3967 3920 1
3311 2920 2909 2846 1
3311 2844 2817 2569 1
2757 1214 1216 1308 1
253 232 3967 3978 1
3892 3920 3967 3755 1
3255 3667 3489 3225 1
351 4024 442 3561 1
461 442 3177 3561 1
3858 3333 2367 3915 1
2358 3858 2367 3915 1
1255 2638 1259 3138 1
3138 1259 1260 3152 1
1255 3138 2507 3351 1
1599 3105 1630 3869 1
3869 1630 1678 3689 1
3869 3105 2779 1599 1
3869 3105 2602 3945 1
3276 4151 3950 3353 1
3349 3477 4200 3950 1
4200 3950 3477 3791 1
3349 3950 4200 4204 1
3435 680 666 4156 1
3851 3540 2921 3972 1
4255 320 3907 3893 1
4175 4195 4077 4076 1
3826 3929 498 4013 1
3932 4162 3547 3893 1
1933 2832 2755 2014 1
1933 2755 2832 3868 1
292 3547 3932 4162 1
3727 3999 3349 4077 1
3868 2755 3207 2654 1
4234 663 3833 630 1
714 4016 3316 772 1
3849 3316 4160 4016 1
772 3316 3849 4016 1
4234 579 630 3718 1
2642 2618 3556 2792 1
44 3560 73 3562 1
3560 2457 98 73 1
44 3562 2311 3560 1
2291 2335 2329 4080 1
444 4107 503 4006 1
2562 2912 2567 2563 1
3196 2078 2090 2669 1
2750 1856 3648 2634 1
682 3211 3615 3667 1
682 3667 3808 708 1
3591 2523 3982 3386 1
3591 3982 3913 2669 1
3196 2669 3913 3982 1
3614 3327 2506 2938 1
3327 3614 2511 2938 1
2877 2823 3984 3203 1
2820 3203 3984 2823 1
2692 2980 3121 3511 1
2714 3527 2599 2491 1
2599 2491 274 4144 1
3631 3758 3929 3692 1
4020 791 3466 3080 1
4020 791 3849 772 1
4020 791 3080 3849 1
3826 3758 3929 563 1
3692 3758 3929 3826 1
1847 2654 1929 3868 1
2809 3648 3382 2634 1
3176 1847 1856 3868 1
3877 4157 4022 3565 1
4157 3565 881 4022 1
697 4200 3791 709 1
3877 3675 4022 4157 1
3565 881 4022 877 1
414 477 3953 4137 1
718 3602 3375 857 1
3455 414 3953 4137 1
3475 4207 3687 4264 1
1530 1580 3876 3261 1
3261 1578 1580 2591 1
2045 2053 2653 2782 1
2053 2762 2653 2782 1
2045 2782 2653 3196 1
2653 3196 2782 3282 1
2653 2782 2762 3282 1
3502 4146 4112 4044 1
3502 4112 3348 4044 1
4019 691 3384 4116 1
1529 2584 3879 1579 1
1529 3260 3879 2584 1
2557 2584 2453 3879 1
3260 2557 3879 2584 1
746 3507 3384 4217 1
103 151 3991 116 1
286 3932 4162 292 1
286 3932 4255 4162 1
4255 3932 3893 4162 1
116 151 3991 3605 1
3605 3991 3195 2460 1
1048 2509 1049 3112 1
3562 2457 48 30 1
2725 2653 1894 1787 1
2725 1888 1894 2653 1
259 3865 4190 4104 1
3956 3957 3790 329 1
241 4104 3865 259 1
3956 3926 3762 3415 1
3415 3478 3956 3926 1
3956 3415 3762 3790 1
3956 3919 3957 329 1
3919 3478 3956 3415 1
3460 4230 3415 3957 1
3415 3460 3957 3714 1
3415 3919 3714 3957 1
3956 3415 3790 3957 1
3956 3919 3415 3957 1
403 2488 2811 652 1
403 2981 2811 2488 1
2599 3514 3646 3350 1
3958 3184 4178 3352 1
2599 2491 3527 3350 1
3958 3534 4178 3184 1
3805 3958 4178 3352 1
2908 4126 2498 2503 1
4126 2498 2503 2321 1
4126 2498 2321 2515 1
843 749 3672 739 1
791 3364 4161 4029 1
4029 945 1000 3052 1
2603 2849 2848 2622 1
2848 2620 2821 2623 1
3998 2687 2594 2614 1
2687 3387 2614 3998 1
986 1041 4232 4000 1
562 4107 4156 503 1
4156 503 4107 3402 1
3380 4000 986 4232 1
2980 2955 2403 2825 1
1691 1687 3959 3523 1
1638 1687 3959 1691 1
2849 2627 2875 2694 1
3963 3822 1133 3656 1
1133 3890 3822 3963 1
1100 2541 2519 1060 1
1060 2519 2749 2541 1
1100 4000 2519 2541 1
1100 2541 1060 1137 1
2519 2974 2749 2541 1
2519 2904 2541 4000 1
2746 2949 3360 4004 1
2990 2985 2746 4004 1
3360 2949 3136 4004 1
3124 3309 3784 2487 1
2990 3870 4004 3202 1
2985 3870 4004 2990 1
1586 2589 3879 1558 1
4168 1767 1793 2630 1
3879 1586 2819 2589 1
3380 39 3270 2500 1
815 3380 928 870 1
870 3380 4232 3270 1
928 3380 986 4232 1
3018 3649 4098 3938 1
3938 4098 4240 3649 1
3450 3018 4098 3938 1
4240 2369 3915 3938 1
2376 3443 2388 4062 1
1797 2892 2958 3228 1
3443 4062 4251 2388 1
3369 2398 2396 2404 1
3391 828 3461 3767 1
3767 4202 828 775 1
3964 3390 3391 3006 1
1774 4273 3524 1851 1
2509 2534 2517 3039 1
2509 2880 2851 3039 1
4273 4213 3524 1851 1
184 3795 3574 188 1
198 188 3574 3795 1
3856 2998 2374 3941 1
2998 3858 2374 3941 1
1495 2763 3425 2830 1
3816 3574 184 3795 1
3858 2376 2374 3941 1
400 3942 3768 388 1
3056 2978 1702 2599 1
400 3607 3434 3942 1
3056 1699 1702 2978 1
3434 400 3942 3768 1
2390 2405 2399 3944 1
3454 2356 3744 3015 1
3695 3921 3902 3378 1
2875 2747 2830 2631 1
2875 2632 2631 2830 1
3443 3944 2399 2405 1
2399 3944 3443 3333 1
3944 3333 2399 2390 1
1485 4256 2751 2572 1
1483 1487 2594 2572 1
1483 1616 4256 2594 1
2594 2572 1487 2571 1
3734 4051 3971 3354 1
3316 3849 4160 3399 1
218 267 241 3574 1
652 856 2501 744 1
799 2501 652 856 1
744 2501 652 2811 1
652 2501 799 2811 1
4012 2665 2512 2445 1
4012 39 2445 2512 1
3242 4012 2665 2512 1
4012 2684 39 2512 1
3242 2512 3243 4012 1
2512 2904 2519 3306 1
3243 4012 2512 2684 1
3981 3930 3433 2479 1
2479 3409 3433 3049 1
3982 2451 2791 2523 1
2689 2791 3315 2523 1
2462 3027 2863 2864 1
3974 3668 479 414 1
3161 1973 1981 3157 1
4005 3910 4224 649 1
4041 627 629 662 1
4005 649 629 599 1
4224 649 4041 4005 1
3538 958 960 3086 1
3538 958 3086 3071 1
3783 2385 2378 3947 1
1793 4052 1815 3595 1
3783 3947 2378 3684 1
520 3849 3080 3626 1
1484 3410 1560 2577 1
430 3704 3993 3850 1
3410 3063 1560 2577 1
3695 4043 3902 3921 1
697 4200 3477 3791 1
3787 2580 1541 1552 1
1510 3787 1552 2580 1
3068 2899 3017 2403 1
2310 3427 2327 2324 1
3787 1510 4091 2580 1
2733 3186 2633 2649 1
2725 3186 2889 2633 1
4186 3385 3489 3578 1
373 361 3997 3609 1
373 3997 3737 3609 1
3949 361 373 3894 1
2632 2831 2496 2652 1
2733 2652 2649 2496 1
2831 2496 2652 2733 1
3894 4071 305 3949 1
919 3296 3193 991 1
991 3935 3193 1026 1
1026 3193 1105 3250 1
4194 3953 481 3800 1
3193 3250 3005 1105 1
3455 3226 3953 3800 1
1476 3525 2472 4091 1
1476 1488 4091 3787 1
1476 4091 2472 3787 1
1476 1488 3525 4091 1
481 4194 3800 4085 1
3281 2663 2089 2077 1
2674 2493 2492 2877 1
2877 2493 2492 3143 1
2877 2493 3143 3203 1
2877 3984 2493 3203 1
3984 2493 2674 2877 1
4129 3825 412 3495 1
412 3825 565 3495 1
3196 2068 2078 2669 1
4212 492 4226 3257 1
3707 4212 4226 3257 1
3517 3423 3767 4202 1
737 3517 3688 770 1
3517 770 3423 4202 1
3561 4190 3381 4160 1
2057 1999 3413 3196 1
2057 2669 3413 2061 1
2483 3693 384 4050 1
1058 2321 1146 2515 1
40 37 61 3960 1
3847 2454 3663 3789 1
40 27 37 3960 1
3847 3663 3091 3960 1
398 431 3001 365 1
994 3020 3586 3269 1
3680 3597 2660 4173 1
3712 4023 2193 2257 1
327 365 398 3001 1
4173 2199 2193 4023 1
3680 4023 3905 2729 1
3633 4023 3712 2257 1
3719 458 416 3775 1
3719 4085 487 458 1
4085 517 487 458 1
3786 4124 3506 3201 1
690 3667 749 3808 1
4024 488 459 392 1
4052 1815 1827 4213 1
4052 4246 4213 1827 1
3679 3302 4171 1797 1
3589 1115 2449 1018 1
4240 3915 4098 3938 1
709 4151 3676 691 1
3915 4240 4098 3333 1
4026 1203 3297 2521 1
1101 2521 1201 4026 1
4026 1201 1203 2521 1
319 4110 3601 4039 1
3765 3234 268 328 1
3836 3992 3668 3777 1
3732 3756 455 431 1
3279 483 428 405 1
4223 3836 3992 3668 1
431 3732 3756 3272 1
3836 3841 3992 3777 1
4094 3272 3756 3732 1
4163 3102 1245 1169 1
2535 2810 2872 2563 1
2564 2915 2556 2872 1
3422 4072 4191 3604 1
27 3847 3383 33 1
4191 4072 4087 3604 1
3557 3347 3994 3798 1
27 3383 40 33 1
1653 2591 3253 2613 1
3798 698 3994 3557 1
1374 4057 1423 3074 1
2814 2671 3441 1954 1
4057 3074 1442 1423 1
945 3052 3935 1000 1
3506 3448 3995 3714 1
750 4072 3709 3422 1
3775 549 486 519 1
4032 2393 2388 4034 1
4032 2409 2393 4034 1
2398 3569 2414 3369 1
3961 3038 337 331 1
3961 331 3738 3038 1
289 3961 331 3738 1
265 4190 349 353 1
67 4150 85 4174 1
4174 85 3328 4150 1
356 4223 338 3974 1
338 3668 409 3974 1
314 342 3388 3455 1
4138 3669 3999 4076 1
685 4138 3999 4076 1
3727 4138 3999 685 1
3138 2638 1259 3152 1
3349 3889 3999 3836 1
3889 3669 3999 3836 1
561 3495 4235 565 1
3353 3495 4235 561 1
449 4001 4237 508 1
449 4001 4054 4237 1
563 4175 4195 618 1
4001 3552 3669 3833 1
508 4001 4234 3552 1
4078 4066 2487 4162 1
3893 2487 4162 4078 1
4078 4066 4162 3841 1
785 3877 841 3565 1
3893 4162 3841 4078 1
3349 3777 3999 3727 1
3349 3836 3999 3777 1
4038 2666 2704 2783 1
3177 4160 3316 4016 1
4006 4009 448 406 1
406 4006 4009 3478 1
3448 3759 4006 3919 1
3478 4006 3759 3919 1
3402 666 619 655 1
679 624 646 3727 1
4035 646 3727 679 1
78 3789 109 94 1
109 94 3789 2459 1
109 3789 3802 2459 1
3960 109 90 78 1
1473 1511 3750 3521 1
1477 3521 3750 1489 1
1489 3521 3750 1511 1
2566 3521 2452 2942 1
4007 4250 415 396 1
457 516 4250 3834 1
660 3599 768 4157 1
3565 841 851 877 1
436 4089 3970 3764 1
3970 436 498 4089 1
3238 852 842 878 1
3759 4009 3926 4005 1
4009 3759 3926 3478 1
2494 3351 3395 3250 1
3970 4089 3555 3764 1
4006 4192 448 4009 1
1053 3250 1068 2507 1
4009 4006 3759 3478 1
1082 2570 2506 3509 1
1136 2532 3509 2506 1
1099 3227 2532 2506 1
1099 2532 1136 2506 1
406 4009 453 4047 1
3973 2121 2131 3905 1
3227 2840 3405 2886 1
3905 4142 3973 2692 1
2570 3509 3632 2506 1
3970 4089 3908 3555 1
3632 2532 3405 2506 1
4239 4009 453 4041 1
3973 3905 2131 4142 1
3759 4041 4009 4005 1
3970 4089 498 3908 1
460 4141 3549 4011 1
301 4190 3865 4010 1
4190 3566 3865 4010 1
3549 460 4011 525 1
3549 4011 4063 525 1
4141 4155 3598 3291 1
2443 3740 2439 4184 1
3912 252 254 272 1
3740 3493 4184 2443 1
4014 503 4107 562 1
4042 4014 503 4107 1
3189 3525 2472 4064 1
3471 3525 2472 1476 1
3740 2416 3864 3493 1
2870 2553 3189 4064 1
3975 4124 3529 3627 1
3975 3995 3529 4124 1
3552 4076 504 3669 1
3999 4076 4077 685 1
3695 3275 3403 3142 1
3975 3726 3995 4124 1
1099 3227 1180 2532 1
1180 2840 1316 2532 1
1316 2532 2840 3289 1
3695 3142 3403 3146 1
3824 3275 3695 3142 1
3824 3142 3358 2352 1
4124 3975 3814 4186 1
3975 3814 3726 4124 1
3627 3975 4124 4186 1
3883 3638 4015 3798 1
3347 3055 3798 3638 1
4015 3347 3798 3638 1
2993 511 533 2495 1
3562 2457 73 48 1
3562 3560 73 2457 1
3562 2457 2311 3560 1
1119 3013 1142 1168 1
4240 2343 3938 3736 1
971 2758 1034 3904 1
3904 1034 1130 2758 1
3449 3561 4190 3381 1
3449 3561 3381 4024 1
772 3923 904 3364 1
772 3364 3849 3923 1
3670 3737 3627 3771 1
4238 3926 3762 3956 1
3833 663 650 630 1
3956 3478 4238 3926 1
743 2493 2674 3119 1
3119 743 2493 855 1
798 855 3119 2820 1
4220 577 659 3564 1
4220 3564 659 592 1
4085 481 418 487 1
4085 481 487 540 1
1649 2614 3931 1651 1
1651 3931 1703 2836 1
3931 1703 2836 2763 1
3066 3931 3530 2763 1
2461 2545 2465 2698 1
2863 3027 2476 2477 1
2056 3556 3281 2663 1
3983 432 456 3891 1
157 3389 4056 194 1
3422 3241 4072 3604 1
1708 3339 1706 1662 1
1999 3196 2653 3101 1
595 4086 731 3610 1
27 3383 3847 3960 1
3986 4240 2372 2380 1
2580 3662 2852 4214 1
745 2499 830 3873 1
3873 830 900 2499 1
3873 2499 900 3209 1
4060 2492 2445 4070 1
4060 2445 2989 3269 1
4061 3005 2498 2515 1
4061 3193 2498 3005 1
2704 2726 3051 2574 1
2703 4267 2318 2704 1
2703 2726 4267 2704 1
3680 2661 3597 4023 1
2199 4023 3597 2269 1
2269 2661 3597 2277 1
3019 2661 3597 2835 1
1279 3473 2870 1293 1
2835 2661 3597 3680 1
746 4019 795 3384 1
648 3507 4019 746 1
2870 3817 1345 1293 1
1393 2870 4064 2553 1
746 4019 3384 3507 1
2870 2711 2490 4064 1
2527 4064 2870 2490 1
431 4037 3459 455 1
4037 455 4015 3459 1
2466 2891 2469 2900 1
3305 3459 4015 3130 1
3622 3928 2354 3330 1
4149 3049 3424 3347 1
1683 2524 3329 1686 1
770 3104 4087 3739 1
4102 552 478 474 1
2584 2606 1642 3239 1
1525 3239 3831 2584 1
1525 2584 1642 3239 1
3081 2813 2485 3028 1
466 3417 3813 3028 1
3081 2485 3304 3028 1
3505 3647 2346 4271 1
2876 2927 2601 2853 1
3234 3486 4133 3029 1
3847 3663 2454 3059 1
3505 2346 2357 4271 1
3847 3059 2454 3500 1
3591 2282 2867 2222 1
2244 2292 3210 4122 1
2346 4271 3647 3010 1
2292 3749 2330 3476 1
3993 3704 3630 3850 1
3133 3435 3788 3550 1
3133 3201 3435 3550 1
3993 3850 3630 3907 1
4070 1040 927 985 1
4092 3733 4244 354 1
266 354 350 4092 1
1107 1123 3985 1153 1
3985 1095 1107 2507 1
266 4092 4244 354 1
4092 354 350 3337 1
3152 2638 1259 1258 1
3997 3737 429 3670 1
3997 429 3737 3609 1
2501 1009 3483 2975 1
2816 2604 2582 2853 1
1017 1027 3988 1069 1
401 332 3992 409 1
3292 3163 2662 3264 1
401 409 3992 4248 1
1749 2978 1699 3056 1
2978 3056 1749 1745 1
4197 2121 2131 3973 1
2512 2537 2974 2904 1
2512 2904 3166 2537 1
1708 1710 3339 3373 1
3104 789 4087 3604 1
3233 2660 4074 2835 1
943 2449 2898 2701 1
3409 3881 3930 3433 1
910 888 2449 3544 1
2898 2701 2449 2878 1
4191 3604 4087 789 1
888 2898 943 2449 1
504 3552 3669 4001 1
321 3840 3768 3621 1
2299 4046 2307 3962 1
361 3894 3232 3002 1
3109 90 3802 109 1
109 3109 166 2459 1
361 3894 3002 3336 1
361 3336 3002 4083 1
1856 3648 3176 2655 1
1856 3648 2634 3176 1
1810 2750 2634 1856 1
2228 3429 2240 2284 1
808 2674 2493 2492 1
593 2492 3224 808 1
808 3224 2674 2492 1
357 367 4047 394 1
3184 1232 1197 1188 1
3903 3569 3369 3542 1
3903 3569 2398 3369 1
3184 1188 2513 1225 1
1385 1430 2804 4079 1
1430 1436 2804 4079 1
2807 2804 2527 4079 1
1385 2804 2807 4079 1
3886 4030 3780 785 1
4030 785 3886 3871 1
4030 3871 3087 3927 1
2243 2281 4080 2663 1
2243 4266 4080 2291 1
4143 4203 3835 4170 1
3533 3475 3756 3732 1
4080 3962 2663 2574 1
869 2492 4060 927 1
927 4070 2492 4060 1
4060 2493 2492 869 1
455 3533 3756 3732 1
3799 4008 3489 3255 1
4008 3615 3489 3255 1
4250 4005 484 4007 1
3550 696 3842 3590 1
556 4008 3578 3492 1
2861 2451 2726 2664 1
3381 4233 419 459 1
3385 3578 3550 3842 1
4010 4233 4269 534 1
2746 2949 4004 4084 1
3132 4084 2683 2949 1
3132 2949 2746 4084 1
3719 458 440 416 1
4190 353 4104 4160 1
4104 4160 353 343 1
4013 4175 563 555 1
4175 3826 4013 563 1
3552 508 567 559 1
3885 3125 3480 3731 1
3826 3929 4013 563 1
4146 646 4035 675 1
2900 2986 2485 2486 1
4146 4035 646 3777 1
3349 4059 3777 4035 1
3349 4059 4035 3477 1
2400 3921 4043 2370 1
2057 3196 3413 2669 1
2570 2528 1140 1072 1
1140 3509 2528 2570 1
2015 3281 2067 2056 1
3281 2663 2077 2067 1
401 4221 4118 4248 1
1590 2589 3924 2819 1
4196 401 4248 4221 1
3727 3796 3226 4138 1
646 624 553 3727 1
2530 2827 2535 2872 1
2707 2555 2913 2547 1
2707 2530 2872 2555 1
2707 2556 2555 2872 1
3777 553 3727 646 1
3349 4035 3727 679 1
373 3894 3609 3981 1
3609 3894 3336 3981 1
3949 3894 373 3981 1
4025 3894 305 3949 1
2845 1294 1346 3900 1
3740 2401 4184 3864 1
3312 2500 719 622 1
2391 4184 2401 3864 1
3669 3226 3800 4138 1
721 4040 3791 3502 1
245 4190 353 4104 1
4236 4160 343 3626 1
739 708 4177 720 1
3875 708 720 4033 1
708 4033 4177 720 1
3856 2998 2358 3216 1
1284 2718 1342 1288 1
1288 2718 1342 3699 1
1283 1287 1341 2775 1
1287 3650 1341 2775 1
2531 2872 2536 2873 1
2531 2873 3452 2556 1
3452 2871 2556 2557 1
740 3681 3791 4040 1
3681 3262 3276 4040 1
3690 3681 4040 3262 1
740 3690 3681 4040 1
2914 3113 4091 1472 1
1472 3113 4091 1510 1
3791 3681 3276 4040 1
1488 1510 4091 3787 1
721 740 3791 4040 1
2497 2759 3203 2941 1
2881 1223 1197 3138 1
4091 2581 2472 2580 1
381 4042 444 3995 1
560 3776 4148 3428 1
3516 2577 3410 1484 1
2829 3063 3691 274 1
3410 3751 3691 2577 1
560 564 4148 3776 1
3516 2577 3751 3410 1
2289 4266 4080 2316 1
2316 4046 2307 2299 1
2627 2752 2496 2858 1
2623 2858 2856 2645 1
2858 2856 2645 2732 1
3276 4044 3519 3791 1
3276 4044 3348 3519 1
4221 3794 3519 3891 1
4017 3993 3630 3907 1
2887 2857 2647 3511 1
1998 3556 3438 3281 1
3556 3281 2618 3438 1
2376 2374 2385 4002 1
3858 4002 2374 2376 1
2171 2671 2181 3429 1
2240 3429 2671 2284 1
2465 2480 2682 2891 1
2863 2481 2823 2698 1
2481 2480 2823 2698 1
2891 2863 2698 2481 1
367 4047 415 4007 1
357 406 4047 4238 1
357 367 4238 4047 1
2411 2407 3746 2424 1
3746 2407 4251 2424 1
2424 3746 2411 2429 1
4018 4175 4013 555 1
4018 3692 4175 4089 1
4268 3873 2683 2499 1
4175 3826 4018 4013 1
3692 3826 4018 4175 1
555 4018 4175 3580 1
4018 4089 4175 3580 1
3449 459 392 4024 1
3449 4024 3381 459 1
3801 680 3153 3788 1
2628 3186 2633 2889 1
2628 2889 2450 3186 1
3866 1796 4170 3266 1
1100 2541 1181 2926 1
1181 2541 1317 2926 1
1100 2926 4000 2541 1
4000 2904 2541 2926 1
1522 2579 2578 2547 1
2904 2844 2541 2926 1
2547 2555 2913 2829 1
2547 2579 2578 2913 1
1542 4193 3521 2590 1
1856 1862 3648 2655 1
3654 3763 3453 554 1
3382 2655 3176 3648 1
3797 1280 1308 2543 1
3654 3513 3414 3763 1
2555 2915 2913 2582 1
2757 1308 2767 2543 1
4049 1826 1830 3406 1
1807 3619 4049 1830 1
2768 2804 4096 2527 1
1830 3406 3619 4049 1
2804 4096 2527 4079 1
2556 2583 2915 2453 1
2556 2557 3040 2583 1
1515 3831 2579 3040 1
4111 2378 2383 3902 1
799 856 3483 2501 1
856 2501 1009 3483 1
1501 2594 2571 1544 1
4111 3902 2383 4043 1
4111 3921 3902 4043 1
2383 2378 4111 2391 1
3189 4091 2914 2581 1
456 3794 4221 3891 1
1523 2548 2595 2798 1
540 3953 612 3800 1
665 3800 612 3226 1
2564 2943 2453 2588 1
1318 2565 1412 1351 1
4110 373 377 3601 1
4110 323 3601 377 1
2479 2888 3049 4149 1
3518 399 432 2939 1
2242 4122 3368 2300 1
2300 3368 2317 3749 1
3337 350 280 3989 1
2915 2583 2587 2588 1
3443 2376 2385 4002 1
3515 3514 3629 2685 1
2852 3629 3515 3514 1
1808 4273 1851 1831 1
1831 4213 4273 1851 1
3669 3833 3455 4054 1
3455 3833 3878 4054 1
2993 470 511 532 1
4039 3949 4025 305 1
4039 3754 305 4025 1
3754 3930 4025 3981 1
4025 3894 3981 3930 1
2687 2595 1568 2751 1
3981 3894 4025 3949 1
1568 1491 2751 2595 1
1620 2595 1568 2687 1
4104 3747 4128 4236 1
4128 2965 4104 2478 1
3338 956 913 962 1
956 3988 962 3338 1
2392 2406 3369 2396 1
4059 3841 3777 4139 1
4059 4139 3519 3841 1
4059 4146 4044 3519 1
4059 4146 3777 4035 1
1069 1135 2502 1054 1
4059 4146 4035 4044 1
4027 4188 378 374 1
3944 2405 2397 2390 1
3333 3944 2397 2390 1
4028 2408 3700 2410 1
3861 3700 4028 2408 1
920 2503 3083 3748 1
3057 553 575 475 1
481 3800 540 4085 1
2757 3951 1035 1131 1
972 2757 3951 1035 1
2757 3951 1131 3797 1
3801 3153 3895 3788 1
4135 915 2932 3231 1
3506 3550 3801 3786 1
193 197 227 2470 1
811 3722 3914 3178 1
734 3722 811 3178 1
3550 3820 3788 696 1
3550 3788 3895 696 1
2756 3219 2460 128 1
1733 4228 3523 4068 1
4208 4068 1733 3523 1
4068 3976 3523 4208 1
4092 3486 4244 3733 1
4062 2405 2397 3944 1
3519 4221 3891 4066 1
3611 2778 4098 3018 1
3443 4062 3944 2405 1
3818 1588 1672 2601 1
3818 2601 1672 1670 1
3001 431 3272 365 1
431 388 3272 365 1
3660 3838 4228 4068 1
714 4003 3316 3779 1
714 3316 4003 836 1
904 836 906 3923 1
3859 4008 3492 3489 1
4008 3615 3578 3489 1
1733 3660 4228 4068 1
526 4015 543 499 1
756 747 806 3806 1
584 3557 4015 526 1
4260 863 851 3806 1
584 3798 643 3883 1
828 3964 3391 3006 1
3636 4269 639 587 1
4034 2393 2388 4251 1
817 886 3412 876 1
3016 3412 3265 2847 1
3265 2518 817 784 1
1391 1363 2799 3650 1
1363 2799 1406 1391 1
4034 2393 2407 2411 1
2411 2407 4034 3746 1
3699 2800 1392 1372 1
4034 2407 4251 3746 1
3242 2512 2511 3243 1
1392 2800 1407 1372 1
1306 3651 1372 1302 1
3512 2511 3243 3242 1
3495 4235 3363 3353 1
362 3993 3630 4017 1
724 800 796 3806 1
3806 845 800 796 1
1913 2951 1980 1972 1
1972 1980 2924 2951 1
429 4186 3888 4036 1
3814 4036 497 4081 1
3975 4036 3814 4186 1
743 3224 2674 808 1
2474 2674 2476 3119 1
2475 2674 3114 3444 1
3611 3683 4253 3450 1
4131 3487 1130 1125 1
4131 3701 1130 3904 1
3904 3487 1130 4131 1
3888 4081 497 4036 1
3627 4036 3975 4186 1
3670 429 4113 3737 1
4076 3669 3999 3889 1
4100 400 4207 3732 1
712 727 4154 698 1
2972 3899 3390 3006 1
3705 832 3418 3089 1
1686 2524 3329 1688 1
4157 3779 3675 898 1
3779 3697 3675 898 1
3226 3668 479 3285 1
4039 3949 373 3981 1
3567 2662 3440 2597 1
3567 2662 2597 4263 1
2597 2662 3440 2794 1
1716 2635 2885 2615 1
1716 2885 2635 2761 1
4039 3601 3738 3258 1
2761 2885 2831 2633 1
4105 3236 1215 1307 1
3754 3738 3258 4039 1
4039 373 3601 3981 1
3981 3949 4025 4039 1
3981 3754 4039 4025 1
3166 2904 3306 2538 1
750 3422 3709 3526 1
430 3970 4065 3908 1
4048 561 3495 3353 1
2059 1993 3832 2666 1
2059 3832 2762 2666 1
4194 418 414 370 1
3349 4175 4077 3999 1
1191 2699 3583 1204 1
3907 3850 3702 3496 1
3613 2354 2351 3330 1
2694 2628 2496 2633 1
335 4238 359 369 1
335 3762 4238 369 1
3762 4238 369 3926 1
3615 625 682 690 1
226 3747 4104 4236 1
1359 1391 2799 3650 1
3650 1371 1391 1363 1
721 3502 3592 4040 1
4040 3592 3690 3502 1
1306 1360 1372 3651 1
3651 3699 1372 1364 1
4098 3858 3333 4002 1
2358 3915 4098 3858 1
3333 3858 4098 3915 1
3778 2406 3369 2392 1
3700 2406 3778 2392 1
3349 3841 3836 3777 1
12 30 20 3936 1
3936 3092 4174 20 1
2826 59 3300 3389 1
2808 59 3300 2826 1
3778 4252 2406 3909 1
2604 2928 2927 2623 1
3300 3389 2461 2826 1
974 993 3115 2908 1
3669 3800 3455 3833 1
3909 2406 3778 3700 1
3778 3369 2406 4252 1
993 3231 3115 2908 1
3669 3800 3833 4138 1
2375 3369 2387 3741 1
3542 3369 3903 3741 1
2373 3542 3903 3741 1
2388 2393 4062 4251 1
4118 468 475 4221 1
1298 1273 2962 1319 1
3836 3889 436 4089 1
1319 2962 2565 2538 1
4089 3349 4204 3764 1
4089 3349 4200 4204 1
4118 4248 475 3880 1
4118 4221 475 4248 1
3377 3082 4142 3551 1
272 2487 286 276 1
658 3815 3602 688 1
4142 3377 3551 2132 1
688 3242 3815 3602 1
3815 2495 4012 3242 1
276 2487 4255 3559 1
3776 564 4148 3637 1
276 286 4255 2487 1
4135 3645 3672 843 1
633 3615 3897 4130 1
2683 3573 2883 4135 1
4034 2411 2402 2409 1
2385 4251 4034 2388 1
4032 2409 4034 2402 1
4065 436 498 3970 1
4065 3908 498 496 1
1739 4143 4203 3838 1
4065 3970 498 3908 1
2906 2621 3835 4143 1
1739 3838 4068 4143 1
347 3381 419 459 1
421 4239 4047 453 1
4009 4047 3926 4005 1
4047 4009 453 4239 1
358 3878 3455 3719 1
3878 454 4237 422 1
358 395 422 3878 1
4067 4017 374 362 1
386 3707 420 4226 1
3943 492 535 420 1
4069 3993 3764 430 1
3999 3836 3226 3777 1
334 3455 370 3719 1
334 370 360 3719 1
4146 654 4112 546 1
4146 675 3502 654 1
4164 2614 2710 3025 1
4164 1602 2594 2614 1
520 4159 3849 4147 1
714 4147 4016 772 1
772 4016 3849 4147 1
548 599 570 4005 1
4005 649 599 570 1
3168 345 410 446 1
3821 3482 3428 3859 1
4186 3859 3482 3821 1
2605 2628 2694 2930 1
2694 2957 2930 2628 1
2134 3041 2128 2208 1
715 3722 3698 782 1
734 782 850 3722 1
3263 2801 3254 2134 1
374 4017 3993 362 1
3577 361 4071 3894 1
3894 361 4071 3949 1
3668 4137 414 4223 1
3974 4223 3668 414 1
4067 4017 362 3630 1
4067 3630 362 3248 1
2366 3803 3867 2396 1
3926 369 413 417 1
3867 2398 2396 3803 1
2479 4149 3734 4094 1
4212 492 3943 4226 1
4094 2479 4149 3840 1
3968 738 4155 687 1
3707 4141 4133 3943 1
4094 3272 3732 388 1
3594 4111 4095 2391 1
4095 4225 2431 2420 1
3654 554 3453 4073 1
3539 3584 2391 4043 1
4043 2959 2383 2377 1
1316 3289 2840 1291 1
1336 1291 1277 3289 1
3907 320 4017 4188 1
2735 3614 2511 3327 1
4017 3907 4188 3993 1
4097 3749 2330 2292 1
3106 2876 2606 2715 1
4097 2317 2330 3749 1
2715 2606 2930 2876 1
2776 3106 2715 2624 1
4075 2424 2422 2407 1
4024 488 524 459 1
2391 4095 3643 2402 1
3873 3645 4135 3209 1
3209 3645 794 3873 1
4095 2402 2391 3581 1
2391 3643 3864 2402 1
557 3353 4048 3580 1
4048 557 561 3353 1
3353 4048 3580 3555 1
2738 4063 3713 606 1
4063 525 4011 606 1
3615 3255 3897 3230 1
4011 3713 4063 606 1
3255 3230 4148 3897 1
3615 3230 3897 690 1
3888 495 4081 4186 1
1020 2700 4026 1051 1
1051 4026 1117 2700 1
1020 4026 2700 2516 1
2700 4026 3297 2516 1
3814 4036 4081 4186 1
3888 4186 4081 4036 1
3814 4186 4081 3453 1
4186 495 4081 4082 1
2901 1132 4101 3277 1
4101 1132 3901 3277 1
2384 3569 3369 3778 1
551 3226 624 612 1
3226 3953 551 477 1
1724 3660 1770 1766 1
3505 2319 3175 3647 1
4046 2319 3647 3175 1
497 4073 3453 4082 1
3453 554 3492 4082 1
3999 3669 3226 3836 1
4186 4082 3453 3492 1
4073 554 3453 4082 1
4186 4082 4081 3453 1
2722 3095 2315 2296 1
4081 4082 497 3453 1
3424 3347 3558 3994 1
3933 3347 3424 3994 1
4200 709 697 671 1
4210 833 3980 790 1
3910 3415 3759 664 1
3863 3704 362 3769 1
3498 3559 3630 3702 1
3953 3226 612 3800 1
3226 551 3953 612 1
67 89 4150 2457 1
67 2457 4150 4174 1
4174 4150 3328 2457 1
497 4073 4082 4088 1
4005 516 570 548 1
3888 4088 497 4081 1
4081 4088 497 4082 1
228 3195 2988 2780 1
255 2780 2460 228 1
190 228 3195 2988 1
1292 3290 2542 1317 1
1337 3290 2542 1292 1
3506 3759 4107 3448 1
3589 4152 2879 2961 1
3506 3448 4107 3995 1
3085 2672 4152 2490 1
4109 3823 3854 694 1
4109 3724 3854 3823 1
3552 656 667 681 1
2704 2726 2574 4153 1
2229 4153 2704 2281 1
2704 2783 2726 4153 1
2229 2783 2704 4153 1
3891 3309 3519 4066 1
3784 3309 3891 4066 1
322 4066 3891 389 1
322 3784 3891 4066 1
1421 1437 2522 1427 1
1421 2805 2522 1437 1
1799 2654 1847 2634 1
1026 3193 3250 3935 1
4158 537 3781 4198 1
792 3781 3081 3616 1
4159 4020 3849 772 1
4159 772 3849 4147 1
682 3667 690 3808 1
2949 2683 2908 3298 1
4161 904 945 3364 1
4029 945 3052 3364 1
2478 3399 2690 3313 1
3313 2690 3296 3399 1
3933 3971 4109 3456 1
4161 3364 945 4029 1
3994 3612 4109 674 1
886 3412 911 840 1
3769 362 3993 3704 1
817 2518 3412 840 1
4069 3993 3769 362 1
2703 4267 3454 2318 1
429 3997 4083 3609 1
226 4104 192 245 1
389 401 4196 4221 1
4040 3262 4114 3502 1
4114 3502 4044 3791 1
4114 3502 3348 4044 1
3502 4114 3348 3262 1
1740 3501 2982 3064 1
3791 4040 4114 3502 1
3226 665 624 612 1
4115 4197 2131 3973 1
4115 4142 2131 4117 1
4115 3973 2131 4142 1
2511 2536 2973 2974 1
2511 2974 2938 2536 1
2974 2938 2536 2537 1
3012 72 3991 2454 1
2347 3641 2367 2362 1
4093 320 4255 3932 1
648 3507 4116 4019 1
4019 4116 3384 3507 1
1942 3462 3121 1995 1
4022 877 873 841 1
3675 873 841 4022 1
3877 3675 841 4022 1
3565 4022 841 877 1
4251 2420 4095 3766 1
3931 1746 1750 3066 1
1645 2614 2995 3931 1
1645 2995 3050 3931 1
3353 4235 4116 634 1
722 3739 737 4087 1
2424 3766 2420 4251 1
3609 4083 3336 361 1
1162 1223 2881 2507 1
1107 1162 3985 2507 1
496 4108 4222 4129 1
687 640 4155 4212 1
3812 3968 3703 4212 1
644 3812 4212 3968 1
4009 4238 3926 4047 1
4212 3968 687 644 1
4238 4009 3926 3478 1
4178 2533 3534 3958 1
1393 1373 4058 4096 1
447 3223 4247 3715 1
3465 3715 3223 447 1
411 3465 471 3223 1
1715 2600 2927 2620 1
1715 2760 2620 2927 1
3219 168 220 2460 1
128 3219 2460 168 1
3348 3136 3703 3298 1
3812 4112 3703 3502 1
89 2457 117 4150 1
4150 3328 2457 3458 1
4150 117 3458 2457 1
4063 606 703 596 1
3722 891 850 811 1
4165 4051 3971 3734 1
2394 2430 3584 4184 1
990 1042 4061 3231 1
3231 4126 2498 2908 1
4072 722 4087 3604 1
4085 3833 3775 3878 1
4164 2594 1602 1544 1
2452 2594 2710 4164 1
2590 2710 3025 3324 1
2571 4164 2452 4193 1
3992 332 338 409 1
401 389 3983 4221 1
49 3383 70 4242 1
3383 4242 3789 70 1
4085 600 571 549 1
2937 3614 2511 2735 1
4085 571 600 650 1
2937 2789 2797 2531 1
3833 650 598 4085 1
3614 2531 2789 2937 1
1965 3205 2651 1979 1
3635 2705 3205 2734 1
2382 3333 2376 2397 1
1989 1979 3536 3205 1
3779 704 810 4157 1
319 323 3601 4110 1
323 3601 377 4045 1
4103 3333 2376 2382 1
3333 2376 3858 4103 1
3627 435 3975 4036 1
3543 302 4133 3234 1
3675 3697 873 898 1
3455 356 370 414 1
302 4133 3710 3543 1
647 3637 686 3873 1
686 3873 745 647 1
647 3873 745 3528 1
356 3455 4223 414 1
2056 3281 2067 2663 1
3760 2630 4168 3990 1
3451 1793 1801 4136 1
4169 3074 1442 4057 1
4169 3200 1442 3074 1
4169 3200 3969 1442 1
4169 3969 3872 1442 1
1739 4170 4203 4143 1
4106 3670 435 3627 1
435 3529 4106 3627 1
435 3887 4106 3529 1
3475 4207 467 3687 1
1642 1689 3239 2606 1
3732 4207 467 3475 1
1690 2613 2787 1694 1
1694 2787 1698 2613 1
3714 4189 329 381 1
3732 4100 467 4207 1
467 4207 4100 474 1
467 3687 4207 474 1
277 237 4167 287 1
2483 277 4167 383 1
283 275 285 4209 1
3012 3991 2756 3587 1
3012 2756 2709 3587 1
3889 3669 3836 3388 1
2999 2647 3141 2857 1
3524 2887 2857 2647 1
3723 3836 324 330 1
3915 2369 3333 3467 1
3915 3467 3333 2367 1
3759 4005 3926 3910 1
366 3891 3782 3983 1
4108 3908 4065 496 1
4105 2870 3593 2527 1
4108 3555 3908 496 1
4222 496 3555 4108 1
4060 4070 2445 3269 1
4110 3949 373 4039 1
994 3269 4060 3020 1
304 3773 521 4176 1
4176 3733 537 506 1
4176 3733 3773 537 1
3603 670 696 708 1
4110 373 3601 4039 1
3783 2378 4111 3902 1
4113 4036 3888 435 1
3670 4113 435 3627 1
39 3306 2721 2989 1
2445 3306 39 2989 1
3783 2378 3902 3684 1
3627 4113 435 4036 1
301 347 4010 419 1
4010 385 491 3848 1
279 3449 265 269 1
265 3449 349 4190 1
2343 3736 3986 3860 1
3369 2404 2396 2406 1
342 4054 3388 3455 1
4054 3388 3455 3669 1
13 25 27 3847 1
2510 2973 2937 2851 1
2536 2535 2531 2937 1
2973 2937 2535 2536 1
2054 3125 3731 3973 1
2054 3973 3731 4197 1
2121 3905 4173 2193 1
2692 3680 4173 3905 1
3680 4023 4173 3905 1
2193 4173 4023 3905 1
4146 3502 675 4035 1
4035 4044 4146 3502 1
4035 3477 4059 4044 1
2665 2506 2512 3166 1
2512 3166 2506 2537 1
2506 3327 2512 2938 1
2512 2537 2506 2938 1
4180 3487 4131 1125 1
2506 2665 2512 3327 1
4180 3487 1125 1046 1
4061 1086 4126 1042 1
4061 2515 1086 1145 1
4061 2515 2498 4126 1
3858 2376 3941 4103 1
3302 2859 3190 3481 1
4171 2935 3190 3302 1
508 504 4001 3552 1
4168 2630 4136 3990 1
4171 4168 4136 3990 1
4137 3226 479 477 1
456 4118 4221 468 1
3455 3226 4223 4137 1
479 3226 4137 3668 1
4137 477 3953 3226 1
3455 4137 3953 3226 1
3668 3226 4137 4223 1
4093 320 306 4255 1
3828 3291 3620 3345 1
3814 435 497 4036 1
435 497 3726 3814 1
3828 3291 3345 3288 1
3888 4036 497 435 1
3853 2906 2621 3835 1
1850 3141 3708 1830 1
4179 3393 3092 3328 1
62 4179 3761 3092 1
3761 3393 3092 4179 1
3726 435 4042 497 1
1850 1865 3141 1830 1
640 677 723 3713 1
3992 3841 4139 3777 1
3713 751 790 4210 1
4181 909 3345 3291 1
4181 909 899 874 1
909 899 913 4181 1
4234 628 663 630 1
3833 4085 600 650 1
3833 600 630 650 1
3812 4206 776 728 1
2401 3778 2384 3700 1
644 3968 687 713 1
3072 3862 2525 2639 1
1788 2902 1796 3407 1
670 708 3603 682 1
3688 3517 4202 770 1
4107 3402 3759 3506 1
4156 4107 3506 3402 1
526 4015 4037 455 1
4154 727 3994 698 1
4004 2985 2746 4183 1
2746 2985 3132 4183 1
2985 3545 3892 3582 1
2985 3582 3132 4183 1
2985 3545 3582 4183 1
2985 3870 4183 4004 1
2985 3870 3545 4183 1
4123 4017 374 4067 1
4138 4076 3552 3669 1
3552 4138 3669 3833 1
3070 931 975 3904 1
2741 2758 931 3070 1
3070 931 3904 2758 1
4017 4123 374 4188 1
4123 4188 4027 374 1
3824 3358 2359 2352 1
3358 3824 3361 3142 1
2177 2136 4265 2187 1
2137 4265 2190 2666 1
2120 2666 4265 2136 1
2722 3194 2278 3185 1
324 4188 3836 378 1
2058 2666 3832 1992 1
2058 2803 3832 2666 1
3723 3836 378 324 1
3519 4221 4066 4139 1
4059 4139 3777 4146 1
4059 4146 3519 4139 1
4021 4141 4011 3713 1
4027 324 378 4188 1
460 4141 4011 4021 1
4200 4077 671 697 1
1706 2606 3339 2715 1
1706 3339 2606 1662 1
279 351 349 3449 1
279 349 265 3449 1
2353 2998 2374 3856 1
527 585 4112 3257 1
4120 251 307 3571 1
2353 3711 2374 3684 1
4061 4126 2498 3231 1
2353 3684 2374 2998 1
456 3983 4221 4118 1
487 4085 540 571 1
487 517 4085 571 1
4251 2415 2422 2405 1
3989 3279 428 405 1
2998 4098 3858 2358 1
2998 3858 3941 2358 1
3858 4103 3941 2358 1
3779 4157 890 898 1
4157 859 890 898 1
2405 2415 3443 4251 1
3443 2405 4251 4062 1
4251 4062 2405 2407 1
3349 3519 4204 3841 1
3349 3519 3950 4204 1
3615 4130 625 690 1
4076 563 4175 4195 1
4076 4077 4134 4195 1
1769 1729 2625 3274 1
1769 3274 2625 4273 1
88 3605 116 3991 1
3605 4242 88 84 1
4076 4134 4077 685 1
2152 3940 2221 2663 1
2089 2663 3940 2152 1
3281 2663 3940 2089 1
3940 2783 2663 3281 1
4099 3652 3443 2380 1
4130 3615 3897 690 1
366 322 3891 389 1
366 3784 3891 322 1
3521 2710 4193 2452 1
3324 4164 2710 3025 1
3521 2452 3948 2566 1
2381 3369 2396 2392 1
4092 280 3337 350 1
266 350 280 4092 1
564 3637 647 4148 1
4021 4155 640 4212 1
4021 3713 640 4155 1
495 490 3821 429 1
3659 3840 3001 4149 1
4094 4149 3756 3272 1
3196 2057 2068 2669 1
4199 3987 1156 1154 1
1124 4199 1154 3987 1
3912 2487 308 272 1
3590 670 3820 696 1
3912 3784 308 2487 1
322 3784 2487 308 1
4100 3732 455 388 1
2090 2669 2153 3913 1
3913 2153 3591 2669 1
3196 2090 3913 2669 1
4198 3781 773 715 1
4158 4198 3781 773 1
3814 497 3414 3453 1
497 3414 3726 3814 1
3726 497 4042 3414 1
737 3739 770 4087 1
683 4151 4200 709 1
683 671 709 4200 1
795 4217 901 831 1
338 4223 3668 3974 1
4062 2376 2397 2382 1
521 3773 537 4176 1
3778 2387 3700 2392 1
3778 3369 2387 2392 1
2341 2351 4125 3613 1
2404 4252 2421 2423 1
104 117 2457 2468 1
1440 2386 2468 2457 1
2457 2468 2708 2386 1
2457 3653 2468 3458 1
3560 2457 1440 2468 1
3560 98 2457 2468 1
117 3458 2457 2468 1
104 2468 2457 98 1
2457 2708 2468 3653 1
4066 3309 3519 4078 1
947 2493 4201 4060 1
4201 4060 2493 2989 1
54 62 3761 3092 1
54 3092 3761 77 1
77 3761 2526 3092 1
3739 737 643 3774 1
3734 4149 3933 4094 1
4149 3347 3933 3756 1
3719 416 368 395 1
2369 2362 3641 2349 1
3719 3878 3455 4085 1
395 3775 422 3878 1
3316 906 3923 912 1
906 912 4003 890 1
122 141 4056 2463 1
4056 141 196 172 1
4056 2463 2462 122 1
1820 3120 1822 1832 1
1832 3061 1822 1871 1
3120 3061 1822 1832 1
921 3296 991 3935 1
921 3935 3399 3296 1
3296 3935 3193 991 1
3777 646 3727 4035 1
3349 3777 3727 4035 1
3824 2359 2377 2352 1
3137 3553 4271 3142 1
491 543 3848 499 1
1057 1145 3005 4061 1
3901 3325 1142 1119 1
2746 2985 2482 3132 1
1119 3013 3325 1142 1
3836 3349 3764 3841 1
2298 2278 3185 2722 1
436 3836 4089 3764 1
3836 3349 4089 3764 1
3912 272 254 276 1
3666 3792 2685 3810 1
4127 4154 3798 672 1
2059 2666 2762 2782 1
751 3713 677 2738 1
3535 3406 3853 4259 1
1814 3406 3853 3535 1
1597 2580 2852 4214 1
4211 1226 3882 1189 1
857 4070 985 2506 1
4070 857 2665 2506 1
574 3557 653 545 1
4224 655 662 4245 1
613 545 653 3557 1
3070 2758 3904 3431 1
2758 3431 3725 3904 1
1297 3289 1261 2538 1
1297 1277 3289 1336 1
667 4076 3552 4138 1
685 4076 667 4138 1
3786 4109 4102 4264 1
3571 3717 307 3840 1
22 32 60 3092 1
32 3092 46 60 1
46 3092 69 60 1
22 3320 60 58 1
60 69 2526 3092 1
2369 4240 3915 3333 1
3506 680 4156 3402 1
3435 680 4156 3133 1
3556 2663 3962 2618 1
2792 2273 4263 2195 1
3556 2138 2792 2178 1
309 2475 3224 379 1
309 2988 3224 2475 1
3923 3935 961 955 1
3364 3047 3080 3849 1
398 431 3459 3001 1
694 720 3612 4033 1
4104 2965 4160 2478 1
4140 3996 1488 3525 1
4010 3566 3865 3130 1
3987 2155 4211 3152 1
1198 3987 4211 3152 1
3882 4211 3987 2837 1
3987 2837 4211 2155 1
3987 1189 1198 4211 1
3987 4211 3882 1189 1
61 3960 37 53 1
3091 3802 53 3960 1
4250 516 484 4005 1
3971 3752 4033 3456 1
4163 1169 1143 3102 1
1739 4143 3976 1751 1
1739 4143 4068 3976 1
1801 4052 3655 3481 1
1827 1866 4213 1831 1
4213 2651 2730 2887 1
4213 2651 4246 2730 1
1599 3105 2779 1605 1
1605 3105 4214 1609 1
1605 3105 2779 4214 1
4214 2602 3105 3945 1
4214 3945 3515 2602 1
1597 3079 2852 1640 1
1489 1553 1542 3785 1
1511 3785 1553 1489 1
2465 2480 2673 2682 1
471 3488 533 4247 1
4247 3488 533 4220 1
2756 2780 3219 2688 1
2688 3168 2780 3219 1
1767 3274 1723 1727 1
1734 1740 3273 3760 1
3760 2630 3274 1767 1
4136 2630 1793 4052 1
3150 4121 3084 3990 1
4168 2630 1793 4136 1
2124 3608 2936 3367 1
3906 2124 3367 3608 1
2755 3009 2171 2163 1
740 821 3681 3690 1
3120 2504 3099 3972 1
2504 3728 3099 3972 1
3499 776 3748 3690 1
3115 974 2908 916 1
3433 3044 3354 3049 1
1223 3138 2507 1257 1
1800 3535 3853 3916 1
1792 3535 3853 1800 1
4219 1801 3595 3655 1
1801 3655 4052 3595 1
1695 4208 1691 3976 1
1695 3976 3326 3600 1
4041 4224 662 649 1
3589 3085 1115 1097 1
4076 4172 3758 563 1
460 4141 4021 3943 1
4141 4212 4021 3943 1
2294 2977 3642 3210 1
2703 2294 3642 3210 1
220 2780 3219 2460 1
74 88 3991 2454 1
303 4218 520 3626 1
88 3605 3991 2454 1
3849 4016 3626 536 1
3945 3515 2685 2929 1
2211 2661 2245 2802 1
2802 2245 2249 2661 1
2802 2249 3019 2661 1
3665 2685 2906 2929 1
2551 2929 3945 3665 1
505 4160 4016 3626 1
3950 3917 3519 3276 1
1626 1677 3253 2616 1
249 2988 2459 281 1
281 3745 2988 2459 1
1677 1732 3253 2616 1
250 2471 2981 282 1
1679 3677 1727 1723 1
3770 2488 2682 2981 1
1533 1529 3879 1579 1
1623 1579 2584 1652 1
3879 2584 2819 1623 1
1723 3274 3677 1727 1
1679 3677 1723 1683 1
1534 1530 1580 3876 1
3310 2557 1438 1400 1
3310 1438 2557 2558 1
3311 1401 1439 3261 1
3311 2569 3261 1439 1
3226 551 479 477 1
3953 551 540 612 1
4030 3087 3827 3657 1
4030 3087 3886 3827 1
4172 4076 567 620 1
3349 3889 4175 3999 1
1166 1178 3473 2529 1
1167 2539 3220 1179 1
3910 3926 539 538 1
1179 3220 1280 2539 1
3910 4005 3926 538 1
4006 4192 503 448 1
4107 3759 4006 3448 1
255 2780 2988 2475 1
502 2981 3218 2811 1
256 3532 2468 2981 1
39 3380 3306 2512 1
2684 3380 39 2512 1
39 3380 3270 3306 1
3349 4089 4200 4175 1
3349 4200 4077 4175 1
3870 278 238 234 1
3545 4167 3952 2483 1
200 3870 238 234 1
3870 2483 4167 3545 1
343 3626 4160 4218 1
3667 3682 3225 3672 1
3682 3044 3225 3672 1
2296 3095 2315 2322 1
543 3883 587 4269 1
3095 2324 2328 3135 1
587 3883 3636 4269 1
2303 3445 2661 3440 1
2524 3530 4227 2910 1
901 4217 916 3115 1
4021 640 535 4212 1
2746 4084 4004 4183 1
3132 4084 2746 4183 1
1722 2940 4228 1724 1
1724 3660 4228 1733 1
1733 3660 4068 1739 1
3682 3456 3558 4145 1
4228 3128 2621 3665 1
2139 4229 2793 2179 1
2179 2793 2242 4229 1
2689 4229 3368 2793 1
3413 4229 2689 2793 1
2242 4229 2793 3368 1
1593 2551 2779 1628 1
3057 553 646 575 1
560 4148 633 3799 1
3227 1147 1180 2840 1
3227 2840 1180 2532 1
3776 4148 3428 3637 1
634 4116 691 4019 1
2219 3259 2253 3597 1
428 483 3279 4261 1
604 596 3279 732 1
4182 4166 2359 3358 1
4182 3358 2359 2354 1
211 3954 2464 311 1
211 3355 3954 312 1
217 211 3355 2464 1
4112 3502 699 654 1
4146 654 3502 4112 1
2845 3900 1346 3579 1
2439 4184 2430 2431 1
2431 2430 2394 4184 1
879 3946 3398 3075 1
348 4053 393 460 1
698 674 710 3994 1
526 4015 584 543 1
4238 359 369 4007 1
499 3305 4015 3848 1
3814 4081 497 3453 1
2777 4187 2368 3606 1
2342 2348 3965 4187 1
2342 4187 2368 2348 1
4011 460 583 525 1
3460 4230 3957 4189 1
3957 3460 4189 3714 1
3961 3460 4189 4230 1
3714 3460 4189 4045 1
2837 3757 4211 2155 1
3882 3757 4211 2837 1
305 3978 3930 3754 1
3538 2781 3086 2447 1
3538 3071 3086 2781 1
2349 3537 2369 2343 1
2329 2342 2348 3965 1
2348 3673 3965 3010 1
3965 3673 2348 2329 1
1492 3471 2472 1476 1
1504 1492 2549 2472 1
2576 2807 2527 2549 1
2672 2527 2490 2576 1
4177 3612 4145 720 1
2672 2527 2576 2807 1
4184 3594 3584 2394 1
2527 2576 2549 2490 1
2127 4231 2207 3259 1
4231 3259 3728 3073 1
4231 3259 3073 2207 1
986 1065 1041 4000 1
3380 4000 4232 3270 1
2500 3380 870 3270 1
4225 2400 4111 3594 1
739 4177 3672 4145 1
3976 3128 3792 4143 1
1678 1722 3869 3689 1
1740 4168 4171 3990 1
3760 1740 3501 3990 1
1740 3760 4168 3990 1
1740 3990 2982 3501 1
3070 3904 4152 3431 1
3904 3431 3725 4152 1
3356 860 825 882 1
2935 3990 2982 1740 1
578 4041 4005 4239 1
3375 2665 4012 2445 1
4119 39 2445 4012 1
2492 2445 3375 4119 1
246 227 4244 3229 1
3331 2486 4244 3486 1
3402 4245 666 655 1
3402 655 4224 4245 1
566 558 3402 609 1
2665 2506 3166 4070 1
781 849 4003 3779 1
781 4003 849 836 1
520 3626 536 3849 1
520 4218 536 3626 1
4236 3626 343 303 1
4236 303 3303 3626 1
4236 4128 4104 2478 1
4236 3747 4128 3303 1
1785 2630 4052 1793 1
3757 2941 2989 3184 1
3455 414 4194 3953 1
1785 2630 4273 4052 1
3455 3953 4194 3800 1
4194 3455 3800 4085 1
1564 3365 1524 1559 1
1591 1564 1559 3365 1
1591 3134 3365 1559 1
495 3859 3428 560 1
3759 4041 4192 4009 1
4006 3759 4192 4009 1
3366 3064 2982 2923 1
4006 4107 503 4192 1
1695 3600 4208 3976 1
4172 504 567 4076 1
620 3552 667 4076 1
4154 727 758 775 1
712 727 758 4154 1
4196 3841 4066 4139 1
4066 4162 3841 4196 1
3517 775 4154 758 1
3847 2454 3789 4242 1
1631 1606 3319 3464 1
2178 2233 3962 2663 1
2233 4266 2299 3962 1
759 3812 3968 776 1
3582 3545 3892 3881 1
4183 3545 3582 3952 1
3545 4167 3892 3881 1
4048 496 3580 3555 1
2470 146 160 181 1
131 146 160 2470 1
131 2470 160 156 1
160 181 3007 2470 1
2463 180 159 145 1
130 2463 159 145 1
159 155 188 3795 1
4197 3731 2123 2121 1
4197 3973 3731 2121 1
3987 1156 3671 4199 1
4107 4192 3759 3402 1
4006 3759 4107 4192 1
3752 3682 4177 3456 1
495 490 560 3428 1
377 4045 3771 3529 1
4007 396 417 484 1
4007 3926 484 417 1
4263 2279 3567 2662 1
294 356 316 4223 1
294 338 356 4223 1
314 356 4223 316 1
4234 579 590 630 1
4234 590 628 630 1
876 3412 2517 930 1
3729 1824 1840 3617 1
3617 1840 1828 1824 1
1840 3099 3617 3340 1
391 3669 4054 445 1
3669 504 4054 445 1
4054 504 3669 4001 1
4054 4001 3669 3833 1
4119 2445 39 3143 1
3775 519 4237 579 1
39 3306 3270 2837 1
4237 579 4234 3718 1
4237 3775 579 3718 1
728 711 699 3502 1
2063 3608 4142 4117 1
3377 3608 4117 4142 1
4117 3377 4142 2132 1
644 585 4212 3812 1
544 3257 4212 585 1
1042 4126 1127 1086 1
3719 487 418 440 1
4126 1087 1127 2515 1
1087 2515 4126 1058 1
2176 2186 4038 2666 1
4038 2247 2704 2260 1
2190 2666 2260 4038 1
418 3719 4085 487 1
4054 3833 3878 4237 1
4237 4001 4234 508 1
4237 4001 4054 3833 1
441 3669 3758 3889 1
3998 1651 3387 2614 1
4089 4204 3555 3764 1
4204 3519 3950 3850 1
1298 3290 2962 2542 1
1337 1298 2542 3290 1
3644 2309 2327 3633 1
3437 710 4145 3994 1
3794 4205 3299 3891 1
3639 3299 4205 3891 1
432 3639 4205 3891 1
931 923 971 2758 1
2741 2758 2516 923 1
3702 3519 3149 3309 1
3702 3850 3519 3496 1
3702 3519 3309 4078 1
711 4206 3502 728 1
3592 4206 3690 3502 1
3690 4206 3748 3502 1
4206 3812 3748 3502 1
3592 711 4206 3502 1
4178 3184 2513 2721 1
3812 3502 4206 728 1
2989 3184 2721 3757 1
3380 986 2519 858 1
3380 2519 2684 858 1
263 253 3967 3978 1
653 3557 698 613 1
4023 2661 3597 2269 1
3798 698 3557 613 1
246 260 3229 4244 1
260 3486 3575 4244 1
672 698 3798 613 1
2354 2359 2365 3358 1
3358 2359 2365 3361 1
3358 2365 3330 3361 1
2354 2365 3330 3358 1
4047 3834 4007 4005 1
3926 4007 484 4005 1
3519 4139 4066 3841 1
4261 3356 3118 661 1
636 661 757 4261 1
4260 660 3278 3599 1
3599 877 851 863 1
3519 4066 4078 3841 1
3687 474 4102 4207 1
347 459 392 3449 1
347 3449 3381 459 1
2870 2553 1345 3817 1
66 2454 4242 88 1
4242 3789 3605 2454 1
3605 2454 88 4242 1
3735 2050 3125 4074 1
3125 3735 4074 3246 1
4041 629 589 578 1
4041 629 627 589 1
3893 4078 3841 3496 1
4188 3496 3841 3764 1
4188 3893 3841 3496 1
3764 4204 3496 3841 1
4204 3519 3496 3841 1
3496 3519 4078 3841 1
385 3293 3848 3130 1
4010 385 3848 3130 1
2320 2326 4253 2668 1
3719 4085 3775 3878 1
3833 598 650 665 1
3833 650 663 665 1
4138 681 665 663 1
3833 3800 598 665 1
4138 3800 3833 665 1
2597 2794 2618 3962 1
4263 2597 3962 2662 1
3587 3991 2756 3195 1
4163 1143 3890 3531 1
4163 1143 3531 3102 1
933 2516 4249 1020 1
1020 4249 1101 2516 1
933 2741 4249 2516 1
2516 4249 1101 2521 1
2741 2784 4249 2516 1
2516 4249 2521 2784 1
671 4077 685 697 1
2551 2929 3665 2625 1
2551 2956 2929 2625 1
979 2506 1059 3819 1
3819 1059 1082 2506 1
1082 3819 2506 2570 1
3313 3296 2690 3221 1
334 3455 342 314 1
313 333 3762 341 1
1825 4219 3844 3228 1
3844 4219 3655 3228 1
3844 4219 3595 3655 1
4134 685 4076 667 1
667 4134 620 4076 1
4247 3488 4220 592 1
4220 3488 3564 592 1
1617 2687 1620 1561 1
1620 1568 1561 2687 1
4264 4165 3786 3971 1
4221 468 475 3554 1
456 4221 3447 468 1
4221 3554 475 3280 1
4079 2527 2549 4064 1
4139 3280 3777 4146 1
496 4222 4048 4129 1
4222 3495 3353 4048 1
4079 4064 3471 1441 1
4222 3495 4048 4129 1
4179 3328 3092 4174 1
62 4179 3092 41 1
3836 3349 3889 4089 1
3477 3519 4044 3791 1
4035 3791 4044 3502 1
4035 3477 4044 3791 1
3933 3347 3994 3557 1
3720 3611 3127 2778 1
4192 4224 3759 3402 1
3402 4224 3759 680 1
3759 4041 4224 4192 1
3552 4138 3833 663 1
3833 4138 665 663 1
4224 3402 609 655 1
558 589 493 4041 1
4111 4099 2400 4225 1
4095 3443 4099 2420 1
4095 3443 4111 4099 1
4048 496 3555 4222 1
1956 2653 1999 1958 1
1958 1999 2016 2653 1
1999 2016 2653 3196 1
3461 828 3391 867 1
3390 3391 3767 3964 1
324 3547 3836 4188 1
3992 3841 3836 3547 1
322 332 3992 4196 1
3933 3456 4109 3994 1
645 4102 4109 3557 1
1154 1198 1224 2520 1
1224 1198 3152 2520 1
3557 4102 574 645 1
4081 495 4088 4082 1
4186 495 3492 3859 1
492 3257 500 4226 1
4226 3639 3707 3257 1
15 3091 3847 3059 1
3059 3091 7 15 1
4054 358 342 407 1
290 3992 332 338 1
2257 2261 2309 3472 1
4023 3472 2261 2257 1
3768 321 331 3738 1
2687 2751 4256 2594 1
1485 1555 4256 1483 1
293 4230 295 3790 1
4230 3790 3415 3957 1
295 4230 4189 3790 1
4230 3790 3957 4189 1
2492 2445 4070 3375 1
4199 1143 1173 3671 1
591 3570 718 3602 1
1483 4256 2572 2594 1
4256 3998 2594 1616 1
4256 2687 2594 3998 1
3786 4033 3550 3724 1
3971 4033 4109 3456 1
4235 3353 561 634 1
3381 4233 3177 3634 1
3202 233 244 264 1
867 921 3899 3296 1
3212 3029 3344 3108 1
829 3968 4258 3703 1
2800 1350 1399 1364 1
3699 2800 1364 1350 1
1364 2800 1407 1399 1
2800 1399 1350 2522 1
3699 2522 2800 1350 1
203 205 232 3755 1
3755 3967 232 3978 1
3901 1142 3325 3805 1
3901 3805 3325 3277 1
2346 2361 2366 2777 1
2346 2357 2777 2366 1
2299 4266 4046 3962 1
4263 2662 2319 2279 1
2346 2357 3010 2777 1
1153 2881 1162 1223 1
2881 2507 1223 3138 1
3936 3562 30 2457 1
293 4254 315 3790 1
313 315 4254 3790 1
36 4174 20 3936 1
3719 4085 3455 4194 1
3455 4194 370 3719 1
3455 4194 414 370 1
2990 204 3202 3809 1
1408 1482 1486 3516 1
1482 3516 1408 1484 1
3381 4024 3177 4233 1
3556 2097 2115 2663 1
3556 2115 2138 2178 1
2179 2669 4229 2234 1
2234 4229 4122 2669 1
4042 497 4014 3414 1
4122 2669 4229 2867 1
3132 3573 2683 4084 1
4084 4268 3573 2683 1
1814 3535 3853 1792 1
995 3270 4232 1041 1
4232 995 870 3270 1
4117 3906 3608 2122 1
595 702 4086 3610 1
785 702 3780 3610 1
732 4261 636 801 1
620 3552 610 667 1
4261 3279 801 732 1
494 590 559 4234 1
4142 2063 2062 3140 1
4142 3140 2062 2692 1
2062 3973 2692 2054 1
3316 3923 3849 3399 1
2699 4262 2718 1085 1
1284 2718 1288 1177 1
2699 3583 2718 4262 1
4262 2718 1288 3699 1
3583 3699 2718 4262 1
518 4041 578 4239 1
4005 4009 4239 4041 1
4047 4009 4239 4005 1
2195 2273 4263 2241 1
2178 2792 4263 2195 1
2203 2279 2213 3567 1
3567 4263 2597 2792 1
2203 2273 3567 2792 1
2792 3962 2597 2618 1
2792 2597 3962 4263 1
1641 2995 3804 1696 1
3530 2855 3804 2995 1
4011 583 3713 606 1
489 460 3549 525 1
843 3645 794 3209 1
1143 1173 3379 1169 1
1143 3671 3379 1173 1
2538 2514 1247 1251 1
2059 2120 2666 2782 1
1493 2571 4193 1505 1
1493 4193 2571 1477 1
1505 1544 2571 4193 1
1807 3898 4049 3619 1
3619 3406 3898 4049 1
4235 3384 3507 3363 1
4116 3507 4235 3384 1
4109 3854 674 694 1
4109 3612 694 674 1
1177 4262 2718 1288 1
1430 1462 4079 2549 1
1462 2549 3471 4079 1
2116 4229 2179 2669 1
4237 4234 579 494 1
3775 3833 4237 3878 1
4238 4007 367 359 1
3556 2115 2178 2663 1
4238 367 4007 4047 1
4047 4239 3834 4005 1
2369 2372 4240 3333 1
2248 4265 2703 2260 1
2703 4265 2704 2260 1
2703 4265 2726 2704 1
2703 2451 4265 2782 1
2703 4265 2451 2726 1
4240 2369 3938 2343 1
4241 407 449 4054 1
4241 4054 342 407 1
3805 1155 3958 3352 1
4262 3651 3699 1288 1
251 3439 271 307 1
3439 275 271 4209 1
3439 4209 271 3717 1
128 3991 2756 3012 1
3923 961 912 955 1
3923 908 912 961 1
4235 3507 4116 648 1
1554 2577 1560 1615 1
1482 2577 1554 1615 1
2219 3259 3597 3198 1
2127 4231 3259 2660 1
4188 3836 3764 3841 1
3651 1350 1302 1289 1
3583 3651 1289 1350 1
543 4015 584 3883 1
3870 238 278 3693 1
3870 273 4167 2483 1
4213 3536 2647 1851 1
2289 2291 4080 4266 1
905 3616 956 907 1
3698 3616 913 3338 1
4224 4041 558 4192 1
3958 2533 3534 1172 1
2313 3454 2364 2318 1
2318 2364 2370 3454 1
2703 2313 2318 3454 1
821 844 740 3681 1
3639 4226 500 3257 1
1751 4143 3266 4170 1
1800 3853 4203 3835 1
933 1002 4249 2741 1
1002 1078 4249 2741 1
2741 1078 4249 2784 1
4234 4001 3833 3552 1
4237 4001 3833 4234 1
1309 1325 3220 2561 1
3650 1290 1301 1349 1
3650 3297 1290 1349 1
2107 2666 2783 2058 1
2058 2783 2803 2666 1
4105 2768 4096 2527 1
4192 453 4041 507 1
4009 4192 453 4041 1
3951 1031 3797 2790 1
1031 2539 3797 2790 1
2543 3951 3797 2790 1
4266 2663 4080 3962 1
2233 2663 4266 3962 1
3913 2153 2222 3591 1
2230 2282 3591 2222 1
2161 2222 3913 2153 1
2161 2222 2230 3913 1
3591 2153 2867 2669 1
72 74 3991 2454 1
314 4223 3388 330 1
314 3388 4223 3455 1
1043 4126 3231 2908 1
2160 2152 3940 2221 1
2221 3940 2281 2663 1
3940 2663 4153 2281 1
3940 2783 4153 2663 1
2402 3493 3643 3864 1
2439 4184 2431 2443 1
4187 2371 2368 3606 1
2342 2371 2368 4187 1
3899 3923 908 3316 1
555 498 4018 3580 1
498 496 3580 555 1
498 4089 4018 3580 1
3908 3580 498 496 1
3908 4089 498 3580 1
4080 2316 4046 2329 1
2355 4243 3979 2379 1
2741 923 931 2758 1
3914 899 882 874 1
3914 860 882 899 1
3358 2359 2352 4166 1
2350 3553 4166 3358 1
3104 3191 3604 722 1
3553 2352 4166 3358 1
3692 3929 498 3826 1
2454 3991 3587 3605 1
36 2457 56 4174 1
4174 56 67 2457 1
567 559 610 3552 1
3552 610 656 4234 1
4151 4116 691 634 1
4253 2317 3368 3749 1
2202 2244 2867 2173 1
3889 3669 391 441 1
445 441 3669 504 1
4076 3758 504 3669 1
445 441 391 3669 1
3889 3758 4076 3669 1
3767 775 828 3332 1
3353 3917 3950 3276 1
3900 2566 2561 1403 1
1376 3579 1346 3900 1
1376 3900 1403 2566 1
3841 4196 3992 4139 1
4162 4196 3992 3841 1
3766 2420 2431 2433 1
3766 2440 2433 2431 1
332 401 4196 389 1
2098 2061 2070 2669 1
2116 2669 2098 2070 1
2061 2669 3413 2070 1
2070 2669 3413 4229 1
2070 2669 4229 2116 1
3809 231 233 252 1
3489 3354 3658 3682 1
3971 3354 3752 3456 1
3752 3354 3682 3456 1
4181 3338 3212 3781 1
715 4181 3215 3781 1
4258 922 3338 909 1
3648 2750 1862 1856 1
1325 3220 2561 3900 1
3473 2561 3817 1324 1
1309 3473 1324 2561 1
4224 4245 662 680 1
3402 680 666 4245 1
3402 4245 4224 680 1
3775 438 464 486 1
4241 4054 449 445 1
2317 3368 2320 4253 1
827 3081 3430 2813 1
677 3713 606 2738 1
1064 2506 3269 3227 1
3269 3227 2506 3166 1
3936 30 36 2457 1
36 2457 4174 3936 1
721 711 3592 3502 1
422 3775 395 438 1
421 3834 437 394 1
394 3834 4047 421 1
3912 272 276 2487 1
625 682 3578 3615 1
3257 4205 500 3639 1
4005 3834 548 4239 1
463 3834 485 437 1
936 930 976 2790 1
930 2790 2517 976 1
3188 2790 2884 930 1
3538 2790 3188 930 1
3538 2790 930 936 1
704 733 3779 810 1
4022 898 881 4157 1
447 4247 529 3715 1
4247 529 3715 3488 1
3992 4248 3668 3777 1
1252 2514 1232 3138 1
3184 3138 1232 2514 1
3184 1225 1232 1188 1
672 4154 3798 698 1
3798 4154 3994 698 1
3680 4023 3597 4173 1
2199 3597 4023 4173 1
3334 230 232 203 1
3892 3920 243 3967 1
3629 3792 3976 2685 1
416 397 440 3719 1
3775 4085 3719 458 1
3719 487 440 458 1
396 4250 439 484 1
4250 484 457 439 1
577 659 3564 3243 1
4250 457 484 516 1
512 615 635 4260 1
731 615 603 4260 1
595 731 603 3610 1
4007 484 4250 396 1
4007 3834 4250 4005 1
2443 4184 2431 2440 1
241 3865 301 259 1
4104 3574 3795 224 1
4251 2405 2422 2407 1
2385 3443 4251 2388 1
811 891 860 3914 1
2393 4034 2407 4251 1
4251 2393 4062 2407 1
264 3559 306 3248 1
3559 3630 306 3248 1
432 3891 4205 456 1
37 25 3091 3960 1
456 4205 3794 3891 1
37 3960 3091 53 1
4252 2432 2430 2419 1
2421 4252 2419 2432 1
2394 2430 2419 4252 1
2318 3454 2370 3235 1
4007 4047 4005 3926 1
4238 3926 4007 369 1
20 3092 4174 4179 1
28 41 3092 4179 1
4238 4007 3926 4047 1
513 4261 636 732 1
732 4261 604 513 1
604 3279 4261 732 1
609 627 589 4041 1
151 2460 3605 149 1
103 134 3991 151 1
151 2460 3991 3605 1
2107 2119 4038 2666 1
2119 2666 2176 4038 1
2107 4038 2783 2666 1
590 628 610 4234 1
1302 3651 1364 1350 1
1301 1349 1363 3650 1
3353 4151 626 634 1
3353 4116 4151 634 1
3475 3533 3933 3557 1
4263 2319 2307 2273 1
4165 3734 3933 4094 1
2319 4263 4046 2662 1
3756 3732 3475 4094 1
2357 3137 4271 3275 1
3893 320 3907 4188 1
2097 3556 2056 2663 1
4254 313 3790 329 1
3583 3651 3699 4262 1
1002 4249 1080 1020 1
3330 3902 3378 3361 1
3817 1345 1375 2553 1
3817 2553 1402 2561 1
1375 2553 1402 3817 1
3877 3886 3780 785 1
708 3742 4177 4033 1
2358 2367 3858 4103 1
2367 3333 2382 3467 1
3333 2376 2397 3944 1
3333 4103 3858 2367 1
4151 3353 626 4200 1
4258 3108 3212 3344 1
1597 1603 4214 1638 1
284 308 322 2487 1
2362 3467 3915 2367 1
675 3502 711 695 1
558 3402 609 4224 1
3402 655 619 609 1
566 619 609 3402 1
4224 4041 655 609 1
4192 4224 3402 558 1
1696 2855 3793 4216 1
1752 3366 2982 2923 1
4181 891 899 913 1
4181 913 909 3338 1
4181 3338 909 3291 1
4005 4239 548 578 1
3316 772 3923 836 1
4239 548 518 485 1
4239 518 548 578 1
3834 4239 485 548 1
4181 899 891 3722 1
860 3914 891 899 1
436 441 3631 3889 1
441 3758 3631 3889 1
2330 3400 2337 3857 1
3687 3475 3533 467 1
3534 1188 2513 3184 1
286 4255 2487 4162 1
3733 462 506 354 1
3569 2419 2394 2389 1
3569 2389 2414 2419 1
4252 2421 2419 2414 1
2424 2433 2420 3766 1
4251 2407 2422 2424 1
4208 3976 3523 1691 1
358 3719 395 3878 1
3719 3775 395 3878 1
471 4247 3715 3488 1
533 3488 3564 4220 1
529 3488 4247 592 1
366 3784 322 308 1
4090 39 4119 4012 1
2423 2421 2432 4252 1
4252 2423 2404 2406 1
4187 4243 2371 3606 1
1774 1775 3524 2625 1
4243 2355 3979 4187 1
1769 1785 4273 1808 1
1815 4213 4273 1831 1
3274 3150 4273 2630 1
3150 2630 3084 4273 1
947 3020 994 4060 1
947 1008 4201 2918 1
322 4066 389 4196 1
617 3578 682 670 1
617 3820 3763 670 1
3164 3491 832 3089 1
4024 4233 3278 3177 1
2335 4185 3965 2344 1
4185 4187 3965 2344 1
4185 2344 2371 4187 1
2319 2662 4046 3647 1
3505 2319 3647 2662 1
353 4190 3561 4160 1
3658 3225 3044 3426 1
400 3732 4100 388 1
392 488 404 4024 1
4024 404 427 3317 1
354 3733 3337 4092 1
15 25 3847 3091 1
3779 849 4003 890 1
890 912 4003 3697 1
849 810 890 3779 1
1225 1247 2513 2514 1
2225 2663 4266 2233 1
2225 2663 2243 4266 1
4266 2243 4080 2663 1
3389 76 68 3802 1
1432 3996 4140 3525 1
1432 3525 1393 3830 1
1393 4064 3830 3525 1
3693 238 278 288 1
1537 2580 2852 1597 1
3320 3092 16 22 1
3320 3092 3936 14 1
3320 14 16 3092 1
537 3215 3781 715 1
3781 3698 4181 3338 1
3316 3923 908 912 1
3627 3737 4113 4036 1
134 2460 3991 151 1
2226 2234 4122 2669 1
2226 2669 2867 2173 1
1784 1792 3853 2621 1
3320 2311 3936 726 1
2703 3982 2782 3913 1
3196 3913 2782 3982 1
2230 2703 2782 3913 1
4227 1637 1639 2524 1
1608 1637 4227 1635 1
1610 1635 4227 3464 1
2758 4105 3725 3431 1
3431 4105 3725 3593 1
2334 2326 3123 3563 1
3159 472 564 3776 1
472 2483 569 3637 1
383 2483 3776 3952 1
1189 1226 1233 4211 1
4211 1233 1250 2514 1
4211 3152 2514 1250 1
683 4151 709 691 1
4222 4108 3555 430 1
3928 3358 2354 3330 1
528 3570 591 532 1
470 2993 3570 532 1
528 3110 3570 470 1
814 4070 3375 2492 1
3184 1225 2513 2514 1
3184 2514 1232 1225 1
1555 4256 1617 1561 1
1555 1616 1617 4256 1
3601 4045 3771 377 1

End
