#usda 1.0
(
    defaultPrim = "gripper_3f_soft"
    metersPerUnit = 1
    upAxis = "Z"
)

def TetMesh "gripper_3f_soft" (
    customData = {
        dictionary chambers = {
            double[] directions = [6.123234262925839e-17, 1, 0, -0.8660253882408142, -0.5, 0, 0.8660253882408142, -0.5, 0]
            int directions_cols = 3
            dictionary entries = {
                dictionary c00000 = {
                    dictionary group = {
                        int cell = 0
                        int finger = 0
                    }
                    int index = 0
                    string name = "f0_c0"
                    int[] tet_indices = [944, 945, 946, 947, 948, 949, 950, 951, 952, 953, 954, 955, 956, 957, 958, 959, 960, 961, 962, 963, 1104, 1105, 1106, 1107, 1108, 1109, 1110, 1111, 1112, 1113, 1114, 1115, 1116, 1117, 1118, 1119, 1120, 1121, 1122, 1123]
                }
                dictionary c00001 = {
                    dictionary group = {
                        int cell = 1
                        int finger = 0
                    }
                    int index = 1
                    string name = "f0_c1"
                    int[] tet_indices = [964, 965, 966, 967, 968, 969, 970, 971, 972, 973, 974, 975, 976, 977, 978, 979, 980, 981, 982, 983, 1124, 1125, 1126, 1127, 1128, 1129, 1130, 1131, 1132, 1133, 1134, 1135, 1136, 1137, 1138, 1139, 1140, 1141, 1142, 1143]
                }
                dictionary c00002 = {
                    dictionary group = {
                        int cell = 2
                        int finger = 0
                    }
                    int index = 2
                    string name = "f0_c2"
                    int[] tet_indices = [984, 985, 986, 987, 988, 989, 990, 991, 992, 993, 994, 995, 996, 997, 998, 999, 1000, 1001, 1002, 1003, 1144, 1145, 1146, 1147, 1148, 1149, 1150, 1151, 1152, 1153, 1154, 1155, 1156, 1157, 1158, 1159, 1160, 1161, 1162, 1163]
                }
                dictionary c00003 = {
                    dictionary group = {
                        int cell = 3
                        int finger = 0
                    }
                    int index = 3
                    string name = "f0_c3"
                    int[] tet_indices = [1004, 1005, 1006, 1007, 1008, 1009, 1010, 1011, 1012, 1013, 1014, 1015, 1016, 1017, 1018, 1019, 1020, 1021, 1022, 1023, 1164, 1165, 1166, 1167, 1168, 1169, 1170, 1171, 1172, 1173, 1174, 1175, 1176, 1177, 1178, 1179, 1180, 1181, 1182, 1183]
                }
                dictionary c00004 = {
                    dictionary group = {
                        int cell = 4
                        int finger = 0
                    }
                    int index = 4
                    string name = "f0_c4"
                    int[] tet_indices = [1024, 1025, 1026, 1027, 1028, 1029, 1030, 1031, 1032, 1033, 1034, 1035, 1036, 1037, 1038, 1039, 1040, 1041, 1042, 1043, 1184, 1185, 1186, 1187, 1188, 1189, 1190, 1191, 1192, 1193, 1194, 1195, 1196, 1197, 1198, 1199, 1200, 1201, 1202, 1203]
                }
                dictionary c00005 = {
                    dictionary group = {
                        int cell = 5
                        int finger = 0
                    }
                    int index = 5
                    string name = "f0_c5"
                    int[] tet_indices = [1044, 1045, 1046, 1047, 1048, 1049, 1050, 1051, 1052, 1053, 1054, 1055, 1056, 1057, 1058, 1059, 1060, 1061, 1062, 1063, 1204, 1205, 1206, 1207, 1208, 1209, 1210, 1211, 1212, 1213, 1214, 1215, 1216, 1217, 1218, 1219, 1220, 1221, 1222, 1223]
                }
                dictionary c00006 = {
                    dictionary group = {
                        int cell = 6
                        int finger = 0
                    }
                    int index = 6
                    string name = "f0_c6"
                    int[] tet_indices = [1064, 1065, 1066, 1067, 1068, 1069, 1070, 1071, 1072, 1073, 1074, 1075, 1076, 1077, 1078, 1079, 1080, 1081, 1082, 1083, 1224, 1225, 1226, 1227, 1228, 1229, 1230, 1231, 1232, 1233, 1234, 1235, 1236, 1237, 1238, 1239, 1240, 1241, 1242, 1243]
                }
                dictionary c00007 = {
                    dictionary group = {
                        int cell = 7
                        int finger = 0
                    }
                    int index = 7
                    string name = "f0_c7"
                    int[] tet_indices = [1084, 1085, 1086, 1087, 1088, 1089, 1090, 1091, 1092, 1093, 1094, 1095, 1096, 1097, 1098, 1099, 1100, 1101, 1102, 1103, 1244, 1245, 1246, 1247, 1248, 1249, 1250, 1251, 1252, 1253, 1254, 1255, 1256, 1257, 1258, 1259, 1260, 1261, 1262, 1263]
                }
                dictionary c00008 = {
                    dictionary group = {
                        int cell = 0
                        int finger = 1
                    }
                    int index = 8
                    string name = "f1_c0"
                    int[] tet_indices = [1776, 1777, 1778, 1779, 1780, 1781, 1782, 1783, 1784, 1785, 1786, 1787, 1788, 1789, 1790, 1791, 1792, 1793, 1794, 1795, 1936, 1937, 1938, 1939, 1940, 1941, 1942, 1943, 1944, 1945, 1946, 1947, 1948, 1949, 1950, 1951, 1952, 1953, 1954, 1955]
                }
                dictionary c00009 = {
                    dictionary group = {
                        int cell = 1
                        int finger = 1
                    }
                    int index = 9
                    string name = "f1_c1"
                    int[] tet_indices = [1796, 1797, 1798, 1799, 1800, 1801, 1802, 1803, 1804, 1805, 1806, 1807, 1808, 1809, 1810, 1811, 1812, 1813, 1814, 1815, 1956, 1957, 1958, 1959, 1960, 1961, 1962, 1963, 1964, 1965, 1966, 1967, 1968, 1969, 1970, 1971, 1972, 1973, 1974, 1975]
                }
                dictionary c00010 = {
                    dictionary group = {
                        int cell = 2
                        int finger = 1
                    }
                    int index = 10
                    string name = "f1_c2"
                    int[] tet_indices = [1816, 1817, 1818, 1819, 1820, 1821, 1822, 1823, 1824, 1825, 1826, 1827, 1828, 1829, 1830, 1831, 1832, 1833, 1834, 1835, 1976, 1977, 1978, 1979, 1980, 1981, 1982, 1983, 1984, 1985, 1986, 1987, 1988, 1989, 1990, 1991, 1992, 1993, 1994, 1995]
                }
                dictionary c00011 = {
                    dictionary group = {
                        int cell = 3
                        int finger = 1
                    }
                    int index = 11
                    string name = "f1_c3"
                    int[] tet_indices = [1836, 1837, 1838, 1839, 1840, 1841, 1842, 1843, 1844, 1845, 1846, 1847, 1848, 1849, 1850, 1851, 1852, 1853, 1854, 1855, 1996, 1997, 1998, 1999, 2000, 2001, 2002, 2003, 2004, 2005, 2006, 2007, 2008, 2009, 2010, 2011, 2012, 2013, 2014, 2015]
                }
                dictionary c00012 = {
                    dictionary group = {
                        int cell = 4
                        int finger = 1
                    }
                    int index = 12
                    string name = "f1_c4"
                    int[] tet_indices = [1856, 1857, 1858, 1859, 1860, 1861, 1862, 1863, 1864, 1865, 1866, 1867, 1868, 1869, 1870, 1871, 1872, 1873, 1874, 1875, 2016, 2017, 2018, 2019, 2020, 2021, 2022, 2023, 2024, 2025, 2026, 2027, 2028, 2029, 2030, 2031, 2032, 2033, 2034, 2035]
                }
                dictionary c00013 = {
                    dictionary group = {
                        int cell = 5
                        int finger = 1
                    }
                    int index = 13
                    string name = "f1_c5"
                    int[] tet_indices = [1876, 1877, 1878, 1879, 1880, 1881, 1882, 1883, 1884, 1885, 1886, 1887, 1888, 1889, 1890, 1891, 1892, 1893, 1894, 1895, 2036, 2037, 2038, 2039, 2040, 2041, 2042, 2043, 2044, 2045, 2046, 2047, 2048, 2049, 2050, 2051, 2052, 2053, 2054, 2055]
                }
                dictionary c00014 = {
                    dictionary group = {
                        int cell = 6
                        int finger = 1
                    }
                    int index = 14
                    string name = "f1_c6"
                    int[] tet_indices = [1896, 1897, 1898, 1899, 1900, 1901, 1902, 1903, 1904, 1905, 1906, 1907, 1908, 1909, 1910, 1911, 1912, 1913, 1914, 1915, 2056, 2057, 2058, 2059, 2060, 2061, 2062, 2063, 2064, 2065, 2066, 2067, 2068, 2069, 2070, 2071, 2072, 2073, 2074, 2075]
                }
                dictionary c00015 = {
                    dictionary group = {
                        int cell = 7
                        int finger = 1
                    }
                    int index = 15
                    string name = "f1_c7"
                    int[] tet_indices = [1916, 1917, 1918, 1919, 1920, 1921, 1922, 1923, 1924, 1925, 1926, 1927, 1928, 1929, 1930, 1931, 1932, 1933, 1934, 1935, 2076, 2077, 2078, 2079, 2080, 2081, 2082, 2083, 2084, 2085, 2086, 2087, 2088, 2089, 2090, 2091, 2092, 2093, 2094, 2095]
                }
                dictionary c00016 = {
                    dictionary group = {
                        int cell = 0
                        int finger = 2
                    }
                    int index = 16
                    string name = "f2_c0"
                    int[] tet_indices = [2608, 2609, 2610, 2611, 2612, 2613, 2614, 2615, 2616, 2617, 2618, 2619, 2620, 2621, 2622, 2623, 2624, 2625, 2626, 2627, 2768, 2769, 2770, 2771, 2772, 2773, 2774, 2775, 2776, 2777, 2778, 2779, 2780, 2781, 2782, 2783, 2784, 2785, 2786, 2787]
                }
                dictionary c00017 = {
                    dictionary group = {
                        int cell = 1
                        int finger = 2
                    }
                    int index = 17
                    string name = "f2_c1"
                    int[] tet_indices = [2628, 2629, 2630, 2631, 2632, 2633, 2634, 2635, 2636, 2637, 2638, 2639, 2640, 2641, 2642, 2643, 2644, 2645, 2646, 2647, 2788, 2789, 2790, 2791, 2792, 2793, 2794, 2795, 2796, 2797, 2798, 2799, 2800, 2801, 2802, 2803, 2804, 2805, 2806, 2807]
                }
                dictionary c00018 = {
                    dictionary group = {
                        int cell = 2
                        int finger = 2
                    }
                    int index = 18
                    string name = "f2_c2"
                    int[] tet_indices = [2648, 2649, 2650, 2651, 2652, 2653, 2654, 2655, 2656, 2657, 2658, 2659, 2660, 2661, 2662, 2663, 2664, 2665, 2666, 2667, 2808, 2809, 2810, 2811, 2812, 2813, 2814, 2815, 2816, 2817, 2818, 2819, 2820, 2821, 2822, 2823, 2824, 2825, 2826, 2827]
                }
                dictionary c00019 = {
                    dictionary group = {
                        int cell = 3
                        int finger = 2
                    }
                    int index = 19
                    string name = "f2_c3"
                    int[] tet_indices = [2668, 2669, 2670, 2671, 2672, 2673, 2674, 2675, 2676, 2677, 2678, 2679, 2680, 2681, 2682, 2683, 2684, 2685, 2686, 2687, 2828, 2829, 2830, 2831, 2832, 2833, 2834, 2835, 2836, 2837, 2838, 2839, 2840, 2841, 2842, 2843, 2844, 2845, 2846, 2847]
                }
                dictionary c00020 = {
                    dictionary group = {
                        int cell = 4
                        int finger = 2
                    }
                    int index = 20
                    string name = "f2_c4"
                    int[] tet_indices = [2688, 2689, 2690, 2691, 2692, 2693, 2694, 2695, 2696, 2697, 2698, 2699, 2700, 2701, 2702, 2703, 2704, 2705, 2706, 2707, 2848, 2849, 2850, 2851, 2852, 2853, 2854, 2855, 2856, 2857, 2858, 2859, 2860, 2861, 2862, 2863, 2864, 2865, 2866, 2867]
                }
                dictionary c00021 = {
                    dictionary group = {
                        int cell = 5
                        int finger = 2
                    }
                    int index = 21
                    string name = "f2_c5"
                    int[] tet_indices = [2708, 2709, 2710, 2711, 2712, 2713, 2714, 2715, 2716, 2717, 2718, 2719, 2720, 2721, 2722, 2723, 2724, 2725, 2726, 2727, 2868, 2869, 2870, 2871, 2872, 2873, 2874, 2875, 2876, 2877, 2878, 2879, 2880, 2881, 2882, 2883, 2884, 2885, 2886, 2887]
                }
                dictionary c00022 = {
                    dictionary group = {
                        int cell = 6
                        int finger = 2
                    }
                    int index = 22
                    string name = "f2_c6"
                    int[] tet_indices = [2728, 2729, 2730, 2731, 2732, 2733, 2734, 2735, 2736, 2737, 2738, 2739, 2740, 2741, 2742, 2743, 2744, 2745, 2746, 2747, 2888, 2889, 2890, 2891, 2892, 2893, 2894, 2895, 2896, 2897, 2898, 2899, 2900, 2901, 2902, 2903, 2904, 2905, 2906, 2907]
                }
                dictionary c00023 = {
                    dictionary group = {
                        int cell = 7
                        int finger = 2
                    }
                    int index = 23
                    string name = "f2_c7"
                    int[] tet_indices = [2748, 2749, 2750, 2751, 2752, 2753, 2754, 2755, 2756, 2757, 2758, 2759, 2760, 2761, 2762, 2763, 2764, 2765, 2766, 2767, 2908, 2909, 2910, 2911, 2912, 2913, 2914, 2915, 2916, 2917, 2918, 2919, 2920, 2921, 2922, 2923, 2924, 2925, 2926, 2927]
                }
            }
            int format_version = 1
            int num_chambers = 24
            dictionary regions = {
                dictionary r00000 = {
                    dictionary group = {
                        int finger = 0
                    }
                    string name = "b0"
                    int[] tet_indices = [624, 625, 626, 627, 628, 629, 630, 631, 632, 633, 634, 635, 636, 637, 638, 639, 640, 641, 642, 643, 644, 645, 646, 647, 648, 649, 650, 651, 652, 653, 654, 655, 656, 657, 658, 659, 660, 661, 662, 663, 664, 665, 666, 667, 668, 669, 670, 671, 672, 673, 674, 675, 676, 677, 678, 679, 680, 681, 682, 683, 684, 685, 686, 687, 688, 689, 690, 691, 692, 693, 694, 695, 696, 697, 698, 699, 700, 701, 702, 703, 704, 705, 706, 707, 708, 709, 710, 711, 712, 713, 714, 715, 716, 717, 718, 719, 720, 721, 722, 723, 724, 725, 726, 727, 728, 729, 730, 731, 732, 733, 734, 735, 736, 737, 738, 739, 740, 741, 742, 743, 744, 745, 746, 747, 748, 749, 750, 751, 752, 753, 754, 755, 756, 757, 758, 759, 760, 761, 762, 763, 764, 765, 766, 767, 768, 769, 770, 771, 772, 773, 774, 775, 776, 777, 778, 779, 780, 781, 782, 783, 784, 785, 786, 787, 788, 789, 790, 791, 792, 793, 794, 795, 796, 797, 798, 799, 800, 801, 802, 803, 804, 805, 806, 807, 808, 809, 810, 811, 812, 813, 814, 815, 816, 817, 818, 819, 820, 821, 822, 823, 824, 825, 826, 827, 828, 829, 830, 831, 832, 833, 834, 835, 836, 837, 838, 839, 840, 841, 842, 843, 844, 845, 846, 847, 848, 849, 850, 851, 852, 853, 854, 855, 856, 857, 858, 859, 860, 861, 862, 863, 864, 865, 866, 867, 868, 869, 870, 871, 872, 873, 874, 875, 876, 877, 878, 879, 880, 881, 882, 883, 884, 885, 886, 887, 888, 889, 890, 891, 892, 893, 894, 895, 896, 897, 898, 899, 900, 901, 902, 903, 904, 905, 906, 907, 908, 909, 910, 911, 912, 913, 914, 915, 916, 917, 918, 919, 920, 921, 922, 923, 924, 925, 926, 927, 928, 929, 930, 931, 932, 933, 934, 935, 936, 937, 938, 939, 940, 941, 942, 943, 1264, 1265, 1266, 1267, 1268, 1269, 1270, 1271, 1272, 1273, 1274, 1275, 1276, 1277, 1278, 1279, 1280, 1281, 1282, 1283, 1284, 1285, 1286, 1287, 1288, 1289, 1290, 1291, 1292, 1293, 1294, 1295, 1296, 1297, 1298, 1299, 1300, 1301, 1302, 1303, 1304, 1305, 1306, 1307, 1308, 1309, 1310, 1311, 1312, 1313, 1314, 1315, 1316, 1317, 1318, 1319, 1320, 1321, 1322, 1323, 1324, 1325, 1326, 1327, 1328, 1329, 1330, 1331, 1332, 1333, 1334, 1335, 1336, 1337, 1338, 1339, 1340, 1341, 1342, 1343, 1344, 1345, 1346, 1347, 1348, 1349, 1350, 1351, 1352, 1353, 1354, 1355, 1356, 1357, 1358, 1359, 1360, 1361, 1362, 1363, 1364, 1365, 1366, 1367, 1368, 1369, 1370, 1371, 1372, 1373, 1374, 1375, 1376, 1377, 1378, 1379, 1380, 1381, 1382, 1383, 1384, 1385, 1386, 1387, 1388, 1389, 1390, 1391, 1392, 1393, 1394, 1395, 1396, 1397, 1398, 1399, 1400, 1401, 1402, 1403, 1404, 1405, 1406, 1407, 1408, 1409, 1410, 1411, 1412, 1413, 1414, 1415, 1416, 1417, 1418, 1419, 1420, 1421, 1422, 1423, 1424, 1425, 1426, 1427, 1428, 1429, 1430, 1431, 1432, 1433, 1434, 1435, 1436, 1437, 1438, 1439, 1440, 1441, 1442, 1443, 1444, 1445, 1446, 1447, 1448, 1449, 1450, 1451, 1452, 1453, 1454, 1455]
                }
                dictionary r00001 = {
                    dictionary group = {
                        int finger = 1
                    }
                    string name = "b1"
                    int[] tet_indices = [1456, 1457, 1458, 1459, 1460, 1461, 1462, 1463, 1464, 1465, 1466, 1467, 1468, 1469, 1470, 1471, 1472, 1473, 1474, 1475, 1476, 1477, 1478, 1479, 1480, 1481, 1482, 1483, 1484, 1485, 1486, 1487, 1488, 1489, 1490, 1491, 1492, 1493, 1494, 1495, 1496, 1497, 1498, 1499, 1500, 1501, 1502, 1503, 1504, 1505, 1506, 1507, 1508, 1509, 1510, 1511, 1512, 1513, 1514, 1515, 1516, 1517, 1518, 1519, 1520, 1521, 1522, 1523, 1524, 1525, 1526, 1527, 1528, 1529, 1530, 1531, 1532, 1533, 1534, 1535, 1536, 1537, 1538, 1539, 1540, 1541, 1542, 1543, 1544, 1545, 1546, 1547, 1548, 1549, 1550, 1551, 1552, 1553, 1554, 1555, 1556, 1557, 1558, 1559, 1560, 1561, 1562, 1563, 1564, 1565, 1566, 1567, 1568, 1569, 1570, 1571, 1572, 1573, 1574, 1575, 1576, 1577, 1578, 1579, 1580, 1581, 1582, 1583, 1584, 1585, 1586, 1587, 1588, 1589, 1590, 1591, 1592, 1593, 1594, 1595, 1596, 1597, 1598, 1599, 1600, 1601, 1602, 1603, 1604, 1605, 1606, 1607, 1608, 1609, 1610, 1611, 1612, 1613, 1614, 1615, 1616, 1617, 1618, 1619, 1620, 1621, 1622, 1623, 1624, 1625, 1626, 1627, 1628, 1629, 1630, 1631, 1632, 1633, 1634, 1635, 1636, 1637, 1638, 1639, 1640, 1641, 1642, 1643, 1644, 1645, 1646, 1647, 1648, 1649, 1650, 1651, 1652, 1653, 1654, 1655, 1656, 1657, 1658, 1659, 1660, 1661, 1662, 1663, 1664, 1665, 1666, 1667, 1668, 1669, 1670, 1671, 1672, 1673, 1674, 1675, 1676, 1677, 1678, 1679, 1680, 1681, 1682, 1683, 1684, 1685, 1686, 1687, 1688, 1689, 1690, 1691, 1692, 1693, 1694, 1695, 1696, 1697, 1698, 1699, 1700, 1701, 1702, 1703, 1704, 1705, 1706, 1707, 1708, 1709, 1710, 1711, 1712, 1713, 1714, 1715, 1716, 1717, 1718, 1719, 1720, 1721, 1722, 1723, 1724, 1725, 1726, 1727, 1728, 1729, 1730, 1731, 1732, 1733, 1734, 1735, 1736, 1737, 1738, 1739, 1740, 1741, 1742, 1743, 1744, 1745, 1746, 1747, 1748, 1749, 1750, 1751, 1752, 1753, 1754, 1755, 1756, 1757, 1758, 1759, 1760, 1761, 1762, 1763, 1764, 1765, 1766, 1767, 1768, 1769, 1770, 1771, 1772, 1773, 1774, 1775, 2096, 2097, 2098, 2099, 2100, 2101, 2102, 2103, 2104, 2105, 2106, 2107, 2108, 2109, 2110, 2111, 2112, 2113, 2114, 2115, 2116, 2117, 2118, 2119, 2120, 2121, 2122, 2123, 2124, 2125, 2126, 2127, 2128, 2129, 2130, 2131, 2132, 2133, 2134, 2135, 2136, 2137, 2138, 2139, 2140, 2141, 2142, 2143, 2144, 2145, 2146, 2147, 2148, 2149, 2150, 2151, 2152, 2153, 2154, 2155, 2156, 2157, 2158, 2159, 2160, 2161, 2162, 2163, 2164, 2165, 2166, 2167, 2168, 2169, 2170, 2171, 2172, 2173, 2174, 2175, 2176, 2177, 2178, 2179, 2180, 2181, 2182, 2183, 2184, 2185, 2186, 2187, 2188, 2189, 2190, 2191, 2192, 2193, 2194, 2195, 2196, 2197, 2198, 2199, 2200, 2201, 2202, 2203, 2204, 2205, 2206, 2207, 2208, 2209, 2210, 2211, 2212, 2213, 2214, 2215, 2216, 2217, 2218, 2219, 2220, 2221, 2222, 2223, 2224, 2225, 2226, 2227, 2228, 2229, 2230, 2231, 2232, 2233, 2234, 2235, 2236, 2237, 2238, 2239, 2240, 2241, 2242, 2243, 2244, 2245, 2246, 2247, 2248, 2249, 2250, 2251, 2252, 2253, 2254, 2255, 2256, 2257, 2258, 2259, 2260, 2261, 2262, 2263, 2264, 2265, 2266, 2267, 2268, 2269, 2270, 2271, 2272, 2273, 2274, 2275, 2276, 2277, 2278, 2279, 2280, 2281, 2282, 2283, 2284, 2285, 2286, 2287]
                }
                dictionary r00002 = {
                    dictionary group = {
                        int finger = 2
                    }
                    string name = "b2"
                    int[] tet_indices = [2288, 2289, 2290, 2291, 2292, 2293, 2294, 2295, 2296, 2297, 2298, 2299, 2300, 2301, 2302, 2303, 2304, 2305, 2306, 2307, 2308, 2309, 2310, 2311, 2312, 2313, 2314, 2315, 2316, 2317, 2318, 2319, 2320, 2321, 2322, 2323, 2324, 2325, 2326, 2327, 2328, 2329, 2330, 2331, 2332, 2333, 2334, 2335, 2336, 2337, 2338, 2339, 2340, 2341, 2342, 2343, 2344, 2345, 2346, 2347, 2348, 2349, 2350, 2351, 2352, 2353, 2354, 2355, 2356, 2357, 2358, 2359, 2360, 2361, 2362, 2363, 2364, 2365, 2366, 2367, 2368, 2369, 2370, 2371, 2372, 2373, 2374, 2375, 2376, 2377, 2378, 2379, 2380, 2381, 2382, 2383, 2384, 2385, 2386, 2387, 2388, 2389, 2390, 2391, 2392, 2393, 2394, 2395, 2396, 2397, 2398, 2399, 2400, 2401, 2402, 2403, 2404, 2405, 2406, 2407, 2408, 2409, 2410, 2411, 2412, 2413, 2414, 2415, 2416, 2417, 2418, 2419, 2420, 2421, 2422, 2423, 2424, 2425, 2426, 2427, 2428, 2429, 2430, 2431, 2432, 2433, 2434, 2435, 2436, 2437, 2438, 2439, 2440, 2441, 2442, 2443, 2444, 2445, 2446, 2447, 2448, 2449, 2450, 2451, 2452, 2453, 2454, 2455, 2456, 2457, 2458, 2459, 2460, 2461, 2462, 2463, 2464, 2465, 2466, 2467, 2468, 2469, 2470, 2471, 2472, 2473, 2474, 2475, 2476, 2477, 2478, 2479, 2480, 2481, 2482, 2483, 2484, 2485, 2486, 2487, 2488, 2489, 2490, 2491, 2492, 2493, 2494, 2495, 2496, 2497, 2498, 2499, 2500, 2501, 2502, 2503, 2504, 2505, 2506, 2507, 2508, 2509, 2510, 2511, 2512, 2513, 2514, 2515, 2516, 2517, 2518, 2519, 2520, 2521, 2522, 2523, 2524, 2525, 2526, 2527, 2528, 2529, 2530, 2531, 2532, 2533, 2534, 2535, 2536, 2537, 2538, 2539, 2540, 2541, 2542, 2543, 2544, 2545, 2546, 2547, 2548, 2549, 2550, 2551, 2552, 2553, 2554, 2555, 2556, 2557, 2558, 2559, 2560, 2561, 2562, 2563, 2564, 2565, 2566, 2567, 2568, 2569, 2570, 2571, 2572, 2573, 2574, 2575, 2576, 2577, 2578, 2579, 2580, 2581, 2582, 2583, 2584, 2585, 2586, 2587, 2588, 2589, 2590, 2591, 2592, 2593, 2594, 2595, 2596, 2597, 2598, 2599, 2600, 2601, 2602, 2603, 2604, 2605, 2606, 2607, 2928, 2929, 2930, 2931, 2932, 2933, 2934, 2935, 2936, 2937, 2938, 2939, 2940, 2941, 2942, 2943, 2944, 2945, 2946, 2947, 2948, 2949, 2950, 2951, 2952, 2953, 2954, 2955, 2956, 2957, 2958, 2959, 2960, 2961, 2962, 2963, 2964, 2965, 2966, 2967, 2968, 2969, 2970, 2971, 2972, 2973, 2974, 2975, 2976, 2977, 2978, 2979, 2980, 2981, 2982, 2983, 2984, 2985, 2986, 2987, 2988, 2989, 2990, 2991, 2992, 2993, 2994, 2995, 2996, 2997, 2998, 2999, 3000, 3001, 3002, 3003, 3004, 3005, 3006, 3007, 3008, 3009, 3010, 3011, 3012, 3013, 3014, 3015, 3016, 3017, 3018, 3019, 3020, 3021, 3022, 3023, 3024, 3025, 3026, 3027, 3028, 3029, 3030, 3031, 3032, 3033, 3034, 3035, 3036, 3037, 3038, 3039, 3040, 3041, 3042, 3043, 3044, 3045, 3046, 3047, 3048, 3049, 3050, 3051, 3052, 3053, 3054, 3055, 3056, 3057, 3058, 3059, 3060, 3061, 3062, 3063, 3064, 3065, 3066, 3067, 3068, 3069, 3070, 3071, 3072, 3073, 3074, 3075, 3076, 3077, 3078, 3079, 3080, 3081, 3082, 3083, 3084, 3085, 3086, 3087, 3088, 3089, 3090, 3091, 3092, 3093, 3094, 3095, 3096, 3097, 3098, 3099, 3100, 3101, 3102, 3103, 3104, 3105, 3106, 3107, 3108, 3109, 3110, 3111, 3112, 3113, 3114, 3115, 3116, 3117, 3118, 3119]
                }
                dictionary r00003 = {
                    dictionary group = {
                        int junction = 1
                    }
                    string name = "junction"
                    int[] tet_indices = [0, 1, 2, 3, 4, 5, 6, 7, 8, 9, 10, 11, 12, 13, 14, 15, 16, 17, 18, 19, 20, 21, 22, 23, 24, 25, 26, 27, 28, 29, 30, 31, 32, 33, 34, 35, 36, 37, 38, 39, 40, 41, 42, 43, 44, 45, 46, 47, 48, 49, 50, 51, 52, 53, 54, 55, 56, 57, 58, 59, 60, 61, 62, 63, 64, 65, 66, 67, 68, 69, 70, 71, 72, 73, 74, 75, 76, 77, 78, 79, 80, 81, 82, 83, 84, 85, 86, 87, 88, 89, 90, 91, 92, 93, 94, 95, 96, 97, 98, 99, 100, 101, 102, 103, 104, 105, 106, 107, 108, 109, 110, 111, 112, 113, 114, 115, 116, 117, 118, 119, 120, 121, 122, 123, 124, 125, 126, 127, 128, 129, 130, 131, 132, 133, 134, 135, 136, 137, 138, 139, 140, 141, 142, 143, 144, 145, 146, 147, 148, 149, 150, 151, 152, 153, 154, 155, 156, 157, 158, 159, 160, 161, 162, 163, 164, 165, 166, 167, 168, 169, 170, 171, 172, 173, 174, 175, 176, 177, 178, 179, 180, 181, 182, 183, 184, 185, 186, 187, 188, 189, 190, 191, 192, 193, 194, 195, 196, 197, 198, 199, 200, 201, 202, 203, 204, 205, 206, 207, 208, 209, 210, 211, 212, 213, 214, 215, 216, 217, 218, 219, 220, 221, 222, 223, 224, 225, 226, 227, 228, 229, 230, 231, 232, 233, 234, 235, 236, 237, 238, 239, 240, 241, 242, 243, 244, 245, 246, 247, 248, 249, 250, 251, 252, 253, 254, 255, 256, 257, 258, 259, 260, 261, 262, 263, 264, 265, 266, 267, 268, 269, 270, 271, 272, 273, 274, 275, 276, 277, 278, 279, 280, 281, 282, 283, 284, 285, 286, 287, 288, 289, 290, 291, 292, 293, 294, 295, 296, 297, 298, 299, 300, 301, 302, 303, 304, 305, 306, 307, 308, 309, 310, 311, 312, 313, 314, 315, 316, 317, 318, 319, 320, 321, 322, 323, 324, 325, 326, 327, 328, 329, 330, 331, 332, 333, 334, 335, 336, 337, 338, 339, 340, 341, 342, 343, 344, 345, 346, 347, 348, 349, 350, 351, 352, 353, 354, 355, 356, 357, 358, 359, 360, 361, 362, 363, 364, 365, 366, 367, 368, 369, 370, 371, 372, 373, 374, 375, 376, 377, 378, 379, 380, 381, 382, 383, 384, 385, 386, 387, 388, 389, 390, 391, 392, 393, 394, 395, 396, 397, 398, 399, 400, 401, 402, 403, 404, 405, 406, 407, 408, 409, 410, 411, 412, 413, 414, 415, 416, 417, 418, 419, 420, 421, 422, 423, 424, 425, 426, 427, 428, 429, 430, 431, 432, 433, 434, 435, 436, 437, 438, 439, 440, 441, 442, 443, 444, 445, 446, 447, 448, 449, 450, 451, 452, 453, 454, 455, 456, 457, 458, 459, 460, 461, 462, 463, 464, 465, 466, 467, 468, 469, 470, 471, 472, 473, 474, 475, 476, 477, 478, 479, 480, 481, 482, 483, 484, 485, 486, 487, 488, 489, 490, 491, 492, 493, 494, 495, 496, 497, 498, 499, 500, 501, 502, 503, 504, 505, 506, 507, 508, 509, 510, 511, 512, 513, 514, 515, 516, 517, 518, 519, 520, 521, 522, 523, 524, 525, 526, 527, 528, 529, 530, 531, 532, 533, 534, 535, 536, 537, 538, 539, 540, 541, 542, 543, 544, 545, 546, 547, 548, 549, 550, 551, 552, 553, 554, 555, 556, 557, 558, 559, 560, 561, 562, 563, 564, 565, 566, 567, 568, 569, 570, 571, 572, 573, 574, 575, 576, 577, 578, 579, 580, 581, 582, 583, 584, 585, 586, 587, 588, 589, 590, 591, 592, 593, 594, 595, 596, 597, 598, 599, 600, 601, 602, 603, 604, 605, 606, 607, 608, 609, 610, 611, 612, 613, 614, 615, 616, 617, 618, 619, 620, 621, 622, 623]
                }
            }
            int[] spring_chamber_mask = [-1, -1, -1, -1, -1, -1, -1, -1, -1, -1, -1, -1, -1, -1, -1, -1, -1, -1, -1, -1, -1, -1, -1, -1, -1, -1, -1, -1, -1, -1, -1, -1, -1, -1, -1, -1, -1, -1, -1, -1, -1, -1, -1, -1, -1, -1, -1, -1, -1, -1, -1, -1, -1, -1, -1, -1, -1, -1, -1, -1, -1, -1, -1, -1, -1, -1, -1, -1, -1, -1, -1, -1, -1, -1, -1, -1, -1, -1, -1, -1, -1, -1, -1, -1, -1, -1, -1, -1, -1, -1, -1, -1, -1, -1, -1, -1, -1, -1, -1, -1, -1, -1, -1, -1, -1, -1, -1, -1, -1, -1, -1, -1, -1, -1, -1, -1, -1, -1, -1, -1, -1, -1, -1, -1, -1, -1, -1, -1, -1, -1, -1, -1, -1, -1, -1, -1, -1, -1, -1, -1, -1, -1, -1, -1, -1, -1, -1, -1, -1, -1, -1, -1, -1, -1, -1, -1, -1, -1, -1, -1, -1, -1, -1, -1, -1, -1, -1, -1, -1, -1, 0, -1, -1, -1, -1, -1, 0, -1, -1, -1, -1, -1, 0, -1, -1, -1, -1, -1, 0, -1, -1, -1, -1, -1, -1, -1, -1, -1, -1, -1, -1, -1, -1, -1, -1, -1, -1, -1, -1, -1, -1, -1, -1, -1, -1, -1, -1, -1, -1, -1, -1, -1, -1, -1, -1, -1, -1, -1, -1, -1, -1, -1, -1, -1, -1, -1, -1, -1, -1, -1, -1, -1, -1, 0, -1, -1, 0, 0, -1, 0, -1, 0, -1, -1, 0, 0, -1, 0, -1, -1, 0, 0, -1, 0, -1, -1, 0, 0, -1, -1, -1, -1, -1, -1, -1, -1, -1, -1, -1, -1, -1, -1, -1, -1, -1, -1, -1, -1, -1, -1, -1, -1, -1, -1, -1, -1, -1, -1, -1, -1, -1, -1, -1, -1, -1, -1, -1, -1, -1, -1, -1, -1, -1, -1, -1, -1, -1, -1, -1, -1, -1, 0, -1, -1, 0, -1, 0, 0, -1, 0, -1, -1, 0, 0, -1, 0, -1, -1, 0, 0, -1, 0, -1, -1, 0, 0, -1, -1, -1, -1, -1, -1, -1, -1, -1, -1, -1, -1, -1, -1, -1, -1, -1, -1, -1, -1, -1, -1, -1, -1, -1, -1, -1, -1, -1, -1, -1, -1, -1, -1, -1, -1, -1, -1, -1, -1, -1, -1, -1, -1, -1, -1, -1, -1, -1, -1, -1, -1, -1, -1, -1, -1, -1, -1, -1, -1, -1, -1, -1, -1, -1, -1, -1, -1, -1, -1, -1, -1, -1, -1, -1, -1, -1, -1, -1, -1, -1, -1, -1, -1, -1, -1, -1, -1, -1, -1, -1, -1, -1, -1, -1, -1, -1, -1, -1, -1, -1, -1, -1, -1, -1, -1, -1, -1, -1, -1, -1, -1, -1, -1, -1, -1, -1, -1, -1, -1, -1, -1, -1, -1, -1, -1, -1, -1, -1, -1, -1, -1, -1, -1, -1, -1, -1, -1, -1, -1, -1, -1, -1, -1, -1, -1, -1, -1, 8, -1, -1, -1, -1, -1, 8, -1, -1, -1, -1, -1, 8, -1, -1, -1, -1, -1, 8, -1, -1, -1, -1, -1, -1, -1, -1, -1, -1, -1, -1, -1, -1, -1, -1, -1, -1, -1, -1, -1, -1, -1, -1, -1, -1, -1, -1, -1, -1, -1, -1, -1, -1, -1, -1, -1, -1, -1, -1, -1, -1, -1, -1, -1, -1, 8, -1, -1, 8, 8, -1, 8, -1, -1, 8, 8, -1, 8, -1, -1, 8, 8, -1, 8, -1, -1, 8, 8, -1, -1, -1, -1, -1, -1, -1, -1, -1, -1, -1, -1, -1, -1, -1, -1, -1, -1, -1, -1, -1, -1, -1, -1, -1, -1, -1, -1, -1, -1, -1, -1, -1, -1, -1, -1, -1, -1, -1, -1, -1, -1, -1, -1, -1, 8, -1, -1, 8, 8, -1, 8, -1, -1, 8, 8, -1, 8, -1, -1, 8, 8, -1, 8, -1, -1, 8, 8, -1, -1, -1, -1, -1, -1, -1, -1, -1, -1, -1, -1, -1, -1, -1, -1, -1, -1, -1, -1, -1, -1, -1, -1, -1, -1, -1, -1, -1, -1, -1, -1, -1, -1, -1, -1, -1, -1, -1, -1, -1, -1, -1, -1, -1, -1, -1, -1, -1, -1, -1, -1, -1, -1, -1, -1, -1, -1, -1, -1, -1, -1, -1, -1, -1, -1, -1, -1, -1, -1, -1, -1, -1, -1, -1, -1, -1, -1, -1, -1, -1, -1, -1, -1, -1, -1, -1, -1, -1, -1, -1, -1, -1, -1, -1, -1, -1, -1, -1, -1, -1, -1, -1, -1, -1, -1, -1, -1, -1, -1, -1, -1, -1, -1, -1, -1, -1, -1, -1, -1, -1, -1, -1, -1, -1, -1, -1, -1, -1, -1, 16, -1, -1, -1, -1, -1, 16, -1, -1, -1, -1, -1, 16, -1, -1, -1, -1, 16, -1, -1, -1, -1, -1, -1, -1, -1, -1, -1, -1, -1, -1, -1, -1, -1, -1, -1, -1, -1, -1, -1, -1, -1, -1, -1, -1, -1, -1, -1, -1, -1, -1, -1, -1, -1, -1, -1, 16, -1, -1, 16, 16, -1, 16, -1, -1, 16, 16, -1, 16, -1, -1, 16, 16, -1, 16, -1, 16, -1, -1, -1, -1, -1, -1, -1, -1, -1, -1, -1, -1, -1, -1, -1, -1, -1, -1, -1, -1, -1, -1, -1, -1, -1, -1, -1, -1, -1, -1, -1, -1, -1, -1, -1, -1, -1, -1, 16, -1, -1, 16, 16, -1, 16, -1, -1, 16, 16, -1, 16, -1, -1, 16, 16, -1, 16, -1, 16, -1, -1, -1, -1, -1, -1, -1, -1, -1, -1, -1, -1, -1, -1, -1, -1, -1, -1, -1, -1, -1, -1, -1, -1, -1, -1, -1, -1, -1, -1, -1, -1, -1, -1, -1, -1, -1, -1, -1, -1, -1, -1, -1, -1, -1, -1, -1, -1, -1, -1, -1, -1, -1, -1, -1, -1, -1, -1, -1, -1, -1, -1, -1, -1, -1, -1, -1, -1, -1, -1, -1, -1, -1, -1, -1, -1, -1, -1, -1, -1, -1, -1, -1, -1, -1, -1, -1, -1, -1, -1, -1, -1, -1, -1, -1, -1, -1, -1, -1, -1, -1, -1, -1, -1, -1, -1, -1, -1, -1, -1, -1, -1, -1, -1, -1, -1, -1, -1, -1, -1, -1, -1, -1, -1, -1, -1, -1, -1, -1, -1, -1, -1, -1, -1, -1, -1, -1, -1, -1, -1, -1, -1, -1, -1, -1, -1, -1, -1, -1, -1, -1, -1, -1, -1, -1, -1, -1, -1, -1, -1, -1, -1, -1, -1, -1, -1, -1, -1, -1, -1, -1, -1, -1, -1, -1, -1, -1, -1, -1, -1, -1, -1, -1, -1, -1, -1, -1, -1, -1, -1, -1, -1, -1, -1, -1, -1, -1, -1, -1, -1, -1, -1, -1, -1, -1, -1, -1, -1, -1, -1, -1, -1, -1, -1, -1, -1, -1, -1, -1, -1, -1, -1, -1, -1, -1, -1, -1, -1, -1, -1, -1, -1, -1, -1, -1, -1, -1, -1, -1, -1, -1, -1, -1, -1, -1, -1, -1, -1, -1, -1, -1, -1, -1, -1, -1, -1, -1, -1, -1, -1, -1, -1, -1, -1, -1, -1, -1, -1, -1, -1, -1, -1, -1, -1, -1, -1, -1, -1, -1, -1, -1, -1, -1, -1, -1, -1, -1, -1, -1, -1, -1, -1, -1, -1, -1, -1, -1, -1, -1, -1, -1, -1, -1, -1, -1, -1, -1, -1, -1, -1, -1, -1, -1, -1, -1, -1, -1, -1, -1, -1, -1, 0, -1, -1, 0, -1, 0, -1, 0, -1, 0, -1, 0, -1, 0, -1, 0, -1, 0, -1, 0, -1, 0, -1, 0, -1, 0, -1, -1, 1, -1, 1, -1, 1, -1, 1, -1, 1, -1, 1, -1, 1, -1, 1, -1, 1, -1, 1, -1, 1, -1, 1, -1, 1, -1, 2, -1, -1, 2, -1, 2, -1, 2, -1, 2, -1, 2, -1, 2, -1, 2, -1, 2, -1, 2, -1, 2, -1, 2, -1, 2, -1, -1, 3, -1, 3, -1, 3, -1, 3, -1, 3, -1, 3, -1, 3, -1, 3, -1, 3, -1, 3, -1, 3, -1, 3, -1, 3, -1, 4, -1, -1, 4, -1, 4, -1, 4, -1, 4, -1, 4, -1, 4, -1, 4, -1, 4, -1, 4, -1, 4, -1, 4, -1, 4, -1, -1, 5, -1, 5, -1, 5, -1, 5, -1, 5, -1, 5, -1, 5, -1, 5, -1, 5, -1, 5, -1, 5, -1, 5, -1, 5, -1, 6, -1, -1, 6, -1, 6, -1, 6, -1, 6, -1, 6, -1, 6, -1, 6, -1, 6, -1, 6, -1, 6, -1, 6, -1, 6, -1, -1, 7, -1, 7, -1, 7, -1, 7, -1, 7, -1, 7, -1, 7, -1, 7, -1, 7, -1, 7, -1, 7, -1, 7, -1, 7, 0, 0, 0, 0, 0, 0, 0, 0, 0, 0, 0, 0, 0, 0, 0, 0, 0, 0, 0, 0, 0, 0, 0, 0, 0, 0, 0, 1, 1, 1, 1, 1, 1, 1, 1, 1, 1, 1, 1, 1, 1, 1, 1, 1, 1, 1, 1, 1, 1, 1, 1, 1, 1, 1, 2, 2, 2, 2, 2, 2, 2, 2, 2, 2, 2, 2, 2, 2, 2, 2, 2, 2, 2, 2, 2, 2, 2, 2, 2, 2, 2, 3, 3, 3, 3, 3, 3, 3, 3, 3, 3, 3, 3, 3, 3, 3, 3, 3, 3, 3, 3, 3, 3, 3, 3, 3, 3, 3, 4, 4, 4, 4, 4, 4, 4, 4, 4, 4, 4, 4, 4, 4, 4, 4, 4, 4, 4, 4, 4, 4, 4, 4, 4, 4, 4, 5, 5, 5, 5, 5, 5, 5, 5, 5, 5, 5, 5, 5, 5, 5, 5, 5, 5, 5, 5, 5, 5, 5, 5, 5, 5, 5, 6, 6, 6, 6, 6, 6, 6, 6, 6, 6, 6, 6, 6, 6, 6, 6, 6, 6, 6, 6, 6, 6, 6, 6, 6, 6, 6, 7, 7, 7, 7, 7, 7, 7, 7, 7, 7, 7, 7, 7, 7, 7, 7, 7, 7, 7, 7, 7, 7, 7, 7, 7, 7, 7, 0, 0, 0, 0, 0, 0, 0, 0, 0, 0, 0, 0, 0, 0, 0, 0, 0, 0, 0, 0, 0, 0, 0, 0, 0, 0, 0, 1, 1, 1, 1, 1, 1, 1, 1, 1, 1, 1, 1, 1, 1, 1, 1, 1, 1, 1, 1, 1, 1, 1, 1, 1, 1, 1, 2, 2, 2, 2, 2, 2, 2, 2, 2, 2, 2, 2, 2, 2, 2, 2, 2, 2, 2, 2, 2, 2, 2, 2, 2, 2, 2, 3, 3, 3, 3, 3, 3, 3, 3, 3, 3, 3, 3, 3, 3, 3, 3, 3, 3, 3, 3, 3, 3, 3, 3, 3, 3, 3, 4, 4, 4, 4, 4, 4, 4, 4, 4, 4, 4, 4, 4, 4, 4, 4, 4, 4, 4, 4, 4, 4, 4, 4, 4, 4, 4, 5, 5, 5, 5, 5, 5, 5, 5, 5, 5, 5, 5, 5, 5, 5, 5, 5, 5, 5, 5, 5, 5, 5, 5, 5, 5, 5, 6, 6, 6, 6, 6, 6, 6, 6, 6, 6, 6, 6, 6, 6, 6, 6, 6, 6, 6, 6, 6, 6, 6, 6, 6, 6, 6, 7, 7, 7, 7, 7, 7, 7, 7, 7, 7, 7, 7, 7, 7, 7, 7, 7, 7, 7, 7, 7, 7, 7, 7, 7, 7, 7, -1, -1, -1, -1, -1, -1, -1, -1, -1, -1, -1, -1, -1, -1, -1, -1, -1, -1, -1, -1, -1, -1, -1, -1, -1, -1, -1, -1, -1, -1, -1, -1, -1, -1, -1, -1, -1, -1, -1, -1, -1, -1, -1, -1, -1, -1, -1, -1, -1, -1, -1, -1, -1, -1, -1, -1, -1, -1, -1, -1, -1, -1, -1, -1, -1, -1, -1, -1, -1, -1, -1, -1, -1, -1, -1, -1, -1, -1, -1, -1, -1, -1, -1, -1, -1, -1, -1, -1, -1, -1, -1, -1, -1, -1, -1, -1, -1, -1, -1, -1, -1, -1, -1, -1, -1, -1, -1, -1, -1, -1, -1, -1, -1, -1, -1, -1, -1, -1, -1, -1, -1, -1, -1, -1, -1, -1, -1, -1, -1, -1, -1, -1, -1, -1, -1, -1, -1, -1, -1, -1, -1, -1, -1, -1, -1, -1, -1, -1, -1, -1, -1, -1, -1, -1, -1, -1, -1, -1, -1, -1, -1, -1, -1, -1, -1, -1, -1, -1, -1, -1, -1, -1, -1, -1, -1, -1, -1, -1, -1, -1, -1, -1, -1, -1, -1, -1, -1, -1, -1, -1, -1, -1, -1, -1, -1, -1, -1, -1, -1, -1, -1, -1, -1, -1, -1, -1, -1, -1, -1, -1, -1, -1, -1, -1, -1, -1, -1, -1, -1, -1, -1, -1, -1, -1, -1, -1, -1, -1, -1, -1, -1, -1, -1, -1, -1, -1, -1, -1, -1, -1, -1, -1, -1, -1, -1, -1, -1, -1, -1, -1, -1, -1, -1, -1, -1, -1, -1, -1, -1, -1, -1, -1, -1, -1, -1, -1, -1, -1, -1, -1, -1, -1, -1, -1, -1, -1, -1, -1, -1, -1, -1, -1, -1, -1, -1, -1, -1, -1, -1, -1, -1, -1, -1, -1, -1, -1, -1, -1, -1, -1, -1, -1, -1, -1, -1, -1, -1, -1, -1, -1, -1, -1, -1, -1, -1, -1, -1, -1, -1, -1, -1, -1, -1, -1, -1, -1, -1, -1, -1, -1, -1, -1, -1, -1, -1, -1, -1, -1, -1, -1, -1, -1, -1, -1, -1, -1, -1, -1, -1, -1, -1, -1, -1, -1, -1, -1, -1, -1, -1, -1, -1, -1, -1, -1, -1, -1, -1, -1, -1, -1, -1, -1, -1, -1, -1, -1, -1, -1, -1, -1, -1, -1, -1, -1, -1, -1, -1, -1, -1, -1, -1, -1, -1, -1, -1, -1, -1, -1, -1, -1, -1, -1, -1, -1, -1, -1, -1, -1, -1, -1, -1, -1, -1, -1, -1, -1, -1, -1, -1, -1, -1, -1, -1, -1, -1, -1, -1, -1, -1, -1, -1, -1, -1, -1, -1, -1, -1, -1, -1, -1, -1, -1, -1, -1, -1, -1, -1, -1, -1, -1, -1, -1, -1, -1, -1, -1, -1, -1, -1, -1, -1, -1, -1, -1, -1, -1, -1, -1, -1, -1, -1, -1, -1, -1, -1, -1, -1, -1, -1, -1, -1, -1, -1, -1, -1, -1, -1, -1, -1, -1, -1, -1, -1, -1, -1, -1, -1, -1, -1, -1, -1, -1, -1, -1, -1, -1, -1, -1, -1, -1, -1, -1, -1, -1, -1, -1, -1, -1, -1, -1, -1, -1, -1, -1, -1, -1, -1, -1, -1, -1, -1, -1, -1, -1, -1, -1, -1, -1, -1, -1, -1, -1, -1, -1, -1, -1, -1, -1, -1, -1, -1, -1, -1, -1, -1, -1, -1, -1, -1, -1, -1, -1, -1, -1, -1, -1, -1, -1, -1, -1, -1, -1, -1, -1, -1, -1, -1, -1, -1, -1, -1, -1, -1, -1, -1, -1, -1, -1, -1, 8, -1, -1, 8, -1, 8, -1, 8, -1, 8, -1, 8, -1, 8, -1, 8, -1, 8, -1, 8, -1, 8, -1, 8, -1, 8, -1, -1, 9, -1, 9, -1, 9, -1, 9, -1, 9, -1, 9, -1, 9, -1, 9, -1, 9, -1, 9, -1, 9, -1, 9, -1, 9, -1, 10, -1, -1, 10, -1, 10, -1, 10, -1, 10, -1, 10, -1, 10, -1, 10, -1, 10, -1, 10, -1, 10, -1, 10, -1, 10, -1, -1, 11, -1, 11, -1, 11, -1, 11, -1, 11, -1, 11, -1, 11, -1, 11, -1, 11, -1, 11, -1, 11, -1, 11, -1, 11, -1, 12, -1, -1, 12, -1, 12, -1, 12, -1, 12, -1, 12, -1, 12, -1, 12, -1, 12, -1, 12, -1, 12, -1, 12, -1, 12, -1, -1, 13, -1, 13, -1, 13, -1, 13, -1, 13, -1, 13, -1, 13, -1, 13, -1, 13, -1, 13, -1, 13, -1, 13, -1, 13, -1, 14, -1, -1, 14, -1, 14, -1, 14, -1, 14, -1, 14, -1, 14, -1, 14, -1, 14, -1, 14, -1, 14, -1, 14, -1, 14, -1, -1, 15, -1, 15, -1, 15, -1, 15, -1, 15, -1, 15, -1, 15, -1, 15, -1, 15, -1, 15, -1, 15, -1, 15, -1, 15, 8, 8, 8, 8, 8, 8, 8, 8, 8, 8, 8, 8, 8, 8, 8, 8, 8, 8, 8, 8, 8, 8, 8, 8, 8, 8, 8, 9, 9, 9, 9, 9, 9, 9, 9, 9, 9, 9, 9, 9, 9, 9, 9, 9, 9, 9, 9, 9, 9, 9, 9, 9, 9, 9, 10, 10, 10, 10, 10, 10, 10, 10, 10, 10, 10, 10, 10, 10, 10, 10, 10, 10, 10, 10, 10, 10, 10, 10, 10, 10, 10, 11, 11, 11, 11, 11, 11, 11, 11, 11, 11, 11, 11, 11, 11, 11, 11, 11, 11, 11, 11, 11, 11, 11, 11, 11, 11, 11, 12, 12, 12, 12, 12, 12, 12, 12, 12, 12, 12, 12, 12, 12, 12, 12, 12, 12, 12, 12, 12, 12, 12, 12, 12, 12, 12, 13, 13, 13, 13, 13, 13, 13, 13, 13, 13, 13, 13, 13, 13, 13, 13, 13, 13, 13, 13, 13, 13, 13, 13, 13, 13, 13, 14, 14, 14, 14, 14, 14, 14, 14, 14, 14, 14, 14, 14, 14, 14, 14, 14, 14, 14, 14, 14, 14, 14, 14, 14, 14, 14, 15, 15, 15, 15, 15, 15, 15, 15, 15, 15, 15, 15, 15, 15, 15, 15, 15, 15, 15, 15, 15, 15, 15, 15, 15, 15, 15, 8, 8, 8, 8, 8, 8, 8, 8, 8, 8, 8, 8, 8, 8, 8, 8, 8, 8, 8, 8, 8, 8, 8, 8, 8, 8, 8, 9, 9, 9, 9, 9, 9, 9, 9, 9, 9, 9, 9, 9, 9, 9, 9, 9, 9, 9, 9, 9, 9, 9, 9, 9, 9, 9, 10, 10, 10, 10, 10, 10, 10, 10, 10, 10, 10, 10, 10, 10, 10, 10, 10, 10, 10, 10, 10, 10, 10, 10, 10, 10, 10, 11, 11, 11, 11, 11, 11, 11, 11, 11, 11, 11, 11, 11, 11, 11, 11, 11, 11, 11, 11, 11, 11, 11, 11, 11, 11, 11, 12, 12, 12, 12, 12, 12, 12, 12, 12, 12, 12, 12, 12, 12, 12, 12, 12, 12, 12, 12, 12, 12, 12, 12, 12, 12, 12, 13, 13, 13, 13, 13, 13, 13, 13, 13, 13, 13, 13, 13, 13, 13, 13, 13, 13, 13, 13, 13, 13, 13, 13, 13, 13, 13, 14, 14, 14, 14, 14, 14, 14, 14, 14, 14, 14, 14, 14, 14, 14, 14, 14, 14, 14, 14, 14, 14, 14, 14, 14, 14, 14, 15, 15, 15, 15, 15, 15, 15, 15, 15, 15, 15, 15, 15, 15, 15, 15, 15, 15, 15, 15, 15, 15, 15, 15, 15, 15, 15, -1, -1, -1, -1, -1, -1, -1, -1, -1, -1, -1, -1, -1, -1, -1, -1, -1, -1, -1, -1, -1, -1, -1, -1, -1, -1, -1, -1, -1, -1, -1, -1, -1, -1, -1, -1, -1, -1, -1, -1, -1, -1, -1, -1, -1, -1, -1, -1, -1, -1, -1, -1, -1, -1, -1, -1, -1, -1, -1, -1, -1, -1, -1, -1, -1, -1, -1, -1, -1, -1, -1, -1, -1, -1, -1, -1, -1, -1, -1, -1, -1, -1, -1, -1, -1, -1, -1, -1, -1, -1, -1, -1, -1, -1, -1, -1, -1, -1, -1, -1, -1, -1, -1, -1, -1, -1, -1, -1, -1, -1, -1, -1, -1, -1, -1, -1, -1, -1, -1, -1, -1, -1, -1, -1, -1, -1, -1, -1, -1, -1, -1, -1, -1, -1, -1, -1, -1, -1, -1, -1, -1, -1, -1, -1, -1, -1, -1, -1, -1, -1, -1, -1, -1, -1, -1, -1, -1, -1, -1, -1, -1, -1, -1, -1, -1, -1, -1, -1, -1, -1, -1, -1, -1, -1, -1, -1, -1, -1, -1, -1, -1, -1, -1, -1, -1, -1, -1, -1, -1, -1, -1, -1, -1, -1, -1, -1, -1, -1, -1, -1, -1, -1, -1, -1, -1, -1, -1, -1, -1, -1, -1, -1, -1, -1, -1, -1, -1, -1, -1, -1, -1, -1, -1, -1, -1, -1, -1, -1, -1, -1, -1, -1, -1, -1, -1, -1, -1, -1, -1, -1, -1, -1, -1, -1, -1, -1, -1, -1, -1, -1, -1, -1, -1, -1, -1, -1, -1, -1, -1, -1, -1, -1, -1, -1, -1, -1, -1, -1, -1, -1, -1, -1, -1, -1, -1, -1, -1, -1, -1, -1, -1, -1, -1, -1, -1, -1, -1, -1, -1, -1, -1, -1, -1, -1, -1, -1, -1, -1, -1, -1, -1, -1, -1, -1, -1, -1, -1, -1, -1, -1, -1, -1, -1, -1, -1, -1, -1, -1, -1, -1, -1, -1, -1, -1, -1, -1, -1, -1, -1, -1, -1, -1, -1, -1, -1, -1, -1, -1, -1, -1, -1, -1, -1, -1, -1, -1, -1, -1, -1, -1, -1, -1, -1, -1, -1, -1, -1, -1, -1, -1, -1, -1, -1, -1, -1, -1, -1, -1, -1, -1, -1, -1, -1, -1, -1, -1, -1, -1, -1, -1, -1, -1, -1, -1, -1, -1, -1, -1, -1, -1, -1, -1, -1, -1, -1, -1, -1, -1, -1, -1, -1, -1, -1, -1, -1, -1, -1, -1, -1, -1, -1, -1, -1, -1, -1, -1, -1, -1, -1, -1, -1, -1, -1, -1, -1, -1, -1, -1, -1, -1, -1, -1, -1, -1, -1, -1, -1, -1, -1, -1, -1, -1, -1, -1, -1, -1, -1, -1, -1, -1, -1, -1, -1, -1, -1, -1, -1, -1, -1, -1, -1, -1, -1, -1, -1, -1, -1, -1, -1, -1, -1, -1, -1, -1, -1, -1, -1, -1, -1, -1, -1, -1, -1, -1, -1, -1, -1, -1, -1, -1, -1, -1, -1, -1, -1, -1, -1, -1, -1, -1, -1, -1, -1, -1, -1, -1, -1, -1, -1, -1, -1, -1, -1, -1, -1, -1, -1, -1, -1, -1, -1, -1, -1, -1, -1, -1, -1, -1, -1, -1, -1, -1, -1, -1, -1, -1, -1, -1, -1, -1, -1, -1, -1, -1, -1, -1, -1, -1, -1, -1, -1, -1, -1, -1, -1, -1, -1, -1, -1, -1, -1, -1, -1, -1, -1, -1, -1, -1, -1, -1, -1, -1, -1, -1, -1, -1, -1, -1, -1, -1, -1, -1, -1, -1, -1, -1, -1, -1, -1, 16, -1, -1, 16, -1, 16, -1, 16, -1, 16, -1, 16, -1, 16, -1, 16, -1, 16, -1, 16, -1, 16, -1, 16, -1, 16, -1, -1, 17, -1, 17, -1, 17, -1, 17, -1, 17, -1, 17, -1, 17, -1, 17, -1, 17, -1, 17, -1, 17, -1, 17, -1, 17, -1, 18, -1, -1, 18, -1, 18, -1, 18, -1, 18, -1, 18, -1, 18, -1, 18, -1, 18, -1, 18, -1, 18, -1, 18, -1, 18, -1, -1, 19, -1, 19, -1, 19, -1, 19, -1, 19, -1, 19, -1, 19, -1, 19, -1, 19, -1, 19, -1, 19, -1, 19, -1, 19, -1, 20, -1, -1, 20, -1, 20, -1, 20, -1, 20, -1, 20, -1, 20, -1, 20, -1, 20, -1, 20, -1, 20, -1, 20, -1, 20, -1, -1, 21, -1, 21, -1, 21, -1, 21, -1, 21, -1, 21, -1, 21, -1, 21, -1, 21, -1, 21, -1, 21, -1, 21, -1, 21, -1, 22, -1, -1, 22, -1, 22, -1, 22, -1, 22, -1, 22, -1, 22, -1, 22, -1, 22, -1, 22, -1, 22, -1, 22, -1, 22, -1, -1, 23, -1, 23, -1, 23, -1, 23, -1, 23, -1, 23, -1, 23, -1, 23, -1, 23, -1, 23, -1, 23, -1, 23, -1, 23, 16, 16, 16, 16, 16, 16, 16, 16, 16, 16, 16, 16, 16, 16, 16, 16, 16, 16, 16, 16, 16, 16, 16, 16, 16, 16, 16, 17, 17, 17, 17, 17, 17, 17, 17, 17, 17, 17, 17, 17, 17, 17, 17, 17, 17, 17, 17, 17, 17, 17, 17, 17, 17, 17, 18, 18, 18, 18, 18, 18, 18, 18, 18, 18, 18, 18, 18, 18, 18, 18, 18, 18, 18, 18, 18, 18, 18, 18, 18, 18, 18, 19, 19, 19, 19, 19, 19, 19, 19, 19, 19, 19, 19, 19, 19, 19, 19, 19, 19, 19, 19, 19, 19, 19, 19, 19, 19, 19, 20, 20, 20, 20, 20, 20, 20, 20, 20, 20, 20, 20, 20, 20, 20, 20, 20, 20, 20, 20, 20, 20, 20, 20, 20, 20, 20, 21, 21, 21, 21, 21, 21, 21, 21, 21, 21, 21, 21, 21, 21, 21, 21, 21, 21, 21, 21, 21, 21, 21, 21, 21, 21, 21, 22, 22, 22, 22, 22, 22, 22, 22, 22, 22, 22, 22, 22, 22, 22, 22, 22, 22, 22, 22, 22, 22, 22, 22, 22, 22, 22, 23, 23, 23, 23, 23, 23, 23, 23, 23, 23, 23, 23, 23, 23, 23, 23, 23, 23, 23, 23, 23, 23, 23, 23, 23, 23, 23, 16, 16, 16, 16, 16, 16, 16, 16, 16, 16, 16, 16, 16, 16, 16, 16, 16, 16, 16, 16, 16, 16, 16, 16, 16, 16, 16, 17, 17, 17, 17, 17, 17, 17, 17, 17, 17, 17, 17, 17, 17, 17, 17, 17, 17, 17, 17, 17, 17, 17, 17, 17, 17, 17, 18, 18, 18, 18, 18, 18, 18, 18, 18, 18, 18, 18, 18, 18, 18, 18, 18, 18, 18, 18, 18, 18, 18, 18, 18, 18, 18, 19, 19, 19, 19, 19, 19, 19, 19, 19, 19, 19, 19, 19, 19, 19, 19, 19, 19, 19, 19, 19, 19, 19, 19, 19, 19, 19, 20, 20, 20, 20, 20, 20, 20, 20, 20, 20, 20, 20, 20, 20, 20, 20, 20, 20, 20, 20, 20, 20, 20, 20, 20, 20, 20, 21, 21, 21, 21, 21, 21, 21, 21, 21, 21, 21, 21, 21, 21, 21, 21, 21, 21, 21, 21, 21, 21, 21, 21, 21, 21, 21, 22, 22, 22, 22, 22, 22, 22, 22, 22, 22, 22, 22, 22, 22, 22, 22, 22, 22, 22, 22, 22, 22, 22, 22, 22, 22, 22, 23, 23, 23, 23, 23, 23, 23, 23, 23, 23, 23, 23, 23, 23, 23, 23, 23, 23, 23, 23, 23, 23, 23, 23, 23, 23, 23, -1, -1, -1, -1, -1, -1, -1, -1, -1, -1, -1, -1, -1, -1, -1, -1, -1, -1, -1, -1, -1, -1, -1, -1, -1, -1, -1, -1, -1, -1, -1, -1, -1, -1, -1, -1, -1, -1, -1, -1, -1, -1, -1, -1, -1, -1, -1, -1, -1, -1, -1, -1, -1, -1, -1, -1, -1, -1, -1, -1, -1, -1, -1, -1, -1, -1, -1, -1, -1, -1, -1, -1, -1, -1, -1, -1, -1, -1, -1, -1, -1, -1, -1, -1, -1, -1, -1, -1, -1, -1, -1, -1, -1, -1, -1, -1, -1, -1, -1, -1, -1, -1, -1, -1, -1, -1, -1, -1, -1, -1, -1, -1, -1, -1, -1, -1, -1, -1, -1, -1, -1, -1, -1, -1, -1, -1, -1, -1, -1, -1, -1, -1, -1, -1, -1, -1, -1, -1, -1, -1, -1, -1, -1, -1, -1, -1, -1, -1, -1, -1, -1, -1, -1, -1, -1, -1, -1, -1, -1, -1, -1, -1, -1, -1, -1, -1, -1, -1, -1, -1, -1, -1, -1, -1, -1, -1, -1, -1, -1, -1, -1, -1, -1, -1, -1, -1, -1, -1, -1, -1, -1, -1, -1, -1, -1, -1, -1, -1, -1, -1, -1, -1, -1, -1, -1, -1, -1, -1, -1, -1, -1, -1, -1, -1, -1, -1, -1, -1, -1, -1, -1, -1, -1, -1, -1, -1, -1, -1, -1, -1, -1, -1, -1, -1, -1, -1, -1, -1, -1, -1, -1, -1, -1, -1, -1, -1, -1, -1, -1, -1, -1, -1, -1, -1, -1, -1, -1, -1, -1, -1, -1, -1, -1, -1, -1, -1, -1, -1]
            int spring_count = 4624
            int[] spring_indices = [0, 2, 0, 4, 0, 5, 2, 4, 2, 5, 4, 5, 0, 3, 2, 3, 3, 5, 0, 1, 1, 3, 1, 5, 0, 6, 4, 6, 5, 6, 0, 7, 6, 7, 5, 7, 1, 7, 0, 8, 0, 9, 6, 8, 6, 9, 8, 9, 7, 9, 1, 9, 0, 10, 8, 10, 9, 10, 0, 11, 10, 11, 9, 11, 1, 11, 2, 13, 2, 14, 13, 14, 5, 13, 5, 14, 2, 12, 12, 14, 12, 13, 3, 13, 4, 14, 13, 15, 14, 15, 5, 15, 14, 17, 6, 14, 5, 17, 6, 17, 15, 17, 14, 16, 6, 16, 16, 17, 7, 17, 6, 18, 17, 18, 9, 17, 9, 18, 16, 18, 8, 18, 17, 19, 18, 19, 9, 19, 18, 21, 10, 18, 9, 21, 10, 21, 19, 21, 18, 20, 10, 20, 20, 21, 11, 21, 13, 22, 22, 25, 14, 22, 13, 25, 14, 25, 12, 22, 22, 23, 23, 25, 13, 23, 22, 24, 14, 24, 24, 25, 15, 25, 14, 26, 25, 26, 17, 25, 17, 26, 24, 26, 16, 26, 25, 27, 26, 27, 17, 27, 26, 29, 18, 26, 17, 29, 18, 29, 27, 29, 26, 28, 18, 28, 28, 29, 19, 29, 18, 30, 29, 30, 21, 29, 21, 30, 28, 30, 20, 30, 29, 31, 30, 31, 21, 31, 1, 33, 3, 33, 5, 33, 1, 34, 5, 34, 33, 34, 1, 32, 32, 34, 32, 33, 1, 35, 5, 35, 7, 35, 34, 35, 32, 35, 9, 35, 1, 36, 9, 36, 35, 36, 32, 36, 1, 37, 9, 37, 11, 37, 36, 37, 32, 37, 13, 33, 13, 39, 33, 39, 5, 39, 13, 38, 38, 39, 33, 38, 15, 39, 34, 39, 17, 39, 35, 39, 17, 35, 39, 40, 17, 40, 35, 40, 17, 41, 35, 41, 9, 41, 40, 41, 19, 41, 36, 41, 21, 41, 37, 41, 21, 37, 41, 42, 21, 42, 37, 42, 13, 43, 25, 43, 39, 43, 25, 39, 23, 43, 38, 43, 43, 44, 25, 44, 39, 44, 25, 45, 39, 45, 17, 45, 44, 45, 27, 45, 40, 45, 29, 45, 41, 45, 29, 41, 45, 46, 29, 46, 41, 46, 29, 47, 41, 47, 21, 47, 46, 47, 31, 47, 42, 47, 32, 50, 33, 50, 34, 50, 32, 49, 33, 49, 49, 50, 32, 48, 48, 49, 48, 50, 35, 50, 32, 51, 35, 51, 50, 51, 48, 51, 32, 52, 35, 52, 36, 52, 51, 52, 48, 52, 37, 52, 32, 53, 37, 53, 52, 53, 48, 53, 33, 54, 39, 54, 50, 54, 39, 50, 38, 54, 49, 54, 54, 55, 39, 55, 50, 55, 39, 56, 50, 56, 35, 56, 55, 56, 40, 56, 51, 56, 41, 56, 52, 56, 41, 52, 56, 57, 41, 57, 52, 57, 41, 58, 52, 58, 37, 58, 57, 58, 42, 58, 53, 58, 43, 54, 43, 60, 54, 60, 39, 60, 43, 59, 59, 60, 54, 59, 44, 60, 55, 60, 45, 60, 56, 60, 45, 56, 60, 61, 45, 61, 56, 61, 45, 62, 56, 62, 41, 62, 61, 62, 46, 62, 57, 62, 47, 62, 58, 62, 47, 58, 62, 63, 47, 63, 58, 63, 48, 65, 49, 65, 50, 65, 48, 66, 50, 66, 65, 66, 48, 64, 64, 66, 64, 65, 48, 67, 50, 67, 51, 67, 66, 67, 64, 67, 52, 67, 48, 68, 52, 68, 67, 68, 64, 68, 48, 69, 52, 69, 53, 69, 68, 69, 64, 69, 54, 65, 54, 71, 65, 71, 50, 71, 54, 70, 70, 71, 65, 70, 55, 71, 66, 71, 56, 71, 67, 71, 56, 67, 71, 72, 56, 72, 67, 72, 56, 73, 67, 73, 52, 73, 72, 73, 57, 73, 68, 73, 58, 73, 69, 73, 58, 69, 73, 74, 58, 74, 69, 74, 54, 75, 60, 75, 71, 75, 60, 71, 59, 75, 70, 75, 75, 76, 60, 76, 71, 76, 60, 77, 71, 77, 56, 77, 76, 77, 61, 77, 72, 77, 62, 77, 73, 77, 62, 73, 77, 78, 62, 78, 73, 78, 62, 79, 73, 79, 58, 79, 78, 79, 63, 79, 74, 79, 0, 80, 0, 81, 10, 80, 10, 81, 80, 81, 11, 81, 1, 81, 0, 82, 80, 82, 81, 82, 0, 83, 82, 83, 81, 83, 1, 83, 0, 84, 0, 85, 82, 84, 82, 85, 84, 85, 83, 85, 1, 85, 0, 86, 84, 86, 85, 86, 0, 87, 86, 87, 85, 87, 1, 87, 10, 88, 21, 88, 21, 81, 81, 88, 20, 88, 80, 88, 21, 89, 88, 89, 81, 89, 88, 91, 82, 88, 81, 91, 82, 91, 89, 91, 88, 90, 82, 90, 90, 91, 83, 91, 82, 92, 91, 92, 85, 91, 85, 92, 90, 92, 84, 92, 91, 93, 92, 93, 85, 93, 92, 95, 86, 92, 85, 95, 86, 95, 93, 95, 92, 94, 86, 94, 94, 95, 87, 95, 30, 97, 30, 88, 21, 97, 88, 97, 31, 97, 30, 96, 88, 96, 96, 97, 89, 97, 88, 98, 97, 98, 91, 97, 91, 98, 96, 98, 90, 98, 97, 99, 98, 99, 91, 99, 98, 101, 92, 98, 91, 101, 92, 101, 99, 101, 98, 100, 92, 100, 100, 101, 93, 101, 92, 102, 101, 102, 95, 101, 95, 102, 100, 102, 94, 102, 101, 103, 102, 103, 95, 103, 37, 81, 1, 104, 81, 104, 37, 104, 32, 104, 1, 105, 81, 105, 83, 105, 104, 105, 32, 105, 85, 105, 1, 106, 85, 106, 105, 106, 32, 106, 1, 107, 85, 107, 87, 107, 106, 107, 32, 107, 21, 108, 37, 108, 81, 108, 42, 108, 89, 108, 104, 108, 91, 108, 105, 108, 91, 105, 108, 109, 91, 109, 105, 109, 91, 110, 105, 110, 85, 110, 109, 110, 93, 110, 106, 110, 95, 110, 107, 110, 95, 107, 110, 111, 95, 111, 107, 111, 47, 97, 47, 108, 97, 108, 47, 112, 97, 112, 108, 112, 97, 113, 108, 113, 91, 113, 112, 113, 99, 113, 109, 113, 101, 113, 110, 113, 101, 110, 113, 114, 101, 114, 110, 114, 101, 115, 110, 115, 95, 115, 114, 115, 103, 115, 111, 115, 32, 116, 37, 116, 104, 116, 53, 116, 48, 116, 105, 116, 32, 117, 105, 117, 116, 117, 48, 117, 32, 118, 105, 118, 106, 118, 117, 118, 48, 118, 107, 118, 32, 119, 107, 119, 118, 119, 48, 119, 58, 108, 58, 116, 108, 116, 58, 120, 108, 120, 116, 120, 108, 121, 116, 121, 105, 121, 120, 121, 109, 121, 117, 121, 110, 121, 118, 121, 110, 118, 121, 122, 110, 122, 118, 122, 110, 123, 118, 123, 107, 123, 122, 123, 111, 123, 119, 123, 47, 124, 58, 124, 108, 124, 63, 124, 112, 124, 120, 124, 113, 124, 121, 124, 113, 121, 124, 125, 113, 125, 121, 125, 113, 126, 121, 126, 110, 126, 125, 126, 114, 126, 122, 126, 115, 126, 123, 126, 115, 123, 126, 127, 115, 127, 123, 127, 69, 116, 48, 128, 116, 128, 69, 128, 64, 128, 48, 129, 116, 129, 117, 129, 128, 129, 64, 129, 118, 129, 48, 130, 118, 130, 129, 130, 64, 130, 48, 131, 118, 131, 119, 131, 130, 131, 64, 131, 58, 132, 69, 132, 116, 132, 74, 132, 120, 132, 128, 132, 121, 132, 129, 132, 121, 129, 132, 133, 121, 133, 129, 133, 121, 134, 129, 134, 118, 134, 133, 134, 122, 134, 130, 134, 123, 134, 131, 134, 123, 131, 134, 135, 123, 135, 131, 135, 79, 124, 79, 132, 124, 132, 79, 136, 124, 136, 132, 136, 124, 137, 132, 137, 121, 137, 136, 137, 125, 137, 133, 137, 126, 137, 134, 137, 126, 134, 137, 138, 126, 138, 134, 138, 126, 139, 134, 139, 123, 139, 138, 139, 127, 139, 135, 139, 0, 140, 0, 141, 86, 140, 86, 141, 140, 141, 87, 141, 1, 141, 0, 142, 140, 142, 141, 142, 0, 143, 142, 143, 141, 143, 1, 143, 0, 144, 0, 145, 142, 144, 142, 145, 144, 145, 143, 145, 1, 145, 2, 144, 2, 145, 3, 145, 86, 146, 95, 146, 95, 141, 141, 146, 94, 146, 140, 146, 95, 147, 146, 147, 141, 147, 146, 149, 142, 146, 141, 149, 142, 149, 147, 149, 146, 148, 142, 148, 148, 149, 143, 149, 142, 150, 149, 150, 145, 149, 145, 150, 148, 150, 144, 150, 149, 151, 150, 151, 145, 151, 13, 150, 2, 150, 13, 145, 13, 151, 12, 150, 102, 153, 102, 146, 95, 153, 146, 153, 103, 153, 102, 152, 146, 152, 152, 153, 147, 153, 146, 154, 153, 154, 149, 153, 149, 154, 152, 154, 148, 154, 153, 155, 154, 155, 149, 155, 154, 157, 150, 154, 149, 157, 150, 157, 155, 157, 154, 156, 150, 156, 156, 157, 151, 157, 22, 150, 22, 157, 13, 157, 22, 156, 23, 157, 107, 141, 1, 158, 141, 158, 107, 158, 32, 158, 1, 159, 141, 159, 143, 159, 158, 159, 32, 159, 145, 159, 1, 160, 145, 160, 159, 160, 32, 160, 33, 145, 33, 160, 95, 161, 107, 161, 141, 161, 111, 161, 147, 161, 158, 161, 149, 161, 159, 161, 149, 159, 161, 162, 149, 162, 159, 162, 149, 163, 159, 163, 145, 163, 162, 163, 151, 163, 160, 163, 13, 163, 33, 163, 38, 163, 115, 153, 115, 161, 153, 161, 115, 164, 153, 164, 161, 164, 153, 165, 161, 165, 149, 165, 164, 165, 155, 165, 162, 165, 157, 165, 163, 165, 157, 163, 165, 166, 157, 166, 163, 166, 43, 157, 43, 163, 43, 166, 32, 167, 107, 167, 158, 167, 119, 167, 48, 167, 159, 167, 32, 168, 159, 168, 167, 168, 48, 168, 32, 169, 159, 169, 160, 169, 168, 169, 48, 169, 33, 169, 49, 169, 123, 161, 123, 167, 161, 167, 123, 170, 161, 170, 167, 170, 161, 171, 167, 171, 159, 171, 170, 171, 162, 171, 168, 171, 163, 171, 169, 171, 163, 169, 171, 172, 163, 172, 169, 172, 54, 163, 54, 169, 54, 172, 115, 173, 123, 173, 161, 173, 127, 173, 164, 173, 170, 173, 165, 173, 171, 173, 165, 171, 173, 174, 165, 174, 171, 174, 165, 175, 171, 175, 163, 175, 174, 175, 166, 175, 172, 175, 43, 175, 54, 175, 59, 175, 131, 167, 48, 176, 167, 176, 131, 176, 64, 176, 48, 177, 167, 177, 168, 177, 176, 177, 64, 177, 169, 177, 48, 178, 169, 178, 177, 178, 64, 178, 65, 169, 65, 178, 123, 179, 131, 179, 167, 179, 135, 179, 170, 179, 176, 179, 171, 179, 177, 179, 171, 177, 179, 180, 171, 180, 177, 180, 171, 181, 177, 181, 169, 181, 180, 181, 172, 181, 178, 181, 54, 181, 65, 181, 70, 181, 139, 173, 139, 179, 173, 179, 139, 182, 173, 182, 179, 182, 173, 183, 179, 183, 171, 183, 182, 183, 174, 183, 180, 183, 175, 183, 181, 183, 175, 181, 183, 184, 175, 184, 181, 184, 75, 175, 75, 181, 75, 184, 30, 186, 30, 225, 29, 186, 29, 225, 186, 225, 28, 186, 31, 225, 30, 185, 185, 225, 185, 186, 29, 226, 186, 226, 225, 226, 26, 227, 26, 186, 29, 227, 186, 227, 27, 227, 26, 187, 186, 187, 187, 227, 226, 227, 26, 188, 25, 188, 25, 227, 188, 227, 24, 188, 187, 188, 25, 228, 188, 228, 227, 228, 22, 229, 22, 188, 25, 229, 188, 229, 23, 229, 22, 189, 188, 189, 189, 229, 228, 229, 186, 231, 186, 190, 225, 231, 190, 225, 190, 231, 185, 190, 226, 231, 186, 191, 190, 191, 191, 231, 225, 230, 190, 230, 230, 231, 186, 192, 192, 227, 227, 231, 192, 231, 187, 192, 191, 192, 227, 232, 192, 232, 231, 232, 188, 233, 188, 192, 227, 233, 192, 233, 228, 233, 188, 193, 192, 193, 193, 233, 232, 233, 188, 194, 194, 229, 229, 233, 194, 233, 189, 194, 193, 194, 229, 234, 194, 234, 233, 234, 190, 196, 190, 235, 196, 231, 231, 235, 196, 235, 191, 196, 230, 235, 190, 195, 195, 235, 195, 196, 231, 236, 196, 236, 235, 236, 192, 237, 192, 196, 231, 237, 196, 237, 232, 237, 192, 197, 196, 197, 197, 237, 236, 237, 192, 198, 198, 233, 233, 237, 198, 237, 193, 198, 197, 198, 233, 238, 198, 238, 237, 238, 194, 239, 194, 198, 233, 239, 198, 239, 234, 239, 194, 199, 198, 199, 199, 239, 238, 239, 196, 241, 196, 200, 235, 241, 200, 235, 200, 241, 195, 200, 236, 241, 196, 201, 200, 201, 201, 241, 235, 240, 200, 240, 240, 241, 196, 202, 202, 237, 237, 241, 202, 241, 197, 202, 201, 202, 237, 242, 202, 242, 241, 242, 198, 243, 198, 202, 237, 243, 202, 243, 238, 243, 198, 203, 202, 203, 203, 243, 242, 243, 198, 204, 204, 239, 239, 243, 204, 243, 199, 204, 203, 204, 239, 244, 204, 244, 243, 244, 200, 206, 200, 245, 206, 241, 241, 245, 206, 245, 201, 206, 240, 245, 200, 205, 205, 245, 205, 206, 241, 246, 206, 246, 245, 246, 202, 247, 202, 206, 241, 247, 206, 247, 242, 247, 202, 207, 206, 207, 207, 247, 246, 247, 202, 208, 208, 243, 243, 247, 208, 247, 203, 208, 207, 208, 243, 248, 208, 248, 247, 248, 204, 249, 204, 208, 243, 249, 208, 249, 244, 249, 204, 209, 208, 209, 209, 249, 248, 249, 206, 251, 206, 210, 245, 251, 210, 245, 210, 251, 205, 210, 246, 251, 206, 211, 210, 211, 211, 251, 245, 250, 210, 250, 250, 251, 206, 212, 212, 247, 247, 251, 212, 251, 207, 212, 211, 212, 247, 252, 212, 252, 251, 252, 208, 253, 208, 212, 247, 253, 212, 253, 248, 253, 208, 213, 212, 213, 213, 253, 252, 253, 208, 214, 214, 249, 249, 253, 214, 253, 209, 214, 213, 214, 249, 254, 214, 254, 253, 254, 210, 216, 210, 255, 216, 251, 251, 255, 216, 255, 211, 216, 250, 255, 210, 215, 215, 255, 215, 216, 251, 256, 216, 256, 255, 256, 212, 257, 212, 216, 251, 257, 216, 257, 252, 257, 212, 217, 216, 217, 217, 257, 256, 257, 212, 218, 218, 253, 253, 257, 218, 257, 213, 218, 217, 218, 253, 258, 218, 258, 257, 258, 214, 259, 214, 218, 253, 259, 218, 259, 254, 259, 214, 219, 218, 219, 219, 259, 258, 259, 216, 261, 216, 220, 255, 261, 220, 255, 220, 261, 215, 220, 256, 261, 216, 221, 220, 221, 221, 261, 255, 260, 220, 260, 260, 261, 216, 222, 222, 257, 257, 261, 222, 261, 217, 222, 221, 222, 257, 262, 222, 262, 261, 262, 218, 263, 218, 222, 257, 263, 222, 263, 258, 263, 218, 223, 222, 223, 223, 263, 262, 263, 218, 224, 224, 259, 259, 263, 224, 263, 219, 224, 223, 224, 259, 264, 224, 264, 263, 264, 29, 266, 47, 266, 47, 225, 225, 266, 46, 266, 226, 266, 47, 265, 225, 265, 265, 266, 45, 227, 45, 266, 227, 266, 45, 267, 227, 267, 266, 267, 25, 268, 45, 268, 227, 268, 44, 268, 228, 268, 267, 268, 43, 229, 43, 268, 229, 268, 43, 269, 229, 269, 268, 269, 225, 270, 231, 266, 266, 270, 231, 270, 265, 270, 230, 270, 266, 271, 231, 271, 270, 271, 227, 272, 266, 272, 231, 272, 267, 272, 232, 272, 271, 272, 233, 268, 268, 272, 233, 272, 268, 273, 233, 273, 272, 273, 229, 274, 268, 274, 233, 274, 269, 274, 234, 274, 273, 274, 231, 276, 270, 276, 235, 270, 235, 276, 271, 276, 236, 276, 270, 275, 235, 275, 275, 276, 237, 272, 272, 276, 237, 276, 272, 277, 237, 277, 276, 277, 233, 278, 272, 278, 237, 278, 273, 278, 238, 278, 277, 278, 239, 274, 274, 278, 239, 278, 274, 279, 239, 279, 278, 279, 235, 280, 241, 276, 276, 280, 241, 280, 275, 280, 240, 280, 276, 281, 241, 281, 280, 281, 237, 282, 276, 282, 241, 282, 277, 282, 242, 282, 281, 282, 243, 278, 278, 282, 243, 282, 278, 283, 243, 283, 282, 283, 239, 284, 278, 284, 243, 284, 279, 284, 244, 284, 283, 284, 241, 286, 280, 286, 245, 280, 245, 286, 281, 286, 246, 286, 280, 285, 245, 285, 285, 286, 247, 282, 282, 286, 247, 286, 282, 287, 247, 287, 286, 287, 243, 288, 282, 288, 247, 288, 283, 288, 248, 288, 287, 288, 249, 284, 284, 288, 249, 288, 284, 289, 249, 289, 288, 289, 245, 290, 251, 286, 286, 290, 251, 290, 285, 290, 250, 290, 286, 291, 251, 291, 290, 291, 247, 292, 286, 292, 251, 292, 287, 292, 252, 292, 291, 292, 253, 288, 288, 292, 253, 292, 288, 293, 253, 293, 292, 293, 249, 294, 288, 294, 253, 294, 289, 294, 254, 294, 293, 294, 251, 296, 290, 296, 255, 290, 255, 296, 291, 296, 256, 296, 290, 295, 255, 295, 295, 296, 257, 292, 292, 296, 257, 296, 292, 297, 257, 297, 296, 297, 253, 298, 292, 298, 257, 298, 293, 298, 258, 298, 297, 298, 259, 294, 294, 298, 259, 298, 294, 299, 259, 299, 298, 299, 255, 300, 261, 296, 296, 300, 261, 300, 295, 300, 260, 300, 296, 301, 261, 301, 300, 301, 257, 302, 296, 302, 261, 302, 297, 302, 262, 302, 301, 302, 263, 298, 298, 302, 263, 302, 298, 303, 263, 303, 302, 303, 259, 304, 298, 304, 263, 304, 299, 304, 264, 304, 303, 304, 47, 305, 62, 266, 62, 305, 266, 305, 63, 305, 265, 305, 62, 306, 266, 306, 305, 306, 45, 307, 62, 307, 266, 307, 61, 307, 267, 307, 306, 307, 60, 268, 60, 307, 268, 307, 60, 308, 268, 308, 307, 308, 43, 309, 60, 309, 268, 309, 59, 309, 269, 309, 308, 309, 266, 311, 305, 311, 270, 305, 270, 311, 306, 311, 271, 311, 305, 310, 270, 310, 310, 311, 272, 307, 307, 311, 272, 311, 307, 312, 272, 312, 311, 312, 268, 313, 307, 313, 272, 313, 308, 313, 273, 313, 312, 313, 274, 309, 309, 313, 274, 313, 309, 314, 274, 314, 313, 314, 270, 315, 276, 311, 311, 315, 276, 315, 310, 315, 275, 315, 311, 316, 276, 316, 315, 316, 272, 317, 311, 317, 276, 317, 312, 317, 277, 317, 316, 317, 278, 313, 313, 317, 278, 317, 313, 318, 278, 318, 317, 318, 274, 319, 313, 319, 278, 319, 314, 319, 279, 319, 318, 319, 276, 321, 315, 321, 280, 315, 280, 321, 316, 321, 281, 321, 315, 320, 280, 320, 320, 321, 282, 317, 317, 321, 282, 321, 317, 322, 282, 322, 321, 322, 278, 323, 317, 323, 282, 323, 318, 323, 283, 323, 322, 323, 284, 319, 319, 323, 284, 323, 319, 324, 284, 324, 323, 324, 280, 325, 286, 321, 321, 325, 286, 325, 320, 325, 285, 325, 321, 326, 286, 326, 325, 326, 282, 327, 321, 327, 286, 327, 322, 327, 287, 327, 326, 327, 288, 323, 323, 327, 288, 327, 323, 328, 288, 328, 327, 328, 284, 329, 323, 329, 288, 329, 324, 329, 289, 329, 328, 329, 286, 331, 325, 331, 290, 325, 290, 331, 326, 331, 291, 331, 325, 330, 290, 330, 330, 331, 292, 327, 327, 331, 292, 331, 327, 332, 292, 332, 331, 332, 288, 333, 327, 333, 292, 333, 328, 333, 293, 333, 332, 333, 294, 329, 329, 333, 294, 333, 329, 334, 294, 334, 333, 334, 290, 335, 296, 331, 331, 335, 296, 335, 330, 335, 295, 335, 331, 336, 296, 336, 335, 336, 292, 337, 331, 337, 296, 337, 332, 337, 297, 337, 336, 337, 298, 333, 333, 337, 298, 337, 333, 338, 298, 338, 337, 338, 294, 339, 333, 339, 298, 339, 334, 339, 299, 339, 338, 339, 296, 341, 335, 341, 300, 335, 300, 341, 336, 341, 301, 341, 335, 340, 300, 340, 340, 341, 302, 337, 337, 341, 302, 341, 337, 342, 302, 342, 341, 342, 298, 343, 337, 343, 302, 343, 338, 343, 303, 343, 342, 343, 304, 339, 339, 343, 304, 343, 339, 344, 304, 344, 343, 344, 62, 346, 79, 346, 79, 305, 305, 346, 78, 346, 306, 346, 79, 345, 305, 345, 345, 346, 77, 307, 77, 346, 307, 346, 77, 347, 307, 347, 346, 347, 60, 348, 77, 348, 307, 348, 76, 348, 308, 348, 347, 348, 75, 309, 75, 348, 309, 348, 75, 349, 309, 349, 348, 349, 305, 350, 311, 346, 346, 350, 311, 350, 345, 350, 310, 350, 346, 351, 311, 351, 350, 351, 307, 352, 346, 352, 311, 352, 347, 352, 312, 352, 351, 352, 313, 348, 348, 352, 313, 352, 348, 353, 313, 353, 352, 353, 309, 354, 348, 354, 313, 354, 349, 354, 314, 354, 353, 354, 311, 356, 350, 356, 315, 350, 315, 356, 351, 356, 316, 356, 350, 355, 315, 355, 355, 356, 317, 352, 352, 356, 317, 356, 352, 357, 317, 357, 356, 357, 313, 358, 352, 358, 317, 358, 353, 358, 318, 358, 357, 358, 319, 354, 354, 358, 319, 358, 354, 359, 319, 359, 358, 359, 315, 360, 321, 356, 356, 360, 321, 360, 355, 360, 320, 360, 356, 361, 321, 361, 360, 361, 317, 362, 356, 362, 321, 362, 357, 362, 322, 362, 361, 362, 323, 358, 358, 362, 323, 362, 358, 363, 323, 363, 362, 363, 319, 364, 358, 364, 323, 364, 359, 364, 324, 364, 363, 364, 321, 366, 360, 366, 325, 360, 325, 366, 361, 366, 326, 366, 360, 365, 325, 365, 365, 366, 327, 362, 362, 366, 327, 366, 362, 367, 327, 367, 366, 367, 323, 368, 362, 368, 327, 368, 363, 368, 328, 368, 367, 368, 329, 364, 364, 368, 329, 368, 364, 369, 329, 369, 368, 369, 325, 370, 331, 366, 366, 370, 331, 370, 365, 370, 330, 370, 366, 371, 331, 371, 370, 371, 327, 372, 366, 372, 331, 372, 367, 372, 332, 372, 371, 372, 333, 368, 368, 372, 333, 372, 368, 373, 333, 373, 372, 373, 329, 374, 368, 374, 333, 374, 369, 374, 334, 374, 373, 374, 331, 376, 370, 376, 335, 370, 335, 376, 371, 376, 336, 376, 370, 375, 335, 375, 375, 376, 337, 372, 372, 376, 337, 376, 372, 377, 337, 377, 376, 377, 333, 378, 372, 378, 337, 378, 373, 378, 338, 378, 377, 378, 339, 374, 374, 378, 339, 378, 374, 379, 339, 379, 378, 379, 335, 380, 341, 376, 376, 380, 341, 380, 375, 380, 340, 380, 376, 381, 341, 381, 380, 381, 337, 382, 376, 382, 341, 382, 377, 382, 342, 382, 381, 382, 343, 378, 378, 382, 343, 382, 378, 383, 343, 383, 382, 383, 339, 384, 378, 384, 343, 384, 379, 384, 344, 384, 383, 384, 222, 385, 263, 385, 262, 385, 223, 385, 263, 386, 385, 386, 262, 386, 385, 388, 262, 388, 222, 388, 386, 388, 385, 387, 222, 387, 387, 388, 222, 389, 388, 389, 262, 389, 387, 389, 388, 390, 389, 390, 262, 390, 389, 392, 262, 392, 222, 392, 390, 392, 389, 391, 222, 391, 391, 392, 222, 393, 392, 393, 262, 393, 391, 393, 392, 394, 393, 394, 262, 394, 261, 393, 261, 394, 221, 393, 224, 396, 224, 385, 263, 396, 385, 396, 264, 396, 224, 395, 385, 395, 395, 396, 386, 396, 385, 397, 396, 397, 388, 396, 388, 397, 395, 397, 387, 397, 396, 398, 397, 398, 388, 398, 397, 400, 389, 397, 388, 400, 389, 400, 398, 400, 397, 399, 389, 399, 399, 400, 390, 400, 389, 401, 400, 401, 392, 400, 392, 401, 399, 401, 391, 401, 400, 402, 401, 402, 392, 402, 401, 404, 393, 401, 392, 404, 393, 404, 402, 404, 401, 403, 393, 403, 403, 404, 394, 404, 220, 393, 220, 404, 261, 404, 220, 403, 260, 404, 263, 405, 302, 405, 262, 405, 303, 405, 386, 405, 388, 405, 302, 388, 405, 406, 388, 406, 302, 406, 388, 407, 302, 407, 262, 407, 406, 407, 390, 407, 392, 407, 302, 392, 407, 408, 392, 408, 302, 408, 392, 409, 302, 409, 262, 409, 408, 409, 394, 409, 261, 409, 301, 409, 304, 396, 304, 405, 396, 405, 304, 410, 396, 410, 405, 410, 396, 411, 405, 411, 388, 411, 410, 411, 398, 411, 406, 411, 400, 411, 407, 411, 400, 407, 411, 412, 400, 412, 407, 412, 400, 413, 407, 413, 392, 413, 412, 413, 402, 413, 408, 413, 404, 413, 409, 413, 404, 409, 413, 414, 404, 414, 409, 414, 300, 404, 300, 409, 300, 414, 343, 405, 342, 405, 343, 415, 405, 415, 342, 415, 405, 416, 342, 416, 302, 416, 415, 416, 406, 416, 407, 416, 342, 407, 416, 417, 407, 417, 342, 417, 407, 418, 342, 418, 302, 418, 417, 418, 408, 418, 409, 418, 342, 409, 418, 419, 409, 419, 342, 419, 341, 409, 341, 419, 304, 420, 343, 420, 405, 420, 344, 420, 410, 420, 415, 420, 411, 420, 416, 420, 411, 416, 420, 421, 411, 421, 416, 421, 411, 422, 416, 422, 407, 422, 421, 422, 412, 422, 417, 422, 413, 422, 418, 422, 413, 418, 422, 423, 413, 423, 418, 423, 413, 424, 418, 424, 409, 424, 423, 424, 414, 424, 419, 424, 300, 424, 341, 424, 340, 424, 343, 425, 382, 425, 342, 425, 383, 425, 415, 425, 416, 425, 382, 416, 425, 426, 416, 426, 382, 426, 416, 427, 382, 427, 342, 427, 426, 427, 417, 427, 418, 427, 382, 418, 427, 428, 418, 428, 382, 428, 418, 429, 382, 429, 342, 429, 428, 429, 419, 429, 341, 429, 381, 429, 384, 420, 384, 425, 420, 425, 384, 430, 420, 430, 425, 430, 420, 431, 425, 431, 416, 431, 430, 431, 421, 431, 426, 431, 422, 431, 427, 431, 422, 427, 431, 432, 422, 432, 427, 432, 422, 433, 427, 433, 418, 433, 432, 433, 423, 433, 428, 433, 424, 433, 429, 433, 424, 429, 433, 434, 424, 434, 429, 434, 380, 424, 380, 429, 380, 434, 102, 436, 102, 475, 101, 436, 101, 475, 436, 475, 100, 436, 103, 475, 102, 435, 435, 475, 435, 436, 101, 476, 436, 476, 475, 476, 98, 477, 98, 436, 101, 477, 436, 477, 99, 477, 98, 437, 436, 437, 437, 477, 476, 477, 98, 438, 97, 438, 97, 477, 438, 477, 96, 438, 437, 438, 97, 478, 438, 478, 477, 478, 30, 479, 30, 438, 97, 479, 438, 479, 31, 479, 30, 439, 438, 439, 439, 479, 478, 479, 436, 481, 436, 440, 475, 481, 440, 475, 440, 481, 435, 440, 476, 481, 436, 441, 440, 441, 441, 481, 475, 480, 440, 480, 480, 481, 436, 442, 442, 477, 477, 481, 442, 481, 437, 442, 441, 442, 477, 482, 442, 482, 481, 482, 438, 483, 438, 442, 477, 483, 442, 483, 478, 483, 438, 443, 442, 443, 443, 483, 482, 483, 438, 444, 444, 479, 479, 483, 444, 483, 439, 444, 443, 444, 479, 484, 444, 484, 483, 484, 440, 446, 440, 485, 446, 481, 481, 485, 446, 485, 441, 446, 480, 485, 440, 445, 445, 485, 445, 446, 481, 486, 446, 486, 485, 486, 442, 487, 442, 446, 481, 487, 446, 487, 482, 487, 442, 447, 446, 447, 447, 487, 486, 487, 442, 448, 448, 483, 483, 487, 448, 487, 443, 448, 447, 448, 483, 488, 448, 488, 487, 488, 444, 489, 444, 448, 483, 489, 448, 489, 484, 489, 444, 449, 448, 449, 449, 489, 488, 489, 446, 491, 446, 450, 485, 491, 450, 485, 450, 491, 445, 450, 486, 491, 446, 451, 450, 451, 451, 491, 485, 490, 450, 490, 490, 491, 446, 452, 452, 487, 487, 491, 452, 491, 447, 452, 451, 452, 487, 492, 452, 492, 491, 492, 448, 493, 448, 452, 487, 493, 452, 493, 488, 493, 448, 453, 452, 453, 453, 493, 492, 493, 448, 454, 454, 489, 489, 493, 454, 493, 449, 454, 453, 454, 489, 494, 454, 494, 493, 494, 450, 456, 450, 495, 456, 491, 491, 495, 456, 495, 451, 456, 490, 495, 450, 455, 455, 495, 455, 456, 491, 496, 456, 496, 495, 496, 452, 497, 452, 456, 491, 497, 456, 497, 492, 497, 452, 457, 456, 457, 457, 497, 496, 497, 452, 458, 458, 493, 493, 497, 458, 497, 453, 458, 457, 458, 493, 498, 458, 498, 497, 498, 454, 499, 454, 458, 493, 499, 458, 499, 494, 499, 454, 459, 458, 459, 459, 499, 498, 499, 456, 501, 456, 460, 495, 501, 460, 495, 460, 501, 455, 460, 496, 501, 456, 461, 460, 461, 461, 501, 495, 500, 460, 500, 500, 501, 456, 462, 462, 497, 497, 501, 462, 501, 457, 462, 461, 462, 497, 502, 462, 502, 501, 502, 458, 503, 458, 462, 497, 503, 462, 503, 498, 503, 458, 463, 462, 463, 463, 503, 502, 503, 458, 464, 464, 499, 499, 503, 464, 503, 459, 464, 463, 464, 499, 504, 464, 504, 503, 504, 460, 466, 460, 505, 466, 501, 501, 505, 466, 505, 461, 466, 500, 505, 460, 465, 465, 505, 465, 466, 501, 506, 466, 506, 505, 506, 462, 507, 462, 466, 501, 507, 466, 507, 502, 507, 462, 467, 466, 467, 467, 507, 506, 507, 462, 468, 468, 503, 503, 507, 468, 507, 463, 468, 467, 468, 503, 508, 468, 508, 507, 508, 464, 509, 464, 468, 503, 509, 468, 509, 504, 509, 464, 469, 468, 469, 469, 509, 508, 509, 466, 511, 466, 470, 505, 511, 470, 505, 470, 511, 465, 470, 506, 511, 466, 471, 470, 471, 471, 511, 505, 510, 470, 510, 510, 511, 466, 472, 472, 507, 507, 511, 472, 511, 467, 472, 471, 472, 507, 512, 472, 512, 511, 512, 468, 513, 468, 472, 507, 513, 472, 513, 508, 513, 468, 473, 472, 473, 473, 513, 512, 513, 468, 474, 474, 509, 509, 513, 474, 513, 469, 474, 473, 474, 509, 514, 474, 514, 513, 514, 101, 516, 115, 516, 115, 475, 475, 516, 114, 516, 476, 516, 115, 515, 475, 515, 515, 516, 113, 477, 113, 516, 477, 516, 113, 517, 477, 517, 516, 517, 97, 518, 113, 518, 477, 518, 112, 518, 478, 518, 517, 518, 47, 479, 47, 518, 479, 518, 47, 519, 479, 519, 518, 519, 475, 520, 481, 516, 516, 520, 481, 520, 515, 520, 480, 520, 516, 521, 481, 521, 520, 521, 477, 522, 516, 522, 481, 522, 517, 522, 482, 522, 521, 522, 483, 518, 518, 522, 483, 522, 518, 523, 483, 523, 522, 523, 479, 524, 518, 524, 483, 524, 519, 524, 484, 524, 523, 524, 481, 526, 520, 526, 485, 520, 485, 526, 521, 526, 486, 526, 520, 525, 485, 525, 525, 526, 487, 522, 522, 526, 487, 526, 522, 527, 487, 527, 526, 527, 483, 528, 522, 528, 487, 528, 523, 528, 488, 528, 527, 528, 489, 524, 524, 528, 489, 528, 524, 529, 489, 529, 528, 529, 485, 530, 491, 526, 526, 530, 491, 530, 525, 530, 490, 530, 526, 531, 491, 531, 530, 531, 487, 532, 526, 532, 491, 532, 527, 532, 492, 532, 531, 532, 493, 528, 528, 532, 493, 532, 528, 533, 493, 533, 532, 533, 489, 534, 528, 534, 493, 534, 529, 534, 494, 534, 533, 534, 491, 536, 530, 536, 495, 530, 495, 536, 531, 536, 496, 536, 530, 535, 495, 535, 535, 536, 497, 532, 532, 536, 497, 536, 532, 537, 497, 537, 536, 537, 493, 538, 532, 538, 497, 538, 533, 538, 498, 538, 537, 538, 499, 534, 534, 538, 499, 538, 534, 539, 499, 539, 538, 539, 495, 540, 501, 536, 536, 540, 501, 540, 535, 540, 500, 540, 536, 541, 501, 541, 540, 541, 497, 542, 536, 542, 501, 542, 537, 542, 502, 542, 541, 542, 503, 538, 538, 542, 503, 542, 538, 543, 503, 543, 542, 543, 499, 544, 538, 544, 503, 544, 539, 544, 504, 544, 543, 544, 501, 546, 540, 546, 505, 540, 505, 546, 541, 546, 506, 546, 540, 545, 505, 545, 545, 546, 507, 542, 542, 546, 507, 546, 542, 547, 507, 547, 546, 547, 503, 548, 542, 548, 507, 548, 543, 548, 508, 548, 547, 548, 509, 544, 544, 548, 509, 548, 544, 549, 509, 549, 548, 549, 505, 550, 511, 546, 546, 550, 511, 550, 545, 550, 510, 550, 546, 551, 511, 551, 550, 551, 507, 552, 546, 552, 511, 552, 547, 552, 512, 552, 551, 552, 513, 548, 548, 552, 513, 552, 548, 553, 513, 553, 552, 553, 509, 554, 548, 554, 513, 554, 549, 554, 514, 554, 553, 554, 115, 555, 126, 516, 126, 555, 516, 555, 127, 555, 515, 555, 126, 556, 516, 556, 555, 556, 113, 557, 126, 557, 516, 557, 125, 557, 517, 557, 556, 557, 124, 518, 124, 557, 518, 557, 124, 558, 518, 558, 557, 558, 47, 559, 124, 559, 518, 559, 63, 559, 519, 559, 558, 559, 516, 561, 555, 561, 520, 555, 520, 561, 556, 561, 521, 561, 555, 560, 520, 560, 560, 561, 522, 557, 557, 561, 522, 561, 557, 562, 522, 562, 561, 562, 518, 563, 557, 563, 522, 563, 558, 563, 523, 563, 562, 563, 524, 559, 559, 563, 524, 563, 559, 564, 524, 564, 563, 564, 520, 565, 526, 561, 561, 565, 526, 565, 560, 565, 525, 565, 561, 566, 526, 566, 565, 566, 522, 567, 561, 567, 526, 567, 562, 567, 527, 567, 566, 567, 528, 563, 563, 567, 528, 567, 563, 568, 528, 568, 567, 568, 524, 569, 563, 569, 528, 569, 564, 569, 529, 569, 568, 569, 526, 571, 565, 571, 530, 565, 530, 571, 566, 571, 531, 571, 565, 570, 530, 570, 570, 571, 532, 567, 567, 571, 532, 571, 567, 572, 532, 572, 571, 572, 528, 573, 567, 573, 532, 573, 568, 573, 533, 573, 572, 573, 534, 569, 569, 573, 534, 573, 569, 574, 534, 574, 573, 574, 530, 575, 536, 571, 571, 575, 536, 575, 570, 575, 535, 575, 571, 576, 536, 576, 575, 576, 532, 577, 571, 577, 536, 577, 572, 577, 537, 577, 576, 577, 538, 573, 573, 577, 538, 577, 573, 578, 538, 578, 577, 578, 534, 579, 573, 579, 538, 579, 574, 579, 539, 579, 578, 579, 536, 581, 575, 581, 540, 575, 540, 581, 576, 581, 541, 581, 575, 580, 540, 580, 580, 581, 542, 577, 577, 581, 542, 581, 577, 582, 542, 582, 581, 582, 538, 583, 577, 583, 542, 583, 578, 583, 543, 583, 582, 583, 544, 579, 579, 583, 544, 583, 579, 584, 544, 584, 583, 584, 540, 585, 546, 581, 581, 585, 546, 585, 580, 585, 545, 585, 581, 586, 546, 586, 585, 586, 542, 587, 581, 587, 546, 587, 582, 587, 547, 587, 586, 587, 548, 583, 583, 587, 548, 587, 583, 588, 548, 588, 587, 588, 544, 589, 583, 589, 548, 589, 584, 589, 549, 589, 588, 589, 546, 591, 585, 591, 550, 585, 550, 591, 586, 591, 551, 591, 585, 590, 550, 590, 590, 591, 552, 587, 587, 591, 552, 591, 587, 592, 552, 592, 591, 592, 548, 593, 587, 593, 552, 593, 588, 593, 553, 593, 592, 593, 554, 589, 589, 593, 554, 593, 589, 594, 554, 594, 593, 594, 126, 596, 139, 596, 139, 555, 555, 596, 138, 596, 556, 596, 139, 595, 555, 595, 595, 596, 137, 557, 137, 596, 557, 596, 137, 597, 557, 597, 596, 597, 124, 598, 137, 598, 557, 598, 136, 598, 558, 598, 597, 598, 79, 559, 79, 598, 559, 598, 79, 599, 559, 599, 598, 599, 555, 600, 561, 596, 596, 600, 561, 600, 595, 600, 560, 600, 596, 601, 561, 601, 600, 601, 557, 602, 596, 602, 561, 602, 597, 602, 562, 602, 601, 602, 563, 598, 598, 602, 563, 602, 598, 603, 563, 603, 602, 603, 559, 604, 598, 604, 563, 604, 599, 604, 564, 604, 603, 604, 561, 606, 600, 606, 565, 600, 565, 606, 601, 606, 566, 606, 600, 605, 565, 605, 605, 606, 567, 602, 602, 606, 567, 606, 602, 607, 567, 607, 606, 607, 563, 608, 602, 608, 567, 608, 603, 608, 568, 608, 607, 608, 569, 604, 604, 608, 569, 608, 604, 609, 569, 609, 608, 609, 565, 610, 571, 606, 606, 610, 571, 610, 605, 610, 570, 610, 606, 611, 571, 611, 610, 611, 567, 612, 606, 612, 571, 612, 607, 612, 572, 612, 611, 612, 573, 608, 608, 612, 573, 612, 608, 613, 573, 613, 612, 613, 569, 614, 608, 614, 573, 614, 609, 614, 574, 614, 613, 614, 571, 616, 610, 616, 575, 610, 575, 616, 611, 616, 576, 616, 610, 615, 575, 615, 615, 616, 577, 612, 612, 616, 577, 616, 612, 617, 577, 617, 616, 617, 573, 618, 612, 618, 577, 618, 613, 618, 578, 618, 617, 618, 579, 614, 614, 618, 579, 618, 614, 619, 579, 619, 618, 619, 575, 620, 581, 616, 616, 620, 581, 620, 615, 620, 580, 620, 616, 621, 581, 621, 620, 621, 577, 622, 616, 622, 581, 622, 617, 622, 582, 622, 621, 622, 583, 618, 618, 622, 583, 622, 618, 623, 583, 623, 622, 623, 579, 624, 618, 624, 583, 624, 619, 624, 584, 624, 623, 624, 581, 626, 620, 626, 585, 620, 585, 626, 621, 626, 586, 626, 620, 625, 585, 625, 625, 626, 587, 622, 622, 626, 587, 626, 622, 627, 587, 627, 626, 627, 583, 628, 622, 628, 587, 628, 623, 628, 588, 628, 627, 628, 589, 624, 624, 628, 589, 628, 624, 629, 589, 629, 628, 629, 585, 630, 591, 626, 626, 630, 591, 630, 625, 630, 590, 630, 626, 631, 591, 631, 630, 631, 587, 632, 626, 632, 591, 632, 627, 632, 592, 632, 631, 632, 593, 628, 628, 632, 593, 632, 628, 633, 593, 633, 632, 633, 589, 634, 628, 634, 593, 634, 629, 634, 594, 634, 633, 634, 472, 635, 513, 635, 512, 635, 473, 635, 513, 636, 635, 636, 512, 636, 635, 638, 512, 638, 472, 638, 636, 638, 635, 637, 472, 637, 637, 638, 472, 639, 638, 639, 512, 639, 637, 639, 638, 640, 639, 640, 512, 640, 639, 642, 512, 642, 472, 642, 640, 642, 639, 641, 472, 641, 641, 642, 472, 643, 642, 643, 512, 643, 641, 643, 642, 644, 643, 644, 512, 644, 511, 643, 511, 644, 471, 643, 474, 646, 474, 635, 513, 646, 635, 646, 514, 646, 474, 645, 635, 645, 645, 646, 636, 646, 635, 647, 646, 647, 638, 646, 638, 647, 645, 647, 637, 647, 646, 648, 647, 648, 638, 648, 647, 650, 639, 647, 638, 650, 639, 650, 648, 650, 647, 649, 639, 649, 649, 650, 640, 650, 639, 651, 650, 651, 642, 650, 642, 651, 649, 651, 641, 651, 650, 652, 651, 652, 642, 652, 651, 654, 643, 651, 642, 654, 643, 654, 652, 654, 651, 653, 643, 653, 653, 654, 644, 654, 470, 643, 470, 654, 511, 654, 470, 653, 510, 654, 513, 655, 552, 655, 512, 655, 553, 655, 636, 655, 638, 655, 552, 638, 655, 656, 638, 656, 552, 656, 638, 657, 552, 657, 512, 657, 656, 657, 640, 657, 642, 657, 552, 642, 657, 658, 642, 658, 552, 658, 642, 659, 552, 659, 512, 659, 658, 659, 644, 659, 511, 659, 551, 659, 554, 646, 554, 655, 646, 655, 554, 660, 646, 660, 655, 660, 646, 661, 655, 661, 638, 661, 660, 661, 648, 661, 656, 661, 650, 661, 657, 661, 650, 657, 661, 662, 650, 662, 657, 662, 650, 663, 657, 663, 642, 663, 662, 663, 652, 663, 658, 663, 654, 663, 659, 663, 654, 659, 663, 664, 654, 664, 659, 664, 550, 654, 550, 659, 550, 664, 593, 655, 592, 655, 593, 665, 655, 665, 592, 665, 655, 666, 592, 666, 552, 666, 665, 666, 656, 666, 657, 666, 592, 657, 666, 667, 657, 667, 592, 667, 657, 668, 592, 668, 552, 668, 667, 668, 658, 668, 659, 668, 592, 659, 668, 669, 659, 669, 592, 669, 591, 659, 591, 669, 554, 670, 593, 670, 655, 670, 594, 670, 660, 670, 665, 670, 661, 670, 666, 670, 661, 666, 670, 671, 661, 671, 666, 671, 661, 672, 666, 672, 657, 672, 671, 672, 662, 672, 667, 672, 663, 672, 668, 672, 663, 668, 672, 673, 663, 673, 668, 673, 663, 674, 668, 674, 659, 674, 673, 674, 664, 674, 669, 674, 550, 674, 591, 674, 590, 674, 593, 675, 632, 675, 592, 675, 633, 675, 665, 675, 666, 675, 632, 666, 675, 676, 666, 676, 632, 676, 666, 677, 632, 677, 592, 677, 676, 677, 667, 677, 668, 677, 632, 668, 677, 678, 668, 678, 632, 678, 668, 679, 632, 679, 592, 679, 678, 679, 669, 679, 591, 679, 631, 679, 634, 670, 634, 675, 670, 675, 634, 680, 670, 680, 675, 680, 670, 681, 675, 681, 666, 681, 680, 681, 671, 681, 676, 681, 672, 681, 677, 681, 672, 677, 681, 682, 672, 682, 677, 682, 672, 683, 677, 683, 668, 683, 682, 683, 673, 683, 678, 683, 674, 683, 679, 683, 674, 679, 683, 684, 674, 684, 679, 684, 630, 674, 630, 679, 630, 684, 22, 686, 22, 725, 157, 686, 157, 725, 686, 725, 156, 686, 23, 725, 22, 685, 685, 725, 685, 686, 157, 726, 686, 726, 725, 726, 154, 727, 154, 686, 157, 727, 686, 727, 155, 727, 154, 687, 686, 687, 687, 727, 726, 727, 154, 688, 153, 688, 153, 727, 688, 727, 152, 688, 687, 688, 153, 728, 688, 728, 727, 728, 102, 729, 102, 688, 153, 729, 688, 729, 103, 729, 102, 689, 688, 689, 689, 729, 728, 729, 686, 731, 686, 690, 725, 731, 690, 725, 690, 731, 685, 690, 726, 731, 686, 691, 690, 691, 691, 731, 725, 730, 690, 730, 730, 731, 686, 692, 692, 727, 727, 731, 692, 731, 687, 692, 691, 692, 727, 732, 692, 732, 731, 732, 688, 733, 688, 692, 727, 733, 692, 733, 728, 733, 688, 693, 692, 693, 693, 733, 732, 733, 688, 694, 694, 729, 729, 733, 694, 733, 689, 694, 693, 694, 729, 734, 694, 734, 733, 734, 690, 696, 690, 735, 696, 731, 731, 735, 696, 735, 691, 696, 730, 735, 690, 695, 695, 735, 695, 696, 731, 736, 696, 736, 735, 736, 692, 737, 692, 696, 731, 737, 696, 737, 732, 737, 692, 697, 696, 697, 697, 737, 736, 737, 692, 698, 698, 733, 733, 737, 698, 737, 693, 698, 697, 698, 733, 738, 698, 738, 737, 738, 694, 739, 694, 698, 733, 739, 698, 739, 734, 739, 694, 699, 698, 699, 699, 739, 738, 739, 696, 741, 696, 700, 735, 741, 700, 735, 700, 741, 695, 700, 736, 741, 696, 701, 700, 701, 701, 741, 735, 740, 700, 740, 740, 741, 696, 702, 702, 737, 737, 741, 702, 741, 697, 702, 701, 702, 737, 742, 702, 742, 741, 742, 698, 743, 698, 702, 737, 743, 702, 743, 738, 743, 698, 703, 702, 703, 703, 743, 742, 743, 698, 704, 704, 739, 739, 743, 704, 743, 699, 704, 703, 704, 739, 744, 704, 744, 743, 744, 700, 706, 700, 745, 706, 741, 741, 745, 706, 745, 701, 706, 740, 745, 700, 705, 705, 745, 705, 706, 741, 746, 706, 746, 745, 746, 702, 747, 702, 706, 741, 747, 706, 747, 742, 747, 702, 707, 706, 707, 707, 747, 746, 747, 702, 708, 708, 743, 743, 747, 708, 747, 703, 708, 707, 708, 743, 748, 708, 748, 747, 748, 704, 749, 704, 708, 743, 749, 708, 749, 744, 749, 704, 709, 708, 709, 709, 749, 748, 749, 706, 751, 706, 710, 745, 751, 710, 745, 710, 751, 705, 710, 746, 751, 706, 711, 710, 711, 711, 751, 745, 750, 710, 750, 750, 751, 706, 712, 712, 747, 747, 751, 712, 751, 707, 712, 711, 712, 747, 752, 712, 752, 751, 752, 708, 753, 708, 712, 747, 753, 712, 753, 748, 753, 708, 713, 712, 713, 713, 753, 752, 753, 708, 714, 714, 749, 749, 753, 714, 753, 709, 714, 713, 714, 749, 754, 714, 754, 753, 754, 710, 716, 710, 755, 716, 751, 751, 755, 716, 755, 711, 716, 750, 755, 710, 715, 715, 755, 715, 716, 751, 756, 716, 756, 755, 756, 712, 757, 712, 716, 751, 757, 716, 757, 752, 757, 712, 717, 716, 717, 717, 757, 756, 757, 712, 718, 718, 753, 753, 757, 718, 757, 713, 718, 717, 718, 753, 758, 718, 758, 757, 758, 714, 759, 714, 718, 753, 759, 718, 759, 754, 759, 714, 719, 718, 719, 719, 759, 758, 759, 716, 761, 716, 720, 755, 761, 720, 755, 720, 761, 715, 720, 756, 761, 716, 721, 720, 721, 721, 761, 755, 760, 720, 760, 760, 761, 716, 722, 722, 757, 757, 761, 722, 761, 717, 722, 721, 722, 757, 762, 722, 762, 761, 762, 718, 763, 718, 722, 757, 763, 722, 763, 758, 763, 718, 723, 722, 723, 723, 763, 762, 763, 718, 724, 724, 759, 759, 763, 724, 763, 719, 724, 723, 724, 759, 764, 724, 764, 763, 764, 157, 766, 43, 766, 43, 725, 725, 766, 166, 766, 726, 766, 43, 765, 725, 765, 765, 766, 165, 727, 165, 766, 727, 766, 165, 767, 727, 767, 766, 767, 153, 768, 165, 768, 727, 768, 164, 768, 728, 768, 767, 768, 115, 729, 115, 768, 729, 768, 115, 769, 729, 769, 768, 769, 725, 770, 731, 766, 766, 770, 731, 770, 765, 770, 730, 770, 766, 771, 731, 771, 770, 771, 727, 772, 766, 772, 731, 772, 767, 772, 732, 772, 771, 772, 733, 768, 768, 772, 733, 772, 768, 773, 733, 773, 772, 773, 729, 774, 768, 774, 733, 774, 769, 774, 734, 774, 773, 774, 731, 776, 770, 776, 735, 770, 735, 776, 771, 776, 736, 776, 770, 775, 735, 775, 775, 776, 737, 772, 772, 776, 737, 776, 772, 777, 737, 777, 776, 777, 733, 778, 772, 778, 737, 778, 773, 778, 738, 778, 777, 778, 739, 774, 774, 778, 739, 778, 774, 779, 739, 779, 778, 779, 735, 780, 741, 776, 776, 780, 741, 780, 775, 780, 740, 780, 776, 781, 741, 781, 780, 781, 737, 782, 776, 782, 741, 782, 777, 782, 742, 782, 781, 782, 743, 778, 778, 782, 743, 782, 778, 783, 743, 783, 782, 783, 739, 784, 778, 784, 743, 784, 779, 784, 744, 784, 783, 784, 741, 786, 780, 786, 745, 780, 745, 786, 781, 786, 746, 786, 780, 785, 745, 785, 785, 786, 747, 782, 782, 786, 747, 786, 782, 787, 747, 787, 786, 787, 743, 788, 782, 788, 747, 788, 783, 788, 748, 788, 787, 788, 749, 784, 784, 788, 749, 788, 784, 789, 749, 789, 788, 789, 745, 790, 751, 786, 786, 790, 751, 790, 785, 790, 750, 790, 786, 791, 751, 791, 790, 791, 747, 792, 786, 792, 751, 792, 787, 792, 752, 792, 791, 792, 753, 788, 788, 792, 753, 792, 788, 793, 753, 793, 792, 793, 749, 794, 788, 794, 753, 794, 789, 794, 754, 794, 793, 794, 751, 796, 790, 796, 755, 790, 755, 796, 791, 796, 756, 796, 790, 795, 755, 795, 795, 796, 757, 792, 792, 796, 757, 796, 792, 797, 757, 797, 796, 797, 753, 798, 792, 798, 757, 798, 793, 798, 758, 798, 797, 798, 759, 794, 794, 798, 759, 798, 794, 799, 759, 799, 798, 799, 755, 800, 761, 796, 796, 800, 761, 800, 795, 800, 760, 800, 796, 801, 761, 801, 800, 801, 757, 802, 796, 802, 761, 802, 797, 802, 762, 802, 801, 802, 763, 798, 798, 802, 763, 802, 798, 803, 763, 803, 802, 803, 759, 804, 798, 804, 763, 804, 799, 804, 764, 804, 803, 804, 43, 805, 175, 766, 175, 805, 766, 805, 59, 805, 765, 805, 175, 806, 766, 806, 805, 806, 165, 807, 175, 807, 766, 807, 174, 807, 767, 807, 806, 807, 173, 768, 173, 807, 768, 807, 173, 808, 768, 808, 807, 808, 115, 809, 173, 809, 768, 809, 127, 809, 769, 809, 808, 809, 766, 811, 805, 811, 770, 805, 770, 811, 806, 811, 771, 811, 805, 810, 770, 810, 810, 811, 772, 807, 807, 811, 772, 811, 807, 812, 772, 812, 811, 812, 768, 813, 807, 813, 772, 813, 808, 813, 773, 813, 812, 813, 774, 809, 809, 813, 774, 813, 809, 814, 774, 814, 813, 814, 770, 815, 776, 811, 811, 815, 776, 815, 810, 815, 775, 815, 811, 816, 776, 816, 815, 816, 772, 817, 811, 817, 776, 817, 812, 817, 777, 817, 816, 817, 778, 813, 813, 817, 778, 817, 813, 818, 778, 818, 817, 818, 774, 819, 813, 819, 778, 819, 814, 819, 779, 819, 818, 819, 776, 821, 815, 821, 780, 815, 780, 821, 816, 821, 781, 821, 815, 820, 780, 820, 820, 821, 782, 817, 817, 821, 782, 821, 817, 822, 782, 822, 821, 822, 778, 823, 817, 823, 782, 823, 818, 823, 783, 823, 822, 823, 784, 819, 819, 823, 784, 823, 819, 824, 784, 824, 823, 824, 780, 825, 786, 821, 821, 825, 786, 825, 820, 825, 785, 825, 821, 826, 786, 826, 825, 826, 782, 827, 821, 827, 786, 827, 822, 827, 787, 827, 826, 827, 788, 823, 823, 827, 788, 827, 823, 828, 788, 828, 827, 828, 784, 829, 823, 829, 788, 829, 824, 829, 789, 829, 828, 829, 786, 831, 825, 831, 790, 825, 790, 831, 826, 831, 791, 831, 825, 830, 790, 830, 830, 831, 792, 827, 827, 831, 792, 831, 827, 832, 792, 832, 831, 832, 788, 833, 827, 833, 792, 833, 828, 833, 793, 833, 832, 833, 794, 829, 829, 833, 794, 833, 829, 834, 794, 834, 833, 834, 790, 835, 796, 831, 831, 835, 796, 835, 830, 835, 795, 835, 831, 836, 796, 836, 835, 836, 792, 837, 831, 837, 796, 837, 832, 837, 797, 837, 836, 837, 798, 833, 833, 837, 798, 837, 833, 838, 798, 838, 837, 838, 794, 839, 833, 839, 798, 839, 834, 839, 799, 839, 838, 839, 796, 841, 835, 841, 800, 835, 800, 841, 836, 841, 801, 841, 835, 840, 800, 840, 840, 841, 802, 837, 837, 841, 802, 841, 837, 842, 802, 842, 841, 842, 798, 843, 837, 843, 802, 843, 838, 843, 803, 843, 842, 843, 804, 839, 839, 843, 804, 843, 839, 844, 804, 844, 843, 844, 175, 846, 75, 846, 75, 805, 805, 846, 184, 846, 806, 846, 75, 845, 805, 845, 845, 846, 183, 807, 183, 846, 807, 846, 183, 847, 807, 847, 846, 847, 173, 848, 183, 848, 807, 848, 182, 848, 808, 848, 847, 848, 139, 809, 139, 848, 809, 848, 139, 849, 809, 849, 848, 849, 805, 850, 811, 846, 846, 850, 811, 850, 845, 850, 810, 850, 846, 851, 811, 851, 850, 851, 807, 852, 846, 852, 811, 852, 847, 852, 812, 852, 851, 852, 813, 848, 848, 852, 813, 852, 848, 853, 813, 853, 852, 853, 809, 854, 848, 854, 813, 854, 849, 854, 814, 854, 853, 854, 811, 856, 850, 856, 815, 850, 815, 856, 851, 856, 816, 856, 850, 855, 815, 855, 855, 856, 817, 852, 852, 856, 817, 856, 852, 857, 817, 857, 856, 857, 813, 858, 852, 858, 817, 858, 853, 858, 818, 858, 857, 858, 819, 854, 854, 858, 819, 858, 854, 859, 819, 859, 858, 859, 815, 860, 821, 856, 856, 860, 821, 860, 855, 860, 820, 860, 856, 861, 821, 861, 860, 861, 817, 862, 856, 862, 821, 862, 857, 862, 822, 862, 861, 862, 823, 858, 858, 862, 823, 862, 858, 863, 823, 863, 862, 863, 819, 864, 858, 864, 823, 864, 859, 864, 824, 864, 863, 864, 821, 866, 860, 866, 825, 860, 825, 866, 861, 866, 826, 866, 860, 865, 825, 865, 865, 866, 827, 862, 862, 866, 827, 866, 862, 867, 827, 867, 866, 867, 823, 868, 862, 868, 827, 868, 863, 868, 828, 868, 867, 868, 829, 864, 864, 868, 829, 868, 864, 869, 829, 869, 868, 869, 825, 870, 831, 866, 866, 870, 831, 870, 865, 870, 830, 870, 866, 871, 831, 871, 870, 871, 827, 872, 866, 872, 831, 872, 867, 872, 832, 872, 871, 872, 833, 868, 868, 872, 833, 872, 868, 873, 833, 873, 872, 873, 829, 874, 868, 874, 833, 874, 869, 874, 834, 874, 873, 874, 831, 876, 870, 876, 835, 870, 835, 876, 871, 876, 836, 876, 870, 875, 835, 875, 875, 876, 837, 872, 872, 876, 837, 876, 872, 877, 837, 877, 876, 877, 833, 878, 872, 878, 837, 878, 873, 878, 838, 878, 877, 878, 839, 874, 874, 878, 839, 878, 874, 879, 839, 879, 878, 879, 835, 880, 841, 876, 876, 880, 841, 880, 875, 880, 840, 880, 876, 881, 841, 881, 880, 881, 837, 882, 876, 882, 841, 882, 877, 882, 842, 882, 881, 882, 843, 878, 878, 882, 843, 882, 878, 883, 843, 883, 882, 883, 839, 884, 878, 884, 843, 884, 879, 884, 844, 884, 883, 884, 722, 885, 763, 885, 762, 885, 723, 885, 763, 886, 885, 886, 762, 886, 885, 888, 762, 888, 722, 888, 886, 888, 885, 887, 722, 887, 887, 888, 722, 889, 888, 889, 762, 889, 887, 889, 888, 890, 889, 890, 762, 890, 889, 892, 762, 892, 722, 892, 890, 892, 889, 891, 722, 891, 891, 892, 722, 893, 892, 893, 762, 893, 891, 893, 892, 894, 893, 894, 762, 894, 761, 893, 761, 894, 721, 893, 724, 896, 724, 885, 763, 896, 885, 896, 764, 896, 724, 895, 885, 895, 895, 896, 886, 896, 885, 897, 896, 897, 888, 896, 888, 897, 895, 897, 887, 897, 896, 898, 897, 898, 888, 898, 897, 900, 889, 897, 888, 900, 889, 900, 898, 900, 897, 899, 889, 899, 899, 900, 890, 900, 889, 901, 900, 901, 892, 900, 892, 901, 899, 901, 891, 901, 900, 902, 901, 902, 892, 902, 901, 904, 893, 901, 892, 904, 893, 904, 902, 904, 901, 903, 893, 903, 903, 904, 894, 904, 720, 893, 720, 904, 761, 904, 720, 903, 760, 904, 763, 905, 802, 905, 762, 905, 803, 905, 886, 905, 888, 905, 802, 888, 905, 906, 888, 906, 802, 906, 888, 907, 802, 907, 762, 907, 906, 907, 890, 907, 892, 907, 802, 892, 907, 908, 892, 908, 802, 908, 892, 909, 802, 909, 762, 909, 908, 909, 894, 909, 761, 909, 801, 909, 804, 896, 804, 905, 896, 905, 804, 910, 896, 910, 905, 910, 896, 911, 905, 911, 888, 911, 910, 911, 898, 911, 906, 911, 900, 911, 907, 911, 900, 907, 911, 912, 900, 912, 907, 912, 900, 913, 907, 913, 892, 913, 912, 913, 902, 913, 908, 913, 904, 913, 909, 913, 904, 909, 913, 914, 904, 914, 909, 914, 800, 904, 800, 909, 800, 914, 843, 905, 842, 905, 843, 915, 905, 915, 842, 915, 905, 916, 842, 916, 802, 916, 915, 916, 906, 916, 907, 916, 842, 907, 916, 917, 907, 917, 842, 917, 907, 918, 842, 918, 802, 918, 917, 918, 908, 918, 909, 918, 842, 909, 918, 919, 909, 919, 842, 919, 841, 909, 841, 919, 804, 920, 843, 920, 905, 920, 844, 920, 910, 920, 915, 920, 911, 920, 916, 920, 911, 916, 920, 921, 911, 921, 916, 921, 911, 922, 916, 922, 907, 922, 921, 922, 912, 922, 917, 922, 913, 922, 918, 922, 913, 918, 922, 923, 913, 923, 918, 923, 913, 924, 918, 924, 909, 924, 923, 924, 914, 924, 919, 924, 800, 924, 841, 924, 840, 924, 843, 925, 882, 925, 842, 925, 883, 925, 915, 925, 916, 925, 882, 916, 925, 926, 916, 926, 882, 926, 916, 927, 882, 927, 842, 927, 926, 927, 917, 927, 918, 927, 882, 918, 927, 928, 918, 928, 882, 928, 918, 929, 882, 929, 842, 929, 928, 929, 919, 929, 841, 929, 881, 929, 884, 920, 884, 925, 920, 925, 884, 930, 920, 930, 925, 930, 920, 931, 925, 931, 916, 931, 930, 931, 921, 931, 926, 931, 922, 931, 927, 931, 922, 927, 931, 932, 922, 932, 927, 932, 922, 933, 927, 933, 918, 933, 932, 933, 923, 933, 928, 933, 924, 933, 929, 933, 924, 929, 933, 934, 924, 934, 929, 934, 880, 924, 880, 929, 880, 934]
            double[] spring_rest_direction = [0, 0, 0, 0, 0, 0, 0, 0, 0, 0, 0, 0, 0, 0, 0, 0, 0, 0, 0, 0, 0, 0, 0, 0, 0, 0, 0, 0, 0, 0, 0, 0, 0, 0, 0, 0, 0, 0, 0, 0, 0, 0, 0, 0, 0, 0, 0, 0, 0, 0, 0, 0, 0, 0, 0, 0, 0, 0, 0, 0, 0, 0, 0, 0, 0, 0, 0, 0, 0, 0, 0, 0, 0, 0, 0, 0, 0, 0, 0, 0, 0, 0, 0, 0, 0, 0, 0, 0, 0, 0, 0, 0, 0, 0, 0, 0, 0, 0, 0, 0, 0, 0, 0, 0, 0, 0, 0, 0, 0, 0, 0, 0, 0, 0, 0, 0, 0, 0, 0, 0, 0, 0, 0, 0, 0, 0, 0, 0, 0, 0, 0, 0, 0, 0, 0, 0, 0, 0, 0, 0, 0, 0, 0, 0, 0, 0, 0, 0, 0, 0, 0, 0, 0, 0, 0, 0, 0, 0, 0, 0, 0, 0, 0, 0, 0, 0, 0, 0, 0, 0, 0, 0, 0, 0, 0, 0, 0, 0, 0, 0, 0, 0, 0, 0, 0, 0, 0, 0, 0, 0, 0, 0, 0, 0, 0, 0, 0, 0, 0, 0, 0, 0, 0, 0, 0, 0, 0, 0, 0, 0, 0, 0, 0, 0, 0, 0, 0, 0, 0, 0, 0, 0, 0, 0, 0, 0, 0, 0, 0, 0, 0, 0, 0, 0, 0, 0, 0, 0, 0, 0, 0, 0, 0, 0, 0, 0, 0, 0, 0, 0, 0, 0, 0, 0, 0, 0, 0, 0, 0, 0, 0, 0, 0, 0, 0, 0, 0, 0, 0, 0, 0, 0, 0, 0, 0, 0, 0, 0, 0, 0, 0, 0, 0, 0, 0, 0, 0, 0, 0, 0, 0, 0, 0, 0, 0, 0, 0, 0, 0, 0, 0, 0, 0, 0, 0, 0, 0, 0, 0, 0, 0, 0, 0, 0, 0, 0, 0, 0, 0, 0, 0, 0, 0, 0, 0, 0, 0, 0, 0, 0, 0, 0, 0, 0, 0, 0, 0, 0, 0, 0, 0, 0, 0, 0, 0, 0, 0, 0, 0, 0, 0, 0, 0, 0, 0, 0, 0, 0, 0, 0, 0, 0, 0, 0, 0, 0, 0, 0, 0, 0, 0, 0, 0, 0, 0, 0, 0, 0, 0, 0, 0, 0, 0, 0, 0, 0, 0, 0, 0, 0, 0, 0, 0, 0, 0, 0, 0, 0, 0, 0, 0, 0, 0, 0, 0, 0, 0, 0, 0, 0, 0, 0, 0, 0, 0, 0, 0, 0, 0, 0, 0, 0, 0, 0, 0, 0, 0, 0, 0, 0, 0, 0, 0, 0, 0, 0, 0, 0, 0, 0, 0, 0, 0, 0, 0, 0, 0, 0, 0, 0, 0, 0, 0, 0, 0, 0, 0, 0, 0, 0, 0, 0, 0, 0, 0, 0, 0, 0, 0, 0, 0, 0, 0, 0, 0, 0, 0, 0, 0, 0, 0, 0, 0, 0, 0, 0, 0, 0, 0, 0, 0, 0, 0, 0, 0, 0, 0, 0, 0, 0, 0, 0, 0, 0, 0, 0, 0, 0, 0, 0, -1, 0, 0, 0, 0, 0, 0, 0, 0, 0, 0, 0, 0, 0, 0, 0, 0, 0, -1, 0, 0, 0, 0, 0, 0, 0, 0, 0, 0, 0, 0, 0, 0, 0, 0, 0, -1, 0, 0, 0, 0, 0, 0, 0, 0, 0, 0, 0, 0, 0, 0, 0, 0, 0, -1, 0, 0, 0, 0, 0, 0, 0, 0, 0, 0, 0, 0, 0, 0, 0, 0, 0, 0, 0, 0, 0, 0, 0, 0, 0, 0, 0, 0, 0, 0, 0, 0, 0, 0, 0, 0, 0, 0, 0, 0, 0, 0, 0, 0, 0, 0, 0, 0, 0, 0, 0, 0, 0, 0, 0, 0, 0, 0, 0, 0, 0, 0, 0, 0, 0, 0, 0, 0, 0, 0, 0, 0, 0, 0, 0, 0, 0, 0, 0, 0, 0, 0, 0, 0, 0, 0, 0, 0, 0, 0, 0, 0, 0, 0, 0, 0, 0, 0, 0, 0, 0, 0, 0, 0, 0, 0, 0, 0, 0, 0, 0, 0, 0, 0, 0, 0, 0, 0, 0, 0, 0, 0, 0, 0, 0, 0, 0, 0, 0, 0, 0, 0, 0, 0, 0, 0, 0, 0, 0, 0, 0, 0, 0, 0, 0, 0, 0, 0, 0, 0, 0, 0, 0, 0, 0, 0, 0, 0, 0, 0, 0, 0, 0, 0, 0, 0, 0, 0, 0, 0, 0, 0, 0, 0, 0, 0, -1, 0, 0, 0, 0, 0, 0, 0, 0, 0, 0, 0, 0, 0, 0, 0, 0, 0, 0, 0, 0, -1, 0, 0, 0, 0, 0, 0, 0, 0, 0, 0, 0, 0, 0, 0, 0, 0, 0, -1, 0, 0, 0, 0, 0, 0, 0, 0, 0, 0, 0, 0, 0, 0, 0, 0, 0, -1, 0, 0, 0, 0, 0, 0, 0, 0, 0, 0, 0, 0, 0, 0, 0, 0, 0, 0, 0, 0, 0, 0, 0, 0, 0, 0, 0, 0, 0, 0, 0, 0, 0, 0, 0, 0, 0, 0, 0, 0, 0, 0, 0, 0, 0, 0, 0, 0, 0, 0, 0, 0, 0, 0, 0, 0, 0, 0, 0, 0, 0, 0, 0, 0, 0, 0, 0, 0, 0, 0, 0, 0, 0, 0, 0, 0, 0, 0, 0, 0, 0, 0, 0, 0, 0, 0, 0, 0, 0, 0, 0, 0, 0, 0, 0, 0, 0, 0, 0, 0, 0, 0, 0, 0, 0, 0, 0, 0, 0, 0, 0, 0, 0, 0, 0, 0, 0, 0, 0, 0, 0, 0, 0, 0, 0, 0, 0, 0, 0, 0, 0, 0, 0, 0, 0, 0, 0, 0, 0, 0, 0, 0, 0, 0, 0, 0, 0, 0, 0, 0, 0, 0, 0, 0, 0, 0, 0, 0, 0, 0, 0, 0, 0, 0, 0, 0, 0, 0, 0, 0, 0, 0, 0, 0, 0, 0, 0, 0, 0, 0, 0, 0, 0, 0, 0, 0, 0, 0, 0, 0, 0, 0, 0, 0, 0, 0, 0, -1, 0, 0, 0, 0, 0, 0, 0, 0, 0, 0, 0, 0, 0, 0, 0, 0, 0, -1, 0, 0, 0, 0, 0, 0, 0, 0, 0, 0, 0, 0, 0, 0, 0, 0, 0, 0, 0, 0, 0, 0, 0, 0, 0, 0, 0, 0, 0, 0, 0, 0, 0, 0, 0, 0, 0, 0, 0, 0, 0, 0, 0, 0, 0, 0, 0, 0, 0, 0, 0, 0, 0, 0, 0, 0, 0, 0, 0, 0, 0, 0, 0, 0, 0, 0, 0, 0, 0, 0, 0, 0, 0, 0, 0, 0, 0, 0, 0, 0, 0, 0, 0, 0, 0, 0, 0, 0, 0, 0, 0, 0, 0, 0, 0, 0, 0, 0, 0, 0, 0, 0, 0, 0, 0, 0, 0, 0, 0, 0, 0, 0, 0, 0, 0, 0, 0, 0, 0, 0, 0, 0, 0, 0, 0, 0, 0, 0, 0, 0, 0, 0, 0, 0, 0, 0, 0, 0, 0, 0, 0, 0, 0, 0, 0, 0, 0, 0, 0, 0, 0, 0, 0, 0, 0, 0, 0, 0, 0, 0, 0, 0, 0, 0, 0, 0, 0, 0, 0, 0, 0, 0, 0, 0, 0, 0, 0, 0, 0, 0, 0, 0, 0, 0, 0, 0, 0, 0, 0, 0, 0, 0, 0, 0, 0, 0, 0, 0, 0, 0, 0, 0, 0, 0, 0, 0, 0, 0, 0, 0, 0, 0, 0, 0, 0, 0, 0, 0, 0, 0, 0, 0, 0, 0, 0, 0, 0, 0, 0, 0, 0, 0, 0, 0, 0, 0, 0, 0, 0, 0, 0, 0, 0, 0, 0, 0, 0, 0, 0, 0, 0, 0, 0, 0, 0, 0, 0, 0, 0, 0, 0, 0, 0, 0, 0, 0, 0, 0, 0, 0, 0, 0, 0, 0, 0, 0, 0, 0, 0, 0, 0, 0, 0, 0, 0, 0, 0, 0, 0, 0, 0, 0, 0, 0, 0, 0, 0, 0, 0, 0, 0, 0, 0, 0, 0, 0, 0, 0, 0, 0, 0, 0, 0, 0, 0, 0, 0, 0, 0, 0, 0, 0, 0, 0, 0, 0, 0, 0, 0, 0, 0, 0, 0, 0, 0, 0, 0, 0, 0, 0, 0, 0, 0, 0, 0, 0, 0, 0, 0, 0, 0, 0, 0, 0, 0, 0, 0, 0, 0, 0, 0, 0, 0, 0, 0, 0, 0, 0, 0, 0, 0, 0, 0, 0, 0, 0, 0, 0, 0, 0, 0, 0, 0, 0, 0, 0, 0, 0, 0, 0, 0, 0, 0, 0, 0, 0, 0, 0, 0, 0, 0, 0, 0, 0, 0, 0, 0, 0, 0, 0, 0, 0, 0, 0, 0, 0, 0, 0, 0, 0, 0, 0, 0, 0, 0, 0, 0, 0, 0, 0, 0, 0, 0, 0, 0, 0, 0, 0, 0, 0, 0, 0, 0, 0, 0, 0, 0, 0, 0, 0, 0, 0, 0, 0, 0, 0, 0, 0, 0, 0, 0, 0, 0, 0, 0, 0, 0, 0.4999999701976776, -0.8660253882408142, 0, 0, 0, 0, 0, 0, 0, 0, 0, 0, 0, 0, 0, 0, 0, 0, 0.5000000596046448, -0.8660253882408142, 0, 0, 0, 0, 0, 0, 0, 0, 0, 0, 0, 0, 0, 0, 0, 0, 0.5, -0.8660253882408142, 0, 0, 0, 0, 0, 0, 0, 0, 0, 0, 0, 0, 0, 0, 0, 0, 0.5, -0.8660253882408142, 0, 0, 0, 0, 0, 0, 0, 0, 0, 0, 0, 0, 0, 0, 0, 0, 0, 0, 0, 0, 0, 0, 0, 0, 0, 0, 0, 0, 0, 0, 0, 0, 0, 0, 0, 0, 0, 0, 0, 0, 0, 0, 0, 0, 0, 0, 0, 0, 0, 0, 0, 0, 0, 0, 0, 0, 0, 0, 0, 0, 0, 0, 0, 0, 0, 0, 0, 0, 0, 0, 0, 0, 0, 0, 0, 0, 0, 0, 0, 0, 0, 0, 0, 0, 0, 0, 0, 0, 0, 0, 0, 0, 0, 0, 0, 0, 0, 0, 0, 0, 0, 0, 0, 0, 0, 0, 0, 0, 0, 0, 0, 0, 0, 0, 0, 0, 0, 0, 0, 0, 0, 0, 0, 0, 0, 0, 0, 0, 0, 0, 0, 0, 0, 0, 0, 0, 0, 0, 0, 0, 0, 0, 0, 0, 0, 0, 0, 0, 0.4999999701976776, -0.8660253882408142, 0, 0, 0, 0, 0, 0, 0, 0, 0, 0, 0, 0, 0, 0, 0, 0, 0.5000000596046448, -0.8660253882408142, 0, 0, 0, 0, 0, 0, 0, 0, 0, 0, 0, 0, 0, 0, 0, 0, 0.5, -0.8660253882408142, 0, 0, 0, 0, 0, 0, 0, 0, 0, 0, 0, 0, 0, 0, 0, 0, 0.5, -0.8660253882408142, 0, 0, 0, 0, 0, 0, 0, 0, 0, 0, 0, 0, 0, 0, 0, 0, 0, 0, 0, 0, 0, 0, 0, 0, 0, 0, 0, 0, 0, 0, 0, 0, 0, 0, 0, 0, 0, 0, 0, 0, 0, 0, 0, 0, 0, 0, 0, 0, 0, 0, 0, 0, 0, 0, 0, 0, 0, 0, 0, 0, 0, 0, 0, 0, 0, 0, 0, 0, 0, 0, 0, 0, 0, 0, 0, 0, 0, 0, 0, 0, 0, 0, 0, 0, 0, 0, 0, 0, 0, 0, 0, 0, 0, 0, 0, 0, 0, 0, 0, 0, 0, 0, 0, 0, 0, 0, 0, 0, 0, 0, 0, 0, 0, 0, 0, 0, 0, 0, 0, 0, 0, 0, 0, 0, 0, 0, 0, 0, 0, 0, 0, 0, 0, 0, 0, 0, 0, 0, 0, 0, 0, 0, 0, 0, 0, 0, 0, 0, 0, 0, 0, 0, 0, 0, 0, 0, 0, 0, 0, 0, 0, 0, 0, 0, 0, 0, 0.5000000596046448, -0.8660253882408142, 0, 0, 0, 0, 0, 0, 0, 0, 0, 0, 0, 0, 0, 0, 0, 0, 0.5, -0.8660253882408142, 0, 0, 0, 0, 0, 0, 0, 0, 0, 0, 0, 0, 0, 0, 0, 0, 0, 0, 0, 0, 0, 0, 0, 0, 0, 0, 0, 0, 0, 0, 0, 0, 0, 0, 0, 0, 0, 0, 0, 0, 0, 0, 0, 0, 0, 0, 0, 0, 0, 0, 0, 0, 0, 0, 0, 0, 0, 0, 0, 0, 0, 0, 0, 0, 0, 0, 0, 0, 0, 0, 0, 0, 0, 0, 0, 0, 0, 0, 0, 0, 0, 0, 0, 0, 0, 0, 0, 0, 0, 0, 0, 0, 0, 0, 0, 0, 0, 0, 0, 0, 0, 0, 0, 0, 0, 0, 0, 0, 0, 0, 0, 0, 0, 0, 0, 0, 0, 0, 0, 0, 0, 0, 0, 0, 0, 0, 0, 0, 0, 0, 0, 0, 0, 0, 0, 0, 0, 0, 0, 0, 0, 0, 0, 0, 0, 0, 0, 0, 0, 0, 0, 0, 0, 0, 0, 0, 0, 0, 0, 0, 0, 0, 0, 0, 0, 0, 0, 0, 0, 0, 0, 0, 0, 0, 0, 0, 0, 0, 0, 0, 0, 0, 0, 0, 0, 0, 0, 0, 0, 0, 0, 0, 0, 0, 0, 0, 0, 0, 0, 0, 0, 0, 0, 0, 0, 0, 0, 0, 0, 0, 0, 0, 0, 0, 0, 0, 0, 0, 0, 0, 0, 0, 0, 0, 0, 0, 0, 0, 0, 0, 0, 0, 0, 0, 0, 0, 0, 0, 0, 0, 0, 0, 0, 0, 0, 0, 0, 0, 0, 0, 0, 0, 0, 0, 0, 0, 0, 0, 0, 0, 0, 0, 0, 0, 0, 0, 0, 0, 0, 0, 0, 0, 0, 0, 0, 0, 0, 0, 0, 0, 0, 0, 0, 0, 0, 0, 0, 0, 0, 0, 0, 0, 0, 0, 0, 0, 0, 0, 0, 0, 0, 0, 0, 0, 0, 0, 0, 0, 0, 0, 0, 0, 0, 0, 0, 0, 0, 0, 0, 0, 0, 0, 0, 0, 0, 0, 0, 0, 0, 0, 0, 0, 0, 0, 0, 0, 0, 0, 0, 0, 0, 0, 0, 0, 0, 0, 0, 0, 0, 0, 0, 0, 0, 0, 0, 0, 0, 0, 0, 0, 0, 0, 0, 0, 0, 0, 0, 0, 0, 0, 0, 0, 0, 0, 0, 0, 0, 0, 0, 0, 0, 0, 0, 0, 0, 0, 0, 0, 0, 0, 0, 0, 0, 0, 0, 0, 0, 0, 0, 0, 0, 0, 0, 0, 0, 0, 0, 0, 0, 0, 0, 0, 0.5, 0.8660253882408142, 0, 0, 0, 0, 0, 0, 0, 0, 0, 0, 0, 0, 0, 0, 0, 0, 0.5, 0.8660253882408142, 0, 0, 0, 0, 0, 0, 0, 0, 0, 0, 0, 0, 0, 0, 0, 0, 0.5000000596046448, 0.8660253882408142, 0, 0, 0, 0, 0, 0, 0, 0, 0, 0, 0, 0, 0, -0.4999999701976776, -0.8660253882408142, 0, 0, 0, 0, 0, 0, 0, 0, 0, 0, 0, 0, 0, 0, 0, 0, 0, 0, 0, 0, 0, 0, 0, 0, 0, 0, 0, 0, 0, 0, 0, 0, 0, 0, 0, 0, 0, 0, 0, 0, 0, 0, 0, 0, 0, 0, 0, 0, 0, 0, 0, 0, 0, 0, 0, 0, 0, 0, 0, 0, 0, 0, 0, 0, 0, 0, 0, 0, 0, 0, 0, 0, 0, 0, 0, 0, 0, 0, 0, 0, 0, 0, 0, 0, 0, 0, 0, 0, 0, 0, 0, 0, 0, 0, 0, 0, 0, 0, 0, 0, 0, 0, 0, 0, 0, 0, 0, 0, 0, 0, 0, 0, 0, 0, 0, 0, 0, 0, 0, 0, 0, 0, 0, 0, 0.5, 0.8660253882408142, 0, 0, 0, 0, 0, 0, 0, 0, 0, 0, 0, 0, 0, 0, 0, 0, 0.5, 0.8660253882408142, 0, 0, 0, 0, 0, 0, 0, 0, 0, 0, 0, 0, 0, 0, 0, 0, 0.5000000596046448, 0.8660253882408142, 0, 0, 0, 0, 0, 0, 0, 0, 0, 0, 0, 0, 0, -0.4999999701976776, -0.8660253882408142, 0, 0, 0, 0, 0, 0, 0, 0, 0, 0, 0, 0, 0, 0, 0, 0, 0, 0, 0, 0, 0, 0, 0, 0, 0, 0, 0, 0, 0, 0, 0, 0, 0, 0, 0, 0, 0, 0, 0, 0, 0, 0, 0, 0, 0, 0, 0, 0, 0, 0, 0, 0, 0, 0, 0, 0, 0, 0, 0, 0, 0, 0, 0, 0, 0, 0, 0, 0, 0, 0, 0, 0, 0, 0, 0, 0, 0, 0, 0, 0, 0, 0, 0, 0, 0, 0, 0, 0, 0, 0, 0, 0, 0, 0, 0, 0, 0, 0, 0, 0, 0, 0, 0, 0, 0, 0, 0, 0, 0, 0, 0, 0, 0, 0, 0, 0, 0, 0, 0, 0, 0, 0, 0, 0, 0, 0, 0, 0, 0, 0, 0, 0, 0, 0, 0, 0, 0, 0, 0, 0, 0, 0, 0.5, 0.8660253882408142, 0, 0, 0, 0, 0, 0, 0, 0, 0, 0, 0, 0, 0, 0, 0, 0, 0.5000000596046448, 0.8660253882408142, 0, 0, 0, 0, 0, 0, 0, 0, 0, 0, 0, 0, 0, 0, 0, 0, 0, 0, 0, 0, 0, 0, 0, 0, 0, 0, 0, 0, 0, 0, 0, 0, 0, 0, 0, 0, 0, 0, 0, 0, 0, 0, 0, 1, 0, 0, 0, 0, 0, 0, 0, 0, 0, 0, 0, 0, 0, 0, 0, 0, 0, 0, 0, 0, 0, 0, 0, 0, 0, 0, 0, 0, 0, 1, 0, 0, 0, 0, 0, 0, 0, 0, 0, 0, 0, 0, 0, 0, 0, 0, 0, 0, 0, 0, 0, 0, 0, 1, 0, 0, 0, 0, 0, 0, 0, 0, 0, 0, 0, 0, 0, 0, 0, 0, 0, 0, 0, 0, 0, 0, 0, 0, 0, 0, 0, 0, 0, 1, 0, 0, 0, 0, 0, 0, 0, 0, 0, 0, 0, 0, 0, 0, 0, 0, 0, 0, 0, 0, 0, 0, 0, 0, 0, 0, 0, 0, 0, 0, 0, 0, 1, 0, 0, 0, 0, 0, 0, 0, 0, 0, 0, 0, 0, 0, 0, 0, 0, 0, 0, 0, 0, 0, 0, 0, 0, 0, 0, 0, 0, 0, 1, 0, 0, 0, 0, 0, 0, 0, 0, 0, 0, 0, 0, 0, 0, 0, 0, 0, 0, 0, 0, 0, 0, 0, 0, 0, 0, 0, 0, 0, 1, 0, 0, 0, 0, 0, 0, 0, 0, 0, 0, 0, 0, 0, 0, 0, 0, 0, 0, 0, 0, 0, 0, 0, 1, 0, 0, 0, 0, 0, 0, 0, 0, 0, 0, 0, 0, 0, 0, 0, 0, 0, 0, 0, 0, 0, 0, 0, 0, 0, 0, 0, 0, 0, 0, 0, 0, 0, 0, 0, 0, 0, 0, 1, 0, 0, 0, 0, 0, 0, 0, 0, 0, 0, 0, 0, 0, 0, 0, 0, 0, 0, 0, 0, 0, 0, 0, 0, 0, 0, 0, 0, 0, 1, 0, 0, 0, 0, 0, 0, 0, 0, 0, 0, 0, 0, 0, 0, 0, 0, 0, 0, 0, 0, 0, 0, 0, 1, 0, 0, 0, 0, 0, 0, 0, 0, 0, 0, 0, 0, 0, 0, 0, 0, 0, 0, 0, 0, 0, 0, 0, 0, 0, 0, 0, 0, 0, 1, 0, 0, 0, 0, 0, 0, 0, 0, 0, 0, 0, 0, 0, 0, 0, 0, 0, 0, 0, 0, 0, 0, 0, 0, 0, 0, 0, 0, 0, 0, 0, 0, 1, 0, 0, 0, 0, 0, 0, 0, 0, 0, 0, 0, 0, 0, 0, 0, 0, 0, 0, 0, 0, 0, 0, 0, 0, 0, 0, 0, 0, 0, 1, 0, 0, 0, 0, 0, 0, 0, 0, 0, 0, 0, 0, 0, 0, 0, 0, 0, 0, 0, 0, 0, 0, 0, 0, 0, 0, 0, 0, 0, 1, 0, 0, 0, 0, 0, 0, 0, 0, 0, 0, 0, 0, 0, 0, 0, 0, 0, 0, 0, 0, 0, 0, 0, 1, 0, 0, 0, 0, 0, 0, 0, 0, 0, 0, 0, 0, 0, 0, 0, 0, 0, 0, 0, 0, 0, 0, 0, 0, 0, 0, 0, 0, 0, 0, 0, 0, 0, 0, 0, 0, 0, 0, 1, 0, 0, 0, 0, 0, 0, 0, 0, 0, 0, 0, 0, 0, 0, 0, 0, 0, 0, 0, 0, 0, 0, 0, 0, 0, 0, 0, 0, 0, 1, 0, 0, 0, 0, 0, 0, 0, 0, 0, 0, 0, 0, 0, 0, 0, 0, 0, 0, 0, 0, 0, 0, 0, 1, 0, 0, 0, 0, 0, 0, 0, 0, 0, 0, 0, 0, 0, 0, 0, 0, 0, 0, 0, 0, 0, 0, 0, 0, 0, 0, 0, 0, 0, 1, 0, 0, 0, 0, 0, 0, 0, 0, 0, 0, 0, 0, 0, 0, 0, 0, 0, 0, 0, 0, 0, 0, 0, 0, 0, 0, 0, 0, 0, 0, 0, 0, 1, 0, 0, 0, 0, 0, 0, 0, 0, 0, 0, 0, 0, 0, 0, 0, 0, 0, 0, 0, 0, 0, 0, 0, 0, 0, 0, 0, 0, 0, 1, 0, 0, 0, 0, 0, 0, 0, 0, 0, 0, 0, 0, 0, 0, 0, 0, 0, 0, 0, 0, 0, 0, 0, 0, 0, 0, 0, 0, 0, 1, 0, 0, 0, 0, 0, 0, 0, 0, 0, 0, 0, 0, 0, 0, 0, 0, 0, 0, 0, 0, 0, 0, 0, 1, 0, 0, 0, 0, 0, 0, 0, 0, 0, 0, 0, 0, 0, 0, 0, 0, 0, 0, 0, 0, 0, 0, 0, 0, 0, 0, 0, 0, 0, 0, 0, 0, 0, 0, 0, 0, 0, 0, 1, 0, 0, 0, 0, 0, 0, 0, 0, 0, 0, 0, 0, 0, 0, 0, 0, 0, 0, 0, 0, 0, 0, 0, 0, 0, 0, 0, 0, 0, 1, 0, 0, 0, 0, 0, 0, 0, 0, 0, 0, 0, 0, 0, 0, 0, 0, 0, 0, 0, 0, 0, 0, 0, 1, 0, 0, 0, 0, 0, 0, 0, 0, 0, 0, 0, 0, 0, 0, 0, 0, 0, 0, 0, 0, 0, 0, 0, 0, 0, 0, 0, 0, 0, 1, 0, 0, 0, 0, 0, 0, 0, 0, 0, 0, 0, 0, 0, 0, 0, 0, 0, 0, 0, 0, 0, 0, 0, 0, 0, 0, 0, 0, 0, 0, 0, 0, 1, 0, 0, 0, 0, 0, 0, 0, 0, 0, 0, 0, 0, 0, 0, 0, 0, 0, 0, 0, 0, 0, 0, 0, 0, 0, 0, 0, 0, 0, 1, 0, 0, 0, 0, 0, 0, 0, 0, 0, 0, 0, 0, 0, 0, 0, 0, 0, 0, 0, 0, 0, 0, 0, 0, 0, 0, 0, 0, 0, 1, 0, 0, 0, 0, 0, 0, 0, 0, 0, 0, 0, 0, 0, 0, 0, 0, 0, 0, 0, 0, 0, 0, 0, 1, 0, 0, 0, 0, 0, 0, 0, 0, 0, 0, 0, 0, 0, 0, 0, 0, 0, 0, 0, 0, 0, 0, 0, 0, 0, 0, 0, 0, 0, 0, 0, 0, 0, 0, 0, 1, 0, 0, 0, 0, 0, 0, 0, 0, 0, 0, 0, 0, 0, 0, 0, 0, 0, 1, 0, 0, 0, 0, 0, 0, 0, 0, 0, 0, 0, 0, 0, 0, 0, 0, 0, 1, 0, 0, 0, 0, 0, 0, 0, 0, 0, 0, 0, 0, 0, 0, 0, 0, 0, 1, 0, 0, 0, 0, 0, 0, 0, 0, 0, 0, 0, 0, 0, 0, 0, 0, 0, 0, 0, 0, 0, 0, 0, 0, 0, 0, 1, 0, 0, 0, 0, 0, 0, 0, 0, 0, 0, 0, 0, 0, 0, 0, 0, 0, 1, 0, 0, 0, 0, 0, 0, 0, 0, 0, 0, 0, 0, 0, 0, 0, 0, 0, 1, 0, 0, 0, 0, 0, 0, 0, 0, 0, 0, 0, 0, 0, 0, 0, 0, 0, 1, 0, 0, 0, 0, 0, 0, 0, 0, 0, 0, 0, 0, 0, 0, 0, 0, 0, 0, 0, 0, 0, 0, 0, 0, 0, 0, 1, 0, 0, 0, 0, 0, 0, 0, 0, 0, 0, 0, 0, 0, 0, 0, 0, 0, 1, 0, 0, 0, 0, 0, 0, 0, 0, 0, 0, 0, 0, 0, 0, 0, 0, 0, 1, 0, 0, 0, 0, 0, 0, 0, 0, 0, 0, 0, 0, 0, 0, 0, 0, 0, 1, 0, 0, 0, 0, 0, 0, 0, 0, 0, 0, 0, 0, 0, 0, 0, 0, 0, 0, 0, 0, 0, 0, 0, 0, 0, 0, 1, 0, 0, 0, 0, 0, 0, 0, 0, 0, 0, 0, 0, 0, 0, 0, 0, 0, 1, 0, 0, 0, 0, 0, 0, 0, 0, 0, 0, 0, 0, 0, 0, 0, 0, 0, 1, 0, 0, 0, 0, 0, 0, 0, 0, 0, 0, 0, 0, 0, 0, 0, 0, 0, 1, 0, 0, 0, 0, 0, 0, 0, 0, 0, 0, 0, 0, 0, 0, 0, 0, 0, 0, 0, 0, 0, 0, 0, 0, 0, 0, 1, 0, 0, 0, 0, 0, 0, 0, 0, 0, 0, 0, 0, 0, 0, 0, 0, 0, 1, 0, 0, 0, 0, 0, 0, 0, 0, 0, 0, 0, 0, 0, 0, 0, 0, 0, 1, 0, 0, 0, 0, 0, 0, 0, 0, 0, 0, 0, 0, 0, 0, 0, 0, 0, 1, 0, 0, 0, 0, 0, 0, 0, 0, 0, 0, 0, 0, 0, 0, 0, 0, 0, 0, 0, 0, 0, 0, 0, 0, 0, 0, 1, 0, 0, 0, 0, 0, 0, 0, 0, 0, 0, 0, 0, 0, 0, 0, 0, 0, 1, 0, 0, 0, 0, 0, 0, 0, 0, 0, 0, 0, 0, 0, 0, 0, 0, 0, 1, 0, 0, 0, 0, 0, 0, 0, 0, 0, 0, 0, 0, 0, 0, 0, 0, 0, 1, 0, 0, 0, 0, 0, 0, 0, 0, 0, 0, 0, 0, 0, 0, 0, 0, 0, 0, 0, 0, 0, 0, 0, 0, 0, 0, 1, 0, 0, 0, 0, 0, 0, 0, 0, 0, 0, 0, 0, 0, 0, 0, 0, 0, 1, 0, 0, 0, 0, 0, 0, 0, 0, 0, 0, 0, 0, 0, 0, 0, 0, 0, 1, 0, 0, 0, 0, 0, 0, 0, 0, 0, 0, 0, 0, 0, 0, 0, 0, 0, 1, 0, 0, 0, 0, 0, 0, 0, 0, 0, 0, 0, 0, 0, 0, 0, 0, 0, 0, 0, 0, 0, 0, 0, 0, 0, 0, 1, 0, 0, 0, 0, 0, 0, 0, 0, 0, 0, 0, 0, 0, 0, 0, 0, 0, 1, 0, 0, 0, 0, 0, 0, 0, 0, 0, 0, 0, 0, 0, 0, 0, 0, 0, 1, 0, 0, 0, 0, 0, 0, 0, 0, 0, 0, 0, 0, 0, 0, 0, 0, 0, 1, 0, 0, 0, 0, 0, 0, 0, 0, 0, 0, 0, 0, 0, 0, 0, 0, 0, 0, 0, 0, 0, 0, 0, 0, 0, 0, 0, 0, 0, 0, 0, 0, 0, 0, 0, 0, 0, 0, 0, 0, 0, 0, 0, 0, 0, 0, 0, 0, 0, 0, 0, 0, 0, 0, 0, 0, 0, 0, 0, 0, 0, 0, 0, 0, 0, 0, 0, 0, 0, 0, 0, 0, 0, 0, 0, 0, 0, 0, 0, 0, 0, 0, 0, 0, 0, 0, 0, 0, 0, 0, 0, 0, 0, 0, 0, 0, 0, 0, 0, 0, 0, 0, 0, 0, 0, 0, 0, 0, 0, 0, 0, 0, 0, 0, 0, 0, 0, 0, 0, 0, 0, 0, 0, 0, 0, 0, 0, 0, 0, 0, 0, 0, 0, 0, 0, 0, 0, 0, 0, 0, 0, 0, 0, 0, 0, 0, 0, 0, 0, 0, 0, 0, 0, 0, 0, 0, 0, 0, 0, 0, 0, 0, 0, 0, 0, 0, 0, 0, 0, 0, 0, 0, 0, 0, 0, 0, 0, 0, 0, 0, 0, 0, 0, 0, 0, 0, 0, 0, 0, 0, 0, 0, 0, 0, 0, 0, 0, 0, 0, 0, 0, 0, 0, 0, 0, 0, 0, 0, 0, 0, 0, 0, 0, 0, 0, 0, 0, 0, 0, 0, 0, 0, 0, 0, 0, 0, 0, 0, 0, 0, 0, 0, 0, 0, 0, 0, 0, 0, 0, 0, 0, 0, 0, 0, 0, 0, 0, 0, 0, 0, 0, 0, 0, 0, 0, 0, 0, 0, 0, 0, 0, 0, 0, 0, 0, 0, 0, 0, 0, 0, 0, 0, 0, 0, 0, 0, 0, 0, 0, 0, 0, 0, 0, 0, 0, 0, 0, 0, 0, 0, 0, 0, 0, 0, 0, 0, 0, 0, 0, 0, 0, 0, 0, 0, 0, 0, 0, 0, 0, 0, 0, 0, 0, 0, 0, 0, 0, 0, 0, 0, 0, 0, 0, 0, 0, 0, 0, 0, 0, 0, 0, 0, 0, 0, 0, 0, 0, 0, 0, 0, 0, 0, 0, 0, 0, 0, 0, 0, 0, 0, 0, 0, 0, 0, 0, 0, 0, 0, 0, 0, 0, 0, 0, 0, 0, 0, 0, 0, 0, 0, 0, 0, 0, 0, 0, 0, 0, 0, 0, 0, 0, 0, 0, 0, 0, 0, 0, 0, 0, 0, 0, 0, 0, 0, 0, 0, 0, 0, 0, 0, 0, 0, 0, 0, 0, 0, 0, 0, 0, 0, 0, 0, 0, 0, 0, 0, 0, 0, 0, 0, 0, 0, 0, 0, 0, 0, 0, 0, 0, 0, 0, 0, 0, 0, 0, 0, 0, 0, 0, 0, 0, 0, 0, 0, 0, 0, 0, 0, 0, 0, 0, 0, 0, 0, 0, 0, 0, 0, 0, 0, 0, 0, 0, 0, 0, 0, 0, 0, 0, 0, 0, 0, 0, 0, 0, 0, 0, 0, 0, 0, 0, 0, 0, 0, 0, 0, 0, 0, 0, 0, 0, 0, 0, 0, 0, 0, 0, 0, 0, 0, 0, 0, 0, 0, 0, 0, 0, 0, 0, 0, 0, 0, 0, 0, 0, 0, 0, 0, 0, 0, 0, 0, 0, 0, 0, 0, 0, 0, 0, 0, 0, 0, 0, 0, 0, 0, 0, 0, 0, 0, 0, 0, 0, 0, 0, 0, 0, 0, 0, 0, 0, 0, 0, 0, 0, 0, 0, 0, 0, 0, 0, 0, 0, 0, 0, 0, 0, 0, 0, 0, 0, 0, 0, 0, 0, 0, 0, 0, 0, 0, 0, 0, 0, 0, 0, 0, 0, 0, 0, 0, 0, 0, 0, 1, 0, 0, 0, 0, 0, 0, 0, 0, 0, 0, 0, 0, 0, 0, 0, 0, 0, 1, 0, 0, 0, 0, 0, 0, 0, 0, 0, 0, 0, 0, 0, 0, 0, 0, 0, 1, 0, 0, 0, 0, 0, 0, 0, 0, 0, 0, 0, 0, 0, 0, 0, 0, 0, 1, 0, 0, 0, 0, 0, 0, 0, 0, 0, 0, 0, 0, 0, 0, 0, 0, 0, 0, 0, 0, 0, 0, 0, 0, 0, 0, 1, 0, 0, 0, 0, 0, 0, 0, 0, 0, 0, 0, 0, 0, 0, 0, 0, 0, 1, 0, 0, 0, 0, 0, 0, 0, 0, 0, 0, 0, 0, 0, 0, 0, 0, 0, 1, 0, 0, 0, 0, 0, 0, 0, 0, 0, 0, 0, 0, 0, 0, 0, 0, 0, 1, 0, 0, 0, 0, 0, 0, 0, 0, 0, 0, 0, 0, 0, 0, 0, 0, 0, 0, 0, 0, 0, 0, 0, 0, 0, 0, 1, 0, 0, 0, 0, 0, 0, 0, 0, 0, 0, 0, 0, 0, 0, 0, 0, 0, 1, 0, 0, 0, 0, 0, 0, 0, 0, 0, 0, 0, 0, 0, 0, 0, 0, 0, 1, 0, 0, 0, 0, 0, 0, 0, 0, 0, 0, 0, 0, 0, 0, 0, 0, 0, 1, 0, 0, 0, 0, 0, 0, 0, 0, 0, 0, 0, 0, 0, 0, 0, 0, 0, 0, 0, 0, 0, 0, 0, 0, 0, 0, 1, 0, 0, 0, 0, 0, 0, 0, 0, 0, 0, 0, 0, 0, 0, 0, 0, 0, 1, 0, 0, 0, 0, 0, 0, 0, 0, 0, 0, 0, 0, 0, 0, 0, 0, 0, 1, 0, 0, 0, 0, 0, 0, 0, 0, 0, 0, 0, 0, 0, 0, 0, 0, 0, 1, 0, 0, 0, 0, 0, 0, 0, 0, 0, 0, 0, 0, 0, 0, 0, 0, 0, 0, 0, 0, 0, 0, 0, 0, 0, 0, 1, 0, 0, 0, 0, 0, 0, 0, 0, 0, 0, 0, 0, 0, 0, 0, 0, 0, 1, 0, 0, 0, 0, 0, 0, 0, 0, 0, 0, 0, 0, 0, 0, 0, 0, 0, 1, 0, 0, 0, 0, 0, 0, 0, 0, 0, 0, 0, 0, 0, 0, 0, 0, 0, 1, 0, 0, 0, 0, 0, 0, 0, 0, 0, 0, 0, 0, 0, 0, 0, 0, 0, 0, 0, 0, 0, 0, 0, 0, 0, 0, 1, 0, 0, 0, 0, 0, 0, 0, 0, 0, 0, 0, 0, 0, 0, 0, 0, 0, 1, 0, 0, 0, 0, 0, 0, 0, 0, 0, 0, 0, 0, 0, 0, 0, 0, 0, 1, 0, 0, 0, 0, 0, 0, 0, 0, 0, 0, 0, 0, 0, 0, 0, 0, 0, 1, 0, 0, 0, 0, 0, 0, 0, 0, 0, 0, 0, 0, 0, 0, 0, 0, 0, 0, 0, 0, 0, 0, 0, 0, 0, 0, 1, 0, 0, 0, 0, 0, 0, 0, 0, 0, 0, 0, 0, 0, 0, 0, 0, 0, 1, 0, 0, 0, 0, 0, 0, 0, 0, 0, 0, 0, 0, 0, 0, 0, 0, 0, 1, 0, 0, 0, 0, 0, 0, 0, 0, 0, 0, 0, 0, 0, 0, 0, 0, 0, 1, 0, 0, 0, 0, 0, 0, 0, 0, 0, 0, 0, 0, 0, 0, 0, 0, 0, 0, 0, 0, 0, 0, 0, 0, 0, 0, 1, 0, 0, 0, 0, 0, 0, 0, 0, 0, 0, 0, 0, 0, 0, 0, 0, 0, 1, 0, 0, 0, 0, 0, 0, 0, 0, 0, 0, 0, 0, 0, 0, 0, 0, 0, 1, 0, 0, 0, 0, 0, 0, 0, 0, 0, 0, 0, 0, 0, 0, 0, 0, 0, 1, 0, 0, 0, 0, 0, 0, 0, 0, 0, 0, 0, 0, 0, 0, 0, 0, 0, 0, 0, 0, 0, 0, 0, 0, 0, 0, 1, 0, 0, 0, 0, 0, 0, 0, 0, 0, 0, 0, 0, 0, 0, 0, 0, 0, 1, 0, 0, 0, 0, 0, 0, 0, 0, 0, 0, 0, 0, 0, 0, 0, 0, 0, 1, 0, 0, 0, 0, 0, 0, 0, 0, 0, 0, 0, 0, 0, 0, 0, 0, 0, 1, 0, 0, 0, 0, 0, 0, 0, 0, 0, 0, 0, 0, 0, 0, 0, 0, 0, 0, 0, 0, 0, 0, 0, 0, 0, 0, 0, 0, 0, 0, 0, 0, 0, 0, 0, 0, 0, 0, 0, 0, 0, 0, 0, 0, 0, 0, 0, 0, 0, 0, 0, 0, 0, 0, 0, 0, 0, 0, 0, 0, 0, 0, 0, 0, 0, 0, 0, 0, 0, 0, 0, 0, 0, 0, 0, 0, 0, 0, 0, 0, 0, 0, 0, 0, 0, 0, 0, 0, 0, 0, 0, 0, 0, 0, 0, 0, 0, 0, 0, 0, 0, 0, 0, 0, 0, 0, 0, 0, 0, 0, 0, 0, 0, 0, 0, 0, 0, 0, 0, 0, 0, 0, 0, 0, 0, 0, 0, 0, 0, 0, 0, 0, 0, 0, 0, 0, 0, 0, 0, 0, 0, 0, 0, 0, 0, 0, 0, 0, 0, 0, 0, 0, 0, 0, 0, 0, 0, 0, 0, 0, 0, 0, 0, 0, 0, 0, 0, 0, 0, 0, 0, 0, 0, 0, 0, 0, 0, 0, 0, 0, 0, 0, 0, 0, 0, 0, 0, 0, 0, 0, 0, 0, 0, 0, 0, 0, 0, 0, 0, 0, 0, 0, 0, 0, 0, 0, 0, 0, 0, 0, 0, 0, 0, 0, 0, 0, 0, 0, 0, 0, 0, 0, 0, 0, 0, 0, 0, 0, 0, 0, 0, 0, 0, 0, 0, 0, 0, 0, 0, 0, 0, 0, 0, 0, 0, 0, 0, 0, 0, 0, 0, 0, 0, 0, 0, 0, 0, 0, 0, 0, 0, 0, 0, 0, 0, 0, 0, 0, 0, 0, 0, 0, 0, 0, 0, 0, 0, 0, 0, 0, 0, 0, 0, 0, 0, 0, 0, 0, 0, 0, 0, 0, 0, 0, 0, 0, 0, 0, 0, 0, 0, 0, 0, 0, 0, 0, 0, 0, 0, 0, 0, 0, 0, 0, 0, 0, 0, 0, 0, 0, 0, 0, 0, 0, 0, 0, 0, 0, 0, 0, 0, 0, 0, 0, 0, 0, 0, 0, 0, 0, 0, 0, 0, 0, 0, 0, 0, 0, 0, 0, 0, 0, 0, 0, 0, 0, 0, 0, 0, 0, 0, 0, 0, 0, 0, 0, 0, 0, 0, 0, 0, 0, 0, 0, 0, 0, 0, 0, 0, 0, 0, 0, 0, 0, 0, 0, 0, 0, 0, 0, 0, 0, 0, 0, 0, 0, 0, 0, 0, 0, 0, 0, 0, 0, 0, 0, 0, 0, 0, 0, 0, 0, 0, 0, 0, 0, 0, 0, 0, 0, 0, 0, 0, 0, 0, 0, 0, 0, 0, 0, 0, 0, 0, 0, 0, 0, 0, 0, 0, 0, 0, 0, 0, 0, 0, 0, 0, 0, 0, 0, 0, 0, 0, 0, 0, 0, 0, 0, 0, 0, 0, 0, 0, 0, 0, 0, 0, 0, 0, 0, 0, 0, 0, 0, 0, 0, 0, 0, 0, 0, 0, 0, 0, 0, 0, 0, 0, 0, 0, 0, 0, 0, 0, 0, 0, 0, 0, 0, 0, 0, 0, 0, 0, 0, 0, 0, 0, 0, 0, 0, 0, 0, 0, 0, 0, 0, 0, 0, 0, 0, 0, 0, 0, 0, 0, 0, 0, 0, 0, 0, 0, 0, 0, 0, 0, 0, 0, 0, 0, 0, 0, 0, 0, 0, 0, 0, 0, 0, 0, 0, 0, 0, 0, 0, 0, 0, 0, 0, 0, 0, 0, 0, 0, 0, 0, 0, 0, 0, 0, 0, 0, 0, 0, 0, 0, 0, 0, 0, 0, 0, 0, 0, 0, 0, 0, 0, 0, 0, 0, 0, 0, 0, 0, 0, 0, 0, 0, 0, 0, 0, 0, 0, 0, 0, 0, 0, 0, 0, 0, 0, 0, 0, 0, 0, 0, 0, 0, 0, 0, 0, 0, 0, 0, 0, 0, 0, 0, 0, 0, 0, 0, 0, 0, 0, 0, 0, 0, 0, 0, 0, 0, 0, 0, 0, 0, 0, 0, 0, 0, 0, 0, 0, 0, 0, 0, 0, 0, 0, 0, 0, 0, 0, 0, 0, 0, 0, 0, 0, 0, 0, 0, 0, 0, 0, 0, 0, 0, 0, 0, 0, 0, 0, 0, 0, 0, 0, 0, 0, 0, 0, 0, 0, 0, 0, 0, 0, 0, 0, 0, 0, 0, 0, 0, 0, 0, 0, 0, 0, 0, 0, 0, 0, 0, 0, 0, 0, 0, 0, 0, 0, 0, 0, 0, 0, 0, 0, 0, 0, 0, 0, 0, 0, 0, 0, 0, 0, 0, 0, 0, 0, 0, 0, 0, 0, 0, 0, 0, 0, 0, 0, 0, 0, 0, 0, 0, 0, 0, 0, 0, 0, 0, 0, 0, 0, 0, 0, 0, 0, 0, 0, 0, 0, 0, 0, 0, 0, 0, 0, 0, 0, 0, 0, 0, 0, 0, 0, 0, 0, 0, 0, 0, 0, 0, 0, 0, 0, 0, 0, 0, 0, 0, 0, 0, 0, 0, 0, 0, 0, 0, 0, 0, 0, 0, 0, 0, 0, 0, 0, 0, 0, 0, 0, 0, 0, 0, 0, 0, 0, 0, 0, 0, 0, 0, -0.4999999701976776, 0.8660253882408142, 0, 0, 0, 0, 0, 0, 0, 0, 0, 0, 0, 0, 0, 0, 0, 0, 0, 0, 0, 0, 0, 0, 0, 0, 0, 0, 0, 0, -0.5000001192092896, 0.8660253286361694, 0, 0, 0, 0, 0, 0, 0, 0, 0, 0, 0, 0, 0, 0, 0, 0, 0, 0, 0, 0, 0, 0, -0.49999988079071045, 0.866025447845459, 0, 0, 0, 0, 0, 0, 0, 0, 0, 0, 0, 0, 0, 0, 0, 0, 0, 0, 0, 0, 0, 0, 0, 0, 0, 0, 0, 0, -0.5000001192092896, 0.8660253286361694, 0, 0, 0, 0, 0, 0, 0, 0, 0, 0, 0, 0, 0, 0, 0, 0, 0, 0, 0, 0, 0, 0, 0, 0, 0, 0, 0, 0, 0, 0, 0, -0.5000001192092896, 0.8660253286361694, 0, 0, 0, 0, 0, 0, 0, 0, 0, 0, 0, 0, 0, 0, 0, 0, 0, 0, 0, 0, 0, 0, 0, 0, 0, 0, 0, 0, -0.49999988079071045, 0.866025447845459, 0, 0, 0, 0, 0, 0, 0, 0, 0, 0, 0, 0, 0, 0, 0, 0, 0, 0, 0, 0, 0, 0, 0, 0, 0, 0, 0, 0, -0.5000001192092896, 0.8660253286361694, 0, 0, 0, 0, 0, 0, 0, 0, 0, 0, 0, 0, 0, 0, 0, 0, 0, 0, 0, 0, 0, 0, -0.5000001192092896, 0.8660253286361694, 0, 0, 0, 0, 0, 0, 0, 0, 0, 0, 0, 0, 0, 0, 0, 0, 0, 0, 0, 0, 0, 0, 0, 0, 0, 0, 0, 0, 0, 0, 0, 0, 0, 0, 0, 0, 0, -0.5000001192092896, 0.8660253286361694, 0, 0, 0, 0, 0, 0, 0, 0, 0, 0, 0, 0, 0, 0, 0, 0, 0, 0, 0, 0, 0, 0, 0, 0, 0, 0, 0, 0, -0.5000001192092896, 0.8660253286361694, 0, 0, 0, 0, 0, 0, 0, 0, 0, 0, 0, 0, 0, 0, 0, 0, 0, 0, 0, 0, 0, 0, -0.5000001192092896, 0.8660253286361694, 0, 0, 0, 0, 0, 0, 0, 0, 0, 0, 0, 0, 0, 0, 0, 0, 0, 0, 0, 0, 0, 0, 0, 0, 0, 0, 0, 0, -0.5000001192092896, 0.8660253286361694, 0, 0, 0, 0, 0, 0, 0, 0, 0, 0, 0, 0, 0, 0, 0, 0, 0, 0, 0, 0, 0, 0, 0, 0, 0, 0, 0, 0, 0, 0, 0, -0.5000002384185791, 0.8660252690315247, 0, 0, 0, 0, 0, 0, 0, 0, 0, 0, 0, 0, 0, 0, 0, 0, 0, 0, 0, 0, 0, 0, 0, 0, 0, 0, 0, 0, -0.5000001192092896, 0.8660253286361694, 0, 0, 0, 0, 0, 0, 0, 0, 0, 0, 0, 0, 0, 0, 0, 0, 0, 0, 0, 0, 0, 0, 0, 0, 0, 0, 0, 0, -0.5000001192092896, 0.8660253286361694, 0, 0, 0, 0, 0, 0, 0, 0, 0, 0, 0, 0, 0, 0, 0, 0, 0, 0, 0, 0, 0, 0, -0.49999964237213135, 0.8660256266593933, 0, 0, 0, 0, 0, 0, 0, 0, 0, 0, 0, 0, 0, 0, 0, 0, 0, 0, 0, 0, 0, 0, 0, 0, 0, 0, 0, 0, 0, 0, 0, 0, 0, 0, 0, 0, 0, -0.4999999701976776, 0.866025447845459, 0, 0, 0, 0, 0, 0, 0, 0, 0, 0, 0, 0, 0, 0, 0, 0, 0, 0, 0, 0, 0, 0, 0, 0, 0, 0, 0, 0, -0.5000002384185791, 0.8660252690315247, 0, 0, 0, 0, 0, 0, 0, 0, 0, 0, 0, 0, 0, 0, 0, 0, 0, 0, 0, 0, 0, 0, -0.5000001192092896, 0.8660253286361694, 0, 0, 0, 0, 0, 0, 0, 0, 0, 0, 0, 0, 0, 0, 0, 0, 0, 0, 0, 0, 0, 0, 0, 0, 0, 0, 0, 0, -0.49999964237213135, 0.8660256266593933, 0, 0, 0, 0, 0, 0, 0, 0, 0, 0, 0, 0, 0, 0, 0, 0, 0, 0, 0, 0, 0, 0, 0, 0, 0, 0, 0, 0, 0, 0, 0, -0.5000004172325134, 0.8660251498222351, 0, 0, 0, 0, 0, 0, 0, 0, 0, 0, 0, 0, 0, 0, 0, 0, 0, 0, 0, 0, 0, 0, 0, 0, 0, 0, 0, 0, -0.4999997913837433, 0.8660255074501038, 0, 0, 0, 0, 0, 0, 0, 0, 0, 0, 0, 0, 0, 0, 0, 0, 0, 0, 0, 0, 0, 0, 0, 0, 0, 0, 0, 0, -0.5000006556510925, 0.8660250306129456, 0, 0, 0, 0, 0, 0, 0, 0, 0, 0, 0, 0, 0, 0, 0, 0, 0, 0, 0, 0, 0, 0, -0.4999995231628418, 0.8660256862640381, 0, 0, 0, 0, 0, 0, 0, 0, 0, 0, 0, 0, 0, 0, 0, 0, 0, 0, 0, 0, 0, 0, 0, 0, 0, 0, 0, 0, 0, 0, 0, 0, 0, 0, 0, 0, 0, -0.5000006556510925, 0.8660250306129456, 0, 0, 0, 0, 0, 0, 0, 0, 0, 0, 0, 0, 0, 0, 0, 0, 0, 0, 0, 0, 0, 0, 0, 0, 0, 0, 0, 0, -0.4999995231628418, 0.8660256862640381, 0, 0, 0, 0, 0, 0, 0, 0, 0, 0, 0, 0, 0, 0, 0, 0, 0, 0, 0, 0, 0, 0, -0.5000004172325134, 0.8660251498222351, 0, 0, 0, 0, 0, 0, 0, 0, 0, 0, 0, 0, 0, 0, 0, 0, 0, 0, 0, 0, 0, 0, 0, 0, 0, 0, 0, 0, -0.4999997913837433, 0.8660255074501038, 0, 0, 0, 0, 0, 0, 0, 0, 0, 0, 0, 0, 0, 0, 0, 0, 0, 0, 0, 0, 0, 0, 0, 0, 0, 0, 0, 0, 0, 0, 0, -0.5000009536743164, 0.8660248517990112, 0, 0, 0, 0, 0, 0, 0, 0, 0, 0, 0, 0, 0, 0, 0, 0, 0, 0, 0, 0, 0, 0, 0, 0, 0, 0, 0, 0, -0.4999995231628418, 0.8660256862640381, 0, 0, 0, 0, 0, 0, 0, 0, 0, 0, 0, 0, 0, 0, 0, 0, 0, 0, 0, 0, 0, 0, 0, 0, 0, 0, 0, 0, -0.4999995231628418, 0.8660256862640381, 0, 0, 0, 0, 0, 0, 0, 0, 0, 0, 0, 0, 0, 0, 0, 0, 0, 0, 0, 0, 0, 0, -0.5000006556510925, 0.8660250306129456, 0, 0, 0, 0, 0, 0, 0, 0, 0, 0, 0, 0, 0, 0, 0, 0, 0, 0, 0, 0, 0, 0, 0, 0, 0, 0, 0, 0, 0, 0, 0, 0, 0, 0, -0.4999999701976776, 0.8660253882408142, 0, 0, 0, 0, 0, 0, 0, 0, 0, 0, 0, 0, 0, 0, 0, 0, -0.5000001192092896, 0.8660253286361694, 0, 0, 0, 0, 0, 0, 0, 0, 0, 0, 0, 0, 0, 0, 0, 0, -0.49999988079071045, 0.866025447845459, 0, 0, 0, 0, 0, 0, 0, 0, 0, 0, 0, 0, 0, 0, 0, 0, -0.5000001192092896, 0.8660253286361694, 0, 0, 0, 0, 0, 0, 0, 0, 0, 0, 0, 0, 0, 0, 0, 0, 0, 0, 0, 0, 0, 0, 0, 0, 0, -0.5000001192092896, 0.8660253286361694, 0, 0, 0, 0, 0, 0, 0, 0, 0, 0, 0, 0, 0, 0, 0, 0, -0.49999988079071045, 0.866025447845459, 0, 0, 0, 0, 0, 0, 0, 0, 0, 0, 0, 0, 0, 0, 0, 0, -0.5000001192092896, 0.8660253286361694, 0, 0, 0, 0, 0, 0, 0, 0, 0, 0, 0, 0, 0, 0, 0, 0, -0.5000001192092896, 0.8660253286361694, 0, 0, 0, 0, 0, 0, 0, 0, 0, 0, 0, 0, 0, 0, 0, 0, 0, 0, 0, 0, 0, 0, 0, 0, 0, -0.5000001192092896, 0.8660253286361694, 0, 0, 0, 0, 0, 0, 0, 0, 0, 0, 0, 0, 0, 0, 0, 0, -0.5000001192092896, 0.8660253286361694, 0, 0, 0, 0, 0, 0, 0, 0, 0, 0, 0, 0, 0, 0, 0, 0, -0.5000001192092896, 0.8660253286361694, 0, 0, 0, 0, 0, 0, 0, 0, 0, 0, 0, 0, 0, 0, 0, 0, -0.5000001192092896, 0.8660253286361694, 0, 0, 0, 0, 0, 0, 0, 0, 0, 0, 0, 0, 0, 0, 0, 0, 0, 0, 0, 0, 0, 0, 0, 0, 0, -0.5000002384185791, 0.8660252690315247, 0, 0, 0, 0, 0, 0, 0, 0, 0, 0, 0, 0, 0, 0, 0, 0, -0.5000001192092896, 0.8660253286361694, 0, 0, 0, 0, 0, 0, 0, 0, 0, 0, 0, 0, 0, 0, 0, 0, -0.5000001192092896, 0.8660253286361694, 0, 0, 0, 0, 0, 0, 0, 0, 0, 0, 0, 0, 0, 0, 0, 0, -0.49999964237213135, 0.8660256266593933, 0, 0, 0, 0, 0, 0, 0, 0, 0, 0, 0, 0, 0, 0, 0, 0, 0, 0, 0, 0, 0, 0, 0, 0, 0, -0.4999999701976776, 0.866025447845459, 0, 0, 0, 0, 0, 0, 0, 0, 0, 0, 0, 0, 0, 0, 0, 0, -0.5000002384185791, 0.8660252690315247, 0, 0, 0, 0, 0, 0, 0, 0, 0, 0, 0, 0, 0, 0, 0, 0, -0.5000001192092896, 0.8660253286361694, 0, 0, 0, 0, 0, 0, 0, 0, 0, 0, 0, 0, 0, 0, 0, 0, -0.49999964237213135, 0.8660256266593933, 0, 0, 0, 0, 0, 0, 0, 0, 0, 0, 0, 0, 0, 0, 0, 0, 0, 0, 0, 0, 0, 0, 0, 0, 0, -0.5000004172325134, 0.8660251498222351, 0, 0, 0, 0, 0, 0, 0, 0, 0, 0, 0, 0, 0, 0, 0, 0, -0.4999997913837433, 0.8660255074501038, 0, 0, 0, 0, 0, 0, 0, 0, 0, 0, 0, 0, 0, 0, 0, 0, -0.5000006556510925, 0.8660250306129456, 0, 0, 0, 0, 0, 0, 0, 0, 0, 0, 0, 0, 0, 0, 0, 0, -0.4999995231628418, 0.8660256862640381, 0, 0, 0, 0, 0, 0, 0, 0, 0, 0, 0, 0, 0, 0, 0, 0, 0, 0, 0, 0, 0, 0, 0, 0, 0, -0.5000006556510925, 0.8660250306129456, 0, 0, 0, 0, 0, 0, 0, 0, 0, 0, 0, 0, 0, 0, 0, 0, -0.4999995231628418, 0.8660256862640381, 0, 0, 0, 0, 0, 0, 0, 0, 0, 0, 0, 0, 0, 0, 0, 0, -0.5000004172325134, 0.8660251498222351, 0, 0, 0, 0, 0, 0, 0, 0, 0, 0, 0, 0, 0, 0, 0, 0, -0.4999997913837433, 0.8660255074501038, 0, 0, 0, 0, 0, 0, 0, 0, 0, 0, 0, 0, 0, 0, 0, 0, 0, 0, 0, 0, 0, 0, 0, 0, 0, -0.5000009536743164, 0.8660248517990112, 0, 0, 0, 0, 0, 0, 0, 0, 0, 0, 0, 0, 0, 0, 0, 0, -0.4999995231628418, 0.8660256862640381, 0, 0, 0, 0, 0, 0, 0, 0, 0, 0, 0, 0, 0, 0, 0, 0, -0.4999995231628418, 0.8660256862640381, 0, 0, 0, 0, 0, 0, 0, 0, 0, 0, 0, 0, 0, 0, 0, 0, -0.5000006556510925, 0.8660250306129456, 0, 0, 0, 0, 0, 0, 0, 0, 0, 0, 0, 0, 0, 0, 0, 0, 0, 0, 0, 0, 0, 0, 0, 0, 0, 0, 0, 0, 0, 0, 0, 0, 0, 0, 0, 0, 0, 0, 0, 0, 0, 0, 0, 0, 0, 0, 0, 0, 0, 0, 0, 0, 0, 0, 0, 0, 0, 0, 0, 0, 0, 0, 0, 0, 0, 0, 0, 0, 0, 0, 0, 0, 0, 0, 0, 0, 0, 0, 0, 0, 0, 0, 0, 0, 0, 0, 0, 0, 0, 0, 0, 0, 0, 0, 0, 0, 0, 0, 0, 0, 0, 0, 0, 0, 0, 0, 0, 0, 0, 0, 0, 0, 0, 0, 0, 0, 0, 0, 0, 0, 0, 0, 0, 0, 0, 0, 0, 0, 0, 0, 0, 0, 0, 0, 0, 0, 0, 0, 0, 0, 0, 0, 0, 0, 0, 0, 0, 0, 0, 0, 0, 0, 0, 0, 0, 0, 0, 0, 0, 0, 0, 0, 0, 0, 0, 0, 0, 0, 0, 0, 0, 0, 0, 0, 0, 0, 0, 0, 0, 0, 0, 0, 0, 0, 0, 0, 0, 0, 0, 0, 0, 0, 0, 0, 0, 0, 0, 0, 0, 0, 0, 0, 0, 0, 0, 0, 0, 0, 0, 0, 0, 0, 0, 0, 0, 0, 0, 0, 0, 0, 0, 0, 0, 0, 0, 0, 0, 0, 0, 0, 0, 0, 0, 0, 0, 0, 0, 0, 0, 0, 0, 0, 0, 0, 0, 0, 0, 0, 0, 0, 0, 0, 0, 0, 0, 0, 0, 0, 0, 0, 0, 0, 0, 0, 0, 0, 0, 0, 0, 0, 0, 0, 0, 0, 0, 0, 0, 0, 0, 0, 0, 0, 0, 0, 0, 0, 0, 0, 0, 0, 0, 0, 0, 0, 0, 0, 0, 0, 0, 0, 0, 0, 0, 0, 0, 0, 0, 0, 0, 0, 0, 0, 0, 0, 0, 0, 0, 0, 0, 0, 0, 0, 0, 0, 0, 0, 0, 0, 0, 0, 0, 0, 0, 0, 0, 0, 0, 0, 0, 0, 0, 0, 0, 0, 0, 0, 0, 0, 0, 0, 0, 0, 0, 0, 0, 0, 0, 0, 0, 0, 0, 0, 0, 0, 0, 0, 0, 0, 0, 0, 0, 0, 0, 0, 0, 0, 0, 0, 0, 0, 0, 0, 0, 0, 0, 0, 0, 0, 0, 0, 0, 0, 0, 0, 0, 0, 0, 0, 0, 0, 0, 0, 0, 0, 0, 0, 0, 0, 0, 0, 0, 0, 0, 0, 0, 0, 0, 0, 0, 0, 0, 0, 0, 0, 0, 0, 0, 0, 0, 0, 0, 0, 0, 0, 0, 0, 0, 0, 0, 0, 0, 0, 0, 0, 0, 0, 0, 0, 0, 0, 0, 0, 0, 0, 0, 0, 0, 0, 0, 0, 0, 0, 0, 0, 0, 0, 0, 0, 0, 0, 0, 0, 0, 0, 0, 0, 0, 0, 0, 0, 0, 0, 0, 0, 0, 0, 0, 0, 0, 0, 0, 0, 0, 0, 0, 0, 0, 0, 0, 0, 0, 0, 0, 0, 0, 0, 0, 0, 0, 0, 0, 0, 0, 0, 0, 0, 0, 0, 0, 0, 0, 0, 0, 0, 0, 0, 0, 0, 0, 0, 0, 0, 0, 0, 0, 0, 0, 0, 0, 0, 0, 0, 0, 0, 0, 0, 0, 0, 0, 0, 0, 0, 0, 0, 0, 0, 0, 0, 0, 0, 0, 0, 0, 0, 0, 0, 0, 0, 0, 0, 0, 0, 0, 0, 0, 0, 0, 0, 0, 0, 0, 0, 0, 0, 0, 0, 0, 0, 0, 0, 0, 0, -0.5000009536743164, 0.8660248517990112, 0, 0, 0, 0, 0, 0, 0, 0, 0, 0, 0, 0, 0, 0, 0, 0, -0.4999995231628418, 0.8660256862640381, 0, 0, 0, 0, 0, 0, 0, 0, 0, 0, 0, 0, 0, 0, 0, 0, -0.4999995231628418, 0.8660256862640381, 0, 0, 0, 0, 0, 0, 0, 0, 0, 0, 0, 0, 0, 0, 0, 0, -0.5000006556510925, 0.8660250306129456, 0, 0, 0, 0, 0, 0, 0, 0, 0, 0, 0, 0, 0, 0, 0, 0, 0, 0, 0, 0, 0, 0, 0, 0, 0, -0.4999999701976776, 0.8660253882408142, 0, 0, 0, 0, 0, 0, 0, 0, 0, 0, 0, 0, 0, 0, 0, 0, -0.5000001192092896, 0.8660253286361694, 0, 0, 0, 0, 0, 0, 0, 0, 0, 0, 0, 0, 0, 0, 0, 0, -0.49999988079071045, 0.866025447845459, 0, 0, 0, 0, 0, 0, 0, 0, 0, 0, 0, 0, 0, 0, 0, 0, -0.5000001192092896, 0.8660253286361694, 0, 0, 0, 0, 0, 0, 0, 0, 0, 0, 0, 0, 0, 0, 0, 0, 0, 0, 0, 0, 0, 0, 0, 0, 0, -0.5000001192092896, 0.8660253286361694, 0, 0, 0, 0, 0, 0, 0, 0, 0, 0, 0, 0, 0, 0, 0, 0, -0.49999988079071045, 0.866025447845459, 0, 0, 0, 0, 0, 0, 0, 0, 0, 0, 0, 0, 0, 0, 0, 0, -0.5000001192092896, 0.8660253286361694, 0, 0, 0, 0, 0, 0, 0, 0, 0, 0, 0, 0, 0, 0, 0, 0, -0.5000001192092896, 0.8660253286361694, 0, 0, 0, 0, 0, 0, 0, 0, 0, 0, 0, 0, 0, 0, 0, 0, 0, 0, 0, 0, 0, 0, 0, 0, 0, -0.5000001192092896, 0.8660253286361694, 0, 0, 0, 0, 0, 0, 0, 0, 0, 0, 0, 0, 0, 0, 0, 0, -0.5000001192092896, 0.8660253286361694, 0, 0, 0, 0, 0, 0, 0, 0, 0, 0, 0, 0, 0, 0, 0, 0, -0.5000001192092896, 0.8660253286361694, 0, 0, 0, 0, 0, 0, 0, 0, 0, 0, 0, 0, 0, 0, 0, 0, -0.5000001192092896, 0.8660253286361694, 0, 0, 0, 0, 0, 0, 0, 0, 0, 0, 0, 0, 0, 0, 0, 0, 0, 0, 0, 0, 0, 0, 0, 0, 0, -0.5000002384185791, 0.8660252690315247, 0, 0, 0, 0, 0, 0, 0, 0, 0, 0, 0, 0, 0, 0, 0, 0, -0.5000001192092896, 0.8660253286361694, 0, 0, 0, 0, 0, 0, 0, 0, 0, 0, 0, 0, 0, 0, 0, 0, -0.5000001192092896, 0.8660253286361694, 0, 0, 0, 0, 0, 0, 0, 0, 0, 0, 0, 0, 0, 0, 0, 0, -0.49999964237213135, 0.8660256266593933, 0, 0, 0, 0, 0, 0, 0, 0, 0, 0, 0, 0, 0, 0, 0, 0, 0, 0, 0, 0, 0, 0, 0, 0, 0, -0.4999999701976776, 0.866025447845459, 0, 0, 0, 0, 0, 0, 0, 0, 0, 0, 0, 0, 0, 0, 0, 0, -0.5000002384185791, 0.8660252690315247, 0, 0, 0, 0, 0, 0, 0, 0, 0, 0, 0, 0, 0, 0, 0, 0, -0.5000001192092896, 0.8660253286361694, 0, 0, 0, 0, 0, 0, 0, 0, 0, 0, 0, 0, 0, 0, 0, 0, -0.49999964237213135, 0.8660256266593933, 0, 0, 0, 0, 0, 0, 0, 0, 0, 0, 0, 0, 0, 0, 0, 0, 0, 0, 0, 0, 0, 0, 0, 0, 0, -0.5000004172325134, 0.8660251498222351, 0, 0, 0, 0, 0, 0, 0, 0, 0, 0, 0, 0, 0, 0, 0, 0, -0.4999997913837433, 0.8660255074501038, 0, 0, 0, 0, 0, 0, 0, 0, 0, 0, 0, 0, 0, 0, 0, 0, -0.5000006556510925, 0.8660250306129456, 0, 0, 0, 0, 0, 0, 0, 0, 0, 0, 0, 0, 0, 0, 0, 0, -0.4999995231628418, 0.8660256862640381, 0, 0, 0, 0, 0, 0, 0, 0, 0, 0, 0, 0, 0, 0, 0, 0, 0, 0, 0, 0, 0, 0, 0, 0, 0, -0.5000006556510925, 0.8660250306129456, 0, 0, 0, 0, 0, 0, 0, 0, 0, 0, 0, 0, 0, 0, 0, 0, -0.4999995231628418, 0.8660256862640381, 0, 0, 0, 0, 0, 0, 0, 0, 0, 0, 0, 0, 0, 0, 0, 0, -0.5000004172325134, 0.8660251498222351, 0, 0, 0, 0, 0, 0, 0, 0, 0, 0, 0, 0, 0, 0, 0, 0, -0.4999997913837433, 0.8660255074501038, 0, 0, 0, 0, 0, 0, 0, 0, 0, 0, 0, 0, 0, 0, 0, 0, 0, 0, 0, 0, 0, 0, 0, 0, 0, -0.5000009536743164, 0.8660248517990112, 0, 0, 0, 0, 0, 0, 0, 0, 0, 0, 0, 0, 0, 0, 0, 0, -0.4999995231628418, 0.8660256862640381, 0, 0, 0, 0, 0, 0, 0, 0, 0, 0, 0, 0, 0, 0, 0, 0, -0.4999995231628418, 0.8660256862640381, 0, 0, 0, 0, 0, 0, 0, 0, 0, 0, 0, 0, 0, 0, 0, 0, -0.5000006556510925, 0.8660250306129456, 0, 0, 0, 0, 0, 0, 0, 0, 0, 0, 0, 0, 0, 0, 0, 0, 0, 0, 0, 0, 0, 0, 0, 0, 0, 0, 0, 0, 0, 0, 0, 0, 0, 0, 0, 0, 0, 0, 0, 0, 0, 0, 0, 0, 0, 0, 0, 0, 0, 0, 0, 0, 0, 0, 0, 0, 0, 0, 0, 0, 0, 0, 0, 0, 0, 0, 0, 0, 0, 0, 0, 0, 0, 0, 0, 0, 0, 0, 0, 0, 0, 0, 0, 0, 0, 0, 0, 0, 0, 0, 0, 0, 0, 0, 0, 0, 0, 0, 0, 0, 0, 0, 0, 0, 0, 0, 0, 0, 0, 0, 0, 0, 0, 0, 0, 0, 0, 0, 0, 0, 0, 0, 0, 0, 0, 0, 0, 0, 0, 0, 0, 0, 0, 0, 0, 0, 0, 0, 0, 0, 0, 0, 0, 0, 0, 0, 0, 0, 0, 0, 0, 0, 0, 0, 0, 0, 0, 0, 0, 0, 0, 0, 0, 0, 0, 0, 0, 0, 0, 0, 0, 0, 0, 0, 0, 0, 0, 0, 0, 0, 0, 0, 0, 0, 0, 0, 0, 0, 0, 0, 0, 0, 0, 0, 0, 0, 0, 0, 0, 0, 0, 0, 0, 0, 0, 0, 0, 0, 0, 0, 0, 0, 0, 0, 0, 0, 0, 0, 0, 0, 0, 0, 0, 0, 0, 0, 0, 0, 0, 0, 0, 0, 0, 0, 0, 0, 0, 0, 0, 0, 0, 0, 0, 0, 0, 0, 0, 0, 0, 0, 0, 0, 0, 0, 0, 0, 0, 0, 0, 0, 0, 0, 0, 0, 0, 0, 0, 0, 0, 0, 0, 0, 0, 0, 0, 0, 0, 0, 0, 0, 0, 0, 0, 0, 0, 0, 0, 0, 0, 0, 0, 0, 0, 0, 0, 0, 0, 0, 0, 0, 0, 0, 0, 0, 0, 0, 0, 0, 0, 0, 0, 0, 0, 0, 0, 0, 0, 0, 0, 0, 0, 0, 0, 0, 0, 0, 0, 0, 0, 0, 0, 0, 0, 0, 0, 0, 0, 0, 0, 0, 0, 0, 0, 0, 0, 0, 0, 0, 0, 0, 0, 0, 0, 0, 0, 0, 0, 0, 0, 0, 0, 0, 0, 0, 0, 0, 0, 0, 0, 0, 0, 0, 0, 0, 0, 0, 0, 0, 0, 0, 0, 0, 0, 0, 0, 0, 0, 0, 0, 0, 0, 0, 0, 0, 0, 0, 0, 0, 0, 0, 0, 0, 0, 0, 0, 0, 0, 0, 0, 0, 0, 0, 0, 0, 0, 0, 0, 0, 0, 0, 0, 0, 0, 0, 0, 0, 0, 0, 0, 0, 0, 0, 0, 0, 0, 0, 0, 0, 0, 0, 0, 0, 0, 0, 0, 0, 0, 0, 0, 0, 0, 0, 0, 0, 0, 0, 0, 0, 0, 0, 0, 0, 0, 0, 0, 0, 0, 0, 0, 0, 0, 0, 0, 0, 0, 0, 0, 0, 0, 0, 0, 0, 0, 0, 0, 0, 0, 0, 0, 0, 0, 0, 0, 0, 0, 0, 0, 0, 0, 0, 0, 0, 0, 0, 0, 0, 0, 0, 0, 0, 0, 0, 0, 0, 0, 0, 0, 0, 0, 0, 0, 0, 0, 0, 0, 0, 0, 0, 0, 0, 0, 0, 0, 0, 0, 0, 0, 0, 0, 0, 0, 0, 0, 0, 0, 0, 0, 0, 0, 0, 0, 0, 0, 0, 0, 0, 0, 0, 0, 0, 0, 0, 0, 0, 0, 0, 0, 0, 0, 0, 0, 0, 0, 0, 0, 0, 0, 0, 0, 0, 0, 0, 0, 0, 0, 0, 0, 0, 0, 0, 0, 0, 0, 0, 0, 0, 0, 0, 0, 0, 0, 0, 0, 0, 0, 0, 0, 0, 0, 0, 0, 0, 0, 0, 0, 0, 0, 0, 0, 0, 0, 0, 0, 0, 0, 0, 0, 0, 0, 0, 0, 0, 0, 0, 0, 0, 0, 0, 0, 0, 0, 0, 0, 0, 0, 0, 0, 0, 0, 0, 0, 0, 0, 0, 0, 0, 0, 0, 0, 0, 0, 0, 0, 0, 0, 0, 0, 0, 0, 0, 0, 0, 0, 0, 0, 0, 0, 0, 0, 0, 0, 0, 0, 0, 0, 0, 0, 0, 0, 0, 0, 0, 0, 0, 0, 0, 0, 0, 0, 0, 0, 0, 0, 0, 0, 0, 0, 0, 0, 0, 0, 0, 0, 0, 0, 0, 0, 0, 0, 0, 0, 0, 0, 0, 0, 0, 0, 0, 0, 0, 0, 0, 0, 0, 0, 0, 0, 0, 0, 0, 0, 0, 0, 0, 0, 0, 0, 0, 0, 0, 0, 0, 0, 0, 0, 0, 0, 0, 0, 0, 0, 0, 0, 0, 0, 0, 0, 0, 0, 0, 0, 0, 0, 0, 0, 0, 0, 0, 0, 0, 0, 0, 0, 0, 0, 0, 0, 0, 0, 0, 0, 0, 0, 0, 0, 0, 0, 0, 0, 0, 0, 0, 0, 0, 0, 0, 0, 0, 0, 0, 0, 0, 0, 0, 0, 0, 0, 0, 0, 0, 0, 0, 0, 0, 0, 0, 0, 0, 0, 0, 0, 0, -0.5000001192092896, -0.8660253286361694, 0, 0, 0, 0, 0, 0, 0, 0, 0, 0, 0, 0, 0, 0, 0, 0, 0, 0, 0, 0, 0, 0, 0, 0, 0, 0, 0, 0, -0.49999988079071045, -0.866025447845459, 0, 0, 0, 0, 0, 0, 0, 0, 0, 0, 0, 0, 0, 0, 0, 0, 0, 0, 0, 0, 0, 0, -0.5000001192092896, -0.8660253286361694, 0, 0, 0, 0, 0, 0, 0, 0, 0, 0, 0, 0, 0, 0, 0, 0, 0, 0, 0, 0, 0, 0, 0, 0, 0, 0, 0, 0, -0.4999999701976776, -0.8660253882408142, 0, 0, 0, 0, 0, 0, 0, 0, 0, 0, 0, 0, 0, 0, 0, 0, 0, 0, 0, 0, 0, 0, 0, 0, 0, 0, 0, 0, 0, 0, 0, -0.5000001192092896, -0.8660253286361694, 0, 0, 0, 0, 0, 0, 0, 0, 0, 0, 0, 0, 0, 0, 0, 0, 0, 0, 0, 0, 0, 0, 0, 0, 0, 0, 0, 0, -0.5000001192092896, -0.8660253286361694, 0, 0, 0, 0, 0, 0, 0, 0, 0, 0, 0, 0, 0, 0, 0, 0, 0, 0, 0, 0, 0, 0, 0, 0, 0, 0, 0, 0, -0.49999988079071045, -0.866025447845459, 0, 0, 0, 0, 0, 0, 0, 0, 0, 0, 0, 0, 0, 0, 0, 0, 0, 0, 0, 0, 0, 0, -0.5000001192092896, -0.8660253286361694, 0, 0, 0, 0, 0, 0, 0, 0, 0, 0, 0, 0, 0, 0, 0, 0, 0, 0, 0, 0, 0, 0, 0, 0, 0, 0, 0, 0, 0, 0, 0, 0, 0, 0, 0, 0, 0, -0.5000001192092896, -0.8660253286361694, 0, 0, 0, 0, 0, 0, 0, 0, 0, 0, 0, 0, 0, 0, 0, 0, 0, 0, 0, 0, 0, 0, 0, 0, 0, 0, 0, 0, -0.5000001192092896, -0.8660253286361694, 0, 0, 0, 0, 0, 0, 0, 0, 0, 0, 0, 0, 0, 0, 0, 0, 0, 0, 0, 0, 0, 0, -0.5000001192092896, -0.8660253286361694, 0, 0, 0, 0, 0, 0, 0, 0, 0, 0, 0, 0, 0, 0, 0, 0, 0, 0, 0, 0, 0, 0, 0, 0, 0, 0, 0, 0, -0.5000001192092896, -0.8660253286361694, 0, 0, 0, 0, 0, 0, 0, 0, 0, 0, 0, 0, 0, 0, 0, 0, 0, 0, 0, 0, 0, 0, 0, 0, 0, 0, 0, 0, 0, 0, 0, -0.49999964237213135, -0.8660256266593933, 0, 0, 0, 0, 0, 0, 0, 0, 0, 0, 0, 0, 0, 0, 0, 0, 0, 0, 0, 0, 0, 0, 0, 0, 0, 0, 0, 0, -0.5000001192092896, -0.8660253286361694, 0, 0, 0, 0, 0, 0, 0, 0, 0, 0, 0, 0, 0, 0, 0, 0, 0, 0, 0, 0, 0, 0, 0, 0, 0, 0, 0, 0, -0.5000001192092896, -0.8660253286361694, 0, 0, 0, 0, 0, 0, 0, 0, 0, 0, 0, 0, 0, 0, 0, 0, 0, 0, 0, 0, 0, 0, -0.5000002384185791, -0.8660252690315247, 0, 0, 0, 0, 0, 0, 0, 0, 0, 0, 0, 0, 0, 0, 0, 0, 0, 0, 0, 0, 0, 0, 0, 0, 0, 0, 0, 0, 0, 0, 0, 0, 0, 0, 0, 0, 0, -0.49999964237213135, -0.8660256266593933, 0, 0, 0, 0, 0, 0, 0, 0, 0, 0, 0, 0, 0, 0, 0, 0, 0, 0, 0, 0, 0, 0, 0, 0, 0, 0, 0, 0, -0.5000001192092896, -0.8660253286361694, 0, 0, 0, 0, 0, 0, 0, 0, 0, 0, 0, 0, 0, 0, 0, 0, 0, 0, 0, 0, 0, 0, -0.5000002384185791, -0.8660252690315247, 0, 0, 0, 0, 0, 0, 0, 0, 0, 0, 0, 0, 0, 0, 0, 0, 0, 0, 0, 0, 0, 0, 0, 0, 0, 0, 0, 0, -0.4999999701976776, -0.866025447845459, 0, 0, 0, 0, 0, 0, 0, 0, 0, 0, 0, 0, 0, 0, 0, 0, 0, 0, 0, 0, 0, 0, 0, 0, 0, 0, 0, 0, 0, 0, 0, -0.4999995231628418, -0.8660256862640381, 0, 0, 0, 0, 0, 0, 0, 0, 0, 0, 0, 0, 0, 0, 0, 0, 0, 0, 0, 0, 0, 0, 0, 0, 0, 0, 0, 0, -0.5000006556510925, -0.8660250306129456, 0, 0, 0, 0, 0, 0, 0, 0, 0, 0, 0, 0, 0, 0, 0, 0, 0, 0, 0, 0, 0, 0, 0, 0, 0, 0, 0, 0, -0.4999997913837433, -0.8660255074501038, 0, 0, 0, 0, 0, 0, 0, 0, 0, 0, 0, 0, 0, 0, 0, 0, 0, 0, 0, 0, 0, 0, -0.5000004172325134, -0.8660251498222351, 0, 0, 0, 0, 0, 0, 0, 0, 0, 0, 0, 0, 0, 0, 0, 0, 0, 0, 0, 0, 0, 0, 0, 0, 0, 0, 0, 0, 0, 0, 0, 0, 0, 0, 0, 0, 0, -0.4999997913837433, -0.8660255074501038, 0, 0, 0, 0, 0, 0, 0, 0, 0, 0, 0, 0, 0, 0, 0, 0, 0, 0, 0, 0, 0, 0, 0, 0, 0, 0, 0, 0, -0.5000004172325134, -0.8660251498222351, 0, 0, 0, 0, 0, 0, 0, 0, 0, 0, 0, 0, 0, 0, 0, 0, 0, 0, 0, 0, 0, 0, -0.4999995231628418, -0.8660256862640381, 0, 0, 0, 0, 0, 0, 0, 0, 0, 0, 0, 0, 0, 0, 0, 0, 0, 0, 0, 0, 0, 0, 0, 0, 0, 0, 0, 0, -0.5000006556510925, -0.8660250306129456, 0, 0, 0, 0, 0, 0, 0, 0, 0, 0, 0, 0, 0, 0, 0, 0, 0, 0, 0, 0, 0, 0, 0, 0, 0, 0, 0, 0, 0, 0, 0, -0.5000006556510925, -0.8660250306129456, 0, 0, 0, 0, 0, 0, 0, 0, 0, 0, 0, 0, 0, 0, 0, 0, 0, 0, 0, 0, 0, 0, 0, 0, 0, 0, 0, 0, -0.4999995231628418, -0.8660256862640381, 0, 0, 0, 0, 0, 0, 0, 0, 0, 0, 0, 0, 0, 0, 0, 0, 0, 0, 0, 0, 0, 0, 0, 0, 0, 0, 0, 0, -0.4999995231628418, -0.8660256862640381, 0, 0, 0, 0, 0, 0, 0, 0, 0, 0, 0, 0, 0, 0, 0, 0, 0, 0, 0, 0, 0, 0, -0.5000009536743164, -0.8660248517990112, 0, 0, 0, 0, 0, 0, 0, 0, 0, 0, 0, 0, 0, 0, 0, 0, 0, 0, 0, 0, 0, 0, 0, 0, 0, 0, 0, 0, 0, 0, 0, 0, 0, 0, -0.5000001192092896, -0.8660253286361694, 0, 0, 0, 0, 0, 0, 0, 0, 0, 0, 0, 0, 0, 0, 0, 0, -0.49999988079071045, -0.866025447845459, 0, 0, 0, 0, 0, 0, 0, 0, 0, 0, 0, 0, 0, 0, 0, 0, -0.5000001192092896, -0.8660253286361694, 0, 0, 0, 0, 0, 0, 0, 0, 0, 0, 0, 0, 0, 0, 0, 0, -0.4999999701976776, -0.8660253882408142, 0, 0, 0, 0, 0, 0, 0, 0, 0, 0, 0, 0, 0, 0, 0, 0, 0, 0, 0, 0, 0, 0, 0, 0, 0, -0.5000001192092896, -0.8660253286361694, 0, 0, 0, 0, 0, 0, 0, 0, 0, 0, 0, 0, 0, 0, 0, 0, -0.5000001192092896, -0.8660253286361694, 0, 0, 0, 0, 0, 0, 0, 0, 0, 0, 0, 0, 0, 0, 0, 0, -0.49999988079071045, -0.866025447845459, 0, 0, 0, 0, 0, 0, 0, 0, 0, 0, 0, 0, 0, 0, 0, 0, -0.5000001192092896, -0.8660253286361694, 0, 0, 0, 0, 0, 0, 0, 0, 0, 0, 0, 0, 0, 0, 0, 0, 0, 0, 0, 0, 0, 0, 0, 0, 0, -0.5000001192092896, -0.8660253286361694, 0, 0, 0, 0, 0, 0, 0, 0, 0, 0, 0, 0, 0, 0, 0, 0, -0.5000001192092896, -0.8660253286361694, 0, 0, 0, 0, 0, 0, 0, 0, 0, 0, 0, 0, 0, 0, 0, 0, -0.5000001192092896, -0.8660253286361694, 0, 0, 0, 0, 0, 0, 0, 0, 0, 0, 0, 0, 0, 0, 0, 0, -0.5000001192092896, -0.8660253286361694, 0, 0, 0, 0, 0, 0, 0, 0, 0, 0, 0, 0, 0, 0, 0, 0, 0, 0, 0, 0, 0, 0, 0, 0, 0, -0.49999964237213135, -0.8660256266593933, 0, 0, 0, 0, 0, 0, 0, 0, 0, 0, 0, 0, 0, 0, 0, 0, -0.5000001192092896, -0.8660253286361694, 0, 0, 0, 0, 0, 0, 0, 0, 0, 0, 0, 0, 0, 0, 0, 0, -0.5000001192092896, -0.8660253286361694, 0, 0, 0, 0, 0, 0, 0, 0, 0, 0, 0, 0, 0, 0, 0, 0, -0.5000002384185791, -0.8660252690315247, 0, 0, 0, 0, 0, 0, 0, 0, 0, 0, 0, 0, 0, 0, 0, 0, 0, 0, 0, 0, 0, 0, 0, 0, 0, -0.49999964237213135, -0.8660256266593933, 0, 0, 0, 0, 0, 0, 0, 0, 0, 0, 0, 0, 0, 0, 0, 0, -0.5000001192092896, -0.8660253286361694, 0, 0, 0, 0, 0, 0, 0, 0, 0, 0, 0, 0, 0, 0, 0, 0, -0.5000002384185791, -0.8660252690315247, 0, 0, 0, 0, 0, 0, 0, 0, 0, 0, 0, 0, 0, 0, 0, 0, -0.4999999701976776, -0.866025447845459, 0, 0, 0, 0, 0, 0, 0, 0, 0, 0, 0, 0, 0, 0, 0, 0, 0, 0, 0, 0, 0, 0, 0, 0, 0, -0.4999995231628418, -0.8660256862640381, 0, 0, 0, 0, 0, 0, 0, 0, 0, 0, 0, 0, 0, 0, 0, 0, -0.5000006556510925, -0.8660250306129456, 0, 0, 0, 0, 0, 0, 0, 0, 0, 0, 0, 0, 0, 0, 0, 0, -0.4999997913837433, -0.8660255074501038, 0, 0, 0, 0, 0, 0, 0, 0, 0, 0, 0, 0, 0, 0, 0, 0, -0.5000004172325134, -0.8660251498222351, 0, 0, 0, 0, 0, 0, 0, 0, 0, 0, 0, 0, 0, 0, 0, 0, 0, 0, 0, 0, 0, 0, 0, 0, 0, -0.4999997913837433, -0.8660255074501038, 0, 0, 0, 0, 0, 0, 0, 0, 0, 0, 0, 0, 0, 0, 0, 0, -0.5000004172325134, -0.8660251498222351, 0, 0, 0, 0, 0, 0, 0, 0, 0, 0, 0, 0, 0, 0, 0, 0, -0.4999995231628418, -0.8660256862640381, 0, 0, 0, 0, 0, 0, 0, 0, 0, 0, 0, 0, 0, 0, 0, 0, -0.5000006556510925, -0.8660250306129456, 0, 0, 0, 0, 0, 0, 0, 0, 0, 0, 0, 0, 0, 0, 0, 0, 0, 0, 0, 0, 0, 0, 0, 0, 0, -0.5000006556510925, -0.8660250306129456, 0, 0, 0, 0, 0, 0, 0, 0, 0, 0, 0, 0, 0, 0, 0, 0, -0.4999995231628418, -0.8660256862640381, 0, 0, 0, 0, 0, 0, 0, 0, 0, 0, 0, 0, 0, 0, 0, 0, -0.4999995231628418, -0.8660256862640381, 0, 0, 0, 0, 0, 0, 0, 0, 0, 0, 0, 0, 0, 0, 0, 0, -0.5000009536743164, -0.8660248517990112, 0, 0, 0, 0, 0, 0, 0, 0, 0, 0, 0, 0, 0, 0, 0, 0, 0, 0, 0, 0, 0, 0, 0, 0, 0, 0, 0, 0, 0, 0, 0, 0, 0, 0, 0, 0, 0, 0, 0, 0, 0, 0, 0, 0, 0, 0, 0, 0, 0, 0, 0, 0, 0, 0, 0, 0, 0, 0, 0, 0, 0, 0, 0, 0, 0, 0, 0, 0, 0, 0, 0, 0, 0, 0, 0, 0, 0, 0, 0, 0, 0, 0, 0, 0, 0, 0, 0, 0, 0, 0, 0, 0, 0, 0, 0, 0, 0, 0, 0, 0, 0, 0, 0, 0, 0, 0, 0, 0, 0, 0, 0, 0, 0, 0, 0, 0, 0, 0, 0, 0, 0, 0, 0, 0, 0, 0, 0, 0, 0, 0, 0, 0, 0, 0, 0, 0, 0, 0, 0, 0, 0, 0, 0, 0, 0, 0, 0, 0, 0, 0, 0, 0, 0, 0, 0, 0, 0, 0, 0, 0, 0, 0, 0, 0, 0, 0, 0, 0, 0, 0, 0, 0, 0, 0, 0, 0, 0, 0, 0, 0, 0, 0, 0, 0, 0, 0, 0, 0, 0, 0, 0, 0, 0, 0, 0, 0, 0, 0, 0, 0, 0, 0, 0, 0, 0, 0, 0, 0, 0, 0, 0, 0, 0, 0, 0, 0, 0, 0, 0, 0, 0, 0, 0, 0, 0, 0, 0, 0, 0, 0, 0, 0, 0, 0, 0, 0, 0, 0, 0, 0, 0, 0, 0, 0, 0, 0, 0, 0, 0, 0, 0, 0, 0, 0, 0, 0, 0, 0, 0, 0, 0, 0, 0, 0, 0, 0, 0, 0, 0, 0, 0, 0, 0, 0, 0, 0, 0, 0, 0, 0, 0, 0, 0, 0, 0, 0, 0, 0, 0, 0, 0, 0, 0, 0, 0, 0, 0, 0, 0, 0, 0, 0, 0, 0, 0, 0, 0, 0, 0, 0, 0, 0, 0, 0, 0, 0, 0, 0, 0, 0, 0, 0, 0, 0, 0, 0, 0, 0, 0, 0, 0, 0, 0, 0, 0, 0, 0, 0, 0, 0, 0, 0, 0, 0, 0, 0, 0, 0, 0, 0, 0, 0, 0, 0, 0, 0, 0, 0, 0, 0, 0, 0, 0, 0, 0, 0, 0, 0, 0, 0, 0, 0, 0, 0, 0, 0, 0, 0, 0, 0, 0, 0, 0, 0, 0, 0, 0, 0, 0, 0, 0, 0, 0, 0, 0, 0, 0, 0, 0, 0, 0, 0, 0, 0, 0, 0, 0, 0, 0, 0, 0, 0, 0, 0, 0, 0, 0, 0, 0, 0, 0, 0, 0, 0, 0, 0, 0, 0, 0, 0, 0, 0, 0, 0, 0, 0, 0, 0, 0, 0, 0, 0, 0, 0, 0, 0, 0, 0, 0, 0, 0, 0, 0, 0, 0, 0, 0, 0, 0, 0, 0, 0, 0, 0, 0, 0, 0, 0, 0, 0, 0, 0, 0, 0, 0, 0, 0, 0, 0, 0, 0, 0, 0, 0, 0, 0, 0, 0, 0, 0, 0, 0, 0, 0, 0, 0, 0, 0, 0, 0, 0, 0, 0, 0, 0, 0, 0, 0, 0, 0, 0, 0, 0, 0, 0, 0, 0, 0, 0, 0, 0, 0, 0, 0, 0, 0, 0, 0, 0, 0, 0, 0, 0, 0, 0, 0, 0, 0, 0, 0, 0, 0, 0, 0, 0, 0, 0, 0, 0, 0, 0, 0, 0, 0, 0, 0, 0, 0, 0, 0, 0, 0, 0, 0, 0, 0, 0, 0, 0, 0, 0, 0, 0, 0, 0, 0, 0, 0, 0, 0, 0, 0, 0, 0, 0, 0, 0, 0, 0, 0, 0, 0, -0.5000006556510925, -0.8660250306129456, 0, 0, 0, 0, 0, 0, 0, 0, 0, 0, 0, 0, 0, 0, 0, 0, -0.4999995231628418, -0.8660256862640381, 0, 0, 0, 0, 0, 0, 0, 0, 0, 0, 0, 0, 0, 0, 0, 0, -0.4999995231628418, -0.8660256862640381, 0, 0, 0, 0, 0, 0, 0, 0, 0, 0, 0, 0, 0, 0, 0, 0, -0.5000009536743164, -0.8660248517990112, 0, 0, 0, 0, 0, 0, 0, 0, 0, 0, 0, 0, 0, 0, 0, 0, 0, 0, 0, 0, 0, 0, 0, 0, 0, -0.5000001192092896, -0.8660253286361694, 0, 0, 0, 0, 0, 0, 0, 0, 0, 0, 0, 0, 0, 0, 0, 0, -0.49999988079071045, -0.866025447845459, 0, 0, 0, 0, 0, 0, 0, 0, 0, 0, 0, 0, 0, 0, 0, 0, -0.5000001192092896, -0.8660253286361694, 0, 0, 0, 0, 0, 0, 0, 0, 0, 0, 0, 0, 0, 0, 0, 0, -0.4999999701976776, -0.8660253882408142, 0, 0, 0, 0, 0, 0, 0, 0, 0, 0, 0, 0, 0, 0, 0, 0, 0, 0, 0, 0, 0, 0, 0, 0, 0, -0.5000001192092896, -0.8660253286361694, 0, 0, 0, 0, 0, 0, 0, 0, 0, 0, 0, 0, 0, 0, 0, 0, -0.5000001192092896, -0.8660253286361694, 0, 0, 0, 0, 0, 0, 0, 0, 0, 0, 0, 0, 0, 0, 0, 0, -0.49999988079071045, -0.866025447845459, 0, 0, 0, 0, 0, 0, 0, 0, 0, 0, 0, 0, 0, 0, 0, 0, -0.5000001192092896, -0.8660253286361694, 0, 0, 0, 0, 0, 0, 0, 0, 0, 0, 0, 0, 0, 0, 0, 0, 0, 0, 0, 0, 0, 0, 0, 0, 0, -0.5000001192092896, -0.8660253286361694, 0, 0, 0, 0, 0, 0, 0, 0, 0, 0, 0, 0, 0, 0, 0, 0, -0.5000001192092896, -0.8660253286361694, 0, 0, 0, 0, 0, 0, 0, 0, 0, 0, 0, 0, 0, 0, 0, 0, -0.5000001192092896, -0.8660253286361694, 0, 0, 0, 0, 0, 0, 0, 0, 0, 0, 0, 0, 0, 0, 0, 0, -0.5000001192092896, -0.8660253286361694, 0, 0, 0, 0, 0, 0, 0, 0, 0, 0, 0, 0, 0, 0, 0, 0, 0, 0, 0, 0, 0, 0, 0, 0, 0, -0.49999964237213135, -0.8660256266593933, 0, 0, 0, 0, 0, 0, 0, 0, 0, 0, 0, 0, 0, 0, 0, 0, -0.5000001192092896, -0.8660253286361694, 0, 0, 0, 0, 0, 0, 0, 0, 0, 0, 0, 0, 0, 0, 0, 0, -0.5000001192092896, -0.8660253286361694, 0, 0, 0, 0, 0, 0, 0, 0, 0, 0, 0, 0, 0, 0, 0, 0, -0.5000002384185791, -0.8660252690315247, 0, 0, 0, 0, 0, 0, 0, 0, 0, 0, 0, 0, 0, 0, 0, 0, 0, 0, 0, 0, 0, 0, 0, 0, 0, -0.49999964237213135, -0.8660256266593933, 0, 0, 0, 0, 0, 0, 0, 0, 0, 0, 0, 0, 0, 0, 0, 0, -0.5000001192092896, -0.8660253286361694, 0, 0, 0, 0, 0, 0, 0, 0, 0, 0, 0, 0, 0, 0, 0, 0, -0.5000002384185791, -0.8660252690315247, 0, 0, 0, 0, 0, 0, 0, 0, 0, 0, 0, 0, 0, 0, 0, 0, -0.4999999701976776, -0.866025447845459, 0, 0, 0, 0, 0, 0, 0, 0, 0, 0, 0, 0, 0, 0, 0, 0, 0, 0, 0, 0, 0, 0, 0, 0, 0, -0.4999995231628418, -0.8660256862640381, 0, 0, 0, 0, 0, 0, 0, 0, 0, 0, 0, 0, 0, 0, 0, 0, -0.5000006556510925, -0.8660250306129456, 0, 0, 0, 0, 0, 0, 0, 0, 0, 0, 0, 0, 0, 0, 0, 0, -0.4999997913837433, -0.8660255074501038, 0, 0, 0, 0, 0, 0, 0, 0, 0, 0, 0, 0, 0, 0, 0, 0, -0.5000004172325134, -0.8660251498222351, 0, 0, 0, 0, 0, 0, 0, 0, 0, 0, 0, 0, 0, 0, 0, 0, 0, 0, 0, 0, 0, 0, 0, 0, 0, -0.4999997913837433, -0.8660255074501038, 0, 0, 0, 0, 0, 0, 0, 0, 0, 0, 0, 0, 0, 0, 0, 0, -0.5000004172325134, -0.8660251498222351, 0, 0, 0, 0, 0, 0, 0, 0, 0, 0, 0, 0, 0, 0, 0, 0, -0.4999995231628418, -0.8660256862640381, 0, 0, 0, 0, 0, 0, 0, 0, 0, 0, 0, 0, 0, 0, 0, 0, -0.5000006556510925, -0.8660250306129456, 0, 0, 0, 0, 0, 0, 0, 0, 0, 0, 0, 0, 0, 0, 0, 0, 0, 0, 0, 0, 0, 0, 0, 0, 0, -0.5000006556510925, -0.8660250306129456, 0, 0, 0, 0, 0, 0, 0, 0, 0, 0, 0, 0, 0, 0, 0, 0, -0.4999995231628418, -0.8660256862640381, 0, 0, 0, 0, 0, 0, 0, 0, 0, 0, 0, 0, 0, 0, 0, 0, -0.4999995231628418, -0.8660256862640381, 0, 0, 0, 0, 0, 0, 0, 0, 0, 0, 0, 0, 0, 0, 0, 0, -0.5000009536743164, -0.8660248517990112, 0, 0, 0, 0, 0, 0, 0, 0, 0, 0, 0, 0, 0, 0, 0, 0, 0, 0, 0, 0, 0, 0, 0, 0, 0, 0, 0, 0, 0, 0, 0, 0, 0, 0, 0, 0, 0, 0, 0, 0, 0, 0, 0, 0, 0, 0, 0, 0, 0, 0, 0, 0, 0, 0, 0, 0, 0, 0, 0, 0, 0, 0, 0, 0, 0, 0, 0, 0, 0, 0, 0, 0, 0, 0, 0, 0, 0, 0, 0, 0, 0, 0, 0, 0, 0, 0, 0, 0, 0, 0, 0, 0, 0, 0, 0, 0, 0, 0, 0, 0, 0, 0, 0, 0, 0, 0, 0, 0, 0, 0, 0, 0, 0, 0, 0, 0, 0, 0, 0, 0, 0, 0, 0, 0, 0, 0, 0, 0, 0, 0, 0, 0, 0, 0, 0, 0, 0, 0, 0, 0, 0, 0, 0, 0, 0, 0, 0, 0, 0, 0, 0, 0, 0, 0, 0, 0, 0, 0, 0, 0, 0, 0, 0, 0, 0, 0, 0, 0, 0, 0, 0, 0, 0, 0, 0, 0, 0, 0, 0, 0, 0, 0, 0, 0, 0, 0, 0, 0, 0, 0, 0, 0, 0, 0, 0, 0, 0, 0, 0, 0, 0, 0, 0, 0, 0, 0, 0, 0, 0, 0, 0, 0, 0, 0, 0, 0, 0, 0, 0, 0, 0, 0, 0, 0, 0, 0, 0, 0, 0, 0, 0, 0, 0, 0, 0, 0, 0, 0, 0, 0, 0, 0, 0, 0, 0, 0, 0, 0, 0, 0, 0, 0, 0, 0, 0, 0, 0, 0, 0, 0, 0, 0, 0, 0, 0, 0, 0, 0, 0, 0, 0, 0, 0, 0, 0, 0, 0, 0, 0, 0, 0, 0, 0, 0, 0, 0, 0, 0, 0, 0, 0, 0, 0, 0, 0, 0, 0, 0, 0, 0, 0, 0, 0, 0, 0, 0, 0, 0, 0, 0, 0, 0, 0, 0, 0, 0, 0, 0, 0, 0, 0, 0, 0, 0, 0, 0, 0, 0, 0, 0, 0, 0, 0, 0, 0, 0, 0, 0, 0, 0, 0, 0, 0, 0, 0, 0, 0, 0, 0, 0, 0, 0, 0, 0, 0, 0, 0, 0, 0, 0, 0, 0, 0, 0, 0, 0, 0, 0, 0, 0, 0, 0, 0, 0, 0, 0, 0, 0, 0, 0, 0, 0, 0, 0, 0, 0, 0, 0, 0, 0, 0, 0, 0, 0, 0, 0, 0, 0, 0, 0, 0, 0, 0, 0, 0, 0, 0, 0, 0, 0, 0, 0, 0, 0, 0, 0, 0, 0, 0, 0, 0, 0, 0, 0, 0, 0, 0, 0, 0, 0, 0, 0, 0, 0, 0, 0, 0, 0, 0, 0, 0, 0, 0, 0, 0, 0, 0, 0, 0, 0, 0, 0, 0, 0, 0, 0, 0, 0, 0, 0, 0, 0, 0, 0, 0, 0, 0, 0, 0, 0, 0, 0, 0, 0, 0, 0, 0, 0, 0, 0, 0, 0, 0, 0, 0, 0, 0, 0, 0, 0, 0, 0, 0, 0, 0, 0, 0, 0, 0, 0, 0, 0, 0, 0, 0, 0, 0, 0, 0, 0, 0, 0, 0, 0, 0, 0, 0, 0, 0, 0, 0, 0, 0, 0, 0, 0, 0, 0, 0, 0, 0, 0, 0, 0, 0, 0, 0, 0, 0, 0, 0, 0, 0, 0, 0, 0, 0, 0, 0, 0, 0, 0, 0, 0, 0, 0, 0, 0, 0, 0, 0, 0, 0, 0, 0, 0, 0, 0, 0, 0, 0, 0, 0, 0, 0, 0, 0, 0, 0, 0, 0, 0, 0, 0, 0, 0, 0, 0, 0, 0, 0, 0, 0, 0, 0, 0, 0, 0, 0, 0, 0, 0, 0, 0, 0, 0, 0, 0, 0, 0, 0, 0, 0, 0, 0, 0, 0, 0, 0, 0, 0, 0, 0, 0, 0, 0, 0, 0, 0, 0, 0, 0, 0, 0, 0, 0, 0, 0, 0, 0, 0, 0, 0, 0, 0, 0, 0, 0, 0, 0, 0, 0, 0, 0, 0, 0, 0, 0, 0, 0, 0, 0, 0, 0, 0, 0, 0, 0, 0, 0, 0, 0, 0, 0, 0, 0, 0, 0, 0, 0, 0, 0, 0, 0, 0, 0, 0, 0, 0, 0, 0, 0, 0, 0, 0, 0, 0, 0, 0, 0, 0, 0, 0, 0, 0, 0, 0, 0, 0, 0, 0, 0, 0, 0, 0, 0, 0, 0, 0, 0, 0, 0, 0, 0, 0, 0, 0, 0, 0, 0, 0, 0, 0, 0, 0, 0, 0, 0, 0, 0, 0, 0, 0, 0, 0, 0, 0, 0, 0, 0, 0, 0, 0, 0, 0, 0, 0, 0, 0, 0, 0, 0, 0, 0, 0, 0, 0, 0, 0, 0, 0, 0, 0, 0, 0, 0, 0, 0, 0, 0, 0, 0, 0, 0, 0, 0, 0, 0, 0, 0, 0, 0, 0, 0, 0, 0, 0, 0, 0, 0, 0, 0, 0, 0, 0]
            int[] tet_chamber_mask = [-1, -1, -1, -1, -1, -1, -1, -1, -1, -1, -1, -1, -1, -1, -1, -1, -1, -1, -1, -1, -1, -1, -1, -1, -1, -1, -1, -1, -1, -1, -1, -1, -1, -1, -1, -1, -1, -1, -1, -1, -1, -1, -1, -1, -1, -1, -1, -1, -1, -1, -1, -1, -1, -1, -1, -1, -1, -1, -1, -1, -1, -1, -1, -1, -1, -1, -1, -1, -1, -1, -1, -1, -1, -1, -1, -1, -1, -1, -1, -1, -1, -1, -1, -1, -1, -1, -1, -1, -1, -1, -1, -1, -1, -1, -1, -1, -1, -1, -1, -1, -1, -1, -1, -1, -1, -1, -1, -1, -1, -1, -1, -1, -1, -1, -1, -1, -1, -1, -1, -1, -1, -1, -1, -1, -1, -1, -1, -1, -1, -1, -1, -1, -1, -1, -1, -1, -1, -1, -1, -1, -1, -1, -1, -1, -1, -1, -1, -1, -1, -1, -1, -1, -1, -1, -1, -1, -1, -1, -1, -1, -1, -1, -1, -1, -1, -1, -1, -1, -1, -1, -1, -1, -1, -1, -1, -1, -1, -1, -1, -1, -1, -1, -1, -1, -1, -1, -1, -1, -1, -1, -1, -1, -1, -1, -1, -1, -1, -1, -1, -1, -1, -1, -1, -1, -1, -1, -1, -1, -1, -1, -1, -1, -1, -1, -1, -1, -1, -1, -1, -1, -1, -1, -1, -1, -1, -1, -1, -1, -1, -1, -1, -1, -1, -1, -1, -1, -1, -1, -1, -1, -1, -1, -1, -1, -1, -1, -1, -1, -1, -1, -1, -1, -1, -1, -1, -1, -1, -1, -1, -1, -1, -1, -1, -1, -1, -1, -1, -1, -1, -1, -1, -1, -1, -1, -1, -1, -1, -1, -1, -1, -1, -1, -1, -1, -1, -1, -1, -1, -1, -1, -1, -1, -1, -1, -1, -1, -1, -1, -1, -1, -1, -1, -1, -1, -1, -1, -1, -1, -1, -1, -1, -1, -1, -1, -1, -1, -1, -1, -1, -1, -1, -1, -1, -1, -1, -1, -1, -1, -1, -1, -1, -1, -1, -1, -1, -1, -1, -1, -1, -1, -1, -1, -1, -1, -1, -1, -1, -1, -1, -1, -1, -1, -1, -1, -1, -1, -1, -1, -1, -1, -1, -1, -1, -1, -1, -1, -1, -1, -1, -1, -1, -1, -1, -1, -1, -1, -1, -1, -1, -1, -1, -1, -1, -1, -1, -1, -1, -1, -1, -1, -1, -1, -1, -1, -1, -1, -1, -1, -1, -1, -1, -1, -1, -1, -1, -1, -1, -1, -1, -1, -1, -1, -1, -1, -1, -1, -1, -1, -1, -1, -1, -1, -1, -1, -1, -1, -1, -1, -1, -1, -1, -1, -1, -1, -1, -1, -1, -1, -1, -1, -1, -1, -1, -1, -1, -1, -1, -1, -1, -1, -1, -1, -1, -1, -1, -1, -1, -1, -1, -1, -1, -1, -1, -1, -1, -1, -1, -1, -1, -1, -1, -1, -1, -1, -1, -1, -1, -1, -1, -1, -1, -1, -1, -1, -1, -1, -1, -1, -1, -1, -1, -1, -1, -1, -1, -1, -1, -1, -1, -1, -1, -1, -1, -1, -1, -1, -1, -1, -1, -1, -1, -1, -1, -1, -1, -1, -1, -1, -1, -1, -1, -1, -1, -1, -1, -1, -1, -1, -1, -1, -1, -1, -1, -1, -1, -1, -1, -1, -1, -1, -1, -1, -1, -1, -1, -1, -1, -1, -1, -1, -1, -1, -1, -1, -1, -1, -1, -1, -1, -1, -1, -1, -1, -1, -1, -1, -1, -1, -1, -1, -1, -1, -1, -1, -1, -1, -1, -1, -1, -1, -1, -1, -1, -1, -1, -1, -1, -1, -1, -1, -1, -1, -1, -1, -1, -1, -1, -1, -1, -1, -1, -1, -1, -1, -1, -1, -1, -1, -1, -1, -1, -1, -1, -1, -1, -1, -1, -1, -1, -1, -1, -1, -1, -1, -1, -1, -1, -1, -1, -1, -1, -1, -1, -1, -1, -1, -1, -1, -1, -1, -1, -1, -1, -1, -1, -1, -1, -1, -1, -1, -1, -1, -1, -1, -1, -1, -1, -1, -1, -1, -1, -1, -1, -1, -1, -1, -1, -1, -1, -1, -1, -1, -1, -1, -1, -1, -1, -1, -1, -1, -1, -1, -1, -1, -1, -1, -1, -1, -1, -1, -1, -1, -1, -1, -1, -1, -1, -1, -1, -1, -1, -1, -1, -1, -1, -1, -1, -1, -1, -1, -1, -1, -1, -1, -1, -1, -1, -1, -1, -1, -1, -1, -1, -1, -1, -1, -1, -1, -1, -1, -1, -1, -1, -1, -1, -1, -1, -1, -1, -1, -1, -1, -1, -1, -1, -1, -1, -1, -1, -1, -1, -1, -1, -1, -1, -1, -1, -1, -1, -1, -1, -1, -1, -1, -1, -1, -1, -1, -1, -1, -1, -1, -1, -1, -1, -1, -1, -1, -1, -1, -1, -1, -1, -1, -1, -1, -1, -1, -1, -1, -1, -1, -1, -1, -1, -1, -1, -1, -1, -1, -1, -1, -1, -1, -1, -1, -1, -1, -1, -1, -1, -1, -1, -1, -1, -1, -1, -1, -1, -1, -1, -1, -1, -1, -1, -1, -1, -1, -1, -1, -1, -1, -1, -1, -1, -1, -1, -1, -1, -1, -1, -1, -1, -1, -1, -1, -1, -1, -1, -1, -1, -1, -1, -1, -1, -1, -1, -1, -1, -1, -1, -1, -1, -1, -1, -1, -1, -1, -1, -1, -1, -1, -1, -1, -1, -1, -1, -1, -1, -1, -1, -1, -1, -1, -1, -1, -1, -1, -1, -1, -1, -1, -1, -1, -1, -1, -1, -1, -1, -1, -1, -1, -1, -1, -1, -1, -1, -1, -1, -1, -1, -1, -1, -1, -1, -1, -1, -1, -1, -1, -1, -1, -1, -1, -1, -1, -1, -1, -1, -1, -1, -1, -1, -1, -1, -1, -1, -1, -1, -1, -1, -1, -1, -1, 0, 0, 0, 0, 0, 0, 0, 0, 0, 0, 0, 0, 0, 0, 0, 0, 0, 0, 0, 0, 1, 1, 1, 1, 1, 1, 1, 1, 1, 1, 1, 1, 1, 1, 1, 1, 1, 1, 1, 1, 2, 2, 2, 2, 2, 2, 2, 2, 2, 2, 2, 2, 2, 2, 2, 2, 2, 2, 2, 2, 3, 3, 3, 3, 3, 3, 3, 3, 3, 3, 3, 3, 3, 3, 3, 3, 3, 3, 3, 3, 4, 4, 4, 4, 4, 4, 4, 4, 4, 4, 4, 4, 4, 4, 4, 4, 4, 4, 4, 4, 5, 5, 5, 5, 5, 5, 5, 5, 5, 5, 5, 5, 5, 5, 5, 5, 5, 5, 5, 5, 6, 6, 6, 6, 6, 6, 6, 6, 6, 6, 6, 6, 6, 6, 6, 6, 6, 6, 6, 6, 7, 7, 7, 7, 7, 7, 7, 7, 7, 7, 7, 7, 7, 7, 7, 7, 7, 7, 7, 7, 0, 0, 0, 0, 0, 0, 0, 0, 0, 0, 0, 0, 0, 0, 0, 0, 0, 0, 0, 0, 1, 1, 1, 1, 1, 1, 1, 1, 1, 1, 1, 1, 1, 1, 1, 1, 1, 1, 1, 1, 2, 2, 2, 2, 2, 2, 2, 2, 2, 2, 2, 2, 2, 2, 2, 2, 2, 2, 2, 2, 3, 3, 3, 3, 3, 3, 3, 3, 3, 3, 3, 3, 3, 3, 3, 3, 3, 3, 3, 3, 4, 4, 4, 4, 4, 4, 4, 4, 4, 4, 4, 4, 4, 4, 4, 4, 4, 4, 4, 4, 5, 5, 5, 5, 5, 5, 5, 5, 5, 5, 5, 5, 5, 5, 5, 5, 5, 5, 5, 5, 6, 6, 6, 6, 6, 6, 6, 6, 6, 6, 6, 6, 6, 6, 6, 6, 6, 6, 6, 6, 7, 7, 7, 7, 7, 7, 7, 7, 7, 7, 7, 7, 7, 7, 7, 7, 7, 7, 7, 7, -1, -1, -1, -1, -1, -1, -1, -1, -1, -1, -1, -1, -1, -1, -1, -1, -1, -1, -1, -1, -1, -1, -1, -1, -1, -1, -1, -1, -1, -1, -1, -1, -1, -1, -1, -1, -1, -1, -1, -1, -1, -1, -1, -1, -1, -1, -1, -1, -1, -1, -1, -1, -1, -1, -1, -1, -1, -1, -1, -1, -1, -1, -1, -1, -1, -1, -1, -1, -1, -1, -1, -1, -1, -1, -1, -1, -1, -1, -1, -1, -1, -1, -1, -1, -1, -1, -1, -1, -1, -1, -1, -1, -1, -1, -1, -1, -1, -1, -1, -1, -1, -1, -1, -1, -1, -1, -1, -1, -1, -1, -1, -1, -1, -1, -1, -1, -1, -1, -1, -1, -1, -1, -1, -1, -1, -1, -1, -1, -1, -1, -1, -1, -1, -1, -1, -1, -1, -1, -1, -1, -1, -1, -1, -1, -1, -1, -1, -1, -1, -1, -1, -1, -1, -1, -1, -1, -1, -1, -1, -1, -1, -1, -1, -1, -1, -1, -1, -1, -1, -1, -1, -1, -1, -1, -1, -1, -1, -1, -1, -1, -1, -1, -1, -1, -1, -1, -1, -1, -1, -1, -1, -1, -1, -1, -1, -1, -1, -1, -1, -1, -1, -1, -1, -1, -1, -1, -1, -1, -1, -1, -1, -1, -1, -1, -1, -1, -1, -1, -1, -1, -1, -1, -1, -1, -1, -1, -1, -1, -1, -1, -1, -1, -1, -1, -1, -1, -1, -1, -1, -1, -1, -1, -1, -1, -1, -1, -1, -1, -1, -1, -1, -1, -1, -1, -1, -1, -1, -1, -1, -1, -1, -1, -1, -1, -1, -1, -1, -1, -1, -1, -1, -1, -1, -1, -1, -1, -1, -1, -1, -1, -1, -1, -1, -1, -1, -1, -1, -1, -1, -1, -1, -1, -1, -1, -1, -1, -1, -1, -1, -1, -1, -1, -1, -1, -1, -1, -1, -1, -1, -1, -1, -1, -1, -1, -1, -1, -1, -1, -1, -1, -1, -1, -1, -1, -1, -1, -1, -1, -1, -1, -1, -1, -1, -1, -1, -1, -1, -1, -1, -1, -1, -1, -1, -1, -1, -1, -1, -1, -1, -1, -1, -1, -1, -1, -1, -1, -1, -1, -1, -1, -1, -1, -1, -1, -1, -1, -1, -1, -1, -1, -1, -1, -1, -1, -1, -1, -1, -1, -1, -1, -1, -1, -1, -1, -1, -1, -1, -1, -1, -1, -1, -1, -1, -1, -1, -1, -1, -1, -1, -1, -1, -1, -1, -1, -1, -1, -1, -1, -1, -1, -1, -1, -1, -1, -1, -1, -1, -1, -1, -1, -1, -1, -1, -1, -1, -1, -1, -1, -1, -1, -1, -1, -1, -1, -1, -1, -1, -1, -1, -1, -1, -1, -1, -1, -1, -1, -1, -1, -1, -1, -1, -1, -1, -1, -1, -1, -1, -1, -1, -1, -1, -1, -1, -1, -1, -1, -1, -1, -1, -1, -1, -1, -1, -1, -1, -1, -1, -1, -1, -1, -1, -1, -1, -1, -1, -1, -1, -1, -1, -1, -1, -1, -1, -1, -1, -1, -1, -1, -1, -1, -1, -1, -1, -1, -1, -1, -1, -1, -1, -1, -1, -1, 8, 8, 8, 8, 8, 8, 8, 8, 8, 8, 8, 8, 8, 8, 8, 8, 8, 8, 8, 8, 9, 9, 9, 9, 9, 9, 9, 9, 9, 9, 9, 9, 9, 9, 9, 9, 9, 9, 9, 9, 10, 10, 10, 10, 10, 10, 10, 10, 10, 10, 10, 10, 10, 10, 10, 10, 10, 10, 10, 10, 11, 11, 11, 11, 11, 11, 11, 11, 11, 11, 11, 11, 11, 11, 11, 11, 11, 11, 11, 11, 12, 12, 12, 12, 12, 12, 12, 12, 12, 12, 12, 12, 12, 12, 12, 12, 12, 12, 12, 12, 13, 13, 13, 13, 13, 13, 13, 13, 13, 13, 13, 13, 13, 13, 13, 13, 13, 13, 13, 13, 14, 14, 14, 14, 14, 14, 14, 14, 14, 14, 14, 14, 14, 14, 14, 14, 14, 14, 14, 14, 15, 15, 15, 15, 15, 15, 15, 15, 15, 15, 15, 15, 15, 15, 15, 15, 15, 15, 15, 15, 8, 8, 8, 8, 8, 8, 8, 8, 8, 8, 8, 8, 8, 8, 8, 8, 8, 8, 8, 8, 9, 9, 9, 9, 9, 9, 9, 9, 9, 9, 9, 9, 9, 9, 9, 9, 9, 9, 9, 9, 10, 10, 10, 10, 10, 10, 10, 10, 10, 10, 10, 10, 10, 10, 10, 10, 10, 10, 10, 10, 11, 11, 11, 11, 11, 11, 11, 11, 11, 11, 11, 11, 11, 11, 11, 11, 11, 11, 11, 11, 12, 12, 12, 12, 12, 12, 12, 12, 12, 12, 12, 12, 12, 12, 12, 12, 12, 12, 12, 12, 13, 13, 13, 13, 13, 13, 13, 13, 13, 13, 13, 13, 13, 13, 13, 13, 13, 13, 13, 13, 14, 14, 14, 14, 14, 14, 14, 14, 14, 14, 14, 14, 14, 14, 14, 14, 14, 14, 14, 14, 15, 15, 15, 15, 15, 15, 15, 15, 15, 15, 15, 15, 15, 15, 15, 15, 15, 15, 15, 15, -1, -1, -1, -1, -1, -1, -1, -1, -1, -1, -1, -1, -1, -1, -1, -1, -1, -1, -1, -1, -1, -1, -1, -1, -1, -1, -1, -1, -1, -1, -1, -1, -1, -1, -1, -1, -1, -1, -1, -1, -1, -1, -1, -1, -1, -1, -1, -1, -1, -1, -1, -1, -1, -1, -1, -1, -1, -1, -1, -1, -1, -1, -1, -1, -1, -1, -1, -1, -1, -1, -1, -1, -1, -1, -1, -1, -1, -1, -1, -1, -1, -1, -1, -1, -1, -1, -1, -1, -1, -1, -1, -1, -1, -1, -1, -1, -1, -1, -1, -1, -1, -1, -1, -1, -1, -1, -1, -1, -1, -1, -1, -1, -1, -1, -1, -1, -1, -1, -1, -1, -1, -1, -1, -1, -1, -1, -1, -1, -1, -1, -1, -1, -1, -1, -1, -1, -1, -1, -1, -1, -1, -1, -1, -1, -1, -1, -1, -1, -1, -1, -1, -1, -1, -1, -1, -1, -1, -1, -1, -1, -1, -1, -1, -1, -1, -1, -1, -1, -1, -1, -1, -1, -1, -1, -1, -1, -1, -1, -1, -1, -1, -1, -1, -1, -1, -1, -1, -1, -1, -1, -1, -1, -1, -1, -1, -1, -1, -1, -1, -1, -1, -1, -1, -1, -1, -1, -1, -1, -1, -1, -1, -1, -1, -1, -1, -1, -1, -1, -1, -1, -1, -1, -1, -1, -1, -1, -1, -1, -1, -1, -1, -1, -1, -1, -1, -1, -1, -1, -1, -1, -1, -1, -1, -1, -1, -1, -1, -1, -1, -1, -1, -1, -1, -1, -1, -1, -1, -1, -1, -1, -1, -1, -1, -1, -1, -1, -1, -1, -1, -1, -1, -1, -1, -1, -1, -1, -1, -1, -1, -1, -1, -1, -1, -1, -1, -1, -1, -1, -1, -1, -1, -1, -1, -1, -1, -1, -1, -1, -1, -1, -1, -1, -1, -1, -1, -1, -1, -1, -1, -1, -1, -1, -1, -1, -1, -1, -1, -1, -1, -1, -1, -1, -1, -1, -1, -1, -1, -1, -1, -1, -1, -1, -1, -1, -1, -1, -1, -1, -1, -1, -1, -1, -1, -1, -1, -1, -1, -1, -1, -1, -1, -1, -1, -1, -1, -1, -1, -1, -1, -1, -1, -1, -1, -1, -1, -1, -1, -1, -1, -1, -1, -1, -1, -1, -1, -1, -1, -1, -1, -1, -1, -1, -1, -1, -1, -1, -1, -1, -1, -1, -1, -1, -1, -1, -1, -1, -1, -1, -1, -1, -1, -1, -1, -1, -1, -1, -1, -1, -1, -1, -1, -1, -1, -1, -1, -1, -1, -1, -1, -1, -1, -1, -1, -1, -1, -1, -1, -1, -1, -1, -1, -1, -1, -1, -1, -1, -1, -1, -1, -1, -1, -1, -1, -1, -1, -1, -1, -1, -1, -1, -1, -1, -1, -1, -1, -1, -1, -1, -1, -1, -1, -1, -1, -1, -1, -1, -1, -1, -1, -1, -1, -1, -1, -1, -1, -1, -1, -1, -1, -1, -1, -1, -1, -1, -1, -1, -1, -1, -1, -1, -1, -1, -1, -1, -1, -1, -1, -1, -1, -1, -1, -1, -1, -1, -1, -1, -1, -1, -1, -1, -1, -1, 16, 16, 16, 16, 16, 16, 16, 16, 16, 16, 16, 16, 16, 16, 16, 16, 16, 16, 16, 16, 17, 17, 17, 17, 17, 17, 17, 17, 17, 17, 17, 17, 17, 17, 17, 17, 17, 17, 17, 17, 18, 18, 18, 18, 18, 18, 18, 18, 18, 18, 18, 18, 18, 18, 18, 18, 18, 18, 18, 18, 19, 19, 19, 19, 19, 19, 19, 19, 19, 19, 19, 19, 19, 19, 19, 19, 19, 19, 19, 19, 20, 20, 20, 20, 20, 20, 20, 20, 20, 20, 20, 20, 20, 20, 20, 20, 20, 20, 20, 20, 21, 21, 21, 21, 21, 21, 21, 21, 21, 21, 21, 21, 21, 21, 21, 21, 21, 21, 21, 21, 22, 22, 22, 22, 22, 22, 22, 22, 22, 22, 22, 22, 22, 22, 22, 22, 22, 22, 22, 22, 23, 23, 23, 23, 23, 23, 23, 23, 23, 23, 23, 23, 23, 23, 23, 23, 23, 23, 23, 23, 16, 16, 16, 16, 16, 16, 16, 16, 16, 16, 16, 16, 16, 16, 16, 16, 16, 16, 16, 16, 17, 17, 17, 17, 17, 17, 17, 17, 17, 17, 17, 17, 17, 17, 17, 17, 17, 17, 17, 17, 18, 18, 18, 18, 18, 18, 18, 18, 18, 18, 18, 18, 18, 18, 18, 18, 18, 18, 18, 18, 19, 19, 19, 19, 19, 19, 19, 19, 19, 19, 19, 19, 19, 19, 19, 19, 19, 19, 19, 19, 20, 20, 20, 20, 20, 20, 20, 20, 20, 20, 20, 20, 20, 20, 20, 20, 20, 20, 20, 20, 21, 21, 21, 21, 21, 21, 21, 21, 21, 21, 21, 21, 21, 21, 21, 21, 21, 21, 21, 21, 22, 22, 22, 22, 22, 22, 22, 22, 22, 22, 22, 22, 22, 22, 22, 22, 22, 22, 22, 22, 23, 23, 23, 23, 23, 23, 23, 23, 23, 23, 23, 23, 23, 23, 23, 23, 23, 23, 23, 23, -1, -1, -1, -1, -1, -1, -1, -1, -1, -1, -1, -1, -1, -1, -1, -1, -1, -1, -1, -1, -1, -1, -1, -1, -1, -1, -1, -1, -1, -1, -1, -1, -1, -1, -1, -1, -1, -1, -1, -1, -1, -1, -1, -1, -1, -1, -1, -1, -1, -1, -1, -1, -1, -1, -1, -1, -1, -1, -1, -1, -1, -1, -1, -1, -1, -1, -1, -1, -1, -1, -1, -1, -1, -1, -1, -1, -1, -1, -1, -1, -1, -1, -1, -1, -1, -1, -1, -1, -1, -1, -1, -1, -1, -1, -1, -1, -1, -1, -1, -1, -1, -1, -1, -1, -1, -1, -1, -1, -1, -1, -1, -1, -1, -1, -1, -1, -1, -1, -1, -1, -1, -1, -1, -1, -1, -1, -1, -1, -1, -1, -1, -1, -1, -1, -1, -1, -1, -1, -1, -1, -1, -1, -1, -1, -1, -1, -1, -1, -1, -1, -1, -1, -1, -1, -1, -1, -1, -1, -1, -1, -1, -1, -1, -1, -1, -1, -1, -1, -1, -1, -1, -1, -1, -1, -1, -1, -1, -1, -1, -1, -1, -1, -1, -1, -1, -1, -1, -1, -1, -1, -1, -1]
            double[] torque_directions = [1, -6.123234262925839e-17, 0, -0.5, 0.8660253882408142, 0, -0.5, -0.8660253882408142, 0]
            int torque_directions_cols = 3
        }
        dictionary contact_params = {
            double max_edge_length = 0.11180343378276843
            double min_edge_length = 0.01666666665962238
            double particle_radius = 0.00833333332981119
            double self_contact_radius = 0.22360686756553685
        }
        dictionary finger_skeletons = {
            double[] arc_lengths = [0, 0.1600000113248825, 0.320000022649765, 0.48000001907348633, 0.64000004529953, 0.800000011920929, 0, 0.1600000113248825, 0.320000022649765, 0.48000001907348633, 0.64000004529953, 0.800000011920929, 0, 0.1600000113248825, 0.320000022649765, 0.48000001907348633, 0.64000004529953, 0.800000011920929]
            double[] axis_end = [5.2521121618727697e-17, 0.8577350378036499, 0, -0.7428203225135803, -0.42886751890182495, 0, 0.7428203225135803, -0.42886751890182495, 0]
            double[] axis_start = [3.535250824043433e-18, 0.05773502588272095, 0, -0.05000000074505806, -0.028867512941360474, 0, 0.05000000074505806, -0.028867512941360474, 0]
            double[] bary_weights = [1.1102230246251565e-16, -6.807286159727591e-17, 0, 1, 0.19999989867210388, 0.19999989867210388, 0.8000001311302185, -0.19999989867210388, 0, 0.7999998927116394, 0.2000001221895218, -4.625919563685632e-16, 0.1999998241662979, -5.2006618586442164e-17, -6.585355057217492e-16, 0.8000001907348633, -0.20000018179416656, 0.7999998331069946, 0.20000018179416656, 0.20000018179416656, 0, 0, 0, 1, 0, 0, -0, 1, 0.19999989867210388, 0.19999992847442627, 0.8000000715255737, -0.19999989867210388, 0, -4.363363004245002e-8, 0.2000000774860382, 0.7999999523162842, 0.19999974966049194, -8.238767870120419e-17, 0.8000001907348633, 8.356115444030365e-8, -0.20000015199184418, 0.7999998927116394, 0.20000015199184418, 0.2000001221895218, 0, 0, -0, 1, 0, 0, 0, 1, 0.19999989867210388, 0.19999992847442627, -0.19999989867210388, 0.8000000715255737, 0, 0.7999999523162842, 0.2000000774860382, -4.363363004245002e-8, 0.19999974966049194, -3.7424794198226674e-17, 0.8000003099441528, -8.356117575658573e-8, -0.20000015199184418, 0.7999998927116394, 0.2000001221895218, 0.20000015199184418, 0, 0, 0, 1]
            int[] finger_id = [0, 0, 0, 0, 0, 0, 1, 1, 1, 1, 1, 1, 2, 2, 2, 2, 2, 2]
            int[] keypoint_index = [0, 1, 2, 3, 4, 5, 0, 1, 2, 3, 4, 5, 0, 1, 2, 3, 4, 5]
            int num_fingers = 3
            int num_keypoints_per_finger = 6
            double[] radii = [0.10000000149011612, 0.10000000149011612, 0.10000000149011612, 0.10000000149011612, 0.10000000149011612, 0.09659255295991898, 0.10000000149011612, 0.09999999403953552, 0.10000000149011612, 0.09999998658895493, 0.10000000149011612, 0.09659253805875778, 0.10000000149011612, 0.09999999403953552, 0.10000000149011612, 0.09999998658895493, 0.10000000149011612, 0.09659253805875778]
            double[] rest_positions = [3.535250824043433e-18, 0.05773502588272095, 0, 1.3332425148416408e-17, 0.21773503720760345, 0, 2.3129599472789383e-17, 0.37773504853248596, 0, 3.292677462434297e-17, 0.5377350449562073, 0, 4.2723948121535334e-17, 0.697735071182251, 0, 5.2521121618727697e-17, 0.8577350378036499, 0, -0.05000000074505806, -0.028867512941360474, 0, -0.18856406211853027, -0.10886751860380173, 0, -0.327128142118454, -0.18886752426624298, 0, -0.4656922221183777, -0.26886752247810364, 0, -0.604256272315979, -0.3488675355911255, 0, -0.7428203225135803, -0.42886751890182495, 0, 0.05000000074505806, -0.028867512941360474, 0, 0.18856406211853027, -0.10886751860380173, 0, 0.327128142118454, -0.18886752426624298, 0, 0.4656922221183777, -0.26886752247810364, 0, 0.604256272315979, -0.3488675355911255, 0, 0.7428203225135803, -0.42886751890182495, 0]
            int[] tet_indices = [795, 809, 851, 873, 909, 1363, 1627, 1641, 1688, 1710, 1741, 2195, 2460, 2478, 2515, 2542, 2578, 2985]
        }
        dictionary gen_params = {
            string architecture = "plate_gripper"
            dictionary config = {
                double base_angle_deg = 90
                dictionary cap = {
                    int n_angular = 6
                }
                string chamber_half = "top"
                bool debug_stages = 1
                int fingers = 3
                double height = 0.2
                dictionary hub = {
                    double glue_epsilon = 0.000001
                    int n_edge = 1
                    int n_height = 1
                }
                double length = 0.8
                string name = "gripper_3f"
                int num_chambers = 8
                double radius = 0.1
                dictionary spline = {
                    int num_keypoints = 6
                }
                int subdivisions_height = 4
                int subdivisions_length = 8
                int subdivisions_radial = 3
                int subdivisions_width = 4
                double weld_epsilon = 0.000001
                double width = 0.2
            }
            dictionary counts = {
                int glue_pairs = 8
                int num_chambers = 24
                int rigid_tris = 12
                int rigid_verts = 8
                int soft_tets = 3120
                int soft_verts = 935
            }
            string generator = "newton-mesh-tools/scripts/generate_assets.py"
        }
    }
)
{
    point3f[] points = [(0, 0, -0.1), (0, 0, -0.05), (0.033333335, 0.01924501, -0.1), (0.033333335, 0.01924501, -0.05), (0.016666668, 0.01924501, -0.1), (0.016666668, 0.01924501, -0.05), (2.3129647e-18, 0.01924501, -0.1), (2.3129647e-18, 0.01924501, -0.05), (-0.016666668, 0.01924501, -0.1), (-0.016666668, 0.01924501, -0.05), (-0.033333335, 0.01924501, -0.1), (-0.033333335, 0.01924501, -0.05), (0.06666667, 0.03849002, -0.1), (0.06666667, 0.03849002, -0.05), (0.033333335, 0.03849002, -0.1), (0.033333335, 0.03849002, -0.05), (4.6259294e-18, 0.03849002, -0.1), (4.6259294e-18, 0.03849002, -0.05), (-0.033333335, 0.03849002, -0.1), (-0.033333335, 0.03849002, -0.05), (-0.06666667, 0.03849002, -0.1), (-0.06666667, 0.03849002, -0.05), (0.1, 0.057735026, -0.1), (0.1, 0.057735026, -0.05), (0.05, 0.057735026, -0.1), (0.05, 0.057735026, -0.05), (6.938894e-18, 0.057735026, -0.1), (6.938894e-18, 0.057735026, -0.05), (-0.05, 0.057735026, -0.1), (-0.05, 0.057735026, -0.05), (-0.1, 0.057735026, -0.1), (-0.1, 0.057735026, -0.05), (0, 0, 0), (0.033333335, 0.01924501, 0), (0.016666668, 0.01924501, 0), (2.3129647e-18, 0.01924501, 0), (-0.016666668, 0.01924501, 0), (-0.033333335, 0.01924501, 0), (0.06666667, 0.03849002, 0), (0.033333335, 0.03849002, 0), (4.6259294e-18, 0.03849002, 0), (-0.033333335, 0.03849002, 0), (-0.06666667, 0.03849002, 0), (0.1, 0.057735026, 0), (0.05, 0.057735026, 0), (6.938894e-18, 0.057735026, 0), (-0.05, 0.057735026, 0), (-0.1, 0.057735026, 0), (0, 0, 0.05), (0.033333335, 0.01924501, 0.05), (0.016666668, 0.01924501, 0.05), (2.3129647e-18, 0.01924501, 0.05), (-0.016666668, 0.01924501, 0.05), (-0.033333335, 0.01924501, 0.05), (0.06666667, 0.03849002, 0.05), (0.033333335, 0.03849002, 0.05), (4.6259294e-18, 0.03849002, 0.05), (-0.033333335, 0.03849002, 0.05), (-0.06666667, 0.03849002, 0.05), (0.1, 0.057735026, 0.05), (0.05, 0.057735026, 0.05), (6.938894e-18, 0.057735026, 0.05), (-0.05, 0.057735026, 0.05), (-0.1, 0.057735026, 0.05), (0, 0, 0.1), (0.033333335, 0.01924501, 0.1), (0.016666668, 0.01924501, 0.1), (2.3129647e-18, 0.01924501, 0.1), (-0.016666668, 0.01924501, 0.1), (-0.033333335, 0.01924501, 0.1), (0.06666667, 0.03849002, 0.1), (0.033333335, 0.03849002, 0.1), (4.6259294e-18, 0.03849002, 0.1), (-0.033333335, 0.03849002, 0.1), (-0.06666667, 0.03849002, 0.1), (0.1, 0.057735026, 0.1), (0.05, 0.057735026, 0.1), (6.938894e-18, 0.057735026, 0.1), (-0.05, 0.057735026, 0.1), (-0.1, 0.057735026, 0.1), (-0.025, 0.0048112525, -0.1), (-0.025, 0.0048112525, -0.05), (-0.016666668, -0.009622505, -0.1), (-0.016666668, -0.009622505, -0.05), (-0.008333334, -0.024056261, -0.1), (-0.008333334, -0.024056261, -0.05), (-7.070502e-18, -0.03849002, -0.1), (-7.070502e-18, -0.03849002, -0.05), (-0.05, 0.009622505, -0.1), (-0.05, 0.009622505, -0.05), (-0.033333335, -0.01924501, -0.1), (-0.033333335, -0.01924501, -0.05), (-0.016666668, -0.048112523, -0.1), (-0.016666668, -0.048112523, -0.05), (-1.4141003e-17, -0.07698004, -0.1), (-1.4141003e-17, -0.07698004, -0.05), (-0.075, 0.0144337565, -0.1), (-0.075, 0.0144337565, -0.05), (-0.05, -0.028867513, -0.1), (-0.05, -0.028867513, -0.05), (-0.025, -0.07216878, -0.1), (-0.025, -0.07216878, -0.05), (-2.1211505e-17, -0.11547005, -0.1), (-2.1211505e-17, -0.11547005, -0.05), (-0.025, 0.0048112525, 0), (-0.016666668, -0.009622505, 0), (-0.008333334, -0.024056261, 0), (-7.070502e-18, -0.03849002, 0), (-0.05, 0.009622505, 0), (-0.033333335, -0.01924501, 0), (-0.016666668, -0.048112523, 0), (-1.4141003e-17, -0.07698004, 0), (-0.075, 0.0144337565, 0), (-0.05, -0.028867513, 0), (-0.025, -0.07216878, 0), (-2.1211505e-17, -0.11547005, 0), (-0.025, 0.0048112525, 0.05), (-0.016666668, -0.009622505, 0.05), (-0.008333334, -0.024056261, 0.05), (-7.070502e-18, -0.03849002, 0.05), (-0.05, 0.009622505, 0.05), (-0.033333335, -0.01924501, 0.05), (-0.016666668, -0.048112523, 0.05), (-1.4141003e-17, -0.07698004, 0.05), (-0.075, 0.0144337565, 0.05), (-0.05, -0.028867513, 0.05), (-0.025, -0.07216878, 0.05), (-2.1211505e-17, -0.11547005, 0.05), (-0.025, 0.0048112525, 0.1), (-0.016666668, -0.009622505, 0.1), (-0.008333334, -0.024056261, 0.1), (-7.070502e-18, -0.03849002, 0.1), (-0.05, 0.009622505, 0.1), (-0.033333335, -0.01924501, 0.1), (-0.016666668, -0.048112523, 0.1), (-1.4141003e-17, -0.07698004, 0.1), (-0.075, 0.0144337565, 0.1), (-0.05, -0.028867513, 0.1), (-0.025, -0.07216878, 0.1), (-2.1211505e-17, -0.11547005, 0.1), (0.008333334, -0.024056261, -0.1), (0.008333334, -0.024056261, -0.05), (0.016666668, -0.009622505, -0.1), (0.016666668, -0.009622505, -0.05), (0.025, 0.0048112525, -0.1), (0.025, 0.0048112525, -0.05), (0.016666668, -0.048112523, -0.1), (0.016666668, -0.048112523, -0.05), (0.033333335, -0.01924501, -0.1), (0.033333335, -0.01924501, -0.05), (0.05, 0.009622505, -0.1), (0.05, 0.009622505, -0.05), (0.025, -0.07216878, -0.1), (0.025, -0.07216878, -0.05), (0.05, -0.028867513, -0.1), (0.05, -0.028867513, -0.05), (0.075, 0.0144337565, -0.1), (0.075, 0.0144337565, -0.05), (0.008333334, -0.024056261, 0), (0.016666668, -0.009622505, 0), (0.025, 0.0048112525, 0), (0.016666668, -0.048112523, 0), (0.033333335, -0.01924501, 0), (0.05, 0.009622505, 0), (0.025, -0.07216878, 0), (0.05, -0.028867513, 0), (0.075, 0.0144337565, 0), (0.008333334, -0.024056261, 0.05), (0.016666668, -0.009622505, 0.05), (0.025, 0.0048112525, 0.05), (0.016666668, -0.048112523, 0.05), (0.033333335, -0.01924501, 0.05), (0.05, 0.009622505, 0.05), (0.025, -0.07216878, 0.05), (0.05, -0.028867513, 0.05), (0.075, 0.0144337565, 0.05), (0.008333334, -0.024056261, 0.1), (0.016666668, -0.009622505, 0.1), (0.025, 0.0048112525, 0.1), (0.016666668, -0.048112523, 0.1), (0.033333335, -0.01924501, 0.1), (0.05, 0.009622505, 0.1), (0.025, -0.07216878, 0.1), (0.05, -0.028867513, 0.1), (0.075, 0.0144337565, 0.1), (-0.1, 0.15773502, -0.1), (-0.05, 0.15773502, -0.1), (0, 0.15773502, -0.1), (0.05, 0.15773502, -0.1), (0.1, 0.15773502, -0.1), (-0.1, 0.257735, -0.1), (-0.05, 0.257735, -0.1), (0, 0.257735, -0.1), (0.05, 0.257735, -0.1), (0.1, 0.257735, -0.1), (-0.1, 0.35773504, -0.1), (-0.05, 0.35773504, -0.1), (0, 0.35773504, -0.1), (0.05, 0.35773504, -0.1), (0.1, 0.35773504, -0.1), (-0.1, 0.45773503, -0.1), (-0.05, 0.45773503, -0.1), (0, 0.45773503, -0.1), (0.05, 0.45773503, -0.1), (0.1, 0.45773503, -0.1), (-0.1, 0.557735, -0.1), (-0.05, 0.557735, -0.1), (0, 0.557735, -0.1), (0.05, 0.557735, -0.1), (0.1, 0.557735, -0.1), (-0.1, 0.65773505, -0.1), (-0.05, 0.65773505, -0.1), (0, 0.65773505, -0.1), (0.05, 0.65773505, -0.1), (0.1, 0.65773505, -0.1), (-0.1, 0.757735, -0.1), (-0.05, 0.757735, -0.1), (0, 0.757735, -0.1), (0.05, 0.757735, -0.1), (0.1, 0.757735, -0.1), (-0.1, 0.85773504, -0.1), (-0.05, 0.85773504, -0.1), (0, 0.85773504, -0.1), (0.05, 0.85773504, -0.1), (0.1, 0.85773504, -0.1), (-0.1, 0.15773502, -0.05), (-0.05, 0.15773502, -0.05), (0, 0.15773502, -0.05), (0.05, 0.15773502, -0.05), (0.1, 0.15773502, -0.05), (-0.1, 0.257735, -0.05), (-0.05, 0.257735, -0.05), (0, 0.257735, -0.05), (0.05, 0.257735, -0.05), (0.1, 0.257735, -0.05), (-0.1, 0.35773504, -0.05), (-0.05, 0.35773504, -0.05), (0, 0.35773504, -0.05), (0.05, 0.35773504, -0.05), (0.1, 0.35773504, -0.05), (-0.1, 0.45773503, -0.05), (-0.05, 0.45773503, -0.05), (0, 0.45773503, -0.05), (0.05, 0.45773503, -0.05), (0.1, 0.45773503, -0.05), (-0.1, 0.557735, -0.05), (-0.05, 0.557735, -0.05), (0, 0.557735, -0.05), (0.05, 0.557735, -0.05), (0.1, 0.557735, -0.05), (-0.1, 0.65773505, -0.05), (-0.05, 0.65773505, -0.05), (0, 0.65773505, -0.05), (0.05, 0.65773505, -0.05), (0.1, 0.65773505, -0.05), (-0.1, 0.757735, -0.05), (-0.05, 0.757735, -0.05), (0, 0.757735, -0.05), (0.05, 0.757735, -0.05), (0.1, 0.757735, -0.05), (-0.1, 0.85773504, -0.05), (-0.05, 0.85773504, -0.05), (0, 0.85773504, -0.05), (0.05, 0.85773504, -0.05), (0.1, 0.85773504, -0.05), (-0.1, 0.15773502, 0), (-0.05, 0.15773502, 0), (0, 0.15773502, 0), (0.05, 0.15773502, 0), (0.1, 0.15773502, 0), (-0.1, 0.257735, 0), (-0.05, 0.257735, 0), (0, 0.257735, 0), (0.05, 0.257735, 0), (0.1, 0.257735, 0), (-0.1, 0.35773504, 0), (-0.05, 0.35773504, 0), (0, 0.35773504, 0), (0.05, 0.35773504, 0), (0.1, 0.35773504, 0), (-0.1, 0.45773503, 0), (-0.05, 0.45773503, 0), (0, 0.45773503, 0), (0.05, 0.45773503, 0), (0.1, 0.45773503, 0), (-0.1, 0.557735, 0), (-0.05, 0.557735, 0), (0, 0.557735, 0), (0.05, 0.557735, 0), (0.1, 0.557735, 0), (-0.1, 0.65773505, 0), (-0.05, 0.65773505, 0), (0, 0.65773505, 0), (0.05, 0.65773505, 0), (0.1, 0.65773505, 0), (-0.1, 0.757735, 0), (-0.05, 0.757735, 0), (0, 0.757735, 0), (0.05, 0.757735, 0), (0.1, 0.757735, 0), (-0.1, 0.85773504, 0), (-0.05, 0.85773504, 0), (0, 0.85773504, 0), (0.05, 0.85773504, 0), (0.1, 0.85773504, 0), (-0.1, 0.15773502, 0.05), (-0.05, 0.15773502, 0.05), (0, 0.15773502, 0.05), (0.05, 0.15773502, 0.05), (0.1, 0.15773502, 0.05), (-0.1, 0.257735, 0.05), (-0.05, 0.257735, 0.05), (0, 0.257735, 0.05), (0.05, 0.257735, 0.05), (0.1, 0.257735, 0.05), (-0.1, 0.35773504, 0.05), (-0.05, 0.35773504, 0.05), (0, 0.35773504, 0.05), (0.05, 0.35773504, 0.05), (0.1, 0.35773504, 0.05), (-0.1, 0.45773503, 0.05), (-0.05, 0.45773503, 0.05), (0, 0.45773503, 0.05), (0.05, 0.45773503, 0.05), (0.1, 0.45773503, 0.05), (-0.1, 0.557735, 0.05), (-0.05, 0.557735, 0.05), (0, 0.557735, 0.05), (0.05, 0.557735, 0.05), (0.1, 0.557735, 0.05), (-0.1, 0.65773505, 0.05), (-0.05, 0.65773505, 0.05), (0, 0.65773505, 0.05), (0.05, 0.65773505, 0.05), (0.1, 0.65773505, 0.05), (-0.1, 0.757735, 0.05), (-0.05, 0.757735, 0.05), (0, 0.757735, 0.05), (0.05, 0.757735, 0.05), (0.1, 0.757735, 0.05), (-0.1, 0.85773504, 0.05), (-0.05, 0.85773504, 0.05), (0, 0.85773504, 0.05), (0.05, 0.85773504, 0.05), (0.1, 0.85773504, 0.05), (-0.1, 0.15773502, 0.1), (-0.05, 0.15773502, 0.1), (0, 0.15773502, 0.1), (0.05, 0.15773502, 0.1), (0.1, 0.15773502, 0.1), (-0.1, 0.257735, 0.1), (-0.05, 0.257735, 0.1), (0, 0.257735, 0.1), (0.05, 0.257735, 0.1), (0.1, 0.257735, 0.1), (-0.1, 0.35773504, 0.1), (-0.05, 0.35773504, 0.1), (0, 0.35773504, 0.1), (0.05, 0.35773504, 0.1), (0.1, 0.35773504, 0.1), (-0.1, 0.45773503, 0.1), (-0.05, 0.45773503, 0.1), (0, 0.45773503, 0.1), (0.05, 0.45773503, 0.1), (0.1, 0.45773503, 0.1), (-0.1, 0.557735, 0.1), (-0.05, 0.557735, 0.1), (0, 0.557735, 0.1), (0.05, 0.557735, 0.1), (0.1, 0.557735, 0.1), (-0.1, 0.65773505, 0.1), (-0.05, 0.65773505, 0.1), (0, 0.65773505, 0.1), (0.05, 0.65773505, 0.1), (0.1, 0.65773505, 0.1), (-0.1, 0.757735, 0.1), (-0.05, 0.757735, 0.1), (0, 0.757735, 0.1), (0.05, 0.757735, 0.1), (0.1, 0.757735, 0.1), (-0.1, 0.85773504, 0.1), (-0.05, 0.85773504, 0.1), (0, 0.85773504, 0.1), (0.05, 0.85773504, 0.1), (0.1, 0.85773504, 0.1), (0.04330127, 0.882735, -0.1), (0.04330127, 0.882735, -0.05), (0.025, 0.9010363, -0.1), (0.025, 0.9010363, -0.05), (3.061617e-18, 0.90773505, -0.1), (3.061617e-18, 0.90773505, -0.05), (-0.025, 0.9010363, -0.1), (-0.025, 0.9010363, -0.05), (-0.04330127, 0.882735, -0.1), (-0.04330127, 0.882735, -0.05), (0.08660254, 0.90773505, -0.1), (0.08660254, 0.90773505, -0.05), (0.05, 0.94433755, -0.1), (0.05, 0.94433755, -0.05), (6.123234e-18, 0.957735, -0.1), (6.123234e-18, 0.957735, -0.05), (-0.05, 0.94433755, -0.1), (-0.05, 0.94433755, -0.05), (-0.08660254, 0.90773505, -0.1), (-0.08660254, 0.90773505, -0.05), (0.04330127, 0.882735, 0), (0.025, 0.9010363, 0), (3.061617e-18, 0.90773505, 0), (-0.025, 0.9010363, 0), (-0.04330127, 0.882735, 0), (0.08660254, 0.90773505, 0), (0.05, 0.94433755, 0), (6.123234e-18, 0.957735, 0), (-0.05, 0.94433755, 0), (-0.08660254, 0.90773505, 0), (0.04330127, 0.882735, 0.05), (0.025, 0.9010363, 0.05), (3.061617e-18, 0.90773505, 0.05), (-0.025, 0.9010363, 0.05), (-0.04330127, 0.882735, 0.05), (0.08660254, 0.90773505, 0.05), (0.05, 0.94433755, 0.05), (6.123234e-18, 0.957735, 0.05), (-0.05, 0.94433755, 0.05), (-0.08660254, 0.90773505, 0.05), (0.04330127, 0.882735, 0.1), (0.025, 0.9010363, 0.1), (3.061617e-18, 0.90773505, 0.1), (-0.025, 0.9010363, 0.1), (-0.04330127, 0.882735, 0.1), (0.08660254, 0.90773505, 0.1), (0.05, 0.94433755, 0.1), (6.123234e-18, 0.957735, 0.1), (-0.05, 0.94433755, 0.1), (-0.08660254, 0.90773505, 0.1), (-0.08660253, -0.16547005, -0.1), (-0.11160253, -0.12216878, -0.1), (-0.13660254, -0.07886751, -0.1), (-0.16160253, -0.03556624, -0.1), (-0.18660253, 0.007735029, -0.1), (-0.17320506, -0.21547005, -0.1), (-0.19820507, -0.17216878, -0.1), (-0.22320506, -0.1288675, -0.1), (-0.24820507, -0.08556624, -0.1), (-0.27320507, -0.04226497, -0.1), (-0.25980762, -0.26547006, -0.1), (-0.28480762, -0.22216879, -0.1), (-0.30980763, -0.17886752, -0.1), (-0.33480763, -0.13556625, -0.1), (-0.35980764, -0.09226498, -0.1), (-0.34641016, -0.31547004, -0.1), (-0.37141016, -0.2721688, -0.1), (-0.39641017, -0.22886752, -0.1), (-0.42141017, -0.18556625, -0.1), (-0.44641015, -0.14226498, -0.1), (-0.4330127, -0.36547005, -0.1), (-0.4580127, -0.32216877, -0.1), (-0.4830127, -0.2788675, -0.1), (-0.5080127, -0.23556624, -0.1), (-0.5330127, -0.19226497, -0.1), (-0.51961523, -0.41547006, -0.1), (-0.54461527, -0.37216878, -0.1), (-0.56961524, -0.32886752, -0.1), (-0.5946153, -0.28556627, -0.1), (-0.61961526, -0.24226499, -0.1), (-0.60621774, -0.46547005, -0.1), (-0.6312178, -0.4221688, -0.1), (-0.65621775, -0.3788675, -0.1), (-0.6812178, -0.33556622, -0.1), (-0.70621777, -0.29226497, -0.1), (-0.6928203, -0.51547, -0.1), (-0.71782035, -0.4721688, -0.1), (-0.7428203, -0.42886752, -0.1), (-0.7678203, -0.38556623, -0.1), (-0.79282033, -0.34226498, -0.1), (-0.08660253, -0.16547005, -0.05), (-0.11160253, -0.12216878, -0.05), (-0.13660254, -0.07886751, -0.05), (-0.16160253, -0.03556624, -0.05), (-0.18660253, 0.007735029, -0.05), (-0.17320506, -0.21547005, -0.05), (-0.19820507, -0.17216878, -0.05), (-0.22320506, -0.1288675, -0.05), (-0.24820507, -0.08556624, -0.05), (-0.27320507, -0.04226497, -0.05), (-0.25980762, -0.26547006, -0.05), (-0.28480762, -0.22216879, -0.05), (-0.30980763, -0.17886752, -0.05), (-0.33480763, -0.13556625, -0.05), (-0.35980764, -0.09226498, -0.05), (-0.34641016, -0.31547004, -0.05), (-0.37141016, -0.2721688, -0.05), (-0.39641017, -0.22886752, -0.05), (-0.42141017, -0.18556625, -0.05), (-0.44641015, -0.14226498, -0.05), (-0.4330127, -0.36547005, -0.05), (-0.4580127, -0.32216877, -0.05), (-0.4830127, -0.2788675, -0.05), (-0.5080127, -0.23556624, -0.05), (-0.5330127, -0.19226497, -0.05), (-0.51961523, -0.41547006, -0.05), (-0.54461527, -0.37216878, -0.05), (-0.56961524, -0.32886752, -0.05), (-0.5946153, -0.28556627, -0.05), (-0.61961526, -0.24226499, -0.05), (-0.60621774, -0.46547005, -0.05), (-0.6312178, -0.4221688, -0.05), (-0.65621775, -0.3788675, -0.05), (-0.6812178, -0.33556622, -0.05), (-0.70621777, -0.29226497, -0.05), (-0.6928203, -0.51547, -0.05), (-0.71782035, -0.4721688, -0.05), (-0.7428203, -0.42886752, -0.05), (-0.7678203, -0.38556623, -0.05), (-0.79282033, -0.34226498, -0.05), (-0.08660253, -0.16547005, 0), (-0.11160253, -0.12216878, 0), (-0.13660254, -0.07886751, 0), (-0.16160253, -0.03556624, 0), (-0.18660253, 0.007735029, 0), (-0.17320506, -0.21547005, 0), (-0.19820507, -0.17216878, 0), (-0.22320506, -0.1288675, 0), (-0.24820507, -0.08556624, 0), (-0.27320507, -0.04226497, 0), (-0.25980762, -0.26547006, 0), (-0.28480762, -0.22216879, 0), (-0.30980763, -0.17886752, 0), (-0.33480763, -0.13556625, 0), (-0.35980764, -0.09226498, 0), (-0.34641016, -0.31547004, 0), (-0.37141016, -0.2721688, 0), (-0.39641017, -0.22886752, 0), (-0.42141017, -0.18556625, 0), (-0.44641015, -0.14226498, 0), (-0.4330127, -0.36547005, 0), (-0.4580127, -0.32216877, 0), (-0.4830127, -0.2788675, 0), (-0.5080127, -0.23556624, 0), (-0.5330127, -0.19226497, 0), (-0.51961523, -0.41547006, 0), (-0.54461527, -0.37216878, 0), (-0.56961524, -0.32886752, 0), (-0.5946153, -0.28556627, 0), (-0.61961526, -0.24226499, 0), (-0.60621774, -0.46547005, 0), (-0.6312178, -0.4221688, 0), (-0.65621775, -0.3788675, 0), (-0.6812178, -0.33556622, 0), (-0.70621777, -0.29226497, 0), (-0.6928203, -0.51547, 0), (-0.71782035, -0.4721688, 0), (-0.7428203, -0.42886752, 0), (-0.7678203, -0.38556623, 0), (-0.79282033, -0.34226498, 0), (-0.08660253, -0.16547005, 0.05), (-0.11160253, -0.12216878, 0.05), (-0.13660254, -0.07886751, 0.05), (-0.16160253, -0.03556624, 0.05), (-0.18660253, 0.007735029, 0.05), (-0.17320506, -0.21547005, 0.05), (-0.19820507, -0.17216878, 0.05), (-0.22320506, -0.1288675, 0.05), (-0.24820507, -0.08556624, 0.05), (-0.27320507, -0.04226497, 0.05), (-0.25980762, -0.26547006, 0.05), (-0.28480762, -0.22216879, 0.05), (-0.30980763, -0.17886752, 0.05), (-0.33480763, -0.13556625, 0.05), (-0.35980764, -0.09226498, 0.05), (-0.34641016, -0.31547004, 0.05), (-0.37141016, -0.2721688, 0.05), (-0.39641017, -0.22886752, 0.05), (-0.42141017, -0.18556625, 0.05), (-0.44641015, -0.14226498, 0.05), (-0.4330127, -0.36547005, 0.05), (-0.4580127, -0.32216877, 0.05), (-0.4830127, -0.2788675, 0.05), (-0.5080127, -0.23556624, 0.05), (-0.5330127, -0.19226497, 0.05), (-0.51961523, -0.41547006, 0.05), (-0.54461527, -0.37216878, 0.05), (-0.56961524, -0.32886752, 0.05), (-0.5946153, -0.28556627, 0.05), (-0.61961526, -0.24226499, 0.05), (-0.60621774, -0.46547005, 0.05), (-0.6312178, -0.4221688, 0.05), (-0.65621775, -0.3788675, 0.05), (-0.6812178, -0.33556622, 0.05), (-0.70621777, -0.29226497, 0.05), (-0.6928203, -0.51547, 0.05), (-0.71782035, -0.4721688, 0.05), (-0.7428203, -0.42886752, 0.05), (-0.7678203, -0.38556623, 0.05), (-0.79282033, -0.34226498, 0.05), (-0.08660253, -0.16547005, 0.1), (-0.11160253, -0.12216878, 0.1), (-0.13660254, -0.07886751, 0.1), (-0.16160253, -0.03556624, 0.1), (-0.18660253, 0.007735029, 0.1), (-0.17320506, -0.21547005, 0.1), (-0.19820507, -0.17216878, 0.1), (-0.22320506, -0.1288675, 0.1), (-0.24820507, -0.08556624, 0.1), (-0.27320507, -0.04226497, 0.1), (-0.25980762, -0.26547006, 0.1), (-0.28480762, -0.22216879, 0.1), (-0.30980763, -0.17886752, 0.1), (-0.33480763, -0.13556625, 0.1), (-0.35980764, -0.09226498, 0.1), (-0.34641016, -0.31547004, 0.1), (-0.37141016, -0.2721688, 0.1), (-0.39641017, -0.22886752, 0.1), (-0.42141017, -0.18556625, 0.1), (-0.44641015, -0.14226498, 0.1), (-0.4330127, -0.36547005, 0.1), (-0.4580127, -0.32216877, 0.1), (-0.4830127, -0.2788675, 0.1), (-0.5080127, -0.23556624, 0.1), (-0.5330127, -0.19226497, 0.1), (-0.51961523, -0.41547006, 0.1), (-0.54461527, -0.37216878, 0.1), (-0.56961524, -0.32886752, 0.1), (-0.5946153, -0.28556627, 0.1), (-0.61961526, -0.24226499, 0.1), (-0.60621774, -0.46547005, 0.1), (-0.6312178, -0.4221688, 0.1), (-0.65621775, -0.3788675, 0.1), (-0.6812178, -0.33556622, 0.1), (-0.70621777, -0.29226497, 0.1), (-0.6928203, -0.51547, 0.1), (-0.71782035, -0.4721688, 0.1), (-0.7428203, -0.42886752, 0.1), (-0.7678203, -0.38556623, 0.1), (-0.79282033, -0.34226498, 0.1), (-0.78612155, -0.4038675, -0.1), (-0.78612155, -0.4038675, -0.05), (-0.79282033, -0.42886752, -0.1), (-0.79282033, -0.42886752, -0.05), (-0.7861216, -0.45386752, -0.1), (-0.7861216, -0.45386752, -0.05), (-0.76782036, -0.4721688, -0.1), (-0.76782036, -0.4721688, -0.05), (-0.7428203, -0.4788675, -0.1), (-0.7428203, -0.4788675, -0.05), (-0.8294229, -0.37886754, -0.1), (-0.8294229, -0.37886754, -0.05), (-0.8428203, -0.42886752, -0.1), (-0.8428203, -0.42886752, -0.05), (-0.82942283, -0.4788675, -0.1), (-0.82942283, -0.4788675, -0.05), (-0.7928203, -0.51547, -0.1), (-0.7928203, -0.51547, -0.05), (-0.7428203, -0.52886754, -0.1), (-0.7428203, -0.52886754, -0.05), (-0.78612155, -0.4038675, 0), (-0.79282033, -0.42886752, 0), (-0.7861216, -0.45386752, 0), (-0.76782036, -0.4721688, 0), (-0.7428203, -0.4788675, 0), (-0.8294229, -0.37886754, 0), (-0.8428203, -0.42886752, 0), (-0.82942283, -0.4788675, 0), (-0.7928203, -0.51547, 0), (-0.7428203, -0.52886754, 0), (-0.78612155, -0.4038675, 0.05), (-0.79282033, -0.42886752, 0.05), (-0.7861216, -0.45386752, 0.05), (-0.76782036, -0.4721688, 0.05), (-0.7428203, -0.4788675, 0.05), (-0.8294229, -0.37886754, 0.05), (-0.8428203, -0.42886752, 0.05), (-0.82942283, -0.4788675, 0.05), (-0.7928203, -0.51547, 0.05), (-0.7428203, -0.52886754, 0.05), (-0.78612155, -0.4038675, 0.1), (-0.79282033, -0.42886752, 0.1), (-0.7861216, -0.45386752, 0.1), (-0.76782036, -0.4721688, 0.1), (-0.7428203, -0.4788675, 0.1), (-0.8294229, -0.37886754, 0.1), (-0.8428203, -0.42886752, 0.1), (-0.82942283, -0.4788675, 0.1), (-0.7928203, -0.51547, 0.1), (-0.7428203, -0.52886754, 0.1), (0.18660253, 0.007735029, -0.1), (0.16160253, -0.03556624, -0.1), (0.13660254, -0.07886751, -0.1), (0.11160253, -0.12216878, -0.1), (0.08660253, -0.16547005, -0.1), (0.27320507, -0.04226497, -0.1), (0.24820507, -0.08556624, -0.1), (0.22320506, -0.1288675, -0.1), (0.19820507, -0.17216878, -0.1), (0.17320506, -0.21547005, -0.1), (0.35980764, -0.09226498, -0.1), (0.33480763, -0.13556625, -0.1), (0.30980763, -0.17886752, -0.1), (0.28480762, -0.22216879, -0.1), (0.25980762, -0.26547006, -0.1), (0.44641015, -0.14226498, -0.1), (0.42141017, -0.18556625, -0.1), (0.39641017, -0.22886752, -0.1), (0.37141016, -0.2721688, -0.1), (0.34641016, -0.31547004, -0.1), (0.5330127, -0.19226497, -0.1), (0.5080127, -0.23556624, -0.1), (0.4830127, -0.2788675, -0.1), (0.4580127, -0.32216877, -0.1), (0.4330127, -0.36547005, -0.1), (0.61961526, -0.24226499, -0.1), (0.5946153, -0.28556627, -0.1), (0.56961524, -0.32886752, -0.1), (0.54461527, -0.37216878, -0.1), (0.51961523, -0.41547006, -0.1), (0.70621777, -0.29226497, -0.1), (0.6812178, -0.33556622, -0.1), (0.65621775, -0.3788675, -0.1), (0.6312178, -0.4221688, -0.1), (0.60621774, -0.46547005, -0.1), (0.79282033, -0.34226498, -0.1), (0.7678203, -0.38556623, -0.1), (0.7428203, -0.42886752, -0.1), (0.71782035, -0.4721688, -0.1), (0.6928203, -0.51547, -0.1), (0.18660253, 0.007735029, -0.05), (0.16160253, -0.03556624, -0.05), (0.13660254, -0.07886751, -0.05), (0.11160253, -0.12216878, -0.05), (0.08660253, -0.16547005, -0.05), (0.27320507, -0.04226497, -0.05), (0.24820507, -0.08556624, -0.05), (0.22320506, -0.1288675, -0.05), (0.19820507, -0.17216878, -0.05), (0.17320506, -0.21547005, -0.05), (0.35980764, -0.09226498, -0.05), (0.33480763, -0.13556625, -0.05), (0.30980763, -0.17886752, -0.05), (0.28480762, -0.22216879, -0.05), (0.25980762, -0.26547006, -0.05), (0.44641015, -0.14226498, -0.05), (0.42141017, -0.18556625, -0.05), (0.39641017, -0.22886752, -0.05), (0.37141016, -0.2721688, -0.05), (0.34641016, -0.31547004, -0.05), (0.5330127, -0.19226497, -0.05), (0.5080127, -0.23556624, -0.05), (0.4830127, -0.2788675, -0.05), (0.4580127, -0.32216877, -0.05), (0.4330127, -0.36547005, -0.05), (0.61961526, -0.24226499, -0.05), (0.5946153, -0.28556627, -0.05), (0.56961524, -0.32886752, -0.05), (0.54461527, -0.37216878, -0.05), (0.51961523, -0.41547006, -0.05), (0.70621777, -0.29226497, -0.05), (0.6812178, -0.33556622, -0.05), (0.65621775, -0.3788675, -0.05), (0.6312178, -0.4221688, -0.05), (0.60621774, -0.46547005, -0.05), (0.79282033, -0.34226498, -0.05), (0.7678203, -0.38556623, -0.05), (0.7428203, -0.42886752, -0.05), (0.71782035, -0.4721688, -0.05), (0.6928203, -0.51547, -0.05), (0.18660253, 0.007735029, 0), (0.16160253, -0.03556624, 0), (0.13660254, -0.07886751, 0), (0.11160253, -0.12216878, 0), (0.08660253, -0.16547005, 0), (0.27320507, -0.04226497, 0), (0.24820507, -0.08556624, 0), (0.22320506, -0.1288675, 0), (0.19820507, -0.17216878, 0), (0.17320506, -0.21547005, 0), (0.35980764, -0.09226498, 0), (0.33480763, -0.13556625, 0), (0.30980763, -0.17886752, 0), (0.28480762, -0.22216879, 0), (0.25980762, -0.26547006, 0), (0.44641015, -0.14226498, 0), (0.42141017, -0.18556625, 0), (0.39641017, -0.22886752, 0), (0.37141016, -0.2721688, 0), (0.34641016, -0.31547004, 0), (0.5330127, -0.19226497, 0), (0.5080127, -0.23556624, 0), (0.4830127, -0.2788675, 0), (0.4580127, -0.32216877, 0), (0.4330127, -0.36547005, 0), (0.61961526, -0.24226499, 0), (0.5946153, -0.28556627, 0), (0.56961524, -0.32886752, 0), (0.54461527, -0.37216878, 0), (0.51961523, -0.41547006, 0), (0.70621777, -0.29226497, 0), (0.6812178, -0.33556622, 0), (0.65621775, -0.3788675, 0), (0.6312178, -0.4221688, 0), (0.60621774, -0.46547005, 0), (0.79282033, -0.34226498, 0), (0.7678203, -0.38556623, 0), (0.7428203, -0.42886752, 0), (0.71782035, -0.4721688, 0), (0.6928203, -0.51547, 0), (0.18660253, 0.007735029, 0.05), (0.16160253, -0.03556624, 0.05), (0.13660254, -0.07886751, 0.05), (0.11160253, -0.12216878, 0.05), (0.08660253, -0.16547005, 0.05), (0.27320507, -0.04226497, 0.05), (0.24820507, -0.08556624, 0.05), (0.22320506, -0.1288675, 0.05), (0.19820507, -0.17216878, 0.05), (0.17320506, -0.21547005, 0.05), (0.35980764, -0.09226498, 0.05), (0.33480763, -0.13556625, 0.05), (0.30980763, -0.17886752, 0.05), (0.28480762, -0.22216879, 0.05), (0.25980762, -0.26547006, 0.05), (0.44641015, -0.14226498, 0.05), (0.42141017, -0.18556625, 0.05), (0.39641017, -0.22886752, 0.05), (0.37141016, -0.2721688, 0.05), (0.34641016, -0.31547004, 0.05), (0.5330127, -0.19226497, 0.05), (0.5080127, -0.23556624, 0.05), (0.4830127, -0.2788675, 0.05), (0.4580127, -0.32216877, 0.05), (0.4330127, -0.36547005, 0.05), (0.61961526, -0.24226499, 0.05), (0.5946153, -0.28556627, 0.05), (0.56961524, -0.32886752, 0.05), (0.54461527, -0.37216878, 0.05), (0.51961523, -0.41547006, 0.05), (0.70621777, -0.29226497, 0.05), (0.6812178, -0.33556622, 0.05), (0.65621775, -0.3788675, 0.05), (0.6312178, -0.4221688, 0.05), (0.60621774, -0.46547005, 0.05), (0.79282033, -0.34226498, 0.05), (0.7678203, -0.38556623, 0.05), (0.7428203, -0.42886752, 0.05), (0.71782035, -0.4721688, 0.05), (0.6928203, -0.51547, 0.05), (0.18660253, 0.007735029, 0.1), (0.16160253, -0.03556624, 0.1), (0.13660254, -0.07886751, 0.1), (0.11160253, -0.12216878, 0.1), (0.08660253, -0.16547005, 0.1), (0.27320507, -0.04226497, 0.1), (0.24820507, -0.08556624, 0.1), (0.22320506, -0.1288675, 0.1), (0.19820507, -0.17216878, 0.1), (0.17320506, -0.21547005, 0.1), (0.35980764, -0.09226498, 0.1), (0.33480763, -0.13556625, 0.1), (0.30980763, -0.17886752, 0.1), (0.28480762, -0.22216879, 0.1), (0.25980762, -0.26547006, 0.1), (0.44641015, -0.14226498, 0.1), (0.42141017, -0.18556625, 0.1), (0.39641017, -0.22886752, 0.1), (0.37141016, -0.2721688, 0.1), (0.34641016, -0.31547004, 0.1), (0.5330127, -0.19226497, 0.1), (0.5080127, -0.23556624, 0.1), (0.4830127, -0.2788675, 0.1), (0.4580127, -0.32216877, 0.1), (0.4330127, -0.36547005, 0.1), (0.61961526, -0.24226499, 0.1), (0.5946153, -0.28556627, 0.1), (0.56961524, -0.32886752, 0.1), (0.54461527, -0.37216878, 0.1), (0.51961523, -0.41547006, 0.1), (0.70621777, -0.29226497, 0.1), (0.6812178, -0.33556622, 0.1), (0.65621775, -0.3788675, 0.1), (0.6312178, -0.4221688, 0.1), (0.60621774, -0.46547005, 0.1), (0.79282033, -0.34226498, 0.1), (0.7678203, -0.38556623, 0.1), (0.7428203, -0.42886752, 0.1), (0.71782035, -0.4721688, 0.1), (0.6928203, -0.51547, 0.1), (0.7428203, -0.4788675, -0.1), (0.7428203, -0.4788675, -0.05), (0.76782036, -0.4721688, -0.1), (0.76782036, -0.4721688, -0.05), (0.7861216, -0.45386752, -0.1), (0.7861216, -0.45386752, -0.05), (0.79282033, -0.42886752, -0.1), (0.79282033, -0.42886752, -0.05), (0.78612155, -0.4038675, -0.1), (0.78612155, -0.4038675, -0.05), (0.7428203, -0.52886754, -0.1), (0.7428203, -0.52886754, -0.05), (0.7928203, -0.51547, -0.1), (0.7928203, -0.51547, -0.05), (0.82942283, -0.4788675, -0.1), (0.82942283, -0.4788675, -0.05), (0.8428203, -0.42886752, -0.1), (0.8428203, -0.42886752, -0.05), (0.8294229, -0.37886754, -0.1), (0.8294229, -0.37886754, -0.05), (0.7428203, -0.4788675, 0), (0.76782036, -0.4721688, 0), (0.7861216, -0.45386752, 0), (0.79282033, -0.42886752, 0), (0.78612155, -0.4038675, 0), (0.7428203, -0.52886754, 0), (0.7928203, -0.51547, 0), (0.82942283, -0.4788675, 0), (0.8428203, -0.42886752, 0), (0.8294229, -0.37886754, 0), (0.7428203, -0.4788675, 0.05), (0.76782036, -0.4721688, 0.05), (0.7861216, -0.45386752, 0.05), (0.79282033, -0.42886752, 0.05), (0.78612155, -0.4038675, 0.05), (0.7428203, -0.52886754, 0.05), (0.7928203, -0.51547, 0.05), (0.82942283, -0.4788675, 0.05), (0.8428203, -0.42886752, 0.05), (0.8294229, -0.37886754, 0.05), (0.7428203, -0.4788675, 0.1), (0.76782036, -0.4721688, 0.1), (0.7861216, -0.45386752, 0.1), (0.79282033, -0.42886752, 0.1), (0.78612155, -0.4038675, 0.1), (0.7428203, -0.52886754, 0.1), (0.7928203, -0.51547, 0.1), (0.82942283, -0.4788675, 0.1), (0.8428203, -0.42886752, 0.1), (0.8294229, -0.37886754, 0.1)]
    int3[] surfaceFaceVertexIndices = [(0, 4, 2), (0, 6, 4), (0, 8, 6), (0, 10, 8), (2, 14, 12), (2, 4, 14), (4, 6, 14), (14, 6, 16), (6, 18, 16), (6, 8, 18), (8, 10, 18), (18, 10, 20), (12, 14, 22), (22, 14, 24), (14, 26, 24), (14, 16, 26), (16, 18, 26), (26, 18, 28), (18, 30, 28), (18, 20, 30), (66, 64, 65), (66, 67, 64), (68, 64, 67), (68, 69, 64), (70, 71, 65), (65, 71, 66), (71, 67, 66), (71, 72, 67), (72, 73, 67), (67, 73, 68), (73, 69, 68), (73, 74, 69), (75, 71, 70), (75, 76, 71), (76, 77, 71), (71, 77, 72), (77, 73, 72), (77, 78, 73), (78, 79, 73), (73, 79, 74), (0, 80, 10), (0, 82, 80), (0, 84, 82), (0, 86, 84), (10, 88, 20), (10, 80, 88), (80, 82, 88), (88, 82, 90), (82, 92, 90), (82, 84, 92), (84, 86, 92), (92, 86, 94), (20, 88, 30), (30, 88, 96), (88, 98, 96), (88, 90, 98), (90, 92, 98), (98, 92, 100), (92, 102, 100), (92, 94, 102), (128, 64, 69), (128, 129, 64), (130, 64, 129), (130, 131, 64), (74, 132, 69), (69, 132, 128), (132, 129, 128), (132, 133, 129), (133, 134, 129), (129, 134, 130), (134, 131, 130), (134, 135, 131), (79, 132, 74), (79, 136, 132), (136, 137, 132), (132, 137, 133), (137, 134, 133), (137, 138, 134), (138, 139, 134), (134, 139, 135), (0, 140, 86), (0, 142, 140), (0, 144, 142), (0, 2, 144), (86, 146, 94), (86, 140, 146), (140, 142, 146), (146, 142, 148), (142, 150, 148), (142, 144, 150), (144, 2, 150), (150, 2, 12), (94, 146, 102), (102, 146, 152), (146, 154, 152), (146, 148, 154), (148, 150, 154), (154, 150, 156), (150, 22, 156), (150, 12, 22), (176, 64, 131), (176, 177, 64), (178, 64, 177), (178, 65, 64), (135, 179, 131), (131, 179, 176), (179, 177, 176), (179, 180, 177), (180, 181, 177), (177, 181, 178), (181, 65, 178), (181, 70, 65), (139, 179, 135), (139, 182, 179), (182, 183, 179), (179, 183, 180), (183, 181, 180), (183, 184, 181), (184, 75, 181), (181, 75, 70), (30, 186, 28), (30, 31, 225), (30, 225, 185), (30, 185, 186), (28, 186, 26), (26, 186, 187), (26, 188, 24), (26, 187, 188), (24, 188, 22), (22, 229, 23), (22, 188, 189), (22, 189, 229), (185, 190, 186), (185, 225, 190), (186, 190, 191), (225, 230, 190), (186, 192, 187), (186, 191, 192), (187, 192, 188), (188, 192, 193), (188, 194, 189), (189, 194, 229), (188, 193, 194), (229, 194, 234), (190, 196, 191), (190, 230, 235), (190, 235, 195), (190, 195, 196), (191, 196, 192), (192, 196, 197), (192, 198, 193), (192, 197, 198), (193, 198, 194), (194, 239, 234), (194, 198, 199), (194, 199, 239), (195, 200, 196), (195, 235, 200), (196, 200, 201), (235, 240, 200), (196, 202, 197), (196, 201, 202), (197, 202, 198), (198, 202, 203), (198, 204, 199), (199, 204, 239), (198, 203, 204), (239, 204, 244), (200, 206, 201), (200, 240, 245), (200, 245, 205), (200, 205, 206), (201, 206, 202), (202, 206, 207), (202, 208, 203), (202, 207, 208), (203, 208, 204), (204, 249, 244), (204, 208, 209), (204, 209, 249), (205, 210, 206), (205, 245, 210), (206, 210, 211), (245, 250, 210), (206, 212, 207), (206, 211, 212), (207, 212, 208), (208, 212, 213), (208, 214, 209), (209, 214, 249), (208, 213, 214), (249, 214, 254), (210, 216, 211), (210, 250, 255), (210, 255, 215), (210, 215, 216), (211, 216, 212), (212, 216, 217), (212, 218, 213), (212, 217, 218), (213, 218, 214), (214, 259, 254), (214, 218, 219), (214, 219, 259), (215, 220, 216), (215, 255, 220), (216, 220, 221), (255, 260, 220), (216, 222, 217), (216, 221, 222), (217, 222, 218), (218, 222, 223), (218, 224, 219), (219, 224, 259), (218, 223, 224), (259, 224, 264), (31, 47, 225), (47, 265, 225), (23, 229, 43), (43, 229, 269), (225, 265, 270), (225, 270, 230), (229, 274, 269), (229, 234, 274), (230, 270, 235), (270, 275, 235), (234, 239, 274), (274, 239, 279), (235, 275, 280), (235, 280, 240), (239, 284, 279), (239, 244, 284), (240, 280, 245), (280, 285, 245), (244, 249, 284), (284, 249, 289), (245, 285, 290), (245, 290, 250), (249, 294, 289), (249, 254, 294), (250, 290, 255), (290, 295, 255), (254, 259, 294), (294, 259, 299), (255, 295, 300), (255, 300, 260), (259, 304, 299), (259, 264, 304), (47, 63, 305), (47, 305, 265), (43, 309, 59), (43, 269, 309), (265, 305, 270), (305, 310, 270), (269, 274, 309), (309, 274, 314), (270, 310, 315), (270, 315, 275), (274, 319, 314), (274, 279, 319), (275, 315, 280), (315, 320, 280), (279, 284, 319), (319, 284, 324), (280, 320, 325), (280, 325, 285), (284, 329, 324), (284, 289, 329), (285, 325, 290), (325, 330, 290), (289, 294, 329), (329, 294, 334), (290, 330, 335), (290, 335, 295), (294, 339, 334), (294, 299, 339), (295, 335, 300), (335, 340, 300), (299, 304, 339), (339, 304, 344), (63, 79, 305), (78, 346, 79), (79, 345, 305), (79, 346, 345), (77, 346, 78), (77, 347, 346), (76, 348, 77), (77, 348, 347), (59, 309, 75), (75, 348, 76), (75, 309, 349), (75, 349, 348), (346, 350, 345), (305, 345, 350), (305, 350, 310), (346, 351, 350), (347, 352, 346), (346, 352, 351), (348, 352, 347), (348, 353, 352), (309, 354, 349), (349, 354, 348), (309, 314, 354), (348, 354, 353), (310, 350, 315), (351, 356, 350), (350, 355, 315), (350, 356, 355), (352, 356, 351), (352, 357, 356), (353, 358, 352), (352, 358, 357), (314, 319, 354), (354, 358, 353), (354, 319, 359), (354, 359, 358), (356, 360, 355), (315, 355, 360), (315, 360, 320), (356, 361, 360), (357, 362, 356), (356, 362, 361), (358, 362, 357), (358, 363, 362), (319, 364, 359), (359, 364, 358), (319, 324, 364), (358, 364, 363), (320, 360, 325), (361, 366, 360), (360, 365, 325), (360, 366, 365), (362, 366, 361), (362, 367, 366), (363, 368, 362), (362, 368, 367), (324, 329, 364), (364, 368, 363), (364, 329, 369), (364, 369, 368), (366, 370, 365), (325, 365, 370), (325, 370, 330), (366, 371, 370), (367, 372, 366), (366, 372, 371), (368, 372, 367), (368, 373, 372), (329, 374, 369), (369, 374, 368), (329, 334, 374), (368, 374, 373), (330, 370, 335), (371, 376, 370), (370, 375, 335), (370, 376, 375), (372, 376, 371), (372, 377, 376), (373, 378, 372), (372, 378, 377), (334, 339, 374), (374, 378, 373), (374, 339, 379), (374, 379, 378), (376, 380, 375), (335, 375, 380), (335, 380, 340), (376, 381, 380), (377, 382, 376), (376, 382, 381), (378, 382, 377), (378, 383, 382), (339, 384, 379), (379, 384, 378), (339, 344, 384), (378, 384, 383), (222, 385, 223), (385, 222, 387), (222, 389, 387), (389, 222, 391), (222, 393, 391), (393, 222, 221), (223, 385, 224), (224, 396, 264), (224, 385, 395), (224, 395, 396), (385, 397, 395), (395, 397, 396), (385, 387, 397), (396, 397, 398), (387, 389, 397), (397, 400, 398), (397, 389, 399), (397, 399, 400), (389, 401, 399), (399, 401, 400), (389, 391, 401), (400, 401, 402), (391, 393, 401), (401, 404, 402), (401, 393, 403), (401, 403, 404), (393, 220, 403), (403, 220, 404), (393, 221, 220), (404, 220, 260), (264, 396, 304), (304, 396, 410), (396, 411, 410), (396, 398, 411), (398, 400, 411), (411, 400, 412), (400, 413, 412), (400, 402, 413), (402, 404, 413), (413, 404, 414), (404, 300, 414), (404, 260, 300), (304, 420, 344), (304, 410, 420), (410, 411, 420), (420, 411, 421), (411, 422, 421), (411, 412, 422), (412, 413, 422), (422, 413, 423), (413, 424, 423), (413, 414, 424), (414, 300, 424), (424, 300, 340), (383, 425, 382), (425, 426, 382), (426, 427, 382), (427, 428, 382), (428, 429, 382), (429, 381, 382), (344, 420, 384), (384, 425, 383), (384, 420, 430), (384, 430, 425), (420, 431, 430), (430, 431, 425), (420, 421, 431), (425, 431, 426), (421, 422, 431), (431, 427, 426), (431, 422, 432), (431, 432, 427), (422, 433, 432), (432, 433, 427), (422, 423, 433), (427, 433, 428), (423, 424, 433), (433, 429, 428), (433, 424, 434), (433, 434, 429), (424, 380, 434), (434, 380, 429), (424, 340, 380), (429, 380, 381), (102, 436, 100), (102, 103, 475), (102, 475, 435), (102, 435, 436), (100, 436, 98), (98, 436, 437), (98, 438, 96), (98, 437, 438), (96, 438, 30), (30, 479, 31), (30, 438, 439), (30, 439, 479), (435, 440, 436), (435, 475, 440), (436, 440, 441), (475, 480, 440), (436, 442, 437), (436, 441, 442), (437, 442, 438), (438, 442, 443), (438, 444, 439), (439, 444, 479), (438, 443, 444), (479, 444, 484), (440, 446, 441), (440, 480, 485), (440, 485, 445), (440, 445, 446), (441, 446, 442), (442, 446, 447), (442, 448, 443), (442, 447, 448), (443, 448, 444), (444, 489, 484), (444, 448, 449), (444, 449, 489), (445, 450, 446), (445, 485, 450), (446, 450, 451), (485, 490, 450), (446, 452, 447), (446, 451, 452), (447, 452, 448), (448, 452, 453), (448, 454, 449), (449, 454, 489), (448, 453, 454), (489, 454, 494), (450, 456, 451), (450, 490, 495), (450, 495, 455), (450, 455, 456), (451, 456, 452), (452, 456, 457), (452, 458, 453), (452, 457, 458), (453, 458, 454), (454, 499, 494), (454, 458, 459), (454, 459, 499), (455, 460, 456), (455, 495, 460), (456, 460, 461), (495, 500, 460), (456, 462, 457), (456, 461, 462), (457, 462, 458), (458, 462, 463), (458, 464, 459), (459, 464, 499), (458, 463, 464), (499, 464, 504), (460, 466, 461), (460, 500, 505), (460, 505, 465), (460, 465, 466), (461, 466, 462), (462, 466, 467), (462, 468, 463), (462, 467, 468), (463, 468, 464), (464, 509, 504), (464, 468, 469), (464, 469, 509), (465, 470, 466), (465, 505, 470), (466, 470, 471), (505, 510, 470), (466, 472, 467), (466, 471, 472), (467, 472, 468), (468, 472, 473), (468, 474, 469), (469, 474, 509), (468, 473, 474), (509, 474, 514), (103, 115, 475), (115, 515, 475), (31, 479, 47), (47, 479, 519), (475, 515, 520), (475, 520, 480), (479, 524, 519), (479, 484, 524), (480, 520, 485), (520, 525, 485), (484, 489, 524), (524, 489, 529), (485, 525, 530), (485, 530, 490), (489, 534, 529), (489, 494, 534), (490, 530, 495), (530, 535, 495), (494, 499, 534), (534, 499, 539), (495, 535, 540), (495, 540, 500), (499, 544, 539), (499, 504, 544), (500, 540, 505), (540, 545, 505), (504, 509, 544), (544, 509, 549), (505, 545, 550), (505, 550, 510), (509, 554, 549), (509, 514, 554), (115, 127, 555), (115, 555, 515), (47, 559, 63), (47, 519, 559), (515, 555, 520), (555, 560, 520), (519, 524, 559), (559, 524, 564), (520, 560, 565), (520, 565, 525), (524, 569, 564), (524, 529, 569), (525, 565, 530), (565, 570, 530), (529, 534, 569), (569, 534, 574), (530, 570, 575), (530, 575, 535), (534, 579, 574), (534, 539, 579), (535, 575, 540), (575, 580, 540), (539, 544, 579), (579, 544, 584), (540, 580, 585), (540, 585, 545), (544, 589, 584), (544, 549, 589), (545, 585, 550), (585, 590, 550), (549, 554, 589), (589, 554, 594), (127, 139, 555), (138, 596, 139), (139, 595, 555), (139, 596, 595), (137, 596, 138), (137, 597, 596), (136, 598, 137), (137, 598, 597), (63, 559, 79), (79, 598, 136), (79, 559, 599), (79, 599, 598), (596, 600, 595), (555, 595, 600), (555, 600, 560), (596, 601, 600), (597, 602, 596), (596, 602, 601), (598, 602, 597), (598, 603, 602), (559, 604, 599), (599, 604, 598), (559, 564, 604), (598, 604, 603), (560, 600, 565), (601, 606, 600), (600, 605, 565), (600, 606, 605), (602, 606, 601), (602, 607, 606), (603, 608, 602), (602, 608, 607), (564, 569, 604), (604, 608, 603), (604, 569, 609), (604, 609, 608), (606, 610, 605), (565, 605, 610), (565, 610, 570), (606, 611, 610), (607, 612, 606), (606, 612, 611), (608, 612, 607), (608, 613, 612), (569, 614, 609), (609, 614, 608), (569, 574, 614), (608, 614, 613), (570, 610, 575), (611, 616, 610), (610, 615, 575), (610, 616, 615), (612, 616, 611), (612, 617, 616), (613, 618, 612), (612, 618, 617), (574, 579, 614), (614, 618, 613), (614, 579, 619), (614, 619, 618), (616, 620, 615), (575, 615, 620), (575, 620, 580), (616, 621, 620), (617, 622, 616), (616, 622, 621), (618, 622, 617), (618, 623, 622), (579, 624, 619), (619, 624, 618), (579, 584, 624), (618, 624, 623), (580, 620, 585), (621, 626, 620), (620, 625, 585), (620, 626, 625), (622, 626, 621), (622, 627, 626), (623, 628, 622), (622, 628, 627), (584, 589, 624), (624, 628, 623), (624, 589, 629), (624, 629, 628), (626, 630, 625), (585, 625, 630), (585, 630, 590), (626, 631, 630), (627, 632, 626), (626, 632, 631), (628, 632, 627), (628, 633, 632), (589, 634, 629), (629, 634, 628), (589, 594, 634), (628, 634, 633), (472, 635, 473), (635, 472, 637), (472, 639, 637), (639, 472, 641), (472, 643, 641), (643, 472, 471), (473, 635, 474), (474, 646, 514), (474, 635, 645), (474, 645, 646), (635, 647, 645), (645, 647, 646), (635, 637, 647), (646, 647, 648), (637, 639, 647), (647, 650, 648), (647, 639, 649), (647, 649, 650), (639, 651, 649), (649, 651, 650), (639, 641, 651), (650, 651, 652), (641, 643, 651), (651, 654, 652), (651, 643, 653), (651, 653, 654), (643, 470, 653), (653, 470, 654), (643, 471, 470), (654, 470, 510), (514, 646, 554), (554, 646, 660), (646, 661, 660), (646, 648, 661), (648, 650, 661), (661, 650, 662), (650, 663, 662), (650, 652, 663), (652, 654, 663), (663, 654, 664), (654, 550, 664), (654, 510, 550), (554, 670, 594), (554, 660, 670), (660, 661, 670), (670, 661, 671), (661, 672, 671), (661, 662, 672), (662, 663, 672), (672, 663, 673), (663, 674, 673), (663, 664, 674), (664, 550, 674), (674, 550, 590), (633, 675, 632), (675, 676, 632), (676, 677, 632), (677, 678, 632), (678, 679, 632), (679, 631, 632), (594, 670, 634), (634, 675, 633), (634, 670, 680), (634, 680, 675), (670, 681, 680), (680, 681, 675), (670, 671, 681), (675, 681, 676), (671, 672, 681), (681, 677, 676), (681, 672, 682), (681, 682, 677), (672, 683, 682), (682, 683, 677), (672, 673, 683), (677, 683, 678), (673, 674, 683), (683, 679, 678), (683, 674, 684), (683, 684, 679), (674, 630, 684), (684, 630, 679), (674, 590, 630), (679, 630, 631), (22, 686, 156), (22, 23, 725), (22, 725, 685), (22, 685, 686), (156, 686, 154), (154, 686, 687), (154, 688, 152), (154, 687, 688), (152, 688, 102), (102, 729, 103), (102, 688, 689), (102, 689, 729), (685, 690, 686), (685, 725, 690), (686, 690, 691), (725, 730, 690), (686, 692, 687), (686, 691, 692), (687, 692, 688), (688, 692, 693), (688, 694, 689), (689, 694, 729), (688, 693, 694), (729, 694, 734), (690, 696, 691), (690, 730, 735), (690, 735, 695), (690, 695, 696), (691, 696, 692), (692, 696, 697), (692, 698, 693), (692, 697, 698), (693, 698, 694), (694, 739, 734), (694, 698, 699), (694, 699, 739), (695, 700, 696), (695, 735, 700), (696, 700, 701), (735, 740, 700), (696, 702, 697), (696, 701, 702), (697, 702, 698), (698, 702, 703), (698, 704, 699), (699, 704, 739), (698, 703, 704), (739, 704, 744), (700, 706, 701), (700, 740, 745), (700, 745, 705), (700, 705, 706), (701, 706, 702), (702, 706, 707), (702, 708, 703), (702, 707, 708), (703, 708, 704), (704, 749, 744), (704, 708, 709), (704, 709, 749), (705, 710, 706), (705, 745, 710), (706, 710, 711), (745, 750, 710), (706, 712, 707), (706, 711, 712), (707, 712, 708), (708, 712, 713), (708, 714, 709), (709, 714, 749), (708, 713, 714), (749, 714, 754), (710, 716, 711), (710, 750, 755), (710, 755, 715), (710, 715, 716), (711, 716, 712), (712, 716, 717), (712, 718, 713), (712, 717, 718), (713, 718, 714), (714, 759, 754), (714, 718, 719), (714, 719, 759), (715, 720, 716), (715, 755, 720), (716, 720, 721), (755, 760, 720), (716, 722, 717), (716, 721, 722), (717, 722, 718), (718, 722, 723), (718, 724, 719), (719, 724, 759), (718, 723, 724), (759, 724, 764), (23, 43, 725), (43, 765, 725), (103, 729, 115), (115, 729, 769), (725, 765, 770), (725, 770, 730), (729, 774, 769), (729, 734, 774), (730, 770, 735), (770, 775, 735), (734, 739, 774), (774, 739, 779), (735, 775, 780), (735, 780, 740), (739, 784, 779), (739, 744, 784), (740, 780, 745), (780, 785, 745), (744, 749, 784), (784, 749, 789), (745, 785, 790), (745, 790, 750), (749, 794, 789), (749, 754, 794), (750, 790, 755), (790, 795, 755), (754, 759, 794), (794, 759, 799), (755, 795, 800), (755, 800, 760), (759, 804, 799), (759, 764, 804), (43, 59, 805), (43, 805, 765), (115, 809, 127), (115, 769, 809), (765, 805, 770), (805, 810, 770), (769, 774, 809), (809, 774, 814), (770, 810, 815), (770, 815, 775), (774, 819, 814), (774, 779, 819), (775, 815, 780), (815, 820, 780), (779, 784, 819), (819, 784, 824), (780, 820, 825), (780, 825, 785), (784, 829, 824), (784, 789, 829), (785, 825, 790), (825, 830, 790), (789, 794, 829), (829, 794, 834), (790, 830, 835), (790, 835, 795), (794, 839, 834), (794, 799, 839), (795, 835, 800), (835, 840, 800), (799, 804, 839), (839, 804, 844), (59, 75, 805), (184, 846, 75), (75, 845, 805), (75, 846, 845), (183, 846, 184), (183, 847, 846), (182, 848, 183), (183, 848, 847), (127, 809, 139), (139, 848, 182), (139, 809, 849), (139, 849, 848), (846, 850, 845), (805, 845, 850), (805, 850, 810), (846, 851, 850), (847, 852, 846), (846, 852, 851), (848, 852, 847), (848, 853, 852), (809, 854, 849), (849, 854, 848), (809, 814, 854), (848, 854, 853), (810, 850, 815), (851, 856, 850), (850, 855, 815), (850, 856, 855), (852, 856, 851), (852, 857, 856), (853, 858, 852), (852, 858, 857), (814, 819, 854), (854, 858, 853), (854, 819, 859), (854, 859, 858), (856, 860, 855), (815, 855, 860), (815, 860, 820), (856, 861, 860), (857, 862, 856), (856, 862, 861), (858, 862, 857), (858, 863, 862), (819, 864, 859), (859, 864, 858), (819, 824, 864), (858, 864, 863), (820, 860, 825), (861, 866, 860), (860, 865, 825), (860, 866, 865), (862, 866, 861), (862, 867, 866), (863, 868, 862), (862, 868, 867), (824, 829, 864), (864, 868, 863), (864, 829, 869), (864, 869, 868), (866, 870, 865), (825, 865, 870), (825, 870, 830), (866, 871, 870), (867, 872, 866), (866, 872, 871), (868, 872, 867), (868, 873, 872), (829, 874, 869), (869, 874, 868), (829, 834, 874), (868, 874, 873), (830, 870, 835), (871, 876, 870), (870, 875, 835), (870, 876, 875), (872, 876, 871), (872, 877, 876), (873, 878, 872), (872, 878, 877), (834, 839, 874), (874, 878, 873), (874, 839, 879), (874, 879, 878), (876, 880, 875), (835, 875, 880), (835, 880, 840), (876, 881, 880), (877, 882, 876), (876, 882, 881), (878, 882, 877), (878, 883, 882), (839, 884, 879), (879, 884, 878), (839, 844, 884), (878, 884, 883), (722, 885, 723), (885, 722, 887), (722, 889, 887), (889, 722, 891), (722, 893, 891), (893, 722, 721), (723, 885, 724), (724, 896, 764), (724, 885, 895), (724, 895, 896), (885, 897, 895), (895, 897, 896), (885, 887, 897), (896, 897, 898), (887, 889, 897), (897, 900, 898), (897, 889, 899), (897, 899, 900), (889, 901, 899), (899, 901, 900), (889, 891, 901), (900, 901, 902), (891, 893, 901), (901, 904, 902), (901, 893, 903), (901, 903, 904), (893, 720, 903), (903, 720, 904), (893, 721, 720), (904, 720, 760), (764, 896, 804), (804, 896, 910), (896, 911, 910), (896, 898, 911), (898, 900, 911), (911, 900, 912), (900, 913, 912), (900, 902, 913), (902, 904, 913), (913, 904, 914), (904, 800, 914), (904, 760, 800), (804, 920, 844), (804, 910, 920), (910, 911, 920), (920, 911, 921), (911, 922, 921), (911, 912, 922), (912, 913, 922), (922, 913, 923), (913, 924, 923), (913, 914, 924), (914, 800, 924), (924, 800, 840), (883, 925, 882), (925, 926, 882), (926, 927, 882), (927, 928, 882), (928, 929, 882), (929, 881, 882), (844, 920, 884), (884, 925, 883), (884, 920, 930), (884, 930, 925), (920, 931, 930), (930, 931, 925), (920, 921, 931), (925, 931, 926), (921, 922, 931), (931, 927, 926), (931, 922, 932), (931, 932, 927), (922, 933, 932), (932, 933, 927), (922, 923, 933), (927, 933, 928), (923, 924, 933), (933, 929, 928), (933, 924, 934), (933, 934, 929), (924, 880, 934), (934, 880, 929), (924, 840, 880), (929, 880, 881)]
    int4[] tetVertexIndices = [(0, 2, 4, 5), (0, 2, 5, 3), (0, 3, 5, 1), (0, 4, 6, 5), (0, 6, 7, 5), (0, 7, 1, 5), (0, 6, 8, 9), (0, 6, 9, 7), (0, 7, 9, 1), (0, 8, 10, 9), (0, 10, 11, 9), (0, 11, 1, 9), (2, 13, 14, 5), (2, 12, 14, 13), (2, 13, 5, 3), (2, 4, 5, 14), (13, 14, 5, 15), (14, 5, 17, 6), (4, 14, 6, 5), (14, 15, 17, 5), (14, 6, 17, 16), (5, 6, 7, 17), (6, 17, 18, 9), (6, 16, 18, 17), (6, 17, 9, 7), (6, 8, 9, 18), (17, 18, 9, 19), (18, 9, 21, 10), (8, 18, 10, 9), (18, 19, 21, 9), (18, 10, 21, 20), (9, 10, 11, 21), (22, 13, 25, 14), (12, 22, 14, 13), (22, 23, 25, 13), (22, 14, 25, 24), (13, 14, 15, 25), (14, 25, 26, 17), (14, 24, 26, 25), (14, 25, 17, 15), (14, 16, 17, 26), (25, 26, 17, 27), (26, 17, 29, 18), (16, 26, 18, 17), (26, 27, 29, 17), (26, 18, 29, 28), (17, 18, 19, 29), (18, 29, 30, 21), (18, 28, 30, 29), (18, 29, 21, 19), (18, 20, 21, 30), (29, 30, 21, 31), (1, 3, 5, 33), (1, 5, 34, 33), (1, 34, 32, 33), (1, 5, 7, 35), (1, 5, 35, 34), (1, 34, 35, 32), (1, 7, 9, 35), (1, 9, 36, 35), (1, 36, 32, 35), (1, 9, 11, 37), (1, 9, 37, 36), (1, 36, 37, 32), (13, 33, 39, 5), (3, 13, 5, 33), (13, 38, 39, 33), (13, 5, 39, 15), (33, 5, 34, 39), (5, 39, 17, 35), (5, 15, 17, 39), (5, 39, 35, 34), (5, 7, 35, 17), (39, 17, 35, 40), (17, 35, 41, 9), (7, 17, 9, 35), (17, 40, 41, 35), (17, 9, 41, 19), (35, 9, 36, 41), (9, 41, 21, 37), (9, 19, 21, 41), (9, 41, 37, 36), (9, 11, 37, 21), (41, 21, 37, 42), (13, 43, 25, 39), (13, 23, 25, 43), (13, 43, 39, 38), (13, 15, 39, 25), (43, 25, 39, 44), (25, 39, 45, 17), (15, 25, 17, 39), (25, 44, 45, 39), (25, 17, 45, 27), (39, 17, 40, 45), (17, 45, 29, 41), (17, 27, 29, 45), (17, 45, 41, 40), (17, 19, 41, 29), (45, 29, 41, 46), (29, 41, 47, 21), (19, 29, 21, 41), (29, 46, 47, 41), (29, 21, 47, 31), (41, 21, 42, 47), (32, 33, 34, 50), (32, 33, 50, 49), (32, 49, 50, 48), (32, 34, 35, 50), (32, 35, 51, 50), (32, 51, 48, 50), (32, 35, 36, 52), (32, 35, 52, 51), (32, 51, 52, 48), (32, 36, 37, 52), (32, 37, 53, 52), (32, 53, 48, 52), (33, 54, 39, 50), (33, 38, 39, 54), (33, 54, 50, 49), (33, 34, 50, 39), (54, 39, 50, 55), (39, 50, 56, 35), (34, 39, 35, 50), (39, 55, 56, 50), (39, 35, 56, 40), (50, 35, 51, 56), (35, 56, 41, 52), (35, 40, 41, 56), (35, 56, 52, 51), (35, 36, 52, 41), (56, 41, 52, 57), (41, 52, 58, 37), (36, 41, 37, 52), (41, 57, 58, 52), (41, 37, 58, 42), (52, 37, 53, 58), (43, 54, 60, 39), (38, 43, 39, 54), (43, 59, 60, 54), (43, 39, 60, 44), (54, 39, 55, 60), (39, 60, 45, 56), (39, 44, 45, 60), (39, 60, 56, 55), (39, 40, 56, 45), (60, 45, 56, 61), (45, 56, 62, 41), (40, 45, 41, 56), (45, 61, 62, 56), (45, 41, 62, 46), (56, 41, 57, 62), (41, 62, 47, 58), (41, 46, 47, 62), (41, 62, 58, 57), (41, 42, 58, 47), (62, 47, 58, 63), (48, 49, 50, 65), (48, 50, 66, 65), (48, 66, 64, 65), (48, 50, 51, 67), (48, 50, 67, 66), (48, 66, 67, 64), (48, 51, 52, 67), (48, 52, 68, 67), (48, 68, 64, 67), (48, 52, 53, 69), (48, 52, 69, 68), (48, 68, 69, 64), (54, 65, 71, 50), (49, 54, 50, 65), (54, 70, 71, 65), (54, 50, 71, 55), (65, 50, 66, 71), (50, 71, 56, 67), (50, 55, 56, 71), (50, 71, 67, 66), (50, 51, 67, 56), (71, 56, 67, 72), (56, 67, 73, 52), (51, 56, 52, 67), (56, 72, 73, 67), (56, 52, 73, 57), (67, 52, 68, 73), (52, 73, 58, 69), (52, 57, 58, 73), (52, 73, 69, 68), (52, 53, 69, 58), (73, 58, 69, 74), (54, 75, 60, 71), (54, 59, 60, 75), (54, 75, 71, 70), (54, 55, 71, 60), (75, 60, 71, 76), (60, 71, 77, 56), (55, 60, 56, 71), (60, 76, 77, 71), (60, 56, 77, 61), (71, 56, 72, 77), (56, 77, 62, 73), (56, 61, 62, 77), (56, 77, 73, 72), (56, 57, 73, 62), (77, 62, 73, 78), (62, 73, 79, 58), (57, 62, 58, 73), (62, 78, 79, 73), (62, 58, 79, 63), (73, 58, 74, 79), (0, 10, 80, 81), (0, 10, 81, 11), (0, 11, 81, 1), (0, 80, 82, 81), (0, 82, 83, 81), (0, 83, 1, 81), (0, 82, 84, 85), (0, 82, 85, 83), (0, 83, 85, 1), (0, 84, 86, 85), (0, 86, 87, 85), (0, 87, 1, 85), (10, 21, 88, 81), (10, 20, 88, 21), (10, 21, 81, 11), (10, 80, 81, 88), (21, 88, 81, 89), (88, 81, 91, 82), (80, 88, 82, 81), (88, 89, 91, 81), (88, 82, 91, 90), (81, 82, 83, 91), (82, 91, 92, 85), (82, 90, 92, 91), (82, 91, 85, 83), (82, 84, 85, 92), (91, 92, 85, 93), (92, 85, 95, 86), (84, 92, 86, 85), (92, 93, 95, 85), (92, 86, 95, 94), (85, 86, 87, 95), (30, 21, 97, 88), (20, 30, 88, 21), (30, 31, 97, 21), (30, 88, 97, 96), (21, 88, 89, 97), (88, 97, 98, 91), (88, 96, 98, 97), (88, 97, 91, 89), (88, 90, 91, 98), (97, 98, 91, 99), (98, 91, 101, 92), (90, 98, 92, 91), (98, 99, 101, 91), (98, 92, 101, 100), (91, 92, 93, 101), (92, 101, 102, 95), (92, 100, 102, 101), (92, 101, 95, 93), (92, 94, 95, 102), (101, 102, 95, 103), (1, 11, 81, 37), (1, 81, 104, 37), (1, 104, 32, 37), (1, 81, 83, 105), (1, 81, 105, 104), (1, 104, 105, 32), (1, 83, 85, 105), (1, 85, 106, 105), (1, 106, 32, 105), (1, 85, 87, 107), (1, 85, 107, 106), (1, 106, 107, 32), (21, 37, 108, 81), (11, 21, 81, 37), (21, 42, 108, 37), (21, 81, 108, 89), (37, 81, 104, 108), (81, 108, 91, 105), (81, 89, 91, 108), (81, 108, 105, 104), (81, 83, 105, 91), (108, 91, 105, 109), (91, 105, 110, 85), (83, 91, 85, 105), (91, 109, 110, 105), (91, 85, 110, 93), (105, 85, 106, 110), (85, 110, 95, 107), (85, 93, 95, 110), (85, 110, 107, 106), (85, 87, 107, 95), (110, 95, 107, 111), (21, 47, 97, 108), (21, 31, 97, 47), (21, 47, 108, 42), (21, 89, 108, 97), (47, 97, 108, 112), (97, 108, 113, 91), (89, 97, 91, 108), (97, 112, 113, 108), (97, 91, 113, 99), (108, 91, 109, 113), (91, 113, 101, 110), (91, 99, 101, 113), (91, 113, 110, 109), (91, 93, 110, 101), (113, 101, 110, 114), (101, 110, 115, 95), (93, 101, 95, 110), (101, 114, 115, 110), (101, 95, 115, 103), (110, 95, 111, 115), (32, 37, 104, 116), (32, 37, 116, 53), (32, 53, 116, 48), (32, 104, 105, 116), (32, 105, 117, 116), (32, 117, 48, 116), (32, 105, 106, 118), (32, 105, 118, 117), (32, 117, 118, 48), (32, 106, 107, 118), (32, 107, 119, 118), (32, 119, 48, 118), (37, 58, 108, 116), (37, 42, 108, 58), (37, 58, 116, 53), (37, 104, 116, 108), (58, 108, 116, 120), (108, 116, 121, 105), (104, 108, 105, 116), (108, 120, 121, 116), (108, 105, 121, 109), (116, 105, 117, 121), (105, 121, 110, 118), (105, 109, 110, 121), (105, 121, 118, 117), (105, 106, 118, 110), (121, 110, 118, 122), (110, 118, 123, 107), (106, 110, 107, 118), (110, 122, 123, 118), (110, 107, 123, 111), (118, 107, 119, 123), (47, 58, 124, 108), (42, 47, 108, 58), (47, 63, 124, 58), (47, 108, 124, 112), (58, 108, 120, 124), (108, 124, 113, 121), (108, 112, 113, 124), (108, 124, 121, 120), (108, 109, 121, 113), (124, 113, 121, 125), (113, 121, 126, 110), (109, 113, 110, 121), (113, 125, 126, 121), (113, 110, 126, 114), (121, 110, 122, 126), (110, 126, 115, 123), (110, 114, 115, 126), (110, 126, 123, 122), (110, 111, 123, 115), (126, 115, 123, 127), (48, 53, 116, 69), (48, 116, 128, 69), (48, 128, 64, 69), (48, 116, 117, 129), (48, 116, 129, 128), (48, 128, 129, 64), (48, 117, 118, 129), (48, 118, 130, 129), (48, 130, 64, 129), (48, 118, 119, 131), (48, 118, 131, 130), (48, 130, 131, 64), (58, 69, 132, 116), (53, 58, 116, 69), (58, 74, 132, 69), (58, 116, 132, 120), (69, 116, 128, 132), (116, 132, 121, 129), (116, 120, 121, 132), (116, 132, 129, 128), (116, 117, 129, 121), (132, 121, 129, 133), (121, 129, 134, 118), (117, 121, 118, 129), (121, 133, 134, 129), (121, 118, 134, 122), (129, 118, 130, 134), (118, 134, 123, 131), (118, 122, 123, 134), (118, 134, 131, 130), (118, 119, 131, 123), (134, 123, 131, 135), (58, 79, 124, 132), (58, 63, 124, 79), (58, 79, 132, 74), (58, 120, 132, 124), (79, 124, 132, 136), (124, 132, 137, 121), (120, 124, 121, 132), (124, 136, 137, 132), (124, 121, 137, 125), (132, 121, 133, 137), (121, 137, 126, 134), (121, 125, 126, 137), (121, 137, 134, 133), (121, 122, 134, 126), (137, 126, 134, 138), (126, 134, 139, 123), (122, 126, 123, 134), (126, 138, 139, 134), (126, 123, 139, 127), (134, 123, 135, 139), (0, 86, 140, 141), (0, 86, 141, 87), (0, 87, 141, 1), (0, 140, 142, 141), (0, 142, 143, 141), (0, 143, 1, 141), (0, 142, 144, 145), (0, 142, 145, 143), (0, 143, 145, 1), (0, 144, 2, 145), (0, 2, 3, 145), (0, 3, 1, 145), (86, 95, 146, 141), (86, 94, 146, 95), (86, 95, 141, 87), (86, 140, 141, 146), (95, 146, 141, 147), (146, 141, 149, 142), (140, 146, 142, 141), (146, 147, 149, 141), (146, 142, 149, 148), (141, 142, 143, 149), (142, 149, 150, 145), (142, 148, 150, 149), (142, 149, 145, 143), (142, 144, 145, 150), (149, 150, 145, 151), (150, 145, 13, 2), (144, 150, 2, 145), (150, 151, 13, 145), (150, 2, 13, 12), (145, 2, 3, 13), (102, 95, 153, 146), (94, 102, 146, 95), (102, 103, 153, 95), (102, 146, 153, 152), (95, 146, 147, 153), (146, 153, 154, 149), (146, 152, 154, 153), (146, 153, 149, 147), (146, 148, 149, 154), (153, 154, 149, 155), (154, 149, 157, 150), (148, 154, 150, 149), (154, 155, 157, 149), (154, 150, 157, 156), (149, 150, 151, 157), (150, 157, 22, 13), (150, 156, 22, 157), (150, 157, 13, 151), (150, 12, 13, 22), (157, 22, 13, 23), (1, 87, 141, 107), (1, 141, 158, 107), (1, 158, 32, 107), (1, 141, 143, 159), (1, 141, 159, 158), (1, 158, 159, 32), (1, 143, 145, 159), (1, 145, 160, 159), (1, 160, 32, 159), (1, 145, 3, 33), (1, 145, 33, 160), (1, 160, 33, 32), (95, 107, 161, 141), (87, 95, 141, 107), (95, 111, 161, 107), (95, 141, 161, 147), (107, 141, 158, 161), (141, 161, 149, 159), (141, 147, 149, 161), (141, 161, 159, 158), (141, 143, 159, 149), (161, 149, 159, 162), (149, 159, 163, 145), (143, 149, 145, 159), (149, 162, 163, 159), (149, 145, 163, 151), (159, 145, 160, 163), (145, 163, 13, 33), (145, 151, 13, 163), (145, 163, 33, 160), (145, 3, 33, 13), (163, 13, 33, 38), (95, 115, 153, 161), (95, 103, 153, 115), (95, 115, 161, 111), (95, 147, 161, 153), (115, 153, 161, 164), (153, 161, 165, 149), (147, 153, 149, 161), (153, 164, 165, 161), (153, 149, 165, 155), (161, 149, 162, 165), (149, 165, 157, 163), (149, 155, 157, 165), (149, 165, 163, 162), (149, 151, 163, 157), (165, 157, 163, 166), (157, 163, 43, 13), (151, 157, 13, 163), (157, 166, 43, 163), (157, 13, 43, 23), (163, 13, 38, 43), (32, 107, 158, 167), (32, 107, 167, 119), (32, 119, 167, 48), (32, 158, 159, 167), (32, 159, 168, 167), (32, 168, 48, 167), (32, 159, 160, 169), (32, 159, 169, 168), (32, 168, 169, 48), (32, 160, 33, 169), (32, 33, 49, 169), (32, 49, 48, 169), (107, 123, 161, 167), (107, 111, 161, 123), (107, 123, 167, 119), (107, 158, 167, 161), (123, 161, 167, 170), (161, 167, 171, 159), (158, 161, 159, 167), (161, 170, 171, 167), (161, 159, 171, 162), (167, 159, 168, 171), (159, 171, 163, 169), (159, 162, 163, 171), (159, 171, 169, 168), (159, 160, 169, 163), (171, 163, 169, 172), (163, 169, 54, 33), (160, 163, 33, 169), (163, 172, 54, 169), (163, 33, 54, 38), (169, 33, 49, 54), (115, 123, 173, 161), (111, 115, 161, 123), (115, 127, 173, 123), (115, 161, 173, 164), (123, 161, 170, 173), (161, 173, 165, 171), (161, 164, 165, 173), (161, 173, 171, 170), (161, 162, 171, 165), (173, 165, 171, 174), (165, 171, 175, 163), (162, 165, 163, 171), (165, 174, 175, 171), (165, 163, 175, 166), (171, 163, 172, 175), (163, 175, 43, 54), (163, 166, 43, 175), (163, 175, 54, 172), (163, 38, 54, 43), (175, 43, 54, 59), (48, 119, 167, 131), (48, 167, 176, 131), (48, 176, 64, 131), (48, 167, 168, 177), (48, 167, 177, 176), (48, 176, 177, 64), (48, 168, 169, 177), (48, 169, 178, 177), (48, 178, 64, 177), (48, 169, 49, 65), (48, 169, 65, 178), (48, 178, 65, 64), (123, 131, 179, 167), (119, 123, 167, 131), (123, 135, 179, 131), (123, 167, 179, 170), (131, 167, 176, 179), (167, 179, 171, 177), (167, 170, 171, 179), (167, 179, 177, 176), (167, 168, 177, 171), (179, 171, 177, 180), (171, 177, 181, 169), (168, 171, 169, 177), (171, 180, 181, 177), (171, 169, 181, 172), (177, 169, 178, 181), (169, 181, 54, 65), (169, 172, 54, 181), (169, 181, 65, 178), (169, 49, 65, 54), (181, 54, 65, 70), (123, 139, 173, 179), (123, 127, 173, 139), (123, 139, 179, 135), (123, 170, 179, 173), (139, 173, 179, 182), (173, 179, 183, 171), (170, 173, 171, 179), (173, 182, 183, 179), (173, 171, 183, 174), (179, 171, 180, 183), (171, 183, 175, 181), (171, 174, 175, 183), (171, 183, 181, 180), (171, 172, 181, 175), (183, 175, 181, 184), (175, 181, 75, 54), (172, 175, 54, 181), (175, 184, 75, 181), (175, 54, 75, 59), (181, 54, 70, 75), (30, 29, 186, 225), (30, 28, 186, 29), (30, 29, 225, 31), (30, 185, 225, 186), (29, 186, 225, 226), (26, 29, 227, 186), (28, 26, 186, 29), (26, 27, 227, 29), (26, 186, 227, 187), (29, 186, 226, 227), (26, 25, 188, 227), (26, 24, 188, 25), (26, 25, 227, 27), (26, 187, 227, 188), (25, 188, 227, 228), (22, 25, 229, 188), (24, 22, 188, 25), (22, 23, 229, 25), (22, 188, 229, 189), (25, 188, 228, 229), (186, 225, 231, 190), (185, 186, 190, 225), (186, 226, 231, 225), (186, 190, 231, 191), (225, 190, 230, 231), (186, 227, 192, 231), (186, 187, 192, 227), (186, 227, 231, 226), (186, 191, 231, 192), (227, 192, 231, 232), (188, 227, 233, 192), (187, 188, 192, 227), (188, 228, 233, 227), (188, 192, 233, 193), (227, 192, 232, 233), (188, 229, 194, 233), (188, 189, 194, 229), (188, 229, 233, 228), (188, 193, 233, 194), (229, 194, 233, 234), (190, 231, 196, 235), (190, 191, 196, 231), (190, 231, 235, 230), (190, 195, 235, 196), (231, 196, 235, 236), (192, 231, 237, 196), (191, 192, 196, 231), (192, 232, 237, 231), (192, 196, 237, 197), (231, 196, 236, 237), (192, 233, 198, 237), (192, 193, 198, 233), (192, 233, 237, 232), (192, 197, 237, 198), (233, 198, 237, 238), (194, 233, 239, 198), (193, 194, 198, 233), (194, 234, 239, 233), (194, 198, 239, 199), (233, 198, 238, 239), (196, 235, 241, 200), (195, 196, 200, 235), (196, 236, 241, 235), (196, 200, 241, 201), (235, 200, 240, 241), (196, 237, 202, 241), (196, 197, 202, 237), (196, 237, 241, 236), (196, 201, 241, 202), (237, 202, 241, 242), (198, 237, 243, 202), (197, 198, 202, 237), (198, 238, 243, 237), (198, 202, 243, 203), (237, 202, 242, 243), (198, 239, 204, 243), (198, 199, 204, 239), (198, 239, 243, 238), (198, 203, 243, 204), (239, 204, 243, 244), (200, 241, 206, 245), (200, 201, 206, 241), (200, 241, 245, 240), (200, 205, 245, 206), (241, 206, 245, 246), (202, 241, 247, 206), (201, 202, 206, 241), (202, 242, 247, 241), (202, 206, 247, 207), (241, 206, 246, 247), (202, 243, 208, 247), (202, 203, 208, 243), (202, 243, 247, 242), (202, 207, 247, 208), (243, 208, 247, 248), (204, 243, 249, 208), (203, 204, 208, 243), (204, 244, 249, 243), (204, 208, 249, 209), (243, 208, 248, 249), (206, 245, 251, 210), (205, 206, 210, 245), (206, 246, 251, 245), (206, 210, 251, 211), (245, 210, 250, 251), (206, 247, 212, 251), (206, 207, 212, 247), (206, 247, 251, 246), (206, 211, 251, 212), (247, 212, 251, 252), (208, 247, 253, 212), (207, 208, 212, 247), (208, 248, 253, 247), (208, 212, 253, 213), (247, 212, 252, 253), (208, 249, 214, 253), (208, 209, 214, 249), (208, 249, 253, 248), (208, 213, 253, 214), (249, 214, 253, 254), (210, 251, 216, 255), (210, 211, 216, 251), (210, 251, 255, 250), (210, 215, 255, 216), (251, 216, 255, 256), (212, 251, 257, 216), (211, 212, 216, 251), (212, 252, 257, 251), (212, 216, 257, 217), (251, 216, 256, 257), (212, 253, 218, 257), (212, 213, 218, 253), (212, 253, 257, 252), (212, 217, 257, 218), (253, 218, 257, 258), (214, 253, 259, 218), (213, 214, 218, 253), (214, 254, 259, 253), (214, 218, 259, 219), (253, 218, 258, 259), (216, 255, 261, 220), (215, 216, 220, 255), (216, 256, 261, 255), (216, 220, 261, 221), (255, 220, 260, 261), (216, 257, 222, 261), (216, 217, 222, 257), (216, 257, 261, 256), (216, 221, 261, 222), (257, 222, 261, 262), (218, 257, 263, 222), (217, 218, 222, 257), (218, 258, 263, 257), (218, 222, 263, 223), (257, 222, 262, 263), (218, 259, 224, 263), (218, 219, 224, 259), (218, 259, 263, 258), (218, 223, 263, 224), (259, 224, 263, 264), (29, 47, 266, 225), (31, 29, 225, 47), (29, 46, 266, 47), (29, 225, 266, 226), (47, 225, 265, 266), (29, 45, 227, 266), (29, 27, 227, 45), (29, 45, 266, 46), (29, 226, 266, 227), (45, 227, 266, 267), (25, 45, 268, 227), (27, 25, 227, 45), (25, 44, 268, 45), (25, 227, 268, 228), (45, 227, 267, 268), (25, 43, 229, 268), (25, 23, 229, 43), (25, 43, 268, 44), (25, 228, 268, 229), (43, 229, 268, 269), (225, 266, 231, 270), (225, 226, 231, 266), (225, 266, 270, 265), (225, 230, 270, 231), (266, 231, 270, 271), (227, 266, 272, 231), (226, 227, 231, 266), (227, 267, 272, 266), (227, 231, 272, 232), (266, 231, 271, 272), (227, 268, 233, 272), (227, 228, 233, 268), (227, 268, 272, 267), (227, 232, 272, 233), (268, 233, 272, 273), (229, 268, 274, 233), (228, 229, 233, 268), (229, 269, 274, 268), (229, 233, 274, 234), (268, 233, 273, 274), (231, 270, 276, 235), (230, 231, 235, 270), (231, 271, 276, 270), (231, 235, 276, 236), (270, 235, 275, 276), (231, 272, 237, 276), (231, 232, 237, 272), (231, 272, 276, 271), (231, 236, 276, 237), (272, 237, 276, 277), (233, 272, 278, 237), (232, 233, 237, 272), (233, 273, 278, 272), (233, 237, 278, 238), (272, 237, 277, 278), (233, 274, 239, 278), (233, 234, 239, 274), (233, 274, 278, 273), (233, 238, 278, 239), (274, 239, 278, 279), (235, 276, 241, 280), (235, 236, 241, 276), (235, 276, 280, 275), (235, 240, 280, 241), (276, 241, 280, 281), (237, 276, 282, 241), (236, 237, 241, 276), (237, 277, 282, 276), (237, 241, 282, 242), (276, 241, 281, 282), (237, 278, 243, 282), (237, 238, 243, 278), (237, 278, 282, 277), (237, 242, 282, 243), (278, 243, 282, 283), (239, 278, 284, 243), (238, 239, 243, 278), (239, 279, 284, 278), (239, 243, 284, 244), (278, 243, 283, 284), (241, 280, 286, 245), (240, 241, 245, 280), (241, 281, 286, 280), (241, 245, 286, 246), (280, 245, 285, 286), (241, 282, 247, 286), (241, 242, 247, 282), (241, 282, 286, 281), (241, 246, 286, 247), (282, 247, 286, 287), (243, 282, 288, 247), (242, 243, 247, 282), (243, 283, 288, 282), (243, 247, 288, 248), (282, 247, 287, 288), (243, 284, 249, 288), (243, 244, 249, 284), (243, 284, 288, 283), (243, 248, 288, 249), (284, 249, 288, 289), (245, 286, 251, 290), (245, 246, 251, 286), (245, 286, 290, 285), (245, 250, 290, 251), (286, 251, 290, 291), (247, 286, 292, 251), (246, 247, 251, 286), (247, 287, 292, 286), (247, 251, 292, 252), (286, 251, 291, 292), (247, 288, 253, 292), (247, 248, 253, 288), (247, 288, 292, 287), (247, 252, 292, 253), (288, 253, 292, 293), (249, 288, 294, 253), (248, 249, 253, 288), (249, 289, 294, 288), (249, 253, 294, 254), (288, 253, 293, 294), (251, 290, 296, 255), (250, 251, 255, 290), (251, 291, 296, 290), (251, 255, 296, 256), (290, 255, 295, 296), (251, 292, 257, 296), (251, 252, 257, 292), (251, 292, 296, 291), (251, 256, 296, 257), (292, 257, 296, 297), (253, 292, 298, 257), (252, 253, 257, 292), (253, 293, 298, 292), (253, 257, 298, 258), (292, 257, 297, 298), (253, 294, 259, 298), (253, 254, 259, 294), (253, 294, 298, 293), (253, 258, 298, 259), (294, 259, 298, 299), (255, 296, 261, 300), (255, 256, 261, 296), (255, 296, 300, 295), (255, 260, 300, 261), (296, 261, 300, 301), (257, 296, 302, 261), (256, 257, 261, 296), (257, 297, 302, 296), (257, 261, 302, 262), (296, 261, 301, 302), (257, 298, 263, 302), (257, 258, 263, 298), (257, 298, 302, 297), (257, 262, 302, 263), (298, 263, 302, 303), (259, 298, 304, 263), (258, 259, 263, 298), (259, 299, 304, 298), (259, 263, 304, 264), (298, 263, 303, 304), (47, 62, 266, 305), (47, 46, 266, 62), (47, 62, 305, 63), (47, 265, 305, 266), (62, 266, 305, 306), (45, 62, 307, 266), (46, 45, 266, 62), (45, 61, 307, 62), (45, 266, 307, 267), (62, 266, 306, 307), (45, 60, 268, 307), (45, 44, 268, 60), (45, 60, 307, 61), (45, 267, 307, 268), (60, 268, 307, 308), (43, 60, 309, 268), (44, 43, 268, 60), (43, 59, 309, 60), (43, 268, 309, 269), (60, 268, 308, 309), (266, 305, 311, 270), (265, 266, 270, 305), (266, 306, 311, 305), (266, 270, 311, 271), (305, 270, 310, 311), (266, 307, 272, 311), (266, 267, 272, 307), (266, 307, 311, 306), (266, 271, 311, 272), (307, 272, 311, 312), (268, 307, 313, 272), (267, 268, 272, 307), (268, 308, 313, 307), (268, 272, 313, 273), (307, 272, 312, 313), (268, 309, 274, 313), (268, 269, 274, 309), (268, 309, 313, 308), (268, 273, 313, 274), (309, 274, 313, 314), (270, 311, 276, 315), (270, 271, 276, 311), (270, 311, 315, 310), (270, 275, 315, 276), (311, 276, 315, 316), (272, 311, 317, 276), (271, 272, 276, 311), (272, 312, 317, 311), (272, 276, 317, 277), (311, 276, 316, 317), (272, 313, 278, 317), (272, 273, 278, 313), (272, 313, 317, 312), (272, 277, 317, 278), (313, 278, 317, 318), (274, 313, 319, 278), (273, 274, 278, 313), (274, 314, 319, 313), (274, 278, 319, 279), (313, 278, 318, 319), (276, 315, 321, 280), (275, 276, 280, 315), (276, 316, 321, 315), (276, 280, 321, 281), (315, 280, 320, 321), (276, 317, 282, 321), (276, 277, 282, 317), (276, 317, 321, 316), (276, 281, 321, 282), (317, 282, 321, 322), (278, 317, 323, 282), (277, 278, 282, 317), (278, 318, 323, 317), (278, 282, 323, 283), (317, 282, 322, 323), (278, 319, 284, 323), (278, 279, 284, 319), (278, 319, 323, 318), (278, 283, 323, 284), (319, 284, 323, 324), (280, 321, 286, 325), (280, 281, 286, 321), (280, 321, 325, 320), (280, 285, 325, 286), (321, 286, 325, 326), (282, 321, 327, 286), (281, 282, 286, 321), (282, 322, 327, 321), (282, 286, 327, 287), (321, 286, 326, 327), (282, 323, 288, 327), (282, 283, 288, 323), (282, 323, 327, 322), (282, 287, 327, 288), (323, 288, 327, 328), (284, 323, 329, 288), (283, 284, 288, 323), (284, 324, 329, 323), (284, 288, 329, 289), (323, 288, 328, 329), (286, 325, 331, 290), (285, 286, 290, 325), (286, 326, 331, 325), (286, 290, 331, 291), (325, 290, 330, 331), (286, 327, 292, 331), (286, 287, 292, 327), (286, 327, 331, 326), (286, 291, 331, 292), (327, 292, 331, 332), (288, 327, 333, 292), (287, 288, 292, 327), (288, 328, 333, 327), (288, 292, 333, 293), (327, 292, 332, 333), (288, 329, 294, 333), (288, 289, 294, 329), (288, 329, 333, 328), (288, 293, 333, 294), (329, 294, 333, 334), (290, 331, 296, 335), (290, 291, 296, 331), (290, 331, 335, 330), (290, 295, 335, 296), (331, 296, 335, 336), (292, 331, 337, 296), (291, 292, 296, 331), (292, 332, 337, 331), (292, 296, 337, 297), (331, 296, 336, 337), (292, 333, 298, 337), (292, 293, 298, 333), (292, 333, 337, 332), (292, 297, 337, 298), (333, 298, 337, 338), (294, 333, 339, 298), (293, 294, 298, 333), (294, 334, 339, 333), (294, 298, 339, 299), (333, 298, 338, 339), (296, 335, 341, 300), (295, 296, 300, 335), (296, 336, 341, 335), (296, 300, 341, 301), (335, 300, 340, 341), (296, 337, 302, 341), (296, 297, 302, 337), (296, 337, 341, 336), (296, 301, 341, 302), (337, 302, 341, 342), (298, 337, 343, 302), (297, 298, 302, 337), (298, 338, 343, 337), (298, 302, 343, 303), (337, 302, 342, 343), (298, 339, 304, 343), (298, 299, 304, 339), (298, 339, 343, 338), (298, 303, 343, 304), (339, 304, 343, 344), (62, 79, 346, 305), (63, 62, 305, 79), (62, 78, 346, 79), (62, 305, 346, 306), (79, 305, 345, 346), (62, 77, 307, 346), (62, 61, 307, 77), (62, 77, 346, 78), (62, 306, 346, 307), (77, 307, 346, 347), (60, 77, 348, 307), (61, 60, 307, 77), (60, 76, 348, 77), (60, 307, 348, 308), (77, 307, 347, 348), (60, 75, 309, 348), (60, 59, 309, 75), (60, 75, 348, 76), (60, 308, 348, 309), (75, 309, 348, 349), (305, 346, 311, 350), (305, 306, 311, 346), (305, 346, 350, 345), (305, 310, 350, 311), (346, 311, 350, 351), (307, 346, 352, 311), (306, 307, 311, 346), (307, 347, 352, 346), (307, 311, 352, 312), (346, 311, 351, 352), (307, 348, 313, 352), (307, 308, 313, 348), (307, 348, 352, 347), (307, 312, 352, 313), (348, 313, 352, 353), (309, 348, 354, 313), (308, 309, 313, 348), (309, 349, 354, 348), (309, 313, 354, 314), (348, 313, 353, 354), (311, 350, 356, 315), (310, 311, 315, 350), (311, 351, 356, 350), (311, 315, 356, 316), (350, 315, 355, 356), (311, 352, 317, 356), (311, 312, 317, 352), (311, 352, 356, 351), (311, 316, 356, 317), (352, 317, 356, 357), (313, 352, 358, 317), (312, 313, 317, 352), (313, 353, 358, 352), (313, 317, 358, 318), (352, 317, 357, 358), (313, 354, 319, 358), (313, 314, 319, 354), (313, 354, 358, 353), (313, 318, 358, 319), (354, 319, 358, 359), (315, 356, 321, 360), (315, 316, 321, 356), (315, 356, 360, 355), (315, 320, 360, 321), (356, 321, 360, 361), (317, 356, 362, 321), (316, 317, 321, 356), (317, 357, 362, 356), (317, 321, 362, 322), (356, 321, 361, 362), (317, 358, 323, 362), (317, 318, 323, 358), (317, 358, 362, 357), (317, 322, 362, 323), (358, 323, 362, 363), (319, 358, 364, 323), (318, 319, 323, 358), (319, 359, 364, 358), (319, 323, 364, 324), (358, 323, 363, 364), (321, 360, 366, 325), (320, 321, 325, 360), (321, 361, 366, 360), (321, 325, 366, 326), (360, 325, 365, 366), (321, 362, 327, 366), (321, 322, 327, 362), (321, 362, 366, 361), (321, 326, 366, 327), (362, 327, 366, 367), (323, 362, 368, 327), (322, 323, 327, 362), (323, 363, 368, 362), (323, 327, 368, 328), (362, 327, 367, 368), (323, 364, 329, 368), (323, 324, 329, 364), (323, 364, 368, 363), (323, 328, 368, 329), (364, 329, 368, 369), (325, 366, 331, 370), (325, 326, 331, 366), (325, 366, 370, 365), (325, 330, 370, 331), (366, 331, 370, 371), (327, 366, 372, 331), (326, 327, 331, 366), (327, 367, 372, 366), (327, 331, 372, 332), (366, 331, 371, 372), (327, 368, 333, 372), (327, 328, 333, 368), (327, 368, 372, 367), (327, 332, 372, 333), (368, 333, 372, 373), (329, 368, 374, 333), (328, 329, 333, 368), (329, 369, 374, 368), (329, 333, 374, 334), (368, 333, 373, 374), (331, 370, 376, 335), (330, 331, 335, 370), (331, 371, 376, 370), (331, 335, 376, 336), (370, 335, 375, 376), (331, 372, 337, 376), (331, 332, 337, 372), (331, 372, 376, 371), (331, 336, 376, 337), (372, 337, 376, 377), (333, 372, 378, 337), (332, 333, 337, 372), (333, 373, 378, 372), (333, 337, 378, 338), (372, 337, 377, 378), (333, 374, 339, 378), (333, 334, 339, 374), (333, 374, 378, 373), (333, 338, 378, 339), (374, 339, 378, 379), (335, 376, 341, 380), (335, 336, 341, 376), (335, 376, 380, 375), (335, 340, 380, 341), (376, 341, 380, 381), (337, 376, 382, 341), (336, 337, 341, 376), (337, 377, 382, 376), (337, 341, 382, 342), (376, 341, 381, 382), (337, 378, 343, 382), (337, 338, 343, 378), (337, 378, 382, 377), (337, 342, 382, 343), (378, 343, 382, 383), (339, 378, 384, 343), (338, 339, 343, 378), (339, 379, 384, 378), (339, 343, 384, 344), (378, 343, 383, 384), (222, 263, 385, 262), (222, 223, 385, 263), (263, 385, 262, 386), (385, 262, 388, 222), (385, 386, 388, 262), (385, 222, 388, 387), (222, 388, 389, 262), (222, 387, 389, 388), (388, 389, 262, 390), (389, 262, 392, 222), (389, 390, 392, 262), (389, 222, 392, 391), (222, 392, 393, 262), (222, 391, 393, 392), (392, 393, 262, 394), (393, 262, 261, 222), (393, 394, 261, 262), (393, 222, 261, 221), (224, 263, 396, 385), (223, 224, 385, 263), (224, 264, 396, 263), (224, 385, 396, 395), (263, 385, 386, 396), (385, 396, 397, 388), (385, 395, 397, 396), (385, 396, 388, 386), (385, 387, 388, 397), (396, 397, 388, 398), (397, 388, 400, 389), (387, 397, 389, 388), (397, 398, 400, 388), (397, 389, 400, 399), (388, 389, 390, 400), (389, 400, 401, 392), (389, 399, 401, 400), (389, 400, 392, 390), (389, 391, 392, 401), (400, 401, 392, 402), (401, 392, 404, 393), (391, 401, 393, 392), (401, 402, 404, 392), (401, 393, 404, 403), (392, 393, 394, 404), (393, 404, 220, 261), (393, 403, 220, 404), (393, 404, 261, 394), (393, 221, 261, 220), (404, 220, 261, 260), (263, 302, 405, 262), (263, 303, 405, 302), (263, 262, 405, 386), (262, 405, 388, 302), (262, 386, 388, 405), (405, 388, 302, 406), (388, 302, 407, 262), (388, 406, 407, 302), (388, 262, 407, 390), (262, 407, 392, 302), (262, 390, 392, 407), (407, 392, 302, 408), (392, 302, 409, 262), (392, 408, 409, 302), (392, 262, 409, 394), (262, 409, 261, 302), (262, 394, 261, 409), (409, 261, 302, 301), (263, 304, 396, 405), (263, 264, 396, 304), (263, 304, 405, 303), (263, 386, 405, 396), (304, 396, 405, 410), (396, 405, 411, 388), (386, 396, 388, 405), (396, 410, 411, 405), (396, 388, 411, 398), (405, 388, 406, 411), (388, 411, 400, 407), (388, 398, 400, 411), (388, 411, 407, 406), (388, 390, 407, 400), (411, 400, 407, 412), (400, 407, 413, 392), (390, 400, 392, 407), (400, 412, 413, 407), (400, 392, 413, 402), (407, 392, 408, 413), (392, 413, 404, 409), (392, 402, 404, 413), (392, 413, 409, 408), (392, 394, 409, 404), (413, 404, 409, 414), (404, 409, 300, 261), (394, 404, 261, 409), (404, 414, 300, 409), (404, 261, 300, 260), (409, 261, 301, 300), (302, 343, 405, 342), (302, 303, 405, 343), (343, 405, 342, 415), (405, 342, 416, 302), (405, 415, 416, 342), (405, 302, 416, 406), (302, 416, 407, 342), (302, 406, 407, 416), (416, 407, 342, 417), (407, 342, 418, 302), (407, 417, 418, 342), (407, 302, 418, 408), (302, 418, 409, 342), (302, 408, 409, 418), (418, 409, 342, 419), (409, 342, 341, 302), (409, 419, 341, 342), (409, 302, 341, 301), (304, 343, 420, 405), (303, 304, 405, 343), (304, 344, 420, 343), (304, 405, 420, 410), (343, 405, 415, 420), (405, 420, 411, 416), (405, 410, 411, 420), (405, 420, 416, 415), (405, 406, 416, 411), (420, 411, 416, 421), (411, 416, 422, 407), (406, 411, 407, 416), (411, 421, 422, 416), (411, 407, 422, 412), (416, 407, 417, 422), (407, 422, 413, 418), (407, 412, 413, 422), (407, 422, 418, 417), (407, 408, 418, 413), (422, 413, 418, 423), (413, 418, 424, 409), (408, 413, 409, 418), (413, 423, 424, 418), (413, 409, 424, 414), (418, 409, 419, 424), (409, 424, 300, 341), (409, 414, 300, 424), (409, 424, 341, 419), (409, 301, 341, 300), (424, 300, 341, 340), (343, 382, 425, 342), (343, 383, 425, 382), (343, 342, 425, 415), (342, 425, 416, 382), (342, 415, 416, 425), (425, 416, 382, 426), (416, 382, 427, 342), (416, 426, 427, 382), (416, 342, 427, 417), (342, 427, 418, 382), (342, 417, 418, 427), (427, 418, 382, 428), (418, 382, 429, 342), (418, 428, 429, 382), (418, 342, 429, 419), (342, 429, 341, 382), (342, 419, 341, 429), (429, 341, 382, 381), (343, 384, 420, 425), (343, 344, 420, 384), (343, 384, 425, 383), (343, 415, 425, 420), (384, 420, 425, 430), (420, 425, 431, 416), (415, 420, 416, 425), (420, 430, 431, 425), (420, 416, 431, 421), (425, 416, 426, 431), (416, 431, 422, 427), (416, 421, 422, 431), (416, 431, 427, 426), (416, 417, 427, 422), (431, 422, 427, 432), (422, 427, 433, 418), (417, 422, 418, 427), (422, 432, 433, 427), (422, 418, 433, 423), (427, 418, 428, 433), (418, 433, 424, 429), (418, 423, 424, 433), (418, 433, 429, 428), (418, 419, 429, 424), (433, 424, 429, 434), (424, 429, 380, 341), (419, 424, 341, 429), (424, 434, 380, 429), (424, 341, 380, 340), (429, 341, 381, 380), (102, 101, 436, 475), (102, 100, 436, 101), (102, 101, 475, 103), (102, 435, 475, 436), (101, 436, 475, 476), (98, 101, 477, 436), (100, 98, 436, 101), (98, 99, 477, 101), (98, 436, 477, 437), (101, 436, 476, 477), (98, 97, 438, 477), (98, 96, 438, 97), (98, 97, 477, 99), (98, 437, 477, 438), (97, 438, 477, 478), (30, 97, 479, 438), (96, 30, 438, 97), (30, 31, 479, 97), (30, 438, 479, 439), (97, 438, 478, 479), (436, 475, 481, 440), (435, 436, 440, 475), (436, 476, 481, 475), (436, 440, 481, 441), (475, 440, 480, 481), (436, 477, 442, 481), (436, 437, 442, 477), (436, 477, 481, 476), (436, 441, 481, 442), (477, 442, 481, 482), (438, 477, 483, 442), (437, 438, 442, 477), (438, 478, 483, 477), (438, 442, 483, 443), (477, 442, 482, 483), (438, 479, 444, 483), (438, 439, 444, 479), (438, 479, 483, 478), (438, 443, 483, 444), (479, 444, 483, 484), (440, 481, 446, 485), (440, 441, 446, 481), (440, 481, 485, 480), (440, 445, 485, 446), (481, 446, 485, 486), (442, 481, 487, 446), (441, 442, 446, 481), (442, 482, 487, 481), (442, 446, 487, 447), (481, 446, 486, 487), (442, 483, 448, 487), (442, 443, 448, 483), (442, 483, 487, 482), (442, 447, 487, 448), (483, 448, 487, 488), (444, 483, 489, 448), (443, 444, 448, 483), (444, 484, 489, 483), (444, 448, 489, 449), (483, 448, 488, 489), (446, 485, 491, 450), (445, 446, 450, 485), (446, 486, 491, 485), (446, 450, 491, 451), (485, 450, 490, 491), (446, 487, 452, 491), (446, 447, 452, 487), (446, 487, 491, 486), (446, 451, 491, 452), (487, 452, 491, 492), (448, 487, 493, 452), (447, 448, 452, 487), (448, 488, 493, 487), (448, 452, 493, 453), (487, 452, 492, 493), (448, 489, 454, 493), (448, 449, 454, 489), (448, 489, 493, 488), (448, 453, 493, 454), (489, 454, 493, 494), (450, 491, 456, 495), (450, 451, 456, 491), (450, 491, 495, 490), (450, 455, 495, 456), (491, 456, 495, 496), (452, 491, 497, 456), (451, 452, 456, 491), (452, 492, 497, 491), (452, 456, 497, 457), (491, 456, 496, 497), (452, 493, 458, 497), (452, 453, 458, 493), (452, 493, 497, 492), (452, 457, 497, 458), (493, 458, 497, 498), (454, 493, 499, 458), (453, 454, 458, 493), (454, 494, 499, 493), (454, 458, 499, 459), (493, 458, 498, 499), (456, 495, 501, 460), (455, 456, 460, 495), (456, 496, 501, 495), (456, 460, 501, 461), (495, 460, 500, 501), (456, 497, 462, 501), (456, 457, 462, 497), (456, 497, 501, 496), (456, 461, 501, 462), (497, 462, 501, 502), (458, 497, 503, 462), (457, 458, 462, 497), (458, 498, 503, 497), (458, 462, 503, 463), (497, 462, 502, 503), (458, 499, 464, 503), (458, 459, 464, 499), (458, 499, 503, 498), (458, 463, 503, 464), (499, 464, 503, 504), (460, 501, 466, 505), (460, 461, 466, 501), (460, 501, 505, 500), (460, 465, 505, 466), (501, 466, 505, 506), (462, 501, 507, 466), (461, 462, 466, 501), (462, 502, 507, 501), (462, 466, 507, 467), (501, 466, 506, 507), (462, 503, 468, 507), (462, 463, 468, 503), (462, 503, 507, 502), (462, 467, 507, 468), (503, 468, 507, 508), (464, 503, 509, 468), (463, 464, 468, 503), (464, 504, 509, 503), (464, 468, 509, 469), (503, 468, 508, 509), (466, 505, 511, 470), (465, 466, 470, 505), (466, 506, 511, 505), (466, 470, 511, 471), (505, 470, 510, 511), (466, 507, 472, 511), (466, 467, 472, 507), (466, 507, 511, 506), (466, 471, 511, 472), (507, 472, 511, 512), (468, 507, 513, 472), (467, 468, 472, 507), (468, 508, 513, 507), (468, 472, 513, 473), (507, 472, 512, 513), (468, 509, 474, 513), (468, 469, 474, 509), (468, 509, 513, 508), (468, 473, 513, 474), (509, 474, 513, 514), (101, 115, 516, 475), (103, 101, 475, 115), (101, 114, 516, 115), (101, 475, 516, 476), (115, 475, 515, 516), (101, 113, 477, 516), (101, 99, 477, 113), (101, 113, 516, 114), (101, 476, 516, 477), (113, 477, 516, 517), (97, 113, 518, 477), (99, 97, 477, 113), (97, 112, 518, 113), (97, 477, 518, 478), (113, 477, 517, 518), (97, 47, 479, 518), (97, 31, 479, 47), (97, 47, 518, 112), (97, 478, 518, 479), (47, 479, 518, 519), (475, 516, 481, 520), (475, 476, 481, 516), (475, 516, 520, 515), (475, 480, 520, 481), (516, 481, 520, 521), (477, 516, 522, 481), (476, 477, 481, 516), (477, 517, 522, 516), (477, 481, 522, 482), (516, 481, 521, 522), (477, 518, 483, 522), (477, 478, 483, 518), (477, 518, 522, 517), (477, 482, 522, 483), (518, 483, 522, 523), (479, 518, 524, 483), (478, 479, 483, 518), (479, 519, 524, 518), (479, 483, 524, 484), (518, 483, 523, 524), (481, 520, 526, 485), (480, 481, 485, 520), (481, 521, 526, 520), (481, 485, 526, 486), (520, 485, 525, 526), (481, 522, 487, 526), (481, 482, 487, 522), (481, 522, 526, 521), (481, 486, 526, 487), (522, 487, 526, 527), (483, 522, 528, 487), (482, 483, 487, 522), (483, 523, 528, 522), (483, 487, 528, 488), (522, 487, 527, 528), (483, 524, 489, 528), (483, 484, 489, 524), (483, 524, 528, 523), (483, 488, 528, 489), (524, 489, 528, 529), (485, 526, 491, 530), (485, 486, 491, 526), (485, 526, 530, 525), (485, 490, 530, 491), (526, 491, 530, 531), (487, 526, 532, 491), (486, 487, 491, 526), (487, 527, 532, 526), (487, 491, 532, 492), (526, 491, 531, 532), (487, 528, 493, 532), (487, 488, 493, 528), (487, 528, 532, 527), (487, 492, 532, 493), (528, 493, 532, 533), (489, 528, 534, 493), (488, 489, 493, 528), (489, 529, 534, 528), (489, 493, 534, 494), (528, 493, 533, 534), (491, 530, 536, 495), (490, 491, 495, 530), (491, 531, 536, 530), (491, 495, 536, 496), (530, 495, 535, 536), (491, 532, 497, 536), (491, 492, 497, 532), (491, 532, 536, 531), (491, 496, 536, 497), (532, 497, 536, 537), (493, 532, 538, 497), (492, 493, 497, 532), (493, 533, 538, 532), (493, 497, 538, 498), (532, 497, 537, 538), (493, 534, 499, 538), (493, 494, 499, 534), (493, 534, 538, 533), (493, 498, 538, 499), (534, 499, 538, 539), (495, 536, 501, 540), (495, 496, 501, 536), (495, 536, 540, 535), (495, 500, 540, 501), (536, 501, 540, 541), (497, 536, 542, 501), (496, 497, 501, 536), (497, 537, 542, 536), (497, 501, 542, 502), (536, 501, 541, 542), (497, 538, 503, 542), (497, 498, 503, 538), (497, 538, 542, 537), (497, 502, 542, 503), (538, 503, 542, 543), (499, 538, 544, 503), (498, 499, 503, 538), (499, 539, 544, 538), (499, 503, 544, 504), (538, 503, 543, 544), (501, 540, 546, 505), (500, 501, 505, 540), (501, 541, 546, 540), (501, 505, 546, 506), (540, 505, 545, 546), (501, 542, 507, 546), (501, 502, 507, 542), (501, 542, 546, 541), (501, 506, 546, 507), (542, 507, 546, 547), (503, 542, 548, 507), (502, 503, 507, 542), (503, 543, 548, 542), (503, 507, 548, 508), (542, 507, 547, 548), (503, 544, 509, 548), (503, 504, 509, 544), (503, 544, 548, 543), (503, 508, 548, 509), (544, 509, 548, 549), (505, 546, 511, 550), (505, 506, 511, 546), (505, 546, 550, 545), (505, 510, 550, 511), (546, 511, 550, 551), (507, 546, 552, 511), (506, 507, 511, 546), (507, 547, 552, 546), (507, 511, 552, 512), (546, 511, 551, 552), (507, 548, 513, 552), (507, 508, 513, 548), (507, 548, 552, 547), (507, 512, 552, 513), (548, 513, 552, 553), (509, 548, 554, 513), (508, 509, 513, 548), (509, 549, 554, 548), (509, 513, 554, 514), (548, 513, 553, 554), (115, 126, 516, 555), (115, 114, 516, 126), (115, 126, 555, 127), (115, 515, 555, 516), (126, 516, 555, 556), (113, 126, 557, 516), (114, 113, 516, 126), (113, 125, 557, 126), (113, 516, 557, 517), (126, 516, 556, 557), (113, 124, 518, 557), (113, 112, 518, 124), (113, 124, 557, 125), (113, 517, 557, 518), (124, 518, 557, 558), (47, 124, 559, 518), (112, 47, 518, 124), (47, 63, 559, 124), (47, 518, 559, 519), (124, 518, 558, 559), (516, 555, 561, 520), (515, 516, 520, 555), (516, 556, 561, 555), (516, 520, 561, 521), (555, 520, 560, 561), (516, 557, 522, 561), (516, 517, 522, 557), (516, 557, 561, 556), (516, 521, 561, 522), (557, 522, 561, 562), (518, 557, 563, 522), (517, 518, 522, 557), (518, 558, 563, 557), (518, 522, 563, 523), (557, 522, 562, 563), (518, 559, 524, 563), (518, 519, 524, 559), (518, 559, 563, 558), (518, 523, 563, 524), (559, 524, 563, 564), (520, 561, 526, 565), (520, 521, 526, 561), (520, 561, 565, 560), (520, 525, 565, 526), (561, 526, 565, 566), (522, 561, 567, 526), (521, 522, 526, 561), (522, 562, 567, 561), (522, 526, 567, 527), (561, 526, 566, 567), (522, 563, 528, 567), (522, 523, 528, 563), (522, 563, 567, 562), (522, 527, 567, 528), (563, 528, 567, 568), (524, 563, 569, 528), (523, 524, 528, 563), (524, 564, 569, 563), (524, 528, 569, 529), (563, 528, 568, 569), (526, 565, 571, 530), (525, 526, 530, 565), (526, 566, 571, 565), (526, 530, 571, 531), (565, 530, 570, 571), (526, 567, 532, 571), (526, 527, 532, 567), (526, 567, 571, 566), (526, 531, 571, 532), (567, 532, 571, 572), (528, 567, 573, 532), (527, 528, 532, 567), (528, 568, 573, 567), (528, 532, 573, 533), (567, 532, 572, 573), (528, 569, 534, 573), (528, 529, 534, 569), (528, 569, 573, 568), (528, 533, 573, 534), (569, 534, 573, 574), (530, 571, 536, 575), (530, 531, 536, 571), (530, 571, 575, 570), (530, 535, 575, 536), (571, 536, 575, 576), (532, 571, 577, 536), (531, 532, 536, 571), (532, 572, 577, 571), (532, 536, 577, 537), (571, 536, 576, 577), (532, 573, 538, 577), (532, 533, 538, 573), (532, 573, 577, 572), (532, 537, 577, 538), (573, 538, 577, 578), (534, 573, 579, 538), (533, 534, 538, 573), (534, 574, 579, 573), (534, 538, 579, 539), (573, 538, 578, 579), (536, 575, 581, 540), (535, 536, 540, 575), (536, 576, 581, 575), (536, 540, 581, 541), (575, 540, 580, 581), (536, 577, 542, 581), (536, 537, 542, 577), (536, 577, 581, 576), (536, 541, 581, 542), (577, 542, 581, 582), (538, 577, 583, 542), (537, 538, 542, 577), (538, 578, 583, 577), (538, 542, 583, 543), (577, 542, 582, 583), (538, 579, 544, 583), (538, 539, 544, 579), (538, 579, 583, 578), (538, 543, 583, 544), (579, 544, 583, 584), (540, 581, 546, 585), (540, 541, 546, 581), (540, 581, 585, 580), (540, 545, 585, 546), (581, 546, 585, 586), (542, 581, 587, 546), (541, 542, 546, 581), (542, 582, 587, 581), (542, 546, 587, 547), (581, 546, 586, 587), (542, 583, 548, 587), (542, 543, 548, 583), (542, 583, 587, 582), (542, 547, 587, 548), (583, 548, 587, 588), (544, 583, 589, 548), (543, 544, 548, 583), (544, 584, 589, 583), (544, 548, 589, 549), (583, 548, 588, 589), (546, 585, 591, 550), (545, 546, 550, 585), (546, 586, 591, 585), (546, 550, 591, 551), (585, 550, 590, 591), (546, 587, 552, 591), (546, 547, 552, 587), (546, 587, 591, 586), (546, 551, 591, 552), (587, 552, 591, 592), (548, 587, 593, 552), (547, 548, 552, 587), (548, 588, 593, 587), (548, 552, 593, 553), (587, 552, 592, 593), (548, 589, 554, 593), (548, 549, 554, 589), (548, 589, 593, 588), (548, 553, 593, 554), (589, 554, 593, 594), (126, 139, 596, 555), (127, 126, 555, 139), (126, 138, 596, 139), (126, 555, 596, 556), (139, 555, 595, 596), (126, 137, 557, 596), (126, 125, 557, 137), (126, 137, 596, 138), (126, 556, 596, 557), (137, 557, 596, 597), (124, 137, 598, 557), (125, 124, 557, 137), (124, 136, 598, 137), (124, 557, 598, 558), (137, 557, 597, 598), (124, 79, 559, 598), (124, 63, 559, 79), (124, 79, 598, 136), (124, 558, 598, 559), (79, 559, 598, 599), (555, 596, 561, 600), (555, 556, 561, 596), (555, 596, 600, 595), (555, 560, 600, 561), (596, 561, 600, 601), (557, 596, 602, 561), (556, 557, 561, 596), (557, 597, 602, 596), (557, 561, 602, 562), (596, 561, 601, 602), (557, 598, 563, 602), (557, 558, 563, 598), (557, 598, 602, 597), (557, 562, 602, 563), (598, 563, 602, 603), (559, 598, 604, 563), (558, 559, 563, 598), (559, 599, 604, 598), (559, 563, 604, 564), (598, 563, 603, 604), (561, 600, 606, 565), (560, 561, 565, 600), (561, 601, 606, 600), (561, 565, 606, 566), (600, 565, 605, 606), (561, 602, 567, 606), (561, 562, 567, 602), (561, 602, 606, 601), (561, 566, 606, 567), (602, 567, 606, 607), (563, 602, 608, 567), (562, 563, 567, 602), (563, 603, 608, 602), (563, 567, 608, 568), (602, 567, 607, 608), (563, 604, 569, 608), (563, 564, 569, 604), (563, 604, 608, 603), (563, 568, 608, 569), (604, 569, 608, 609), (565, 606, 571, 610), (565, 566, 571, 606), (565, 606, 610, 605), (565, 570, 610, 571), (606, 571, 610, 611), (567, 606, 612, 571), (566, 567, 571, 606), (567, 607, 612, 606), (567, 571, 612, 572), (606, 571, 611, 612), (567, 608, 573, 612), (567, 568, 573, 608), (567, 608, 612, 607), (567, 572, 612, 573), (608, 573, 612, 613), (569, 608, 614, 573), (568, 569, 573, 608), (569, 609, 614, 608), (569, 573, 614, 574), (608, 573, 613, 614), (571, 610, 616, 575), (570, 571, 575, 610), (571, 611, 616, 610), (571, 575, 616, 576), (610, 575, 615, 616), (571, 612, 577, 616), (571, 572, 577, 612), (571, 612, 616, 611), (571, 576, 616, 577), (612, 577, 616, 617), (573, 612, 618, 577), (572, 573, 577, 612), (573, 613, 618, 612), (573, 577, 618, 578), (612, 577, 617, 618), (573, 614, 579, 618), (573, 574, 579, 614), (573, 614, 618, 613), (573, 578, 618, 579), (614, 579, 618, 619), (575, 616, 581, 620), (575, 576, 581, 616), (575, 616, 620, 615), (575, 580, 620, 581), (616, 581, 620, 621), (577, 616, 622, 581), (576, 577, 581, 616), (577, 617, 622, 616), (577, 581, 622, 582), (616, 581, 621, 622), (577, 618, 583, 622), (577, 578, 583, 618), (577, 618, 622, 617), (577, 582, 622, 583), (618, 583, 622, 623), (579, 618, 624, 583), (578, 579, 583, 618), (579, 619, 624, 618), (579, 583, 624, 584), (618, 583, 623, 624), (581, 620, 626, 585), (580, 581, 585, 620), (581, 621, 626, 620), (581, 585, 626, 586), (620, 585, 625, 626), (581, 622, 587, 626), (581, 582, 587, 622), (581, 622, 626, 621), (581, 586, 626, 587), (622, 587, 626, 627), (583, 622, 628, 587), (582, 583, 587, 622), (583, 623, 628, 622), (583, 587, 628, 588), (622, 587, 627, 628), (583, 624, 589, 628), (583, 584, 589, 624), (583, 624, 628, 623), (583, 588, 628, 589), (624, 589, 628, 629), (585, 626, 591, 630), (585, 586, 591, 626), (585, 626, 630, 625), (585, 590, 630, 591), (626, 591, 630, 631), (587, 626, 632, 591), (586, 587, 591, 626), (587, 627, 632, 626), (587, 591, 632, 592), (626, 591, 631, 632), (587, 628, 593, 632), (587, 588, 593, 628), (587, 628, 632, 627), (587, 592, 632, 593), (628, 593, 632, 633), (589, 628, 634, 593), (588, 589, 593, 628), (589, 629, 634, 628), (589, 593, 634, 594), (628, 593, 633, 634), (472, 513, 635, 512), (472, 473, 635, 513), (513, 635, 512, 636), (635, 512, 638, 472), (635, 636, 638, 512), (635, 472, 638, 637), (472, 638, 639, 512), (472, 637, 639, 638), (638, 639, 512, 640), (639, 512, 642, 472), (639, 640, 642, 512), (639, 472, 642, 641), (472, 642, 643, 512), (472, 641, 643, 642), (642, 643, 512, 644), (643, 512, 511, 472), (643, 644, 511, 512), (643, 472, 511, 471), (474, 513, 646, 635), (473, 474, 635, 513), (474, 514, 646, 513), (474, 635, 646, 645), (513, 635, 636, 646), (635, 646, 647, 638), (635, 645, 647, 646), (635, 646, 638, 636), (635, 637, 638, 647), (646, 647, 638, 648), (647, 638, 650, 639), (637, 647, 639, 638), (647, 648, 650, 638), (647, 639, 650, 649), (638, 639, 640, 650), (639, 650, 651, 642), (639, 649, 651, 650), (639, 650, 642, 640), (639, 641, 642, 651), (650, 651, 642, 652), (651, 642, 654, 643), (641, 651, 643, 642), (651, 652, 654, 642), (651, 643, 654, 653), (642, 643, 644, 654), (643, 654, 470, 511), (643, 653, 470, 654), (643, 654, 511, 644), (643, 471, 511, 470), (654, 470, 511, 510), (513, 552, 655, 512), (513, 553, 655, 552), (513, 512, 655, 636), (512, 655, 638, 552), (512, 636, 638, 655), (655, 638, 552, 656), (638, 552, 657, 512), (638, 656, 657, 552), (638, 512, 657, 640), (512, 657, 642, 552), (512, 640, 642, 657), (657, 642, 552, 658), (642, 552, 659, 512), (642, 658, 659, 552), (642, 512, 659, 644), (512, 659, 511, 552), (512, 644, 511, 659), (659, 511, 552, 551), (513, 554, 646, 655), (513, 514, 646, 554), (513, 554, 655, 553), (513, 636, 655, 646), (554, 646, 655, 660), (646, 655, 661, 638), (636, 646, 638, 655), (646, 660, 661, 655), (646, 638, 661, 648), (655, 638, 656, 661), (638, 661, 650, 657), (638, 648, 650, 661), (638, 661, 657, 656), (638, 640, 657, 650), (661, 650, 657, 662), (650, 657, 663, 642), (640, 650, 642, 657), (650, 662, 663, 657), (650, 642, 663, 652), (657, 642, 658, 663), (642, 663, 654, 659), (642, 652, 654, 663), (642, 663, 659, 658), (642, 644, 659, 654), (663, 654, 659, 664), (654, 659, 550, 511), (644, 654, 511, 659), (654, 664, 550, 659), (654, 511, 550, 510), (659, 511, 551, 550), (552, 593, 655, 592), (552, 553, 655, 593), (593, 655, 592, 665), (655, 592, 666, 552), (655, 665, 666, 592), (655, 552, 666, 656), (552, 666, 657, 592), (552, 656, 657, 666), (666, 657, 592, 667), (657, 592, 668, 552), (657, 667, 668, 592), (657, 552, 668, 658), (552, 668, 659, 592), (552, 658, 659, 668), (668, 659, 592, 669), (659, 592, 591, 552), (659, 669, 591, 592), (659, 552, 591, 551), (554, 593, 670, 655), (553, 554, 655, 593), (554, 594, 670, 593), (554, 655, 670, 660), (593, 655, 665, 670), (655, 670, 661, 666), (655, 660, 661, 670), (655, 670, 666, 665), (655, 656, 666, 661), (670, 661, 666, 671), (661, 666, 672, 657), (656, 661, 657, 666), (661, 671, 672, 666), (661, 657, 672, 662), (666, 657, 667, 672), (657, 672, 663, 668), (657, 662, 663, 672), (657, 672, 668, 667), (657, 658, 668, 663), (672, 663, 668, 673), (663, 668, 674, 659), (658, 663, 659, 668), (663, 673, 674, 668), (663, 659, 674, 664), (668, 659, 669, 674), (659, 674, 550, 591), (659, 664, 550, 674), (659, 674, 591, 669), (659, 551, 591, 550), (674, 550, 591, 590), (593, 632, 675, 592), (593, 633, 675, 632), (593, 592, 675, 665), (592, 675, 666, 632), (592, 665, 666, 675), (675, 666, 632, 676), (666, 632, 677, 592), (666, 676, 677, 632), (666, 592, 677, 667), (592, 677, 668, 632), (592, 667, 668, 677), (677, 668, 632, 678), (668, 632, 679, 592), (668, 678, 679, 632), (668, 592, 679, 669), (592, 679, 591, 632), (592, 669, 591, 679), (679, 591, 632, 631), (593, 634, 670, 675), (593, 594, 670, 634), (593, 634, 675, 633), (593, 665, 675, 670), (634, 670, 675, 680), (670, 675, 681, 666), (665, 670, 666, 675), (670, 680, 681, 675), (670, 666, 681, 671), (675, 666, 676, 681), (666, 681, 672, 677), (666, 671, 672, 681), (666, 681, 677, 676), (666, 667, 677, 672), (681, 672, 677, 682), (672, 677, 683, 668), (667, 672, 668, 677), (672, 682, 683, 677), (672, 668, 683, 673), (677, 668, 678, 683), (668, 683, 674, 679), (668, 673, 674, 683), (668, 683, 679, 678), (668, 669, 679, 674), (683, 674, 679, 684), (674, 679, 630, 591), (669, 674, 591, 679), (674, 684, 630, 679), (674, 591, 630, 590), (679, 591, 631, 630), (22, 157, 686, 725), (22, 156, 686, 157), (22, 157, 725, 23), (22, 685, 725, 686), (157, 686, 725, 726), (154, 157, 727, 686), (156, 154, 686, 157), (154, 155, 727, 157), (154, 686, 727, 687), (157, 686, 726, 727), (154, 153, 688, 727), (154, 152, 688, 153), (154, 153, 727, 155), (154, 687, 727, 688), (153, 688, 727, 728), (102, 153, 729, 688), (152, 102, 688, 153), (102, 103, 729, 153), (102, 688, 729, 689), (153, 688, 728, 729), (686, 725, 731, 690), (685, 686, 690, 725), (686, 726, 731, 725), (686, 690, 731, 691), (725, 690, 730, 731), (686, 727, 692, 731), (686, 687, 692, 727), (686, 727, 731, 726), (686, 691, 731, 692), (727, 692, 731, 732), (688, 727, 733, 692), (687, 688, 692, 727), (688, 728, 733, 727), (688, 692, 733, 693), (727, 692, 732, 733), (688, 729, 694, 733), (688, 689, 694, 729), (688, 729, 733, 728), (688, 693, 733, 694), (729, 694, 733, 734), (690, 731, 696, 735), (690, 691, 696, 731), (690, 731, 735, 730), (690, 695, 735, 696), (731, 696, 735, 736), (692, 731, 737, 696), (691, 692, 696, 731), (692, 732, 737, 731), (692, 696, 737, 697), (731, 696, 736, 737), (692, 733, 698, 737), (692, 693, 698, 733), (692, 733, 737, 732), (692, 697, 737, 698), (733, 698, 737, 738), (694, 733, 739, 698), (693, 694, 698, 733), (694, 734, 739, 733), (694, 698, 739, 699), (733, 698, 738, 739), (696, 735, 741, 700), (695, 696, 700, 735), (696, 736, 741, 735), (696, 700, 741, 701), (735, 700, 740, 741), (696, 737, 702, 741), (696, 697, 702, 737), (696, 737, 741, 736), (696, 701, 741, 702), (737, 702, 741, 742), (698, 737, 743, 702), (697, 698, 702, 737), (698, 738, 743, 737), (698, 702, 743, 703), (737, 702, 742, 743), (698, 739, 704, 743), (698, 699, 704, 739), (698, 739, 743, 738), (698, 703, 743, 704), (739, 704, 743, 744), (700, 741, 706, 745), (700, 701, 706, 741), (700, 741, 745, 740), (700, 705, 745, 706), (741, 706, 745, 746), (702, 741, 747, 706), (701, 702, 706, 741), (702, 742, 747, 741), (702, 706, 747, 707), (741, 706, 746, 747), (702, 743, 708, 747), (702, 703, 708, 743), (702, 743, 747, 742), (702, 707, 747, 708), (743, 708, 747, 748), (704, 743, 749, 708), (703, 704, 708, 743), (704, 744, 749, 743), (704, 708, 749, 709), (743, 708, 748, 749), (706, 745, 751, 710), (705, 706, 710, 745), (706, 746, 751, 745), (706, 710, 751, 711), (745, 710, 750, 751), (706, 747, 712, 751), (706, 707, 712, 747), (706, 747, 751, 746), (706, 711, 751, 712), (747, 712, 751, 752), (708, 747, 753, 712), (707, 708, 712, 747), (708, 748, 753, 747), (708, 712, 753, 713), (747, 712, 752, 753), (708, 749, 714, 753), (708, 709, 714, 749), (708, 749, 753, 748), (708, 713, 753, 714), (749, 714, 753, 754), (710, 751, 716, 755), (710, 711, 716, 751), (710, 751, 755, 750), (710, 715, 755, 716), (751, 716, 755, 756), (712, 751, 757, 716), (711, 712, 716, 751), (712, 752, 757, 751), (712, 716, 757, 717), (751, 716, 756, 757), (712, 753, 718, 757), (712, 713, 718, 753), (712, 753, 757, 752), (712, 717, 757, 718), (753, 718, 757, 758), (714, 753, 759, 718), (713, 714, 718, 753), (714, 754, 759, 753), (714, 718, 759, 719), (753, 718, 758, 759), (716, 755, 761, 720), (715, 716, 720, 755), (716, 756, 761, 755), (716, 720, 761, 721), (755, 720, 760, 761), (716, 757, 722, 761), (716, 717, 722, 757), (716, 757, 761, 756), (716, 721, 761, 722), (757, 722, 761, 762), (718, 757, 763, 722), (717, 718, 722, 757), (718, 758, 763, 757), (718, 722, 763, 723), (757, 722, 762, 763), (718, 759, 724, 763), (718, 719, 724, 759), (718, 759, 763, 758), (718, 723, 763, 724), (759, 724, 763, 764), (157, 43, 766, 725), (23, 157, 725, 43), (157, 166, 766, 43), (157, 725, 766, 726), (43, 725, 765, 766), (157, 165, 727, 766), (157, 155, 727, 165), (157, 165, 766, 166), (157, 726, 766, 727), (165, 727, 766, 767), (153, 165, 768, 727), (155, 153, 727, 165), (153, 164, 768, 165), (153, 727, 768, 728), (165, 727, 767, 768), (153, 115, 729, 768), (153, 103, 729, 115), (153, 115, 768, 164), (153, 728, 768, 729), (115, 729, 768, 769), (725, 766, 731, 770), (725, 726, 731, 766), (725, 766, 770, 765), (725, 730, 770, 731), (766, 731, 770, 771), (727, 766, 772, 731), (726, 727, 731, 766), (727, 767, 772, 766), (727, 731, 772, 732), (766, 731, 771, 772), (727, 768, 733, 772), (727, 728, 733, 768), (727, 768, 772, 767), (727, 732, 772, 733), (768, 733, 772, 773), (729, 768, 774, 733), (728, 729, 733, 768), (729, 769, 774, 768), (729, 733, 774, 734), (768, 733, 773, 774), (731, 770, 776, 735), (730, 731, 735, 770), (731, 771, 776, 770), (731, 735, 776, 736), (770, 735, 775, 776), (731, 772, 737, 776), (731, 732, 737, 772), (731, 772, 776, 771), (731, 736, 776, 737), (772, 737, 776, 777), (733, 772, 778, 737), (732, 733, 737, 772), (733, 773, 778, 772), (733, 737, 778, 738), (772, 737, 777, 778), (733, 774, 739, 778), (733, 734, 739, 774), (733, 774, 778, 773), (733, 738, 778, 739), (774, 739, 778, 779), (735, 776, 741, 780), (735, 736, 741, 776), (735, 776, 780, 775), (735, 740, 780, 741), (776, 741, 780, 781), (737, 776, 782, 741), (736, 737, 741, 776), (737, 777, 782, 776), (737, 741, 782, 742), (776, 741, 781, 782), (737, 778, 743, 782), (737, 738, 743, 778), (737, 778, 782, 777), (737, 742, 782, 743), (778, 743, 782, 783), (739, 778, 784, 743), (738, 739, 743, 778), (739, 779, 784, 778), (739, 743, 784, 744), (778, 743, 783, 784), (741, 780, 786, 745), (740, 741, 745, 780), (741, 781, 786, 780), (741, 745, 786, 746), (780, 745, 785, 786), (741, 782, 747, 786), (741, 742, 747, 782), (741, 782, 786, 781), (741, 746, 786, 747), (782, 747, 786, 787), (743, 782, 788, 747), (742, 743, 747, 782), (743, 783, 788, 782), (743, 747, 788, 748), (782, 747, 787, 788), (743, 784, 749, 788), (743, 744, 749, 784), (743, 784, 788, 783), (743, 748, 788, 749), (784, 749, 788, 789), (745, 786, 751, 790), (745, 746, 751, 786), (745, 786, 790, 785), (745, 750, 790, 751), (786, 751, 790, 791), (747, 786, 792, 751), (746, 747, 751, 786), (747, 787, 792, 786), (747, 751, 792, 752), (786, 751, 791, 792), (747, 788, 753, 792), (747, 748, 753, 788), (747, 788, 792, 787), (747, 752, 792, 753), (788, 753, 792, 793), (749, 788, 794, 753), (748, 749, 753, 788), (749, 789, 794, 788), (749, 753, 794, 754), (788, 753, 793, 794), (751, 790, 796, 755), (750, 751, 755, 790), (751, 791, 796, 790), (751, 755, 796, 756), (790, 755, 795, 796), (751, 792, 757, 796), (751, 752, 757, 792), (751, 792, 796, 791), (751, 756, 796, 757), (792, 757, 796, 797), (753, 792, 798, 757), (752, 753, 757, 792), (753, 793, 798, 792), (753, 757, 798, 758), (792, 757, 797, 798), (753, 794, 759, 798), (753, 754, 759, 794), (753, 794, 798, 793), (753, 758, 798, 759), (794, 759, 798, 799), (755, 796, 761, 800), (755, 756, 761, 796), (755, 796, 800, 795), (755, 760, 800, 761), (796, 761, 800, 801), (757, 796, 802, 761), (756, 757, 761, 796), (757, 797, 802, 796), (757, 761, 802, 762), (796, 761, 801, 802), (757, 798, 763, 802), (757, 758, 763, 798), (757, 798, 802, 797), (757, 762, 802, 763), (798, 763, 802, 803), (759, 798, 804, 763), (758, 759, 763, 798), (759, 799, 804, 798), (759, 763, 804, 764), (798, 763, 803, 804), (43, 175, 766, 805), (43, 166, 766, 175), (43, 175, 805, 59), (43, 765, 805, 766), (175, 766, 805, 806), (165, 175, 807, 766), (166, 165, 766, 175), (165, 174, 807, 175), (165, 766, 807, 767), (175, 766, 806, 807), (165, 173, 768, 807), (165, 164, 768, 173), (165, 173, 807, 174), (165, 767, 807, 768), (173, 768, 807, 808), (115, 173, 809, 768), (164, 115, 768, 173), (115, 127, 809, 173), (115, 768, 809, 769), (173, 768, 808, 809), (766, 805, 811, 770), (765, 766, 770, 805), (766, 806, 811, 805), (766, 770, 811, 771), (805, 770, 810, 811), (766, 807, 772, 811), (766, 767, 772, 807), (766, 807, 811, 806), (766, 771, 811, 772), (807, 772, 811, 812), (768, 807, 813, 772), (767, 768, 772, 807), (768, 808, 813, 807), (768, 772, 813, 773), (807, 772, 812, 813), (768, 809, 774, 813), (768, 769, 774, 809), (768, 809, 813, 808), (768, 773, 813, 774), (809, 774, 813, 814), (770, 811, 776, 815), (770, 771, 776, 811), (770, 811, 815, 810), (770, 775, 815, 776), (811, 776, 815, 816), (772, 811, 817, 776), (771, 772, 776, 811), (772, 812, 817, 811), (772, 776, 817, 777), (811, 776, 816, 817), (772, 813, 778, 817), (772, 773, 778, 813), (772, 813, 817, 812), (772, 777, 817, 778), (813, 778, 817, 818), (774, 813, 819, 778), (773, 774, 778, 813), (774, 814, 819, 813), (774, 778, 819, 779), (813, 778, 818, 819), (776, 815, 821, 780), (775, 776, 780, 815), (776, 816, 821, 815), (776, 780, 821, 781), (815, 780, 820, 821), (776, 817, 782, 821), (776, 777, 782, 817), (776, 817, 821, 816), (776, 781, 821, 782), (817, 782, 821, 822), (778, 817, 823, 782), (777, 778, 782, 817), (778, 818, 823, 817), (778, 782, 823, 783), (817, 782, 822, 823), (778, 819, 784, 823), (778, 779, 784, 819), (778, 819, 823, 818), (778, 783, 823, 784), (819, 784, 823, 824), (780, 821, 786, 825), (780, 781, 786, 821), (780, 821, 825, 820), (780, 785, 825, 786), (821, 786, 825, 826), (782, 821, 827, 786), (781, 782, 786, 821), (782, 822, 827, 821), (782, 786, 827, 787), (821, 786, 826, 827), (782, 823, 788, 827), (782, 783, 788, 823), (782, 823, 827, 822), (782, 787, 827, 788), (823, 788, 827, 828), (784, 823, 829, 788), (783, 784, 788, 823), (784, 824, 829, 823), (784, 788, 829, 789), (823, 788, 828, 829), (786, 825, 831, 790), (785, 786, 790, 825), (786, 826, 831, 825), (786, 790, 831, 791), (825, 790, 830, 831), (786, 827, 792, 831), (786, 787, 792, 827), (786, 827, 831, 826), (786, 791, 831, 792), (827, 792, 831, 832), (788, 827, 833, 792), (787, 788, 792, 827), (788, 828, 833, 827), (788, 792, 833, 793), (827, 792, 832, 833), (788, 829, 794, 833), (788, 789, 794, 829), (788, 829, 833, 828), (788, 793, 833, 794), (829, 794, 833, 834), (790, 831, 796, 835), (790, 791, 796, 831), (790, 831, 835, 830), (790, 795, 835, 796), (831, 796, 835, 836), (792, 831, 837, 796), (791, 792, 796, 831), (792, 832, 837, 831), (792, 796, 837, 797), (831, 796, 836, 837), (792, 833, 798, 837), (792, 793, 798, 833), (792, 833, 837, 832), (792, 797, 837, 798), (833, 798, 837, 838), (794, 833, 839, 798), (793, 794, 798, 833), (794, 834, 839, 833), (794, 798, 839, 799), (833, 798, 838, 839), (796, 835, 841, 800), (795, 796, 800, 835), (796, 836, 841, 835), (796, 800, 841, 801), (835, 800, 840, 841), (796, 837, 802, 841), (796, 797, 802, 837), (796, 837, 841, 836), (796, 801, 841, 802), (837, 802, 841, 842), (798, 837, 843, 802), (797, 798, 802, 837), (798, 838, 843, 837), (798, 802, 843, 803), (837, 802, 842, 843), (798, 839, 804, 843), (798, 799, 804, 839), (798, 839, 843, 838), (798, 803, 843, 804), (839, 804, 843, 844), (175, 75, 846, 805), (59, 175, 805, 75), (175, 184, 846, 75), (175, 805, 846, 806), (75, 805, 845, 846), (175, 183, 807, 846), (175, 174, 807, 183), (175, 183, 846, 184), (175, 806, 846, 807), (183, 807, 846, 847), (173, 183, 848, 807), (174, 173, 807, 183), (173, 182, 848, 183), (173, 807, 848, 808), (183, 807, 847, 848), (173, 139, 809, 848), (173, 127, 809, 139), (173, 139, 848, 182), (173, 808, 848, 809), (139, 809, 848, 849), (805, 846, 811, 850), (805, 806, 811, 846), (805, 846, 850, 845), (805, 810, 850, 811), (846, 811, 850, 851), (807, 846, 852, 811), (806, 807, 811, 846), (807, 847, 852, 846), (807, 811, 852, 812), (846, 811, 851, 852), (807, 848, 813, 852), (807, 808, 813, 848), (807, 848, 852, 847), (807, 812, 852, 813), (848, 813, 852, 853), (809, 848, 854, 813), (808, 809, 813, 848), (809, 849, 854, 848), (809, 813, 854, 814), (848, 813, 853, 854), (811, 850, 856, 815), (810, 811, 815, 850), (811, 851, 856, 850), (811, 815, 856, 816), (850, 815, 855, 856), (811, 852, 817, 856), (811, 812, 817, 852), (811, 852, 856, 851), (811, 816, 856, 817), (852, 817, 856, 857), (813, 852, 858, 817), (812, 813, 817, 852), (813, 853, 858, 852), (813, 817, 858, 818), (852, 817, 857, 858), (813, 854, 819, 858), (813, 814, 819, 854), (813, 854, 858, 853), (813, 818, 858, 819), (854, 819, 858, 859), (815, 856, 821, 860), (815, 816, 821, 856), (815, 856, 860, 855), (815, 820, 860, 821), (856, 821, 860, 861), (817, 856, 862, 821), (816, 817, 821, 856), (817, 857, 862, 856), (817, 821, 862, 822), (856, 821, 861, 862), (817, 858, 823, 862), (817, 818, 823, 858), (817, 858, 862, 857), (817, 822, 862, 823), (858, 823, 862, 863), (819, 858, 864, 823), (818, 819, 823, 858), (819, 859, 864, 858), (819, 823, 864, 824), (858, 823, 863, 864), (821, 860, 866, 825), (820, 821, 825, 860), (821, 861, 866, 860), (821, 825, 866, 826), (860, 825, 865, 866), (821, 862, 827, 866), (821, 822, 827, 862), (821, 862, 866, 861), (821, 826, 866, 827), (862, 827, 866, 867), (823, 862, 868, 827), (822, 823, 827, 862), (823, 863, 868, 862), (823, 827, 868, 828), (862, 827, 867, 868), (823, 864, 829, 868), (823, 824, 829, 864), (823, 864, 868, 863), (823, 828, 868, 829), (864, 829, 868, 869), (825, 866, 831, 870), (825, 826, 831, 866), (825, 866, 870, 865), (825, 830, 870, 831), (866, 831, 870, 871), (827, 866, 872, 831), (826, 827, 831, 866), (827, 867, 872, 866), (827, 831, 872, 832), (866, 831, 871, 872), (827, 868, 833, 872), (827, 828, 833, 868), (827, 868, 872, 867), (827, 832, 872, 833), (868, 833, 872, 873), (829, 868, 874, 833), (828, 829, 833, 868), (829, 869, 874, 868), (829, 833, 874, 834), (868, 833, 873, 874), (831, 870, 876, 835), (830, 831, 835, 870), (831, 871, 876, 870), (831, 835, 876, 836), (870, 835, 875, 876), (831, 872, 837, 876), (831, 832, 837, 872), (831, 872, 876, 871), (831, 836, 876, 837), (872, 837, 876, 877), (833, 872, 878, 837), (832, 833, 837, 872), (833, 873, 878, 872), (833, 837, 878, 838), (872, 837, 877, 878), (833, 874, 839, 878), (833, 834, 839, 874), (833, 874, 878, 873), (833, 838, 878, 839), (874, 839, 878, 879), (835, 876, 841, 880), (835, 836, 841, 876), (835, 876, 880, 875), (835, 840, 880, 841), (876, 841, 880, 881), (837, 876, 882, 841), (836, 837, 841, 876), (837, 877, 882, 876), (837, 841, 882, 842), (876, 841, 881, 882), (837, 878, 843, 882), (837, 838, 843, 878), (837, 878, 882, 877), (837, 842, 882, 843), (878, 843, 882, 883), (839, 878, 884, 843), (838, 839, 843, 878), (839, 879, 884, 878), (839, 843, 884, 844), (878, 843, 883, 884), (722, 763, 885, 762), (722, 723, 885, 763), (763, 885, 762, 886), (885, 762, 888, 722), (885, 886, 888, 762), (885, 722, 888, 887), (722, 888, 889, 762), (722, 887, 889, 888), (888, 889, 762, 890), (889, 762, 892, 722), (889, 890, 892, 762), (889, 722, 892, 891), (722, 892, 893, 762), (722, 891, 893, 892), (892, 893, 762, 894), (893, 762, 761, 722), (893, 894, 761, 762), (893, 722, 761, 721), (724, 763, 896, 885), (723, 724, 885, 763), (724, 764, 896, 763), (724, 885, 896, 895), (763, 885, 886, 896), (885, 896, 897, 888), (885, 895, 897, 896), (885, 896, 888, 886), (885, 887, 888, 897), (896, 897, 888, 898), (897, 888, 900, 889), (887, 897, 889, 888), (897, 898, 900, 888), (897, 889, 900, 899), (888, 889, 890, 900), (889, 900, 901, 892), (889, 899, 901, 900), (889, 900, 892, 890), (889, 891, 892, 901), (900, 901, 892, 902), (901, 892, 904, 893), (891, 901, 893, 892), (901, 902, 904, 892), (901, 893, 904, 903), (892, 893, 894, 904), (893, 904, 720, 761), (893, 903, 720, 904), (893, 904, 761, 894), (893, 721, 761, 720), (904, 720, 761, 760), (763, 802, 905, 762), (763, 803, 905, 802), (763, 762, 905, 886), (762, 905, 888, 802), (762, 886, 888, 905), (905, 888, 802, 906), (888, 802, 907, 762), (888, 906, 907, 802), (888, 762, 907, 890), (762, 907, 892, 802), (762, 890, 892, 907), (907, 892, 802, 908), (892, 802, 909, 762), (892, 908, 909, 802), (892, 762, 909, 894), (762, 909, 761, 802), (762, 894, 761, 909), (909, 761, 802, 801), (763, 804, 896, 905), (763, 764, 896, 804), (763, 804, 905, 803), (763, 886, 905, 896), (804, 896, 905, 910), (896, 905, 911, 888), (886, 896, 888, 905), (896, 910, 911, 905), (896, 888, 911, 898), (905, 888, 906, 911), (888, 911, 900, 907), (888, 898, 900, 911), (888, 911, 907, 906), (888, 890, 907, 900), (911, 900, 907, 912), (900, 907, 913, 892), (890, 900, 892, 907), (900, 912, 913, 907), (900, 892, 913, 902), (907, 892, 908, 913), (892, 913, 904, 909), (892, 902, 904, 913), (892, 913, 909, 908), (892, 894, 909, 904), (913, 904, 909, 914), (904, 909, 800, 761), (894, 904, 761, 909), (904, 914, 800, 909), (904, 761, 800, 760), (909, 761, 801, 800), (802, 843, 905, 842), (802, 803, 905, 843), (843, 905, 842, 915), (905, 842, 916, 802), (905, 915, 916, 842), (905, 802, 916, 906), (802, 916, 907, 842), (802, 906, 907, 916), (916, 907, 842, 917), (907, 842, 918, 802), (907, 917, 918, 842), (907, 802, 918, 908), (802, 918, 909, 842), (802, 908, 909, 918), (918, 909, 842, 919), (909, 842, 841, 802), (909, 919, 841, 842), (909, 802, 841, 801), (804, 843, 920, 905), (803, 804, 905, 843), (804, 844, 920, 843), (804, 905, 920, 910), (843, 905, 915, 920), (905, 920, 911, 916), (905, 910, 911, 920), (905, 920, 916, 915), (905, 906, 916, 911), (920, 911, 916, 921), (911, 916, 922, 907), (906, 911, 907, 916), (911, 921, 922, 916), (911, 907, 922, 912), (916, 907, 917, 922), (907, 922, 913, 918), (907, 912, 913, 922), (907, 922, 918, 917), (907, 908, 918, 913), (922, 913, 918, 923), (913, 918, 924, 909), (908, 913, 909, 918), (913, 923, 924, 918), (913, 909, 924, 914), (918, 909, 919, 924), (909, 924, 800, 841), (909, 914, 800, 924), (909, 924, 841, 919), (909, 801, 841, 800), (924, 800, 841, 840), (843, 882, 925, 842), (843, 883, 925, 882), (843, 842, 925, 915), (842, 925, 916, 882), (842, 915, 916, 925), (925, 916, 882, 926), (916, 882, 927, 842), (916, 926, 927, 882), (916, 842, 927, 917), (842, 927, 918, 882), (842, 917, 918, 927), (927, 918, 882, 928), (918, 882, 929, 842), (918, 928, 929, 882), (918, 842, 929, 919), (842, 929, 841, 882), (842, 919, 841, 929), (929, 841, 882, 881), (843, 884, 920, 925), (843, 844, 920, 884), (843, 884, 925, 883), (843, 915, 925, 920), (884, 920, 925, 930), (920, 925, 931, 916), (915, 920, 916, 925), (920, 930, 931, 925), (920, 916, 931, 921), (925, 916, 926, 931), (916, 931, 922, 927), (916, 921, 922, 931), (916, 931, 927, 926), (916, 917, 927, 922), (931, 922, 927, 932), (922, 927, 933, 918), (917, 922, 918, 927), (922, 932, 933, 927), (922, 918, 933, 923), (927, 918, 928, 933), (918, 933, 924, 929), (918, 923, 924, 933), (918, 933, 929, 928), (918, 919, 929, 924), (933, 924, 929, 934), (924, 929, 880, 841), (919, 924, 841, 929), (924, 934, 880, 929), (924, 841, 880, 840), (929, 841, 881, 880)]

    def Mesh "hub" (
        customData = {
            dictionary glue = {
                int[] rigid_indices = [4, 6, 0, 5, 7, 1, 2, 3]
                int[] soft_indices = [0, 22, 30, 64, 75, 79, 102, 139]
            }
            bool is_rigid_surface = 1
        }
    )
    {
        int[] faceVertexCounts = [3, 3, 3, 3, 3, 3, 3, 3, 3, 3, 3, 3]
        int[] faceVertexIndices = [6, 4, 0, 0, 4, 2, 2, 4, 6, 7, 1, 5, 1, 3, 5, 3, 7, 5, 6, 0, 1, 6, 1, 7, 0, 2, 3, 0, 3, 1, 2, 6, 7, 2, 7, 3]
        point3f[] points = [(-0.1, 0.057735026, 0), (-0.1, 0.057735026, 0.2), (-2.1211505e-17, -0.11547005, 0), (-2.1211505e-17, -0.11547005, 0.2), (0, 0, 0), (0, 0, 0.2), (0.1, 0.057735026, 0), (0.1, 0.057735026, 0.2)]
        quatf xformOp:orient = (1, 0, 0, 0)
        double3 xformOp:translate = (0, 0, -0.10000000149011612)
        uniform token[] xformOpOrder = ["xformOp:translate", "xformOp:orient"]
    }

    def Scope "finger_skeletons" (
        customData = {
            string kind = "finger_skeletons_visualization"
        }
    )
    {
        def BasisCurves "finger_0" (
            customData = {
                dictionary finger_skeleton = {
                    double[] arc_lengths = [0, 0.1600000113248825, 0.320000022649765, 0.48000001907348633, 0.64000004529953, 0.800000011920929]
                    int finger_id = 0
                    int num_keypoints = 6
                    double[] radii = [0.10000000149011612, 0.10000000149011612, 0.10000000149011612, 0.10000000149011612, 0.10000000149011612, 0.09659255295991898]
                    int[] tet_indices = [795, 809, 851, 873, 909, 1363]
                }
            }
        )
        {
            uniform token basis = "bspline"
            int[] curveVertexCounts = [6]
            point3f[] points = [(3.535251e-18, 0.057735026, 0), (1.3332425e-17, 0.21773504, 0), (2.31296e-17, 0.37773505, 0), (3.2926775e-17, 0.53773504, 0), (4.2723948e-17, 0.6977351, 0), (5.252112e-17, 0.85773504, 0)]
            uniform token type = "cubic"
            float[] widths = [0.2, 0.2, 0.2, 0.2, 0.2, 0.1931851] (
                interpolation = "varying"
            )
            uniform token wrap = "nonperiodic"
        }

        def BasisCurves "finger_1" (
            customData = {
                dictionary finger_skeleton = {
                    double[] arc_lengths = [0, 0.1600000113248825, 0.320000022649765, 0.48000001907348633, 0.64000004529953, 0.800000011920929]
                    int finger_id = 1
                    int num_keypoints = 6
                    double[] radii = [0.10000000149011612, 0.09999999403953552, 0.10000000149011612, 0.09999998658895493, 0.10000000149011612, 0.09659253805875778]
                    int[] tet_indices = [1627, 1641, 1688, 1710, 1741, 2195]
                }
            }
        )
        {
            uniform token basis = "bspline"
            int[] curveVertexCounts = [6]
            point3f[] points = [(-0.05, -0.028867513, 0), (-0.18856406, -0.10886752, 0), (-0.32712814, -0.18886752, 0), (-0.46569222, -0.26886752, 0), (-0.6042563, -0.34886754, 0), (-0.7428203, -0.42886752, 0)]
            uniform token type = "cubic"
            float[] widths = [0.2, 0.19999999, 0.2, 0.19999997, 0.2, 0.19318508] (
                interpolation = "varying"
            )
            uniform token wrap = "nonperiodic"
        }

        def BasisCurves "finger_2" (
            customData = {
                dictionary finger_skeleton = {
                    double[] arc_lengths = [0, 0.1600000113248825, 0.320000022649765, 0.48000001907348633, 0.64000004529953, 0.800000011920929]
                    int finger_id = 2
                    int num_keypoints = 6
                    double[] radii = [0.10000000149011612, 0.09999999403953552, 0.10000000149011612, 0.09999998658895493, 0.10000000149011612, 0.09659253805875778]
                    int[] tet_indices = [2460, 2478, 2515, 2542, 2578, 2985]
                }
            }
        )
        {
            uniform token basis = "bspline"
            int[] curveVertexCounts = [6]
            point3f[] points = [(0.05, -0.028867513, 0), (0.18856406, -0.10886752, 0), (0.32712814, -0.18886752, 0), (0.46569222, -0.26886752, 0), (0.6042563, -0.34886754, 0), (0.7428203, -0.42886752, 0)]
            uniform token type = "cubic"
            float[] widths = [0.2, 0.19999999, 0.2, 0.19999997, 0.2, 0.19318508] (
                interpolation = "varying"
            )
            uniform token wrap = "nonperiodic"
        }
    }
}

