#usda 1.0
(
    defaultPrim = "gripper_5f_soft"
    metersPerUnit = 1
    upAxis = "Z"
)

def TetMesh "gripper_5f_soft" (
    customData = {
        dictionary chambers = {
            double[] directions = [6.123234262925839e-17, 1, 0, -0.9510565400123596, 0.30901700258255005, 0, -0.5877852439880371, -0.80901700258255, 0, 0.5877852439880371, -0.80901700258255, 0, 0.9510565400123596, 0.30901700258255005, 0]
            int directions_cols = 3
            dictionary entries = {
                dictionary c00000 = {
                    dictionary group = {
                        int cell = 0
                        int finger = 0
                    }
                    int index = 0
                    string name = "f0_c0"
                    int[] tet_indices = [1942, 1944, 1947, 1949, 1952, 1954, 1957, 1959, 1962, 1964, 1967, 1969, 1972, 1974, 1977, 1979, 2260, 2261, 2262, 2263, 2264, 2265, 2266, 2267, 2268, 2269, 2270, 2271, 2272, 2273, 2274, 2275, 2276, 2277, 2278, 2279, 2280, 2281, 2282, 2283, 2284, 2285, 2286, 2287, 2288, 2289, 2290, 2291, 2292, 2293, 2294, 2295, 2296, 2297, 2298, 2299, 2580, 2581, 2582, 2583, 2584, 2585, 2586, 2587, 2588, 2589, 2590, 2591, 2592, 2593, 2594, 2595, 2596, 2597, 2598, 2599, 2600, 2601, 2602, 2603, 2604, 2605, 2606, 2607, 2608, 2609, 2610, 2611, 2612, 2613, 2614, 2615, 2616, 2617, 2618, 2619]
                }
                dictionary c00001 = {
                    dictionary group = {
                        int cell = 1
                        int finger = 0
                    }
                    int index = 1
                    string name = "f0_c1"
                    int[] tet_indices = [1982, 1984, 1987, 1989, 1992, 1994, 1997, 1999, 2002, 2004, 2007, 2009, 2012, 2014, 2017, 2019, 2300, 2301, 2302, 2303, 2304, 2305, 2306, 2307, 2308, 2309, 2310, 2311, 2312, 2313, 2314, 2315, 2316, 2317, 2318, 2319, 2320, 2321, 2322, 2323, 2324, 2325, 2326, 2327, 2328, 2329, 2330, 2331, 2332, 2333, 2334, 2335, 2336, 2337, 2338, 2339, 2620, 2621, 2622, 2623, 2624, 2625, 2626, 2627, 2628, 2629, 2630, 2631, 2632, 2633, 2634, 2635, 2636, 2637, 2638, 2639, 2640, 2641, 2642, 2643, 2644, 2645, 2646, 2647, 2648, 2649, 2650, 2651, 2652, 2653, 2654, 2655, 2656, 2657, 2658, 2659]
                }
                dictionary c00002 = {
                    dictionary group = {
                        int cell = 2
                        int finger = 0
                    }
                    int index = 2
                    string name = "f0_c2"
                    int[] tet_indices = [2022, 2024, 2027, 2029, 2032, 2034, 2037, 2039, 2042, 2044, 2047, 2049, 2052, 2054, 2057, 2059, 2340, 2341, 2342, 2343, 2344, 2345, 2346, 2347, 2348, 2349, 2350, 2351, 2352, 2353, 2354, 2355, 2356, 2357, 2358, 2359, 2360, 2361, 2362, 2363, 2364, 2365, 2366, 2367, 2368, 2369, 2370, 2371, 2372, 2373, 2374, 2375, 2376, 2377, 2378, 2379, 2660, 2661, 2662, 2663, 2664, 2665, 2666, 2667, 2668, 2669, 2670, 2671, 2672, 2673, 2674, 2675, 2676, 2677, 2678, 2679, 2680, 2681, 2682, 2683, 2684, 2685, 2686, 2687, 2688, 2689, 2690, 2691, 2692, 2693, 2694, 2695, 2696, 2697, 2698, 2699]
                }
                dictionary c00003 = {
                    dictionary group = {
                        int cell = 3
                        int finger = 0
                    }
                    int index = 3
                    string name = "f0_c3"
                    int[] tet_indices = [2062, 2064, 2067, 2069, 2072, 2074, 2077, 2079, 2082, 2084, 2087, 2089, 2092, 2094, 2097, 2099, 2380, 2381, 2382, 2383, 2384, 2385, 2386, 2387, 2388, 2389, 2390, 2391, 2392, 2393, 2394, 2395, 2396, 2397, 2398, 2399, 2400, 2401, 2402, 2403, 2404, 2405, 2406, 2407, 2408, 2409, 2410, 2411, 2412, 2413, 2414, 2415, 2416, 2417, 2418, 2419, 2700, 2701, 2702, 2703, 2704, 2705, 2706, 2707, 2708, 2709, 2710, 2711, 2712, 2713, 2714, 2715, 2716, 2717, 2718, 2719, 2720, 2721, 2722, 2723, 2724, 2725, 2726, 2727, 2728, 2729, 2730, 2731, 2732, 2733, 2734, 2735, 2736, 2737, 2738, 2739]
                }
                dictionary c00004 = {
                    dictionary group = {
                        int cell = 4
                        int finger = 0
                    }
                    int index = 4
                    string name = "f0_c4"
                    int[] tet_indices = [2102, 2104, 2107, 2109, 2112, 2114, 2117, 2119, 2122, 2124, 2127, 2129, 2132, 2134, 2137, 2139, 2420, 2421, 2422, 2423, 2424, 2425, 2426, 2427, 2428, 2429, 2430, 2431, 2432, 2433, 2434, 2435, 2436, 2437, 2438, 2439, 2440, 2441, 2442, 2443, 2444, 2445, 2446, 2447, 2448, 2449, 2450, 2451, 2452, 2453, 2454, 2455, 2456, 2457, 2458, 2459, 2740, 2741, 2742, 2743, 2744, 2745, 2746, 2747, 2748, 2749, 2750, 2751, 2752, 2753, 2754, 2755, 2756, 2757, 2758, 2759, 2760, 2761, 2762, 2763, 2764, 2765, 2766, 2767, 2768, 2769, 2770, 2771, 2772, 2773, 2774, 2775, 2776, 2777, 2778, 2779]
                }
                dictionary c00005 = {
                    dictionary group = {
                        int cell = 5
                        int finger = 0
                    }
                    int index = 5
                    string name = "f0_c5"
                    int[] tet_indices = [2142, 2144, 2147, 2149, 2152, 2154, 2157, 2159, 2162, 2164, 2167, 2169, 2172, 2174, 2177, 2179, 2460, 2461, 2462, 2463, 2464, 2465, 2466, 2467, 2468, 2469, 2470, 2471, 2472, 2473, 2474, 2475, 2476, 2477, 2478, 2479, 2480, 2481, 2482, 2483, 2484, 2485, 2486, 2487, 2488, 2489, 2490, 2491, 2492, 2493, 2494, 2495, 2496, 2497, 2498, 2499, 2780, 2781, 2782, 2783, 2784, 2785, 2786, 2787, 2788, 2789, 2790, 2791, 2792, 2793, 2794, 2795, 2796, 2797, 2798, 2799, 2800, 2801, 2802, 2803, 2804, 2805, 2806, 2807, 2808, 2809, 2810, 2811, 2812, 2813, 2814, 2815, 2816, 2817, 2818, 2819]
                }
                dictionary c00006 = {
                    dictionary group = {
                        int cell = 6
                        int finger = 0
                    }
                    int index = 6
                    string name = "f0_c6"
                    int[] tet_indices = [2182, 2184, 2187, 2189, 2192, 2194, 2197, 2199, 2202, 2204, 2207, 2209, 2212, 2214, 2217, 2219, 2500, 2501, 2502, 2503, 2504, 2505, 2506, 2507, 2508, 2509, 2510, 2511, 2512, 2513, 2514, 2515, 2516, 2517, 2518, 2519, 2520, 2521, 2522, 2523, 2524, 2525, 2526, 2527, 2528, 2529, 2530, 2531, 2532, 2533, 2534, 2535, 2536, 2537, 2538, 2539, 2820, 2821, 2822, 2823, 2824, 2825, 2826, 2827, 2828, 2829, 2830, 2831, 2832, 2833, 2834, 2835, 2836, 2837, 2838, 2839, 2840, 2841, 2842, 2843, 2844, 2845, 2846, 2847, 2848, 2849, 2850, 2851, 2852, 2853, 2854, 2855, 2856, 2857, 2858, 2859]
                }
                dictionary c00007 = {
                    dictionary group = {
                        int cell = 7
                        int finger = 0
                    }
                    int index = 7
                    string name = "f0_c7"
                    int[] tet_indices = [2222, 2224, 2227, 2229, 2232, 2234, 2237, 2239, 2242, 2244, 2247, 2249, 2252, 2254, 2257, 2259, 2540, 2541, 2542, 2543, 2544, 2545, 2546, 2547, 2548, 2549, 2550, 2551, 2552, 2553, 2554, 2555, 2556, 2557, 2558, 2559, 2560, 2561, 2562, 2563, 2564, 2565, 2566, 2567, 2568, 2569, 2570, 2571, 2572, 2573, 2574, 2575, 2576, 2577, 2578, 2579, 2860, 2861, 2862, 2863, 2864, 2865, 2866, 2867, 2868, 2869, 2870, 2871, 2872, 2873, 2874, 2875, 2876, 2877, 2878, 2879, 2880, 2881, 2882, 2883, 2884, 2885, 2886, 2887, 2888, 2889, 2890, 2891, 2892, 2893, 2894, 2895, 2896, 2897, 2898, 2899]
                }
                dictionary c00008 = {
                    dictionary group = {
                        int cell = 0
                        int finger = 1
                    }
                    int index = 8
                    string name = "f1_c0"
                    int[] tet_indices = [3782, 3784, 3787, 3789, 3792, 3794, 3797, 3799, 3802, 3804, 3807, 3809, 3812, 3814, 3817, 3819, 4100, 4101, 4102, 4103, 4104, 4105, 4106, 4107, 4108, 4109, 4110, 4111, 4112, 4113, 4114, 4115, 4116, 4117, 4118, 4119, 4120, 4121, 4122, 4123, 4124, 4125, 4126, 4127, 4128, 4129, 4130, 4131, 4132, 4133, 4134, 4135, 4136, 4137, 4138, 4139, 4420, 4421, 4422, 4423, 4424, 4425, 4426, 4427, 4428, 4429, 4430, 4431, 4432, 4433, 4434, 4435, 4436, 4437, 4438, 4439, 4440, 4441, 4442, 4443, 4444, 4445, 4446, 4447, 4448, 4449, 4450, 4451, 4452, 4453, 4454, 4455, 4456, 4457, 4458, 4459]
                }
                dictionary c00009 = {
                    dictionary group = {
                        int cell = 1
                        int finger = 1
                    }
                    int index = 9
                    string name = "f1_c1"
                    int[] tet_indices = [3822, 3824, 3827, 3829, 3832, 3834, 3837, 3839, 3842, 3844, 3847, 3849, 3852, 3854, 3857, 3859, 4140, 4141, 4142, 4143, 4144, 4145, 4146, 4147, 4148, 4149, 4150, 4151, 4152, 4153, 4154, 4155, 4156, 4157, 4158, 4159, 4160, 4161, 4162, 4163, 4164, 4165, 4166, 4167, 4168, 4169, 4170, 4171, 4172, 4173, 4174, 4175, 4176, 4177, 4178, 4179, 4460, 4461, 4462, 4463, 4464, 4465, 4466, 4467, 4468, 4469, 4470, 4471, 4472, 4473, 4474, 4475, 4476, 4477, 4478, 4479, 4480, 4481, 4482, 4483, 4484, 4485, 4486, 4487, 4488, 4489, 4490, 4491, 4492, 4493, 4494, 4495, 4496, 4497, 4498, 4499]
                }
                dictionary c00010 = {
                    dictionary group = {
                        int cell = 2
                        int finger = 1
                    }
                    int index = 10
                    string name = "f1_c2"
                    int[] tet_indices = [3862, 3864, 3867, 3869, 3872, 3874, 3877, 3879, 3882, 3884, 3887, 3889, 3892, 3894, 3897, 3899, 4180, 4181, 4182, 4183, 4184, 4185, 4186, 4187, 4188, 4189, 4190, 4191, 4192, 4193, 4194, 4195, 4196, 4197, 4198, 4199, 4200, 4201, 4202, 4203, 4204, 4205, 4206, 4207, 4208, 4209, 4210, 4211, 4212, 4213, 4214, 4215, 4216, 4217, 4218, 4219, 4500, 4501, 4502, 4503, 4504, 4505, 4506, 4507, 4508, 4509, 4510, 4511, 4512, 4513, 4514, 4515, 4516, 4517, 4518, 4519, 4520, 4521, 4522, 4523, 4524, 4525, 4526, 4527, 4528, 4529, 4530, 4531, 4532, 4533, 4534, 4535, 4536, 4537, 4538, 4539]
                }
                dictionary c00011 = {
                    dictionary group = {
                        int cell = 3
                        int finger = 1
                    }
                    int index = 11
                    string name = "f1_c3"
                    int[] tet_indices = [3902, 3904, 3907, 3909, 3912, 3914, 3917, 3919, 3922, 3924, 3927, 3929, 3932, 3934, 3937, 3939, 4220, 4221, 4222, 4223, 4224, 4225, 4226, 4227, 4228, 4229, 4230, 4231, 4232, 4233, 4234, 4235, 4236, 4237, 4238, 4239, 4240, 4241, 4242, 4243, 4244, 4245, 4246, 4247, 4248, 4249, 4250, 4251, 4252, 4253, 4254, 4255, 4256, 4257, 4258, 4259, 4540, 4541, 4542, 4543, 4544, 4545, 4546, 4547, 4548, 4549, 4550, 4551, 4552, 4553, 4554, 4555, 4556, 4557, 4558, 4559, 4560, 4561, 4562, 4563, 4564, 4565, 4566, 4567, 4568, 4569, 4570, 4571, 4572, 4573, 4574, 4575, 4576, 4577, 4578, 4579]
                }
                dictionary c00012 = {
                    dictionary group = {
                        int cell = 4
                        int finger = 1
                    }
                    int index = 12
                    string name = "f1_c4"
                    int[] tet_indices = [3942, 3944, 3947, 3949, 3952, 3954, 3957, 3959, 3962, 3964, 3967, 3969, 3972, 3974, 3977, 3979, 4260, 4261, 4262, 4263, 4264, 4265, 4266, 4267, 4268, 4269, 4270, 4271, 4272, 4273, 4274, 4275, 4276, 4277, 4278, 4279, 4280, 4281, 4282, 4283, 4284, 4285, 4286, 4287, 4288, 4289, 4290, 4291, 4292, 4293, 4294, 4295, 4296, 4297, 4298, 4299, 4580, 4581, 4582, 4583, 4584, 4585, 4586, 4587, 4588, 4589, 4590, 4591, 4592, 4593, 4594, 4595, 4596, 4597, 4598, 4599, 4600, 4601, 4602, 4603, 4604, 4605, 4606, 4607, 4608, 4609, 4610, 4611, 4612, 4613, 4614, 4615, 4616, 4617, 4618, 4619]
                }
                dictionary c00013 = {
                    dictionary group = {
                        int cell = 5
                        int finger = 1
                    }
                    int index = 13
                    string name = "f1_c5"
                    int[] tet_indices = [3982, 3984, 3987, 3989, 3992, 3994, 3997, 3999, 4002, 4004, 4007, 4009, 4012, 4014, 4017, 4019, 4300, 4301, 4302, 4303, 4304, 4305, 4306, 4307, 4308, 4309, 4310, 4311, 4312, 4313, 4314, 4315, 4316, 4317, 4318, 4319, 4320, 4321, 4322, 4323, 4324, 4325, 4326, 4327, 4328, 4329, 4330, 4331, 4332, 4333, 4334, 4335, 4336, 4337, 4338, 4339, 4620, 4621, 4622, 4623, 4624, 4625, 4626, 4627, 4628, 4629, 4630, 4631, 4632, 4633, 4634, 4635, 4636, 4637, 4638, 4639, 4640, 4641, 4642, 4643, 4644, 4645, 4646, 4647, 4648, 4649, 4650, 4651, 4652, 4653, 4654, 4655, 4656, 4657, 4658, 4659]
                }
                dictionary c00014 = {
                    dictionary group = {
                        int cell = 6
                        int finger = 1
                    }
                    int index = 14
                    string name = "f1_c6"
                    int[] tet_indices = [4022, 4024, 4027, 4029, 4032, 4034, 4037, 4039, 4042, 4044, 4047, 4049, 4052, 4054, 4057, 4059, 4340, 4341, 4342, 4343, 4344, 4345, 4346, 4347, 4348, 4349, 4350, 4351, 4352, 4353, 4354, 4355, 4356, 4357, 4358, 4359, 4360, 4361, 4362, 4363, 4364, 4365, 4366, 4367, 4368, 4369, 4370, 4371, 4372, 4373, 4374, 4375, 4376, 4377, 4378, 4379, 4660, 4661, 4662, 4663, 4664, 4665, 4666, 4667, 4668, 4669, 4670, 4671, 4672, 4673, 4674, 4675, 4676, 4677, 4678, 4679, 4680, 4681, 4682, 4683, 4684, 4685, 4686, 4687, 4688, 4689, 4690, 4691, 4692, 4693, 4694, 4695, 4696, 4697, 4698, 4699]
                }
                dictionary c00015 = {
                    dictionary group = {
                        int cell = 7
                        int finger = 1
                    }
                    int index = 15
                    string name = "f1_c7"
                    int[] tet_indices = [4062, 4064, 4067, 4069, 4072, 4074, 4077, 4079, 4082, 4084, 4087, 4089, 4092, 4094, 4097, 4099, 4380, 4381, 4382, 4383, 4384, 4385, 4386, 4387, 4388, 4389, 4390, 4391, 4392, 4393, 4394, 4395, 4396, 4397, 4398, 4399, 4400, 4401, 4402, 4403, 4404, 4405, 4406, 4407, 4408, 4409, 4410, 4411, 4412, 4413, 4414, 4415, 4416, 4417, 4418, 4419, 4700, 4701, 4702, 4703, 4704, 4705, 4706, 4707, 4708, 4709, 4710, 4711, 4712, 4713, 4714, 4715, 4716, 4717, 4718, 4719, 4720, 4721, 4722, 4723, 4724, 4725, 4726, 4727, 4728, 4729, 4730, 4731, 4732, 4733, 4734, 4735, 4736, 4737, 4738, 4739]
                }
                dictionary c00016 = {
                    dictionary group = {
                        int cell = 0
                        int finger = 2
                    }
                    int index = 16
                    string name = "f2_c0"
                    int[] tet_indices = [5622, 5624, 5627, 5629, 5632, 5634, 5637, 5639, 5642, 5644, 5647, 5649, 5652, 5654, 5657, 5659, 5940, 5941, 5942, 5943, 5944, 5945, 5946, 5947, 5948, 5949, 5950, 5951, 5952, 5953, 5954, 5955, 5956, 5957, 5958, 5959, 5960, 5961, 5962, 5963, 5964, 5965, 5966, 5967, 5968, 5969, 5970, 5971, 5972, 5973, 5974, 5975, 5976, 5977, 5978, 5979, 6260, 6261, 6262, 6263, 6264, 6265, 6266, 6267, 6268, 6269, 6270, 6271, 6272, 6273, 6274, 6275, 6276, 6277, 6278, 6279, 6280, 6281, 6282, 6283, 6284, 6285, 6286, 6287, 6288, 6289, 6290, 6291, 6292, 6293, 6294, 6295, 6296, 6297, 6298, 6299]
                }
                dictionary c00017 = {
                    dictionary group = {
                        int cell = 1
                        int finger = 2
                    }
                    int index = 17
                    string name = "f2_c1"
                    int[] tet_indices = [5662, 5664, 5667, 5669, 5672, 5674, 5677, 5679, 5682, 5684, 5687, 5689, 5692, 5694, 5697, 5699, 5980, 5981, 5982, 5983, 5984, 5985, 5986, 5987, 5988, 5989, 5990, 5991, 5992, 5993, 5994, 5995, 5996, 5997, 5998, 5999, 6000, 6001, 6002, 6003, 6004, 6005, 6006, 6007, 6008, 6009, 6010, 6011, 6012, 6013, 6014, 6015, 6016, 6017, 6018, 6019, 6300, 6301, 6302, 6303, 6304, 6305, 6306, 6307, 6308, 6309, 6310, 6311, 6312, 6313, 6314, 6315, 6316, 6317, 6318, 6319, 6320, 6321, 6322, 6323, 6324, 6325, 6326, 6327, 6328, 6329, 6330, 6331, 6332, 6333, 6334, 6335, 6336, 6337, 6338, 6339]
                }
                dictionary c00018 = {
                    dictionary group = {
                        int cell = 2
                        int finger = 2
                    }
                    int index = 18
                    string name = "f2_c2"
                    int[] tet_indices = [5702, 5704, 5707, 5709, 5712, 5714, 5717, 5719, 5722, 5724, 5727, 5729, 5732, 5734, 5737, 5739, 6020, 6021, 6022, 6023, 6024, 6025, 6026, 6027, 6028, 6029, 6030, 6031, 6032, 6033, 6034, 6035, 6036, 6037, 6038, 6039, 6040, 6041, 6042, 6043, 6044, 6045, 6046, 6047, 6048, 6049, 6050, 6051, 6052, 6053, 6054, 6055, 6056, 6057, 6058, 6059, 6340, 6341, 6342, 6343, 6344, 6345, 6346, 6347, 6348, 6349, 6350, 6351, 6352, 6353, 6354, 6355, 6356, 6357, 6358, 6359, 6360, 6361, 6362, 6363, 6364, 6365, 6366, 6367, 6368, 6369, 6370, 6371, 6372, 6373, 6374, 6375, 6376, 6377, 6378, 6379]
                }
                dictionary c00019 = {
                    dictionary group = {
                        int cell = 3
                        int finger = 2
                    }
                    int index = 19
                    string name = "f2_c3"
                    int[] tet_indices = [5742, 5744, 5747, 5749, 5752, 5754, 5757, 5759, 5762, 5764, 5767, 5769, 5772, 5774, 5777, 5779, 6060, 6061, 6062, 6063, 6064, 6065, 6066, 6067, 6068, 6069, 6070, 6071, 6072, 6073, 6074, 6075, 6076, 6077, 6078, 6079, 6080, 6081, 6082, 6083, 6084, 6085, 6086, 6087, 6088, 6089, 6090, 6091, 6092, 6093, 6094, 6095, 6096, 6097, 6098, 6099, 6380, 6381, 6382, 6383, 6384, 6385, 6386, 6387, 6388, 6389, 6390, 6391, 6392, 6393, 6394, 6395, 6396, 6397, 6398, 6399, 6400, 6401, 6402, 6403, 6404, 6405, 6406, 6407, 6408, 6409, 6410, 6411, 6412, 6413, 6414, 6415, 6416, 6417, 6418, 6419]
                }
                dictionary c00020 = {
                    dictionary group = {
                        int cell = 4
                        int finger = 2
                    }
                    int index = 20
                    string name = "f2_c4"
                    int[] tet_indices = [5782, 5784, 5787, 5789, 5792, 5794, 5797, 5799, 5802, 5804, 5807, 5809, 5812, 5814, 5817, 5819, 6100, 6101, 6102, 6103, 6104, 6105, 6106, 6107, 6108, 6109, 6110, 6111, 6112, 6113, 6114, 6115, 6116, 6117, 6118, 6119, 6120, 6121, 6122, 6123, 6124, 6125, 6126, 6127, 6128, 6129, 6130, 6131, 6132, 6133, 6134, 6135, 6136, 6137, 6138, 6139, 6420, 6421, 6422, 6423, 6424, 6425, 6426, 6427, 6428, 6429, 6430, 6431, 6432, 6433, 6434, 6435, 6436, 6437, 6438, 6439, 6440, 6441, 6442, 6443, 6444, 6445, 6446, 6447, 6448, 6449, 6450, 6451, 6452, 6453, 6454, 6455, 6456, 6457, 6458, 6459]
                }
                dictionary c00021 = {
                    dictionary group = {
                        int cell = 5
                        int finger = 2
                    }
                    int index = 21
                    string name = "f2_c5"
                    int[] tet_indices = [5822, 5824, 5827, 5829, 5832, 5834, 5837, 5839, 5842, 5844, 5847, 5849, 5852, 5854, 5857, 5859, 6140, 6141, 6142, 6143, 6144, 6145, 6146, 6147, 6148, 6149, 6150, 6151, 6152, 6153, 6154, 6155, 6156, 6157, 6158, 6159, 6160, 6161, 6162, 6163, 6164, 6165, 6166, 6167, 6168, 6169, 6170, 6171, 6172, 6173, 6174, 6175, 6176, 6177, 6178, 6179, 6460, 6461, 6462, 6463, 6464, 6465, 6466, 6467, 6468, 6469, 6470, 6471, 6472, 6473, 6474, 6475, 6476, 6477, 6478, 6479, 6480, 6481, 6482, 6483, 6484, 6485, 6486, 6487, 6488, 6489, 6490, 6491, 6492, 6493, 6494, 6495, 6496, 6497, 6498, 6499]
                }
                dictionary c00022 = {
                    dictionary group = {
                        int cell = 6
                        int finger = 2
                    }
                    int index = 22
                    string name = "f2_c6"
                    int[] tet_indices = [5862, 5864, 5867, 5869, 5872, 5874, 5877, 5879, 5882, 5884, 5887, 5889, 5892, 5894, 5897, 5899, 6180, 6181, 6182, 6183, 6184, 6185, 6186, 6187, 6188, 6189, 6190, 6191, 6192, 6193, 6194, 6195, 6196, 6197, 6198, 6199, 6200, 6201, 6202, 6203, 6204, 6205, 6206, 6207, 6208, 6209, 6210, 6211, 6212, 6213, 6214, 6215, 6216, 6217, 6218, 6219, 6500, 6501, 6502, 6503, 6504, 6505, 6506, 6507, 6508, 6509, 6510, 6511, 6512, 6513, 6514, 6515, 6516, 6517, 6518, 6519, 6520, 6521, 6522, 6523, 6524, 6525, 6526, 6527, 6528, 6529, 6530, 6531, 6532, 6533, 6534, 6535, 6536, 6537, 6538, 6539]
                }
                dictionary c00023 = {
                    dictionary group = {
                        int cell = 7
                        int finger = 2
                    }
                    int index = 23
                    string name = "f2_c7"
                    int[] tet_indices = [5902, 5904, 5907, 5909, 5912, 5914, 5917, 5919, 5922, 5924, 5927, 5929, 5932, 5934, 5937, 5939, 6220, 6221, 6222, 6223, 6224, 6225, 6226, 6227, 6228, 6229, 6230, 6231, 6232, 6233, 6234, 6235, 6236, 6237, 6238, 6239, 6240, 6241, 6242, 6243, 6244, 6245, 6246, 6247, 6248, 6249, 6250, 6251, 6252, 6253, 6254, 6255, 6256, 6257, 6258, 6259, 6540, 6541, 6542, 6543, 6544, 6545, 6546, 6547, 6548, 6549, 6550, 6551, 6552, 6553, 6554, 6555, 6556, 6557, 6558, 6559, 6560, 6561, 6562, 6563, 6564, 6565, 6566, 6567, 6568, 6569, 6570, 6571, 6572, 6573, 6574, 6575, 6576, 6577, 6578, 6579]
                }
                dictionary c00024 = {
                    dictionary group = {
                        int cell = 0
                        int finger = 3
                    }
                    int index = 24
                    string name = "f3_c0"
                    int[] tet_indices = [7462, 7464, 7467, 7469, 7472, 7474, 7477, 7479, 7482, 7484, 7487, 7489, 7492, 7494, 7497, 7499, 7780, 7781, 7782, 7783, 7784, 7785, 7786, 7787, 7788, 7789, 7790, 7791, 7792, 7793, 7794, 7795, 7796, 7797, 7798, 7799, 7800, 7801, 7802, 7803, 7804, 7805, 7806, 7807, 7808, 7809, 7810, 7811, 7812, 7813, 7814, 7815, 7816, 7817, 7818, 7819, 8100, 8101, 8102, 8103, 8104, 8105, 8106, 8107, 8108, 8109, 8110, 8111, 8112, 8113, 8114, 8115, 8116, 8117, 8118, 8119, 8120, 8121, 8122, 8123, 8124, 8125, 8126, 8127, 8128, 8129, 8130, 8131, 8132, 8133, 8134, 8135, 8136, 8137, 8138, 8139]
                }
                dictionary c00025 = {
                    dictionary group = {
                        int cell = 1
                        int finger = 3
                    }
                    int index = 25
                    string name = "f3_c1"
                    int[] tet_indices = [7502, 7504, 7507, 7509, 7512, 7514, 7517, 7519, 7522, 7524, 7527, 7529, 7532, 7534, 7537, 7539, 7820, 7821, 7822, 7823, 7824, 7825, 7826, 7827, 7828, 7829, 7830, 7831, 7832, 7833, 7834, 7835, 7836, 7837, 7838, 7839, 7840, 7841, 7842, 7843, 7844, 7845, 7846, 7847, 7848, 7849, 7850, 7851, 7852, 7853, 7854, 7855, 7856, 7857, 7858, 7859, 8140, 8141, 8142, 8143, 8144, 8145, 8146, 8147, 8148, 8149, 8150, 8151, 8152, 8153, 8154, 8155, 8156, 8157, 8158, 8159, 8160, 8161, 8162, 8163, 8164, 8165, 8166, 8167, 8168, 8169, 8170, 8171, 8172, 8173, 8174, 8175, 8176, 8177, 8178, 8179]
                }
                dictionary c00026 = {
                    dictionary group = {
                        int cell = 2
                        int finger = 3
                    }
                    int index = 26
                    string name = "f3_c2"
                    int[] tet_indices = [7542, 7544, 7547, 7549, 7552, 7554, 7557, 7559, 7562, 7564, 7567, 7569, 7572, 7574, 7577, 7579, 7860, 7861, 7862, 7863, 7864, 7865, 7866, 7867, 7868, 7869, 7870, 7871, 7872, 7873, 7874, 7875, 7876, 7877, 7878, 7879, 7880, 7881, 7882, 7883, 7884, 7885, 7886, 7887, 7888, 7889, 7890, 7891, 7892, 7893, 7894, 7895, 7896, 7897, 7898, 7899, 8180, 8181, 8182, 8183, 8184, 8185, 8186, 8187, 8188, 8189, 8190, 8191, 8192, 8193, 8194, 8195, 8196, 8197, 8198, 8199, 8200, 8201, 8202, 8203, 8204, 8205, 8206, 8207, 8208, 8209, 8210, 8211, 8212, 8213, 8214, 8215, 8216, 8217, 8218, 8219]
                }
                dictionary c00027 = {
                    dictionary group = {
                        int cell = 3
                        int finger = 3
                    }
                    int index = 27
                    string name = "f3_c3"
                    int[] tet_indices = [7582, 7584, 7587, 7589, 7592, 7594, 7597, 7599, 7602, 7604, 7607, 7609, 7612, 7614, 7617, 7619, 7900, 7901, 7902, 7903, 7904, 7905, 7906, 7907, 7908, 7909, 7910, 7911, 7912, 7913, 7914, 7915, 7916, 7917, 7918, 7919, 7920, 7921, 7922, 7923, 7924, 7925, 7926, 7927, 7928, 7929, 7930, 7931, 7932, 7933, 7934, 7935, 7936, 7937, 7938, 7939, 8220, 8221, 8222, 8223, 8224, 8225, 8226, 8227, 8228, 8229, 8230, 8231, 8232, 8233, 8234, 8235, 8236, 8237, 8238, 8239, 8240, 8241, 8242, 8243, 8244, 8245, 8246, 8247, 8248, 8249, 8250, 8251, 8252, 8253, 8254, 8255, 8256, 8257, 8258, 8259]
                }
                dictionary c00028 = {
                    dictionary group = {
                        int cell = 4
                        int finger = 3
                    }
                    int index = 28
                    string name = "f3_c4"
                    int[] tet_indices = [7622, 7624, 7627, 7629, 7632, 7634, 7637, 7639, 7642, 7644, 7647, 7649, 7652, 7654, 7657, 7659, 7940, 7941, 7942, 7943, 7944, 7945, 7946, 7947, 7948, 7949, 7950, 7951, 7952, 7953, 7954, 7955, 7956, 7957, 7958, 7959, 7960, 7961, 7962, 7963, 7964, 7965, 7966, 7967, 7968, 7969, 7970, 7971, 7972, 7973, 7974, 7975, 7976, 7977, 7978, 7979, 8260, 8261, 8262, 8263, 8264, 8265, 8266, 8267, 8268, 8269, 8270, 8271, 8272, 8273, 8274, 8275, 8276, 8277, 8278, 8279, 8280, 8281, 8282, 8283, 8284, 8285, 8286, 8287, 8288, 8289, 8290, 8291, 8292, 8293, 8294, 8295, 8296, 8297, 8298, 8299]
                }
                dictionary c00029 = {
                    dictionary group = {
                        int cell = 5
                        int finger = 3
                    }
                    int index = 29
                    string name = "f3_c5"
                    int[] tet_indices = [7662, 7664, 7667, 7669, 7672, 7674, 7677, 7679, 7682, 7684, 7687, 7689, 7692, 7694, 7697, 7699, 7980, 7981, 7982, 7983, 7984, 7985, 7986, 7987, 7988, 7989, 7990, 7991, 7992, 7993, 7994, 7995, 7996, 7997, 7998, 7999, 8000, 8001, 8002, 8003, 8004, 8005, 8006, 8007, 8008, 8009, 8010, 8011, 8012, 8013, 8014, 8015, 8016, 8017, 8018, 8019, 8300, 8301, 8302, 8303, 8304, 8305, 8306, 8307, 8308, 8309, 8310, 8311, 8312, 8313, 8314, 8315, 8316, 8317, 8318, 8319, 8320, 8321, 8322, 8323, 8324, 8325, 8326, 8327, 8328, 8329, 8330, 8331, 8332, 8333, 8334, 8335, 8336, 8337, 8338, 8339]
                }
                dictionary c00030 = {
                    dictionary group = {
                        int cell = 6
                        int finger = 3
                    }
                    int index = 30
                    string name = "f3_c6"
                    int[] tet_indices = [7702, 7704, 7707, 7709, 7712, 7714, 7717, 7719, 7722, 7724, 7727, 7729, 7732, 7734, 7737, 7739, 8020, 8021, 8022, 8023, 8024, 8025, 8026, 8027, 8028, 8029, 8030, 8031, 8032, 8033, 8034, 8035, 8036, 8037, 8038, 8039, 8040, 8041, 8042, 8043, 8044, 8045, 8046, 8047, 8048, 8049, 8050, 8051, 8052, 8053, 8054, 8055, 8056, 8057, 8058, 8059, 8340, 8341, 8342, 8343, 8344, 8345, 8346, 8347, 8348, 8349, 8350, 8351, 8352, 8353, 8354, 8355, 8356, 8357, 8358, 8359, 8360, 8361, 8362, 8363, 8364, 8365, 8366, 8367, 8368, 8369, 8370, 8371, 8372, 8373, 8374, 8375, 8376, 8377, 8378, 8379]
                }
                dictionary c00031 = {
                    dictionary group = {
                        int cell = 7
                        int finger = 3
                    }
                    int index = 31
                    string name = "f3_c7"
                    int[] tet_indices = [7742, 7744, 7747, 7749, 7752, 7754, 7757, 7759, 7762, 7764, 7767, 7769, 7772, 7774, 7777, 7779, 8060, 8061, 8062, 8063, 8064, 8065, 8066, 8067, 8068, 8069, 8070, 8071, 8072, 8073, 8074, 8075, 8076, 8077, 8078, 8079, 8080, 8081, 8082, 8083, 8084, 8085, 8086, 8087, 8088, 8089, 8090, 8091, 8092, 8093, 8094, 8095, 8096, 8097, 8098, 8099, 8380, 8381, 8382, 8383, 8384, 8385, 8386, 8387, 8388, 8389, 8390, 8391, 8392, 8393, 8394, 8395, 8396, 8397, 8398, 8399, 8400, 8401, 8402, 8403, 8404, 8405, 8406, 8407, 8408, 8409, 8410, 8411, 8412, 8413, 8414, 8415, 8416, 8417, 8418, 8419]
                }
                dictionary c00032 = {
                    dictionary group = {
                        int cell = 0
                        int finger = 4
                    }
                    int index = 32
                    string name = "f4_c0"
                    int[] tet_indices = [9302, 9304, 9307, 9309, 9312, 9314, 9317, 9319, 9322, 9324, 9327, 9329, 9332, 9334, 9337, 9339, 9620, 9621, 9622, 9623, 9624, 9625, 9626, 9627, 9628, 9629, 9630, 9631, 9632, 9633, 9634, 9635, 9636, 9637, 9638, 9639, 9640, 9641, 9642, 9643, 9644, 9645, 9646, 9647, 9648, 9649, 9650, 9651, 9652, 9653, 9654, 9655, 9656, 9657, 9658, 9659, 9940, 9941, 9942, 9943, 9944, 9945, 9946, 9947, 9948, 9949, 9950, 9951, 9952, 9953, 9954, 9955, 9956, 9957, 9958, 9959, 9960, 9961, 9962, 9963, 9964, 9965, 9966, 9967, 9968, 9969, 9970, 9971, 9972, 9973, 9974, 9975, 9976, 9977, 9978, 9979]
                }
                dictionary c00033 = {
                    dictionary group = {
                        int cell = 1
                        int finger = 4
                    }
                    int index = 33
                    string name = "f4_c1"
                    int[] tet_indices = [9342, 9344, 9347, 9349, 9352, 9354, 9357, 9359, 9362, 9364, 9367, 9369, 9372, 9374, 9377, 9379, 9660, 9661, 9662, 9663, 9664, 9665, 9666, 9667, 9668, 9669, 9670, 9671, 9672, 9673, 9674, 9675, 9676, 9677, 9678, 9679, 9680, 9681, 9682, 9683, 9684, 9685, 9686, 9687, 9688, 9689, 9690, 9691, 9692, 9693, 9694, 9695, 9696, 9697, 9698, 9699, 9980, 9981, 9982, 9983, 9984, 9985, 9986, 9987, 9988, 9989, 9990, 9991, 9992, 9993, 9994, 9995, 9996, 9997, 9998, 9999, 10000, 10001, 10002, 10003, 10004, 10005, 10006, 10007, 10008, 10009, 10010, 10011, 10012, 10013, 10014, 10015, 10016, 10017, 10018, 10019]
                }
                dictionary c00034 = {
                    dictionary group = {
                        int cell = 2
                        int finger = 4
                    }
                    int index = 34
                    string name = "f4_c2"
                    int[] tet_indices = [9382, 9384, 9387, 9389, 9392, 9394, 9397, 9399, 9402, 9404, 9407, 9409, 9412, 9414, 9417, 9419, 9700, 9701, 9702, 9703, 9704, 9705, 9706, 9707, 9708, 9709, 9710, 9711, 9712, 9713, 9714, 9715, 9716, 9717, 9718, 9719, 9720, 9721, 9722, 9723, 9724, 9725, 9726, 9727, 9728, 9729, 9730, 9731, 9732, 9733, 9734, 9735, 9736, 9737, 9738, 9739, 10020, 10021, 10022, 10023, 10024, 10025, 10026, 10027, 10028, 10029, 10030, 10031, 10032, 10033, 10034, 10035, 10036, 10037, 10038, 10039, 10040, 10041, 10042, 10043, 10044, 10045, 10046, 10047, 10048, 10049, 10050, 10051, 10052, 10053, 10054, 10055, 10056, 10057, 10058, 10059]
                }
                dictionary c00035 = {
                    dictionary group = {
                        int cell = 3
                        int finger = 4
                    }
                    int index = 35
                    string name = "f4_c3"
                    int[] tet_indices = [9422, 9424, 9427, 9429, 9432, 9434, 9437, 9439, 9442, 9444, 9447, 9449, 9452, 9454, 9457, 9459, 9740, 9741, 9742, 9743, 9744, 9745, 9746, 9747, 9748, 9749, 9750, 9751, 9752, 9753, 9754, 9755, 9756, 9757, 9758, 9759, 9760, 9761, 9762, 9763, 9764, 9765, 9766, 9767, 9768, 9769, 9770, 9771, 9772, 9773, 9774, 9775, 9776, 9777, 9778, 9779, 10060, 10061, 10062, 10063, 10064, 10065, 10066, 10067, 10068, 10069, 10070, 10071, 10072, 10073, 10074, 10075, 10076, 10077, 10078, 10079, 10080, 10081, 10082, 10083, 10084, 10085, 10086, 10087, 10088, 10089, 10090, 10091, 10092, 10093, 10094, 10095, 10096, 10097, 10098, 10099]
                }
                dictionary c00036 = {
                    dictionary group = {
                        int cell = 4
                        int finger = 4
                    }
                    int index = 36
                    string name = "f4_c4"
                    int[] tet_indices = [9462, 9464, 9467, 9469, 9472, 9474, 9477, 9479, 9482, 9484, 9487, 9489, 9492, 9494, 9497, 9499, 9780, 9781, 9782, 9783, 9784, 9785, 9786, 9787, 9788, 9789, 9790, 9791, 9792, 9793, 9794, 9795, 9796, 9797, 9798, 9799, 9800, 9801, 9802, 9803, 9804, 9805, 9806, 9807, 9808, 9809, 9810, 9811, 9812, 9813, 9814, 9815, 9816, 9817, 9818, 9819, 10100, 10101, 10102, 10103, 10104, 10105, 10106, 10107, 10108, 10109, 10110, 10111, 10112, 10113, 10114, 10115, 10116, 10117, 10118, 10119, 10120, 10121, 10122, 10123, 10124, 10125, 10126, 10127, 10128, 10129, 10130, 10131, 10132, 10133, 10134, 10135, 10136, 10137, 10138, 10139]
                }
                dictionary c00037 = {
                    dictionary group = {
                        int cell = 5
                        int finger = 4
                    }
                    int index = 37
                    string name = "f4_c5"
                    int[] tet_indices = [9502, 9504, 9507, 9509, 9512, 9514, 9517, 9519, 9522, 9524, 9527, 9529, 9532, 9534, 9537, 9539, 9820, 9821, 9822, 9823, 9824, 9825, 9826, 9827, 9828, 9829, 9830, 9831, 9832, 9833, 9834, 9835, 9836, 9837, 9838, 9839, 9840, 9841, 9842, 9843, 9844, 9845, 9846, 9847, 9848, 9849, 9850, 9851, 9852, 9853, 9854, 9855, 9856, 9857, 9858, 9859, 10140, 10141, 10142, 10143, 10144, 10145, 10146, 10147, 10148, 10149, 10150, 10151, 10152, 10153, 10154, 10155, 10156, 10157, 10158, 10159, 10160, 10161, 10162, 10163, 10164, 10165, 10166, 10167, 10168, 10169, 10170, 10171, 10172, 10173, 10174, 10175, 10176, 10177, 10178, 10179]
                }
                dictionary c00038 = {
                    dictionary group = {
                        int cell = 6
                        int finger = 4
                    }
                    int index = 38
                    string name = "f4_c6"
                    int[] tet_indices = [9542, 9544, 9547, 9549, 9552, 9554, 9557, 9559, 9562, 9564, 9567, 9569, 9572, 9574, 9577, 9579, 9860, 9861, 9862, 9863, 9864, 9865, 9866, 9867, 9868, 9869, 9870, 9871, 9872, 9873, 9874, 9875, 9876, 9877, 9878, 9879, 9880, 9881, 9882, 9883, 9884, 9885, 9886, 9887, 9888, 9889, 9890, 9891, 9892, 9893, 9894, 9895, 9896, 9897, 9898, 9899, 10180, 10181, 10182, 10183, 10184, 10185, 10186, 10187, 10188, 10189, 10190, 10191, 10192, 10193, 10194, 10195, 10196, 10197, 10198, 10199, 10200, 10201, 10202, 10203, 10204, 10205, 10206, 10207, 10208, 10209, 10210, 10211, 10212, 10213, 10214, 10215, 10216, 10217, 10218, 10219]
                }
                dictionary c00039 = {
                    dictionary group = {
                        int cell = 7
                        int finger = 4
                    }
                    int index = 39
                    string name = "f4_c7"
                    int[] tet_indices = [9582, 9584, 9587, 9589, 9592, 9594, 9597, 9599, 9602, 9604, 9607, 9609, 9612, 9614, 9617, 9619, 9900, 9901, 9902, 9903, 9904, 9905, 9906, 9907, 9908, 9909, 9910, 9911, 9912, 9913, 9914, 9915, 9916, 9917, 9918, 9919, 9920, 9921, 9922, 9923, 9924, 9925, 9926, 9927, 9928, 9929, 9930, 9931, 9932, 9933, 9934, 9935, 9936, 9937, 9938, 9939, 10220, 10221, 10222, 10223, 10224, 10225, 10226, 10227, 10228, 10229, 10230, 10231, 10232, 10233, 10234, 10235, 10236, 10237, 10238, 10239, 10240, 10241, 10242, 10243, 10244, 10245, 10246, 10247, 10248, 10249, 10250, 10251, 10252, 10253, 10254, 10255, 10256, 10257, 10258, 10259]
                }
            }
            int format_version = 1
            int num_chambers = 40
            dictionary regions = {
                dictionary r00000 = {
                    dictionary group = {
                        int finger = 0
                    }
                    string name = "b0"
                    int[] tet_indices = [1300, 1301, 1302, 1303, 1304, 1305, 1306, 1307, 1308, 1309, 1310, 1311, 1312, 1313, 1314, 1315, 1316, 1317, 1318, 1319, 1320, 1321, 1322, 1323, 1324, 1325, 1326, 1327, 1328, 1329, 1330, 1331, 1332, 1333, 1334, 1335, 1336, 1337, 1338, 1339, 1340, 1341, 1342, 1343, 1344, 1345, 1346, 1347, 1348, 1349, 1350, 1351, 1352, 1353, 1354, 1355, 1356, 1357, 1358, 1359, 1360, 1361, 1362, 1363, 1364, 1365, 1366, 1367, 1368, 1369, 1370, 1371, 1372, 1373, 1374, 1375, 1376, 1377, 1378, 1379, 1380, 1381, 1382, 1383, 1384, 1385, 1386, 1387, 1388, 1389, 1390, 1391, 1392, 1393, 1394, 1395, 1396, 1397, 1398, 1399, 1400, 1401, 1402, 1403, 1404, 1405, 1406, 1407, 1408, 1409, 1410, 1411, 1412, 1413, 1414, 1415, 1416, 1417, 1418, 1419, 1420, 1421, 1422, 1423, 1424, 1425, 1426, 1427, 1428, 1429, 1430, 1431, 1432, 1433, 1434, 1435, 1436, 1437, 1438, 1439, 1440, 1441, 1442, 1443, 1444, 1445, 1446, 1447, 1448, 1449, 1450, 1451, 1452, 1453, 1454, 1455, 1456, 1457, 1458, 1459, 1460, 1461, 1462, 1463, 1464, 1465, 1466, 1467, 1468, 1469, 1470, 1471, 1472, 1473, 1474, 1475, 1476, 1477, 1478, 1479, 1480, 1481, 1482, 1483, 1484, 1485, 1486, 1487, 1488, 1489, 1490, 1491, 1492, 1493, 1494, 1495, 1496, 1497, 1498, 1499, 1500, 1501, 1502, 1503, 1504, 1505, 1506, 1507, 1508, 1509, 1510, 1511, 1512, 1513, 1514, 1515, 1516, 1517, 1518, 1519, 1520, 1521, 1522, 1523, 1524, 1525, 1526, 1527, 1528, 1529, 1530, 1531, 1532, 1533, 1534, 1535, 1536, 1537, 1538, 1539, 1540, 1541, 1542, 1543, 1544, 1545, 1546, 1547, 1548, 1549, 1550, 1551, 1552, 1553, 1554, 1555, 1556, 1557, 1558, 1559, 1560, 1561, 1562, 1563, 1564, 1565, 1566, 1567, 1568, 1569, 1570, 1571, 1572, 1573, 1574, 1575, 1576, 1577, 1578, 1579, 1580, 1581, 1582, 1583, 1584, 1585, 1586, 1587, 1588, 1589, 1590, 1591, 1592, 1593, 1594, 1595, 1596, 1597, 1598, 1599, 1600, 1601, 1602, 1603, 1604, 1605, 1606, 1607, 1608, 1609, 1610, 1611, 1612, 1613, 1614, 1615, 1616, 1617, 1618, 1619, 1620, 1621, 1622, 1623, 1624, 1625, 1626, 1627, 1628, 1629, 1630, 1631, 1632, 1633, 1634, 1635, 1636, 1637, 1638, 1639, 1640, 1641, 1642, 1643, 1644, 1645, 1646, 1647, 1648, 1649, 1650, 1651, 1652, 1653, 1654, 1655, 1656, 1657, 1658, 1659, 1660, 1661, 1662, 1663, 1664, 1665, 1666, 1667, 1668, 1669, 1670, 1671, 1672, 1673, 1674, 1675, 1676, 1677, 1678, 1679, 1680, 1681, 1682, 1683, 1684, 1685, 1686, 1687, 1688, 1689, 1690, 1691, 1692, 1693, 1694, 1695, 1696, 1697, 1698, 1699, 1700, 1701, 1702, 1703, 1704, 1705, 1706, 1707, 1708, 1709, 1710, 1711, 1712, 1713, 1714, 1715, 1716, 1717, 1718, 1719, 1720, 1721, 1722, 1723, 1724, 1725, 1726, 1727, 1728, 1729, 1730, 1731, 1732, 1733, 1734, 1735, 1736, 1737, 1738, 1739, 1740, 1741, 1742, 1743, 1744, 1745, 1746, 1747, 1748, 1749, 1750, 1751, 1752, 1753, 1754, 1755, 1756, 1757, 1758, 1759, 1760, 1761, 1762, 1763, 1764, 1765, 1766, 1767, 1768, 1769, 1770, 1771, 1772, 1773, 1774, 1775, 1776, 1777, 1778, 1779, 1780, 1781, 1782, 1783, 1784, 1785, 1786, 1787, 1788, 1789, 1790, 1791, 1792, 1793, 1794, 1795, 1796, 1797, 1798, 1799, 1800, 1801, 1802, 1803, 1804, 1805, 1806, 1807, 1808, 1809, 1810, 1811, 1812, 1813, 1814, 1815, 1816, 1817, 1818, 1819, 1820, 1821, 1822, 1823, 1824, 1825, 1826, 1827, 1828, 1829, 1830, 1831, 1832, 1833, 1834, 1835, 1836, 1837, 1838, 1839, 1840, 1841, 1842, 1843, 1844, 1845, 1846, 1847, 1848, 1849, 1850, 1851, 1852, 1853, 1854, 1855, 1856, 1857, 1858, 1859, 1860, 1861, 1862, 1863, 1864, 1865, 1866, 1867, 1868, 1869, 1870, 1871, 1872, 1873, 1874, 1875, 1876, 1877, 1878, 1879, 1880, 1881, 1882, 1883, 1884, 1885, 1886, 1887, 1888, 1889, 1890, 1891, 1892, 1893, 1894, 1895, 1896, 1897, 1898, 1899, 1900, 1901, 1902, 1903, 1904, 1905, 1906, 1907, 1908, 1909, 1910, 1911, 1912, 1913, 1914, 1915, 1916, 1917, 1918, 1919, 1920, 1921, 1922, 1923, 1924, 1925, 1926, 1927, 1928, 1929, 1930, 1931, 1932, 1933, 1934, 1935, 1936, 1937, 1938, 1939, 1940, 1941, 1943, 1945, 1946, 1948, 1950, 1951, 1953, 1955, 1956, 1958, 1960, 1961, 1963, 1965, 1966, 1968, 1970, 1971, 1973, 1975, 1976, 1978, 1980, 1981, 1983, 1985, 1986, 1988, 1990, 1991, 1993, 1995, 1996, 1998, 2000, 2001, 2003, 2005, 2006, 2008, 2010, 2011, 2013, 2015, 2016, 2018, 2020, 2021, 2023, 2025, 2026, 2028, 2030, 2031, 2033, 2035, 2036, 2038, 2040, 2041, 2043, 2045, 2046, 2048, 2050, 2051, 2053, 2055, 2056, 2058, 2060, 2061, 2063, 2065, 2066, 2068, 2070, 2071, 2073, 2075, 2076, 2078, 2080, 2081, 2083, 2085, 2086, 2088, 2090, 2091, 2093, 2095, 2096, 2098, 2100, 2101, 2103, 2105, 2106, 2108, 2110, 2111, 2113, 2115, 2116, 2118, 2120, 2121, 2123, 2125, 2126, 2128, 2130, 2131, 2133, 2135, 2136, 2138, 2140, 2141, 2143, 2145, 2146, 2148, 2150, 2151, 2153, 2155, 2156, 2158, 2160, 2161, 2163, 2165, 2166, 2168, 2170, 2171, 2173, 2175, 2176, 2178, 2180, 2181, 2183, 2185, 2186, 2188, 2190, 2191, 2193, 2195, 2196, 2198, 2200, 2201, 2203, 2205, 2206, 2208, 2210, 2211, 2213, 2215, 2216, 2218, 2220, 2221, 2223, 2225, 2226, 2228, 2230, 2231, 2233, 2235, 2236, 2238, 2240, 2241, 2243, 2245, 2246, 2248, 2250, 2251, 2253, 2255, 2256, 2258, 2900, 2901, 2902, 2903, 2904, 2905, 2906, 2907, 2908, 2909, 2910, 2911, 2912, 2913, 2914, 2915, 2916, 2917, 2918, 2919, 2920, 2921, 2922, 2923, 2924, 2925, 2926, 2927, 2928, 2929, 2930, 2931, 2932, 2933, 2934, 2935, 2936, 2937, 2938, 2939, 2940, 2941, 2942, 2943, 2944, 2945, 2946, 2947, 2948, 2949, 2950, 2951, 2952, 2953, 2954, 2955, 2956, 2957, 2958, 2959, 2960, 2961, 2962, 2963, 2964, 2965, 2966, 2967, 2968, 2969, 2970, 2971, 2972, 2973, 2974, 2975, 2976, 2977, 2978, 2979, 2980, 2981, 2982, 2983, 2984, 2985, 2986, 2987, 2988, 2989, 2990, 2991, 2992, 2993, 2994, 2995, 2996, 2997, 2998, 2999, 3000, 3001, 3002, 3003, 3004, 3005, 3006, 3007, 3008, 3009, 3010, 3011, 3012, 3013, 3014, 3015, 3016, 3017, 3018, 3019, 3020, 3021, 3022, 3023, 3024, 3025, 3026, 3027, 3028, 3029, 3030, 3031, 3032, 3033, 3034, 3035, 3036, 3037, 3038, 3039, 3040, 3041, 3042, 3043, 3044, 3045, 3046, 3047, 3048, 3049, 3050, 3051, 3052, 3053, 3054, 3055, 3056, 3057, 3058, 3059, 3060, 3061, 3062, 3063, 3064, 3065, 3066, 3067, 3068, 3069, 3070, 3071, 3072, 3073, 3074, 3075, 3076, 3077, 3078, 3079, 3080, 3081, 3082, 3083, 3084, 3085, 3086, 3087, 3088, 3089, 3090, 3091, 3092, 3093, 3094, 3095, 3096, 3097, 3098, 3099, 3100, 3101, 3102, 3103, 3104, 3105, 3106, 3107, 3108, 3109, 3110, 3111, 3112, 3113, 3114, 3115, 3116, 3117, 3118, 3119, 3120, 3121, 3122, 3123, 3124, 3125, 3126, 3127, 3128, 3129, 3130, 3131, 3132, 3133, 3134, 3135, 3136, 3137, 3138, 3139]
                }
                dictionary r00001 = {
                    dictionary group = {
                        int finger = 1
                    }
                    string name = "b1"
                    int[] tet_indices = [3140, 3141, 3142, 3143, 3144, 3145, 3146, 3147, 3148, 3149, 3150, 3151, 3152, 3153, 3154, 3155, 3156, 3157, 3158, 3159, 3160, 3161, 3162, 3163, 3164, 3165, 3166, 3167, 3168, 3169, 3170, 3171, 3172, 3173, 3174, 3175, 3176, 3177, 3178, 3179, 3180, 3181, 3182, 3183, 3184, 3185, 3186, 3187, 3188, 3189, 3190, 3191, 3192, 3193, 3194, 3195, 3196, 3197, 3198, 3199, 3200, 3201, 3202, 3203, 3204, 3205, 3206, 3207, 3208, 3209, 3210, 3211, 3212, 3213, 3214, 3215, 3216, 3217, 3218, 3219, 3220, 3221, 3222, 3223, 3224, 3225, 3226, 3227, 3228, 3229, 3230, 3231, 3232, 3233, 3234, 3235, 3236, 3237, 3238, 3239, 3240, 3241, 3242, 3243, 3244, 3245, 3246, 3247, 3248, 3249, 3250, 3251, 3252, 3253, 3254, 3255, 3256, 3257, 3258, 3259, 3260, 3261, 3262, 3263, 3264, 3265, 3266, 3267, 3268, 3269, 3270, 3271, 3272, 3273, 3274, 3275, 3276, 3277, 3278, 3279, 3280, 3281, 3282, 3283, 3284, 3285, 3286, 3287, 3288, 3289, 3290, 3291, 3292, 3293, 3294, 3295, 3296, 3297, 3298, 3299, 3300, 3301, 3302, 3303, 3304, 3305, 3306, 3307, 3308, 3309, 3310, 3311, 3312, 3313, 3314, 3315, 3316, 3317, 3318, 3319, 3320, 3321, 3322, 3323, 3324, 3325, 3326, 3327, 3328, 3329, 3330, 3331, 3332, 3333, 3334, 3335, 3336, 3337, 3338, 3339, 3340, 3341, 3342, 3343, 3344, 3345, 3346, 3347, 3348, 3349, 3350, 3351, 3352, 3353, 3354, 3355, 3356, 3357, 3358, 3359, 3360, 3361, 3362, 3363, 3364, 3365, 3366, 3367, 3368, 3369, 3370, 3371, 3372, 3373, 3374, 3375, 3376, 3377, 3378, 3379, 3380, 3381, 3382, 3383, 3384, 3385, 3386, 3387, 3388, 3389, 3390, 3391, 3392, 3393, 3394, 3395, 3396, 3397, 3398, 3399, 3400, 3401, 3402, 3403, 3404, 3405, 3406, 3407, 3408, 3409, 3410, 3411, 3412, 3413, 3414, 3415, 3416, 3417, 3418, 3419, 3420, 3421, 3422, 3423, 3424, 3425, 3426, 3427, 3428, 3429, 3430, 3431, 3432, 3433, 3434, 3435, 3436, 3437, 3438, 3439, 3440, 3441, 3442, 3443, 3444, 3445, 3446, 3447, 3448, 3449, 3450, 3451, 3452, 3453, 3454, 3455, 3456, 3457, 3458, 3459, 3460, 3461, 3462, 3463, 3464, 3465, 3466, 3467, 3468, 3469, 3470, 3471, 3472, 3473, 3474, 3475, 3476, 3477, 3478, 3479, 3480, 3481, 3482, 3483, 3484, 3485, 3486, 3487, 3488, 3489, 3490, 3491, 3492, 3493, 3494, 3495, 3496, 3497, 3498, 3499, 3500, 3501, 3502, 3503, 3504, 3505, 3506, 3507, 3508, 3509, 3510, 3511, 3512, 3513, 3514, 3515, 3516, 3517, 3518, 3519, 3520, 3521, 3522, 3523, 3524, 3525, 3526, 3527, 3528, 3529, 3530, 3531, 3532, 3533, 3534, 3535, 3536, 3537, 3538, 3539, 3540, 3541, 3542, 3543, 3544, 3545, 3546, 3547, 3548, 3549, 3550, 3551, 3552, 3553, 3554, 3555, 3556, 3557, 3558, 3559, 3560, 3561, 3562, 3563, 3564, 3565, 3566, 3567, 3568, 3569, 3570, 3571, 3572, 3573, 3574, 3575, 3576, 3577, 3578, 3579, 3580, 3581, 3582, 3583, 3584, 3585, 3586, 3587, 3588, 3589, 3590, 3591, 3592, 3593, 3594, 3595, 3596, 3597, 3598, 3599, 3600, 3601, 3602, 3603, 3604, 3605, 3606, 3607, 3608, 3609, 3610, 3611, 3612, 3613, 3614, 3615, 3616, 3617, 3618, 3619, 3620, 3621, 3622, 3623, 3624, 3625, 3626, 3627, 3628, 3629, 3630, 3631, 3632, 3633, 3634, 3635, 3636, 3637, 3638, 3639, 3640, 3641, 3642, 3643, 3644, 3645, 3646, 3647, 3648, 3649, 3650, 3651, 3652, 3653, 3654, 3655, 3656, 3657, 3658, 3659, 3660, 3661, 3662, 3663, 3664, 3665, 3666, 3667, 3668, 3669, 3670, 3671, 3672, 3673, 3674, 3675, 3676, 3677, 3678, 3679, 3680, 3681, 3682, 3683, 3684, 3685, 3686, 3687, 3688, 3689, 3690, 3691, 3692, 3693, 3694, 3695, 3696, 3697, 3698, 3699, 3700, 3701, 3702, 3703, 3704, 3705, 3706, 3707, 3708, 3709, 3710, 3711, 3712, 3713, 3714, 3715, 3716, 3717, 3718, 3719, 3720, 3721, 3722, 3723, 3724, 3725, 3726, 3727, 3728, 3729, 3730, 3731, 3732, 3733, 3734, 3735, 3736, 3737, 3738, 3739, 3740, 3741, 3742, 3743, 3744, 3745, 3746, 3747, 3748, 3749, 3750, 3751, 3752, 3753, 3754, 3755, 3756, 3757, 3758, 3759, 3760, 3761, 3762, 3763, 3764, 3765, 3766, 3767, 3768, 3769, 3770, 3771, 3772, 3773, 3774, 3775, 3776, 3777, 3778, 3779, 3780, 3781, 3783, 3785, 3786, 3788, 3790, 3791, 3793, 3795, 3796, 3798, 3800, 3801, 3803, 3805, 3806, 3808, 3810, 3811, 3813, 3815, 3816, 3818, 3820, 3821, 3823, 3825, 3826, 3828, 3830, 3831, 3833, 3835, 3836, 3838, 3840, 3841, 3843, 3845, 3846, 3848, 3850, 3851, 3853, 3855, 3856, 3858, 3860, 3861, 3863, 3865, 3866, 3868, 3870, 3871, 3873, 3875, 3876, 3878, 3880, 3881, 3883, 3885, 3886, 3888, 3890, 3891, 3893, 3895, 3896, 3898, 3900, 3901, 3903, 3905, 3906, 3908, 3910, 3911, 3913, 3915, 3916, 3918, 3920, 3921, 3923, 3925, 3926, 3928, 3930, 3931, 3933, 3935, 3936, 3938, 3940, 3941, 3943, 3945, 3946, 3948, 3950, 3951, 3953, 3955, 3956, 3958, 3960, 3961, 3963, 3965, 3966, 3968, 3970, 3971, 3973, 3975, 3976, 3978, 3980, 3981, 3983, 3985, 3986, 3988, 3990, 3991, 3993, 3995, 3996, 3998, 4000, 4001, 4003, 4005, 4006, 4008, 4010, 4011, 4013, 4015, 4016, 4018, 4020, 4021, 4023, 4025, 4026, 4028, 4030, 4031, 4033, 4035, 4036, 4038, 4040, 4041, 4043, 4045, 4046, 4048, 4050, 4051, 4053, 4055, 4056, 4058, 4060, 4061, 4063, 4065, 4066, 4068, 4070, 4071, 4073, 4075, 4076, 4078, 4080, 4081, 4083, 4085, 4086, 4088, 4090, 4091, 4093, 4095, 4096, 4098, 4740, 4741, 4742, 4743, 4744, 4745, 4746, 4747, 4748, 4749, 4750, 4751, 4752, 4753, 4754, 4755, 4756, 4757, 4758, 4759, 4760, 4761, 4762, 4763, 4764, 4765, 4766, 4767, 4768, 4769, 4770, 4771, 4772, 4773, 4774, 4775, 4776, 4777, 4778, 4779, 4780, 4781, 4782, 4783, 4784, 4785, 4786, 4787, 4788, 4789, 4790, 4791, 4792, 4793, 4794, 4795, 4796, 4797, 4798, 4799, 4800, 4801, 4802, 4803, 4804, 4805, 4806, 4807, 4808, 4809, 4810, 4811, 4812, 4813, 4814, 4815, 4816, 4817, 4818, 4819, 4820, 4821, 4822, 4823, 4824, 4825, 4826, 4827, 4828, 4829, 4830, 4831, 4832, 4833, 4834, 4835, 4836, 4837, 4838, 4839, 4840, 4841, 4842, 4843, 4844, 4845, 4846, 4847, 4848, 4849, 4850, 4851, 4852, 4853, 4854, 4855, 4856, 4857, 4858, 4859, 4860, 4861, 4862, 4863, 4864, 4865, 4866, 4867, 4868, 4869, 4870, 4871, 4872, 4873, 4874, 4875, 4876, 4877, 4878, 4879, 4880, 4881, 4882, 4883, 4884, 4885, 4886, 4887, 4888, 4889, 4890, 4891, 4892, 4893, 4894, 4895, 4896, 4897, 4898, 4899, 4900, 4901, 4902, 4903, 4904, 4905, 4906, 4907, 4908, 4909, 4910, 4911, 4912, 4913, 4914, 4915, 4916, 4917, 4918, 4919, 4920, 4921, 4922, 4923, 4924, 4925, 4926, 4927, 4928, 4929, 4930, 4931, 4932, 4933, 4934, 4935, 4936, 4937, 4938, 4939, 4940, 4941, 4942, 4943, 4944, 4945, 4946, 4947, 4948, 4949, 4950, 4951, 4952, 4953, 4954, 4955, 4956, 4957, 4958, 4959, 4960, 4961, 4962, 4963, 4964, 4965, 4966, 4967, 4968, 4969, 4970, 4971, 4972, 4973, 4974, 4975, 4976, 4977, 4978, 4979]
                }
                dictionary r00002 = {
                    dictionary group = {
                        int finger = 2
                    }
                    string name = "b2"
                    int[] tet_indices = [4980, 4981, 4982, 4983, 4984, 4985, 4986, 4987, 4988, 4989, 4990, 4991, 4992, 4993, 4994, 4995, 4996, 4997, 4998, 4999, 5000, 5001, 5002, 5003, 5004, 5005, 5006, 5007, 5008, 5009, 5010, 5011, 5012, 5013, 5014, 5015, 5016, 5017, 5018, 5019, 5020, 5021, 5022, 5023, 5024, 5025, 5026, 5027, 5028, 5029, 5030, 5031, 5032, 5033, 5034, 5035, 5036, 5037, 5038, 5039, 5040, 5041, 5042, 5043, 5044, 5045, 5046, 5047, 5048, 5049, 5050, 5051, 5052, 5053, 5054, 5055, 5056, 5057, 5058, 5059, 5060, 5061, 5062, 5063, 5064, 5065, 5066, 5067, 5068, 5069, 5070, 5071, 5072, 5073, 5074, 5075, 5076, 5077, 5078, 5079, 5080, 5081, 5082, 5083, 5084, 5085, 5086, 5087, 5088, 5089, 5090, 5091, 5092, 5093, 5094, 5095, 5096, 5097, 5098, 5099, 5100, 5101, 5102, 5103, 5104, 5105, 5106, 5107, 5108, 5109, 5110, 5111, 5112, 5113, 5114, 5115, 5116, 5117, 5118, 5119, 5120, 5121, 5122, 5123, 5124, 5125, 5126, 5127, 5128, 5129, 5130, 5131, 5132, 5133, 5134, 5135, 5136, 5137, 5138, 5139, 5140, 5141, 5142, 5143, 5144, 5145, 5146, 5147, 5148, 5149, 5150, 5151, 5152, 5153, 5154, 5155, 5156, 5157, 5158, 5159, 5160, 5161, 5162, 5163, 5164, 5165, 5166, 5167, 5168, 5169, 5170, 5171, 5172, 5173, 5174, 5175, 5176, 5177, 5178, 5179, 5180, 5181, 5182, 5183, 5184, 5185, 5186, 5187, 5188, 5189, 5190, 5191, 5192, 5193, 5194, 5195, 5196, 5197, 5198, 5199, 5200, 5201, 5202, 5203, 5204, 5205, 5206, 5207, 5208, 5209, 5210, 5211, 5212, 5213, 5214, 5215, 5216, 5217, 5218, 5219, 5220, 5221, 5222, 5223, 5224, 5225, 5226, 5227, 5228, 5229, 5230, 5231, 5232, 5233, 5234, 5235, 5236, 5237, 5238, 5239, 5240, 5241, 5242, 5243, 5244, 5245, 5246, 5247, 5248, 5249, 5250, 5251, 5252, 5253, 5254, 5255, 5256, 5257, 5258, 5259, 5260, 5261, 5262, 5263, 5264, 5265, 5266, 5267, 5268, 5269, 5270, 5271, 5272, 5273, 5274, 5275, 5276, 5277, 5278, 5279, 5280, 5281, 5282, 5283, 5284, 5285, 5286, 5287, 5288, 5289, 5290, 5291, 5292, 5293, 5294, 5295, 5296, 5297, 5298, 5299, 5300, 5301, 5302, 5303, 5304, 5305, 5306, 5307, 5308, 5309, 5310, 5311, 5312, 5313, 5314, 5315, 5316, 5317, 5318, 5319, 5320, 5321, 5322, 5323, 5324, 5325, 5326, 5327, 5328, 5329, 5330, 5331, 5332, 5333, 5334, 5335, 5336, 5337, 5338, 5339, 5340, 5341, 5342, 5343, 5344, 5345, 5346, 5347, 5348, 5349, 5350, 5351, 5352, 5353, 5354, 5355, 5356, 5357, 5358, 5359, 5360, 5361, 5362, 5363, 5364, 5365, 5366, 5367, 5368, 5369, 5370, 5371, 5372, 5373, 5374, 5375, 5376, 5377, 5378, 5379, 5380, 5381, 5382, 5383, 5384, 5385, 5386, 5387, 5388, 5389, 5390, 5391, 5392, 5393, 5394, 5395, 5396, 5397, 5398, 5399, 5400, 5401, 5402, 5403, 5404, 5405, 5406, 5407, 5408, 5409, 5410, 5411, 5412, 5413, 5414, 5415, 5416, 5417, 5418, 5419, 5420, 5421, 5422, 5423, 5424, 5425, 5426, 5427, 5428, 5429, 5430, 5431, 5432, 5433, 5434, 5435, 5436, 5437, 5438, 5439, 5440, 5441, 5442, 5443, 5444, 5445, 5446, 5447, 5448, 5449, 5450, 5451, 5452, 5453, 5454, 5455, 5456, 5457, 5458, 5459, 5460, 5461, 5462, 5463, 5464, 5465, 5466, 5467, 5468, 5469, 5470, 5471, 5472, 5473, 5474, 5475, 5476, 5477, 5478, 5479, 5480, 5481, 5482, 5483, 5484, 5485, 5486, 5487, 5488, 5489, 5490, 5491, 5492, 5493, 5494, 5495, 5496, 5497, 5498, 5499, 5500, 5501, 5502, 5503, 5504, 5505, 5506, 5507, 5508, 5509, 5510, 5511, 5512, 5513, 5514, 5515, 5516, 5517, 5518, 5519, 5520, 5521, 5522, 5523, 5524, 5525, 5526, 5527, 5528, 5529, 5530, 5531, 5532, 5533, 5534, 5535, 5536, 5537, 5538, 5539, 5540, 5541, 5542, 5543, 5544, 5545, 5546, 5547, 5548, 5549, 5550, 5551, 5552, 5553, 5554, 5555, 5556, 5557, 5558, 5559, 5560, 5561, 5562, 5563, 5564, 5565, 5566, 5567, 5568, 5569, 5570, 5571, 5572, 5573, 5574, 5575, 5576, 5577, 5578, 5579, 5580, 5581, 5582, 5583, 5584, 5585, 5586, 5587, 5588, 5589, 5590, 5591, 5592, 5593, 5594, 5595, 5596, 5597, 5598, 5599, 5600, 5601, 5602, 5603, 5604, 5605, 5606, 5607, 5608, 5609, 5610, 5611, 5612, 5613, 5614, 5615, 5616, 5617, 5618, 5619, 5620, 5621, 5623, 5625, 5626, 5628, 5630, 5631, 5633, 5635, 5636, 5638, 5640, 5641, 5643, 5645, 5646, 5648, 5650, 5651, 5653, 5655, 5656, 5658, 5660, 5661, 5663, 5665, 5666, 5668, 5670, 5671, 5673, 5675, 5676, 5678, 5680, 5681, 5683, 5685, 5686, 5688, 5690, 5691, 5693, 5695, 5696, 5698, 5700, 5701, 5703, 5705, 5706, 5708, 5710, 5711, 5713, 5715, 5716, 5718, 5720, 5721, 5723, 5725, 5726, 5728, 5730, 5731, 5733, 5735, 5736, 5738, 5740, 5741, 5743, 5745, 5746, 5748, 5750, 5751, 5753, 5755, 5756, 5758, 5760, 5761, 5763, 5765, 5766, 5768, 5770, 5771, 5773, 5775, 5776, 5778, 5780, 5781, 5783, 5785, 5786, 5788, 5790, 5791, 5793, 5795, 5796, 5798, 5800, 5801, 5803, 5805, 5806, 5808, 5810, 5811, 5813, 5815, 5816, 5818, 5820, 5821, 5823, 5825, 5826, 5828, 5830, 5831, 5833, 5835, 5836, 5838, 5840, 5841, 5843, 5845, 5846, 5848, 5850, 5851, 5853, 5855, 5856, 5858, 5860, 5861, 5863, 5865, 5866, 5868, 5870, 5871, 5873, 5875, 5876, 5878, 5880, 5881, 5883, 5885, 5886, 5888, 5890, 5891, 5893, 5895, 5896, 5898, 5900, 5901, 5903, 5905, 5906, 5908, 5910, 5911, 5913, 5915, 5916, 5918, 5920, 5921, 5923, 5925, 5926, 5928, 5930, 5931, 5933, 5935, 5936, 5938, 6580, 6581, 6582, 6583, 6584, 6585, 6586, 6587, 6588, 6589, 6590, 6591, 6592, 6593, 6594, 6595, 6596, 6597, 6598, 6599, 6600, 6601, 6602, 6603, 6604, 6605, 6606, 6607, 6608, 6609, 6610, 6611, 6612, 6613, 6614, 6615, 6616, 6617, 6618, 6619, 6620, 6621, 6622, 6623, 6624, 6625, 6626, 6627, 6628, 6629, 6630, 6631, 6632, 6633, 6634, 6635, 6636, 6637, 6638, 6639, 6640, 6641, 6642, 6643, 6644, 6645, 6646, 6647, 6648, 6649, 6650, 6651, 6652, 6653, 6654, 6655, 6656, 6657, 6658, 6659, 6660, 6661, 6662, 6663, 6664, 6665, 6666, 6667, 6668, 6669, 6670, 6671, 6672, 6673, 6674, 6675, 6676, 6677, 6678, 6679, 6680, 6681, 6682, 6683, 6684, 6685, 6686, 6687, 6688, 6689, 6690, 6691, 6692, 6693, 6694, 6695, 6696, 6697, 6698, 6699, 6700, 6701, 6702, 6703, 6704, 6705, 6706, 6707, 6708, 6709, 6710, 6711, 6712, 6713, 6714, 6715, 6716, 6717, 6718, 6719, 6720, 6721, 6722, 6723, 6724, 6725, 6726, 6727, 6728, 6729, 6730, 6731, 6732, 6733, 6734, 6735, 6736, 6737, 6738, 6739, 6740, 6741, 6742, 6743, 6744, 6745, 6746, 6747, 6748, 6749, 6750, 6751, 6752, 6753, 6754, 6755, 6756, 6757, 6758, 6759, 6760, 6761, 6762, 6763, 6764, 6765, 6766, 6767, 6768, 6769, 6770, 6771, 6772, 6773, 6774, 6775, 6776, 6777, 6778, 6779, 6780, 6781, 6782, 6783, 6784, 6785, 6786, 6787, 6788, 6789, 6790, 6791, 6792, 6793, 6794, 6795, 6796, 6797, 6798, 6799, 6800, 6801, 6802, 6803, 6804, 6805, 6806, 6807, 6808, 6809, 6810, 6811, 6812, 6813, 6814, 6815, 6816, 6817, 6818, 6819]
                }
                dictionary r00003 = {
                    dictionary group = {
                        int finger = 3
                    }
                    string name = "b3"
                    int[] tet_indices = [6820, 6821, 6822, 6823, 6824, 6825, 6826, 6827, 6828, 6829, 6830, 6831, 6832, 6833, 6834, 6835, 6836, 6837, 6838, 6839, 6840, 6841, 6842, 6843, 6844, 6845, 6846, 6847, 6848, 6849, 6850, 6851, 6852, 6853, 6854, 6855, 6856, 6857, 6858, 6859, 6860, 6861, 6862, 6863, 6864, 6865, 6866, 6867, 6868, 6869, 6870, 6871, 6872, 6873, 6874, 6875, 6876, 6877, 6878, 6879, 6880, 6881, 6882, 6883, 6884, 6885, 6886, 6887, 6888, 6889, 6890, 6891, 6892, 6893, 6894, 6895, 6896, 6897, 6898, 6899, 6900, 6901, 6902, 6903, 6904, 6905, 6906, 6907, 6908, 6909, 6910, 6911, 6912, 6913, 6914, 6915, 6916, 6917, 6918, 6919, 6920, 6921, 6922, 6923, 6924, 6925, 6926, 6927, 6928, 6929, 6930, 6931, 6932, 6933, 6934, 6935, 6936, 6937, 6938, 6939, 6940, 6941, 6942, 6943, 6944, 6945, 6946, 6947, 6948, 6949, 6950, 6951, 6952, 6953, 6954, 6955, 6956, 6957, 6958, 6959, 6960, 6961, 6962, 6963, 6964, 6965, 6966, 6967, 6968, 6969, 6970, 6971, 6972, 6973, 6974, 6975, 6976, 6977, 6978, 6979, 6980, 6981, 6982, 6983, 6984, 6985, 6986, 6987, 6988, 6989, 6990, 6991, 6992, 6993, 6994, 6995, 6996, 6997, 6998, 6999, 7000, 7001, 7002, 7003, 7004, 7005, 7006, 7007, 7008, 7009, 7010, 7011, 7012, 7013, 7014, 7015, 7016, 7017, 7018, 7019, 7020, 7021, 7022, 7023, 7024, 7025, 7026, 7027, 7028, 7029, 7030, 7031, 7032, 7033, 7034, 7035, 7036, 7037, 7038, 7039, 7040, 7041, 7042, 7043, 7044, 7045, 7046, 7047, 7048, 7049, 7050, 7051, 7052, 7053, 7054, 7055, 7056, 7057, 7058, 7059, 7060, 7061, 7062, 7063, 7064, 7065, 7066, 7067, 7068, 7069, 7070, 7071, 7072, 7073, 7074, 7075, 7076, 7077, 7078, 7079, 7080, 7081, 7082, 7083, 7084, 7085, 7086, 7087, 7088, 7089, 7090, 7091, 7092, 7093, 7094, 7095, 7096, 7097, 7098, 7099, 7100, 7101, 7102, 7103, 7104, 7105, 7106, 7107, 7108, 7109, 7110, 7111, 7112, 7113, 7114, 7115, 7116, 7117, 7118, 7119, 7120, 7121, 7122, 7123, 7124, 7125, 7126, 7127, 7128, 7129, 7130, 7131, 7132, 7133, 7134, 7135, 7136, 7137, 7138, 7139, 7140, 7141, 7142, 7143, 7144, 7145, 7146, 7147, 7148, 7149, 7150, 7151, 7152, 7153, 7154, 7155, 7156, 7157, 7158, 7159, 7160, 7161, 7162, 7163, 7164, 7165, 7166, 7167, 7168, 7169, 7170, 7171, 7172, 7173, 7174, 7175, 7176, 7177, 7178, 7179, 7180, 7181, 7182, 7183, 7184, 7185, 7186, 7187, 7188, 7189, 7190, 7191, 7192, 7193, 7194, 7195, 7196, 7197, 7198, 7199, 7200, 7201, 7202, 7203, 7204, 7205, 7206, 7207, 7208, 7209, 7210, 7211, 7212, 7213, 7214, 7215, 7216, 7217, 7218, 7219, 7220, 7221, 7222, 7223, 7224, 7225, 7226, 7227, 7228, 7229, 7230, 7231, 7232, 7233, 7234, 7235, 7236, 7237, 7238, 7239, 7240, 7241, 7242, 7243, 7244, 7245, 7246, 7247, 7248, 7249, 7250, 7251, 7252, 7253, 7254, 7255, 7256, 7257, 7258, 7259, 7260, 7261, 7262, 7263, 7264, 7265, 7266, 7267, 7268, 7269, 7270, 7271, 7272, 7273, 7274, 7275, 7276, 7277, 7278, 7279, 7280, 7281, 7282, 7283, 7284, 7285, 7286, 7287, 7288, 7289, 7290, 7291, 7292, 7293, 7294, 7295, 7296, 7297, 7298, 7299, 7300, 7301, 7302, 7303, 7304, 7305, 7306, 7307, 7308, 7309, 7310, 7311, 7312, 7313, 7314, 7315, 7316, 7317, 7318, 7319, 7320, 7321, 7322, 7323, 7324, 7325, 7326, 7327, 7328, 7329, 7330, 7331, 7332, 7333, 7334, 7335, 7336, 7337, 7338, 7339, 7340, 7341, 7342, 7343, 7344, 7345, 7346, 7347, 7348, 7349, 7350, 7351, 7352, 7353, 7354, 7355, 7356, 7357, 7358, 7359, 7360, 7361, 7362, 7363, 7364, 7365, 7366, 7367, 7368, 7369, 7370, 7371, 7372, 7373, 7374, 7375, 7376, 7377, 7378, 7379, 7380, 7381, 7382, 7383, 7384, 7385, 7386, 7387, 7388, 7389, 7390, 7391, 7392, 7393, 7394, 7395, 7396, 7397, 7398, 7399, 7400, 7401, 7402, 7403, 7404, 7405, 7406, 7407, 7408, 7409, 7410, 7411, 7412, 7413, 7414, 7415, 7416, 7417, 7418, 7419, 7420, 7421, 7422, 7423, 7424, 7425, 7426, 7427, 7428, 7429, 7430, 7431, 7432, 7433, 7434, 7435, 7436, 7437, 7438, 7439, 7440, 7441, 7442, 7443, 7444, 7445, 7446, 7447, 7448, 7449, 7450, 7451, 7452, 7453, 7454, 7455, 7456, 7457, 7458, 7459, 7460, 7461, 7463, 7465, 7466, 7468, 7470, 7471, 7473, 7475, 7476, 7478, 7480, 7481, 7483, 7485, 7486, 7488, 7490, 7491, 7493, 7495, 7496, 7498, 7500, 7501, 7503, 7505, 7506, 7508, 7510, 7511, 7513, 7515, 7516, 7518, 7520, 7521, 7523, 7525, 7526, 7528, 7530, 7531, 7533, 7535, 7536, 7538, 7540, 7541, 7543, 7545, 7546, 7548, 7550, 7551, 7553, 7555, 7556, 7558, 7560, 7561, 7563, 7565, 7566, 7568, 7570, 7571, 7573, 7575, 7576, 7578, 7580, 7581, 7583, 7585, 7586, 7588, 7590, 7591, 7593, 7595, 7596, 7598, 7600, 7601, 7603, 7605, 7606, 7608, 7610, 7611, 7613, 7615, 7616, 7618, 7620, 7621, 7623, 7625, 7626, 7628, 7630, 7631, 7633, 7635, 7636, 7638, 7640, 7641, 7643, 7645, 7646, 7648, 7650, 7651, 7653, 7655, 7656, 7658, 7660, 7661, 7663, 7665, 7666, 7668, 7670, 7671, 7673, 7675, 7676, 7678, 7680, 7681, 7683, 7685, 7686, 7688, 7690, 7691, 7693, 7695, 7696, 7698, 7700, 7701, 7703, 7705, 7706, 7708, 7710, 7711, 7713, 7715, 7716, 7718, 7720, 7721, 7723, 7725, 7726, 7728, 7730, 7731, 7733, 7735, 7736, 7738, 7740, 7741, 7743, 7745, 7746, 7748, 7750, 7751, 7753, 7755, 7756, 7758, 7760, 7761, 7763, 7765, 7766, 7768, 7770, 7771, 7773, 7775, 7776, 7778, 8420, 8421, 8422, 8423, 8424, 8425, 8426, 8427, 8428, 8429, 8430, 8431, 8432, 8433, 8434, 8435, 8436, 8437, 8438, 8439, 8440, 8441, 8442, 8443, 8444, 8445, 8446, 8447, 8448, 8449, 8450, 8451, 8452, 8453, 8454, 8455, 8456, 8457, 8458, 8459, 8460, 8461, 8462, 8463, 8464, 8465, 8466, 8467, 8468, 8469, 8470, 8471, 8472, 8473, 8474, 8475, 8476, 8477, 8478, 8479, 8480, 8481, 8482, 8483, 8484, 8485, 8486, 8487, 8488, 8489, 8490, 8491, 8492, 8493, 8494, 8495, 8496, 8497, 8498, 8499, 8500, 8501, 8502, 8503, 8504, 8505, 8506, 8507, 8508, 8509, 8510, 8511, 8512, 8513, 8514, 8515, 8516, 8517, 8518, 8519, 8520, 8521, 8522, 8523, 8524, 8525, 8526, 8527, 8528, 8529, 8530, 8531, 8532, 8533, 8534, 8535, 8536, 8537, 8538, 8539, 8540, 8541, 8542, 8543, 8544, 8545, 8546, 8547, 8548, 8549, 8550, 8551, 8552, 8553, 8554, 8555, 8556, 8557, 8558, 8559, 8560, 8561, 8562, 8563, 8564, 8565, 8566, 8567, 8568, 8569, 8570, 8571, 8572, 8573, 8574, 8575, 8576, 8577, 8578, 8579, 8580, 8581, 8582, 8583, 8584, 8585, 8586, 8587, 8588, 8589, 8590, 8591, 8592, 8593, 8594, 8595, 8596, 8597, 8598, 8599, 8600, 8601, 8602, 8603, 8604, 8605, 8606, 8607, 8608, 8609, 8610, 8611, 8612, 8613, 8614, 8615, 8616, 8617, 8618, 8619, 8620, 8621, 8622, 8623, 8624, 8625, 8626, 8627, 8628, 8629, 8630, 8631, 8632, 8633, 8634, 8635, 8636, 8637, 8638, 8639, 8640, 8641, 8642, 8643, 8644, 8645, 8646, 8647, 8648, 8649, 8650, 8651, 8652, 8653, 8654, 8655, 8656, 8657, 8658, 8659]
                }
                dictionary r00004 = {
                    dictionary group = {
                        int finger = 4
                    }
                    string name = "b4"
                    int[] tet_indices = [8660, 8661, 8662, 8663, 8664, 8665, 8666, 8667, 8668, 8669, 8670, 8671, 8672, 8673, 8674, 8675, 8676, 8677, 8678, 8679, 8680, 8681, 8682, 8683, 8684, 8685, 8686, 8687, 8688, 8689, 8690, 8691, 8692, 8693, 8694, 8695, 8696, 8697, 8698, 8699, 8700, 8701, 8702, 8703, 8704, 8705, 8706, 8707, 8708, 8709, 8710, 8711, 8712, 8713, 8714, 8715, 8716, 8717, 8718, 8719, 8720, 8721, 8722, 8723, 8724, 8725, 8726, 8727, 8728, 8729, 8730, 8731, 8732, 8733, 8734, 8735, 8736, 8737, 8738, 8739, 8740, 8741, 8742, 8743, 8744, 8745, 8746, 8747, 8748, 8749, 8750, 8751, 8752, 8753, 8754, 8755, 8756, 8757, 8758, 8759, 8760, 8761, 8762, 8763, 8764, 8765, 8766, 8767, 8768, 8769, 8770, 8771, 8772, 8773, 8774, 8775, 8776, 8777, 8778, 8779, 8780, 8781, 8782, 8783, 8784, 8785, 8786, 8787, 8788, 8789, 8790, 8791, 8792, 8793, 8794, 8795, 8796, 8797, 8798, 8799, 8800, 8801, 8802, 8803, 8804, 8805, 8806, 8807, 8808, 8809, 8810, 8811, 8812, 8813, 8814, 8815, 8816, 8817, 8818, 8819, 8820, 8821, 8822, 8823, 8824, 8825, 8826, 8827, 8828, 8829, 8830, 8831, 8832, 8833, 8834, 8835, 8836, 8837, 8838, 8839, 8840, 8841, 8842, 8843, 8844, 8845, 8846, 8847, 8848, 8849, 8850, 8851, 8852, 8853, 8854, 8855, 8856, 8857, 8858, 8859, 8860, 8861, 8862, 8863, 8864, 8865, 8866, 8867, 8868, 8869, 8870, 8871, 8872, 8873, 8874, 8875, 8876, 8877, 8878, 8879, 8880, 8881, 8882, 8883, 8884, 8885, 8886, 8887, 8888, 8889, 8890, 8891, 8892, 8893, 8894, 8895, 8896, 8897, 8898, 8899, 8900, 8901, 8902, 8903, 8904, 8905, 8906, 8907, 8908, 8909, 8910, 8911, 8912, 8913, 8914, 8915, 8916, 8917, 8918, 8919, 8920, 8921, 8922, 8923, 8924, 8925, 8926, 8927, 8928, 8929, 8930, 8931, 8932, 8933, 8934, 8935, 8936, 8937, 8938, 8939, 8940, 8941, 8942, 8943, 8944, 8945, 8946, 8947, 8948, 8949, 8950, 8951, 8952, 8953, 8954, 8955, 8956, 8957, 8958, 8959, 8960, 8961, 8962, 8963, 8964, 8965, 8966, 8967, 8968, 8969, 8970, 8971, 8972, 8973, 8974, 8975, 8976, 8977, 8978, 8979, 8980, 8981, 8982, 8983, 8984, 8985, 8986, 8987, 8988, 8989, 8990, 8991, 8992, 8993, 8994, 8995, 8996, 8997, 8998, 8999, 9000, 9001, 9002, 9003, 9004, 9005, 9006, 9007, 9008, 9009, 9010, 9011, 9012, 9013, 9014, 9015, 9016, 9017, 9018, 9019, 9020, 9021, 9022, 9023, 9024, 9025, 9026, 9027, 9028, 9029, 9030, 9031, 9032, 9033, 9034, 9035, 9036, 9037, 9038, 9039, 9040, 9041, 9042, 9043, 9044, 9045, 9046, 9047, 9048, 9049, 9050, 9051, 9052, 9053, 9054, 9055, 9056, 9057, 9058, 9059, 9060, 9061, 9062, 9063, 9064, 9065, 9066, 9067, 9068, 9069, 9070, 9071, 9072, 9073, 9074, 9075, 9076, 9077, 9078, 9079, 9080, 9081, 9082, 9083, 9084, 9085, 9086, 9087, 9088, 9089, 9090, 9091, 9092, 9093, 9094, 9095, 9096, 9097, 9098, 9099, 9100, 9101, 9102, 9103, 9104, 9105, 9106, 9107, 9108, 9109, 9110, 9111, 9112, 9113, 9114, 9115, 9116, 9117, 9118, 9119, 9120, 9121, 9122, 9123, 9124, 9125, 9126, 9127, 9128, 9129, 9130, 9131, 9132, 9133, 9134, 9135, 9136, 9137, 9138, 9139, 9140, 9141, 9142, 9143, 9144, 9145, 9146, 9147, 9148, 9149, 9150, 9151, 9152, 9153, 9154, 9155, 9156, 9157, 9158, 9159, 9160, 9161, 9162, 9163, 9164, 9165, 9166, 9167, 9168, 9169, 9170, 9171, 9172, 9173, 9174, 9175, 9176, 9177, 9178, 9179, 9180, 9181, 9182, 9183, 9184, 9185, 9186, 9187, 9188, 9189, 9190, 9191, 9192, 9193, 9194, 9195, 9196, 9197, 9198, 9199, 9200, 9201, 9202, 9203, 9204, 9205, 9206, 9207, 9208, 9209, 9210, 9211, 9212, 9213, 9214, 9215, 9216, 9217, 9218, 9219, 9220, 9221, 9222, 9223, 9224, 9225, 9226, 9227, 9228, 9229, 9230, 9231, 9232, 9233, 9234, 9235, 9236, 9237, 9238, 9239, 9240, 9241, 9242, 9243, 9244, 9245, 9246, 9247, 9248, 9249, 9250, 9251, 9252, 9253, 9254, 9255, 9256, 9257, 9258, 9259, 9260, 9261, 9262, 9263, 9264, 9265, 9266, 9267, 9268, 9269, 9270, 9271, 9272, 9273, 9274, 9275, 9276, 9277, 9278, 9279, 9280, 9281, 9282, 9283, 9284, 9285, 9286, 9287, 9288, 9289, 9290, 9291, 9292, 9293, 9294, 9295, 9296, 9297, 9298, 9299, 9300, 9301, 9303, 9305, 9306, 9308, 9310, 9311, 9313, 9315, 9316, 9318, 9320, 9321, 9323, 9325, 9326, 9328, 9330, 9331, 9333, 9335, 9336, 9338, 9340, 9341, 9343, 9345, 9346, 9348, 9350, 9351, 9353, 9355, 9356, 9358, 9360, 9361, 9363, 9365, 9366, 9368, 9370, 9371, 9373, 9375, 9376, 9378, 9380, 9381, 9383, 9385, 9386, 9388, 9390, 9391, 9393, 9395, 9396, 9398, 9400, 9401, 9403, 9405, 9406, 9408, 9410, 9411, 9413, 9415, 9416, 9418, 9420, 9421, 9423, 9425, 9426, 9428, 9430, 9431, 9433, 9435, 9436, 9438, 9440, 9441, 9443, 9445, 9446, 9448, 9450, 9451, 9453, 9455, 9456, 9458, 9460, 9461, 9463, 9465, 9466, 9468, 9470, 9471, 9473, 9475, 9476, 9478, 9480, 9481, 9483, 9485, 9486, 9488, 9490, 9491, 9493, 9495, 9496, 9498, 9500, 9501, 9503, 9505, 9506, 9508, 9510, 9511, 9513, 9515, 9516, 9518, 9520, 9521, 9523, 9525, 9526, 9528, 9530, 9531, 9533, 9535, 9536, 9538, 9540, 9541, 9543, 9545, 9546, 9548, 9550, 9551, 9553, 9555, 9556, 9558, 9560, 9561, 9563, 9565, 9566, 9568, 9570, 9571, 9573, 9575, 9576, 9578, 9580, 9581, 9583, 9585, 9586, 9588, 9590, 9591, 9593, 9595, 9596, 9598, 9600, 9601, 9603, 9605, 9606, 9608, 9610, 9611, 9613, 9615, 9616, 9618, 10260, 10261, 10262, 10263, 10264, 10265, 10266, 10267, 10268, 10269, 10270, 10271, 10272, 10273, 10274, 10275, 10276, 10277, 10278, 10279, 10280, 10281, 10282, 10283, 10284, 10285, 10286, 10287, 10288, 10289, 10290, 10291, 10292, 10293, 10294, 10295, 10296, 10297, 10298, 10299, 10300, 10301, 10302, 10303, 10304, 10305, 10306, 10307, 10308, 10309, 10310, 10311, 10312, 10313, 10314, 10315, 10316, 10317, 10318, 10319, 10320, 10321, 10322, 10323, 10324, 10325, 10326, 10327, 10328, 10329, 10330, 10331, 10332, 10333, 10334, 10335, 10336, 10337, 10338, 10339, 10340, 10341, 10342, 10343, 10344, 10345, 10346, 10347, 10348, 10349, 10350, 10351, 10352, 10353, 10354, 10355, 10356, 10357, 10358, 10359, 10360, 10361, 10362, 10363, 10364, 10365, 10366, 10367, 10368, 10369, 10370, 10371, 10372, 10373, 10374, 10375, 10376, 10377, 10378, 10379, 10380, 10381, 10382, 10383, 10384, 10385, 10386, 10387, 10388, 10389, 10390, 10391, 10392, 10393, 10394, 10395, 10396, 10397, 10398, 10399, 10400, 10401, 10402, 10403, 10404, 10405, 10406, 10407, 10408, 10409, 10410, 10411, 10412, 10413, 10414, 10415, 10416, 10417, 10418, 10419, 10420, 10421, 10422, 10423, 10424, 10425, 10426, 10427, 10428, 10429, 10430, 10431, 10432, 10433, 10434, 10435, 10436, 10437, 10438, 10439, 10440, 10441, 10442, 10443, 10444, 10445, 10446, 10447, 10448, 10449, 10450, 10451, 10452, 10453, 10454, 10455, 10456, 10457, 10458, 10459, 10460, 10461, 10462, 10463, 10464, 10465, 10466, 10467, 10468, 10469, 10470, 10471, 10472, 10473, 10474, 10475, 10476, 10477, 10478, 10479, 10480, 10481, 10482, 10483, 10484, 10485, 10486, 10487, 10488, 10489, 10490, 10491, 10492, 10493, 10494, 10495, 10496, 10497, 10498, 10499]
                }
                dictionary r00005 = {
                    dictionary group = {
                        int junction = 1
                    }
                    string name = "junction"
                    int[] tet_indices = [0, 1, 2, 3, 4, 5, 6, 7, 8, 9, 10, 11, 12, 13, 14, 15, 16, 17, 18, 19, 20, 21, 22, 23, 24, 25, 26, 27, 28, 29, 30, 31, 32, 33, 34, 35, 36, 37, 38, 39, 40, 41, 42, 43, 44, 45, 46, 47, 48, 49, 50, 51, 52, 53, 54, 55, 56, 57, 58, 59, 60, 61, 62, 63, 64, 65, 66, 67, 68, 69, 70, 71, 72, 73, 74, 75, 76, 77, 78, 79, 80, 81, 82, 83, 84, 85, 86, 87, 88, 89, 90, 91, 92, 93, 94, 95, 96, 97, 98, 99, 100, 101, 102, 103, 104, 105, 106, 107, 108, 109, 110, 111, 112, 113, 114, 115, 116, 117, 118, 119, 120, 121, 122, 123, 124, 125, 126, 127, 128, 129, 130, 131, 132, 133, 134, 135, 136, 137, 138, 139, 140, 141, 142, 143, 144, 145, 146, 147, 148, 149, 150, 151, 152, 153, 154, 155, 156, 157, 158, 159, 160, 161, 162, 163, 164, 165, 166, 167, 168, 169, 170, 171, 172, 173, 174, 175, 176, 177, 178, 179, 180, 181, 182, 183, 184, 185, 186, 187, 188, 189, 190, 191, 192, 193, 194, 195, 196, 197, 198, 199, 200, 201, 202, 203, 204, 205, 206, 207, 208, 209, 210, 211, 212, 213, 214, 215, 216, 217, 218, 219, 220, 221, 222, 223, 224, 225, 226, 227, 228, 229, 230, 231, 232, 233, 234, 235, 236, 237, 238, 239, 240, 241, 242, 243, 244, 245, 246, 247, 248, 249, 250, 251, 252, 253, 254, 255, 256, 257, 258, 259, 260, 261, 262, 263, 264, 265, 266, 267, 268, 269, 270, 271, 272, 273, 274, 275, 276, 277, 278, 279, 280, 281, 282, 283, 284, 285, 286, 287, 288, 289, 290, 291, 292, 293, 294, 295, 296, 297, 298, 299, 300, 301, 302, 303, 304, 305, 306, 307, 308, 309, 310, 311, 312, 313, 314, 315, 316, 317, 318, 319, 320, 321, 322, 323, 324, 325, 326, 327, 328, 329, 330, 331, 332, 333, 334, 335, 336, 337, 338, 339, 340, 341, 342, 343, 344, 345, 346, 347, 348, 349, 350, 351, 352, 353, 354, 355, 356, 357, 358, 359, 360, 361, 362, 363, 364, 365, 366, 367, 368, 369, 370, 371, 372, 373, 374, 375, 376, 377, 378, 379, 380, 381, 382, 383, 384, 385, 386, 387, 388, 389, 390, 391, 392, 393, 394, 395, 396, 397, 398, 399, 400, 401, 402, 403, 404, 405, 406, 407, 408, 409, 410, 411, 412, 413, 414, 415, 416, 417, 418, 419, 420, 421, 422, 423, 424, 425, 426, 427, 428, 429, 430, 431, 432, 433, 434, 435, 436, 437, 438, 439, 440, 441, 442, 443, 444, 445, 446, 447, 448, 449, 450, 451, 452, 453, 454, 455, 456, 457, 458, 459, 460, 461, 462, 463, 464, 465, 466, 467, 468, 469, 470, 471, 472, 473, 474, 475, 476, 477, 478, 479, 480, 481, 482, 483, 484, 485, 486, 487, 488, 489, 490, 491, 492, 493, 494, 495, 496, 497, 498, 499, 500, 501, 502, 503, 504, 505, 506, 507, 508, 509, 510, 511, 512, 513, 514, 515, 516, 517, 518, 519, 520, 521, 522, 523, 524, 525, 526, 527, 528, 529, 530, 531, 532, 533, 534, 535, 536, 537, 538, 539, 540, 541, 542, 543, 544, 545, 546, 547, 548, 549, 550, 551, 552, 553, 554, 555, 556, 557, 558, 559, 560, 561, 562, 563, 564, 565, 566, 567, 568, 569, 570, 571, 572, 573, 574, 575, 576, 577, 578, 579, 580, 581, 582, 583, 584, 585, 586, 587, 588, 589, 590, 591, 592, 593, 594, 595, 596, 597, 598, 599, 600, 601, 602, 603, 604, 605, 606, 607, 608, 609, 610, 611, 612, 613, 614, 615, 616, 617, 618, 619, 620, 621, 622, 623, 624, 625, 626, 627, 628, 629, 630, 631, 632, 633, 634, 635, 636, 637, 638, 639, 640, 641, 642, 643, 644, 645, 646, 647, 648, 649, 650, 651, 652, 653, 654, 655, 656, 657, 658, 659, 660, 661, 662, 663, 664, 665, 666, 667, 668, 669, 670, 671, 672, 673, 674, 675, 676, 677, 678, 679, 680, 681, 682, 683, 684, 685, 686, 687, 688, 689, 690, 691, 692, 693, 694, 695, 696, 697, 698, 699, 700, 701, 702, 703, 704, 705, 706, 707, 708, 709, 710, 711, 712, 713, 714, 715, 716, 717, 718, 719, 720, 721, 722, 723, 724, 725, 726, 727, 728, 729, 730, 731, 732, 733, 734, 735, 736, 737, 738, 739, 740, 741, 742, 743, 744, 745, 746, 747, 748, 749, 750, 751, 752, 753, 754, 755, 756, 757, 758, 759, 760, 761, 762, 763, 764, 765, 766, 767, 768, 769, 770, 771, 772, 773, 774, 775, 776, 777, 778, 779, 780, 781, 782, 783, 784, 785, 786, 787, 788, 789, 790, 791, 792, 793, 794, 795, 796, 797, 798, 799, 800, 801, 802, 803, 804, 805, 806, 807, 808, 809, 810, 811, 812, 813, 814, 815, 816, 817, 818, 819, 820, 821, 822, 823, 824, 825, 826, 827, 828, 829, 830, 831, 832, 833, 834, 835, 836, 837, 838, 839, 840, 841, 842, 843, 844, 845, 846, 847, 848, 849, 850, 851, 852, 853, 854, 855, 856, 857, 858, 859, 860, 861, 862, 863, 864, 865, 866, 867, 868, 869, 870, 871, 872, 873, 874, 875, 876, 877, 878, 879, 880, 881, 882, 883, 884, 885, 886, 887, 888, 889, 890, 891, 892, 893, 894, 895, 896, 897, 898, 899, 900, 901, 902, 903, 904, 905, 906, 907, 908, 909, 910, 911, 912, 913, 914, 915, 916, 917, 918, 919, 920, 921, 922, 923, 924, 925, 926, 927, 928, 929, 930, 931, 932, 933, 934, 935, 936, 937, 938, 939, 940, 941, 942, 943, 944, 945, 946, 947, 948, 949, 950, 951, 952, 953, 954, 955, 956, 957, 958, 959, 960, 961, 962, 963, 964, 965, 966, 967, 968, 969, 970, 971, 972, 973, 974, 975, 976, 977, 978, 979, 980, 981, 982, 983, 984, 985, 986, 987, 988, 989, 990, 991, 992, 993, 994, 995, 996, 997, 998, 999, 1000, 1001, 1002, 1003, 1004, 1005, 1006, 1007, 1008, 1009, 1010, 1011, 1012, 1013, 1014, 1015, 1016, 1017, 1018, 1019, 1020, 1021, 1022, 1023, 1024, 1025, 1026, 1027, 1028, 1029, 1030, 1031, 1032, 1033, 1034, 1035, 1036, 1037, 1038, 1039, 1040, 1041, 1042, 1043, 1044, 1045, 1046, 1047, 1048, 1049, 1050, 1051, 1052, 1053, 1054, 1055, 1056, 1057, 1058, 1059, 1060, 1061, 1062, 1063, 1064, 1065, 1066, 1067, 1068, 1069, 1070, 1071, 1072, 1073, 1074, 1075, 1076, 1077, 1078, 1079, 1080, 1081, 1082, 1083, 1084, 1085, 1086, 1087, 1088, 1089, 1090, 1091, 1092, 1093, 1094, 1095, 1096, 1097, 1098, 1099, 1100, 1101, 1102, 1103, 1104, 1105, 1106, 1107, 1108, 1109, 1110, 1111, 1112, 1113, 1114, 1115, 1116, 1117, 1118, 1119, 1120, 1121, 1122, 1123, 1124, 1125, 1126, 1127, 1128, 1129, 1130, 1131, 1132, 1133, 1134, 1135, 1136, 1137, 1138, 1139, 1140, 1141, 1142, 1143, 1144, 1145, 1146, 1147, 1148, 1149, 1150, 1151, 1152, 1153, 1154, 1155, 1156, 1157, 1158, 1159, 1160, 1161, 1162, 1163, 1164, 1165, 1166, 1167, 1168, 1169, 1170, 1171, 1172, 1173, 1174, 1175, 1176, 1177, 1178, 1179, 1180, 1181, 1182, 1183, 1184, 1185, 1186, 1187, 1188, 1189, 1190, 1191, 1192, 1193, 1194, 1195, 1196, 1197, 1198, 1199, 1200, 1201, 1202, 1203, 1204, 1205, 1206, 1207, 1208, 1209, 1210, 1211, 1212, 1213, 1214, 1215, 1216, 1217, 1218, 1219, 1220, 1221, 1222, 1223, 1224, 1225, 1226, 1227, 1228, 1229, 1230, 1231, 1232, 1233, 1234, 1235, 1236, 1237, 1238, 1239, 1240, 1241, 1242, 1243, 1244, 1245, 1246, 1247, 1248, 1249, 1250, 1251, 1252, 1253, 1254, 1255, 1256, 1257, 1258, 1259, 1260, 1261, 1262, 1263, 1264, 1265, 1266, 1267, 1268, 1269, 1270, 1271, 1272, 1273, 1274, 1275, 1276, 1277, 1278, 1279, 1280, 1281, 1282, 1283, 1284, 1285, 1286, 1287, 1288, 1289, 1290, 1291, 1292, 1293, 1294, 1295, 1296, 1297, 1298, 1299]
                }
            }
            int[] spring_chamber_mask = [-1, -1, -1, -1, -1, -1, -1, -1, -1, -1, -1, -1, -1, -1, -1, -1, -1, -1, -1, -1, -1, -1, -1, -1, -1, -1, -1, -1, -1, -1, -1, -1, -1, -1, -1, -1, -1, -1, -1, -1, -1, -1, -1, -1, -1, -1, -1, -1, -1, -1, -1, -1, -1, -1, -1, -1, -1, -1, -1, -1, -1, -1, -1, -1, -1, -1, -1, -1, -1, -1, -1, -1, -1, -1, -1, -1, -1, -1, -1, -1, -1, -1, -1, -1, -1, -1, -1, -1, -1, -1, -1, -1, -1, -1, -1, -1, -1, -1, -1, -1, -1, -1, -1, -1, -1, -1, -1, -1, -1, -1, -1, -1, -1, -1, -1, -1, -1, -1, -1, -1, -1, -1, -1, -1, -1, -1, -1, -1, -1, -1, -1, -1, -1, -1, -1, -1, -1, -1, -1, -1, -1, -1, -1, -1, -1, -1, -1, -1, -1, -1, -1, -1, -1, -1, -1, -1, -1, -1, -1, -1, -1, -1, -1, -1, -1, -1, -1, -1, -1, -1, -1, -1, -1, -1, -1, -1, -1, -1, -1, -1, -1, -1, -1, -1, -1, -1, -1, -1, -1, -1, -1, -1, -1, -1, -1, -1, -1, -1, -1, -1, -1, -1, -1, -1, -1, -1, -1, -1, -1, -1, -1, -1, -1, -1, -1, -1, -1, -1, -1, -1, -1, -1, -1, -1, -1, -1, -1, -1, -1, -1, -1, -1, -1, -1, -1, -1, -1, -1, -1, -1, -1, -1, -1, 0, -1, -1, 0, 0, -1, -1, -1, 0, -1, -1, 0, 0, -1, 0, -1, -1, 0, -1, -1, 0, -1, -1, 0, 0, -1, -1, -1, -1, -1, -1, -1, -1, -1, -1, -1, -1, -1, -1, -1, -1, -1, -1, -1, -1, -1, -1, -1, -1, -1, -1, -1, -1, -1, -1, -1, -1, -1, -1, -1, -1, -1, -1, -1, -1, -1, -1, -1, -1, -1, -1, -1, -1, -1, -1, -1, -1, -1, 0, -1, -1, 0, -1, 0, 0, -1, 0, -1, -1, 0, 0, -1, 0, -1, -1, 0, 0, -1, 0, -1, -1, 0, 0, -1, -1, -1, -1, -1, -1, -1, -1, -1, -1, -1, -1, -1, -1, -1, -1, -1, -1, -1, -1, -1, -1, -1, -1, -1, -1, -1, -1, -1, -1, -1, -1, -1, -1, -1, -1, -1, -1, -1, -1, -1, -1, -1, -1, -1, -1, -1, -1, -1, -1, -1, -1, -1, 0, -1, -1, 0, 0, -1, 0, -1, 0, -1, -1, 0, 0, -1, 0, -1, -1, 0, 0, -1, 0, -1, -1, 0, 0, -1, -1, -1, -1, -1, -1, -1, -1, -1, -1, -1, -1, -1, -1, -1, -1, -1, -1, -1, -1, -1, -1, -1, -1, -1, -1, -1, -1, -1, -1, -1, -1, -1, -1, -1, -1, -1, -1, -1, -1, -1, -1, -1, -1, -1, -1, -1, -1, -1, -1, -1, -1, -1, -1, -1, -1, -1, -1, -1, -1, -1, -1, -1, -1, -1, -1, -1, -1, -1, -1, -1, -1, -1, -1, -1, -1, -1, -1, -1, -1, -1, -1, -1, -1, -1, -1, -1, -1, -1, -1, -1, -1, -1, -1, -1, -1, -1, -1, -1, -1, -1, -1, -1, -1, -1, -1, -1, -1, -1, -1, -1, -1, -1, -1, -1, -1, -1, -1, -1, -1, -1, -1, -1, -1, -1, -1, -1, -1, -1, -1, -1, -1, -1, -1, -1, -1, -1, -1, -1, -1, -1, -1, -1, -1, -1, -1, -1, -1, -1, -1, -1, -1, -1, -1, -1, -1, -1, -1, -1, -1, -1, -1, -1, -1, -1, -1, -1, -1, -1, -1, -1, -1, -1, -1, -1, -1, -1, -1, -1, -1, -1, -1, -1, -1, -1, -1, -1, -1, -1, -1, -1, -1, -1, -1, -1, -1, -1, -1, -1, -1, -1, -1, -1, -1, -1, -1, -1, -1, -1, -1, -1, -1, -1, 8, -1, -1, 8, -1, -1, 8, -1, -1, 8, 8, -1, 8, -1, -1, 8, -1, -1, 8, -1, -1, 8, 8, -1, -1, -1, -1, -1, -1, -1, -1, -1, -1, -1, -1, -1, -1, -1, -1, -1, -1, -1, -1, -1, -1, -1, -1, -1, -1, -1, -1, -1, -1, -1, -1, -1, -1, -1, -1, -1, -1, -1, -1, -1, -1, -1, -1, -1, 8, -1, -1, 8, 8, -1, 8, -1, -1, 8, 8, -1, 8, -1, -1, 8, 8, -1, 8, -1, -1, 8, 8, -1, -1, -1, -1, -1, -1, -1, -1, -1, -1, -1, -1, -1, -1, -1, -1, -1, -1, -1, -1, -1, -1, -1, -1, -1, -1, -1, -1, -1, -1, -1, -1, -1, -1, -1, -1, -1, -1, -1, -1, -1, -1, -1, -1, -1, 8, -1, -1, 8, 8, -1, 8, -1, -1, 8, 8, -1, 8, -1, -1, 8, 8, -1, 8, -1, -1, 8, 8, -1, -1, -1, -1, -1, -1, -1, -1, -1, -1, -1, -1, -1, -1, -1, -1, -1, -1, -1, -1, -1, -1, -1, -1, -1, -1, -1, -1, -1, -1, -1, -1, -1, -1, -1, -1, -1, -1, -1, -1, -1, -1, -1, -1, -1, -1, -1, -1, -1, -1, -1, -1, -1, -1, -1, -1, -1, -1, -1, -1, -1, -1, -1, -1, -1, -1, -1, -1, -1, -1, -1, -1, -1, -1, -1, -1, -1, -1, -1, -1, -1, -1, -1, -1, -1, -1, -1, -1, -1, -1, -1, -1, -1, -1, -1, -1, -1, -1, -1, -1, -1, -1, -1, -1, -1, -1, -1, -1, -1, -1, -1, -1, -1, -1, -1, -1, -1, -1, -1, -1, -1, -1, -1, -1, -1, -1, -1, -1, -1, -1, -1, -1, -1, -1, -1, -1, -1, -1, -1, -1, -1, -1, -1, -1, -1, -1, -1, -1, -1, -1, -1, -1, -1, -1, -1, -1, -1, -1, -1, -1, -1, -1, -1, -1, -1, -1, -1, -1, -1, -1, -1, -1, -1, -1, -1, -1, -1, -1, -1, -1, -1, -1, -1, -1, -1, -1, -1, -1, -1, -1, -1, -1, -1, -1, -1, -1, -1, -1, -1, -1, -1, -1, -1, -1, -1, -1, -1, -1, -1, -1, -1, -1, -1, 16, -1, -1, 16, -1, -1, 16, -1, -1, 16, 16, -1, 16, -1, -1, 16, -1, -1, 16, -1, -1, 16, 16, -1, -1, -1, -1, -1, -1, -1, -1, -1, -1, -1, -1, -1, -1, -1, -1, -1, -1, -1, -1, -1, -1, -1, -1, -1, -1, -1, -1, -1, -1, -1, -1, -1, -1, -1, -1, -1, -1, -1, -1, -1, -1, -1, -1, -1, 16, -1, -1, 16, 16, -1, 16, -1, -1, 16, 16, -1, 16, -1, -1, 16, 16, -1, 16, -1, -1, 16, 16, -1, -1, -1, -1, -1, -1, -1, -1, -1, -1, -1, -1, -1, -1, -1, -1, -1, -1, -1, -1, -1, -1, -1, -1, -1, -1, -1, -1, -1, -1, -1, -1, -1, -1, -1, -1, -1, -1, -1, -1, -1, -1, -1, -1, -1, 16, -1, -1, 16, 16, -1, 16, -1, -1, 16, 16, -1, 16, -1, -1, 16, 16, -1, 16, -1, -1, 16, 16, -1, -1, -1, -1, -1, -1, -1, -1, -1, -1, -1, -1, -1, -1, -1, -1, -1, -1, -1, -1, -1, -1, -1, -1, -1, -1, -1, -1, -1, -1, -1, -1, -1, -1, -1, -1, -1, -1, -1, -1, -1, -1, -1, -1, -1, -1, -1, -1, -1, -1, -1, -1, -1, -1, -1, -1, -1, -1, -1, -1, -1, -1, -1, -1, -1, -1, -1, -1, -1, -1, -1, -1, -1, -1, -1, -1, -1, -1, -1, -1, -1, -1, -1, -1, -1, -1, -1, -1, -1, -1, -1, -1, -1, -1, -1, -1, -1, -1, -1, -1, -1, -1, -1, -1, -1, -1, -1, -1, -1, -1, -1, -1, -1, -1, -1, -1, -1, -1, -1, -1, -1, -1, -1, -1, -1, -1, -1, -1, -1, -1, -1, -1, -1, -1, -1, -1, -1, -1, -1, -1, -1, -1, -1, -1, -1, -1, -1, -1, -1, -1, -1, -1, -1, -1, -1, -1, -1, -1, -1, -1, -1, -1, -1, -1, -1, -1, -1, -1, -1, -1, -1, -1, -1, -1, -1, -1, -1, -1, -1, -1, -1, -1, -1, -1, -1, -1, -1, -1, -1, -1, -1, -1, -1, -1, -1, -1, -1, -1, -1, -1, -1, -1, -1, -1, -1, -1, -1, -1, -1, -1, -1, -1, -1, 24, -1, -1, 24, -1, -1, 24, -1, -1, 24, 24, -1, 24, -1, -1, 24, -1, -1, 24, -1, -1, 24, 24, -1, -1, -1, -1, -1, -1, -1, -1, -1, -1, -1, -1, -1, -1, -1, -1, -1, -1, -1, -1, -1, -1, -1, -1, -1, -1, -1, -1, -1, -1, -1, -1, -1, -1, -1, -1, -1, -1, -1, -1, -1, -1, -1, -1, -1, 24, -1, -1, 24, 24, -1, 24, -1, -1, 24, 24, -1, 24, -1, -1, 24, 24, -1, 24, -1, -1, 24, 24, -1, -1, -1, -1, -1, -1, -1, -1, -1, -1, -1, -1, -1, -1, -1, -1, -1, -1, -1, -1, -1, -1, -1, -1, -1, -1, -1, -1, -1, -1, -1, -1, -1, -1, -1, -1, -1, -1, -1, -1, -1, -1, -1, -1, -1, 24, -1, -1, 24, 24, -1, 24, -1, -1, 24, 24, -1, 24, -1, -1, 24, 24, -1, 24, -1, -1, 24, 24, -1, -1, -1, -1, -1, -1, -1, -1, -1, -1, -1, -1, -1, -1, -1, -1, -1, -1, -1, -1, -1, -1, -1, -1, -1, -1, -1, -1, -1, -1, -1, -1, -1, -1, -1, -1, -1, -1, -1, -1, -1, -1, -1, -1, -1, -1, -1, -1, -1, -1, -1, -1, -1, -1, -1, -1, -1, -1, -1, -1, -1, -1, -1, -1, -1, -1, -1, -1, -1, -1, -1, -1, -1, -1, -1, -1, -1, -1, -1, -1, -1, -1, -1, -1, -1, -1, -1, -1, -1, -1, -1, -1, -1, -1, -1, -1, -1, -1, -1, -1, -1, -1, -1, -1, -1, -1, -1, -1, -1, -1, -1, -1, -1, -1, -1, -1, -1, -1, -1, -1, -1, -1, -1, -1, -1, -1, -1, -1, -1, -1, -1, -1, -1, -1, -1, -1, -1, -1, -1, -1, -1, -1, -1, -1, -1, -1, -1, -1, -1, -1, -1, -1, -1, -1, -1, -1, -1, -1, -1, -1, -1, -1, -1, -1, -1, -1, -1, -1, -1, -1, -1, -1, -1, -1, -1, -1, -1, -1, -1, -1, -1, -1, -1, -1, -1, -1, 32, -1, -1, 32, -1, -1, 32, -1, -1, 32, 32, -1, 32, -1, -1, 32, -1, -1, 32, -1, 32, -1, -1, -1, -1, -1, -1, -1, -1, -1, -1, -1, -1, -1, -1, -1, -1, -1, -1, -1, -1, -1, -1, -1, -1, -1, -1, -1, -1, -1, -1, -1, -1, -1, -1, -1, -1, -1, -1, 32, -1, -1, 32, 32, -1, 32, -1, -1, 32, 32, -1, 32, -1, -1, 32, 32, -1, 32, -1, 32, -1, -1, -1, -1, -1, -1, -1, -1, -1, -1, -1, -1, -1, -1, -1, -1, -1, -1, -1, -1, -1, -1, -1, -1, -1, -1, -1, -1, -1, -1, -1, -1, -1, -1, -1, -1, -1, -1, 32, -1, -1, 32, 32, -1, 32, -1, -1, 32, 32, -1, 32, -1, -1, 32, 32, -1, 32, -1, 32, -1, -1, -1, -1, -1, -1, -1, -1, -1, -1, -1, -1, -1, -1, -1, -1, -1, -1, -1, -1, -1, -1, -1, -1, -1, -1, -1, -1, -1, -1, -1, -1, -1, -1, -1, -1, -1, -1, -1, -1, -1, -1, -1, -1, -1, -1, -1, -1, -1, -1, -1, -1, -1, -1, -1, -1, -1, -1, -1, -1, -1, -1, -1, -1, -1, -1, -1, -1, -1, -1, -1, -1, -1, -1, -1, -1, -1, -1, -1, -1, -1, -1, -1, -1, -1, -1, -1, -1, -1, -1, -1, -1, -1, -1, -1, -1, -1, -1, -1, -1, -1, -1, -1, -1, -1, -1, -1, -1, -1, -1, -1, -1, -1, -1, -1, -1, -1, -1, -1, -1, -1, -1, -1, -1, -1, -1, -1, -1, -1, -1, -1, -1, -1, -1, -1, -1, -1, -1, -1, -1, -1, -1, -1, -1, -1, -1, -1, -1, -1, -1, -1, -1, -1, -1, -1, -1, -1, -1, -1, -1, -1, -1, -1, -1, -1, -1, -1, -1, -1, -1, -1, -1, -1, -1, -1, -1, -1, -1, -1, -1, -1, -1, -1, -1, -1, -1, -1, -1, -1, -1, -1, -1, -1, -1, -1, -1, -1, -1, -1, -1, -1, -1, -1, -1, -1, -1, -1, -1, -1, -1, -1, -1, -1, -1, -1, -1, -1, -1, -1, -1, -1, -1, -1, -1, -1, -1, -1, -1, -1, -1, -1, -1, -1, -1, -1, -1, -1, -1, -1, -1, -1, -1, -1, -1, -1, -1, -1, -1, -1, -1, -1, -1, -1, -1, -1, -1, -1, -1, -1, -1, -1, -1, -1, -1, -1, -1, -1, -1, -1, -1, -1, -1, -1, -1, -1, -1, -1, -1, -1, -1, -1, -1, -1, -1, -1, -1, -1, -1, -1, -1, -1, -1, -1, -1, -1, -1, -1, -1, -1, -1, -1, -1, -1, -1, -1, -1, -1, -1, -1, -1, -1, -1, -1, -1, -1, -1, -1, -1, -1, -1, -1, -1, -1, -1, -1, -1, -1, -1, -1, -1, -1, -1, -1, -1, -1, -1, -1, -1, -1, -1, -1, -1, -1, -1, -1, -1, -1, -1, -1, -1, -1, -1, -1, -1, -1, -1, -1, -1, -1, -1, -1, -1, -1, -1, -1, -1, -1, -1, -1, -1, -1, -1, -1, -1, -1, -1, -1, -1, -1, -1, -1, -1, -1, -1, -1, -1, -1, -1, -1, -1, -1, -1, -1, -1, -1, -1, -1, -1, -1, -1, -1, -1, -1, -1, -1, -1, -1, -1, -1, -1, -1, -1, -1, -1, -1, -1, -1, -1, -1, -1, -1, -1, -1, -1, -1, -1, -1, -1, -1, -1, -1, -1, -1, -1, -1, -1, -1, -1, -1, -1, -1, -1, -1, -1, -1, -1, -1, -1, -1, -1, -1, -1, -1, -1, -1, -1, -1, -1, -1, -1, -1, -1, -1, -1, -1, -1, -1, -1, -1, -1, -1, -1, -1, -1, -1, -1, -1, -1, -1, -1, -1, -1, -1, -1, -1, -1, -1, -1, -1, -1, -1, -1, -1, -1, -1, -1, -1, -1, -1, -1, -1, -1, -1, -1, -1, -1, -1, -1, -1, -1, -1, -1, -1, -1, -1, -1, -1, -1, -1, -1, -1, -1, -1, -1, -1, -1, -1, -1, -1, -1, -1, -1, -1, -1, -1, -1, -1, -1, -1, -1, -1, -1, -1, -1, -1, -1, -1, -1, -1, -1, -1, -1, -1, -1, -1, -1, -1, -1, -1, -1, -1, -1, -1, -1, -1, -1, -1, -1, -1, -1, -1, -1, -1, -1, -1, -1, -1, -1, -1, -1, -1, -1, -1, -1, -1, -1, -1, -1, -1, -1, -1, -1, -1, -1, -1, -1, -1, -1, -1, -1, -1, -1, -1, -1, -1, -1, -1, -1, -1, -1, -1, -1, -1, -1, -1, -1, -1, -1, -1, -1, -1, -1, -1, -1, -1, -1, -1, -1, -1, -1, -1, -1, -1, -1, -1, -1, -1, -1, -1, -1, -1, -1, -1, -1, -1, -1, -1, -1, -1, -1, -1, -1, -1, -1, -1, -1, -1, -1, -1, -1, -1, -1, -1, -1, -1, -1, -1, -1, -1, -1, -1, -1, -1, -1, -1, -1, -1, -1, -1, -1, -1, -1, -1, -1, -1, -1, -1, -1, -1, -1, -1, -1, -1, -1, -1, -1, -1, -1, -1, -1, -1, -1, -1, -1, -1, -1, -1, -1, -1, -1, -1, -1, -1, -1, -1, -1, -1, -1, -1, -1, -1, -1, -1, -1, -1, -1, -1, -1, -1, -1, -1, -1, -1, -1, -1, -1, -1, -1, -1, -1, -1, -1, -1, -1, -1, -1, -1, -1, -1, -1, -1, -1, -1, -1, -1, -1, -1, -1, -1, -1, -1, -1, -1, -1, -1, -1, -1, -1, -1, -1, -1, -1, -1, -1, -1, -1, -1, -1, -1, -1, -1, -1, -1, -1, -1, -1, -1, -1, -1, -1, -1, -1, -1, -1, -1, -1, -1, -1, -1, -1, -1, -1, -1, -1, -1, -1, -1, -1, -1, -1, -1, -1, -1, -1, -1, -1, -1, -1, -1, -1, -1, -1, -1, -1, -1, -1, -1, -1, -1, -1, -1, -1, -1, -1, -1, -1, -1, -1, -1, -1, -1, -1, -1, -1, -1, -1, -1, -1, -1, -1, -1, -1, -1, -1, -1, -1, -1, -1, -1, -1, -1, -1, -1, -1, -1, -1, -1, -1, -1, -1, -1, -1, -1, -1, -1, -1, -1, -1, -1, -1, -1, -1, -1, -1, -1, -1, -1, -1, -1, -1, -1, -1, -1, -1, -1, -1, -1, -1, -1, -1, -1, -1, -1, -1, -1, -1, -1, -1, -1, -1, -1, -1, -1, -1, -1, -1, -1, -1, -1, -1, -1, -1, -1, -1, -1, -1, -1, -1, -1, -1, -1, -1, -1, -1, -1, -1, -1, -1, -1, -1, -1, -1, -1, -1, -1, -1, -1, -1, -1, -1, -1, -1, -1, -1, -1, -1, -1, -1, -1, -1, -1, -1, -1, -1, -1, -1, -1, -1, -1, -1, -1, -1, -1, -1, -1, -1, -1, -1, -1, -1, -1, -1, -1, -1, -1, -1, -1, -1, -1, -1, -1, -1, -1, -1, -1, -1, -1, -1, -1, -1, -1, -1, -1, -1, -1, -1, -1, -1, -1, -1, -1, -1, -1, -1, -1, -1, -1, -1, -1, -1, -1, -1, -1, -1, -1, -1, -1, -1, -1, -1, -1, -1, -1, -1, -1, -1, -1, -1, -1, -1, -1, -1, -1, -1, -1, -1, -1, -1, -1, -1, -1, -1, -1, -1, -1, -1, -1, -1, -1, -1, -1, -1, -1, -1, -1, -1, -1, -1, -1, -1, -1, -1, 0, 0, 0, 0, 0, -1, 0, 0, 0, 0, 0, 0, 0, -1, 0, 0, 0, 0, 0, 0, 0, 0, 0, 0, 0, -1, 0, 0, 0, 0, 0, 0, -1, 0, 0, 0, 0, 0, 0, 0, 0, 0, 0, 0, 0, 0, -1, 0, 0, 0, 0, 0, 0, 0, 1, 1, 1, 1, 1, -1, 1, 1, 1, 1, 1, 1, 1, -1, 1, 1, 1, 1, 1, 1, 1, 1, 1, 1, 1, -1, 1, 1, 1, 1, 1, 1, -1, 1, 1, 1, 1, 1, 1, 1, 1, 1, 1, 1, 1, 1, -1, 1, 1, 1, 1, 1, 1, 1, 2, 2, 2, 2, 2, -1, 2, 2, 2, 2, 2, 2, 2, -1, 2, 2, 2, 2, 2, 2, 2, 2, 2, 2, 2, -1, 2, 2, 2, 2, 2, 2, -1, 2, 2, 2, 2, 2, 2, 2, 2, 2, 2, 2, 2, 2, -1, 2, 2, 2, 2, 2, 2, 2, 3, 3, 3, 3, 3, -1, 3, 3, 3, 3, 3, 3, 3, -1, 3, 3, 3, 3, 3, 3, 3, 3, 3, 3, 3, -1, 3, 3, 3, 3, 3, 3, -1, 3, 3, 3, 3, 3, 3, 3, 3, 3, 3, 3, 3, 3, -1, 3, 3, 3, 3, 3, 3, 3, 4, 4, 4, 4, 4, -1, 4, 4, 4, 4, 4, 4, 4, -1, 4, 4, 4, 4, 4, 4, 4, 4, 4, 4, 4, -1, 4, 4, 4, 4, 4, 4, -1, 4, 4, 4, 4, 4, 4, 4, 4, 4, 4, 4, 4, 4, -1, 4, 4, 4, 4, 4, 4, 4, 5, 5, 5, 5, 5, -1, 5, 5, 5, 5, 5, 5, 5, -1, 5, 5, 5, 5, 5, 5, 5, 5, 5, 5, 5, -1, 5, 5, 5, 5, 5, 5, -1, 5, 5, 5, 5, 5, 5, 5, 5, 5, 5, 5, 5, 5, -1, 5, 5, 5, 5, 5, 5, 5, 6, 6, 6, 6, 6, -1, 6, 6, 6, 6, 6, 6, 6, -1, 6, 6, 6, 6, 6, 6, 6, 6, 6, 6, 6, -1, 6, 6, 6, 6, 6, 6, -1, 6, 6, 6, 6, 6, 6, 6, 6, 6, 6, 6, 6, 6, -1, 6, 6, 6, 6, 6, 6, 6, 7, 7, 7, 7, 7, -1, 7, 7, 7, 7, 7, 7, 7, -1, 7, 7, 7, 7, 7, 7, 7, 7, 7, 7, 7, -1, 7, 7, 7, 7, 7, 7, -1, 7, 7, 7, 7, 7, 7, 7, 7, 7, 7, 7, 7, 7, -1, 7, 7, 7, 7, 7, 7, 7, 0, 0, 0, 0, 0, 0, 0, 0, 0, 0, 0, 0, 0, 0, 0, 0, 0, 0, 0, 0, 0, 0, 0, 0, 0, 0, 0, 0, 0, 0, 0, 0, 0, 0, 0, 0, 0, 0, 0, 0, 0, 0, 0, 0, 0, 0, 0, 0, 0, 0, 0, 0, 0, 0, 1, 1, 1, 1, 1, 1, 1, 1, 1, 1, 1, 1, 1, 1, 1, 1, 1, 1, 1, 1, 1, 1, 1, 1, 1, 1, 1, 1, 1, 1, 1, 1, 1, 1, 1, 1, 1, 1, 1, 1, 1, 1, 1, 1, 1, 1, 1, 1, 1, 1, 1, 1, 1, 1, 2, 2, 2, 2, 2, 2, 2, 2, 2, 2, 2, 2, 2, 2, 2, 2, 2, 2, 2, 2, 2, 2, 2, 2, 2, 2, 2, 2, 2, 2, 2, 2, 2, 2, 2, 2, 2, 2, 2, 2, 2, 2, 2, 2, 2, 2, 2, 2, 2, 2, 2, 2, 2, 2, 3, 3, 3, 3, 3, 3, 3, 3, 3, 3, 3, 3, 3, 3, 3, 3, 3, 3, 3, 3, 3, 3, 3, 3, 3, 3, 3, 3, 3, 3, 3, 3, 3, 3, 3, 3, 3, 3, 3, 3, 3, 3, 3, 3, 3, 3, 3, 3, 3, 3, 3, 3, 3, 3, 4, 4, 4, 4, 4, 4, 4, 4, 4, 4, 4, 4, 4, 4, 4, 4, 4, 4, 4, 4, 4, 4, 4, 4, 4, 4, 4, 4, 4, 4, 4, 4, 4, 4, 4, 4, 4, 4, 4, 4, 4, 4, 4, 4, 4, 4, 4, 4, 4, 4, 4, 4, 4, 4, 5, 5, 5, 5, 5, 5, 5, 5, 5, 5, 5, 5, 5, 5, 5, 5, 5, 5, 5, 5, 5, 5, 5, 5, 5, 5, 5, 5, 5, 5, 5, 5, 5, 5, 5, 5, 5, 5, 5, 5, 5, 5, 5, 5, 5, 5, 5, 5, 5, 5, 5, 5, 5, 5, 6, 6, 6, 6, 6, 6, 6, 6, 6, 6, 6, 6, 6, 6, 6, 6, 6, 6, 6, 6, 6, 6, 6, 6, 6, 6, 6, 6, 6, 6, 6, 6, 6, 6, 6, 6, 6, 6, 6, 6, 6, 6, 6, 6, 6, 6, 6, 6, 6, 6, 6, 6, 6, 6, 7, 7, 7, 7, 7, 7, 7, 7, 7, 7, 7, 7, 7, 7, 7, 7, 7, 7, 7, 7, 7, 7, 7, 7, 7, 7, 7, 7, 7, 7, 7, 7, 7, 7, 7, 7, 7, 7, 7, 7, 7, 7, 7, 7, 7, 7, 7, 7, 7, 7, 7, 7, 7, 7, 0, 0, 0, 0, 0, 0, 0, 0, 0, 0, 0, 0, 0, 0, 0, 0, 0, 0, 0, 0, 0, 0, 0, 0, 0, 0, 0, 0, 0, 0, 0, 0, 0, 0, 0, 0, 0, 0, 0, 0, 0, 0, 0, 0, 0, 0, 0, 0, 0, 0, 0, 0, 0, 0, 1, 1, 1, 1, 1, 1, 1, 1, 1, 1, 1, 1, 1, 1, 1, 1, 1, 1, 1, 1, 1, 1, 1, 1, 1, 1, 1, 1, 1, 1, 1, 1, 1, 1, 1, 1, 1, 1, 1, 1, 1, 1, 1, 1, 1, 1, 1, 1, 1, 1, 1, 1, 1, 1, 2, 2, 2, 2, 2, 2, 2, 2, 2, 2, 2, 2, 2, 2, 2, 2, 2, 2, 2, 2, 2, 2, 2, 2, 2, 2, 2, 2, 2, 2, 2, 2, 2, 2, 2, 2, 2, 2, 2, 2, 2, 2, 2, 2, 2, 2, 2, 2, 2, 2, 2, 2, 2, 2, 3, 3, 3, 3, 3, 3, 3, 3, 3, 3, 3, 3, 3, 3, 3, 3, 3, 3, 3, 3, 3, 3, 3, 3, 3, 3, 3, 3, 3, 3, 3, 3, 3, 3, 3, 3, 3, 3, 3, 3, 3, 3, 3, 3, 3, 3, 3, 3, 3, 3, 3, 3, 3, 3, 4, 4, 4, 4, 4, 4, 4, 4, 4, 4, 4, 4, 4, 4, 4, 4, 4, 4, 4, 4, 4, 4, 4, 4, 4, 4, 4, 4, 4, 4, 4, 4, 4, 4, 4, 4, 4, 4, 4, 4, 4, 4, 4, 4, 4, 4, 4, 4, 4, 4, 4, 4, 4, 4, 5, 5, 5, 5, 5, 5, 5, 5, 5, 5, 5, 5, 5, 5, 5, 5, 5, 5, 5, 5, 5, 5, 5, 5, 5, 5, 5, 5, 5, 5, 5, 5, 5, 5, 5, 5, 5, 5, 5, 5, 5, 5, 5, 5, 5, 5, 5, 5, 5, 5, 5, 5, 5, 5, 6, 6, 6, 6, 6, 6, 6, 6, 6, 6, 6, 6, 6, 6, 6, 6, 6, 6, 6, 6, 6, 6, 6, 6, 6, 6, 6, 6, 6, 6, 6, 6, 6, 6, 6, 6, 6, 6, 6, 6, 6, 6, 6, 6, 6, 6, 6, 6, 6, 6, 6, 6, 6, 6, 7, 7, 7, 7, 7, 7, 7, 7, 7, 7, 7, 7, 7, 7, 7, 7, 7, 7, 7, 7, 7, 7, 7, 7, 7, 7, 7, 7, 7, 7, 7, 7, 7, 7, 7, 7, 7, 7, 7, 7, 7, 7, 7, 7, 7, 7, 7, 7, 7, 7, 7, 7, 7, 7, -1, -1, -1, -1, -1, -1, -1, -1, -1, -1, -1, -1, -1, -1, -1, -1, -1, -1, -1, -1, -1, -1, -1, -1, -1, -1, -1, -1, -1, -1, -1, -1, -1, -1, -1, -1, -1, -1, -1, -1, -1, -1, -1, -1, -1, -1, -1, -1, -1, -1, -1, -1, -1, -1, -1, -1, -1, -1, -1, -1, -1, -1, -1, -1, -1, -1, -1, -1, -1, -1, -1, -1, -1, -1, -1, -1, -1, -1, -1, -1, -1, -1, -1, -1, -1, -1, -1, -1, -1, -1, -1, -1, -1, -1, -1, -1, -1, -1, -1, -1, -1, -1, -1, -1, -1, -1, -1, -1, -1, -1, -1, -1, -1, -1, -1, -1, -1, -1, -1, -1, -1, -1, -1, -1, -1, -1, -1, -1, -1, -1, -1, -1, -1, -1, -1, -1, -1, -1, -1, -1, -1, -1, -1, -1, -1, -1, -1, -1, -1, -1, -1, -1, -1, -1, -1, -1, -1, -1, -1, -1, -1, -1, -1, -1, -1, -1, -1, -1, -1, -1, -1, -1, -1, -1, -1, -1, -1, -1, -1, -1, -1, -1, -1, -1, -1, -1, -1, -1, -1, -1, -1, -1, -1, -1, -1, -1, -1, -1, -1, -1, -1, -1, -1, -1, -1, -1, -1, -1, -1, -1, -1, -1, -1, -1, -1, -1, -1, -1, -1, -1, -1, -1, -1, -1, -1, -1, -1, -1, -1, -1, -1, -1, -1, -1, -1, -1, -1, -1, -1, -1, -1, -1, -1, -1, -1, -1, -1, -1, -1, -1, -1, -1, -1, -1, -1, -1, -1, -1, -1, -1, -1, -1, -1, -1, -1, -1, -1, -1, -1, -1, -1, -1, -1, -1, -1, -1, -1, -1, -1, -1, -1, -1, -1, -1, -1, -1, -1, -1, -1, -1, -1, -1, -1, -1, -1, -1, -1, -1, -1, -1, -1, -1, -1, -1, -1, -1, -1, -1, -1, -1, -1, -1, -1, -1, -1, -1, -1, -1, -1, -1, -1, -1, -1, -1, -1, -1, -1, -1, -1, -1, -1, -1, -1, -1, -1, -1, -1, -1, -1, -1, -1, -1, -1, -1, -1, -1, -1, -1, -1, -1, -1, -1, -1, -1, -1, -1, -1, -1, -1, -1, -1, -1, -1, -1, -1, -1, -1, -1, -1, -1, -1, -1, -1, -1, -1, -1, -1, -1, -1, -1, -1, -1, -1, -1, -1, -1, -1, -1, -1, -1, -1, -1, -1, -1, -1, -1, -1, -1, -1, -1, -1, -1, -1, -1, -1, -1, -1, -1, -1, -1, -1, -1, -1, -1, -1, -1, -1, -1, -1, -1, -1, -1, -1, -1, -1, -1, -1, -1, -1, -1, -1, -1, -1, -1, -1, -1, -1, -1, -1, -1, -1, -1, -1, -1, -1, -1, -1, -1, -1, -1, -1, -1, -1, -1, -1, -1, -1, -1, -1, -1, -1, -1, -1, -1, -1, -1, -1, -1, -1, -1, -1, -1, -1, -1, -1, -1, -1, -1, -1, -1, -1, -1, -1, -1, -1, -1, -1, -1, -1, -1, -1, -1, -1, -1, -1, -1, -1, -1, -1, -1, -1, -1, -1, -1, -1, -1, -1, -1, -1, -1, -1, -1, -1, -1, -1, -1, -1, -1, -1, -1, -1, -1, -1, -1, -1, -1, -1, -1, -1, -1, -1, -1, -1, -1, -1, -1, -1, -1, -1, -1, -1, -1, -1, -1, -1, -1, -1, -1, -1, -1, -1, -1, -1, -1, -1, -1, -1, -1, -1, -1, -1, -1, -1, -1, -1, -1, -1, -1, -1, -1, -1, -1, -1, -1, -1, -1, -1, -1, -1, -1, -1, -1, -1, -1, -1, -1, -1, -1, -1, -1, -1, -1, -1, -1, -1, -1, -1, -1, -1, -1, -1, -1, -1, -1, -1, -1, -1, -1, -1, -1, -1, -1, -1, -1, -1, -1, -1, -1, -1, -1, -1, -1, -1, -1, -1, -1, -1, -1, -1, -1, -1, -1, -1, -1, -1, -1, -1, -1, -1, -1, -1, -1, -1, -1, -1, -1, -1, -1, -1, -1, -1, -1, -1, -1, -1, -1, -1, -1, -1, -1, -1, -1, -1, -1, -1, -1, -1, -1, -1, -1, -1, -1, -1, -1, -1, -1, -1, -1, -1, -1, -1, -1, -1, -1, -1, -1, -1, -1, -1, -1, -1, -1, -1, -1, -1, -1, -1, -1, -1, -1, -1, -1, -1, -1, -1, -1, -1, -1, -1, -1, -1, -1, -1, -1, -1, -1, -1, -1, -1, -1, -1, -1, -1, -1, -1, -1, -1, -1, -1, -1, -1, -1, -1, -1, -1, -1, -1, -1, -1, -1, -1, -1, -1, -1, -1, -1, -1, -1, -1, -1, -1, -1, -1, -1, -1, -1, -1, -1, -1, -1, -1, -1, -1, -1, -1, -1, -1, -1, -1, -1, -1, -1, -1, -1, -1, -1, -1, -1, -1, -1, -1, -1, -1, -1, -1, -1, -1, -1, -1, -1, -1, -1, -1, -1, -1, -1, -1, -1, -1, -1, -1, -1, -1, -1, -1, -1, -1, -1, -1, -1, -1, -1, -1, -1, -1, -1, -1, -1, -1, -1, -1, -1, -1, -1, -1, -1, -1, -1, -1, -1, -1, -1, -1, -1, -1, -1, -1, -1, -1, -1, -1, -1, -1, -1, -1, -1, -1, -1, -1, -1, -1, -1, -1, -1, -1, -1, -1, -1, -1, -1, -1, -1, -1, -1, -1, -1, -1, -1, -1, -1, -1, -1, -1, -1, -1, -1, -1, -1, -1, -1, -1, -1, -1, -1, -1, -1, -1, -1, -1, -1, -1, -1, -1, -1, -1, -1, -1, -1, -1, -1, -1, -1, -1, -1, -1, -1, -1, -1, -1, -1, -1, -1, -1, -1, -1, -1, -1, -1, -1, -1, -1, -1, -1, -1, -1, -1, -1, -1, -1, -1, -1, -1, -1, -1, -1, -1, -1, -1, -1, -1, -1, -1, -1, -1, -1, -1, -1, -1, -1, -1, -1, -1, -1, -1, -1, -1, -1, -1, -1, -1, -1, -1, -1, -1, -1, -1, -1, -1, -1, -1, -1, -1, -1, -1, -1, -1, -1, -1, -1, -1, -1, -1, -1, -1, -1, -1, -1, -1, -1, -1, -1, -1, -1, -1, -1, -1, -1, -1, -1, -1, -1, -1, -1, -1, -1, -1, -1, -1, -1, -1, -1, -1, -1, -1, -1, -1, -1, -1, -1, -1, -1, -1, -1, -1, -1, -1, -1, -1, -1, -1, -1, -1, -1, -1, -1, -1, -1, -1, -1, -1, -1, -1, -1, -1, -1, -1, -1, -1, -1, -1, -1, -1, -1, -1, -1, -1, -1, -1, -1, -1, -1, -1, -1, -1, -1, -1, -1, -1, -1, -1, -1, -1, -1, -1, -1, -1, -1, -1, -1, -1, -1, -1, -1, -1, -1, -1, -1, -1, -1, -1, -1, -1, -1, -1, -1, -1, -1, -1, -1, -1, -1, -1, -1, -1, -1, -1, -1, -1, -1, -1, -1, -1, -1, -1, -1, -1, -1, -1, -1, -1, -1, -1, -1, -1, -1, -1, -1, -1, -1, -1, -1, -1, -1, -1, -1, -1, -1, -1, -1, -1, -1, -1, -1, -1, -1, -1, -1, -1, -1, -1, -1, -1, -1, -1, -1, -1, -1, -1, -1, -1, -1, -1, -1, -1, -1, -1, -1, -1, -1, -1, -1, -1, -1, -1, -1, -1, -1, -1, -1, -1, -1, -1, -1, -1, -1, -1, -1, -1, -1, -1, -1, -1, -1, -1, -1, -1, -1, -1, -1, -1, -1, -1, -1, -1, -1, -1, -1, -1, -1, -1, -1, -1, -1, -1, -1, -1, -1, -1, -1, -1, -1, -1, -1, -1, -1, -1, -1, -1, -1, -1, -1, -1, -1, -1, -1, -1, -1, -1, -1, -1, -1, -1, -1, -1, -1, -1, -1, -1, -1, -1, -1, -1, -1, -1, -1, -1, -1, -1, -1, -1, -1, -1, -1, -1, -1, -1, -1, -1, -1, -1, -1, -1, -1, -1, -1, -1, -1, -1, -1, -1, -1, -1, -1, -1, -1, -1, -1, -1, -1, -1, -1, -1, -1, -1, -1, -1, -1, -1, -1, -1, -1, -1, -1, -1, -1, -1, -1, -1, -1, -1, -1, -1, -1, -1, -1, -1, -1, -1, -1, -1, -1, -1, -1, -1, -1, -1, -1, -1, -1, -1, -1, -1, -1, -1, -1, -1, -1, -1, -1, -1, -1, -1, -1, -1, -1, -1, -1, -1, -1, -1, -1, -1, -1, -1, -1, -1, -1, -1, -1, -1, -1, -1, -1, -1, -1, -1, -1, -1, -1, -1, -1, -1, -1, -1, -1, -1, -1, -1, -1, -1, -1, -1, -1, -1, -1, -1, -1, -1, -1, -1, -1, -1, -1, -1, -1, -1, -1, -1, -1, -1, 8, 8, 8, 8, 8, -1, 8, 8, 8, 8, 8, 8, 8, -1, 8, 8, 8, 8, 8, 8, 8, 8, 8, 8, 8, -1, 8, 8, 8, 8, 8, 8, -1, 8, 8, 8, 8, 8, 8, 8, 8, 8, 8, 8, 8, 8, -1, 8, 8, 8, 8, 8, 8, 8, 9, 9, 9, 9, 9, -1, 9, 9, 9, 9, 9, 9, 9, -1, 9, 9, 9, 9, 9, 9, 9, 9, 9, 9, 9, -1, 9, 9, 9, 9, 9, 9, -1, 9, 9, 9, 9, 9, 9, 9, 9, 9, 9, 9, 9, 9, -1, 9, 9, 9, 9, 9, 9, 9, 10, 10, 10, 10, 10, -1, 10, 10, 10, 10, 10, 10, 10, -1, 10, 10, 10, 10, 10, 10, 10, 10, 10, 10, 10, -1, 10, 10, 10, 10, 10, 10, -1, 10, 10, 10, 10, 10, 10, 10, 10, 10, 10, 10, 10, 10, -1, 10, 10, 10, 10, 10, 10, 10, 11, 11, 11, 11, 11, -1, 11, 11, 11, 11, 11, 11, 11, -1, 11, 11, 11, 11, 11, 11, 11, 11, 11, 11, 11, -1, 11, 11, 11, 11, 11, 11, -1, 11, 11, 11, 11, 11, 11, 11, 11, 11, 11, 11, 11, 11, -1, 11, 11, 11, 11, 11, 11, 11, 12, 12, 12, 12, 12, -1, 12, 12, 12, 12, 12, 12, 12, -1, 12, 12, 12, 12, 12, 12, 12, 12, 12, 12, 12, -1, 12, 12, 12, 12, 12, 12, -1, 12, 12, 12, 12, 12, 12, 12, 12, 12, 12, 12, 12, 12, -1, 12, 12, 12, 12, 12, 12, 12, 13, 13, 13, 13, 13, -1, 13, 13, 13, 13, 13, 13, 13, -1, 13, 13, 13, 13, 13, 13, 13, 13, 13, 13, 13, -1, 13, 13, 13, 13, 13, 13, -1, 13, 13, 13, 13, 13, 13, 13, 13, 13, 13, 13, 13, 13, -1, 13, 13, 13, 13, 13, 13, 13, 14, 14, 14, 14, 14, -1, 14, 14, 14, 14, 14, 14, 14, -1, 14, 14, 14, 14, 14, 14, 14, 14, 14, 14, 14, -1, 14, 14, 14, 14, 14, 14, -1, 14, 14, 14, 14, 14, 14, 14, 14, 14, 14, 14, 14, 14, -1, 14, 14, 14, 14, 14, 14, 14, 15, 15, 15, 15, 15, -1, 15, 15, 15, 15, 15, 15, 15, -1, 15, 15, 15, 15, 15, 15, 15, 15, 15, 15, 15, -1, 15, 15, 15, 15, 15, 15, -1, 15, 15, 15, 15, 15, 15, 15, 15, 15, 15, 15, 15, 15, -1, 15, 15, 15, 15, 15, 15, 15, 8, 8, 8, 8, 8, 8, 8, 8, 8, 8, 8, 8, 8, 8, 8, 8, 8, 8, 8, 8, 8, 8, 8, 8, 8, 8, 8, 8, 8, 8, 8, 8, 8, 8, 8, 8, 8, 8, 8, 8, 8, 8, 8, 8, 8, 8, 8, 8, 8, 8, 8, 8, 8, 8, 9, 9, 9, 9, 9, 9, 9, 9, 9, 9, 9, 9, 9, 9, 9, 9, 9, 9, 9, 9, 9, 9, 9, 9, 9, 9, 9, 9, 9, 9, 9, 9, 9, 9, 9, 9, 9, 9, 9, 9, 9, 9, 9, 9, 9, 9, 9, 9, 9, 9, 9, 9, 9, 9, 10, 10, 10, 10, 10, 10, 10, 10, 10, 10, 10, 10, 10, 10, 10, 10, 10, 10, 10, 10, 10, 10, 10, 10, 10, 10, 10, 10, 10, 10, 10, 10, 10, 10, 10, 10, 10, 10, 10, 10, 10, 10, 10, 10, 10, 10, 10, 10, 10, 10, 10, 10, 10, 10, 11, 11, 11, 11, 11, 11, 11, 11, 11, 11, 11, 11, 11, 11, 11, 11, 11, 11, 11, 11, 11, 11, 11, 11, 11, 11, 11, 11, 11, 11, 11, 11, 11, 11, 11, 11, 11, 11, 11, 11, 11, 11, 11, 11, 11, 11, 11, 11, 11, 11, 11, 11, 11, 11, 12, 12, 12, 12, 12, 12, 12, 12, 12, 12, 12, 12, 12, 12, 12, 12, 12, 12, 12, 12, 12, 12, 12, 12, 12, 12, 12, 12, 12, 12, 12, 12, 12, 12, 12, 12, 12, 12, 12, 12, 12, 12, 12, 12, 12, 12, 12, 12, 12, 12, 12, 12, 12, 12, 13, 13, 13, 13, 13, 13, 13, 13, 13, 13, 13, 13, 13, 13, 13, 13, 13, 13, 13, 13, 13, 13, 13, 13, 13, 13, 13, 13, 13, 13, 13, 13, 13, 13, 13, 13, 13, 13, 13, 13, 13, 13, 13, 13, 13, 13, 13, 13, 13, 13, 13, 13, 13, 13, 14, 14, 14, 14, 14, 14, 14, 14, 14, 14, 14, 14, 14, 14, 14, 14, 14, 14, 14, 14, 14, 14, 14, 14, 14, 14, 14, 14, 14, 14, 14, 14, 14, 14, 14, 14, 14, 14, 14, 14, 14, 14, 14, 14, 14, 14, 14, 14, 14, 14, 14, 14, 14, 14, 15, 15, 15, 15, 15, 15, 15, 15, 15, 15, 15, 15, 15, 15, 15, 15, 15, 15, 15, 15, 15, 15, 15, 15, 15, 15, 15, 15, 15, 15, 15, 15, 15, 15, 15, 15, 15, 15, 15, 15, 15, 15, 15, 15, 15, 15, 15, 15, 15, 15, 15, 15, 15, 15, 8, 8, 8, 8, 8, 8, 8, 8, 8, 8, 8, 8, 8, 8, 8, 8, 8, 8, 8, 8, 8, 8, 8, 8, 8, 8, 8, 8, 8, 8, 8, 8, 8, 8, 8, 8, 8, 8, 8, 8, 8, 8, 8, 8, 8, 8, 8, 8, 8, 8, 8, 8, 8, 8, 9, 9, 9, 9, 9, 9, 9, 9, 9, 9, 9, 9, 9, 9, 9, 9, 9, 9, 9, 9, 9, 9, 9, 9, 9, 9, 9, 9, 9, 9, 9, 9, 9, 9, 9, 9, 9, 9, 9, 9, 9, 9, 9, 9, 9, 9, 9, 9, 9, 9, 9, 9, 9, 9, 10, 10, 10, 10, 10, 10, 10, 10, 10, 10, 10, 10, 10, 10, 10, 10, 10, 10, 10, 10, 10, 10, 10, 10, 10, 10, 10, 10, 10, 10, 10, 10, 10, 10, 10, 10, 10, 10, 10, 10, 10, 10, 10, 10, 10, 10, 10, 10, 10, 10, 10, 10, 10, 10, 11, 11, 11, 11, 11, 11, 11, 11, 11, 11, 11, 11, 11, 11, 11, 11, 11, 11, 11, 11, 11, 11, 11, 11, 11, 11, 11, 11, 11, 11, 11, 11, 11, 11, 11, 11, 11, 11, 11, 11, 11, 11, 11, 11, 11, 11, 11, 11, 11, 11, 11, 11, 11, 11, 12, 12, 12, 12, 12, 12, 12, 12, 12, 12, 12, 12, 12, 12, 12, 12, 12, 12, 12, 12, 12, 12, 12, 12, 12, 12, 12, 12, 12, 12, 12, 12, 12, 12, 12, 12, 12, 12, 12, 12, 12, 12, 12, 12, 12, 12, 12, 12, 12, 12, 12, 12, 12, 12, 13, 13, 13, 13, 13, 13, 13, 13, 13, 13, 13, 13, 13, 13, 13, 13, 13, 13, 13, 13, 13, 13, 13, 13, 13, 13, 13, 13, 13, 13, 13, 13, 13, 13, 13, 13, 13, 13, 13, 13, 13, 13, 13, 13, 13, 13, 13, 13, 13, 13, 13, 13, 13, 13, 14, 14, 14, 14, 14, 14, 14, 14, 14, 14, 14, 14, 14, 14, 14, 14, 14, 14, 14, 14, 14, 14, 14, 14, 14, 14, 14, 14, 14, 14, 14, 14, 14, 14, 14, 14, 14, 14, 14, 14, 14, 14, 14, 14, 14, 14, 14, 14, 14, 14, 14, 14, 14, 14, 15, 15, 15, 15, 15, 15, 15, 15, 15, 15, 15, 15, 15, 15, 15, 15, 15, 15, 15, 15, 15, 15, 15, 15, 15, 15, 15, 15, 15, 15, 15, 15, 15, 15, 15, 15, 15, 15, 15, 15, 15, 15, 15, 15, 15, 15, 15, 15, 15, 15, 15, 15, 15, 15, -1, -1, -1, -1, -1, -1, -1, -1, -1, -1, -1, -1, -1, -1, -1, -1, -1, -1, -1, -1, -1, -1, -1, -1, -1, -1, -1, -1, -1, -1, -1, -1, -1, -1, -1, -1, -1, -1, -1, -1, -1, -1, -1, -1, -1, -1, -1, -1, -1, -1, -1, -1, -1, -1, -1, -1, -1, -1, -1, -1, -1, -1, -1, -1, -1, -1, -1, -1, -1, -1, -1, -1, -1, -1, -1, -1, -1, -1, -1, -1, -1, -1, -1, -1, -1, -1, -1, -1, -1, -1, -1, -1, -1, -1, -1, -1, -1, -1, -1, -1, -1, -1, -1, -1, -1, -1, -1, -1, -1, -1, -1, -1, -1, -1, -1, -1, -1, -1, -1, -1, -1, -1, -1, -1, -1, -1, -1, -1, -1, -1, -1, -1, -1, -1, -1, -1, -1, -1, -1, -1, -1, -1, -1, -1, -1, -1, -1, -1, -1, -1, -1, -1, -1, -1, -1, -1, -1, -1, -1, -1, -1, -1, -1, -1, -1, -1, -1, -1, -1, -1, -1, -1, -1, -1, -1, -1, -1, -1, -1, -1, -1, -1, -1, -1, -1, -1, -1, -1, -1, -1, -1, -1, -1, -1, -1, -1, -1, -1, -1, -1, -1, -1, -1, -1, -1, -1, -1, -1, -1, -1, -1, -1, -1, -1, -1, -1, -1, -1, -1, -1, -1, -1, -1, -1, -1, -1, -1, -1, -1, -1, -1, -1, -1, -1, -1, -1, -1, -1, -1, -1, -1, -1, -1, -1, -1, -1, -1, -1, -1, -1, -1, -1, -1, -1, -1, -1, -1, -1, -1, -1, -1, -1, -1, -1, -1, -1, -1, -1, -1, -1, -1, -1, -1, -1, -1, -1, -1, -1, -1, -1, -1, -1, -1, -1, -1, -1, -1, -1, -1, -1, -1, -1, -1, -1, -1, -1, -1, -1, -1, -1, -1, -1, -1, -1, -1, -1, -1, -1, -1, -1, -1, -1, -1, -1, -1, -1, -1, -1, -1, -1, -1, -1, -1, -1, -1, -1, -1, -1, -1, -1, -1, -1, -1, -1, -1, -1, -1, -1, -1, -1, -1, -1, -1, -1, -1, -1, -1, -1, -1, -1, -1, -1, -1, -1, -1, -1, -1, -1, -1, -1, -1, -1, -1, -1, -1, -1, -1, -1, -1, -1, -1, -1, -1, -1, -1, -1, -1, -1, -1, -1, -1, -1, -1, -1, -1, -1, -1, -1, -1, -1, -1, -1, -1, -1, -1, -1, -1, -1, -1, -1, -1, -1, -1, -1, -1, -1, -1, -1, -1, -1, -1, -1, -1, -1, -1, -1, -1, -1, -1, -1, -1, -1, -1, -1, -1, -1, -1, -1, -1, -1, -1, -1, -1, -1, -1, -1, -1, -1, -1, -1, -1, -1, -1, -1, -1, -1, -1, -1, -1, -1, -1, -1, -1, -1, -1, -1, -1, -1, -1, -1, -1, -1, -1, -1, -1, -1, -1, -1, -1, -1, -1, -1, -1, -1, -1, -1, -1, -1, -1, -1, -1, -1, -1, -1, -1, -1, -1, -1, -1, -1, -1, -1, -1, -1, -1, -1, -1, -1, -1, -1, -1, -1, -1, -1, -1, -1, -1, -1, -1, -1, -1, -1, -1, -1, -1, -1, -1, -1, -1, -1, -1, -1, -1, -1, -1, -1, -1, -1, -1, -1, -1, -1, -1, -1, -1, -1, -1, -1, -1, -1, -1, -1, -1, -1, -1, -1, -1, -1, -1, -1, -1, -1, -1, -1, -1, -1, -1, -1, -1, -1, -1, -1, -1, -1, -1, -1, -1, -1, -1, -1, -1, -1, -1, -1, -1, -1, -1, -1, -1, -1, -1, -1, -1, -1, -1, -1, -1, -1, -1, -1, -1, -1, -1, -1, -1, -1, -1, -1, -1, -1, -1, -1, -1, -1, -1, -1, -1, -1, -1, -1, -1, -1, -1, -1, -1, -1, -1, -1, -1, -1, -1, -1, -1, -1, -1, -1, -1, -1, -1, -1, -1, -1, -1, -1, -1, -1, -1, -1, -1, -1, -1, -1, -1, -1, -1, -1, -1, -1, -1, -1, -1, -1, -1, -1, -1, -1, -1, -1, -1, -1, -1, -1, -1, -1, -1, -1, -1, -1, -1, -1, -1, -1, -1, -1, -1, -1, -1, -1, -1, -1, -1, -1, -1, -1, -1, -1, -1, -1, -1, -1, -1, -1, -1, -1, -1, -1, -1, -1, -1, -1, -1, -1, -1, -1, -1, -1, -1, -1, -1, -1, -1, -1, -1, -1, -1, -1, -1, -1, -1, -1, -1, -1, -1, -1, -1, -1, -1, -1, -1, -1, -1, -1, -1, -1, -1, -1, -1, -1, -1, -1, -1, -1, -1, -1, -1, -1, -1, -1, -1, -1, -1, -1, -1, -1, -1, -1, -1, -1, -1, -1, -1, -1, -1, -1, -1, -1, -1, -1, -1, -1, -1, -1, -1, -1, -1, -1, -1, -1, -1, -1, -1, -1, -1, -1, -1, -1, -1, -1, -1, -1, -1, -1, -1, -1, -1, -1, -1, -1, -1, -1, -1, -1, -1, -1, -1, -1, -1, -1, -1, -1, -1, -1, -1, -1, -1, -1, -1, -1, -1, -1, -1, -1, -1, -1, -1, -1, -1, -1, -1, -1, -1, -1, -1, -1, -1, -1, -1, -1, -1, -1, -1, -1, -1, -1, -1, -1, -1, -1, -1, -1, -1, -1, -1, -1, -1, -1, -1, -1, -1, -1, -1, -1, -1, -1, -1, -1, -1, -1, -1, -1, -1, -1, -1, -1, -1, -1, -1, -1, -1, -1, -1, -1, -1, -1, -1, -1, -1, -1, -1, -1, -1, -1, -1, -1, -1, -1, -1, -1, -1, -1, -1, -1, -1, -1, -1, -1, -1, -1, -1, -1, -1, -1, -1, -1, -1, -1, -1, -1, -1, -1, -1, -1, -1, -1, -1, -1, -1, -1, -1, -1, -1, -1, -1, -1, -1, -1, -1, -1, -1, -1, -1, -1, -1, -1, -1, -1, -1, -1, -1, -1, -1, -1, -1, -1, -1, -1, -1, -1, -1, -1, -1, -1, -1, -1, -1, -1, -1, -1, -1, -1, -1, -1, -1, -1, -1, -1, -1, -1, -1, -1, -1, -1, -1, -1, -1, -1, -1, -1, -1, -1, -1, -1, -1, -1, -1, -1, -1, -1, -1, -1, -1, -1, -1, -1, -1, -1, -1, -1, -1, -1, -1, -1, -1, -1, -1, -1, -1, -1, -1, -1, -1, -1, -1, -1, -1, -1, -1, -1, -1, -1, -1, -1, -1, -1, -1, -1, -1, -1, -1, -1, -1, -1, -1, -1, -1, -1, -1, -1, -1, -1, -1, -1, -1, -1, -1, -1, -1, -1, -1, -1, -1, -1, -1, -1, -1, -1, -1, -1, -1, -1, -1, -1, -1, -1, -1, -1, -1, -1, -1, -1, -1, -1, -1, -1, -1, -1, -1, -1, -1, -1, -1, -1, -1, -1, -1, -1, -1, -1, -1, -1, -1, -1, -1, -1, -1, -1, -1, -1, -1, -1, -1, -1, -1, -1, -1, -1, -1, -1, -1, -1, -1, -1, -1, -1, -1, -1, -1, -1, -1, -1, -1, -1, -1, -1, -1, -1, -1, -1, -1, -1, -1, -1, -1, -1, -1, -1, -1, -1, -1, -1, -1, -1, -1, -1, -1, -1, -1, -1, -1, -1, -1, -1, -1, -1, -1, -1, -1, -1, -1, -1, -1, -1, -1, -1, -1, -1, -1, -1, -1, -1, -1, -1, -1, -1, -1, -1, -1, -1, -1, -1, -1, -1, -1, -1, -1, -1, -1, -1, -1, -1, -1, -1, -1, -1, -1, -1, -1, -1, -1, -1, -1, -1, -1, -1, -1, -1, -1, -1, -1, -1, -1, -1, -1, -1, -1, -1, -1, -1, -1, -1, -1, -1, -1, -1, -1, -1, -1, -1, -1, -1, -1, -1, -1, -1, -1, -1, -1, -1, -1, -1, -1, -1, -1, -1, -1, -1, -1, -1, -1, -1, -1, -1, -1, -1, -1, -1, -1, -1, -1, -1, -1, -1, -1, -1, -1, -1, -1, -1, -1, -1, -1, -1, -1, -1, -1, -1, -1, -1, -1, -1, -1, -1, -1, -1, -1, -1, -1, -1, -1, -1, -1, -1, -1, -1, -1, -1, -1, -1, -1, -1, -1, -1, -1, -1, -1, -1, -1, -1, -1, -1, -1, -1, -1, -1, -1, -1, -1, -1, -1, -1, -1, -1, -1, -1, -1, -1, -1, -1, -1, -1, -1, -1, -1, -1, -1, -1, -1, -1, -1, -1, -1, -1, -1, -1, -1, -1, -1, -1, -1, -1, -1, -1, -1, -1, -1, -1, -1, -1, -1, -1, -1, -1, -1, -1, -1, -1, -1, -1, -1, -1, -1, -1, -1, -1, -1, -1, -1, -1, -1, -1, -1, -1, -1, -1, -1, -1, -1, -1, -1, -1, 16, 16, 16, 16, 16, -1, 16, 16, 16, 16, 16, 16, 16, -1, 16, 16, 16, 16, 16, 16, 16, 16, 16, 16, 16, -1, 16, 16, 16, 16, 16, 16, -1, 16, 16, 16, 16, 16, 16, 16, 16, 16, 16, 16, 16, 16, -1, 16, 16, 16, 16, 16, 16, 16, 17, 17, 17, 17, 17, -1, 17, 17, 17, 17, 17, 17, 17, -1, 17, 17, 17, 17, 17, 17, 17, 17, 17, 17, 17, -1, 17, 17, 17, 17, 17, 17, -1, 17, 17, 17, 17, 17, 17, 17, 17, 17, 17, 17, 17, 17, -1, 17, 17, 17, 17, 17, 17, 17, 18, 18, 18, 18, 18, -1, 18, 18, 18, 18, 18, 18, 18, -1, 18, 18, 18, 18, 18, 18, 18, 18, 18, 18, 18, -1, 18, 18, 18, 18, 18, 18, -1, 18, 18, 18, 18, 18, 18, 18, 18, 18, 18, 18, 18, 18, -1, 18, 18, 18, 18, 18, 18, 18, 19, 19, 19, 19, 19, -1, 19, 19, 19, 19, 19, 19, 19, -1, 19, 19, 19, 19, 19, 19, 19, 19, 19, 19, 19, -1, 19, 19, 19, 19, 19, 19, -1, 19, 19, 19, 19, 19, 19, 19, 19, 19, 19, 19, 19, 19, -1, 19, 19, 19, 19, 19, 19, 19, 20, 20, 20, 20, 20, -1, 20, 20, 20, 20, 20, 20, 20, -1, 20, 20, 20, 20, 20, 20, 20, 20, 20, 20, 20, -1, 20, 20, 20, 20, 20, 20, -1, 20, 20, 20, 20, 20, 20, 20, 20, 20, 20, 20, 20, 20, -1, 20, 20, 20, 20, 20, 20, 20, 21, 21, 21, 21, 21, -1, 21, 21, 21, 21, 21, 21, 21, -1, 21, 21, 21, 21, 21, 21, 21, 21, 21, 21, 21, -1, 21, 21, 21, 21, 21, 21, -1, 21, 21, 21, 21, 21, 21, 21, 21, 21, 21, 21, 21, 21, -1, 21, 21, 21, 21, 21, 21, 21, 22, 22, 22, 22, 22, -1, 22, 22, 22, 22, 22, 22, 22, -1, 22, 22, 22, 22, 22, 22, 22, 22, 22, 22, 22, -1, 22, 22, 22, 22, 22, 22, -1, 22, 22, 22, 22, 22, 22, 22, 22, 22, 22, 22, 22, 22, -1, 22, 22, 22, 22, 22, 22, 22, 23, 23, 23, 23, 23, -1, 23, 23, 23, 23, 23, 23, 23, -1, 23, 23, 23, 23, 23, 23, 23, 23, 23, 23, 23, -1, 23, 23, 23, 23, 23, 23, -1, 23, 23, 23, 23, 23, 23, 23, 23, 23, 23, 23, 23, 23, -1, 23, 23, 23, 23, 23, 23, 23, 16, 16, 16, 16, 16, 16, 16, 16, 16, 16, 16, 16, 16, 16, 16, 16, 16, 16, 16, 16, 16, 16, 16, 16, 16, 16, 16, 16, 16, 16, 16, 16, 16, 16, 16, 16, 16, 16, 16, 16, 16, 16, 16, 16, 16, 16, 16, 16, 16, 16, 16, 16, 16, 16, 17, 17, 17, 17, 17, 17, 17, 17, 17, 17, 17, 17, 17, 17, 17, 17, 17, 17, 17, 17, 17, 17, 17, 17, 17, 17, 17, 17, 17, 17, 17, 17, 17, 17, 17, 17, 17, 17, 17, 17, 17, 17, 17, 17, 17, 17, 17, 17, 17, 17, 17, 17, 17, 17, 18, 18, 18, 18, 18, 18, 18, 18, 18, 18, 18, 18, 18, 18, 18, 18, 18, 18, 18, 18, 18, 18, 18, 18, 18, 18, 18, 18, 18, 18, 18, 18, 18, 18, 18, 18, 18, 18, 18, 18, 18, 18, 18, 18, 18, 18, 18, 18, 18, 18, 18, 18, 18, 18, 19, 19, 19, 19, 19, 19, 19, 19, 19, 19, 19, 19, 19, 19, 19, 19, 19, 19, 19, 19, 19, 19, 19, 19, 19, 19, 19, 19, 19, 19, 19, 19, 19, 19, 19, 19, 19, 19, 19, 19, 19, 19, 19, 19, 19, 19, 19, 19, 19, 19, 19, 19, 19, 19, 20, 20, 20, 20, 20, 20, 20, 20, 20, 20, 20, 20, 20, 20, 20, 20, 20, 20, 20, 20, 20, 20, 20, 20, 20, 20, 20, 20, 20, 20, 20, 20, 20, 20, 20, 20, 20, 20, 20, 20, 20, 20, 20, 20, 20, 20, 20, 20, 20, 20, 20, 20, 20, 20, 21, 21, 21, 21, 21, 21, 21, 21, 21, 21, 21, 21, 21, 21, 21, 21, 21, 21, 21, 21, 21, 21, 21, 21, 21, 21, 21, 21, 21, 21, 21, 21, 21, 21, 21, 21, 21, 21, 21, 21, 21, 21, 21, 21, 21, 21, 21, 21, 21, 21, 21, 21, 21, 21, 22, 22, 22, 22, 22, 22, 22, 22, 22, 22, 22, 22, 22, 22, 22, 22, 22, 22, 22, 22, 22, 22, 22, 22, 22, 22, 22, 22, 22, 22, 22, 22, 22, 22, 22, 22, 22, 22, 22, 22, 22, 22, 22, 22, 22, 22, 22, 22, 22, 22, 22, 22, 22, 22, 23, 23, 23, 23, 23, 23, 23, 23, 23, 23, 23, 23, 23, 23, 23, 23, 23, 23, 23, 23, 23, 23, 23, 23, 23, 23, 23, 23, 23, 23, 23, 23, 23, 23, 23, 23, 23, 23, 23, 23, 23, 23, 23, 23, 23, 23, 23, 23, 23, 23, 23, 23, 23, 23, 16, 16, 16, 16, 16, 16, 16, 16, 16, 16, 16, 16, 16, 16, 16, 16, 16, 16, 16, 16, 16, 16, 16, 16, 16, 16, 16, 16, 16, 16, 16, 16, 16, 16, 16, 16, 16, 16, 16, 16, 16, 16, 16, 16, 16, 16, 16, 16, 16, 16, 16, 16, 16, 16, 17, 17, 17, 17, 17, 17, 17, 17, 17, 17, 17, 17, 17, 17, 17, 17, 17, 17, 17, 17, 17, 17, 17, 17, 17, 17, 17, 17, 17, 17, 17, 17, 17, 17, 17, 17, 17, 17, 17, 17, 17, 17, 17, 17, 17, 17, 17, 17, 17, 17, 17, 17, 17, 17, 18, 18, 18, 18, 18, 18, 18, 18, 18, 18, 18, 18, 18, 18, 18, 18, 18, 18, 18, 18, 18, 18, 18, 18, 18, 18, 18, 18, 18, 18, 18, 18, 18, 18, 18, 18, 18, 18, 18, 18, 18, 18, 18, 18, 18, 18, 18, 18, 18, 18, 18, 18, 18, 18, 19, 19, 19, 19, 19, 19, 19, 19, 19, 19, 19, 19, 19, 19, 19, 19, 19, 19, 19, 19, 19, 19, 19, 19, 19, 19, 19, 19, 19, 19, 19, 19, 19, 19, 19, 19, 19, 19, 19, 19, 19, 19, 19, 19, 19, 19, 19, 19, 19, 19, 19, 19, 19, 19, 20, 20, 20, 20, 20, 20, 20, 20, 20, 20, 20, 20, 20, 20, 20, 20, 20, 20, 20, 20, 20, 20, 20, 20, 20, 20, 20, 20, 20, 20, 20, 20, 20, 20, 20, 20, 20, 20, 20, 20, 20, 20, 20, 20, 20, 20, 20, 20, 20, 20, 20, 20, 20, 20, 21, 21, 21, 21, 21, 21, 21, 21, 21, 21, 21, 21, 21, 21, 21, 21, 21, 21, 21, 21, 21, 21, 21, 21, 21, 21, 21, 21, 21, 21, 21, 21, 21, 21, 21, 21, 21, 21, 21, 21, 21, 21, 21, 21, 21, 21, 21, 21, 21, 21, 21, 21, 21, 21, 22, 22, 22, 22, 22, 22, 22, 22, 22, 22, 22, 22, 22, 22, 22, 22, 22, 22, 22, 22, 22, 22, 22, 22, 22, 22, 22, 22, 22, 22, 22, 22, 22, 22, 22, 22, 22, 22, 22, 22, 22, 22, 22, 22, 22, 22, 22, 22, 22, 22, 22, 22, 22, 22, 23, 23, 23, 23, 23, 23, 23, 23, 23, 23, 23, 23, 23, 23, 23, 23, 23, 23, 23, 23, 23, 23, 23, 23, 23, 23, 23, 23, 23, 23, 23, 23, 23, 23, 23, 23, 23, 23, 23, 23, 23, 23, 23, 23, 23, 23, 23, 23, 23, 23, 23, 23, 23, 23, -1, -1, -1, -1, -1, -1, -1, -1, -1, -1, -1, -1, -1, -1, -1, -1, -1, -1, -1, -1, -1, -1, -1, -1, -1, -1, -1, -1, -1, -1, -1, -1, -1, -1, -1, -1, -1, -1, -1, -1, -1, -1, -1, -1, -1, -1, -1, -1, -1, -1, -1, -1, -1, -1, -1, -1, -1, -1, -1, -1, -1, -1, -1, -1, -1, -1, -1, -1, -1, -1, -1, -1, -1, -1, -1, -1, -1, -1, -1, -1, -1, -1, -1, -1, -1, -1, -1, -1, -1, -1, -1, -1, -1, -1, -1, -1, -1, -1, -1, -1, -1, -1, -1, -1, -1, -1, -1, -1, -1, -1, -1, -1, -1, -1, -1, -1, -1, -1, -1, -1, -1, -1, -1, -1, -1, -1, -1, -1, -1, -1, -1, -1, -1, -1, -1, -1, -1, -1, -1, -1, -1, -1, -1, -1, -1, -1, -1, -1, -1, -1, -1, -1, -1, -1, -1, -1, -1, -1, -1, -1, -1, -1, -1, -1, -1, -1, -1, -1, -1, -1, -1, -1, -1, -1, -1, -1, -1, -1, -1, -1, -1, -1, -1, -1, -1, -1, -1, -1, -1, -1, -1, -1, -1, -1, -1, -1, -1, -1, -1, -1, -1, -1, -1, -1, -1, -1, -1, -1, -1, -1, -1, -1, -1, -1, -1, -1, -1, -1, -1, -1, -1, -1, -1, -1, -1, -1, -1, -1, -1, -1, -1, -1, -1, -1, -1, -1, -1, -1, -1, -1, -1, -1, -1, -1, -1, -1, -1, -1, -1, -1, -1, -1, -1, -1, -1, -1, -1, -1, -1, -1, -1, -1, -1, -1, -1, -1, -1, -1, -1, -1, -1, -1, -1, -1, -1, -1, -1, -1, -1, -1, -1, -1, -1, -1, -1, -1, -1, -1, -1, -1, -1, -1, -1, -1, -1, -1, -1, -1, -1, -1, -1, -1, -1, -1, -1, -1, -1, -1, -1, -1, -1, -1, -1, -1, -1, -1, -1, -1, -1, -1, -1, -1, -1, -1, -1, -1, -1, -1, -1, -1, -1, -1, -1, -1, -1, -1, -1, -1, -1, -1, -1, -1, -1, -1, -1, -1, -1, -1, -1, -1, -1, -1, -1, -1, -1, -1, -1, -1, -1, -1, -1, -1, -1, -1, -1, -1, -1, -1, -1, -1, -1, -1, -1, -1, -1, -1, -1, -1, -1, -1, -1, -1, -1, -1, -1, -1, -1, -1, -1, -1, -1, -1, -1, -1, -1, -1, -1, -1, -1, -1, -1, -1, -1, -1, -1, -1, -1, -1, -1, -1, -1, -1, -1, -1, -1, -1, -1, -1, -1, -1, -1, -1, -1, -1, -1, -1, -1, -1, -1, -1, -1, -1, -1, -1, -1, -1, -1, -1, -1, -1, -1, -1, -1, -1, -1, -1, -1, -1, -1, -1, -1, -1, -1, -1, -1, -1, -1, -1, -1, -1, -1, -1, -1, -1, -1, -1, -1, -1, -1, -1, -1, -1, -1, -1, -1, -1, -1, -1, -1, -1, -1, -1, -1, -1, -1, -1, -1, -1, -1, -1, -1, -1, -1, -1, -1, -1, -1, -1, -1, -1, -1, -1, -1, -1, -1, -1, -1, -1, -1, -1, -1, -1, -1, -1, -1, -1, -1, -1, -1, -1, -1, -1, -1, -1, -1, -1, -1, -1, -1, -1, -1, -1, -1, -1, -1, -1, -1, -1, -1, -1, -1, -1, -1, -1, -1, -1, -1, -1, -1, -1, -1, -1, -1, -1, -1, -1, -1, -1, -1, -1, -1, -1, -1, -1, -1, -1, -1, -1, -1, -1, -1, -1, -1, -1, -1, -1, -1, -1, -1, -1, -1, -1, -1, -1, -1, -1, -1, -1, -1, -1, -1, -1, -1, -1, -1, -1, -1, -1, -1, -1, -1, -1, -1, -1, -1, -1, -1, -1, -1, -1, -1, -1, -1, -1, -1, -1, -1, -1, -1, -1, -1, -1, -1, -1, -1, -1, -1, -1, -1, -1, -1, -1, -1, -1, -1, -1, -1, -1, -1, -1, -1, -1, -1, -1, -1, -1, -1, -1, -1, -1, -1, -1, -1, -1, -1, -1, -1, -1, -1, -1, -1, -1, -1, -1, -1, -1, -1, -1, -1, -1, -1, -1, -1, -1, -1, -1, -1, -1, -1, -1, -1, -1, -1, -1, -1, -1, -1, -1, -1, -1, -1, -1, -1, -1, -1, -1, -1, -1, -1, -1, -1, -1, -1, -1, -1, -1, -1, -1, -1, -1, -1, -1, -1, -1, -1, -1, -1, -1, -1, -1, -1, -1, -1, -1, -1, -1, -1, -1, -1, -1, -1, -1, -1, -1, -1, -1, -1, -1, -1, -1, -1, -1, -1, -1, -1, -1, -1, -1, -1, -1, -1, -1, -1, -1, -1, -1, -1, -1, -1, -1, -1, -1, -1, -1, -1, -1, -1, -1, -1, -1, -1, -1, -1, -1, -1, -1, -1, -1, -1, -1, -1, -1, -1, -1, -1, -1, -1, -1, -1, -1, -1, -1, -1, -1, -1, -1, -1, -1, -1, -1, -1, -1, -1, -1, -1, -1, -1, -1, -1, -1, -1, -1, -1, -1, -1, -1, -1, -1, -1, -1, -1, -1, -1, -1, -1, -1, -1, -1, -1, -1, -1, -1, -1, -1, -1, -1, -1, -1, -1, -1, -1, -1, -1, -1, -1, -1, -1, -1, -1, -1, -1, -1, -1, -1, -1, -1, -1, -1, -1, -1, -1, -1, -1, -1, -1, -1, -1, -1, -1, -1, -1, -1, -1, -1, -1, -1, -1, -1, -1, -1, -1, -1, -1, -1, -1, -1, -1, -1, -1, -1, -1, -1, -1, -1, -1, -1, -1, -1, -1, -1, -1, -1, -1, -1, -1, -1, -1, -1, -1, -1, -1, -1, -1, -1, -1, -1, -1, -1, -1, -1, -1, -1, -1, -1, -1, -1, -1, -1, -1, -1, -1, -1, -1, -1, -1, -1, -1, -1, -1, -1, -1, -1, -1, -1, -1, -1, -1, -1, -1, -1, -1, -1, -1, -1, -1, -1, -1, -1, -1, -1, -1, -1, -1, -1, -1, -1, -1, -1, -1, -1, -1, -1, -1, -1, -1, -1, -1, -1, -1, -1, -1, -1, -1, -1, -1, -1, -1, -1, -1, -1, -1, -1, -1, -1, -1, -1, -1, -1, -1, -1, -1, -1, -1, -1, -1, -1, -1, -1, -1, -1, -1, -1, -1, -1, -1, -1, -1, -1, -1, -1, -1, -1, -1, -1, -1, -1, -1, -1, -1, -1, -1, -1, -1, -1, -1, -1, -1, -1, -1, -1, -1, -1, -1, -1, -1, -1, -1, -1, -1, -1, -1, -1, -1, -1, -1, -1, -1, -1, -1, -1, -1, -1, -1, -1, -1, -1, -1, -1, -1, -1, -1, -1, -1, -1, -1, -1, -1, -1, -1, -1, -1, -1, -1, -1, -1, -1, -1, -1, -1, -1, -1, -1, -1, -1, -1, -1, -1, -1, -1, -1, -1, -1, -1, -1, -1, -1, -1, -1, -1, -1, -1, -1, -1, -1, -1, -1, -1, -1, -1, -1, -1, -1, -1, -1, -1, -1, -1, -1, -1, -1, -1, -1, -1, -1, -1, -1, -1, -1, -1, -1, -1, -1, -1, -1, -1, -1, -1, -1, -1, -1, -1, -1, -1, -1, -1, -1, -1, -1, -1, -1, -1, -1, -1, -1, -1, -1, -1, -1, -1, -1, -1, -1, -1, -1, -1, -1, -1, -1, -1, -1, -1, -1, -1, -1, -1, -1, -1, -1, -1, -1, -1, -1, -1, -1, -1, -1, -1, -1, -1, -1, -1, -1, -1, -1, -1, -1, -1, -1, -1, -1, -1, -1, -1, -1, -1, -1, -1, -1, -1, -1, -1, -1, -1, -1, -1, -1, -1, -1, -1, -1, -1, -1, -1, -1, -1, -1, -1, -1, -1, -1, -1, -1, -1, -1, -1, -1, -1, -1, -1, -1, -1, -1, -1, -1, -1, -1, -1, -1, -1, -1, -1, -1, -1, -1, -1, -1, -1, -1, -1, -1, -1, -1, -1, -1, -1, -1, -1, -1, -1, -1, -1, -1, -1, -1, -1, -1, -1, -1, -1, -1, -1, -1, -1, -1, -1, -1, -1, -1, -1, -1, -1, -1, -1, -1, -1, -1, -1, -1, -1, -1, -1, -1, -1, -1, -1, -1, -1, -1, -1, -1, -1, -1, -1, -1, -1, -1, -1, -1, -1, -1, -1, -1, -1, -1, -1, -1, -1, -1, -1, -1, -1, -1, -1, -1, -1, -1, -1, -1, -1, -1, -1, -1, -1, -1, -1, -1, -1, -1, -1, -1, -1, -1, -1, -1, -1, -1, -1, -1, -1, -1, -1, -1, -1, -1, -1, -1, -1, -1, -1, -1, -1, -1, -1, -1, -1, -1, -1, -1, -1, -1, -1, -1, -1, -1, -1, -1, -1, -1, -1, -1, 24, 24, 24, 24, 24, -1, 24, 24, 24, 24, 24, 24, 24, -1, 24, 24, 24, 24, 24, 24, 24, 24, 24, 24, 24, -1, 24, 24, 24, 24, 24, 24, -1, 24, 24, 24, 24, 24, 24, 24, 24, 24, 24, 24, 24, 24, -1, 24, 24, 24, 24, 24, 24, 24, 25, 25, 25, 25, 25, -1, 25, 25, 25, 25, 25, 25, 25, -1, 25, 25, 25, 25, 25, 25, 25, 25, 25, 25, 25, -1, 25, 25, 25, 25, 25, 25, -1, 25, 25, 25, 25, 25, 25, 25, 25, 25, 25, 25, 25, 25, -1, 25, 25, 25, 25, 25, 25, 25, 26, 26, 26, 26, 26, -1, 26, 26, 26, 26, 26, 26, 26, -1, 26, 26, 26, 26, 26, 26, 26, 26, 26, 26, 26, -1, 26, 26, 26, 26, 26, 26, -1, 26, 26, 26, 26, 26, 26, 26, 26, 26, 26, 26, 26, 26, -1, 26, 26, 26, 26, 26, 26, 26, 27, 27, 27, 27, 27, -1, 27, 27, 27, 27, 27, 27, 27, -1, 27, 27, 27, 27, 27, 27, 27, 27, 27, 27, 27, -1, 27, 27, 27, 27, 27, 27, -1, 27, 27, 27, 27, 27, 27, 27, 27, 27, 27, 27, 27, 27, -1, 27, 27, 27, 27, 27, 27, 27, 28, 28, 28, 28, 28, -1, 28, 28, 28, 28, 28, 28, 28, -1, 28, 28, 28, 28, 28, 28, 28, 28, 28, 28, 28, -1, 28, 28, 28, 28, 28, 28, -1, 28, 28, 28, 28, 28, 28, 28, 28, 28, 28, 28, 28, 28, -1, 28, 28, 28, 28, 28, 28, 28, 29, 29, 29, 29, 29, -1, 29, 29, 29, 29, 29, 29, 29, -1, 29, 29, 29, 29, 29, 29, 29, 29, 29, 29, 29, -1, 29, 29, 29, 29, 29, 29, -1, 29, 29, 29, 29, 29, 29, 29, 29, 29, 29, 29, 29, 29, -1, 29, 29, 29, 29, 29, 29, 29, 30, 30, 30, 30, 30, -1, 30, 30, 30, 30, 30, 30, 30, -1, 30, 30, 30, 30, 30, 30, 30, 30, 30, 30, 30, -1, 30, 30, 30, 30, 30, 30, -1, 30, 30, 30, 30, 30, 30, 30, 30, 30, 30, 30, 30, 30, -1, 30, 30, 30, 30, 30, 30, 30, 31, 31, 31, 31, 31, -1, 31, 31, 31, 31, 31, 31, 31, -1, 31, 31, 31, 31, 31, 31, 31, 31, 31, 31, 31, -1, 31, 31, 31, 31, 31, 31, -1, 31, 31, 31, 31, 31, 31, 31, 31, 31, 31, 31, 31, 31, -1, 31, 31, 31, 31, 31, 31, 31, 24, 24, 24, 24, 24, 24, 24, 24, 24, 24, 24, 24, 24, 24, 24, 24, 24, 24, 24, 24, 24, 24, 24, 24, 24, 24, 24, 24, 24, 24, 24, 24, 24, 24, 24, 24, 24, 24, 24, 24, 24, 24, 24, 24, 24, 24, 24, 24, 24, 24, 24, 24, 24, 24, 25, 25, 25, 25, 25, 25, 25, 25, 25, 25, 25, 25, 25, 25, 25, 25, 25, 25, 25, 25, 25, 25, 25, 25, 25, 25, 25, 25, 25, 25, 25, 25, 25, 25, 25, 25, 25, 25, 25, 25, 25, 25, 25, 25, 25, 25, 25, 25, 25, 25, 25, 25, 25, 25, 26, 26, 26, 26, 26, 26, 26, 26, 26, 26, 26, 26, 26, 26, 26, 26, 26, 26, 26, 26, 26, 26, 26, 26, 26, 26, 26, 26, 26, 26, 26, 26, 26, 26, 26, 26, 26, 26, 26, 26, 26, 26, 26, 26, 26, 26, 26, 26, 26, 26, 26, 26, 26, 26, 27, 27, 27, 27, 27, 27, 27, 27, 27, 27, 27, 27, 27, 27, 27, 27, 27, 27, 27, 27, 27, 27, 27, 27, 27, 27, 27, 27, 27, 27, 27, 27, 27, 27, 27, 27, 27, 27, 27, 27, 27, 27, 27, 27, 27, 27, 27, 27, 27, 27, 27, 27, 27, 27, 28, 28, 28, 28, 28, 28, 28, 28, 28, 28, 28, 28, 28, 28, 28, 28, 28, 28, 28, 28, 28, 28, 28, 28, 28, 28, 28, 28, 28, 28, 28, 28, 28, 28, 28, 28, 28, 28, 28, 28, 28, 28, 28, 28, 28, 28, 28, 28, 28, 28, 28, 28, 28, 28, 29, 29, 29, 29, 29, 29, 29, 29, 29, 29, 29, 29, 29, 29, 29, 29, 29, 29, 29, 29, 29, 29, 29, 29, 29, 29, 29, 29, 29, 29, 29, 29, 29, 29, 29, 29, 29, 29, 29, 29, 29, 29, 29, 29, 29, 29, 29, 29, 29, 29, 29, 29, 29, 29, 30, 30, 30, 30, 30, 30, 30, 30, 30, 30, 30, 30, 30, 30, 30, 30, 30, 30, 30, 30, 30, 30, 30, 30, 30, 30, 30, 30, 30, 30, 30, 30, 30, 30, 30, 30, 30, 30, 30, 30, 30, 30, 30, 30, 30, 30, 30, 30, 30, 30, 30, 30, 30, 30, 31, 31, 31, 31, 31, 31, 31, 31, 31, 31, 31, 31, 31, 31, 31, 31, 31, 31, 31, 31, 31, 31, 31, 31, 31, 31, 31, 31, 31, 31, 31, 31, 31, 31, 31, 31, 31, 31, 31, 31, 31, 31, 31, 31, 31, 31, 31, 31, 31, 31, 31, 31, 31, 31, 24, 24, 24, 24, 24, 24, 24, 24, 24, 24, 24, 24, 24, 24, 24, 24, 24, 24, 24, 24, 24, 24, 24, 24, 24, 24, 24, 24, 24, 24, 24, 24, 24, 24, 24, 24, 24, 24, 24, 24, 24, 24, 24, 24, 24, 24, 24, 24, 24, 24, 24, 24, 24, 24, 25, 25, 25, 25, 25, 25, 25, 25, 25, 25, 25, 25, 25, 25, 25, 25, 25, 25, 25, 25, 25, 25, 25, 25, 25, 25, 25, 25, 25, 25, 25, 25, 25, 25, 25, 25, 25, 25, 25, 25, 25, 25, 25, 25, 25, 25, 25, 25, 25, 25, 25, 25, 25, 25, 26, 26, 26, 26, 26, 26, 26, 26, 26, 26, 26, 26, 26, 26, 26, 26, 26, 26, 26, 26, 26, 26, 26, 26, 26, 26, 26, 26, 26, 26, 26, 26, 26, 26, 26, 26, 26, 26, 26, 26, 26, 26, 26, 26, 26, 26, 26, 26, 26, 26, 26, 26, 26, 26, 27, 27, 27, 27, 27, 27, 27, 27, 27, 27, 27, 27, 27, 27, 27, 27, 27, 27, 27, 27, 27, 27, 27, 27, 27, 27, 27, 27, 27, 27, 27, 27, 27, 27, 27, 27, 27, 27, 27, 27, 27, 27, 27, 27, 27, 27, 27, 27, 27, 27, 27, 27, 27, 27, 28, 28, 28, 28, 28, 28, 28, 28, 28, 28, 28, 28, 28, 28, 28, 28, 28, 28, 28, 28, 28, 28, 28, 28, 28, 28, 28, 28, 28, 28, 28, 28, 28, 28, 28, 28, 28, 28, 28, 28, 28, 28, 28, 28, 28, 28, 28, 28, 28, 28, 28, 28, 28, 28, 29, 29, 29, 29, 29, 29, 29, 29, 29, 29, 29, 29, 29, 29, 29, 29, 29, 29, 29, 29, 29, 29, 29, 29, 29, 29, 29, 29, 29, 29, 29, 29, 29, 29, 29, 29, 29, 29, 29, 29, 29, 29, 29, 29, 29, 29, 29, 29, 29, 29, 29, 29, 29, 29, 30, 30, 30, 30, 30, 30, 30, 30, 30, 30, 30, 30, 30, 30, 30, 30, 30, 30, 30, 30, 30, 30, 30, 30, 30, 30, 30, 30, 30, 30, 30, 30, 30, 30, 30, 30, 30, 30, 30, 30, 30, 30, 30, 30, 30, 30, 30, 30, 30, 30, 30, 30, 30, 30, 31, 31, 31, 31, 31, 31, 31, 31, 31, 31, 31, 31, 31, 31, 31, 31, 31, 31, 31, 31, 31, 31, 31, 31, 31, 31, 31, 31, 31, 31, 31, 31, 31, 31, 31, 31, 31, 31, 31, 31, 31, 31, 31, 31, 31, 31, 31, 31, 31, 31, 31, 31, 31, 31, -1, -1, -1, -1, -1, -1, -1, -1, -1, -1, -1, -1, -1, -1, -1, -1, -1, -1, -1, -1, -1, -1, -1, -1, -1, -1, -1, -1, -1, -1, -1, -1, -1, -1, -1, -1, -1, -1, -1, -1, -1, -1, -1, -1, -1, -1, -1, -1, -1, -1, -1, -1, -1, -1, -1, -1, -1, -1, -1, -1, -1, -1, -1, -1, -1, -1, -1, -1, -1, -1, -1, -1, -1, -1, -1, -1, -1, -1, -1, -1, -1, -1, -1, -1, -1, -1, -1, -1, -1, -1, -1, -1, -1, -1, -1, -1, -1, -1, -1, -1, -1, -1, -1, -1, -1, -1, -1, -1, -1, -1, -1, -1, -1, -1, -1, -1, -1, -1, -1, -1, -1, -1, -1, -1, -1, -1, -1, -1, -1, -1, -1, -1, -1, -1, -1, -1, -1, -1, -1, -1, -1, -1, -1, -1, -1, -1, -1, -1, -1, -1, -1, -1, -1, -1, -1, -1, -1, -1, -1, -1, -1, -1, -1, -1, -1, -1, -1, -1, -1, -1, -1, -1, -1, -1, -1, -1, -1, -1, -1, -1, -1, -1, -1, -1, -1, -1, -1, -1, -1, -1, -1, -1, -1, -1, -1, -1, -1, -1, -1, -1, -1, -1, -1, -1, -1, -1, -1, -1, -1, -1, -1, -1, -1, -1, -1, -1, -1, -1, -1, -1, -1, -1, -1, -1, -1, -1, -1, -1, -1, -1, -1, -1, -1, -1, -1, -1, -1, -1, -1, -1, -1, -1, -1, -1, -1, -1, -1, -1, -1, -1, -1, -1, -1, -1, -1, -1, -1, -1, -1, -1, -1, -1, -1, -1, -1, -1, -1, -1, -1, -1, -1, -1, -1, -1, -1, -1, -1, -1, -1, -1, -1, -1, -1, -1, -1, -1, -1, -1, -1, -1, -1, -1, -1, -1, -1, -1, -1, -1, -1, -1, -1, -1, -1, -1, -1, -1, -1, -1, -1, -1, -1, -1, -1, -1, -1, -1, -1, -1, -1, -1, -1, -1, -1, -1, -1, -1, -1, -1, -1, -1, -1, -1, -1, -1, -1, -1, -1, -1, -1, -1, -1, -1, -1, -1, -1, -1, -1, -1, -1, -1, -1, -1, -1, -1, -1, -1, -1, -1, -1, -1, -1, -1, -1, -1, -1, -1, -1, -1, -1, -1, -1, -1, -1, -1, -1, -1, -1, -1, -1, -1, -1, -1, -1, -1, -1, -1, -1, -1, -1, -1, -1, -1, -1, -1, -1, -1, -1, -1, -1, -1, -1, -1, -1, -1, -1, -1, -1, -1, -1, -1, -1, -1, -1, -1, -1, -1, -1, -1, -1, -1, -1, -1, -1, -1, -1, -1, -1, -1, -1, -1, -1, -1, -1, -1, -1, -1, -1, -1, -1, -1, -1, -1, -1, -1, -1, -1, -1, -1, -1, -1, -1, -1, -1, -1, -1, -1, -1, -1, -1, -1, -1, -1, -1, -1, -1, -1, -1, -1, -1, -1, -1, -1, -1, -1, -1, -1, -1, -1, -1, -1, -1, -1, -1, -1, -1, -1, -1, -1, -1, -1, -1, -1, -1, -1, -1, -1, -1, -1, -1, -1, -1, -1, -1, -1, -1, -1, -1, -1, -1, -1, -1, -1, -1, -1, -1, -1, -1, -1, -1, -1, -1, -1, -1, -1, -1, -1, -1, -1, -1, -1, -1, -1, -1, -1, -1, -1, -1, -1, -1, -1, -1, -1, -1, -1, -1, -1, -1, -1, -1, -1, -1, -1, -1, -1, -1, -1, -1, -1, -1, -1, -1, -1, -1, -1, -1, -1, -1, -1, -1, -1, -1, -1, -1, -1, -1, -1, -1, -1, -1, -1, -1, -1, -1, -1, -1, -1, -1, -1, -1, -1, -1, -1, -1, -1, -1, -1, -1, -1, -1, -1, -1, -1, -1, -1, -1, -1, -1, -1, -1, -1, -1, -1, -1, -1, -1, -1, -1, -1, -1, -1, -1, -1, -1, -1, -1, -1, -1, -1, -1, -1, -1, -1, -1, -1, -1, -1, -1, -1, -1, -1, -1, -1, -1, -1, -1, -1, -1, -1, -1, -1, -1, -1, -1, -1, -1, -1, -1, -1, -1, -1, -1, -1, -1, -1, -1, -1, -1, -1, -1, -1, -1, -1, -1, -1, -1, -1, -1, -1, -1, -1, -1, -1, -1, -1, -1, -1, -1, -1, -1, -1, -1, -1, -1, -1, -1, -1, -1, -1, -1, -1, -1, -1, -1, -1, -1, -1, -1, -1, -1, -1, -1, -1, -1, -1, -1, -1, -1, -1, -1, -1, -1, -1, -1, -1, -1, -1, -1, -1, -1, -1, -1, -1, -1, -1, -1, -1, -1, -1, -1, -1, -1, -1, -1, -1, -1, -1, -1, -1, -1, -1, -1, -1, -1, -1, -1, -1, -1, -1, -1, -1, -1, -1, -1, -1, -1, -1, -1, -1, -1, -1, -1, -1, -1, -1, -1, -1, -1, -1, -1, -1, -1, -1, -1, -1, -1, -1, -1, -1, -1, -1, -1, -1, -1, -1, -1, -1, -1, -1, -1, -1, -1, -1, -1, -1, -1, -1, -1, -1, -1, -1, -1, -1, -1, -1, -1, -1, -1, -1, -1, -1, -1, -1, -1, -1, -1, -1, -1, -1, -1, -1, -1, -1, -1, -1, -1, -1, -1, -1, -1, -1, -1, -1, -1, -1, -1, -1, -1, -1, -1, -1, -1, -1, -1, -1, -1, -1, -1, -1, -1, -1, -1, -1, -1, -1, -1, -1, -1, -1, -1, -1, -1, -1, -1, -1, -1, -1, -1, -1, -1, -1, -1, -1, -1, -1, -1, -1, -1, -1, -1, -1, -1, -1, -1, -1, -1, -1, -1, -1, -1, -1, -1, -1, -1, -1, -1, -1, -1, -1, -1, -1, -1, -1, -1, -1, -1, -1, -1, -1, -1, -1, -1, -1, -1, -1, -1, -1, -1, -1, -1, -1, -1, -1, -1, -1, -1, -1, -1, -1, -1, -1, -1, -1, -1, -1, -1, -1, -1, -1, -1, -1, -1, -1, -1, -1, -1, -1, -1, -1, -1, -1, -1, -1, -1, -1, -1, -1, -1, -1, -1, -1, -1, -1, -1, -1, -1, -1, -1, -1, -1, -1, -1, -1, -1, -1, -1, -1, -1, -1, -1, -1, -1, -1, -1, -1, -1, -1, -1, -1, -1, -1, -1, -1, -1, -1, -1, -1, -1, -1, -1, -1, -1, -1, -1, -1, -1, -1, -1, -1, -1, -1, -1, -1, -1, -1, -1, -1, -1, -1, -1, -1, -1, -1, -1, -1, -1, -1, -1, -1, -1, -1, -1, -1, -1, -1, -1, -1, -1, -1, -1, -1, -1, -1, -1, -1, -1, -1, -1, -1, -1, -1, -1, -1, -1, -1, -1, -1, -1, -1, -1, -1, -1, -1, -1, -1, -1, -1, -1, -1, -1, -1, -1, -1, -1, -1, -1, -1, -1, -1, -1, -1, -1, -1, -1, -1, -1, -1, -1, -1, -1, -1, -1, -1, -1, -1, -1, -1, -1, -1, -1, -1, -1, -1, -1, -1, -1, -1, -1, -1, -1, -1, -1, -1, -1, -1, -1, -1, -1, -1, -1, -1, -1, -1, -1, -1, -1, -1, -1, -1, -1, -1, -1, -1, -1, -1, -1, -1, -1, -1, -1, -1, -1, -1, -1, -1, -1, -1, -1, -1, -1, -1, -1, -1, -1, -1, -1, -1, -1, -1, -1, -1, -1, -1, -1, -1, -1, -1, -1, -1, -1, -1, -1, -1, -1, -1, -1, -1, -1, -1, -1, -1, -1, -1, -1, -1, -1, -1, -1, -1, -1, -1, -1, -1, -1, -1, -1, -1, -1, -1, -1, -1, -1, -1, -1, -1, -1, -1, -1, -1, -1, -1, -1, -1, -1, -1, -1, -1, -1, -1, -1, -1, -1, -1, -1, -1, -1, -1, -1, -1, -1, -1, -1, -1, -1, -1, -1, -1, -1, -1, -1, -1, -1, -1, -1, -1, -1, -1, -1, -1, -1, -1, -1, -1, -1, -1, -1, -1, -1, -1, -1, -1, -1, -1, -1, -1, -1, -1, -1, -1, -1, -1, -1, -1, -1, -1, -1, -1, -1, -1, -1, -1, -1, -1, -1, -1, -1, -1, -1, -1, -1, -1, -1, -1, -1, -1, -1, -1, -1, -1, -1, -1, -1, -1, -1, -1, -1, -1, -1, -1, -1, -1, -1, -1, -1, -1, -1, -1, -1, -1, -1, -1, -1, -1, -1, -1, -1, -1, -1, -1, -1, -1, -1, -1, -1, -1, -1, -1, -1, -1, -1, -1, -1, -1, -1, -1, -1, -1, -1, -1, -1, -1, -1, -1, -1, -1, -1, -1, -1, -1, -1, -1, -1, -1, -1, -1, -1, -1, -1, -1, -1, -1, -1, -1, -1, -1, -1, -1, -1, -1, -1, -1, -1, -1, -1, -1, -1, -1, -1, -1, -1, -1, 32, 32, 32, 32, 32, -1, 32, 32, 32, 32, 32, 32, 32, -1, 32, 32, 32, 32, 32, 32, 32, 32, 32, 32, 32, -1, 32, 32, 32, 32, 32, 32, -1, 32, 32, 32, 32, 32, 32, 32, 32, 32, 32, 32, 32, 32, -1, 32, 32, 32, 32, 32, 32, 32, 33, 33, 33, 33, 33, -1, 33, 33, 33, 33, 33, 33, 33, -1, 33, 33, 33, 33, 33, 33, 33, 33, 33, 33, 33, -1, 33, 33, 33, 33, 33, 33, -1, 33, 33, 33, 33, 33, 33, 33, 33, 33, 33, 33, 33, 33, -1, 33, 33, 33, 33, 33, 33, 33, 34, 34, 34, 34, 34, -1, 34, 34, 34, 34, 34, 34, 34, -1, 34, 34, 34, 34, 34, 34, 34, 34, 34, 34, 34, -1, 34, 34, 34, 34, 34, 34, -1, 34, 34, 34, 34, 34, 34, 34, 34, 34, 34, 34, 34, 34, -1, 34, 34, 34, 34, 34, 34, 34, 35, 35, 35, 35, 35, -1, 35, 35, 35, 35, 35, 35, 35, -1, 35, 35, 35, 35, 35, 35, 35, 35, 35, 35, 35, -1, 35, 35, 35, 35, 35, 35, -1, 35, 35, 35, 35, 35, 35, 35, 35, 35, 35, 35, 35, 35, -1, 35, 35, 35, 35, 35, 35, 35, 36, 36, 36, 36, 36, -1, 36, 36, 36, 36, 36, 36, 36, -1, 36, 36, 36, 36, 36, 36, 36, 36, 36, 36, 36, -1, 36, 36, 36, 36, 36, 36, -1, 36, 36, 36, 36, 36, 36, 36, 36, 36, 36, 36, 36, 36, -1, 36, 36, 36, 36, 36, 36, 36, 37, 37, 37, 37, 37, -1, 37, 37, 37, 37, 37, 37, 37, -1, 37, 37, 37, 37, 37, 37, 37, 37, 37, 37, 37, -1, 37, 37, 37, 37, 37, 37, -1, 37, 37, 37, 37, 37, 37, 37, 37, 37, 37, 37, 37, 37, -1, 37, 37, 37, 37, 37, 37, 37, 38, 38, 38, 38, 38, -1, 38, 38, 38, 38, 38, 38, 38, -1, 38, 38, 38, 38, 38, 38, 38, 38, 38, 38, 38, -1, 38, 38, 38, 38, 38, 38, -1, 38, 38, 38, 38, 38, 38, 38, 38, 38, 38, 38, 38, 38, -1, 38, 38, 38, 38, 38, 38, 38, 39, 39, 39, 39, 39, -1, 39, 39, 39, 39, 39, 39, 39, -1, 39, 39, 39, 39, 39, 39, 39, 39, 39, 39, 39, -1, 39, 39, 39, 39, 39, 39, -1, 39, 39, 39, 39, 39, 39, 39, 39, 39, 39, 39, 39, 39, -1, 39, 39, 39, 39, 39, 39, 39, 32, 32, 32, 32, 32, 32, 32, 32, 32, 32, 32, 32, 32, 32, 32, 32, 32, 32, 32, 32, 32, 32, 32, 32, 32, 32, 32, 32, 32, 32, 32, 32, 32, 32, 32, 32, 32, 32, 32, 32, 32, 32, 32, 32, 32, 32, 32, 32, 32, 32, 32, 32, 32, 32, 33, 33, 33, 33, 33, 33, 33, 33, 33, 33, 33, 33, 33, 33, 33, 33, 33, 33, 33, 33, 33, 33, 33, 33, 33, 33, 33, 33, 33, 33, 33, 33, 33, 33, 33, 33, 33, 33, 33, 33, 33, 33, 33, 33, 33, 33, 33, 33, 33, 33, 33, 33, 33, 33, 34, 34, 34, 34, 34, 34, 34, 34, 34, 34, 34, 34, 34, 34, 34, 34, 34, 34, 34, 34, 34, 34, 34, 34, 34, 34, 34, 34, 34, 34, 34, 34, 34, 34, 34, 34, 34, 34, 34, 34, 34, 34, 34, 34, 34, 34, 34, 34, 34, 34, 34, 34, 34, 34, 35, 35, 35, 35, 35, 35, 35, 35, 35, 35, 35, 35, 35, 35, 35, 35, 35, 35, 35, 35, 35, 35, 35, 35, 35, 35, 35, 35, 35, 35, 35, 35, 35, 35, 35, 35, 35, 35, 35, 35, 35, 35, 35, 35, 35, 35, 35, 35, 35, 35, 35, 35, 35, 35, 36, 36, 36, 36, 36, 36, 36, 36, 36, 36, 36, 36, 36, 36, 36, 36, 36, 36, 36, 36, 36, 36, 36, 36, 36, 36, 36, 36, 36, 36, 36, 36, 36, 36, 36, 36, 36, 36, 36, 36, 36, 36, 36, 36, 36, 36, 36, 36, 36, 36, 36, 36, 36, 36, 37, 37, 37, 37, 37, 37, 37, 37, 37, 37, 37, 37, 37, 37, 37, 37, 37, 37, 37, 37, 37, 37, 37, 37, 37, 37, 37, 37, 37, 37, 37, 37, 37, 37, 37, 37, 37, 37, 37, 37, 37, 37, 37, 37, 37, 37, 37, 37, 37, 37, 37, 37, 37, 37, 38, 38, 38, 38, 38, 38, 38, 38, 38, 38, 38, 38, 38, 38, 38, 38, 38, 38, 38, 38, 38, 38, 38, 38, 38, 38, 38, 38, 38, 38, 38, 38, 38, 38, 38, 38, 38, 38, 38, 38, 38, 38, 38, 38, 38, 38, 38, 38, 38, 38, 38, 38, 38, 38, 39, 39, 39, 39, 39, 39, 39, 39, 39, 39, 39, 39, 39, 39, 39, 39, 39, 39, 39, 39, 39, 39, 39, 39, 39, 39, 39, 39, 39, 39, 39, 39, 39, 39, 39, 39, 39, 39, 39, 39, 39, 39, 39, 39, 39, 39, 39, 39, 39, 39, 39, 39, 39, 39, 32, 32, 32, 32, 32, 32, 32, 32, 32, 32, 32, 32, 32, 32, 32, 32, 32, 32, 32, 32, 32, 32, 32, 32, 32, 32, 32, 32, 32, 32, 32, 32, 32, 32, 32, 32, 32, 32, 32, 32, 32, 32, 32, 32, 32, 32, 32, 32, 32, 32, 32, 32, 32, 32, 33, 33, 33, 33, 33, 33, 33, 33, 33, 33, 33, 33, 33, 33, 33, 33, 33, 33, 33, 33, 33, 33, 33, 33, 33, 33, 33, 33, 33, 33, 33, 33, 33, 33, 33, 33, 33, 33, 33, 33, 33, 33, 33, 33, 33, 33, 33, 33, 33, 33, 33, 33, 33, 33, 34, 34, 34, 34, 34, 34, 34, 34, 34, 34, 34, 34, 34, 34, 34, 34, 34, 34, 34, 34, 34, 34, 34, 34, 34, 34, 34, 34, 34, 34, 34, 34, 34, 34, 34, 34, 34, 34, 34, 34, 34, 34, 34, 34, 34, 34, 34, 34, 34, 34, 34, 34, 34, 34, 35, 35, 35, 35, 35, 35, 35, 35, 35, 35, 35, 35, 35, 35, 35, 35, 35, 35, 35, 35, 35, 35, 35, 35, 35, 35, 35, 35, 35, 35, 35, 35, 35, 35, 35, 35, 35, 35, 35, 35, 35, 35, 35, 35, 35, 35, 35, 35, 35, 35, 35, 35, 35, 35, 36, 36, 36, 36, 36, 36, 36, 36, 36, 36, 36, 36, 36, 36, 36, 36, 36, 36, 36, 36, 36, 36, 36, 36, 36, 36, 36, 36, 36, 36, 36, 36, 36, 36, 36, 36, 36, 36, 36, 36, 36, 36, 36, 36, 36, 36, 36, 36, 36, 36, 36, 36, 36, 36, 37, 37, 37, 37, 37, 37, 37, 37, 37, 37, 37, 37, 37, 37, 37, 37, 37, 37, 37, 37, 37, 37, 37, 37, 37, 37, 37, 37, 37, 37, 37, 37, 37, 37, 37, 37, 37, 37, 37, 37, 37, 37, 37, 37, 37, 37, 37, 37, 37, 37, 37, 37, 37, 37, 38, 38, 38, 38, 38, 38, 38, 38, 38, 38, 38, 38, 38, 38, 38, 38, 38, 38, 38, 38, 38, 38, 38, 38, 38, 38, 38, 38, 38, 38, 38, 38, 38, 38, 38, 38, 38, 38, 38, 38, 38, 38, 38, 38, 38, 38, 38, 38, 38, 38, 38, 38, 38, 38, 39, 39, 39, 39, 39, 39, 39, 39, 39, 39, 39, 39, 39, 39, 39, 39, 39, 39, 39, 39, 39, 39, 39, 39, 39, 39, 39, 39, 39, 39, 39, 39, 39, 39, 39, 39, 39, 39, 39, 39, 39, 39, 39, 39, 39, 39, 39, 39, 39, 39, 39, 39, 39, 39, -1, -1, -1, -1, -1, -1, -1, -1, -1, -1, -1, -1, -1, -1, -1, -1, -1, -1, -1, -1, -1, -1, -1, -1, -1, -1, -1, -1, -1, -1, -1, -1, -1, -1, -1, -1, -1, -1, -1, -1, -1, -1, -1, -1, -1, -1, -1, -1, -1, -1, -1, -1, -1, -1, -1, -1, -1, -1, -1, -1, -1, -1, -1, -1, -1, -1, -1, -1, -1, -1, -1, -1, -1, -1, -1, -1, -1, -1, -1, -1, -1, -1, -1, -1, -1, -1, -1, -1, -1, -1, -1, -1, -1, -1, -1, -1, -1, -1, -1, -1, -1, -1, -1, -1, -1, -1, -1, -1, -1, -1, -1, -1, -1, -1, -1, -1, -1, -1, -1, -1, -1, -1, -1, -1, -1, -1, -1, -1, -1, -1, -1, -1, -1, -1, -1, -1, -1, -1, -1, -1, -1, -1, -1, -1, -1, -1, -1, -1, -1, -1, -1, -1, -1, -1, -1, -1, -1, -1, -1, -1, -1, -1, -1, -1, -1, -1, -1, -1, -1, -1, -1, -1, -1, -1, -1, -1, -1, -1, -1, -1, -1, -1, -1, -1, -1, -1, -1, -1, -1, -1, -1, -1, -1, -1, -1, -1, -1, -1, -1, -1, -1, -1, -1, -1, -1, -1, -1, -1, -1, -1, -1, -1, -1, -1, -1, -1, -1, -1, -1, -1, -1, -1, -1, -1, -1, -1, -1, -1, -1, -1, -1, -1, -1, -1, -1, -1, -1, -1, -1, -1, -1, -1, -1, -1, -1, -1, -1, -1, -1, -1, -1, -1, -1, -1, -1, -1, -1, -1, -1, -1, -1, -1, -1, -1, -1, -1, -1, -1, -1, -1, -1, -1, -1, -1, -1, -1, -1, -1, -1, -1, -1, -1, -1, -1, -1, -1, -1, -1, -1, -1, -1, -1, -1, -1, -1, -1, -1, -1, -1, -1, -1, -1, -1, -1, -1, -1, -1, -1, -1, -1, -1, -1, -1, -1, -1, -1, -1, -1, -1, -1, -1, -1, -1, -1, -1, -1, -1, -1]
            int spring_count = 15345
            int[] spring_indices = [0, 2, 0, 4, 0, 5, 2, 4, 2, 5, 4, 5, 0, 3, 2, 3, 3, 5, 0, 1, 1, 3, 1, 5, 0, 6, 4, 6, 5, 6, 0, 7, 6, 7, 5, 7, 1, 7, 0, 8, 0, 9, 6, 8, 6, 9, 8, 9, 7, 9, 1, 9, 0, 10, 8, 10, 9, 10, 0, 11, 10, 11, 9, 11, 1, 11, 2, 13, 2, 14, 13, 14, 5, 13, 5, 14, 2, 12, 12, 14, 12, 13, 3, 13, 4, 14, 13, 15, 14, 15, 5, 15, 14, 17, 6, 14, 5, 17, 6, 17, 15, 17, 14, 16, 6, 16, 16, 17, 7, 17, 6, 18, 17, 18, 9, 17, 9, 18, 16, 18, 8, 18, 17, 19, 18, 19, 9, 19, 18, 21, 10, 18, 9, 21, 10, 21, 19, 21, 18, 20, 10, 20, 20, 21, 11, 21, 13, 22, 22, 25, 14, 22, 13, 25, 14, 25, 12, 22, 22, 23, 23, 25, 13, 23, 22, 24, 14, 24, 24, 25, 15, 25, 14, 26, 25, 26, 17, 25, 17, 26, 24, 26, 16, 26, 25, 27, 26, 27, 17, 27, 26, 29, 18, 26, 17, 29, 18, 29, 27, 29, 26, 28, 18, 28, 28, 29, 19, 29, 18, 30, 29, 30, 21, 29, 21, 30, 28, 30, 20, 30, 29, 31, 30, 31, 21, 31, 1, 33, 3, 33, 5, 33, 1, 34, 5, 34, 33, 34, 1, 32, 32, 34, 32, 33, 1, 35, 5, 35, 7, 35, 34, 35, 32, 35, 9, 35, 1, 36, 9, 36, 35, 36, 32, 36, 1, 37, 9, 37, 11, 37, 36, 37, 32, 37, 13, 33, 13, 39, 33, 39, 5, 39, 13, 38, 38, 39, 33, 38, 15, 39, 34, 39, 17, 39, 35, 39, 17, 35, 39, 40, 17, 40, 35, 40, 17, 41, 35, 41, 9, 41, 40, 41, 19, 41, 36, 41, 21, 41, 37, 41, 21, 37, 41, 42, 21, 42, 37, 42, 13, 43, 25, 43, 39, 43, 25, 39, 23, 43, 38, 43, 43, 44, 25, 44, 39, 44, 25, 45, 39, 45, 17, 45, 44, 45, 27, 45, 40, 45, 29, 45, 41, 45, 29, 41, 45, 46, 29, 46, 41, 46, 29, 47, 41, 47, 21, 47, 46, 47, 31, 47, 42, 47, 32, 50, 33, 50, 34, 50, 32, 49, 33, 49, 49, 50, 32, 48, 48, 49, 48, 50, 35, 50, 32, 51, 35, 51, 50, 51, 48, 51, 32, 52, 35, 52, 36, 52, 51, 52, 48, 52, 37, 52, 32, 53, 37, 53, 52, 53, 48, 53, 33, 54, 39, 54, 50, 54, 39, 50, 38, 54, 49, 54, 54, 55, 39, 55, 50, 55, 39, 56, 50, 56, 35, 56, 55, 56, 40, 56, 51, 56, 41, 56, 52, 56, 41, 52, 56, 57, 41, 57, 52, 57, 41, 58, 52, 58, 37, 58, 57, 58, 42, 58, 53, 58, 43, 54, 43, 60, 54, 60, 39, 60, 43, 59, 59, 60, 54, 59, 44, 60, 55, 60, 45, 60, 56, 60, 45, 56, 60, 61, 45, 61, 56, 61, 45, 62, 56, 62, 41, 62, 61, 62, 46, 62, 57, 62, 47, 62, 58, 62, 47, 58, 62, 63, 47, 63, 58, 63, 48, 65, 49, 65, 50, 65, 48, 66, 50, 66, 65, 66, 48, 64, 64, 66, 64, 65, 48, 67, 50, 67, 51, 67, 66, 67, 64, 67, 52, 67, 48, 68, 52, 68, 67, 68, 64, 68, 48, 69, 52, 69, 53, 69, 68, 69, 64, 69, 54, 65, 54, 71, 65, 71, 50, 71, 54, 70, 70, 71, 65, 70, 55, 71, 66, 71, 56, 71, 67, 71, 56, 67, 71, 72, 56, 72, 67, 72, 56, 73, 67, 73, 52, 73, 72, 73, 57, 73, 68, 73, 58, 73, 69, 73, 58, 69, 73, 74, 58, 74, 69, 74, 54, 75, 60, 75, 71, 75, 60, 71, 59, 75, 70, 75, 75, 76, 60, 76, 71, 76, 60, 77, 71, 77, 56, 77, 76, 77, 61, 77, 72, 77, 62, 77, 73, 77, 62, 73, 77, 78, 62, 78, 73, 78, 62, 79, 73, 79, 58, 79, 78, 79, 63, 79, 74, 79, 64, 82, 65, 82, 66, 82, 64, 81, 65, 81, 81, 82, 64, 80, 80, 81, 80, 82, 67, 82, 64, 83, 67, 83, 82, 83, 80, 83, 64, 84, 67, 84, 68, 84, 83, 84, 80, 84, 69, 84, 64, 85, 69, 85, 84, 85, 80, 85, 65, 86, 71, 86, 82, 86, 71, 82, 70, 86, 81, 86, 86, 87, 71, 87, 82, 87, 71, 88, 82, 88, 67, 88, 87, 88, 72, 88, 83, 88, 73, 88, 84, 88, 73, 84, 88, 89, 73, 89, 84, 89, 73, 90, 84, 90, 69, 90, 89, 90, 74, 90, 85, 90, 75, 86, 75, 92, 86, 92, 71, 92, 75, 91, 91, 92, 86, 91, 76, 92, 87, 92, 77, 92, 88, 92, 77, 88, 92, 93, 77, 93, 88, 93, 77, 94, 88, 94, 73, 94, 93, 94, 78, 94, 89, 94, 79, 94, 90, 94, 79, 90, 94, 95, 79, 95, 90, 95, 0, 96, 0, 97, 10, 96, 10, 97, 96, 97, 11, 97, 1, 97, 0, 98, 96, 98, 97, 98, 0, 99, 98, 99, 97, 99, 1, 99, 0, 100, 0, 101, 98, 100, 98, 101, 100, 101, 99, 101, 1, 101, 0, 102, 100, 102, 101, 102, 0, 103, 102, 103, 101, 103, 1, 103, 10, 104, 21, 104, 21, 97, 97, 104, 20, 104, 96, 104, 21, 105, 104, 105, 97, 105, 104, 107, 98, 104, 97, 107, 98, 107, 105, 107, 104, 106, 98, 106, 106, 107, 99, 107, 98, 108, 107, 108, 101, 107, 101, 108, 106, 108, 100, 108, 107, 109, 108, 109, 101, 109, 108, 111, 102, 108, 101, 111, 102, 111, 109, 111, 108, 110, 102, 110, 110, 111, 103, 111, 30, 113, 30, 104, 21, 113, 104, 113, 31, 113, 30, 112, 104, 112, 112, 113, 105, 113, 104, 114, 113, 114, 107, 113, 107, 114, 112, 114, 106, 114, 113, 115, 114, 115, 107, 115, 114, 117, 108, 114, 107, 117, 108, 117, 115, 117, 114, 116, 108, 116, 116, 117, 109, 117, 108, 118, 117, 118, 111, 117, 111, 118, 116, 118, 110, 118, 117, 119, 118, 119, 111, 119, 37, 97, 1, 120, 97, 120, 37, 120, 32, 120, 1, 121, 97, 121, 99, 121, 120, 121, 32, 121, 101, 121, 1, 122, 101, 122, 121, 122, 32, 122, 1, 123, 101, 123, 103, 123, 122, 123, 32, 123, 21, 124, 37, 124, 97, 124, 42, 124, 105, 124, 120, 124, 107, 124, 121, 124, 107, 121, 124, 125, 107, 125, 121, 125, 107, 126, 121, 126, 101, 126, 125, 126, 109, 126, 122, 126, 111, 126, 123, 126, 111, 123, 126, 127, 111, 127, 123, 127, 47, 113, 47, 124, 113, 124, 47, 128, 113, 128, 124, 128, 113, 129, 124, 129, 107, 129, 128, 129, 115, 129, 125, 129, 117, 129, 126, 129, 117, 126, 129, 130, 117, 130, 126, 130, 117, 131, 126, 131, 111, 131, 130, 131, 119, 131, 127, 131, 32, 132, 37, 132, 120, 132, 53, 132, 48, 132, 121, 132, 32, 133, 121, 133, 132, 133, 48, 133, 32, 134, 121, 134, 122, 134, 133, 134, 48, 134, 123, 134, 32, 135, 123, 135, 134, 135, 48, 135, 58, 124, 58, 132, 124, 132, 58, 136, 124, 136, 132, 136, 124, 137, 132, 137, 121, 137, 136, 137, 125, 137, 133, 137, 126, 137, 134, 137, 126, 134, 137, 138, 126, 138, 134, 138, 126, 139, 134, 139, 123, 139, 138, 139, 127, 139, 135, 139, 47, 140, 58, 140, 124, 140, 63, 140, 128, 140, 136, 140, 129, 140, 137, 140, 129, 137, 140, 141, 129, 141, 137, 141, 129, 142, 137, 142, 126, 142, 141, 142, 130, 142, 138, 142, 131, 142, 139, 142, 131, 139, 142, 143, 131, 143, 139, 143, 69, 132, 48, 144, 132, 144, 69, 144, 64, 144, 48, 145, 132, 145, 133, 145, 144, 145, 64, 145, 134, 145, 48, 146, 134, 146, 145, 146, 64, 146, 48, 147, 134, 147, 135, 147, 146, 147, 64, 147, 58, 148, 69, 148, 132, 148, 74, 148, 136, 148, 144, 148, 137, 148, 145, 148, 137, 145, 148, 149, 137, 149, 145, 149, 137, 150, 145, 150, 134, 150, 149, 150, 138, 150, 146, 150, 139, 150, 147, 150, 139, 147, 150, 151, 139, 151, 147, 151, 79, 140, 79, 148, 140, 148, 79, 152, 140, 152, 148, 152, 140, 153, 148, 153, 137, 153, 152, 153, 141, 153, 149, 153, 142, 153, 150, 153, 142, 150, 153, 154, 142, 154, 150, 154, 142, 155, 150, 155, 139, 155, 154, 155, 143, 155, 151, 155, 64, 156, 69, 156, 144, 156, 85, 156, 80, 156, 145, 156, 64, 157, 145, 157, 156, 157, 80, 157, 64, 158, 145, 158, 146, 158, 157, 158, 80, 158, 147, 158, 64, 159, 147, 159, 158, 159, 80, 159, 90, 148, 90, 156, 148, 156, 90, 160, 148, 160, 156, 160, 148, 161, 156, 161, 145, 161, 160, 161, 149, 161, 157, 161, 150, 161, 158, 161, 150, 158, 161, 162, 150, 162, 158, 162, 150, 163, 158, 163, 147, 163, 162, 163, 151, 163, 159, 163, 79, 164, 90, 164, 148, 164, 95, 164, 152, 164, 160, 164, 153, 164, 161, 164, 153, 161, 164, 165, 153, 165, 161, 165, 153, 166, 161, 166, 150, 166, 165, 166, 154, 166, 162, 166, 155, 166, 163, 166, 155, 163, 166, 167, 155, 167, 163, 167, 0, 168, 0, 169, 102, 168, 102, 169, 168, 169, 103, 169, 1, 169, 0, 170, 168, 170, 169, 170, 0, 171, 170, 171, 169, 171, 1, 171, 0, 172, 0, 173, 170, 172, 170, 173, 172, 173, 171, 173, 1, 173, 0, 174, 172, 174, 173, 174, 0, 175, 174, 175, 173, 175, 1, 175, 102, 176, 111, 176, 111, 169, 169, 176, 110, 176, 168, 176, 111, 177, 176, 177, 169, 177, 176, 179, 170, 176, 169, 179, 170, 179, 177, 179, 176, 178, 170, 178, 178, 179, 171, 179, 170, 180, 179, 180, 173, 179, 173, 180, 178, 180, 172, 180, 179, 181, 180, 181, 173, 181, 180, 183, 174, 180, 173, 183, 174, 183, 181, 183, 180, 182, 174, 182, 182, 183, 175, 183, 118, 185, 118, 176, 111, 185, 176, 185, 119, 185, 118, 184, 176, 184, 184, 185, 177, 185, 176, 186, 185, 186, 179, 185, 179, 186, 184, 186, 178, 186, 185, 187, 186, 187, 179, 187, 186, 189, 180, 186, 179, 189, 180, 189, 187, 189, 186, 188, 180, 188, 188, 189, 181, 189, 180, 190, 189, 190, 183, 189, 183, 190, 188, 190, 182, 190, 189, 191, 190, 191, 183, 191, 123, 169, 1, 192, 169, 192, 123, 192, 32, 192, 1, 193, 169, 193, 171, 193, 192, 193, 32, 193, 173, 193, 1, 194, 173, 194, 193, 194, 32, 194, 1, 195, 173, 195, 175, 195, 194, 195, 32, 195, 111, 196, 123, 196, 169, 196, 127, 196, 177, 196, 192, 196, 179, 196, 193, 196, 179, 193, 196, 197, 179, 197, 193, 197, 179, 198, 193, 198, 173, 198, 197, 198, 181, 198, 194, 198, 183, 198, 195, 198, 183, 195, 198, 199, 183, 199, 195, 199, 131, 185, 131, 196, 185, 196, 131, 200, 185, 200, 196, 200, 185, 201, 196, 201, 179, 201, 200, 201, 187, 201, 197, 201, 189, 201, 198, 201, 189, 198, 201, 202, 189, 202, 198, 202, 189, 203, 198, 203, 183, 203, 202, 203, 191, 203, 199, 203, 32, 204, 123, 204, 192, 204, 135, 204, 48, 204, 193, 204, 32, 205, 193, 205, 204, 205, 48, 205, 32, 206, 193, 206, 194, 206, 205, 206, 48, 206, 195, 206, 32, 207, 195, 207, 206, 207, 48, 207, 139, 196, 139, 204, 196, 204, 139, 208, 196, 208, 204, 208, 196, 209, 204, 209, 193, 209, 208, 209, 197, 209, 205, 209, 198, 209, 206, 209, 198, 206, 209, 210, 198, 210, 206, 210, 198, 211, 206, 211, 195, 211, 210, 211, 199, 211, 207, 211, 131, 212, 139, 212, 196, 212, 143, 212, 200, 212, 208, 212, 201, 212, 209, 212, 201, 209, 212, 213, 201, 213, 209, 213, 201, 214, 209, 214, 198, 214, 213, 214, 202, 214, 210, 214, 203, 214, 211, 214, 203, 211, 214, 215, 203, 215, 211, 215, 147, 204, 48, 216, 204, 216, 147, 216, 64, 216, 48, 217, 204, 217, 205, 217, 216, 217, 64, 217, 206, 217, 48, 218, 206, 218, 217, 218, 64, 218, 48, 219, 206, 219, 207, 219, 218, 219, 64, 219, 139, 220, 147, 220, 204, 220, 151, 220, 208, 220, 216, 220, 209, 220, 217, 220, 209, 217, 220, 221, 209, 221, 217, 221, 209, 222, 217, 222, 206, 222, 221, 222, 210, 222, 218, 222, 211, 222, 219, 222, 211, 219, 222, 223, 211, 223, 219, 223, 155, 212, 155, 220, 212, 220, 155, 224, 212, 224, 220, 224, 212, 225, 220, 225, 209, 225, 224, 225, 213, 225, 221, 225, 214, 225, 222, 225, 214, 222, 225, 226, 214, 226, 222, 226, 214, 227, 222, 227, 211, 227, 226, 227, 215, 227, 223, 227, 64, 228, 147, 228, 216, 228, 159, 228, 80, 228, 217, 228, 64, 229, 217, 229, 228, 229, 80, 229, 64, 230, 217, 230, 218, 230, 229, 230, 80, 230, 219, 230, 64, 231, 219, 231, 230, 231, 80, 231, 163, 220, 163, 228, 220, 228, 163, 232, 220, 232, 228, 232, 220, 233, 228, 233, 217, 233, 232, 233, 221, 233, 229, 233, 222, 233, 230, 233, 222, 230, 233, 234, 222, 234, 230, 234, 222, 235, 230, 235, 219, 235, 234, 235, 223, 235, 231, 235, 155, 236, 163, 236, 220, 236, 167, 236, 224, 236, 232, 236, 225, 236, 233, 236, 225, 233, 236, 237, 225, 237, 233, 237, 225, 238, 233, 238, 222, 238, 237, 238, 226, 238, 234, 238, 227, 238, 235, 238, 227, 235, 238, 239, 227, 239, 235, 239, 0, 240, 0, 241, 174, 240, 174, 241, 240, 241, 175, 241, 1, 241, 0, 242, 240, 242, 241, 242, 0, 243, 242, 243, 241, 243, 1, 243, 0, 244, 0, 245, 242, 244, 242, 245, 244, 245, 243, 245, 1, 245, 0, 246, 244, 246, 245, 246, 0, 247, 246, 247, 245, 247, 1, 247, 174, 248, 183, 248, 183, 241, 241, 248, 182, 248, 240, 248, 183, 249, 248, 249, 241, 249, 248, 251, 242, 248, 241, 251, 242, 251, 249, 251, 248, 250, 242, 250, 250, 251, 243, 251, 242, 252, 251, 252, 245, 251, 245, 252, 250, 252, 244, 252, 251, 253, 252, 253, 245, 253, 252, 255, 246, 252, 245, 255, 246, 255, 253, 255, 252, 254, 246, 254, 254, 255, 247, 255, 190, 257, 190, 248, 183, 257, 248, 257, 191, 257, 190, 256, 248, 256, 256, 257, 249, 257, 248, 258, 257, 258, 251, 257, 251, 258, 256, 258, 250, 258, 257, 259, 258, 259, 251, 259, 258, 261, 252, 258, 251, 261, 252, 261, 259, 261, 258, 260, 252, 260, 260, 261, 253, 261, 252, 262, 261, 262, 255, 261, 255, 262, 260, 262, 254, 262, 261, 263, 262, 263, 255, 263, 195, 241, 1, 264, 241, 264, 195, 264, 32, 264, 1, 265, 241, 265, 243, 265, 264, 265, 32, 265, 245, 265, 1, 266, 245, 266, 265, 266, 32, 266, 1, 267, 245, 267, 247, 267, 266, 267, 32, 267, 183, 268, 195, 268, 241, 268, 199, 268, 249, 268, 264, 268, 251, 268, 265, 268, 251, 265, 268, 269, 251, 269, 265, 269, 251, 270, 265, 270, 245, 270, 269, 270, 253, 270, 266, 270, 255, 270, 267, 270, 255, 267, 270, 271, 255, 271, 267, 271, 203, 257, 203, 268, 257, 268, 203, 272, 257, 272, 268, 272, 257, 273, 268, 273, 251, 273, 272, 273, 259, 273, 269, 273, 261, 273, 270, 273, 261, 270, 273, 274, 261, 274, 270, 274, 261, 275, 270, 275, 255, 275, 274, 275, 263, 275, 271, 275, 32, 276, 195, 276, 264, 276, 207, 276, 48, 276, 265, 276, 32, 277, 265, 277, 276, 277, 48, 277, 32, 278, 265, 278, 266, 278, 277, 278, 48, 278, 267, 278, 32, 279, 267, 279, 278, 279, 48, 279, 211, 268, 211, 276, 268, 276, 211, 280, 268, 280, 276, 280, 268, 281, 276, 281, 265, 281, 280, 281, 269, 281, 277, 281, 270, 281, 278, 281, 270, 278, 281, 282, 270, 282, 278, 282, 270, 283, 278, 283, 267, 283, 282, 283, 271, 283, 279, 283, 203, 284, 211, 284, 268, 284, 215, 284, 272, 284, 280, 284, 273, 284, 281, 284, 273, 281, 284, 285, 273, 285, 281, 285, 273, 286, 281, 286, 270, 286, 285, 286, 274, 286, 282, 286, 275, 286, 283, 286, 275, 283, 286, 287, 275, 287, 283, 287, 219, 276, 48, 288, 276, 288, 219, 288, 64, 288, 48, 289, 276, 289, 277, 289, 288, 289, 64, 289, 278, 289, 48, 290, 278, 290, 289, 290, 64, 290, 48, 291, 278, 291, 279, 291, 290, 291, 64, 291, 211, 292, 219, 292, 276, 292, 223, 292, 280, 292, 288, 292, 281, 292, 289, 292, 281, 289, 292, 293, 281, 293, 289, 293, 281, 294, 289, 294, 278, 294, 293, 294, 282, 294, 290, 294, 283, 294, 291, 294, 283, 291, 294, 295, 283, 295, 291, 295, 227, 284, 227, 292, 284, 292, 227, 296, 284, 296, 292, 296, 284, 297, 292, 297, 281, 297, 296, 297, 285, 297, 293, 297, 286, 297, 294, 297, 286, 294, 297, 298, 286, 298, 294, 298, 286, 299, 294, 299, 283, 299, 298, 299, 287, 299, 295, 299, 64, 300, 219, 300, 288, 300, 231, 300, 80, 300, 289, 300, 64, 301, 289, 301, 300, 301, 80, 301, 64, 302, 289, 302, 290, 302, 301, 302, 80, 302, 291, 302, 64, 303, 291, 303, 302, 303, 80, 303, 235, 292, 235, 300, 292, 300, 235, 304, 292, 304, 300, 304, 292, 305, 300, 305, 289, 305, 304, 305, 293, 305, 301, 305, 294, 305, 302, 305, 294, 302, 305, 306, 294, 306, 302, 306, 294, 307, 302, 307, 291, 307, 306, 307, 295, 307, 303, 307, 227, 308, 235, 308, 292, 308, 239, 308, 296, 308, 304, 308, 297, 308, 305, 308, 297, 305, 308, 309, 297, 309, 305, 309, 297, 310, 305, 310, 294, 310, 309, 310, 298, 310, 306, 310, 299, 310, 307, 310, 299, 307, 310, 311, 299, 311, 307, 311, 0, 312, 0, 313, 246, 312, 246, 313, 312, 313, 247, 313, 1, 313, 0, 314, 312, 314, 313, 314, 0, 315, 314, 315, 313, 315, 1, 315, 0, 316, 0, 317, 314, 316, 314, 317, 316, 317, 315, 317, 1, 317, 2, 316, 2, 317, 3, 317, 246, 318, 255, 318, 255, 313, 313, 318, 254, 318, 312, 318, 255, 319, 318, 319, 313, 319, 318, 321, 314, 318, 313, 321, 314, 321, 319, 321, 318, 320, 314, 320, 320, 321, 315, 321, 314, 322, 321, 322, 317, 321, 317, 322, 320, 322, 316, 322, 321, 323, 322, 323, 317, 323, 13, 322, 2, 322, 13, 317, 13, 323, 12, 322, 262, 325, 262, 318, 255, 325, 318, 325, 263, 325, 262, 324, 318, 324, 324, 325, 319, 325, 318, 326, 325, 326, 321, 325, 321, 326, 324, 326, 320, 326, 325, 327, 326, 327, 321, 327, 326, 329, 322, 326, 321, 329, 322, 329, 327, 329, 326, 328, 322, 328, 328, 329, 323, 329, 22, 322, 22, 329, 13, 329, 22, 328, 23, 329, 267, 313, 1, 330, 313, 330, 267, 330, 32, 330, 1, 331, 313, 331, 315, 331, 330, 331, 32, 331, 317, 331, 1, 332, 317, 332, 331, 332, 32, 332, 33, 317, 33, 332, 255, 333, 267, 333, 313, 333, 271, 333, 319, 333, 330, 333, 321, 333, 331, 333, 321, 331, 333, 334, 321, 334, 331, 334, 321, 335, 331, 335, 317, 335, 334, 335, 323, 335, 332, 335, 13, 335, 33, 335, 38, 335, 275, 325, 275, 333, 325, 333, 275, 336, 325, 336, 333, 336, 325, 337, 333, 337, 321, 337, 336, 337, 327, 337, 334, 337, 329, 337, 335, 337, 329, 335, 337, 338, 329, 338, 335, 338, 43, 329, 43, 335, 43, 338, 32, 339, 267, 339, 330, 339, 279, 339, 48, 339, 331, 339, 32, 340, 331, 340, 339, 340, 48, 340, 32, 341, 331, 341, 332, 341, 340, 341, 48, 341, 33, 341, 49, 341, 283, 333, 283, 339, 333, 339, 283, 342, 333, 342, 339, 342, 333, 343, 339, 343, 331, 343, 342, 343, 334, 343, 340, 343, 335, 343, 341, 343, 335, 341, 343, 344, 335, 344, 341, 344, 54, 335, 54, 341, 54, 344, 275, 345, 283, 345, 333, 345, 287, 345, 336, 345, 342, 345, 337, 345, 343, 345, 337, 343, 345, 346, 337, 346, 343, 346, 337, 347, 343, 347, 335, 347, 346, 347, 338, 347, 344, 347, 43, 347, 54, 347, 59, 347, 291, 339, 48, 348, 339, 348, 291, 348, 64, 348, 48, 349, 339, 349, 340, 349, 348, 349, 64, 349, 341, 349, 48, 350, 341, 350, 349, 350, 64, 350, 65, 341, 65, 350, 283, 351, 291, 351, 339, 351, 295, 351, 342, 351, 348, 351, 343, 351, 349, 351, 343, 349, 351, 352, 343, 352, 349, 352, 343, 353, 349, 353, 341, 353, 352, 353, 344, 353, 350, 353, 54, 353, 65, 353, 70, 353, 299, 345, 299, 351, 345, 351, 299, 354, 345, 354, 351, 354, 345, 355, 351, 355, 343, 355, 354, 355, 346, 355, 352, 355, 347, 355, 353, 355, 347, 353, 355, 356, 347, 356, 353, 356, 75, 347, 75, 353, 75, 356, 64, 357, 291, 357, 348, 357, 303, 357, 80, 357, 349, 357, 64, 358, 349, 358, 357, 358, 80, 358, 64, 359, 349, 359, 350, 359, 358, 359, 80, 359, 65, 359, 81, 359, 307, 351, 307, 357, 351, 357, 307, 360, 351, 360, 357, 360, 351, 361, 357, 361, 349, 361, 360, 361, 352, 361, 358, 361, 353, 361, 359, 361, 353, 359, 361, 362, 353, 362, 359, 362, 86, 353, 86, 359, 86, 362, 299, 363, 307, 363, 351, 363, 311, 363, 354, 363, 360, 363, 355, 363, 361, 363, 355, 361, 363, 364, 355, 364, 361, 364, 355, 365, 361, 365, 353, 365, 364, 365, 356, 365, 362, 365, 75, 365, 86, 365, 91, 365, 30, 367, 30, 446, 29, 367, 29, 446, 367, 446, 28, 367, 31, 446, 30, 366, 366, 446, 366, 367, 29, 447, 367, 447, 446, 447, 26, 448, 26, 367, 29, 448, 367, 448, 27, 448, 26, 368, 367, 368, 368, 448, 447, 448, 26, 369, 25, 369, 25, 448, 369, 448, 24, 369, 368, 369, 25, 449, 369, 449, 448, 449, 22, 450, 22, 369, 25, 450, 369, 450, 23, 450, 22, 370, 369, 370, 370, 450, 449, 450, 367, 452, 367, 371, 446, 452, 371, 446, 371, 452, 366, 371, 447, 452, 367, 372, 371, 372, 372, 452, 446, 451, 371, 451, 451, 452, 367, 373, 373, 448, 448, 452, 373, 452, 368, 373, 372, 373, 448, 453, 373, 453, 452, 453, 369, 454, 369, 373, 448, 454, 373, 454, 449, 454, 369, 374, 373, 374, 374, 454, 453, 454, 369, 375, 375, 450, 450, 454, 375, 454, 370, 375, 374, 375, 450, 455, 375, 455, 454, 455, 371, 377, 371, 456, 377, 452, 452, 456, 377, 456, 372, 377, 451, 456, 371, 376, 376, 456, 376, 377, 452, 457, 377, 457, 456, 457, 373, 458, 373, 377, 452, 458, 377, 458, 453, 458, 373, 378, 377, 378, 378, 458, 457, 458, 373, 379, 379, 454, 454, 458, 379, 458, 374, 379, 378, 379, 454, 459, 379, 459, 458, 459, 375, 460, 375, 379, 454, 460, 379, 460, 455, 460, 375, 380, 379, 380, 380, 460, 459, 460, 377, 462, 377, 381, 456, 462, 381, 456, 381, 462, 376, 381, 457, 462, 377, 382, 381, 382, 382, 462, 456, 461, 381, 461, 461, 462, 377, 383, 383, 458, 458, 462, 383, 462, 378, 383, 382, 383, 458, 463, 383, 463, 462, 463, 379, 464, 379, 383, 458, 464, 383, 464, 459, 464, 379, 384, 383, 384, 384, 464, 463, 464, 379, 385, 385, 460, 460, 464, 385, 464, 380, 385, 384, 385, 460, 465, 385, 465, 464, 465, 381, 387, 381, 466, 387, 462, 462, 466, 387, 466, 382, 387, 461, 466, 381, 386, 386, 466, 386, 387, 462, 467, 387, 467, 466, 467, 383, 468, 383, 387, 462, 468, 387, 468, 463, 468, 383, 388, 387, 388, 388, 468, 467, 468, 383, 389, 389, 464, 464, 468, 389, 468, 384, 389, 388, 389, 464, 469, 389, 469, 468, 469, 385, 470, 385, 389, 464, 470, 389, 470, 465, 470, 385, 390, 389, 390, 390, 470, 469, 470, 387, 472, 387, 391, 466, 472, 391, 466, 391, 472, 386, 391, 467, 472, 387, 392, 391, 392, 392, 472, 466, 471, 391, 471, 471, 472, 387, 393, 393, 468, 468, 472, 393, 472, 388, 393, 392, 393, 468, 473, 393, 473, 472, 473, 389, 474, 389, 393, 468, 474, 393, 474, 469, 474, 389, 394, 393, 394, 394, 474, 473, 474, 389, 395, 395, 470, 470, 474, 395, 474, 390, 395, 394, 395, 470, 475, 395, 475, 474, 475, 391, 397, 391, 476, 397, 472, 472, 476, 397, 476, 392, 397, 471, 476, 391, 396, 396, 476, 396, 397, 472, 477, 397, 477, 476, 477, 393, 478, 393, 397, 472, 478, 397, 478, 473, 478, 393, 398, 397, 398, 398, 478, 477, 478, 393, 399, 399, 474, 474, 478, 399, 478, 394, 399, 398, 399, 474, 479, 399, 479, 478, 479, 395, 480, 395, 399, 474, 480, 399, 480, 475, 480, 395, 400, 399, 400, 400, 480, 479, 480, 397, 482, 397, 401, 476, 482, 401, 476, 401, 482, 396, 401, 477, 482, 397, 402, 401, 402, 402, 482, 476, 481, 401, 481, 481, 482, 397, 403, 403, 478, 478, 482, 403, 482, 398, 403, 402, 403, 478, 483, 403, 483, 482, 483, 399, 484, 399, 403, 478, 484, 403, 484, 479, 484, 399, 404, 403, 404, 404, 484, 483, 484, 399, 405, 405, 480, 480, 484, 405, 484, 400, 405, 404, 405, 480, 485, 405, 485, 484, 485, 401, 407, 401, 486, 407, 482, 482, 486, 407, 486, 402, 407, 481, 486, 401, 406, 406, 486, 406, 407, 482, 487, 407, 487, 486, 487, 403, 488, 403, 407, 482, 488, 407, 488, 483, 488, 403, 408, 407, 408, 408, 488, 487, 488, 403, 409, 409, 484, 484, 488, 409, 488, 404, 409, 408, 409, 484, 489, 409, 489, 488, 489, 405, 490, 405, 409, 484, 490, 409, 490, 485, 490, 405, 410, 409, 410, 410, 490, 489, 490, 407, 492, 407, 411, 486, 492, 411, 486, 411, 492, 406, 411, 487, 492, 407, 412, 411, 412, 412, 492, 486, 491, 411, 491, 491, 492, 407, 413, 413, 488, 488, 492, 413, 492, 408, 413, 412, 413, 488, 493, 413, 493, 492, 493, 409, 494, 409, 413, 488, 494, 413, 494, 489, 494, 409, 414, 413, 414, 414, 494, 493, 494, 409, 415, 415, 490, 490, 494, 415, 494, 410, 415, 414, 415, 490, 495, 415, 495, 494, 495, 411, 417, 411, 496, 417, 492, 492, 496, 417, 496, 412, 417, 491, 496, 411, 416, 416, 496, 416, 417, 492, 497, 417, 497, 496, 497, 413, 498, 413, 417, 492, 498, 417, 498, 493, 498, 413, 418, 417, 418, 418, 498, 497, 498, 413, 419, 419, 494, 494, 498, 419, 498, 414, 419, 418, 419, 494, 499, 419, 499, 498, 499, 415, 500, 415, 419, 494, 500, 419, 500, 495, 500, 415, 420, 419, 420, 420, 500, 499, 500, 417, 502, 417, 421, 496, 502, 421, 496, 421, 502, 416, 421, 497, 502, 417, 422, 421, 422, 422, 502, 496, 501, 421, 501, 501, 502, 417, 423, 423, 498, 498, 502, 423, 502, 418, 423, 422, 423, 498, 503, 423, 503, 502, 503, 419, 504, 419, 423, 498, 504, 423, 504, 499, 504, 419, 424, 423, 424, 424, 504, 503, 504, 419, 425, 425, 500, 500, 504, 425, 504, 420, 425, 424, 425, 500, 505, 425, 505, 504, 505, 421, 427, 421, 506, 427, 502, 502, 506, 427, 506, 422, 427, 501, 506, 421, 426, 426, 506, 426, 427, 502, 507, 427, 507, 506, 507, 423, 508, 423, 427, 502, 508, 427, 508, 503, 508, 423, 428, 427, 428, 428, 508, 507, 508, 423, 429, 429, 504, 504, 508, 429, 508, 424, 429, 428, 429, 504, 509, 429, 509, 508, 509, 425, 510, 425, 429, 504, 510, 429, 510, 505, 510, 425, 430, 429, 430, 430, 510, 509, 510, 427, 512, 427, 431, 506, 512, 431, 506, 431, 512, 426, 431, 507, 512, 427, 432, 431, 432, 432, 512, 506, 511, 431, 511, 511, 512, 427, 433, 433, 508, 508, 512, 433, 512, 428, 433, 432, 433, 508, 513, 433, 513, 512, 513, 429, 514, 429, 433, 508, 514, 433, 514, 509, 514, 429, 434, 433, 434, 434, 514, 513, 514, 429, 435, 435, 510, 510, 514, 435, 514, 430, 435, 434, 435, 510, 515, 435, 515, 514, 515, 431, 437, 431, 516, 437, 512, 512, 516, 437, 516, 432, 437, 511, 516, 431, 436, 436, 516, 436, 437, 512, 517, 437, 517, 516, 517, 433, 518, 433, 437, 512, 518, 437, 518, 513, 518, 433, 438, 437, 438, 438, 518, 517, 518, 433, 439, 439, 514, 514, 518, 439, 518, 434, 439, 438, 439, 514, 519, 439, 519, 518, 519, 435, 520, 435, 439, 514, 520, 439, 520, 515, 520, 435, 440, 439, 440, 440, 520, 519, 520, 437, 522, 437, 441, 516, 522, 441, 516, 441, 522, 436, 441, 517, 522, 437, 442, 441, 442, 442, 522, 516, 521, 441, 521, 521, 522, 437, 443, 443, 518, 518, 522, 443, 522, 438, 443, 442, 443, 518, 523, 443, 523, 522, 523, 439, 524, 439, 443, 518, 524, 443, 524, 519, 524, 439, 444, 443, 444, 444, 524, 523, 524, 439, 445, 445, 520, 520, 524, 445, 524, 440, 445, 444, 445, 520, 525, 445, 525, 524, 525, 29, 527, 47, 527, 47, 446, 446, 527, 46, 527, 447, 527, 47, 526, 446, 526, 526, 527, 45, 448, 45, 527, 448, 527, 45, 528, 448, 528, 527, 528, 25, 529, 45, 529, 448, 529, 44, 529, 449, 529, 528, 529, 43, 450, 43, 529, 450, 529, 43, 530, 450, 530, 529, 530, 446, 531, 452, 527, 527, 531, 452, 531, 526, 531, 451, 531, 527, 532, 452, 532, 531, 532, 448, 533, 527, 533, 452, 533, 528, 533, 453, 533, 532, 533, 454, 529, 529, 533, 454, 533, 529, 534, 454, 534, 533, 534, 450, 535, 529, 535, 454, 535, 530, 535, 455, 535, 534, 535, 452, 537, 531, 537, 456, 531, 456, 537, 532, 537, 457, 537, 531, 536, 456, 536, 536, 537, 458, 533, 533, 537, 458, 537, 533, 538, 458, 538, 537, 538, 454, 539, 533, 539, 458, 539, 534, 539, 459, 539, 538, 539, 460, 535, 535, 539, 460, 539, 535, 540, 460, 540, 539, 540, 456, 541, 462, 537, 537, 541, 462, 541, 536, 541, 461, 541, 537, 542, 462, 542, 541, 542, 458, 543, 537, 543, 462, 543, 538, 543, 463, 543, 542, 543, 464, 539, 539, 543, 464, 543, 539, 544, 464, 544, 543, 544, 460, 545, 539, 545, 464, 545, 540, 545, 465, 545, 544, 545, 462, 547, 541, 547, 466, 541, 466, 547, 542, 547, 467, 547, 541, 546, 466, 546, 546, 547, 468, 543, 543, 547, 468, 547, 543, 548, 468, 548, 547, 548, 464, 549, 543, 549, 468, 549, 544, 549, 469, 549, 548, 549, 470, 545, 545, 549, 470, 549, 545, 550, 470, 550, 549, 550, 466, 551, 472, 547, 547, 551, 472, 551, 546, 551, 471, 551, 547, 552, 472, 552, 551, 552, 468, 553, 547, 553, 472, 553, 548, 553, 473, 553, 552, 553, 474, 549, 549, 553, 474, 553, 549, 554, 474, 554, 553, 554, 470, 555, 549, 555, 474, 555, 550, 555, 475, 555, 554, 555, 472, 557, 551, 557, 476, 551, 476, 557, 552, 557, 477, 557, 551, 556, 476, 556, 556, 557, 478, 553, 553, 557, 478, 557, 553, 558, 478, 558, 557, 558, 474, 559, 553, 559, 478, 559, 554, 559, 479, 559, 558, 559, 480, 555, 555, 559, 480, 559, 555, 560, 480, 560, 559, 560, 476, 561, 482, 557, 557, 561, 482, 561, 556, 561, 481, 561, 557, 562, 482, 562, 561, 562, 478, 563, 557, 563, 482, 563, 558, 563, 483, 563, 562, 563, 484, 559, 559, 563, 484, 563, 559, 564, 484, 564, 563, 564, 480, 565, 559, 565, 484, 565, 560, 565, 485, 565, 564, 565, 482, 567, 561, 567, 486, 561, 486, 567, 562, 567, 487, 567, 561, 566, 486, 566, 566, 567, 488, 563, 563, 567, 488, 567, 563, 568, 488, 568, 567, 568, 484, 569, 563, 569, 488, 569, 564, 569, 489, 569, 568, 569, 490, 565, 565, 569, 490, 569, 565, 570, 490, 570, 569, 570, 486, 571, 492, 567, 567, 571, 492, 571, 566, 571, 491, 571, 567, 572, 492, 572, 571, 572, 488, 573, 567, 573, 492, 573, 568, 573, 493, 573, 572, 573, 494, 569, 569, 573, 494, 573, 569, 574, 494, 574, 573, 574, 490, 575, 569, 575, 494, 575, 570, 575, 495, 575, 574, 575, 492, 577, 571, 577, 496, 571, 496, 577, 572, 577, 497, 577, 571, 576, 496, 576, 576, 577, 498, 573, 573, 577, 498, 577, 573, 578, 498, 578, 577, 578, 494, 579, 573, 579, 498, 579, 574, 579, 499, 579, 578, 579, 500, 575, 575, 579, 500, 579, 575, 580, 500, 580, 579, 580, 496, 581, 502, 577, 577, 581, 502, 581, 576, 581, 501, 581, 577, 582, 502, 582, 581, 582, 498, 583, 577, 583, 502, 583, 578, 583, 503, 583, 582, 583, 504, 579, 579, 583, 504, 583, 579, 584, 504, 584, 583, 584, 500, 585, 579, 585, 504, 585, 580, 585, 505, 585, 584, 585, 502, 587, 581, 587, 506, 581, 506, 587, 582, 587, 507, 587, 581, 586, 506, 586, 586, 587, 508, 583, 583, 587, 508, 587, 583, 588, 508, 588, 587, 588, 504, 589, 583, 589, 508, 589, 584, 589, 509, 589, 588, 589, 510, 585, 585, 589, 510, 589, 585, 590, 510, 590, 589, 590, 506, 591, 512, 587, 587, 591, 512, 591, 586, 591, 511, 591, 587, 592, 512, 592, 591, 592, 508, 593, 587, 593, 512, 593, 588, 593, 513, 593, 592, 593, 514, 589, 589, 593, 514, 593, 589, 594, 514, 594, 593, 594, 510, 595, 589, 595, 514, 595, 590, 595, 515, 595, 594, 595, 512, 597, 591, 597, 516, 591, 516, 597, 592, 597, 517, 597, 591, 596, 516, 596, 596, 597, 518, 593, 593, 597, 518, 597, 593, 598, 518, 598, 597, 598, 514, 599, 593, 599, 518, 599, 594, 599, 519, 599, 598, 599, 520, 595, 595, 599, 520, 599, 595, 600, 520, 600, 599, 600, 516, 601, 522, 597, 597, 601, 522, 601, 596, 601, 521, 601, 597, 602, 522, 602, 601, 602, 518, 603, 597, 603, 522, 603, 598, 603, 523, 603, 602, 603, 524, 599, 599, 603, 524, 603, 599, 604, 524, 604, 603, 604, 520, 605, 599, 605, 524, 605, 600, 605, 525, 605, 604, 605, 47, 606, 62, 527, 62, 606, 527, 606, 63, 606, 526, 606, 62, 607, 527, 607, 606, 607, 45, 608, 62, 608, 527, 608, 61, 608, 528, 608, 607, 608, 60, 529, 60, 608, 529, 608, 60, 609, 529, 609, 608, 609, 43, 610, 60, 610, 529, 610, 59, 610, 530, 610, 609, 610, 527, 612, 606, 612, 531, 606, 531, 612, 607, 612, 532, 612, 606, 611, 531, 611, 611, 612, 533, 608, 608, 612, 533, 612, 608, 613, 533, 613, 612, 613, 529, 614, 608, 614, 533, 614, 609, 614, 534, 614, 613, 614, 535, 610, 610, 614, 535, 614, 610, 615, 535, 615, 614, 615, 531, 616, 537, 612, 612, 616, 537, 616, 611, 616, 536, 616, 612, 617, 537, 617, 616, 617, 533, 618, 612, 618, 537, 618, 613, 618, 538, 618, 617, 618, 539, 614, 614, 618, 539, 618, 614, 619, 539, 619, 618, 619, 535, 620, 614, 620, 539, 620, 615, 620, 540, 620, 619, 620, 537, 622, 616, 622, 541, 616, 541, 622, 617, 622, 542, 622, 616, 621, 541, 621, 621, 622, 543, 618, 618, 622, 543, 622, 618, 623, 543, 623, 622, 623, 539, 624, 618, 624, 543, 624, 619, 624, 544, 624, 623, 624, 545, 620, 620, 624, 545, 624, 620, 625, 545, 625, 624, 625, 541, 626, 547, 622, 622, 626, 547, 626, 621, 626, 546, 626, 622, 627, 547, 627, 626, 627, 543, 628, 622, 628, 547, 628, 623, 628, 548, 628, 627, 628, 549, 624, 624, 628, 549, 628, 624, 629, 549, 629, 628, 629, 545, 630, 624, 630, 549, 630, 625, 630, 550, 630, 629, 630, 547, 632, 626, 632, 551, 626, 551, 632, 627, 632, 552, 632, 626, 631, 551, 631, 631, 632, 553, 628, 628, 632, 553, 632, 628, 633, 553, 633, 632, 633, 549, 634, 628, 634, 553, 634, 629, 634, 554, 634, 633, 634, 555, 630, 630, 634, 555, 634, 630, 635, 555, 635, 634, 635, 551, 636, 557, 632, 632, 636, 557, 636, 631, 636, 556, 636, 632, 637, 557, 637, 636, 637, 553, 638, 632, 638, 557, 638, 633, 638, 558, 638, 637, 638, 559, 634, 634, 638, 559, 638, 634, 639, 559, 639, 638, 639, 555, 640, 634, 640, 559, 640, 635, 640, 560, 640, 639, 640, 557, 642, 636, 642, 561, 636, 561, 642, 637, 642, 562, 642, 636, 641, 561, 641, 641, 642, 563, 638, 638, 642, 563, 642, 638, 643, 563, 643, 642, 643, 559, 644, 638, 644, 563, 644, 639, 644, 564, 644, 643, 644, 565, 640, 640, 644, 565, 644, 640, 645, 565, 645, 644, 645, 561, 646, 567, 642, 642, 646, 567, 646, 641, 646, 566, 646, 642, 647, 567, 647, 646, 647, 563, 648, 642, 648, 567, 648, 643, 648, 568, 648, 647, 648, 569, 644, 644, 648, 569, 648, 644, 649, 569, 649, 648, 649, 565, 650, 644, 650, 569, 650, 645, 650, 570, 650, 649, 650, 567, 652, 646, 652, 571, 646, 571, 652, 647, 652, 572, 652, 646, 651, 571, 651, 651, 652, 573, 648, 648, 652, 573, 652, 648, 653, 573, 653, 652, 653, 569, 654, 648, 654, 573, 654, 649, 654, 574, 654, 653, 654, 575, 650, 650, 654, 575, 654, 650, 655, 575, 655, 654, 655, 571, 656, 577, 652, 652, 656, 577, 656, 651, 656, 576, 656, 652, 657, 577, 657, 656, 657, 573, 658, 652, 658, 577, 658, 653, 658, 578, 658, 657, 658, 579, 654, 654, 658, 579, 658, 654, 659, 579, 659, 658, 659, 575, 660, 654, 660, 579, 660, 655, 660, 580, 660, 659, 660, 577, 662, 656, 662, 581, 656, 581, 662, 657, 662, 582, 662, 656, 661, 581, 661, 661, 662, 583, 658, 658, 662, 583, 662, 658, 663, 583, 663, 662, 663, 579, 664, 658, 664, 583, 664, 659, 664, 584, 664, 663, 664, 585, 660, 660, 664, 585, 664, 660, 665, 585, 665, 664, 665, 581, 666, 587, 662, 662, 666, 587, 666, 661, 666, 586, 666, 662, 667, 587, 667, 666, 667, 583, 668, 662, 668, 587, 668, 663, 668, 588, 668, 667, 668, 589, 664, 664, 668, 589, 668, 664, 669, 589, 669, 668, 669, 585, 670, 664, 670, 589, 670, 665, 670, 590, 670, 669, 670, 587, 672, 666, 672, 591, 666, 591, 672, 667, 672, 592, 672, 666, 671, 591, 671, 671, 672, 593, 668, 668, 672, 593, 672, 668, 673, 593, 673, 672, 673, 589, 674, 668, 674, 593, 674, 669, 674, 594, 674, 673, 674, 595, 670, 670, 674, 595, 674, 670, 675, 595, 675, 674, 675, 591, 676, 597, 672, 672, 676, 597, 676, 671, 676, 596, 676, 672, 677, 597, 677, 676, 677, 593, 678, 672, 678, 597, 678, 673, 678, 598, 678, 677, 678, 599, 674, 674, 678, 599, 678, 674, 679, 599, 679, 678, 679, 595, 680, 674, 680, 599, 680, 675, 680, 600, 680, 679, 680, 597, 682, 676, 682, 601, 676, 601, 682, 677, 682, 602, 682, 676, 681, 601, 681, 681, 682, 603, 678, 678, 682, 603, 682, 678, 683, 603, 683, 682, 683, 599, 684, 678, 684, 603, 684, 679, 684, 604, 684, 683, 684, 605, 680, 680, 684, 605, 684, 680, 685, 605, 685, 684, 685, 62, 687, 79, 687, 79, 606, 606, 687, 78, 687, 607, 687, 79, 686, 606, 686, 686, 687, 77, 608, 77, 687, 608, 687, 77, 688, 608, 688, 687, 688, 60, 689, 77, 689, 608, 689, 76, 689, 609, 689, 688, 689, 75, 610, 75, 689, 610, 689, 75, 690, 610, 690, 689, 690, 606, 691, 612, 687, 687, 691, 612, 691, 686, 691, 611, 691, 687, 692, 612, 692, 691, 692, 608, 693, 687, 693, 612, 693, 688, 693, 613, 693, 692, 693, 614, 689, 689, 693, 614, 693, 689, 694, 614, 694, 693, 694, 610, 695, 689, 695, 614, 695, 690, 695, 615, 695, 694, 695, 612, 697, 691, 697, 616, 691, 616, 697, 692, 697, 617, 697, 691, 696, 616, 696, 696, 697, 618, 693, 693, 697, 618, 697, 693, 698, 618, 698, 697, 698, 614, 699, 693, 699, 618, 699, 694, 699, 619, 699, 698, 699, 620, 695, 695, 699, 620, 699, 695, 700, 620, 700, 699, 700, 616, 701, 622, 697, 697, 701, 622, 701, 696, 701, 621, 701, 697, 702, 622, 702, 701, 702, 618, 703, 697, 703, 622, 703, 698, 703, 623, 703, 702, 703, 624, 699, 699, 703, 624, 703, 699, 704, 624, 704, 703, 704, 620, 705, 699, 705, 624, 705, 700, 705, 625, 705, 704, 705, 622, 707, 701, 707, 626, 701, 626, 707, 702, 707, 627, 707, 701, 706, 626, 706, 706, 707, 628, 703, 703, 707, 628, 707, 703, 708, 628, 708, 707, 708, 624, 709, 703, 709, 628, 709, 704, 709, 629, 709, 708, 709, 630, 705, 705, 709, 630, 709, 705, 710, 630, 710, 709, 710, 626, 711, 632, 707, 707, 711, 632, 711, 706, 711, 631, 711, 707, 712, 632, 712, 711, 712, 628, 713, 707, 713, 632, 713, 708, 713, 633, 713, 712, 713, 634, 709, 709, 713, 634, 713, 709, 714, 634, 714, 713, 714, 630, 715, 709, 715, 634, 715, 710, 715, 635, 715, 714, 715, 632, 717, 711, 717, 636, 711, 636, 717, 712, 717, 637, 717, 711, 716, 636, 716, 716, 717, 638, 713, 713, 717, 638, 717, 713, 718, 638, 718, 717, 718, 634, 719, 713, 719, 638, 719, 714, 719, 639, 719, 718, 719, 640, 715, 715, 719, 640, 719, 715, 720, 640, 720, 719, 720, 636, 721, 642, 717, 717, 721, 642, 721, 716, 721, 641, 721, 717, 722, 642, 722, 721, 722, 638, 723, 717, 723, 642, 723, 718, 723, 643, 723, 722, 723, 644, 719, 719, 723, 644, 723, 719, 724, 644, 724, 723, 724, 640, 725, 719, 725, 644, 725, 720, 725, 645, 725, 724, 725, 642, 727, 721, 727, 646, 721, 646, 727, 722, 727, 647, 727, 721, 726, 646, 726, 726, 727, 648, 723, 723, 727, 648, 727, 723, 728, 648, 728, 727, 728, 644, 729, 723, 729, 648, 729, 724, 729, 649, 729, 728, 729, 650, 725, 725, 729, 650, 729, 725, 730, 650, 730, 729, 730, 646, 731, 652, 727, 727, 731, 652, 731, 726, 731, 651, 731, 727, 732, 652, 732, 731, 732, 648, 733, 727, 733, 652, 733, 728, 733, 653, 733, 732, 733, 654, 729, 729, 733, 654, 733, 729, 734, 654, 734, 733, 734, 650, 735, 729, 735, 654, 735, 730, 735, 655, 735, 734, 735, 652, 737, 731, 737, 656, 731, 656, 737, 732, 737, 657, 737, 731, 736, 656, 736, 736, 737, 658, 733, 733, 737, 658, 737, 733, 738, 658, 738, 737, 738, 654, 739, 733, 739, 658, 739, 734, 739, 659, 739, 738, 739, 660, 735, 735, 739, 660, 739, 735, 740, 660, 740, 739, 740, 656, 741, 662, 737, 737, 741, 662, 741, 736, 741, 661, 741, 737, 742, 662, 742, 741, 742, 658, 743, 737, 743, 662, 743, 738, 743, 663, 743, 742, 743, 664, 739, 739, 743, 664, 743, 739, 744, 664, 744, 743, 744, 660, 745, 739, 745, 664, 745, 740, 745, 665, 745, 744, 745, 662, 747, 741, 747, 666, 741, 666, 747, 742, 747, 667, 747, 741, 746, 666, 746, 746, 747, 668, 743, 743, 747, 668, 747, 743, 748, 668, 748, 747, 748, 664, 749, 743, 749, 668, 749, 744, 749, 669, 749, 748, 749, 670, 745, 745, 749, 670, 749, 745, 750, 670, 750, 749, 750, 666, 751, 672, 747, 747, 751, 672, 751, 746, 751, 671, 751, 747, 752, 672, 752, 751, 752, 668, 753, 747, 753, 672, 753, 748, 753, 673, 753, 752, 753, 674, 749, 749, 753, 674, 753, 749, 754, 674, 754, 753, 754, 670, 755, 749, 755, 674, 755, 750, 755, 675, 755, 754, 755, 672, 757, 751, 757, 676, 751, 676, 757, 752, 757, 677, 757, 751, 756, 676, 756, 756, 757, 678, 753, 753, 757, 678, 757, 753, 758, 678, 758, 757, 758, 674, 759, 753, 759, 678, 759, 754, 759, 679, 759, 758, 759, 680, 755, 755, 759, 680, 759, 755, 760, 680, 760, 759, 760, 676, 761, 682, 757, 757, 761, 682, 761, 756, 761, 681, 761, 757, 762, 682, 762, 761, 762, 678, 763, 757, 763, 682, 763, 758, 763, 683, 763, 762, 763, 684, 759, 759, 763, 684, 763, 759, 764, 684, 764, 763, 764, 680, 765, 759, 765, 684, 765, 760, 765, 685, 765, 764, 765, 79, 766, 94, 687, 94, 766, 687, 766, 95, 766, 686, 766, 94, 767, 687, 767, 766, 767, 77, 768, 94, 768, 687, 768, 93, 768, 688, 768, 767, 768, 92, 689, 92, 768, 689, 768, 92, 769, 689, 769, 768, 769, 75, 770, 92, 770, 689, 770, 91, 770, 690, 770, 769, 770, 687, 772, 766, 772, 691, 766, 691, 772, 767, 772, 692, 772, 766, 771, 691, 771, 771, 772, 693, 768, 768, 772, 693, 772, 768, 773, 693, 773, 772, 773, 689, 774, 768, 774, 693, 774, 769, 774, 694, 774, 773, 774, 695, 770, 770, 774, 695, 774, 770, 775, 695, 775, 774, 775, 691, 776, 697, 772, 772, 776, 697, 776, 771, 776, 696, 776, 772, 777, 697, 777, 776, 777, 693, 778, 772, 778, 697, 778, 773, 778, 698, 778, 777, 778, 699, 774, 774, 778, 699, 778, 774, 779, 699, 779, 778, 779, 695, 780, 774, 780, 699, 780, 775, 780, 700, 780, 779, 780, 697, 782, 776, 782, 701, 776, 701, 782, 777, 782, 702, 782, 776, 781, 701, 781, 781, 782, 703, 778, 778, 782, 703, 782, 778, 783, 703, 783, 782, 783, 699, 784, 778, 784, 703, 784, 779, 784, 704, 784, 783, 784, 705, 780, 780, 784, 705, 784, 780, 785, 705, 785, 784, 785, 701, 786, 707, 782, 782, 786, 707, 786, 781, 786, 706, 786, 782, 787, 707, 787, 786, 787, 703, 788, 782, 788, 707, 788, 783, 788, 708, 788, 787, 788, 709, 784, 784, 788, 709, 788, 784, 789, 709, 789, 788, 789, 705, 790, 784, 790, 709, 790, 785, 790, 710, 790, 789, 790, 707, 792, 786, 792, 711, 786, 711, 792, 787, 792, 712, 792, 786, 791, 711, 791, 791, 792, 713, 788, 788, 792, 713, 792, 788, 793, 713, 793, 792, 793, 709, 794, 788, 794, 713, 794, 789, 794, 714, 794, 793, 794, 715, 790, 790, 794, 715, 794, 790, 795, 715, 795, 794, 795, 711, 796, 717, 792, 792, 796, 717, 796, 791, 796, 716, 796, 792, 797, 717, 797, 796, 797, 713, 798, 792, 798, 717, 798, 793, 798, 718, 798, 797, 798, 719, 794, 794, 798, 719, 798, 794, 799, 719, 799, 798, 799, 715, 800, 794, 800, 719, 800, 795, 800, 720, 800, 799, 800, 717, 802, 796, 802, 721, 796, 721, 802, 797, 802, 722, 802, 796, 801, 721, 801, 801, 802, 723, 798, 798, 802, 723, 802, 798, 803, 723, 803, 802, 803, 719, 804, 798, 804, 723, 804, 799, 804, 724, 804, 803, 804, 725, 800, 800, 804, 725, 804, 800, 805, 725, 805, 804, 805, 721, 806, 727, 802, 802, 806, 727, 806, 801, 806, 726, 806, 802, 807, 727, 807, 806, 807, 723, 808, 802, 808, 727, 808, 803, 808, 728, 808, 807, 808, 729, 804, 804, 808, 729, 808, 804, 809, 729, 809, 808, 809, 725, 810, 804, 810, 729, 810, 805, 810, 730, 810, 809, 810, 727, 812, 806, 812, 731, 806, 731, 812, 807, 812, 732, 812, 806, 811, 731, 811, 811, 812, 733, 808, 808, 812, 733, 812, 808, 813, 733, 813, 812, 813, 729, 814, 808, 814, 733, 814, 809, 814, 734, 814, 813, 814, 735, 810, 810, 814, 735, 814, 810, 815, 735, 815, 814, 815, 731, 816, 737, 812, 812, 816, 737, 816, 811, 816, 736, 816, 812, 817, 737, 817, 816, 817, 733, 818, 812, 818, 737, 818, 813, 818, 738, 818, 817, 818, 739, 814, 814, 818, 739, 818, 814, 819, 739, 819, 818, 819, 735, 820, 814, 820, 739, 820, 815, 820, 740, 820, 819, 820, 737, 822, 816, 822, 741, 816, 741, 822, 817, 822, 742, 822, 816, 821, 741, 821, 821, 822, 743, 818, 818, 822, 743, 822, 818, 823, 743, 823, 822, 823, 739, 824, 818, 824, 743, 824, 819, 824, 744, 824, 823, 824, 745, 820, 820, 824, 745, 824, 820, 825, 745, 825, 824, 825, 741, 826, 747, 822, 822, 826, 747, 826, 821, 826, 746, 826, 822, 827, 747, 827, 826, 827, 743, 828, 822, 828, 747, 828, 823, 828, 748, 828, 827, 828, 749, 824, 824, 828, 749, 828, 824, 829, 749, 829, 828, 829, 745, 830, 824, 830, 749, 830, 825, 830, 750, 830, 829, 830, 747, 832, 826, 832, 751, 826, 751, 832, 827, 832, 752, 832, 826, 831, 751, 831, 831, 832, 753, 828, 828, 832, 753, 832, 828, 833, 753, 833, 832, 833, 749, 834, 828, 834, 753, 834, 829, 834, 754, 834, 833, 834, 755, 830, 830, 834, 755, 834, 830, 835, 755, 835, 834, 835, 751, 836, 757, 832, 832, 836, 757, 836, 831, 836, 756, 836, 832, 837, 757, 837, 836, 837, 753, 838, 832, 838, 757, 838, 833, 838, 758, 838, 837, 838, 759, 834, 834, 838, 759, 838, 834, 839, 759, 839, 838, 839, 755, 840, 834, 840, 759, 840, 835, 840, 760, 840, 839, 840, 757, 842, 836, 842, 761, 836, 761, 842, 837, 842, 762, 842, 836, 841, 761, 841, 841, 842, 763, 838, 838, 842, 763, 842, 838, 843, 763, 843, 842, 843, 759, 844, 838, 844, 763, 844, 839, 844, 764, 844, 843, 844, 765, 840, 840, 844, 765, 844, 840, 845, 765, 845, 844, 845, 443, 846, 524, 846, 523, 846, 444, 846, 524, 847, 846, 847, 523, 847, 846, 849, 523, 849, 443, 849, 847, 849, 846, 848, 443, 848, 848, 849, 443, 850, 849, 850, 523, 850, 848, 850, 849, 851, 850, 851, 523, 851, 850, 853, 523, 853, 443, 853, 851, 853, 850, 852, 443, 852, 852, 853, 443, 854, 853, 854, 523, 854, 852, 854, 853, 855, 854, 855, 523, 855, 522, 854, 522, 855, 442, 854, 445, 857, 445, 846, 524, 857, 846, 857, 525, 857, 445, 856, 846, 856, 856, 857, 847, 857, 846, 858, 857, 858, 849, 857, 849, 858, 856, 858, 848, 858, 857, 859, 858, 859, 849, 859, 858, 861, 850, 858, 849, 861, 850, 861, 859, 861, 858, 860, 850, 860, 860, 861, 851, 861, 850, 862, 861, 862, 853, 861, 853, 862, 860, 862, 852, 862, 861, 863, 862, 863, 853, 863, 862, 865, 854, 862, 853, 865, 854, 865, 863, 865, 862, 864, 854, 864, 864, 865, 855, 865, 441, 854, 441, 865, 522, 865, 441, 864, 521, 865, 524, 866, 603, 866, 523, 866, 604, 866, 847, 866, 849, 866, 603, 849, 866, 867, 849, 867, 603, 867, 849, 868, 603, 868, 523, 868, 867, 868, 851, 868, 853, 868, 603, 853, 868, 869, 853, 869, 603, 869, 853, 870, 603, 870, 523, 870, 869, 870, 855, 870, 522, 870, 602, 870, 605, 857, 605, 866, 857, 866, 605, 871, 857, 871, 866, 871, 857, 872, 866, 872, 849, 872, 871, 872, 859, 872, 867, 872, 861, 872, 868, 872, 861, 868, 872, 873, 861, 873, 868, 873, 861, 874, 868, 874, 853, 874, 873, 874, 863, 874, 869, 874, 865, 874, 870, 874, 865, 870, 874, 875, 865, 875, 870, 875, 601, 865, 601, 870, 601, 875, 684, 866, 683, 866, 684, 876, 866, 876, 683, 876, 866, 877, 683, 877, 603, 877, 876, 877, 867, 877, 868, 877, 683, 868, 877, 878, 868, 878, 683, 878, 868, 879, 683, 879, 603, 879, 878, 879, 869, 879, 870, 879, 683, 870, 879, 880, 870, 880, 683, 880, 682, 870, 682, 880, 605, 881, 684, 881, 866, 881, 685, 881, 871, 881, 876, 881, 872, 881, 877, 881, 872, 877, 881, 882, 872, 882, 877, 882, 872, 883, 877, 883, 868, 883, 882, 883, 873, 883, 878, 883, 874, 883, 879, 883, 874, 879, 883, 884, 874, 884, 879, 884, 874, 885, 879, 885, 870, 885, 884, 885, 875, 885, 880, 885, 601, 885, 682, 885, 681, 885, 684, 886, 763, 886, 683, 886, 764, 886, 876, 886, 877, 886, 763, 877, 886, 887, 877, 887, 763, 887, 877, 888, 763, 888, 683, 888, 887, 888, 878, 888, 879, 888, 763, 879, 888, 889, 879, 889, 763, 889, 879, 890, 763, 890, 683, 890, 889, 890, 880, 890, 682, 890, 762, 890, 765, 881, 765, 886, 881, 886, 765, 891, 881, 891, 886, 891, 881, 892, 886, 892, 877, 892, 891, 892, 882, 892, 887, 892, 883, 892, 888, 892, 883, 888, 892, 893, 883, 893, 888, 893, 883, 894, 888, 894, 879, 894, 893, 894, 884, 894, 889, 894, 885, 894, 890, 894, 885, 890, 894, 895, 885, 895, 890, 895, 761, 885, 761, 890, 761, 895, 844, 886, 843, 886, 844, 896, 886, 896, 843, 896, 886, 897, 843, 897, 763, 897, 896, 897, 887, 897, 888, 897, 843, 888, 897, 898, 888, 898, 843, 898, 888, 899, 843, 899, 763, 899, 898, 899, 889, 899, 890, 899, 843, 890, 899, 900, 890, 900, 843, 900, 842, 890, 842, 900, 765, 901, 844, 901, 886, 901, 845, 901, 891, 901, 896, 901, 892, 901, 897, 901, 892, 897, 901, 902, 892, 902, 897, 902, 892, 903, 897, 903, 888, 903, 902, 903, 893, 903, 898, 903, 894, 903, 899, 903, 894, 899, 903, 904, 894, 904, 899, 904, 894, 905, 899, 905, 890, 905, 904, 905, 895, 905, 900, 905, 761, 905, 842, 905, 841, 905, 118, 907, 118, 986, 117, 907, 117, 986, 907, 986, 116, 907, 119, 986, 118, 906, 906, 986, 906, 907, 117, 987, 907, 987, 986, 987, 114, 988, 114, 907, 117, 988, 907, 988, 115, 988, 114, 908, 907, 908, 908, 988, 987, 988, 114, 909, 113, 909, 113, 988, 909, 988, 112, 909, 908, 909, 113, 989, 909, 989, 988, 989, 30, 990, 30, 909, 113, 990, 909, 990, 31, 990, 30, 910, 909, 910, 910, 990, 989, 990, 907, 992, 907, 911, 986, 992, 911, 986, 911, 992, 906, 911, 987, 992, 907, 912, 911, 912, 912, 992, 986, 991, 911, 991, 991, 992, 907, 913, 913, 988, 988, 992, 913, 992, 908, 913, 912, 913, 988, 993, 913, 993, 992, 993, 909, 994, 909, 913, 988, 994, 913, 994, 989, 994, 909, 914, 913, 914, 914, 994, 993, 994, 909, 915, 915, 990, 990, 994, 915, 994, 910, 915, 914, 915, 990, 995, 915, 995, 994, 995, 911, 917, 911, 996, 917, 992, 992, 996, 917, 996, 912, 917, 991, 996, 911, 916, 916, 996, 916, 917, 992, 997, 917, 997, 996, 997, 913, 998, 913, 917, 992, 998, 917, 998, 993, 998, 913, 918, 917, 918, 918, 998, 997, 998, 913, 919, 919, 994, 994, 998, 919, 998, 914, 919, 918, 919, 994, 999, 919, 999, 998, 999, 915, 1000, 915, 919, 994, 1000, 919, 1000, 995, 1000, 915, 920, 919, 920, 920, 1000, 999, 1000, 917, 1002, 917, 921, 996, 1002, 921, 996, 921, 1002, 916, 921, 997, 1002, 917, 922, 921, 922, 922, 1002, 996, 1001, 921, 1001, 1001, 1002, 917, 923, 923, 998, 998, 1002, 923, 1002, 918, 923, 922, 923, 998, 1003, 923, 1003, 1002, 1003, 919, 1004, 919, 923, 998, 1004, 923, 1004, 999, 1004, 919, 924, 923, 924, 924, 1004, 1003, 1004, 919, 925, 925, 1000, 1000, 1004, 925, 1004, 920, 925, 924, 925, 1000, 1005, 925, 1005, 1004, 1005, 921, 927, 921, 1006, 927, 1002, 1002, 1006, 927, 1006, 922, 927, 1001, 1006, 921, 926, 926, 1006, 926, 927, 1002, 1007, 927, 1007, 1006, 1007, 923, 1008, 923, 927, 1002, 1008, 927, 1008, 1003, 1008, 923, 928, 927, 928, 928, 1008, 1007, 1008, 923, 929, 929, 1004, 1004, 1008, 929, 1008, 924, 929, 928, 929, 1004, 1009, 929, 1009, 1008, 1009, 925, 1010, 925, 929, 1004, 1010, 929, 1010, 1005, 1010, 925, 930, 929, 930, 930, 1010, 1009, 1010, 927, 1012, 927, 931, 1006, 1012, 931, 1006, 931, 1012, 926, 931, 1007, 1012, 927, 932, 931, 932, 932, 1012, 1006, 1011, 931, 1011, 1011, 1012, 927, 933, 933, 1008, 1008, 1012, 933, 1012, 928, 933, 932, 933, 1008, 1013, 933, 1013, 1012, 1013, 929, 1014, 929, 933, 1008, 1014, 933, 1014, 1009, 1014, 929, 934, 933, 934, 934, 1014, 1013, 1014, 929, 935, 935, 1010, 1010, 1014, 935, 1014, 930, 935, 934, 935, 1010, 1015, 935, 1015, 1014, 1015, 931, 937, 931, 1016, 937, 1012, 1012, 1016, 937, 1016, 932, 937, 1011, 1016, 931, 936, 936, 1016, 936, 937, 1012, 1017, 937, 1017, 1016, 1017, 933, 1018, 933, 937, 1012, 1018, 937, 1018, 1013, 1018, 933, 938, 937, 938, 938, 1018, 1017, 1018, 933, 939, 939, 1014, 1014, 1018, 939, 1018, 934, 939, 938, 939, 1014, 1019, 939, 1019, 1018, 1019, 935, 1020, 935, 939, 1014, 1020, 939, 1020, 1015, 1020, 935, 940, 939, 940, 940, 1020, 1019, 1020, 937, 1022, 937, 941, 1016, 1022, 941, 1016, 941, 1022, 936, 941, 1017, 1022, 937, 942, 941, 942, 942, 1022, 1016, 1021, 941, 1021, 1021, 1022, 937, 943, 943, 1018, 1018, 1022, 943, 1022, 938, 943, 942, 943, 1018, 1023, 943, 1023, 1022, 1023, 939, 1024, 939, 943, 1018, 1024, 943, 1024, 1019, 1024, 939, 944, 943, 944, 944, 1024, 1023, 1024, 939, 945, 945, 1020, 1020, 1024, 945, 1024, 940, 945, 944, 945, 1020, 1025, 945, 1025, 1024, 1025, 941, 947, 941, 1026, 947, 1022, 1022, 1026, 947, 1026, 942, 947, 1021, 1026, 941, 946, 946, 1026, 946, 947, 1022, 1027, 947, 1027, 1026, 1027, 943, 1028, 943, 947, 1022, 1028, 947, 1028, 1023, 1028, 943, 948, 947, 948, 948, 1028, 1027, 1028, 943, 949, 949, 1024, 1024, 1028, 949, 1028, 944, 949, 948, 949, 1024, 1029, 949, 1029, 1028, 1029, 945, 1030, 945, 949, 1024, 1030, 949, 1030, 1025, 1030, 945, 950, 949, 950, 950, 1030, 1029, 1030, 947, 1032, 947, 951, 1026, 1032, 951, 1026, 951, 1032, 946, 951, 1027, 1032, 947, 952, 951, 952, 952, 1032, 1026, 1031, 951, 1031, 1031, 1032, 947, 953, 953, 1028, 1028, 1032, 953, 1032, 948, 953, 952, 953, 1028, 1033, 953, 1033, 1032, 1033, 949, 1034, 949, 953, 1028, 1034, 953, 1034, 1029, 1034, 949, 954, 953, 954, 954, 1034, 1033, 1034, 949, 955, 955, 1030, 1030, 1034, 955, 1034, 950, 955, 954, 955, 1030, 1035, 955, 1035, 1034, 1035, 951, 957, 951, 1036, 957, 1032, 1032, 1036, 957, 1036, 952, 957, 1031, 1036, 951, 956, 956, 1036, 956, 957, 1032, 1037, 957, 1037, 1036, 1037, 953, 1038, 953, 957, 1032, 1038, 957, 1038, 1033, 1038, 953, 958, 957, 958, 958, 1038, 1037, 1038, 953, 959, 959, 1034, 1034, 1038, 959, 1038, 954, 959, 958, 959, 1034, 1039, 959, 1039, 1038, 1039, 955, 1040, 955, 959, 1034, 1040, 959, 1040, 1035, 1040, 955, 960, 959, 960, 960, 1040, 1039, 1040, 957, 1042, 957, 961, 1036, 1042, 961, 1036, 961, 1042, 956, 961, 1037, 1042, 957, 962, 961, 962, 962, 1042, 1036, 1041, 961, 1041, 1041, 1042, 957, 963, 963, 1038, 1038, 1042, 963, 1042, 958, 963, 962, 963, 1038, 1043, 963, 1043, 1042, 1043, 959, 1044, 959, 963, 1038, 1044, 963, 1044, 1039, 1044, 959, 964, 963, 964, 964, 1044, 1043, 1044, 959, 965, 965, 1040, 1040, 1044, 965, 1044, 960, 965, 964, 965, 1040, 1045, 965, 1045, 1044, 1045, 961, 967, 961, 1046, 967, 1042, 1042, 1046, 967, 1046, 962, 967, 1041, 1046, 961, 966, 966, 1046, 966, 967, 1042, 1047, 967, 1047, 1046, 1047, 963, 1048, 963, 967, 1042, 1048, 967, 1048, 1043, 1048, 963, 968, 967, 968, 968, 1048, 1047, 1048, 963, 969, 969, 1044, 1044, 1048, 969, 1048, 964, 969, 968, 969, 1044, 1049, 969, 1049, 1048, 1049, 965, 1050, 965, 969, 1044, 1050, 969, 1050, 1045, 1050, 965, 970, 969, 970, 970, 1050, 1049, 1050, 967, 1052, 967, 971, 1046, 1052, 971, 1046, 971, 1052, 966, 971, 1047, 1052, 967, 972, 971, 972, 972, 1052, 1046, 1051, 971, 1051, 1051, 1052, 967, 973, 973, 1048, 1048, 1052, 973, 1052, 968, 973, 972, 973, 1048, 1053, 973, 1053, 1052, 1053, 969, 1054, 969, 973, 1048, 1054, 973, 1054, 1049, 1054, 969, 974, 973, 974, 974, 1054, 1053, 1054, 969, 975, 975, 1050, 1050, 1054, 975, 1054, 970, 975, 974, 975, 1050, 1055, 975, 1055, 1054, 1055, 971, 977, 971, 1056, 977, 1052, 1052, 1056, 977, 1056, 972, 977, 1051, 1056, 971, 976, 976, 1056, 976, 977, 1052, 1057, 977, 1057, 1056, 1057, 973, 1058, 973, 977, 1052, 1058, 977, 1058, 1053, 1058, 973, 978, 977, 978, 978, 1058, 1057, 1058, 973, 979, 979, 1054, 1054, 1058, 979, 1058, 974, 979, 978, 979, 1054, 1059, 979, 1059, 1058, 1059, 975, 1060, 975, 979, 1054, 1060, 979, 1060, 1055, 1060, 975, 980, 979, 980, 980, 1060, 1059, 1060, 977, 1062, 977, 981, 1056, 1062, 981, 1056, 981, 1062, 976, 981, 1057, 1062, 977, 982, 981, 982, 982, 1062, 1056, 1061, 981, 1061, 1061, 1062, 977, 983, 983, 1058, 1058, 1062, 983, 1062, 978, 983, 982, 983, 1058, 1063, 983, 1063, 1062, 1063, 979, 1064, 979, 983, 1058, 1064, 983, 1064, 1059, 1064, 979, 984, 983, 984, 984, 1064, 1063, 1064, 979, 985, 985, 1060, 1060, 1064, 985, 1064, 980, 985, 984, 985, 1060, 1065, 985, 1065, 1064, 1065, 117, 1067, 131, 1067, 131, 986, 986, 1067, 130, 1067, 987, 1067, 131, 1066, 986, 1066, 1066, 1067, 129, 988, 129, 1067, 988, 1067, 129, 1068, 988, 1068, 1067, 1068, 113, 1069, 129, 1069, 988, 1069, 128, 1069, 989, 1069, 1068, 1069, 47, 990, 47, 1069, 990, 1069, 47, 1070, 990, 1070, 1069, 1070, 986, 1071, 992, 1067, 1067, 1071, 992, 1071, 1066, 1071, 991, 1071, 1067, 1072, 992, 1072, 1071, 1072, 988, 1073, 1067, 1073, 992, 1073, 1068, 1073, 993, 1073, 1072, 1073, 994, 1069, 1069, 1073, 994, 1073, 1069, 1074, 994, 1074, 1073, 1074, 990, 1075, 1069, 1075, 994, 1075, 1070, 1075, 995, 1075, 1074, 1075, 992, 1077, 1071, 1077, 996, 1071, 996, 1077, 1072, 1077, 997, 1077, 1071, 1076, 996, 1076, 1076, 1077, 998, 1073, 1073, 1077, 998, 1077, 1073, 1078, 998, 1078, 1077, 1078, 994, 1079, 1073, 1079, 998, 1079, 1074, 1079, 999, 1079, 1078, 1079, 1000, 1075, 1075, 1079, 1000, 1079, 1075, 1080, 1000, 1080, 1079, 1080, 996, 1081, 1002, 1077, 1077, 1081, 1002, 1081, 1076, 1081, 1001, 1081, 1077, 1082, 1002, 1082, 1081, 1082, 998, 1083, 1077, 1083, 1002, 1083, 1078, 1083, 1003, 1083, 1082, 1083, 1004, 1079, 1079, 1083, 1004, 1083, 1079, 1084, 1004, 1084, 1083, 1084, 1000, 1085, 1079, 1085, 1004, 1085, 1080, 1085, 1005, 1085, 1084, 1085, 1002, 1087, 1081, 1087, 1006, 1081, 1006, 1087, 1082, 1087, 1007, 1087, 1081, 1086, 1006, 1086, 1086, 1087, 1008, 1083, 1083, 1087, 1008, 1087, 1083, 1088, 1008, 1088, 1087, 1088, 1004, 1089, 1083, 1089, 1008, 1089, 1084, 1089, 1009, 1089, 1088, 1089, 1010, 1085, 1085, 1089, 1010, 1089, 1085, 1090, 1010, 1090, 1089, 1090, 1006, 1091, 1012, 1087, 1087, 1091, 1012, 1091, 1086, 1091, 1011, 1091, 1087, 1092, 1012, 1092, 1091, 1092, 1008, 1093, 1087, 1093, 1012, 1093, 1088, 1093, 1013, 1093, 1092, 1093, 1014, 1089, 1089, 1093, 1014, 1093, 1089, 1094, 1014, 1094, 1093, 1094, 1010, 1095, 1089, 1095, 1014, 1095, 1090, 1095, 1015, 1095, 1094, 1095, 1012, 1097, 1091, 1097, 1016, 1091, 1016, 1097, 1092, 1097, 1017, 1097, 1091, 1096, 1016, 1096, 1096, 1097, 1018, 1093, 1093, 1097, 1018, 1097, 1093, 1098, 1018, 1098, 1097, 1098, 1014, 1099, 1093, 1099, 1018, 1099, 1094, 1099, 1019, 1099, 1098, 1099, 1020, 1095, 1095, 1099, 1020, 1099, 1095, 1100, 1020, 1100, 1099, 1100, 1016, 1101, 1022, 1097, 1097, 1101, 1022, 1101, 1096, 1101, 1021, 1101, 1097, 1102, 1022, 1102, 1101, 1102, 1018, 1103, 1097, 1103, 1022, 1103, 1098, 1103, 1023, 1103, 1102, 1103, 1024, 1099, 1099, 1103, 1024, 1103, 1099, 1104, 1024, 1104, 1103, 1104, 1020, 1105, 1099, 1105, 1024, 1105, 1100, 1105, 1025, 1105, 1104, 1105, 1022, 1107, 1101, 1107, 1026, 1101, 1026, 1107, 1102, 1107, 1027, 1107, 1101, 1106, 1026, 1106, 1106, 1107, 1028, 1103, 1103, 1107, 1028, 1107, 1103, 1108, 1028, 1108, 1107, 1108, 1024, 1109, 1103, 1109, 1028, 1109, 1104, 1109, 1029, 1109, 1108, 1109, 1030, 1105, 1105, 1109, 1030, 1109, 1105, 1110, 1030, 1110, 1109, 1110, 1026, 1111, 1032, 1107, 1107, 1111, 1032, 1111, 1106, 1111, 1031, 1111, 1107, 1112, 1032, 1112, 1111, 1112, 1028, 1113, 1107, 1113, 1032, 1113, 1108, 1113, 1033, 1113, 1112, 1113, 1034, 1109, 1109, 1113, 1034, 1113, 1109, 1114, 1034, 1114, 1113, 1114, 1030, 1115, 1109, 1115, 1034, 1115, 1110, 1115, 1035, 1115, 1114, 1115, 1032, 1117, 1111, 1117, 1036, 1111, 1036, 1117, 1112, 1117, 1037, 1117, 1111, 1116, 1036, 1116, 1116, 1117, 1038, 1113, 1113, 1117, 1038, 1117, 1113, 1118, 1038, 1118, 1117, 1118, 1034, 1119, 1113, 1119, 1038, 1119, 1114, 1119, 1039, 1119, 1118, 1119, 1040, 1115, 1115, 1119, 1040, 1119, 1115, 1120, 1040, 1120, 1119, 1120, 1036, 1121, 1042, 1117, 1117, 1121, 1042, 1121, 1116, 1121, 1041, 1121, 1117, 1122, 1042, 1122, 1121, 1122, 1038, 1123, 1117, 1123, 1042, 1123, 1118, 1123, 1043, 1123, 1122, 1123, 1044, 1119, 1119, 1123, 1044, 1123, 1119, 1124, 1044, 1124, 1123, 1124, 1040, 1125, 1119, 1125, 1044, 1125, 1120, 1125, 1045, 1125, 1124, 1125, 1042, 1127, 1121, 1127, 1046, 1121, 1046, 1127, 1122, 1127, 1047, 1127, 1121, 1126, 1046, 1126, 1126, 1127, 1048, 1123, 1123, 1127, 1048, 1127, 1123, 1128, 1048, 1128, 1127, 1128, 1044, 1129, 1123, 1129, 1048, 1129, 1124, 1129, 1049, 1129, 1128, 1129, 1050, 1125, 1125, 1129, 1050, 1129, 1125, 1130, 1050, 1130, 1129, 1130, 1046, 1131, 1052, 1127, 1127, 1131, 1052, 1131, 1126, 1131, 1051, 1131, 1127, 1132, 1052, 1132, 1131, 1132, 1048, 1133, 1127, 1133, 1052, 1133, 1128, 1133, 1053, 1133, 1132, 1133, 1054, 1129, 1129, 1133, 1054, 1133, 1129, 1134, 1054, 1134, 1133, 1134, 1050, 1135, 1129, 1135, 1054, 1135, 1130, 1135, 1055, 1135, 1134, 1135, 1052, 1137, 1131, 1137, 1056, 1131, 1056, 1137, 1132, 1137, 1057, 1137, 1131, 1136, 1056, 1136, 1136, 1137, 1058, 1133, 1133, 1137, 1058, 1137, 1133, 1138, 1058, 1138, 1137, 1138, 1054, 1139, 1133, 1139, 1058, 1139, 1134, 1139, 1059, 1139, 1138, 1139, 1060, 1135, 1135, 1139, 1060, 1139, 1135, 1140, 1060, 1140, 1139, 1140, 1056, 1141, 1062, 1137, 1137, 1141, 1062, 1141, 1136, 1141, 1061, 1141, 1137, 1142, 1062, 1142, 1141, 1142, 1058, 1143, 1137, 1143, 1062, 1143, 1138, 1143, 1063, 1143, 1142, 1143, 1064, 1139, 1139, 1143, 1064, 1143, 1139, 1144, 1064, 1144, 1143, 1144, 1060, 1145, 1139, 1145, 1064, 1145, 1140, 1145, 1065, 1145, 1144, 1145, 131, 1146, 142, 1067, 142, 1146, 1067, 1146, 143, 1146, 1066, 1146, 142, 1147, 1067, 1147, 1146, 1147, 129, 1148, 142, 1148, 1067, 1148, 141, 1148, 1068, 1148, 1147, 1148, 140, 1069, 140, 1148, 1069, 1148, 140, 1149, 1069, 1149, 1148, 1149, 47, 1150, 140, 1150, 1069, 1150, 63, 1150, 1070, 1150, 1149, 1150, 1067, 1152, 1146, 1152, 1071, 1146, 1071, 1152, 1147, 1152, 1072, 1152, 1146, 1151, 1071, 1151, 1151, 1152, 1073, 1148, 1148, 1152, 1073, 1152, 1148, 1153, 1073, 1153, 1152, 1153, 1069, 1154, 1148, 1154, 1073, 1154, 1149, 1154, 1074, 1154, 1153, 1154, 1075, 1150, 1150, 1154, 1075, 1154, 1150, 1155, 1075, 1155, 1154, 1155, 1071, 1156, 1077, 1152, 1152, 1156, 1077, 1156, 1151, 1156, 1076, 1156, 1152, 1157, 1077, 1157, 1156, 1157, 1073, 1158, 1152, 1158, 1077, 1158, 1153, 1158, 1078, 1158, 1157, 1158, 1079, 1154, 1154, 1158, 1079, 1158, 1154, 1159, 1079, 1159, 1158, 1159, 1075, 1160, 1154, 1160, 1079, 1160, 1155, 1160, 1080, 1160, 1159, 1160, 1077, 1162, 1156, 1162, 1081, 1156, 1081, 1162, 1157, 1162, 1082, 1162, 1156, 1161, 1081, 1161, 1161, 1162, 1083, 1158, 1158, 1162, 1083, 1162, 1158, 1163, 1083, 1163, 1162, 1163, 1079, 1164, 1158, 1164, 1083, 1164, 1159, 1164, 1084, 1164, 1163, 1164, 1085, 1160, 1160, 1164, 1085, 1164, 1160, 1165, 1085, 1165, 1164, 1165, 1081, 1166, 1087, 1162, 1162, 1166, 1087, 1166, 1161, 1166, 1086, 1166, 1162, 1167, 1087, 1167, 1166, 1167, 1083, 1168, 1162, 1168, 1087, 1168, 1163, 1168, 1088, 1168, 1167, 1168, 1089, 1164, 1164, 1168, 1089, 1168, 1164, 1169, 1089, 1169, 1168, 1169, 1085, 1170, 1164, 1170, 1089, 1170, 1165, 1170, 1090, 1170, 1169, 1170, 1087, 1172, 1166, 1172, 1091, 1166, 1091, 1172, 1167, 1172, 1092, 1172, 1166, 1171, 1091, 1171, 1171, 1172, 1093, 1168, 1168, 1172, 1093, 1172, 1168, 1173, 1093, 1173, 1172, 1173, 1089, 1174, 1168, 1174, 1093, 1174, 1169, 1174, 1094, 1174, 1173, 1174, 1095, 1170, 1170, 1174, 1095, 1174, 1170, 1175, 1095, 1175, 1174, 1175, 1091, 1176, 1097, 1172, 1172, 1176, 1097, 1176, 1171, 1176, 1096, 1176, 1172, 1177, 1097, 1177, 1176, 1177, 1093, 1178, 1172, 1178, 1097, 1178, 1173, 1178, 1098, 1178, 1177, 1178, 1099, 1174, 1174, 1178, 1099, 1178, 1174, 1179, 1099, 1179, 1178, 1179, 1095, 1180, 1174, 1180, 1099, 1180, 1175, 1180, 1100, 1180, 1179, 1180, 1097, 1182, 1176, 1182, 1101, 1176, 1101, 1182, 1177, 1182, 1102, 1182, 1176, 1181, 1101, 1181, 1181, 1182, 1103, 1178, 1178, 1182, 1103, 1182, 1178, 1183, 1103, 1183, 1182, 1183, 1099, 1184, 1178, 1184, 1103, 1184, 1179, 1184, 1104, 1184, 1183, 1184, 1105, 1180, 1180, 1184, 1105, 1184, 1180, 1185, 1105, 1185, 1184, 1185, 1101, 1186, 1107, 1182, 1182, 1186, 1107, 1186, 1181, 1186, 1106, 1186, 1182, 1187, 1107, 1187, 1186, 1187, 1103, 1188, 1182, 1188, 1107, 1188, 1183, 1188, 1108, 1188, 1187, 1188, 1109, 1184, 1184, 1188, 1109, 1188, 1184, 1189, 1109, 1189, 1188, 1189, 1105, 1190, 1184, 1190, 1109, 1190, 1185, 1190, 1110, 1190, 1189, 1190, 1107, 1192, 1186, 1192, 1111, 1186, 1111, 1192, 1187, 1192, 1112, 1192, 1186, 1191, 1111, 1191, 1191, 1192, 1113, 1188, 1188, 1192, 1113, 1192, 1188, 1193, 1113, 1193, 1192, 1193, 1109, 1194, 1188, 1194, 1113, 1194, 1189, 1194, 1114, 1194, 1193, 1194, 1115, 1190, 1190, 1194, 1115, 1194, 1190, 1195, 1115, 1195, 1194, 1195, 1111, 1196, 1117, 1192, 1192, 1196, 1117, 1196, 1191, 1196, 1116, 1196, 1192, 1197, 1117, 1197, 1196, 1197, 1113, 1198, 1192, 1198, 1117, 1198, 1193, 1198, 1118, 1198, 1197, 1198, 1119, 1194, 1194, 1198, 1119, 1198, 1194, 1199, 1119, 1199, 1198, 1199, 1115, 1200, 1194, 1200, 1119, 1200, 1195, 1200, 1120, 1200, 1199, 1200, 1117, 1202, 1196, 1202, 1121, 1196, 1121, 1202, 1197, 1202, 1122, 1202, 1196, 1201, 1121, 1201, 1201, 1202, 1123, 1198, 1198, 1202, 1123, 1202, 1198, 1203, 1123, 1203, 1202, 1203, 1119, 1204, 1198, 1204, 1123, 1204, 1199, 1204, 1124, 1204, 1203, 1204, 1125, 1200, 1200, 1204, 1125, 1204, 1200, 1205, 1125, 1205, 1204, 1205, 1121, 1206, 1127, 1202, 1202, 1206, 1127, 1206, 1201, 1206, 1126, 1206, 1202, 1207, 1127, 1207, 1206, 1207, 1123, 1208, 1202, 1208, 1127, 1208, 1203, 1208, 1128, 1208, 1207, 1208, 1129, 1204, 1204, 1208, 1129, 1208, 1204, 1209, 1129, 1209, 1208, 1209, 1125, 1210, 1204, 1210, 1129, 1210, 1205, 1210, 1130, 1210, 1209, 1210, 1127, 1212, 1206, 1212, 1131, 1206, 1131, 1212, 1207, 1212, 1132, 1212, 1206, 1211, 1131, 1211, 1211, 1212, 1133, 1208, 1208, 1212, 1133, 1212, 1208, 1213, 1133, 1213, 1212, 1213, 1129, 1214, 1208, 1214, 1133, 1214, 1209, 1214, 1134, 1214, 1213, 1214, 1135, 1210, 1210, 1214, 1135, 1214, 1210, 1215, 1135, 1215, 1214, 1215, 1131, 1216, 1137, 1212, 1212, 1216, 1137, 1216, 1211, 1216, 1136, 1216, 1212, 1217, 1137, 1217, 1216, 1217, 1133, 1218, 1212, 1218, 1137, 1218, 1213, 1218, 1138, 1218, 1217, 1218, 1139, 1214, 1214, 1218, 1139, 1218, 1214, 1219, 1139, 1219, 1218, 1219, 1135, 1220, 1214, 1220, 1139, 1220, 1215, 1220, 1140, 1220, 1219, 1220, 1137, 1222, 1216, 1222, 1141, 1216, 1141, 1222, 1217, 1222, 1142, 1222, 1216, 1221, 1141, 1221, 1221, 1222, 1143, 1218, 1218, 1222, 1143, 1222, 1218, 1223, 1143, 1223, 1222, 1223, 1139, 1224, 1218, 1224, 1143, 1224, 1219, 1224, 1144, 1224, 1223, 1224, 1145, 1220, 1220, 1224, 1145, 1224, 1220, 1225, 1145, 1225, 1224, 1225, 142, 1227, 155, 1227, 155, 1146, 1146, 1227, 154, 1227, 1147, 1227, 155, 1226, 1146, 1226, 1226, 1227, 153, 1148, 153, 1227, 1148, 1227, 153, 1228, 1148, 1228, 1227, 1228, 140, 1229, 153, 1229, 1148, 1229, 152, 1229, 1149, 1229, 1228, 1229, 79, 1150, 79, 1229, 1150, 1229, 79, 1230, 1150, 1230, 1229, 1230, 1146, 1231, 1152, 1227, 1227, 1231, 1152, 1231, 1226, 1231, 1151, 1231, 1227, 1232, 1152, 1232, 1231, 1232, 1148, 1233, 1227, 1233, 1152, 1233, 1228, 1233, 1153, 1233, 1232, 1233, 1154, 1229, 1229, 1233, 1154, 1233, 1229, 1234, 1154, 1234, 1233, 1234, 1150, 1235, 1229, 1235, 1154, 1235, 1230, 1235, 1155, 1235, 1234, 1235, 1152, 1237, 1231, 1237, 1156, 1231, 1156, 1237, 1232, 1237, 1157, 1237, 1231, 1236, 1156, 1236, 1236, 1237, 1158, 1233, 1233, 1237, 1158, 1237, 1233, 1238, 1158, 1238, 1237, 1238, 1154, 1239, 1233, 1239, 1158, 1239, 1234, 1239, 1159, 1239, 1238, 1239, 1160, 1235, 1235, 1239, 1160, 1239, 1235, 1240, 1160, 1240, 1239, 1240, 1156, 1241, 1162, 1237, 1237, 1241, 1162, 1241, 1236, 1241, 1161, 1241, 1237, 1242, 1162, 1242, 1241, 1242, 1158, 1243, 1237, 1243, 1162, 1243, 1238, 1243, 1163, 1243, 1242, 1243, 1164, 1239, 1239, 1243, 1164, 1243, 1239, 1244, 1164, 1244, 1243, 1244, 1160, 1245, 1239, 1245, 1164, 1245, 1240, 1245, 1165, 1245, 1244, 1245, 1162, 1247, 1241, 1247, 1166, 1241, 1166, 1247, 1242, 1247, 1167, 1247, 1241, 1246, 1166, 1246, 1246, 1247, 1168, 1243, 1243, 1247, 1168, 1247, 1243, 1248, 1168, 1248, 1247, 1248, 1164, 1249, 1243, 1249, 1168, 1249, 1244, 1249, 1169, 1249, 1248, 1249, 1170, 1245, 1245, 1249, 1170, 1249, 1245, 1250, 1170, 1250, 1249, 1250, 1166, 1251, 1172, 1247, 1247, 1251, 1172, 1251, 1246, 1251, 1171, 1251, 1247, 1252, 1172, 1252, 1251, 1252, 1168, 1253, 1247, 1253, 1172, 1253, 1248, 1253, 1173, 1253, 1252, 1253, 1174, 1249, 1249, 1253, 1174, 1253, 1249, 1254, 1174, 1254, 1253, 1254, 1170, 1255, 1249, 1255, 1174, 1255, 1250, 1255, 1175, 1255, 1254, 1255, 1172, 1257, 1251, 1257, 1176, 1251, 1176, 1257, 1252, 1257, 1177, 1257, 1251, 1256, 1176, 1256, 1256, 1257, 1178, 1253, 1253, 1257, 1178, 1257, 1253, 1258, 1178, 1258, 1257, 1258, 1174, 1259, 1253, 1259, 1178, 1259, 1254, 1259, 1179, 1259, 1258, 1259, 1180, 1255, 1255, 1259, 1180, 1259, 1255, 1260, 1180, 1260, 1259, 1260, 1176, 1261, 1182, 1257, 1257, 1261, 1182, 1261, 1256, 1261, 1181, 1261, 1257, 1262, 1182, 1262, 1261, 1262, 1178, 1263, 1257, 1263, 1182, 1263, 1258, 1263, 1183, 1263, 1262, 1263, 1184, 1259, 1259, 1263, 1184, 1263, 1259, 1264, 1184, 1264, 1263, 1264, 1180, 1265, 1259, 1265, 1184, 1265, 1260, 1265, 1185, 1265, 1264, 1265, 1182, 1267, 1261, 1267, 1186, 1261, 1186, 1267, 1262, 1267, 1187, 1267, 1261, 1266, 1186, 1266, 1266, 1267, 1188, 1263, 1263, 1267, 1188, 1267, 1263, 1268, 1188, 1268, 1267, 1268, 1184, 1269, 1263, 1269, 1188, 1269, 1264, 1269, 1189, 1269, 1268, 1269, 1190, 1265, 1265, 1269, 1190, 1269, 1265, 1270, 1190, 1270, 1269, 1270, 1186, 1271, 1192, 1267, 1267, 1271, 1192, 1271, 1266, 1271, 1191, 1271, 1267, 1272, 1192, 1272, 1271, 1272, 1188, 1273, 1267, 1273, 1192, 1273, 1268, 1273, 1193, 1273, 1272, 1273, 1194, 1269, 1269, 1273, 1194, 1273, 1269, 1274, 1194, 1274, 1273, 1274, 1190, 1275, 1269, 1275, 1194, 1275, 1270, 1275, 1195, 1275, 1274, 1275, 1192, 1277, 1271, 1277, 1196, 1271, 1196, 1277, 1272, 1277, 1197, 1277, 1271, 1276, 1196, 1276, 1276, 1277, 1198, 1273, 1273, 1277, 1198, 1277, 1273, 1278, 1198, 1278, 1277, 1278, 1194, 1279, 1273, 1279, 1198, 1279, 1274, 1279, 1199, 1279, 1278, 1279, 1200, 1275, 1275, 1279, 1200, 1279, 1275, 1280, 1200, 1280, 1279, 1280, 1196, 1281, 1202, 1277, 1277, 1281, 1202, 1281, 1276, 1281, 1201, 1281, 1277, 1282, 1202, 1282, 1281, 1282, 1198, 1283, 1277, 1283, 1202, 1283, 1278, 1283, 1203, 1283, 1282, 1283, 1204, 1279, 1279, 1283, 1204, 1283, 1279, 1284, 1204, 1284, 1283, 1284, 1200, 1285, 1279, 1285, 1204, 1285, 1280, 1285, 1205, 1285, 1284, 1285, 1202, 1287, 1281, 1287, 1206, 1281, 1206, 1287, 1282, 1287, 1207, 1287, 1281, 1286, 1206, 1286, 1286, 1287, 1208, 1283, 1283, 1287, 1208, 1287, 1283, 1288, 1208, 1288, 1287, 1288, 1204, 1289, 1283, 1289, 1208, 1289, 1284, 1289, 1209, 1289, 1288, 1289, 1210, 1285, 1285, 1289, 1210, 1289, 1285, 1290, 1210, 1290, 1289, 1290, 1206, 1291, 1212, 1287, 1287, 1291, 1212, 1291, 1286, 1291, 1211, 1291, 1287, 1292, 1212, 1292, 1291, 1292, 1208, 1293, 1287, 1293, 1212, 1293, 1288, 1293, 1213, 1293, 1292, 1293, 1214, 1289, 1289, 1293, 1214, 1293, 1289, 1294, 1214, 1294, 1293, 1294, 1210, 1295, 1289, 1295, 1214, 1295, 1290, 1295, 1215, 1295, 1294, 1295, 1212, 1297, 1291, 1297, 1216, 1291, 1216, 1297, 1292, 1297, 1217, 1297, 1291, 1296, 1216, 1296, 1296, 1297, 1218, 1293, 1293, 1297, 1218, 1297, 1293, 1298, 1218, 1298, 1297, 1298, 1214, 1299, 1293, 1299, 1218, 1299, 1294, 1299, 1219, 1299, 1298, 1299, 1220, 1295, 1295, 1299, 1220, 1299, 1295, 1300, 1220, 1300, 1299, 1300, 1216, 1301, 1222, 1297, 1297, 1301, 1222, 1301, 1296, 1301, 1221, 1301, 1297, 1302, 1222, 1302, 1301, 1302, 1218, 1303, 1297, 1303, 1222, 1303, 1298, 1303, 1223, 1303, 1302, 1303, 1224, 1299, 1299, 1303, 1224, 1303, 1299, 1304, 1224, 1304, 1303, 1304, 1220, 1305, 1299, 1305, 1224, 1305, 1300, 1305, 1225, 1305, 1304, 1305, 155, 1306, 166, 1227, 166, 1306, 1227, 1306, 167, 1306, 1226, 1306, 166, 1307, 1227, 1307, 1306, 1307, 153, 1308, 166, 1308, 1227, 1308, 165, 1308, 1228, 1308, 1307, 1308, 164, 1229, 164, 1308, 1229, 1308, 164, 1309, 1229, 1309, 1308, 1309, 79, 1310, 164, 1310, 1229, 1310, 95, 1310, 1230, 1310, 1309, 1310, 1227, 1312, 1306, 1312, 1231, 1306, 1231, 1312, 1307, 1312, 1232, 1312, 1306, 1311, 1231, 1311, 1311, 1312, 1233, 1308, 1308, 1312, 1233, 1312, 1308, 1313, 1233, 1313, 1312, 1313, 1229, 1314, 1308, 1314, 1233, 1314, 1309, 1314, 1234, 1314, 1313, 1314, 1235, 1310, 1310, 1314, 1235, 1314, 1310, 1315, 1235, 1315, 1314, 1315, 1231, 1316, 1237, 1312, 1312, 1316, 1237, 1316, 1311, 1316, 1236, 1316, 1312, 1317, 1237, 1317, 1316, 1317, 1233, 1318, 1312, 1318, 1237, 1318, 1313, 1318, 1238, 1318, 1317, 1318, 1239, 1314, 1314, 1318, 1239, 1318, 1314, 1319, 1239, 1319, 1318, 1319, 1235, 1320, 1314, 1320, 1239, 1320, 1315, 1320, 1240, 1320, 1319, 1320, 1237, 1322, 1316, 1322, 1241, 1316, 1241, 1322, 1317, 1322, 1242, 1322, 1316, 1321, 1241, 1321, 1321, 1322, 1243, 1318, 1318, 1322, 1243, 1322, 1318, 1323, 1243, 1323, 1322, 1323, 1239, 1324, 1318, 1324, 1243, 1324, 1319, 1324, 1244, 1324, 1323, 1324, 1245, 1320, 1320, 1324, 1245, 1324, 1320, 1325, 1245, 1325, 1324, 1325, 1241, 1326, 1247, 1322, 1322, 1326, 1247, 1326, 1321, 1326, 1246, 1326, 1322, 1327, 1247, 1327, 1326, 1327, 1243, 1328, 1322, 1328, 1247, 1328, 1323, 1328, 1248, 1328, 1327, 1328, 1249, 1324, 1324, 1328, 1249, 1328, 1324, 1329, 1249, 1329, 1328, 1329, 1245, 1330, 1324, 1330, 1249, 1330, 1325, 1330, 1250, 1330, 1329, 1330, 1247, 1332, 1326, 1332, 1251, 1326, 1251, 1332, 1327, 1332, 1252, 1332, 1326, 1331, 1251, 1331, 1331, 1332, 1253, 1328, 1328, 1332, 1253, 1332, 1328, 1333, 1253, 1333, 1332, 1333, 1249, 1334, 1328, 1334, 1253, 1334, 1329, 1334, 1254, 1334, 1333, 1334, 1255, 1330, 1330, 1334, 1255, 1334, 1330, 1335, 1255, 1335, 1334, 1335, 1251, 1336, 1257, 1332, 1332, 1336, 1257, 1336, 1331, 1336, 1256, 1336, 1332, 1337, 1257, 1337, 1336, 1337, 1253, 1338, 1332, 1338, 1257, 1338, 1333, 1338, 1258, 1338, 1337, 1338, 1259, 1334, 1334, 1338, 1259, 1338, 1334, 1339, 1259, 1339, 1338, 1339, 1255, 1340, 1334, 1340, 1259, 1340, 1335, 1340, 1260, 1340, 1339, 1340, 1257, 1342, 1336, 1342, 1261, 1336, 1261, 1342, 1337, 1342, 1262, 1342, 1336, 1341, 1261, 1341, 1341, 1342, 1263, 1338, 1338, 1342, 1263, 1342, 1338, 1343, 1263, 1343, 1342, 1343, 1259, 1344, 1338, 1344, 1263, 1344, 1339, 1344, 1264, 1344, 1343, 1344, 1265, 1340, 1340, 1344, 1265, 1344, 1340, 1345, 1265, 1345, 1344, 1345, 1261, 1346, 1267, 1342, 1342, 1346, 1267, 1346, 1341, 1346, 1266, 1346, 1342, 1347, 1267, 1347, 1346, 1347, 1263, 1348, 1342, 1348, 1267, 1348, 1343, 1348, 1268, 1348, 1347, 1348, 1269, 1344, 1344, 1348, 1269, 1348, 1344, 1349, 1269, 1349, 1348, 1349, 1265, 1350, 1344, 1350, 1269, 1350, 1345, 1350, 1270, 1350, 1349, 1350, 1267, 1352, 1346, 1352, 1271, 1346, 1271, 1352, 1347, 1352, 1272, 1352, 1346, 1351, 1271, 1351, 1351, 1352, 1273, 1348, 1348, 1352, 1273, 1352, 1348, 1353, 1273, 1353, 1352, 1353, 1269, 1354, 1348, 1354, 1273, 1354, 1349, 1354, 1274, 1354, 1353, 1354, 1275, 1350, 1350, 1354, 1275, 1354, 1350, 1355, 1275, 1355, 1354, 1355, 1271, 1356, 1277, 1352, 1352, 1356, 1277, 1356, 1351, 1356, 1276, 1356, 1352, 1357, 1277, 1357, 1356, 1357, 1273, 1358, 1352, 1358, 1277, 1358, 1353, 1358, 1278, 1358, 1357, 1358, 1279, 1354, 1354, 1358, 1279, 1358, 1354, 1359, 1279, 1359, 1358, 1359, 1275, 1360, 1354, 1360, 1279, 1360, 1355, 1360, 1280, 1360, 1359, 1360, 1277, 1362, 1356, 1362, 1281, 1356, 1281, 1362, 1357, 1362, 1282, 1362, 1356, 1361, 1281, 1361, 1361, 1362, 1283, 1358, 1358, 1362, 1283, 1362, 1358, 1363, 1283, 1363, 1362, 1363, 1279, 1364, 1358, 1364, 1283, 1364, 1359, 1364, 1284, 1364, 1363, 1364, 1285, 1360, 1360, 1364, 1285, 1364, 1360, 1365, 1285, 1365, 1364, 1365, 1281, 1366, 1287, 1362, 1362, 1366, 1287, 1366, 1361, 1366, 1286, 1366, 1362, 1367, 1287, 1367, 1366, 1367, 1283, 1368, 1362, 1368, 1287, 1368, 1363, 1368, 1288, 1368, 1367, 1368, 1289, 1364, 1364, 1368, 1289, 1368, 1364, 1369, 1289, 1369, 1368, 1369, 1285, 1370, 1364, 1370, 1289, 1370, 1365, 1370, 1290, 1370, 1369, 1370, 1287, 1372, 1366, 1372, 1291, 1366, 1291, 1372, 1367, 1372, 1292, 1372, 1366, 1371, 1291, 1371, 1371, 1372, 1293, 1368, 1368, 1372, 1293, 1372, 1368, 1373, 1293, 1373, 1372, 1373, 1289, 1374, 1368, 1374, 1293, 1374, 1369, 1374, 1294, 1374, 1373, 1374, 1295, 1370, 1370, 1374, 1295, 1374, 1370, 1375, 1295, 1375, 1374, 1375, 1291, 1376, 1297, 1372, 1372, 1376, 1297, 1376, 1371, 1376, 1296, 1376, 1372, 1377, 1297, 1377, 1376, 1377, 1293, 1378, 1372, 1378, 1297, 1378, 1373, 1378, 1298, 1378, 1377, 1378, 1299, 1374, 1374, 1378, 1299, 1378, 1374, 1379, 1299, 1379, 1378, 1379, 1295, 1380, 1374, 1380, 1299, 1380, 1375, 1380, 1300, 1380, 1379, 1380, 1297, 1382, 1376, 1382, 1301, 1376, 1301, 1382, 1377, 1382, 1302, 1382, 1376, 1381, 1301, 1381, 1381, 1382, 1303, 1378, 1378, 1382, 1303, 1382, 1378, 1383, 1303, 1383, 1382, 1383, 1299, 1384, 1378, 1384, 1303, 1384, 1379, 1384, 1304, 1384, 1383, 1384, 1305, 1380, 1380, 1384, 1305, 1384, 1380, 1385, 1305, 1385, 1384, 1385, 983, 1386, 1064, 1386, 1063, 1386, 984, 1386, 1064, 1387, 1386, 1387, 1063, 1387, 1386, 1389, 1063, 1389, 983, 1389, 1387, 1389, 1386, 1388, 983, 1388, 1388, 1389, 983, 1390, 1389, 1390, 1063, 1390, 1388, 1390, 1389, 1391, 1390, 1391, 1063, 1391, 1390, 1393, 1063, 1393, 983, 1393, 1391, 1393, 1390, 1392, 983, 1392, 1392, 1393, 983, 1394, 1393, 1394, 1063, 1394, 1392, 1394, 1393, 1395, 1394, 1395, 1063, 1395, 1062, 1394, 1062, 1395, 982, 1394, 985, 1397, 985, 1386, 1064, 1397, 1386, 1397, 1065, 1397, 985, 1396, 1386, 1396, 1396, 1397, 1387, 1397, 1386, 1398, 1397, 1398, 1389, 1397, 1389, 1398, 1396, 1398, 1388, 1398, 1397, 1399, 1398, 1399, 1389, 1399, 1398, 1401, 1390, 1398, 1389, 1401, 1390, 1401, 1399, 1401, 1398, 1400, 1390, 1400, 1400, 1401, 1391, 1401, 1390, 1402, 1401, 1402, 1393, 1401, 1393, 1402, 1400, 1402, 1392, 1402, 1401, 1403, 1402, 1403, 1393, 1403, 1402, 1405, 1394, 1402, 1393, 1405, 1394, 1405, 1403, 1405, 1402, 1404, 1394, 1404, 1404, 1405, 1395, 1405, 981, 1394, 981, 1405, 1062, 1405, 981, 1404, 1061, 1405, 1064, 1406, 1143, 1406, 1063, 1406, 1144, 1406, 1387, 1406, 1389, 1406, 1143, 1389, 1406, 1407, 1389, 1407, 1143, 1407, 1389, 1408, 1143, 1408, 1063, 1408, 1407, 1408, 1391, 1408, 1393, 1408, 1143, 1393, 1408, 1409, 1393, 1409, 1143, 1409, 1393, 1410, 1143, 1410, 1063, 1410, 1409, 1410, 1395, 1410, 1062, 1410, 1142, 1410, 1145, 1397, 1145, 1406, 1397, 1406, 1145, 1411, 1397, 1411, 1406, 1411, 1397, 1412, 1406, 1412, 1389, 1412, 1411, 1412, 1399, 1412, 1407, 1412, 1401, 1412, 1408, 1412, 1401, 1408, 1412, 1413, 1401, 1413, 1408, 1413, 1401, 1414, 1408, 1414, 1393, 1414, 1413, 1414, 1403, 1414, 1409, 1414, 1405, 1414, 1410, 1414, 1405, 1410, 1414, 1415, 1405, 1415, 1410, 1415, 1141, 1405, 1141, 1410, 1141, 1415, 1224, 1406, 1223, 1406, 1224, 1416, 1406, 1416, 1223, 1416, 1406, 1417, 1223, 1417, 1143, 1417, 1416, 1417, 1407, 1417, 1408, 1417, 1223, 1408, 1417, 1418, 1408, 1418, 1223, 1418, 1408, 1419, 1223, 1419, 1143, 1419, 1418, 1419, 1409, 1419, 1410, 1419, 1223, 1410, 1419, 1420, 1410, 1420, 1223, 1420, 1222, 1410, 1222, 1420, 1145, 1421, 1224, 1421, 1406, 1421, 1225, 1421, 1411, 1421, 1416, 1421, 1412, 1421, 1417, 1421, 1412, 1417, 1421, 1422, 1412, 1422, 1417, 1422, 1412, 1423, 1417, 1423, 1408, 1423, 1422, 1423, 1413, 1423, 1418, 1423, 1414, 1423, 1419, 1423, 1414, 1419, 1423, 1424, 1414, 1424, 1419, 1424, 1414, 1425, 1419, 1425, 1410, 1425, 1424, 1425, 1415, 1425, 1420, 1425, 1141, 1425, 1222, 1425, 1221, 1425, 1224, 1426, 1303, 1426, 1223, 1426, 1304, 1426, 1416, 1426, 1417, 1426, 1303, 1417, 1426, 1427, 1417, 1427, 1303, 1427, 1417, 1428, 1303, 1428, 1223, 1428, 1427, 1428, 1418, 1428, 1419, 1428, 1303, 1419, 1428, 1429, 1419, 1429, 1303, 1429, 1419, 1430, 1303, 1430, 1223, 1430, 1429, 1430, 1420, 1430, 1222, 1430, 1302, 1430, 1305, 1421, 1305, 1426, 1421, 1426, 1305, 1431, 1421, 1431, 1426, 1431, 1421, 1432, 1426, 1432, 1417, 1432, 1431, 1432, 1422, 1432, 1427, 1432, 1423, 1432, 1428, 1432, 1423, 1428, 1432, 1433, 1423, 1433, 1428, 1433, 1423, 1434, 1428, 1434, 1419, 1434, 1433, 1434, 1424, 1434, 1429, 1434, 1425, 1434, 1430, 1434, 1425, 1430, 1434, 1435, 1425, 1435, 1430, 1435, 1301, 1425, 1301, 1430, 1301, 1435, 1384, 1426, 1383, 1426, 1384, 1436, 1426, 1436, 1383, 1436, 1426, 1437, 1383, 1437, 1303, 1437, 1436, 1437, 1427, 1437, 1428, 1437, 1383, 1428, 1437, 1438, 1428, 1438, 1383, 1438, 1428, 1439, 1383, 1439, 1303, 1439, 1438, 1439, 1429, 1439, 1430, 1439, 1383, 1430, 1439, 1440, 1430, 1440, 1383, 1440, 1382, 1430, 1382, 1440, 1305, 1441, 1384, 1441, 1426, 1441, 1385, 1441, 1431, 1441, 1436, 1441, 1432, 1441, 1437, 1441, 1432, 1437, 1441, 1442, 1432, 1442, 1437, 1442, 1432, 1443, 1437, 1443, 1428, 1443, 1442, 1443, 1433, 1443, 1438, 1443, 1434, 1443, 1439, 1443, 1434, 1439, 1443, 1444, 1434, 1444, 1439, 1444, 1434, 1445, 1439, 1445, 1430, 1445, 1444, 1445, 1435, 1445, 1440, 1445, 1301, 1445, 1382, 1445, 1381, 1445, 190, 1447, 190, 1526, 189, 1447, 189, 1526, 1447, 1526, 188, 1447, 191, 1526, 190, 1446, 1446, 1526, 1446, 1447, 189, 1527, 1447, 1527, 1526, 1527, 186, 1528, 186, 1447, 189, 1528, 1447, 1528, 187, 1528, 186, 1448, 1447, 1448, 1448, 1528, 1527, 1528, 186, 1449, 185, 1449, 185, 1528, 1449, 1528, 184, 1449, 1448, 1449, 185, 1529, 1449, 1529, 1528, 1529, 118, 1530, 118, 1449, 185, 1530, 1449, 1530, 119, 1530, 118, 1450, 1449, 1450, 1450, 1530, 1529, 1530, 1447, 1532, 1447, 1451, 1526, 1532, 1451, 1526, 1451, 1532, 1446, 1451, 1527, 1532, 1447, 1452, 1451, 1452, 1452, 1532, 1526, 1531, 1451, 1531, 1531, 1532, 1447, 1453, 1453, 1528, 1528, 1532, 1453, 1532, 1448, 1453, 1452, 1453, 1528, 1533, 1453, 1533, 1532, 1533, 1449, 1534, 1449, 1453, 1528, 1534, 1453, 1534, 1529, 1534, 1449, 1454, 1453, 1454, 1454, 1534, 1533, 1534, 1449, 1455, 1455, 1530, 1530, 1534, 1455, 1534, 1450, 1455, 1454, 1455, 1530, 1535, 1455, 1535, 1534, 1535, 1451, 1457, 1451, 1536, 1457, 1532, 1532, 1536, 1457, 1536, 1452, 1457, 1531, 1536, 1451, 1456, 1456, 1536, 1456, 1457, 1532, 1537, 1457, 1537, 1536, 1537, 1453, 1538, 1453, 1457, 1532, 1538, 1457, 1538, 1533, 1538, 1453, 1458, 1457, 1458, 1458, 1538, 1537, 1538, 1453, 1459, 1459, 1534, 1534, 1538, 1459, 1538, 1454, 1459, 1458, 1459, 1534, 1539, 1459, 1539, 1538, 1539, 1455, 1540, 1455, 1459, 1534, 1540, 1459, 1540, 1535, 1540, 1455, 1460, 1459, 1460, 1460, 1540, 1539, 1540, 1457, 1542, 1457, 1461, 1536, 1542, 1461, 1536, 1461, 1542, 1456, 1461, 1537, 1542, 1457, 1462, 1461, 1462, 1462, 1542, 1536, 1541, 1461, 1541, 1541, 1542, 1457, 1463, 1463, 1538, 1538, 1542, 1463, 1542, 1458, 1463, 1462, 1463, 1538, 1543, 1463, 1543, 1542, 1543, 1459, 1544, 1459, 1463, 1538, 1544, 1463, 1544, 1539, 1544, 1459, 1464, 1463, 1464, 1464, 1544, 1543, 1544, 1459, 1465, 1465, 1540, 1540, 1544, 1465, 1544, 1460, 1465, 1464, 1465, 1540, 1545, 1465, 1545, 1544, 1545, 1461, 1467, 1461, 1546, 1467, 1542, 1542, 1546, 1467, 1546, 1462, 1467, 1541, 1546, 1461, 1466, 1466, 1546, 1466, 1467, 1542, 1547, 1467, 1547, 1546, 1547, 1463, 1548, 1463, 1467, 1542, 1548, 1467, 1548, 1543, 1548, 1463, 1468, 1467, 1468, 1468, 1548, 1547, 1548, 1463, 1469, 1469, 1544, 1544, 1548, 1469, 1548, 1464, 1469, 1468, 1469, 1544, 1549, 1469, 1549, 1548, 1549, 1465, 1550, 1465, 1469, 1544, 1550, 1469, 1550, 1545, 1550, 1465, 1470, 1469, 1470, 1470, 1550, 1549, 1550, 1467, 1552, 1467, 1471, 1546, 1552, 1471, 1546, 1471, 1552, 1466, 1471, 1547, 1552, 1467, 1472, 1471, 1472, 1472, 1552, 1546, 1551, 1471, 1551, 1551, 1552, 1467, 1473, 1473, 1548, 1548, 1552, 1473, 1552, 1468, 1473, 1472, 1473, 1548, 1553, 1473, 1553, 1552, 1553, 1469, 1554, 1469, 1473, 1548, 1554, 1473, 1554, 1549, 1554, 1469, 1474, 1473, 1474, 1474, 1554, 1553, 1554, 1469, 1475, 1475, 1550, 1550, 1554, 1475, 1554, 1470, 1475, 1474, 1475, 1550, 1555, 1475, 1555, 1554, 1555, 1471, 1477, 1471, 1556, 1477, 1552, 1552, 1556, 1477, 1556, 1472, 1477, 1551, 1556, 1471, 1476, 1476, 1556, 1476, 1477, 1552, 1557, 1477, 1557, 1556, 1557, 1473, 1558, 1473, 1477, 1552, 1558, 1477, 1558, 1553, 1558, 1473, 1478, 1477, 1478, 1478, 1558, 1557, 1558, 1473, 1479, 1479, 1554, 1554, 1558, 1479, 1558, 1474, 1479, 1478, 1479, 1554, 1559, 1479, 1559, 1558, 1559, 1475, 1560, 1475, 1479, 1554, 1560, 1479, 1560, 1555, 1560, 1475, 1480, 1479, 1480, 1480, 1560, 1559, 1560, 1477, 1562, 1477, 1481, 1556, 1562, 1481, 1556, 1481, 1562, 1476, 1481, 1557, 1562, 1477, 1482, 1481, 1482, 1482, 1562, 1556, 1561, 1481, 1561, 1561, 1562, 1477, 1483, 1483, 1558, 1558, 1562, 1483, 1562, 1478, 1483, 1482, 1483, 1558, 1563, 1483, 1563, 1562, 1563, 1479, 1564, 1479, 1483, 1558, 1564, 1483, 1564, 1559, 1564, 1479, 1484, 1483, 1484, 1484, 1564, 1563, 1564, 1479, 1485, 1485, 1560, 1560, 1564, 1485, 1564, 1480, 1485, 1484, 1485, 1560, 1565, 1485, 1565, 1564, 1565, 1481, 1487, 1481, 1566, 1487, 1562, 1562, 1566, 1487, 1566, 1482, 1487, 1561, 1566, 1481, 1486, 1486, 1566, 1486, 1487, 1562, 1567, 1487, 1567, 1566, 1567, 1483, 1568, 1483, 1487, 1562, 1568, 1487, 1568, 1563, 1568, 1483, 1488, 1487, 1488, 1488, 1568, 1567, 1568, 1483, 1489, 1489, 1564, 1564, 1568, 1489, 1568, 1484, 1489, 1488, 1489, 1564, 1569, 1489, 1569, 1568, 1569, 1485, 1570, 1485, 1489, 1564, 1570, 1489, 1570, 1565, 1570, 1485, 1490, 1489, 1490, 1490, 1570, 1569, 1570, 1487, 1572, 1487, 1491, 1566, 1572, 1491, 1566, 1491, 1572, 1486, 1491, 1567, 1572, 1487, 1492, 1491, 1492, 1492, 1572, 1566, 1571, 1491, 1571, 1571, 1572, 1487, 1493, 1493, 1568, 1568, 1572, 1493, 1572, 1488, 1493, 1492, 1493, 1568, 1573, 1493, 1573, 1572, 1573, 1489, 1574, 1489, 1493, 1568, 1574, 1493, 1574, 1569, 1574, 1489, 1494, 1493, 1494, 1494, 1574, 1573, 1574, 1489, 1495, 1495, 1570, 1570, 1574, 1495, 1574, 1490, 1495, 1494, 1495, 1570, 1575, 1495, 1575, 1574, 1575, 1491, 1497, 1491, 1576, 1497, 1572, 1572, 1576, 1497, 1576, 1492, 1497, 1571, 1576, 1491, 1496, 1496, 1576, 1496, 1497, 1572, 1577, 1497, 1577, 1576, 1577, 1493, 1578, 1493, 1497, 1572, 1578, 1497, 1578, 1573, 1578, 1493, 1498, 1497, 1498, 1498, 1578, 1577, 1578, 1493, 1499, 1499, 1574, 1574, 1578, 1499, 1578, 1494, 1499, 1498, 1499, 1574, 1579, 1499, 1579, 1578, 1579, 1495, 1580, 1495, 1499, 1574, 1580, 1499, 1580, 1575, 1580, 1495, 1500, 1499, 1500, 1500, 1580, 1579, 1580, 1497, 1582, 1497, 1501, 1576, 1582, 1501, 1576, 1501, 1582, 1496, 1501, 1577, 1582, 1497, 1502, 1501, 1502, 1502, 1582, 1576, 1581, 1501, 1581, 1581, 1582, 1497, 1503, 1503, 1578, 1578, 1582, 1503, 1582, 1498, 1503, 1502, 1503, 1578, 1583, 1503, 1583, 1582, 1583, 1499, 1584, 1499, 1503, 1578, 1584, 1503, 1584, 1579, 1584, 1499, 1504, 1503, 1504, 1504, 1584, 1583, 1584, 1499, 1505, 1505, 1580, 1580, 1584, 1505, 1584, 1500, 1505, 1504, 1505, 1580, 1585, 1505, 1585, 1584, 1585, 1501, 1507, 1501, 1586, 1507, 1582, 1582, 1586, 1507, 1586, 1502, 1507, 1581, 1586, 1501, 1506, 1506, 1586, 1506, 1507, 1582, 1587, 1507, 1587, 1586, 1587, 1503, 1588, 1503, 1507, 1582, 1588, 1507, 1588, 1583, 1588, 1503, 1508, 1507, 1508, 1508, 1588, 1587, 1588, 1503, 1509, 1509, 1584, 1584, 1588, 1509, 1588, 1504, 1509, 1508, 1509, 1584, 1589, 1509, 1589, 1588, 1589, 1505, 1590, 1505, 1509, 1584, 1590, 1509, 1590, 1585, 1590, 1505, 1510, 1509, 1510, 1510, 1590, 1589, 1590, 1507, 1592, 1507, 1511, 1586, 1592, 1511, 1586, 1511, 1592, 1506, 1511, 1587, 1592, 1507, 1512, 1511, 1512, 1512, 1592, 1586, 1591, 1511, 1591, 1591, 1592, 1507, 1513, 1513, 1588, 1588, 1592, 1513, 1592, 1508, 1513, 1512, 1513, 1588, 1593, 1513, 1593, 1592, 1593, 1509, 1594, 1509, 1513, 1588, 1594, 1513, 1594, 1589, 1594, 1509, 1514, 1513, 1514, 1514, 1594, 1593, 1594, 1509, 1515, 1515, 1590, 1590, 1594, 1515, 1594, 1510, 1515, 1514, 1515, 1590, 1595, 1515, 1595, 1594, 1595, 1511, 1517, 1511, 1596, 1517, 1592, 1592, 1596, 1517, 1596, 1512, 1517, 1591, 1596, 1511, 1516, 1516, 1596, 1516, 1517, 1592, 1597, 1517, 1597, 1596, 1597, 1513, 1598, 1513, 1517, 1592, 1598, 1517, 1598, 1593, 1598, 1513, 1518, 1517, 1518, 1518, 1598, 1597, 1598, 1513, 1519, 1519, 1594, 1594, 1598, 1519, 1598, 1514, 1519, 1518, 1519, 1594, 1599, 1519, 1599, 1598, 1599, 1515, 1600, 1515, 1519, 1594, 1600, 1519, 1600, 1595, 1600, 1515, 1520, 1519, 1520, 1520, 1600, 1599, 1600, 1517, 1602, 1517, 1521, 1596, 1602, 1521, 1596, 1521, 1602, 1516, 1521, 1597, 1602, 1517, 1522, 1521, 1522, 1522, 1602, 1596, 1601, 1521, 1601, 1601, 1602, 1517, 1523, 1523, 1598, 1598, 1602, 1523, 1602, 1518, 1523, 1522, 1523, 1598, 1603, 1523, 1603, 1602, 1603, 1519, 1604, 1519, 1523, 1598, 1604, 1523, 1604, 1599, 1604, 1519, 1524, 1523, 1524, 1524, 1604, 1603, 1604, 1519, 1525, 1525, 1600, 1600, 1604, 1525, 1604, 1520, 1525, 1524, 1525, 1600, 1605, 1525, 1605, 1604, 1605, 189, 1607, 203, 1607, 203, 1526, 1526, 1607, 202, 1607, 1527, 1607, 203, 1606, 1526, 1606, 1606, 1607, 201, 1528, 201, 1607, 1528, 1607, 201, 1608, 1528, 1608, 1607, 1608, 185, 1609, 201, 1609, 1528, 1609, 200, 1609, 1529, 1609, 1608, 1609, 131, 1530, 131, 1609, 1530, 1609, 131, 1610, 1530, 1610, 1609, 1610, 1526, 1611, 1532, 1607, 1607, 1611, 1532, 1611, 1606, 1611, 1531, 1611, 1607, 1612, 1532, 1612, 1611, 1612, 1528, 1613, 1607, 1613, 1532, 1613, 1608, 1613, 1533, 1613, 1612, 1613, 1534, 1609, 1609, 1613, 1534, 1613, 1609, 1614, 1534, 1614, 1613, 1614, 1530, 1615, 1609, 1615, 1534, 1615, 1610, 1615, 1535, 1615, 1614, 1615, 1532, 1617, 1611, 1617, 1536, 1611, 1536, 1617, 1612, 1617, 1537, 1617, 1611, 1616, 1536, 1616, 1616, 1617, 1538, 1613, 1613, 1617, 1538, 1617, 1613, 1618, 1538, 1618, 1617, 1618, 1534, 1619, 1613, 1619, 1538, 1619, 1614, 1619, 1539, 1619, 1618, 1619, 1540, 1615, 1615, 1619, 1540, 1619, 1615, 1620, 1540, 1620, 1619, 1620, 1536, 1621, 1542, 1617, 1617, 1621, 1542, 1621, 1616, 1621, 1541, 1621, 1617, 1622, 1542, 1622, 1621, 1622, 1538, 1623, 1617, 1623, 1542, 1623, 1618, 1623, 1543, 1623, 1622, 1623, 1544, 1619, 1619, 1623, 1544, 1623, 1619, 1624, 1544, 1624, 1623, 1624, 1540, 1625, 1619, 1625, 1544, 1625, 1620, 1625, 1545, 1625, 1624, 1625, 1542, 1627, 1621, 1627, 1546, 1621, 1546, 1627, 1622, 1627, 1547, 1627, 1621, 1626, 1546, 1626, 1626, 1627, 1548, 1623, 1623, 1627, 1548, 1627, 1623, 1628, 1548, 1628, 1627, 1628, 1544, 1629, 1623, 1629, 1548, 1629, 1624, 1629, 1549, 1629, 1628, 1629, 1550, 1625, 1625, 1629, 1550, 1629, 1625, 1630, 1550, 1630, 1629, 1630, 1546, 1631, 1552, 1627, 1627, 1631, 1552, 1631, 1626, 1631, 1551, 1631, 1627, 1632, 1552, 1632, 1631, 1632, 1548, 1633, 1627, 1633, 1552, 1633, 1628, 1633, 1553, 1633, 1632, 1633, 1554, 1629, 1629, 1633, 1554, 1633, 1629, 1634, 1554, 1634, 1633, 1634, 1550, 1635, 1629, 1635, 1554, 1635, 1630, 1635, 1555, 1635, 1634, 1635, 1552, 1637, 1631, 1637, 1556, 1631, 1556, 1637, 1632, 1637, 1557, 1637, 1631, 1636, 1556, 1636, 1636, 1637, 1558, 1633, 1633, 1637, 1558, 1637, 1633, 1638, 1558, 1638, 1637, 1638, 1554, 1639, 1633, 1639, 1558, 1639, 1634, 1639, 1559, 1639, 1638, 1639, 1560, 1635, 1635, 1639, 1560, 1639, 1635, 1640, 1560, 1640, 1639, 1640, 1556, 1641, 1562, 1637, 1637, 1641, 1562, 1641, 1636, 1641, 1561, 1641, 1637, 1642, 1562, 1642, 1641, 1642, 1558, 1643, 1637, 1643, 1562, 1643, 1638, 1643, 1563, 1643, 1642, 1643, 1564, 1639, 1639, 1643, 1564, 1643, 1639, 1644, 1564, 1644, 1643, 1644, 1560, 1645, 1639, 1645, 1564, 1645, 1640, 1645, 1565, 1645, 1644, 1645, 1562, 1647, 1641, 1647, 1566, 1641, 1566, 1647, 1642, 1647, 1567, 1647, 1641, 1646, 1566, 1646, 1646, 1647, 1568, 1643, 1643, 1647, 1568, 1647, 1643, 1648, 1568, 1648, 1647, 1648, 1564, 1649, 1643, 1649, 1568, 1649, 1644, 1649, 1569, 1649, 1648, 1649, 1570, 1645, 1645, 1649, 1570, 1649, 1645, 1650, 1570, 1650, 1649, 1650, 1566, 1651, 1572, 1647, 1647, 1651, 1572, 1651, 1646, 1651, 1571, 1651, 1647, 1652, 1572, 1652, 1651, 1652, 1568, 1653, 1647, 1653, 1572, 1653, 1648, 1653, 1573, 1653, 1652, 1653, 1574, 1649, 1649, 1653, 1574, 1653, 1649, 1654, 1574, 1654, 1653, 1654, 1570, 1655, 1649, 1655, 1574, 1655, 1650, 1655, 1575, 1655, 1654, 1655, 1572, 1657, 1651, 1657, 1576, 1651, 1576, 1657, 1652, 1657, 1577, 1657, 1651, 1656, 1576, 1656, 1656, 1657, 1578, 1653, 1653, 1657, 1578, 1657, 1653, 1658, 1578, 1658, 1657, 1658, 1574, 1659, 1653, 1659, 1578, 1659, 1654, 1659, 1579, 1659, 1658, 1659, 1580, 1655, 1655, 1659, 1580, 1659, 1655, 1660, 1580, 1660, 1659, 1660, 1576, 1661, 1582, 1657, 1657, 1661, 1582, 1661, 1656, 1661, 1581, 1661, 1657, 1662, 1582, 1662, 1661, 1662, 1578, 1663, 1657, 1663, 1582, 1663, 1658, 1663, 1583, 1663, 1662, 1663, 1584, 1659, 1659, 1663, 1584, 1663, 1659, 1664, 1584, 1664, 1663, 1664, 1580, 1665, 1659, 1665, 1584, 1665, 1660, 1665, 1585, 1665, 1664, 1665, 1582, 1667, 1661, 1667, 1586, 1661, 1586, 1667, 1662, 1667, 1587, 1667, 1661, 1666, 1586, 1666, 1666, 1667, 1588, 1663, 1663, 1667, 1588, 1667, 1663, 1668, 1588, 1668, 1667, 1668, 1584, 1669, 1663, 1669, 1588, 1669, 1664, 1669, 1589, 1669, 1668, 1669, 1590, 1665, 1665, 1669, 1590, 1669, 1665, 1670, 1590, 1670, 1669, 1670, 1586, 1671, 1592, 1667, 1667, 1671, 1592, 1671, 1666, 1671, 1591, 1671, 1667, 1672, 1592, 1672, 1671, 1672, 1588, 1673, 1667, 1673, 1592, 1673, 1668, 1673, 1593, 1673, 1672, 1673, 1594, 1669, 1669, 1673, 1594, 1673, 1669, 1674, 1594, 1674, 1673, 1674, 1590, 1675, 1669, 1675, 1594, 1675, 1670, 1675, 1595, 1675, 1674, 1675, 1592, 1677, 1671, 1677, 1596, 1671, 1596, 1677, 1672, 1677, 1597, 1677, 1671, 1676, 1596, 1676, 1676, 1677, 1598, 1673, 1673, 1677, 1598, 1677, 1673, 1678, 1598, 1678, 1677, 1678, 1594, 1679, 1673, 1679, 1598, 1679, 1674, 1679, 1599, 1679, 1678, 1679, 1600, 1675, 1675, 1679, 1600, 1679, 1675, 1680, 1600, 1680, 1679, 1680, 1596, 1681, 1602, 1677, 1677, 1681, 1602, 1681, 1676, 1681, 1601, 1681, 1677, 1682, 1602, 1682, 1681, 1682, 1598, 1683, 1677, 1683, 1602, 1683, 1678, 1683, 1603, 1683, 1682, 1683, 1604, 1679, 1679, 1683, 1604, 1683, 1679, 1684, 1604, 1684, 1683, 1684, 1600, 1685, 1679, 1685, 1604, 1685, 1680, 1685, 1605, 1685, 1684, 1685, 203, 1686, 214, 1607, 214, 1686, 1607, 1686, 215, 1686, 1606, 1686, 214, 1687, 1607, 1687, 1686, 1687, 201, 1688, 214, 1688, 1607, 1688, 213, 1688, 1608, 1688, 1687, 1688, 212, 1609, 212, 1688, 1609, 1688, 212, 1689, 1609, 1689, 1688, 1689, 131, 1690, 212, 1690, 1609, 1690, 143, 1690, 1610, 1690, 1689, 1690, 1607, 1692, 1686, 1692, 1611, 1686, 1611, 1692, 1687, 1692, 1612, 1692, 1686, 1691, 1611, 1691, 1691, 1692, 1613, 1688, 1688, 1692, 1613, 1692, 1688, 1693, 1613, 1693, 1692, 1693, 1609, 1694, 1688, 1694, 1613, 1694, 1689, 1694, 1614, 1694, 1693, 1694, 1615, 1690, 1690, 1694, 1615, 1694, 1690, 1695, 1615, 1695, 1694, 1695, 1611, 1696, 1617, 1692, 1692, 1696, 1617, 1696, 1691, 1696, 1616, 1696, 1692, 1697, 1617, 1697, 1696, 1697, 1613, 1698, 1692, 1698, 1617, 1698, 1693, 1698, 1618, 1698, 1697, 1698, 1619, 1694, 1694, 1698, 1619, 1698, 1694, 1699, 1619, 1699, 1698, 1699, 1615, 1700, 1694, 1700, 1619, 1700, 1695, 1700, 1620, 1700, 1699, 1700, 1617, 1702, 1696, 1702, 1621, 1696, 1621, 1702, 1697, 1702, 1622, 1702, 1696, 1701, 1621, 1701, 1701, 1702, 1623, 1698, 1698, 1702, 1623, 1702, 1698, 1703, 1623, 1703, 1702, 1703, 1619, 1704, 1698, 1704, 1623, 1704, 1699, 1704, 1624, 1704, 1703, 1704, 1625, 1700, 1700, 1704, 1625, 1704, 1700, 1705, 1625, 1705, 1704, 1705, 1621, 1706, 1627, 1702, 1702, 1706, 1627, 1706, 1701, 1706, 1626, 1706, 1702, 1707, 1627, 1707, 1706, 1707, 1623, 1708, 1702, 1708, 1627, 1708, 1703, 1708, 1628, 1708, 1707, 1708, 1629, 1704, 1704, 1708, 1629, 1708, 1704, 1709, 1629, 1709, 1708, 1709, 1625, 1710, 1704, 1710, 1629, 1710, 1705, 1710, 1630, 1710, 1709, 1710, 1627, 1712, 1706, 1712, 1631, 1706, 1631, 1712, 1707, 1712, 1632, 1712, 1706, 1711, 1631, 1711, 1711, 1712, 1633, 1708, 1708, 1712, 1633, 1712, 1708, 1713, 1633, 1713, 1712, 1713, 1629, 1714, 1708, 1714, 1633, 1714, 1709, 1714, 1634, 1714, 1713, 1714, 1635, 1710, 1710, 1714, 1635, 1714, 1710, 1715, 1635, 1715, 1714, 1715, 1631, 1716, 1637, 1712, 1712, 1716, 1637, 1716, 1711, 1716, 1636, 1716, 1712, 1717, 1637, 1717, 1716, 1717, 1633, 1718, 1712, 1718, 1637, 1718, 1713, 1718, 1638, 1718, 1717, 1718, 1639, 1714, 1714, 1718, 1639, 1718, 1714, 1719, 1639, 1719, 1718, 1719, 1635, 1720, 1714, 1720, 1639, 1720, 1715, 1720, 1640, 1720, 1719, 1720, 1637, 1722, 1716, 1722, 1641, 1716, 1641, 1722, 1717, 1722, 1642, 1722, 1716, 1721, 1641, 1721, 1721, 1722, 1643, 1718, 1718, 1722, 1643, 1722, 1718, 1723, 1643, 1723, 1722, 1723, 1639, 1724, 1718, 1724, 1643, 1724, 1719, 1724, 1644, 1724, 1723, 1724, 1645, 1720, 1720, 1724, 1645, 1724, 1720, 1725, 1645, 1725, 1724, 1725, 1641, 1726, 1647, 1722, 1722, 1726, 1647, 1726, 1721, 1726, 1646, 1726, 1722, 1727, 1647, 1727, 1726, 1727, 1643, 1728, 1722, 1728, 1647, 1728, 1723, 1728, 1648, 1728, 1727, 1728, 1649, 1724, 1724, 1728, 1649, 1728, 1724, 1729, 1649, 1729, 1728, 1729, 1645, 1730, 1724, 1730, 1649, 1730, 1725, 1730, 1650, 1730, 1729, 1730, 1647, 1732, 1726, 1732, 1651, 1726, 1651, 1732, 1727, 1732, 1652, 1732, 1726, 1731, 1651, 1731, 1731, 1732, 1653, 1728, 1728, 1732, 1653, 1732, 1728, 1733, 1653, 1733, 1732, 1733, 1649, 1734, 1728, 1734, 1653, 1734, 1729, 1734, 1654, 1734, 1733, 1734, 1655, 1730, 1730, 1734, 1655, 1734, 1730, 1735, 1655, 1735, 1734, 1735, 1651, 1736, 1657, 1732, 1732, 1736, 1657, 1736, 1731, 1736, 1656, 1736, 1732, 1737, 1657, 1737, 1736, 1737, 1653, 1738, 1732, 1738, 1657, 1738, 1733, 1738, 1658, 1738, 1737, 1738, 1659, 1734, 1734, 1738, 1659, 1738, 1734, 1739, 1659, 1739, 1738, 1739, 1655, 1740, 1734, 1740, 1659, 1740, 1735, 1740, 1660, 1740, 1739, 1740, 1657, 1742, 1736, 1742, 1661, 1736, 1661, 1742, 1737, 1742, 1662, 1742, 1736, 1741, 1661, 1741, 1741, 1742, 1663, 1738, 1738, 1742, 1663, 1742, 1738, 1743, 1663, 1743, 1742, 1743, 1659, 1744, 1738, 1744, 1663, 1744, 1739, 1744, 1664, 1744, 1743, 1744, 1665, 1740, 1740, 1744, 1665, 1744, 1740, 1745, 1665, 1745, 1744, 1745, 1661, 1746, 1667, 1742, 1742, 1746, 1667, 1746, 1741, 1746, 1666, 1746, 1742, 1747, 1667, 1747, 1746, 1747, 1663, 1748, 1742, 1748, 1667, 1748, 1743, 1748, 1668, 1748, 1747, 1748, 1669, 1744, 1744, 1748, 1669, 1748, 1744, 1749, 1669, 1749, 1748, 1749, 1665, 1750, 1744, 1750, 1669, 1750, 1745, 1750, 1670, 1750, 1749, 1750, 1667, 1752, 1746, 1752, 1671, 1746, 1671, 1752, 1747, 1752, 1672, 1752, 1746, 1751, 1671, 1751, 1751, 1752, 1673, 1748, 1748, 1752, 1673, 1752, 1748, 1753, 1673, 1753, 1752, 1753, 1669, 1754, 1748, 1754, 1673, 1754, 1749, 1754, 1674, 1754, 1753, 1754, 1675, 1750, 1750, 1754, 1675, 1754, 1750, 1755, 1675, 1755, 1754, 1755, 1671, 1756, 1677, 1752, 1752, 1756, 1677, 1756, 1751, 1756, 1676, 1756, 1752, 1757, 1677, 1757, 1756, 1757, 1673, 1758, 1752, 1758, 1677, 1758, 1753, 1758, 1678, 1758, 1757, 1758, 1679, 1754, 1754, 1758, 1679, 1758, 1754, 1759, 1679, 1759, 1758, 1759, 1675, 1760, 1754, 1760, 1679, 1760, 1755, 1760, 1680, 1760, 1759, 1760, 1677, 1762, 1756, 1762, 1681, 1756, 1681, 1762, 1757, 1762, 1682, 1762, 1756, 1761, 1681, 1761, 1761, 1762, 1683, 1758, 1758, 1762, 1683, 1762, 1758, 1763, 1683, 1763, 1762, 1763, 1679, 1764, 1758, 1764, 1683, 1764, 1759, 1764, 1684, 1764, 1763, 1764, 1685, 1760, 1760, 1764, 1685, 1764, 1760, 1765, 1685, 1765, 1764, 1765, 214, 1767, 227, 1767, 227, 1686, 1686, 1767, 226, 1767, 1687, 1767, 227, 1766, 1686, 1766, 1766, 1767, 225, 1688, 225, 1767, 1688, 1767, 225, 1768, 1688, 1768, 1767, 1768, 212, 1769, 225, 1769, 1688, 1769, 224, 1769, 1689, 1769, 1768, 1769, 155, 1690, 155, 1769, 1690, 1769, 155, 1770, 1690, 1770, 1769, 1770, 1686, 1771, 1692, 1767, 1767, 1771, 1692, 1771, 1766, 1771, 1691, 1771, 1767, 1772, 1692, 1772, 1771, 1772, 1688, 1773, 1767, 1773, 1692, 1773, 1768, 1773, 1693, 1773, 1772, 1773, 1694, 1769, 1769, 1773, 1694, 1773, 1769, 1774, 1694, 1774, 1773, 1774, 1690, 1775, 1769, 1775, 1694, 1775, 1770, 1775, 1695, 1775, 1774, 1775, 1692, 1777, 1771, 1777, 1696, 1771, 1696, 1777, 1772, 1777, 1697, 1777, 1771, 1776, 1696, 1776, 1776, 1777, 1698, 1773, 1773, 1777, 1698, 1777, 1773, 1778, 1698, 1778, 1777, 1778, 1694, 1779, 1773, 1779, 1698, 1779, 1774, 1779, 1699, 1779, 1778, 1779, 1700, 1775, 1775, 1779, 1700, 1779, 1775, 1780, 1700, 1780, 1779, 1780, 1696, 1781, 1702, 1777, 1777, 1781, 1702, 1781, 1776, 1781, 1701, 1781, 1777, 1782, 1702, 1782, 1781, 1782, 1698, 1783, 1777, 1783, 1702, 1783, 1778, 1783, 1703, 1783, 1782, 1783, 1704, 1779, 1779, 1783, 1704, 1783, 1779, 1784, 1704, 1784, 1783, 1784, 1700, 1785, 1779, 1785, 1704, 1785, 1780, 1785, 1705, 1785, 1784, 1785, 1702, 1787, 1781, 1787, 1706, 1781, 1706, 1787, 1782, 1787, 1707, 1787, 1781, 1786, 1706, 1786, 1786, 1787, 1708, 1783, 1783, 1787, 1708, 1787, 1783, 1788, 1708, 1788, 1787, 1788, 1704, 1789, 1783, 1789, 1708, 1789, 1784, 1789, 1709, 1789, 1788, 1789, 1710, 1785, 1785, 1789, 1710, 1789, 1785, 1790, 1710, 1790, 1789, 1790, 1706, 1791, 1712, 1787, 1787, 1791, 1712, 1791, 1786, 1791, 1711, 1791, 1787, 1792, 1712, 1792, 1791, 1792, 1708, 1793, 1787, 1793, 1712, 1793, 1788, 1793, 1713, 1793, 1792, 1793, 1714, 1789, 1789, 1793, 1714, 1793, 1789, 1794, 1714, 1794, 1793, 1794, 1710, 1795, 1789, 1795, 1714, 1795, 1790, 1795, 1715, 1795, 1794, 1795, 1712, 1797, 1791, 1797, 1716, 1791, 1716, 1797, 1792, 1797, 1717, 1797, 1791, 1796, 1716, 1796, 1796, 1797, 1718, 1793, 1793, 1797, 1718, 1797, 1793, 1798, 1718, 1798, 1797, 1798, 1714, 1799, 1793, 1799, 1718, 1799, 1794, 1799, 1719, 1799, 1798, 1799, 1720, 1795, 1795, 1799, 1720, 1799, 1795, 1800, 1720, 1800, 1799, 1800, 1716, 1801, 1722, 1797, 1797, 1801, 1722, 1801, 1796, 1801, 1721, 1801, 1797, 1802, 1722, 1802, 1801, 1802, 1718, 1803, 1797, 1803, 1722, 1803, 1798, 1803, 1723, 1803, 1802, 1803, 1724, 1799, 1799, 1803, 1724, 1803, 1799, 1804, 1724, 1804, 1803, 1804, 1720, 1805, 1799, 1805, 1724, 1805, 1800, 1805, 1725, 1805, 1804, 1805, 1722, 1807, 1801, 1807, 1726, 1801, 1726, 1807, 1802, 1807, 1727, 1807, 1801, 1806, 1726, 1806, 1806, 1807, 1728, 1803, 1803, 1807, 1728, 1807, 1803, 1808, 1728, 1808, 1807, 1808, 1724, 1809, 1803, 1809, 1728, 1809, 1804, 1809, 1729, 1809, 1808, 1809, 1730, 1805, 1805, 1809, 1730, 1809, 1805, 1810, 1730, 1810, 1809, 1810, 1726, 1811, 1732, 1807, 1807, 1811, 1732, 1811, 1806, 1811, 1731, 1811, 1807, 1812, 1732, 1812, 1811, 1812, 1728, 1813, 1807, 1813, 1732, 1813, 1808, 1813, 1733, 1813, 1812, 1813, 1734, 1809, 1809, 1813, 1734, 1813, 1809, 1814, 1734, 1814, 1813, 1814, 1730, 1815, 1809, 1815, 1734, 1815, 1810, 1815, 1735, 1815, 1814, 1815, 1732, 1817, 1811, 1817, 1736, 1811, 1736, 1817, 1812, 1817, 1737, 1817, 1811, 1816, 1736, 1816, 1816, 1817, 1738, 1813, 1813, 1817, 1738, 1817, 1813, 1818, 1738, 1818, 1817, 1818, 1734, 1819, 1813, 1819, 1738, 1819, 1814, 1819, 1739, 1819, 1818, 1819, 1740, 1815, 1815, 1819, 1740, 1819, 1815, 1820, 1740, 1820, 1819, 1820, 1736, 1821, 1742, 1817, 1817, 1821, 1742, 1821, 1816, 1821, 1741, 1821, 1817, 1822, 1742, 1822, 1821, 1822, 1738, 1823, 1817, 1823, 1742, 1823, 1818, 1823, 1743, 1823, 1822, 1823, 1744, 1819, 1819, 1823, 1744, 1823, 1819, 1824, 1744, 1824, 1823, 1824, 1740, 1825, 1819, 1825, 1744, 1825, 1820, 1825, 1745, 1825, 1824, 1825, 1742, 1827, 1821, 1827, 1746, 1821, 1746, 1827, 1822, 1827, 1747, 1827, 1821, 1826, 1746, 1826, 1826, 1827, 1748, 1823, 1823, 1827, 1748, 1827, 1823, 1828, 1748, 1828, 1827, 1828, 1744, 1829, 1823, 1829, 1748, 1829, 1824, 1829, 1749, 1829, 1828, 1829, 1750, 1825, 1825, 1829, 1750, 1829, 1825, 1830, 1750, 1830, 1829, 1830, 1746, 1831, 1752, 1827, 1827, 1831, 1752, 1831, 1826, 1831, 1751, 1831, 1827, 1832, 1752, 1832, 1831, 1832, 1748, 1833, 1827, 1833, 1752, 1833, 1828, 1833, 1753, 1833, 1832, 1833, 1754, 1829, 1829, 1833, 1754, 1833, 1829, 1834, 1754, 1834, 1833, 1834, 1750, 1835, 1829, 1835, 1754, 1835, 1830, 1835, 1755, 1835, 1834, 1835, 1752, 1837, 1831, 1837, 1756, 1831, 1756, 1837, 1832, 1837, 1757, 1837, 1831, 1836, 1756, 1836, 1836, 1837, 1758, 1833, 1833, 1837, 1758, 1837, 1833, 1838, 1758, 1838, 1837, 1838, 1754, 1839, 1833, 1839, 1758, 1839, 1834, 1839, 1759, 1839, 1838, 1839, 1760, 1835, 1835, 1839, 1760, 1839, 1835, 1840, 1760, 1840, 1839, 1840, 1756, 1841, 1762, 1837, 1837, 1841, 1762, 1841, 1836, 1841, 1761, 1841, 1837, 1842, 1762, 1842, 1841, 1842, 1758, 1843, 1837, 1843, 1762, 1843, 1838, 1843, 1763, 1843, 1842, 1843, 1764, 1839, 1839, 1843, 1764, 1843, 1839, 1844, 1764, 1844, 1843, 1844, 1760, 1845, 1839, 1845, 1764, 1845, 1840, 1845, 1765, 1845, 1844, 1845, 227, 1846, 238, 1767, 238, 1846, 1767, 1846, 239, 1846, 1766, 1846, 238, 1847, 1767, 1847, 1846, 1847, 225, 1848, 238, 1848, 1767, 1848, 237, 1848, 1768, 1848, 1847, 1848, 236, 1769, 236, 1848, 1769, 1848, 236, 1849, 1769, 1849, 1848, 1849, 155, 1850, 236, 1850, 1769, 1850, 167, 1850, 1770, 1850, 1849, 1850, 1767, 1852, 1846, 1852, 1771, 1846, 1771, 1852, 1847, 1852, 1772, 1852, 1846, 1851, 1771, 1851, 1851, 1852, 1773, 1848, 1848, 1852, 1773, 1852, 1848, 1853, 1773, 1853, 1852, 1853, 1769, 1854, 1848, 1854, 1773, 1854, 1849, 1854, 1774, 1854, 1853, 1854, 1775, 1850, 1850, 1854, 1775, 1854, 1850, 1855, 1775, 1855, 1854, 1855, 1771, 1856, 1777, 1852, 1852, 1856, 1777, 1856, 1851, 1856, 1776, 1856, 1852, 1857, 1777, 1857, 1856, 1857, 1773, 1858, 1852, 1858, 1777, 1858, 1853, 1858, 1778, 1858, 1857, 1858, 1779, 1854, 1854, 1858, 1779, 1858, 1854, 1859, 1779, 1859, 1858, 1859, 1775, 1860, 1854, 1860, 1779, 1860, 1855, 1860, 1780, 1860, 1859, 1860, 1777, 1862, 1856, 1862, 1781, 1856, 1781, 1862, 1857, 1862, 1782, 1862, 1856, 1861, 1781, 1861, 1861, 1862, 1783, 1858, 1858, 1862, 1783, 1862, 1858, 1863, 1783, 1863, 1862, 1863, 1779, 1864, 1858, 1864, 1783, 1864, 1859, 1864, 1784, 1864, 1863, 1864, 1785, 1860, 1860, 1864, 1785, 1864, 1860, 1865, 1785, 1865, 1864, 1865, 1781, 1866, 1787, 1862, 1862, 1866, 1787, 1866, 1861, 1866, 1786, 1866, 1862, 1867, 1787, 1867, 1866, 1867, 1783, 1868, 1862, 1868, 1787, 1868, 1863, 1868, 1788, 1868, 1867, 1868, 1789, 1864, 1864, 1868, 1789, 1868, 1864, 1869, 1789, 1869, 1868, 1869, 1785, 1870, 1864, 1870, 1789, 1870, 1865, 1870, 1790, 1870, 1869, 1870, 1787, 1872, 1866, 1872, 1791, 1866, 1791, 1872, 1867, 1872, 1792, 1872, 1866, 1871, 1791, 1871, 1871, 1872, 1793, 1868, 1868, 1872, 1793, 1872, 1868, 1873, 1793, 1873, 1872, 1873, 1789, 1874, 1868, 1874, 1793, 1874, 1869, 1874, 1794, 1874, 1873, 1874, 1795, 1870, 1870, 1874, 1795, 1874, 1870, 1875, 1795, 1875, 1874, 1875, 1791, 1876, 1797, 1872, 1872, 1876, 1797, 1876, 1871, 1876, 1796, 1876, 1872, 1877, 1797, 1877, 1876, 1877, 1793, 1878, 1872, 1878, 1797, 1878, 1873, 1878, 1798, 1878, 1877, 1878, 1799, 1874, 1874, 1878, 1799, 1878, 1874, 1879, 1799, 1879, 1878, 1879, 1795, 1880, 1874, 1880, 1799, 1880, 1875, 1880, 1800, 1880, 1879, 1880, 1797, 1882, 1876, 1882, 1801, 1876, 1801, 1882, 1877, 1882, 1802, 1882, 1876, 1881, 1801, 1881, 1881, 1882, 1803, 1878, 1878, 1882, 1803, 1882, 1878, 1883, 1803, 1883, 1882, 1883, 1799, 1884, 1878, 1884, 1803, 1884, 1879, 1884, 1804, 1884, 1883, 1884, 1805, 1880, 1880, 1884, 1805, 1884, 1880, 1885, 1805, 1885, 1884, 1885, 1801, 1886, 1807, 1882, 1882, 1886, 1807, 1886, 1881, 1886, 1806, 1886, 1882, 1887, 1807, 1887, 1886, 1887, 1803, 1888, 1882, 1888, 1807, 1888, 1883, 1888, 1808, 1888, 1887, 1888, 1809, 1884, 1884, 1888, 1809, 1888, 1884, 1889, 1809, 1889, 1888, 1889, 1805, 1890, 1884, 1890, 1809, 1890, 1885, 1890, 1810, 1890, 1889, 1890, 1807, 1892, 1886, 1892, 1811, 1886, 1811, 1892, 1887, 1892, 1812, 1892, 1886, 1891, 1811, 1891, 1891, 1892, 1813, 1888, 1888, 1892, 1813, 1892, 1888, 1893, 1813, 1893, 1892, 1893, 1809, 1894, 1888, 1894, 1813, 1894, 1889, 1894, 1814, 1894, 1893, 1894, 1815, 1890, 1890, 1894, 1815, 1894, 1890, 1895, 1815, 1895, 1894, 1895, 1811, 1896, 1817, 1892, 1892, 1896, 1817, 1896, 1891, 1896, 1816, 1896, 1892, 1897, 1817, 1897, 1896, 1897, 1813, 1898, 1892, 1898, 1817, 1898, 1893, 1898, 1818, 1898, 1897, 1898, 1819, 1894, 1894, 1898, 1819, 1898, 1894, 1899, 1819, 1899, 1898, 1899, 1815, 1900, 1894, 1900, 1819, 1900, 1895, 1900, 1820, 1900, 1899, 1900, 1817, 1902, 1896, 1902, 1821, 1896, 1821, 1902, 1897, 1902, 1822, 1902, 1896, 1901, 1821, 1901, 1901, 1902, 1823, 1898, 1898, 1902, 1823, 1902, 1898, 1903, 1823, 1903, 1902, 1903, 1819, 1904, 1898, 1904, 1823, 1904, 1899, 1904, 1824, 1904, 1903, 1904, 1825, 1900, 1900, 1904, 1825, 1904, 1900, 1905, 1825, 1905, 1904, 1905, 1821, 1906, 1827, 1902, 1902, 1906, 1827, 1906, 1901, 1906, 1826, 1906, 1902, 1907, 1827, 1907, 1906, 1907, 1823, 1908, 1902, 1908, 1827, 1908, 1903, 1908, 1828, 1908, 1907, 1908, 1829, 1904, 1904, 1908, 1829, 1908, 1904, 1909, 1829, 1909, 1908, 1909, 1825, 1910, 1904, 1910, 1829, 1910, 1905, 1910, 1830, 1910, 1909, 1910, 1827, 1912, 1906, 1912, 1831, 1906, 1831, 1912, 1907, 1912, 1832, 1912, 1906, 1911, 1831, 1911, 1911, 1912, 1833, 1908, 1908, 1912, 1833, 1912, 1908, 1913, 1833, 1913, 1912, 1913, 1829, 1914, 1908, 1914, 1833, 1914, 1909, 1914, 1834, 1914, 1913, 1914, 1835, 1910, 1910, 1914, 1835, 1914, 1910, 1915, 1835, 1915, 1914, 1915, 1831, 1916, 1837, 1912, 1912, 1916, 1837, 1916, 1911, 1916, 1836, 1916, 1912, 1917, 1837, 1917, 1916, 1917, 1833, 1918, 1912, 1918, 1837, 1918, 1913, 1918, 1838, 1918, 1917, 1918, 1839, 1914, 1914, 1918, 1839, 1918, 1914, 1919, 1839, 1919, 1918, 1919, 1835, 1920, 1914, 1920, 1839, 1920, 1915, 1920, 1840, 1920, 1919, 1920, 1837, 1922, 1916, 1922, 1841, 1916, 1841, 1922, 1917, 1922, 1842, 1922, 1916, 1921, 1841, 1921, 1921, 1922, 1843, 1918, 1918, 1922, 1843, 1922, 1918, 1923, 1843, 1923, 1922, 1923, 1839, 1924, 1918, 1924, 1843, 1924, 1919, 1924, 1844, 1924, 1923, 1924, 1845, 1920, 1920, 1924, 1845, 1924, 1920, 1925, 1845, 1925, 1924, 1925, 1523, 1926, 1604, 1926, 1603, 1926, 1524, 1926, 1604, 1927, 1926, 1927, 1603, 1927, 1926, 1929, 1603, 1929, 1523, 1929, 1927, 1929, 1926, 1928, 1523, 1928, 1928, 1929, 1523, 1930, 1929, 1930, 1603, 1930, 1928, 1930, 1929, 1931, 1930, 1931, 1603, 1931, 1930, 1933, 1603, 1933, 1523, 1933, 1931, 1933, 1930, 1932, 1523, 1932, 1932, 1933, 1523, 1934, 1933, 1934, 1603, 1934, 1932, 1934, 1933, 1935, 1934, 1935, 1603, 1935, 1602, 1934, 1602, 1935, 1522, 1934, 1525, 1937, 1525, 1926, 1604, 1937, 1926, 1937, 1605, 1937, 1525, 1936, 1926, 1936, 1936, 1937, 1927, 1937, 1926, 1938, 1937, 1938, 1929, 1937, 1929, 1938, 1936, 1938, 1928, 1938, 1937, 1939, 1938, 1939, 1929, 1939, 1938, 1941, 1930, 1938, 1929, 1941, 1930, 1941, 1939, 1941, 1938, 1940, 1930, 1940, 1940, 1941, 1931, 1941, 1930, 1942, 1941, 1942, 1933, 1941, 1933, 1942, 1940, 1942, 1932, 1942, 1941, 1943, 1942, 1943, 1933, 1943, 1942, 1945, 1934, 1942, 1933, 1945, 1934, 1945, 1943, 1945, 1942, 1944, 1934, 1944, 1944, 1945, 1935, 1945, 1521, 1934, 1521, 1945, 1602, 1945, 1521, 1944, 1601, 1945, 1604, 1946, 1683, 1946, 1603, 1946, 1684, 1946, 1927, 1946, 1929, 1946, 1683, 1929, 1946, 1947, 1929, 1947, 1683, 1947, 1929, 1948, 1683, 1948, 1603, 1948, 1947, 1948, 1931, 1948, 1933, 1948, 1683, 1933, 1948, 1949, 1933, 1949, 1683, 1949, 1933, 1950, 1683, 1950, 1603, 1950, 1949, 1950, 1935, 1950, 1602, 1950, 1682, 1950, 1685, 1937, 1685, 1946, 1937, 1946, 1685, 1951, 1937, 1951, 1946, 1951, 1937, 1952, 1946, 1952, 1929, 1952, 1951, 1952, 1939, 1952, 1947, 1952, 1941, 1952, 1948, 1952, 1941, 1948, 1952, 1953, 1941, 1953, 1948, 1953, 1941, 1954, 1948, 1954, 1933, 1954, 1953, 1954, 1943, 1954, 1949, 1954, 1945, 1954, 1950, 1954, 1945, 1950, 1954, 1955, 1945, 1955, 1950, 1955, 1681, 1945, 1681, 1950, 1681, 1955, 1764, 1946, 1763, 1946, 1764, 1956, 1946, 1956, 1763, 1956, 1946, 1957, 1763, 1957, 1683, 1957, 1956, 1957, 1947, 1957, 1948, 1957, 1763, 1948, 1957, 1958, 1948, 1958, 1763, 1958, 1948, 1959, 1763, 1959, 1683, 1959, 1958, 1959, 1949, 1959, 1950, 1959, 1763, 1950, 1959, 1960, 1950, 1960, 1763, 1960, 1762, 1950, 1762, 1960, 1685, 1961, 1764, 1961, 1946, 1961, 1765, 1961, 1951, 1961, 1956, 1961, 1952, 1961, 1957, 1961, 1952, 1957, 1961, 1962, 1952, 1962, 1957, 1962, 1952, 1963, 1957, 1963, 1948, 1963, 1962, 1963, 1953, 1963, 1958, 1963, 1954, 1963, 1959, 1963, 1954, 1959, 1963, 1964, 1954, 1964, 1959, 1964, 1954, 1965, 1959, 1965, 1950, 1965, 1964, 1965, 1955, 1965, 1960, 1965, 1681, 1965, 1762, 1965, 1761, 1965, 1764, 1966, 1843, 1966, 1763, 1966, 1844, 1966, 1956, 1966, 1957, 1966, 1843, 1957, 1966, 1967, 1957, 1967, 1843, 1967, 1957, 1968, 1843, 1968, 1763, 1968, 1967, 1968, 1958, 1968, 1959, 1968, 1843, 1959, 1968, 1969, 1959, 1969, 1843, 1969, 1959, 1970, 1843, 1970, 1763, 1970, 1969, 1970, 1960, 1970, 1762, 1970, 1842, 1970, 1845, 1961, 1845, 1966, 1961, 1966, 1845, 1971, 1961, 1971, 1966, 1971, 1961, 1972, 1966, 1972, 1957, 1972, 1971, 1972, 1962, 1972, 1967, 1972, 1963, 1972, 1968, 1972, 1963, 1968, 1972, 1973, 1963, 1973, 1968, 1973, 1963, 1974, 1968, 1974, 1959, 1974, 1973, 1974, 1964, 1974, 1969, 1974, 1965, 1974, 1970, 1974, 1965, 1970, 1974, 1975, 1965, 1975, 1970, 1975, 1841, 1965, 1841, 1970, 1841, 1975, 1924, 1966, 1923, 1966, 1924, 1976, 1966, 1976, 1923, 1976, 1966, 1977, 1923, 1977, 1843, 1977, 1976, 1977, 1967, 1977, 1968, 1977, 1923, 1968, 1977, 1978, 1968, 1978, 1923, 1978, 1968, 1979, 1923, 1979, 1843, 1979, 1978, 1979, 1969, 1979, 1970, 1979, 1923, 1970, 1979, 1980, 1970, 1980, 1923, 1980, 1922, 1970, 1922, 1980, 1845, 1981, 1924, 1981, 1966, 1981, 1925, 1981, 1971, 1981, 1976, 1981, 1972, 1981, 1977, 1981, 1972, 1977, 1981, 1982, 1972, 1982, 1977, 1982, 1972, 1983, 1977, 1983, 1968, 1983, 1982, 1983, 1973, 1983, 1978, 1983, 1974, 1983, 1979, 1983, 1974, 1979, 1983, 1984, 1974, 1984, 1979, 1984, 1974, 1985, 1979, 1985, 1970, 1985, 1984, 1985, 1975, 1985, 1980, 1985, 1841, 1985, 1922, 1985, 1921, 1985, 262, 1987, 262, 2066, 261, 1987, 261, 2066, 1987, 2066, 260, 1987, 263, 2066, 262, 1986, 1986, 2066, 1986, 1987, 261, 2067, 1987, 2067, 2066, 2067, 258, 2068, 258, 1987, 261, 2068, 1987, 2068, 259, 2068, 258, 1988, 1987, 1988, 1988, 2068, 2067, 2068, 258, 1989, 257, 1989, 257, 2068, 1989, 2068, 256, 1989, 1988, 1989, 257, 2069, 1989, 2069, 2068, 2069, 190, 2070, 190, 1989, 257, 2070, 1989, 2070, 191, 2070, 190, 1990, 1989, 1990, 1990, 2070, 2069, 2070, 1987, 2072, 1987, 1991, 2066, 2072, 1991, 2066, 1991, 2072, 1986, 1991, 2067, 2072, 1987, 1992, 1991, 1992, 1992, 2072, 2066, 2071, 1991, 2071, 2071, 2072, 1987, 1993, 1993, 2068, 2068, 2072, 1993, 2072, 1988, 1993, 1992, 1993, 2068, 2073, 1993, 2073, 2072, 2073, 1989, 2074, 1989, 1993, 2068, 2074, 1993, 2074, 2069, 2074, 1989, 1994, 1993, 1994, 1994, 2074, 2073, 2074, 1989, 1995, 1995, 2070, 2070, 2074, 1995, 2074, 1990, 1995, 1994, 1995, 2070, 2075, 1995, 2075, 2074, 2075, 1991, 1997, 1991, 2076, 1997, 2072, 2072, 2076, 1997, 2076, 1992, 1997, 2071, 2076, 1991, 1996, 1996, 2076, 1996, 1997, 2072, 2077, 1997, 2077, 2076, 2077, 1993, 2078, 1993, 1997, 2072, 2078, 1997, 2078, 2073, 2078, 1993, 1998, 1997, 1998, 1998, 2078, 2077, 2078, 1993, 1999, 1999, 2074, 2074, 2078, 1999, 2078, 1994, 1999, 1998, 1999, 2074, 2079, 1999, 2079, 2078, 2079, 1995, 2080, 1995, 1999, 2074, 2080, 1999, 2080, 2075, 2080, 1995, 2000, 1999, 2000, 2000, 2080, 2079, 2080, 1997, 2082, 1997, 2001, 2076, 2082, 2001, 2076, 2001, 2082, 1996, 2001, 2077, 2082, 1997, 2002, 2001, 2002, 2002, 2082, 2076, 2081, 2001, 2081, 2081, 2082, 1997, 2003, 2003, 2078, 2078, 2082, 2003, 2082, 1998, 2003, 2002, 2003, 2078, 2083, 2003, 2083, 2082, 2083, 1999, 2084, 1999, 2003, 2078, 2084, 2003, 2084, 2079, 2084, 1999, 2004, 2003, 2004, 2004, 2084, 2083, 2084, 1999, 2005, 2005, 2080, 2080, 2084, 2005, 2084, 2000, 2005, 2004, 2005, 2080, 2085, 2005, 2085, 2084, 2085, 2001, 2007, 2001, 2086, 2007, 2082, 2082, 2086, 2007, 2086, 2002, 2007, 2081, 2086, 2001, 2006, 2006, 2086, 2006, 2007, 2082, 2087, 2007, 2087, 2086, 2087, 2003, 2088, 2003, 2007, 2082, 2088, 2007, 2088, 2083, 2088, 2003, 2008, 2007, 2008, 2008, 2088, 2087, 2088, 2003, 2009, 2009, 2084, 2084, 2088, 2009, 2088, 2004, 2009, 2008, 2009, 2084, 2089, 2009, 2089, 2088, 2089, 2005, 2090, 2005, 2009, 2084, 2090, 2009, 2090, 2085, 2090, 2005, 2010, 2009, 2010, 2010, 2090, 2089, 2090, 2007, 2092, 2007, 2011, 2086, 2092, 2011, 2086, 2011, 2092, 2006, 2011, 2087, 2092, 2007, 2012, 2011, 2012, 2012, 2092, 2086, 2091, 2011, 2091, 2091, 2092, 2007, 2013, 2013, 2088, 2088, 2092, 2013, 2092, 2008, 2013, 2012, 2013, 2088, 2093, 2013, 2093, 2092, 2093, 2009, 2094, 2009, 2013, 2088, 2094, 2013, 2094, 2089, 2094, 2009, 2014, 2013, 2014, 2014, 2094, 2093, 2094, 2009, 2015, 2015, 2090, 2090, 2094, 2015, 2094, 2010, 2015, 2014, 2015, 2090, 2095, 2015, 2095, 2094, 2095, 2011, 2017, 2011, 2096, 2017, 2092, 2092, 2096, 2017, 2096, 2012, 2017, 2091, 2096, 2011, 2016, 2016, 2096, 2016, 2017, 2092, 2097, 2017, 2097, 2096, 2097, 2013, 2098, 2013, 2017, 2092, 2098, 2017, 2098, 2093, 2098, 2013, 2018, 2017, 2018, 2018, 2098, 2097, 2098, 2013, 2019, 2019, 2094, 2094, 2098, 2019, 2098, 2014, 2019, 2018, 2019, 2094, 2099, 2019, 2099, 2098, 2099, 2015, 2100, 2015, 2019, 2094, 2100, 2019, 2100, 2095, 2100, 2015, 2020, 2019, 2020, 2020, 2100, 2099, 2100, 2017, 2102, 2017, 2021, 2096, 2102, 2021, 2096, 2021, 2102, 2016, 2021, 2097, 2102, 2017, 2022, 2021, 2022, 2022, 2102, 2096, 2101, 2021, 2101, 2101, 2102, 2017, 2023, 2023, 2098, 2098, 2102, 2023, 2102, 2018, 2023, 2022, 2023, 2098, 2103, 2023, 2103, 2102, 2103, 2019, 2104, 2019, 2023, 2098, 2104, 2023, 2104, 2099, 2104, 2019, 2024, 2023, 2024, 2024, 2104, 2103, 2104, 2019, 2025, 2025, 2100, 2100, 2104, 2025, 2104, 2020, 2025, 2024, 2025, 2100, 2105, 2025, 2105, 2104, 2105, 2021, 2027, 2021, 2106, 2027, 2102, 2102, 2106, 2027, 2106, 2022, 2027, 2101, 2106, 2021, 2026, 2026, 2106, 2026, 2027, 2102, 2107, 2027, 2107, 2106, 2107, 2023, 2108, 2023, 2027, 2102, 2108, 2027, 2108, 2103, 2108, 2023, 2028, 2027, 2028, 2028, 2108, 2107, 2108, 2023, 2029, 2029, 2104, 2104, 2108, 2029, 2108, 2024, 2029, 2028, 2029, 2104, 2109, 2029, 2109, 2108, 2109, 2025, 2110, 2025, 2029, 2104, 2110, 2029, 2110, 2105, 2110, 2025, 2030, 2029, 2030, 2030, 2110, 2109, 2110, 2027, 2112, 2027, 2031, 2106, 2112, 2031, 2106, 2031, 2112, 2026, 2031, 2107, 2112, 2027, 2032, 2031, 2032, 2032, 2112, 2106, 2111, 2031, 2111, 2111, 2112, 2027, 2033, 2033, 2108, 2108, 2112, 2033, 2112, 2028, 2033, 2032, 2033, 2108, 2113, 2033, 2113, 2112, 2113, 2029, 2114, 2029, 2033, 2108, 2114, 2033, 2114, 2109, 2114, 2029, 2034, 2033, 2034, 2034, 2114, 2113, 2114, 2029, 2035, 2035, 2110, 2110, 2114, 2035, 2114, 2030, 2035, 2034, 2035, 2110, 2115, 2035, 2115, 2114, 2115, 2031, 2037, 2031, 2116, 2037, 2112, 2112, 2116, 2037, 2116, 2032, 2037, 2111, 2116, 2031, 2036, 2036, 2116, 2036, 2037, 2112, 2117, 2037, 2117, 2116, 2117, 2033, 2118, 2033, 2037, 2112, 2118, 2037, 2118, 2113, 2118, 2033, 2038, 2037, 2038, 2038, 2118, 2117, 2118, 2033, 2039, 2039, 2114, 2114, 2118, 2039, 2118, 2034, 2039, 2038, 2039, 2114, 2119, 2039, 2119, 2118, 2119, 2035, 2120, 2035, 2039, 2114, 2120, 2039, 2120, 2115, 2120, 2035, 2040, 2039, 2040, 2040, 2120, 2119, 2120, 2037, 2122, 2037, 2041, 2116, 2122, 2041, 2116, 2041, 2122, 2036, 2041, 2117, 2122, 2037, 2042, 2041, 2042, 2042, 2122, 2116, 2121, 2041, 2121, 2121, 2122, 2037, 2043, 2043, 2118, 2118, 2122, 2043, 2122, 2038, 2043, 2042, 2043, 2118, 2123, 2043, 2123, 2122, 2123, 2039, 2124, 2039, 2043, 2118, 2124, 2043, 2124, 2119, 2124, 2039, 2044, 2043, 2044, 2044, 2124, 2123, 2124, 2039, 2045, 2045, 2120, 2120, 2124, 2045, 2124, 2040, 2045, 2044, 2045, 2120, 2125, 2045, 2125, 2124, 2125, 2041, 2047, 2041, 2126, 2047, 2122, 2122, 2126, 2047, 2126, 2042, 2047, 2121, 2126, 2041, 2046, 2046, 2126, 2046, 2047, 2122, 2127, 2047, 2127, 2126, 2127, 2043, 2128, 2043, 2047, 2122, 2128, 2047, 2128, 2123, 2128, 2043, 2048, 2047, 2048, 2048, 2128, 2127, 2128, 2043, 2049, 2049, 2124, 2124, 2128, 2049, 2128, 2044, 2049, 2048, 2049, 2124, 2129, 2049, 2129, 2128, 2129, 2045, 2130, 2045, 2049, 2124, 2130, 2049, 2130, 2125, 2130, 2045, 2050, 2049, 2050, 2050, 2130, 2129, 2130, 2047, 2132, 2047, 2051, 2126, 2132, 2051, 2126, 2051, 2132, 2046, 2051, 2127, 2132, 2047, 2052, 2051, 2052, 2052, 2132, 2126, 2131, 2051, 2131, 2131, 2132, 2047, 2053, 2053, 2128, 2128, 2132, 2053, 2132, 2048, 2053, 2052, 2053, 2128, 2133, 2053, 2133, 2132, 2133, 2049, 2134, 2049, 2053, 2128, 2134, 2053, 2134, 2129, 2134, 2049, 2054, 2053, 2054, 2054, 2134, 2133, 2134, 2049, 2055, 2055, 2130, 2130, 2134, 2055, 2134, 2050, 2055, 2054, 2055, 2130, 2135, 2055, 2135, 2134, 2135, 2051, 2057, 2051, 2136, 2057, 2132, 2132, 2136, 2057, 2136, 2052, 2057, 2131, 2136, 2051, 2056, 2056, 2136, 2056, 2057, 2132, 2137, 2057, 2137, 2136, 2137, 2053, 2138, 2053, 2057, 2132, 2138, 2057, 2138, 2133, 2138, 2053, 2058, 2057, 2058, 2058, 2138, 2137, 2138, 2053, 2059, 2059, 2134, 2134, 2138, 2059, 2138, 2054, 2059, 2058, 2059, 2134, 2139, 2059, 2139, 2138, 2139, 2055, 2140, 2055, 2059, 2134, 2140, 2059, 2140, 2135, 2140, 2055, 2060, 2059, 2060, 2060, 2140, 2139, 2140, 2057, 2142, 2057, 2061, 2136, 2142, 2061, 2136, 2061, 2142, 2056, 2061, 2137, 2142, 2057, 2062, 2061, 2062, 2062, 2142, 2136, 2141, 2061, 2141, 2141, 2142, 2057, 2063, 2063, 2138, 2138, 2142, 2063, 2142, 2058, 2063, 2062, 2063, 2138, 2143, 2063, 2143, 2142, 2143, 2059, 2144, 2059, 2063, 2138, 2144, 2063, 2144, 2139, 2144, 2059, 2064, 2063, 2064, 2064, 2144, 2143, 2144, 2059, 2065, 2065, 2140, 2140, 2144, 2065, 2144, 2060, 2065, 2064, 2065, 2140, 2145, 2065, 2145, 2144, 2145, 261, 2147, 275, 2147, 275, 2066, 2066, 2147, 274, 2147, 2067, 2147, 275, 2146, 2066, 2146, 2146, 2147, 273, 2068, 273, 2147, 2068, 2147, 273, 2148, 2068, 2148, 2147, 2148, 257, 2149, 273, 2149, 2068, 2149, 272, 2149, 2069, 2149, 2148, 2149, 203, 2070, 203, 2149, 2070, 2149, 203, 2150, 2070, 2150, 2149, 2150, 2066, 2151, 2072, 2147, 2147, 2151, 2072, 2151, 2146, 2151, 2071, 2151, 2147, 2152, 2072, 2152, 2151, 2152, 2068, 2153, 2147, 2153, 2072, 2153, 2148, 2153, 2073, 2153, 2152, 2153, 2074, 2149, 2149, 2153, 2074, 2153, 2149, 2154, 2074, 2154, 2153, 2154, 2070, 2155, 2149, 2155, 2074, 2155, 2150, 2155, 2075, 2155, 2154, 2155, 2072, 2157, 2151, 2157, 2076, 2151, 2076, 2157, 2152, 2157, 2077, 2157, 2151, 2156, 2076, 2156, 2156, 2157, 2078, 2153, 2153, 2157, 2078, 2157, 2153, 2158, 2078, 2158, 2157, 2158, 2074, 2159, 2153, 2159, 2078, 2159, 2154, 2159, 2079, 2159, 2158, 2159, 2080, 2155, 2155, 2159, 2080, 2159, 2155, 2160, 2080, 2160, 2159, 2160, 2076, 2161, 2082, 2157, 2157, 2161, 2082, 2161, 2156, 2161, 2081, 2161, 2157, 2162, 2082, 2162, 2161, 2162, 2078, 2163, 2157, 2163, 2082, 2163, 2158, 2163, 2083, 2163, 2162, 2163, 2084, 2159, 2159, 2163, 2084, 2163, 2159, 2164, 2084, 2164, 2163, 2164, 2080, 2165, 2159, 2165, 2084, 2165, 2160, 2165, 2085, 2165, 2164, 2165, 2082, 2167, 2161, 2167, 2086, 2161, 2086, 2167, 2162, 2167, 2087, 2167, 2161, 2166, 2086, 2166, 2166, 2167, 2088, 2163, 2163, 2167, 2088, 2167, 2163, 2168, 2088, 2168, 2167, 2168, 2084, 2169, 2163, 2169, 2088, 2169, 2164, 2169, 2089, 2169, 2168, 2169, 2090, 2165, 2165, 2169, 2090, 2169, 2165, 2170, 2090, 2170, 2169, 2170, 2086, 2171, 2092, 2167, 2167, 2171, 2092, 2171, 2166, 2171, 2091, 2171, 2167, 2172, 2092, 2172, 2171, 2172, 2088, 2173, 2167, 2173, 2092, 2173, 2168, 2173, 2093, 2173, 2172, 2173, 2094, 2169, 2169, 2173, 2094, 2173, 2169, 2174, 2094, 2174, 2173, 2174, 2090, 2175, 2169, 2175, 2094, 2175, 2170, 2175, 2095, 2175, 2174, 2175, 2092, 2177, 2171, 2177, 2096, 2171, 2096, 2177, 2172, 2177, 2097, 2177, 2171, 2176, 2096, 2176, 2176, 2177, 2098, 2173, 2173, 2177, 2098, 2177, 2173, 2178, 2098, 2178, 2177, 2178, 2094, 2179, 2173, 2179, 2098, 2179, 2174, 2179, 2099, 2179, 2178, 2179, 2100, 2175, 2175, 2179, 2100, 2179, 2175, 2180, 2100, 2180, 2179, 2180, 2096, 2181, 2102, 2177, 2177, 2181, 2102, 2181, 2176, 2181, 2101, 2181, 2177, 2182, 2102, 2182, 2181, 2182, 2098, 2183, 2177, 2183, 2102, 2183, 2178, 2183, 2103, 2183, 2182, 2183, 2104, 2179, 2179, 2183, 2104, 2183, 2179, 2184, 2104, 2184, 2183, 2184, 2100, 2185, 2179, 2185, 2104, 2185, 2180, 2185, 2105, 2185, 2184, 2185, 2102, 2187, 2181, 2187, 2106, 2181, 2106, 2187, 2182, 2187, 2107, 2187, 2181, 2186, 2106, 2186, 2186, 2187, 2108, 2183, 2183, 2187, 2108, 2187, 2183, 2188, 2108, 2188, 2187, 2188, 2104, 2189, 2183, 2189, 2108, 2189, 2184, 2189, 2109, 2189, 2188, 2189, 2110, 2185, 2185, 2189, 2110, 2189, 2185, 2190, 2110, 2190, 2189, 2190, 2106, 2191, 2112, 2187, 2187, 2191, 2112, 2191, 2186, 2191, 2111, 2191, 2187, 2192, 2112, 2192, 2191, 2192, 2108, 2193, 2187, 2193, 2112, 2193, 2188, 2193, 2113, 2193, 2192, 2193, 2114, 2189, 2189, 2193, 2114, 2193, 2189, 2194, 2114, 2194, 2193, 2194, 2110, 2195, 2189, 2195, 2114, 2195, 2190, 2195, 2115, 2195, 2194, 2195, 2112, 2197, 2191, 2197, 2116, 2191, 2116, 2197, 2192, 2197, 2117, 2197, 2191, 2196, 2116, 2196, 2196, 2197, 2118, 2193, 2193, 2197, 2118, 2197, 2193, 2198, 2118, 2198, 2197, 2198, 2114, 2199, 2193, 2199, 2118, 2199, 2194, 2199, 2119, 2199, 2198, 2199, 2120, 2195, 2195, 2199, 2120, 2199, 2195, 2200, 2120, 2200, 2199, 2200, 2116, 2201, 2122, 2197, 2197, 2201, 2122, 2201, 2196, 2201, 2121, 2201, 2197, 2202, 2122, 2202, 2201, 2202, 2118, 2203, 2197, 2203, 2122, 2203, 2198, 2203, 2123, 2203, 2202, 2203, 2124, 2199, 2199, 2203, 2124, 2203, 2199, 2204, 2124, 2204, 2203, 2204, 2120, 2205, 2199, 2205, 2124, 2205, 2200, 2205, 2125, 2205, 2204, 2205, 2122, 2207, 2201, 2207, 2126, 2201, 2126, 2207, 2202, 2207, 2127, 2207, 2201, 2206, 2126, 2206, 2206, 2207, 2128, 2203, 2203, 2207, 2128, 2207, 2203, 2208, 2128, 2208, 2207, 2208, 2124, 2209, 2203, 2209, 2128, 2209, 2204, 2209, 2129, 2209, 2208, 2209, 2130, 2205, 2205, 2209, 2130, 2209, 2205, 2210, 2130, 2210, 2209, 2210, 2126, 2211, 2132, 2207, 2207, 2211, 2132, 2211, 2206, 2211, 2131, 2211, 2207, 2212, 2132, 2212, 2211, 2212, 2128, 2213, 2207, 2213, 2132, 2213, 2208, 2213, 2133, 2213, 2212, 2213, 2134, 2209, 2209, 2213, 2134, 2213, 2209, 2214, 2134, 2214, 2213, 2214, 2130, 2215, 2209, 2215, 2134, 2215, 2210, 2215, 2135, 2215, 2214, 2215, 2132, 2217, 2211, 2217, 2136, 2211, 2136, 2217, 2212, 2217, 2137, 2217, 2211, 2216, 2136, 2216, 2216, 2217, 2138, 2213, 2213, 2217, 2138, 2217, 2213, 2218, 2138, 2218, 2217, 2218, 2134, 2219, 2213, 2219, 2138, 2219, 2214, 2219, 2139, 2219, 2218, 2219, 2140, 2215, 2215, 2219, 2140, 2219, 2215, 2220, 2140, 2220, 2219, 2220, 2136, 2221, 2142, 2217, 2217, 2221, 2142, 2221, 2216, 2221, 2141, 2221, 2217, 2222, 2142, 2222, 2221, 2222, 2138, 2223, 2217, 2223, 2142, 2223, 2218, 2223, 2143, 2223, 2222, 2223, 2144, 2219, 2219, 2223, 2144, 2223, 2219, 2224, 2144, 2224, 2223, 2224, 2140, 2225, 2219, 2225, 2144, 2225, 2220, 2225, 2145, 2225, 2224, 2225, 275, 2226, 286, 2147, 286, 2226, 2147, 2226, 287, 2226, 2146, 2226, 286, 2227, 2147, 2227, 2226, 2227, 273, 2228, 286, 2228, 2147, 2228, 285, 2228, 2148, 2228, 2227, 2228, 284, 2149, 284, 2228, 2149, 2228, 284, 2229, 2149, 2229, 2228, 2229, 203, 2230, 284, 2230, 2149, 2230, 215, 2230, 2150, 2230, 2229, 2230, 2147, 2232, 2226, 2232, 2151, 2226, 2151, 2232, 2227, 2232, 2152, 2232, 2226, 2231, 2151, 2231, 2231, 2232, 2153, 2228, 2228, 2232, 2153, 2232, 2228, 2233, 2153, 2233, 2232, 2233, 2149, 2234, 2228, 2234, 2153, 2234, 2229, 2234, 2154, 2234, 2233, 2234, 2155, 2230, 2230, 2234, 2155, 2234, 2230, 2235, 2155, 2235, 2234, 2235, 2151, 2236, 2157, 2232, 2232, 2236, 2157, 2236, 2231, 2236, 2156, 2236, 2232, 2237, 2157, 2237, 2236, 2237, 2153, 2238, 2232, 2238, 2157, 2238, 2233, 2238, 2158, 2238, 2237, 2238, 2159, 2234, 2234, 2238, 2159, 2238, 2234, 2239, 2159, 2239, 2238, 2239, 2155, 2240, 2234, 2240, 2159, 2240, 2235, 2240, 2160, 2240, 2239, 2240, 2157, 2242, 2236, 2242, 2161, 2236, 2161, 2242, 2237, 2242, 2162, 2242, 2236, 2241, 2161, 2241, 2241, 2242, 2163, 2238, 2238, 2242, 2163, 2242, 2238, 2243, 2163, 2243, 2242, 2243, 2159, 2244, 2238, 2244, 2163, 2244, 2239, 2244, 2164, 2244, 2243, 2244, 2165, 2240, 2240, 2244, 2165, 2244, 2240, 2245, 2165, 2245, 2244, 2245, 2161, 2246, 2167, 2242, 2242, 2246, 2167, 2246, 2241, 2246, 2166, 2246, 2242, 2247, 2167, 2247, 2246, 2247, 2163, 2248, 2242, 2248, 2167, 2248, 2243, 2248, 2168, 2248, 2247, 2248, 2169, 2244, 2244, 2248, 2169, 2248, 2244, 2249, 2169, 2249, 2248, 2249, 2165, 2250, 2244, 2250, 2169, 2250, 2245, 2250, 2170, 2250, 2249, 2250, 2167, 2252, 2246, 2252, 2171, 2246, 2171, 2252, 2247, 2252, 2172, 2252, 2246, 2251, 2171, 2251, 2251, 2252, 2173, 2248, 2248, 2252, 2173, 2252, 2248, 2253, 2173, 2253, 2252, 2253, 2169, 2254, 2248, 2254, 2173, 2254, 2249, 2254, 2174, 2254, 2253, 2254, 2175, 2250, 2250, 2254, 2175, 2254, 2250, 2255, 2175, 2255, 2254, 2255, 2171, 2256, 2177, 2252, 2252, 2256, 2177, 2256, 2251, 2256, 2176, 2256, 2252, 2257, 2177, 2257, 2256, 2257, 2173, 2258, 2252, 2258, 2177, 2258, 2253, 2258, 2178, 2258, 2257, 2258, 2179, 2254, 2254, 2258, 2179, 2258, 2254, 2259, 2179, 2259, 2258, 2259, 2175, 2260, 2254, 2260, 2179, 2260, 2255, 2260, 2180, 2260, 2259, 2260, 2177, 2262, 2256, 2262, 2181, 2256, 2181, 2262, 2257, 2262, 2182, 2262, 2256, 2261, 2181, 2261, 2261, 2262, 2183, 2258, 2258, 2262, 2183, 2262, 2258, 2263, 2183, 2263, 2262, 2263, 2179, 2264, 2258, 2264, 2183, 2264, 2259, 2264, 2184, 2264, 2263, 2264, 2185, 2260, 2260, 2264, 2185, 2264, 2260, 2265, 2185, 2265, 2264, 2265, 2181, 2266, 2187, 2262, 2262, 2266, 2187, 2266, 2261, 2266, 2186, 2266, 2262, 2267, 2187, 2267, 2266, 2267, 2183, 2268, 2262, 2268, 2187, 2268, 2263, 2268, 2188, 2268, 2267, 2268, 2189, 2264, 2264, 2268, 2189, 2268, 2264, 2269, 2189, 2269, 2268, 2269, 2185, 2270, 2264, 2270, 2189, 2270, 2265, 2270, 2190, 2270, 2269, 2270, 2187, 2272, 2266, 2272, 2191, 2266, 2191, 2272, 2267, 2272, 2192, 2272, 2266, 2271, 2191, 2271, 2271, 2272, 2193, 2268, 2268, 2272, 2193, 2272, 2268, 2273, 2193, 2273, 2272, 2273, 2189, 2274, 2268, 2274, 2193, 2274, 2269, 2274, 2194, 2274, 2273, 2274, 2195, 2270, 2270, 2274, 2195, 2274, 2270, 2275, 2195, 2275, 2274, 2275, 2191, 2276, 2197, 2272, 2272, 2276, 2197, 2276, 2271, 2276, 2196, 2276, 2272, 2277, 2197, 2277, 2276, 2277, 2193, 2278, 2272, 2278, 2197, 2278, 2273, 2278, 2198, 2278, 2277, 2278, 2199, 2274, 2274, 2278, 2199, 2278, 2274, 2279, 2199, 2279, 2278, 2279, 2195, 2280, 2274, 2280, 2199, 2280, 2275, 2280, 2200, 2280, 2279, 2280, 2197, 2282, 2276, 2282, 2201, 2276, 2201, 2282, 2277, 2282, 2202, 2282, 2276, 2281, 2201, 2281, 2281, 2282, 2203, 2278, 2278, 2282, 2203, 2282, 2278, 2283, 2203, 2283, 2282, 2283, 2199, 2284, 2278, 2284, 2203, 2284, 2279, 2284, 2204, 2284, 2283, 2284, 2205, 2280, 2280, 2284, 2205, 2284, 2280, 2285, 2205, 2285, 2284, 2285, 2201, 2286, 2207, 2282, 2282, 2286, 2207, 2286, 2281, 2286, 2206, 2286, 2282, 2287, 2207, 2287, 2286, 2287, 2203, 2288, 2282, 2288, 2207, 2288, 2283, 2288, 2208, 2288, 2287, 2288, 2209, 2284, 2284, 2288, 2209, 2288, 2284, 2289, 2209, 2289, 2288, 2289, 2205, 2290, 2284, 2290, 2209, 2290, 2285, 2290, 2210, 2290, 2289, 2290, 2207, 2292, 2286, 2292, 2211, 2286, 2211, 2292, 2287, 2292, 2212, 2292, 2286, 2291, 2211, 2291, 2291, 2292, 2213, 2288, 2288, 2292, 2213, 2292, 2288, 2293, 2213, 2293, 2292, 2293, 2209, 2294, 2288, 2294, 2213, 2294, 2289, 2294, 2214, 2294, 2293, 2294, 2215, 2290, 2290, 2294, 2215, 2294, 2290, 2295, 2215, 2295, 2294, 2295, 2211, 2296, 2217, 2292, 2292, 2296, 2217, 2296, 2291, 2296, 2216, 2296, 2292, 2297, 2217, 2297, 2296, 2297, 2213, 2298, 2292, 2298, 2217, 2298, 2293, 2298, 2218, 2298, 2297, 2298, 2219, 2294, 2294, 2298, 2219, 2298, 2294, 2299, 2219, 2299, 2298, 2299, 2215, 2300, 2294, 2300, 2219, 2300, 2295, 2300, 2220, 2300, 2299, 2300, 2217, 2302, 2296, 2302, 2221, 2296, 2221, 2302, 2297, 2302, 2222, 2302, 2296, 2301, 2221, 2301, 2301, 2302, 2223, 2298, 2298, 2302, 2223, 2302, 2298, 2303, 2223, 2303, 2302, 2303, 2219, 2304, 2298, 2304, 2223, 2304, 2299, 2304, 2224, 2304, 2303, 2304, 2225, 2300, 2300, 2304, 2225, 2304, 2300, 2305, 2225, 2305, 2304, 2305, 286, 2307, 299, 2307, 299, 2226, 2226, 2307, 298, 2307, 2227, 2307, 299, 2306, 2226, 2306, 2306, 2307, 297, 2228, 297, 2307, 2228, 2307, 297, 2308, 2228, 2308, 2307, 2308, 284, 2309, 297, 2309, 2228, 2309, 296, 2309, 2229, 2309, 2308, 2309, 227, 2230, 227, 2309, 2230, 2309, 227, 2310, 2230, 2310, 2309, 2310, 2226, 2311, 2232, 2307, 2307, 2311, 2232, 2311, 2306, 2311, 2231, 2311, 2307, 2312, 2232, 2312, 2311, 2312, 2228, 2313, 2307, 2313, 2232, 2313, 2308, 2313, 2233, 2313, 2312, 2313, 2234, 2309, 2309, 2313, 2234, 2313, 2309, 2314, 2234, 2314, 2313, 2314, 2230, 2315, 2309, 2315, 2234, 2315, 2310, 2315, 2235, 2315, 2314, 2315, 2232, 2317, 2311, 2317, 2236, 2311, 2236, 2317, 2312, 2317, 2237, 2317, 2311, 2316, 2236, 2316, 2316, 2317, 2238, 2313, 2313, 2317, 2238, 2317, 2313, 2318, 2238, 2318, 2317, 2318, 2234, 2319, 2313, 2319, 2238, 2319, 2314, 2319, 2239, 2319, 2318, 2319, 2240, 2315, 2315, 2319, 2240, 2319, 2315, 2320, 2240, 2320, 2319, 2320, 2236, 2321, 2242, 2317, 2317, 2321, 2242, 2321, 2316, 2321, 2241, 2321, 2317, 2322, 2242, 2322, 2321, 2322, 2238, 2323, 2317, 2323, 2242, 2323, 2318, 2323, 2243, 2323, 2322, 2323, 2244, 2319, 2319, 2323, 2244, 2323, 2319, 2324, 2244, 2324, 2323, 2324, 2240, 2325, 2319, 2325, 2244, 2325, 2320, 2325, 2245, 2325, 2324, 2325, 2242, 2327, 2321, 2327, 2246, 2321, 2246, 2327, 2322, 2327, 2247, 2327, 2321, 2326, 2246, 2326, 2326, 2327, 2248, 2323, 2323, 2327, 2248, 2327, 2323, 2328, 2248, 2328, 2327, 2328, 2244, 2329, 2323, 2329, 2248, 2329, 2324, 2329, 2249, 2329, 2328, 2329, 2250, 2325, 2325, 2329, 2250, 2329, 2325, 2330, 2250, 2330, 2329, 2330, 2246, 2331, 2252, 2327, 2327, 2331, 2252, 2331, 2326, 2331, 2251, 2331, 2327, 2332, 2252, 2332, 2331, 2332, 2248, 2333, 2327, 2333, 2252, 2333, 2328, 2333, 2253, 2333, 2332, 2333, 2254, 2329, 2329, 2333, 2254, 2333, 2329, 2334, 2254, 2334, 2333, 2334, 2250, 2335, 2329, 2335, 2254, 2335, 2330, 2335, 2255, 2335, 2334, 2335, 2252, 2337, 2331, 2337, 2256, 2331, 2256, 2337, 2332, 2337, 2257, 2337, 2331, 2336, 2256, 2336, 2336, 2337, 2258, 2333, 2333, 2337, 2258, 2337, 2333, 2338, 2258, 2338, 2337, 2338, 2254, 2339, 2333, 2339, 2258, 2339, 2334, 2339, 2259, 2339, 2338, 2339, 2260, 2335, 2335, 2339, 2260, 2339, 2335, 2340, 2260, 2340, 2339, 2340, 2256, 2341, 2262, 2337, 2337, 2341, 2262, 2341, 2336, 2341, 2261, 2341, 2337, 2342, 2262, 2342, 2341, 2342, 2258, 2343, 2337, 2343, 2262, 2343, 2338, 2343, 2263, 2343, 2342, 2343, 2264, 2339, 2339, 2343, 2264, 2343, 2339, 2344, 2264, 2344, 2343, 2344, 2260, 2345, 2339, 2345, 2264, 2345, 2340, 2345, 2265, 2345, 2344, 2345, 2262, 2347, 2341, 2347, 2266, 2341, 2266, 2347, 2342, 2347, 2267, 2347, 2341, 2346, 2266, 2346, 2346, 2347, 2268, 2343, 2343, 2347, 2268, 2347, 2343, 2348, 2268, 2348, 2347, 2348, 2264, 2349, 2343, 2349, 2268, 2349, 2344, 2349, 2269, 2349, 2348, 2349, 2270, 2345, 2345, 2349, 2270, 2349, 2345, 2350, 2270, 2350, 2349, 2350, 2266, 2351, 2272, 2347, 2347, 2351, 2272, 2351, 2346, 2351, 2271, 2351, 2347, 2352, 2272, 2352, 2351, 2352, 2268, 2353, 2347, 2353, 2272, 2353, 2348, 2353, 2273, 2353, 2352, 2353, 2274, 2349, 2349, 2353, 2274, 2353, 2349, 2354, 2274, 2354, 2353, 2354, 2270, 2355, 2349, 2355, 2274, 2355, 2350, 2355, 2275, 2355, 2354, 2355, 2272, 2357, 2351, 2357, 2276, 2351, 2276, 2357, 2352, 2357, 2277, 2357, 2351, 2356, 2276, 2356, 2356, 2357, 2278, 2353, 2353, 2357, 2278, 2357, 2353, 2358, 2278, 2358, 2357, 2358, 2274, 2359, 2353, 2359, 2278, 2359, 2354, 2359, 2279, 2359, 2358, 2359, 2280, 2355, 2355, 2359, 2280, 2359, 2355, 2360, 2280, 2360, 2359, 2360, 2276, 2361, 2282, 2357, 2357, 2361, 2282, 2361, 2356, 2361, 2281, 2361, 2357, 2362, 2282, 2362, 2361, 2362, 2278, 2363, 2357, 2363, 2282, 2363, 2358, 2363, 2283, 2363, 2362, 2363, 2284, 2359, 2359, 2363, 2284, 2363, 2359, 2364, 2284, 2364, 2363, 2364, 2280, 2365, 2359, 2365, 2284, 2365, 2360, 2365, 2285, 2365, 2364, 2365, 2282, 2367, 2361, 2367, 2286, 2361, 2286, 2367, 2362, 2367, 2287, 2367, 2361, 2366, 2286, 2366, 2366, 2367, 2288, 2363, 2363, 2367, 2288, 2367, 2363, 2368, 2288, 2368, 2367, 2368, 2284, 2369, 2363, 2369, 2288, 2369, 2364, 2369, 2289, 2369, 2368, 2369, 2290, 2365, 2365, 2369, 2290, 2369, 2365, 2370, 2290, 2370, 2369, 2370, 2286, 2371, 2292, 2367, 2367, 2371, 2292, 2371, 2366, 2371, 2291, 2371, 2367, 2372, 2292, 2372, 2371, 2372, 2288, 2373, 2367, 2373, 2292, 2373, 2368, 2373, 2293, 2373, 2372, 2373, 2294, 2369, 2369, 2373, 2294, 2373, 2369, 2374, 2294, 2374, 2373, 2374, 2290, 2375, 2369, 2375, 2294, 2375, 2370, 2375, 2295, 2375, 2374, 2375, 2292, 2377, 2371, 2377, 2296, 2371, 2296, 2377, 2372, 2377, 2297, 2377, 2371, 2376, 2296, 2376, 2376, 2377, 2298, 2373, 2373, 2377, 2298, 2377, 2373, 2378, 2298, 2378, 2377, 2378, 2294, 2379, 2373, 2379, 2298, 2379, 2374, 2379, 2299, 2379, 2378, 2379, 2300, 2375, 2375, 2379, 2300, 2379, 2375, 2380, 2300, 2380, 2379, 2380, 2296, 2381, 2302, 2377, 2377, 2381, 2302, 2381, 2376, 2381, 2301, 2381, 2377, 2382, 2302, 2382, 2381, 2382, 2298, 2383, 2377, 2383, 2302, 2383, 2378, 2383, 2303, 2383, 2382, 2383, 2304, 2379, 2379, 2383, 2304, 2383, 2379, 2384, 2304, 2384, 2383, 2384, 2300, 2385, 2379, 2385, 2304, 2385, 2380, 2385, 2305, 2385, 2384, 2385, 299, 2386, 310, 2307, 310, 2386, 2307, 2386, 311, 2386, 2306, 2386, 310, 2387, 2307, 2387, 2386, 2387, 297, 2388, 310, 2388, 2307, 2388, 309, 2388, 2308, 2388, 2387, 2388, 308, 2309, 308, 2388, 2309, 2388, 308, 2389, 2309, 2389, 2388, 2389, 227, 2390, 308, 2390, 2309, 2390, 239, 2390, 2310, 2390, 2389, 2390, 2307, 2392, 2386, 2392, 2311, 2386, 2311, 2392, 2387, 2392, 2312, 2392, 2386, 2391, 2311, 2391, 2391, 2392, 2313, 2388, 2388, 2392, 2313, 2392, 2388, 2393, 2313, 2393, 2392, 2393, 2309, 2394, 2388, 2394, 2313, 2394, 2389, 2394, 2314, 2394, 2393, 2394, 2315, 2390, 2390, 2394, 2315, 2394, 2390, 2395, 2315, 2395, 2394, 2395, 2311, 2396, 2317, 2392, 2392, 2396, 2317, 2396, 2391, 2396, 2316, 2396, 2392, 2397, 2317, 2397, 2396, 2397, 2313, 2398, 2392, 2398, 2317, 2398, 2393, 2398, 2318, 2398, 2397, 2398, 2319, 2394, 2394, 2398, 2319, 2398, 2394, 2399, 2319, 2399, 2398, 2399, 2315, 2400, 2394, 2400, 2319, 2400, 2395, 2400, 2320, 2400, 2399, 2400, 2317, 2402, 2396, 2402, 2321, 2396, 2321, 2402, 2397, 2402, 2322, 2402, 2396, 2401, 2321, 2401, 2401, 2402, 2323, 2398, 2398, 2402, 2323, 2402, 2398, 2403, 2323, 2403, 2402, 2403, 2319, 2404, 2398, 2404, 2323, 2404, 2399, 2404, 2324, 2404, 2403, 2404, 2325, 2400, 2400, 2404, 2325, 2404, 2400, 2405, 2325, 2405, 2404, 2405, 2321, 2406, 2327, 2402, 2402, 2406, 2327, 2406, 2401, 2406, 2326, 2406, 2402, 2407, 2327, 2407, 2406, 2407, 2323, 2408, 2402, 2408, 2327, 2408, 2403, 2408, 2328, 2408, 2407, 2408, 2329, 2404, 2404, 2408, 2329, 2408, 2404, 2409, 2329, 2409, 2408, 2409, 2325, 2410, 2404, 2410, 2329, 2410, 2405, 2410, 2330, 2410, 2409, 2410, 2327, 2412, 2406, 2412, 2331, 2406, 2331, 2412, 2407, 2412, 2332, 2412, 2406, 2411, 2331, 2411, 2411, 2412, 2333, 2408, 2408, 2412, 2333, 2412, 2408, 2413, 2333, 2413, 2412, 2413, 2329, 2414, 2408, 2414, 2333, 2414, 2409, 2414, 2334, 2414, 2413, 2414, 2335, 2410, 2410, 2414, 2335, 2414, 2410, 2415, 2335, 2415, 2414, 2415, 2331, 2416, 2337, 2412, 2412, 2416, 2337, 2416, 2411, 2416, 2336, 2416, 2412, 2417, 2337, 2417, 2416, 2417, 2333, 2418, 2412, 2418, 2337, 2418, 2413, 2418, 2338, 2418, 2417, 2418, 2339, 2414, 2414, 2418, 2339, 2418, 2414, 2419, 2339, 2419, 2418, 2419, 2335, 2420, 2414, 2420, 2339, 2420, 2415, 2420, 2340, 2420, 2419, 2420, 2337, 2422, 2416, 2422, 2341, 2416, 2341, 2422, 2417, 2422, 2342, 2422, 2416, 2421, 2341, 2421, 2421, 2422, 2343, 2418, 2418, 2422, 2343, 2422, 2418, 2423, 2343, 2423, 2422, 2423, 2339, 2424, 2418, 2424, 2343, 2424, 2419, 2424, 2344, 2424, 2423, 2424, 2345, 2420, 2420, 2424, 2345, 2424, 2420, 2425, 2345, 2425, 2424, 2425, 2341, 2426, 2347, 2422, 2422, 2426, 2347, 2426, 2421, 2426, 2346, 2426, 2422, 2427, 2347, 2427, 2426, 2427, 2343, 2428, 2422, 2428, 2347, 2428, 2423, 2428, 2348, 2428, 2427, 2428, 2349, 2424, 2424, 2428, 2349, 2428, 2424, 2429, 2349, 2429, 2428, 2429, 2345, 2430, 2424, 2430, 2349, 2430, 2425, 2430, 2350, 2430, 2429, 2430, 2347, 2432, 2426, 2432, 2351, 2426, 2351, 2432, 2427, 2432, 2352, 2432, 2426, 2431, 2351, 2431, 2431, 2432, 2353, 2428, 2428, 2432, 2353, 2432, 2428, 2433, 2353, 2433, 2432, 2433, 2349, 2434, 2428, 2434, 2353, 2434, 2429, 2434, 2354, 2434, 2433, 2434, 2355, 2430, 2430, 2434, 2355, 2434, 2430, 2435, 2355, 2435, 2434, 2435, 2351, 2436, 2357, 2432, 2432, 2436, 2357, 2436, 2431, 2436, 2356, 2436, 2432, 2437, 2357, 2437, 2436, 2437, 2353, 2438, 2432, 2438, 2357, 2438, 2433, 2438, 2358, 2438, 2437, 2438, 2359, 2434, 2434, 2438, 2359, 2438, 2434, 2439, 2359, 2439, 2438, 2439, 2355, 2440, 2434, 2440, 2359, 2440, 2435, 2440, 2360, 2440, 2439, 2440, 2357, 2442, 2436, 2442, 2361, 2436, 2361, 2442, 2437, 2442, 2362, 2442, 2436, 2441, 2361, 2441, 2441, 2442, 2363, 2438, 2438, 2442, 2363, 2442, 2438, 2443, 2363, 2443, 2442, 2443, 2359, 2444, 2438, 2444, 2363, 2444, 2439, 2444, 2364, 2444, 2443, 2444, 2365, 2440, 2440, 2444, 2365, 2444, 2440, 2445, 2365, 2445, 2444, 2445, 2361, 2446, 2367, 2442, 2442, 2446, 2367, 2446, 2441, 2446, 2366, 2446, 2442, 2447, 2367, 2447, 2446, 2447, 2363, 2448, 2442, 2448, 2367, 2448, 2443, 2448, 2368, 2448, 2447, 2448, 2369, 2444, 2444, 2448, 2369, 2448, 2444, 2449, 2369, 2449, 2448, 2449, 2365, 2450, 2444, 2450, 2369, 2450, 2445, 2450, 2370, 2450, 2449, 2450, 2367, 2452, 2446, 2452, 2371, 2446, 2371, 2452, 2447, 2452, 2372, 2452, 2446, 2451, 2371, 2451, 2451, 2452, 2373, 2448, 2448, 2452, 2373, 2452, 2448, 2453, 2373, 2453, 2452, 2453, 2369, 2454, 2448, 2454, 2373, 2454, 2449, 2454, 2374, 2454, 2453, 2454, 2375, 2450, 2450, 2454, 2375, 2454, 2450, 2455, 2375, 2455, 2454, 2455, 2371, 2456, 2377, 2452, 2452, 2456, 2377, 2456, 2451, 2456, 2376, 2456, 2452, 2457, 2377, 2457, 2456, 2457, 2373, 2458, 2452, 2458, 2377, 2458, 2453, 2458, 2378, 2458, 2457, 2458, 2379, 2454, 2454, 2458, 2379, 2458, 2454, 2459, 2379, 2459, 2458, 2459, 2375, 2460, 2454, 2460, 2379, 2460, 2455, 2460, 2380, 2460, 2459, 2460, 2377, 2462, 2456, 2462, 2381, 2456, 2381, 2462, 2457, 2462, 2382, 2462, 2456, 2461, 2381, 2461, 2461, 2462, 2383, 2458, 2458, 2462, 2383, 2462, 2458, 2463, 2383, 2463, 2462, 2463, 2379, 2464, 2458, 2464, 2383, 2464, 2459, 2464, 2384, 2464, 2463, 2464, 2385, 2460, 2460, 2464, 2385, 2464, 2460, 2465, 2385, 2465, 2464, 2465, 2063, 2466, 2144, 2466, 2143, 2466, 2064, 2466, 2144, 2467, 2466, 2467, 2143, 2467, 2466, 2469, 2143, 2469, 2063, 2469, 2467, 2469, 2466, 2468, 2063, 2468, 2468, 2469, 2063, 2470, 2469, 2470, 2143, 2470, 2468, 2470, 2469, 2471, 2470, 2471, 2143, 2471, 2470, 2473, 2143, 2473, 2063, 2473, 2471, 2473, 2470, 2472, 2063, 2472, 2472, 2473, 2063, 2474, 2473, 2474, 2143, 2474, 2472, 2474, 2473, 2475, 2474, 2475, 2143, 2475, 2142, 2474, 2142, 2475, 2062, 2474, 2065, 2477, 2065, 2466, 2144, 2477, 2466, 2477, 2145, 2477, 2065, 2476, 2466, 2476, 2476, 2477, 2467, 2477, 2466, 2478, 2477, 2478, 2469, 2477, 2469, 2478, 2476, 2478, 2468, 2478, 2477, 2479, 2478, 2479, 2469, 2479, 2478, 2481, 2470, 2478, 2469, 2481, 2470, 2481, 2479, 2481, 2478, 2480, 2470, 2480, 2480, 2481, 2471, 2481, 2470, 2482, 2481, 2482, 2473, 2481, 2473, 2482, 2480, 2482, 2472, 2482, 2481, 2483, 2482, 2483, 2473, 2483, 2482, 2485, 2474, 2482, 2473, 2485, 2474, 2485, 2483, 2485, 2482, 2484, 2474, 2484, 2484, 2485, 2475, 2485, 2061, 2474, 2061, 2485, 2142, 2485, 2061, 2484, 2141, 2485, 2144, 2486, 2223, 2486, 2143, 2486, 2224, 2486, 2467, 2486, 2469, 2486, 2223, 2469, 2486, 2487, 2469, 2487, 2223, 2487, 2469, 2488, 2223, 2488, 2143, 2488, 2487, 2488, 2471, 2488, 2473, 2488, 2223, 2473, 2488, 2489, 2473, 2489, 2223, 2489, 2473, 2490, 2223, 2490, 2143, 2490, 2489, 2490, 2475, 2490, 2142, 2490, 2222, 2490, 2225, 2477, 2225, 2486, 2477, 2486, 2225, 2491, 2477, 2491, 2486, 2491, 2477, 2492, 2486, 2492, 2469, 2492, 2491, 2492, 2479, 2492, 2487, 2492, 2481, 2492, 2488, 2492, 2481, 2488, 2492, 2493, 2481, 2493, 2488, 2493, 2481, 2494, 2488, 2494, 2473, 2494, 2493, 2494, 2483, 2494, 2489, 2494, 2485, 2494, 2490, 2494, 2485, 2490, 2494, 2495, 2485, 2495, 2490, 2495, 2221, 2485, 2221, 2490, 2221, 2495, 2304, 2486, 2303, 2486, 2304, 2496, 2486, 2496, 2303, 2496, 2486, 2497, 2303, 2497, 2223, 2497, 2496, 2497, 2487, 2497, 2488, 2497, 2303, 2488, 2497, 2498, 2488, 2498, 2303, 2498, 2488, 2499, 2303, 2499, 2223, 2499, 2498, 2499, 2489, 2499, 2490, 2499, 2303, 2490, 2499, 2500, 2490, 2500, 2303, 2500, 2302, 2490, 2302, 2500, 2225, 2501, 2304, 2501, 2486, 2501, 2305, 2501, 2491, 2501, 2496, 2501, 2492, 2501, 2497, 2501, 2492, 2497, 2501, 2502, 2492, 2502, 2497, 2502, 2492, 2503, 2497, 2503, 2488, 2503, 2502, 2503, 2493, 2503, 2498, 2503, 2494, 2503, 2499, 2503, 2494, 2499, 2503, 2504, 2494, 2504, 2499, 2504, 2494, 2505, 2499, 2505, 2490, 2505, 2504, 2505, 2495, 2505, 2500, 2505, 2221, 2505, 2302, 2505, 2301, 2505, 2304, 2506, 2383, 2506, 2303, 2506, 2384, 2506, 2496, 2506, 2497, 2506, 2383, 2497, 2506, 2507, 2497, 2507, 2383, 2507, 2497, 2508, 2383, 2508, 2303, 2508, 2507, 2508, 2498, 2508, 2499, 2508, 2383, 2499, 2508, 2509, 2499, 2509, 2383, 2509, 2499, 2510, 2383, 2510, 2303, 2510, 2509, 2510, 2500, 2510, 2302, 2510, 2382, 2510, 2385, 2501, 2385, 2506, 2501, 2506, 2385, 2511, 2501, 2511, 2506, 2511, 2501, 2512, 2506, 2512, 2497, 2512, 2511, 2512, 2502, 2512, 2507, 2512, 2503, 2512, 2508, 2512, 2503, 2508, 2512, 2513, 2503, 2513, 2508, 2513, 2503, 2514, 2508, 2514, 2499, 2514, 2513, 2514, 2504, 2514, 2509, 2514, 2505, 2514, 2510, 2514, 2505, 2510, 2514, 2515, 2505, 2515, 2510, 2515, 2381, 2505, 2381, 2510, 2381, 2515, 2464, 2506, 2463, 2506, 2464, 2516, 2506, 2516, 2463, 2516, 2506, 2517, 2463, 2517, 2383, 2517, 2516, 2517, 2507, 2517, 2508, 2517, 2463, 2508, 2517, 2518, 2508, 2518, 2463, 2518, 2508, 2519, 2463, 2519, 2383, 2519, 2518, 2519, 2509, 2519, 2510, 2519, 2463, 2510, 2519, 2520, 2510, 2520, 2463, 2520, 2462, 2510, 2462, 2520, 2385, 2521, 2464, 2521, 2506, 2521, 2465, 2521, 2511, 2521, 2516, 2521, 2512, 2521, 2517, 2521, 2512, 2517, 2521, 2522, 2512, 2522, 2517, 2522, 2512, 2523, 2517, 2523, 2508, 2523, 2522, 2523, 2513, 2523, 2518, 2523, 2514, 2523, 2519, 2523, 2514, 2519, 2523, 2524, 2514, 2524, 2519, 2524, 2514, 2525, 2519, 2525, 2510, 2525, 2524, 2525, 2515, 2525, 2520, 2525, 2381, 2525, 2462, 2525, 2461, 2525, 22, 2527, 22, 2606, 329, 2527, 329, 2606, 2527, 2606, 328, 2527, 23, 2606, 22, 2526, 2526, 2606, 2526, 2527, 329, 2607, 2527, 2607, 2606, 2607, 326, 2608, 326, 2527, 329, 2608, 2527, 2608, 327, 2608, 326, 2528, 2527, 2528, 2528, 2608, 2607, 2608, 326, 2529, 325, 2529, 325, 2608, 2529, 2608, 324, 2529, 2528, 2529, 325, 2609, 2529, 2609, 2608, 2609, 262, 2610, 262, 2529, 325, 2610, 2529, 2610, 263, 2610, 262, 2530, 2529, 2530, 2530, 2610, 2609, 2610, 2527, 2612, 2527, 2531, 2606, 2612, 2531, 2606, 2531, 2612, 2526, 2531, 2607, 2612, 2527, 2532, 2531, 2532, 2532, 2612, 2606, 2611, 2531, 2611, 2611, 2612, 2527, 2533, 2533, 2608, 2608, 2612, 2533, 2612, 2528, 2533, 2532, 2533, 2608, 2613, 2533, 2613, 2612, 2613, 2529, 2614, 2529, 2533, 2608, 2614, 2533, 2614, 2609, 2614, 2529, 2534, 2533, 2534, 2534, 2614, 2613, 2614, 2529, 2535, 2535, 2610, 2610, 2614, 2535, 2614, 2530, 2535, 2534, 2535, 2610, 2615, 2535, 2615, 2614, 2615, 2531, 2537, 2531, 2616, 2537, 2612, 2612, 2616, 2537, 2616, 2532, 2537, 2611, 2616, 2531, 2536, 2536, 2616, 2536, 2537, 2612, 2617, 2537, 2617, 2616, 2617, 2533, 2618, 2533, 2537, 2612, 2618, 2537, 2618, 2613, 2618, 2533, 2538, 2537, 2538, 2538, 2618, 2617, 2618, 2533, 2539, 2539, 2614, 2614, 2618, 2539, 2618, 2534, 2539, 2538, 2539, 2614, 2619, 2539, 2619, 2618, 2619, 2535, 2620, 2535, 2539, 2614, 2620, 2539, 2620, 2615, 2620, 2535, 2540, 2539, 2540, 2540, 2620, 2619, 2620, 2537, 2622, 2537, 2541, 2616, 2622, 2541, 2616, 2541, 2622, 2536, 2541, 2617, 2622, 2537, 2542, 2541, 2542, 2542, 2622, 2616, 2621, 2541, 2621, 2621, 2622, 2537, 2543, 2543, 2618, 2618, 2622, 2543, 2622, 2538, 2543, 2542, 2543, 2618, 2623, 2543, 2623, 2622, 2623, 2539, 2624, 2539, 2543, 2618, 2624, 2543, 2624, 2619, 2624, 2539, 2544, 2543, 2544, 2544, 2624, 2623, 2624, 2539, 2545, 2545, 2620, 2620, 2624, 2545, 2624, 2540, 2545, 2544, 2545, 2620, 2625, 2545, 2625, 2624, 2625, 2541, 2547, 2541, 2626, 2547, 2622, 2622, 2626, 2547, 2626, 2542, 2547, 2621, 2626, 2541, 2546, 2546, 2626, 2546, 2547, 2622, 2627, 2547, 2627, 2626, 2627, 2543, 2628, 2543, 2547, 2622, 2628, 2547, 2628, 2623, 2628, 2543, 2548, 2547, 2548, 2548, 2628, 2627, 2628, 2543, 2549, 2549, 2624, 2624, 2628, 2549, 2628, 2544, 2549, 2548, 2549, 2624, 2629, 2549, 2629, 2628, 2629, 2545, 2630, 2545, 2549, 2624, 2630, 2549, 2630, 2625, 2630, 2545, 2550, 2549, 2550, 2550, 2630, 2629, 2630, 2547, 2632, 2547, 2551, 2626, 2632, 2551, 2626, 2551, 2632, 2546, 2551, 2627, 2632, 2547, 2552, 2551, 2552, 2552, 2632, 2626, 2631, 2551, 2631, 2631, 2632, 2547, 2553, 2553, 2628, 2628, 2632, 2553, 2632, 2548, 2553, 2552, 2553, 2628, 2633, 2553, 2633, 2632, 2633, 2549, 2634, 2549, 2553, 2628, 2634, 2553, 2634, 2629, 2634, 2549, 2554, 2553, 2554, 2554, 2634, 2633, 2634, 2549, 2555, 2555, 2630, 2630, 2634, 2555, 2634, 2550, 2555, 2554, 2555, 2630, 2635, 2555, 2635, 2634, 2635, 2551, 2557, 2551, 2636, 2557, 2632, 2632, 2636, 2557, 2636, 2552, 2557, 2631, 2636, 2551, 2556, 2556, 2636, 2556, 2557, 2632, 2637, 2557, 2637, 2636, 2637, 2553, 2638, 2553, 2557, 2632, 2638, 2557, 2638, 2633, 2638, 2553, 2558, 2557, 2558, 2558, 2638, 2637, 2638, 2553, 2559, 2559, 2634, 2634, 2638, 2559, 2638, 2554, 2559, 2558, 2559, 2634, 2639, 2559, 2639, 2638, 2639, 2555, 2640, 2555, 2559, 2634, 2640, 2559, 2640, 2635, 2640, 2555, 2560, 2559, 2560, 2560, 2640, 2639, 2640, 2557, 2642, 2557, 2561, 2636, 2642, 2561, 2636, 2561, 2642, 2556, 2561, 2637, 2642, 2557, 2562, 2561, 2562, 2562, 2642, 2636, 2641, 2561, 2641, 2641, 2642, 2557, 2563, 2563, 2638, 2638, 2642, 2563, 2642, 2558, 2563, 2562, 2563, 2638, 2643, 2563, 2643, 2642, 2643, 2559, 2644, 2559, 2563, 2638, 2644, 2563, 2644, 2639, 2644, 2559, 2564, 2563, 2564, 2564, 2644, 2643, 2644, 2559, 2565, 2565, 2640, 2640, 2644, 2565, 2644, 2560, 2565, 2564, 2565, 2640, 2645, 2565, 2645, 2644, 2645, 2561, 2567, 2561, 2646, 2567, 2642, 2642, 2646, 2567, 2646, 2562, 2567, 2641, 2646, 2561, 2566, 2566, 2646, 2566, 2567, 2642, 2647, 2567, 2647, 2646, 2647, 2563, 2648, 2563, 2567, 2642, 2648, 2567, 2648, 2643, 2648, 2563, 2568, 2567, 2568, 2568, 2648, 2647, 2648, 2563, 2569, 2569, 2644, 2644, 2648, 2569, 2648, 2564, 2569, 2568, 2569, 2644, 2649, 2569, 2649, 2648, 2649, 2565, 2650, 2565, 2569, 2644, 2650, 2569, 2650, 2645, 2650, 2565, 2570, 2569, 2570, 2570, 2650, 2649, 2650, 2567, 2652, 2567, 2571, 2646, 2652, 2571, 2646, 2571, 2652, 2566, 2571, 2647, 2652, 2567, 2572, 2571, 2572, 2572, 2652, 2646, 2651, 2571, 2651, 2651, 2652, 2567, 2573, 2573, 2648, 2648, 2652, 2573, 2652, 2568, 2573, 2572, 2573, 2648, 2653, 2573, 2653, 2652, 2653, 2569, 2654, 2569, 2573, 2648, 2654, 2573, 2654, 2649, 2654, 2569, 2574, 2573, 2574, 2574, 2654, 2653, 2654, 2569, 2575, 2575, 2650, 2650, 2654, 2575, 2654, 2570, 2575, 2574, 2575, 2650, 2655, 2575, 2655, 2654, 2655, 2571, 2577, 2571, 2656, 2577, 2652, 2652, 2656, 2577, 2656, 2572, 2577, 2651, 2656, 2571, 2576, 2576, 2656, 2576, 2577, 2652, 2657, 2577, 2657, 2656, 2657, 2573, 2658, 2573, 2577, 2652, 2658, 2577, 2658, 2653, 2658, 2573, 2578, 2577, 2578, 2578, 2658, 2657, 2658, 2573, 2579, 2579, 2654, 2654, 2658, 2579, 2658, 2574, 2579, 2578, 2579, 2654, 2659, 2579, 2659, 2658, 2659, 2575, 2660, 2575, 2579, 2654, 2660, 2579, 2660, 2655, 2660, 2575, 2580, 2579, 2580, 2580, 2660, 2659, 2660, 2577, 2662, 2577, 2581, 2656, 2662, 2581, 2656, 2581, 2662, 2576, 2581, 2657, 2662, 2577, 2582, 2581, 2582, 2582, 2662, 2656, 2661, 2581, 2661, 2661, 2662, 2577, 2583, 2583, 2658, 2658, 2662, 2583, 2662, 2578, 2583, 2582, 2583, 2658, 2663, 2583, 2663, 2662, 2663, 2579, 2664, 2579, 2583, 2658, 2664, 2583, 2664, 2659, 2664, 2579, 2584, 2583, 2584, 2584, 2664, 2663, 2664, 2579, 2585, 2585, 2660, 2660, 2664, 2585, 2664, 2580, 2585, 2584, 2585, 2660, 2665, 2585, 2665, 2664, 2665, 2581, 2587, 2581, 2666, 2587, 2662, 2662, 2666, 2587, 2666, 2582, 2587, 2661, 2666, 2581, 2586, 2586, 2666, 2586, 2587, 2662, 2667, 2587, 2667, 2666, 2667, 2583, 2668, 2583, 2587, 2662, 2668, 2587, 2668, 2663, 2668, 2583, 2588, 2587, 2588, 2588, 2668, 2667, 2668, 2583, 2589, 2589, 2664, 2664, 2668, 2589, 2668, 2584, 2589, 2588, 2589, 2664, 2669, 2589, 2669, 2668, 2669, 2585, 2670, 2585, 2589, 2664, 2670, 2589, 2670, 2665, 2670, 2585, 2590, 2589, 2590, 2590, 2670, 2669, 2670, 2587, 2672, 2587, 2591, 2666, 2672, 2591, 2666, 2591, 2672, 2586, 2591, 2667, 2672, 2587, 2592, 2591, 2592, 2592, 2672, 2666, 2671, 2591, 2671, 2671, 2672, 2587, 2593, 2593, 2668, 2668, 2672, 2593, 2672, 2588, 2593, 2592, 2593, 2668, 2673, 2593, 2673, 2672, 2673, 2589, 2674, 2589, 2593, 2668, 2674, 2593, 2674, 2669, 2674, 2589, 2594, 2593, 2594, 2594, 2674, 2673, 2674, 2589, 2595, 2595, 2670, 2670, 2674, 2595, 2674, 2590, 2595, 2594, 2595, 2670, 2675, 2595, 2675, 2674, 2675, 2591, 2597, 2591, 2676, 2597, 2672, 2672, 2676, 2597, 2676, 2592, 2597, 2671, 2676, 2591, 2596, 2596, 2676, 2596, 2597, 2672, 2677, 2597, 2677, 2676, 2677, 2593, 2678, 2593, 2597, 2672, 2678, 2597, 2678, 2673, 2678, 2593, 2598, 2597, 2598, 2598, 2678, 2677, 2678, 2593, 2599, 2599, 2674, 2674, 2678, 2599, 2678, 2594, 2599, 2598, 2599, 2674, 2679, 2599, 2679, 2678, 2679, 2595, 2680, 2595, 2599, 2674, 2680, 2599, 2680, 2675, 2680, 2595, 2600, 2599, 2600, 2600, 2680, 2679, 2680, 2597, 2682, 2597, 2601, 2676, 2682, 2601, 2676, 2601, 2682, 2596, 2601, 2677, 2682, 2597, 2602, 2601, 2602, 2602, 2682, 2676, 2681, 2601, 2681, 2681, 2682, 2597, 2603, 2603, 2678, 2678, 2682, 2603, 2682, 2598, 2603, 2602, 2603, 2678, 2683, 2603, 2683, 2682, 2683, 2599, 2684, 2599, 2603, 2678, 2684, 2603, 2684, 2679, 2684, 2599, 2604, 2603, 2604, 2604, 2684, 2683, 2684, 2599, 2605, 2605, 2680, 2680, 2684, 2605, 2684, 2600, 2605, 2604, 2605, 2680, 2685, 2605, 2685, 2684, 2685, 329, 2687, 43, 2687, 43, 2606, 2606, 2687, 338, 2687, 2607, 2687, 43, 2686, 2606, 2686, 2686, 2687, 337, 2608, 337, 2687, 2608, 2687, 337, 2688, 2608, 2688, 2687, 2688, 325, 2689, 337, 2689, 2608, 2689, 336, 2689, 2609, 2689, 2688, 2689, 275, 2610, 275, 2689, 2610, 2689, 275, 2690, 2610, 2690, 2689, 2690, 2606, 2691, 2612, 2687, 2687, 2691, 2612, 2691, 2686, 2691, 2611, 2691, 2687, 2692, 2612, 2692, 2691, 2692, 2608, 2693, 2687, 2693, 2612, 2693, 2688, 2693, 2613, 2693, 2692, 2693, 2614, 2689, 2689, 2693, 2614, 2693, 2689, 2694, 2614, 2694, 2693, 2694, 2610, 2695, 2689, 2695, 2614, 2695, 2690, 2695, 2615, 2695, 2694, 2695, 2612, 2697, 2691, 2697, 2616, 2691, 2616, 2697, 2692, 2697, 2617, 2697, 2691, 2696, 2616, 2696, 2696, 2697, 2618, 2693, 2693, 2697, 2618, 2697, 2693, 2698, 2618, 2698, 2697, 2698, 2614, 2699, 2693, 2699, 2618, 2699, 2694, 2699, 2619, 2699, 2698, 2699, 2620, 2695, 2695, 2699, 2620, 2699, 2695, 2700, 2620, 2700, 2699, 2700, 2616, 2701, 2622, 2697, 2697, 2701, 2622, 2701, 2696, 2701, 2621, 2701, 2697, 2702, 2622, 2702, 2701, 2702, 2618, 2703, 2697, 2703, 2622, 2703, 2698, 2703, 2623, 2703, 2702, 2703, 2624, 2699, 2699, 2703, 2624, 2703, 2699, 2704, 2624, 2704, 2703, 2704, 2620, 2705, 2699, 2705, 2624, 2705, 2700, 2705, 2625, 2705, 2704, 2705, 2622, 2707, 2701, 2707, 2626, 2701, 2626, 2707, 2702, 2707, 2627, 2707, 2701, 2706, 2626, 2706, 2706, 2707, 2628, 2703, 2703, 2707, 2628, 2707, 2703, 2708, 2628, 2708, 2707, 2708, 2624, 2709, 2703, 2709, 2628, 2709, 2704, 2709, 2629, 2709, 2708, 2709, 2630, 2705, 2705, 2709, 2630, 2709, 2705, 2710, 2630, 2710, 2709, 2710, 2626, 2711, 2632, 2707, 2707, 2711, 2632, 2711, 2706, 2711, 2631, 2711, 2707, 2712, 2632, 2712, 2711, 2712, 2628, 2713, 2707, 2713, 2632, 2713, 2708, 2713, 2633, 2713, 2712, 2713, 2634, 2709, 2709, 2713, 2634, 2713, 2709, 2714, 2634, 2714, 2713, 2714, 2630, 2715, 2709, 2715, 2634, 2715, 2710, 2715, 2635, 2715, 2714, 2715, 2632, 2717, 2711, 2717, 2636, 2711, 2636, 2717, 2712, 2717, 2637, 2717, 2711, 2716, 2636, 2716, 2716, 2717, 2638, 2713, 2713, 2717, 2638, 2717, 2713, 2718, 2638, 2718, 2717, 2718, 2634, 2719, 2713, 2719, 2638, 2719, 2714, 2719, 2639, 2719, 2718, 2719, 2640, 2715, 2715, 2719, 2640, 2719, 2715, 2720, 2640, 2720, 2719, 2720, 2636, 2721, 2642, 2717, 2717, 2721, 2642, 2721, 2716, 2721, 2641, 2721, 2717, 2722, 2642, 2722, 2721, 2722, 2638, 2723, 2717, 2723, 2642, 2723, 2718, 2723, 2643, 2723, 2722, 2723, 2644, 2719, 2719, 2723, 2644, 2723, 2719, 2724, 2644, 2724, 2723, 2724, 2640, 2725, 2719, 2725, 2644, 2725, 2720, 2725, 2645, 2725, 2724, 2725, 2642, 2727, 2721, 2727, 2646, 2721, 2646, 2727, 2722, 2727, 2647, 2727, 2721, 2726, 2646, 2726, 2726, 2727, 2648, 2723, 2723, 2727, 2648, 2727, 2723, 2728, 2648, 2728, 2727, 2728, 2644, 2729, 2723, 2729, 2648, 2729, 2724, 2729, 2649, 2729, 2728, 2729, 2650, 2725, 2725, 2729, 2650, 2729, 2725, 2730, 2650, 2730, 2729, 2730, 2646, 2731, 2652, 2727, 2727, 2731, 2652, 2731, 2726, 2731, 2651, 2731, 2727, 2732, 2652, 2732, 2731, 2732, 2648, 2733, 2727, 2733, 2652, 2733, 2728, 2733, 2653, 2733, 2732, 2733, 2654, 2729, 2729, 2733, 2654, 2733, 2729, 2734, 2654, 2734, 2733, 2734, 2650, 2735, 2729, 2735, 2654, 2735, 2730, 2735, 2655, 2735, 2734, 2735, 2652, 2737, 2731, 2737, 2656, 2731, 2656, 2737, 2732, 2737, 2657, 2737, 2731, 2736, 2656, 2736, 2736, 2737, 2658, 2733, 2733, 2737, 2658, 2737, 2733, 2738, 2658, 2738, 2737, 2738, 2654, 2739, 2733, 2739, 2658, 2739, 2734, 2739, 2659, 2739, 2738, 2739, 2660, 2735, 2735, 2739, 2660, 2739, 2735, 2740, 2660, 2740, 2739, 2740, 2656, 2741, 2662, 2737, 2737, 2741, 2662, 2741, 2736, 2741, 2661, 2741, 2737, 2742, 2662, 2742, 2741, 2742, 2658, 2743, 2737, 2743, 2662, 2743, 2738, 2743, 2663, 2743, 2742, 2743, 2664, 2739, 2739, 2743, 2664, 2743, 2739, 2744, 2664, 2744, 2743, 2744, 2660, 2745, 2739, 2745, 2664, 2745, 2740, 2745, 2665, 2745, 2744, 2745, 2662, 2747, 2741, 2747, 2666, 2741, 2666, 2747, 2742, 2747, 2667, 2747, 2741, 2746, 2666, 2746, 2746, 2747, 2668, 2743, 2743, 2747, 2668, 2747, 2743, 2748, 2668, 2748, 2747, 2748, 2664, 2749, 2743, 2749, 2668, 2749, 2744, 2749, 2669, 2749, 2748, 2749, 2670, 2745, 2745, 2749, 2670, 2749, 2745, 2750, 2670, 2750, 2749, 2750, 2666, 2751, 2672, 2747, 2747, 2751, 2672, 2751, 2746, 2751, 2671, 2751, 2747, 2752, 2672, 2752, 2751, 2752, 2668, 2753, 2747, 2753, 2672, 2753, 2748, 2753, 2673, 2753, 2752, 2753, 2674, 2749, 2749, 2753, 2674, 2753, 2749, 2754, 2674, 2754, 2753, 2754, 2670, 2755, 2749, 2755, 2674, 2755, 2750, 2755, 2675, 2755, 2754, 2755, 2672, 2757, 2751, 2757, 2676, 2751, 2676, 2757, 2752, 2757, 2677, 2757, 2751, 2756, 2676, 2756, 2756, 2757, 2678, 2753, 2753, 2757, 2678, 2757, 2753, 2758, 2678, 2758, 2757, 2758, 2674, 2759, 2753, 2759, 2678, 2759, 2754, 2759, 2679, 2759, 2758, 2759, 2680, 2755, 2755, 2759, 2680, 2759, 2755, 2760, 2680, 2760, 2759, 2760, 2676, 2761, 2682, 2757, 2757, 2761, 2682, 2761, 2756, 2761, 2681, 2761, 2757, 2762, 2682, 2762, 2761, 2762, 2678, 2763, 2757, 2763, 2682, 2763, 2758, 2763, 2683, 2763, 2762, 2763, 2684, 2759, 2759, 2763, 2684, 2763, 2759, 2764, 2684, 2764, 2763, 2764, 2680, 2765, 2759, 2765, 2684, 2765, 2760, 2765, 2685, 2765, 2764, 2765, 43, 2766, 347, 2687, 347, 2766, 2687, 2766, 59, 2766, 2686, 2766, 347, 2767, 2687, 2767, 2766, 2767, 337, 2768, 347, 2768, 2687, 2768, 346, 2768, 2688, 2768, 2767, 2768, 345, 2689, 345, 2768, 2689, 2768, 345, 2769, 2689, 2769, 2768, 2769, 275, 2770, 345, 2770, 2689, 2770, 287, 2770, 2690, 2770, 2769, 2770, 2687, 2772, 2766, 2772, 2691, 2766, 2691, 2772, 2767, 2772, 2692, 2772, 2766, 2771, 2691, 2771, 2771, 2772, 2693, 2768, 2768, 2772, 2693, 2772, 2768, 2773, 2693, 2773, 2772, 2773, 2689, 2774, 2768, 2774, 2693, 2774, 2769, 2774, 2694, 2774, 2773, 2774, 2695, 2770, 2770, 2774, 2695, 2774, 2770, 2775, 2695, 2775, 2774, 2775, 2691, 2776, 2697, 2772, 2772, 2776, 2697, 2776, 2771, 2776, 2696, 2776, 2772, 2777, 2697, 2777, 2776, 2777, 2693, 2778, 2772, 2778, 2697, 2778, 2773, 2778, 2698, 2778, 2777, 2778, 2699, 2774, 2774, 2778, 2699, 2778, 2774, 2779, 2699, 2779, 2778, 2779, 2695, 2780, 2774, 2780, 2699, 2780, 2775, 2780, 2700, 2780, 2779, 2780, 2697, 2782, 2776, 2782, 2701, 2776, 2701, 2782, 2777, 2782, 2702, 2782, 2776, 2781, 2701, 2781, 2781, 2782, 2703, 2778, 2778, 2782, 2703, 2782, 2778, 2783, 2703, 2783, 2782, 2783, 2699, 2784, 2778, 2784, 2703, 2784, 2779, 2784, 2704, 2784, 2783, 2784, 2705, 2780, 2780, 2784, 2705, 2784, 2780, 2785, 2705, 2785, 2784, 2785, 2701, 2786, 2707, 2782, 2782, 2786, 2707, 2786, 2781, 2786, 2706, 2786, 2782, 2787, 2707, 2787, 2786, 2787, 2703, 2788, 2782, 2788, 2707, 2788, 2783, 2788, 2708, 2788, 2787, 2788, 2709, 2784, 2784, 2788, 2709, 2788, 2784, 2789, 2709, 2789, 2788, 2789, 2705, 2790, 2784, 2790, 2709, 2790, 2785, 2790, 2710, 2790, 2789, 2790, 2707, 2792, 2786, 2792, 2711, 2786, 2711, 2792, 2787, 2792, 2712, 2792, 2786, 2791, 2711, 2791, 2791, 2792, 2713, 2788, 2788, 2792, 2713, 2792, 2788, 2793, 2713, 2793, 2792, 2793, 2709, 2794, 2788, 2794, 2713, 2794, 2789, 2794, 2714, 2794, 2793, 2794, 2715, 2790, 2790, 2794, 2715, 2794, 2790, 2795, 2715, 2795, 2794, 2795, 2711, 2796, 2717, 2792, 2792, 2796, 2717, 2796, 2791, 2796, 2716, 2796, 2792, 2797, 2717, 2797, 2796, 2797, 2713, 2798, 2792, 2798, 2717, 2798, 2793, 2798, 2718, 2798, 2797, 2798, 2719, 2794, 2794, 2798, 2719, 2798, 2794, 2799, 2719, 2799, 2798, 2799, 2715, 2800, 2794, 2800, 2719, 2800, 2795, 2800, 2720, 2800, 2799, 2800, 2717, 2802, 2796, 2802, 2721, 2796, 2721, 2802, 2797, 2802, 2722, 2802, 2796, 2801, 2721, 2801, 2801, 2802, 2723, 2798, 2798, 2802, 2723, 2802, 2798, 2803, 2723, 2803, 2802, 2803, 2719, 2804, 2798, 2804, 2723, 2804, 2799, 2804, 2724, 2804, 2803, 2804, 2725, 2800, 2800, 2804, 2725, 2804, 2800, 2805, 2725, 2805, 2804, 2805, 2721, 2806, 2727, 2802, 2802, 2806, 2727, 2806, 2801, 2806, 2726, 2806, 2802, 2807, 2727, 2807, 2806, 2807, 2723, 2808, 2802, 2808, 2727, 2808, 2803, 2808, 2728, 2808, 2807, 2808, 2729, 2804, 2804, 2808, 2729, 2808, 2804, 2809, 2729, 2809, 2808, 2809, 2725, 2810, 2804, 2810, 2729, 2810, 2805, 2810, 2730, 2810, 2809, 2810, 2727, 2812, 2806, 2812, 2731, 2806, 2731, 2812, 2807, 2812, 2732, 2812, 2806, 2811, 2731, 2811, 2811, 2812, 2733, 2808, 2808, 2812, 2733, 2812, 2808, 2813, 2733, 2813, 2812, 2813, 2729, 2814, 2808, 2814, 2733, 2814, 2809, 2814, 2734, 2814, 2813, 2814, 2735, 2810, 2810, 2814, 2735, 2814, 2810, 2815, 2735, 2815, 2814, 2815, 2731, 2816, 2737, 2812, 2812, 2816, 2737, 2816, 2811, 2816, 2736, 2816, 2812, 2817, 2737, 2817, 2816, 2817, 2733, 2818, 2812, 2818, 2737, 2818, 2813, 2818, 2738, 2818, 2817, 2818, 2739, 2814, 2814, 2818, 2739, 2818, 2814, 2819, 2739, 2819, 2818, 2819, 2735, 2820, 2814, 2820, 2739, 2820, 2815, 2820, 2740, 2820, 2819, 2820, 2737, 2822, 2816, 2822, 2741, 2816, 2741, 2822, 2817, 2822, 2742, 2822, 2816, 2821, 2741, 2821, 2821, 2822, 2743, 2818, 2818, 2822, 2743, 2822, 2818, 2823, 2743, 2823, 2822, 2823, 2739, 2824, 2818, 2824, 2743, 2824, 2819, 2824, 2744, 2824, 2823, 2824, 2745, 2820, 2820, 2824, 2745, 2824, 2820, 2825, 2745, 2825, 2824, 2825, 2741, 2826, 2747, 2822, 2822, 2826, 2747, 2826, 2821, 2826, 2746, 2826, 2822, 2827, 2747, 2827, 2826, 2827, 2743, 2828, 2822, 2828, 2747, 2828, 2823, 2828, 2748, 2828, 2827, 2828, 2749, 2824, 2824, 2828, 2749, 2828, 2824, 2829, 2749, 2829, 2828, 2829, 2745, 2830, 2824, 2830, 2749, 2830, 2825, 2830, 2750, 2830, 2829, 2830, 2747, 2832, 2826, 2832, 2751, 2826, 2751, 2832, 2827, 2832, 2752, 2832, 2826, 2831, 2751, 2831, 2831, 2832, 2753, 2828, 2828, 2832, 2753, 2832, 2828, 2833, 2753, 2833, 2832, 2833, 2749, 2834, 2828, 2834, 2753, 2834, 2829, 2834, 2754, 2834, 2833, 2834, 2755, 2830, 2830, 2834, 2755, 2834, 2830, 2835, 2755, 2835, 2834, 2835, 2751, 2836, 2757, 2832, 2832, 2836, 2757, 2836, 2831, 2836, 2756, 2836, 2832, 2837, 2757, 2837, 2836, 2837, 2753, 2838, 2832, 2838, 2757, 2838, 2833, 2838, 2758, 2838, 2837, 2838, 2759, 2834, 2834, 2838, 2759, 2838, 2834, 2839, 2759, 2839, 2838, 2839, 2755, 2840, 2834, 2840, 2759, 2840, 2835, 2840, 2760, 2840, 2839, 2840, 2757, 2842, 2836, 2842, 2761, 2836, 2761, 2842, 2837, 2842, 2762, 2842, 2836, 2841, 2761, 2841, 2841, 2842, 2763, 2838, 2838, 2842, 2763, 2842, 2838, 2843, 2763, 2843, 2842, 2843, 2759, 2844, 2838, 2844, 2763, 2844, 2839, 2844, 2764, 2844, 2843, 2844, 2765, 2840, 2840, 2844, 2765, 2844, 2840, 2845, 2765, 2845, 2844, 2845, 347, 2847, 75, 2847, 75, 2766, 2766, 2847, 356, 2847, 2767, 2847, 75, 2846, 2766, 2846, 2846, 2847, 355, 2768, 355, 2847, 2768, 2847, 355, 2848, 2768, 2848, 2847, 2848, 345, 2849, 355, 2849, 2768, 2849, 354, 2849, 2769, 2849, 2848, 2849, 299, 2770, 299, 2849, 2770, 2849, 299, 2850, 2770, 2850, 2849, 2850, 2766, 2851, 2772, 2847, 2847, 2851, 2772, 2851, 2846, 2851, 2771, 2851, 2847, 2852, 2772, 2852, 2851, 2852, 2768, 2853, 2847, 2853, 2772, 2853, 2848, 2853, 2773, 2853, 2852, 2853, 2774, 2849, 2849, 2853, 2774, 2853, 2849, 2854, 2774, 2854, 2853, 2854, 2770, 2855, 2849, 2855, 2774, 2855, 2850, 2855, 2775, 2855, 2854, 2855, 2772, 2857, 2851, 2857, 2776, 2851, 2776, 2857, 2852, 2857, 2777, 2857, 2851, 2856, 2776, 2856, 2856, 2857, 2778, 2853, 2853, 2857, 2778, 2857, 2853, 2858, 2778, 2858, 2857, 2858, 2774, 2859, 2853, 2859, 2778, 2859, 2854, 2859, 2779, 2859, 2858, 2859, 2780, 2855, 2855, 2859, 2780, 2859, 2855, 2860, 2780, 2860, 2859, 2860, 2776, 2861, 2782, 2857, 2857, 2861, 2782, 2861, 2856, 2861, 2781, 2861, 2857, 2862, 2782, 2862, 2861, 2862, 2778, 2863, 2857, 2863, 2782, 2863, 2858, 2863, 2783, 2863, 2862, 2863, 2784, 2859, 2859, 2863, 2784, 2863, 2859, 2864, 2784, 2864, 2863, 2864, 2780, 2865, 2859, 2865, 2784, 2865, 2860, 2865, 2785, 2865, 2864, 2865, 2782, 2867, 2861, 2867, 2786, 2861, 2786, 2867, 2862, 2867, 2787, 2867, 2861, 2866, 2786, 2866, 2866, 2867, 2788, 2863, 2863, 2867, 2788, 2867, 2863, 2868, 2788, 2868, 2867, 2868, 2784, 2869, 2863, 2869, 2788, 2869, 2864, 2869, 2789, 2869, 2868, 2869, 2790, 2865, 2865, 2869, 2790, 2869, 2865, 2870, 2790, 2870, 2869, 2870, 2786, 2871, 2792, 2867, 2867, 2871, 2792, 2871, 2866, 2871, 2791, 2871, 2867, 2872, 2792, 2872, 2871, 2872, 2788, 2873, 2867, 2873, 2792, 2873, 2868, 2873, 2793, 2873, 2872, 2873, 2794, 2869, 2869, 2873, 2794, 2873, 2869, 2874, 2794, 2874, 2873, 2874, 2790, 2875, 2869, 2875, 2794, 2875, 2870, 2875, 2795, 2875, 2874, 2875, 2792, 2877, 2871, 2877, 2796, 2871, 2796, 2877, 2872, 2877, 2797, 2877, 2871, 2876, 2796, 2876, 2876, 2877, 2798, 2873, 2873, 2877, 2798, 2877, 2873, 2878, 2798, 2878, 2877, 2878, 2794, 2879, 2873, 2879, 2798, 2879, 2874, 2879, 2799, 2879, 2878, 2879, 2800, 2875, 2875, 2879, 2800, 2879, 2875, 2880, 2800, 2880, 2879, 2880, 2796, 2881, 2802, 2877, 2877, 2881, 2802, 2881, 2876, 2881, 2801, 2881, 2877, 2882, 2802, 2882, 2881, 2882, 2798, 2883, 2877, 2883, 2802, 2883, 2878, 2883, 2803, 2883, 2882, 2883, 2804, 2879, 2879, 2883, 2804, 2883, 2879, 2884, 2804, 2884, 2883, 2884, 2800, 2885, 2879, 2885, 2804, 2885, 2880, 2885, 2805, 2885, 2884, 2885, 2802, 2887, 2881, 2887, 2806, 2881, 2806, 2887, 2882, 2887, 2807, 2887, 2881, 2886, 2806, 2886, 2886, 2887, 2808, 2883, 2883, 2887, 2808, 2887, 2883, 2888, 2808, 2888, 2887, 2888, 2804, 2889, 2883, 2889, 2808, 2889, 2884, 2889, 2809, 2889, 2888, 2889, 2810, 2885, 2885, 2889, 2810, 2889, 2885, 2890, 2810, 2890, 2889, 2890, 2806, 2891, 2812, 2887, 2887, 2891, 2812, 2891, 2886, 2891, 2811, 2891, 2887, 2892, 2812, 2892, 2891, 2892, 2808, 2893, 2887, 2893, 2812, 2893, 2888, 2893, 2813, 2893, 2892, 2893, 2814, 2889, 2889, 2893, 2814, 2893, 2889, 2894, 2814, 2894, 2893, 2894, 2810, 2895, 2889, 2895, 2814, 2895, 2890, 2895, 2815, 2895, 2894, 2895, 2812, 2897, 2891, 2897, 2816, 2891, 2816, 2897, 2892, 2897, 2817, 2897, 2891, 2896, 2816, 2896, 2896, 2897, 2818, 2893, 2893, 2897, 2818, 2897, 2893, 2898, 2818, 2898, 2897, 2898, 2814, 2899, 2893, 2899, 2818, 2899, 2894, 2899, 2819, 2899, 2898, 2899, 2820, 2895, 2895, 2899, 2820, 2899, 2895, 2900, 2820, 2900, 2899, 2900, 2816, 2901, 2822, 2897, 2897, 2901, 2822, 2901, 2896, 2901, 2821, 2901, 2897, 2902, 2822, 2902, 2901, 2902, 2818, 2903, 2897, 2903, 2822, 2903, 2898, 2903, 2823, 2903, 2902, 2903, 2824, 2899, 2899, 2903, 2824, 2903, 2899, 2904, 2824, 2904, 2903, 2904, 2820, 2905, 2899, 2905, 2824, 2905, 2900, 2905, 2825, 2905, 2904, 2905, 2822, 2907, 2901, 2907, 2826, 2901, 2826, 2907, 2902, 2907, 2827, 2907, 2901, 2906, 2826, 2906, 2906, 2907, 2828, 2903, 2903, 2907, 2828, 2907, 2903, 2908, 2828, 2908, 2907, 2908, 2824, 2909, 2903, 2909, 2828, 2909, 2904, 2909, 2829, 2909, 2908, 2909, 2830, 2905, 2905, 2909, 2830, 2909, 2905, 2910, 2830, 2910, 2909, 2910, 2826, 2911, 2832, 2907, 2907, 2911, 2832, 2911, 2906, 2911, 2831, 2911, 2907, 2912, 2832, 2912, 2911, 2912, 2828, 2913, 2907, 2913, 2832, 2913, 2908, 2913, 2833, 2913, 2912, 2913, 2834, 2909, 2909, 2913, 2834, 2913, 2909, 2914, 2834, 2914, 2913, 2914, 2830, 2915, 2909, 2915, 2834, 2915, 2910, 2915, 2835, 2915, 2914, 2915, 2832, 2917, 2911, 2917, 2836, 2911, 2836, 2917, 2912, 2917, 2837, 2917, 2911, 2916, 2836, 2916, 2916, 2917, 2838, 2913, 2913, 2917, 2838, 2917, 2913, 2918, 2838, 2918, 2917, 2918, 2834, 2919, 2913, 2919, 2838, 2919, 2914, 2919, 2839, 2919, 2918, 2919, 2840, 2915, 2915, 2919, 2840, 2919, 2915, 2920, 2840, 2920, 2919, 2920, 2836, 2921, 2842, 2917, 2917, 2921, 2842, 2921, 2916, 2921, 2841, 2921, 2917, 2922, 2842, 2922, 2921, 2922, 2838, 2923, 2917, 2923, 2842, 2923, 2918, 2923, 2843, 2923, 2922, 2923, 2844, 2919, 2919, 2923, 2844, 2923, 2919, 2924, 2844, 2924, 2923, 2924, 2840, 2925, 2919, 2925, 2844, 2925, 2920, 2925, 2845, 2925, 2924, 2925, 75, 2926, 365, 2847, 365, 2926, 2847, 2926, 91, 2926, 2846, 2926, 365, 2927, 2847, 2927, 2926, 2927, 355, 2928, 365, 2928, 2847, 2928, 364, 2928, 2848, 2928, 2927, 2928, 363, 2849, 363, 2928, 2849, 2928, 363, 2929, 2849, 2929, 2928, 2929, 299, 2930, 363, 2930, 2849, 2930, 311, 2930, 2850, 2930, 2929, 2930, 2847, 2932, 2926, 2932, 2851, 2926, 2851, 2932, 2927, 2932, 2852, 2932, 2926, 2931, 2851, 2931, 2931, 2932, 2853, 2928, 2928, 2932, 2853, 2932, 2928, 2933, 2853, 2933, 2932, 2933, 2849, 2934, 2928, 2934, 2853, 2934, 2929, 2934, 2854, 2934, 2933, 2934, 2855, 2930, 2930, 2934, 2855, 2934, 2930, 2935, 2855, 2935, 2934, 2935, 2851, 2936, 2857, 2932, 2932, 2936, 2857, 2936, 2931, 2936, 2856, 2936, 2932, 2937, 2857, 2937, 2936, 2937, 2853, 2938, 2932, 2938, 2857, 2938, 2933, 2938, 2858, 2938, 2937, 2938, 2859, 2934, 2934, 2938, 2859, 2938, 2934, 2939, 2859, 2939, 2938, 2939, 2855, 2940, 2934, 2940, 2859, 2940, 2935, 2940, 2860, 2940, 2939, 2940, 2857, 2942, 2936, 2942, 2861, 2936, 2861, 2942, 2937, 2942, 2862, 2942, 2936, 2941, 2861, 2941, 2941, 2942, 2863, 2938, 2938, 2942, 2863, 2942, 2938, 2943, 2863, 2943, 2942, 2943, 2859, 2944, 2938, 2944, 2863, 2944, 2939, 2944, 2864, 2944, 2943, 2944, 2865, 2940, 2940, 2944, 2865, 2944, 2940, 2945, 2865, 2945, 2944, 2945, 2861, 2946, 2867, 2942, 2942, 2946, 2867, 2946, 2941, 2946, 2866, 2946, 2942, 2947, 2867, 2947, 2946, 2947, 2863, 2948, 2942, 2948, 2867, 2948, 2943, 2948, 2868, 2948, 2947, 2948, 2869, 2944, 2944, 2948, 2869, 2948, 2944, 2949, 2869, 2949, 2948, 2949, 2865, 2950, 2944, 2950, 2869, 2950, 2945, 2950, 2870, 2950, 2949, 2950, 2867, 2952, 2946, 2952, 2871, 2946, 2871, 2952, 2947, 2952, 2872, 2952, 2946, 2951, 2871, 2951, 2951, 2952, 2873, 2948, 2948, 2952, 2873, 2952, 2948, 2953, 2873, 2953, 2952, 2953, 2869, 2954, 2948, 2954, 2873, 2954, 2949, 2954, 2874, 2954, 2953, 2954, 2875, 2950, 2950, 2954, 2875, 2954, 2950, 2955, 2875, 2955, 2954, 2955, 2871, 2956, 2877, 2952, 2952, 2956, 2877, 2956, 2951, 2956, 2876, 2956, 2952, 2957, 2877, 2957, 2956, 2957, 2873, 2958, 2952, 2958, 2877, 2958, 2953, 2958, 2878, 2958, 2957, 2958, 2879, 2954, 2954, 2958, 2879, 2958, 2954, 2959, 2879, 2959, 2958, 2959, 2875, 2960, 2954, 2960, 2879, 2960, 2955, 2960, 2880, 2960, 2959, 2960, 2877, 2962, 2956, 2962, 2881, 2956, 2881, 2962, 2957, 2962, 2882, 2962, 2956, 2961, 2881, 2961, 2961, 2962, 2883, 2958, 2958, 2962, 2883, 2962, 2958, 2963, 2883, 2963, 2962, 2963, 2879, 2964, 2958, 2964, 2883, 2964, 2959, 2964, 2884, 2964, 2963, 2964, 2885, 2960, 2960, 2964, 2885, 2964, 2960, 2965, 2885, 2965, 2964, 2965, 2881, 2966, 2887, 2962, 2962, 2966, 2887, 2966, 2961, 2966, 2886, 2966, 2962, 2967, 2887, 2967, 2966, 2967, 2883, 2968, 2962, 2968, 2887, 2968, 2963, 2968, 2888, 2968, 2967, 2968, 2889, 2964, 2964, 2968, 2889, 2968, 2964, 2969, 2889, 2969, 2968, 2969, 2885, 2970, 2964, 2970, 2889, 2970, 2965, 2970, 2890, 2970, 2969, 2970, 2887, 2972, 2966, 2972, 2891, 2966, 2891, 2972, 2967, 2972, 2892, 2972, 2966, 2971, 2891, 2971, 2971, 2972, 2893, 2968, 2968, 2972, 2893, 2972, 2968, 2973, 2893, 2973, 2972, 2973, 2889, 2974, 2968, 2974, 2893, 2974, 2969, 2974, 2894, 2974, 2973, 2974, 2895, 2970, 2970, 2974, 2895, 2974, 2970, 2975, 2895, 2975, 2974, 2975, 2891, 2976, 2897, 2972, 2972, 2976, 2897, 2976, 2971, 2976, 2896, 2976, 2972, 2977, 2897, 2977, 2976, 2977, 2893, 2978, 2972, 2978, 2897, 2978, 2973, 2978, 2898, 2978, 2977, 2978, 2899, 2974, 2974, 2978, 2899, 2978, 2974, 2979, 2899, 2979, 2978, 2979, 2895, 2980, 2974, 2980, 2899, 2980, 2975, 2980, 2900, 2980, 2979, 2980, 2897, 2982, 2976, 2982, 2901, 2976, 2901, 2982, 2977, 2982, 2902, 2982, 2976, 2981, 2901, 2981, 2981, 2982, 2903, 2978, 2978, 2982, 2903, 2982, 2978, 2983, 2903, 2983, 2982, 2983, 2899, 2984, 2978, 2984, 2903, 2984, 2979, 2984, 2904, 2984, 2983, 2984, 2905, 2980, 2980, 2984, 2905, 2984, 2980, 2985, 2905, 2985, 2984, 2985, 2901, 2986, 2907, 2982, 2982, 2986, 2907, 2986, 2981, 2986, 2906, 2986, 2982, 2987, 2907, 2987, 2986, 2987, 2903, 2988, 2982, 2988, 2907, 2988, 2983, 2988, 2908, 2988, 2987, 2988, 2909, 2984, 2984, 2988, 2909, 2988, 2984, 2989, 2909, 2989, 2988, 2989, 2905, 2990, 2984, 2990, 2909, 2990, 2985, 2990, 2910, 2990, 2989, 2990, 2907, 2992, 2986, 2992, 2911, 2986, 2911, 2992, 2987, 2992, 2912, 2992, 2986, 2991, 2911, 2991, 2991, 2992, 2913, 2988, 2988, 2992, 2913, 2992, 2988, 2993, 2913, 2993, 2992, 2993, 2909, 2994, 2988, 2994, 2913, 2994, 2989, 2994, 2914, 2994, 2993, 2994, 2915, 2990, 2990, 2994, 2915, 2994, 2990, 2995, 2915, 2995, 2994, 2995, 2911, 2996, 2917, 2992, 2992, 2996, 2917, 2996, 2991, 2996, 2916, 2996, 2992, 2997, 2917, 2997, 2996, 2997, 2913, 2998, 2992, 2998, 2917, 2998, 2993, 2998, 2918, 2998, 2997, 2998, 2919, 2994, 2994, 2998, 2919, 2998, 2994, 2999, 2919, 2999, 2998, 2999, 2915, 3000, 2994, 3000, 2919, 3000, 2995, 3000, 2920, 3000, 2999, 3000, 2917, 3002, 2996, 3002, 2921, 2996, 2921, 3002, 2997, 3002, 2922, 3002, 2996, 3001, 2921, 3001, 3001, 3002, 2923, 2998, 2998, 3002, 2923, 3002, 2998, 3003, 2923, 3003, 3002, 3003, 2919, 3004, 2998, 3004, 2923, 3004, 2999, 3004, 2924, 3004, 3003, 3004, 2925, 3000, 3000, 3004, 2925, 3004, 3000, 3005, 2925, 3005, 3004, 3005, 2603, 3006, 2684, 3006, 2683, 3006, 2604, 3006, 2684, 3007, 3006, 3007, 2683, 3007, 3006, 3009, 2683, 3009, 2603, 3009, 3007, 3009, 3006, 3008, 2603, 3008, 3008, 3009, 2603, 3010, 3009, 3010, 2683, 3010, 3008, 3010, 3009, 3011, 3010, 3011, 2683, 3011, 3010, 3013, 2683, 3013, 2603, 3013, 3011, 3013, 3010, 3012, 2603, 3012, 3012, 3013, 2603, 3014, 3013, 3014, 2683, 3014, 3012, 3014, 3013, 3015, 3014, 3015, 2683, 3015, 2682, 3014, 2682, 3015, 2602, 3014, 2605, 3017, 2605, 3006, 2684, 3017, 3006, 3017, 2685, 3017, 2605, 3016, 3006, 3016, 3016, 3017, 3007, 3017, 3006, 3018, 3017, 3018, 3009, 3017, 3009, 3018, 3016, 3018, 3008, 3018, 3017, 3019, 3018, 3019, 3009, 3019, 3018, 3021, 3010, 3018, 3009, 3021, 3010, 3021, 3019, 3021, 3018, 3020, 3010, 3020, 3020, 3021, 3011, 3021, 3010, 3022, 3021, 3022, 3013, 3021, 3013, 3022, 3020, 3022, 3012, 3022, 3021, 3023, 3022, 3023, 3013, 3023, 3022, 3025, 3014, 3022, 3013, 3025, 3014, 3025, 3023, 3025, 3022, 3024, 3014, 3024, 3024, 3025, 3015, 3025, 2601, 3014, 2601, 3025, 2682, 3025, 2601, 3024, 2681, 3025, 2684, 3026, 2763, 3026, 2683, 3026, 2764, 3026, 3007, 3026, 3009, 3026, 2763, 3009, 3026, 3027, 3009, 3027, 2763, 3027, 3009, 3028, 2763, 3028, 2683, 3028, 3027, 3028, 3011, 3028, 3013, 3028, 2763, 3013, 3028, 3029, 3013, 3029, 2763, 3029, 3013, 3030, 2763, 3030, 2683, 3030, 3029, 3030, 3015, 3030, 2682, 3030, 2762, 3030, 2765, 3017, 2765, 3026, 3017, 3026, 2765, 3031, 3017, 3031, 3026, 3031, 3017, 3032, 3026, 3032, 3009, 3032, 3031, 3032, 3019, 3032, 3027, 3032, 3021, 3032, 3028, 3032, 3021, 3028, 3032, 3033, 3021, 3033, 3028, 3033, 3021, 3034, 3028, 3034, 3013, 3034, 3033, 3034, 3023, 3034, 3029, 3034, 3025, 3034, 3030, 3034, 3025, 3030, 3034, 3035, 3025, 3035, 3030, 3035, 2761, 3025, 2761, 3030, 2761, 3035, 2844, 3026, 2843, 3026, 2844, 3036, 3026, 3036, 2843, 3036, 3026, 3037, 2843, 3037, 2763, 3037, 3036, 3037, 3027, 3037, 3028, 3037, 2843, 3028, 3037, 3038, 3028, 3038, 2843, 3038, 3028, 3039, 2843, 3039, 2763, 3039, 3038, 3039, 3029, 3039, 3030, 3039, 2843, 3030, 3039, 3040, 3030, 3040, 2843, 3040, 2842, 3030, 2842, 3040, 2765, 3041, 2844, 3041, 3026, 3041, 2845, 3041, 3031, 3041, 3036, 3041, 3032, 3041, 3037, 3041, 3032, 3037, 3041, 3042, 3032, 3042, 3037, 3042, 3032, 3043, 3037, 3043, 3028, 3043, 3042, 3043, 3033, 3043, 3038, 3043, 3034, 3043, 3039, 3043, 3034, 3039, 3043, 3044, 3034, 3044, 3039, 3044, 3034, 3045, 3039, 3045, 3030, 3045, 3044, 3045, 3035, 3045, 3040, 3045, 2761, 3045, 2842, 3045, 2841, 3045, 2844, 3046, 2923, 3046, 2843, 3046, 2924, 3046, 3036, 3046, 3037, 3046, 2923, 3037, 3046, 3047, 3037, 3047, 2923, 3047, 3037, 3048, 2923, 3048, 2843, 3048, 3047, 3048, 3038, 3048, 3039, 3048, 2923, 3039, 3048, 3049, 3039, 3049, 2923, 3049, 3039, 3050, 2923, 3050, 2843, 3050, 3049, 3050, 3040, 3050, 2842, 3050, 2922, 3050, 2925, 3041, 2925, 3046, 3041, 3046, 2925, 3051, 3041, 3051, 3046, 3051, 3041, 3052, 3046, 3052, 3037, 3052, 3051, 3052, 3042, 3052, 3047, 3052, 3043, 3052, 3048, 3052, 3043, 3048, 3052, 3053, 3043, 3053, 3048, 3053, 3043, 3054, 3048, 3054, 3039, 3054, 3053, 3054, 3044, 3054, 3049, 3054, 3045, 3054, 3050, 3054, 3045, 3050, 3054, 3055, 3045, 3055, 3050, 3055, 2921, 3045, 2921, 3050, 2921, 3055, 3004, 3046, 3003, 3046, 3004, 3056, 3046, 3056, 3003, 3056, 3046, 3057, 3003, 3057, 2923, 3057, 3056, 3057, 3047, 3057, 3048, 3057, 3003, 3048, 3057, 3058, 3048, 3058, 3003, 3058, 3048, 3059, 3003, 3059, 2923, 3059, 3058, 3059, 3049, 3059, 3050, 3059, 3003, 3050, 3059, 3060, 3050, 3060, 3003, 3060, 3002, 3050, 3002, 3060, 2925, 3061, 3004, 3061, 3046, 3061, 3005, 3061, 3051, 3061, 3056, 3061, 3052, 3061, 3057, 3061, 3052, 3057, 3061, 3062, 3052, 3062, 3057, 3062, 3052, 3063, 3057, 3063, 3048, 3063, 3062, 3063, 3053, 3063, 3058, 3063, 3054, 3063, 3059, 3063, 3054, 3059, 3063, 3064, 3054, 3064, 3059, 3064, 3054, 3065, 3059, 3065, 3050, 3065, 3064, 3065, 3055, 3065, 3060, 3065, 2921, 3065, 3002, 3065, 3001, 3065]
            double[] spring_rest_direction = [0, 0, 0, 0, 0, 0, 0, 0, 0, 0, 0, 0, 0, 0, 0, 0, 0, 0, 0, 0, 0, 0, 0, 0, 0, 0, 0, 0, 0, 0, 0, 0, 0, 0, 0, 0, 0, 0, 0, 0, 0, 0, 0, 0, 0, 0, 0, 0, 0, 0, 0, 0, 0, 0, 0, 0, 0, 0, 0, 0, 0, 0, 0, 0, 0, 0, 0, 0, 0, 0, 0, 0, 0, 0, 0, 0, 0, 0, 0, 0, 0, 0, 0, 0, 0, 0, 0, 0, 0, 0, 0, 0, 0, 0, 0, 0, 0, 0, 0, 0, 0, 0, 0, 0, 0, 0, 0, 0, 0, 0, 0, 0, 0, 0, 0, 0, 0, 0, 0, 0, 0, 0, 0, 0, 0, 0, 0, 0, 0, 0, 0, 0, 0, 0, 0, 0, 0, 0, 0, 0, 0, 0, 0, 0, 0, 0, 0, 0, 0, 0, 0, 0, 0, 0, 0, 0, 0, 0, 0, 0, 0, 0, 0, 0, 0, 0, 0, 0, 0, 0, 0, 0, 0, 0, 0, 0, 0, 0, 0, 0, 0, 0, 0, 0, 0, 0, 0, 0, 0, 0, 0, 0, 0, 0, 0, 0, 0, 0, 0, 0, 0, 0, 0, 0, 0, 0, 0, 0, 0, 0, 0, 0, 0, 0, 0, 0, 0, 0, 0, 0, 0, 0, 0, 0, 0, 0, 0, 0, 0, 0, 0, 0, 0, 0, 0, 0, 0, 0, 0, 0, 0, 0, 0, 0, 0, 0, 0, 0, 0, 0, 0, 0, 0, 0, 0, 0, 0, 0, 0, 0, 0, 0, 0, 0, 0, 0, 0, 0, 0, 0, 0, 0, 0, 0, 0, 0, 0, 0, 0, 0, 0, 0, 0, 0, 0, 0, 0, 0, 0, 0, 0, 0, 0, 0, 0, 0, 0, 0, 0, 0, 0, 0, 0, 0, 0, 0, 0, 0, 0, 0, 0, 0, 0, 0, 0, 0, 0, 0, 0, 0, 0, 0, 0, 0, 0, 0, 0, 0, 0, 0, 0, 0, 0, 0, 0, 0, 0, 0, 0, 0, 0, 0, 0, 0, 0, 0, 0, 0, 0, 0, 0, 0, 0, 0, 0, 0, 0, 0, 0, 0, 0, 0, 0, 0, 0, 0, 0, 0, 0, 0, 0, 0, 0, 0, 0, 0, 0, 0, 0, 0, 0, 0, 0, 0, 0, 0, 0, 0, 0, 0, 0, 0, 0, 0, 0, 0, 0, 0, 0, 0, 0, 0, 0, 0, 0, 0, 0, 0, 0, 0, 0, 0, 0, 0, 0, 0, 0, 0, 0, 0, 0, 0, 0, 0, 0, 0, 0, 0, 0, 0, 0, 0, 0, 0, 0, 0, 0, 0, 0, 0, 0, 0, 0, 0, 0, 0, 0, 0, 0, 0, 0, 0, 0, 0, 0, 0, 0, 0, 0, 0, 0, 0, 0, 0, 0, 0, 0, 0, 0, 0, 0, 0, 0, 0, 0, 0, 0, 0, 0, 0, 0, 0, 0, 0, 0, 0, 0, 0, 0, 0, 0, 0, 0, 0, 0, 0, 0, 0, 0, 0, 0, 0, 0, 0, 0, 0, 0, 0, 0, 0, 0, 0, 0, 0, 0, 0, 0, 0, 0, 0, 0, 0, 0, 0, 0, 0, 0, 0, 0, 0, 0, 0, 0, 0, 0, 0, 0, 0, 0, 0, 0, 0, 0, 0, 0, 0, 0, 0, 0, 0, 0, 0, 0, 0, 0, 0, 0, 0, 0, 0, 0, 0, 0, 0, 0, 0, 0, 0, 0, 0, 0, 0, 0, 0, 0, 0, 0, 0, 0, 0, 0, 0, 0, 0, 0, 0, 0, 0, 0, 0, 0, 0, 0, 0, 0, 0, 0, 0, 0, 0, 0, 0, 0, 0, 0, 0, 0, 0, 0, 0, 0, 0, 0, 0, 0, 0, 0, 0, 0, 0, 0, 0, 0, 0, 0, 0, 0, 0, 0, 0, 0, 0, 0, 0, 0, 0, 0, 0, 0, 0, 0, 0, 0, 0, 0, 0, 0, 0, 0, 0, 0, 0, 0, 0, 0, 0, 0, 0, 0, 0, 0, 0, 0, 0, 0, 0, 0, 0, 0, 0, 0, 0, 0, 0, 0, 0, 0, 0, 0, 0, 0, 0, 0, 0, 0, 0, 0, 0, 0, 0, 0, 0, 0, 0, 0, 0, 0, 0, 0, 0, 0, 0, 0, 0, 0, 0, 0, 0, 0, 0, 0, 0, 0, 0, 0, 0, 0, 0, 0, 0, 0, 0, 0, 0, 0, 0, 0, 0, 0, 0, 0, 0, 0, 0, 0, 0, 0, 0, 0, 0, 0, -1, 0, 0, 0, 0, 0, 0, 0, 0, 0, 0, 0, 0, 0, 0, 0, 0, 0, 0, 0, 0, -1, 0, 0, 0, 0, 0, 0, 0, 0, 0, 0, 0, 0, 0, 0, 0, 0, 0, -1, 0, 0, 0, 0, 0, 0, 0, 0, 0, 0, 0, 0, 0, 0, 0, 0, 0, -1, 0, 0, 0, 0, 0, 0, 0, 0, 0, 0, 0, 0, 0, 0, 0, 0, 0, 0, 0, 0, 0, 0, 0, 0, 0, 0, 0, 0, 0, 0, 0, 0, 0, 0, 0, 0, 0, 0, 0, 0, 0, 0, 0, 0, 0, 0, 0, 0, 0, 0, 0, 0, 0, 0, 0, 0, 0, 0, 0, 0, 0, 0, 0, 0, 0, 0, 0, 0, 0, 0, 0, 0, 0, 0, 0, 0, 0, 0, 0, 0, 0, 0, 0, 0, 0, 0, 0, 0, 0, 0, 0, 0, 0, 0, 0, 0, 0, 0, 0, 0, 0, 0, 0, 0, 0, 0, 0, 0, 0, 0, 0, 0, 0, 0, 0, 0, 0, 0, 0, 0, 0, 0, 0, 0, 0, 0, 0, 0, 0, 0, 0, 0, 0, 0, 0, 0, 0, 0, 0, 0, 0, 0, 0, 0, 0, 0, 0, 0, 0, 0, 0, 0, 0, 0, 0, 0, 0, 0, 0, 0, 0, 0, 0, 0, 0, 0, 0, 0, 0, 0, 0, 0, 0, 0, 0, 0, 0, 0, 0, -1, 0, 0, 0, 0, 0, 0, 0, 0, 0, 0, 0, 0, 0, 0, 0, 0, 0, -1, 0, 0, 0, 0, 0, 0, 0, 0, 0, 0, 0, 0, 0, 0, 0, 0, 0, -1, 0, 0, 0, 0, 0, 0, 0, 0, 0, 0, 0, 0, 0, 0, 0, 0, 0, -1, 0, 0, 0, 0, 0, 0, 0, 0, 0, 0, 0, 0, 0, 0, 0, 0, 0, 0, 0, 0, 0, 0, 0, 0, 0, 0, 0, 0, 0, 0, 0, 0, 0, 0, 0, 0, 0, 0, 0, 0, 0, 0, 0, 0, 0, 0, 0, 0, 0, 0, 0, 0, 0, 0, 0, 0, 0, 0, 0, 0, 0, 0, 0, 0, 0, 0, 0, 0, 0, 0, 0, 0, 0, 0, 0, 0, 0, 0, 0, 0, 0, 0, 0, 0, 0, 0, 0, 0, 0, 0, 0, 0, 0, 0, 0, 0, 0, 0, 0, 0, 0, 0, 0, 0, 0, 0, 0, 0, 0, 0, 0, 0, 0, 0, 0, 0, 0, 0, 0, 0, 0, 0, 0, 0, 0, 0, 0, 0, 0, 0, 0, 0, 0, 0, 0, 0, 0, 0, 0, 0, 0, 0, 0, 0, 0, 0, 0, 0, 0, 0, 0, 0, 0, 0, 0, 0, 0, 0, 0, 0, 0, 0, 0, 0, 0, 0, 0, 0, 0, 0, 0, 0, 0, 0, 0, 0, 0, 0, 0, 0, 0, 0, 0, 0, 0, 0, 0, 0, 0, 0, 0, 0, 0, 0, 0, 0, 0, -1, 0, 0, 0, 0, 0, 0, 0, 0, 0, 0, 0, 0, 0, 0, 0, 0, 0, -1, 0, 0, 0, 0, 0, 0, 0, 0, 0, 0, 0, 0, 0, 0, 0, 0, 0, 0, 0, 0, 0, 0, 0, 0, 0, 0, 0, 0, 0, 0, 0, 0, 0, 0, 0, 0, 0, 0, 0, 0, 0, 0, 0, 0, 0, 0, 0, 0, 0, 0, 0, 0, 0, 0, 0, 0, 0, 0, 0, 0, 0, 0, 0, 0, 0, 0, 0, 0, 0, 0, 0, 0, 0, 0, 0, 0, 0, 0, 0, 0, 0, 0, 0, 0, 0, 0, 0, 0, 0, 0, 0, 0, 0, 0, 0, 0, 0, 0, 0, 0, 0, 0, 0, 0, 0, 0, 0, 0, 0, 0, 0, 0, 0, 0, 0, 0, 0, 0, 0, 0, 0, 0, 0, 0, 0, 0, 0, 0, 0, 0, 0, 0, 0, 0, 0, 0, 0, 0, 0, 0, 0, 0, 0, 0, 0, 0, 0, 0, 0, 0, 0, 0, 0, 0, 0, 0, 0, 0, 0, 0, 0, 0, 0, 0, 0, 0, 0, 0, 0, 0, 0, 0, 0, 0, 0, 0, 0, 0, 0, 0, 0, 0, 0, 0, 0, 0, 0, 0, 0, 0, 0, 0, 0, 0, 0, 0, 0, 0, 0, 0, 0, 0, 0, 0, 0, 0, 0, 0, 0, 0, 0, 0, 0, 0, 0, 0, 0, 0, 0, 0, 0, 0, 0, 0, 0, 0, 0, 0, 0, 0, 0, 0, 0, 0, 0, 0, 0, 0, 0, 0, 0, 0, 0, 0, 0, 0, 0, 0, 0, 0, 0, 0, 0, 0, 0, 0, 0, 0, 0, 0, 0, 0, 0, 0, 0, 0, 0, 0, 0, 0, 0, 0, 0, 0, 0, 0, 0, 0, 0, 0, 0, 0, 0, 0, 0, 0, 0, 0, 0, 0, 0, 0, 0, 0, 0, 0, 0, 0, 0, 0, 0, 0, 0, 0, 0, 0, 0, 0, 0, 0, 0, 0, 0, 0, 0, 0, 0, 0, 0, 0, 0, 0, 0, 0, 0, 0, 0, 0, 0, 0, 0, 0, 0, 0, 0, 0, 0, 0, 0, 0, 0, 0, 0, 0, 0, 0, 0, 0, 0, 0, 0, 0, 0, 0, 0, 0, 0, 0, 0, 0, 0, 0, 0, 0, 0, 0, 0, 0, 0, 0, 0, 0, 0, 0, 0, 0, 0, 0, 0, 0, 0, 0, 0, 0, 0, 0, 0, 0, 0, 0, 0, 0, 0, 0, 0, 0, 0, 0, 0, 0, 0, 0, 0, 0, 0, 0, 0, 0, 0, 0, 0, 0, 0, 0, 0, 0, 0, 0, 0, 0, 0, 0, 0, 0, 0, 0, 0, 0, 0, 0, 0, 0, 0, 0, 0, 0, 0, 0, 0, 0, 0, 0, 0, 0, 0, 0, 0, 0, 0, 0, 0, 0, 0, 0, 0, 0, 0, 0, 0, 0, 0, 0, 0, 0, 0, 0, 0, 0, 0, 0, 0, 0, 0, 0, 0, 0, 0, 0, 0, 0, 0, 0, 0, 0, 0, 0, 0, 0, 0, 0, 0, 0, 0, 0, 0, 0, 0, 0, 0, 0, 0, 0, 0, 0, 0, 0, 0, 0, 0, 0, 0, 0, 0, 0, 0, 0, 0, 0, 0, 0, 0, 0, 0, 0, 0, 0, 0, 0, 0, 0, 0, 0, 0, 0, 0, 0, 0, 0, 0, 0, 0, 0, 0, 0, 0, 0, 0, 0, 0, 0, 0, 0, 0, 0, 0, 0, 0, 0, 0, 0, 0, 0, 0, 0, 0, 0, 0, 0, 0, 0, 0, 0, 0, 0, 0, 0, 0, 0, 0, 0, 0, 0, 0, 0, 0, 0, 0, 0, 0, 0, 0, 0, 0, 0, 0, 0, 0, 0, 0, 0, 0, 0, 0, 0, 0, 0, 0, 0, 0, 0, 0, 0, 0, 0, 0, 0, 0, 0, 0, 0, 0, 0, 0, 0, 0, 0, 0, 0, 0, 0, 0, 0, 0, 0, 0, 0, 0, 0, 0, 0, 0, 0, 0, 0, 0, 0, 0, 0, 0, 0, 0, 0, 0, 0, 0, 0, 0, 0, 0, 0, 0, 0, 0, 0, 0, 0, 0, 0, 0, 0, 0, -0.3090169131755829, -0.9510565400123596, 0, 0, 0, 0, 0, 0, 0, 0, 0, 0, 0, 0, 0, 0, 0, 0, -0.3090170621871948, -0.9510564804077148, 0, 0, 0, 0, 0, 0, 0, 0, 0, 0, 0, 0, 0, 0, 0, 0, -0.3090169131755829, -0.9510565400123596, 0, 0, 0, 0, 0, 0, 0, 0, 0, 0, 0, 0, 0, 0, 0, 0, -0.3090169131755829, -0.9510565400123596, 0, 0, 0, 0, 0, 0, 0, 0, 0, 0, 0, 0, 0, 0, 0, 0, 0, 0, 0, 0, 0, 0, 0, 0, 0, 0, 0, 0, 0, 0, 0, 0, 0, 0, 0, 0, 0, 0, 0, 0, 0, 0, 0, 0, 0, 0, 0, 0, 0, 0, 0, 0, 0, 0, 0, 0, 0, 0, 0, 0, 0, 0, 0, 0, 0, 0, 0, 0, 0, 0, 0, 0, 0, 0, 0, 0, 0, 0, 0, 0, 0, 0, 0, 0, 0, 0, 0, 0, 0, 0, 0, 0, 0, 0, 0, 0, 0, 0, 0, 0, 0, 0, 0, 0, 0, 0, 0, 0, 0, 0, 0, 0, 0, 0, 0, 0, 0, 0, 0, 0, 0, 0, 0, 0, 0, 0, 0, 0, 0, 0, 0, 0, 0, 0, 0, 0, 0, 0, 0, 0, 0, 0, 0, 0, 0, 0, 0, 0, -0.3090169131755829, -0.9510565400123596, 0, 0, 0, 0, 0, 0, 0, 0, 0, 0, 0, 0, 0, 0, 0, 0, -0.3090170621871948, -0.9510564804077148, 0, 0, 0, 0, 0, 0, 0, 0, 0, 0, 0, 0, 0, 0, 0, 0, -0.3090169131755829, -0.9510565400123596, 0, 0, 0, 0, 0, 0, 0, 0, 0, 0, 0, 0, 0, 0, 0, 0, -0.3090169131755829, -0.9510565400123596, 0, 0, 0, 0, 0, 0, 0, 0, 0, 0, 0, 0, 0, 0, 0, 0, 0, 0, 0, 0, 0, 0, 0, 0, 0, 0, 0, 0, 0, 0, 0, 0, 0, 0, 0, 0, 0, 0, 0, 0, 0, 0, 0, 0, 0, 0, 0, 0, 0, 0, 0, 0, 0, 0, 0, 0, 0, 0, 0, 0, 0, 0, 0, 0, 0, 0, 0, 0, 0, 0, 0, 0, 0, 0, 0, 0, 0, 0, 0, 0, 0, 0, 0, 0, 0, 0, 0, 0, 0, 0, 0, 0, 0, 0, 0, 0, 0, 0, 0, 0, 0, 0, 0, 0, 0, 0, 0, 0, 0, 0, 0, 0, 0, 0, 0, 0, 0, 0, 0, 0, 0, 0, 0, 0, 0, 0, 0, 0, 0, 0, 0, 0, 0, 0, 0, 0, 0, 0, 0, 0, 0, 0, 0, 0, 0, 0, 0, 0, 0, 0, 0, 0, 0, 0, 0, 0, 0, 0, 0, 0, 0, 0, 0, 0, 0, 0, -0.3090170621871948, -0.9510564804077148, 0, 0, 0, 0, 0, 0, 0, 0, 0, 0, 0, 0, 0, 0, 0, 0, -0.3090169131755829, -0.9510565400123596, 0, 0, 0, 0, 0, 0, 0, 0, 0, 0, 0, 0, 0, 0, 0, 0, 0, 0, 0, 0, 0, 0, 0, 0, 0, 0, 0, 0, 0, 0, 0, 0, 0, 0, 0, 0, 0, 0, 0, 0, 0, 0, 0, 0, 0, 0, 0, 0, 0, 0, 0, 0, 0, 0, 0, 0, 0, 0, 0, 0, 0, 0, 0, 0, 0, 0, 0, 0, 0, 0, 0, 0, 0, 0, 0, 0, 0, 0, 0, 0, 0, 0, 0, 0, 0, 0, 0, 0, 0, 0, 0, 0, 0, 0, 0, 0, 0, 0, 0, 0, 0, 0, 0, 0, 0, 0, 0, 0, 0, 0, 0, 0, 0, 0, 0, 0, 0, 0, 0, 0, 0, 0, 0, 0, 0, 0, 0, 0, 0, 0, 0, 0, 0, 0, 0, 0, 0, 0, 0, 0, 0, 0, 0, 0, 0, 0, 0, 0, 0, 0, 0, 0, 0, 0, 0, 0, 0, 0, 0, 0, 0, 0, 0, 0, 0, 0, 0, 0, 0, 0, 0, 0, 0, 0, 0, 0, 0, 0, 0, 0, 0, 0, 0, 0, 0, 0, 0, 0, 0, 0, 0, 0, 0, 0, 0, 0, 0, 0, 0, 0, 0, 0, 0, 0, 0, 0, 0, 0, 0, 0, 0, 0, 0, 0, 0, 0, 0, 0, 0, 0, 0, 0, 0, 0, 0, 0, 0, 0, 0, 0, 0, 0, 0, 0, 0, 0, 0, 0, 0, 0, 0, 0, 0, 0, 0, 0, 0, 0, 0, 0, 0, 0, 0, 0, 0, 0, 0, 0, 0, 0, 0, 0, 0, 0, 0, 0, 0, 0, 0, 0, 0, 0, 0, 0, 0, 0, 0, 0, 0, 0, 0, 0, 0, 0, 0, 0, 0, 0, 0, 0, 0, 0, 0, 0, 0, 0, 0, 0, 0, 0, 0, 0, 0, 0, 0, 0, 0, 0, 0, 0, 0, 0, 0, 0, 0, 0, 0, 0, 0, 0, 0, 0, 0, 0, 0, 0, 0, 0, 0, 0, 0, 0, 0, 0, 0, 0, 0, 0, 0, 0, 0, 0, 0, 0, 0, 0, 0, 0, 0, 0, 0, 0, 0, 0, 0, 0, 0, 0, 0, 0, 0, 0, 0, 0, 0, 0, 0, 0, 0, 0, 0, 0, 0, 0, 0, 0, 0, 0, 0, 0, 0, 0, 0, 0, 0, 0, 0, 0, 0, 0, 0, 0, 0, 0, 0, 0, 0, 0, 0, 0, 0, 0, 0, 0, 0, 0, 0, 0, 0, 0, 0, 0, 0, 0, 0, 0, 0, 0, 0, 0, 0, 0, 0, 0, 0, 0, 0, 0, 0, 0, 0, 0, 0, 0, 0, 0, 0, 0, 0, 0, 0, 0, 0, 0, 0, 0, 0, 0, 0, 0, 0, 0, 0, 0, 0, 0, 0, 0, 0, 0, 0, 0, 0, 0, 0, 0, 0, 0, 0, 0, 0, 0, 0, 0, 0, 0, 0, 0, 0, 0, 0, 0, 0, 0, 0, 0, 0, 0, 0, 0, 0, 0, 0, 0, 0, 0, 0, 0, 0, 0, 0, 0, 0, 0, 0, 0, 0, 0, 0, 0, 0, 0, 0, 0, 0, 0, 0, 0, 0, 0, 0, 0, 0, 0, 0, 0, 0, 0, 0, 0, 0, 0, 0, 0, 0, 0, 0, 0, 0, 0, 0, 0, 0, 0, 0, 0, 0, 0, 0, 0, 0, 0, 0, 0, 0, 0, 0, 0, 0, 0, 0, 0, 0, 0, 0, 0, 0, 0, 0, 0, 0, 0, 0, 0, 0, 0, 0, 0, 0, 0, 0, 0, 0, 0, 0, 0, 0, 0, 0, 0, 0, 0, 0, 0, 0, 0, 0, 0, 0, 0, 0, 0, 0, 0, 0, 0, 0, 0, 0, 0, 0, 0, 0, 0, 0, 0, 0, 0, 0, 0, 0, 0, 0, 0, 0, 0, 0, 0, 0, 0, 0, 0, 0, 0, 0, 0, 0, 0, 0, 0, 0, 0, 0, 0, 0, 0, 0, 0, 0, 0, 0, 0, 0, 0, 0, 0, 0, 0, 0, 0, 0, 0, 0, 0, 0, 0, 0, 0, 0, 0, 0.8090169429779053, -0.5877853035926819, 0, 0, 0, 0, 0, 0, 0, 0, 0, 0, 0, 0, 0, 0, 0, 0, 0.80901700258255, -0.5877852439880371, 0, 0, 0, 0, 0, 0, 0, 0, 0, 0, 0, 0, 0, 0, 0, 0, 0.80901700258255, -0.5877852439880371, 0, 0, 0, 0, 0, 0, 0, 0, 0, 0, 0, 0, 0, 0, 0, 0, 0.8090170621871948, -0.5877851247787476, 0, 0, 0, 0, 0, 0, 0, 0, 0, 0, 0, 0, 0, 0, 0, 0, 0, 0, 0, 0, 0, 0, 0, 0, 0, 0, 0, 0, 0, 0, 0, 0, 0, 0, 0, 0, 0, 0, 0, 0, 0, 0, 0, 0, 0, 0, 0, 0, 0, 0, 0, 0, 0, 0, 0, 0, 0, 0, 0, 0, 0, 0, 0, 0, 0, 0, 0, 0, 0, 0, 0, 0, 0, 0, 0, 0, 0, 0, 0, 0, 0, 0, 0, 0, 0, 0, 0, 0, 0, 0, 0, 0, 0, 0, 0, 0, 0, 0, 0, 0, 0, 0, 0, 0, 0, 0, 0, 0, 0, 0, 0, 0, 0, 0, 0, 0, 0, 0, 0, 0, 0, 0, 0, 0, 0, 0, 0, 0, 0, 0, 0, 0, 0, 0, 0, 0, 0, 0, 0, 0, 0, 0, 0, 0, 0, 0, 0, 0, 0.8090169429779053, -0.5877853035926819, 0, 0, 0, 0, 0, 0, 0, 0, 0, 0, 0, 0, 0, 0, 0, 0, 0.80901700258255, -0.5877852439880371, 0, 0, 0, 0, 0, 0, 0, 0, 0, 0, 0, 0, 0, 0, 0, 0, 0.80901700258255, -0.5877852439880371, 0, 0, 0, 0, 0, 0, 0, 0, 0, 0, 0, 0, 0, 0, 0, 0, 0.8090170621871948, -0.5877851247787476, 0, 0, 0, 0, 0, 0, 0, 0, 0, 0, 0, 0, 0, 0, 0, 0, 0, 0, 0, 0, 0, 0, 0, 0, 0, 0, 0, 0, 0, 0, 0, 0, 0, 0, 0, 0, 0, 0, 0, 0, 0, 0, 0, 0, 0, 0, 0, 0, 0, 0, 0, 0, 0, 0, 0, 0, 0, 0, 0, 0, 0, 0, 0, 0, 0, 0, 0, 0, 0, 0, 0, 0, 0, 0, 0, 0, 0, 0, 0, 0, 0, 0, 0, 0, 0, 0, 0, 0, 0, 0, 0, 0, 0, 0, 0, 0, 0, 0, 0, 0, 0, 0, 0, 0, 0, 0, 0, 0, 0, 0, 0, 0, 0, 0, 0, 0, 0, 0, 0, 0, 0, 0, 0, 0, 0, 0, 0, 0, 0, 0, 0, 0, 0, 0, 0, 0, 0, 0, 0, 0, 0, 0, 0, 0, 0, 0, 0, 0, 0, 0, 0, 0, 0, 0, 0, 0, 0, 0, 0, 0, 0, 0, 0, 0, 0, 0, 0.80901700258255, -0.5877852439880371, 0, 0, 0, 0, 0, 0, 0, 0, 0, 0, 0, 0, 0, 0, 0, 0, 0.80901700258255, -0.5877852439880371, 0, 0, 0, 0, 0, 0, 0, 0, 0, 0, 0, 0, 0, 0, 0, 0, 0, 0, 0, 0, 0, 0, 0, 0, 0, 0, 0, 0, 0, 0, 0, 0, 0, 0, 0, 0, 0, 0, 0, 0, 0, 0, 0, 0, 0, 0, 0, 0, 0, 0, 0, 0, 0, 0, 0, 0, 0, 0, 0, 0, 0, 0, 0, 0, 0, 0, 0, 0, 0, 0, 0, 0, 0, 0, 0, 0, 0, 0, 0, 0, 0, 0, 0, 0, 0, 0, 0, 0, 0, 0, 0, 0, 0, 0, 0, 0, 0, 0, 0, 0, 0, 0, 0, 0, 0, 0, 0, 0, 0, 0, 0, 0, 0, 0, 0, 0, 0, 0, 0, 0, 0, 0, 0, 0, 0, 0, 0, 0, 0, 0, 0, 0, 0, 0, 0, 0, 0, 0, 0, 0, 0, 0, 0, 0, 0, 0, 0, 0, 0, 0, 0, 0, 0, 0, 0, 0, 0, 0, 0, 0, 0, 0, 0, 0, 0, 0, 0, 0, 0, 0, 0, 0, 0, 0, 0, 0, 0, 0, 0, 0, 0, 0, 0, 0, 0, 0, 0, 0, 0, 0, 0, 0, 0, 0, 0, 0, 0, 0, 0, 0, 0, 0, 0, 0, 0, 0, 0, 0, 0, 0, 0, 0, 0, 0, 0, 0, 0, 0, 0, 0, 0, 0, 0, 0, 0, 0, 0, 0, 0, 0, 0, 0, 0, 0, 0, 0, 0, 0, 0, 0, 0, 0, 0, 0, 0, 0, 0, 0, 0, 0, 0, 0, 0, 0, 0, 0, 0, 0, 0, 0, 0, 0, 0, 0, 0, 0, 0, 0, 0, 0, 0, 0, 0, 0, 0, 0, 0, 0, 0, 0, 0, 0, 0, 0, 0, 0, 0, 0, 0, 0, 0, 0, 0, 0, 0, 0, 0, 0, 0, 0, 0, 0, 0, 0, 0, 0, 0, 0, 0, 0, 0, 0, 0, 0, 0, 0, 0, 0, 0, 0, 0, 0, 0, 0, 0, 0, 0, 0, 0, 0, 0, 0, 0, 0, 0, 0, 0, 0, 0, 0, 0, 0, 0, 0, 0, 0, 0, 0, 0, 0, 0, 0, 0, 0, 0, 0, 0, 0, 0, 0, 0, 0, 0, 0, 0, 0, 0, 0, 0, 0, 0, 0, 0, 0, 0, 0, 0, 0, 0, 0, 0, 0, 0, 0, 0, 0, 0, 0, 0, 0, 0, 0, 0, 0, 0, 0, 0, 0, 0, 0, 0, 0, 0, 0, 0, 0, 0, 0, 0, 0, 0, 0, 0, 0, 0, 0, 0, 0, 0, 0, 0, 0, 0, 0, 0, 0, 0, 0, 0, 0, 0, 0, 0, 0, 0, 0, 0, 0, 0, 0, 0, 0, 0, 0, 0, 0, 0, 0, 0, 0, 0, 0, 0, 0, 0, 0, 0, 0, 0, 0, 0, 0, 0, 0, 0, 0, 0, 0, 0, 0, 0, 0, 0, 0, 0, 0, 0, 0, 0, 0, 0, 0, 0, 0, 0, 0, 0, 0, 0, 0, 0, 0, 0, 0, 0, 0, 0, 0, 0, 0, 0, 0, 0, 0, 0, 0, 0, 0, 0, 0, 0, 0, 0, 0, 0, 0, 0, 0, 0, 0, 0, 0, 0, 0, 0, 0, 0, 0, 0, 0, 0, 0, 0, 0, 0, 0, 0, 0, 0, 0, 0, 0, 0, 0, 0, 0, 0, 0, 0, 0, 0, 0, 0, 0, 0, 0, 0, 0, 0, 0, 0, 0, 0, 0, 0, 0, 0, 0, 0, 0, 0, 0, 0, 0, 0, 0, 0, 0, 0, 0, 0, 0, 0, 0, 0, 0, 0, 0, 0, 0, 0, 0, 0, 0, 0, 0, 0, 0, 0, 0, 0, 0, 0, 0, 0, 0, 0, 0, 0, 0, 0, 0, 0, 0, 0, 0, 0, 0, 0, 0, 0, 0, 0, 0, 0, 0, 0, 0, 0, 0, 0, 0, 0, 0, 0, 0, 0, 0, 0, 0, 0, 0, 0, 0, 0, 0, 0, 0, 0, 0, 0, 0, 0, 0, 0, 0, 0, 0, 0, 0, 0, 0, 0, 0, 0, 0, 0, 0, 0, 0, 0.8090170621871948, 0.5877851247787476, 0, 0, 0, 0, 0, 0, 0, 0, 0, 0, 0, 0, 0, 0, 0, 0, 0.80901700258255, 0.5877852439880371, 0, 0, 0, 0, 0, 0, 0, 0, 0, 0, 0, 0, 0, 0, 0, 0, 0.80901700258255, 0.5877852439880371, 0, 0, 0, 0, 0, 0, 0, 0, 0, 0, 0, 0, 0, 0, 0, 0, 0.8090169429779053, 0.5877853035926819, 0, 0, 0, 0, 0, 0, 0, 0, 0, 0, 0, 0, 0, 0, 0, 0, 0, 0, 0, 0, 0, 0, 0, 0, 0, 0, 0, 0, 0, 0, 0, 0, 0, 0, 0, 0, 0, 0, 0, 0, 0, 0, 0, 0, 0, 0, 0, 0, 0, 0, 0, 0, 0, 0, 0, 0, 0, 0, 0, 0, 0, 0, 0, 0, 0, 0, 0, 0, 0, 0, 0, 0, 0, 0, 0, 0, 0, 0, 0, 0, 0, 0, 0, 0, 0, 0, 0, 0, 0, 0, 0, 0, 0, 0, 0, 0, 0, 0, 0, 0, 0, 0, 0, 0, 0, 0, 0, 0, 0, 0, 0, 0, 0, 0, 0, 0, 0, 0, 0, 0, 0, 0, 0, 0, 0, 0, 0, 0, 0, 0, 0, 0, 0, 0, 0, 0, 0, 0, 0, 0, 0, 0, 0, 0, 0, 0, 0, 0, 0.8090170621871948, 0.5877851247787476, 0, 0, 0, 0, 0, 0, 0, 0, 0, 0, 0, 0, 0, 0, 0, 0, 0.80901700258255, 0.5877852439880371, 0, 0, 0, 0, 0, 0, 0, 0, 0, 0, 0, 0, 0, 0, 0, 0, 0.80901700258255, 0.5877852439880371, 0, 0, 0, 0, 0, 0, 0, 0, 0, 0, 0, 0, 0, 0, 0, 0, 0.8090169429779053, 0.5877853035926819, 0, 0, 0, 0, 0, 0, 0, 0, 0, 0, 0, 0, 0, 0, 0, 0, 0, 0, 0, 0, 0, 0, 0, 0, 0, 0, 0, 0, 0, 0, 0, 0, 0, 0, 0, 0, 0, 0, 0, 0, 0, 0, 0, 0, 0, 0, 0, 0, 0, 0, 0, 0, 0, 0, 0, 0, 0, 0, 0, 0, 0, 0, 0, 0, 0, 0, 0, 0, 0, 0, 0, 0, 0, 0, 0, 0, 0, 0, 0, 0, 0, 0, 0, 0, 0, 0, 0, 0, 0, 0, 0, 0, 0, 0, 0, 0, 0, 0, 0, 0, 0, 0, 0, 0, 0, 0, 0, 0, 0, 0, 0, 0, 0, 0, 0, 0, 0, 0, 0, 0, 0, 0, 0, 0, 0, 0, 0, 0, 0, 0, 0, 0, 0, 0, 0, 0, 0, 0, 0, 0, 0, 0, 0, 0, 0, 0, 0, 0, 0, 0, 0, 0, 0, 0, 0, 0, 0, 0, 0, 0, 0, 0, 0, 0, 0, 0, 0.80901700258255, 0.5877852439880371, 0, 0, 0, 0, 0, 0, 0, 0, 0, 0, 0, 0, 0, 0, 0, 0, 0.80901700258255, 0.5877852439880371, 0, 0, 0, 0, 0, 0, 0, 0, 0, 0, 0, 0, 0, 0, 0, 0, 0, 0, 0, 0, 0, 0, 0, 0, 0, 0, 0, 0, 0, 0, 0, 0, 0, 0, 0, 0, 0, 0, 0, 0, 0, 0, 0, 0, 0, 0, 0, 0, 0, 0, 0, 0, 0, 0, 0, 0, 0, 0, 0, 0, 0, 0, 0, 0, 0, 0, 0, 0, 0, 0, 0, 0, 0, 0, 0, 0, 0, 0, 0, 0, 0, 0, 0, 0, 0, 0, 0, 0, 0, 0, 0, 0, 0, 0, 0, 0, 0, 0, 0, 0, 0, 0, 0, 0, 0, 0, 0, 0, 0, 0, 0, 0, 0, 0, 0, 0, 0, 0, 0, 0, 0, 0, 0, 0, 0, 0, 0, 0, 0, 0, 0, 0, 0, 0, 0, 0, 0, 0, 0, 0, 0, 0, 0, 0, 0, 0, 0, 0, 0, 0, 0, 0, 0, 0, 0, 0, 0, 0, 0, 0, 0, 0, 0, 0, 0, 0, 0, 0, 0, 0, 0, 0, 0, 0, 0, 0, 0, 0, 0, 0, 0, 0, 0, 0, 0, 0, 0, 0, 0, 0, 0, 0, 0, 0, 0, 0, 0, 0, 0, 0, 0, 0, 0, 0, 0, 0, 0, 0, 0, 0, 0, 0, 0, 0, 0, 0, 0, 0, 0, 0, 0, 0, 0, 0, 0, 0, 0, 0, 0, 0, 0, 0, 0, 0, 0, 0, 0, 0, 0, 0, 0, 0, 0, 0, 0, 0, 0, 0, 0, 0, 0, 0, 0, 0, 0, 0, 0, 0, 0, 0, 0, 0, 0, 0, 0, 0, 0, 0, 0, 0, 0, 0, 0, 0, 0, 0, 0, 0, 0, 0, 0, 0, 0, 0, 0, 0, 0, 0, 0, 0, 0, 0, 0, 0, 0, 0, 0, 0, 0, 0, 0, 0, 0, 0, 0, 0, 0, 0, 0, 0, 0, 0, 0, 0, 0, 0, 0, 0, 0, 0, 0, 0, 0, 0, 0, 0, 0, 0, 0, 0, 0, 0, 0, 0, 0, 0, 0, 0, 0, 0, 0, 0, 0, 0, 0, 0, 0, 0, 0, 0, 0, 0, 0, 0, 0, 0, 0, 0, 0, 0, 0, 0, 0, 0, 0, 0, 0, 0, 0, 0, 0, 0, 0, 0, 0, 0, 0, 0, 0, 0, 0, 0, 0, 0, 0, 0, 0, 0, 0, 0, 0, 0, 0, 0, 0, 0, 0, 0, 0, 0, 0, 0, 0, 0, 0, 0, 0, 0, 0, 0, 0, 0, 0, 0, 0, 0, 0, 0, 0, 0, 0, 0, 0, 0, 0, 0, 0, 0, 0, 0, 0, 0, 0, 0, 0, 0, 0, 0, 0, 0, 0, 0, 0, 0, 0, 0, 0, 0, 0, 0, 0, 0, 0, 0, 0, 0, 0, 0, 0, 0, 0, 0, 0, 0, 0, 0, 0, 0, 0, 0, 0, 0, 0, 0, 0, 0, 0, 0, 0, 0, 0, 0, 0, 0, 0, 0, 0, 0, 0, 0, 0, 0, 0, 0, 0, 0, 0, 0, 0, 0, 0, 0, 0, 0, 0, 0, 0, 0, 0, 0, 0, 0, 0, 0, 0, 0, 0, 0, 0, 0, 0, 0, 0, 0, 0, 0, 0, 0, 0, 0, 0, 0, 0, 0, 0, 0, 0, 0, 0, 0, 0, 0, 0, 0, 0, 0, 0, 0, 0, 0, 0, 0, 0, 0, 0, 0, 0, 0, 0, 0, 0, 0, 0, 0, 0, 0, 0, 0, 0, 0, 0, 0, 0, 0, 0, 0, 0, 0, 0, 0, 0, 0, 0, 0, 0, 0, 0, 0, 0, -0.3090169131755829, 0.9510565400123596, 0, 0, 0, 0, 0, 0, 0, 0, 0, 0, 0, 0, 0, 0, 0, 0, -0.3090169131755829, 0.9510565400123596, 0, 0, 0, 0, 0, 0, 0, 0, 0, 0, 0, 0, 0, 0, 0, 0, -0.3090170621871948, 0.9510564804077148, 0, 0, 0, 0, 0, 0, 0, 0, 0, 0, 0, 0, 0, 0.3090169131755829, -0.9510565400123596, 0, 0, 0, 0, 0, 0, 0, 0, 0, 0, 0, 0, 0, 0, 0, 0, 0, 0, 0, 0, 0, 0, 0, 0, 0, 0, 0, 0, 0, 0, 0, 0, 0, 0, 0, 0, 0, 0, 0, 0, 0, 0, 0, 0, 0, 0, 0, 0, 0, 0, 0, 0, 0, 0, 0, 0, 0, 0, 0, 0, 0, 0, 0, 0, 0, 0, 0, 0, 0, 0, 0, 0, 0, 0, 0, 0, 0, 0, 0, 0, 0, 0, 0, 0, 0, 0, 0, 0, 0, 0, 0, 0, 0, 0, 0, 0, 0, 0, 0, 0, 0, 0, 0, 0, 0, 0, 0, 0, 0, 0, 0, 0, 0, 0, 0, 0, 0, 0, 0, 0, 0, 0, 0, 0, -0.3090169131755829, 0.9510565400123596, 0, 0, 0, 0, 0, 0, 0, 0, 0, 0, 0, 0, 0, 0, 0, 0, -0.3090169131755829, 0.9510565400123596, 0, 0, 0, 0, 0, 0, 0, 0, 0, 0, 0, 0, 0, 0, 0, 0, -0.3090170621871948, 0.9510564804077148, 0, 0, 0, 0, 0, 0, 0, 0, 0, 0, 0, 0, 0, 0.3090169131755829, -0.9510565400123596, 0, 0, 0, 0, 0, 0, 0, 0, 0, 0, 0, 0, 0, 0, 0, 0, 0, 0, 0, 0, 0, 0, 0, 0, 0, 0, 0, 0, 0, 0, 0, 0, 0, 0, 0, 0, 0, 0, 0, 0, 0, 0, 0, 0, 0, 0, 0, 0, 0, 0, 0, 0, 0, 0, 0, 0, 0, 0, 0, 0, 0, 0, 0, 0, 0, 0, 0, 0, 0, 0, 0, 0, 0, 0, 0, 0, 0, 0, 0, 0, 0, 0, 0, 0, 0, 0, 0, 0, 0, 0, 0, 0, 0, 0, 0, 0, 0, 0, 0, 0, 0, 0, 0, 0, 0, 0, 0, 0, 0, 0, 0, 0, 0, 0, 0, 0, 0, 0, 0, 0, 0, 0, 0, 0, 0, 0, 0, 0, 0, 0, 0, 0, 0, 0, 0, 0, 0, 0, 0, 0, 0, 0, -0.3090169131755829, 0.9510565400123596, 0, 0, 0, 0, 0, 0, 0, 0, 0, 0, 0, 0, 0, 0, 0, 0, -0.3090170621871948, 0.9510564804077148, 0, 0, 0, 0, 0, 0, 0, 0, 0, 0, 0, 0, 0, 0, 0, 0, 0, 0, 0, 0, 0, 0, 0, 0, 0, 0, 0, 0, 0, 0, 0, 0, 0, 0, 0, 0, 0, 0, 0, 0, 0, 0, 0, 1, 0, 0, 0, 0, 0, 0, 0, 0, 0, 0, 0, 0, 0, 0, 0, 0, 0, 0, 0, 0, 0, 0, 0, 0, 0, 0, 0, 0, 0, 1, 0, 0, 0, 0, 0, 0, 0, 0, 0, 0, 0, 0, 0, 0, 0, 0, 0, 0, 0, 0, 0, 0, 0, 1, 0, 0, 0, 0, 0, 0, 0, 0, 0, 0, 0, 0, 0, 0, 0, 0, 0, 0, 0, 0, 0, 0, 0, 0, 0, 0, 0, 0, 0, 1, 0, 0, 0, 0, 0, 0, 0, 0, 0, 0, 0, 0, 0, 0, 0, 0, 0, 0, 0, 0, 0, 0, 0, 0, 0, 0, 0, 0, 0, 0, 0, 0, 1, 0, 0, 0, 0, 0, 0, 0, 0, 0, 0, 0, 0, 0, 0, 0, 0, 0, 0, 0, 0, 0, 0, 0, 0, 0, 0, 0, 0, 0, 1, 0, 0, 0, 0, 0, 0, 0, 0, 0, 0, 0, 0, 0, 0, 0, 0, 0, 0, 0, 0, 0, 0, 0, 0, 0, 0, 0, 0, 0, 1, 0, 0, 0, 0, 0, 0, 0, 0, 0, 0, 0, 0, 0, 0, 0, 0, 0, 0, 0, 0, 0, 0, 0, 1, 0, 0, 0, 0, 0, 0, 0, 0, 0, 0, 0, 0, 0, 0, 0, 0, 0, 0, 0, 0, 0, 0, 0, 0, 0, 0, 0, 0, 0, 0, 0, 0, 0, 0, 0, 0, 0, 0, 1, 0, 0, 0, 0, 0, 0, 0, 0, 0, 0, 0, 0, 0, 0, 0, 0, 0, 0, 0, 0, 0, 0, 0, 0, 0, 0, 0, 0, 0, 1, 0, 0, 0, 0, 0, 0, 0, 0, 0, 0, 0, 0, 0, 0, 0, 0, 0, 0, 0, 0, 0, 0, 0, 1, 0, 0, 0, 0, 0, 0, 0, 0, 0, 0, 0, 0, 0, 0, 0, 0, 0, 0, 0, 0, 0, 0, 0, 0, 0, 0, 0, 0, 0, 1, 0, 0, 0, 0, 0, 0, 0, 0, 0, 0, 0, 0, 0, 0, 0, 0, 0, 0, 0, 0, 0, 0, 0, 0, 0, 0, 0, 0, 0, 0, 0, 0, 1, 0, 0, 0, 0, 0, 0, 0, 0, 0, 0, 0, 0, 0, 0, 0, 0, 0, 0, 0, 0, 0, 0, 0, 0, 0, 0, 0, 0, 0, 1, 0, 0, 0, 0, 0, 0, 0, 0, 0, 0, 0, 0, 0, 0, 0, 0, 0, 0, 0, 0, 0, 0, 0, 0, 0, 0, 0, 0, 0, 1, 0, 0, 0, 0, 0, 0, 0, 0, 0, 0, 0, 0, 0, 0, 0, 0, 0, 0, 0, 0, 0, 0, 0, 1, 0, 0, 0, 0, 0, 0, 0, 0, 0, 0, 0, 0, 0, 0, 0, 0, 0, 0, 0, 0, 0, 0, 0, 0, 0, 0, 0, 0, 0, 0, 0, 0, 0, 0, 0, 0, 0, 0, 1, 0, 0, 0, 0, 0, 0, 0, 0, 0, 0, 0, 0, 0, 0, 0, 0, 0, 0, 0, 0, 0, 0, 0, 0, 0, 0, 0, 0, 0, 1, 0, 0, 0, 0, 0, 0, 0, 0, 0, 0, 0, 0, 0, 0, 0, 0, 0, 0, 0, 0, 0, 0, 0, 1, 0, 0, 0, 0, 0, 0, 0, 0, 0, 0, 0, 0, 0, 0, 0, 0, 0, 0, 0, 0, 0, 0, 0, 0, 0, 0, 0, 0, 0, 1, 0, 0, 0, 0, 0, 0, 0, 0, 0, 0, 0, 0, 0, 0, 0, 0, 0, 0, 0, 0, 0, 0, 0, 0, 0, 0, 0, 0, 0, 0, 0, 0, 1, 0, 0, 0, 0, 0, 0, 0, 0, 0, 0, 0, 0, 0, 0, 0, 0, 0, 0, 0, 0, 0, 0, 0, 0, 0, 0, 0, 0, 0, 1, 0, 0, 0, 0, 0, 0, 0, 0, 0, 0, 0, 0, 0, 0, 0, 0, 0, 0, 0, 0, 0, 0, 0, 0, 0, 0, 0, 0, 0, 1, 0, 0, 0, 0, 0, 0, 0, 0, 0, 0, 0, 0, 0, 0, 0, 0, 0, 0, 0, 0, 0, 0, 0, 1, 0, 0, 0, 0, 0, 0, 0, 0, 0, 0, 0, 0, 0, 0, 0, 0, 0, 0, 0, 0, 0, 0, 0, 0, 0, 0, 0, 0, 0, 0, 0, 0, 0, 0, 0, 0, 0, 0, 1, 0, 0, 0, 0, 0, 0, 0, 0, 0, 0, 0, 0, 0, 0, 0, 0, 0, 0, 0, 0, 0, 0, 0, 0, 0, 0, 0, 0, 0, 1, 0, 0, 0, 0, 0, 0, 0, 0, 0, 0, 0, 0, 0, 0, 0, 0, 0, 0, 0, 0, 0, 0, 0, 1, 0, 0, 0, 0, 0, 0, 0, 0, 0, 0, 0, 0, 0, 0, 0, 0, 0, 0, 0, 0, 0, 0, 0, 0, 0, 0, 0, 0, 0, 1, 0, 0, 0, 0, 0, 0, 0, 0, 0, 0, 0, 0, 0, 0, 0, 0, 0, 0, 0, 0, 0, 0, 0, 0, 0, 0, 0, 0, 0, 0, 0, 0, 1, 0, 0, 0, 0, 0, 0, 0, 0, 0, 0, 0, 0, 0, 0, 0, 0, 0, 0, 0, 0, 0, 0, 0, 0, 0, 0, 0, 0, 0, 1, 0, 0, 0, 0, 0, 0, 0, 0, 0, 0, 0, 0, 0, 0, 0, 0, 0, 0, 0, 0, 0, 0, 0, 0, 0, 0, 0, 0, 0, 1, 0, 0, 0, 0, 0, 0, 0, 0, 0, 0, 0, 0, 0, 0, 0, 0, 0, 0, 0, 0, 0, 0, 0, 1, 0, 0, 0, 0, 0, 0, 0, 0, 0, 0, 0, 0, 0, 0, 0, 0, 0, 0, 0, 0, 0, 0, 0, 0, 0, 0, 0, 0, 0, 0, 0, 0, 0, 0, 0, 0, 0, 0, 1, 0, 0, 0, 0, 0, 0, 0, 0, 0, 0, 0, 0, 0, 0, 0, 0, 0, 0, 0, 0, 0, 0, 0, 0, 0, 0, 0, 0, 0, 1, 0, 0, 0, 0, 0, 0, 0, 0, 0, 0, 0, 0, 0, 0, 0, 0, 0, 0, 0, 0, 0, 0, 0, 1, 0, 0, 0, 0, 0, 0, 0, 0, 0, 0, 0, 0, 0, 0, 0, 0, 0, 0, 0, 0, 0, 0, 0, 0, 0, 0, 0, 0, 0, 1, 0, 0, 0, 0, 0, 0, 0, 0, 0, 0, 0, 0, 0, 0, 0, 0, 0, 0, 0, 0, 0, 0, 0, 0, 0, 0, 0, 0, 0, 0, 0, 0, 1, 0, 0, 0, 0, 0, 0, 0, 0, 0, 0, 0, 0, 0, 0, 0, 0, 0, 0, 0, 0, 0, 0, 0, 0, 0, 0, 0, 0, 0, 1, 0, 0, 0, 0, 0, 0, 0, 0, 0, 0, 0, 0, 0, 0, 0, 0, 0, 0, 0, 0, 0, 0, 0, 0, 0, 0, 0, 0, 0, 1, 0, 0, 0, 0, 0, 0, 0, 0, 0, 0, 0, 0, 0, 0, 0, 0, 0, 0, 0, 0, 0, 0, 0, 1, 0, 0, 0, 0, 0, 0, 0, 0, 0, 0, 0, 0, 0, 0, 0, 0, 0, 0, 0, 0, 0, 0, 0, 0, 0, 0, 0, 0, 0, 0, 0, 0, 0, 0, 0, 0, 0, 0, 1, 0, 0, 0, 0, 0, 0, 0, 0, 0, 0, 0, 0, 0, 0, 0, 0, 0, 0, 0, 0, 0, 0, 0, 0, 0, 0, 0, 0, 0, 1, 0, 0, 0, 0, 0, 0, 0, 0, 0, 0, 0, 0, 0, 0, 0, 0, 0, 0, 0, 0, 0, 0, 0, 1, 0, 0, 0, 0, 0, 0, 0, 0, 0, 0, 0, 0, 0, 0, 0, 0, 0, 0, 0, 0, 0, 0, 0, 0, 0, 0, 0, 0, 0, 1, 0, 0, 0, 0, 0, 0, 0, 0, 0, 0, 0, 0, 0, 0, 0, 0, 0, 0, 0, 0, 0, 0, 0, 0, 0, 0, 0, 0, 0, 0, 0, 0, 1, 0, 0, 0, 0, 0, 0, 0, 0, 0, 0, 0, 0, 0, 0, 0, 0, 0, 0, 0, 0, 0, 0, 0, 0, 0, 0, 0, 0, 0, 1, 0, 0, 0, 0, 0, 0, 0, 0, 0, 0, 0, 0, 0, 0, 0, 0, 0, 0, 0, 0, 0, 0, 0, 0, 0, 0, 0, 0, 0, 1, 0, 0, 0, 0, 0, 0, 0, 0, 0, 0, 0, 0, 0, 0, 0, 0, 0, 0, 0, 0, 0, 0, 0, 1, 0, 0, 0, 0, 0, 0, 0, 0, 0, 0, 0, 0, 0, 0, 0, 0, 0, 0, 0, 0, 0, 0, 0, 0, 0, 0, 0, 0, 0, 0, 0, 0, 0, 0, 0, 0, 0, 0, 1, 0, 0, 0, 0, 0, 0, 0, 0, 0, 0, 0, 0, 0, 0, 0, 0, 0, 0, 0, 0, 0, 0, 0, 0, 0, 0, 0, 0, 0, 1, 0, 0, 0, 0, 0, 0, 0, 0, 0, 0, 0, 0, 0, 0, 0, 0, 0, 0, 0, 0, 0, 0, 0, 1, 0, 0, 0, 0, 0, 0, 0, 0, 0, 0, 0, 0, 0, 0, 0, 0, 0, 0, 0, 0, 0, 0, 0, 0, 0, 0, 0, 0, 0, 1, 0, 0, 0, 0, 0, 0, 0, 0, 0, 0, 0, 0, 0, 0, 0, 0, 0, 0, 0, 0, 0, 0, 0, 0, 0, 0, 0, 0, 0, 0, 0, 0, 1, 0, 0, 0, 0, 0, 0, 0, 0, 0, 0, 0, 0, 0, 0, 0, 0, 0, 0, 0, 0, 0, 0, 0, 0, 0, 0, 0, 0, 0, 1, 0, 0, 0, 0, 0, 0, 0, 0, 0, 0, 0, 0, 0, 0, 0, 0, 0, 0, 0, 0, 0, 0, 0, 0, 0, 0, 0, 0, 0, 1, 0, 0, 0, 0, 0, 0, 0, 0, 0, 0, 0, 0, 0, 0, 0, 0, 0, 0, 0, 0, 0, 0, 0, 1, 0, 0, 0, 0, 0, 0, 0, 0, 0, 0, 0, 0, 0, 0, 0, 0, 0, 0, 0, 0, 0, 0, 0, 0, 0, 0, 0, 0, 0, 0, 0, 0, 0, 0, 0, 0, 0, 0, 1, 0, 0, 0, 0, 0, 0, 0, 0, 0, 0, 0, 0, 0, 0, 0, 0, 0, 0, 0, 0, 0, 0, 0, 0, 0, 0, 0, 0, 0, 1, 0, 0, 0, 0, 0, 0, 0, 0, 0, 0, 0, 0, 0, 0, 0, 0, 0, 0, 0, 0, 0, 0, 0, 1, 0, 0, 0, 0, 0, 0, 0, 0, 0, 0, 0, 0, 0, 0, 0, 0, 0, 0, 0, 0, 0, 0, 0, 0, 0, 0, 0, 0, 0, 1, 0, 0, 0, 0, 0, 0, 0, 0, 0, 0, 0, 0, 0, 0, 0, 0, 0, 0, 0, 0, 0, 0, 0, 0, 0, 0, 0, 0, 0, 0, 0, 0, 1, 0, 0, 0, 0, 0, 0, 0, 0, 0, 0, 0, 0, 0, 0, 0, 0, 0, 0, 0, 0, 0, 0, 0, 0, 0, 0, 0, 0, 0, 1, 0, 0, 0, 0, 0, 0, 0, 0, 0, 0, 0, 0, 0, 0, 0, 0, 0, 0, 0, 0, 0, 0, 0, 0, 0, 0, 0, 0, 0, 1, 0, 0, 0, 0, 0, 0, 0, 0, 0, 0, 0, 0, 0, 0, 0, 0, 0, 0, 0, 0, 0, 0, 0, 1, 0, 0, 0, 0, 0, 0, 0, 0, 0, 0, 0, 0, 0, 0, 0, 0, 0, 0, 0, 0, 0, 0, 0, 0, 0, 0, 0, 0, 0, 0, 0, 0, 0, 0, 0, 0, 0, 0, 0, 0, 0, 0, 0, 0, 0, 0, 0, 0, 0, 0, 0, 0, 0, 0, 0, 0, 0, 0, 0, 0, 0, 0, 0, 0, 0, 0, 0, 0, 0, 0, 0, 0, 0, 0, 0, 0, 0, 0, 0, 0, 0, 0, 0, 0, 0, 0, 0, 0, 0, 0, 0, 0, 0, 0, 0, 0, 0, 0, 0, 0, 0, 0, 0, 0, 0, 0, 0, 0, 0, 0, 0, 0, 0, 0, 0, 0, 0, 0, 0, 0, 0, 0, 0, 0, 0, 0, 0, 0, 0, 0, 0, 0, 0, 0, 0, 0, 0, 0, 0, 0, 0, 0, 0, 0, 0, 0, 0, 0, 0, 0, 0, 0, 0, 0, 0, 0, 0, 0, 0, 0, 0, 0, 0, 0, 0, 0, 0, 0, 0, 0, 0, 0, 0, 0, 0, 0, 0, 0, 0, 0, 0, 0, 0, 0, 0, 0, 0, 0, 0, 0, 0, 0, 0, 0, 0, 0, 0, 0, 0, 0, 0, 0, 0, 0, 0, 0, 0, 0, 0, 0, 0, 0, 0, 0, 0, 0, 0, 0, 0, 0, 0, 0, 0, 0, 0, 0, 0, 0, 0, 0, 0, 0, 0, 0, 0, 0, 0, 0, 0, 0, 0, 0, 0, 0, 0, 0, 0, 0, 0, 0, 0, 0, 0, 0, 0, 0, 0, 0, 0, 0, 0, 0, 0, 0, 0, 0, 0, 0, 0, 0, 0, 0, 0, 0, 0, 0, 0, 0, 0, 0, 0, 0, 0, 0, 0, 0, 0, 0, 0, 0, 0, 0, 0, 0, 0, 0, 0, 0, 0, 0, 0, 0, 0, 0, 0, 0, 0, 0, 0, 0, 0, 0, 0, 0, 0, 0, 0, 0, 0, 0, 0, 0, 0, 0, 0, 0, 0, 0, 0, 0, 0, 0, 0, 0, 0, 0, 0, 0, 0, 0, 0, 0, 0, 0, 0, 0, 0, 0, 0, 0, 0, 0, 0, 0, 0, 0, 0, 0, 0, 0, 0, 0, 0, 0, 0, 0, 0, 0, 0, 0, 0, 0, 0, 0, 0, 0, 0, 0, 0, 0, 0, 0, 0, 0, 0, 0, 0, 0, 0, 0, 0, 0, 0, 0, 0, 0, 0, 0, 0, 0, 0, 0, 0, 0, 0, 0, 0, 0, 0, 0, 0, 0, 0, 0, 0, 0, 0, 0, 0, 0, 0, 0, 0, 0, 0, 0, 0, 0, 0, 0, 0, 0, 0, 0, 0, 0, 0, 0, 0, 0, 0, 0, 0, 0, 0, 0, 0, 0, 0, 0, 0, 0, 0, 0, 0, 0, 0, 0, 0, 0, 0, 0, 0, 0, 0, 0, 0, 0, 0, 0, 0, 0, 0, 0, 0, 0, 0, 0, 0, 0, 0, 0, 0, 0, 0, 0, 0, 0, 0, 0, 0, 0, 0, 0, 0, 0, 0, 0, 0, 0, 0, 0, 0, 0, 0, 0, 0, 0, 0, 0, 0, 0, 0, 0, 0, 0, 0, 0, 0, 0, 0, 0, 0, 0, 0, 0, 0, 0, 0, 0, 0, 0, 0, 0, 0, 0, 0, 0, 0, 0, 0, 0, 0, 0, 0, 0, 0, 0, 0, 0, 0, 0, 0, 0, 0, 0, 0, 0, 0, 0, 0, 0, 0, 0, 0, 0, 0, 0, 0, 0, 0, 0, 0, 0, 0, 0, 0, 0, 0, 0, 0, 0, 0, 0, 0, 0, 0, 0, 0, 0, 0, 0, 0, 0, 0, 0, 0, 0, 0, 0, 0, 0, 0, 0, 0, 0, 0, 0, 0, 0, 0, 0, 0, 0, 0, 0, 0, 0, 0, 0, 0, 0, 0, 0, 0, 0, 0, 0, 0, 0, 0, 0, 0, 0, 0, 0, 0, 0, 0, 0, 0, 0, 0, 0, 0, 0, 0, 0, 0, 0, 0, 0, 0, 0, 0, 0, 0, 0, 0, 0, 0, 0, 0, 0, 0, 0, 0, 0, 0, 0, 0, 0, 0, 0, 0, 0, 0, 0, 0, 0, 0, 0, 0, 0, 0, 0, 0, 0, 0, 0, 0, 0, 0, 0, 0, 0, 0, 0, 0, 0, 0, 0, 0, 0, 0, 0, 0, 0, 0, 0, 0, 0, 0, 0, 0, 0, 0, 0, 0, 0, 0, 0, 0, 0, 0, 0, 0, 0, 0, 0, 0, 0, 0, 0, 0, 0, 0, 0, 0, 0, 0, 0, 0, 0, 0, 0, 0, 0, 0, 0, 0, 0, 0, 0, 0, 0, 0, 0, 0, 0, 0, 0, 0, 0, 0, 0, 0, 0, 0, 0, 0, 0, 0, 0, 0, 0, 0, 0, 0, 0, 0, 0, 0, 0, 0, 0, 0, 0, 0, 0, 0, 0, 0, 0, 0, 0, 0, 0, 0, 0, 0, 0, 0, 0, 0, 0, 0, 0, 0, 0, 0, 0, 0, 0, 0, 0, 0, 0, 0, 0, 0, 0, 0, 0, 0, 0, 0, 0, 0, 0, 0, 0, 0, 0, 0, 0, 0, 0, 0, 0, 0, 0, 0, 0, 0, 0, 0, 0, 0, 0, 0, 0, 0, 0, 0, 0, 0, 0, 0, 0, 0, 0, 0, 0, 0, 0, 0, 0, 0, 0, 0, 0, 0, 0, 0, 0, 0, 0, 0, 0, 0, 0, 0, 0, 0, 0, 0, 0, 0, 0, 0, 0, 0, 0, 0, 0, 0, 0, 0, 0, 0, 0, 0, 0, 0, 0, 0, 0, 0, 0, 0, 0, 0, 0, 0, 0, 0, 0, 0, 0, 0, 0, 0, 0, 0, 0, 0, 0, 0, 0, 0, 0, 0, 0, 0, 0, 0, 0, 0, 0, 0, 0, 0, 0, 0, 0, 0, 0, 0, 0, 0, 0, 0, 0, 0, 0, 0, 0, 0, 0, 0, 0, 0, 0, 0, 0, 0, 0, 0, 0, 0, 0, 0, 0, 0, 0, 0, 0, 0, 0, 0, 0, 0, 0, 0, 0, 0, 0, 0, 0, 0, 0, 0, 0, 0, 0, 0, 0, 0, 0, 0, 0, 0, 0, 0, 0, 0, 0, 0, 0, 0, 0, 0, 0, 0, 0, 0, 0, 0, 0, 0, 0, 0, 0, 0, 0, 0, 0, 0, 0, 0, 0, 0, 0, 0, 0, 0, 0, 0, 0, 0, 0, 0, 0, 0, 0, 0, 0, 0, 0, 0, 0, 0, 0, 0, 0, 0, 0, 0, 0, 0, 0, 0, 0, 0, 0, 0, 0, 0, 0, 0, 0, 0, 0, 0, 0, 0, 0, 0, 0, 0, 0, 0, 0, 0, 0, 0, 0, 0, 0, 0, 0, 0, 0, 0, 0, 0, 0, 0, 0, 0, 0, 0, 0, 0, 0, 0, 0, 0, 0, 0, 0, 0, 0, 0, 0, 0, 0, 0, 0, 0, 0, 0, 0, 0, 0, 0, 0, 0, 0, 0, 0, 0, 0, 0, 0, 0, 0, 0, 0, 0, 0, 0, 0, 0, 0, 0, 0, 0, 0, 0, 0, 0, 0, 0, 0, 0, 0, 0, 0, 0, 0, 0, 0, 0, 0, 0, 0, 0, 0, 0, 0, 0, 0, 0, 0, 0, 0, 0, 0, 0, 0, 0, 0, 0, 0, 0, 0, 0, 0, 0, 0, 0, 0, 0, 0, 0, 0, 0, 0, 0, 0, 0, 0, 0, 0, 0, 0, 0, 0, 0, 0, 0, 0, 0, 0, 0, 0, 0, 0, 0, 0, 0, 0, 0, 0, 0, 0, 0, 0, 0, 0, 0, 0, 0, 0, 0, 0, 0, 0, 0, 0, 0, 0, 0, 0, 0, 0, 0, 0, 0, 0, 0, 0, 0, 0, 0, 0, 0, 0, 0, 0, 0, 0, 0, 0, 0, 0, 0, 0, 0, 0, 0, 0, 0, 0, 0, 0, 0, 0, 0, 0, 0, 0, 0, 0, 0, 0, 0, 0, 0, 0, 0, 0, 0, 0, 0, 0, 0, 0, 0, 0, 0, 0, 0, 0, 0, 0, 0, 0, 0, 0, 0, 0, 0, 0, 0, 0, 0, 0, 0, 0, 0, 0, 0, 0, 0, 0, 0, 0, 0, 0, 0, 0, 0, 0, 0, 0, 0, 0, 0, 0, 0, 0, 0, 0, 0, 0, 0, 0, 0, 0, 0, 0, 0, 0, 0, 0, 0, 0, 0, 0, 0, 0, 0, 0, 0, 0, 0, 0, 0, 0, 0, 0, 0, 0, 0, 0, 0, 0, 0, 0, 0, 0, 0, 0, 0, 0, 0, 0, 0, 0, 0, 0, 0, 0, 0, 0, 0, 0, 0, 0, 0, 0, 0, 0, 0, 0, 0, 0, 0, 0, 0, 0, 0, 0, 0, 0, 0, 0, 0, 0, 0, 0, 0, 0, 0, 0, 0, 0, 0, 0, 0, 0, 0, 0, 0, 0, 0, 0, 0, 0, 0, 0, 0, 0, 0, 0, 0, 0, 0, 0, 0, 0, 0, 0, 0, 0, 0, 0, 0, 0, 0, 0, 0, 0, 0, 0, 0, 0, 0, 0, 0, 0, 0, 0, 0, 0, 0, 0, 0, 0, 0, 0, 0, 0, 0, 0, 0, 0, 0, 0, 0, 0, 0, 0, 0, 0, 0, 0, 0, 0, 0, 0, 0, 0, 0, 0, 0, 0, 0, 0, 0, 0, 0, 0, 0, 0, 0, 0, 0, 0, 0, 0, 0, 0, 0, 0, 0, 0, 0, 0, 0, 0, 0, 0, 0, 0, 0, 0, 0, 0, 0, 0, 0, 0, 0, 0, 0, 0, 0, 0, 0, 0, 0, 0, 0, 0, 0, 0, 0, 0, 0, 0, 0, 0, 0, 0, 0, 0, 0, 0, 0, 0, 0, 0, 0, 0, 0, 0, 0, 0, 0, 0, 0, 0, 0, 0, 0, 0, 0, 0, 0, 0, 0, 0, 0, 0, 0, 0, 0, 0, 0, 0, 0, 0, 0, 0, 0, 0, 0, 0, 0, 0, 0, 0, 0, 0, 0, 0, 0, 0, 0, 0, 0, 0, 0, 0, 0, 0, 0, 0, 0, 0, 0, 0, 0, 0, 0, 0, 0, 0, 0, 0, 0, 0, 0, 0, 0, 0, 0, 0, 0, 0, 0, 0, 0, 0, 0, 0, 0, 0, 0, 0, 0, 0, 0, 0, 0, 0, 0, 0, 0, 0, 0, 0, 0, 0, 0, 0, 0, 0, 0, 0, 0, 0, 0, 0, 0, 0, 0, 0, 0, 0, 0, 0, 0, 0, 0, 0, 0, 0, 0, 0, 0, 0, 0, 0, 0, 0, 0, 0, 0, 0, 0, 0, 0, 0, 0, 0, 0, 0, 0, 0, 0, 0, 0, 0, 0, 0, 0, 0, 0, 0, 0, 0, 0, 0, 0, 0, 0, 0, 0, 0, 0, 0, 0, 0, 0, 0, 0, 0, 0, 0, 0, 0, 0, 0, 0, 0, 0, 0, 0, 0, 0, 0, 0, 0, 0, 0, 0, 0, 0, 0, 0, 0, 0, 0, 0, 0, 0, 0, 0, 0, 0, 0, 0, 0, 0, 0, 0, 0, 0, 0, 0, 0, 0, 0, 0, 0, 0, 0, 0, 0, 0, 0, 0, 0, 0, 0, 0, 0, 0, 0, 0, 0, 0, 0, 0, 0, 0, 0, 0, 0, 0, 0, 0, 0, 0, 0, 0, 0, 0, 0, 0, 0, 0, 0, 0, 0, 0, 0, 0, 0, 0, 0, 0, 0, 0, 0, 0, 0, 0, 0, 0, 0, 0, 0, 0, 0, 0, 0, 0, 0, 0, 0, 0, 0, 0, 0, 0, 0, 0, 0, 0, 0, 0, 0, 0, 0, 0, 0, 0, 0, 0, 0, 0, 0, 0, 0, 0, 0, 0, 0, 0, 0, 0, 0, 0, 0, 0, 0, 0, 0, 0, 0, 0, 0, 0, 0, 0, 0, 0, 0, 0, 0, 0, 0, 0, 0, 0, 0, 0, 0, 0, 0, 0, 0, 0, 0, 0, 0, 0, 0, 0, 0, 0, 0, 0, 0, 0, 0, 0, 0, 0, 0, 0, 0, 0, 0, 0, 0, 0, 0, 0, 0, 0, 0, 0, 0, 0, 0, 0, 0, 0, 0, 0, 0, 0, 0, 0, 0, 0, 0, 0, 0, 0, 0, 0, 0, 0, 0, 0, 0, 0, 0, 0, 0, 0, 0, 0, 0, 0, 0, 0, 0, 0, 0, 0, 0, 0, 0, 0, 0, 0, 0, 0, 0, 0, 0, 0, 0, 0, 0, 0, 0, 0, 0, 0, 0, 0, 0, 0, 0, 0, 0, 0, 0, 0, 0, 0, 0, 0, 0, 0, 0, 0, 0, 0, 0, 0, 0, 0, 0, 0, 0, 0, 0, 0, 0, 0, 0, 0, 0, 0, 0, 0, 0, 0, 0, 0, 0, 0, 0, 0, 0, 0, 0, 0, 0, 0, 0, 0, 0, 0, 0, 0, 0, 0, 0, 0, 0, 0, 0, 0, 0, 0, 0, 0, 0, 0, 0, 0, 0, 0, 0, 0, 0, 0, 0, 0, 0, 0, 0, 0, 0, 0, 0, 0, 0, 0, 0, 0, 0, 0, 0, 0, 0, 0, 0, 0, 0, 0, 0, 0, 0, 0, 0, 0, 0, 0, 0, 0, 0, 0, 0, 0, 0, 0, 0, 0, 0, 0, 0, 0, 0, 0, 0, 0, 0, 0, 0, 0, 0, 0, 0, 0, 0, 0, 0, 0, 0, 0, 0, 0, 0, 0, 0, 0, 0, 0, 0, 0, 0, 0, 0, 0, 0, 0, 0, 0, 0, 0, 0, 0, 0, 0, 0, 0, 0, 0, 0, 0, 0, 0, 0, 0, 0, 0, 0, 0, 0, 0, 0, 0, 0, 0, 0, 0, 0, 0, 0, 0, 0, 0, 0, 0, 0, 0, 0, 0, 0, 0, 0, 0, 0, 0, 0, 0, 0, 0, 0, 0, 0, 0, 0, 0, 0, 0, 0, 0, 0, 0, 0, 0, 0, 0, 0, 0, 0, 0, 0, 0, 0, 0, 0, 0, 0, 0, 0, 0, 0, 0, 0, 0, 0, 0, 0, 0, 0, 0, 0, 0, 0, 0, 0, 0, 0, 0, 0, 0, 0, 0, 0, 0, 0, 0, 0, 0, 0, 0, 0, 0, 0, 0, 0, 0, 0, 0, 0, 0, 0, 0, 0, 0, 0, 0, 0, 0, 0, 0, 0, 0, 0, 0, 0, 0, 0, 0, 0, 0, 0, 0, 0, 0, 0, 0, 0, 0, 0, 0, 0, 0, 0, 0, 0, 0, 0, 0, 0, 0, 0, 0, 0, 0, 0, 0, 0, 0, 0, 0, 0, 0, 0, 0, 0, 0, 0, 0, 0, 0, 0, 0, 0, 0, 0, 0, 0, 0, 0, 0, 0, 0, 0, 0, 0, 0, 0, 0, 0, 0, 0, 0, 0, 0, 0, 0, 0, 0, 0, 0, 0, 0, 0, 0, 0, 0, 0, 0, 0, 0, 0, 0, 0, 0, 0, 0, 0, 0, 0, 0, 0, 0, 0, 0, 0, 0, 0, 0, 0, 0, 0, 0, 0, 0, 0, 0, 0, 0, 0, 0, 0, 0, 0, 0, 0, 0, 0, 0, 0, 0, 0, 0, 0, 0, 0, 0, 0, 0, 0, 0, 0, 0, 0, 0, 0, 0, 0, 0, 0, 0, 0, 0, 0, 0, 0, 0, 0, 0, 0, 0, 0, 0, 0, 0, 0, 0, 0, 0, 0, 0, 0, 0, 0, 0, 0, 0, 0, 0, 0, 0, 0, 0, 0, 0, 0, 0, 0, 0, 0, 0, 0, 0, 0, 0, 0, 0, 0, 0, 0, 0, 0, 0, 0, 0, 0, 0, 0, 0, 0, 0, 0, 0, 0, 0, 0, 0, 0, 0, 0, 0, 0, 0, 0, 0, 0, 0, 0, 0, 0, 0, 0, 0, 0, 0, 0, 1, 0, 0, 0, 0, 0, 0, 0, 0, 0, 0, 0, 0, 0, 0, 0, 0, 0, 1, 0, 0, 0, 0, 0, 0, 0, 0, 0, 0, 0, 0, 0, 0, 0, 0, 0, 1, 0, 0, 0, 0, 0, 0, 0, 0, 0, 0, 0, 0, 0, 0, 0, 0, 0, 1, 0, 0, 0, 0, 0, 0, 0, 0, 0, 0, 0, 0, 0, 0, 0, 0, 0, 0, 0, 0, 0, 0, 0, 0, 0, 0, 0, 0, 0, 0, 0, 0, 0, 0, 0, 0, 0, 0, 0, 0, 0, 0, 0, 0, 0, 0, 0, 0, 0, 0, 0, 0, 0, 0, 0, 0, 0, 0, 0, 0, 0, 0, 0, 0, 0, 0, 0, 0, 0, 0, 0, 0, 0, 0, 0, 0, 0, 0, 0, 0, 0, 0, 0, 0, 0, 0, 0, 0, 0, 0, 0, 0, 0, 0, 0, 0, 0, 0, 0, 0, 0, 0, 0, 0, 0, 0, 0, 0, 0, 0, 0, 0, 0, 0, 0, 0, 0, 0, 0, 0, 0, 0, 0, 0, 0, 0, 0, 0, 0, 0, 0, 0, 0, 0, 0, 0, 0, 0, 0, 0, 0, 0, 0, 0, 0, 0, 0, 0, 0, 0, 0, 0, 0, 0, 0, 0, 0, 0, 0, 0, 0, 0, 0, 0, 0, 0, 0, 0, 0, 0, 0, 0, 0, 0, 0, 0, 0, 0, 0, 0, 0, 0, 0, 0, 0, 0, 0, 0, 0, 0, 0, 0, 0, 0, 0, 0, 0, 0, 0, 0, 0, 0, 0, 0, 0, 0, 0, 0, 0, 0, 0, 0, 0, 0, 0, 0, 0, 0, 0, 0, 0, 0, 0, 0, 0, 0, 0, 0, 0, 0, 0, 0, 0, 0, 0, 0, 0, 0, 0, 0, 0, 0, 0, 0, 0, 0, 0, 0, 0, 0, 0, 0, 0, 0, 0, 0, 0, 0, 0, 0, 0, 0, 0, 0, 0, 0, 0, 0, 0, 0, 0, 0, 0, 0, 0, 0, 0, 0, 0, 0, 0, 0, 0, 0, 0, 0, 0, 0, 0, 0, 0, 0, 0, 0, 0, 0, 0, 0, 0, 0, 0, 0, 0, 0, 0, 0, 0, 0, 0, 0, 0, 0, 0, 0, 0, 0, 0, 0, 0, 0, 0, 0, 0, 0, 0, 0, 0, 0, 0, 0, 0, 0, 0, 0, 0, 0, 0, 0, 0, 0, 0, 0, 0, 0, 0, 0, 0, 0, 0, 0, 0, 0, 0, 0, 0, 0, 0, 0, 0, 0, 0, 0, 0, 0, 0, 0, 0, 0, 0, 0, 0, 0, 0, 0, 0, 0, 0, 0, 0, 0, 0, 0, 0, 0, 0, 0, 0, 0, 0, 0, 0, 0, 0, 0, 0, 0, 0, 0, 0, 0, 0, 0, 0, 0, 0, 0, 0, 0, 0, 0, 0, 0, 0, 0, 0, 0, 0, 0, 0, 0, 0, 0, 0, 0, 0, 0, 0, 0, 0, 0, 0, 0, 0, 0, 0, 0, 0, 0, 0, 0, 0, 0, 0, 0, 0, 0, 0, 0, 0, 0, 0, 0, 0, 0, 0, 0, 0, 0, 0, 0, 0, 0, 0, 0, 0, 0, 0, 0, 0, 0, 0, 0, 0, 0, 0, 0, 0, 0, 0, 0, 0, 0, 0, 0, 0, 0, 0, 0, 0, 0, 0, 0, 0, 0, 0, 0, 0, 0, 0, 0, 0, 0, 0, 0, 0, 0, 0, 0, 0, 0, 0, 0, 0, 0, 0, 0, 0, 0, 0, 0, 0, 0, 0, 0, 0, 0, 0, 0, 0, 0, 0, 0, 0, 0, 0, 0, 0, 0, 0, 0, 0, 0, 0, 0, 0, 0, 0, 0, 0, 0, 0, 0, 0, 0, 0, 0, 0, 0, 0, 0, 0, 0, 0, 0, 0, 0, 0, 0, 0, 0, 0, 0, 0, 0, 0, 0, 0, 0, 0, 0, 0, 0, 0, 0, 0, 0, 0, 0, 0, 0, 0, 0, 0, 0, 0, 0, 0, 0, 0, 0, 0, 0, 0, 0, 0, 0, 0, 0, 0, 0, 0, 0, 0, 0, 0, 0, 0, 0, 0, 0, 0, 0, 0, 0, 0, 0, 0, 0, 0, 0, 0, 0, 0, 0, 0, 0, 0, 0, 0, 0, 0, 0, 0, 0, 0, 0, 0, 0, 0, 0, 0, 0, 0, 0, 0, 0, 0, 0, 0, 0, 0, 0, 0, 0, 0, 0, 0, 0, 0, 0, 0, 0, 0, 0, 0, 0, 0, 0, 0, 0, 0, 0, 0, 0, 0, 0, 0, 0, 0, 0, 0, 0, 0, 0, 0, 0, 0, 0, 0, 0, 0, 0, 0, 0, 0, 0, 0, 0, 0, 0, 0, 0, 0, 0, 0, 0, 0, 0, 0, 0, 0, 0, 0, 0, 0, 0, 0, 0, 0, 0, 0, 0, 0, 0, 0, 0, 0, 0, 0, 0, 0, 0, 0, 0, 0, 0, 0, 0, 0, 0, 0, 0, 0, 0, 0, 0, 0, 0, 0, 0, 0, 0, 0, 0, 0, 0, 0, 0, 0, 0, 0, 0, 0, 0, 0, 0, 0, 0, 0, 0, 0, 0, 0, 0, 0, 0, 0, 0, 0, 0, 0, 0, 0, 0, 0, 0, 0, 0, 0, 0, 0, 0, 0, 0, 0, 0, 0, 0, 0, 0, 0, 0, 0, 0, 0, 0, 0, 0, 0, 0, 0, 0, 0, 0, 0, 0, 0, 0, 0, 0, 0, 0, 0, 0, 0, 0, 0, 0, 0, 0, 0, 0, 0, 0, 0, 0, 0, 0, 0, 0, 0, 0, 0, 0, 0, 0, 0, 0, 0, 0, 0, 0, 0, 0, 0, 0, 0, 0, 0, 0, 0, 0, 0, 0, 0, 0, 0, 0, 0, 0, 0, 0, 0, 0, 0, 0, 0, 0, 0, 0, 0, 0, 0, 0, 0, 0, 0, 0, 0, 0, 0, 0, 0, 0, 0, 0, 0, 0, 0, 0, 0, 0, 0, 0, 0, 0, 0, 0, 0, 0, 0, 0, 0, 0, 0, 0, 0, 0, 0, 0, 0, 0, 0, 0, 0, 0, 0, 0, 0, 0, 0, 0, 0, 0, 0, 0, 0, 0, 0, 0, 0, 0, 0, 0, 0, 0, 0, 0, 0, 0, 0, 0, 0, 0, 0, 0, 0, 0, 0, 0, 0, 0, 0, 0, 0, 0, 0, 0, 0, 0, 0, 0, 0, 0, 0, 0, 0, 0, 0, 0, 0, 0, 0, 0, 0, 0, 0, 0, 0, 0, 0, 0, 0, 0, 0, 0, 0, 0, 0, 0, 0, 0, 0, 0, 0, 0, 0, 0, 0, 0, 0, 0, 0, 0, 0, 0, 0, 0, 0, 0, 0, 0, 0, 0, 0, 0, 0, 0, 0, 0, 0, 0, 0, 0, 0, 0, 0, 0, 0, 0, 0, 0, 0, 0, 0, 0, 0, 0, 0, 0, 0, 0, 0, 0, 0, 0, 0, 0, 0, 0, 0, 0, 0, 0, 0, 0, 0, 0, 0, 0, 0, 0, 0, 0, 0, 0, 0, 0, 0, 0, 0, 0, 0, 0, 0, 0, 0, 0, 0, 0, 0, 0, 0, 0, 0, 0, 0, 0, 0, 0, 0, 0, 0, 0, 0, 0, 0, 0, 0, 0, 0, 0, 0, 0, 0, 0, 0, 0, 0, 0, 0, 0, 0, 0, 0, 0, 0, 0, 0, 0, 0, 0, 0, 0, 0, 0, 0, 0, 0, 0, 0, 0, 0, 0, 0, 0, 0, 0, 0, 0, 0, 0, 0, 0, 0, 0, 0, 0, 0, 0, 0, 0, 0, 0, 0, 0, 0, 0, 0, 0, 0, 0, 0, 0, 0, 0, 0, 0, 0, 0, 0, 0, 0, 0, 0, 0, 0, 0, 0, 0, 0, 0, 0, 0, 0, 0, 0, 0, 0, 0, 0, 0, 0, 0, 0, 0, 0, 0, 0, 0, 0, 0, 0, 0, 0, 0, 0, 0, 0, 0, 0, 0, 0, 0, 0, 0, 0, 0, 0, 0, 0, 1, 0, 0, 0, 0, 0, 0, 0, 0, 0, 0, 0, 0, 0, 0, 0, 0, 0, 1, 0, 0, 0, 0, 0, 0, 0, 0, 0, 0, 0, 0, 0, 0, 0, 0, 0, 1, 0, 0, 0, 0, 0, 0, 0, 0, 0, 0, 0, 0, 0, 0, 0, 0, 0, 1, 0, 0, 0, 0, 0, 0, 0, 0, 0, 0, 0, 0, 0, 0, 0, 0, 0, 0, 0, 0, 0, 0, 0, 0, 0, 0, 1, 0, 0, 0, 0, 0, 0, 0, 0, 0, 0, 0, 0, 0, 0, 0, 0, 0, 1, 0, 0, 0, 0, 0, 0, 0, 0, 0, 0, 0, 0, 0, 0, 0, 0, 0, 1, 0, 0, 0, 0, 0, 0, 0, 0, 0, 0, 0, 0, 0, 0, 0, 0, 0, 1, 0, 0, 0, 0, 0, 0, 0, 0, 0, 0, 0, 0, 0, 0, 0, 0, 0, 0, 0, 0, 0, 0, 0, 0, 0, 0, 1, 0, 0, 0, 0, 0, 0, 0, 0, 0, 0, 0, 0, 0, 0, 0, 0, 0, 1, 0, 0, 0, 0, 0, 0, 0, 0, 0, 0, 0, 0, 0, 0, 0, 0, 0, 1, 0, 0, 0, 0, 0, 0, 0, 0, 0, 0, 0, 0, 0, 0, 0, 0, 0, 1, 0, 0, 0, 0, 0, 0, 0, 0, 0, 0, 0, 0, 0, 0, 0, 0, 0, 0, 0, 0, 0, 0, 0, 0, 0, 0, 1, 0, 0, 0, 0, 0, 0, 0, 0, 0, 0, 0, 0, 0, 0, 0, 0, 0, 1, 0, 0, 0, 0, 0, 0, 0, 0, 0, 0, 0, 0, 0, 0, 0, 0, 0, 1, 0, 0, 0, 0, 0, 0, 0, 0, 0, 0, 0, 0, 0, 0, 0, 0, 0, 1, 0, 0, 0, 0, 0, 0, 0, 0, 0, 0, 0, 0, 0, 0, 0, 0, 0, 0, 0, 0, 0, 0, 0, 0, 0, 0, 1, 0, 0, 0, 0, 0, 0, 0, 0, 0, 0, 0, 0, 0, 0, 0, 0, 0, 1, 0, 0, 0, 0, 0, 0, 0, 0, 0, 0, 0, 0, 0, 0, 0, 0, 0, 1, 0, 0, 0, 0, 0, 0, 0, 0, 0, 0, 0, 0, 0, 0, 0, 0, 0, 1, 0, 0, 0, 0, 0, 0, 0, 0, 0, 0, 0, 0, 0, 0, 0, 0, 0, 0, 0, 0, 0, 0, 0, 0, 0, 0, 1, 0, 0, 0, 0, 0, 0, 0, 0, 0, 0, 0, 0, 0, 0, 0, 0, 0, 1, 0, 0, 0, 0, 0, 0, 0, 0, 0, 0, 0, 0, 0, 0, 0, 0, 0, 1, 0, 0, 0, 0, 0, 0, 0, 0, 0, 0, 0, 0, 0, 0, 0, 0, 0, 1, 0, 0, 0, 0, 0, 0, 0, 0, 0, 0, 0, 0, 0, 0, 0, 0, 0, 0, 0, 0, 0, 0, 0, 0, 0, 0, 1, 0, 0, 0, 0, 0, 0, 0, 0, 0, 0, 0, 0, 0, 0, 0, 0, 0, 1, 0, 0, 0, 0, 0, 0, 0, 0, 0, 0, 0, 0, 0, 0, 0, 0, 0, 1, 0, 0, 0, 0, 0, 0, 0, 0, 0, 0, 0, 0, 0, 0, 0, 0, 0, 1, 0, 0, 0, 0, 0, 0, 0, 0, 0, 0, 0, 0, 0, 0, 0, 0, 0, 0, 0, 0, 0, 0, 0, 0, 0, 0, 1, 0, 0, 0, 0, 0, 0, 0, 0, 0, 0, 0, 0, 0, 0, 0, 0, 0, 1, 0, 0, 0, 0, 0, 0, 0, 0, 0, 0, 0, 0, 0, 0, 0, 0, 0, 1, 0, 0, 0, 0, 0, 0, 0, 0, 0, 0, 0, 0, 0, 0, 0, 0, 0, 1, 0, 0, 0, 0, 0, 0, 0, 0, 0, 0, 0, 0, 0, 0, 0, 0, 0, 0, 0, 0, 0, 0, 0, 0, 0, 0, 1, 0, 0, 0, 0, 0, 0, 0, 0, 0, 0, 0, 0, 0, 0, 0, 0, 0, 1, 0, 0, 0, 0, 0, 0, 0, 0, 0, 0, 0, 0, 0, 0, 0, 0, 0, 1, 0, 0, 0, 0, 0, 0, 0, 0, 0, 0, 0, 0, 0, 0, 0, 0, 0, 1, 0, 0, 0, 0, 0, 0, 0, 0, 0, 0, 0, 0, 0, 0, 0, 0, 0, 0, 0, 0, 0, 0, 0, 0, 0, 0, 1, 0, 0, 0, 0, 0, 0, 0, 0, 0, 0, 0, 0, 0, 0, 0, 0, 0, 1, 0, 0, 0, 0, 0, 0, 0, 0, 0, 0, 0, 0, 0, 0, 0, 0, 0, 1, 0, 0, 0, 0, 0, 0, 0, 0, 0, 0, 0, 0, 0, 0, 0, 0, 0, 1, 0, 0, 0, 0, 0, 0, 0, 0, 0, 0, 0, 0, 0, 0, 0, 0, 0, 0, 0, 0, 0, 0, 0, 0, 0, 0, 1, 0, 0, 0, 0, 0, 0, 0, 0, 0, 0, 0, 0, 0, 0, 0, 0, 0, 1, 0, 0, 0, 0, 0, 0, 0, 0, 0, 0, 0, 0, 0, 0, 0, 0, 0, 1, 0, 0, 0, 0, 0, 0, 0, 0, 0, 0, 0, 0, 0, 0, 0, 0, 0, 1, 0, 0, 0, 0, 0, 0, 0, 0, 0, 0, 0, 0, 0, 0, 0, 0, 0, 0, 0, 0, 0, 0, 0, 0, 0, 0, 1, 0, 0, 0, 0, 0, 0, 0, 0, 0, 0, 0, 0, 0, 0, 0, 0, 0, 1, 0, 0, 0, 0, 0, 0, 0, 0, 0, 0, 0, 0, 0, 0, 0, 0, 0, 1, 0, 0, 0, 0, 0, 0, 0, 0, 0, 0, 0, 0, 0, 0, 0, 0, 0, 1, 0, 0, 0, 0, 0, 0, 0, 0, 0, 0, 0, 0, 0, 0, 0, 0, 0, 0, 0, 0, 0, 0, 0, 0, 0, 0, 1, 0, 0, 0, 0, 0, 0, 0, 0, 0, 0, 0, 0, 0, 0, 0, 0, 0, 1, 0, 0, 0, 0, 0, 0, 0, 0, 0, 0, 0, 0, 0, 0, 0, 0, 0, 1, 0, 0, 0, 0, 0, 0, 0, 0, 0, 0, 0, 0, 0, 0, 0, 0, 0, 1, 0, 0, 0, 0, 0, 0, 0, 0, 0, 0, 0, 0, 0, 0, 0, 0, 0, 0, 0, 0, 0, 0, 0, 0, 0, 0, 1, 0, 0, 0, 0, 0, 0, 0, 0, 0, 0, 0, 0, 0, 0, 0, 0, 0, 1, 0, 0, 0, 0, 0, 0, 0, 0, 0, 0, 0, 0, 0, 0, 0, 0, 0, 1, 0, 0, 0, 0, 0, 0, 0, 0, 0, 0, 0, 0, 0, 0, 0, 0, 0, 1, 0, 0, 0, 0, 0, 0, 0, 0, 0, 0, 0, 0, 0, 0, 0, 0, 0, 0, 0, 0, 0, 0, 0, 0, 0, 0, 1, 0, 0, 0, 0, 0, 0, 0, 0, 0, 0, 0, 0, 0, 0, 0, 0, 0, 1, 0, 0, 0, 0, 0, 0, 0, 0, 0, 0, 0, 0, 0, 0, 0, 0, 0, 1, 0, 0, 0, 0, 0, 0, 0, 0, 0, 0, 0, 0, 0, 0, 0, 0, 0, 1, 0, 0, 0, 0, 0, 0, 0, 0, 0, 0, 0, 0, 0, 0, 0, 0, 0, 0, 0, 0, 0, 0, 0, 0, 0, 0, 1, 0, 0, 0, 0, 0, 0, 0, 0, 0, 0, 0, 0, 0, 0, 0, 0, 0, 1, 0, 0, 0, 0, 0, 0, 0, 0, 0, 0, 0, 0, 0, 0, 0, 0, 0, 1, 0, 0, 0, 0, 0, 0, 0, 0, 0, 0, 0, 0, 0, 0, 0, 0, 0, 1, 0, 0, 0, 0, 0, 0, 0, 0, 0, 0, 0, 0, 0, 0, 0, 0, 0, 0, 0, 0, 0, 0, 0, 0, 0, 0, 1, 0, 0, 0, 0, 0, 0, 0, 0, 0, 0, 0, 0, 0, 0, 0, 0, 0, 1, 0, 0, 0, 0, 0, 0, 0, 0, 0, 0, 0, 0, 0, 0, 0, 0, 0, 1, 0, 0, 0, 0, 0, 0, 0, 0, 0, 0, 0, 0, 0, 0, 0, 0, 0, 1, 0, 0, 0, 0, 0, 0, 0, 0, 0, 0, 0, 0, 0, 0, 0, 0, 0, 0, 0, 0, 0, 0, 0, 0, 0, 0, 0, 0, 0, 0, 0, 0, 0, 0, 0, 0, 0, 0, 0, 0, 0, 0, 0, 0, 0, 0, 0, 0, 0, 0, 0, 0, 0, 0, 0, 0, 0, 0, 0, 0, 0, 0, 0, 0, 0, 0, 0, 0, 0, 0, 0, 0, 0, 0, 0, 0, 0, 0, 0, 0, 0, 0, 0, 0, 0, 0, 0, 0, 0, 0, 0, 0, 0, 0, 0, 0, 0, 0, 0, 0, 0, 0, 0, 0, 0, 0, 0, 0, 0, 0, 0, 0, 0, 0, 0, 0, 0, 0, 0, 0, 0, 0, 0, 0, 0, 0, 0, 0, 0, 0, 0, 0, 0, 0, 0, 0, 0, 0, 0, 0, 0, 0, 0, 0, 0, 0, 0, 0, 0, 0, 0, 0, 0, 0, 0, 0, 0, 0, 0, 0, 0, 0, 0, 0, 0, 0, 0, 0, 0, 0, 0, 0, 0, 0, 0, 0, 0, 0, 0, 0, 0, 0, 0, 0, 0, 0, 0, 0, 0, 0, 0, 0, 0, 0, 0, 0, 0, 0, 0, 0, 0, 0, 0, 0, 0, 0, 0, 0, 0, 0, 0, 0, 0, 0, 0, 0, 0, 0, 0, 0, 0, 0, 0, 0, 0, 0, 0, 0, 0, 0, 0, 0, 0, 0, 0, 0, 0, 0, 0, 0, 0, 0, 0, 0, 0, 0, 0, 0, 0, 0, 0, 0, 0, 0, 0, 0, 0, 0, 0, 0, 0, 0, 0, 0, 0, 0, 0, 0, 0, 0, 0, 0, 0, 0, 0, 0, 0, 0, 0, 0, 0, 0, 0, 0, 0, 0, 0, 0, 0, 0, 0, 0, 0, 0, 0, 0, 0, 0, 0, 0, 0, 0, 0, 0, 0, 0, 0, 0, 0, 0, 0, 0, 0, 0, 0, 0, 0, 0, 0, 0, 0, 0, 0, 0, 0, 0, 0, 0, 0, 0, 0, 0, 0, 0, 0, 0, 0, 0, 0, 0, 0, 0, 0, 0, 0, 0, 0, 0, 0, 0, 0, 0, 0, 0, 0, 0, 0, 0, 0, 0, 0, 0, 0, 0, 0, 0, 0, 0, 0, 0, 0, 0, 0, 0, 0, 0, 0, 0, 0, 0, 0, 0, 0, 0, 0, 0, 0, 0, 0, 0, 0, 0, 0, 0, 0, 0, 0, 0, 0, 0, 0, 0, 0, 0, 0, 0, 0, 0, 0, 0, 0, 0, 0, 0, 0, 0, 0, 0, 0, 0, 0, 0, 0, 0, 0, 0, 0, 0, 0, 0, 0, 0, 0, 0, 0, 0, 0, 0, 0, 0, 0, 0, 0, 0, 0, 0, 0, 0, 0, 0, 0, 0, 0, 0, 0, 0, 0, 0, 0, 0, 0, 0, 0, 0, 0, 0, 0, 0, 0, 0, 0, 0, 0, 0, 0, 0, 0, 0, 0, 0, 0, 0, 0, 0, 0, 0, 0, 0, 0, 0, 0, 0, 0, 0, 0, 0, 0, 0, 0, 0, 0, 0, 0, 0, 0, 0, 0, 0, 0, 0, 0, 0, 0, 0, 0, 0, 0, 0, 0, 0, 0, 0, 0, 0, 0, 0, 0, 0, 0, 0, 0, 0, 0, 0, 0, 0, 0, 0, 0, 0, 0, 0, 0, 0, 0, 0, 0, 0, 0, 0, 0, 0, 0, 0, 0, 0, 0, 0, 0, 0, 0, 0, 0, 0, 0, 0, 0, 0, 0, 0, 0, 0, 0, 0, 0, 0, 0, 0, 0, 0, 0, 0, 0, 0, 0, 0, 0, 0, 0, 0, 0, 0, 0, 0, 0, 0, 0, 0, 0, 0, 0, 0, 0, 0, 0, 0, 0, 0, 0, 0, 0, 0, 0, 0, 0, 0, 0, 0, 0, 0, 0, 0, 0, 0, 0, 0, 0, 0, 0, 0, 0, 0, 0, 0, 0, 0, 0, 0, 0, 0, 0, 0, 0, 0, 0, 0, 0, 0, 0, 0, 0, 0, 0, 0, 0, 0, 0, 0, 0, 0, 0, 0, 0, 0, 0, 0, 0, 0, 0, 0, 0, 0, 0, 0, 0, 0, 0, 0, 0, 0, 0, 0, 0, 0, 0, 0, 0, 0, 0, 0, 0, 0, 0, 0, 0, 0, 0, 0, 0, 0, 0, 0, 0, 0, 0, 0, 0, 0, 0, 0, 0, 0, 0, 0, 0, 0, 0, 0, 0, 0, 0, 0, 0, 0, 0, 0, 0, 0, 0, 0, 0, 0, 0, 0, 0, 0, 0, 0, 0, 0, 0, 0, 0, 0, 0, 0, 0, 0, 0, 0, 0, 0, 0, 0, 0, 0, 0, 0, 0, 0, 0, 0, 0, 0, 0, 0, 0, 0, 0, 0, 0, 0, 0, 0, 0, 0, 0, 0, 0, 0, 0, 0, 0, 0, 0, 0, 0, 0, 0, 0, 0, 0, 0, 0, 0, 0, 0, 0, 0, 0, 0, 0, 0, 0, 0, 0, 0, 0, 0, 0, 0, 0, 0, 0, 0, 0, 0, 0, 0, 0, 0, 0, 0, 0, 0, 0, 0, 0, 0, 0, 0, 0, 0, 0, 0, 0, 0, 0, 0, 0, 0, 0, 0, 0, 0, 0, 0, 0, 0, 0, 0, 0, 0, 0, 0, 0, 0, 0, 0, 0, 0, 0, 0, 0, 0, 0, 0, 0, 0, 0, 0, 0, 0, 0, 0, 0, 0, 0, 0, 0, 0, 0, 0, 0, 0, 0, 0, 0, 0, 0, 0, 0, 0, 0, 0, 0, 0, 0, 0, 0, 0, 0, 0, 0, 0, 0, 0, 0, 0, 0, 0, 0, 0, 0, 0, 0, 0, 0, 0, 0, 0, 0, 0, 0, 0, 0, 0, 0, 0, 0, 0, 0, 0, 0, 0, 0, 0, 0, 0, 0, 0, 0, 0, 0, 0, 0, 0, 0, 0, 0, 0, 0, 0, 0, 0, 0, 0, 0, 0, 0, 0, 0, 0, 0, 0, 0, 0, 0, 0, 0, 0, 0, 0, 0, 0, 0, 0, 0, 0, 0, 0, 0, 0, 0, 0, 0, 0, 0, 0, 0, 0, 0, 0, 0, 0, 0, 0, 0, 0, 0, 0, 0, 0, 0, 0, 0, 0, 0, 0, 0, 0, 0, 0, 0.3090170919895172, 0.9510564804077148, 0, 0, 0, 0, 0, 0, 0, 0, 0, 0, 0, 0, 0, 0, 0, 0, 0, 0, 0, 0, 0, 0, 0, 0, 0, 0, 0, 0, 0.30901673436164856, 0.9510565996170044, 0, 0, 0, 0, 0, 0, 0, 0, 0, 0, 0, 0, 0, 0, 0, 0, 0, 0, 0, 0, 0, 0, 0.3090170621871948, 0.9510564804077148, 0, 0, 0, 0, 0, 0, 0, 0, 0, 0, 0, 0, 0, 0, 0, 0, 0, 0, 0, 0, 0, 0, 0, 0, 0, 0, 0, 0, 0.30901703238487244, 0.9510564804077148, 0, 0, 0, 0, 0, 0, 0, 0, 0, 0, 0, 0, 0, 0, 0, 0, 0, 0, 0, 0, 0, 0, 0, 0, 0, 0, 0, 0, 0, 0, 0, 0.30901670455932617, 0.9510565996170044, 0, 0, 0, 0, 0, 0, 0, 0, 0, 0, 0, 0, 0, 0, 0, 0, 0, 0, 0, 0, 0, 0, 0, 0, 0, 0, 0, 0, 0.3090170621871948, 0.9510564804077148, 0, 0, 0, 0, 0, 0, 0, 0, 0, 0, 0, 0, 0, 0, 0, 0, 0, 0, 0, 0, 0, 0, 0, 0, 0, 0, 0, 0, 0.3090170621871948, 0.9510564804077148, 0, 0, 0, 0, 0, 0, 0, 0, 0, 0, 0, 0, 0, 0, 0, 0, 0, 0, 0, 0, 0, 0, 0.3090170919895172, 0.9510564804077148, 0, 0, 0, 0, 0, 0, 0, 0, 0, 0, 0, 0, 0, 0, 0, 0, 0, 0, 0, 0, 0, 0, 0, 0, 0, 0, 0, 0, 0, 0, 0, 0, 0, 0, 0, 0, 0, 0.3090170621871948, 0.9510564804077148, 0, 0, 0, 0, 0, 0, 0, 0, 0, 0, 0, 0, 0, 0, 0, 0, 0, 0, 0, 0, 0, 0, 0, 0, 0, 0, 0, 0, 0.3090170919895172, 0.9510564804077148, 0, 0, 0, 0, 0, 0, 0, 0, 0, 0, 0, 0, 0, 0, 0, 0, 0, 0, 0, 0, 0, 0, 0.30901703238487244, 0.9510564804077148, 0, 0, 0, 0, 0, 0, 0, 0, 0, 0, 0, 0, 0, 0, 0, 0, 0, 0, 0, 0, 0, 0, 0, 0, 0, 0, 0, 0, 0.30901703238487244, 0.9510564804077148, 0, 0, 0, 0, 0, 0, 0, 0, 0, 0, 0, 0, 0, 0, 0, 0, 0, 0, 0, 0, 0, 0, 0, 0, 0, 0, 0, 0, 0, 0, 0, 0.3090174198150635, 0.9510563611984253, 0, 0, 0, 0, 0, 0, 0, 0, 0, 0, 0, 0, 0, 0, 0, 0, 0, 0, 0, 0, 0, 0, 0, 0, 0, 0, 0, 0, 0.30901670455932617, 0.9510565996170044, 0, 0, 0, 0, 0, 0, 0, 0, 0, 0, 0, 0, 0, 0, 0, 0, 0, 0, 0, 0, 0, 0, 0, 0, 0, 0, 0, 0, 0.30901673436164856, 0.9510565996170044, 0, 0, 0, 0, 0, 0, 0, 0, 0, 0, 0, 0, 0, 0, 0, 0, 0, 0, 0, 0, 0, 0, 0.30901744961738586, 0.9510563611984253, 0, 0, 0, 0, 0, 0, 0, 0, 0, 0, 0, 0, 0, 0, 0, 0, 0, 0, 0, 0, 0, 0, 0, 0, 0, 0, 0, 0, 0, 0, 0, 0, 0, 0, 0, 0, 0, 0.30901673436164856, 0.9510565996170044, 0, 0, 0, 0, 0, 0, 0, 0, 0, 0, 0, 0, 0, 0, 0, 0, 0, 0, 0, 0, 0, 0, 0, 0, 0, 0, 0, 0, 0.3090166747570038, 0.9510565996170044, 0, 0, 0, 0, 0, 0, 0, 0, 0, 0, 0, 0, 0, 0, 0, 0, 0, 0, 0, 0, 0, 0, 0.3090173900127411, 0.9510563611984253, 0, 0, 0, 0, 0, 0, 0, 0, 0, 0, 0, 0, 0, 0, 0, 0, 0, 0, 0, 0, 0, 0, 0, 0, 0, 0, 0, 0, 0.30901673436164856, 0.9510565996170044, 0, 0, 0, 0, 0, 0, 0, 0, 0, 0, 0, 0, 0, 0, 0, 0, 0, 0, 0, 0, 0, 0, 0, 0, 0, 0, 0, 0, 0, 0, 0, 0.30901670455932617, 0.9510565996170044, 0, 0, 0, 0, 0, 0, 0, 0, 0, 0, 0, 0, 0, 0, 0, 0, 0, 0, 0, 0, 0, 0, 0, 0, 0, 0, 0, 0, 0.3090173900127411, 0.9510563611984253, 0, 0, 0, 0, 0, 0, 0, 0, 0, 0, 0, 0, 0, 0, 0, 0, 0, 0, 0, 0, 0, 0, 0, 0, 0, 0, 0, 0, 0.30901673436164856, 0.9510565996170044, 0, 0, 0, 0, 0, 0, 0, 0, 0, 0, 0, 0, 0, 0, 0, 0, 0, 0, 0, 0, 0, 0, 0.30901744961738586, 0.9510563611984253, 0, 0, 0, 0, 0, 0, 0, 0, 0, 0, 0, 0, 0, 0, 0, 0, 0, 0, 0, 0, 0, 0, 0, 0, 0, 0, 0, 0, 0, 0, 0, 0, 0, 0, 0, 0, 0, 0.3090174198150635, 0.9510563611984253, 0, 0, 0, 0, 0, 0, 0, 0, 0, 0, 0, 0, 0, 0, 0, 0, 0, 0, 0, 0, 0, 0, 0, 0, 0, 0, 0, 0, 0.30901673436164856, 0.9510565996170044, 0, 0, 0, 0, 0, 0, 0, 0, 0, 0, 0, 0, 0, 0, 0, 0, 0, 0, 0, 0, 0, 0, 0.3090173304080963, 0.9510564208030701, 0, 0, 0, 0, 0, 0, 0, 0, 0, 0, 0, 0, 0, 0, 0, 0, 0, 0, 0, 0, 0, 0, 0, 0, 0, 0, 0, 0, 0.30901673436164856, 0.9510565996170044, 0, 0, 0, 0, 0, 0, 0, 0, 0, 0, 0, 0, 0, 0, 0, 0, 0, 0, 0, 0, 0, 0, 0, 0, 0, 0, 0, 0, 0, 0, 0, 0.3090166747570038, 0.9510565996170044, 0, 0, 0, 0, 0, 0, 0, 0, 0, 0, 0, 0, 0, 0, 0, 0, 0, 0, 0, 0, 0, 0, 0, 0, 0, 0, 0, 0, 0.3090173900127411, 0.9510563611984253, 0, 0, 0, 0, 0, 0, 0, 0, 0, 0, 0, 0, 0, 0, 0, 0, 0, 0, 0, 0, 0, 0, 0, 0, 0, 0, 0, 0, 0.30901673436164856, 0.9510565996170044, 0, 0, 0, 0, 0, 0, 0, 0, 0, 0, 0, 0, 0, 0, 0, 0, 0, 0, 0, 0, 0, 0, 0.30901673436164856, 0.9510565996170044, 0, 0, 0, 0, 0, 0, 0, 0, 0, 0, 0, 0, 0, 0, 0, 0, 0, 0, 0, 0, 0, 0, 0, 0, 0, 0, 0, 0, 0, 0, 0, 0, 0, 0, 0, 0, 0, 0.30901601910591125, 0.9510568380355835, 0, 0, 0, 0, 0, 0, 0, 0, 0, 0, 0, 0, 0, 0, 0, 0, 0, 0, 0, 0, 0, 0, 0, 0, 0, 0, 0, 0, 0.3090173304080963, 0.9510564208030701, 0, 0, 0, 0, 0, 0, 0, 0, 0, 0, 0, 0, 0, 0, 0, 0, 0, 0, 0, 0, 0, 0, 0.30901673436164856, 0.9510565996170044, 0, 0, 0, 0, 0, 0, 0, 0, 0, 0, 0, 0, 0, 0, 0, 0, 0, 0, 0, 0, 0, 0, 0, 0, 0, 0, 0, 0, 0.30901744961738586, 0.9510563611984253, 0, 0, 0, 0, 0, 0, 0, 0, 0, 0, 0, 0, 0, 0, 0, 0, 0, 0, 0, 0, 0, 0, 0, 0, 0, 0, 0, 0, 0, 0, 0, 0.3090173900127411, 0.9510563611984253, 0, 0, 0, 0, 0, 0, 0, 0, 0, 0, 0, 0, 0, 0, 0, 0, 0, 0, 0, 0, 0, 0, 0, 0, 0, 0, 0, 0, 0.30901744961738586, 0.9510563611984253, 0, 0, 0, 0, 0, 0, 0, 0, 0, 0, 0, 0, 0, 0, 0, 0, 0, 0, 0, 0, 0, 0, 0, 0, 0, 0, 0, 0, 0.30901601910591125, 0.9510568380355835, 0, 0, 0, 0, 0, 0, 0, 0, 0, 0, 0, 0, 0, 0, 0, 0, 0, 0, 0, 0, 0, 0, 0.30901744961738586, 0.9510563611984253, 0, 0, 0, 0, 0, 0, 0, 0, 0, 0, 0, 0, 0, 0, 0, 0, 0, 0, 0, 0, 0, 0, 0, 0, 0, 0, 0, 0, 0, 0, 0, 0, 0, 0, 0, 0, 0, 0.30901744961738586, 0.9510563611984253, 0, 0, 0, 0, 0, 0, 0, 0, 0, 0, 0, 0, 0, 0, 0, 0, 0, 0, 0, 0, 0, 0, 0, 0, 0, 0, 0, 0, 0.30901601910591125, 0.9510568380355835, 0, 0, 0, 0, 0, 0, 0, 0, 0, 0, 0, 0, 0, 0, 0, 0, 0, 0, 0, 0, 0, 0, 0.3090173304080963, 0.9510564208030701, 0, 0, 0, 0, 0, 0, 0, 0, 0, 0, 0, 0, 0, 0, 0, 0, 0, 0, 0, 0, 0, 0, 0, 0, 0, 0, 0, 0, 0.3090175688266754, 0.9510563015937805, 0, 0, 0, 0, 0, 0, 0, 0, 0, 0, 0, 0, 0, 0, 0, 0, 0, 0, 0, 0, 0, 0, 0, 0, 0, 0, 0, 0, 0, 0, 0, 0.3090158998966217, 0.9510568976402283, 0, 0, 0, 0, 0, 0, 0, 0, 0, 0, 0, 0, 0, 0, 0, 0, 0, 0, 0, 0, 0, 0, 0, 0, 0, 0, 0, 0, 0.30901744961738586, 0.9510563611984253, 0, 0, 0, 0, 0, 0, 0, 0, 0, 0, 0, 0, 0, 0, 0, 0, 0, 0, 0, 0, 0, 0, 0, 0, 0, 0, 0, 0, 0.30901744961738586, 0.9510563611984253, 0, 0, 0, 0, 0, 0, 0, 0, 0, 0, 0, 0, 0, 0, 0, 0, 0, 0, 0, 0, 0, 0, 0.30901601910591125, 0.9510568380355835, 0, 0, 0, 0, 0, 0, 0, 0, 0, 0, 0, 0, 0, 0, 0, 0, 0, 0, 0, 0, 0, 0, 0, 0, 0, 0, 0, 0, 0, 0, 0, 0, 0, 0, 0, 0, 0, 0.30901744961738586, 0.9510563611984253, 0, 0, 0, 0, 0, 0, 0, 0, 0, 0, 0, 0, 0, 0, 0, 0, 0, 0, 0, 0, 0, 0, 0, 0, 0, 0, 0, 0, 0.30901744961738586, 0.9510563611984253, 0, 0, 0, 0, 0, 0, 0, 0, 0, 0, 0, 0, 0, 0, 0, 0, 0, 0, 0, 0, 0, 0, 0.3090158998966217, 0.9510568976402283, 0, 0, 0, 0, 0, 0, 0, 0, 0, 0, 0, 0, 0, 0, 0, 0, 0, 0, 0, 0, 0, 0, 0, 0, 0, 0, 0, 0, 0.30901744961738586, 0.9510563611984253, 0, 0, 0, 0, 0, 0, 0, 0, 0, 0, 0, 0, 0, 0, 0, 0, 0, 0, 0, 0, 0, 0, 0, 0, 0, 0, 0, 0, 0, 0, 0, 0.30901744961738586, 0.9510563611984253, 0, 0, 0, 0, 0, 0, 0, 0, 0, 0, 0, 0, 0, 0, 0, 0, 0, 0, 0, 0, 0, 0, 0, 0, 0, 0, 0, 0, 0.3090158998966217, 0.9510568976402283, 0, 0, 0, 0, 0, 0, 0, 0, 0, 0, 0, 0, 0, 0, 0, 0, 0, 0, 0, 0, 0, 0, 0, 0, 0, 0, 0, 0, 0.3090175688266754, 0.9510563015937805, 0, 0, 0, 0, 0, 0, 0, 0, 0, 0, 0, 0, 0, 0, 0, 0, 0, 0, 0, 0, 0, 0, 0.30901724100112915, 0.9510564208030701, 0, 0, 0, 0, 0, 0, 0, 0, 0, 0, 0, 0, 0, 0, 0, 0, 0, 0, 0, 0, 0, 0, 0, 0, 0, 0, 0, 0, 0, 0, 0, 0, 0, 0, 0, 0, 0, 0.30901601910591125, 0.9510568380355835, 0, 0, 0, 0, 0, 0, 0, 0, 0, 0, 0, 0, 0, 0, 0, 0, 0, 0, 0, 0, 0, 0, 0, 0, 0, 0, 0, 0, 0.30901744961738586, 0.9510563611984253, 0, 0, 0, 0, 0, 0, 0, 0, 0, 0, 0, 0, 0, 0, 0, 0, 0, 0, 0, 0, 0, 0, 0.30901744961738586, 0.9510563611984253, 0, 0, 0, 0, 0, 0, 0, 0, 0, 0, 0, 0, 0, 0, 0, 0, 0, 0, 0, 0, 0, 0, 0, 0, 0, 0, 0, 0, 0.30901744961738586, 0.9510563611984253, 0, 0, 0, 0, 0, 0, 0, 0, 0, 0, 0, 0, 0, 0, 0, 0, 0, 0, 0, 0, 0, 0, 0, 0, 0, 0, 0, 0, 0, 0, 0, 0.30901601910591125, 0.9510568380355835, 0, 0, 0, 0, 0, 0, 0, 0, 0, 0, 0, 0, 0, 0, 0, 0, 0, 0, 0, 0, 0, 0, 0, 0, 0, 0, 0, 0, 0.3090173304080963, 0.9510564208030701, 0, 0, 0, 0, 0, 0, 0, 0, 0, 0, 0, 0, 0, 0, 0, 0, 0, 0, 0, 0, 0, 0, 0, 0, 0, 0, 0, 0, 0.30901744961738586, 0.9510563611984253, 0, 0, 0, 0, 0, 0, 0, 0, 0, 0, 0, 0, 0, 0, 0, 0, 0, 0, 0, 0, 0, 0, 0.30901601910591125, 0.9510568380355835, 0, 0, 0, 0, 0, 0, 0, 0, 0, 0, 0, 0, 0, 0, 0, 0, 0, 0, 0, 0, 0, 0, 0, 0, 0, 0, 0, 0, 0, 0, 0, 0, 0, 0, 0, 0, 0, 0, 0, 0, 0, 0, 0, 0, 0, 0, 0, 0, 0, 0, 0, 0, 0, 0, 0, 0, 0, 0, 0, 0, 0, 0, 0, 0, 0, 0, 0, 0, 0, 0, 0, 0, 0, 0, 0, 0, 0, 0, 0, 0, 0, 0, 0, 0, 0, 0, 0, 0, 0, 0, 0, 0, 0, 0, 0, 0, 0, 0, 0, 0, 0, 0, 0, 0, 0, 0, 0, 0, 0, 0, 0, 0, 0, 0, 0, 0, 0, 0, 0, 0, 0, 0, 0, 0, 0, 0, 0, 0, 0, 0, 0, 0, 0, 0, 0, 0, 0, 0, 0, 0, 0, 0, 0, 0, 0, 0, 0, 0, 0, 0, 0, 0, 0, 0, 0, 0, 0, 0, 0, 0, 0, 0, 0, 0, 0, 0, 0, 0, 0, 0, 0, 0, 0, 0, 0, 0, 0, 0, 0, 0, 0, 0, 0, 0, 0, 0, 0, 0, 0, 0, 0, 0, 0, 0, 0, 0, 0, 0, 0, 0, 0, 0, 0, 0, 0, 0, 0, 0, 0, 0, 0, 0, 0, 0, 0, 0, 0, 0, 0, 0, 0, 0, 0, 0, 0, 0, 0, 0, 0, 0, 0, 0, 0, 0, 0, 0, 0, 0, 0, 0, 0, 0, 0, 0, 0, 0, 0, 0, 0, 0, 0, 0, 0, 0, 0, 0, 0, 0, 0, 0, 0, 0, 0, 0, 0, 0, 0, 0, 0, 0, 0, 0, 0, 0, 0, 0, 0, 0, 0, 0, 0, 0, 0, 0, 0, 0, 0, 0, 0, 0, 0, 0, 0, 0, 0, 0, 0, 0, 0, 0, 0, 0, 0, 0, 0, 0, 0, 0, 0, 0, 0, 0, 0, 0, 0, 0, 0, 0, 0, 0, 0, 0, 0, 0, 0, 0, 0, 0, 0, 0, 0, 0, 0, 0, 0, 0, 0, 0, 0, 0, 0, 0, 0, 0, 0, 0, 0, 0, 0, 0, 0, 0, 0, 0, 0, 0, 0, 0, 0, 0, 0, 0, 0, 0, 0, 0, 0, 0, 0, 0, 0, 0, 0, 0, 0, 0, 0, 0, 0, 0, 0, 0, 0, 0, 0, 0, 0, 0, 0, 0, 0, 0, 0, 0, 0, 0, 0, 0, 0, 0, 0, 0, 0, 0, 0, 0, 0, 0, 0, 0, 0, 0, 0, 0, 0, 0, 0, 0, 0, 0, 0, 0, 0, 0, 0, 0, 0, 0, 0, 0, 0, 0, 0, 0, 0, 0, 0, 0, 0, 0, 0, 0, 0, 0, 0, 0, 0, 0, 0, 0, 0, 0, 0, 0, 0, 0, 0, 0, 0, 0, 0, 0, 0, 0, 0, 0, 0, 0, 0, 0, 0, 0, 0, 0, 0, 0, 0, 0, 0, 0, 0, 0, 0, 0, 0, 0, 0, 0, 0, 0, 0, 0, 0, 0, 0, 0, 0, 0, 0, 0, 0, 0, 0, 0, 0, 0, 0, 0, 0, 0, 0, 0, 0, 0, 0, 0, 0, 0, 0, 0, 0, 0, 0, 0, 0, 0, 0, 0, 0, 0, 0, 0, 0, 0, 0, 0, 0, 0, 0, 0, 0, 0, 0, 0, 0, 0, 0, 0, 0, 0, 0, 0, 0, 0, 0, 0, 0, 0, 0, 0, 0, 0, 0, 0, 0, 0, 0, 0, 0, 0, 0, 0, 0, 0, 0, 0, 0, 0, 0, 0, 0, 0, 0, 0, 0, 0, 0, 0, 0, 0, 0, 0, 0, 0, 0, 0, 0, 0, 0, 0, 0, 0, 0, 0, 0, 0, 0, 0, 0, 0, 0, 0, 0, 0, 0, 0, 0, 0, 0, 0, 0, 0, 0, 0, 0, 0, 0, 0, 0, 0, 0, 0, 0, 0, 0, 0, 0, 0, 0, 0, 0, 0, 0, 0, 0, 0, 0, 0, 0, 0, 0, 0, 0, 0, 0, 0, 0, 0, 0, 0, 0, 0, 0, 0, 0, 0, 0, 0, 0, 0, 0, 0, 0, 0, 0, 0, 0, 0, 0, 0, 0, 0, 0, 0, 0, 0, 0, 0, 0, 0, 0, 0, 0, 0, 0, 0, 0, 0, 0, 0, 0, 0, 0, 0, 0, 0, 0, 0, 0, 0, 0, 0, 0, 0, 0, 0, 0, 0, 0, 0, 0, 0, 0, 0, 0, 0, 0, 0, 0, 0, 0, 0, 0, 0, 0, 0, 0, 0, 0, 0, 0, 0, 0, 0, 0, 0, 0, 0, 0, 0, 0, 0, 0, 0, 0, 0, 0, 0, 0, 0, 0, 0, 0, 0, 0, 0, 0, 0, 0, 0, 0, 0, 0, 0, 0, 0, 0, 0, 0, 0, 0, 0, 0, 0, 0, 0, 0, 0, 0, 0, 0, 0, 0, 0, 0, 0, 0, 0, 0, 0, 0, 0, 0, 0, 0, 0, 0, 0, 0, 0, 0, 0, 0, 0, 0, 0, 0, 0, 0, 0, 0, 0, 0, 0, 0, 0, 0, 0, 0, 0, 0, 0, 0, 0, 0, 0, 0, 0, 0, 0, 0, 0, 0, 0, 0, 0, 0, 0, 0, 0, 0, 0, 0, 0, 0, 0, 0, 0, 0, 0, 0, 0, 0, 0, 0, 0, 0, 0, 0, 0, 0, 0, 0, 0, 0, 0, 0, 0, 0, 0, 0, 0, 0, 0, 0, 0, 0, 0, 0, 0, 0, 0, 0, 0, 0, 0, 0, 0, 0, 0, 0, 0, 0, 0, 0, 0, 0, 0, 0, 0, 0, 0, 0, 0, 0, 0, 0, 0, 0, 0, 0, 0, 0, 0, 0, 0, 0, 0, 0, 0, 0, 0, 0, 0, 0, 0, 0, 0, 0, 0, 0, 0, 0, 0, 0, 0, 0, 0, 0, 0, 0, 0, 0, 0, 0, 0, 0, 0, 0, 0, 0, 0, 0, 0, 0, 0, 0, 0, 0, 0, 0, 0, 0, 0, 0, 0, 0, 0, 0, 0, 0, 0, 0, 0, 0, 0, 0, 0, 0, 0, 0, 0, 0, 0, 0, 0, 0, 0, 0, 0, 0, 0, 0, 0, 0, 0, 0, 0, 0, 0, 0, 0, 0, 0, 0, 0, 0, 0, 0, 0, 0, 0, 0, 0, 0, 0, 0, 0, 0, 0, 0, 0, 0, 0, 0, 0, 0, 0, 0, 0, 0, 0, 0, 0, 0, 0, 0, 0, 0, 0, 0, 0, 0, 0, 0, 0, 0, 0, 0, 0, 0, 0, 0, 0, 0, 0, 0, 0, 0, 0, 0, 0, 0, 0, 0, 0, 0, 0, 0, 0, 0, 0, 0, 0, 0, 0, 0, 0, 0, 0, 0, 0, 0, 0, 0, 0, 0, 0, 0, 0, 0, 0, 0, 0, 0, 0, 0, 0, 0, 0, 0, 0, 0, 0, 0, 0, 0, 0, 0, 0, 0, 0, 0, 0, 0, 0, 0, 0, 0, 0, 0, 0, 0, 0, 0, 0, 0, 0, 0, 0, 0, 0, 0, 0, 0, 0, 0, 0, 0, 0, 0, 0, 0, 0, 0, 0, 0, 0, 0, 0, 0, 0, 0, 0, 0, 0, 0, 0, 0, 0, 0, 0, 0, 0, 0, 0, 0, 0, 0, 0, 0, 0, 0, 0, 0, 0, 0, 0, 0, 0, 0, 0, 0, 0, 0, 0, 0, 0, 0, 0, 0, 0, 0, 0, 0, 0, 0, 0, 0, 0, 0, 0, 0, 0, 0, 0, 0, 0, 0, 0, 0, 0, 0, 0, 0, 0, 0, 0, 0, 0, 0, 0, 0, 0, 0, 0, 0, 0, 0, 0, 0, 0, 0, 0, 0, 0, 0, 0, 0, 0, 0, 0, 0, 0, 0, 0, 0, 0, 0, 0, 0, 0, 0, 0, 0, 0, 0, 0, 0, 0, 0, 0, 0, 0, 0, 0, 0, 0, 0, 0, 0, 0, 0, 0, 0, 0, 0, 0, 0, 0, 0, 0, 0, 0, 0, 0, 0, 0, 0, 0, 0, 0, 0, 0, 0, 0, 0, 0, 0, 0, 0, 0, 0, 0, 0, 0, 0, 0, 0, 0, 0, 0, 0, 0, 0, 0, 0, 0, 0, 0, 0, 0, 0, 0, 0, 0, 0, 0, 0, 0, 0, 0, 0, 0, 0, 0, 0, 0, 0, 0, 0, 0, 0, 0, 0, 0, 0, 0, 0, 0, 0, 0, 0, 0, 0, 0, 0, 0, 0, 0, 0, 0, 0, 0, 0, 0, 0, 0, 0, 0, 0, 0, 0, 0, 0, 0, 0, 0, 0, 0, 0, 0, 0, 0, 0, 0, 0, 0, 0, 0, 0, 0, 0, 0, 0, 0, 0, 0, 0, 0, 0, 0, 0, 0, 0, 0, 0, 0, 0, 0, 0, 0, 0, 0, 0, 0, 0, 0, 0, 0, 0, 0, 0, 0, 0, 0, 0, 0, 0, 0, 0, 0, 0, 0, 0, 0, 0, 0, 0, 0, 0, 0, 0, 0, 0, 0, 0, 0, 0, 0, 0, 0, 0, 0, 0, 0, 0, 0, 0, 0, 0, 0, 0, 0, 0, 0, 0, 0, 0, 0, 0, 0, 0, 0, 0, 0, 0, 0, 0, 0, 0, 0, 0, 0, 0, 0, 0, 0, 0, 0, 0, 0, 0, 0, 0, 0, 0, 0, 0, 0, 0, 0, 0, 0, 0, 0, 0, 0, 0, 0, 0, 0, 0, 0, 0, 0, 0, 0, 0, 0, 0, 0, 0, 0, 0, 0, 0, 0, 0, 0, 0, 0, 0, 0, 0, 0, 0, 0, 0, 0, 0, 0, 0, 0, 0, 0, 0, 0, 0, 0, 0, 0, 0, 0, 0, 0, 0, 0, 0, 0, 0, 0, 0, 0, 0, 0, 0, 0, 0, 0, 0, 0, 0, 0, 0, 0, 0, 0, 0, 0, 0, 0, 0, 0, 0, 0, 0, 0, 0, 0, 0, 0, 0, 0, 0, 0, 0, 0, 0, 0, 0, 0, 0, 0, 0, 0, 0, 0, 0, 0, 0, 0, 0, 0, 0, 0, 0, 0, 0, 0, 0, 0, 0, 0, 0, 0, 0, 0, 0, 0, 0, 0, 0, 0, 0, 0, 0, 0, 0, 0, 0, 0, 0, 0, 0, 0, 0, 0, 0, 0, 0, 0, 0, 0, 0, 0, 0, 0, 0, 0, 0, 0, 0, 0, 0, 0, 0, 0, 0, 0, 0, 0, 0, 0, 0, 0, 0, 0, 0, 0, 0, 0, 0, 0, 0, 0, 0, 0, 0, 0, 0, 0, 0, 0, 0, 0, 0, 0, 0, 0, 0, 0, 0, 0, 0, 0, 0, 0, 0, 0, 0, 0, 0, 0, 0, 0, 0, 0, 0, 0, 0, 0, 0, 0, 0, 0, 0, 0, 0, 0, 0, 0, 0, 0, 0, 0, 0, 0, 0, 0, 0, 0, 0, 0, 0, 0, 0, 0, 0, 0, 0, 0, 0, 0, 0, 0, 0, 0, 0, 0, 0, 0, 0, 0, 0, 0, 0, 0, 0, 0, 0, 0, 0, 0, 0, 0, 0, 0, 0, 0, 0, 0, 0, 0, 0, 0, 0, 0, 0, 0, 0, 0, 0, 0, 0, 0, 0, 0, 0, 0, 0, 0, 0, 0, 0, 0, 0, 0, 0, 0, 0, 0, 0, 0, 0, 0, 0, 0, 0, 0, 0, 0, 0, 0, 0, 0, 0, 0, 0, 0, 0, 0, 0, 0, 0, 0, 0, 0, 0, 0, 0, 0, 0, 0, 0, 0, 0, 0, 0, 0, 0, 0, 0, 0, 0, 0, 0, 0, 0, 0, 0, 0, 0, 0, 0, 0, 0, 0, 0, 0, 0, 0, 0, 0, 0, 0, 0, 0, 0, 0, 0, 0, 0, 0, 0, 0, 0, 0, 0, 0, 0, 0, 0, 0, 0, 0, 0, 0, 0, 0, 0, 0, 0, 0, 0, 0, 0, 0, 0, 0, 0, 0, 0, 0, 0, 0, 0, 0, 0, 0, 0, 0, 0, 0, 0, 0, 0, 0, 0, 0, 0, 0, 0, 0, 0, 0, 0, 0, 0, 0, 0, 0, 0, 0, 0, 0, 0, 0, 0, 0, 0, 0, 0, 0, 0, 0, 0, 0, 0, 0, 0, 0, 0, 0, 0, 0, 0, 0, 0, 0, 0, 0, 0, 0, 0, 0, 0, 0, 0, 0, 0, 0, 0, 0, 0, 0, 0, 0, 0, 0, 0, 0, 0, 0, 0, 0, 0, 0, 0, 0, 0, 0, 0, 0, 0, 0, 0, 0, 0, 0, 0, 0, 0, 0, 0, 0, 0, 0, 0, 0, 0, 0, 0, 0, 0, 0, 0, 0, 0, 0, 0, 0, 0, 0, 0, 0, 0, 0, 0, 0, 0, 0, 0, 0, 0, 0, 0, 0, 0, 0, 0, 0, 0, 0, 0, 0, 0, 0, 0, 0, 0, 0, 0, 0, 0, 0, 0, 0, 0, 0, 0, 0, 0, 0, 0, 0, 0, 0, 0, 0, 0, 0, 0, 0, 0, 0, 0, 0, 0, 0, 0, 0, 0, 0, 0, 0, 0, 0, 0, 0, 0, 0, 0, 0, 0, 0, 0, 0, 0, 0, 0, 0, 0, 0, 0, 0, 0, 0, 0, 0, 0, 0, 0, 0, 0, 0, 0, 0, 0, 0, 0, 0, 0, 0, 0, 0, 0, 0, 0, 0, 0, 0, 0, 0, 0, 0, 0, 0, 0, 0, 0, 0, 0, 0, 0, 0, 0, 0, 0, 0, 0, 0, 0, 0, 0, 0, 0, 0, 0, 0, 0, 0, 0, 0, 0, 0, 0, 0, 0, 0, 0, 0, 0, 0, 0, 0, 0, 0, 0, 0, 0, 0, 0, 0, 0, 0, 0, 0, 0, 0, 0, 0, 0, 0, 0, 0, 0, 0, 0, 0, 0, 0, 0, 0, 0, 0, 0, 0, 0, 0, 0, 0, 0, 0, 0, 0, 0, 0, 0, 0, 0, 0, 0, 0, 0, 0, 0, 0, 0, 0, 0, 0, 0, 0, 0, 0, 0, 0, 0, 0, 0, 0, 0, 0, 0, 0, 0, 0, 0, 0, 0, 0, 0, 0, 0, 0, 0, 0, 0, 0, 0, 0, 0, 0, 0, 0, 0, 0, 0, 0, 0, 0, 0, 0, 0, 0, 0, 0, 0, 0, 0, 0, 0, 0, 0, 0, 0, 0, 0, 0, 0, 0, 0, 0, 0, 0, 0, 0, 0, 0, 0, 0, 0, 0, 0, 0, 0, 0, 0, 0, 0, 0, 0, 0, 0, 0, 0, 0, 0, 0, 0, 0, 0, 0, 0, 0, 0, 0, 0, 0, 0, 0, 0, 0, 0, 0, 0, 0, 0, 0, 0, 0, 0, 0, 0, 0, 0, 0, 0, 0, 0, 0, 0, 0, 0, 0, 0, 0, 0, 0, 0, 0, 0, 0, 0, 0, 0, 0, 0, 0, 0, 0, 0, 0, 0, 0, 0, 0, 0, 0, 0, 0, 0, 0, 0, 0, 0, 0, 0, 0, 0, 0, 0, 0, 0, 0, 0, 0, 0, 0, 0, 0, 0, 0, 0, 0, 0, 0, 0, 0, 0, 0, 0, 0, 0, 0, 0, 0, 0, 0, 0, 0, 0, 0, 0, 0, 0, 0, 0, 0, 0, 0, 0, 0, 0, 0, 0, 0, 0, 0, 0, 0, 0, 0, 0, 0, 0, 0, 0, 0, 0, 0, 0, 0, 0, 0, 0, 0, 0, 0, 0, 0, 0, 0, 0, 0, 0, 0, 0, 0, 0, 0, 0, 0, 0, 0, 0, 0, 0, 0, 0, 0, 0, 0, 0, 0, 0, 0, 0, 0, 0, 0, 0, 0, 0, 0, 0, 0, 0, 0, 0, 0, 0, 0, 0, 0, 0, 0, 0, 0, 0, 0, 0, 0, 0, 0, 0, 0, 0, 0, 0, 0, 0, 0, 0, 0.30901601910591125, 0.9510568380355835, 0, 0, 0, 0, 0, 0, 0, 0, 0, 0, 0, 0, 0, 0, 0, 0, 0.3090173304080963, 0.9510564208030701, 0, 0, 0, 0, 0, 0, 0, 0, 0, 0, 0, 0, 0, 0, 0, 0, 0.30901744961738586, 0.9510563611984253, 0, 0, 0, 0, 0, 0, 0, 0, 0, 0, 0, 0, 0, 0, 0, 0, 0.30901601910591125, 0.9510568380355835, 0, 0, 0, 0, 0, 0, 0, 0, 0, 0, 0, 0, 0, 0, 0, 0, 0, 0, 0, 0, 0, 0, 0, 0, 0, 0, 0, 0, 0, 0, 0, 0, 0, 0, 0, 0, 0, 0, 0, 0, 0, 0, 0, 0, 0, 0, 0, 0, 0, 0, 0, 0, 0, 0, 0, 0, 0, 0, 0, 0, 0, 0, 0, 0, 0, 0, 0, 0, 0, 0, 0, 0, 0, 0, 0, 0, 0, 0, 0, 0, 0, 0, 0, 0, 0, 0, 0, 0, 0, 0, 0, 0, 0, 0, 0, 0, 0, 0, 0, 0, 0, 0, 0, 0, 0, 0, 0, 0, 0, 0, 0, 0, 0, 0, 0, 0, 0, 0, 0, 0, 0, 0, 0, 0, 0, 0, 0, 0, 0, 0, 0, 0, 0, 0, 0, 0, 0, 0, 0, 0, 0, 0, 0, 0, 0, 0, 0, 0, 0, 0, 0, 0, 0, 0, 0, 0, 0, 0, 0, 0, 0, 0, 0, 0, 0, 0, 0, 0, 0, 0, 0, 0, 0, 0, 0, 0, 0, 0, 0, 0, 0, 0, 0, 0, 0, 0, 0, 0, 0, 0, 0, 0, 0, 0, 0, 0, 0, 0, 0, 0, 0, 0, 0, 0, 0, 0, 0, 0, 0, 0, 0, 0, 0, 0, 0, 0, 0, 0, 0, 0, 0, 0, 0, 0, 0, 0, 0, 0, 0, 0, 0, 0, 0, 0, 0, 0, 0, 0, 0, 0, 0, 0, 0, 0, 0, 0, 0, 0, 0, 0, 0, 0, 0, 0, 0, 0, 0, 0, 0, 0, 0, 0, 0, 0, 0, 0, 0, 0, 0, 0, 0, 0, 0, 0, 0, 0, 0, 0, 0, 0, 0, 0, 0, 0, 0, 0, 0, 0, 0, 0, 0, 0, 0, 0, 0, 0, 0, 0, 0, 0, 0, 0, 0, 0, 0, 0, 0, 0, 0, 0, 0, 0, 0, 0, 0, 0, 0, 0, 0, 0, 0, 0, 0, 0, 0, 0, 0, 0, 0, 0, 0, 0, 0, 0, 0, 0, 0, 0, 0, 0, 0, 0, 0, 0, 0, 0, 0, 0, 0, 0, 0, 0, 0, 0, 0, 0, 0, 0, 0, 0, 0, 0, 0, 0, 0, 0, 0, 0, 0, 0, 0, 0, 0, 0, 0, 0, 0, 0, 0, 0, 0, 0, 0, 0, 0, 0, 0, 0, 0, 0, 0, 0, 0, 0, 0, 0, 0, 0, 0, 0, 0, 0, 0, 0, 0, 0, 0, 0, 0, 0, 0, 0, 0, 0, 0, 0, 0, 0, 0, 0, 0, 0, 0, 0, 0, 0, 0, 0, 0, 0, 0, 0, 0, 0, 0, 0, 0, 0, 0, 0, 0, 0, 0, 0, 0, 0, 0, 0, 0, 0, 0, 0, 0, 0, 0, 0, 0, 0, 0, 0, 0, 0, 0, 0, 0, 0, 0, 0, 0, 0, 0, 0, 0, 0, 0, 0, 0, 0, 0, 0, 0, 0, 0, 0, 0, 0, 0, 0, 0, 0, 0, 0, 0, 0, 0, 0, 0, 0, 0, 0, 0, 0, 0, 0, 0, 0, 0, 0, 0, 0, 0, 0, 0, 0, 0, 0, 0, 0, 0, 0, 0, 0, 0, 0, 0, 0, 0, 0, 0, 0, 0, 0, 0, 0, 0, 0, 0, 0, 0, 0, 0, 0, 0, 0, 0, 0, 0, 0, 0, 0, 0, 0, 0, 0, 0, 0, 0, 0, 0, 0, 0, 0, 0, 0, 0, 0, 0, 0, 0, 0, 0, 0, 0, 0, 0, 0, 0, 0, 0, 0, 0, 0, 0, 0, 0, 0, 0, 0, 0, 0, 0, 0, 0, 0, 0, 0, 0, 0, 0, 0, 0, 0, 0, 0, 0, 0, 0, 0, 0, 0, 0, 0, 0, 0, 0, 0, 0, 0, 0, 0, 0, 0, 0, 0, 0, 0, 0, 0, 0, 0, 0, 0, 0, 0, 0, 0, 0, 0, 0, 0, 0, 0, 0, 0, 0, 0, 0, 0, 0, 0, 0, 0, 0, 0, 0, 0, 0, 0, 0, 0, 0, 0, 0, 0, 0, 0, 0, 0, 0, 0, 0, 0, 0, 0, 0, 0, 0, 0, 0, 0, 0, 0, 0, 0, 0, 0, 0, 0, 0, 0, 0, 0, 0, 0, 0, 0, 0, 0, 0, 0, 0, 0, 0, 0, 0, 0, 0, 0, 0, 0, 0, 0, 0, 0, 0, 0, 0, 0, 0, 0, 0, 0, 0, 0, 0, 0, 0, 0, 0, 0, 0, 0, 0, 0, 0, 0, 0, 0, 0, 0, 0, 0, 0, 0, 0, 0, 0, 0, 0, 0, 0, 0, 0, 0, 0, 0, 0, 0, 0, 0, 0, 0, 0, 0, 0, 0, 0, 0, 0, 0, 0, 0, 0, 0, 0, 0, 0, 0, 0, 0, 0, 0, 0, 0, 0, 0, 0, 0, 0, 0, 0, 0, 0, 0, 0, 0, 0, 0, 0, 0, 0, 0, 0, 0, 0, 0, 0, 0, 0, 0, 0, 0, 0, 0, 0, 0, 0, 0, 0, 0, 0, 0, 0, 0, 0, 0, 0, 0, 0, 0, 0, 0, 0, 0, 0, 0, 0, 0, 0, 0, 0, 0, 0, 0, 0, 0, 0, 0, 0, 0, 0, 0, 0, 0, 0, 0, 0, 0, 0, 0, 0, 0, 0, 0, 0, 0, 0, 0, 0, 0, 0, 0, 0, 0, 0, 0, 0, 0, 0, 0, 0, 0, 0, 0, 0, 0, 0, 0, 0, 0, 0, 0, 0, 0, 0, 0, 0, 0, 0, 0, 0, 0, 0, 0, 0, 0, 0, 0, 0, 0, 0, 0, 0, 0, 0, 0, 0, 0, 0, 0, 0, 0, 0, 0, 0, 0, 0, 0, 0, 0, 0, 0, 0, 0, 0, 0, 0, 0, 0, 0, 0, 0, 0, 0, 0, 0, 0, 0, 0, 0, 0, 0, 0, 0, 0, 0, 0, 0, 0, 0, 0, 0, 0, 0, 0, 0, 0, 0, 0, 0, 0, 0, 0, 0, 0, 0, 0, 0, 0, 0, 0, 0, 0, 0, 0, 0, 0, 0, 0, 0, 0, 0, 0, 0, 0, 0, 0, 0, 0, 0, 0, 0, 0, 0, 0, 0, 0, 0, 0, 0, 0, 0, 0, 0, 0, 0, 0, 0, 0, 0, 0, 0, 0, 0, 0, 0, 0, 0, 0, 0, 0, 0, 0, 0, 0, 0, 0, 0, 0, 0, 0, 0, 0, 0, 0, 0, 0, 0, 0, 0, 0, 0, 0, 0, 0, 0, 0, 0, 0, 0, 0, 0, 0, 0, 0, 0, 0, 0, 0, 0, 0, 0, 0, 0, 0, 0, 0, 0, 0, 0, 0, 0, 0, 0, 0, 0, 0, 0, 0, 0, 0, 0, 0, 0, 0, 0, 0, 0, 0, 0, 0, 0, 0, 0, 0, 0, 0, 0, 0, 0, 0, 0, 0, 0, 0, 0, 0, 0, 0, 0, 0, 0, 0, 0, 0, 0, 0, 0, 0, 0, 0, 0, 0, 0, 0, 0, 0, 0, 0, 0, 0, 0, 0, 0, 0, 0, 0, 0, 0, 0, 0, 0, 0, 0, 0, 0, 0, 0, 0, 0, 0, 0, 0, 0, 0, 0, 0, 0, 0, 0, 0, 0, 0, 0, 0, 0, 0, 0, 0, 0, 0, 0, 0, 0, 0, 0, 0, 0, 0, 0, 0, 0, 0, 0, 0, 0, 0, 0, 0, 0, 0, 0, 0, 0, 0, 0, 0, 0, 0, 0, 0, 0, 0, 0, 0, 0, 0, 0, 0, 0, 0, 0, 0, 0, 0, 0, 0, 0, 0, 0, 0, 0, 0, 0, 0, 0, 0, 0, 0, 0, 0.30901601910591125, 0.9510568380355835, 0, 0, 0, 0, 0, 0, 0, 0, 0, 0, 0, 0, 0, 0, 0, 0, 0.3090173304080963, 0.9510564208030701, 0, 0, 0, 0, 0, 0, 0, 0, 0, 0, 0, 0, 0, 0, 0, 0, 0.30901744961738586, 0.9510563611984253, 0, 0, 0, 0, 0, 0, 0, 0, 0, 0, 0, 0, 0, 0, 0, 0, 0.30901601910591125, 0.9510568380355835, 0, 0, 0, 0, 0, 0, 0, 0, 0, 0, 0, 0, 0, 0, 0, 0, 0, 0, 0, 0, 0, 0, 0, 0, 0, 0.3090170919895172, 0.9510564804077148, 0, 0, 0, 0, 0, 0, 0, 0, 0, 0, 0, 0, 0, 0, 0, 0, 0.30901673436164856, 0.9510565996170044, 0, 0, 0, 0, 0, 0, 0, 0, 0, 0, 0, 0, 0, 0, 0, 0, 0.3090170621871948, 0.9510564804077148, 0, 0, 0, 0, 0, 0, 0, 0, 0, 0, 0, 0, 0, 0, 0, 0, 0.30901703238487244, 0.9510564804077148, 0, 0, 0, 0, 0, 0, 0, 0, 0, 0, 0, 0, 0, 0, 0, 0, 0, 0, 0, 0, 0, 0, 0, 0, 0, 0.30901670455932617, 0.9510565996170044, 0, 0, 0, 0, 0, 0, 0, 0, 0, 0, 0, 0, 0, 0, 0, 0, 0.3090170621871948, 0.9510564804077148, 0, 0, 0, 0, 0, 0, 0, 0, 0, 0, 0, 0, 0, 0, 0, 0, 0.3090170621871948, 0.9510564804077148, 0, 0, 0, 0, 0, 0, 0, 0, 0, 0, 0, 0, 0, 0, 0, 0, 0.3090170919895172, 0.9510564804077148, 0, 0, 0, 0, 0, 0, 0, 0, 0, 0, 0, 0, 0, 0, 0, 0, 0, 0, 0, 0, 0, 0, 0, 0, 0, 0.3090170621871948, 0.9510564804077148, 0, 0, 0, 0, 0, 0, 0, 0, 0, 0, 0, 0, 0, 0, 0, 0, 0.3090170919895172, 0.9510564804077148, 0, 0, 0, 0, 0, 0, 0, 0, 0, 0, 0, 0, 0, 0, 0, 0, 0.30901703238487244, 0.9510564804077148, 0, 0, 0, 0, 0, 0, 0, 0, 0, 0, 0, 0, 0, 0, 0, 0, 0.30901703238487244, 0.9510564804077148, 0, 0, 0, 0, 0, 0, 0, 0, 0, 0, 0, 0, 0, 0, 0, 0, 0, 0, 0, 0, 0, 0, 0, 0, 0, 0.3090174198150635, 0.9510563611984253, 0, 0, 0, 0, 0, 0, 0, 0, 0, 0, 0, 0, 0, 0, 0, 0, 0.30901670455932617, 0.9510565996170044, 0, 0, 0, 0, 0, 0, 0, 0, 0, 0, 0, 0, 0, 0, 0, 0, 0.30901673436164856, 0.9510565996170044, 0, 0, 0, 0, 0, 0, 0, 0, 0, 0, 0, 0, 0, 0, 0, 0, 0.30901744961738586, 0.9510563611984253, 0, 0, 0, 0, 0, 0, 0, 0, 0, 0, 0, 0, 0, 0, 0, 0, 0, 0, 0, 0, 0, 0, 0, 0, 0, 0.30901673436164856, 0.9510565996170044, 0, 0, 0, 0, 0, 0, 0, 0, 0, 0, 0, 0, 0, 0, 0, 0, 0.3090166747570038, 0.9510565996170044, 0, 0, 0, 0, 0, 0, 0, 0, 0, 0, 0, 0, 0, 0, 0, 0, 0.3090173900127411, 0.9510563611984253, 0, 0, 0, 0, 0, 0, 0, 0, 0, 0, 0, 0, 0, 0, 0, 0, 0.30901673436164856, 0.9510565996170044, 0, 0, 0, 0, 0, 0, 0, 0, 0, 0, 0, 0, 0, 0, 0, 0, 0, 0, 0, 0, 0, 0, 0, 0, 0, 0.30901670455932617, 0.9510565996170044, 0, 0, 0, 0, 0, 0, 0, 0, 0, 0, 0, 0, 0, 0, 0, 0, 0.3090173900127411, 0.9510563611984253, 0, 0, 0, 0, 0, 0, 0, 0, 0, 0, 0, 0, 0, 0, 0, 0, 0.30901673436164856, 0.9510565996170044, 0, 0, 0, 0, 0, 0, 0, 0, 0, 0, 0, 0, 0, 0, 0, 0, 0.30901744961738586, 0.9510563611984253, 0, 0, 0, 0, 0, 0, 0, 0, 0, 0, 0, 0, 0, 0, 0, 0, 0, 0, 0, 0, 0, 0, 0, 0, 0, 0.3090174198150635, 0.9510563611984253, 0, 0, 0, 0, 0, 0, 0, 0, 0, 0, 0, 0, 0, 0, 0, 0, 0.30901673436164856, 0.9510565996170044, 0, 0, 0, 0, 0, 0, 0, 0, 0, 0, 0, 0, 0, 0, 0, 0, 0.3090173304080963, 0.9510564208030701, 0, 0, 0, 0, 0, 0, 0, 0, 0, 0, 0, 0, 0, 0, 0, 0, 0.30901673436164856, 0.9510565996170044, 0, 0, 0, 0, 0, 0, 0, 0, 0, 0, 0, 0, 0, 0, 0, 0, 0, 0, 0, 0, 0, 0, 0, 0, 0, 0.3090166747570038, 0.9510565996170044, 0, 0, 0, 0, 0, 0, 0, 0, 0, 0, 0, 0, 0, 0, 0, 0, 0.3090173900127411, 0.9510563611984253, 0, 0, 0, 0, 0, 0, 0, 0, 0, 0, 0, 0, 0, 0, 0, 0, 0.30901673436164856, 0.9510565996170044, 0, 0, 0, 0, 0, 0, 0, 0, 0, 0, 0, 0, 0, 0, 0, 0, 0.30901673436164856, 0.9510565996170044, 0, 0, 0, 0, 0, 0, 0, 0, 0, 0, 0, 0, 0, 0, 0, 0, 0, 0, 0, 0, 0, 0, 0, 0, 0, 0.30901601910591125, 0.9510568380355835, 0, 0, 0, 0, 0, 0, 0, 0, 0, 0, 0, 0, 0, 0, 0, 0, 0.3090173304080963, 0.9510564208030701, 0, 0, 0, 0, 0, 0, 0, 0, 0, 0, 0, 0, 0, 0, 0, 0, 0.30901673436164856, 0.9510565996170044, 0, 0, 0, 0, 0, 0, 0, 0, 0, 0, 0, 0, 0, 0, 0, 0, 0.30901744961738586, 0.9510563611984253, 0, 0, 0, 0, 0, 0, 0, 0, 0, 0, 0, 0, 0, 0, 0, 0, 0, 0, 0, 0, 0, 0, 0, 0, 0, 0.3090173900127411, 0.9510563611984253, 0, 0, 0, 0, 0, 0, 0, 0, 0, 0, 0, 0, 0, 0, 0, 0, 0.30901744961738586, 0.9510563611984253, 0, 0, 0, 0, 0, 0, 0, 0, 0, 0, 0, 0, 0, 0, 0, 0, 0.30901601910591125, 0.9510568380355835, 0, 0, 0, 0, 0, 0, 0, 0, 0, 0, 0, 0, 0, 0, 0, 0, 0.30901744961738586, 0.9510563611984253, 0, 0, 0, 0, 0, 0, 0, 0, 0, 0, 0, 0, 0, 0, 0, 0, 0, 0, 0, 0, 0, 0, 0, 0, 0, 0.30901744961738586, 0.9510563611984253, 0, 0, 0, 0, 0, 0, 0, 0, 0, 0, 0, 0, 0, 0, 0, 0, 0.30901601910591125, 0.9510568380355835, 0, 0, 0, 0, 0, 0, 0, 0, 0, 0, 0, 0, 0, 0, 0, 0, 0.3090173304080963, 0.9510564208030701, 0, 0, 0, 0, 0, 0, 0, 0, 0, 0, 0, 0, 0, 0, 0, 0, 0.3090175688266754, 0.9510563015937805, 0, 0, 0, 0, 0, 0, 0, 0, 0, 0, 0, 0, 0, 0, 0, 0, 0, 0, 0, 0, 0, 0, 0, 0, 0, 0.3090158998966217, 0.9510568976402283, 0, 0, 0, 0, 0, 0, 0, 0, 0, 0, 0, 0, 0, 0, 0, 0, 0.30901744961738586, 0.9510563611984253, 0, 0, 0, 0, 0, 0, 0, 0, 0, 0, 0, 0, 0, 0, 0, 0, 0.30901744961738586, 0.9510563611984253, 0, 0, 0, 0, 0, 0, 0, 0, 0, 0, 0, 0, 0, 0, 0, 0, 0.30901601910591125, 0.9510568380355835, 0, 0, 0, 0, 0, 0, 0, 0, 0, 0, 0, 0, 0, 0, 0, 0, 0, 0, 0, 0, 0, 0, 0, 0, 0, 0.30901744961738586, 0.9510563611984253, 0, 0, 0, 0, 0, 0, 0, 0, 0, 0, 0, 0, 0, 0, 0, 0, 0.30901744961738586, 0.9510563611984253, 0, 0, 0, 0, 0, 0, 0, 0, 0, 0, 0, 0, 0, 0, 0, 0, 0.3090158998966217, 0.9510568976402283, 0, 0, 0, 0, 0, 0, 0, 0, 0, 0, 0, 0, 0, 0, 0, 0, 0.30901744961738586, 0.9510563611984253, 0, 0, 0, 0, 0, 0, 0, 0, 0, 0, 0, 0, 0, 0, 0, 0, 0, 0, 0, 0, 0, 0, 0, 0, 0, 0.30901744961738586, 0.9510563611984253, 0, 0, 0, 0, 0, 0, 0, 0, 0, 0, 0, 0, 0, 0, 0, 0, 0.3090158998966217, 0.9510568976402283, 0, 0, 0, 0, 0, 0, 0, 0, 0, 0, 0, 0, 0, 0, 0, 0, 0.3090175688266754, 0.9510563015937805, 0, 0, 0, 0, 0, 0, 0, 0, 0, 0, 0, 0, 0, 0, 0, 0, 0.30901724100112915, 0.9510564208030701, 0, 0, 0, 0, 0, 0, 0, 0, 0, 0, 0, 0, 0, 0, 0, 0, 0, 0, 0, 0, 0, 0, 0, 0, 0, 0.30901601910591125, 0.9510568380355835, 0, 0, 0, 0, 0, 0, 0, 0, 0, 0, 0, 0, 0, 0, 0, 0, 0.30901744961738586, 0.9510563611984253, 0, 0, 0, 0, 0, 0, 0, 0, 0, 0, 0, 0, 0, 0, 0, 0, 0.30901744961738586, 0.9510563611984253, 0, 0, 0, 0, 0, 0, 0, 0, 0, 0, 0, 0, 0, 0, 0, 0, 0.30901744961738586, 0.9510563611984253, 0, 0, 0, 0, 0, 0, 0, 0, 0, 0, 0, 0, 0, 0, 0, 0, 0, 0, 0, 0, 0, 0, 0, 0, 0, 0.30901601910591125, 0.9510568380355835, 0, 0, 0, 0, 0, 0, 0, 0, 0, 0, 0, 0, 0, 0, 0, 0, 0.3090173304080963, 0.9510564208030701, 0, 0, 0, 0, 0, 0, 0, 0, 0, 0, 0, 0, 0, 0, 0, 0, 0.30901744961738586, 0.9510563611984253, 0, 0, 0, 0, 0, 0, 0, 0, 0, 0, 0, 0, 0, 0, 0, 0, 0.30901601910591125, 0.9510568380355835, 0, 0, 0, 0, 0, 0, 0, 0, 0, 0, 0, 0, 0, 0, 0, 0, 0, 0, 0, 0, 0, 0, 0, 0, 0, 0, 0, 0, 0, 0, 0, 0, 0, 0, 0, 0, 0, 0, 0, 0, 0, 0, 0, 0, 0, 0, 0, 0, 0, 0, 0, 0, 0, 0, 0, 0, 0, 0, 0, 0, 0, 0, 0, 0, 0, 0, 0, 0, 0, 0, 0, 0, 0, 0, 0, 0, 0, 0, 0, 0, 0, 0, 0, 0, 0, 0, 0, 0, 0, 0, 0, 0, 0, 0, 0, 0, 0, 0, 0, 0, 0, 0, 0, 0, 0, 0, 0, 0, 0, 0, 0, 0, 0, 0, 0, 0, 0, 0, 0, 0, 0, 0, 0, 0, 0, 0, 0, 0, 0, 0, 0, 0, 0, 0, 0, 0, 0, 0, 0, 0, 0, 0, 0, 0, 0, 0, 0, 0, 0, 0, 0, 0, 0, 0, 0, 0, 0, 0, 0, 0, 0, 0, 0, 0, 0, 0, 0, 0, 0, 0, 0, 0, 0, 0, 0, 0, 0, 0, 0, 0, 0, 0, 0, 0, 0, 0, 0, 0, 0, 0, 0, 0, 0, 0, 0, 0, 0, 0, 0, 0, 0, 0, 0, 0, 0, 0, 0, 0, 0, 0, 0, 0, 0, 0, 0, 0, 0, 0, 0, 0, 0, 0, 0, 0, 0, 0, 0, 0, 0, 0, 0, 0, 0, 0, 0, 0, 0, 0, 0, 0, 0, 0, 0, 0, 0, 0, 0, 0, 0, 0, 0, 0, 0, 0, 0, 0, 0, 0, 0, 0, 0, 0, 0, 0, 0, 0, 0, 0, 0, 0, 0, 0, 0, 0, 0, 0, 0, 0, 0, 0, 0, 0, 0, 0, 0, 0, 0, 0, 0, 0, 0, 0, 0, 0, 0, 0, 0, 0, 0, 0, 0, 0, 0, 0, 0, 0, 0, 0, 0, 0, 0, 0, 0, 0, 0, 0, 0, 0, 0, 0, 0, 0, 0, 0, 0, 0, 0, 0, 0, 0, 0, 0, 0, 0, 0, 0, 0, 0, 0, 0, 0, 0, 0, 0, 0, 0, 0, 0, 0, 0, 0, 0, 0, 0, 0, 0, 0, 0, 0, 0, 0, 0, 0, 0, 0, 0, 0, 0, 0, 0, 0, 0, 0, 0, 0, 0, 0, 0, 0, 0, 0, 0, 0, 0, 0, 0, 0, 0, 0, 0, 0, 0, 0, 0, 0, 0, 0, 0, 0, 0, 0, 0, 0, 0, 0, 0, 0, 0, 0, 0, 0, 0, 0, 0, 0, 0, 0, 0, 0, 0, 0, 0, 0, 0, 0, 0, 0, 0, 0, 0, 0, 0, 0, 0, 0, 0, 0, 0, 0, 0, 0, 0, 0, 0, 0, 0, 0, 0, 0, 0, 0, 0, 0, 0, 0, 0, 0, 0, 0, 0, 0, 0, 0, 0, 0, 0, 0, 0, 0, 0, 0, 0, 0, 0, 0, 0, 0, 0, 0, 0, 0, 0, 0, 0, 0, 0, 0, 0, 0, 0, 0, 0, 0, 0, 0, 0, 0, 0, 0, 0, 0, 0, 0, 0, 0, 0, 0, 0, 0, 0, 0, 0, 0, 0, 0, 0, 0, 0, 0, 0, 0, 0, 0, 0, 0, 0, 0, 0, 0, 0, 0, 0, 0, 0, 0, 0, 0, 0, 0, 0, 0, 0, 0, 0, 0, 0, 0, 0, 0, 0, 0, 0, 0, 0, 0, 0, 0, 0, 0, 0, 0, 0, 0, 0, 0, 0, 0, 0, 0, 0, 0, 0, 0, 0, 0, 0, 0, 0, 0, 0, 0, 0, 0, 0, 0, 0, 0, 0, 0, 0, 0, 0, 0, 0, 0, 0, 0, 0, 0, 0, 0, 0, 0, 0, 0, 0, 0, 0, 0, 0, 0, 0, 0, 0, 0, 0, 0, 0, 0, 0, 0, 0, 0, 0, 0, 0, 0, 0, 0, 0, 0, 0, 0, 0, 0, 0, 0, 0, 0, 0, 0, 0, 0, 0, 0, 0, 0, 0, 0, 0, 0, 0, 0, 0, 0, 0, 0, 0, 0, 0, 0, 0, 0, 0, 0, 0, 0, 0, 0, 0, 0, 0, 0, 0, 0, 0, 0, 0, 0, 0, 0, 0, 0, 0, 0, 0, 0, 0, 0, 0, 0, 0, 0, 0, 0, 0, 0, 0, 0, 0, 0, 0, 0, 0, 0, 0, 0, 0, 0, 0, 0, 0, 0, 0, 0, 0, 0, 0, 0, 0, 0, 0, 0, 0, 0, 0, 0, 0, 0, 0, 0, 0, 0, 0, 0, 0, 0, 0, 0, 0, 0, 0, 0, 0, 0, 0, 0, 0, 0, 0, 0, 0, 0, 0, 0, 0, 0, 0, 0, 0, 0, 0, 0, 0, 0, 0, 0, 0, 0, 0, 0, 0, 0, 0, 0, 0, 0, 0, 0, 0, 0, 0, 0, 0, 0, 0, 0, 0, 0, 0, 0, 0, 0, 0, 0, 0, 0, 0, 0, 0, 0, 0, 0, 0, 0, 0, 0, 0, 0, 0, 0, 0, 0, 0, 0, 0, 0, 0, 0, 0, 0, 0, 0, 0, 0, 0, 0, 0, 0, 0, 0, 0, 0, 0, 0, 0, 0, 0, 0, 0, 0, 0, 0, 0, 0, 0, 0, 0, 0, 0, 0, 0, 0, 0, 0, 0, 0, 0, 0, 0, 0, 0, 0, 0, 0, 0, 0, 0, 0, 0, 0, 0, 0, 0, 0, 0, 0, 0, 0, 0, 0, 0, 0, 0, 0, 0, 0, 0, 0, 0, 0, 0, 0, 0, 0, 0, 0, 0, 0, 0, 0, 0, 0, 0, 0, 0, 0, 0, 0, 0, 0, 0, 0, 0, 0, 0, 0, 0, 0, 0, 0, 0, 0, 0, 0, 0, 0, 0, 0, 0, 0, 0, 0, 0, 0, 0, 0, 0, 0, 0, 0, 0, 0, 0, 0, 0, 0, 0, 0, 0, 0, 0, 0, 0, 0, 0, 0, 0, 0, 0, 0, 0, 0, 0, 0, 0, 0, 0, 0, 0, 0, 0, 0, 0, 0, 0, 0, 0, 0, 0, 0, 0, 0, 0, 0, 0, 0, 0, 0, 0, 0, 0, 0, 0, 0, 0, 0, 0, 0, 0, 0, 0, 0, 0, 0, 0, 0, 0, 0, 0, 0, 0, -0.80901700258255, 0.5877852439880371, 0, 0, 0, 0, 0, 0, 0, 0, 0, 0, 0, 0, 0, 0, 0, 0, 0, 0, 0, 0, 0, 0, 0, 0, 0, 0, 0, 0, -0.8090170621871948, 0.5877851843833923, 0, 0, 0, 0, 0, 0, 0, 0, 0, 0, 0, 0, 0, 0, 0, 0, 0, 0, 0, 0, 0, 0, -0.80901700258255, 0.5877852439880371, 0, 0, 0, 0, 0, 0, 0, 0, 0, 0, 0, 0, 0, 0, 0, 0, 0, 0, 0, 0, 0, 0, 0, 0, 0, 0, 0, 0, -0.8090169429779053, 0.5877853035926819, 0, 0, 0, 0, 0, 0, 0, 0, 0, 0, 0, 0, 0, 0, 0, 0, 0, 0, 0, 0, 0, 0, 0, 0, 0, 0, 0, 0, 0, 0, 0, -0.8090170621871948, 0.5877851843833923, 0, 0, 0, 0, 0, 0, 0, 0, 0, 0, 0, 0, 0, 0, 0, 0, 0, 0, 0, 0, 0, 0, 0, 0, 0, 0, 0, 0, -0.80901700258255, 0.5877852439880371, 0, 0, 0, 0, 0, 0, 0, 0, 0, 0, 0, 0, 0, 0, 0, 0, 0, 0, 0, 0, 0, 0, 0, 0, 0, 0, 0, 0, -0.80901700258255, 0.5877852439880371, 0, 0, 0, 0, 0, 0, 0, 0, 0, 0, 0, 0, 0, 0, 0, 0, 0, 0, 0, 0, 0, 0, -0.8090171217918396, 0.5877851247787476, 0, 0, 0, 0, 0, 0, 0, 0, 0, 0, 0, 0, 0, 0, 0, 0, 0, 0, 0, 0, 0, 0, 0, 0, 0, 0, 0, 0, 0, 0, 0, 0, 0, 0, 0, 0, 0, -0.80901700258255, 0.5877852439880371, 0, 0, 0, 0, 0, 0, 0, 0, 0, 0, 0, 0, 0, 0, 0, 0, 0, 0, 0, 0, 0, 0, 0, 0, 0, 0, 0, 0, -0.8090169429779053, 0.5877853035926819, 0, 0, 0, 0, 0, 0, 0, 0, 0, 0, 0, 0, 0, 0, 0, 0, 0, 0, 0, 0, 0, 0, -0.80901700258255, 0.5877852439880371, 0, 0, 0, 0, 0, 0, 0, 0, 0, 0, 0, 0, 0, 0, 0, 0, 0, 0, 0, 0, 0, 0, 0, 0, 0, 0, 0, 0, -0.80901700258255, 0.5877852439880371, 0, 0, 0, 0, 0, 0, 0, 0, 0, 0, 0, 0, 0, 0, 0, 0, 0, 0, 0, 0, 0, 0, 0, 0, 0, 0, 0, 0, 0, 0, 0, -0.8090169429779053, 0.5877853035926819, 0, 0, 0, 0, 0, 0, 0, 0, 0, 0, 0, 0, 0, 0, 0, 0, 0, 0, 0, 0, 0, 0, 0, 0, 0, 0, 0, 0, -0.80901700258255, 0.5877852439880371, 0, 0, 0, 0, 0, 0, 0, 0, 0, 0, 0, 0, 0, 0, 0, 0, 0, 0, 0, 0, 0, 0, 0, 0, 0, 0, 0, 0, -0.80901700258255, 0.5877852439880371, 0, 0, 0, 0, 0, 0, 0, 0, 0, 0, 0, 0, 0, 0, 0, 0, 0, 0, 0, 0, 0, 0, -0.80901700258255, 0.5877852439880371, 0, 0, 0, 0, 0, 0, 0, 0, 0, 0, 0, 0, 0, 0, 0, 0, 0, 0, 0, 0, 0, 0, 0, 0, 0, 0, 0, 0, 0, 0, 0, 0, 0, 0, 0, 0, 0, -0.80901700258255, 0.5877852439880371, 0, 0, 0, 0, 0, 0, 0, 0, 0, 0, 0, 0, 0, 0, 0, 0, 0, 0, 0, 0, 0, 0, 0, 0, 0, 0, 0, 0, -0.80901700258255, 0.5877852439880371, 0, 0, 0, 0, 0, 0, 0, 0, 0, 0, 0, 0, 0, 0, 0, 0, 0, 0, 0, 0, 0, 0, -0.80901700258255, 0.5877852439880371, 0, 0, 0, 0, 0, 0, 0, 0, 0, 0, 0, 0, 0, 0, 0, 0, 0, 0, 0, 0, 0, 0, 0, 0, 0, 0, 0, 0, -0.8090167045593262, 0.5877856612205505, 0, 0, 0, 0, 0, 0, 0, 0, 0, 0, 0, 0, 0, 0, 0, 0, 0, 0, 0, 0, 0, 0, 0, 0, 0, 0, 0, 0, 0, 0, 0, -0.80901700258255, 0.5877852439880371, 0, 0, 0, 0, 0, 0, 0, 0, 0, 0, 0, 0, 0, 0, 0, 0, 0, 0, 0, 0, 0, 0, 0, 0, 0, 0, 0, 0, -0.80901700258255, 0.5877852439880371, 0, 0, 0, 0, 0, 0, 0, 0, 0, 0, 0, 0, 0, 0, 0, 0, 0, 0, 0, 0, 0, 0, 0, 0, 0, 0, 0, 0, -0.8090171217918396, 0.5877850651741028, 0, 0, 0, 0, 0, 0, 0, 0, 0, 0, 0, 0, 0, 0, 0, 0, 0, 0, 0, 0, 0, 0, -0.80901700258255, 0.5877852439880371, 0, 0, 0, 0, 0, 0, 0, 0, 0, 0, 0, 0, 0, 0, 0, 0, 0, 0, 0, 0, 0, 0, 0, 0, 0, 0, 0, 0, 0, 0, 0, 0, 0, 0, 0, 0, 0, -0.80901700258255, 0.5877852439880371, 0, 0, 0, 0, 0, 0, 0, 0, 0, 0, 0, 0, 0, 0, 0, 0, 0, 0, 0, 0, 0, 0, 0, 0, 0, 0, 0, 0, -0.80901700258255, 0.5877852439880371, 0, 0, 0, 0, 0, 0, 0, 0, 0, 0, 0, 0, 0, 0, 0, 0, 0, 0, 0, 0, 0, 0, -0.80901700258255, 0.5877852439880371, 0, 0, 0, 0, 0, 0, 0, 0, 0, 0, 0, 0, 0, 0, 0, 0, 0, 0, 0, 0, 0, 0, 0, 0, 0, 0, 0, 0, -0.80901700258255, 0.5877852439880371, 0, 0, 0, 0, 0, 0, 0, 0, 0, 0, 0, 0, 0, 0, 0, 0, 0, 0, 0, 0, 0, 0, 0, 0, 0, 0, 0, 0, 0, 0, 0, -0.80901700258255, 0.5877852439880371, 0, 0, 0, 0, 0, 0, 0, 0, 0, 0, 0, 0, 0, 0, 0, 0, 0, 0, 0, 0, 0, 0, 0, 0, 0, 0, 0, 0, -0.80901700258255, 0.5877852439880371, 0, 0, 0, 0, 0, 0, 0, 0, 0, 0, 0, 0, 0, 0, 0, 0, 0, 0, 0, 0, 0, 0, 0, 0, 0, 0, 0, 0, -0.80901700258255, 0.5877852439880371, 0, 0, 0, 0, 0, 0, 0, 0, 0, 0, 0, 0, 0, 0, 0, 0, 0, 0, 0, 0, 0, 0, -0.80901700258255, 0.5877852439880371, 0, 0, 0, 0, 0, 0, 0, 0, 0, 0, 0, 0, 0, 0, 0, 0, 0, 0, 0, 0, 0, 0, 0, 0, 0, 0, 0, 0, 0, 0, 0, 0, 0, 0, 0, 0, 0, -0.80901700258255, 0.5877852439880371, 0, 0, 0, 0, 0, 0, 0, 0, 0, 0, 0, 0, 0, 0, 0, 0, 0, 0, 0, 0, 0, 0, 0, 0, 0, 0, 0, 0, -0.80901700258255, 0.5877852439880371, 0, 0, 0, 0, 0, 0, 0, 0, 0, 0, 0, 0, 0, 0, 0, 0, 0, 0, 0, 0, 0, 0, -0.80901700258255, 0.5877852439880371, 0, 0, 0, 0, 0, 0, 0, 0, 0, 0, 0, 0, 0, 0, 0, 0, 0, 0, 0, 0, 0, 0, 0, 0, 0, 0, 0, 0, -0.80901700258255, 0.5877852439880371, 0, 0, 0, 0, 0, 0, 0, 0, 0, 0, 0, 0, 0, 0, 0, 0, 0, 0, 0, 0, 0, 0, 0, 0, 0, 0, 0, 0, 0, 0, 0, -0.80901700258255, 0.5877852439880371, 0, 0, 0, 0, 0, 0, 0, 0, 0, 0, 0, 0, 0, 0, 0, 0, 0, 0, 0, 0, 0, 0, 0, 0, 0, 0, 0, 0, -0.80901700258255, 0.5877852439880371, 0, 0, 0, 0, 0, 0, 0, 0, 0, 0, 0, 0, 0, 0, 0, 0, 0, 0, 0, 0, 0, 0, 0, 0, 0, 0, 0, 0, -0.80901700258255, 0.5877852439880371, 0, 0, 0, 0, 0, 0, 0, 0, 0, 0, 0, 0, 0, 0, 0, 0, 0, 0, 0, 0, 0, 0, -0.80901700258255, 0.5877852439880371, 0, 0, 0, 0, 0, 0, 0, 0, 0, 0, 0, 0, 0, 0, 0, 0, 0, 0, 0, 0, 0, 0, 0, 0, 0, 0, 0, 0, 0, 0, 0, 0, 0, 0, 0, 0, 0, -0.8090173602104187, 0.5877847075462341, 0, 0, 0, 0, 0, 0, 0, 0, 0, 0, 0, 0, 0, 0, 0, 0, 0, 0, 0, 0, 0, 0, 0, 0, 0, 0, 0, 0, -0.8090166449546814, 0.5877857804298401, 0, 0, 0, 0, 0, 0, 0, 0, 0, 0, 0, 0, 0, 0, 0, 0, 0, 0, 0, 0, 0, 0, -0.80901700258255, 0.5877852439880371, 0, 0, 0, 0, 0, 0, 0, 0, 0, 0, 0, 0, 0, 0, 0, 0, 0, 0, 0, 0, 0, 0, 0, 0, 0, 0, 0, 0, -0.80901700258255, 0.5877852439880371, 0, 0, 0, 0, 0, 0, 0, 0, 0, 0, 0, 0, 0, 0, 0, 0, 0, 0, 0, 0, 0, 0, 0, 0, 0, 0, 0, 0, 0, 0, 0, -0.8090166449546814, 0.5877857804298401, 0, 0, 0, 0, 0, 0, 0, 0, 0, 0, 0, 0, 0, 0, 0, 0, 0, 0, 0, 0, 0, 0, 0, 0, 0, 0, 0, 0, -0.8090173602104187, 0.5877847075462341, 0, 0, 0, 0, 0, 0, 0, 0, 0, 0, 0, 0, 0, 0, 0, 0, 0, 0, 0, 0, 0, 0, 0, 0, 0, 0, 0, 0, -0.8090166449546814, 0.5877857804298401, 0, 0, 0, 0, 0, 0, 0, 0, 0, 0, 0, 0, 0, 0, 0, 0, 0, 0, 0, 0, 0, 0, -0.8090173602104187, 0.5877847075462341, 0, 0, 0, 0, 0, 0, 0, 0, 0, 0, 0, 0, 0, 0, 0, 0, 0, 0, 0, 0, 0, 0, 0, 0, 0, 0, 0, 0, 0, 0, 0, 0, 0, 0, 0, 0, 0, -0.8090166449546814, 0.5877857804298401, 0, 0, 0, 0, 0, 0, 0, 0, 0, 0, 0, 0, 0, 0, 0, 0, 0, 0, 0, 0, 0, 0, 0, 0, 0, 0, 0, 0, -0.8090173602104187, 0.5877847075462341, 0, 0, 0, 0, 0, 0, 0, 0, 0, 0, 0, 0, 0, 0, 0, 0, 0, 0, 0, 0, 0, 0, -0.8090166449546814, 0.5877857804298401, 0, 0, 0, 0, 0, 0, 0, 0, 0, 0, 0, 0, 0, 0, 0, 0, 0, 0, 0, 0, 0, 0, 0, 0, 0, 0, 0, 0, -0.8090173602104187, 0.5877847075462341, 0, 0, 0, 0, 0, 0, 0, 0, 0, 0, 0, 0, 0, 0, 0, 0, 0, 0, 0, 0, 0, 0, 0, 0, 0, 0, 0, 0, 0, 0, 0, -0.8090166449546814, 0.5877857804298401, 0, 0, 0, 0, 0, 0, 0, 0, 0, 0, 0, 0, 0, 0, 0, 0, 0, 0, 0, 0, 0, 0, 0, 0, 0, 0, 0, 0, -0.8090173602104187, 0.5877847075462341, 0, 0, 0, 0, 0, 0, 0, 0, 0, 0, 0, 0, 0, 0, 0, 0, 0, 0, 0, 0, 0, 0, 0, 0, 0, 0, 0, 0, -0.8090166449546814, 0.5877857804298401, 0, 0, 0, 0, 0, 0, 0, 0, 0, 0, 0, 0, 0, 0, 0, 0, 0, 0, 0, 0, 0, 0, -0.8090176582336426, 0.5877843499183655, 0, 0, 0, 0, 0, 0, 0, 0, 0, 0, 0, 0, 0, 0, 0, 0, 0, 0, 0, 0, 0, 0, 0, 0, 0, 0, 0, 0, 0, 0, 0, 0, 0, 0, 0, 0, 0, -0.8090166449546814, 0.5877857804298401, 0, 0, 0, 0, 0, 0, 0, 0, 0, 0, 0, 0, 0, 0, 0, 0, 0, 0, 0, 0, 0, 0, 0, 0, 0, 0, 0, 0, -0.8090173602104187, 0.5877847075462341, 0, 0, 0, 0, 0, 0, 0, 0, 0, 0, 0, 0, 0, 0, 0, 0, 0, 0, 0, 0, 0, 0, -0.8090166449546814, 0.5877857804298401, 0, 0, 0, 0, 0, 0, 0, 0, 0, 0, 0, 0, 0, 0, 0, 0, 0, 0, 0, 0, 0, 0, 0, 0, 0, 0, 0, 0, -0.8090176582336426, 0.5877843499183655, 0, 0, 0, 0, 0, 0, 0, 0, 0, 0, 0, 0, 0, 0, 0, 0, 0, 0, 0, 0, 0, 0, 0, 0, 0, 0, 0, 0, 0, 0, 0, -0.8090173602104187, 0.5877847075462341, 0, 0, 0, 0, 0, 0, 0, 0, 0, 0, 0, 0, 0, 0, 0, 0, 0, 0, 0, 0, 0, 0, 0, 0, 0, 0, 0, 0, -0.8090166449546814, 0.5877857804298401, 0, 0, 0, 0, 0, 0, 0, 0, 0, 0, 0, 0, 0, 0, 0, 0, 0, 0, 0, 0, 0, 0, 0, 0, 0, 0, 0, 0, -0.8090171217918396, 0.5877850651741028, 0, 0, 0, 0, 0, 0, 0, 0, 0, 0, 0, 0, 0, 0, 0, 0, 0, 0, 0, 0, 0, 0, -0.8090168833732605, 0.5877853631973267, 0, 0, 0, 0, 0, 0, 0, 0, 0, 0, 0, 0, 0, 0, 0, 0, 0, 0, 0, 0, 0, 0, 0, 0, 0, 0, 0, 0, 0, 0, 0, 0, 0, 0, 0, 0, 0, 0, 0, 0, 0, 0, 0, 0, 0, 0, 0, 0, 0, 0, 0, 0, 0, 0, 0, 0, 0, 0, 0, 0, 0, 0, 0, 0, 0, 0, 0, 0, 0, 0, 0, 0, 0, 0, 0, 0, 0, 0, 0, 0, 0, 0, 0, 0, 0, 0, 0, 0, 0, 0, 0, 0, 0, 0, 0, 0, 0, 0, 0, 0, 0, 0, 0, 0, 0, 0, 0, 0, 0, 0, 0, 0, 0, 0, 0, 0, 0, 0, 0, 0, 0, 0, 0, 0, 0, 0, 0, 0, 0, 0, 0, 0, 0, 0, 0, 0, 0, 0, 0, 0, 0, 0, 0, 0, 0, 0, 0, 0, 0, 0, 0, 0, 0, 0, 0, 0, 0, 0, 0, 0, 0, 0, 0, 0, 0, 0, 0, 0, 0, 0, 0, 0, 0, 0, 0, 0, 0, 0, 0, 0, 0, 0, 0, 0, 0, 0, 0, 0, 0, 0, 0, 0, 0, 0, 0, 0, 0, 0, 0, 0, 0, 0, 0, 0, 0, 0, 0, 0, 0, 0, 0, 0, 0, 0, 0, 0, 0, 0, 0, 0, 0, 0, 0, 0, 0, 0, 0, 0, 0, 0, 0, 0, 0, 0, 0, 0, 0, 0, 0, 0, 0, 0, 0, 0, 0, 0, 0, 0, 0, 0, 0, 0, 0, 0, 0, 0, 0, 0, 0, 0, 0, 0, 0, 0, 0, 0, 0, 0, 0, 0, 0, 0, 0, 0, 0, 0, 0, 0, 0, 0, 0, 0, 0, 0, 0, 0, 0, 0, 0, 0, 0, 0, 0, 0, 0, 0, 0, 0, 0, 0, 0, 0, 0, 0, 0, 0, 0, 0, 0, 0, 0, 0, 0, 0, 0, 0, 0, 0, 0, 0, 0, 0, 0, 0, 0, 0, 0, 0, 0, 0, 0, 0, 0, 0, 0, 0, 0, 0, 0, 0, 0, 0, 0, 0, 0, 0, 0, 0, 0, 0, 0, 0, 0, 0, 0, 0, 0, 0, 0, 0, 0, 0, 0, 0, 0, 0, 0, 0, 0, 0, 0, 0, 0, 0, 0, 0, 0, 0, 0, 0, 0, 0, 0, 0, 0, 0, 0, 0, 0, 0, 0, 0, 0, 0, 0, 0, 0, 0, 0, 0, 0, 0, 0, 0, 0, 0, 0, 0, 0, 0, 0, 0, 0, 0, 0, 0, 0, 0, 0, 0, 0, 0, 0, 0, 0, 0, 0, 0, 0, 0, 0, 0, 0, 0, 0, 0, 0, 0, 0, 0, 0, 0, 0, 0, 0, 0, 0, 0, 0, 0, 0, 0, 0, 0, 0, 0, 0, 0, 0, 0, 0, 0, 0, 0, 0, 0, 0, 0, 0, 0, 0, 0, 0, 0, 0, 0, 0, 0, 0, 0, 0, 0, 0, 0, 0, 0, 0, 0, 0, 0, 0, 0, 0, 0, 0, 0, 0, 0, 0, 0, 0, 0, 0, 0, 0, 0, 0, 0, 0, 0, 0, 0, 0, 0, 0, 0, 0, 0, 0, 0, 0, 0, 0, 0, 0, 0, 0, 0, 0, 0, 0, 0, 0, 0, 0, 0, 0, 0, 0, 0, 0, 0, 0, 0, 0, 0, 0, 0, 0, 0, 0, 0, 0, 0, 0, 0, 0, 0, 0, 0, 0, 0, 0, 0, 0, 0, 0, 0, 0, 0, 0, 0, 0, 0, 0, 0, 0, 0, 0, 0, 0, 0, 0, 0, 0, 0, 0, 0, 0, 0, 0, 0, 0, 0, 0, 0, 0, 0, 0, 0, 0, 0, 0, 0, 0, 0, 0, 0, 0, 0, 0, 0, 0, 0, 0, 0, 0, 0, 0, 0, 0, 0, 0, 0, 0, 0, 0, 0, 0, 0, 0, 0, 0, 0, 0, 0, 0, 0, 0, 0, 0, 0, 0, 0, 0, 0, 0, 0, 0, 0, 0, 0, 0, 0, 0, 0, 0, 0, 0, 0, 0, 0, 0, 0, 0, 0, 0, 0, 0, 0, 0, 0, 0, 0, 0, 0, 0, 0, 0, 0, 0, 0, 0, 0, 0, 0, 0, 0, 0, 0, 0, 0, 0, 0, 0, 0, 0, 0, 0, 0, 0, 0, 0, 0, 0, 0, 0, 0, 0, 0, 0, 0, 0, 0, 0, 0, 0, 0, 0, 0, 0, 0, 0, 0, 0, 0, 0, 0, 0, 0, 0, 0, 0, 0, 0, 0, 0, 0, 0, 0, 0, 0, 0, 0, 0, 0, 0, 0, 0, 0, 0, 0, 0, 0, 0, 0, 0, 0, 0, 0, 0, 0, 0, 0, 0, 0, 0, 0, 0, 0, 0, 0, 0, 0, 0, 0, 0, 0, 0, 0, 0, 0, 0, 0, 0, 0, 0, 0, 0, 0, 0, 0, 0, 0, 0, 0, 0, 0, 0, 0, 0, 0, 0, 0, 0, 0, 0, 0, 0, 0, 0, 0, 0, 0, 0, 0, 0, 0, 0, 0, 0, 0, 0, 0, 0, 0, 0, 0, 0, 0, 0, 0, 0, 0, 0, 0, 0, 0, 0, 0, 0, 0, 0, 0, 0, 0, 0, 0, 0, 0, 0, 0, 0, 0, 0, 0, 0, 0, 0, 0, 0, 0, 0, 0, 0, 0, 0, 0, 0, 0, 0, 0, 0, 0, 0, 0, 0, 0, 0, 0, 0, 0, 0, 0, 0, 0, 0, 0, 0, 0, 0, 0, 0, 0, 0, 0, 0, 0, 0, 0, 0, 0, 0, 0, 0, 0, 0, 0, 0, 0, 0, 0, 0, 0, 0, 0, 0, 0, 0, 0, 0, 0, 0, 0, 0, 0, 0, 0, 0, 0, 0, 0, 0, 0, 0, 0, 0, 0, 0, 0, 0, 0, 0, 0, 0, 0, 0, 0, 0, 0, 0, 0, 0, 0, 0, 0, 0, 0, 0, 0, 0, 0, 0, 0, 0, 0, 0, 0, 0, 0, 0, 0, 0, 0, 0, 0, 0, 0, 0, 0, 0, 0, 0, 0, 0, 0, 0, 0, 0, 0, 0, 0, 0, 0, 0, 0, 0, 0, 0, 0, 0, 0, 0, 0, 0, 0, 0, 0, 0, 0, 0, 0, 0, 0, 0, 0, 0, 0, 0, 0, 0, 0, 0, 0, 0, 0, 0, 0, 0, 0, 0, 0, 0, 0, 0, 0, 0, 0, 0, 0, 0, 0, 0, 0, 0, 0, 0, 0, 0, 0, 0, 0, 0, 0, 0, 0, 0, 0, 0, 0, 0, 0, 0, 0, 0, 0, 0, 0, 0, 0, 0, 0, 0, 0, 0, 0, 0, 0, 0, 0, 0, 0, 0, 0, 0, 0, 0, 0, 0, 0, 0, 0, 0, 0, 0, 0, 0, 0, 0, 0, 0, 0, 0, 0, 0, 0, 0, 0, 0, 0, 0, 0, 0, 0, 0, 0, 0, 0, 0, 0, 0, 0, 0, 0, 0, 0, 0, 0, 0, 0, 0, 0, 0, 0, 0, 0, 0, 0, 0, 0, 0, 0, 0, 0, 0, 0, 0, 0, 0, 0, 0, 0, 0, 0, 0, 0, 0, 0, 0, 0, 0, 0, 0, 0, 0, 0, 0, 0, 0, 0, 0, 0, 0, 0, 0, 0, 0, 0, 0, 0, 0, 0, 0, 0, 0, 0, 0, 0, 0, 0, 0, 0, 0, 0, 0, 0, 0, 0, 0, 0, 0, 0, 0, 0, 0, 0, 0, 0, 0, 0, 0, 0, 0, 0, 0, 0, 0, 0, 0, 0, 0, 0, 0, 0, 0, 0, 0, 0, 0, 0, 0, 0, 0, 0, 0, 0, 0, 0, 0, 0, 0, 0, 0, 0, 0, 0, 0, 0, 0, 0, 0, 0, 0, 0, 0, 0, 0, 0, 0, 0, 0, 0, 0, 0, 0, 0, 0, 0, 0, 0, 0, 0, 0, 0, 0, 0, 0, 0, 0, 0, 0, 0, 0, 0, 0, 0, 0, 0, 0, 0, 0, 0, 0, 0, 0, 0, 0, 0, 0, 0, 0, 0, 0, 0, 0, 0, 0, 0, 0, 0, 0, 0, 0, 0, 0, 0, 0, 0, 0, 0, 0, 0, 0, 0, 0, 0, 0, 0, 0, 0, 0, 0, 0, 0, 0, 0, 0, 0, 0, 0, 0, 0, 0, 0, 0, 0, 0, 0, 0, 0, 0, 0, 0, 0, 0, 0, 0, 0, 0, 0, 0, 0, 0, 0, 0, 0, 0, 0, 0, 0, 0, 0, 0, 0, 0, 0, 0, 0, 0, 0, 0, 0, 0, 0, 0, 0, 0, 0, 0, 0, 0, 0, 0, 0, 0, 0, 0, 0, 0, 0, 0, 0, 0, 0, 0, 0, 0, 0, 0, 0, 0, 0, 0, 0, 0, 0, 0, 0, 0, 0, 0, 0, 0, 0, 0, 0, 0, 0, 0, 0, 0, 0, 0, 0, 0, 0, 0, 0, 0, 0, 0, 0, 0, 0, 0, 0, 0, 0, 0, 0, 0, 0, 0, 0, 0, 0, 0, 0, 0, 0, 0, 0, 0, 0, 0, 0, 0, 0, 0, 0, 0, 0, 0, 0, 0, 0, 0, 0, 0, 0, 0, 0, 0, 0, 0, 0, 0, 0, 0, 0, 0, 0, 0, 0, 0, 0, 0, 0, 0, 0, 0, 0, 0, 0, 0, 0, 0, 0, 0, 0, 0, 0, 0, 0, 0, 0, 0, 0, 0, 0, 0, 0, 0, 0, 0, 0, 0, 0, 0, 0, 0, 0, 0, 0, 0, 0, 0, 0, 0, 0, 0, 0, 0, 0, 0, 0, 0, 0, 0, 0, 0, 0, 0, 0, 0, 0, 0, 0, 0, 0, 0, 0, 0, 0, 0, 0, 0, 0, 0, 0, 0, 0, 0, 0, 0, 0, 0, 0, 0, 0, 0, 0, 0, 0, 0, 0, 0, 0, 0, 0, 0, 0, 0, 0, 0, 0, 0, 0, 0, 0, 0, 0, 0, 0, 0, 0, 0, 0, 0, 0, 0, 0, 0, 0, 0, 0, 0, 0, 0, 0, 0, 0, 0, 0, 0, 0, 0, 0, 0, 0, 0, 0, 0, 0, 0, 0, 0, 0, 0, 0, 0, 0, 0, 0, 0, 0, 0, 0, 0, 0, 0, 0, 0, 0, 0, 0, 0, 0, 0, 0, 0, 0, 0, 0, 0, 0, 0, 0, 0, 0, 0, 0, 0, 0, 0, 0, 0, 0, 0, 0, 0, 0, 0, 0, 0, 0, 0, 0, 0, 0, 0, 0, 0, 0, 0, 0, 0, 0, 0, 0, 0, 0, 0, 0, 0, 0, 0, 0, 0, 0, 0, 0, 0, 0, 0, 0, 0, 0, 0, 0, 0, 0, 0, 0, 0, 0, 0, 0, 0, 0, 0, 0, 0, 0, 0, 0, 0, 0, 0, 0, 0, 0, 0, 0, 0, 0, 0, 0, 0, 0, 0, 0, 0, 0, 0, 0, 0, 0, 0, 0, 0, 0, 0, 0, 0, 0, 0, 0, 0, 0, 0, 0, 0, 0, 0, 0, 0, 0, 0, 0, 0, 0, 0, 0, 0, 0, 0, 0, 0, 0, 0, 0, 0, 0, 0, 0, 0, 0, 0, 0, 0, 0, 0, 0, 0, 0, 0, 0, 0, 0, 0, 0, 0, 0, 0, 0, 0, 0, 0, 0, 0, 0, 0, 0, 0, 0, 0, 0, 0, 0, 0, 0, 0, 0, 0, 0, 0, 0, 0, 0, 0, 0, 0, 0, 0, 0, 0, 0, 0, 0, 0, 0, 0, 0, 0, 0, 0, 0, 0, 0, 0, 0, 0, 0, 0, 0, 0, 0, 0, 0, 0, 0, 0, 0, 0, 0, 0, 0, 0, 0, 0, 0, 0, 0, 0, 0, 0, 0, 0, 0, 0, 0, 0, 0, 0, 0, 0, 0, 0, 0, 0, 0, 0, 0, 0, 0, 0, 0, 0, 0, 0, 0, 0, 0, 0, 0, 0, 0, 0, 0, 0, 0, 0, 0, 0, 0, 0, 0, 0, 0, 0, 0, 0, 0, 0, 0, 0, 0, 0, 0, 0, 0, 0, 0, 0, 0, 0, 0, 0, 0, 0, 0, 0, 0, 0, 0, 0, 0, 0, 0, 0, 0, 0, 0, 0, 0, 0, 0, 0, 0, 0, 0, 0, 0, 0, 0, 0, 0, 0, 0, 0, 0, 0, 0, 0, 0, 0, 0, 0, 0, 0, 0, 0, 0, 0, 0, 0, 0, 0, 0, 0, 0, 0, 0, 0, 0, 0, 0, 0, 0, 0, 0, 0, 0, 0, 0, 0, 0, 0, 0, 0, 0, 0, 0, 0, 0, 0, 0, 0, 0, 0, 0, 0, 0, 0, 0, 0, 0, 0, 0, 0, 0, 0, 0, 0, 0, 0, 0, 0, 0, 0, 0, 0, 0, 0, 0, 0, 0, 0, 0, 0, 0, 0, 0, 0, 0, 0, 0, 0, 0, 0, 0, 0, 0, 0, 0, 0, 0, 0, 0, 0, 0, 0, 0, 0, 0, 0, 0, 0, 0, 0, 0, 0, 0, 0, 0, 0, 0, 0, 0, 0, 0, 0, 0, 0, 0, 0, 0, 0, 0, 0, 0, 0, 0, 0, 0, 0, 0, 0, 0, 0, 0, 0, 0, 0, 0, 0, 0, 0, 0, 0, 0, 0, 0, 0, 0, 0, 0, 0, 0, 0, 0, 0, 0, 0, 0, 0, 0, 0, 0, 0, 0, 0, 0, 0, 0, 0, 0, 0, 0, 0, 0, 0, 0, 0, 0, 0, 0, 0, 0, 0, 0, 0, 0, 0, 0, 0, 0, 0, 0, 0, 0, 0, 0, 0, 0, 0, 0, 0, 0, 0, 0, 0, 0, 0, 0, 0, 0, 0, 0, 0, 0, 0, 0, 0, 0, 0, 0, 0, 0, 0, 0, 0, 0, 0, 0, 0, 0, 0, 0, 0, 0, 0, 0, 0, 0, 0, 0, 0, 0, 0, 0, 0, 0, 0, 0, 0, 0, 0, 0, 0, 0, 0, 0, 0, 0, 0, 0, 0, 0, 0, 0, 0, 0, 0, 0, 0, 0, 0, 0, 0, 0, 0, 0, 0, 0, 0, 0, 0, 0, 0, 0, 0, 0, 0, 0, 0, 0, 0, 0, 0, 0, 0, 0, 0, 0, 0, 0, 0, 0, 0, 0, 0, 0, 0, 0, 0, 0, 0, 0, 0, 0, 0, 0, 0, 0, 0, 0, 0, 0, 0, 0, 0, 0, 0, 0, 0, 0, 0, 0, 0, 0, 0, 0, 0, 0, 0, 0, 0, 0, 0, 0, 0, 0, 0, 0, 0, 0, 0, 0, 0, 0, 0, 0, 0, 0, 0, 0, 0, 0, 0, 0, 0, 0, 0, 0, 0, 0, 0, 0, 0, 0, 0, 0, 0, 0, 0, 0, 0, 0, 0, 0, 0, 0, 0, 0, 0, 0, 0, 0, 0, 0, 0, 0, 0, 0, 0, 0, 0, 0, 0, 0, 0, 0, 0, 0, 0, 0, 0, 0, 0, 0, 0, 0, 0, 0, 0, 0, 0, 0, 0, 0, 0, 0, 0, 0, 0, 0, 0, 0, 0, 0, 0, 0, 0, 0, 0, 0, 0, 0, 0, 0, 0, 0, 0, 0, 0, 0, 0, 0, 0, 0, 0, 0, 0, 0, 0, 0, 0, 0, 0, 0, 0, 0, 0, 0, 0, 0, 0, 0, 0, 0, 0, 0, 0, 0, 0, 0, 0, 0, 0, 0, 0, 0, 0, 0, 0, 0, 0, 0, 0, 0, 0, 0, 0, 0, 0, 0, 0, 0, 0, 0, 0, 0, 0, 0, 0, 0, 0, 0, 0, 0, 0, 0, 0, 0, 0, 0, 0, 0, 0, 0, 0, 0, 0, 0, 0, 0, 0, 0, 0, 0, 0, 0, 0, 0, 0, 0, 0, 0, 0, 0, 0, 0, 0, 0, 0, 0, 0, 0, 0, 0, 0, 0, 0, -0.8090173602104187, 0.5877847075462341, 0, 0, 0, 0, 0, 0, 0, 0, 0, 0, 0, 0, 0, 0, 0, 0, -0.8090166449546814, 0.5877857804298401, 0, 0, 0, 0, 0, 0, 0, 0, 0, 0, 0, 0, 0, 0, 0, 0, -0.8090171217918396, 0.5877850651741028, 0, 0, 0, 0, 0, 0, 0, 0, 0, 0, 0, 0, 0, 0, 0, 0, -0.8090168833732605, 0.5877853631973267, 0, 0, 0, 0, 0, 0, 0, 0, 0, 0, 0, 0, 0, 0, 0, 0, 0, 0, 0, 0, 0, 0, 0, 0, 0, 0, 0, 0, 0, 0, 0, 0, 0, 0, 0, 0, 0, 0, 0, 0, 0, 0, 0, 0, 0, 0, 0, 0, 0, 0, 0, 0, 0, 0, 0, 0, 0, 0, 0, 0, 0, 0, 0, 0, 0, 0, 0, 0, 0, 0, 0, 0, 0, 0, 0, 0, 0, 0, 0, 0, 0, 0, 0, 0, 0, 0, 0, 0, 0, 0, 0, 0, 0, 0, 0, 0, 0, 0, 0, 0, 0, 0, 0, 0, 0, 0, 0, 0, 0, 0, 0, 0, 0, 0, 0, 0, 0, 0, 0, 0, 0, 0, 0, 0, 0, 0, 0, 0, 0, 0, 0, 0, 0, 0, 0, 0, 0, 0, 0, 0, 0, 0, 0, 0, 0, 0, 0, 0, 0, 0, 0, 0, 0, 0, 0, 0, 0, 0, 0, 0, 0, 0, 0, 0, 0, 0, 0, 0, 0, 0, 0, 0, 0, 0, 0, 0, 0, 0, 0, 0, 0, 0, 0, 0, 0, 0, 0, 0, 0, 0, 0, 0, 0, 0, 0, 0, 0, 0, 0, 0, 0, 0, 0, 0, 0, 0, 0, 0, 0, 0, 0, 0, 0, 0, 0, 0, 0, 0, 0, 0, 0, 0, 0, 0, 0, 0, 0, 0, 0, 0, 0, 0, 0, 0, 0, 0, 0, 0, 0, 0, 0, 0, 0, 0, 0, 0, 0, 0, 0, 0, 0, 0, 0, 0, 0, 0, 0, 0, 0, 0, 0, 0, 0, 0, 0, 0, 0, 0, 0, 0, 0, 0, 0, 0, 0, 0, 0, 0, 0, 0, 0, 0, 0, 0, 0, 0, 0, 0, 0, 0, 0, 0, 0, 0, 0, 0, 0, 0, 0, 0, 0, 0, 0, 0, 0, 0, 0, 0, 0, 0, 0, 0, 0, 0, 0, 0, 0, 0, 0, 0, 0, 0, 0, 0, 0, 0, 0, 0, 0, 0, 0, 0, 0, 0, 0, 0, 0, 0, 0, 0, 0, 0, 0, 0, 0, 0, 0, 0, 0, 0, 0, 0, 0, 0, 0, 0, 0, 0, 0, 0, 0, 0, 0, 0, 0, 0, 0, 0, 0, 0, 0, 0, 0, 0, 0, 0, 0, 0, 0, 0, 0, 0, 0, 0, 0, 0, 0, 0, 0, 0, 0, 0, 0, 0, 0, 0, 0, 0, 0, 0, 0, 0, 0, 0, 0, 0, 0, 0, 0, 0, 0, 0, 0, 0, 0, 0, 0, 0, 0, 0, 0, 0, 0, 0, 0, 0, 0, 0, 0, 0, 0, 0, 0, 0, 0, 0, 0, 0, 0, 0, 0, 0, 0, 0, 0, 0, 0, 0, 0, 0, 0, 0, 0, 0, 0, 0, 0, 0, 0, 0, 0, 0, 0, 0, 0, 0, 0, 0, 0, 0, 0, 0, 0, 0, 0, 0, 0, 0, 0, 0, 0, 0, 0, 0, 0, 0, 0, 0, 0, 0, 0, 0, 0, 0, 0, 0, 0, 0, 0, 0, 0, 0, 0, 0, 0, 0, 0, 0, 0, 0, 0, 0, 0, 0, 0, 0, 0, 0, 0, 0, 0, 0, 0, 0, 0, 0, 0, 0, 0, 0, 0, 0, 0, 0, 0, 0, 0, 0, 0, 0, 0, 0, 0, 0, 0, 0, 0, 0, 0, 0, 0, 0, 0, 0, 0, 0, 0, 0, 0, 0, 0, 0, 0, 0, 0, 0, 0, 0, 0, 0, 0, 0, 0, 0, 0, 0, 0, 0, 0, 0, 0, 0, 0, 0, 0, 0, 0, 0, 0, 0, 0, 0, 0, 0, 0, 0, 0, 0, 0, 0, 0, 0, 0, 0, 0, 0, 0, 0, 0, 0, 0, 0, 0, 0, 0, 0, 0, 0, 0, 0, 0, 0, 0, 0, 0, 0, 0, 0, 0, 0, 0, 0, 0, 0, 0, 0, 0, 0, 0, 0, 0, 0, 0, 0, 0, 0, 0, 0, 0, 0, 0, 0, 0, 0, 0, 0, 0, 0, 0, 0, 0, 0, 0, 0, 0, 0, 0, 0, 0, 0, 0, 0, 0, 0, 0, 0, 0, 0, 0, 0, 0, 0, 0, 0, 0, 0, 0, 0, 0, 0, 0, 0, 0, 0, 0, 0, 0, 0, 0, 0, 0, 0, 0, 0, 0, 0, 0, 0, 0, 0, 0, 0, 0, 0, 0, 0, 0, 0, 0, 0, 0, 0, 0, 0, 0, 0, 0, 0, 0, 0, 0, 0, 0, 0, 0, 0, 0, 0, 0, 0, 0, 0, 0, 0, 0, 0, 0, 0, 0, 0, 0, 0, 0, 0, 0, 0, 0, 0, 0, 0, 0, 0, 0, 0, 0, 0, 0, 0, 0, 0, 0, 0, 0, 0, 0, 0, 0, 0, 0, 0, 0, 0, 0, 0, 0, 0, 0, 0, 0, 0, 0, 0, 0, 0, 0, 0, 0, 0, 0, 0, 0, 0, 0, 0, 0, 0, 0, 0, 0, 0, 0, 0, 0, 0, 0, 0, 0, 0, 0, 0, 0, 0, 0, 0, 0, 0, 0, 0, 0, 0, 0, 0, 0, 0, 0, 0, 0, 0, 0, 0, 0, 0, 0, 0, 0, 0, 0, 0, 0, 0, 0, 0, 0, 0, 0, 0, 0, 0, 0, 0, 0, 0, 0, 0, 0, 0, 0, 0, 0, 0, 0, 0, 0, 0, 0, 0, 0, 0, 0, 0, 0, 0, 0, 0, 0, 0, 0, 0, 0, 0, 0, 0, 0, 0, 0, 0, 0, 0, 0, 0, 0, 0, 0, 0, 0, 0, 0, 0, 0, 0, 0, 0, 0, 0, 0, 0, 0, 0, 0, 0, 0, 0, 0, 0, 0, 0, 0, 0, 0, 0, 0, 0, 0, 0, 0, 0, 0, 0, 0, 0, 0, 0, 0, 0, 0, 0, 0, 0, 0, 0, 0, 0, 0, 0, 0, 0, 0, 0, 0, 0, 0, 0, 0, 0, 0, 0, 0, 0, 0, 0, 0, 0, 0, 0, 0, 0, 0, 0, 0, 0, 0, 0, 0, 0, 0, 0, 0, 0, 0, 0, 0, 0, 0, 0, 0, 0, 0, 0, 0, 0, 0, 0, 0, 0, 0, 0, 0, 0, 0, 0, 0, 0, 0, 0, 0, 0, 0, 0, 0, 0, 0, 0, 0, 0, 0, 0, 0, 0, 0, 0, 0, 0, 0, 0, 0, 0, 0, 0, 0, 0, 0, 0, 0, 0, 0, 0, 0, 0, 0, 0, 0, 0, 0, 0, 0, 0, 0, 0, 0, 0, 0, 0, 0, 0, 0, 0, 0, 0, 0, 0, 0, 0, 0, 0, 0, 0, 0, 0, 0, 0, 0, 0, 0, 0, 0, 0, 0, 0, 0, 0, 0, 0, 0, 0, 0, 0, 0, 0, 0, 0, 0, 0, 0, 0, 0, 0, 0, 0, 0, 0, 0, 0, 0, 0, 0, 0, 0, 0, 0, 0, 0, 0, 0, 0, 0, 0, 0, 0, 0, 0, 0, 0, 0, 0, 0, 0, 0, 0, 0, 0, 0, 0, 0, 0, 0, 0, 0, 0, 0, 0, 0, 0, 0, 0, 0, 0, 0, 0, 0, 0, 0, 0, 0, 0, 0, 0, 0, 0, 0, 0, 0, 0, 0, 0, 0, 0, 0, 0, 0, 0, 0, 0, 0, 0, 0, 0, 0, 0, 0, 0, 0, 0, 0, 0, 0, 0, 0, 0, 0, 0, 0, 0, 0, 0, 0, 0, 0, 0, 0, 0, 0, 0, 0, 0, 0, 0, 0, 0, 0, 0, 0, 0, 0, 0, 0, 0, 0, 0, 0, 0, 0, 0, 0, 0, 0, 0, 0, 0, 0, 0, -0.8090173602104187, 0.5877847075462341, 0, 0, 0, 0, 0, 0, 0, 0, 0, 0, 0, 0, 0, 0, 0, 0, -0.8090166449546814, 0.5877857804298401, 0, 0, 0, 0, 0, 0, 0, 0, 0, 0, 0, 0, 0, 0, 0, 0, -0.8090171217918396, 0.5877850651741028, 0, 0, 0, 0, 0, 0, 0, 0, 0, 0, 0, 0, 0, 0, 0, 0, -0.8090168833732605, 0.5877853631973267, 0, 0, 0, 0, 0, 0, 0, 0, 0, 0, 0, 0, 0, 0, 0, 0, 0, 0, 0, 0, 0, 0, 0, 0, 0, -0.80901700258255, 0.5877852439880371, 0, 0, 0, 0, 0, 0, 0, 0, 0, 0, 0, 0, 0, 0, 0, 0, -0.8090170621871948, 0.5877851843833923, 0, 0, 0, 0, 0, 0, 0, 0, 0, 0, 0, 0, 0, 0, 0, 0, -0.80901700258255, 0.5877852439880371, 0, 0, 0, 0, 0, 0, 0, 0, 0, 0, 0, 0, 0, 0, 0, 0, -0.8090169429779053, 0.5877853035926819, 0, 0, 0, 0, 0, 0, 0, 0, 0, 0, 0, 0, 0, 0, 0, 0, 0, 0, 0, 0, 0, 0, 0, 0, 0, -0.8090170621871948, 0.5877851843833923, 0, 0, 0, 0, 0, 0, 0, 0, 0, 0, 0, 0, 0, 0, 0, 0, -0.80901700258255, 0.5877852439880371, 0, 0, 0, 0, 0, 0, 0, 0, 0, 0, 0, 0, 0, 0, 0, 0, -0.80901700258255, 0.5877852439880371, 0, 0, 0, 0, 0, 0, 0, 0, 0, 0, 0, 0, 0, 0, 0, 0, -0.8090171217918396, 0.5877851247787476, 0, 0, 0, 0, 0, 0, 0, 0, 0, 0, 0, 0, 0, 0, 0, 0, 0, 0, 0, 0, 0, 0, 0, 0, 0, -0.80901700258255, 0.5877852439880371, 0, 0, 0, 0, 0, 0, 0, 0, 0, 0, 0, 0, 0, 0, 0, 0, -0.8090169429779053, 0.5877853035926819, 0, 0, 0, 0, 0, 0, 0, 0, 0, 0, 0, 0, 0, 0, 0, 0, -0.80901700258255, 0.5877852439880371, 0, 0, 0, 0, 0, 0, 0, 0, 0, 0, 0, 0, 0, 0, 0, 0, -0.80901700258255, 0.5877852439880371, 0, 0, 0, 0, 0, 0, 0, 0, 0, 0, 0, 0, 0, 0, 0, 0, 0, 0, 0, 0, 0, 0, 0, 0, 0, -0.8090169429779053, 0.5877853035926819, 0, 0, 0, 0, 0, 0, 0, 0, 0, 0, 0, 0, 0, 0, 0, 0, -0.80901700258255, 0.5877852439880371, 0, 0, 0, 0, 0, 0, 0, 0, 0, 0, 0, 0, 0, 0, 0, 0, -0.80901700258255, 0.5877852439880371, 0, 0, 0, 0, 0, 0, 0, 0, 0, 0, 0, 0, 0, 0, 0, 0, -0.80901700258255, 0.5877852439880371, 0, 0, 0, 0, 0, 0, 0, 0, 0, 0, 0, 0, 0, 0, 0, 0, 0, 0, 0, 0, 0, 0, 0, 0, 0, -0.80901700258255, 0.5877852439880371, 0, 0, 0, 0, 0, 0, 0, 0, 0, 0, 0, 0, 0, 0, 0, 0, -0.80901700258255, 0.5877852439880371, 0, 0, 0, 0, 0, 0, 0, 0, 0, 0, 0, 0, 0, 0, 0, 0, -0.80901700258255, 0.5877852439880371, 0, 0, 0, 0, 0, 0, 0, 0, 0, 0, 0, 0, 0, 0, 0, 0, -0.8090167045593262, 0.5877856612205505, 0, 0, 0, 0, 0, 0, 0, 0, 0, 0, 0, 0, 0, 0, 0, 0, 0, 0, 0, 0, 0, 0, 0, 0, 0, -0.80901700258255, 0.5877852439880371, 0, 0, 0, 0, 0, 0, 0, 0, 0, 0, 0, 0, 0, 0, 0, 0, -0.80901700258255, 0.5877852439880371, 0, 0, 0, 0, 0, 0, 0, 0, 0, 0, 0, 0, 0, 0, 0, 0, -0.8090171217918396, 0.5877850651741028, 0, 0, 0, 0, 0, 0, 0, 0, 0, 0, 0, 0, 0, 0, 0, 0, -0.80901700258255, 0.5877852439880371, 0, 0, 0, 0, 0, 0, 0, 0, 0, 0, 0, 0, 0, 0, 0, 0, 0, 0, 0, 0, 0, 0, 0, 0, 0, -0.80901700258255, 0.5877852439880371, 0, 0, 0, 0, 0, 0, 0, 0, 0, 0, 0, 0, 0, 0, 0, 0, -0.80901700258255, 0.5877852439880371, 0, 0, 0, 0, 0, 0, 0, 0, 0, 0, 0, 0, 0, 0, 0, 0, -0.80901700258255, 0.5877852439880371, 0, 0, 0, 0, 0, 0, 0, 0, 0, 0, 0, 0, 0, 0, 0, 0, -0.80901700258255, 0.5877852439880371, 0, 0, 0, 0, 0, 0, 0, 0, 0, 0, 0, 0, 0, 0, 0, 0, 0, 0, 0, 0, 0, 0, 0, 0, 0, -0.80901700258255, 0.5877852439880371, 0, 0, 0, 0, 0, 0, 0, 0, 0, 0, 0, 0, 0, 0, 0, 0, -0.80901700258255, 0.5877852439880371, 0, 0, 0, 0, 0, 0, 0, 0, 0, 0, 0, 0, 0, 0, 0, 0, -0.80901700258255, 0.5877852439880371, 0, 0, 0, 0, 0, 0, 0, 0, 0, 0, 0, 0, 0, 0, 0, 0, -0.80901700258255, 0.5877852439880371, 0, 0, 0, 0, 0, 0, 0, 0, 0, 0, 0, 0, 0, 0, 0, 0, 0, 0, 0, 0, 0, 0, 0, 0, 0, -0.80901700258255, 0.5877852439880371, 0, 0, 0, 0, 0, 0, 0, 0, 0, 0, 0, 0, 0, 0, 0, 0, -0.80901700258255, 0.5877852439880371, 0, 0, 0, 0, 0, 0, 0, 0, 0, 0, 0, 0, 0, 0, 0, 0, -0.80901700258255, 0.5877852439880371, 0, 0, 0, 0, 0, 0, 0, 0, 0, 0, 0, 0, 0, 0, 0, 0, -0.80901700258255, 0.5877852439880371, 0, 0, 0, 0, 0, 0, 0, 0, 0, 0, 0, 0, 0, 0, 0, 0, 0, 0, 0, 0, 0, 0, 0, 0, 0, -0.80901700258255, 0.5877852439880371, 0, 0, 0, 0, 0, 0, 0, 0, 0, 0, 0, 0, 0, 0, 0, 0, -0.80901700258255, 0.5877852439880371, 0, 0, 0, 0, 0, 0, 0, 0, 0, 0, 0, 0, 0, 0, 0, 0, -0.80901700258255, 0.5877852439880371, 0, 0, 0, 0, 0, 0, 0, 0, 0, 0, 0, 0, 0, 0, 0, 0, -0.80901700258255, 0.5877852439880371, 0, 0, 0, 0, 0, 0, 0, 0, 0, 0, 0, 0, 0, 0, 0, 0, 0, 0, 0, 0, 0, 0, 0, 0, 0, -0.8090173602104187, 0.5877847075462341, 0, 0, 0, 0, 0, 0, 0, 0, 0, 0, 0, 0, 0, 0, 0, 0, -0.8090166449546814, 0.5877857804298401, 0, 0, 0, 0, 0, 0, 0, 0, 0, 0, 0, 0, 0, 0, 0, 0, -0.80901700258255, 0.5877852439880371, 0, 0, 0, 0, 0, 0, 0, 0, 0, 0, 0, 0, 0, 0, 0, 0, -0.80901700258255, 0.5877852439880371, 0, 0, 0, 0, 0, 0, 0, 0, 0, 0, 0, 0, 0, 0, 0, 0, 0, 0, 0, 0, 0, 0, 0, 0, 0, -0.8090166449546814, 0.5877857804298401, 0, 0, 0, 0, 0, 0, 0, 0, 0, 0, 0, 0, 0, 0, 0, 0, -0.8090173602104187, 0.5877847075462341, 0, 0, 0, 0, 0, 0, 0, 0, 0, 0, 0, 0, 0, 0, 0, 0, -0.8090166449546814, 0.5877857804298401, 0, 0, 0, 0, 0, 0, 0, 0, 0, 0, 0, 0, 0, 0, 0, 0, -0.8090173602104187, 0.5877847075462341, 0, 0, 0, 0, 0, 0, 0, 0, 0, 0, 0, 0, 0, 0, 0, 0, 0, 0, 0, 0, 0, 0, 0, 0, 0, -0.8090166449546814, 0.5877857804298401, 0, 0, 0, 0, 0, 0, 0, 0, 0, 0, 0, 0, 0, 0, 0, 0, -0.8090173602104187, 0.5877847075462341, 0, 0, 0, 0, 0, 0, 0, 0, 0, 0, 0, 0, 0, 0, 0, 0, -0.8090166449546814, 0.5877857804298401, 0, 0, 0, 0, 0, 0, 0, 0, 0, 0, 0, 0, 0, 0, 0, 0, -0.8090173602104187, 0.5877847075462341, 0, 0, 0, 0, 0, 0, 0, 0, 0, 0, 0, 0, 0, 0, 0, 0, 0, 0, 0, 0, 0, 0, 0, 0, 0, -0.8090166449546814, 0.5877857804298401, 0, 0, 0, 0, 0, 0, 0, 0, 0, 0, 0, 0, 0, 0, 0, 0, -0.8090173602104187, 0.5877847075462341, 0, 0, 0, 0, 0, 0, 0, 0, 0, 0, 0, 0, 0, 0, 0, 0, -0.8090166449546814, 0.5877857804298401, 0, 0, 0, 0, 0, 0, 0, 0, 0, 0, 0, 0, 0, 0, 0, 0, -0.8090176582336426, 0.5877843499183655, 0, 0, 0, 0, 0, 0, 0, 0, 0, 0, 0, 0, 0, 0, 0, 0, 0, 0, 0, 0, 0, 0, 0, 0, 0, -0.8090166449546814, 0.5877857804298401, 0, 0, 0, 0, 0, 0, 0, 0, 0, 0, 0, 0, 0, 0, 0, 0, -0.8090173602104187, 0.5877847075462341, 0, 0, 0, 0, 0, 0, 0, 0, 0, 0, 0, 0, 0, 0, 0, 0, -0.8090166449546814, 0.5877857804298401, 0, 0, 0, 0, 0, 0, 0, 0, 0, 0, 0, 0, 0, 0, 0, 0, -0.8090176582336426, 0.5877843499183655, 0, 0, 0, 0, 0, 0, 0, 0, 0, 0, 0, 0, 0, 0, 0, 0, 0, 0, 0, 0, 0, 0, 0, 0, 0, -0.8090173602104187, 0.5877847075462341, 0, 0, 0, 0, 0, 0, 0, 0, 0, 0, 0, 0, 0, 0, 0, 0, -0.8090166449546814, 0.5877857804298401, 0, 0, 0, 0, 0, 0, 0, 0, 0, 0, 0, 0, 0, 0, 0, 0, -0.8090171217918396, 0.5877850651741028, 0, 0, 0, 0, 0, 0, 0, 0, 0, 0, 0, 0, 0, 0, 0, 0, -0.8090168833732605, 0.5877853631973267, 0, 0, 0, 0, 0, 0, 0, 0, 0, 0, 0, 0, 0, 0, 0, 0, 0, 0, 0, 0, 0, 0, 0, 0, 0, 0, 0, 0, 0, 0, 0, 0, 0, 0, 0, 0, 0, 0, 0, 0, 0, 0, 0, 0, 0, 0, 0, 0, 0, 0, 0, 0, 0, 0, 0, 0, 0, 0, 0, 0, 0, 0, 0, 0, 0, 0, 0, 0, 0, 0, 0, 0, 0, 0, 0, 0, 0, 0, 0, 0, 0, 0, 0, 0, 0, 0, 0, 0, 0, 0, 0, 0, 0, 0, 0, 0, 0, 0, 0, 0, 0, 0, 0, 0, 0, 0, 0, 0, 0, 0, 0, 0, 0, 0, 0, 0, 0, 0, 0, 0, 0, 0, 0, 0, 0, 0, 0, 0, 0, 0, 0, 0, 0, 0, 0, 0, 0, 0, 0, 0, 0, 0, 0, 0, 0, 0, 0, 0, 0, 0, 0, 0, 0, 0, 0, 0, 0, 0, 0, 0, 0, 0, 0, 0, 0, 0, 0, 0, 0, 0, 0, 0, 0, 0, 0, 0, 0, 0, 0, 0, 0, 0, 0, 0, 0, 0, 0, 0, 0, 0, 0, 0, 0, 0, 0, 0, 0, 0, 0, 0, 0, 0, 0, 0, 0, 0, 0, 0, 0, 0, 0, 0, 0, 0, 0, 0, 0, 0, 0, 0, 0, 0, 0, 0, 0, 0, 0, 0, 0, 0, 0, 0, 0, 0, 0, 0, 0, 0, 0, 0, 0, 0, 0, 0, 0, 0, 0, 0, 0, 0, 0, 0, 0, 0, 0, 0, 0, 0, 0, 0, 0, 0, 0, 0, 0, 0, 0, 0, 0, 0, 0, 0, 0, 0, 0, 0, 0, 0, 0, 0, 0, 0, 0, 0, 0, 0, 0, 0, 0, 0, 0, 0, 0, 0, 0, 0, 0, 0, 0, 0, 0, 0, 0, 0, 0, 0, 0, 0, 0, 0, 0, 0, 0, 0, 0, 0, 0, 0, 0, 0, 0, 0, 0, 0, 0, 0, 0, 0, 0, 0, 0, 0, 0, 0, 0, 0, 0, 0, 0, 0, 0, 0, 0, 0, 0, 0, 0, 0, 0, 0, 0, 0, 0, 0, 0, 0, 0, 0, 0, 0, 0, 0, 0, 0, 0, 0, 0, 0, 0, 0, 0, 0, 0, 0, 0, 0, 0, 0, 0, 0, 0, 0, 0, 0, 0, 0, 0, 0, 0, 0, 0, 0, 0, 0, 0, 0, 0, 0, 0, 0, 0, 0, 0, 0, 0, 0, 0, 0, 0, 0, 0, 0, 0, 0, 0, 0, 0, 0, 0, 0, 0, 0, 0, 0, 0, 0, 0, 0, 0, 0, 0, 0, 0, 0, 0, 0, 0, 0, 0, 0, 0, 0, 0, 0, 0, 0, 0, 0, 0, 0, 0, 0, 0, 0, 0, 0, 0, 0, 0, 0, 0, 0, 0, 0, 0, 0, 0, 0, 0, 0, 0, 0, 0, 0, 0, 0, 0, 0, 0, 0, 0, 0, 0, 0, 0, 0, 0, 0, 0, 0, 0, 0, 0, 0, 0, 0, 0, 0, 0, 0, 0, 0, 0, 0, 0, 0, 0, 0, 0, 0, 0, 0, 0, 0, 0, 0, 0, 0, 0, 0, 0, 0, 0, 0, 0, 0, 0, 0, 0, 0, 0, 0, 0, 0, 0, 0, 0, 0, 0, 0, 0, 0, 0, 0, 0, 0, 0, 0, 0, 0, 0, 0, 0, 0, 0, 0, 0, 0, 0, 0, 0, 0, 0, 0, 0, 0, 0, 0, 0, 0, 0, 0, 0, 0, 0, 0, 0, 0, 0, 0, 0, 0, 0, 0, 0, 0, 0, 0, 0, 0, 0, 0, 0, 0, 0, 0, 0, 0, 0, 0, 0, 0, 0, 0, 0, 0, 0, 0, 0, 0, 0, 0, 0, 0, 0, 0, 0, 0, 0, 0, 0, 0, 0, 0, 0, 0, 0, 0, 0, 0, 0, 0, 0, 0, 0, 0, 0, 0, 0, 0, 0, 0, 0, 0, 0, 0, 0, 0, 0, 0, 0, 0, 0, 0, 0, 0, 0, 0, 0, 0, 0, 0, 0, 0, 0, 0, 0, 0, 0, 0, 0, 0, 0, 0, 0, 0, 0, 0, 0, 0, 0, 0, 0, 0, 0, 0, 0, 0, 0, 0, 0, 0, 0, 0, 0, 0, 0, 0, 0, 0, 0, 0, 0, 0, 0, 0, 0, 0, 0, 0, 0, 0, 0, 0, 0, 0, 0, 0, 0, 0, 0, 0, 0, 0, 0, 0, 0, 0, 0, 0, 0, 0, 0, 0, 0, 0, 0, 0, 0, 0, 0, 0, 0, 0, 0, 0, 0, 0, 0, 0, 0, 0, 0, 0, 0, 0, 0, 0, 0, 0, 0, 0, 0, 0, 0, 0, 0, 0, 0, 0, 0, 0, 0, 0, 0, 0, 0, 0, 0, 0, 0, 0, 0, 0, 0, 0, 0, 0, 0, 0, 0, 0, 0, 0, 0, 0, 0, 0, 0, 0, 0, 0, 0, 0, 0, 0, 0, 0, 0, 0, 0, 0, 0, 0, 0, 0, 0, 0, 0, 0, 0, 0, 0, 0, 0, 0, 0, 0, 0, 0, 0, 0, 0, 0, 0, 0, 0, 0, 0, 0, 0, 0, 0, 0, 0, 0, 0, 0, 0, 0, 0, 0, 0, 0, 0, 0, 0, 0, 0, 0, 0, 0, 0, 0, 0, 0, 0, 0, 0, 0, 0, 0, 0, 0, 0, 0, 0, 0, 0, 0, 0, 0, 0, 0, 0, 0, 0, 0, 0, 0, 0, 0, 0, 0, 0, 0, 0, 0, 0, 0, 0, 0, 0, 0, 0, 0, 0, 0, 0, 0, 0, 0, 0, 0, 0, 0, 0, 0, 0, 0, 0, 0, 0, 0, 0, 0, 0, 0, 0, 0, 0, 0, 0, 0, 0, 0, 0, 0, 0, 0, 0, 0, 0, 0, 0, 0, 0, 0, 0, 0, 0, 0, 0, 0, 0, 0, 0, 0, 0, 0, 0, 0, 0, 0, 0, 0, 0, 0, 0, 0, 0, 0, 0, 0, 0, 0, 0, 0, 0, 0, 0, 0, 0, 0, 0, 0, 0, 0, 0, 0, 0, 0, 0, 0, 0, 0, 0, 0, 0, 0, 0, 0, 0, 0, 0, 0, 0, 0, 0, 0, 0, 0, -0.8090169429779053, -0.5877853035926819, 0, 0, 0, 0, 0, 0, 0, 0, 0, 0, 0, 0, 0, 0, 0, 0, 0, 0, 0, 0, 0, 0, 0, 0, 0, 0, 0, 0, -0.80901700258255, -0.5877852439880371, 0, 0, 0, 0, 0, 0, 0, 0, 0, 0, 0, 0, 0, 0, 0, 0, 0, 0, 0, 0, 0, 0, -0.8090170621871948, -0.5877851843833923, 0, 0, 0, 0, 0, 0, 0, 0, 0, 0, 0, 0, 0, 0, 0, 0, 0, 0, 0, 0, 0, 0, 0, 0, 0, 0, 0, 0, -0.80901700258255, -0.5877852439880371, 0, 0, 0, 0, 0, 0, 0, 0, 0, 0, 0, 0, 0, 0, 0, 0, 0, 0, 0, 0, 0, 0, 0, 0, 0, 0, 0, 0, 0, 0, 0, -0.8090171217918396, -0.5877851247787476, 0, 0, 0, 0, 0, 0, 0, 0, 0, 0, 0, 0, 0, 0, 0, 0, 0, 0, 0, 0, 0, 0, 0, 0, 0, 0, 0, 0, -0.80901700258255, -0.5877852439880371, 0, 0, 0, 0, 0, 0, 0, 0, 0, 0, 0, 0, 0, 0, 0, 0, 0, 0, 0, 0, 0, 0, 0, 0, 0, 0, 0, 0, -0.80901700258255, -0.5877852439880371, 0, 0, 0, 0, 0, 0, 0, 0, 0, 0, 0, 0, 0, 0, 0, 0, 0, 0, 0, 0, 0, 0, -0.8090170621871948, -0.5877851843833923, 0, 0, 0, 0, 0, 0, 0, 0, 0, 0, 0, 0, 0, 0, 0, 0, 0, 0, 0, 0, 0, 0, 0, 0, 0, 0, 0, 0, 0, 0, 0, 0, 0, 0, 0, 0, 0, -0.80901700258255, -0.5877852439880371, 0, 0, 0, 0, 0, 0, 0, 0, 0, 0, 0, 0, 0, 0, 0, 0, 0, 0, 0, 0, 0, 0, 0, 0, 0, 0, 0, 0, -0.80901700258255, -0.5877852439880371, 0, 0, 0, 0, 0, 0, 0, 0, 0, 0, 0, 0, 0, 0, 0, 0, 0, 0, 0, 0, 0, 0, -0.8090169429779053, -0.5877853035926819, 0, 0, 0, 0, 0, 0, 0, 0, 0, 0, 0, 0, 0, 0, 0, 0, 0, 0, 0, 0, 0, 0, 0, 0, 0, 0, 0, 0, -0.80901700258255, -0.5877852439880371, 0, 0, 0, 0, 0, 0, 0, 0, 0, 0, 0, 0, 0, 0, 0, 0, 0, 0, 0, 0, 0, 0, 0, 0, 0, 0, 0, 0, 0, 0, 0, -0.80901700258255, -0.5877852439880371, 0, 0, 0, 0, 0, 0, 0, 0, 0, 0, 0, 0, 0, 0, 0, 0, 0, 0, 0, 0, 0, 0, 0, 0, 0, 0, 0, 0, -0.80901700258255, -0.5877852439880371, 0, 0, 0, 0, 0, 0, 0, 0, 0, 0, 0, 0, 0, 0, 0, 0, 0, 0, 0, 0, 0, 0, 0, 0, 0, 0, 0, 0, -0.80901700258255, -0.5877852439880371, 0, 0, 0, 0, 0, 0, 0, 0, 0, 0, 0, 0, 0, 0, 0, 0, 0, 0, 0, 0, 0, 0, -0.8090169429779053, -0.5877853035926819, 0, 0, 0, 0, 0, 0, 0, 0, 0, 0, 0, 0, 0, 0, 0, 0, 0, 0, 0, 0, 0, 0, 0, 0, 0, 0, 0, 0, 0, 0, 0, 0, 0, 0, 0, 0, 0, -0.8090167045593262, -0.5877856612205505, 0, 0, 0, 0, 0, 0, 0, 0, 0, 0, 0, 0, 0, 0, 0, 0, 0, 0, 0, 0, 0, 0, 0, 0, 0, 0, 0, 0, -0.80901700258255, -0.5877852439880371, 0, 0, 0, 0, 0, 0, 0, 0, 0, 0, 0, 0, 0, 0, 0, 0, 0, 0, 0, 0, 0, 0, -0.80901700258255, -0.5877852439880371, 0, 0, 0, 0, 0, 0, 0, 0, 0, 0, 0, 0, 0, 0, 0, 0, 0, 0, 0, 0, 0, 0, 0, 0, 0, 0, 0, 0, -0.80901700258255, -0.5877852439880371, 0, 0, 0, 0, 0, 0, 0, 0, 0, 0, 0, 0, 0, 0, 0, 0, 0, 0, 0, 0, 0, 0, 0, 0, 0, 0, 0, 0, 0, 0, 0, -0.80901700258255, -0.5877852439880371, 0, 0, 0, 0, 0, 0, 0, 0, 0, 0, 0, 0, 0, 0, 0, 0, 0, 0, 0, 0, 0, 0, 0, 0, 0, 0, 0, 0, -0.8090171217918396, -0.5877850651741028, 0, 0, 0, 0, 0, 0, 0, 0, 0, 0, 0, 0, 0, 0, 0, 0, 0, 0, 0, 0, 0, 0, 0, 0, 0, 0, 0, 0, -0.80901700258255, -0.5877852439880371, 0, 0, 0, 0, 0, 0, 0, 0, 0, 0, 0, 0, 0, 0, 0, 0, 0, 0, 0, 0, 0, 0, -0.80901700258255, -0.5877852439880371, 0, 0, 0, 0, 0, 0, 0, 0, 0, 0, 0, 0, 0, 0, 0, 0, 0, 0, 0, 0, 0, 0, 0, 0, 0, 0, 0, 0, 0, 0, 0, 0, 0, 0, 0, 0, 0, -0.80901700258255, -0.5877852439880371, 0, 0, 0, 0, 0, 0, 0, 0, 0, 0, 0, 0, 0, 0, 0, 0, 0, 0, 0, 0, 0, 0, 0, 0, 0, 0, 0, 0, -0.80901700258255, -0.5877852439880371, 0, 0, 0, 0, 0, 0, 0, 0, 0, 0, 0, 0, 0, 0, 0, 0, 0, 0, 0, 0, 0, 0, -0.80901700258255, -0.5877852439880371, 0, 0, 0, 0, 0, 0, 0, 0, 0, 0, 0, 0, 0, 0, 0, 0, 0, 0, 0, 0, 0, 0, 0, 0, 0, 0, 0, 0, -0.80901700258255, -0.5877852439880371, 0, 0, 0, 0, 0, 0, 0, 0, 0, 0, 0, 0, 0, 0, 0, 0, 0, 0, 0, 0, 0, 0, 0, 0, 0, 0, 0, 0, 0, 0, 0, -0.80901700258255, -0.5877852439880371, 0, 0, 0, 0, 0, 0, 0, 0, 0, 0, 0, 0, 0, 0, 0, 0, 0, 0, 0, 0, 0, 0, 0, 0, 0, 0, 0, 0, -0.80901700258255, -0.5877852439880371, 0, 0, 0, 0, 0, 0, 0, 0, 0, 0, 0, 0, 0, 0, 0, 0, 0, 0, 0, 0, 0, 0, 0, 0, 0, 0, 0, 0, -0.80901700258255, -0.5877852439880371, 0, 0, 0, 0, 0, 0, 0, 0, 0, 0, 0, 0, 0, 0, 0, 0, 0, 0, 0, 0, 0, 0, -0.80901700258255, -0.5877852439880371, 0, 0, 0, 0, 0, 0, 0, 0, 0, 0, 0, 0, 0, 0, 0, 0, 0, 0, 0, 0, 0, 0, 0, 0, 0, 0, 0, 0, 0, 0, 0, 0, 0, 0, 0, 0, 0, -0.80901700258255, -0.5877852439880371, 0, 0, 0, 0, 0, 0, 0, 0, 0, 0, 0, 0, 0, 0, 0, 0, 0, 0, 0, 0, 0, 0, 0, 0, 0, 0, 0, 0, -0.80901700258255, -0.5877852439880371, 0, 0, 0, 0, 0, 0, 0, 0, 0, 0, 0, 0, 0, 0, 0, 0, 0, 0, 0, 0, 0, 0, -0.80901700258255, -0.5877852439880371, 0, 0, 0, 0, 0, 0, 0, 0, 0, 0, 0, 0, 0, 0, 0, 0, 0, 0, 0, 0, 0, 0, 0, 0, 0, 0, 0, 0, -0.80901700258255, -0.5877852439880371, 0, 0, 0, 0, 0, 0, 0, 0, 0, 0, 0, 0, 0, 0, 0, 0, 0, 0, 0, 0, 0, 0, 0, 0, 0, 0, 0, 0, 0, 0, 0, -0.80901700258255, -0.5877852439880371, 0, 0, 0, 0, 0, 0, 0, 0, 0, 0, 0, 0, 0, 0, 0, 0, 0, 0, 0, 0, 0, 0, 0, 0, 0, 0, 0, 0, -0.80901700258255, -0.5877852439880371, 0, 0, 0, 0, 0, 0, 0, 0, 0, 0, 0, 0, 0, 0, 0, 0, 0, 0, 0, 0, 0, 0, 0, 0, 0, 0, 0, 0, -0.80901700258255, -0.5877852439880371, 0, 0, 0, 0, 0, 0, 0, 0, 0, 0, 0, 0, 0, 0, 0, 0, 0, 0, 0, 0, 0, 0, -0.80901700258255, -0.5877852439880371, 0, 0, 0, 0, 0, 0, 0, 0, 0, 0, 0, 0, 0, 0, 0, 0, 0, 0, 0, 0, 0, 0, 0, 0, 0, 0, 0, 0, 0, 0, 0, 0, 0, 0, 0, 0, 0, -0.80901700258255, -0.5877852439880371, 0, 0, 0, 0, 0, 0, 0, 0, 0, 0, 0, 0, 0, 0, 0, 0, 0, 0, 0, 0, 0, 0, 0, 0, 0, 0, 0, 0, -0.80901700258255, -0.5877852439880371, 0, 0, 0, 0, 0, 0, 0, 0, 0, 0, 0, 0, 0, 0, 0, 0, 0, 0, 0, 0, 0, 0, -0.8090166449546814, -0.5877857804298401, 0, 0, 0, 0, 0, 0, 0, 0, 0, 0, 0, 0, 0, 0, 0, 0, 0, 0, 0, 0, 0, 0, 0, 0, 0, 0, 0, 0, -0.8090173602104187, -0.5877847075462341, 0, 0, 0, 0, 0, 0, 0, 0, 0, 0, 0, 0, 0, 0, 0, 0, 0, 0, 0, 0, 0, 0, 0, 0, 0, 0, 0, 0, 0, 0, 0, -0.8090173602104187, -0.5877847075462341, 0, 0, 0, 0, 0, 0, 0, 0, 0, 0, 0, 0, 0, 0, 0, 0, 0, 0, 0, 0, 0, 0, 0, 0, 0, 0, 0, 0, -0.8090166449546814, -0.5877857804298401, 0, 0, 0, 0, 0, 0, 0, 0, 0, 0, 0, 0, 0, 0, 0, 0, 0, 0, 0, 0, 0, 0, 0, 0, 0, 0, 0, 0, -0.8090173602104187, -0.5877847075462341, 0, 0, 0, 0, 0, 0, 0, 0, 0, 0, 0, 0, 0, 0, 0, 0, 0, 0, 0, 0, 0, 0, -0.8090166449546814, -0.5877857804298401, 0, 0, 0, 0, 0, 0, 0, 0, 0, 0, 0, 0, 0, 0, 0, 0, 0, 0, 0, 0, 0, 0, 0, 0, 0, 0, 0, 0, 0, 0, 0, 0, 0, 0, 0, 0, 0, -0.8090173602104187, -0.5877847075462341, 0, 0, 0, 0, 0, 0, 0, 0, 0, 0, 0, 0, 0, 0, 0, 0, 0, 0, 0, 0, 0, 0, 0, 0, 0, 0, 0, 0, -0.8090166449546814, -0.5877857804298401, 0, 0, 0, 0, 0, 0, 0, 0, 0, 0, 0, 0, 0, 0, 0, 0, 0, 0, 0, 0, 0, 0, -0.8090173602104187, -0.5877847075462341, 0, 0, 0, 0, 0, 0, 0, 0, 0, 0, 0, 0, 0, 0, 0, 0, 0, 0, 0, 0, 0, 0, 0, 0, 0, 0, 0, 0, -0.8090166449546814, -0.5877857804298401, 0, 0, 0, 0, 0, 0, 0, 0, 0, 0, 0, 0, 0, 0, 0, 0, 0, 0, 0, 0, 0, 0, 0, 0, 0, 0, 0, 0, 0, 0, 0, -0.8090176582336426, -0.5877843499183655, 0, 0, 0, 0, 0, 0, 0, 0, 0, 0, 0, 0, 0, 0, 0, 0, 0, 0, 0, 0, 0, 0, 0, 0, 0, 0, 0, 0, -0.8090166449546814, -0.5877857804298401, 0, 0, 0, 0, 0, 0, 0, 0, 0, 0, 0, 0, 0, 0, 0, 0, 0, 0, 0, 0, 0, 0, 0, 0, 0, 0, 0, 0, -0.8090173602104187, -0.5877847075462341, 0, 0, 0, 0, 0, 0, 0, 0, 0, 0, 0, 0, 0, 0, 0, 0, 0, 0, 0, 0, 0, 0, -0.8090166449546814, -0.5877857804298401, 0, 0, 0, 0, 0, 0, 0, 0, 0, 0, 0, 0, 0, 0, 0, 0, 0, 0, 0, 0, 0, 0, 0, 0, 0, 0, 0, 0, 0, 0, 0, 0, 0, 0, 0, 0, 0, -0.8090176582336426, -0.5877843499183655, 0, 0, 0, 0, 0, 0, 0, 0, 0, 0, 0, 0, 0, 0, 0, 0, 0, 0, 0, 0, 0, 0, 0, 0, 0, 0, 0, 0, -0.8090166449546814, -0.5877857804298401, 0, 0, 0, 0, 0, 0, 0, 0, 0, 0, 0, 0, 0, 0, 0, 0, 0, 0, 0, 0, 0, 0, -0.8090173602104187, -0.5877847075462341, 0, 0, 0, 0, 0, 0, 0, 0, 0, 0, 0, 0, 0, 0, 0, 0, 0, 0, 0, 0, 0, 0, 0, 0, 0, 0, 0, 0, -0.8090166449546814, -0.5877857804298401, 0, 0, 0, 0, 0, 0, 0, 0, 0, 0, 0, 0, 0, 0, 0, 0, 0, 0, 0, 0, 0, 0, 0, 0, 0, 0, 0, 0, 0, 0, 0, -0.8090168833732605, -0.5877853631973267, 0, 0, 0, 0, 0, 0, 0, 0, 0, 0, 0, 0, 0, 0, 0, 0, 0, 0, 0, 0, 0, 0, 0, 0, 0, 0, 0, 0, -0.8090171217918396, -0.5877850651741028, 0, 0, 0, 0, 0, 0, 0, 0, 0, 0, 0, 0, 0, 0, 0, 0, 0, 0, 0, 0, 0, 0, 0, 0, 0, 0, 0, 0, -0.8090166449546814, -0.5877857804298401, 0, 0, 0, 0, 0, 0, 0, 0, 0, 0, 0, 0, 0, 0, 0, 0, 0, 0, 0, 0, 0, 0, -0.8090173602104187, -0.5877847075462341, 0, 0, 0, 0, 0, 0, 0, 0, 0, 0, 0, 0, 0, 0, 0, 0, 0, 0, 0, 0, 0, 0, 0, 0, 0, 0, 0, 0, 0, 0, 0, 0, 0, 0, 0, 0, 0, 0, 0, 0, 0, 0, 0, 0, 0, 0, 0, 0, 0, 0, 0, 0, 0, 0, 0, 0, 0, 0, 0, 0, 0, 0, 0, 0, 0, 0, 0, 0, 0, 0, 0, 0, 0, 0, 0, 0, 0, 0, 0, 0, 0, 0, 0, 0, 0, 0, 0, 0, 0, 0, 0, 0, 0, 0, 0, 0, 0, 0, 0, 0, 0, 0, 0, 0, 0, 0, 0, 0, 0, 0, 0, 0, 0, 0, 0, 0, 0, 0, 0, 0, 0, 0, 0, 0, 0, 0, 0, 0, 0, 0, 0, 0, 0, 0, 0, 0, 0, 0, 0, 0, 0, 0, 0, 0, 0, 0, 0, 0, 0, 0, 0, 0, 0, 0, 0, 0, 0, 0, 0, 0, 0, 0, 0, 0, 0, 0, 0, 0, 0, 0, 0, 0, 0, 0, 0, 0, 0, 0, 0, 0, 0, 0, 0, 0, 0, 0, 0, 0, 0, 0, 0, 0, 0, 0, 0, 0, 0, 0, 0, 0, 0, 0, 0, 0, 0, 0, 0, 0, 0, 0, 0, 0, 0, 0, 0, 0, 0, 0, 0, 0, 0, 0, 0, 0, 0, 0, 0, 0, 0, 0, 0, 0, 0, 0, 0, 0, 0, 0, 0, 0, 0, 0, 0, 0, 0, 0, 0, 0, 0, 0, 0, 0, 0, 0, 0, 0, 0, 0, 0, 0, 0, 0, 0, 0, 0, 0, 0, 0, 0, 0, 0, 0, 0, 0, 0, 0, 0, 0, 0, 0, 0, 0, 0, 0, 0, 0, 0, 0, 0, 0, 0, 0, 0, 0, 0, 0, 0, 0, 0, 0, 0, 0, 0, 0, 0, 0, 0, 0, 0, 0, 0, 0, 0, 0, 0, 0, 0, 0, 0, 0, 0, 0, 0, 0, 0, 0, 0, 0, 0, 0, 0, 0, 0, 0, 0, 0, 0, 0, 0, 0, 0, 0, 0, 0, 0, 0, 0, 0, 0, 0, 0, 0, 0, 0, 0, 0, 0, 0, 0, 0, 0, 0, 0, 0, 0, 0, 0, 0, 0, 0, 0, 0, 0, 0, 0, 0, 0, 0, 0, 0, 0, 0, 0, 0, 0, 0, 0, 0, 0, 0, 0, 0, 0, 0, 0, 0, 0, 0, 0, 0, 0, 0, 0, 0, 0, 0, 0, 0, 0, 0, 0, 0, 0, 0, 0, 0, 0, 0, 0, 0, 0, 0, 0, 0, 0, 0, 0, 0, 0, 0, 0, 0, 0, 0, 0, 0, 0, 0, 0, 0, 0, 0, 0, 0, 0, 0, 0, 0, 0, 0, 0, 0, 0, 0, 0, 0, 0, 0, 0, 0, 0, 0, 0, 0, 0, 0, 0, 0, 0, 0, 0, 0, 0, 0, 0, 0, 0, 0, 0, 0, 0, 0, 0, 0, 0, 0, 0, 0, 0, 0, 0, 0, 0, 0, 0, 0, 0, 0, 0, 0, 0, 0, 0, 0, 0, 0, 0, 0, 0, 0, 0, 0, 0, 0, 0, 0, 0, 0, 0, 0, 0, 0, 0, 0, 0, 0, 0, 0, 0, 0, 0, 0, 0, 0, 0, 0, 0, 0, 0, 0, 0, 0, 0, 0, 0, 0, 0, 0, 0, 0, 0, 0, 0, 0, 0, 0, 0, 0, 0, 0, 0, 0, 0, 0, 0, 0, 0, 0, 0, 0, 0, 0, 0, 0, 0, 0, 0, 0, 0, 0, 0, 0, 0, 0, 0, 0, 0, 0, 0, 0, 0, 0, 0, 0, 0, 0, 0, 0, 0, 0, 0, 0, 0, 0, 0, 0, 0, 0, 0, 0, 0, 0, 0, 0, 0, 0, 0, 0, 0, 0, 0, 0, 0, 0, 0, 0, 0, 0, 0, 0, 0, 0, 0, 0, 0, 0, 0, 0, 0, 0, 0, 0, 0, 0, 0, 0, 0, 0, 0, 0, 0, 0, 0, 0, 0, 0, 0, 0, 0, 0, 0, 0, 0, 0, 0, 0, 0, 0, 0, 0, 0, 0, 0, 0, 0, 0, 0, 0, 0, 0, 0, 0, 0, 0, 0, 0, 0, 0, 0, 0, 0, 0, 0, 0, 0, 0, 0, 0, 0, 0, 0, 0, 0, 0, 0, 0, 0, 0, 0, 0, 0, 0, 0, 0, 0, 0, 0, 0, 0, 0, 0, 0, 0, 0, 0, 0, 0, 0, 0, 0, 0, 0, 0, 0, 0, 0, 0, 0, 0, 0, 0, 0, 0, 0, 0, 0, 0, 0, 0, 0, 0, 0, 0, 0, 0, 0, 0, 0, 0, 0, 0, 0, 0, 0, 0, 0, 0, 0, 0, 0, 0, 0, 0, 0, 0, 0, 0, 0, 0, 0, 0, 0, 0, 0, 0, 0, 0, 0, 0, 0, 0, 0, 0, 0, 0, 0, 0, 0, 0, 0, 0, 0, 0, 0, 0, 0, 0, 0, 0, 0, 0, 0, 0, 0, 0, 0, 0, 0, 0, 0, 0, 0, 0, 0, 0, 0, 0, 0, 0, 0, 0, 0, 0, 0, 0, 0, 0, 0, 0, 0, 0, 0, 0, 0, 0, 0, 0, 0, 0, 0, 0, 0, 0, 0, 0, 0, 0, 0, 0, 0, 0, 0, 0, 0, 0, 0, 0, 0, 0, 0, 0, 0, 0, 0, 0, 0, 0, 0, 0, 0, 0, 0, 0, 0, 0, 0, 0, 0, 0, 0, 0, 0, 0, 0, 0, 0, 0, 0, 0, 0, 0, 0, 0, 0, 0, 0, 0, 0, 0, 0, 0, 0, 0, 0, 0, 0, 0, 0, 0, 0, 0, 0, 0, 0, 0, 0, 0, 0, 0, 0, 0, 0, 0, 0, 0, 0, 0, 0, 0, 0, 0, 0, 0, 0, 0, 0, 0, 0, 0, 0, 0, 0, 0, 0, 0, 0, 0, 0, 0, 0, 0, 0, 0, 0, 0, 0, 0, 0, 0, 0, 0, 0, 0, 0, 0, 0, 0, 0, 0, 0, 0, 0, 0, 0, 0, 0, 0, 0, 0, 0, 0, 0, 0, 0, 0, 0, 0, 0, 0, 0, 0, 0, 0, 0, 0, 0, 0, 0, 0, 0, 0, 0, 0, 0, 0, 0, 0, 0, 0, 0, 0, 0, 0, 0, 0, 0, 0, 0, 0, 0, 0, 0, 0, 0, 0, 0, 0, 0, 0, 0, 0, 0, 0, 0, 0, 0, 0, 0, 0, 0, 0, 0, 0, 0, 0, 0, 0, 0, 0, 0, 0, 0, 0, 0, 0, 0, 0, 0, 0, 0, 0, 0, 0, 0, 0, 0, 0, 0, 0, 0, 0, 0, 0, 0, 0, 0, 0, 0, 0, 0, 0, 0, 0, 0, 0, 0, 0, 0, 0, 0, 0, 0, 0, 0, 0, 0, 0, 0, 0, 0, 0, 0, 0, 0, 0, 0, 0, 0, 0, 0, 0, 0, 0, 0, 0, 0, 0, 0, 0, 0, 0, 0, 0, 0, 0, 0, 0, 0, 0, 0, 0, 0, 0, 0, 0, 0, 0, 0, 0, 0, 0, 0, 0, 0, 0, 0, 0, 0, 0, 0, 0, 0, 0, 0, 0, 0, 0, 0, 0, 0, 0, 0, 0, 0, 0, 0, 0, 0, 0, 0, 0, 0, 0, 0, 0, 0, 0, 0, 0, 0, 0, 0, 0, 0, 0, 0, 0, 0, 0, 0, 0, 0, 0, 0, 0, 0, 0, 0, 0, 0, 0, 0, 0, 0, 0, 0, 0, 0, 0, 0, 0, 0, 0, 0, 0, 0, 0, 0, 0, 0, 0, 0, 0, 0, 0, 0, 0, 0, 0, 0, 0, 0, 0, 0, 0, 0, 0, 0, 0, 0, 0, 0, 0, 0, 0, 0, 0, 0, 0, 0, 0, 0, 0, 0, 0, 0, 0, 0, 0, 0, 0, 0, 0, 0, 0, 0, 0, 0, 0, 0, 0, 0, 0, 0, 0, 0, 0, 0, 0, 0, 0, 0, 0, 0, 0, 0, 0, 0, 0, 0, 0, 0, 0, 0, 0, 0, 0, 0, 0, 0, 0, 0, 0, 0, 0, 0, 0, 0, 0, 0, 0, 0, 0, 0, 0, 0, 0, 0, 0, 0, 0, 0, 0, 0, 0, 0, 0, 0, 0, 0, 0, 0, 0, 0, 0, 0, 0, 0, 0, 0, 0, 0, 0, 0, 0, 0, 0, 0, 0, 0, 0, 0, 0, 0, 0, 0, 0, 0, 0, 0, 0, 0, 0, 0, 0, 0, 0, 0, 0, 0, 0, 0, 0, 0, 0, 0, 0, 0, 0, 0, 0, 0, 0, 0, 0, 0, 0, 0, 0, 0, 0, 0, 0, 0, 0, 0, 0, 0, 0, 0, 0, 0, 0, 0, 0, 0, 0, 0, 0, 0, 0, 0, 0, 0, 0, 0, 0, 0, 0, 0, 0, 0, 0, 0, 0, 0, 0, 0, 0, 0, 0, 0, 0, 0, 0, 0, 0, 0, 0, 0, 0, 0, 0, 0, 0, 0, 0, 0, 0, 0, 0, 0, 0, 0, 0, 0, 0, 0, 0, 0, 0, 0, 0, 0, 0, 0, 0, 0, 0, 0, 0, 0, 0, 0, 0, 0, 0, 0, 0, 0, 0, 0, 0, 0, 0, 0, 0, 0, 0, 0, 0, 0, 0, 0, 0, 0, 0, 0, 0, 0, 0, 0, 0, 0, 0, 0, 0, 0, 0, 0, 0, 0, 0, 0, 0, 0, 0, 0, 0, 0, 0, 0, 0, 0, 0, 0, 0, 0, 0, 0, 0, 0, 0, 0, 0, 0, 0, 0, 0, 0, 0, 0, 0, 0, 0, 0, 0, 0, 0, 0, 0, 0, 0, 0, 0, 0, 0, 0, 0, 0, 0, 0, 0, 0, 0, 0, 0, 0, 0, 0, 0, 0, 0, 0, 0, 0, 0, 0, 0, 0, 0, 0, 0, 0, 0, 0, 0, 0, 0, 0, 0, 0, 0, 0, 0, 0, 0, 0, 0, 0, 0, 0, 0, 0, 0, 0, 0, 0, 0, 0, 0, 0, 0, 0, 0, 0, 0, 0, 0, 0, 0, 0, 0, 0, 0, 0, 0, 0, 0, 0, 0, 0, 0, 0, 0, 0, 0, 0, 0, 0, 0, 0, 0, 0, 0, 0, 0, 0, 0, 0, 0, 0, 0, 0, 0, 0, 0, 0, 0, 0, 0, 0, 0, 0, 0, 0, 0, 0, 0, 0, 0, 0, 0, 0, 0, 0, 0, 0, 0, 0, 0, 0, 0, 0, 0, 0, 0, 0, 0, 0, 0, 0, 0, 0, 0, 0, 0, 0, 0, 0, 0, 0, 0, 0, 0, 0, 0, 0, 0, 0, 0, 0, 0, 0, 0, 0, 0, 0, 0, 0, 0, 0, 0, 0, 0, 0, 0, 0, 0, 0, 0, 0, 0, 0, 0, 0, 0, 0, 0, 0, 0, 0, 0, 0, 0, 0, 0, 0, 0, 0, 0, 0, 0, 0, 0, 0, 0, 0, 0, 0, 0, 0, 0, 0, 0, 0, 0, 0, 0, 0, 0, 0, 0, 0, 0, 0, 0, 0, 0, 0, 0, 0, 0, 0, 0, 0, 0, 0, 0, 0, 0, 0, 0, 0, 0, 0, 0, 0, 0, 0, 0, 0, 0, 0, 0, 0, 0, 0, 0, 0, 0, 0, 0, 0, 0, 0, 0, 0, 0, 0, 0, 0, 0, 0, 0, 0, 0, 0, 0, 0, 0, 0, 0, 0, 0, 0, 0, 0, 0, 0, 0, 0, 0, 0, 0, 0, 0, 0, 0, 0, 0, 0, 0, 0, 0, 0, 0, 0, 0, 0, 0, 0, 0, 0, 0, 0, 0, 0, 0, 0, 0, 0, 0, 0, 0, 0, 0, 0, 0, 0, 0, 0, 0, 0, 0, 0, 0, 0, 0, 0, 0, 0, 0, 0, 0, 0, 0, 0, 0, 0, 0, 0, 0, 0, 0, 0, 0, 0, 0, 0, 0, 0, 0, 0, 0, 0, 0, 0, 0, 0, 0, 0, 0, 0, 0, 0, 0, 0, 0, 0, 0, 0, 0, 0, 0, 0, 0, 0, 0, 0, 0, 0, 0, 0, 0, 0, 0, 0, 0, 0, 0, 0, 0, 0, 0, 0, 0, 0, 0, 0, 0, 0, 0, 0, 0, 0, 0, 0, 0, 0, 0, 0, 0, 0, 0, 0, 0, 0, 0, 0, 0, 0, 0, 0, 0, 0, 0, 0, 0, 0, 0, 0, 0, 0, 0, 0, 0, 0, 0, 0, 0, 0, 0, 0, 0, 0, 0, 0, 0, 0, 0, 0, 0, 0, 0, 0, 0, 0, 0, 0, 0, 0, 0, 0, 0, 0, 0, 0, 0, 0, 0, 0, 0, 0, 0, 0, 0, 0, 0, 0, 0, 0, 0, 0, 0, 0, 0, 0, 0, 0, 0, 0, 0, 0, 0, 0, 0, 0, 0, 0, 0, 0, 0, 0, 0, 0, 0, 0, 0, 0, 0, 0, 0, 0, 0, 0, 0, 0, 0, 0, 0, 0, 0, 0, 0, 0, 0, 0, 0, 0, 0, 0, 0, 0, 0, 0, 0, 0, 0, 0, 0, 0, 0, 0, 0, 0, 0, 0, 0, 0, 0, 0, 0, 0, 0, 0, 0, 0, 0, 0, 0, 0, 0, 0, 0, 0, 0, 0, 0, 0, 0, 0, 0, 0, 0, 0, 0, 0, 0, 0, 0, 0, 0, 0, 0, 0, 0, 0, 0, 0, 0, 0, 0, 0, 0, 0, 0, 0, 0, 0, 0, 0, 0, 0, 0, 0, 0, 0, 0, 0, 0, 0, 0, 0, 0, 0, 0, 0, 0, 0, 0, 0, 0, 0, 0, 0, 0, 0, 0, 0, 0, 0, 0, 0, 0, 0, 0, 0, 0, 0, 0, 0, 0, 0, 0, 0, 0, 0, 0, 0, 0, 0, 0, 0, 0, 0, 0, 0, 0, 0, 0, 0, 0, 0, 0, 0, 0, 0, 0, 0, 0, 0, 0, 0, 0, 0, 0, 0, 0, 0, 0, 0, 0, 0, 0, 0, 0, 0, 0, 0, 0, 0, 0, 0, 0, 0, 0, 0, 0, 0, 0, 0, 0, 0, 0, 0, 0, 0, 0, 0, 0, 0, 0, 0, 0, 0, 0, 0, 0, 0, 0, 0, 0, 0, 0, 0, 0, 0, 0, 0, 0, 0, 0, 0, 0, 0, 0, 0, 0, 0, 0, 0, 0, 0, 0, 0, 0, 0, 0, 0, 0, 0, 0, 0, 0, 0, 0, 0, 0, 0, 0, 0, 0, 0, 0, 0, 0, 0, 0, 0, 0, 0, 0, 0, 0, 0, 0, 0, 0, 0, 0, 0, 0, 0, 0, 0, 0, 0, 0, 0, 0, 0, 0, 0, 0, 0, 0, 0, 0, 0, 0, 0, 0, 0, 0, 0, 0, 0, 0, 0, 0, 0, 0, 0, 0, 0, 0, 0, 0, 0, 0, 0, 0, 0, 0, 0, 0, 0, 0, 0, 0, 0, 0, 0, 0, 0, 0, 0, 0, 0, 0, 0, 0, 0, 0, 0, 0, 0, 0, 0, 0, 0, 0, 0, 0, 0, 0, 0, 0, 0, 0, 0, 0, 0, 0, 0, 0, 0, 0, 0, 0, 0, 0, 0, 0, 0, 0, 0, 0, 0, 0, 0, 0, 0, 0, 0, 0, 0, 0, 0, 0, 0, 0, 0, 0, 0, 0, 0, 0, 0, 0, 0, 0, 0, 0, 0, 0, 0, 0, 0, 0, 0, 0, 0, 0, 0, 0, 0, 0, 0, 0, 0, 0, 0, 0, 0, 0, 0, 0, 0, 0, 0, 0, 0, 0, 0, 0, 0, 0, 0, 0, 0, 0, 0, 0, 0, 0, 0, 0, 0, 0, 0, 0, 0, 0, 0, 0, 0, 0, 0, 0, 0, 0, 0, 0, 0, 0, 0, 0, 0, 0, 0, 0, 0, 0, -0.8090168833732605, -0.5877853631973267, 0, 0, 0, 0, 0, 0, 0, 0, 0, 0, 0, 0, 0, 0, 0, 0, -0.8090171217918396, -0.5877850651741028, 0, 0, 0, 0, 0, 0, 0, 0, 0, 0, 0, 0, 0, 0, 0, 0, -0.8090166449546814, -0.5877857804298401, 0, 0, 0, 0, 0, 0, 0, 0, 0, 0, 0, 0, 0, 0, 0, 0, -0.8090173602104187, -0.5877847075462341, 0, 0, 0, 0, 0, 0, 0, 0, 0, 0, 0, 0, 0, 0, 0, 0, 0, 0, 0, 0, 0, 0, 0, 0, 0, 0, 0, 0, 0, 0, 0, 0, 0, 0, 0, 0, 0, 0, 0, 0, 0, 0, 0, 0, 0, 0, 0, 0, 0, 0, 0, 0, 0, 0, 0, 0, 0, 0, 0, 0, 0, 0, 0, 0, 0, 0, 0, 0, 0, 0, 0, 0, 0, 0, 0, 0, 0, 0, 0, 0, 0, 0, 0, 0, 0, 0, 0, 0, 0, 0, 0, 0, 0, 0, 0, 0, 0, 0, 0, 0, 0, 0, 0, 0, 0, 0, 0, 0, 0, 0, 0, 0, 0, 0, 0, 0, 0, 0, 0, 0, 0, 0, 0, 0, 0, 0, 0, 0, 0, 0, 0, 0, 0, 0, 0, 0, 0, 0, 0, 0, 0, 0, 0, 0, 0, 0, 0, 0, 0, 0, 0, 0, 0, 0, 0, 0, 0, 0, 0, 0, 0, 0, 0, 0, 0, 0, 0, 0, 0, 0, 0, 0, 0, 0, 0, 0, 0, 0, 0, 0, 0, 0, 0, 0, 0, 0, 0, 0, 0, 0, 0, 0, 0, 0, 0, 0, 0, 0, 0, 0, 0, 0, 0, 0, 0, 0, 0, 0, 0, 0, 0, 0, 0, 0, 0, 0, 0, 0, 0, 0, 0, 0, 0, 0, 0, 0, 0, 0, 0, 0, 0, 0, 0, 0, 0, 0, 0, 0, 0, 0, 0, 0, 0, 0, 0, 0, 0, 0, 0, 0, 0, 0, 0, 0, 0, 0, 0, 0, 0, 0, 0, 0, 0, 0, 0, 0, 0, 0, 0, 0, 0, 0, 0, 0, 0, 0, 0, 0, 0, 0, 0, 0, 0, 0, 0, 0, 0, 0, 0, 0, 0, 0, 0, 0, 0, 0, 0, 0, 0, 0, 0, 0, 0, 0, 0, 0, 0, 0, 0, 0, 0, 0, 0, 0, 0, 0, 0, 0, 0, 0, 0, 0, 0, 0, 0, 0, 0, 0, 0, 0, 0, 0, 0, 0, 0, 0, 0, 0, 0, 0, 0, 0, 0, 0, 0, 0, 0, 0, 0, 0, 0, 0, 0, 0, 0, 0, 0, 0, 0, 0, 0, 0, 0, 0, 0, 0, 0, 0, 0, 0, 0, 0, 0, 0, 0, 0, 0, 0, 0, 0, 0, 0, 0, 0, 0, 0, 0, 0, 0, 0, 0, 0, 0, 0, 0, 0, 0, 0, 0, 0, 0, 0, 0, 0, 0, 0, 0, 0, 0, 0, 0, 0, 0, 0, 0, 0, 0, 0, 0, 0, 0, 0, 0, 0, 0, 0, 0, 0, 0, 0, 0, 0, 0, 0, 0, 0, 0, 0, 0, 0, 0, 0, 0, 0, 0, 0, 0, 0, 0, 0, 0, 0, 0, 0, 0, 0, 0, 0, 0, 0, 0, 0, 0, 0, 0, 0, 0, 0, 0, 0, 0, 0, 0, 0, 0, 0, 0, 0, 0, 0, 0, 0, 0, 0, 0, 0, 0, 0, 0, 0, 0, 0, 0, 0, 0, 0, 0, 0, 0, 0, 0, 0, 0, 0, 0, 0, 0, 0, 0, 0, 0, 0, 0, 0, 0, 0, 0, 0, 0, 0, 0, 0, 0, 0, 0, 0, 0, 0, 0, 0, 0, 0, 0, 0, 0, 0, 0, 0, 0, 0, 0, 0, 0, 0, 0, 0, 0, 0, 0, 0, 0, 0, 0, 0, 0, 0, 0, 0, 0, 0, 0, 0, 0, 0, 0, 0, 0, 0, 0, 0, 0, 0, 0, 0, 0, 0, 0, 0, 0, 0, 0, 0, 0, 0, 0, 0, 0, 0, 0, 0, 0, 0, 0, 0, 0, 0, 0, 0, 0, 0, 0, 0, 0, 0, 0, 0, 0, 0, 0, 0, 0, 0, 0, 0, 0, 0, 0, 0, 0, 0, 0, 0, 0, 0, 0, 0, 0, 0, 0, 0, 0, 0, 0, 0, 0, 0, 0, 0, 0, 0, 0, 0, 0, 0, 0, 0, 0, 0, 0, 0, 0, 0, 0, 0, 0, 0, 0, 0, 0, 0, 0, 0, 0, 0, 0, 0, 0, 0, 0, 0, 0, 0, 0, 0, 0, 0, 0, 0, 0, 0, 0, 0, 0, 0, 0, 0, 0, 0, 0, 0, 0, 0, 0, 0, 0, 0, 0, 0, 0, 0, 0, 0, 0, 0, 0, 0, 0, 0, 0, 0, 0, 0, 0, 0, 0, 0, 0, 0, 0, 0, 0, 0, 0, 0, 0, 0, 0, 0, 0, 0, 0, 0, 0, 0, 0, 0, 0, 0, 0, 0, 0, 0, 0, 0, 0, 0, 0, 0, 0, 0, 0, 0, 0, 0, 0, 0, 0, 0, 0, 0, 0, 0, 0, 0, 0, 0, 0, 0, 0, 0, 0, 0, 0, 0, 0, 0, 0, 0, 0, 0, 0, 0, 0, 0, 0, 0, 0, 0, 0, 0, 0, 0, 0, 0, 0, 0, 0, 0, 0, 0, 0, 0, 0, 0, 0, 0, 0, 0, 0, 0, 0, 0, 0, 0, 0, 0, 0, 0, 0, 0, 0, 0, 0, 0, 0, 0, 0, 0, 0, 0, 0, 0, 0, 0, 0, 0, 0, 0, 0, 0, 0, 0, 0, 0, 0, 0, 0, 0, 0, 0, 0, 0, 0, 0, 0, 0, 0, 0, 0, 0, 0, 0, 0, 0, 0, 0, 0, 0, 0, 0, 0, 0, 0, 0, 0, 0, 0, 0, 0, 0, 0, 0, 0, 0, 0, 0, 0, 0, 0, 0, 0, 0, 0, 0, 0, 0, 0, 0, 0, 0, 0, 0, 0, 0, 0, 0, 0, 0, 0, 0, 0, 0, 0, 0, 0, 0, 0, 0, 0, 0, 0, 0, 0, 0, 0, 0, 0, 0, 0, 0, 0, 0, 0, 0, 0, 0, 0, 0, 0, 0, 0, 0, 0, 0, 0, 0, 0, 0, 0, 0, 0, 0, 0, 0, 0, 0, 0, 0, 0, 0, 0, 0, 0, 0, 0, 0, 0, 0, 0, 0, 0, 0, 0, 0, 0, 0, 0, 0, 0, 0, 0, 0, 0, 0, 0, 0, 0, 0, 0, 0, 0, 0, 0, 0, 0, 0, 0, 0, 0, 0, 0, 0, 0, 0, 0, 0, 0, 0, 0, 0, 0, 0, 0, 0, 0, 0, 0, 0, 0, 0, 0, 0, 0, 0, 0, 0, 0, 0, 0, 0, 0, 0, 0, 0, 0, 0, 0, 0, 0, 0, 0, 0, 0, 0, 0, 0, 0, 0, 0, 0, 0, 0, 0, 0, 0, 0, 0, 0, 0, 0, 0, 0, 0, 0, 0, 0, 0, 0, 0, 0, 0, 0, 0, 0, 0, 0, 0, 0, 0, 0, 0, 0, 0, 0, 0, 0, 0, 0, 0, 0, 0, 0, 0, 0, 0, 0, 0, 0, 0, 0, 0, 0, 0, 0, 0, 0, 0, 0, 0, 0, 0, 0, 0, 0, 0, 0, 0, 0, 0, 0, 0, 0, 0, 0, 0, 0, 0, 0, 0, 0, 0, 0, 0, 0, 0, 0, 0, 0, 0, 0, 0, 0, 0, 0, 0, 0, 0, 0, 0, 0, 0, 0, 0, 0, 0, 0, 0, 0, 0, 0, 0, 0, 0, 0, 0, 0, 0, 0, 0, 0, 0, 0, 0, 0, 0, 0, 0, 0, 0, 0, 0, 0, 0, 0, 0, 0, 0, 0, 0, 0, 0, 0, 0, 0, 0, 0, 0, 0, 0, 0, 0, 0, 0, 0, 0, 0, 0, 0, 0, 0, 0, 0, 0, 0, 0, 0, 0, 0, 0, 0, 0, 0, 0, 0, 0, 0, 0, 0, 0, 0, 0, 0, 0, 0, 0, 0, 0, 0, 0, 0, -0.8090168833732605, -0.5877853631973267, 0, 0, 0, 0, 0, 0, 0, 0, 0, 0, 0, 0, 0, 0, 0, 0, -0.8090171217918396, -0.5877850651741028, 0, 0, 0, 0, 0, 0, 0, 0, 0, 0, 0, 0, 0, 0, 0, 0, -0.8090166449546814, -0.5877857804298401, 0, 0, 0, 0, 0, 0, 0, 0, 0, 0, 0, 0, 0, 0, 0, 0, -0.8090173602104187, -0.5877847075462341, 0, 0, 0, 0, 0, 0, 0, 0, 0, 0, 0, 0, 0, 0, 0, 0, 0, 0, 0, 0, 0, 0, 0, 0, 0, -0.8090169429779053, -0.5877853035926819, 0, 0, 0, 0, 0, 0, 0, 0, 0, 0, 0, 0, 0, 0, 0, 0, -0.80901700258255, -0.5877852439880371, 0, 0, 0, 0, 0, 0, 0, 0, 0, 0, 0, 0, 0, 0, 0, 0, -0.8090170621871948, -0.5877851843833923, 0, 0, 0, 0, 0, 0, 0, 0, 0, 0, 0, 0, 0, 0, 0, 0, -0.80901700258255, -0.5877852439880371, 0, 0, 0, 0, 0, 0, 0, 0, 0, 0, 0, 0, 0, 0, 0, 0, 0, 0, 0, 0, 0, 0, 0, 0, 0, -0.8090171217918396, -0.5877851247787476, 0, 0, 0, 0, 0, 0, 0, 0, 0, 0, 0, 0, 0, 0, 0, 0, -0.80901700258255, -0.5877852439880371, 0, 0, 0, 0, 0, 0, 0, 0, 0, 0, 0, 0, 0, 0, 0, 0, -0.80901700258255, -0.5877852439880371, 0, 0, 0, 0, 0, 0, 0, 0, 0, 0, 0, 0, 0, 0, 0, 0, -0.8090170621871948, -0.5877851843833923, 0, 0, 0, 0, 0, 0, 0, 0, 0, 0, 0, 0, 0, 0, 0, 0, 0, 0, 0, 0, 0, 0, 0, 0, 0, -0.80901700258255, -0.5877852439880371, 0, 0, 0, 0, 0, 0, 0, 0, 0, 0, 0, 0, 0, 0, 0, 0, -0.80901700258255, -0.5877852439880371, 0, 0, 0, 0, 0, 0, 0, 0, 0, 0, 0, 0, 0, 0, 0, 0, -0.8090169429779053, -0.5877853035926819, 0, 0, 0, 0, 0, 0, 0, 0, 0, 0, 0, 0, 0, 0, 0, 0, -0.80901700258255, -0.5877852439880371, 0, 0, 0, 0, 0, 0, 0, 0, 0, 0, 0, 0, 0, 0, 0, 0, 0, 0, 0, 0, 0, 0, 0, 0, 0, -0.80901700258255, -0.5877852439880371, 0, 0, 0, 0, 0, 0, 0, 0, 0, 0, 0, 0, 0, 0, 0, 0, -0.80901700258255, -0.5877852439880371, 0, 0, 0, 0, 0, 0, 0, 0, 0, 0, 0, 0, 0, 0, 0, 0, -0.80901700258255, -0.5877852439880371, 0, 0, 0, 0, 0, 0, 0, 0, 0, 0, 0, 0, 0, 0, 0, 0, -0.8090169429779053, -0.5877853035926819, 0, 0, 0, 0, 0, 0, 0, 0, 0, 0, 0, 0, 0, 0, 0, 0, 0, 0, 0, 0, 0, 0, 0, 0, 0, -0.8090167045593262, -0.5877856612205505, 0, 0, 0, 0, 0, 0, 0, 0, 0, 0, 0, 0, 0, 0, 0, 0, -0.80901700258255, -0.5877852439880371, 0, 0, 0, 0, 0, 0, 0, 0, 0, 0, 0, 0, 0, 0, 0, 0, -0.80901700258255, -0.5877852439880371, 0, 0, 0, 0, 0, 0, 0, 0, 0, 0, 0, 0, 0, 0, 0, 0, -0.80901700258255, -0.5877852439880371, 0, 0, 0, 0, 0, 0, 0, 0, 0, 0, 0, 0, 0, 0, 0, 0, 0, 0, 0, 0, 0, 0, 0, 0, 0, -0.80901700258255, -0.5877852439880371, 0, 0, 0, 0, 0, 0, 0, 0, 0, 0, 0, 0, 0, 0, 0, 0, -0.8090171217918396, -0.5877850651741028, 0, 0, 0, 0, 0, 0, 0, 0, 0, 0, 0, 0, 0, 0, 0, 0, -0.80901700258255, -0.5877852439880371, 0, 0, 0, 0, 0, 0, 0, 0, 0, 0, 0, 0, 0, 0, 0, 0, -0.80901700258255, -0.5877852439880371, 0, 0, 0, 0, 0, 0, 0, 0, 0, 0, 0, 0, 0, 0, 0, 0, 0, 0, 0, 0, 0, 0, 0, 0, 0, -0.80901700258255, -0.5877852439880371, 0, 0, 0, 0, 0, 0, 0, 0, 0, 0, 0, 0, 0, 0, 0, 0, -0.80901700258255, -0.5877852439880371, 0, 0, 0, 0, 0, 0, 0, 0, 0, 0, 0, 0, 0, 0, 0, 0, -0.80901700258255, -0.5877852439880371, 0, 0, 0, 0, 0, 0, 0, 0, 0, 0, 0, 0, 0, 0, 0, 0, -0.80901700258255, -0.5877852439880371, 0, 0, 0, 0, 0, 0, 0, 0, 0, 0, 0, 0, 0, 0, 0, 0, 0, 0, 0, 0, 0, 0, 0, 0, 0, -0.80901700258255, -0.5877852439880371, 0, 0, 0, 0, 0, 0, 0, 0, 0, 0, 0, 0, 0, 0, 0, 0, -0.80901700258255, -0.5877852439880371, 0, 0, 0, 0, 0, 0, 0, 0, 0, 0, 0, 0, 0, 0, 0, 0, -0.80901700258255, -0.5877852439880371, 0, 0, 0, 0, 0, 0, 0, 0, 0, 0, 0, 0, 0, 0, 0, 0, -0.80901700258255, -0.5877852439880371, 0, 0, 0, 0, 0, 0, 0, 0, 0, 0, 0, 0, 0, 0, 0, 0, 0, 0, 0, 0, 0, 0, 0, 0, 0, -0.80901700258255, -0.5877852439880371, 0, 0, 0, 0, 0, 0, 0, 0, 0, 0, 0, 0, 0, 0, 0, 0, -0.80901700258255, -0.5877852439880371, 0, 0, 0, 0, 0, 0, 0, 0, 0, 0, 0, 0, 0, 0, 0, 0, -0.80901700258255, -0.5877852439880371, 0, 0, 0, 0, 0, 0, 0, 0, 0, 0, 0, 0, 0, 0, 0, 0, -0.80901700258255, -0.5877852439880371, 0, 0, 0, 0, 0, 0, 0, 0, 0, 0, 0, 0, 0, 0, 0, 0, 0, 0, 0, 0, 0, 0, 0, 0, 0, -0.80901700258255, -0.5877852439880371, 0, 0, 0, 0, 0, 0, 0, 0, 0, 0, 0, 0, 0, 0, 0, 0, -0.80901700258255, -0.5877852439880371, 0, 0, 0, 0, 0, 0, 0, 0, 0, 0, 0, 0, 0, 0, 0, 0, -0.80901700258255, -0.5877852439880371, 0, 0, 0, 0, 0, 0, 0, 0, 0, 0, 0, 0, 0, 0, 0, 0, -0.80901700258255, -0.5877852439880371, 0, 0, 0, 0, 0, 0, 0, 0, 0, 0, 0, 0, 0, 0, 0, 0, 0, 0, 0, 0, 0, 0, 0, 0, 0, -0.80901700258255, -0.5877852439880371, 0, 0, 0, 0, 0, 0, 0, 0, 0, 0, 0, 0, 0, 0, 0, 0, -0.80901700258255, -0.5877852439880371, 0, 0, 0, 0, 0, 0, 0, 0, 0, 0, 0, 0, 0, 0, 0, 0, -0.8090166449546814, -0.5877857804298401, 0, 0, 0, 0, 0, 0, 0, 0, 0, 0, 0, 0, 0, 0, 0, 0, -0.8090173602104187, -0.5877847075462341, 0, 0, 0, 0, 0, 0, 0, 0, 0, 0, 0, 0, 0, 0, 0, 0, 0, 0, 0, 0, 0, 0, 0, 0, 0, -0.8090173602104187, -0.5877847075462341, 0, 0, 0, 0, 0, 0, 0, 0, 0, 0, 0, 0, 0, 0, 0, 0, -0.8090166449546814, -0.5877857804298401, 0, 0, 0, 0, 0, 0, 0, 0, 0, 0, 0, 0, 0, 0, 0, 0, -0.8090173602104187, -0.5877847075462341, 0, 0, 0, 0, 0, 0, 0, 0, 0, 0, 0, 0, 0, 0, 0, 0, -0.8090166449546814, -0.5877857804298401, 0, 0, 0, 0, 0, 0, 0, 0, 0, 0, 0, 0, 0, 0, 0, 0, 0, 0, 0, 0, 0, 0, 0, 0, 0, -0.8090173602104187, -0.5877847075462341, 0, 0, 0, 0, 0, 0, 0, 0, 0, 0, 0, 0, 0, 0, 0, 0, -0.8090166449546814, -0.5877857804298401, 0, 0, 0, 0, 0, 0, 0, 0, 0, 0, 0, 0, 0, 0, 0, 0, -0.8090173602104187, -0.5877847075462341, 0, 0, 0, 0, 0, 0, 0, 0, 0, 0, 0, 0, 0, 0, 0, 0, -0.8090166449546814, -0.5877857804298401, 0, 0, 0, 0, 0, 0, 0, 0, 0, 0, 0, 0, 0, 0, 0, 0, 0, 0, 0, 0, 0, 0, 0, 0, 0, -0.8090176582336426, -0.5877843499183655, 0, 0, 0, 0, 0, 0, 0, 0, 0, 0, 0, 0, 0, 0, 0, 0, -0.8090166449546814, -0.5877857804298401, 0, 0, 0, 0, 0, 0, 0, 0, 0, 0, 0, 0, 0, 0, 0, 0, -0.8090173602104187, -0.5877847075462341, 0, 0, 0, 0, 0, 0, 0, 0, 0, 0, 0, 0, 0, 0, 0, 0, -0.8090166449546814, -0.5877857804298401, 0, 0, 0, 0, 0, 0, 0, 0, 0, 0, 0, 0, 0, 0, 0, 0, 0, 0, 0, 0, 0, 0, 0, 0, 0, -0.8090176582336426, -0.5877843499183655, 0, 0, 0, 0, 0, 0, 0, 0, 0, 0, 0, 0, 0, 0, 0, 0, -0.8090166449546814, -0.5877857804298401, 0, 0, 0, 0, 0, 0, 0, 0, 0, 0, 0, 0, 0, 0, 0, 0, -0.8090173602104187, -0.5877847075462341, 0, 0, 0, 0, 0, 0, 0, 0, 0, 0, 0, 0, 0, 0, 0, 0, -0.8090166449546814, -0.5877857804298401, 0, 0, 0, 0, 0, 0, 0, 0, 0, 0, 0, 0, 0, 0, 0, 0, 0, 0, 0, 0, 0, 0, 0, 0, 0, -0.8090168833732605, -0.5877853631973267, 0, 0, 0, 0, 0, 0, 0, 0, 0, 0, 0, 0, 0, 0, 0, 0, -0.8090171217918396, -0.5877850651741028, 0, 0, 0, 0, 0, 0, 0, 0, 0, 0, 0, 0, 0, 0, 0, 0, -0.8090166449546814, -0.5877857804298401, 0, 0, 0, 0, 0, 0, 0, 0, 0, 0, 0, 0, 0, 0, 0, 0, -0.8090173602104187, -0.5877847075462341, 0, 0, 0, 0, 0, 0, 0, 0, 0, 0, 0, 0, 0, 0, 0, 0, 0, 0, 0, 0, 0, 0, 0, 0, 0, 0, 0, 0, 0, 0, 0, 0, 0, 0, 0, 0, 0, 0, 0, 0, 0, 0, 0, 0, 0, 0, 0, 0, 0, 0, 0, 0, 0, 0, 0, 0, 0, 0, 0, 0, 0, 0, 0, 0, 0, 0, 0, 0, 0, 0, 0, 0, 0, 0, 0, 0, 0, 0, 0, 0, 0, 0, 0, 0, 0, 0, 0, 0, 0, 0, 0, 0, 0, 0, 0, 0, 0, 0, 0, 0, 0, 0, 0, 0, 0, 0, 0, 0, 0, 0, 0, 0, 0, 0, 0, 0, 0, 0, 0, 0, 0, 0, 0, 0, 0, 0, 0, 0, 0, 0, 0, 0, 0, 0, 0, 0, 0, 0, 0, 0, 0, 0, 0, 0, 0, 0, 0, 0, 0, 0, 0, 0, 0, 0, 0, 0, 0, 0, 0, 0, 0, 0, 0, 0, 0, 0, 0, 0, 0, 0, 0, 0, 0, 0, 0, 0, 0, 0, 0, 0, 0, 0, 0, 0, 0, 0, 0, 0, 0, 0, 0, 0, 0, 0, 0, 0, 0, 0, 0, 0, 0, 0, 0, 0, 0, 0, 0, 0, 0, 0, 0, 0, 0, 0, 0, 0, 0, 0, 0, 0, 0, 0, 0, 0, 0, 0, 0, 0, 0, 0, 0, 0, 0, 0, 0, 0, 0, 0, 0, 0, 0, 0, 0, 0, 0, 0, 0, 0, 0, 0, 0, 0, 0, 0, 0, 0, 0, 0, 0, 0, 0, 0, 0, 0, 0, 0, 0, 0, 0, 0, 0, 0, 0, 0, 0, 0, 0, 0, 0, 0, 0, 0, 0, 0, 0, 0, 0, 0, 0, 0, 0, 0, 0, 0, 0, 0, 0, 0, 0, 0, 0, 0, 0, 0, 0, 0, 0, 0, 0, 0, 0, 0, 0, 0, 0, 0, 0, 0, 0, 0, 0, 0, 0, 0, 0, 0, 0, 0, 0, 0, 0, 0, 0, 0, 0, 0, 0, 0, 0, 0, 0, 0, 0, 0, 0, 0, 0, 0, 0, 0, 0, 0, 0, 0, 0, 0, 0, 0, 0, 0, 0, 0, 0, 0, 0, 0, 0, 0, 0, 0, 0, 0, 0, 0, 0, 0, 0, 0, 0, 0, 0, 0, 0, 0, 0, 0, 0, 0, 0, 0, 0, 0, 0, 0, 0, 0, 0, 0, 0, 0, 0, 0, 0, 0, 0, 0, 0, 0, 0, 0, 0, 0, 0, 0, 0, 0, 0, 0, 0, 0, 0, 0, 0, 0, 0, 0, 0, 0, 0, 0, 0, 0, 0, 0, 0, 0, 0, 0, 0, 0, 0, 0, 0, 0, 0, 0, 0, 0, 0, 0, 0, 0, 0, 0, 0, 0, 0, 0, 0, 0, 0, 0, 0, 0, 0, 0, 0, 0, 0, 0, 0, 0, 0, 0, 0, 0, 0, 0, 0, 0, 0, 0, 0, 0, 0, 0, 0, 0, 0, 0, 0, 0, 0, 0, 0, 0, 0, 0, 0, 0, 0, 0, 0, 0, 0, 0, 0, 0, 0, 0, 0, 0, 0, 0, 0, 0, 0, 0, 0, 0, 0, 0, 0, 0, 0, 0, 0, 0, 0, 0, 0, 0, 0, 0, 0, 0, 0, 0, 0, 0, 0, 0, 0, 0, 0, 0, 0, 0, 0, 0, 0, 0, 0, 0, 0, 0, 0, 0, 0, 0, 0, 0, 0, 0, 0, 0, 0, 0, 0, 0, 0, 0, 0, 0, 0, 0, 0, 0, 0, 0, 0, 0, 0, 0, 0, 0, 0, 0, 0, 0, 0, 0, 0, 0, 0, 0, 0, 0, 0, 0, 0, 0, 0, 0, 0, 0, 0, 0, 0, 0, 0, 0, 0, 0, 0, 0, 0, 0, 0, 0, 0, 0, 0, 0, 0, 0, 0, 0, 0, 0, 0, 0, 0, 0, 0, 0, 0, 0, 0, 0, 0, 0, 0, 0, 0, 0, 0, 0, 0, 0, 0, 0, 0, 0, 0, 0, 0, 0, 0, 0, 0, 0, 0, 0, 0, 0, 0, 0, 0, 0, 0, 0, 0, 0, 0, 0, 0, 0, 0, 0, 0, 0, 0, 0, 0, 0, 0, 0, 0, 0, 0, 0, 0, 0, 0, 0, 0, 0, 0, 0, 0, 0, 0, 0, 0, 0, 0, 0, 0, 0, 0, 0, 0, 0, 0, 0, 0, 0, 0, 0, 0, 0, 0, 0, 0, 0, 0, 0, 0, 0, 0, 0, 0, 0, 0, 0, 0, 0, 0, 0, 0, 0, 0, 0, 0, 0, 0, 0, 0, 0, 0, 0, 0, 0, 0, 0, 0, 0, 0, 0, 0, 0, 0, 0, 0, 0, 0, 0, 0, 0, 0, 0, 0, 0, 0, 0, 0, 0, 0, 0, 0, 0, 0, 0, 0, 0, 0, 0, 0, 0, 0, 0, 0, 0, 0, 0, 0, 0, 0, 0, 0, 0, 0, 0, 0, 0, 0, 0, 0, 0, 0, 0, 0, 0, 0, 0, 0, 0, 0, 0, 0, 0, 0, 0, 0, 0, 0, 0, 0, 0, 0, 0, 0, 0, 0, 0, 0, 0, 0, 0, 0, 0, 0, 0, 0, 0, 0, 0, 0, 0, 0, 0, 0, 0, 0, 0, 0, 0, 0, 0, 0, 0, 0, 0, 0, 0, 0, 0, 0, 0, 0, 0, 0, 0, 0, 0, 0, 0, 0, 0, 0, 0, 0, 0, 0, 0, 0, 0, 0, 0, 0, 0, 0, 0, 0, 0, 0, 0, 0, 0, 0, 0, 0, 0, 0, 0, 0, 0, 0, 0, 0, 0, 0, 0, 0, 0, 0, 0, 0, 0, 0, 0, 0, 0, 0, 0, 0, 0, 0, 0, 0, 0, 0, 0, 0, 0, 0, 0, 0, 0, 0, 0, 0, 0, 0, 0, 0, 0, 0, 0, 0, 0, 0, 0, 0, 0, 0, 0, 0, 0, 0, 0, 0, 0, 0, 0, 0, 0, 0, 0, 0, 0, 0, 0, 0, 0, 0, 0, 0, 0, 0, 0, 0, 0, 0, 0, 0, 0, 0, 0, 0, 0, 0, 0, 0, 0, 0, 0, 0, 0, 0, 0, 0, 0, 0, 0, 0, 0, 0, 0, 0, 0, 0.30901703238487244, -0.9510564804077148, 0, 0, 0, 0, 0, 0, 0, 0, 0, 0, 0, 0, 0, 0, 0, 0, 0, 0, 0, 0, 0, 0, 0, 0, 0, 0, 0, 0, 0.3090170621871948, -0.9510564804077148, 0, 0, 0, 0, 0, 0, 0, 0, 0, 0, 0, 0, 0, 0, 0, 0, 0, 0, 0, 0, 0, 0, 0.30901673436164856, -0.9510565996170044, 0, 0, 0, 0, 0, 0, 0, 0, 0, 0, 0, 0, 0, 0, 0, 0, 0, 0, 0, 0, 0, 0, 0, 0, 0, 0, 0, 0, 0.3090170919895172, -0.9510564804077148, 0, 0, 0, 0, 0, 0, 0, 0, 0, 0, 0, 0, 0, 0, 0, 0, 0, 0, 0, 0, 0, 0, 0, 0, 0, 0, 0, 0, 0, 0, 0, 0.3090170919895172, -0.9510564804077148, 0, 0, 0, 0, 0, 0, 0, 0, 0, 0, 0, 0, 0, 0, 0, 0, 0, 0, 0, 0, 0, 0, 0, 0, 0, 0, 0, 0, 0.3090170621871948, -0.9510564804077148, 0, 0, 0, 0, 0, 0, 0, 0, 0, 0, 0, 0, 0, 0, 0, 0, 0, 0, 0, 0, 0, 0, 0, 0, 0, 0, 0, 0, 0.3090170621871948, -0.9510564804077148, 0, 0, 0, 0, 0, 0, 0, 0, 0, 0, 0, 0, 0, 0, 0, 0, 0, 0, 0, 0, 0, 0, 0.30901670455932617, -0.9510565996170044, 0, 0, 0, 0, 0, 0, 0, 0, 0, 0, 0, 0, 0, 0, 0, 0, 0, 0, 0, 0, 0, 0, 0, 0, 0, 0, 0, 0, 0, 0, 0, 0, 0, 0, 0, 0, 0, 0.30901703238487244, -0.9510564804077148, 0, 0, 0, 0, 0, 0, 0, 0, 0, 0, 0, 0, 0, 0, 0, 0, 0, 0, 0, 0, 0, 0, 0, 0, 0, 0, 0, 0, 0.30901703238487244, -0.9510564804077148, 0, 0, 0, 0, 0, 0, 0, 0, 0, 0, 0, 0, 0, 0, 0, 0, 0, 0, 0, 0, 0, 0, 0.3090170919895172, -0.9510564804077148, 0, 0, 0, 0, 0, 0, 0, 0, 0, 0, 0, 0, 0, 0, 0, 0, 0, 0, 0, 0, 0, 0, 0, 0, 0, 0, 0, 0, 0.3090170621871948, -0.9510564804077148, 0, 0, 0, 0, 0, 0, 0, 0, 0, 0, 0, 0, 0, 0, 0, 0, 0, 0, 0, 0, 0, 0, 0, 0, 0, 0, 0, 0, 0, 0, 0, 0.30901744961738586, -0.9510563611984253, 0, 0, 0, 0, 0, 0, 0, 0, 0, 0, 0, 0, 0, 0, 0, 0, 0, 0, 0, 0, 0, 0, 0, 0, 0, 0, 0, 0, 0.30901673436164856, -0.9510565996170044, 0, 0, 0, 0, 0, 0, 0, 0, 0, 0, 0, 0, 0, 0, 0, 0, 0, 0, 0, 0, 0, 0, 0, 0, 0, 0, 0, 0, 0.30901670455932617, -0.9510565996170044, 0, 0, 0, 0, 0, 0, 0, 0, 0, 0, 0, 0, 0, 0, 0, 0, 0, 0, 0, 0, 0, 0, 0.3090174198150635, -0.9510563611984253, 0, 0, 0, 0, 0, 0, 0, 0, 0, 0, 0, 0, 0, 0, 0, 0, 0, 0, 0, 0, 0, 0, 0, 0, 0, 0, 0, 0, 0, 0, 0, 0, 0, 0, 0, 0, 0, 0.30901673436164856, -0.9510565996170044, 0, 0, 0, 0, 0, 0, 0, 0, 0, 0, 0, 0, 0, 0, 0, 0, 0, 0, 0, 0, 0, 0, 0, 0, 0, 0, 0, 0, 0.3090173900127411, -0.9510563611984253, 0, 0, 0, 0, 0, 0, 0, 0, 0, 0, 0, 0, 0, 0, 0, 0, 0, 0, 0, 0, 0, 0, 0.3090166747570038, -0.9510565996170044, 0, 0, 0, 0, 0, 0, 0, 0, 0, 0, 0, 0, 0, 0, 0, 0, 0, 0, 0, 0, 0, 0, 0, 0, 0, 0, 0, 0, 0.30901673436164856, -0.9510565996170044, 0, 0, 0, 0, 0, 0, 0, 0, 0, 0, 0, 0, 0, 0, 0, 0, 0, 0, 0, 0, 0, 0, 0, 0, 0, 0, 0, 0, 0, 0, 0, 0.30901744961738586, -0.9510563611984253, 0, 0, 0, 0, 0, 0, 0, 0, 0, 0, 0, 0, 0, 0, 0, 0, 0, 0, 0, 0, 0, 0, 0, 0, 0, 0, 0, 0, 0.30901673436164856, -0.9510565996170044, 0, 0, 0, 0, 0, 0, 0, 0, 0, 0, 0, 0, 0, 0, 0, 0, 0, 0, 0, 0, 0, 0, 0, 0, 0, 0, 0, 0, 0.3090173900127411, -0.9510563611984253, 0, 0, 0, 0, 0, 0, 0, 0, 0, 0, 0, 0, 0, 0, 0, 0, 0, 0, 0, 0, 0, 0, 0.30901670455932617, -0.9510565996170044, 0, 0, 0, 0, 0, 0, 0, 0, 0, 0, 0, 0, 0, 0, 0, 0, 0, 0, 0, 0, 0, 0, 0, 0, 0, 0, 0, 0, 0, 0, 0, 0, 0, 0, 0, 0, 0, 0.30901673436164856, -0.9510565996170044, 0, 0, 0, 0, 0, 0, 0, 0, 0, 0, 0, 0, 0, 0, 0, 0, 0, 0, 0, 0, 0, 0, 0, 0, 0, 0, 0, 0, 0.3090173304080963, -0.9510564208030701, 0, 0, 0, 0, 0, 0, 0, 0, 0, 0, 0, 0, 0, 0, 0, 0, 0, 0, 0, 0, 0, 0, 0.30901673436164856, -0.9510565996170044, 0, 0, 0, 0, 0, 0, 0, 0, 0, 0, 0, 0, 0, 0, 0, 0, 0, 0, 0, 0, 0, 0, 0, 0, 0, 0, 0, 0, 0.3090174198150635, -0.9510563611984253, 0, 0, 0, 0, 0, 0, 0, 0, 0, 0, 0, 0, 0, 0, 0, 0, 0, 0, 0, 0, 0, 0, 0, 0, 0, 0, 0, 0, 0, 0, 0, 0.30901673436164856, -0.9510565996170044, 0, 0, 0, 0, 0, 0, 0, 0, 0, 0, 0, 0, 0, 0, 0, 0, 0, 0, 0, 0, 0, 0, 0, 0, 0, 0, 0, 0, 0.30901673436164856, -0.9510565996170044, 0, 0, 0, 0, 0, 0, 0, 0, 0, 0, 0, 0, 0, 0, 0, 0, 0, 0, 0, 0, 0, 0, 0, 0, 0, 0, 0, 0, 0.3090173900127411, -0.9510563611984253, 0, 0, 0, 0, 0, 0, 0, 0, 0, 0, 0, 0, 0, 0, 0, 0, 0, 0, 0, 0, 0, 0, 0.3090166747570038, -0.9510565996170044, 0, 0, 0, 0, 0, 0, 0, 0, 0, 0, 0, 0, 0, 0, 0, 0, 0, 0, 0, 0, 0, 0, 0, 0, 0, 0, 0, 0, 0, 0, 0, 0, 0, 0, 0, 0, 0, 0.30901744961738586, -0.9510563611984253, 0, 0, 0, 0, 0, 0, 0, 0, 0, 0, 0, 0, 0, 0, 0, 0, 0, 0, 0, 0, 0, 0, 0, 0, 0, 0, 0, 0, 0.30901673436164856, -0.9510565996170044, 0, 0, 0, 0, 0, 0, 0, 0, 0, 0, 0, 0, 0, 0, 0, 0, 0, 0, 0, 0, 0, 0, 0.3090173304080963, -0.9510564208030701, 0, 0, 0, 0, 0, 0, 0, 0, 0, 0, 0, 0, 0, 0, 0, 0, 0, 0, 0, 0, 0, 0, 0, 0, 0, 0, 0, 0, 0.30901601910591125, -0.9510568380355835, 0, 0, 0, 0, 0, 0, 0, 0, 0, 0, 0, 0, 0, 0, 0, 0, 0, 0, 0, 0, 0, 0, 0, 0, 0, 0, 0, 0, 0, 0, 0, 0.30901744961738586, -0.9510563611984253, 0, 0, 0, 0, 0, 0, 0, 0, 0, 0, 0, 0, 0, 0, 0, 0, 0, 0, 0, 0, 0, 0, 0, 0, 0, 0, 0, 0, 0.30901601910591125, -0.9510568380355835, 0, 0, 0, 0, 0, 0, 0, 0, 0, 0, 0, 0, 0, 0, 0, 0, 0, 0, 0, 0, 0, 0, 0, 0, 0, 0, 0, 0, 0.30901744961738586, -0.9510563611984253, 0, 0, 0, 0, 0, 0, 0, 0, 0, 0, 0, 0, 0, 0, 0, 0, 0, 0, 0, 0, 0, 0, 0.3090173900127411, -0.9510563611984253, 0, 0, 0, 0, 0, 0, 0, 0, 0, 0, 0, 0, 0, 0, 0, 0, 0, 0, 0, 0, 0, 0, 0, 0, 0, 0, 0, 0, 0, 0, 0, 0, 0, 0, 0, 0, 0, 0.3090175688266754, -0.9510563015937805, 0, 0, 0, 0, 0, 0, 0, 0, 0, 0, 0, 0, 0, 0, 0, 0, 0, 0, 0, 0, 0, 0, 0, 0, 0, 0, 0, 0, 0.3090173304080963, -0.9510564208030701, 0, 0, 0, 0, 0, 0, 0, 0, 0, 0, 0, 0, 0, 0, 0, 0, 0, 0, 0, 0, 0, 0, 0.30901601910591125, -0.9510568380355835, 0, 0, 0, 0, 0, 0, 0, 0, 0, 0, 0, 0, 0, 0, 0, 0, 0, 0, 0, 0, 0, 0, 0, 0, 0, 0, 0, 0, 0.30901744961738586, -0.9510563611984253, 0, 0, 0, 0, 0, 0, 0, 0, 0, 0, 0, 0, 0, 0, 0, 0, 0, 0, 0, 0, 0, 0, 0, 0, 0, 0, 0, 0, 0, 0, 0, 0.30901601910591125, -0.9510568380355835, 0, 0, 0, 0, 0, 0, 0, 0, 0, 0, 0, 0, 0, 0, 0, 0, 0, 0, 0, 0, 0, 0, 0, 0, 0, 0, 0, 0, 0.30901744961738586, -0.9510563611984253, 0, 0, 0, 0, 0, 0, 0, 0, 0, 0, 0, 0, 0, 0, 0, 0, 0, 0, 0, 0, 0, 0, 0, 0, 0, 0, 0, 0, 0.30901744961738586, -0.9510563611984253, 0, 0, 0, 0, 0, 0, 0, 0, 0, 0, 0, 0, 0, 0, 0, 0, 0, 0, 0, 0, 0, 0, 0.3090158998966217, -0.9510568976402283, 0, 0, 0, 0, 0, 0, 0, 0, 0, 0, 0, 0, 0, 0, 0, 0, 0, 0, 0, 0, 0, 0, 0, 0, 0, 0, 0, 0, 0, 0, 0, 0, 0, 0, 0, 0, 0, 0.30901744961738586, -0.9510563611984253, 0, 0, 0, 0, 0, 0, 0, 0, 0, 0, 0, 0, 0, 0, 0, 0, 0, 0, 0, 0, 0, 0, 0, 0, 0, 0, 0, 0, 0.3090158998966217, -0.9510568976402283, 0, 0, 0, 0, 0, 0, 0, 0, 0, 0, 0, 0, 0, 0, 0, 0, 0, 0, 0, 0, 0, 0, 0.30901744961738586, -0.9510563611984253, 0, 0, 0, 0, 0, 0, 0, 0, 0, 0, 0, 0, 0, 0, 0, 0, 0, 0, 0, 0, 0, 0, 0, 0, 0, 0, 0, 0, 0.30901744961738586, -0.9510563611984253, 0, 0, 0, 0, 0, 0, 0, 0, 0, 0, 0, 0, 0, 0, 0, 0, 0, 0, 0, 0, 0, 0, 0, 0, 0, 0, 0, 0, 0, 0, 0, 0.30901724100112915, -0.9510564208030701, 0, 0, 0, 0, 0, 0, 0, 0, 0, 0, 0, 0, 0, 0, 0, 0, 0, 0, 0, 0, 0, 0, 0, 0, 0, 0, 0, 0, 0.3090175688266754, -0.9510563015937805, 0, 0, 0, 0, 0, 0, 0, 0, 0, 0, 0, 0, 0, 0, 0, 0, 0, 0, 0, 0, 0, 0, 0, 0, 0, 0, 0, 0, 0.3090158998966217, -0.9510568976402283, 0, 0, 0, 0, 0, 0, 0, 0, 0, 0, 0, 0, 0, 0, 0, 0, 0, 0, 0, 0, 0, 0, 0.30901744961738586, -0.9510563611984253, 0, 0, 0, 0, 0, 0, 0, 0, 0, 0, 0, 0, 0, 0, 0, 0, 0, 0, 0, 0, 0, 0, 0, 0, 0, 0, 0, 0, 0, 0, 0, 0, 0, 0, 0, 0, 0, 0.30901744961738586, -0.9510563611984253, 0, 0, 0, 0, 0, 0, 0, 0, 0, 0, 0, 0, 0, 0, 0, 0, 0, 0, 0, 0, 0, 0, 0, 0, 0, 0, 0, 0, 0.30901744961738586, -0.9510563611984253, 0, 0, 0, 0, 0, 0, 0, 0, 0, 0, 0, 0, 0, 0, 0, 0, 0, 0, 0, 0, 0, 0, 0.30901744961738586, -0.9510563611984253, 0, 0, 0, 0, 0, 0, 0, 0, 0, 0, 0, 0, 0, 0, 0, 0, 0, 0, 0, 0, 0, 0, 0, 0, 0, 0, 0, 0, 0.30901601910591125, -0.9510568380355835, 0, 0, 0, 0, 0, 0, 0, 0, 0, 0, 0, 0, 0, 0, 0, 0, 0, 0, 0, 0, 0, 0, 0, 0, 0, 0, 0, 0, 0, 0, 0, 0.30901601910591125, -0.9510568380355835, 0, 0, 0, 0, 0, 0, 0, 0, 0, 0, 0, 0, 0, 0, 0, 0, 0, 0, 0, 0, 0, 0, 0, 0, 0, 0, 0, 0, 0.30901744961738586, -0.9510563611984253, 0, 0, 0, 0, 0, 0, 0, 0, 0, 0, 0, 0, 0, 0, 0, 0, 0, 0, 0, 0, 0, 0, 0, 0, 0, 0, 0, 0, 0.3090173304080963, -0.9510564208030701, 0, 0, 0, 0, 0, 0, 0, 0, 0, 0, 0, 0, 0, 0, 0, 0, 0, 0, 0, 0, 0, 0, 0.30901601910591125, -0.9510568380355835, 0, 0, 0, 0, 0, 0, 0, 0, 0, 0, 0, 0, 0, 0, 0, 0, 0, 0, 0, 0, 0, 0, 0, 0, 0, 0, 0, 0, 0, 0, 0, 0, 0, 0, 0, 0, 0, 0, 0, 0, 0, 0, 0, 0, 0, 0, 0, 0, 0, 0, 0, 0, 0, 0, 0, 0, 0, 0, 0, 0, 0, 0, 0, 0, 0, 0, 0, 0, 0, 0, 0, 0, 0, 0, 0, 0, 0, 0, 0, 0, 0, 0, 0, 0, 0, 0, 0, 0, 0, 0, 0, 0, 0, 0, 0, 0, 0, 0, 0, 0, 0, 0, 0, 0, 0, 0, 0, 0, 0, 0, 0, 0, 0, 0, 0, 0, 0, 0, 0, 0, 0, 0, 0, 0, 0, 0, 0, 0, 0, 0, 0, 0, 0, 0, 0, 0, 0, 0, 0, 0, 0, 0, 0, 0, 0, 0, 0, 0, 0, 0, 0, 0, 0, 0, 0, 0, 0, 0, 0, 0, 0, 0, 0, 0, 0, 0, 0, 0, 0, 0, 0, 0, 0, 0, 0, 0, 0, 0, 0, 0, 0, 0, 0, 0, 0, 0, 0, 0, 0, 0, 0, 0, 0, 0, 0, 0, 0, 0, 0, 0, 0, 0, 0, 0, 0, 0, 0, 0, 0, 0, 0, 0, 0, 0, 0, 0, 0, 0, 0, 0, 0, 0, 0, 0, 0, 0, 0, 0, 0, 0, 0, 0, 0, 0, 0, 0, 0, 0, 0, 0, 0, 0, 0, 0, 0, 0, 0, 0, 0, 0, 0, 0, 0, 0, 0, 0, 0, 0, 0, 0, 0, 0, 0, 0, 0, 0, 0, 0, 0, 0, 0, 0, 0, 0, 0, 0, 0, 0, 0, 0, 0, 0, 0, 0, 0, 0, 0, 0, 0, 0, 0, 0, 0, 0, 0, 0, 0, 0, 0, 0, 0, 0, 0, 0, 0, 0, 0, 0, 0, 0, 0, 0, 0, 0, 0, 0, 0, 0, 0, 0, 0, 0, 0, 0, 0, 0, 0, 0, 0, 0, 0, 0, 0, 0, 0, 0, 0, 0, 0, 0, 0, 0, 0, 0, 0, 0, 0, 0, 0, 0, 0, 0, 0, 0, 0, 0, 0, 0, 0, 0, 0, 0, 0, 0, 0, 0, 0, 0, 0, 0, 0, 0, 0, 0, 0, 0, 0, 0, 0, 0, 0, 0, 0, 0, 0, 0, 0, 0, 0, 0, 0, 0, 0, 0, 0, 0, 0, 0, 0, 0, 0, 0, 0, 0, 0, 0, 0, 0, 0, 0, 0, 0, 0, 0, 0, 0, 0, 0, 0, 0, 0, 0, 0, 0, 0, 0, 0, 0, 0, 0, 0, 0, 0, 0, 0, 0, 0, 0, 0, 0, 0, 0, 0, 0, 0, 0, 0, 0, 0, 0, 0, 0, 0, 0, 0, 0, 0, 0, 0, 0, 0, 0, 0, 0, 0, 0, 0, 0, 0, 0, 0, 0, 0, 0, 0, 0, 0, 0, 0, 0, 0, 0, 0, 0, 0, 0, 0, 0, 0, 0, 0, 0, 0, 0, 0, 0, 0, 0, 0, 0, 0, 0, 0, 0, 0, 0, 0, 0, 0, 0, 0, 0, 0, 0, 0, 0, 0, 0, 0, 0, 0, 0, 0, 0, 0, 0, 0, 0, 0, 0, 0, 0, 0, 0, 0, 0, 0, 0, 0, 0, 0, 0, 0, 0, 0, 0, 0, 0, 0, 0, 0, 0, 0, 0, 0, 0, 0, 0, 0, 0, 0, 0, 0, 0, 0, 0, 0, 0, 0, 0, 0, 0, 0, 0, 0, 0, 0, 0, 0, 0, 0, 0, 0, 0, 0, 0, 0, 0, 0, 0, 0, 0, 0, 0, 0, 0, 0, 0, 0, 0, 0, 0, 0, 0, 0, 0, 0, 0, 0, 0, 0, 0, 0, 0, 0, 0, 0, 0, 0, 0, 0, 0, 0, 0, 0, 0, 0, 0, 0, 0, 0, 0, 0, 0, 0, 0, 0, 0, 0, 0, 0, 0, 0, 0, 0, 0, 0, 0, 0, 0, 0, 0, 0, 0, 0, 0, 0, 0, 0, 0, 0, 0, 0, 0, 0, 0, 0, 0, 0, 0, 0, 0, 0, 0, 0, 0, 0, 0, 0, 0, 0, 0, 0, 0, 0, 0, 0, 0, 0, 0, 0, 0, 0, 0, 0, 0, 0, 0, 0, 0, 0, 0, 0, 0, 0, 0, 0, 0, 0, 0, 0, 0, 0, 0, 0, 0, 0, 0, 0, 0, 0, 0, 0, 0, 0, 0, 0, 0, 0, 0, 0, 0, 0, 0, 0, 0, 0, 0, 0, 0, 0, 0, 0, 0, 0, 0, 0, 0, 0, 0, 0, 0, 0, 0, 0, 0, 0, 0, 0, 0, 0, 0, 0, 0, 0, 0, 0, 0, 0, 0, 0, 0, 0, 0, 0, 0, 0, 0, 0, 0, 0, 0, 0, 0, 0, 0, 0, 0, 0, 0, 0, 0, 0, 0, 0, 0, 0, 0, 0, 0, 0, 0, 0, 0, 0, 0, 0, 0, 0, 0, 0, 0, 0, 0, 0, 0, 0, 0, 0, 0, 0, 0, 0, 0, 0, 0, 0, 0, 0, 0, 0, 0, 0, 0, 0, 0, 0, 0, 0, 0, 0, 0, 0, 0, 0, 0, 0, 0, 0, 0, 0, 0, 0, 0, 0, 0, 0, 0, 0, 0, 0, 0, 0, 0, 0, 0, 0, 0, 0, 0, 0, 0, 0, 0, 0, 0, 0, 0, 0, 0, 0, 0, 0, 0, 0, 0, 0, 0, 0, 0, 0, 0, 0, 0, 0, 0, 0, 0, 0, 0, 0, 0, 0, 0, 0, 0, 0, 0, 0, 0, 0, 0, 0, 0, 0, 0, 0, 0, 0, 0, 0, 0, 0, 0, 0, 0, 0, 0, 0, 0, 0, 0, 0, 0, 0, 0, 0, 0, 0, 0, 0, 0, 0, 0, 0, 0, 0, 0, 0, 0, 0, 0, 0, 0, 0, 0, 0, 0, 0, 0, 0, 0, 0, 0, 0, 0, 0, 0, 0, 0, 0, 0, 0, 0, 0, 0, 0, 0, 0, 0, 0, 0, 0, 0, 0, 0, 0, 0, 0, 0, 0, 0, 0, 0, 0, 0, 0, 0, 0, 0, 0, 0, 0, 0, 0, 0, 0, 0, 0, 0, 0, 0, 0, 0, 0, 0, 0, 0, 0, 0, 0, 0, 0, 0, 0, 0, 0, 0, 0, 0, 0, 0, 0, 0, 0, 0, 0, 0, 0, 0, 0, 0, 0, 0, 0, 0, 0, 0, 0, 0, 0, 0, 0, 0, 0, 0, 0, 0, 0, 0, 0, 0, 0, 0, 0, 0, 0, 0, 0, 0, 0, 0, 0, 0, 0, 0, 0, 0, 0, 0, 0, 0, 0, 0, 0, 0, 0, 0, 0, 0, 0, 0, 0, 0, 0, 0, 0, 0, 0, 0, 0, 0, 0, 0, 0, 0, 0, 0, 0, 0, 0, 0, 0, 0, 0, 0, 0, 0, 0, 0, 0, 0, 0, 0, 0, 0, 0, 0, 0, 0, 0, 0, 0, 0, 0, 0, 0, 0, 0, 0, 0, 0, 0, 0, 0, 0, 0, 0, 0, 0, 0, 0, 0, 0, 0, 0, 0, 0, 0, 0, 0, 0, 0, 0, 0, 0, 0, 0, 0, 0, 0, 0, 0, 0, 0, 0, 0, 0, 0, 0, 0, 0, 0, 0, 0, 0, 0, 0, 0, 0, 0, 0, 0, 0, 0, 0, 0, 0, 0, 0, 0, 0, 0, 0, 0, 0, 0, 0, 0, 0, 0, 0, 0, 0, 0, 0, 0, 0, 0, 0, 0, 0, 0, 0, 0, 0, 0, 0, 0, 0, 0, 0, 0, 0, 0, 0, 0, 0, 0, 0, 0, 0, 0, 0, 0, 0, 0, 0, 0, 0, 0, 0, 0, 0, 0, 0, 0, 0, 0, 0, 0, 0, 0, 0, 0, 0, 0, 0, 0, 0, 0, 0, 0, 0, 0, 0, 0, 0, 0, 0, 0, 0, 0, 0, 0, 0, 0, 0, 0, 0, 0, 0, 0, 0, 0, 0, 0, 0, 0, 0, 0, 0, 0, 0, 0, 0, 0, 0, 0, 0, 0, 0, 0, 0, 0, 0, 0, 0, 0, 0, 0, 0, 0, 0, 0, 0, 0, 0, 0, 0, 0, 0, 0, 0, 0, 0, 0, 0, 0, 0, 0, 0, 0, 0, 0, 0, 0, 0, 0, 0, 0, 0, 0, 0, 0, 0, 0, 0, 0, 0, 0, 0, 0, 0, 0, 0, 0, 0, 0, 0, 0, 0, 0, 0, 0, 0, 0, 0, 0, 0, 0, 0, 0, 0, 0, 0, 0, 0, 0, 0, 0, 0, 0, 0, 0, 0, 0, 0, 0, 0, 0, 0, 0, 0, 0, 0, 0, 0, 0, 0, 0, 0, 0, 0, 0, 0, 0, 0, 0, 0, 0, 0, 0, 0, 0, 0, 0, 0, 0, 0, 0, 0, 0, 0, 0, 0, 0, 0, 0, 0, 0, 0, 0, 0, 0, 0, 0, 0, 0, 0, 0, 0, 0, 0, 0, 0, 0, 0, 0, 0, 0, 0, 0, 0, 0, 0, 0, 0, 0, 0, 0, 0, 0, 0, 0, 0, 0, 0, 0, 0, 0, 0, 0, 0, 0, 0, 0, 0, 0, 0, 0, 0, 0, 0, 0, 0, 0, 0, 0, 0, 0, 0, 0, 0, 0, 0, 0, 0, 0, 0, 0, 0, 0, 0, 0, 0, 0, 0, 0, 0, 0, 0, 0, 0, 0, 0, 0, 0, 0, 0, 0, 0, 0, 0, 0, 0, 0, 0, 0, 0, 0, 0, 0, 0, 0, 0, 0, 0, 0, 0, 0, 0, 0, 0, 0, 0, 0, 0, 0, 0, 0, 0, 0, 0, 0, 0, 0, 0, 0, 0, 0, 0, 0, 0, 0, 0, 0, 0, 0, 0, 0, 0, 0, 0, 0, 0, 0, 0, 0, 0, 0, 0, 0, 0, 0, 0, 0, 0, 0, 0, 0, 0, 0, 0, 0, 0, 0, 0, 0, 0, 0, 0, 0, 0, 0, 0, 0, 0, 0, 0, 0, 0, 0, 0, 0, 0, 0, 0, 0, 0, 0, 0, 0, 0, 0, 0, 0, 0, 0, 0, 0, 0, 0, 0, 0, 0, 0, 0, 0, 0, 0, 0, 0, 0, 0, 0, 0, 0, 0, 0, 0, 0, 0, 0, 0, 0, 0, 0, 0, 0, 0, 0, 0, 0, 0, 0, 0, 0, 0, 0, 0, 0, 0, 0, 0, 0, 0, 0, 0, 0, 0, 0, 0, 0, 0, 0, 0, 0, 0, 0, 0, 0, 0, 0, 0, 0, 0, 0, 0, 0, 0, 0, 0, 0, 0, 0, 0, 0, 0, 0, 0, 0, 0, 0, 0, 0, 0, 0, 0, 0, 0, 0, 0, 0, 0, 0, 0, 0, 0, 0, 0, 0, 0, 0, 0, 0, 0, 0, 0, 0, 0, 0, 0, 0, 0, 0, 0, 0, 0, 0, 0, 0, 0, 0, 0, 0, 0, 0, 0, 0, 0, 0, 0, 0, 0, 0, 0, 0, 0, 0, 0, 0, 0, 0, 0, 0, 0, 0, 0, 0, 0, 0, 0, 0, 0, 0, 0, 0, 0, 0, 0, 0, 0, 0, 0, 0, 0, 0, 0, 0, 0, 0, 0, 0, 0, 0, 0, 0, 0, 0, 0, 0, 0, 0, 0, 0, 0, 0, 0, 0, 0, 0, 0, 0, 0, 0, 0, 0, 0, 0, 0, 0, 0, 0, 0, 0, 0, 0, 0, 0, 0, 0, 0, 0, 0, 0, 0, 0, 0, 0, 0, 0, 0, 0, 0, 0, 0, 0, 0, 0, 0, 0, 0, 0, 0, 0, 0, 0, 0, 0, 0, 0, 0, 0, 0, 0, 0, 0, 0, 0, 0, 0, 0, 0, 0, 0, 0, 0, 0, 0, 0, 0, 0, 0, 0, 0, 0, 0, 0, 0, 0, 0, 0, 0, 0, 0, 0, 0, 0, 0, 0, 0, 0, 0, 0, 0, 0, 0, 0, 0, 0, 0, 0, 0, 0, 0, 0, 0, 0, 0, 0, 0, 0, 0, 0, 0, 0, 0, 0, 0, 0, 0, 0, 0, 0, 0, 0, 0, 0, 0, 0, 0, 0, 0, 0, 0, 0, 0, 0, 0, 0, 0, 0, 0, 0, 0, 0, 0, 0, 0, 0, 0, 0, 0, 0, 0, 0, 0, 0, 0, 0, 0, 0, 0, 0, 0, 0, 0, 0, 0, 0, 0, 0, 0, 0, 0, 0, 0, 0, 0, 0, 0, 0, 0, 0, 0, 0, 0, 0, 0, 0, 0, 0, 0, 0, 0, 0, 0, 0, 0, 0, 0, 0, 0, 0, 0, 0, 0, 0, 0, 0, 0, 0, 0, 0, 0, 0, 0, 0, 0, 0, 0, 0, 0, 0, 0, 0, 0, 0, 0, 0, 0, 0, 0, 0, 0, 0, 0, 0, 0, 0, 0, 0, 0, 0, 0, 0, 0, 0, 0, 0, 0, 0, 0, 0, 0, 0, 0, 0, 0, 0, 0, 0, 0, 0, 0, 0, 0, 0, 0, 0, 0, 0, 0, 0, 0, 0, 0, 0, 0, 0, 0, 0, 0, 0, 0, 0, 0, 0, 0, 0, 0, 0, 0, 0, 0, 0, 0, 0, 0, 0, 0, 0, 0, 0, 0, 0, 0, 0, 0, 0, 0, 0, 0, 0, 0, 0, 0, 0, 0, 0, 0, 0, 0, 0, 0, 0, 0, 0, 0, 0, 0, 0, 0, 0, 0, 0, 0, 0, 0, 0, 0, 0, 0, 0, 0, 0, 0, 0, 0, 0, 0, 0, 0, 0, 0, 0, 0, 0, 0, 0, 0, 0, 0, 0, 0, 0, 0, 0, 0, 0, 0, 0, 0, 0, 0, 0, 0, 0, 0, 0, 0, 0, 0, 0, 0, 0, 0, 0, 0, 0, 0, 0, 0, 0, 0, 0, 0, 0, 0, 0, 0, 0, 0, 0, 0, 0, 0, 0, 0, 0, 0, 0, 0, 0, 0, 0, 0, 0, 0, 0, 0, 0, 0, 0, 0, 0, 0, 0, 0, 0, 0, 0, 0, 0, 0, 0, 0, 0, 0, 0, 0, 0, 0, 0, 0, 0, 0, 0, 0, 0, 0, 0, 0, 0, 0, 0, 0, 0, 0, 0, 0, 0, 0, 0, 0, 0, 0, 0, 0, 0, 0, 0, 0, 0, 0, 0, 0, 0, 0, 0, 0, 0, 0, 0, 0, 0, 0, 0, 0, 0, 0, 0, 0, 0, 0, 0, 0, 0, 0, 0, 0, 0, 0, 0, 0, 0, 0, 0, 0, 0, 0, 0, 0, 0, 0, 0, 0, 0, 0, 0, 0, 0, 0, 0, 0, 0, 0, 0, 0, 0, 0, 0, 0, 0, 0, 0, 0, 0, 0, 0, 0, 0, 0, 0, 0, 0, 0, 0, 0, 0, 0, 0, 0, 0, 0, 0, 0, 0, 0, 0, 0, 0, 0, 0, 0, 0, 0, 0, 0, 0, 0, 0, 0, 0, 0, 0, 0, 0, 0, 0, 0, 0, 0, 0, 0, 0, 0, 0, 0, 0, 0, 0, 0, 0, 0, 0, 0, 0, 0, 0, 0, 0, 0, 0, 0, 0, 0, 0, 0, 0, 0, 0, 0, 0, 0, 0, 0, 0, 0, 0, 0, 0, 0, 0, 0, 0, 0, 0, 0, 0, 0, 0, 0, 0, 0, 0, 0, 0, 0, 0, 0, 0, 0, 0, 0, 0, 0, 0, 0, 0, 0, 0, 0, 0, 0, 0, 0, 0, 0, 0, 0, 0, 0, 0, 0, 0, 0, 0, 0, 0, 0, 0, 0, 0, 0, 0, 0, 0, 0, 0, 0, 0, 0, 0, 0, 0, 0, 0, 0, 0, 0, 0, 0, 0, 0, 0, 0, 0, 0, 0, 0, 0, 0, 0, 0, 0, 0, 0, 0, 0, 0, 0, 0, 0, 0.30901601910591125, -0.9510568380355835, 0, 0, 0, 0, 0, 0, 0, 0, 0, 0, 0, 0, 0, 0, 0, 0, 0.30901744961738586, -0.9510563611984253, 0, 0, 0, 0, 0, 0, 0, 0, 0, 0, 0, 0, 0, 0, 0, 0, 0.3090173304080963, -0.9510564208030701, 0, 0, 0, 0, 0, 0, 0, 0, 0, 0, 0, 0, 0, 0, 0, 0, 0.30901601910591125, -0.9510568380355835, 0, 0, 0, 0, 0, 0, 0, 0, 0, 0, 0, 0, 0, 0, 0, 0, 0, 0, 0, 0, 0, 0, 0, 0, 0, 0, 0, 0, 0, 0, 0, 0, 0, 0, 0, 0, 0, 0, 0, 0, 0, 0, 0, 0, 0, 0, 0, 0, 0, 0, 0, 0, 0, 0, 0, 0, 0, 0, 0, 0, 0, 0, 0, 0, 0, 0, 0, 0, 0, 0, 0, 0, 0, 0, 0, 0, 0, 0, 0, 0, 0, 0, 0, 0, 0, 0, 0, 0, 0, 0, 0, 0, 0, 0, 0, 0, 0, 0, 0, 0, 0, 0, 0, 0, 0, 0, 0, 0, 0, 0, 0, 0, 0, 0, 0, 0, 0, 0, 0, 0, 0, 0, 0, 0, 0, 0, 0, 0, 0, 0, 0, 0, 0, 0, 0, 0, 0, 0, 0, 0, 0, 0, 0, 0, 0, 0, 0, 0, 0, 0, 0, 0, 0, 0, 0, 0, 0, 0, 0, 0, 0, 0, 0, 0, 0, 0, 0, 0, 0, 0, 0, 0, 0, 0, 0, 0, 0, 0, 0, 0, 0, 0, 0, 0, 0, 0, 0, 0, 0, 0, 0, 0, 0, 0, 0, 0, 0, 0, 0, 0, 0, 0, 0, 0, 0, 0, 0, 0, 0, 0, 0, 0, 0, 0, 0, 0, 0, 0, 0, 0, 0, 0, 0, 0, 0, 0, 0, 0, 0, 0, 0, 0, 0, 0, 0, 0, 0, 0, 0, 0, 0, 0, 0, 0, 0, 0, 0, 0, 0, 0, 0, 0, 0, 0, 0, 0, 0, 0, 0, 0, 0, 0, 0, 0, 0, 0, 0, 0, 0, 0, 0, 0, 0, 0, 0, 0, 0, 0, 0, 0, 0, 0, 0, 0, 0, 0, 0, 0, 0, 0, 0, 0, 0, 0, 0, 0, 0, 0, 0, 0, 0, 0, 0, 0, 0, 0, 0, 0, 0, 0, 0, 0, 0, 0, 0, 0, 0, 0, 0, 0, 0, 0, 0, 0, 0, 0, 0, 0, 0, 0, 0, 0, 0, 0, 0, 0, 0, 0, 0, 0, 0, 0, 0, 0, 0, 0, 0, 0, 0, 0, 0, 0, 0, 0, 0, 0, 0, 0, 0, 0, 0, 0, 0, 0, 0, 0, 0, 0, 0, 0, 0, 0, 0, 0, 0, 0, 0, 0, 0, 0, 0, 0, 0, 0, 0, 0, 0, 0, 0, 0, 0, 0, 0, 0, 0, 0, 0, 0, 0, 0, 0, 0, 0, 0, 0, 0, 0, 0, 0, 0, 0, 0, 0, 0, 0, 0, 0, 0, 0, 0, 0, 0, 0, 0, 0, 0, 0, 0, 0, 0, 0, 0, 0, 0, 0, 0, 0, 0, 0, 0, 0, 0, 0, 0, 0, 0, 0, 0, 0, 0, 0, 0, 0, 0, 0, 0, 0, 0, 0, 0, 0, 0, 0, 0, 0, 0, 0, 0, 0, 0, 0, 0, 0, 0, 0, 0, 0, 0, 0, 0, 0, 0, 0, 0, 0, 0, 0, 0, 0, 0, 0, 0, 0, 0, 0, 0, 0, 0, 0, 0, 0, 0, 0, 0, 0, 0, 0, 0, 0, 0, 0, 0, 0, 0, 0, 0, 0, 0, 0, 0, 0, 0, 0, 0, 0, 0, 0, 0, 0, 0, 0, 0, 0, 0, 0, 0, 0, 0, 0, 0, 0, 0, 0, 0, 0, 0, 0, 0, 0, 0, 0, 0, 0, 0, 0, 0, 0, 0, 0, 0, 0, 0, 0, 0, 0, 0, 0, 0, 0, 0, 0, 0, 0, 0, 0, 0, 0, 0, 0, 0, 0, 0, 0, 0, 0, 0, 0, 0, 0, 0, 0, 0, 0, 0, 0, 0, 0, 0, 0, 0, 0, 0, 0, 0, 0, 0, 0, 0, 0, 0, 0, 0, 0, 0, 0, 0, 0, 0, 0, 0, 0, 0, 0, 0, 0, 0, 0, 0, 0, 0, 0, 0, 0, 0, 0, 0, 0, 0, 0, 0, 0, 0, 0, 0, 0, 0, 0, 0, 0, 0, 0, 0, 0, 0, 0, 0, 0, 0, 0, 0, 0, 0, 0, 0, 0, 0, 0, 0, 0, 0, 0, 0, 0, 0, 0, 0, 0, 0, 0, 0, 0, 0, 0, 0, 0, 0, 0, 0, 0, 0, 0, 0, 0, 0, 0, 0, 0, 0, 0, 0, 0, 0, 0, 0, 0, 0, 0, 0, 0, 0, 0, 0, 0, 0, 0, 0, 0, 0, 0, 0, 0, 0, 0, 0, 0, 0, 0, 0, 0, 0, 0, 0, 0, 0, 0, 0, 0, 0, 0, 0, 0, 0, 0, 0, 0, 0, 0, 0, 0, 0, 0, 0, 0, 0, 0, 0, 0, 0, 0, 0, 0, 0, 0, 0, 0, 0, 0, 0, 0, 0, 0, 0, 0, 0, 0, 0, 0, 0, 0, 0, 0, 0, 0, 0, 0, 0, 0, 0, 0, 0, 0, 0, 0, 0, 0, 0, 0, 0, 0, 0, 0, 0, 0, 0, 0, 0, 0, 0, 0, 0, 0, 0, 0, 0, 0, 0, 0, 0, 0, 0, 0, 0, 0, 0, 0, 0, 0, 0, 0, 0, 0, 0, 0, 0, 0, 0, 0, 0, 0, 0, 0, 0, 0, 0, 0, 0, 0, 0, 0, 0, 0, 0, 0, 0, 0, 0, 0, 0, 0, 0, 0, 0, 0, 0, 0, 0, 0, 0, 0, 0, 0, 0, 0, 0, 0, 0, 0, 0, 0, 0, 0, 0, 0, 0, 0, 0, 0, 0, 0, 0, 0, 0, 0, 0, 0, 0, 0, 0, 0, 0, 0, 0, 0, 0, 0, 0, 0, 0, 0, 0, 0, 0, 0, 0, 0, 0, 0, 0, 0, 0, 0, 0, 0, 0, 0, 0, 0, 0, 0, 0, 0, 0, 0, 0, 0, 0, 0, 0, 0, 0, 0, 0, 0, 0, 0, 0, 0, 0, 0, 0, 0, 0, 0, 0, 0, 0, 0, 0, 0, 0, 0, 0, 0, 0, 0, 0, 0, 0, 0, 0, 0, 0, 0, 0, 0, 0, 0, 0, 0, 0, 0, 0, 0, 0, 0, 0, 0, 0, 0, 0, 0, 0, 0, 0, 0, 0, 0, 0, 0, 0, 0, 0, 0, 0, 0, 0, 0, 0, 0, 0, 0, 0, 0, 0, 0, 0, 0, 0, 0, 0, 0, 0, 0, 0, 0, 0, 0, 0, 0, 0, 0, 0, 0, 0, 0, 0, 0, 0, 0, 0, 0, 0, 0, 0, 0, 0, 0, 0, 0, 0, 0, 0, 0, 0, 0, 0, 0, 0, 0, 0, 0, 0, 0, 0, 0, 0, 0, 0, 0, 0, 0, 0, 0, 0, 0, 0, 0, 0, 0, 0, 0, 0, 0, 0, 0, 0, 0, 0, 0, 0, 0, 0, 0, 0, 0, 0, 0, 0, 0, 0, 0, 0, 0, 0, 0, 0, 0, 0, 0, 0, 0, 0, 0, 0, 0, 0, 0, 0, 0, 0, 0, 0, 0, 0, 0, 0, 0, 0, 0, 0, 0, 0, 0, 0, 0, 0, 0, 0, 0, 0, 0, 0, 0, 0, 0, 0, 0, 0, 0, 0, 0, 0, 0, 0, 0, 0, 0, 0, 0, 0, 0, 0, 0, 0, 0, 0, 0, 0, 0, 0, 0, 0, 0, 0, 0, 0, 0, 0, 0, 0, 0, 0, 0, 0, 0, 0, 0, 0, 0, 0, 0, 0, 0, 0, 0, 0, 0, 0, 0, 0, 0, 0, 0, 0, 0, 0, 0, 0, 0, 0, 0, 0, 0, 0, 0, 0, 0, 0, 0, 0, 0, 0, 0, 0, 0, 0, 0, 0, 0, 0, 0, 0, 0, 0, 0, 0, 0, 0, 0, 0, 0.30901601910591125, -0.9510568380355835, 0, 0, 0, 0, 0, 0, 0, 0, 0, 0, 0, 0, 0, 0, 0, 0, 0.30901744961738586, -0.9510563611984253, 0, 0, 0, 0, 0, 0, 0, 0, 0, 0, 0, 0, 0, 0, 0, 0, 0.3090173304080963, -0.9510564208030701, 0, 0, 0, 0, 0, 0, 0, 0, 0, 0, 0, 0, 0, 0, 0, 0, 0.30901601910591125, -0.9510568380355835, 0, 0, 0, 0, 0, 0, 0, 0, 0, 0, 0, 0, 0, 0, 0, 0, 0, 0, 0, 0, 0, 0, 0, 0, 0, 0.30901703238487244, -0.9510564804077148, 0, 0, 0, 0, 0, 0, 0, 0, 0, 0, 0, 0, 0, 0, 0, 0, 0.3090170621871948, -0.9510564804077148, 0, 0, 0, 0, 0, 0, 0, 0, 0, 0, 0, 0, 0, 0, 0, 0, 0.30901673436164856, -0.9510565996170044, 0, 0, 0, 0, 0, 0, 0, 0, 0, 0, 0, 0, 0, 0, 0, 0, 0.3090170919895172, -0.9510564804077148, 0, 0, 0, 0, 0, 0, 0, 0, 0, 0, 0, 0, 0, 0, 0, 0, 0, 0, 0, 0, 0, 0, 0, 0, 0, 0.3090170919895172, -0.9510564804077148, 0, 0, 0, 0, 0, 0, 0, 0, 0, 0, 0, 0, 0, 0, 0, 0, 0.3090170621871948, -0.9510564804077148, 0, 0, 0, 0, 0, 0, 0, 0, 0, 0, 0, 0, 0, 0, 0, 0, 0.3090170621871948, -0.9510564804077148, 0, 0, 0, 0, 0, 0, 0, 0, 0, 0, 0, 0, 0, 0, 0, 0, 0.30901670455932617, -0.9510565996170044, 0, 0, 0, 0, 0, 0, 0, 0, 0, 0, 0, 0, 0, 0, 0, 0, 0, 0, 0, 0, 0, 0, 0, 0, 0, 0.30901703238487244, -0.9510564804077148, 0, 0, 0, 0, 0, 0, 0, 0, 0, 0, 0, 0, 0, 0, 0, 0, 0.30901703238487244, -0.9510564804077148, 0, 0, 0, 0, 0, 0, 0, 0, 0, 0, 0, 0, 0, 0, 0, 0, 0.3090170919895172, -0.9510564804077148, 0, 0, 0, 0, 0, 0, 0, 0, 0, 0, 0, 0, 0, 0, 0, 0, 0.3090170621871948, -0.9510564804077148, 0, 0, 0, 0, 0, 0, 0, 0, 0, 0, 0, 0, 0, 0, 0, 0, 0, 0, 0, 0, 0, 0, 0, 0, 0, 0.30901744961738586, -0.9510563611984253, 0, 0, 0, 0, 0, 0, 0, 0, 0, 0, 0, 0, 0, 0, 0, 0, 0.30901673436164856, -0.9510565996170044, 0, 0, 0, 0, 0, 0, 0, 0, 0, 0, 0, 0, 0, 0, 0, 0, 0.30901670455932617, -0.9510565996170044, 0, 0, 0, 0, 0, 0, 0, 0, 0, 0, 0, 0, 0, 0, 0, 0, 0.3090174198150635, -0.9510563611984253, 0, 0, 0, 0, 0, 0, 0, 0, 0, 0, 0, 0, 0, 0, 0, 0, 0, 0, 0, 0, 0, 0, 0, 0, 0, 0.30901673436164856, -0.9510565996170044, 0, 0, 0, 0, 0, 0, 0, 0, 0, 0, 0, 0, 0, 0, 0, 0, 0.3090173900127411, -0.9510563611984253, 0, 0, 0, 0, 0, 0, 0, 0, 0, 0, 0, 0, 0, 0, 0, 0, 0.3090166747570038, -0.9510565996170044, 0, 0, 0, 0, 0, 0, 0, 0, 0, 0, 0, 0, 0, 0, 0, 0, 0.30901673436164856, -0.9510565996170044, 0, 0, 0, 0, 0, 0, 0, 0, 0, 0, 0, 0, 0, 0, 0, 0, 0, 0, 0, 0, 0, 0, 0, 0, 0, 0.30901744961738586, -0.9510563611984253, 0, 0, 0, 0, 0, 0, 0, 0, 0, 0, 0, 0, 0, 0, 0, 0, 0.30901673436164856, -0.9510565996170044, 0, 0, 0, 0, 0, 0, 0, 0, 0, 0, 0, 0, 0, 0, 0, 0, 0.3090173900127411, -0.9510563611984253, 0, 0, 0, 0, 0, 0, 0, 0, 0, 0, 0, 0, 0, 0, 0, 0, 0.30901670455932617, -0.9510565996170044, 0, 0, 0, 0, 0, 0, 0, 0, 0, 0, 0, 0, 0, 0, 0, 0, 0, 0, 0, 0, 0, 0, 0, 0, 0, 0.30901673436164856, -0.9510565996170044, 0, 0, 0, 0, 0, 0, 0, 0, 0, 0, 0, 0, 0, 0, 0, 0, 0.3090173304080963, -0.9510564208030701, 0, 0, 0, 0, 0, 0, 0, 0, 0, 0, 0, 0, 0, 0, 0, 0, 0.30901673436164856, -0.9510565996170044, 0, 0, 0, 0, 0, 0, 0, 0, 0, 0, 0, 0, 0, 0, 0, 0, 0.3090174198150635, -0.9510563611984253, 0, 0, 0, 0, 0, 0, 0, 0, 0, 0, 0, 0, 0, 0, 0, 0, 0, 0, 0, 0, 0, 0, 0, 0, 0, 0.30901673436164856, -0.9510565996170044, 0, 0, 0, 0, 0, 0, 0, 0, 0, 0, 0, 0, 0, 0, 0, 0, 0.30901673436164856, -0.9510565996170044, 0, 0, 0, 0, 0, 0, 0, 0, 0, 0, 0, 0, 0, 0, 0, 0, 0.3090173900127411, -0.9510563611984253, 0, 0, 0, 0, 0, 0, 0, 0, 0, 0, 0, 0, 0, 0, 0, 0, 0.3090166747570038, -0.9510565996170044, 0, 0, 0, 0, 0, 0, 0, 0, 0, 0, 0, 0, 0, 0, 0, 0, 0, 0, 0, 0, 0, 0, 0, 0, 0, 0.30901744961738586, -0.9510563611984253, 0, 0, 0, 0, 0, 0, 0, 0, 0, 0, 0, 0, 0, 0, 0, 0, 0.30901673436164856, -0.9510565996170044, 0, 0, 0, 0, 0, 0, 0, 0, 0, 0, 0, 0, 0, 0, 0, 0, 0.3090173304080963, -0.9510564208030701, 0, 0, 0, 0, 0, 0, 0, 0, 0, 0, 0, 0, 0, 0, 0, 0, 0.30901601910591125, -0.9510568380355835, 0, 0, 0, 0, 0, 0, 0, 0, 0, 0, 0, 0, 0, 0, 0, 0, 0, 0, 0, 0, 0, 0, 0, 0, 0, 0.30901744961738586, -0.9510563611984253, 0, 0, 0, 0, 0, 0, 0, 0, 0, 0, 0, 0, 0, 0, 0, 0, 0.30901601910591125, -0.9510568380355835, 0, 0, 0, 0, 0, 0, 0, 0, 0, 0, 0, 0, 0, 0, 0, 0, 0.30901744961738586, -0.9510563611984253, 0, 0, 0, 0, 0, 0, 0, 0, 0, 0, 0, 0, 0, 0, 0, 0, 0.3090173900127411, -0.9510563611984253, 0, 0, 0, 0, 0, 0, 0, 0, 0, 0, 0, 0, 0, 0, 0, 0, 0, 0, 0, 0, 0, 0, 0, 0, 0, 0.3090175688266754, -0.9510563015937805, 0, 0, 0, 0, 0, 0, 0, 0, 0, 0, 0, 0, 0, 0, 0, 0, 0.3090173304080963, -0.9510564208030701, 0, 0, 0, 0, 0, 0, 0, 0, 0, 0, 0, 0, 0, 0, 0, 0, 0.30901601910591125, -0.9510568380355835, 0, 0, 0, 0, 0, 0, 0, 0, 0, 0, 0, 0, 0, 0, 0, 0, 0.30901744961738586, -0.9510563611984253, 0, 0, 0, 0, 0, 0, 0, 0, 0, 0, 0, 0, 0, 0, 0, 0, 0, 0, 0, 0, 0, 0, 0, 0, 0, 0.30901601910591125, -0.9510568380355835, 0, 0, 0, 0, 0, 0, 0, 0, 0, 0, 0, 0, 0, 0, 0, 0, 0.30901744961738586, -0.9510563611984253, 0, 0, 0, 0, 0, 0, 0, 0, 0, 0, 0, 0, 0, 0, 0, 0, 0.30901744961738586, -0.9510563611984253, 0, 0, 0, 0, 0, 0, 0, 0, 0, 0, 0, 0, 0, 0, 0, 0, 0.3090158998966217, -0.9510568976402283, 0, 0, 0, 0, 0, 0, 0, 0, 0, 0, 0, 0, 0, 0, 0, 0, 0, 0, 0, 0, 0, 0, 0, 0, 0, 0.30901744961738586, -0.9510563611984253, 0, 0, 0, 0, 0, 0, 0, 0, 0, 0, 0, 0, 0, 0, 0, 0, 0.3090158998966217, -0.9510568976402283, 0, 0, 0, 0, 0, 0, 0, 0, 0, 0, 0, 0, 0, 0, 0, 0, 0.30901744961738586, -0.9510563611984253, 0, 0, 0, 0, 0, 0, 0, 0, 0, 0, 0, 0, 0, 0, 0, 0, 0.30901744961738586, -0.9510563611984253, 0, 0, 0, 0, 0, 0, 0, 0, 0, 0, 0, 0, 0, 0, 0, 0, 0, 0, 0, 0, 0, 0, 0, 0, 0, 0.30901724100112915, -0.9510564208030701, 0, 0, 0, 0, 0, 0, 0, 0, 0, 0, 0, 0, 0, 0, 0, 0, 0.3090175688266754, -0.9510563015937805, 0, 0, 0, 0, 0, 0, 0, 0, 0, 0, 0, 0, 0, 0, 0, 0, 0.3090158998966217, -0.9510568976402283, 0, 0, 0, 0, 0, 0, 0, 0, 0, 0, 0, 0, 0, 0, 0, 0, 0.30901744961738586, -0.9510563611984253, 0, 0, 0, 0, 0, 0, 0, 0, 0, 0, 0, 0, 0, 0, 0, 0, 0, 0, 0, 0, 0, 0, 0, 0, 0, 0.30901744961738586, -0.9510563611984253, 0, 0, 0, 0, 0, 0, 0, 0, 0, 0, 0, 0, 0, 0, 0, 0, 0.30901744961738586, -0.9510563611984253, 0, 0, 0, 0, 0, 0, 0, 0, 0, 0, 0, 0, 0, 0, 0, 0, 0.30901744961738586, -0.9510563611984253, 0, 0, 0, 0, 0, 0, 0, 0, 0, 0, 0, 0, 0, 0, 0, 0, 0.30901601910591125, -0.9510568380355835, 0, 0, 0, 0, 0, 0, 0, 0, 0, 0, 0, 0, 0, 0, 0, 0, 0, 0, 0, 0, 0, 0, 0, 0, 0, 0.30901601910591125, -0.9510568380355835, 0, 0, 0, 0, 0, 0, 0, 0, 0, 0, 0, 0, 0, 0, 0, 0, 0.30901744961738586, -0.9510563611984253, 0, 0, 0, 0, 0, 0, 0, 0, 0, 0, 0, 0, 0, 0, 0, 0, 0.3090173304080963, -0.9510564208030701, 0, 0, 0, 0, 0, 0, 0, 0, 0, 0, 0, 0, 0, 0, 0, 0, 0.30901601910591125, -0.9510568380355835, 0, 0, 0, 0, 0, 0, 0, 0, 0, 0, 0, 0, 0, 0, 0, 0, 0, 0, 0, 0, 0, 0, 0, 0, 0, 0, 0, 0, 0, 0, 0, 0, 0, 0, 0, 0, 0, 0, 0, 0, 0, 0, 0, 0, 0, 0, 0, 0, 0, 0, 0, 0, 0, 0, 0, 0, 0, 0, 0, 0, 0, 0, 0, 0, 0, 0, 0, 0, 0, 0, 0, 0, 0, 0, 0, 0, 0, 0, 0, 0, 0, 0, 0, 0, 0, 0, 0, 0, 0, 0, 0, 0, 0, 0, 0, 0, 0, 0, 0, 0, 0, 0, 0, 0, 0, 0, 0, 0, 0, 0, 0, 0, 0, 0, 0, 0, 0, 0, 0, 0, 0, 0, 0, 0, 0, 0, 0, 0, 0, 0, 0, 0, 0, 0, 0, 0, 0, 0, 0, 0, 0, 0, 0, 0, 0, 0, 0, 0, 0, 0, 0, 0, 0, 0, 0, 0, 0, 0, 0, 0, 0, 0, 0, 0, 0, 0, 0, 0, 0, 0, 0, 0, 0, 0, 0, 0, 0, 0, 0, 0, 0, 0, 0, 0, 0, 0, 0, 0, 0, 0, 0, 0, 0, 0, 0, 0, 0, 0, 0, 0, 0, 0, 0, 0, 0, 0, 0, 0, 0, 0, 0, 0, 0, 0, 0, 0, 0, 0, 0, 0, 0, 0, 0, 0, 0, 0, 0, 0, 0, 0, 0, 0, 0, 0, 0, 0, 0, 0, 0, 0, 0, 0, 0, 0, 0, 0, 0, 0, 0, 0, 0, 0, 0, 0, 0, 0, 0, 0, 0, 0, 0, 0, 0, 0, 0, 0, 0, 0, 0, 0, 0, 0, 0, 0, 0, 0, 0, 0, 0, 0, 0, 0, 0, 0, 0, 0, 0, 0, 0, 0, 0, 0, 0, 0, 0, 0, 0, 0, 0, 0, 0, 0, 0, 0, 0, 0, 0, 0, 0, 0, 0, 0, 0, 0, 0, 0, 0, 0, 0, 0, 0, 0, 0, 0, 0, 0, 0, 0, 0, 0, 0, 0, 0, 0, 0, 0, 0, 0, 0, 0, 0, 0, 0, 0, 0, 0, 0, 0, 0, 0, 0, 0, 0, 0, 0, 0, 0, 0, 0, 0, 0, 0, 0, 0, 0, 0, 0, 0, 0, 0, 0, 0, 0, 0, 0, 0, 0, 0, 0, 0, 0, 0, 0, 0, 0, 0, 0, 0, 0, 0, 0, 0, 0, 0, 0, 0, 0, 0, 0, 0, 0, 0, 0, 0, 0, 0, 0, 0, 0, 0, 0, 0, 0, 0, 0, 0, 0, 0, 0, 0, 0, 0, 0, 0, 0, 0, 0, 0, 0, 0, 0, 0, 0, 0, 0, 0, 0, 0, 0, 0, 0, 0, 0, 0, 0, 0, 0, 0, 0, 0, 0, 0, 0, 0, 0, 0, 0, 0, 0, 0, 0, 0, 0, 0, 0, 0, 0, 0, 0, 0, 0, 0, 0, 0, 0, 0, 0, 0, 0, 0, 0, 0, 0, 0, 0, 0, 0, 0, 0, 0, 0, 0, 0, 0, 0, 0, 0, 0, 0, 0, 0, 0, 0, 0, 0, 0, 0, 0, 0, 0, 0, 0, 0, 0, 0, 0, 0, 0, 0, 0, 0, 0, 0, 0, 0, 0, 0, 0, 0, 0, 0, 0, 0, 0, 0, 0, 0, 0, 0, 0, 0, 0, 0, 0, 0, 0, 0, 0, 0, 0, 0, 0, 0, 0, 0, 0, 0, 0, 0, 0, 0, 0, 0, 0, 0, 0, 0, 0, 0, 0, 0, 0, 0, 0, 0, 0, 0, 0, 0, 0, 0, 0, 0, 0, 0, 0, 0, 0, 0, 0, 0, 0, 0, 0, 0, 0, 0, 0, 0, 0, 0, 0, 0, 0, 0, 0, 0, 0, 0, 0, 0, 0, 0, 0, 0, 0, 0, 0, 0, 0, 0, 0, 0, 0, 0, 0, 0, 0, 0, 0, 0, 0, 0, 0, 0, 0, 0, 0, 0, 0, 0, 0, 0, 0, 0, 0, 0, 0, 0, 0, 0, 0, 0, 0, 0, 0, 0, 0, 0, 0, 0, 0, 0, 0, 0, 0, 0, 0, 0, 0, 0, 0, 0, 0, 0, 0, 0, 0, 0, 0, 0, 0, 0, 0, 0, 0, 0, 0, 0, 0, 0, 0, 0, 0, 0, 0, 0, 0, 0, 0, 0, 0, 0, 0, 0, 0, 0, 0, 0, 0, 0, 0, 0, 0, 0, 0, 0, 0, 0, 0, 0, 0, 0, 0, 0, 0, 0, 0, 0, 0, 0, 0, 0, 0, 0, 0, 0, 0, 0, 0, 0, 0, 0, 0, 0, 0, 0, 0, 0, 0, 0, 0, 0, 0, 0, 0, 0, 0, 0, 0, 0, 0, 0, 0, 0, 0, 0, 0, 0, 0, 0, 0, 0, 0, 0, 0, 0, 0, 0, 0, 0, 0, 0, 0, 0, 0, 0, 0, 0, 0, 0, 0, 0, 0, 0, 0, 0, 0, 0, 0, 0, 0, 0, 0, 0, 0, 0, 0, 0, 0, 0, 0, 0, 0, 0, 0, 0, 0, 0, 0, 0, 0, 0, 0, 0, 0, 0, 0, 0, 0, 0, 0, 0, 0, 0, 0, 0, 0, 0, 0, 0, 0, 0, 0, 0, 0, 0, 0, 0, 0, 0, 0, 0, 0, 0, 0, 0, 0, 0, 0, 0, 0, 0, 0, 0, 0, 0, 0, 0, 0, 0, 0, 0, 0, 0, 0, 0, 0, 0, 0, 0, 0, 0, 0, 0, 0, 0, 0, 0, 0, 0, 0, 0, 0, 0, 0, 0, 0, 0, 0, 0, 0, 0, 0, 0, 0, 0, 0, 0, 0, 0, 0, 0, 0, 0, 0, 0, 0, 0, 0, 0, 0, 0, 0, 0, 0, 0, 0, 0, 0, 0, 0, 0, 0, 0, 0, 0, 0, 0, 0, 0, 0, 0, 0, 0, 0, 0, 0, 0, 0, 0, 0, 0, 0, 0, 0, 0, 0, 0, 0, 0, 0, 0, 0, 0, 0, 0, 0, 0, 0, 0, 0, 0, 0, 0, 0, 0, 0, 0, 0, 0, 0, 0, 0, 0]
            int[] tet_chamber_mask = [-1, -1, -1, -1, -1, -1, -1, -1, -1, -1, -1, -1, -1, -1, -1, -1, -1, -1, -1, -1, -1, -1, -1, -1, -1, -1, -1, -1, -1, -1, -1, -1, -1, -1, -1, -1, -1, -1, -1, -1, -1, -1, -1, -1, -1, -1, -1, -1, -1, -1, -1, -1, -1, -1, -1, -1, -1, -1, -1, -1, -1, -1, -1, -1, -1, -1, -1, -1, -1, -1, -1, -1, -1, -1, -1, -1, -1, -1, -1, -1, -1, -1, -1, -1, -1, -1, -1, -1, -1, -1, -1, -1, -1, -1, -1, -1, -1, -1, -1, -1, -1, -1, -1, -1, -1, -1, -1, -1, -1, -1, -1, -1, -1, -1, -1, -1, -1, -1, -1, -1, -1, -1, -1, -1, -1, -1, -1, -1, -1, -1, -1, -1, -1, -1, -1, -1, -1, -1, -1, -1, -1, -1, -1, -1, -1, -1, -1, -1, -1, -1, -1, -1, -1, -1, -1, -1, -1, -1, -1, -1, -1, -1, -1, -1, -1, -1, -1, -1, -1, -1, -1, -1, -1, -1, -1, -1, -1, -1, -1, -1, -1, -1, -1, -1, -1, -1, -1, -1, -1, -1, -1, -1, -1, -1, -1, -1, -1, -1, -1, -1, -1, -1, -1, -1, -1, -1, -1, -1, -1, -1, -1, -1, -1, -1, -1, -1, -1, -1, -1, -1, -1, -1, -1, -1, -1, -1, -1, -1, -1, -1, -1, -1, -1, -1, -1, -1, -1, -1, -1, -1, -1, -1, -1, -1, -1, -1, -1, -1, -1, -1, -1, -1, -1, -1, -1, -1, -1, -1, -1, -1, -1, -1, -1, -1, -1, -1, -1, -1, -1, -1, -1, -1, -1, -1, -1, -1, -1, -1, -1, -1, -1, -1, -1, -1, -1, -1, -1, -1, -1, -1, -1, -1, -1, -1, -1, -1, -1, -1, -1, -1, -1, -1, -1, -1, -1, -1, -1, -1, -1, -1, -1, -1, -1, -1, -1, -1, -1, -1, -1, -1, -1, -1, -1, -1, -1, -1, -1, -1, -1, -1, -1, -1, -1, -1, -1, -1, -1, -1, -1, -1, -1, -1, -1, -1, -1, -1, -1, -1, -1, -1, -1, -1, -1, -1, -1, -1, -1, -1, -1, -1, -1, -1, -1, -1, -1, -1, -1, -1, -1, -1, -1, -1, -1, -1, -1, -1, -1, -1, -1, -1, -1, -1, -1, -1, -1, -1, -1, -1, -1, -1, -1, -1, -1, -1, -1, -1, -1, -1, -1, -1, -1, -1, -1, -1, -1, -1, -1, -1, -1, -1, -1, -1, -1, -1, -1, -1, -1, -1, -1, -1, -1, -1, -1, -1, -1, -1, -1, -1, -1, -1, -1, -1, -1, -1, -1, -1, -1, -1, -1, -1, -1, -1, -1, -1, -1, -1, -1, -1, -1, -1, -1, -1, -1, -1, -1, -1, -1, -1, -1, -1, -1, -1, -1, -1, -1, -1, -1, -1, -1, -1, -1, -1, -1, -1, -1, -1, -1, -1, -1, -1, -1, -1, -1, -1, -1, -1, -1, -1, -1, -1, -1, -1, -1, -1, -1, -1, -1, -1, -1, -1, -1, -1, -1, -1, -1, -1, -1, -1, -1, -1, -1, -1, -1, -1, -1, -1, -1, -1, -1, -1, -1, -1, -1, -1, -1, -1, -1, -1, -1, -1, -1, -1, -1, -1, -1, -1, -1, -1, -1, -1, -1, -1, -1, -1, -1, -1, -1, -1, -1, -1, -1, -1, -1, -1, -1, -1, -1, -1, -1, -1, -1, -1, -1, -1, -1, -1, -1, -1, -1, -1, -1, -1, -1, -1, -1, -1, -1, -1, -1, -1, -1, -1, -1, -1, -1, -1, -1, -1, -1, -1, -1, -1, -1, -1, -1, -1, -1, -1, -1, -1, -1, -1, -1, -1, -1, -1, -1, -1, -1, -1, -1, -1, -1, -1, -1, -1, -1, -1, -1, -1, -1, -1, -1, -1, -1, -1, -1, -1, -1, -1, -1, -1, -1, -1, -1, -1, -1, -1, -1, -1, -1, -1, -1, -1, -1, -1, -1, -1, -1, -1, -1, -1, -1, -1, -1, -1, -1, -1, -1, -1, -1, -1, -1, -1, -1, -1, -1, -1, -1, -1, -1, -1, -1, -1, -1, -1, -1, -1, -1, -1, -1, -1, -1, -1, -1, -1, -1, -1, -1, -1, -1, -1, -1, -1, -1, -1, -1, -1, -1, -1, -1, -1, -1, -1, -1, -1, -1, -1, -1, -1, -1, -1, -1, -1, -1, -1, -1, -1, -1, -1, -1, -1, -1, -1, -1, -1, -1, -1, -1, -1, -1, -1, -1, -1, -1, -1, -1, -1, -1, -1, -1, -1, -1, -1, -1, -1, -1, -1, -1, -1, -1, -1, -1, -1, -1, -1, -1, -1, -1, -1, -1, -1, -1, -1, -1, -1, -1, -1, -1, -1, -1, -1, -1, -1, -1, -1, -1, -1, -1, -1, -1, -1, -1, -1, -1, -1, -1, -1, -1, -1, -1, -1, -1, -1, -1, -1, -1, -1, -1, -1, -1, -1, -1, -1, -1, -1, -1, -1, -1, -1, -1, -1, -1, -1, -1, -1, -1, -1, -1, -1, -1, -1, -1, -1, -1, -1, -1, -1, -1, -1, -1, -1, -1, -1, -1, -1, -1, -1, -1, -1, -1, -1, -1, -1, -1, -1, -1, -1, -1, -1, -1, -1, -1, -1, -1, -1, -1, -1, -1, -1, -1, -1, -1, -1, -1, -1, -1, -1, -1, -1, -1, -1, -1, -1, -1, -1, -1, -1, -1, -1, -1, -1, -1, -1, -1, -1, -1, -1, -1, -1, -1, -1, -1, -1, -1, -1, -1, -1, -1, -1, -1, -1, -1, -1, -1, -1, -1, -1, -1, -1, -1, -1, -1, -1, -1, -1, -1, -1, -1, -1, -1, -1, -1, -1, -1, -1, -1, -1, -1, -1, -1, -1, -1, -1, -1, -1, -1, -1, -1, -1, -1, -1, -1, -1, -1, -1, -1, -1, -1, -1, -1, -1, -1, -1, -1, -1, -1, -1, -1, -1, -1, -1, -1, -1, -1, -1, -1, -1, -1, -1, -1, -1, -1, -1, -1, -1, -1, -1, -1, -1, -1, -1, -1, -1, -1, -1, -1, -1, -1, -1, -1, -1, -1, -1, -1, -1, -1, -1, -1, -1, -1, -1, -1, -1, -1, -1, -1, -1, -1, -1, -1, -1, -1, -1, -1, -1, -1, -1, -1, -1, -1, -1, -1, -1, -1, -1, -1, -1, -1, -1, -1, -1, -1, -1, -1, -1, -1, -1, -1, -1, -1, -1, -1, -1, -1, -1, -1, -1, -1, -1, -1, -1, -1, -1, -1, -1, -1, -1, -1, -1, -1, -1, -1, -1, -1, -1, -1, -1, -1, -1, -1, -1, -1, -1, -1, -1, -1, -1, -1, -1, -1, -1, -1, -1, -1, -1, -1, -1, -1, -1, -1, -1, -1, -1, -1, -1, -1, -1, -1, -1, -1, -1, -1, -1, -1, -1, -1, -1, -1, -1, -1, -1, -1, -1, -1, -1, -1, -1, -1, -1, -1, -1, -1, -1, -1, -1, -1, -1, -1, -1, -1, -1, -1, -1, -1, -1, -1, -1, -1, -1, -1, -1, -1, -1, -1, -1, -1, -1, -1, -1, -1, -1, -1, -1, -1, -1, -1, -1, -1, -1, -1, -1, -1, -1, -1, -1, -1, -1, -1, -1, -1, -1, -1, -1, -1, -1, -1, -1, -1, -1, -1, -1, -1, -1, -1, -1, -1, -1, -1, -1, -1, -1, -1, -1, -1, -1, -1, -1, -1, -1, -1, -1, -1, -1, -1, -1, -1, -1, -1, -1, -1, -1, -1, -1, -1, -1, -1, -1, -1, -1, -1, -1, -1, -1, -1, -1, -1, -1, -1, -1, -1, -1, -1, -1, -1, -1, -1, -1, -1, -1, -1, -1, -1, -1, -1, -1, -1, -1, -1, -1, -1, -1, -1, -1, -1, -1, -1, -1, -1, -1, -1, -1, -1, -1, -1, -1, -1, -1, -1, -1, -1, -1, -1, -1, -1, -1, -1, -1, -1, -1, -1, -1, -1, -1, -1, -1, -1, -1, -1, -1, -1, -1, -1, -1, -1, -1, -1, -1, -1, -1, -1, -1, -1, -1, -1, -1, -1, -1, -1, -1, -1, -1, -1, -1, -1, -1, -1, -1, -1, -1, -1, -1, -1, -1, -1, -1, -1, -1, -1, -1, -1, -1, -1, -1, -1, -1, -1, -1, -1, -1, -1, -1, -1, -1, -1, -1, -1, -1, -1, -1, -1, -1, -1, -1, -1, -1, -1, -1, -1, -1, -1, -1, -1, -1, -1, -1, -1, -1, -1, -1, -1, -1, -1, -1, -1, -1, -1, -1, -1, -1, -1, -1, -1, -1, -1, -1, -1, -1, -1, -1, -1, -1, -1, -1, -1, -1, -1, -1, -1, -1, -1, -1, -1, -1, -1, -1, -1, -1, -1, -1, -1, -1, -1, -1, -1, -1, -1, -1, -1, -1, -1, -1, -1, -1, -1, -1, -1, -1, -1, -1, -1, -1, -1, -1, -1, -1, -1, -1, -1, -1, -1, -1, -1, -1, -1, -1, -1, -1, -1, -1, -1, -1, -1, -1, -1, -1, -1, -1, -1, -1, -1, -1, -1, -1, -1, -1, -1, -1, -1, -1, -1, -1, -1, -1, -1, -1, -1, -1, -1, -1, -1, -1, -1, -1, -1, -1, -1, -1, -1, -1, -1, -1, -1, -1, -1, -1, -1, -1, -1, -1, -1, -1, -1, -1, -1, -1, -1, -1, -1, -1, -1, -1, -1, -1, -1, -1, -1, -1, -1, -1, -1, -1, -1, -1, -1, -1, -1, -1, -1, -1, -1, -1, -1, -1, -1, -1, -1, -1, -1, -1, -1, -1, -1, -1, -1, -1, -1, -1, -1, -1, -1, -1, -1, -1, -1, -1, -1, -1, -1, -1, -1, -1, -1, -1, -1, -1, -1, -1, -1, -1, -1, -1, -1, -1, -1, -1, -1, -1, -1, -1, -1, -1, -1, -1, -1, -1, -1, -1, -1, -1, -1, -1, -1, -1, -1, -1, -1, -1, -1, -1, -1, -1, -1, -1, -1, -1, -1, -1, -1, -1, -1, -1, -1, -1, -1, -1, -1, -1, -1, -1, -1, -1, -1, -1, -1, -1, -1, -1, -1, -1, -1, -1, -1, -1, -1, -1, -1, -1, -1, -1, -1, -1, -1, -1, -1, -1, -1, -1, -1, -1, -1, -1, -1, -1, -1, -1, -1, -1, -1, -1, -1, -1, -1, -1, -1, -1, -1, -1, -1, -1, -1, -1, -1, -1, -1, -1, -1, -1, -1, -1, -1, -1, -1, -1, -1, -1, -1, -1, -1, -1, -1, -1, -1, -1, -1, -1, -1, -1, -1, -1, -1, -1, -1, -1, -1, -1, -1, -1, -1, -1, -1, -1, -1, -1, -1, -1, -1, -1, -1, -1, -1, -1, -1, -1, -1, -1, -1, -1, -1, -1, -1, -1, -1, -1, -1, -1, -1, -1, -1, -1, -1, -1, -1, -1, -1, -1, -1, -1, -1, -1, -1, -1, -1, -1, -1, -1, -1, -1, -1, -1, -1, -1, -1, -1, -1, -1, -1, -1, -1, -1, -1, -1, -1, -1, -1, -1, -1, -1, -1, -1, -1, -1, -1, -1, -1, -1, -1, -1, -1, -1, -1, -1, -1, -1, -1, -1, -1, -1, -1, -1, -1, -1, -1, -1, -1, -1, -1, -1, -1, -1, -1, -1, -1, -1, -1, -1, -1, -1, -1, -1, -1, -1, -1, -1, -1, -1, -1, -1, -1, -1, -1, -1, -1, -1, -1, -1, -1, -1, -1, -1, -1, -1, -1, -1, -1, -1, -1, -1, -1, -1, -1, -1, -1, -1, -1, -1, -1, -1, -1, -1, -1, -1, -1, -1, -1, -1, -1, -1, -1, -1, -1, -1, -1, -1, -1, -1, -1, -1, -1, -1, -1, -1, -1, -1, -1, -1, -1, -1, -1, -1, -1, -1, -1, -1, -1, -1, -1, -1, -1, -1, -1, -1, -1, -1, -1, -1, -1, -1, -1, -1, -1, -1, -1, -1, -1, -1, -1, -1, -1, -1, -1, -1, -1, -1, -1, -1, -1, -1, -1, -1, -1, -1, -1, -1, -1, -1, -1, -1, -1, -1, -1, -1, 0, -1, 0, -1, -1, 0, -1, 0, -1, -1, 0, -1, 0, -1, -1, 0, -1, 0, -1, -1, 0, -1, 0, -1, -1, 0, -1, 0, -1, -1, 0, -1, 0, -1, -1, 0, -1, 0, -1, -1, 1, -1, 1, -1, -1, 1, -1, 1, -1, -1, 1, -1, 1, -1, -1, 1, -1, 1, -1, -1, 1, -1, 1, -1, -1, 1, -1, 1, -1, -1, 1, -1, 1, -1, -1, 1, -1, 1, -1, -1, 2, -1, 2, -1, -1, 2, -1, 2, -1, -1, 2, -1, 2, -1, -1, 2, -1, 2, -1, -1, 2, -1, 2, -1, -1, 2, -1, 2, -1, -1, 2, -1, 2, -1, -1, 2, -1, 2, -1, -1, 3, -1, 3, -1, -1, 3, -1, 3, -1, -1, 3, -1, 3, -1, -1, 3, -1, 3, -1, -1, 3, -1, 3, -1, -1, 3, -1, 3, -1, -1, 3, -1, 3, -1, -1, 3, -1, 3, -1, -1, 4, -1, 4, -1, -1, 4, -1, 4, -1, -1, 4, -1, 4, -1, -1, 4, -1, 4, -1, -1, 4, -1, 4, -1, -1, 4, -1, 4, -1, -1, 4, -1, 4, -1, -1, 4, -1, 4, -1, -1, 5, -1, 5, -1, -1, 5, -1, 5, -1, -1, 5, -1, 5, -1, -1, 5, -1, 5, -1, -1, 5, -1, 5, -1, -1, 5, -1, 5, -1, -1, 5, -1, 5, -1, -1, 5, -1, 5, -1, -1, 6, -1, 6, -1, -1, 6, -1, 6, -1, -1, 6, -1, 6, -1, -1, 6, -1, 6, -1, -1, 6, -1, 6, -1, -1, 6, -1, 6, -1, -1, 6, -1, 6, -1, -1, 6, -1, 6, -1, -1, 7, -1, 7, -1, -1, 7, -1, 7, -1, -1, 7, -1, 7, -1, -1, 7, -1, 7, -1, -1, 7, -1, 7, -1, -1, 7, -1, 7, -1, -1, 7, -1, 7, -1, -1, 7, -1, 7, 0, 0, 0, 0, 0, 0, 0, 0, 0, 0, 0, 0, 0, 0, 0, 0, 0, 0, 0, 0, 0, 0, 0, 0, 0, 0, 0, 0, 0, 0, 0, 0, 0, 0, 0, 0, 0, 0, 0, 0, 1, 1, 1, 1, 1, 1, 1, 1, 1, 1, 1, 1, 1, 1, 1, 1, 1, 1, 1, 1, 1, 1, 1, 1, 1, 1, 1, 1, 1, 1, 1, 1, 1, 1, 1, 1, 1, 1, 1, 1, 2, 2, 2, 2, 2, 2, 2, 2, 2, 2, 2, 2, 2, 2, 2, 2, 2, 2, 2, 2, 2, 2, 2, 2, 2, 2, 2, 2, 2, 2, 2, 2, 2, 2, 2, 2, 2, 2, 2, 2, 3, 3, 3, 3, 3, 3, 3, 3, 3, 3, 3, 3, 3, 3, 3, 3, 3, 3, 3, 3, 3, 3, 3, 3, 3, 3, 3, 3, 3, 3, 3, 3, 3, 3, 3, 3, 3, 3, 3, 3, 4, 4, 4, 4, 4, 4, 4, 4, 4, 4, 4, 4, 4, 4, 4, 4, 4, 4, 4, 4, 4, 4, 4, 4, 4, 4, 4, 4, 4, 4, 4, 4, 4, 4, 4, 4, 4, 4, 4, 4, 5, 5, 5, 5, 5, 5, 5, 5, 5, 5, 5, 5, 5, 5, 5, 5, 5, 5, 5, 5, 5, 5, 5, 5, 5, 5, 5, 5, 5, 5, 5, 5, 5, 5, 5, 5, 5, 5, 5, 5, 6, 6, 6, 6, 6, 6, 6, 6, 6, 6, 6, 6, 6, 6, 6, 6, 6, 6, 6, 6, 6, 6, 6, 6, 6, 6, 6, 6, 6, 6, 6, 6, 6, 6, 6, 6, 6, 6, 6, 6, 7, 7, 7, 7, 7, 7, 7, 7, 7, 7, 7, 7, 7, 7, 7, 7, 7, 7, 7, 7, 7, 7, 7, 7, 7, 7, 7, 7, 7, 7, 7, 7, 7, 7, 7, 7, 7, 7, 7, 7, 0, 0, 0, 0, 0, 0, 0, 0, 0, 0, 0, 0, 0, 0, 0, 0, 0, 0, 0, 0, 0, 0, 0, 0, 0, 0, 0, 0, 0, 0, 0, 0, 0, 0, 0, 0, 0, 0, 0, 0, 1, 1, 1, 1, 1, 1, 1, 1, 1, 1, 1, 1, 1, 1, 1, 1, 1, 1, 1, 1, 1, 1, 1, 1, 1, 1, 1, 1, 1, 1, 1, 1, 1, 1, 1, 1, 1, 1, 1, 1, 2, 2, 2, 2, 2, 2, 2, 2, 2, 2, 2, 2, 2, 2, 2, 2, 2, 2, 2, 2, 2, 2, 2, 2, 2, 2, 2, 2, 2, 2, 2, 2, 2, 2, 2, 2, 2, 2, 2, 2, 3, 3, 3, 3, 3, 3, 3, 3, 3, 3, 3, 3, 3, 3, 3, 3, 3, 3, 3, 3, 3, 3, 3, 3, 3, 3, 3, 3, 3, 3, 3, 3, 3, 3, 3, 3, 3, 3, 3, 3, 4, 4, 4, 4, 4, 4, 4, 4, 4, 4, 4, 4, 4, 4, 4, 4, 4, 4, 4, 4, 4, 4, 4, 4, 4, 4, 4, 4, 4, 4, 4, 4, 4, 4, 4, 4, 4, 4, 4, 4, 5, 5, 5, 5, 5, 5, 5, 5, 5, 5, 5, 5, 5, 5, 5, 5, 5, 5, 5, 5, 5, 5, 5, 5, 5, 5, 5, 5, 5, 5, 5, 5, 5, 5, 5, 5, 5, 5, 5, 5, 6, 6, 6, 6, 6, 6, 6, 6, 6, 6, 6, 6, 6, 6, 6, 6, 6, 6, 6, 6, 6, 6, 6, 6, 6, 6, 6, 6, 6, 6, 6, 6, 6, 6, 6, 6, 6, 6, 6, 6, 7, 7, 7, 7, 7, 7, 7, 7, 7, 7, 7, 7, 7, 7, 7, 7, 7, 7, 7, 7, 7, 7, 7, 7, 7, 7, 7, 7, 7, 7, 7, 7, 7, 7, 7, 7, 7, 7, 7, 7, -1, -1, -1, -1, -1, -1, -1, -1, -1, -1, -1, -1, -1, -1, -1, -1, -1, -1, -1, -1, -1, -1, -1, -1, -1, -1, -1, -1, -1, -1, -1, -1, -1, -1, -1, -1, -1, -1, -1, -1, -1, -1, -1, -1, -1, -1, -1, -1, -1, -1, -1, -1, -1, -1, -1, -1, -1, -1, -1, -1, -1, -1, -1, -1, -1, -1, -1, -1, -1, -1, -1, -1, -1, -1, -1, -1, -1, -1, -1, -1, -1, -1, -1, -1, -1, -1, -1, -1, -1, -1, -1, -1, -1, -1, -1, -1, -1, -1, -1, -1, -1, -1, -1, -1, -1, -1, -1, -1, -1, -1, -1, -1, -1, -1, -1, -1, -1, -1, -1, -1, -1, -1, -1, -1, -1, -1, -1, -1, -1, -1, -1, -1, -1, -1, -1, -1, -1, -1, -1, -1, -1, -1, -1, -1, -1, -1, -1, -1, -1, -1, -1, -1, -1, -1, -1, -1, -1, -1, -1, -1, -1, -1, -1, -1, -1, -1, -1, -1, -1, -1, -1, -1, -1, -1, -1, -1, -1, -1, -1, -1, -1, -1, -1, -1, -1, -1, -1, -1, -1, -1, -1, -1, -1, -1, -1, -1, -1, -1, -1, -1, -1, -1, -1, -1, -1, -1, -1, -1, -1, -1, -1, -1, -1, -1, -1, -1, -1, -1, -1, -1, -1, -1, -1, -1, -1, -1, -1, -1, -1, -1, -1, -1, -1, -1, -1, -1, -1, -1, -1, -1, -1, -1, -1, -1, -1, -1, -1, -1, -1, -1, -1, -1, -1, -1, -1, -1, -1, -1, -1, -1, -1, -1, -1, -1, -1, -1, -1, -1, -1, -1, -1, -1, -1, -1, -1, -1, -1, -1, -1, -1, -1, -1, -1, -1, -1, -1, -1, -1, -1, -1, -1, -1, -1, -1, -1, -1, -1, -1, -1, -1, -1, -1, -1, -1, -1, -1, -1, -1, -1, -1, -1, -1, -1, -1, -1, -1, -1, -1, -1, -1, -1, -1, -1, -1, -1, -1, -1, -1, -1, -1, -1, -1, -1, -1, -1, -1, -1, -1, -1, -1, -1, -1, -1, -1, -1, -1, -1, -1, -1, -1, -1, -1, -1, -1, -1, -1, -1, -1, -1, -1, -1, -1, -1, -1, -1, -1, -1, -1, -1, -1, -1, -1, -1, -1, -1, -1, -1, -1, -1, -1, -1, -1, -1, -1, -1, -1, -1, -1, -1, -1, -1, -1, -1, -1, -1, -1, -1, -1, -1, -1, -1, -1, -1, -1, -1, -1, -1, -1, -1, -1, -1, -1, -1, -1, -1, -1, -1, -1, -1, -1, -1, -1, -1, -1, -1, -1, -1, -1, -1, -1, -1, -1, -1, -1, -1, -1, -1, -1, -1, -1, -1, -1, -1, -1, -1, -1, -1, -1, -1, -1, -1, -1, -1, -1, -1, -1, -1, -1, -1, -1, -1, -1, -1, -1, -1, -1, -1, -1, -1, -1, -1, -1, -1, -1, -1, -1, -1, -1, -1, -1, -1, -1, -1, -1, -1, -1, -1, -1, -1, -1, -1, -1, -1, -1, -1, -1, -1, -1, -1, -1, -1, -1, -1, -1, -1, -1, -1, -1, -1, -1, -1, -1, -1, -1, -1, -1, -1, -1, -1, -1, -1, -1, -1, -1, -1, -1, -1, -1, -1, -1, -1, -1, -1, -1, -1, -1, -1, -1, -1, -1, -1, -1, -1, -1, -1, -1, -1, -1, -1, -1, -1, -1, -1, -1, -1, -1, -1, -1, -1, -1, -1, -1, -1, -1, -1, -1, -1, -1, -1, -1, -1, -1, -1, -1, -1, -1, -1, -1, -1, -1, -1, -1, -1, -1, -1, -1, -1, -1, -1, -1, -1, -1, -1, -1, -1, -1, -1, -1, -1, -1, -1, -1, -1, -1, -1, -1, -1, -1, -1, -1, -1, -1, -1, -1, -1, -1, -1, -1, -1, -1, -1, -1, -1, -1, -1, -1, -1, -1, -1, -1, -1, -1, -1, -1, -1, -1, -1, -1, -1, -1, -1, -1, -1, -1, -1, -1, -1, -1, -1, -1, -1, -1, -1, -1, -1, -1, -1, -1, -1, -1, -1, -1, -1, -1, -1, -1, -1, -1, -1, -1, -1, -1, -1, -1, -1, -1, -1, -1, -1, -1, -1, -1, -1, -1, -1, -1, -1, -1, -1, -1, -1, -1, -1, -1, -1, -1, -1, -1, -1, -1, -1, -1, -1, -1, -1, -1, -1, -1, -1, -1, -1, -1, -1, -1, -1, -1, -1, -1, -1, -1, -1, -1, -1, -1, -1, -1, -1, -1, -1, -1, -1, -1, -1, -1, -1, -1, -1, -1, -1, -1, -1, -1, -1, -1, -1, -1, -1, -1, -1, -1, -1, -1, -1, -1, -1, -1, -1, -1, -1, -1, -1, -1, -1, -1, -1, -1, -1, -1, -1, -1, -1, -1, -1, -1, -1, -1, -1, -1, -1, -1, -1, -1, -1, -1, -1, -1, -1, -1, -1, -1, -1, -1, -1, -1, -1, -1, -1, -1, -1, -1, -1, -1, -1, -1, -1, -1, -1, -1, -1, -1, -1, -1, -1, -1, -1, -1, -1, -1, -1, -1, -1, -1, -1, -1, -1, -1, -1, -1, -1, -1, -1, -1, -1, -1, -1, -1, -1, -1, -1, -1, -1, -1, -1, -1, -1, -1, -1, -1, -1, -1, -1, -1, -1, -1, -1, -1, -1, -1, -1, -1, -1, -1, -1, -1, -1, -1, -1, -1, -1, -1, -1, -1, -1, -1, -1, -1, -1, -1, -1, -1, -1, -1, 8, -1, 8, -1, -1, 8, -1, 8, -1, -1, 8, -1, 8, -1, -1, 8, -1, 8, -1, -1, 8, -1, 8, -1, -1, 8, -1, 8, -1, -1, 8, -1, 8, -1, -1, 8, -1, 8, -1, -1, 9, -1, 9, -1, -1, 9, -1, 9, -1, -1, 9, -1, 9, -1, -1, 9, -1, 9, -1, -1, 9, -1, 9, -1, -1, 9, -1, 9, -1, -1, 9, -1, 9, -1, -1, 9, -1, 9, -1, -1, 10, -1, 10, -1, -1, 10, -1, 10, -1, -1, 10, -1, 10, -1, -1, 10, -1, 10, -1, -1, 10, -1, 10, -1, -1, 10, -1, 10, -1, -1, 10, -1, 10, -1, -1, 10, -1, 10, -1, -1, 11, -1, 11, -1, -1, 11, -1, 11, -1, -1, 11, -1, 11, -1, -1, 11, -1, 11, -1, -1, 11, -1, 11, -1, -1, 11, -1, 11, -1, -1, 11, -1, 11, -1, -1, 11, -1, 11, -1, -1, 12, -1, 12, -1, -1, 12, -1, 12, -1, -1, 12, -1, 12, -1, -1, 12, -1, 12, -1, -1, 12, -1, 12, -1, -1, 12, -1, 12, -1, -1, 12, -1, 12, -1, -1, 12, -1, 12, -1, -1, 13, -1, 13, -1, -1, 13, -1, 13, -1, -1, 13, -1, 13, -1, -1, 13, -1, 13, -1, -1, 13, -1, 13, -1, -1, 13, -1, 13, -1, -1, 13, -1, 13, -1, -1, 13, -1, 13, -1, -1, 14, -1, 14, -1, -1, 14, -1, 14, -1, -1, 14, -1, 14, -1, -1, 14, -1, 14, -1, -1, 14, -1, 14, -1, -1, 14, -1, 14, -1, -1, 14, -1, 14, -1, -1, 14, -1, 14, -1, -1, 15, -1, 15, -1, -1, 15, -1, 15, -1, -1, 15, -1, 15, -1, -1, 15, -1, 15, -1, -1, 15, -1, 15, -1, -1, 15, -1, 15, -1, -1, 15, -1, 15, -1, -1, 15, -1, 15, 8, 8, 8, 8, 8, 8, 8, 8, 8, 8, 8, 8, 8, 8, 8, 8, 8, 8, 8, 8, 8, 8, 8, 8, 8, 8, 8, 8, 8, 8, 8, 8, 8, 8, 8, 8, 8, 8, 8, 8, 9, 9, 9, 9, 9, 9, 9, 9, 9, 9, 9, 9, 9, 9, 9, 9, 9, 9, 9, 9, 9, 9, 9, 9, 9, 9, 9, 9, 9, 9, 9, 9, 9, 9, 9, 9, 9, 9, 9, 9, 10, 10, 10, 10, 10, 10, 10, 10, 10, 10, 10, 10, 10, 10, 10, 10, 10, 10, 10, 10, 10, 10, 10, 10, 10, 10, 10, 10, 10, 10, 10, 10, 10, 10, 10, 10, 10, 10, 10, 10, 11, 11, 11, 11, 11, 11, 11, 11, 11, 11, 11, 11, 11, 11, 11, 11, 11, 11, 11, 11, 11, 11, 11, 11, 11, 11, 11, 11, 11, 11, 11, 11, 11, 11, 11, 11, 11, 11, 11, 11, 12, 12, 12, 12, 12, 12, 12, 12, 12, 12, 12, 12, 12, 12, 12, 12, 12, 12, 12, 12, 12, 12, 12, 12, 12, 12, 12, 12, 12, 12, 12, 12, 12, 12, 12, 12, 12, 12, 12, 12, 13, 13, 13, 13, 13, 13, 13, 13, 13, 13, 13, 13, 13, 13, 13, 13, 13, 13, 13, 13, 13, 13, 13, 13, 13, 13, 13, 13, 13, 13, 13, 13, 13, 13, 13, 13, 13, 13, 13, 13, 14, 14, 14, 14, 14, 14, 14, 14, 14, 14, 14, 14, 14, 14, 14, 14, 14, 14, 14, 14, 14, 14, 14, 14, 14, 14, 14, 14, 14, 14, 14, 14, 14, 14, 14, 14, 14, 14, 14, 14, 15, 15, 15, 15, 15, 15, 15, 15, 15, 15, 15, 15, 15, 15, 15, 15, 15, 15, 15, 15, 15, 15, 15, 15, 15, 15, 15, 15, 15, 15, 15, 15, 15, 15, 15, 15, 15, 15, 15, 15, 8, 8, 8, 8, 8, 8, 8, 8, 8, 8, 8, 8, 8, 8, 8, 8, 8, 8, 8, 8, 8, 8, 8, 8, 8, 8, 8, 8, 8, 8, 8, 8, 8, 8, 8, 8, 8, 8, 8, 8, 9, 9, 9, 9, 9, 9, 9, 9, 9, 9, 9, 9, 9, 9, 9, 9, 9, 9, 9, 9, 9, 9, 9, 9, 9, 9, 9, 9, 9, 9, 9, 9, 9, 9, 9, 9, 9, 9, 9, 9, 10, 10, 10, 10, 10, 10, 10, 10, 10, 10, 10, 10, 10, 10, 10, 10, 10, 10, 10, 10, 10, 10, 10, 10, 10, 10, 10, 10, 10, 10, 10, 10, 10, 10, 10, 10, 10, 10, 10, 10, 11, 11, 11, 11, 11, 11, 11, 11, 11, 11, 11, 11, 11, 11, 11, 11, 11, 11, 11, 11, 11, 11, 11, 11, 11, 11, 11, 11, 11, 11, 11, 11, 11, 11, 11, 11, 11, 11, 11, 11, 12, 12, 12, 12, 12, 12, 12, 12, 12, 12, 12, 12, 12, 12, 12, 12, 12, 12, 12, 12, 12, 12, 12, 12, 12, 12, 12, 12, 12, 12, 12, 12, 12, 12, 12, 12, 12, 12, 12, 12, 13, 13, 13, 13, 13, 13, 13, 13, 13, 13, 13, 13, 13, 13, 13, 13, 13, 13, 13, 13, 13, 13, 13, 13, 13, 13, 13, 13, 13, 13, 13, 13, 13, 13, 13, 13, 13, 13, 13, 13, 14, 14, 14, 14, 14, 14, 14, 14, 14, 14, 14, 14, 14, 14, 14, 14, 14, 14, 14, 14, 14, 14, 14, 14, 14, 14, 14, 14, 14, 14, 14, 14, 14, 14, 14, 14, 14, 14, 14, 14, 15, 15, 15, 15, 15, 15, 15, 15, 15, 15, 15, 15, 15, 15, 15, 15, 15, 15, 15, 15, 15, 15, 15, 15, 15, 15, 15, 15, 15, 15, 15, 15, 15, 15, 15, 15, 15, 15, 15, 15, -1, -1, -1, -1, -1, -1, -1, -1, -1, -1, -1, -1, -1, -1, -1, -1, -1, -1, -1, -1, -1, -1, -1, -1, -1, -1, -1, -1, -1, -1, -1, -1, -1, -1, -1, -1, -1, -1, -1, -1, -1, -1, -1, -1, -1, -1, -1, -1, -1, -1, -1, -1, -1, -1, -1, -1, -1, -1, -1, -1, -1, -1, -1, -1, -1, -1, -1, -1, -1, -1, -1, -1, -1, -1, -1, -1, -1, -1, -1, -1, -1, -1, -1, -1, -1, -1, -1, -1, -1, -1, -1, -1, -1, -1, -1, -1, -1, -1, -1, -1, -1, -1, -1, -1, -1, -1, -1, -1, -1, -1, -1, -1, -1, -1, -1, -1, -1, -1, -1, -1, -1, -1, -1, -1, -1, -1, -1, -1, -1, -1, -1, -1, -1, -1, -1, -1, -1, -1, -1, -1, -1, -1, -1, -1, -1, -1, -1, -1, -1, -1, -1, -1, -1, -1, -1, -1, -1, -1, -1, -1, -1, -1, -1, -1, -1, -1, -1, -1, -1, -1, -1, -1, -1, -1, -1, -1, -1, -1, -1, -1, -1, -1, -1, -1, -1, -1, -1, -1, -1, -1, -1, -1, -1, -1, -1, -1, -1, -1, -1, -1, -1, -1, -1, -1, -1, -1, -1, -1, -1, -1, -1, -1, -1, -1, -1, -1, -1, -1, -1, -1, -1, -1, -1, -1, -1, -1, -1, -1, -1, -1, -1, -1, -1, -1, -1, -1, -1, -1, -1, -1, -1, -1, -1, -1, -1, -1, -1, -1, -1, -1, -1, -1, -1, -1, -1, -1, -1, -1, -1, -1, -1, -1, -1, -1, -1, -1, -1, -1, -1, -1, -1, -1, -1, -1, -1, -1, -1, -1, -1, -1, -1, -1, -1, -1, -1, -1, -1, -1, -1, -1, -1, -1, -1, -1, -1, -1, -1, -1, -1, -1, -1, -1, -1, -1, -1, -1, -1, -1, -1, -1, -1, -1, -1, -1, -1, -1, -1, -1, -1, -1, -1, -1, -1, -1, -1, -1, -1, -1, -1, -1, -1, -1, -1, -1, -1, -1, -1, -1, -1, -1, -1, -1, -1, -1, -1, -1, -1, -1, -1, -1, -1, -1, -1, -1, -1, -1, -1, -1, -1, -1, -1, -1, -1, -1, -1, -1, -1, -1, -1, -1, -1, -1, -1, -1, -1, -1, -1, -1, -1, -1, -1, -1, -1, -1, -1, -1, -1, -1, -1, -1, -1, -1, -1, -1, -1, -1, -1, -1, -1, -1, -1, -1, -1, -1, -1, -1, -1, -1, -1, -1, -1, -1, -1, -1, -1, -1, -1, -1, -1, -1, -1, -1, -1, -1, -1, -1, -1, -1, -1, -1, -1, -1, -1, -1, -1, -1, -1, -1, -1, -1, -1, -1, -1, -1, -1, -1, -1, -1, -1, -1, -1, -1, -1, -1, -1, -1, -1, -1, -1, -1, -1, -1, -1, -1, -1, -1, -1, -1, -1, -1, -1, -1, -1, -1, -1, -1, -1, -1, -1, -1, -1, -1, -1, -1, -1, -1, -1, -1, -1, -1, -1, -1, -1, -1, -1, -1, -1, -1, -1, -1, -1, -1, -1, -1, -1, -1, -1, -1, -1, -1, -1, -1, -1, -1, -1, -1, -1, -1, -1, -1, -1, -1, -1, -1, -1, -1, -1, -1, -1, -1, -1, -1, -1, -1, -1, -1, -1, -1, -1, -1, -1, -1, -1, -1, -1, -1, -1, -1, -1, -1, -1, -1, -1, -1, -1, -1, -1, -1, -1, -1, -1, -1, -1, -1, -1, -1, -1, -1, -1, -1, -1, -1, -1, -1, -1, -1, -1, -1, -1, -1, -1, -1, -1, -1, -1, -1, -1, -1, -1, -1, -1, -1, -1, -1, -1, -1, -1, -1, -1, -1, -1, -1, -1, -1, -1, -1, -1, -1, -1, -1, -1, -1, -1, -1, -1, -1, -1, -1, -1, -1, -1, -1, -1, -1, -1, -1, -1, -1, -1, -1, -1, -1, -1, -1, -1, -1, -1, -1, -1, -1, -1, -1, -1, -1, -1, -1, -1, -1, -1, -1, -1, -1, -1, -1, -1, -1, -1, -1, -1, -1, -1, -1, -1, -1, -1, -1, -1, -1, -1, -1, -1, -1, -1, -1, -1, -1, -1, -1, -1, -1, -1, -1, -1, -1, -1, -1, -1, -1, -1, -1, -1, -1, -1, -1, -1, -1, -1, -1, -1, -1, -1, -1, -1, -1, -1, -1, -1, -1, -1, -1, -1, -1, -1, -1, -1, -1, -1, -1, -1, -1, -1, -1, -1, -1, -1, -1, -1, -1, -1, -1, -1, -1, -1, -1, -1, -1, -1, -1, -1, -1, -1, -1, -1, -1, -1, -1, -1, -1, -1, -1, -1, -1, -1, -1, -1, -1, -1, -1, -1, -1, -1, -1, -1, -1, -1, -1, -1, -1, -1, -1, -1, -1, -1, -1, -1, -1, -1, -1, -1, -1, -1, -1, -1, -1, -1, -1, -1, -1, -1, -1, -1, -1, -1, -1, -1, -1, -1, -1, -1, -1, -1, -1, -1, -1, -1, -1, -1, -1, -1, -1, -1, -1, -1, -1, -1, -1, -1, -1, -1, -1, -1, -1, -1, -1, -1, -1, -1, -1, -1, -1, -1, -1, -1, -1, -1, -1, -1, -1, -1, -1, -1, -1, -1, -1, -1, -1, -1, -1, -1, -1, -1, -1, -1, -1, -1, -1, -1, -1, -1, -1, -1, -1, -1, -1, -1, -1, -1, -1, -1, -1, -1, -1, -1, -1, -1, -1, -1, -1, -1, -1, -1, -1, 16, -1, 16, -1, -1, 16, -1, 16, -1, -1, 16, -1, 16, -1, -1, 16, -1, 16, -1, -1, 16, -1, 16, -1, -1, 16, -1, 16, -1, -1, 16, -1, 16, -1, -1, 16, -1, 16, -1, -1, 17, -1, 17, -1, -1, 17, -1, 17, -1, -1, 17, -1, 17, -1, -1, 17, -1, 17, -1, -1, 17, -1, 17, -1, -1, 17, -1, 17, -1, -1, 17, -1, 17, -1, -1, 17, -1, 17, -1, -1, 18, -1, 18, -1, -1, 18, -1, 18, -1, -1, 18, -1, 18, -1, -1, 18, -1, 18, -1, -1, 18, -1, 18, -1, -1, 18, -1, 18, -1, -1, 18, -1, 18, -1, -1, 18, -1, 18, -1, -1, 19, -1, 19, -1, -1, 19, -1, 19, -1, -1, 19, -1, 19, -1, -1, 19, -1, 19, -1, -1, 19, -1, 19, -1, -1, 19, -1, 19, -1, -1, 19, -1, 19, -1, -1, 19, -1, 19, -1, -1, 20, -1, 20, -1, -1, 20, -1, 20, -1, -1, 20, -1, 20, -1, -1, 20, -1, 20, -1, -1, 20, -1, 20, -1, -1, 20, -1, 20, -1, -1, 20, -1, 20, -1, -1, 20, -1, 20, -1, -1, 21, -1, 21, -1, -1, 21, -1, 21, -1, -1, 21, -1, 21, -1, -1, 21, -1, 21, -1, -1, 21, -1, 21, -1, -1, 21, -1, 21, -1, -1, 21, -1, 21, -1, -1, 21, -1, 21, -1, -1, 22, -1, 22, -1, -1, 22, -1, 22, -1, -1, 22, -1, 22, -1, -1, 22, -1, 22, -1, -1, 22, -1, 22, -1, -1, 22, -1, 22, -1, -1, 22, -1, 22, -1, -1, 22, -1, 22, -1, -1, 23, -1, 23, -1, -1, 23, -1, 23, -1, -1, 23, -1, 23, -1, -1, 23, -1, 23, -1, -1, 23, -1, 23, -1, -1, 23, -1, 23, -1, -1, 23, -1, 23, -1, -1, 23, -1, 23, 16, 16, 16, 16, 16, 16, 16, 16, 16, 16, 16, 16, 16, 16, 16, 16, 16, 16, 16, 16, 16, 16, 16, 16, 16, 16, 16, 16, 16, 16, 16, 16, 16, 16, 16, 16, 16, 16, 16, 16, 17, 17, 17, 17, 17, 17, 17, 17, 17, 17, 17, 17, 17, 17, 17, 17, 17, 17, 17, 17, 17, 17, 17, 17, 17, 17, 17, 17, 17, 17, 17, 17, 17, 17, 17, 17, 17, 17, 17, 17, 18, 18, 18, 18, 18, 18, 18, 18, 18, 18, 18, 18, 18, 18, 18, 18, 18, 18, 18, 18, 18, 18, 18, 18, 18, 18, 18, 18, 18, 18, 18, 18, 18, 18, 18, 18, 18, 18, 18, 18, 19, 19, 19, 19, 19, 19, 19, 19, 19, 19, 19, 19, 19, 19, 19, 19, 19, 19, 19, 19, 19, 19, 19, 19, 19, 19, 19, 19, 19, 19, 19, 19, 19, 19, 19, 19, 19, 19, 19, 19, 20, 20, 20, 20, 20, 20, 20, 20, 20, 20, 20, 20, 20, 20, 20, 20, 20, 20, 20, 20, 20, 20, 20, 20, 20, 20, 20, 20, 20, 20, 20, 20, 20, 20, 20, 20, 20, 20, 20, 20, 21, 21, 21, 21, 21, 21, 21, 21, 21, 21, 21, 21, 21, 21, 21, 21, 21, 21, 21, 21, 21, 21, 21, 21, 21, 21, 21, 21, 21, 21, 21, 21, 21, 21, 21, 21, 21, 21, 21, 21, 22, 22, 22, 22, 22, 22, 22, 22, 22, 22, 22, 22, 22, 22, 22, 22, 22, 22, 22, 22, 22, 22, 22, 22, 22, 22, 22, 22, 22, 22, 22, 22, 22, 22, 22, 22, 22, 22, 22, 22, 23, 23, 23, 23, 23, 23, 23, 23, 23, 23, 23, 23, 23, 23, 23, 23, 23, 23, 23, 23, 23, 23, 23, 23, 23, 23, 23, 23, 23, 23, 23, 23, 23, 23, 23, 23, 23, 23, 23, 23, 16, 16, 16, 16, 16, 16, 16, 16, 16, 16, 16, 16, 16, 16, 16, 16, 16, 16, 16, 16, 16, 16, 16, 16, 16, 16, 16, 16, 16, 16, 16, 16, 16, 16, 16, 16, 16, 16, 16, 16, 17, 17, 17, 17, 17, 17, 17, 17, 17, 17, 17, 17, 17, 17, 17, 17, 17, 17, 17, 17, 17, 17, 17, 17, 17, 17, 17, 17, 17, 17, 17, 17, 17, 17, 17, 17, 17, 17, 17, 17, 18, 18, 18, 18, 18, 18, 18, 18, 18, 18, 18, 18, 18, 18, 18, 18, 18, 18, 18, 18, 18, 18, 18, 18, 18, 18, 18, 18, 18, 18, 18, 18, 18, 18, 18, 18, 18, 18, 18, 18, 19, 19, 19, 19, 19, 19, 19, 19, 19, 19, 19, 19, 19, 19, 19, 19, 19, 19, 19, 19, 19, 19, 19, 19, 19, 19, 19, 19, 19, 19, 19, 19, 19, 19, 19, 19, 19, 19, 19, 19, 20, 20, 20, 20, 20, 20, 20, 20, 20, 20, 20, 20, 20, 20, 20, 20, 20, 20, 20, 20, 20, 20, 20, 20, 20, 20, 20, 20, 20, 20, 20, 20, 20, 20, 20, 20, 20, 20, 20, 20, 21, 21, 21, 21, 21, 21, 21, 21, 21, 21, 21, 21, 21, 21, 21, 21, 21, 21, 21, 21, 21, 21, 21, 21, 21, 21, 21, 21, 21, 21, 21, 21, 21, 21, 21, 21, 21, 21, 21, 21, 22, 22, 22, 22, 22, 22, 22, 22, 22, 22, 22, 22, 22, 22, 22, 22, 22, 22, 22, 22, 22, 22, 22, 22, 22, 22, 22, 22, 22, 22, 22, 22, 22, 22, 22, 22, 22, 22, 22, 22, 23, 23, 23, 23, 23, 23, 23, 23, 23, 23, 23, 23, 23, 23, 23, 23, 23, 23, 23, 23, 23, 23, 23, 23, 23, 23, 23, 23, 23, 23, 23, 23, 23, 23, 23, 23, 23, 23, 23, 23, -1, -1, -1, -1, -1, -1, -1, -1, -1, -1, -1, -1, -1, -1, -1, -1, -1, -1, -1, -1, -1, -1, -1, -1, -1, -1, -1, -1, -1, -1, -1, -1, -1, -1, -1, -1, -1, -1, -1, -1, -1, -1, -1, -1, -1, -1, -1, -1, -1, -1, -1, -1, -1, -1, -1, -1, -1, -1, -1, -1, -1, -1, -1, -1, -1, -1, -1, -1, -1, -1, -1, -1, -1, -1, -1, -1, -1, -1, -1, -1, -1, -1, -1, -1, -1, -1, -1, -1, -1, -1, -1, -1, -1, -1, -1, -1, -1, -1, -1, -1, -1, -1, -1, -1, -1, -1, -1, -1, -1, -1, -1, -1, -1, -1, -1, -1, -1, -1, -1, -1, -1, -1, -1, -1, -1, -1, -1, -1, -1, -1, -1, -1, -1, -1, -1, -1, -1, -1, -1, -1, -1, -1, -1, -1, -1, -1, -1, -1, -1, -1, -1, -1, -1, -1, -1, -1, -1, -1, -1, -1, -1, -1, -1, -1, -1, -1, -1, -1, -1, -1, -1, -1, -1, -1, -1, -1, -1, -1, -1, -1, -1, -1, -1, -1, -1, -1, -1, -1, -1, -1, -1, -1, -1, -1, -1, -1, -1, -1, -1, -1, -1, -1, -1, -1, -1, -1, -1, -1, -1, -1, -1, -1, -1, -1, -1, -1, -1, -1, -1, -1, -1, -1, -1, -1, -1, -1, -1, -1, -1, -1, -1, -1, -1, -1, -1, -1, -1, -1, -1, -1, -1, -1, -1, -1, -1, -1, -1, -1, -1, -1, -1, -1, -1, -1, -1, -1, -1, -1, -1, -1, -1, -1, -1, -1, -1, -1, -1, -1, -1, -1, -1, -1, -1, -1, -1, -1, -1, -1, -1, -1, -1, -1, -1, -1, -1, -1, -1, -1, -1, -1, -1, -1, -1, -1, -1, -1, -1, -1, -1, -1, -1, -1, -1, -1, -1, -1, -1, -1, -1, -1, -1, -1, -1, -1, -1, -1, -1, -1, -1, -1, -1, -1, -1, -1, -1, -1, -1, -1, -1, -1, -1, -1, -1, -1, -1, -1, -1, -1, -1, -1, -1, -1, -1, -1, -1, -1, -1, -1, -1, -1, -1, -1, -1, -1, -1, -1, -1, -1, -1, -1, -1, -1, -1, -1, -1, -1, -1, -1, -1, -1, -1, -1, -1, -1, -1, -1, -1, -1, -1, -1, -1, -1, -1, -1, -1, -1, -1, -1, -1, -1, -1, -1, -1, -1, -1, -1, -1, -1, -1, -1, -1, -1, -1, -1, -1, -1, -1, -1, -1, -1, -1, -1, -1, -1, -1, -1, -1, -1, -1, -1, -1, -1, -1, -1, -1, -1, -1, -1, -1, -1, -1, -1, -1, -1, -1, -1, -1, -1, -1, -1, -1, -1, -1, -1, -1, -1, -1, -1, -1, -1, -1, -1, -1, -1, -1, -1, -1, -1, -1, -1, -1, -1, -1, -1, -1, -1, -1, -1, -1, -1, -1, -1, -1, -1, -1, -1, -1, -1, -1, -1, -1, -1, -1, -1, -1, -1, -1, -1, -1, -1, -1, -1, -1, -1, -1, -1, -1, -1, -1, -1, -1, -1, -1, -1, -1, -1, -1, -1, -1, -1, -1, -1, -1, -1, -1, -1, -1, -1, -1, -1, -1, -1, -1, -1, -1, -1, -1, -1, -1, -1, -1, -1, -1, -1, -1, -1, -1, -1, -1, -1, -1, -1, -1, -1, -1, -1, -1, -1, -1, -1, -1, -1, -1, -1, -1, -1, -1, -1, -1, -1, -1, -1, -1, -1, -1, -1, -1, -1, -1, -1, -1, -1, -1, -1, -1, -1, -1, -1, -1, -1, -1, -1, -1, -1, -1, -1, -1, -1, -1, -1, -1, -1, -1, -1, -1, -1, -1, -1, -1, -1, -1, -1, -1, -1, -1, -1, -1, -1, -1, -1, -1, -1, -1, -1, -1, -1, -1, -1, -1, -1, -1, -1, -1, -1, -1, -1, -1, -1, -1, -1, -1, -1, -1, -1, -1, -1, -1, -1, -1, -1, -1, -1, -1, -1, -1, -1, -1, -1, -1, -1, -1, -1, -1, -1, -1, -1, -1, -1, -1, -1, -1, -1, -1, -1, -1, -1, -1, -1, -1, -1, -1, -1, -1, -1, -1, -1, -1, -1, -1, -1, -1, -1, -1, -1, -1, -1, -1, -1, -1, -1, -1, -1, -1, -1, -1, -1, -1, -1, -1, -1, -1, -1, -1, -1, -1, -1, -1, -1, -1, -1, -1, -1, -1, -1, -1, -1, -1, -1, -1, -1, -1, -1, -1, -1, -1, -1, -1, -1, -1, -1, -1, -1, -1, -1, -1, -1, -1, -1, -1, -1, -1, -1, -1, -1, -1, -1, -1, -1, -1, -1, -1, -1, -1, -1, -1, -1, -1, -1, -1, -1, -1, -1, -1, -1, -1, -1, -1, -1, -1, -1, -1, -1, -1, -1, -1, -1, -1, -1, -1, -1, -1, -1, -1, -1, -1, -1, -1, -1, -1, -1, -1, -1, -1, -1, -1, -1, -1, -1, -1, -1, -1, -1, -1, -1, -1, -1, -1, -1, -1, -1, -1, -1, -1, -1, -1, -1, -1, -1, -1, -1, -1, -1, -1, -1, -1, -1, -1, -1, -1, -1, -1, -1, -1, -1, -1, -1, -1, -1, -1, -1, -1, -1, -1, -1, -1, -1, -1, -1, -1, -1, -1, -1, -1, -1, -1, -1, -1, -1, -1, -1, -1, -1, -1, -1, -1, -1, -1, -1, -1, -1, -1, -1, -1, -1, -1, -1, -1, -1, -1, -1, -1, -1, 24, -1, 24, -1, -1, 24, -1, 24, -1, -1, 24, -1, 24, -1, -1, 24, -1, 24, -1, -1, 24, -1, 24, -1, -1, 24, -1, 24, -1, -1, 24, -1, 24, -1, -1, 24, -1, 24, -1, -1, 25, -1, 25, -1, -1, 25, -1, 25, -1, -1, 25, -1, 25, -1, -1, 25, -1, 25, -1, -1, 25, -1, 25, -1, -1, 25, -1, 25, -1, -1, 25, -1, 25, -1, -1, 25, -1, 25, -1, -1, 26, -1, 26, -1, -1, 26, -1, 26, -1, -1, 26, -1, 26, -1, -1, 26, -1, 26, -1, -1, 26, -1, 26, -1, -1, 26, -1, 26, -1, -1, 26, -1, 26, -1, -1, 26, -1, 26, -1, -1, 27, -1, 27, -1, -1, 27, -1, 27, -1, -1, 27, -1, 27, -1, -1, 27, -1, 27, -1, -1, 27, -1, 27, -1, -1, 27, -1, 27, -1, -1, 27, -1, 27, -1, -1, 27, -1, 27, -1, -1, 28, -1, 28, -1, -1, 28, -1, 28, -1, -1, 28, -1, 28, -1, -1, 28, -1, 28, -1, -1, 28, -1, 28, -1, -1, 28, -1, 28, -1, -1, 28, -1, 28, -1, -1, 28, -1, 28, -1, -1, 29, -1, 29, -1, -1, 29, -1, 29, -1, -1, 29, -1, 29, -1, -1, 29, -1, 29, -1, -1, 29, -1, 29, -1, -1, 29, -1, 29, -1, -1, 29, -1, 29, -1, -1, 29, -1, 29, -1, -1, 30, -1, 30, -1, -1, 30, -1, 30, -1, -1, 30, -1, 30, -1, -1, 30, -1, 30, -1, -1, 30, -1, 30, -1, -1, 30, -1, 30, -1, -1, 30, -1, 30, -1, -1, 30, -1, 30, -1, -1, 31, -1, 31, -1, -1, 31, -1, 31, -1, -1, 31, -1, 31, -1, -1, 31, -1, 31, -1, -1, 31, -1, 31, -1, -1, 31, -1, 31, -1, -1, 31, -1, 31, -1, -1, 31, -1, 31, 24, 24, 24, 24, 24, 24, 24, 24, 24, 24, 24, 24, 24, 24, 24, 24, 24, 24, 24, 24, 24, 24, 24, 24, 24, 24, 24, 24, 24, 24, 24, 24, 24, 24, 24, 24, 24, 24, 24, 24, 25, 25, 25, 25, 25, 25, 25, 25, 25, 25, 25, 25, 25, 25, 25, 25, 25, 25, 25, 25, 25, 25, 25, 25, 25, 25, 25, 25, 25, 25, 25, 25, 25, 25, 25, 25, 25, 25, 25, 25, 26, 26, 26, 26, 26, 26, 26, 26, 26, 26, 26, 26, 26, 26, 26, 26, 26, 26, 26, 26, 26, 26, 26, 26, 26, 26, 26, 26, 26, 26, 26, 26, 26, 26, 26, 26, 26, 26, 26, 26, 27, 27, 27, 27, 27, 27, 27, 27, 27, 27, 27, 27, 27, 27, 27, 27, 27, 27, 27, 27, 27, 27, 27, 27, 27, 27, 27, 27, 27, 27, 27, 27, 27, 27, 27, 27, 27, 27, 27, 27, 28, 28, 28, 28, 28, 28, 28, 28, 28, 28, 28, 28, 28, 28, 28, 28, 28, 28, 28, 28, 28, 28, 28, 28, 28, 28, 28, 28, 28, 28, 28, 28, 28, 28, 28, 28, 28, 28, 28, 28, 29, 29, 29, 29, 29, 29, 29, 29, 29, 29, 29, 29, 29, 29, 29, 29, 29, 29, 29, 29, 29, 29, 29, 29, 29, 29, 29, 29, 29, 29, 29, 29, 29, 29, 29, 29, 29, 29, 29, 29, 30, 30, 30, 30, 30, 30, 30, 30, 30, 30, 30, 30, 30, 30, 30, 30, 30, 30, 30, 30, 30, 30, 30, 30, 30, 30, 30, 30, 30, 30, 30, 30, 30, 30, 30, 30, 30, 30, 30, 30, 31, 31, 31, 31, 31, 31, 31, 31, 31, 31, 31, 31, 31, 31, 31, 31, 31, 31, 31, 31, 31, 31, 31, 31, 31, 31, 31, 31, 31, 31, 31, 31, 31, 31, 31, 31, 31, 31, 31, 31, 24, 24, 24, 24, 24, 24, 24, 24, 24, 24, 24, 24, 24, 24, 24, 24, 24, 24, 24, 24, 24, 24, 24, 24, 24, 24, 24, 24, 24, 24, 24, 24, 24, 24, 24, 24, 24, 24, 24, 24, 25, 25, 25, 25, 25, 25, 25, 25, 25, 25, 25, 25, 25, 25, 25, 25, 25, 25, 25, 25, 25, 25, 25, 25, 25, 25, 25, 25, 25, 25, 25, 25, 25, 25, 25, 25, 25, 25, 25, 25, 26, 26, 26, 26, 26, 26, 26, 26, 26, 26, 26, 26, 26, 26, 26, 26, 26, 26, 26, 26, 26, 26, 26, 26, 26, 26, 26, 26, 26, 26, 26, 26, 26, 26, 26, 26, 26, 26, 26, 26, 27, 27, 27, 27, 27, 27, 27, 27, 27, 27, 27, 27, 27, 27, 27, 27, 27, 27, 27, 27, 27, 27, 27, 27, 27, 27, 27, 27, 27, 27, 27, 27, 27, 27, 27, 27, 27, 27, 27, 27, 28, 28, 28, 28, 28, 28, 28, 28, 28, 28, 28, 28, 28, 28, 28, 28, 28, 28, 28, 28, 28, 28, 28, 28, 28, 28, 28, 28, 28, 28, 28, 28, 28, 28, 28, 28, 28, 28, 28, 28, 29, 29, 29, 29, 29, 29, 29, 29, 29, 29, 29, 29, 29, 29, 29, 29, 29, 29, 29, 29, 29, 29, 29, 29, 29, 29, 29, 29, 29, 29, 29, 29, 29, 29, 29, 29, 29, 29, 29, 29, 30, 30, 30, 30, 30, 30, 30, 30, 30, 30, 30, 30, 30, 30, 30, 30, 30, 30, 30, 30, 30, 30, 30, 30, 30, 30, 30, 30, 30, 30, 30, 30, 30, 30, 30, 30, 30, 30, 30, 30, 31, 31, 31, 31, 31, 31, 31, 31, 31, 31, 31, 31, 31, 31, 31, 31, 31, 31, 31, 31, 31, 31, 31, 31, 31, 31, 31, 31, 31, 31, 31, 31, 31, 31, 31, 31, 31, 31, 31, 31, -1, -1, -1, -1, -1, -1, -1, -1, -1, -1, -1, -1, -1, -1, -1, -1, -1, -1, -1, -1, -1, -1, -1, -1, -1, -1, -1, -1, -1, -1, -1, -1, -1, -1, -1, -1, -1, -1, -1, -1, -1, -1, -1, -1, -1, -1, -1, -1, -1, -1, -1, -1, -1, -1, -1, -1, -1, -1, -1, -1, -1, -1, -1, -1, -1, -1, -1, -1, -1, -1, -1, -1, -1, -1, -1, -1, -1, -1, -1, -1, -1, -1, -1, -1, -1, -1, -1, -1, -1, -1, -1, -1, -1, -1, -1, -1, -1, -1, -1, -1, -1, -1, -1, -1, -1, -1, -1, -1, -1, -1, -1, -1, -1, -1, -1, -1, -1, -1, -1, -1, -1, -1, -1, -1, -1, -1, -1, -1, -1, -1, -1, -1, -1, -1, -1, -1, -1, -1, -1, -1, -1, -1, -1, -1, -1, -1, -1, -1, -1, -1, -1, -1, -1, -1, -1, -1, -1, -1, -1, -1, -1, -1, -1, -1, -1, -1, -1, -1, -1, -1, -1, -1, -1, -1, -1, -1, -1, -1, -1, -1, -1, -1, -1, -1, -1, -1, -1, -1, -1, -1, -1, -1, -1, -1, -1, -1, -1, -1, -1, -1, -1, -1, -1, -1, -1, -1, -1, -1, -1, -1, -1, -1, -1, -1, -1, -1, -1, -1, -1, -1, -1, -1, -1, -1, -1, -1, -1, -1, -1, -1, -1, -1, -1, -1, -1, -1, -1, -1, -1, -1, -1, -1, -1, -1, -1, -1, -1, -1, -1, -1, -1, -1, -1, -1, -1, -1, -1, -1, -1, -1, -1, -1, -1, -1, -1, -1, -1, -1, -1, -1, -1, -1, -1, -1, -1, -1, -1, -1, -1, -1, -1, -1, -1, -1, -1, -1, -1, -1, -1, -1, -1, -1, -1, -1, -1, -1, -1, -1, -1, -1, -1, -1, -1, -1, -1, -1, -1, -1, -1, -1, -1, -1, -1, -1, -1, -1, -1, -1, -1, -1, -1, -1, -1, -1, -1, -1, -1, -1, -1, -1, -1, -1, -1, -1, -1, -1, -1, -1, -1, -1, -1, -1, -1, -1, -1, -1, -1, -1, -1, -1, -1, -1, -1, -1, -1, -1, -1, -1, -1, -1, -1, -1, -1, -1, -1, -1, -1, -1, -1, -1, -1, -1, -1, -1, -1, -1, -1, -1, -1, -1, -1, -1, -1, -1, -1, -1, -1, -1, -1, -1, -1, -1, -1, -1, -1, -1, -1, -1, -1, -1, -1, -1, -1, -1, -1, -1, -1, -1, -1, -1, -1, -1, -1, -1, -1, -1, -1, -1, -1, -1, -1, -1, -1, -1, -1, -1, -1, -1, -1, -1, -1, -1, -1, -1, -1, -1, -1, -1, -1, -1, -1, -1, -1, -1, -1, -1, -1, -1, -1, -1, -1, -1, -1, -1, -1, -1, -1, -1, -1, -1, -1, -1, -1, -1, -1, -1, -1, -1, -1, -1, -1, -1, -1, -1, -1, -1, -1, -1, -1, -1, -1, -1, -1, -1, -1, -1, -1, -1, -1, -1, -1, -1, -1, -1, -1, -1, -1, -1, -1, -1, -1, -1, -1, -1, -1, -1, -1, -1, -1, -1, -1, -1, -1, -1, -1, -1, -1, -1, -1, -1, -1, -1, -1, -1, -1, -1, -1, -1, -1, -1, -1, -1, -1, -1, -1, -1, -1, -1, -1, -1, -1, -1, -1, -1, -1, -1, -1, -1, -1, -1, -1, -1, -1, -1, -1, -1, -1, -1, -1, -1, -1, -1, -1, -1, -1, -1, -1, -1, -1, -1, -1, -1, -1, -1, -1, -1, -1, -1, -1, -1, -1, -1, -1, -1, -1, -1, -1, -1, -1, -1, -1, -1, -1, -1, -1, -1, -1, -1, -1, -1, -1, -1, -1, -1, -1, -1, -1, -1, -1, -1, -1, -1, -1, -1, -1, -1, -1, -1, -1, -1, -1, -1, -1, -1, -1, -1, -1, -1, -1, -1, -1, -1, -1, -1, -1, -1, -1, -1, -1, -1, -1, -1, -1, -1, -1, -1, -1, -1, -1, -1, -1, -1, -1, -1, -1, -1, -1, -1, -1, -1, -1, -1, -1, -1, -1, -1, -1, -1, -1, -1, -1, -1, -1, -1, -1, -1, -1, -1, -1, -1, -1, -1, -1, -1, -1, -1, -1, -1, -1, -1, -1, -1, -1, -1, -1, -1, -1, -1, -1, -1, -1, -1, -1, -1, -1, -1, -1, -1, -1, -1, -1, -1, -1, -1, -1, -1, -1, -1, -1, -1, -1, -1, -1, -1, -1, -1, -1, -1, -1, -1, -1, -1, -1, -1, -1, -1, -1, -1, -1, -1, -1, -1, -1, -1, -1, -1, -1, -1, -1, -1, -1, -1, -1, -1, -1, -1, -1, -1, -1, -1, -1, -1, -1, -1, -1, -1, -1, -1, -1, -1, -1, -1, -1, -1, -1, -1, -1, -1, -1, -1, -1, -1, -1, -1, -1, -1, -1, -1, -1, -1, -1, -1, -1, -1, -1, -1, -1, -1, -1, -1, -1, -1, -1, -1, -1, -1, -1, -1, -1, -1, -1, -1, -1, -1, -1, -1, -1, -1, -1, -1, -1, -1, -1, -1, -1, -1, -1, -1, -1, -1, -1, -1, -1, -1, -1, -1, -1, -1, -1, -1, -1, -1, -1, -1, -1, -1, -1, -1, -1, -1, -1, -1, -1, -1, -1, -1, -1, -1, -1, -1, -1, -1, -1, -1, -1, -1, -1, -1, -1, -1, -1, -1, -1, -1, -1, -1, -1, -1, -1, -1, -1, -1, 32, -1, 32, -1, -1, 32, -1, 32, -1, -1, 32, -1, 32, -1, -1, 32, -1, 32, -1, -1, 32, -1, 32, -1, -1, 32, -1, 32, -1, -1, 32, -1, 32, -1, -1, 32, -1, 32, -1, -1, 33, -1, 33, -1, -1, 33, -1, 33, -1, -1, 33, -1, 33, -1, -1, 33, -1, 33, -1, -1, 33, -1, 33, -1, -1, 33, -1, 33, -1, -1, 33, -1, 33, -1, -1, 33, -1, 33, -1, -1, 34, -1, 34, -1, -1, 34, -1, 34, -1, -1, 34, -1, 34, -1, -1, 34, -1, 34, -1, -1, 34, -1, 34, -1, -1, 34, -1, 34, -1, -1, 34, -1, 34, -1, -1, 34, -1, 34, -1, -1, 35, -1, 35, -1, -1, 35, -1, 35, -1, -1, 35, -1, 35, -1, -1, 35, -1, 35, -1, -1, 35, -1, 35, -1, -1, 35, -1, 35, -1, -1, 35, -1, 35, -1, -1, 35, -1, 35, -1, -1, 36, -1, 36, -1, -1, 36, -1, 36, -1, -1, 36, -1, 36, -1, -1, 36, -1, 36, -1, -1, 36, -1, 36, -1, -1, 36, -1, 36, -1, -1, 36, -1, 36, -1, -1, 36, -1, 36, -1, -1, 37, -1, 37, -1, -1, 37, -1, 37, -1, -1, 37, -1, 37, -1, -1, 37, -1, 37, -1, -1, 37, -1, 37, -1, -1, 37, -1, 37, -1, -1, 37, -1, 37, -1, -1, 37, -1, 37, -1, -1, 38, -1, 38, -1, -1, 38, -1, 38, -1, -1, 38, -1, 38, -1, -1, 38, -1, 38, -1, -1, 38, -1, 38, -1, -1, 38, -1, 38, -1, -1, 38, -1, 38, -1, -1, 38, -1, 38, -1, -1, 39, -1, 39, -1, -1, 39, -1, 39, -1, -1, 39, -1, 39, -1, -1, 39, -1, 39, -1, -1, 39, -1, 39, -1, -1, 39, -1, 39, -1, -1, 39, -1, 39, -1, -1, 39, -1, 39, 32, 32, 32, 32, 32, 32, 32, 32, 32, 32, 32, 32, 32, 32, 32, 32, 32, 32, 32, 32, 32, 32, 32, 32, 32, 32, 32, 32, 32, 32, 32, 32, 32, 32, 32, 32, 32, 32, 32, 32, 33, 33, 33, 33, 33, 33, 33, 33, 33, 33, 33, 33, 33, 33, 33, 33, 33, 33, 33, 33, 33, 33, 33, 33, 33, 33, 33, 33, 33, 33, 33, 33, 33, 33, 33, 33, 33, 33, 33, 33, 34, 34, 34, 34, 34, 34, 34, 34, 34, 34, 34, 34, 34, 34, 34, 34, 34, 34, 34, 34, 34, 34, 34, 34, 34, 34, 34, 34, 34, 34, 34, 34, 34, 34, 34, 34, 34, 34, 34, 34, 35, 35, 35, 35, 35, 35, 35, 35, 35, 35, 35, 35, 35, 35, 35, 35, 35, 35, 35, 35, 35, 35, 35, 35, 35, 35, 35, 35, 35, 35, 35, 35, 35, 35, 35, 35, 35, 35, 35, 35, 36, 36, 36, 36, 36, 36, 36, 36, 36, 36, 36, 36, 36, 36, 36, 36, 36, 36, 36, 36, 36, 36, 36, 36, 36, 36, 36, 36, 36, 36, 36, 36, 36, 36, 36, 36, 36, 36, 36, 36, 37, 37, 37, 37, 37, 37, 37, 37, 37, 37, 37, 37, 37, 37, 37, 37, 37, 37, 37, 37, 37, 37, 37, 37, 37, 37, 37, 37, 37, 37, 37, 37, 37, 37, 37, 37, 37, 37, 37, 37, 38, 38, 38, 38, 38, 38, 38, 38, 38, 38, 38, 38, 38, 38, 38, 38, 38, 38, 38, 38, 38, 38, 38, 38, 38, 38, 38, 38, 38, 38, 38, 38, 38, 38, 38, 38, 38, 38, 38, 38, 39, 39, 39, 39, 39, 39, 39, 39, 39, 39, 39, 39, 39, 39, 39, 39, 39, 39, 39, 39, 39, 39, 39, 39, 39, 39, 39, 39, 39, 39, 39, 39, 39, 39, 39, 39, 39, 39, 39, 39, 32, 32, 32, 32, 32, 32, 32, 32, 32, 32, 32, 32, 32, 32, 32, 32, 32, 32, 32, 32, 32, 32, 32, 32, 32, 32, 32, 32, 32, 32, 32, 32, 32, 32, 32, 32, 32, 32, 32, 32, 33, 33, 33, 33, 33, 33, 33, 33, 33, 33, 33, 33, 33, 33, 33, 33, 33, 33, 33, 33, 33, 33, 33, 33, 33, 33, 33, 33, 33, 33, 33, 33, 33, 33, 33, 33, 33, 33, 33, 33, 34, 34, 34, 34, 34, 34, 34, 34, 34, 34, 34, 34, 34, 34, 34, 34, 34, 34, 34, 34, 34, 34, 34, 34, 34, 34, 34, 34, 34, 34, 34, 34, 34, 34, 34, 34, 34, 34, 34, 34, 35, 35, 35, 35, 35, 35, 35, 35, 35, 35, 35, 35, 35, 35, 35, 35, 35, 35, 35, 35, 35, 35, 35, 35, 35, 35, 35, 35, 35, 35, 35, 35, 35, 35, 35, 35, 35, 35, 35, 35, 36, 36, 36, 36, 36, 36, 36, 36, 36, 36, 36, 36, 36, 36, 36, 36, 36, 36, 36, 36, 36, 36, 36, 36, 36, 36, 36, 36, 36, 36, 36, 36, 36, 36, 36, 36, 36, 36, 36, 36, 37, 37, 37, 37, 37, 37, 37, 37, 37, 37, 37, 37, 37, 37, 37, 37, 37, 37, 37, 37, 37, 37, 37, 37, 37, 37, 37, 37, 37, 37, 37, 37, 37, 37, 37, 37, 37, 37, 37, 37, 38, 38, 38, 38, 38, 38, 38, 38, 38, 38, 38, 38, 38, 38, 38, 38, 38, 38, 38, 38, 38, 38, 38, 38, 38, 38, 38, 38, 38, 38, 38, 38, 38, 38, 38, 38, 38, 38, 38, 38, 39, 39, 39, 39, 39, 39, 39, 39, 39, 39, 39, 39, 39, 39, 39, 39, 39, 39, 39, 39, 39, 39, 39, 39, 39, 39, 39, 39, 39, 39, 39, 39, 39, 39, 39, 39, 39, 39, 39, 39, -1, -1, -1, -1, -1, -1, -1, -1, -1, -1, -1, -1, -1, -1, -1, -1, -1, -1, -1, -1, -1, -1, -1, -1, -1, -1, -1, -1, -1, -1, -1, -1, -1, -1, -1, -1, -1, -1, -1, -1, -1, -1, -1, -1, -1, -1, -1, -1, -1, -1, -1, -1, -1, -1, -1, -1, -1, -1, -1, -1, -1, -1, -1, -1, -1, -1, -1, -1, -1, -1, -1, -1, -1, -1, -1, -1, -1, -1, -1, -1, -1, -1, -1, -1, -1, -1, -1, -1, -1, -1, -1, -1, -1, -1, -1, -1, -1, -1, -1, -1, -1, -1, -1, -1, -1, -1, -1, -1, -1, -1, -1, -1, -1, -1, -1, -1, -1, -1, -1, -1, -1, -1, -1, -1, -1, -1, -1, -1, -1, -1, -1, -1, -1, -1, -1, -1, -1, -1, -1, -1, -1, -1, -1, -1, -1, -1, -1, -1, -1, -1, -1, -1, -1, -1, -1, -1, -1, -1, -1, -1, -1, -1, -1, -1, -1, -1, -1, -1, -1, -1, -1, -1, -1, -1, -1, -1, -1, -1, -1, -1, -1, -1, -1, -1, -1, -1, -1, -1, -1, -1, -1, -1, -1, -1, -1, -1, -1, -1, -1, -1, -1, -1, -1, -1, -1, -1, -1, -1, -1, -1, -1, -1, -1, -1, -1, -1, -1, -1, -1, -1, -1, -1, -1, -1, -1, -1, -1, -1, -1, -1, -1, -1, -1, -1, -1, -1, -1, -1, -1, -1]
            double[] torque_directions = [1, -6.123234262925839e-17, 0, 0.30901700258255005, 0.9510565400123596, 0, -0.80901700258255, 0.5877852439880371, 0, -0.80901700258255, -0.5877852439880371, 0, 0.30901700258255005, -0.9510565400123596, 0]
            int torque_directions_cols = 3
        }
        dictionary contact_params = {
            double max_edge_length = 0.12139220873286224
            double min_edge_length = 0.024999998058954833
            double particle_radius = 0.012499999029477417
            double self_contact_radius = 0.2427844174657245
        }
        dictionary finger_skeletons = {
            double[] arc_lengths = [0, 0.30000001192092896, 0.6000000238418579, 0.9000000357627869, 1.2000000476837158, 1.5, 0, 0.29999998211860657, 0.5999999642372131, 0.8999999761581421, 1.1999999284744263, 1.4999998807907104, 0, 0.29999998211860657, 0.5999999642372131, 0.8999999761581421, 1.1999999284744263, 1.4999998807907104, 0, 0.29999998211860657, 0.5999999642372131, 0.8999999761581421, 1.1999999284744263, 1.4999998807907104, 0, 0.29999998211860657, 0.5999999642372131, 0.8999999761581421, 1.1999999284744263, 1.4999998807907104]
            double[] axis_end = [1.0449037480253961e-16, 1.706457257270813, 0, -1.6229373216629028, 0.5273243188858032, 0, -1.0030304193496704, -1.380552887916565, 0, 1.0030304193496704, -1.380552887916565, 0, 1.6229373216629028, 0.5273243188858032, 0]
            double[] axis_start = [1.2641862513013251e-17, 0.20645728707313538, 0, -0.19635255634784698, 0.06379880756139755, 0, -0.12135254591703415, -0.16702745854854584, 0, 0.12135254591703415, -0.16702745854854584, 0, 0.19635255634784698, 0.06379880756139755, 0]
            double[] bary_weights = [0.75, 0.25, 0.25, -0.25, 0, 0.2999996244907379, 0.20000037550926208, 0.5, 0.5500001907348633, 0.05000019073486328, 0.4499998092651367, -0.05000019073486328, -0.05000050738453865, 0.44999948143959045, 0.5500004887580872, 0.05000050738453865, 0.19999949634075165, -1.1102230246251565e-15, 0.5, 0.30000051856040955, 2.4424906541753444e-15, 0.5, -2.7562485984972823e-15, 0.5, 0.75, 0.2500000298023224, 0.2499999701976776, -0.2500000298023224, 0.3000001311302185, 2.229339628456728e-7, 0.19999966025352478, 0.5, 0.5500002503395081, 0.05000051110982895, -0.05000026151537895, 0.44999948143959045, -0.050000179558992386, 0.44999969005584717, 0.5500001907348633, 0.05000031739473343, 0.19999970495700836, -1.2851567987581802e-7, 0.5, 0.3000004291534424, 0, 0.5, 0, 0.5, 0.75, 0.2500000298023224, 0.2499999701976776, -0.25, 0.29999980330467224, 2.6872871217165084e-7, 0.19999991357326508, 0.5, 0.5500000715255737, 0.050000276416540146, -0.05000007897615433, 0.44999971985816956, -0.05000004544854164, 0.44999977946281433, 0.050000209361314774, 0.5500000715255737, 0.20000053942203522, 0.29999876022338867, 0.5, 6.891449970680696e-7, 0, 0.5, -4.703842955238332e-17, 0.5, 0.75, 0.2500000298023224, -0.25, 0.2499999701976776, 2.6872871217165084e-7, 0.29999980330467224, 0.19999991357326508, 0.5, 0.5500000715255737, 0.050000276416540146, 0.44999971985816956, -0.05000007897615433, -0.05000004544854164, 0.44999977946281433, 0.5500000715255737, 0.050000209361314774, 0.20000053942203522, 6.891449970680696e-7, 0.5, 0.29999876022338867, 0.5, -0, -0, 0.5, 0.75, 0.2500000298023224, -0.2500000298023224, 0.2499999701976776, 2.229339628456728e-7, 0.3000001311302185, 0.19999966025352478, 0.5, 0.5500002503395081, 0.05000051110982895, 0.44999948143959045, -0.05000026151537895, -0.050000179558992386, 0.44999969005584717, 0.05000031739473343, 0.5500001907348633, 0.19999970495700836, 0.3000004291534424, 0.5, -1.2851567987581802e-7, 0, 0.5, 0, 0.5]
            int[] finger_id = [0, 0, 0, 0, 0, 0, 1, 1, 1, 1, 1, 1, 2, 2, 2, 2, 2, 2, 3, 3, 3, 3, 3, 3, 4, 4, 4, 4, 4, 4]
            int[] keypoint_index = [0, 1, 2, 3, 4, 5, 0, 1, 2, 3, 4, 5, 0, 1, 2, 3, 4, 5, 0, 1, 2, 3, 4, 5, 0, 1, 2, 3, 4, 5]
            int num_fingers = 5
            int num_keypoints_per_finger = 6
            double[] radii = [0.15000000596046448, 0.15000000596046448, 0.15000000596046448, 0.15000000596046448, 0.15000000596046448, 0.14488884806632996, 0.14999999105930328, 0.15000000596046448, 0.14999999105930328, 0.14999999105930328, 0.14999999105930328, 0.14488884806632996, 0.14999999105930328, 0.1499999761581421, 0.15000000596046448, 0.14999999105930328, 0.1499999463558197, 0.14488884806632996, 0.14999999105930328, 0.1499999761581421, 0.15000000596046448, 0.14999999105930328, 0.1499999463558197, 0.14488884806632996, 0.14999999105930328, 0.15000000596046448, 0.14999999105930328, 0.14999999105930328, 0.14999999105930328, 0.14488884806632996]
            double[] rest_positions = [1.2641862513013251e-17, 0.20645728707313538, 0, 3.1011563647429544e-17, 0.5064573287963867, 0, 4.938126643620706e-17, 0.8064572811126709, 0, 6.775097584242948e-17, 1.1064573526382446, 0, 8.61206720137621e-17, 1.4064573049545288, 0, 1.0449037480253961e-16, 1.706457257270813, 0, -0.19635255634784698, 0.06379880756139755, 0, -0.48166948556900024, 0.15650391578674316, 0, -0.7669864296913147, 0.24920901656150818, 0, -1.052303433418274, 0.3419141173362732, 0, -1.3376203775405884, 0.4346192181110382, 0, -1.6229373216629028, 0.5273243188858032, 0, -0.12135254591703415, -0.16702745854854584, 0, -0.2976881265640259, -0.40973255038261414, 0, -0.474023699760437, -0.6524376273155212, 0, -0.6503592729568481, -0.8951427340507507, 0, -0.8266948461532593, -1.1378477811813354, 0, -1.0030304193496704, -1.380552887916565, 0, 0.12135254591703415, -0.16702745854854584, 0, 0.2976881265640259, -0.40973255038261414, 0, 0.474023699760437, -0.6524376273155212, 0, 0.6503592729568481, -0.8951427340507507, 0, 0.8266948461532593, -1.1378477811813354, 0, 1.0030304193496704, -1.380552887916565, 0, 0.19635255634784698, 0.06379880756139755, 0, 0.48166948556900024, 0.15650391578674316, 0, 0.7669864296913147, 0.24920901656150818, 0, 1.052303433418274, 0.3419141173362732, 0, 1.3376203775405884, 0.4346192181110382, 0, 1.6229373216629028, 0.5273243188858032, 0]
            int[] tet_indices = [1945, 2006, 2065, 2125, 2188, 3005, 3785, 3851, 3910, 3965, 4028, 4845, 5625, 5691, 5750, 5810, 5873, 6685, 7470, 7526, 7585, 7645, 7708, 8522, 9310, 9366, 9425, 9490, 9553, 10359]
        }
        dictionary gen_params = {
            string architecture = "plate_gripper"
            dictionary config = {
                double base_angle_deg = 90
                dictionary cap = {
                    int n_angular = 6
                }
                string chamber_half = "top"
                bool debug_stages = 1
                int fingers = 5
                double height = 0.3
                dictionary hub = {
                    double glue_epsilon = 0.000001
                    int n_edge = 1
                    int n_height = 1
                }
                double length = 1.5
                string name = "gripper_5f"
                int num_chambers = 8
                dictionary spline = {
                    int num_keypoints = 6
                }
                int subdivisions_height = 5
                int subdivisions_length = 16
                int subdivisions_radial = 3
                int subdivisions_width = 4
                double weld_epsilon = 0.000001
                double width = 0.3
            }
            dictionary counts = {
                int glue_pairs = 12
                int num_chambers = 40
                int rigid_tris = 20
                int rigid_verts = 12
                int soft_tets = 10500
                int soft_verts = 3066
            }
            string generator = "newton-mesh-tools/scripts/generate_assets.py"
        }
    }
)
{
    point3f[] points = [(0, 0, -0.15), (0, 0, -0.09), (0.05, 0.0688191, -0.15), (0.05, 0.0688191, -0.09), (0.025, 0.0688191, -0.15), (0.025, 0.0688191, -0.09), (1.3877788e-17, 0.0688191, -0.15), (1.3877788e-17, 0.0688191, -0.09), (-0.025, 0.0688191, -0.15), (-0.025, 0.0688191, -0.09), (-0.05, 0.0688191, -0.15), (-0.05, 0.0688191, -0.09), (0.1, 0.1376382, -0.15), (0.1, 0.1376382, -0.09), (0.05, 0.1376382, -0.15), (0.05, 0.1376382, -0.09), (2.7755576e-17, 0.1376382, -0.15), (2.7755576e-17, 0.1376382, -0.09), (-0.05, 0.1376382, -0.15), (-0.05, 0.1376382, -0.09), (-0.1, 0.1376382, -0.15), (-0.1, 0.1376382, -0.09), (0.15, 0.20645729, -0.15), (0.15, 0.20645729, -0.09), (0.075, 0.20645729, -0.15), (0.075, 0.20645729, -0.09), (4.1633363e-17, 0.20645729, -0.15), (4.1633363e-17, 0.20645729, -0.09), (-0.075, 0.20645729, -0.15), (-0.075, 0.20645729, -0.09), (-0.15, 0.20645729, -0.15), (-0.15, 0.20645729, -0.09), (0, 0, -0.03), (0.05, 0.0688191, -0.03), (0.025, 0.0688191, -0.03), (1.3877788e-17, 0.0688191, -0.03), (-0.025, 0.0688191, -0.03), (-0.05, 0.0688191, -0.03), (0.1, 0.1376382, -0.03), (0.05, 0.1376382, -0.03), (2.7755576e-17, 0.1376382, -0.03), (-0.05, 0.1376382, -0.03), (-0.1, 0.1376382, -0.03), (0.15, 0.20645729, -0.03), (0.075, 0.20645729, -0.03), (4.1633363e-17, 0.20645729, -0.03), (-0.075, 0.20645729, -0.03), (-0.15, 0.20645729, -0.03), (0, 0, 0.03), (0.05, 0.0688191, 0.03), (0.025, 0.0688191, 0.03), (1.3877788e-17, 0.0688191, 0.03), (-0.025, 0.0688191, 0.03), (-0.05, 0.0688191, 0.03), (0.1, 0.1376382, 0.03), (0.05, 0.1376382, 0.03), (2.7755576e-17, 0.1376382, 0.03), (-0.05, 0.1376382, 0.03), (-0.1, 0.1376382, 0.03), (0.15, 0.20645729, 0.03), (0.075, 0.20645729, 0.03), (4.1633363e-17, 0.20645729, 0.03), (-0.075, 0.20645729, 0.03), (-0.15, 0.20645729, 0.03), (0, 0, 0.09), (0.05, 0.0688191, 0.09), (0.025, 0.0688191, 0.09), (1.3877788e-17, 0.0688191, 0.09), (-0.025, 0.0688191, 0.09), (-0.05, 0.0688191, 0.09), (0.1, 0.1376382, 0.09), (0.05, 0.1376382, 0.09), (2.7755576e-17, 0.1376382, 0.09), (-0.05, 0.1376382, 0.09), (-0.1, 0.1376382, 0.09), (0.15, 0.20645729, 0.09), (0.075, 0.20645729, 0.09), (4.1633363e-17, 0.20645729, 0.09), (-0.075, 0.20645729, 0.09), (-0.15, 0.20645729, 0.09), (0, 0, 0.15), (0.05, 0.0688191, 0.15), (0.025, 0.0688191, 0.15), (1.3877788e-17, 0.0688191, 0.15), (-0.025, 0.0688191, 0.15), (-0.05, 0.0688191, 0.15), (0.1, 0.1376382, 0.15), (0.05, 0.1376382, 0.15), (2.7755576e-17, 0.1376382, 0.15), (-0.05, 0.1376382, 0.15), (-0.1, 0.1376382, 0.15), (0.15, 0.20645729, 0.15), (0.075, 0.20645729, 0.15), (4.1633363e-17, 0.20645729, 0.15), (-0.075, 0.20645729, 0.15), (-0.15, 0.20645729, 0.15), (-0.057725426, 0.045042682, -0.15), (-0.057725426, 0.045042682, -0.09), (-0.06545085, 0.02126627, -0.15), (-0.06545085, 0.02126627, -0.09), (-0.07317627, -0.0025101427, -0.15), (-0.07317627, -0.0025101427, -0.09), (-0.0809017, -0.026286555, -0.15), (-0.0809017, -0.026286555, -0.09), (-0.11545085, 0.090085365, -0.15), (-0.11545085, 0.090085365, -0.09), (-0.1309017, 0.04253254, -0.15), (-0.1309017, 0.04253254, -0.09), (-0.14635254, -0.0050202855, -0.15), (-0.14635254, -0.0050202855, -0.09), (-0.1618034, -0.05257311, -0.15), (-0.1618034, -0.05257311, -0.09), (-0.17317627, 0.13512805, -0.15), (-0.17317627, 0.13512805, -0.09), (-0.19635256, 0.06379881, -0.15), (-0.19635256, 0.06379881, -0.09), (-0.21952882, -0.007530428, -0.15), (-0.21952882, -0.007530428, -0.09), (-0.24270509, -0.078859664, -0.15), (-0.24270509, -0.078859664, -0.09), (-0.057725426, 0.045042682, -0.03), (-0.06545085, 0.02126627, -0.03), (-0.07317627, -0.0025101427, -0.03), (-0.0809017, -0.026286555, -0.03), (-0.11545085, 0.090085365, -0.03), (-0.1309017, 0.04253254, -0.03), (-0.14635254, -0.0050202855, -0.03), (-0.1618034, -0.05257311, -0.03), (-0.17317627, 0.13512805, -0.03), (-0.19635256, 0.06379881, -0.03), (-0.21952882, -0.007530428, -0.03), (-0.24270509, -0.078859664, -0.03), (-0.057725426, 0.045042682, 0.03), (-0.06545085, 0.02126627, 0.03), (-0.07317627, -0.0025101427, 0.03), (-0.0809017, -0.026286555, 0.03), (-0.11545085, 0.090085365, 0.03), (-0.1309017, 0.04253254, 0.03), (-0.14635254, -0.0050202855, 0.03), (-0.1618034, -0.05257311, 0.03), (-0.17317627, 0.13512805, 0.03), (-0.19635256, 0.06379881, 0.03), (-0.21952882, -0.007530428, 0.03), (-0.24270509, -0.078859664, 0.03), (-0.057725426, 0.045042682, 0.09), (-0.06545085, 0.02126627, 0.09), (-0.07317627, -0.0025101427, 0.09), (-0.0809017, -0.026286555, 0.09), (-0.11545085, 0.090085365, 0.09), (-0.1309017, 0.04253254, 0.09), (-0.14635254, -0.0050202855, 0.09), (-0.1618034, -0.05257311, 0.09), (-0.17317627, 0.13512805, 0.09), (-0.19635256, 0.06379881, 0.09), (-0.21952882, -0.007530428, 0.09), (-0.24270509, -0.078859664, 0.09), (-0.057725426, 0.045042682, 0.15), (-0.06545085, 0.02126627, 0.15), (-0.07317627, -0.0025101427, 0.15), (-0.0809017, -0.026286555, 0.15), (-0.11545085, 0.090085365, 0.15), (-0.1309017, 0.04253254, 0.15), (-0.14635254, -0.0050202855, 0.15), (-0.1618034, -0.05257311, 0.15), (-0.17317627, 0.13512805, 0.15), (-0.19635256, 0.06379881, 0.15), (-0.21952882, -0.007530428, 0.15), (-0.24270509, -0.078859664, 0.15), (-0.060676273, -0.04098119, -0.15), (-0.060676273, -0.04098119, -0.09), (-0.04045085, -0.05567582, -0.15), (-0.04045085, -0.05567582, -0.09), (-0.020225424, -0.07037045, -0.15), (-0.020225424, -0.07037045, -0.09), (-1.5626201e-17, -0.08506508, -0.15), (-1.5626201e-17, -0.08506508, -0.09), (-0.121352546, -0.08196238, -0.15), (-0.121352546, -0.08196238, -0.09), (-0.0809017, -0.11135164, -0.15), (-0.0809017, -0.11135164, -0.09), (-0.04045085, -0.1407409, -0.15), (-0.04045085, -0.1407409, -0.09), (-3.1252402e-17, -0.17013016, -0.15), (-3.1252402e-17, -0.17013016, -0.09), (-0.18202883, -0.12294356, -0.15), (-0.18202883, -0.12294356, -0.09), (-0.121352546, -0.16702746, -0.15), (-0.121352546, -0.16702746, -0.09), (-0.060676273, -0.21111135, -0.15), (-0.060676273, -0.21111135, -0.09), (-4.6878605e-17, -0.25519523, -0.15), (-4.6878605e-17, -0.25519523, -0.09), (-0.060676273, -0.04098119, -0.03), (-0.04045085, -0.05567582, -0.03), (-0.020225424, -0.07037045, -0.03), (-1.5626201e-17, -0.08506508, -0.03), (-0.121352546, -0.08196238, -0.03), (-0.0809017, -0.11135164, -0.03), (-0.04045085, -0.1407409, -0.03), (-3.1252402e-17, -0.17013016, -0.03), (-0.18202883, -0.12294356, -0.03), (-0.121352546, -0.16702746, -0.03), (-0.060676273, -0.21111135, -0.03), (-4.6878605e-17, -0.25519523, -0.03), (-0.060676273, -0.04098119, 0.03), (-0.04045085, -0.05567582, 0.03), (-0.020225424, -0.07037045, 0.03), (-1.5626201e-17, -0.08506508, 0.03), (-0.121352546, -0.08196238, 0.03), (-0.0809017, -0.11135164, 0.03), (-0.04045085, -0.1407409, 0.03), (-3.1252402e-17, -0.17013016, 0.03), (-0.18202883, -0.12294356, 0.03), (-0.121352546, -0.16702746, 0.03), (-0.060676273, -0.21111135, 0.03), (-4.6878605e-17, -0.25519523, 0.03), (-0.060676273, -0.04098119, 0.09), (-0.04045085, -0.05567582, 0.09), (-0.020225424, -0.07037045, 0.09), (-1.5626201e-17, -0.08506508, 0.09), (-0.121352546, -0.08196238, 0.09), (-0.0809017, -0.11135164, 0.09), (-0.04045085, -0.1407409, 0.09), (-3.1252402e-17, -0.17013016, 0.09), (-0.18202883, -0.12294356, 0.09), (-0.121352546, -0.16702746, 0.09), (-0.060676273, -0.21111135, 0.09), (-4.6878605e-17, -0.25519523, 0.09), (-0.060676273, -0.04098119, 0.15), (-0.04045085, -0.05567582, 0.15), (-0.020225424, -0.07037045, 0.15), (-1.5626201e-17, -0.08506508, 0.15), (-0.121352546, -0.08196238, 0.15), (-0.0809017, -0.11135164, 0.15), (-0.04045085, -0.1407409, 0.15), (-3.1252402e-17, -0.17013016, 0.15), (-0.18202883, -0.12294356, 0.15), (-0.121352546, -0.16702746, 0.15), (-0.060676273, -0.21111135, 0.15), (-4.6878605e-17, -0.25519523, 0.15), (0.020225424, -0.07037045, -0.15), (0.020225424, -0.07037045, -0.09), (0.04045085, -0.05567582, -0.15), (0.04045085, -0.05567582, -0.09), (0.060676273, -0.04098119, -0.15), (0.060676273, -0.04098119, -0.09), (0.0809017, -0.026286555, -0.15), (0.0809017, -0.026286555, -0.09), (0.04045085, -0.1407409, -0.15), (0.04045085, -0.1407409, -0.09), (0.0809017, -0.11135164, -0.15), (0.0809017, -0.11135164, -0.09), (0.121352546, -0.08196238, -0.15), (0.121352546, -0.08196238, -0.09), (0.1618034, -0.05257311, -0.15), (0.1618034, -0.05257311, -0.09), (0.060676273, -0.21111135, -0.15), (0.060676273, -0.21111135, -0.09), (0.121352546, -0.16702746, -0.15), (0.121352546, -0.16702746, -0.09), (0.18202883, -0.12294356, -0.15), (0.18202883, -0.12294356, -0.09), (0.24270509, -0.078859664, -0.15), (0.24270509, -0.078859664, -0.09), (0.020225424, -0.07037045, -0.03), (0.04045085, -0.05567582, -0.03), (0.060676273, -0.04098119, -0.03), (0.0809017, -0.026286555, -0.03), (0.04045085, -0.1407409, -0.03), (0.0809017, -0.11135164, -0.03), (0.121352546, -0.08196238, -0.03), (0.1618034, -0.05257311, -0.03), (0.060676273, -0.21111135, -0.03), (0.121352546, -0.16702746, -0.03), (0.18202883, -0.12294356, -0.03), (0.24270509, -0.078859664, -0.03), (0.020225424, -0.07037045, 0.03), (0.04045085, -0.05567582, 0.03), (0.060676273, -0.04098119, 0.03), (0.0809017, -0.026286555, 0.03), (0.04045085, -0.1407409, 0.03), (0.0809017, -0.11135164, 0.03), (0.121352546, -0.08196238, 0.03), (0.1618034, -0.05257311, 0.03), (0.060676273, -0.21111135, 0.03), (0.121352546, -0.16702746, 0.03), (0.18202883, -0.12294356, 0.03), (0.24270509, -0.078859664, 0.03), (0.020225424, -0.07037045, 0.09), (0.04045085, -0.05567582, 0.09), (0.060676273, -0.04098119, 0.09), (0.0809017, -0.026286555, 0.09), (0.04045085, -0.1407409, 0.09), (0.0809017, -0.11135164, 0.09), (0.121352546, -0.08196238, 0.09), (0.1618034, -0.05257311, 0.09), (0.060676273, -0.21111135, 0.09), (0.121352546, -0.16702746, 0.09), (0.18202883, -0.12294356, 0.09), (0.24270509, -0.078859664, 0.09), (0.020225424, -0.07037045, 0.15), (0.04045085, -0.05567582, 0.15), (0.060676273, -0.04098119, 0.15), (0.0809017, -0.026286555, 0.15), (0.04045085, -0.1407409, 0.15), (0.0809017, -0.11135164, 0.15), (0.121352546, -0.08196238, 0.15), (0.1618034, -0.05257311, 0.15), (0.060676273, -0.21111135, 0.15), (0.121352546, -0.16702746, 0.15), (0.18202883, -0.12294356, 0.15), (0.24270509, -0.078859664, 0.15), (0.07317627, -0.0025101427, -0.15), (0.07317627, -0.0025101427, -0.09), (0.06545085, 0.02126627, -0.15), (0.06545085, 0.02126627, -0.09), (0.057725426, 0.045042682, -0.15), (0.057725426, 0.045042682, -0.09), (0.14635254, -0.0050202855, -0.15), (0.14635254, -0.0050202855, -0.09), (0.1309017, 0.04253254, -0.15), (0.1309017, 0.04253254, -0.09), (0.11545085, 0.090085365, -0.15), (0.11545085, 0.090085365, -0.09), (0.21952882, -0.007530428, -0.15), (0.21952882, -0.007530428, -0.09), (0.19635256, 0.06379881, -0.15), (0.19635256, 0.06379881, -0.09), (0.17317627, 0.13512805, -0.15), (0.17317627, 0.13512805, -0.09), (0.07317627, -0.0025101427, -0.03), (0.06545085, 0.02126627, -0.03), (0.057725426, 0.045042682, -0.03), (0.14635254, -0.0050202855, -0.03), (0.1309017, 0.04253254, -0.03), (0.11545085, 0.090085365, -0.03), (0.21952882, -0.007530428, -0.03), (0.19635256, 0.06379881, -0.03), (0.17317627, 0.13512805, -0.03), (0.07317627, -0.0025101427, 0.03), (0.06545085, 0.02126627, 0.03), (0.057725426, 0.045042682, 0.03), (0.14635254, -0.0050202855, 0.03), (0.1309017, 0.04253254, 0.03), (0.11545085, 0.090085365, 0.03), (0.21952882, -0.007530428, 0.03), (0.19635256, 0.06379881, 0.03), (0.17317627, 0.13512805, 0.03), (0.07317627, -0.0025101427, 0.09), (0.06545085, 0.02126627, 0.09), (0.057725426, 0.045042682, 0.09), (0.14635254, -0.0050202855, 0.09), (0.1309017, 0.04253254, 0.09), (0.11545085, 0.090085365, 0.09), (0.21952882, -0.007530428, 0.09), (0.19635256, 0.06379881, 0.09), (0.17317627, 0.13512805, 0.09), (0.07317627, -0.0025101427, 0.15), (0.06545085, 0.02126627, 0.15), (0.057725426, 0.045042682, 0.15), (0.14635254, -0.0050202855, 0.15), (0.1309017, 0.04253254, 0.15), (0.11545085, 0.090085365, 0.15), (0.21952882, -0.007530428, 0.15), (0.19635256, 0.06379881, 0.15), (0.17317627, 0.13512805, 0.15), (-0.15, 0.3002073, -0.15), (-0.075, 0.3002073, -0.15), (0, 0.3002073, -0.15), (0.075, 0.3002073, -0.15), (0.15, 0.3002073, -0.15), (-0.15, 0.3939573, -0.15), (-0.075, 0.3939573, -0.15), (0, 0.3939573, -0.15), (0.075, 0.3939573, -0.15), (0.15, 0.3939573, -0.15), (-0.15, 0.4877073, -0.15), (-0.075, 0.4877073, -0.15), (0, 0.4877073, -0.15), (0.075, 0.4877073, -0.15), (0.15, 0.4877073, -0.15), (-0.15, 0.5814573, -0.15), (-0.075, 0.5814573, -0.15), (0, 0.5814573, -0.15), (0.075, 0.5814573, -0.15), (0.15, 0.5814573, -0.15), (-0.15, 0.6752073, -0.15), (-0.075, 0.6752073, -0.15), (0, 0.6752073, -0.15), (0.075, 0.6752073, -0.15), (0.15, 0.6752073, -0.15), (-0.15, 0.7689573, -0.15), (-0.075, 0.7689573, -0.15), (0, 0.7689573, -0.15), (0.075, 0.7689573, -0.15), (0.15, 0.7689573, -0.15), (-0.15, 0.8627073, -0.15), (-0.075, 0.8627073, -0.15), (0, 0.8627073, -0.15), (0.075, 0.8627073, -0.15), (0.15, 0.8627073, -0.15), (-0.15, 0.9564573, -0.15), (-0.075, 0.9564573, -0.15), (0, 0.9564573, -0.15), (0.075, 0.9564573, -0.15), (0.15, 0.9564573, -0.15), (-0.15, 1.0502073, -0.15), (-0.075, 1.0502073, -0.15), (0, 1.0502073, -0.15), (0.075, 1.0502073, -0.15), (0.15, 1.0502073, -0.15), (-0.15, 1.1439573, -0.15), (-0.075, 1.1439573, -0.15), (0, 1.1439573, -0.15), (0.075, 1.1439573, -0.15), (0.15, 1.1439573, -0.15), (-0.15, 1.2377073, -0.15), (-0.075, 1.2377073, -0.15), (0, 1.2377073, -0.15), (0.075, 1.2377073, -0.15), (0.15, 1.2377073, -0.15), (-0.15, 1.3314573, -0.15), (-0.075, 1.3314573, -0.15), (0, 1.3314573, -0.15), (0.075, 1.3314573, -0.15), (0.15, 1.3314573, -0.15), (-0.15, 1.4252073, -0.15), (-0.075, 1.4252073, -0.15), (0, 1.4252073, -0.15), (0.075, 1.4252073, -0.15), (0.15, 1.4252073, -0.15), (-0.15, 1.5189573, -0.15), (-0.075, 1.5189573, -0.15), (0, 1.5189573, -0.15), (0.075, 1.5189573, -0.15), (0.15, 1.5189573, -0.15), (-0.15, 1.6127073, -0.15), (-0.075, 1.6127073, -0.15), (0, 1.6127073, -0.15), (0.075, 1.6127073, -0.15), (0.15, 1.6127073, -0.15), (-0.15, 1.7064573, -0.15), (-0.075, 1.7064573, -0.15), (0, 1.7064573, -0.15), (0.075, 1.7064573, -0.15), (0.15, 1.7064573, -0.15), (-0.15, 0.3002073, -0.09), (-0.075, 0.3002073, -0.09), (0, 0.3002073, -0.09), (0.075, 0.3002073, -0.09), (0.15, 0.3002073, -0.09), (-0.15, 0.3939573, -0.09), (-0.075, 0.3939573, -0.09), (0, 0.3939573, -0.09), (0.075, 0.3939573, -0.09), (0.15, 0.3939573, -0.09), (-0.15, 0.4877073, -0.09), (-0.075, 0.4877073, -0.09), (0, 0.4877073, -0.09), (0.075, 0.4877073, -0.09), (0.15, 0.4877073, -0.09), (-0.15, 0.5814573, -0.09), (-0.075, 0.5814573, -0.09), (0, 0.5814573, -0.09), (0.075, 0.5814573, -0.09), (0.15, 0.5814573, -0.09), (-0.15, 0.6752073, -0.09), (-0.075, 0.6752073, -0.09), (0, 0.6752073, -0.09), (0.075, 0.6752073, -0.09), (0.15, 0.6752073, -0.09), (-0.15, 0.7689573, -0.09), (-0.075, 0.7689573, -0.09), (0, 0.7689573, -0.09), (0.075, 0.7689573, -0.09), (0.15, 0.7689573, -0.09), (-0.15, 0.8627073, -0.09), (-0.075, 0.8627073, -0.09), (0, 0.8627073, -0.09), (0.075, 0.8627073, -0.09), (0.15, 0.8627073, -0.09), (-0.15, 0.9564573, -0.09), (-0.075, 0.9564573, -0.09), (0, 0.9564573, -0.09), (0.075, 0.9564573, -0.09), (0.15, 0.9564573, -0.09), (-0.15, 1.0502073, -0.09), (-0.075, 1.0502073, -0.09), (0, 1.0502073, -0.09), (0.075, 1.0502073, -0.09), (0.15, 1.0502073, -0.09), (-0.15, 1.1439573, -0.09), (-0.075, 1.1439573, -0.09), (0, 1.1439573, -0.09), (0.075, 1.1439573, -0.09), (0.15, 1.1439573, -0.09), (-0.15, 1.2377073, -0.09), (-0.075, 1.2377073, -0.09), (0, 1.2377073, -0.09), (0.075, 1.2377073, -0.09), (0.15, 1.2377073, -0.09), (-0.15, 1.3314573, -0.09), (-0.075, 1.3314573, -0.09), (0, 1.3314573, -0.09), (0.075, 1.3314573, -0.09), (0.15, 1.3314573, -0.09), (-0.15, 1.4252073, -0.09), (-0.075, 1.4252073, -0.09), (0, 1.4252073, -0.09), (0.075, 1.4252073, -0.09), (0.15, 1.4252073, -0.09), (-0.15, 1.5189573, -0.09), (-0.075, 1.5189573, -0.09), (0, 1.5189573, -0.09), (0.075, 1.5189573, -0.09), (0.15, 1.5189573, -0.09), (-0.15, 1.6127073, -0.09), (-0.075, 1.6127073, -0.09), (0, 1.6127073, -0.09), (0.075, 1.6127073, -0.09), (0.15, 1.6127073, -0.09), (-0.15, 1.7064573, -0.09), (-0.075, 1.7064573, -0.09), (0, 1.7064573, -0.09), (0.075, 1.7064573, -0.09), (0.15, 1.7064573, -0.09), (-0.15, 0.3002073, -0.03), (-0.075, 0.3002073, -0.03), (0, 0.3002073, -0.03), (0.075, 0.3002073, -0.03), (0.15, 0.3002073, -0.03), (-0.15, 0.3939573, -0.03), (-0.075, 0.3939573, -0.03), (0, 0.3939573, -0.03), (0.075, 0.3939573, -0.03), (0.15, 0.3939573, -0.03), (-0.15, 0.4877073, -0.03), (-0.075, 0.4877073, -0.03), (0, 0.4877073, -0.03), (0.075, 0.4877073, -0.03), (0.15, 0.4877073, -0.03), (-0.15, 0.5814573, -0.03), (-0.075, 0.5814573, -0.03), (0, 0.5814573, -0.03), (0.075, 0.5814573, -0.03), (0.15, 0.5814573, -0.03), (-0.15, 0.6752073, -0.03), (-0.075, 0.6752073, -0.03), (0, 0.6752073, -0.03), (0.075, 0.6752073, -0.03), (0.15, 0.6752073, -0.03), (-0.15, 0.7689573, -0.03), (-0.075, 0.7689573, -0.03), (0, 0.7689573, -0.03), (0.075, 0.7689573, -0.03), (0.15, 0.7689573, -0.03), (-0.15, 0.8627073, -0.03), (-0.075, 0.8627073, -0.03), (0, 0.8627073, -0.03), (0.075, 0.8627073, -0.03), (0.15, 0.8627073, -0.03), (-0.15, 0.9564573, -0.03), (-0.075, 0.9564573, -0.03), (0, 0.9564573, -0.03), (0.075, 0.9564573, -0.03), (0.15, 0.9564573, -0.03), (-0.15, 1.0502073, -0.03), (-0.075, 1.0502073, -0.03), (0, 1.0502073, -0.03), (0.075, 1.0502073, -0.03), (0.15, 1.0502073, -0.03), (-0.15, 1.1439573, -0.03), (-0.075, 1.1439573, -0.03), (0, 1.1439573, -0.03), (0.075, 1.1439573, -0.03), (0.15, 1.1439573, -0.03), (-0.15, 1.2377073, -0.03), (-0.075, 1.2377073, -0.03), (0, 1.2377073, -0.03), (0.075, 1.2377073, -0.03), (0.15, 1.2377073, -0.03), (-0.15, 1.3314573, -0.03), (-0.075, 1.3314573, -0.03), (0, 1.3314573, -0.03), (0.075, 1.3314573, -0.03), (0.15, 1.3314573, -0.03), (-0.15, 1.4252073, -0.03), (-0.075, 1.4252073, -0.03), (0, 1.4252073, -0.03), (0.075, 1.4252073, -0.03), (0.15, 1.4252073, -0.03), (-0.15, 1.5189573, -0.03), (-0.075, 1.5189573, -0.03), (0, 1.5189573, -0.03), (0.075, 1.5189573, -0.03), (0.15, 1.5189573, -0.03), (-0.15, 1.6127073, -0.03), (-0.075, 1.6127073, -0.03), (0, 1.6127073, -0.03), (0.075, 1.6127073, -0.03), (0.15, 1.6127073, -0.03), (-0.15, 1.7064573, -0.03), (-0.075, 1.7064573, -0.03), (0, 1.7064573, -0.03), (0.075, 1.7064573, -0.03), (0.15, 1.7064573, -0.03), (-0.15, 0.3002073, 0.03), (-0.075, 0.3002073, 0.03), (0, 0.3002073, 0.03), (0.075, 0.3002073, 0.03), (0.15, 0.3002073, 0.03), (-0.15, 0.3939573, 0.03), (-0.075, 0.3939573, 0.03), (0, 0.3939573, 0.03), (0.075, 0.3939573, 0.03), (0.15, 0.3939573, 0.03), (-0.15, 0.4877073, 0.03), (-0.075, 0.4877073, 0.03), (0, 0.4877073, 0.03), (0.075, 0.4877073, 0.03), (0.15, 0.4877073, 0.03), (-0.15, 0.5814573, 0.03), (-0.075, 0.5814573, 0.03), (0, 0.5814573, 0.03), (0.075, 0.5814573, 0.03), (0.15, 0.5814573, 0.03), (-0.15, 0.6752073, 0.03), (-0.075, 0.6752073, 0.03), (0, 0.6752073, 0.03), (0.075, 0.6752073, 0.03), (0.15, 0.6752073, 0.03), (-0.15, 0.7689573, 0.03), (-0.075, 0.7689573, 0.03), (0, 0.7689573, 0.03), (0.075, 0.7689573, 0.03), (0.15, 0.7689573, 0.03), (-0.15, 0.8627073, 0.03), (-0.075, 0.8627073, 0.03), (0, 0.8627073, 0.03), (0.075, 0.8627073, 0.03), (0.15, 0.8627073, 0.03), (-0.15, 0.9564573, 0.03), (-0.075, 0.9564573, 0.03), (0, 0.9564573, 0.03), (0.075, 0.9564573, 0.03), (0.15, 0.9564573, 0.03), (-0.15, 1.0502073, 0.03), (-0.075, 1.0502073, 0.03), (0, 1.0502073, 0.03), (0.075, 1.0502073, 0.03), (0.15, 1.0502073, 0.03), (-0.15, 1.1439573, 0.03), (-0.075, 1.1439573, 0.03), (0, 1.1439573, 0.03), (0.075, 1.1439573, 0.03), (0.15, 1.1439573, 0.03), (-0.15, 1.2377073, 0.03), (-0.075, 1.2377073, 0.03), (0, 1.2377073, 0.03), (0.075, 1.2377073, 0.03), (0.15, 1.2377073, 0.03), (-0.15, 1.3314573, 0.03), (-0.075, 1.3314573, 0.03), (0, 1.3314573, 0.03), (0.075, 1.3314573, 0.03), (0.15, 1.3314573, 0.03), (-0.15, 1.4252073, 0.03), (-0.075, 1.4252073, 0.03), (0, 1.4252073, 0.03), (0.075, 1.4252073, 0.03), (0.15, 1.4252073, 0.03), (-0.15, 1.5189573, 0.03), (-0.075, 1.5189573, 0.03), (0, 1.5189573, 0.03), (0.075, 1.5189573, 0.03), (0.15, 1.5189573, 0.03), (-0.15, 1.6127073, 0.03), (-0.075, 1.6127073, 0.03), (0, 1.6127073, 0.03), (0.075, 1.6127073, 0.03), (0.15, 1.6127073, 0.03), (-0.15, 1.7064573, 0.03), (-0.075, 1.7064573, 0.03), (0, 1.7064573, 0.03), (0.075, 1.7064573, 0.03), (0.15, 1.7064573, 0.03), (-0.15, 0.3002073, 0.09), (-0.075, 0.3002073, 0.09), (0, 0.3002073, 0.09), (0.075, 0.3002073, 0.09), (0.15, 0.3002073, 0.09), (-0.15, 0.3939573, 0.09), (-0.075, 0.3939573, 0.09), (0, 0.3939573, 0.09), (0.075, 0.3939573, 0.09), (0.15, 0.3939573, 0.09), (-0.15, 0.4877073, 0.09), (-0.075, 0.4877073, 0.09), (0, 0.4877073, 0.09), (0.075, 0.4877073, 0.09), (0.15, 0.4877073, 0.09), (-0.15, 0.5814573, 0.09), (-0.075, 0.5814573, 0.09), (0, 0.5814573, 0.09), (0.075, 0.5814573, 0.09), (0.15, 0.5814573, 0.09), (-0.15, 0.6752073, 0.09), (-0.075, 0.6752073, 0.09), (0, 0.6752073, 0.09), (0.075, 0.6752073, 0.09), (0.15, 0.6752073, 0.09), (-0.15, 0.7689573, 0.09), (-0.075, 0.7689573, 0.09), (0, 0.7689573, 0.09), (0.075, 0.7689573, 0.09), (0.15, 0.7689573, 0.09), (-0.15, 0.8627073, 0.09), (-0.075, 0.8627073, 0.09), (0, 0.8627073, 0.09), (0.075, 0.8627073, 0.09), (0.15, 0.8627073, 0.09), (-0.15, 0.9564573, 0.09), (-0.075, 0.9564573, 0.09), (0, 0.9564573, 0.09), (0.075, 0.9564573, 0.09), (0.15, 0.9564573, 0.09), (-0.15, 1.0502073, 0.09), (-0.075, 1.0502073, 0.09), (0, 1.0502073, 0.09), (0.075, 1.0502073, 0.09), (0.15, 1.0502073, 0.09), (-0.15, 1.1439573, 0.09), (-0.075, 1.1439573, 0.09), (0, 1.1439573, 0.09), (0.075, 1.1439573, 0.09), (0.15, 1.1439573, 0.09), (-0.15, 1.2377073, 0.09), (-0.075, 1.2377073, 0.09), (0, 1.2377073, 0.09), (0.075, 1.2377073, 0.09), (0.15, 1.2377073, 0.09), (-0.15, 1.3314573, 0.09), (-0.075, 1.3314573, 0.09), (0, 1.3314573, 0.09), (0.075, 1.3314573, 0.09), (0.15, 1.3314573, 0.09), (-0.15, 1.4252073, 0.09), (-0.075, 1.4252073, 0.09), (0, 1.4252073, 0.09), (0.075, 1.4252073, 0.09), (0.15, 1.4252073, 0.09), (-0.15, 1.5189573, 0.09), (-0.075, 1.5189573, 0.09), (0, 1.5189573, 0.09), (0.075, 1.5189573, 0.09), (0.15, 1.5189573, 0.09), (-0.15, 1.6127073, 0.09), (-0.075, 1.6127073, 0.09), (0, 1.6127073, 0.09), (0.075, 1.6127073, 0.09), (0.15, 1.6127073, 0.09), (-0.15, 1.7064573, 0.09), (-0.075, 1.7064573, 0.09), (0, 1.7064573, 0.09), (0.075, 1.7064573, 0.09), (0.15, 1.7064573, 0.09), (-0.15, 0.3002073, 0.15), (-0.075, 0.3002073, 0.15), (0, 0.3002073, 0.15), (0.075, 0.3002073, 0.15), (0.15, 0.3002073, 0.15), (-0.15, 0.3939573, 0.15), (-0.075, 0.3939573, 0.15), (0, 0.3939573, 0.15), (0.075, 0.3939573, 0.15), (0.15, 0.3939573, 0.15), (-0.15, 0.4877073, 0.15), (-0.075, 0.4877073, 0.15), (0, 0.4877073, 0.15), (0.075, 0.4877073, 0.15), (0.15, 0.4877073, 0.15), (-0.15, 0.5814573, 0.15), (-0.075, 0.5814573, 0.15), (0, 0.5814573, 0.15), (0.075, 0.5814573, 0.15), (0.15, 0.5814573, 0.15), (-0.15, 0.6752073, 0.15), (-0.075, 0.6752073, 0.15), (0, 0.6752073, 0.15), (0.075, 0.6752073, 0.15), (0.15, 0.6752073, 0.15), (-0.15, 0.7689573, 0.15), (-0.075, 0.7689573, 0.15), (0, 0.7689573, 0.15), (0.075, 0.7689573, 0.15), (0.15, 0.7689573, 0.15), (-0.15, 0.8627073, 0.15), (-0.075, 0.8627073, 0.15), (0, 0.8627073, 0.15), (0.075, 0.8627073, 0.15), (0.15, 0.8627073, 0.15), (-0.15, 0.9564573, 0.15), (-0.075, 0.9564573, 0.15), (0, 0.9564573, 0.15), (0.075, 0.9564573, 0.15), (0.15, 0.9564573, 0.15), (-0.15, 1.0502073, 0.15), (-0.075, 1.0502073, 0.15), (0, 1.0502073, 0.15), (0.075, 1.0502073, 0.15), (0.15, 1.0502073, 0.15), (-0.15, 1.1439573, 0.15), (-0.075, 1.1439573, 0.15), (0, 1.1439573, 0.15), (0.075, 1.1439573, 0.15), (0.15, 1.1439573, 0.15), (-0.15, 1.2377073, 0.15), (-0.075, 1.2377073, 0.15), (0, 1.2377073, 0.15), (0.075, 1.2377073, 0.15), (0.15, 1.2377073, 0.15), (-0.15, 1.3314573, 0.15), (-0.075, 1.3314573, 0.15), (0, 1.3314573, 0.15), (0.075, 1.3314573, 0.15), (0.15, 1.3314573, 0.15), (-0.15, 1.4252073, 0.15), (-0.075, 1.4252073, 0.15), (0, 1.4252073, 0.15), (0.075, 1.4252073, 0.15), (0.15, 1.4252073, 0.15), (-0.15, 1.5189573, 0.15), (-0.075, 1.5189573, 0.15), (0, 1.5189573, 0.15), (0.075, 1.5189573, 0.15), (0.15, 1.5189573, 0.15), (-0.15, 1.6127073, 0.15), (-0.075, 1.6127073, 0.15), (0, 1.6127073, 0.15), (0.075, 1.6127073, 0.15), (0.15, 1.6127073, 0.15), (-0.15, 1.7064573, 0.15), (-0.075, 1.7064573, 0.15), (0, 1.7064573, 0.15), (0.075, 1.7064573, 0.15), (0.15, 1.7064573, 0.15), (0.064951904, 1.7439573, -0.15), (0.064951904, 1.7439573, -0.09), (0.0375, 1.7714092, -0.15), (0.0375, 1.7714092, -0.09), (4.5924257e-18, 1.7814573, -0.15), (4.5924257e-18, 1.7814573, -0.09), (-0.0375, 1.7714092, -0.15), (-0.0375, 1.7714092, -0.09), (-0.064951904, 1.7439573, -0.15), (-0.064951904, 1.7439573, -0.09), (0.12990381, 1.7814573, -0.15), (0.12990381, 1.7814573, -0.09), (0.075, 1.836361, -0.15), (0.075, 1.836361, -0.09), (9.184851e-18, 1.8564572, -0.15), (9.184851e-18, 1.8564572, -0.09), (-0.075, 1.836361, -0.15), (-0.075, 1.836361, -0.09), (-0.12990381, 1.7814573, -0.15), (-0.12990381, 1.7814573, -0.09), (0.064951904, 1.7439573, -0.03), (0.0375, 1.7714092, -0.03), (4.5924257e-18, 1.7814573, -0.03), (-0.0375, 1.7714092, -0.03), (-0.064951904, 1.7439573, -0.03), (0.12990381, 1.7814573, -0.03), (0.075, 1.836361, -0.03), (9.184851e-18, 1.8564572, -0.03), (-0.075, 1.836361, -0.03), (-0.12990381, 1.7814573, -0.03), (0.064951904, 1.7439573, 0.03), (0.0375, 1.7714092, 0.03), (4.5924257e-18, 1.7814573, 0.03), (-0.0375, 1.7714092, 0.03), (-0.064951904, 1.7439573, 0.03), (0.12990381, 1.7814573, 0.03), (0.075, 1.836361, 0.03), (9.184851e-18, 1.8564572, 0.03), (-0.075, 1.836361, 0.03), (-0.12990381, 1.7814573, 0.03), (0.064951904, 1.7439573, 0.09), (0.0375, 1.7714092, 0.09), (4.5924257e-18, 1.7814573, 0.09), (-0.0375, 1.7714092, 0.09), (-0.064951904, 1.7439573, 0.09), (0.12990381, 1.7814573, 0.09), (0.075, 1.836361, 0.09), (9.184851e-18, 1.8564572, 0.09), (-0.075, 1.836361, 0.09), (-0.12990381, 1.7814573, 0.09), (0.064951904, 1.7439573, 0.15), (0.0375, 1.7714092, 0.15), (4.5924257e-18, 1.7814573, 0.15), (-0.0375, 1.7714092, 0.15), (-0.064951904, 1.7439573, 0.15), (0.12990381, 1.7814573, 0.15), (0.075, 1.836361, 0.15), (9.184851e-18, 1.8564572, 0.15), (-0.075, 1.836361, 0.15), (-0.12990381, 1.7814573, 0.15), (-0.33186665, -0.04988933, -0.15), (-0.30869037, 0.021439912, -0.15), (-0.28551412, 0.09276915, -0.15), (-0.26233783, 0.1640984, -0.15), (-0.23916155, 0.23542765, -0.15), (-0.4210282, -0.020918988, -0.15), (-0.39785194, 0.050410256, -0.15), (-0.37467566, 0.1217395, -0.15), (-0.35149938, 0.19306874, -0.15), (-0.3283231, 0.26439798, -0.15), (-0.5101898, 0.008051357, -0.15), (-0.4870135, 0.0793806, -0.15), (-0.4638372, 0.15070984, -0.15), (-0.44066092, 0.22203909, -0.15), (-0.41748464, 0.29336834, -0.15), (-0.59935135, 0.03702171, -0.15), (-0.57617503, 0.108350955, -0.15), (-0.5529988, 0.1796802, -0.15), (-0.5298225, 0.25100943, -0.15), (-0.5066462, 0.32233867, -0.15), (-0.68851286, 0.06599206, -0.15), (-0.6653366, 0.1373213, -0.15), (-0.64216036, 0.20865054, -0.15), (-0.61898404, 0.2799798, -0.15), (-0.5958078, 0.35130903, -0.15), (-0.77767444, 0.094962396, -0.15), (-0.7544982, 0.16629164, -0.15), (-0.7313219, 0.23762089, -0.15), (-0.7081456, 0.30895013, -0.15), (-0.6849693, 0.38027936, -0.15), (-0.866836, 0.12393274, -0.15), (-0.8436597, 0.19526199, -0.15), (-0.82048345, 0.26659122, -0.15), (-0.79730713, 0.3379205, -0.15), (-0.7741309, 0.40924972, -0.15), (-0.9559975, 0.15290308, -0.15), (-0.9328213, 0.22423233, -0.15), (-0.90964496, 0.29556158, -0.15), (-0.8864687, 0.36689082, -0.15), (-0.86329246, 0.43822005, -0.15), (-1.045159, 0.18187341, -0.15), (-1.0219828, 0.25320265, -0.15), (-0.9988065, 0.3245319, -0.15), (-0.9756302, 0.39586115, -0.15), (-0.9524539, 0.46719038, -0.15), (-1.1343206, 0.21084376, -0.15), (-1.1111443, 0.282173, -0.15), (-1.087968, 0.35350224, -0.15), (-1.0647918, 0.42483148, -0.15), (-1.0416155, 0.49616072, -0.15), (-1.2234821, 0.2398141, -0.15), (-1.2003058, 0.31114334, -0.15), (-1.1771296, 0.38247257, -0.15), (-1.1539533, 0.45380184, -0.15), (-1.130777, 0.52513105, -0.15), (-1.3126436, 0.26878443, -0.15), (-1.2894675, 0.3401137, -0.15), (-1.2662911, 0.41144294, -0.15), (-1.2431148, 0.48277217, -0.15), (-1.2199386, 0.5541014, -0.15), (-1.4018053, 0.2977548, -0.15), (-1.378629, 0.36908403, -0.15), (-1.3554527, 0.44041327, -0.15), (-1.3322765, 0.51174253, -0.15), (-1.3091002, 0.58307177, -0.15), (-1.4909668, 0.32672513, -0.15), (-1.4677905, 0.39805436, -0.15), (-1.4446143, 0.46938363, -0.15), (-1.421438, 0.54071283, -0.15), (-1.3982617, 0.6120421, -0.15), (-1.5801283, 0.3556955, -0.15), (-1.5569521, 0.42702472, -0.15), (-1.5337758, 0.49835396, -0.15), (-1.5105995, 0.5696832, -0.15), (-1.4874232, 0.64101243, -0.15), (-1.6692898, 0.38466582, -0.15), (-1.6461136, 0.45599505, -0.15), (-1.6229373, 0.5273243, -0.15), (-1.599761, 0.59865355, -0.15), (-1.5765848, 0.6699828, -0.15), (-0.33186665, -0.04988933, -0.09), (-0.30869037, 0.021439912, -0.09), (-0.28551412, 0.09276915, -0.09), (-0.26233783, 0.1640984, -0.09), (-0.23916155, 0.23542765, -0.09), (-0.4210282, -0.020918988, -0.09), (-0.39785194, 0.050410256, -0.09), (-0.37467566, 0.1217395, -0.09), (-0.35149938, 0.19306874, -0.09), (-0.3283231, 0.26439798, -0.09), (-0.5101898, 0.008051357, -0.09), (-0.4870135, 0.0793806, -0.09), (-0.4638372, 0.15070984, -0.09), (-0.44066092, 0.22203909, -0.09), (-0.41748464, 0.29336834, -0.09), (-0.59935135, 0.03702171, -0.09), (-0.57617503, 0.108350955, -0.09), (-0.5529988, 0.1796802, -0.09), (-0.5298225, 0.25100943, -0.09), (-0.5066462, 0.32233867, -0.09), (-0.68851286, 0.06599206, -0.09), (-0.6653366, 0.1373213, -0.09), (-0.64216036, 0.20865054, -0.09), (-0.61898404, 0.2799798, -0.09), (-0.5958078, 0.35130903, -0.09), (-0.77767444, 0.094962396, -0.09), (-0.7544982, 0.16629164, -0.09), (-0.7313219, 0.23762089, -0.09), (-0.7081456, 0.30895013, -0.09), (-0.6849693, 0.38027936, -0.09), (-0.866836, 0.12393274, -0.09), (-0.8436597, 0.19526199, -0.09), (-0.82048345, 0.26659122, -0.09), (-0.79730713, 0.3379205, -0.09), (-0.7741309, 0.40924972, -0.09), (-0.9559975, 0.15290308, -0.09), (-0.9328213, 0.22423233, -0.09), (-0.90964496, 0.29556158, -0.09), (-0.8864687, 0.36689082, -0.09), (-0.86329246, 0.43822005, -0.09), (-1.045159, 0.18187341, -0.09), (-1.0219828, 0.25320265, -0.09), (-0.9988065, 0.3245319, -0.09), (-0.9756302, 0.39586115, -0.09), (-0.9524539, 0.46719038, -0.09), (-1.1343206, 0.21084376, -0.09), (-1.1111443, 0.282173, -0.09), (-1.087968, 0.35350224, -0.09), (-1.0647918, 0.42483148, -0.09), (-1.0416155, 0.49616072, -0.09), (-1.2234821, 0.2398141, -0.09), (-1.2003058, 0.31114334, -0.09), (-1.1771296, 0.38247257, -0.09), (-1.1539533, 0.45380184, -0.09), (-1.130777, 0.52513105, -0.09), (-1.3126436, 0.26878443, -0.09), (-1.2894675, 0.3401137, -0.09), (-1.2662911, 0.41144294, -0.09), (-1.2431148, 0.48277217, -0.09), (-1.2199386, 0.5541014, -0.09), (-1.4018053, 0.2977548, -0.09), (-1.378629, 0.36908403, -0.09), (-1.3554527, 0.44041327, -0.09), (-1.3322765, 0.51174253, -0.09), (-1.3091002, 0.58307177, -0.09), (-1.4909668, 0.32672513, -0.09), (-1.4677905, 0.39805436, -0.09), (-1.4446143, 0.46938363, -0.09), (-1.421438, 0.54071283, -0.09), (-1.3982617, 0.6120421, -0.09), (-1.5801283, 0.3556955, -0.09), (-1.5569521, 0.42702472, -0.09), (-1.5337758, 0.49835396, -0.09), (-1.5105995, 0.5696832, -0.09), (-1.4874232, 0.64101243, -0.09), (-1.6692898, 0.38466582, -0.09), (-1.6461136, 0.45599505, -0.09), (-1.6229373, 0.5273243, -0.09), (-1.599761, 0.59865355, -0.09), (-1.5765848, 0.6699828, -0.09), (-0.33186665, -0.04988933, -0.03), (-0.30869037, 0.021439912, -0.03), (-0.28551412, 0.09276915, -0.03), (-0.26233783, 0.1640984, -0.03), (-0.23916155, 0.23542765, -0.03), (-0.4210282, -0.020918988, -0.03), (-0.39785194, 0.050410256, -0.03), (-0.37467566, 0.1217395, -0.03), (-0.35149938, 0.19306874, -0.03), (-0.3283231, 0.26439798, -0.03), (-0.5101898, 0.008051357, -0.03), (-0.4870135, 0.0793806, -0.03), (-0.4638372, 0.15070984, -0.03), (-0.44066092, 0.22203909, -0.03), (-0.41748464, 0.29336834, -0.03), (-0.59935135, 0.03702171, -0.03), (-0.57617503, 0.108350955, -0.03), (-0.5529988, 0.1796802, -0.03), (-0.5298225, 0.25100943, -0.03), (-0.5066462, 0.32233867, -0.03), (-0.68851286, 0.06599206, -0.03), (-0.6653366, 0.1373213, -0.03), (-0.64216036, 0.20865054, -0.03), (-0.61898404, 0.2799798, -0.03), (-0.5958078, 0.35130903, -0.03), (-0.77767444, 0.094962396, -0.03), (-0.7544982, 0.16629164, -0.03), (-0.7313219, 0.23762089, -0.03), (-0.7081456, 0.30895013, -0.03), (-0.6849693, 0.38027936, -0.03), (-0.866836, 0.12393274, -0.03), (-0.8436597, 0.19526199, -0.03), (-0.82048345, 0.26659122, -0.03), (-0.79730713, 0.3379205, -0.03), (-0.7741309, 0.40924972, -0.03), (-0.9559975, 0.15290308, -0.03), (-0.9328213, 0.22423233, -0.03), (-0.90964496, 0.29556158, -0.03), (-0.8864687, 0.36689082, -0.03), (-0.86329246, 0.43822005, -0.03), (-1.045159, 0.18187341, -0.03), (-1.0219828, 0.25320265, -0.03), (-0.9988065, 0.3245319, -0.03), (-0.9756302, 0.39586115, -0.03), (-0.9524539, 0.46719038, -0.03), (-1.1343206, 0.21084376, -0.03), (-1.1111443, 0.282173, -0.03), (-1.087968, 0.35350224, -0.03), (-1.0647918, 0.42483148, -0.03), (-1.0416155, 0.49616072, -0.03), (-1.2234821, 0.2398141, -0.03), (-1.2003058, 0.31114334, -0.03), (-1.1771296, 0.38247257, -0.03), (-1.1539533, 0.45380184, -0.03), (-1.130777, 0.52513105, -0.03), (-1.3126436, 0.26878443, -0.03), (-1.2894675, 0.3401137, -0.03), (-1.2662911, 0.41144294, -0.03), (-1.2431148, 0.48277217, -0.03), (-1.2199386, 0.5541014, -0.03), (-1.4018053, 0.2977548, -0.03), (-1.378629, 0.36908403, -0.03), (-1.3554527, 0.44041327, -0.03), (-1.3322765, 0.51174253, -0.03), (-1.3091002, 0.58307177, -0.03), (-1.4909668, 0.32672513, -0.03), (-1.4677905, 0.39805436, -0.03), (-1.4446143, 0.46938363, -0.03), (-1.421438, 0.54071283, -0.03), (-1.3982617, 0.6120421, -0.03), (-1.5801283, 0.3556955, -0.03), (-1.5569521, 0.42702472, -0.03), (-1.5337758, 0.49835396, -0.03), (-1.5105995, 0.5696832, -0.03), (-1.4874232, 0.64101243, -0.03), (-1.6692898, 0.38466582, -0.03), (-1.6461136, 0.45599505, -0.03), (-1.6229373, 0.5273243, -0.03), (-1.599761, 0.59865355, -0.03), (-1.5765848, 0.6699828, -0.03), (-0.33186665, -0.04988933, 0.03), (-0.30869037, 0.021439912, 0.03), (-0.28551412, 0.09276915, 0.03), (-0.26233783, 0.1640984, 0.03), (-0.23916155, 0.23542765, 0.03), (-0.4210282, -0.020918988, 0.03), (-0.39785194, 0.050410256, 0.03), (-0.37467566, 0.1217395, 0.03), (-0.35149938, 0.19306874, 0.03), (-0.3283231, 0.26439798, 0.03), (-0.5101898, 0.008051357, 0.03), (-0.4870135, 0.0793806, 0.03), (-0.4638372, 0.15070984, 0.03), (-0.44066092, 0.22203909, 0.03), (-0.41748464, 0.29336834, 0.03), (-0.59935135, 0.03702171, 0.03), (-0.57617503, 0.108350955, 0.03), (-0.5529988, 0.1796802, 0.03), (-0.5298225, 0.25100943, 0.03), (-0.5066462, 0.32233867, 0.03), (-0.68851286, 0.06599206, 0.03), (-0.6653366, 0.1373213, 0.03), (-0.64216036, 0.20865054, 0.03), (-0.61898404, 0.2799798, 0.03), (-0.5958078, 0.35130903, 0.03), (-0.77767444, 0.094962396, 0.03), (-0.7544982, 0.16629164, 0.03), (-0.7313219, 0.23762089, 0.03), (-0.7081456, 0.30895013, 0.03), (-0.6849693, 0.38027936, 0.03), (-0.866836, 0.12393274, 0.03), (-0.8436597, 0.19526199, 0.03), (-0.82048345, 0.26659122, 0.03), (-0.79730713, 0.3379205, 0.03), (-0.7741309, 0.40924972, 0.03), (-0.9559975, 0.15290308, 0.03), (-0.9328213, 0.22423233, 0.03), (-0.90964496, 0.29556158, 0.03), (-0.8864687, 0.36689082, 0.03), (-0.86329246, 0.43822005, 0.03), (-1.045159, 0.18187341, 0.03), (-1.0219828, 0.25320265, 0.03), (-0.9988065, 0.3245319, 0.03), (-0.9756302, 0.39586115, 0.03), (-0.9524539, 0.46719038, 0.03), (-1.1343206, 0.21084376, 0.03), (-1.1111443, 0.282173, 0.03), (-1.087968, 0.35350224, 0.03), (-1.0647918, 0.42483148, 0.03), (-1.0416155, 0.49616072, 0.03), (-1.2234821, 0.2398141, 0.03), (-1.2003058, 0.31114334, 0.03), (-1.1771296, 0.38247257, 0.03), (-1.1539533, 0.45380184, 0.03), (-1.130777, 0.52513105, 0.03), (-1.3126436, 0.26878443, 0.03), (-1.2894675, 0.3401137, 0.03), (-1.2662911, 0.41144294, 0.03), (-1.2431148, 0.48277217, 0.03), (-1.2199386, 0.5541014, 0.03), (-1.4018053, 0.2977548, 0.03), (-1.378629, 0.36908403, 0.03), (-1.3554527, 0.44041327, 0.03), (-1.3322765, 0.51174253, 0.03), (-1.3091002, 0.58307177, 0.03), (-1.4909668, 0.32672513, 0.03), (-1.4677905, 0.39805436, 0.03), (-1.4446143, 0.46938363, 0.03), (-1.421438, 0.54071283, 0.03), (-1.3982617, 0.6120421, 0.03), (-1.5801283, 0.3556955, 0.03), (-1.5569521, 0.42702472, 0.03), (-1.5337758, 0.49835396, 0.03), (-1.5105995, 0.5696832, 0.03), (-1.4874232, 0.64101243, 0.03), (-1.6692898, 0.38466582, 0.03), (-1.6461136, 0.45599505, 0.03), (-1.6229373, 0.5273243, 0.03), (-1.599761, 0.59865355, 0.03), (-1.5765848, 0.6699828, 0.03), (-0.33186665, -0.04988933, 0.09), (-0.30869037, 0.021439912, 0.09), (-0.28551412, 0.09276915, 0.09), (-0.26233783, 0.1640984, 0.09), (-0.23916155, 0.23542765, 0.09), (-0.4210282, -0.020918988, 0.09), (-0.39785194, 0.050410256, 0.09), (-0.37467566, 0.1217395, 0.09), (-0.35149938, 0.19306874, 0.09), (-0.3283231, 0.26439798, 0.09), (-0.5101898, 0.008051357, 0.09), (-0.4870135, 0.0793806, 0.09), (-0.4638372, 0.15070984, 0.09), (-0.44066092, 0.22203909, 0.09), (-0.41748464, 0.29336834, 0.09), (-0.59935135, 0.03702171, 0.09), (-0.57617503, 0.108350955, 0.09), (-0.5529988, 0.1796802, 0.09), (-0.5298225, 0.25100943, 0.09), (-0.5066462, 0.32233867, 0.09), (-0.68851286, 0.06599206, 0.09), (-0.6653366, 0.1373213, 0.09), (-0.64216036, 0.20865054, 0.09), (-0.61898404, 0.2799798, 0.09), (-0.5958078, 0.35130903, 0.09), (-0.77767444, 0.094962396, 0.09), (-0.7544982, 0.16629164, 0.09), (-0.7313219, 0.23762089, 0.09), (-0.7081456, 0.30895013, 0.09), (-0.6849693, 0.38027936, 0.09), (-0.866836, 0.12393274, 0.09), (-0.8436597, 0.19526199, 0.09), (-0.82048345, 0.26659122, 0.09), (-0.79730713, 0.3379205, 0.09), (-0.7741309, 0.40924972, 0.09), (-0.9559975, 0.15290308, 0.09), (-0.9328213, 0.22423233, 0.09), (-0.90964496, 0.29556158, 0.09), (-0.8864687, 0.36689082, 0.09), (-0.86329246, 0.43822005, 0.09), (-1.045159, 0.18187341, 0.09), (-1.0219828, 0.25320265, 0.09), (-0.9988065, 0.3245319, 0.09), (-0.9756302, 0.39586115, 0.09), (-0.9524539, 0.46719038, 0.09), (-1.1343206, 0.21084376, 0.09), (-1.1111443, 0.282173, 0.09), (-1.087968, 0.35350224, 0.09), (-1.0647918, 0.42483148, 0.09), (-1.0416155, 0.49616072, 0.09), (-1.2234821, 0.2398141, 0.09), (-1.2003058, 0.31114334, 0.09), (-1.1771296, 0.38247257, 0.09), (-1.1539533, 0.45380184, 0.09), (-1.130777, 0.52513105, 0.09), (-1.3126436, 0.26878443, 0.09), (-1.2894675, 0.3401137, 0.09), (-1.2662911, 0.41144294, 0.09), (-1.2431148, 0.48277217, 0.09), (-1.2199386, 0.5541014, 0.09), (-1.4018053, 0.2977548, 0.09), (-1.378629, 0.36908403, 0.09), (-1.3554527, 0.44041327, 0.09), (-1.3322765, 0.51174253, 0.09), (-1.3091002, 0.58307177, 0.09), (-1.4909668, 0.32672513, 0.09), (-1.4677905, 0.39805436, 0.09), (-1.4446143, 0.46938363, 0.09), (-1.421438, 0.54071283, 0.09), (-1.3982617, 0.6120421, 0.09), (-1.5801283, 0.3556955, 0.09), (-1.5569521, 0.42702472, 0.09), (-1.5337758, 0.49835396, 0.09), (-1.5105995, 0.5696832, 0.09), (-1.4874232, 0.64101243, 0.09), (-1.6692898, 0.38466582, 0.09), (-1.6461136, 0.45599505, 0.09), (-1.6229373, 0.5273243, 0.09), (-1.599761, 0.59865355, 0.09), (-1.5765848, 0.6699828, 0.09), (-0.33186665, -0.04988933, 0.15), (-0.30869037, 0.021439912, 0.15), (-0.28551412, 0.09276915, 0.15), (-0.26233783, 0.1640984, 0.15), (-0.23916155, 0.23542765, 0.15), (-0.4210282, -0.020918988, 0.15), (-0.39785194, 0.050410256, 0.15), (-0.37467566, 0.1217395, 0.15), (-0.35149938, 0.19306874, 0.15), (-0.3283231, 0.26439798, 0.15), (-0.5101898, 0.008051357, 0.15), (-0.4870135, 0.0793806, 0.15), (-0.4638372, 0.15070984, 0.15), (-0.44066092, 0.22203909, 0.15), (-0.41748464, 0.29336834, 0.15), (-0.59935135, 0.03702171, 0.15), (-0.57617503, 0.108350955, 0.15), (-0.5529988, 0.1796802, 0.15), (-0.5298225, 0.25100943, 0.15), (-0.5066462, 0.32233867, 0.15), (-0.68851286, 0.06599206, 0.15), (-0.6653366, 0.1373213, 0.15), (-0.64216036, 0.20865054, 0.15), (-0.61898404, 0.2799798, 0.15), (-0.5958078, 0.35130903, 0.15), (-0.77767444, 0.094962396, 0.15), (-0.7544982, 0.16629164, 0.15), (-0.7313219, 0.23762089, 0.15), (-0.7081456, 0.30895013, 0.15), (-0.6849693, 0.38027936, 0.15), (-0.866836, 0.12393274, 0.15), (-0.8436597, 0.19526199, 0.15), (-0.82048345, 0.26659122, 0.15), (-0.79730713, 0.3379205, 0.15), (-0.7741309, 0.40924972, 0.15), (-0.9559975, 0.15290308, 0.15), (-0.9328213, 0.22423233, 0.15), (-0.90964496, 0.29556158, 0.15), (-0.8864687, 0.36689082, 0.15), (-0.86329246, 0.43822005, 0.15), (-1.045159, 0.18187341, 0.15), (-1.0219828, 0.25320265, 0.15), (-0.9988065, 0.3245319, 0.15), (-0.9756302, 0.39586115, 0.15), (-0.9524539, 0.46719038, 0.15), (-1.1343206, 0.21084376, 0.15), (-1.1111443, 0.282173, 0.15), (-1.087968, 0.35350224, 0.15), (-1.0647918, 0.42483148, 0.15), (-1.0416155, 0.49616072, 0.15), (-1.2234821, 0.2398141, 0.15), (-1.2003058, 0.31114334, 0.15), (-1.1771296, 0.38247257, 0.15), (-1.1539533, 0.45380184, 0.15), (-1.130777, 0.52513105, 0.15), (-1.3126436, 0.26878443, 0.15), (-1.2894675, 0.3401137, 0.15), (-1.2662911, 0.41144294, 0.15), (-1.2431148, 0.48277217, 0.15), (-1.2199386, 0.5541014, 0.15), (-1.4018053, 0.2977548, 0.15), (-1.378629, 0.36908403, 0.15), (-1.3554527, 0.44041327, 0.15), (-1.3322765, 0.51174253, 0.15), (-1.3091002, 0.58307177, 0.15), (-1.4909668, 0.32672513, 0.15), (-1.4677905, 0.39805436, 0.15), (-1.4446143, 0.46938363, 0.15), (-1.421438, 0.54071283, 0.15), (-1.3982617, 0.6120421, 0.15), (-1.5801283, 0.3556955, 0.15), (-1.5569521, 0.42702472, 0.15), (-1.5337758, 0.49835396, 0.15), (-1.5105995, 0.5696832, 0.15), (-1.4874232, 0.64101243, 0.15), (-1.6692898, 0.38466582, 0.15), (-1.6461136, 0.45599505, 0.15), (-1.6229373, 0.5273243, 0.15), (-1.599761, 0.59865355, 0.15), (-1.5765848, 0.6699828, 0.15), (-1.6385307, 0.60068536, -0.15), (-1.6385307, 0.60068536, -0.09), (-1.6731222, 0.58306015, -0.15), (-1.6731222, 0.58306015, -0.09), (-1.6942667, 0.5505006, -0.15), (-1.6942667, 0.5505006, -0.09), (-1.6962984, 0.5117309, -0.15), (-1.6962984, 0.5117309, -0.09), (-1.6786733, 0.47713953, -0.15), (-1.6786733, 0.47713953, -0.09), (-1.6541241, 0.67404646, -0.15), (-1.6541241, 0.67404646, -0.09), (-1.7233069, 0.63879603, -0.15), (-1.7233069, 0.63879603, -0.09), (-1.7655958, 0.5736768, -0.15), (-1.7655958, 0.5736768, -0.09), (-1.7696595, 0.49613753, -0.15), (-1.7696595, 0.49613753, -0.09), (-1.7344091, 0.42695475, -0.15), (-1.7344091, 0.42695475, -0.09), (-1.6385307, 0.60068536, -0.03), (-1.6731222, 0.58306015, -0.03), (-1.6942667, 0.5505006, -0.03), (-1.6962984, 0.5117309, -0.03), (-1.6786733, 0.47713953, -0.03), (-1.6541241, 0.67404646, -0.03), (-1.7233069, 0.63879603, -0.03), (-1.7655958, 0.5736768, -0.03), (-1.7696595, 0.49613753, -0.03), (-1.7344091, 0.42695475, -0.03), (-1.6385307, 0.60068536, 0.03), (-1.6731222, 0.58306015, 0.03), (-1.6942667, 0.5505006, 0.03), (-1.6962984, 0.5117309, 0.03), (-1.6786733, 0.47713953, 0.03), (-1.6541241, 0.67404646, 0.03), (-1.7233069, 0.63879603, 0.03), (-1.7655958, 0.5736768, 0.03), (-1.7696595, 0.49613753, 0.03), (-1.7344091, 0.42695475, 0.03), (-1.6385307, 0.60068536, 0.09), (-1.6731222, 0.58306015, 0.09), (-1.6942667, 0.5505006, 0.09), (-1.6962984, 0.5117309, 0.09), (-1.6786733, 0.47713953, 0.09), (-1.6541241, 0.67404646, 0.09), (-1.7233069, 0.63879603, 0.09), (-1.7655958, 0.5736768, 0.09), (-1.7696595, 0.49613753, 0.09), (-1.7344091, 0.42695475, 0.09), (-1.6385307, 0.60068536, 0.15), (-1.6731222, 0.58306015, 0.15), (-1.6942667, 0.5505006, 0.15), (-1.6962984, 0.5117309, 0.15), (-1.6786733, 0.47713953, 0.15), (-1.6541241, 0.67404646, 0.15), (-1.7233069, 0.63879603, 0.15), (-1.7655958, 0.5736768, 0.15), (-1.7696595, 0.49613753, 0.15), (-1.7344091, 0.42695475, 0.15), (-0.05510486, -0.3310406, -0.15), (-0.115781136, -0.2869567, -0.15), (-0.17645742, -0.2428728, -0.15), (-0.2371337, -0.19878891, -0.15), (-0.29780996, -0.15470502, -0.15), (-0.110209726, -0.40688592, -0.15), (-0.17088601, -0.36280203, -0.15), (-0.23156229, -0.31871814, -0.15), (-0.29223856, -0.27463424, -0.15), (-0.35291484, -0.23055036, -0.15), (-0.1653146, -0.48273128, -0.15), (-0.22599088, -0.4386474, -0.15), (-0.28666714, -0.3945635, -0.15), (-0.34734342, -0.3504796, -0.15), (-0.4080197, -0.3063957, -0.15), (-0.22041948, -0.55857664, -0.15), (-0.28109574, -0.51449275, -0.15), (-0.34177202, -0.47040886, -0.15), (-0.4024483, -0.42632496, -0.15), (-0.46312457, -0.38224107, -0.15), (-0.27552435, -0.634422, -0.15), (-0.33620062, -0.5903381, -0.15), (-0.3968769, -0.5462542, -0.15), (-0.45755318, -0.5021703, -0.15), (-0.5182294, -0.4580864, -0.15), (-0.3306292, -0.7102673, -0.15), (-0.39130548, -0.6661834, -0.15), (-0.45198175, -0.6220995, -0.15), (-0.51265806, -0.5780156, -0.15), (-0.57333434, -0.53393173, -0.15), (-0.38573408, -0.78611267, -0.15), (-0.44641036, -0.7420288, -0.15), (-0.50708663, -0.6979449, -0.15), (-0.5677629, -0.653861, -0.15), (-0.6284392, -0.6097771, -0.15), (-0.44083893, -0.861958, -0.15), (-0.5015152, -0.81787413, -0.15), (-0.5621915, -0.77379024, -0.15), (-0.62286776, -0.72970635, -0.15), (-0.68354404, -0.68562245, -0.15), (-0.49594378, -0.9378033, -0.15), (-0.55662006, -0.89371943, -0.15), (-0.61729634, -0.84963554, -0.15), (-0.6779726, -0.80555165, -0.15), (-0.7386489, -0.76146775, -0.15), (-0.55104864, -1.0136486, -0.15), (-0.6117249, -0.96956474, -0.15), (-0.6724012, -0.92548084, -0.15), (-0.73307747, -0.88139695, -0.15), (-0.79375374, -0.83731306, -0.15), (-0.6061535, -1.089494, -0.15), (-0.66682976, -1.0454102, -0.15), (-0.72750604, -1.0013262, -0.15), (-0.7881823, -0.9572423, -0.15), (-0.8488586, -0.9131584, -0.15), (-0.6612584, -1.1653394, -0.15), (-0.7219347, -1.1212554, -0.15), (-0.78261095, -1.0771716, -0.15), (-0.8432872, -1.0330876, -0.15), (-0.9039635, -0.9890038, -0.15), (-0.71636325, -1.2411847, -0.15), (-0.7770395, -1.1971008, -0.15), (-0.8377158, -1.1530169, -0.15), (-0.8983921, -1.108933, -0.15), (-0.95906836, -1.0648491, -0.15), (-0.7714681, -1.3170301, -0.15), (-0.8321444, -1.2729461, -0.15), (-0.89282066, -1.2288623, -0.15), (-0.95349693, -1.1847783, -0.15), (-1.0141733, -1.1406945, -0.15), (-0.82657295, -1.3928754, -0.15), (-0.88724923, -1.3487915, -0.15), (-0.9479255, -1.3047076, -0.15), (-1.0086018, -1.2606237, -0.15), (-1.0692781, -1.2165399, -0.15), (-0.88167787, -1.4687207, -0.15), (-0.94235414, -1.4246368, -0.15), (-1.0030304, -1.3805529, -0.15), (-1.0637066, -1.336469, -0.15), (-1.124383, -1.2923851, -0.15), (-0.05510486, -0.3310406, -0.09), (-0.115781136, -0.2869567, -0.09), (-0.17645742, -0.2428728, -0.09), (-0.2371337, -0.19878891, -0.09), (-0.29780996, -0.15470502, -0.09), (-0.110209726, -0.40688592, -0.09), (-0.17088601, -0.36280203, -0.09), (-0.23156229, -0.31871814, -0.09), (-0.29223856, -0.27463424, -0.09), (-0.35291484, -0.23055036, -0.09), (-0.1653146, -0.48273128, -0.09), (-0.22599088, -0.4386474, -0.09), (-0.28666714, -0.3945635, -0.09), (-0.34734342, -0.3504796, -0.09), (-0.4080197, -0.3063957, -0.09), (-0.22041948, -0.55857664, -0.09), (-0.28109574, -0.51449275, -0.09), (-0.34177202, -0.47040886, -0.09), (-0.4024483, -0.42632496, -0.09), (-0.46312457, -0.38224107, -0.09), (-0.27552435, -0.634422, -0.09), (-0.33620062, -0.5903381, -0.09), (-0.3968769, -0.5462542, -0.09), (-0.45755318, -0.5021703, -0.09), (-0.5182294, -0.4580864, -0.09), (-0.3306292, -0.7102673, -0.09), (-0.39130548, -0.6661834, -0.09), (-0.45198175, -0.6220995, -0.09), (-0.51265806, -0.5780156, -0.09), (-0.57333434, -0.53393173, -0.09), (-0.38573408, -0.78611267, -0.09), (-0.44641036, -0.7420288, -0.09), (-0.50708663, -0.6979449, -0.09), (-0.5677629, -0.653861, -0.09), (-0.6284392, -0.6097771, -0.09), (-0.44083893, -0.861958, -0.09), (-0.5015152, -0.81787413, -0.09), (-0.5621915, -0.77379024, -0.09), (-0.62286776, -0.72970635, -0.09), (-0.68354404, -0.68562245, -0.09), (-0.49594378, -0.9378033, -0.09), (-0.55662006, -0.89371943, -0.09), (-0.61729634, -0.84963554, -0.09), (-0.6779726, -0.80555165, -0.09), (-0.7386489, -0.76146775, -0.09), (-0.55104864, -1.0136486, -0.09), (-0.6117249, -0.96956474, -0.09), (-0.6724012, -0.92548084, -0.09), (-0.73307747, -0.88139695, -0.09), (-0.79375374, -0.83731306, -0.09), (-0.6061535, -1.089494, -0.09), (-0.66682976, -1.0454102, -0.09), (-0.72750604, -1.0013262, -0.09), (-0.7881823, -0.9572423, -0.09), (-0.8488586, -0.9131584, -0.09), (-0.6612584, -1.1653394, -0.09), (-0.7219347, -1.1212554, -0.09), (-0.78261095, -1.0771716, -0.09), (-0.8432872, -1.0330876, -0.09), (-0.9039635, -0.9890038, -0.09), (-0.71636325, -1.2411847, -0.09), (-0.7770395, -1.1971008, -0.09), (-0.8377158, -1.1530169, -0.09), (-0.8983921, -1.108933, -0.09), (-0.95906836, -1.0648491, -0.09), (-0.7714681, -1.3170301, -0.09), (-0.8321444, -1.2729461, -0.09), (-0.89282066, -1.2288623, -0.09), (-0.95349693, -1.1847783, -0.09), (-1.0141733, -1.1406945, -0.09), (-0.82657295, -1.3928754, -0.09), (-0.88724923, -1.3487915, -0.09), (-0.9479255, -1.3047076, -0.09), (-1.0086018, -1.2606237, -0.09), (-1.0692781, -1.2165399, -0.09), (-0.88167787, -1.4687207, -0.09), (-0.94235414, -1.4246368, -0.09), (-1.0030304, -1.3805529, -0.09), (-1.0637066, -1.336469, -0.09), (-1.124383, -1.2923851, -0.09), (-0.05510486, -0.3310406, -0.03), (-0.115781136, -0.2869567, -0.03), (-0.17645742, -0.2428728, -0.03), (-0.2371337, -0.19878891, -0.03), (-0.29780996, -0.15470502, -0.03), (-0.110209726, -0.40688592, -0.03), (-0.17088601, -0.36280203, -0.03), (-0.23156229, -0.31871814, -0.03), (-0.29223856, -0.27463424, -0.03), (-0.35291484, -0.23055036, -0.03), (-0.1653146, -0.48273128, -0.03), (-0.22599088, -0.4386474, -0.03), (-0.28666714, -0.3945635, -0.03), (-0.34734342, -0.3504796, -0.03), (-0.4080197, -0.3063957, -0.03), (-0.22041948, -0.55857664, -0.03), (-0.28109574, -0.51449275, -0.03), (-0.34177202, -0.47040886, -0.03), (-0.4024483, -0.42632496, -0.03), (-0.46312457, -0.38224107, -0.03), (-0.27552435, -0.634422, -0.03), (-0.33620062, -0.5903381, -0.03), (-0.3968769, -0.5462542, -0.03), (-0.45755318, -0.5021703, -0.03), (-0.5182294, -0.4580864, -0.03), (-0.3306292, -0.7102673, -0.03), (-0.39130548, -0.6661834, -0.03), (-0.45198175, -0.6220995, -0.03), (-0.51265806, -0.5780156, -0.03), (-0.57333434, -0.53393173, -0.03), (-0.38573408, -0.78611267, -0.03), (-0.44641036, -0.7420288, -0.03), (-0.50708663, -0.6979449, -0.03), (-0.5677629, -0.653861, -0.03), (-0.6284392, -0.6097771, -0.03), (-0.44083893, -0.861958, -0.03), (-0.5015152, -0.81787413, -0.03), (-0.5621915, -0.77379024, -0.03), (-0.62286776, -0.72970635, -0.03), (-0.68354404, -0.68562245, -0.03), (-0.49594378, -0.9378033, -0.03), (-0.55662006, -0.89371943, -0.03), (-0.61729634, -0.84963554, -0.03), (-0.6779726, -0.80555165, -0.03), (-0.7386489, -0.76146775, -0.03), (-0.55104864, -1.0136486, -0.03), (-0.6117249, -0.96956474, -0.03), (-0.6724012, -0.92548084, -0.03), (-0.73307747, -0.88139695, -0.03), (-0.79375374, -0.83731306, -0.03), (-0.6061535, -1.089494, -0.03), (-0.66682976, -1.0454102, -0.03), (-0.72750604, -1.0013262, -0.03), (-0.7881823, -0.9572423, -0.03), (-0.8488586, -0.9131584, -0.03), (-0.6612584, -1.1653394, -0.03), (-0.7219347, -1.1212554, -0.03), (-0.78261095, -1.0771716, -0.03), (-0.8432872, -1.0330876, -0.03), (-0.9039635, -0.9890038, -0.03), (-0.71636325, -1.2411847, -0.03), (-0.7770395, -1.1971008, -0.03), (-0.8377158, -1.1530169, -0.03), (-0.8983921, -1.108933, -0.03), (-0.95906836, -1.0648491, -0.03), (-0.7714681, -1.3170301, -0.03), (-0.8321444, -1.2729461, -0.03), (-0.89282066, -1.2288623, -0.03), (-0.95349693, -1.1847783, -0.03), (-1.0141733, -1.1406945, -0.03), (-0.82657295, -1.3928754, -0.03), (-0.88724923, -1.3487915, -0.03), (-0.9479255, -1.3047076, -0.03), (-1.0086018, -1.2606237, -0.03), (-1.0692781, -1.2165399, -0.03), (-0.88167787, -1.4687207, -0.03), (-0.94235414, -1.4246368, -0.03), (-1.0030304, -1.3805529, -0.03), (-1.0637066, -1.336469, -0.03), (-1.124383, -1.2923851, -0.03), (-0.05510486, -0.3310406, 0.03), (-0.115781136, -0.2869567, 0.03), (-0.17645742, -0.2428728, 0.03), (-0.2371337, -0.19878891, 0.03), (-0.29780996, -0.15470502, 0.03), (-0.110209726, -0.40688592, 0.03), (-0.17088601, -0.36280203, 0.03), (-0.23156229, -0.31871814, 0.03), (-0.29223856, -0.27463424, 0.03), (-0.35291484, -0.23055036, 0.03), (-0.1653146, -0.48273128, 0.03), (-0.22599088, -0.4386474, 0.03), (-0.28666714, -0.3945635, 0.03), (-0.34734342, -0.3504796, 0.03), (-0.4080197, -0.3063957, 0.03), (-0.22041948, -0.55857664, 0.03), (-0.28109574, -0.51449275, 0.03), (-0.34177202, -0.47040886, 0.03), (-0.4024483, -0.42632496, 0.03), (-0.46312457, -0.38224107, 0.03), (-0.27552435, -0.634422, 0.03), (-0.33620062, -0.5903381, 0.03), (-0.3968769, -0.5462542, 0.03), (-0.45755318, -0.5021703, 0.03), (-0.5182294, -0.4580864, 0.03), (-0.3306292, -0.7102673, 0.03), (-0.39130548, -0.6661834, 0.03), (-0.45198175, -0.6220995, 0.03), (-0.51265806, -0.5780156, 0.03), (-0.57333434, -0.53393173, 0.03), (-0.38573408, -0.78611267, 0.03), (-0.44641036, -0.7420288, 0.03), (-0.50708663, -0.6979449, 0.03), (-0.5677629, -0.653861, 0.03), (-0.6284392, -0.6097771, 0.03), (-0.44083893, -0.861958, 0.03), (-0.5015152, -0.81787413, 0.03), (-0.5621915, -0.77379024, 0.03), (-0.62286776, -0.72970635, 0.03), (-0.68354404, -0.68562245, 0.03), (-0.49594378, -0.9378033, 0.03), (-0.55662006, -0.89371943, 0.03), (-0.61729634, -0.84963554, 0.03), (-0.6779726, -0.80555165, 0.03), (-0.7386489, -0.76146775, 0.03), (-0.55104864, -1.0136486, 0.03), (-0.6117249, -0.96956474, 0.03), (-0.6724012, -0.92548084, 0.03), (-0.73307747, -0.88139695, 0.03), (-0.79375374, -0.83731306, 0.03), (-0.6061535, -1.089494, 0.03), (-0.66682976, -1.0454102, 0.03), (-0.72750604, -1.0013262, 0.03), (-0.7881823, -0.9572423, 0.03), (-0.8488586, -0.9131584, 0.03), (-0.6612584, -1.1653394, 0.03), (-0.7219347, -1.1212554, 0.03), (-0.78261095, -1.0771716, 0.03), (-0.8432872, -1.0330876, 0.03), (-0.9039635, -0.9890038, 0.03), (-0.71636325, -1.2411847, 0.03), (-0.7770395, -1.1971008, 0.03), (-0.8377158, -1.1530169, 0.03), (-0.8983921, -1.108933, 0.03), (-0.95906836, -1.0648491, 0.03), (-0.7714681, -1.3170301, 0.03), (-0.8321444, -1.2729461, 0.03), (-0.89282066, -1.2288623, 0.03), (-0.95349693, -1.1847783, 0.03), (-1.0141733, -1.1406945, 0.03), (-0.82657295, -1.3928754, 0.03), (-0.88724923, -1.3487915, 0.03), (-0.9479255, -1.3047076, 0.03), (-1.0086018, -1.2606237, 0.03), (-1.0692781, -1.2165399, 0.03), (-0.88167787, -1.4687207, 0.03), (-0.94235414, -1.4246368, 0.03), (-1.0030304, -1.3805529, 0.03), (-1.0637066, -1.336469, 0.03), (-1.124383, -1.2923851, 0.03), (-0.05510486, -0.3310406, 0.09), (-0.115781136, -0.2869567, 0.09), (-0.17645742, -0.2428728, 0.09), (-0.2371337, -0.19878891, 0.09), (-0.29780996, -0.15470502, 0.09), (-0.110209726, -0.40688592, 0.09), (-0.17088601, -0.36280203, 0.09), (-0.23156229, -0.31871814, 0.09), (-0.29223856, -0.27463424, 0.09), (-0.35291484, -0.23055036, 0.09), (-0.1653146, -0.48273128, 0.09), (-0.22599088, -0.4386474, 0.09), (-0.28666714, -0.3945635, 0.09), (-0.34734342, -0.3504796, 0.09), (-0.4080197, -0.3063957, 0.09), (-0.22041948, -0.55857664, 0.09), (-0.28109574, -0.51449275, 0.09), (-0.34177202, -0.47040886, 0.09), (-0.4024483, -0.42632496, 0.09), (-0.46312457, -0.38224107, 0.09), (-0.27552435, -0.634422, 0.09), (-0.33620062, -0.5903381, 0.09), (-0.3968769, -0.5462542, 0.09), (-0.45755318, -0.5021703, 0.09), (-0.5182294, -0.4580864, 0.09), (-0.3306292, -0.7102673, 0.09), (-0.39130548, -0.6661834, 0.09), (-0.45198175, -0.6220995, 0.09), (-0.51265806, -0.5780156, 0.09), (-0.57333434, -0.53393173, 0.09), (-0.38573408, -0.78611267, 0.09), (-0.44641036, -0.7420288, 0.09), (-0.50708663, -0.6979449, 0.09), (-0.5677629, -0.653861, 0.09), (-0.6284392, -0.6097771, 0.09), (-0.44083893, -0.861958, 0.09), (-0.5015152, -0.81787413, 0.09), (-0.5621915, -0.77379024, 0.09), (-0.62286776, -0.72970635, 0.09), (-0.68354404, -0.68562245, 0.09), (-0.49594378, -0.9378033, 0.09), (-0.55662006, -0.89371943, 0.09), (-0.61729634, -0.84963554, 0.09), (-0.6779726, -0.80555165, 0.09), (-0.7386489, -0.76146775, 0.09), (-0.55104864, -1.0136486, 0.09), (-0.6117249, -0.96956474, 0.09), (-0.6724012, -0.92548084, 0.09), (-0.73307747, -0.88139695, 0.09), (-0.79375374, -0.83731306, 0.09), (-0.6061535, -1.089494, 0.09), (-0.66682976, -1.0454102, 0.09), (-0.72750604, -1.0013262, 0.09), (-0.7881823, -0.9572423, 0.09), (-0.8488586, -0.9131584, 0.09), (-0.6612584, -1.1653394, 0.09), (-0.7219347, -1.1212554, 0.09), (-0.78261095, -1.0771716, 0.09), (-0.8432872, -1.0330876, 0.09), (-0.9039635, -0.9890038, 0.09), (-0.71636325, -1.2411847, 0.09), (-0.7770395, -1.1971008, 0.09), (-0.8377158, -1.1530169, 0.09), (-0.8983921, -1.108933, 0.09), (-0.95906836, -1.0648491, 0.09), (-0.7714681, -1.3170301, 0.09), (-0.8321444, -1.2729461, 0.09), (-0.89282066, -1.2288623, 0.09), (-0.95349693, -1.1847783, 0.09), (-1.0141733, -1.1406945, 0.09), (-0.82657295, -1.3928754, 0.09), (-0.88724923, -1.3487915, 0.09), (-0.9479255, -1.3047076, 0.09), (-1.0086018, -1.2606237, 0.09), (-1.0692781, -1.2165399, 0.09), (-0.88167787, -1.4687207, 0.09), (-0.94235414, -1.4246368, 0.09), (-1.0030304, -1.3805529, 0.09), (-1.0637066, -1.336469, 0.09), (-1.124383, -1.2923851, 0.09), (-0.05510486, -0.3310406, 0.15), (-0.115781136, -0.2869567, 0.15), (-0.17645742, -0.2428728, 0.15), (-0.2371337, -0.19878891, 0.15), (-0.29780996, -0.15470502, 0.15), (-0.110209726, -0.40688592, 0.15), (-0.17088601, -0.36280203, 0.15), (-0.23156229, -0.31871814, 0.15), (-0.29223856, -0.27463424, 0.15), (-0.35291484, -0.23055036, 0.15), (-0.1653146, -0.48273128, 0.15), (-0.22599088, -0.4386474, 0.15), (-0.28666714, -0.3945635, 0.15), (-0.34734342, -0.3504796, 0.15), (-0.4080197, -0.3063957, 0.15), (-0.22041948, -0.55857664, 0.15), (-0.28109574, -0.51449275, 0.15), (-0.34177202, -0.47040886, 0.15), (-0.4024483, -0.42632496, 0.15), (-0.46312457, -0.38224107, 0.15), (-0.27552435, -0.634422, 0.15), (-0.33620062, -0.5903381, 0.15), (-0.3968769, -0.5462542, 0.15), (-0.45755318, -0.5021703, 0.15), (-0.5182294, -0.4580864, 0.15), (-0.3306292, -0.7102673, 0.15), (-0.39130548, -0.6661834, 0.15), (-0.45198175, -0.6220995, 0.15), (-0.51265806, -0.5780156, 0.15), (-0.57333434, -0.53393173, 0.15), (-0.38573408, -0.78611267, 0.15), (-0.44641036, -0.7420288, 0.15), (-0.50708663, -0.6979449, 0.15), (-0.5677629, -0.653861, 0.15), (-0.6284392, -0.6097771, 0.15), (-0.44083893, -0.861958, 0.15), (-0.5015152, -0.81787413, 0.15), (-0.5621915, -0.77379024, 0.15), (-0.62286776, -0.72970635, 0.15), (-0.68354404, -0.68562245, 0.15), (-0.49594378, -0.9378033, 0.15), (-0.55662006, -0.89371943, 0.15), (-0.61729634, -0.84963554, 0.15), (-0.6779726, -0.80555165, 0.15), (-0.7386489, -0.76146775, 0.15), (-0.55104864, -1.0136486, 0.15), (-0.6117249, -0.96956474, 0.15), (-0.6724012, -0.92548084, 0.15), (-0.73307747, -0.88139695, 0.15), (-0.79375374, -0.83731306, 0.15), (-0.6061535, -1.089494, 0.15), (-0.66682976, -1.0454102, 0.15), (-0.72750604, -1.0013262, 0.15), (-0.7881823, -0.9572423, 0.15), (-0.8488586, -0.9131584, 0.15), (-0.6612584, -1.1653394, 0.15), (-0.7219347, -1.1212554, 0.15), (-0.78261095, -1.0771716, 0.15), (-0.8432872, -1.0330876, 0.15), (-0.9039635, -0.9890038, 0.15), (-0.71636325, -1.2411847, 0.15), (-0.7770395, -1.1971008, 0.15), (-0.8377158, -1.1530169, 0.15), (-0.8983921, -1.108933, 0.15), (-0.95906836, -1.0648491, 0.15), (-0.7714681, -1.3170301, 0.15), (-0.8321444, -1.2729461, 0.15), (-0.89282066, -1.2288623, 0.15), (-0.95349693, -1.1847783, 0.15), (-1.0141733, -1.1406945, 0.15), (-0.82657295, -1.3928754, 0.15), (-0.88724923, -1.3487915, 0.15), (-0.9479255, -1.3047076, 0.15), (-1.0086018, -1.2606237, 0.15), (-1.0692781, -1.2165399, 0.15), (-0.88167787, -1.4687207, 0.15), (-0.94235414, -1.4246368, 0.15), (-1.0030304, -1.3805529, 0.15), (-1.0637066, -1.336469, 0.15), (-1.124383, -1.2923851, 0.15), (-1.0776196, -1.3727133, -0.15), (-1.0776196, -1.3727133, -0.09), (-1.0715463, -1.4110582, -0.15), (-1.0715463, -1.4110582, -0.09), (-1.0471144, -1.4412292, -0.15), (-1.0471144, -1.4412292, -0.09), (-1.01087, -1.455142, -0.15), (-1.01087, -1.455142, -0.09), (-0.9725252, -1.4490689, -0.15), (-0.9725252, -1.4490689, -0.09), (-1.1522087, -1.3648738, -0.15), (-1.1522087, -1.3648738, -0.09), (-1.1400622, -1.4415634, -0.15), (-1.1400622, -1.4415634, -0.09), (-1.0911982, -1.5019054, -0.15), (-1.0911982, -1.5019054, -0.09), (-1.0187097, -1.5297312, -0.15), (-1.0187097, -1.5297312, -0.09), (-0.94201994, -1.5175848, -0.15), (-0.94201994, -1.5175848, -0.09), (-1.0776196, -1.3727133, -0.03), (-1.0715463, -1.4110582, -0.03), (-1.0471144, -1.4412292, -0.03), (-1.01087, -1.455142, -0.03), (-0.9725252, -1.4490689, -0.03), (-1.1522087, -1.3648738, -0.03), (-1.1400622, -1.4415634, -0.03), (-1.0911982, -1.5019054, -0.03), (-1.0187097, -1.5297312, -0.03), (-0.94201994, -1.5175848, -0.03), (-1.0776196, -1.3727133, 0.03), (-1.0715463, -1.4110582, 0.03), (-1.0471144, -1.4412292, 0.03), (-1.01087, -1.455142, 0.03), (-0.9725252, -1.4490689, 0.03), (-1.1522087, -1.3648738, 0.03), (-1.1400622, -1.4415634, 0.03), (-1.0911982, -1.5019054, 0.03), (-1.0187097, -1.5297312, 0.03), (-0.94201994, -1.5175848, 0.03), (-1.0776196, -1.3727133, 0.09), (-1.0715463, -1.4110582, 0.09), (-1.0471144, -1.4412292, 0.09), (-1.01087, -1.455142, 0.09), (-0.9725252, -1.4490689, 0.09), (-1.1522087, -1.3648738, 0.09), (-1.1400622, -1.4415634, 0.09), (-1.0911982, -1.5019054, 0.09), (-1.0187097, -1.5297312, 0.09), (-0.94201994, -1.5175848, 0.09), (-1.0776196, -1.3727133, 0.15), (-1.0715463, -1.4110582, 0.15), (-1.0471144, -1.4412292, 0.15), (-1.01087, -1.455142, 0.15), (-0.9725252, -1.4490689, 0.15), (-1.1522087, -1.3648738, 0.15), (-1.1400622, -1.4415634, 0.15), (-1.0911982, -1.5019054, 0.15), (-1.0187097, -1.5297312, 0.15), (-0.94201994, -1.5175848, 0.15), (0.29780996, -0.15470502, -0.15), (0.2371337, -0.19878891, -0.15), (0.17645742, -0.2428728, -0.15), (0.115781136, -0.2869567, -0.15), (0.05510486, -0.3310406, -0.15), (0.35291484, -0.23055036, -0.15), (0.29223856, -0.27463424, -0.15), (0.23156229, -0.31871814, -0.15), (0.17088601, -0.36280203, -0.15), (0.110209726, -0.40688592, -0.15), (0.4080197, -0.3063957, -0.15), (0.34734342, -0.3504796, -0.15), (0.28666714, -0.3945635, -0.15), (0.22599088, -0.4386474, -0.15), (0.1653146, -0.48273128, -0.15), (0.46312457, -0.38224107, -0.15), (0.4024483, -0.42632496, -0.15), (0.34177202, -0.47040886, -0.15), (0.28109574, -0.51449275, -0.15), (0.22041948, -0.55857664, -0.15), (0.5182294, -0.4580864, -0.15), (0.45755318, -0.5021703, -0.15), (0.3968769, -0.5462542, -0.15), (0.33620062, -0.5903381, -0.15), (0.27552435, -0.634422, -0.15), (0.57333434, -0.53393173, -0.15), (0.51265806, -0.5780156, -0.15), (0.45198175, -0.6220995, -0.15), (0.39130548, -0.6661834, -0.15), (0.3306292, -0.7102673, -0.15), (0.6284392, -0.6097771, -0.15), (0.5677629, -0.653861, -0.15), (0.50708663, -0.6979449, -0.15), (0.44641036, -0.7420288, -0.15), (0.38573408, -0.78611267, -0.15), (0.68354404, -0.68562245, -0.15), (0.62286776, -0.72970635, -0.15), (0.5621915, -0.77379024, -0.15), (0.5015152, -0.81787413, -0.15), (0.44083893, -0.861958, -0.15), (0.7386489, -0.76146775, -0.15), (0.6779726, -0.80555165, -0.15), (0.61729634, -0.84963554, -0.15), (0.55662006, -0.89371943, -0.15), (0.49594378, -0.9378033, -0.15), (0.79375374, -0.83731306, -0.15), (0.73307747, -0.88139695, -0.15), (0.6724012, -0.92548084, -0.15), (0.6117249, -0.96956474, -0.15), (0.55104864, -1.0136486, -0.15), (0.8488586, -0.9131584, -0.15), (0.7881823, -0.9572423, -0.15), (0.72750604, -1.0013262, -0.15), (0.66682976, -1.0454102, -0.15), (0.6061535, -1.089494, -0.15), (0.9039635, -0.9890038, -0.15), (0.8432872, -1.0330876, -0.15), (0.78261095, -1.0771716, -0.15), (0.7219347, -1.1212554, -0.15), (0.6612584, -1.1653394, -0.15), (0.95906836, -1.0648491, -0.15), (0.8983921, -1.108933, -0.15), (0.8377158, -1.1530169, -0.15), (0.7770395, -1.1971008, -0.15), (0.71636325, -1.2411847, -0.15), (1.0141733, -1.1406945, -0.15), (0.95349693, -1.1847783, -0.15), (0.89282066, -1.2288623, -0.15), (0.8321444, -1.2729461, -0.15), (0.7714681, -1.3170301, -0.15), (1.0692781, -1.2165399, -0.15), (1.0086018, -1.2606237, -0.15), (0.9479255, -1.3047076, -0.15), (0.88724923, -1.3487915, -0.15), (0.82657295, -1.3928754, -0.15), (1.124383, -1.2923851, -0.15), (1.0637066, -1.336469, -0.15), (1.0030304, -1.3805529, -0.15), (0.94235414, -1.4246368, -0.15), (0.88167787, -1.4687207, -0.15), (0.29780996, -0.15470502, -0.09), (0.2371337, -0.19878891, -0.09), (0.17645742, -0.2428728, -0.09), (0.115781136, -0.2869567, -0.09), (0.05510486, -0.3310406, -0.09), (0.35291484, -0.23055036, -0.09), (0.29223856, -0.27463424, -0.09), (0.23156229, -0.31871814, -0.09), (0.17088601, -0.36280203, -0.09), (0.110209726, -0.40688592, -0.09), (0.4080197, -0.3063957, -0.09), (0.34734342, -0.3504796, -0.09), (0.28666714, -0.3945635, -0.09), (0.22599088, -0.4386474, -0.09), (0.1653146, -0.48273128, -0.09), (0.46312457, -0.38224107, -0.09), (0.4024483, -0.42632496, -0.09), (0.34177202, -0.47040886, -0.09), (0.28109574, -0.51449275, -0.09), (0.22041948, -0.55857664, -0.09), (0.5182294, -0.4580864, -0.09), (0.45755318, -0.5021703, -0.09), (0.3968769, -0.5462542, -0.09), (0.33620062, -0.5903381, -0.09), (0.27552435, -0.634422, -0.09), (0.57333434, -0.53393173, -0.09), (0.51265806, -0.5780156, -0.09), (0.45198175, -0.6220995, -0.09), (0.39130548, -0.6661834, -0.09), (0.3306292, -0.7102673, -0.09), (0.6284392, -0.6097771, -0.09), (0.5677629, -0.653861, -0.09), (0.50708663, -0.6979449, -0.09), (0.44641036, -0.7420288, -0.09), (0.38573408, -0.78611267, -0.09), (0.68354404, -0.68562245, -0.09), (0.62286776, -0.72970635, -0.09), (0.5621915, -0.77379024, -0.09), (0.5015152, -0.81787413, -0.09), (0.44083893, -0.861958, -0.09), (0.7386489, -0.76146775, -0.09), (0.6779726, -0.80555165, -0.09), (0.61729634, -0.84963554, -0.09), (0.55662006, -0.89371943, -0.09), (0.49594378, -0.9378033, -0.09), (0.79375374, -0.83731306, -0.09), (0.73307747, -0.88139695, -0.09), (0.6724012, -0.92548084, -0.09), (0.6117249, -0.96956474, -0.09), (0.55104864, -1.0136486, -0.09), (0.8488586, -0.9131584, -0.09), (0.7881823, -0.9572423, -0.09), (0.72750604, -1.0013262, -0.09), (0.66682976, -1.0454102, -0.09), (0.6061535, -1.089494, -0.09), (0.9039635, -0.9890038, -0.09), (0.8432872, -1.0330876, -0.09), (0.78261095, -1.0771716, -0.09), (0.7219347, -1.1212554, -0.09), (0.6612584, -1.1653394, -0.09), (0.95906836, -1.0648491, -0.09), (0.8983921, -1.108933, -0.09), (0.8377158, -1.1530169, -0.09), (0.7770395, -1.1971008, -0.09), (0.71636325, -1.2411847, -0.09), (1.0141733, -1.1406945, -0.09), (0.95349693, -1.1847783, -0.09), (0.89282066, -1.2288623, -0.09), (0.8321444, -1.2729461, -0.09), (0.7714681, -1.3170301, -0.09), (1.0692781, -1.2165399, -0.09), (1.0086018, -1.2606237, -0.09), (0.9479255, -1.3047076, -0.09), (0.88724923, -1.3487915, -0.09), (0.82657295, -1.3928754, -0.09), (1.124383, -1.2923851, -0.09), (1.0637066, -1.336469, -0.09), (1.0030304, -1.3805529, -0.09), (0.94235414, -1.4246368, -0.09), (0.88167787, -1.4687207, -0.09), (0.29780996, -0.15470502, -0.03), (0.2371337, -0.19878891, -0.03), (0.17645742, -0.2428728, -0.03), (0.115781136, -0.2869567, -0.03), (0.05510486, -0.3310406, -0.03), (0.35291484, -0.23055036, -0.03), (0.29223856, -0.27463424, -0.03), (0.23156229, -0.31871814, -0.03), (0.17088601, -0.36280203, -0.03), (0.110209726, -0.40688592, -0.03), (0.4080197, -0.3063957, -0.03), (0.34734342, -0.3504796, -0.03), (0.28666714, -0.3945635, -0.03), (0.22599088, -0.4386474, -0.03), (0.1653146, -0.48273128, -0.03), (0.46312457, -0.38224107, -0.03), (0.4024483, -0.42632496, -0.03), (0.34177202, -0.47040886, -0.03), (0.28109574, -0.51449275, -0.03), (0.22041948, -0.55857664, -0.03), (0.5182294, -0.4580864, -0.03), (0.45755318, -0.5021703, -0.03), (0.3968769, -0.5462542, -0.03), (0.33620062, -0.5903381, -0.03), (0.27552435, -0.634422, -0.03), (0.57333434, -0.53393173, -0.03), (0.51265806, -0.5780156, -0.03), (0.45198175, -0.6220995, -0.03), (0.39130548, -0.6661834, -0.03), (0.3306292, -0.7102673, -0.03), (0.6284392, -0.6097771, -0.03), (0.5677629, -0.653861, -0.03), (0.50708663, -0.6979449, -0.03), (0.44641036, -0.7420288, -0.03), (0.38573408, -0.78611267, -0.03), (0.68354404, -0.68562245, -0.03), (0.62286776, -0.72970635, -0.03), (0.5621915, -0.77379024, -0.03), (0.5015152, -0.81787413, -0.03), (0.44083893, -0.861958, -0.03), (0.7386489, -0.76146775, -0.03), (0.6779726, -0.80555165, -0.03), (0.61729634, -0.84963554, -0.03), (0.55662006, -0.89371943, -0.03), (0.49594378, -0.9378033, -0.03), (0.79375374, -0.83731306, -0.03), (0.73307747, -0.88139695, -0.03), (0.6724012, -0.92548084, -0.03), (0.6117249, -0.96956474, -0.03), (0.55104864, -1.0136486, -0.03), (0.8488586, -0.9131584, -0.03), (0.7881823, -0.9572423, -0.03), (0.72750604, -1.0013262, -0.03), (0.66682976, -1.0454102, -0.03), (0.6061535, -1.089494, -0.03), (0.9039635, -0.9890038, -0.03), (0.8432872, -1.0330876, -0.03), (0.78261095, -1.0771716, -0.03), (0.7219347, -1.1212554, -0.03), (0.6612584, -1.1653394, -0.03), (0.95906836, -1.0648491, -0.03), (0.8983921, -1.108933, -0.03), (0.8377158, -1.1530169, -0.03), (0.7770395, -1.1971008, -0.03), (0.71636325, -1.2411847, -0.03), (1.0141733, -1.1406945, -0.03), (0.95349693, -1.1847783, -0.03), (0.89282066, -1.2288623, -0.03), (0.8321444, -1.2729461, -0.03), (0.7714681, -1.3170301, -0.03), (1.0692781, -1.2165399, -0.03), (1.0086018, -1.2606237, -0.03), (0.9479255, -1.3047076, -0.03), (0.88724923, -1.3487915, -0.03), (0.82657295, -1.3928754, -0.03), (1.124383, -1.2923851, -0.03), (1.0637066, -1.336469, -0.03), (1.0030304, -1.3805529, -0.03), (0.94235414, -1.4246368, -0.03), (0.88167787, -1.4687207, -0.03), (0.29780996, -0.15470502, 0.03), (0.2371337, -0.19878891, 0.03), (0.17645742, -0.2428728, 0.03), (0.115781136, -0.2869567, 0.03), (0.05510486, -0.3310406, 0.03), (0.35291484, -0.23055036, 0.03), (0.29223856, -0.27463424, 0.03), (0.23156229, -0.31871814, 0.03), (0.17088601, -0.36280203, 0.03), (0.110209726, -0.40688592, 0.03), (0.4080197, -0.3063957, 0.03), (0.34734342, -0.3504796, 0.03), (0.28666714, -0.3945635, 0.03), (0.22599088, -0.4386474, 0.03), (0.1653146, -0.48273128, 0.03), (0.46312457, -0.38224107, 0.03), (0.4024483, -0.42632496, 0.03), (0.34177202, -0.47040886, 0.03), (0.28109574, -0.51449275, 0.03), (0.22041948, -0.55857664, 0.03), (0.5182294, -0.4580864, 0.03), (0.45755318, -0.5021703, 0.03), (0.3968769, -0.5462542, 0.03), (0.33620062, -0.5903381, 0.03), (0.27552435, -0.634422, 0.03), (0.57333434, -0.53393173, 0.03), (0.51265806, -0.5780156, 0.03), (0.45198175, -0.6220995, 0.03), (0.39130548, -0.6661834, 0.03), (0.3306292, -0.7102673, 0.03), (0.6284392, -0.6097771, 0.03), (0.5677629, -0.653861, 0.03), (0.50708663, -0.6979449, 0.03), (0.44641036, -0.7420288, 0.03), (0.38573408, -0.78611267, 0.03), (0.68354404, -0.68562245, 0.03), (0.62286776, -0.72970635, 0.03), (0.5621915, -0.77379024, 0.03), (0.5015152, -0.81787413, 0.03), (0.44083893, -0.861958, 0.03), (0.7386489, -0.76146775, 0.03), (0.6779726, -0.80555165, 0.03), (0.61729634, -0.84963554, 0.03), (0.55662006, -0.89371943, 0.03), (0.49594378, -0.9378033, 0.03), (0.79375374, -0.83731306, 0.03), (0.73307747, -0.88139695, 0.03), (0.6724012, -0.92548084, 0.03), (0.6117249, -0.96956474, 0.03), (0.55104864, -1.0136486, 0.03), (0.8488586, -0.9131584, 0.03), (0.7881823, -0.9572423, 0.03), (0.72750604, -1.0013262, 0.03), (0.66682976, -1.0454102, 0.03), (0.6061535, -1.089494, 0.03), (0.9039635, -0.9890038, 0.03), (0.8432872, -1.0330876, 0.03), (0.78261095, -1.0771716, 0.03), (0.7219347, -1.1212554, 0.03), (0.6612584, -1.1653394, 0.03), (0.95906836, -1.0648491, 0.03), (0.8983921, -1.108933, 0.03), (0.8377158, -1.1530169, 0.03), (0.7770395, -1.1971008, 0.03), (0.71636325, -1.2411847, 0.03), (1.0141733, -1.1406945, 0.03), (0.95349693, -1.1847783, 0.03), (0.89282066, -1.2288623, 0.03), (0.8321444, -1.2729461, 0.03), (0.7714681, -1.3170301, 0.03), (1.0692781, -1.2165399, 0.03), (1.0086018, -1.2606237, 0.03), (0.9479255, -1.3047076, 0.03), (0.88724923, -1.3487915, 0.03), (0.82657295, -1.3928754, 0.03), (1.124383, -1.2923851, 0.03), (1.0637066, -1.336469, 0.03), (1.0030304, -1.3805529, 0.03), (0.94235414, -1.4246368, 0.03), (0.88167787, -1.4687207, 0.03), (0.29780996, -0.15470502, 0.09), (0.2371337, -0.19878891, 0.09), (0.17645742, -0.2428728, 0.09), (0.115781136, -0.2869567, 0.09), (0.05510486, -0.3310406, 0.09), (0.35291484, -0.23055036, 0.09), (0.29223856, -0.27463424, 0.09), (0.23156229, -0.31871814, 0.09), (0.17088601, -0.36280203, 0.09), (0.110209726, -0.40688592, 0.09), (0.4080197, -0.3063957, 0.09), (0.34734342, -0.3504796, 0.09), (0.28666714, -0.3945635, 0.09), (0.22599088, -0.4386474, 0.09), (0.1653146, -0.48273128, 0.09), (0.46312457, -0.38224107, 0.09), (0.4024483, -0.42632496, 0.09), (0.34177202, -0.47040886, 0.09), (0.28109574, -0.51449275, 0.09), (0.22041948, -0.55857664, 0.09), (0.5182294, -0.4580864, 0.09), (0.45755318, -0.5021703, 0.09), (0.3968769, -0.5462542, 0.09), (0.33620062, -0.5903381, 0.09), (0.27552435, -0.634422, 0.09), (0.57333434, -0.53393173, 0.09), (0.51265806, -0.5780156, 0.09), (0.45198175, -0.6220995, 0.09), (0.39130548, -0.6661834, 0.09), (0.3306292, -0.7102673, 0.09), (0.6284392, -0.6097771, 0.09), (0.5677629, -0.653861, 0.09), (0.50708663, -0.6979449, 0.09), (0.44641036, -0.7420288, 0.09), (0.38573408, -0.78611267, 0.09), (0.68354404, -0.68562245, 0.09), (0.62286776, -0.72970635, 0.09), (0.5621915, -0.77379024, 0.09), (0.5015152, -0.81787413, 0.09), (0.44083893, -0.861958, 0.09), (0.7386489, -0.76146775, 0.09), (0.6779726, -0.80555165, 0.09), (0.61729634, -0.84963554, 0.09), (0.55662006, -0.89371943, 0.09), (0.49594378, -0.9378033, 0.09), (0.79375374, -0.83731306, 0.09), (0.73307747, -0.88139695, 0.09), (0.6724012, -0.92548084, 0.09), (0.6117249, -0.96956474, 0.09), (0.55104864, -1.0136486, 0.09), (0.8488586, -0.9131584, 0.09), (0.7881823, -0.9572423, 0.09), (0.72750604, -1.0013262, 0.09), (0.66682976, -1.0454102, 0.09), (0.6061535, -1.089494, 0.09), (0.9039635, -0.9890038, 0.09), (0.8432872, -1.0330876, 0.09), (0.78261095, -1.0771716, 0.09), (0.7219347, -1.1212554, 0.09), (0.6612584, -1.1653394, 0.09), (0.95906836, -1.0648491, 0.09), (0.8983921, -1.108933, 0.09), (0.8377158, -1.1530169, 0.09), (0.7770395, -1.1971008, 0.09), (0.71636325, -1.2411847, 0.09), (1.0141733, -1.1406945, 0.09), (0.95349693, -1.1847783, 0.09), (0.89282066, -1.2288623, 0.09), (0.8321444, -1.2729461, 0.09), (0.7714681, -1.3170301, 0.09), (1.0692781, -1.2165399, 0.09), (1.0086018, -1.2606237, 0.09), (0.9479255, -1.3047076, 0.09), (0.88724923, -1.3487915, 0.09), (0.82657295, -1.3928754, 0.09), (1.124383, -1.2923851, 0.09), (1.0637066, -1.336469, 0.09), (1.0030304, -1.3805529, 0.09), (0.94235414, -1.4246368, 0.09), (0.88167787, -1.4687207, 0.09), (0.29780996, -0.15470502, 0.15), (0.2371337, -0.19878891, 0.15), (0.17645742, -0.2428728, 0.15), (0.115781136, -0.2869567, 0.15), (0.05510486, -0.3310406, 0.15), (0.35291484, -0.23055036, 0.15), (0.29223856, -0.27463424, 0.15), (0.23156229, -0.31871814, 0.15), (0.17088601, -0.36280203, 0.15), (0.110209726, -0.40688592, 0.15), (0.4080197, -0.3063957, 0.15), (0.34734342, -0.3504796, 0.15), (0.28666714, -0.3945635, 0.15), (0.22599088, -0.4386474, 0.15), (0.1653146, -0.48273128, 0.15), (0.46312457, -0.38224107, 0.15), (0.4024483, -0.42632496, 0.15), (0.34177202, -0.47040886, 0.15), (0.28109574, -0.51449275, 0.15), (0.22041948, -0.55857664, 0.15), (0.5182294, -0.4580864, 0.15), (0.45755318, -0.5021703, 0.15), (0.3968769, -0.5462542, 0.15), (0.33620062, -0.5903381, 0.15), (0.27552435, -0.634422, 0.15), (0.57333434, -0.53393173, 0.15), (0.51265806, -0.5780156, 0.15), (0.45198175, -0.6220995, 0.15), (0.39130548, -0.6661834, 0.15), (0.3306292, -0.7102673, 0.15), (0.6284392, -0.6097771, 0.15), (0.5677629, -0.653861, 0.15), (0.50708663, -0.6979449, 0.15), (0.44641036, -0.7420288, 0.15), (0.38573408, -0.78611267, 0.15), (0.68354404, -0.68562245, 0.15), (0.62286776, -0.72970635, 0.15), (0.5621915, -0.77379024, 0.15), (0.5015152, -0.81787413, 0.15), (0.44083893, -0.861958, 0.15), (0.7386489, -0.76146775, 0.15), (0.6779726, -0.80555165, 0.15), (0.61729634, -0.84963554, 0.15), (0.55662006, -0.89371943, 0.15), (0.49594378, -0.9378033, 0.15), (0.79375374, -0.83731306, 0.15), (0.73307747, -0.88139695, 0.15), (0.6724012, -0.92548084, 0.15), (0.6117249, -0.96956474, 0.15), (0.55104864, -1.0136486, 0.15), (0.8488586, -0.9131584, 0.15), (0.7881823, -0.9572423, 0.15), (0.72750604, -1.0013262, 0.15), (0.66682976, -1.0454102, 0.15), (0.6061535, -1.089494, 0.15), (0.9039635, -0.9890038, 0.15), (0.8432872, -1.0330876, 0.15), (0.78261095, -1.0771716, 0.15), (0.7219347, -1.1212554, 0.15), (0.6612584, -1.1653394, 0.15), (0.95906836, -1.0648491, 0.15), (0.8983921, -1.108933, 0.15), (0.8377158, -1.1530169, 0.15), (0.7770395, -1.1971008, 0.15), (0.71636325, -1.2411847, 0.15), (1.0141733, -1.1406945, 0.15), (0.95349693, -1.1847783, 0.15), (0.89282066, -1.2288623, 0.15), (0.8321444, -1.2729461, 0.15), (0.7714681, -1.3170301, 0.15), (1.0692781, -1.2165399, 0.15), (1.0086018, -1.2606237, 0.15), (0.9479255, -1.3047076, 0.15), (0.88724923, -1.3487915, 0.15), (0.82657295, -1.3928754, 0.15), (1.124383, -1.2923851, 0.15), (1.0637066, -1.336469, 0.15), (1.0030304, -1.3805529, 0.15), (0.94235414, -1.4246368, 0.15), (0.88167787, -1.4687207, 0.15), (0.9725252, -1.4490689, -0.15), (0.9725252, -1.4490689, -0.09), (1.01087, -1.455142, -0.15), (1.01087, -1.455142, -0.09), (1.0471144, -1.4412292, -0.15), (1.0471144, -1.4412292, -0.09), (1.0715463, -1.4110582, -0.15), (1.0715463, -1.4110582, -0.09), (1.0776196, -1.3727133, -0.15), (1.0776196, -1.3727133, -0.09), (0.94201994, -1.5175848, -0.15), (0.94201994, -1.5175848, -0.09), (1.0187097, -1.5297312, -0.15), (1.0187097, -1.5297312, -0.09), (1.0911982, -1.5019054, -0.15), (1.0911982, -1.5019054, -0.09), (1.1400622, -1.4415634, -0.15), (1.1400622, -1.4415634, -0.09), (1.1522087, -1.3648738, -0.15), (1.1522087, -1.3648738, -0.09), (0.9725252, -1.4490689, -0.03), (1.01087, -1.455142, -0.03), (1.0471144, -1.4412292, -0.03), (1.0715463, -1.4110582, -0.03), (1.0776196, -1.3727133, -0.03), (0.94201994, -1.5175848, -0.03), (1.0187097, -1.5297312, -0.03), (1.0911982, -1.5019054, -0.03), (1.1400622, -1.4415634, -0.03), (1.1522087, -1.3648738, -0.03), (0.9725252, -1.4490689, 0.03), (1.01087, -1.455142, 0.03), (1.0471144, -1.4412292, 0.03), (1.0715463, -1.4110582, 0.03), (1.0776196, -1.3727133, 0.03), (0.94201994, -1.5175848, 0.03), (1.0187097, -1.5297312, 0.03), (1.0911982, -1.5019054, 0.03), (1.1400622, -1.4415634, 0.03), (1.1522087, -1.3648738, 0.03), (0.9725252, -1.4490689, 0.09), (1.01087, -1.455142, 0.09), (1.0471144, -1.4412292, 0.09), (1.0715463, -1.4110582, 0.09), (1.0776196, -1.3727133, 0.09), (0.94201994, -1.5175848, 0.09), (1.0187097, -1.5297312, 0.09), (1.0911982, -1.5019054, 0.09), (1.1400622, -1.4415634, 0.09), (1.1522087, -1.3648738, 0.09), (0.9725252, -1.4490689, 0.15), (1.01087, -1.455142, 0.15), (1.0471144, -1.4412292, 0.15), (1.0715463, -1.4110582, 0.15), (1.0776196, -1.3727133, 0.15), (0.94201994, -1.5175848, 0.15), (1.0187097, -1.5297312, 0.15), (1.0911982, -1.5019054, 0.15), (1.1400622, -1.4415634, 0.15), (1.1522087, -1.3648738, 0.15), (0.23916155, 0.23542765, -0.15), (0.26233783, 0.1640984, -0.15), (0.28551412, 0.09276915, -0.15), (0.30869037, 0.021439912, -0.15), (0.33186665, -0.04988933, -0.15), (0.3283231, 0.26439798, -0.15), (0.35149938, 0.19306874, -0.15), (0.37467566, 0.1217395, -0.15), (0.39785194, 0.050410256, -0.15), (0.4210282, -0.020918988, -0.15), (0.41748464, 0.29336834, -0.15), (0.44066092, 0.22203909, -0.15), (0.4638372, 0.15070984, -0.15), (0.4870135, 0.0793806, -0.15), (0.5101898, 0.008051357, -0.15), (0.5066462, 0.32233867, -0.15), (0.5298225, 0.25100943, -0.15), (0.5529988, 0.1796802, -0.15), (0.57617503, 0.108350955, -0.15), (0.59935135, 0.03702171, -0.15), (0.5958078, 0.35130903, -0.15), (0.61898404, 0.2799798, -0.15), (0.64216036, 0.20865054, -0.15), (0.6653366, 0.1373213, -0.15), (0.68851286, 0.06599206, -0.15), (0.6849693, 0.38027936, -0.15), (0.7081456, 0.30895013, -0.15), (0.7313219, 0.23762089, -0.15), (0.7544982, 0.16629164, -0.15), (0.77767444, 0.094962396, -0.15), (0.7741309, 0.40924972, -0.15), (0.79730713, 0.3379205, -0.15), (0.82048345, 0.26659122, -0.15), (0.8436597, 0.19526199, -0.15), (0.866836, 0.12393274, -0.15), (0.86329246, 0.43822005, -0.15), (0.8864687, 0.36689082, -0.15), (0.90964496, 0.29556158, -0.15), (0.9328213, 0.22423233, -0.15), (0.9559975, 0.15290308, -0.15), (0.9524539, 0.46719038, -0.15), (0.9756302, 0.39586115, -0.15), (0.9988065, 0.3245319, -0.15), (1.0219828, 0.25320265, -0.15), (1.045159, 0.18187341, -0.15), (1.0416155, 0.49616072, -0.15), (1.0647918, 0.42483148, -0.15), (1.087968, 0.35350224, -0.15), (1.1111443, 0.282173, -0.15), (1.1343206, 0.21084376, -0.15), (1.130777, 0.52513105, -0.15), (1.1539533, 0.45380184, -0.15), (1.1771296, 0.38247257, -0.15), (1.2003058, 0.31114334, -0.15), (1.2234821, 0.2398141, -0.15), (1.2199386, 0.5541014, -0.15), (1.2431148, 0.48277217, -0.15), (1.2662911, 0.41144294, -0.15), (1.2894675, 0.3401137, -0.15), (1.3126436, 0.26878443, -0.15), (1.3091002, 0.58307177, -0.15), (1.3322765, 0.51174253, -0.15), (1.3554527, 0.44041327, -0.15), (1.378629, 0.36908403, -0.15), (1.4018053, 0.2977548, -0.15), (1.3982617, 0.6120421, -0.15), (1.421438, 0.54071283, -0.15), (1.4446143, 0.46938363, -0.15), (1.4677905, 0.39805436, -0.15), (1.4909668, 0.32672513, -0.15), (1.4874232, 0.64101243, -0.15), (1.5105995, 0.5696832, -0.15), (1.5337758, 0.49835396, -0.15), (1.5569521, 0.42702472, -0.15), (1.5801283, 0.3556955, -0.15), (1.5765848, 0.6699828, -0.15), (1.599761, 0.59865355, -0.15), (1.6229373, 0.5273243, -0.15), (1.6461136, 0.45599505, -0.15), (1.6692898, 0.38466582, -0.15), (0.23916155, 0.23542765, -0.09), (0.26233783, 0.1640984, -0.09), (0.28551412, 0.09276915, -0.09), (0.30869037, 0.021439912, -0.09), (0.33186665, -0.04988933, -0.09), (0.3283231, 0.26439798, -0.09), (0.35149938, 0.19306874, -0.09), (0.37467566, 0.1217395, -0.09), (0.39785194, 0.050410256, -0.09), (0.4210282, -0.020918988, -0.09), (0.41748464, 0.29336834, -0.09), (0.44066092, 0.22203909, -0.09), (0.4638372, 0.15070984, -0.09), (0.4870135, 0.0793806, -0.09), (0.5101898, 0.008051357, -0.09), (0.5066462, 0.32233867, -0.09), (0.5298225, 0.25100943, -0.09), (0.5529988, 0.1796802, -0.09), (0.57617503, 0.108350955, -0.09), (0.59935135, 0.03702171, -0.09), (0.5958078, 0.35130903, -0.09), (0.61898404, 0.2799798, -0.09), (0.64216036, 0.20865054, -0.09), (0.6653366, 0.1373213, -0.09), (0.68851286, 0.06599206, -0.09), (0.6849693, 0.38027936, -0.09), (0.7081456, 0.30895013, -0.09), (0.7313219, 0.23762089, -0.09), (0.7544982, 0.16629164, -0.09), (0.77767444, 0.094962396, -0.09), (0.7741309, 0.40924972, -0.09), (0.79730713, 0.3379205, -0.09), (0.82048345, 0.26659122, -0.09), (0.8436597, 0.19526199, -0.09), (0.866836, 0.12393274, -0.09), (0.86329246, 0.43822005, -0.09), (0.8864687, 0.36689082, -0.09), (0.90964496, 0.29556158, -0.09), (0.9328213, 0.22423233, -0.09), (0.9559975, 0.15290308, -0.09), (0.9524539, 0.46719038, -0.09), (0.9756302, 0.39586115, -0.09), (0.9988065, 0.3245319, -0.09), (1.0219828, 0.25320265, -0.09), (1.045159, 0.18187341, -0.09), (1.0416155, 0.49616072, -0.09), (1.0647918, 0.42483148, -0.09), (1.087968, 0.35350224, -0.09), (1.1111443, 0.282173, -0.09), (1.1343206, 0.21084376, -0.09), (1.130777, 0.52513105, -0.09), (1.1539533, 0.45380184, -0.09), (1.1771296, 0.38247257, -0.09), (1.2003058, 0.31114334, -0.09), (1.2234821, 0.2398141, -0.09), (1.2199386, 0.5541014, -0.09), (1.2431148, 0.48277217, -0.09), (1.2662911, 0.41144294, -0.09), (1.2894675, 0.3401137, -0.09), (1.3126436, 0.26878443, -0.09), (1.3091002, 0.58307177, -0.09), (1.3322765, 0.51174253, -0.09), (1.3554527, 0.44041327, -0.09), (1.378629, 0.36908403, -0.09), (1.4018053, 0.2977548, -0.09), (1.3982617, 0.6120421, -0.09), (1.421438, 0.54071283, -0.09), (1.4446143, 0.46938363, -0.09), (1.4677905, 0.39805436, -0.09), (1.4909668, 0.32672513, -0.09), (1.4874232, 0.64101243, -0.09), (1.5105995, 0.5696832, -0.09), (1.5337758, 0.49835396, -0.09), (1.5569521, 0.42702472, -0.09), (1.5801283, 0.3556955, -0.09), (1.5765848, 0.6699828, -0.09), (1.599761, 0.59865355, -0.09), (1.6229373, 0.5273243, -0.09), (1.6461136, 0.45599505, -0.09), (1.6692898, 0.38466582, -0.09), (0.23916155, 0.23542765, -0.03), (0.26233783, 0.1640984, -0.03), (0.28551412, 0.09276915, -0.03), (0.30869037, 0.021439912, -0.03), (0.33186665, -0.04988933, -0.03), (0.3283231, 0.26439798, -0.03), (0.35149938, 0.19306874, -0.03), (0.37467566, 0.1217395, -0.03), (0.39785194, 0.050410256, -0.03), (0.4210282, -0.020918988, -0.03), (0.41748464, 0.29336834, -0.03), (0.44066092, 0.22203909, -0.03), (0.4638372, 0.15070984, -0.03), (0.4870135, 0.0793806, -0.03), (0.5101898, 0.008051357, -0.03), (0.5066462, 0.32233867, -0.03), (0.5298225, 0.25100943, -0.03), (0.5529988, 0.1796802, -0.03), (0.57617503, 0.108350955, -0.03), (0.59935135, 0.03702171, -0.03), (0.5958078, 0.35130903, -0.03), (0.61898404, 0.2799798, -0.03), (0.64216036, 0.20865054, -0.03), (0.6653366, 0.1373213, -0.03), (0.68851286, 0.06599206, -0.03), (0.6849693, 0.38027936, -0.03), (0.7081456, 0.30895013, -0.03), (0.7313219, 0.23762089, -0.03), (0.7544982, 0.16629164, -0.03), (0.77767444, 0.094962396, -0.03), (0.7741309, 0.40924972, -0.03), (0.79730713, 0.3379205, -0.03), (0.82048345, 0.26659122, -0.03), (0.8436597, 0.19526199, -0.03), (0.866836, 0.12393274, -0.03), (0.86329246, 0.43822005, -0.03), (0.8864687, 0.36689082, -0.03), (0.90964496, 0.29556158, -0.03), (0.9328213, 0.22423233, -0.03), (0.9559975, 0.15290308, -0.03), (0.9524539, 0.46719038, -0.03), (0.9756302, 0.39586115, -0.03), (0.9988065, 0.3245319, -0.03), (1.0219828, 0.25320265, -0.03), (1.045159, 0.18187341, -0.03), (1.0416155, 0.49616072, -0.03), (1.0647918, 0.42483148, -0.03), (1.087968, 0.35350224, -0.03), (1.1111443, 0.282173, -0.03), (1.1343206, 0.21084376, -0.03), (1.130777, 0.52513105, -0.03), (1.1539533, 0.45380184, -0.03), (1.1771296, 0.38247257, -0.03), (1.2003058, 0.31114334, -0.03), (1.2234821, 0.2398141, -0.03), (1.2199386, 0.5541014, -0.03), (1.2431148, 0.48277217, -0.03), (1.2662911, 0.41144294, -0.03), (1.2894675, 0.3401137, -0.03), (1.3126436, 0.26878443, -0.03), (1.3091002, 0.58307177, -0.03), (1.3322765, 0.51174253, -0.03), (1.3554527, 0.44041327, -0.03), (1.378629, 0.36908403, -0.03), (1.4018053, 0.2977548, -0.03), (1.3982617, 0.6120421, -0.03), (1.421438, 0.54071283, -0.03), (1.4446143, 0.46938363, -0.03), (1.4677905, 0.39805436, -0.03), (1.4909668, 0.32672513, -0.03), (1.4874232, 0.64101243, -0.03), (1.5105995, 0.5696832, -0.03), (1.5337758, 0.49835396, -0.03), (1.5569521, 0.42702472, -0.03), (1.5801283, 0.3556955, -0.03), (1.5765848, 0.6699828, -0.03), (1.599761, 0.59865355, -0.03), (1.6229373, 0.5273243, -0.03), (1.6461136, 0.45599505, -0.03), (1.6692898, 0.38466582, -0.03), (0.23916155, 0.23542765, 0.03), (0.26233783, 0.1640984, 0.03), (0.28551412, 0.09276915, 0.03), (0.30869037, 0.021439912, 0.03), (0.33186665, -0.04988933, 0.03), (0.3283231, 0.26439798, 0.03), (0.35149938, 0.19306874, 0.03), (0.37467566, 0.1217395, 0.03), (0.39785194, 0.050410256, 0.03), (0.4210282, -0.020918988, 0.03), (0.41748464, 0.29336834, 0.03), (0.44066092, 0.22203909, 0.03), (0.4638372, 0.15070984, 0.03), (0.4870135, 0.0793806, 0.03), (0.5101898, 0.008051357, 0.03), (0.5066462, 0.32233867, 0.03), (0.5298225, 0.25100943, 0.03), (0.5529988, 0.1796802, 0.03), (0.57617503, 0.108350955, 0.03), (0.59935135, 0.03702171, 0.03), (0.5958078, 0.35130903, 0.03), (0.61898404, 0.2799798, 0.03), (0.64216036, 0.20865054, 0.03), (0.6653366, 0.1373213, 0.03), (0.68851286, 0.06599206, 0.03), (0.6849693, 0.38027936, 0.03), (0.7081456, 0.30895013, 0.03), (0.7313219, 0.23762089, 0.03), (0.7544982, 0.16629164, 0.03), (0.77767444, 0.094962396, 0.03), (0.7741309, 0.40924972, 0.03), (0.79730713, 0.3379205, 0.03), (0.82048345, 0.26659122, 0.03), (0.8436597, 0.19526199, 0.03), (0.866836, 0.12393274, 0.03), (0.86329246, 0.43822005, 0.03), (0.8864687, 0.36689082, 0.03), (0.90964496, 0.29556158, 0.03), (0.9328213, 0.22423233, 0.03), (0.9559975, 0.15290308, 0.03), (0.9524539, 0.46719038, 0.03), (0.9756302, 0.39586115, 0.03), (0.9988065, 0.3245319, 0.03), (1.0219828, 0.25320265, 0.03), (1.045159, 0.18187341, 0.03), (1.0416155, 0.49616072, 0.03), (1.0647918, 0.42483148, 0.03), (1.087968, 0.35350224, 0.03), (1.1111443, 0.282173, 0.03), (1.1343206, 0.21084376, 0.03), (1.130777, 0.52513105, 0.03), (1.1539533, 0.45380184, 0.03), (1.1771296, 0.38247257, 0.03), (1.2003058, 0.31114334, 0.03), (1.2234821, 0.2398141, 0.03), (1.2199386, 0.5541014, 0.03), (1.2431148, 0.48277217, 0.03), (1.2662911, 0.41144294, 0.03), (1.2894675, 0.3401137, 0.03), (1.3126436, 0.26878443, 0.03), (1.3091002, 0.58307177, 0.03), (1.3322765, 0.51174253, 0.03), (1.3554527, 0.44041327, 0.03), (1.378629, 0.36908403, 0.03), (1.4018053, 0.2977548, 0.03), (1.3982617, 0.6120421, 0.03), (1.421438, 0.54071283, 0.03), (1.4446143, 0.46938363, 0.03), (1.4677905, 0.39805436, 0.03), (1.4909668, 0.32672513, 0.03), (1.4874232, 0.64101243, 0.03), (1.5105995, 0.5696832, 0.03), (1.5337758, 0.49835396, 0.03), (1.5569521, 0.42702472, 0.03), (1.5801283, 0.3556955, 0.03), (1.5765848, 0.6699828, 0.03), (1.599761, 0.59865355, 0.03), (1.6229373, 0.5273243, 0.03), (1.6461136, 0.45599505, 0.03), (1.6692898, 0.38466582, 0.03), (0.23916155, 0.23542765, 0.09), (0.26233783, 0.1640984, 0.09), (0.28551412, 0.09276915, 0.09), (0.30869037, 0.021439912, 0.09), (0.33186665, -0.04988933, 0.09), (0.3283231, 0.26439798, 0.09), (0.35149938, 0.19306874, 0.09), (0.37467566, 0.1217395, 0.09), (0.39785194, 0.050410256, 0.09), (0.4210282, -0.020918988, 0.09), (0.41748464, 0.29336834, 0.09), (0.44066092, 0.22203909, 0.09), (0.4638372, 0.15070984, 0.09), (0.4870135, 0.0793806, 0.09), (0.5101898, 0.008051357, 0.09), (0.5066462, 0.32233867, 0.09), (0.5298225, 0.25100943, 0.09), (0.5529988, 0.1796802, 0.09), (0.57617503, 0.108350955, 0.09), (0.59935135, 0.03702171, 0.09), (0.5958078, 0.35130903, 0.09), (0.61898404, 0.2799798, 0.09), (0.64216036, 0.20865054, 0.09), (0.6653366, 0.1373213, 0.09), (0.68851286, 0.06599206, 0.09), (0.6849693, 0.38027936, 0.09), (0.7081456, 0.30895013, 0.09), (0.7313219, 0.23762089, 0.09), (0.7544982, 0.16629164, 0.09), (0.77767444, 0.094962396, 0.09), (0.7741309, 0.40924972, 0.09), (0.79730713, 0.3379205, 0.09), (0.82048345, 0.26659122, 0.09), (0.8436597, 0.19526199, 0.09), (0.866836, 0.12393274, 0.09), (0.86329246, 0.43822005, 0.09), (0.8864687, 0.36689082, 0.09), (0.90964496, 0.29556158, 0.09), (0.9328213, 0.22423233, 0.09), (0.9559975, 0.15290308, 0.09), (0.9524539, 0.46719038, 0.09), (0.9756302, 0.39586115, 0.09), (0.9988065, 0.3245319, 0.09), (1.0219828, 0.25320265, 0.09), (1.045159, 0.18187341, 0.09), (1.0416155, 0.49616072, 0.09), (1.0647918, 0.42483148, 0.09), (1.087968, 0.35350224, 0.09), (1.1111443, 0.282173, 0.09), (1.1343206, 0.21084376, 0.09), (1.130777, 0.52513105, 0.09), (1.1539533, 0.45380184, 0.09), (1.1771296, 0.38247257, 0.09), (1.2003058, 0.31114334, 0.09), (1.2234821, 0.2398141, 0.09), (1.2199386, 0.5541014, 0.09), (1.2431148, 0.48277217, 0.09), (1.2662911, 0.41144294, 0.09), (1.2894675, 0.3401137, 0.09), (1.3126436, 0.26878443, 0.09), (1.3091002, 0.58307177, 0.09), (1.3322765, 0.51174253, 0.09), (1.3554527, 0.44041327, 0.09), (1.378629, 0.36908403, 0.09), (1.4018053, 0.2977548, 0.09), (1.3982617, 0.6120421, 0.09), (1.421438, 0.54071283, 0.09), (1.4446143, 0.46938363, 0.09), (1.4677905, 0.39805436, 0.09), (1.4909668, 0.32672513, 0.09), (1.4874232, 0.64101243, 0.09), (1.5105995, 0.5696832, 0.09), (1.5337758, 0.49835396, 0.09), (1.5569521, 0.42702472, 0.09), (1.5801283, 0.3556955, 0.09), (1.5765848, 0.6699828, 0.09), (1.599761, 0.59865355, 0.09), (1.6229373, 0.5273243, 0.09), (1.6461136, 0.45599505, 0.09), (1.6692898, 0.38466582, 0.09), (0.23916155, 0.23542765, 0.15), (0.26233783, 0.1640984, 0.15), (0.28551412, 0.09276915, 0.15), (0.30869037, 0.021439912, 0.15), (0.33186665, -0.04988933, 0.15), (0.3283231, 0.26439798, 0.15), (0.35149938, 0.19306874, 0.15), (0.37467566, 0.1217395, 0.15), (0.39785194, 0.050410256, 0.15), (0.4210282, -0.020918988, 0.15), (0.41748464, 0.29336834, 0.15), (0.44066092, 0.22203909, 0.15), (0.4638372, 0.15070984, 0.15), (0.4870135, 0.0793806, 0.15), (0.5101898, 0.008051357, 0.15), (0.5066462, 0.32233867, 0.15), (0.5298225, 0.25100943, 0.15), (0.5529988, 0.1796802, 0.15), (0.57617503, 0.108350955, 0.15), (0.59935135, 0.03702171, 0.15), (0.5958078, 0.35130903, 0.15), (0.61898404, 0.2799798, 0.15), (0.64216036, 0.20865054, 0.15), (0.6653366, 0.1373213, 0.15), (0.68851286, 0.06599206, 0.15), (0.6849693, 0.38027936, 0.15), (0.7081456, 0.30895013, 0.15), (0.7313219, 0.23762089, 0.15), (0.7544982, 0.16629164, 0.15), (0.77767444, 0.094962396, 0.15), (0.7741309, 0.40924972, 0.15), (0.79730713, 0.3379205, 0.15), (0.82048345, 0.26659122, 0.15), (0.8436597, 0.19526199, 0.15), (0.866836, 0.12393274, 0.15), (0.86329246, 0.43822005, 0.15), (0.8864687, 0.36689082, 0.15), (0.90964496, 0.29556158, 0.15), (0.9328213, 0.22423233, 0.15), (0.9559975, 0.15290308, 0.15), (0.9524539, 0.46719038, 0.15), (0.9756302, 0.39586115, 0.15), (0.9988065, 0.3245319, 0.15), (1.0219828, 0.25320265, 0.15), (1.045159, 0.18187341, 0.15), (1.0416155, 0.49616072, 0.15), (1.0647918, 0.42483148, 0.15), (1.087968, 0.35350224, 0.15), (1.1111443, 0.282173, 0.15), (1.1343206, 0.21084376, 0.15), (1.130777, 0.52513105, 0.15), (1.1539533, 0.45380184, 0.15), (1.1771296, 0.38247257, 0.15), (1.2003058, 0.31114334, 0.15), (1.2234821, 0.2398141, 0.15), (1.2199386, 0.5541014, 0.15), (1.2431148, 0.48277217, 0.15), (1.2662911, 0.41144294, 0.15), (1.2894675, 0.3401137, 0.15), (1.3126436, 0.26878443, 0.15), (1.3091002, 0.58307177, 0.15), (1.3322765, 0.51174253, 0.15), (1.3554527, 0.44041327, 0.15), (1.378629, 0.36908403, 0.15), (1.4018053, 0.2977548, 0.15), (1.3982617, 0.6120421, 0.15), (1.421438, 0.54071283, 0.15), (1.4446143, 0.46938363, 0.15), (1.4677905, 0.39805436, 0.15), (1.4909668, 0.32672513, 0.15), (1.4874232, 0.64101243, 0.15), (1.5105995, 0.5696832, 0.15), (1.5337758, 0.49835396, 0.15), (1.5569521, 0.42702472, 0.15), (1.5801283, 0.3556955, 0.15), (1.5765848, 0.6699828, 0.15), (1.599761, 0.59865355, 0.15), (1.6229373, 0.5273243, 0.15), (1.6461136, 0.45599505, 0.15), (1.6692898, 0.38466582, 0.15), (1.6786733, 0.47713953, -0.15), (1.6786733, 0.47713953, -0.09), (1.6962984, 0.5117309, -0.15), (1.6962984, 0.5117309, -0.09), (1.6942667, 0.5505006, -0.15), (1.6942667, 0.5505006, -0.09), (1.6731222, 0.58306015, -0.15), (1.6731222, 0.58306015, -0.09), (1.6385307, 0.60068536, -0.15), (1.6385307, 0.60068536, -0.09), (1.7344091, 0.42695475, -0.15), (1.7344091, 0.42695475, -0.09), (1.7696595, 0.49613753, -0.15), (1.7696595, 0.49613753, -0.09), (1.7655958, 0.5736768, -0.15), (1.7655958, 0.5736768, -0.09), (1.7233069, 0.63879603, -0.15), (1.7233069, 0.63879603, -0.09), (1.6541241, 0.67404646, -0.15), (1.6541241, 0.67404646, -0.09), (1.6786733, 0.47713953, -0.03), (1.6962984, 0.5117309, -0.03), (1.6942667, 0.5505006, -0.03), (1.6731222, 0.58306015, -0.03), (1.6385307, 0.60068536, -0.03), (1.7344091, 0.42695475, -0.03), (1.7696595, 0.49613753, -0.03), (1.7655958, 0.5736768, -0.03), (1.7233069, 0.63879603, -0.03), (1.6541241, 0.67404646, -0.03), (1.6786733, 0.47713953, 0.03), (1.6962984, 0.5117309, 0.03), (1.6942667, 0.5505006, 0.03), (1.6731222, 0.58306015, 0.03), (1.6385307, 0.60068536, 0.03), (1.7344091, 0.42695475, 0.03), (1.7696595, 0.49613753, 0.03), (1.7655958, 0.5736768, 0.03), (1.7233069, 0.63879603, 0.03), (1.6541241, 0.67404646, 0.03), (1.6786733, 0.47713953, 0.09), (1.6962984, 0.5117309, 0.09), (1.6942667, 0.5505006, 0.09), (1.6731222, 0.58306015, 0.09), (1.6385307, 0.60068536, 0.09), (1.7344091, 0.42695475, 0.09), (1.7696595, 0.49613753, 0.09), (1.7655958, 0.5736768, 0.09), (1.7233069, 0.63879603, 0.09), (1.6541241, 0.67404646, 0.09), (1.6786733, 0.47713953, 0.15), (1.6962984, 0.5117309, 0.15), (1.6942667, 0.5505006, 0.15), (1.6731222, 0.58306015, 0.15), (1.6385307, 0.60068536, 0.15), (1.7344091, 0.42695475, 0.15), (1.7696595, 0.49613753, 0.15), (1.7655958, 0.5736768, 0.15), (1.7233069, 0.63879603, 0.15), (1.6541241, 0.67404646, 0.15)]
    int3[] surfaceFaceVertexIndices = [(0, 4, 2), (0, 6, 4), (0, 8, 6), (0, 10, 8), (2, 14, 12), (2, 4, 14), (4, 6, 14), (14, 6, 16), (6, 18, 16), (6, 8, 18), (8, 10, 18), (18, 10, 20), (12, 14, 22), (22, 14, 24), (14, 26, 24), (14, 16, 26), (16, 18, 26), (26, 18, 28), (18, 30, 28), (18, 20, 30), (81, 82, 80), (83, 80, 82), (83, 84, 80), (85, 80, 84), (86, 82, 81), (86, 87, 82), (87, 88, 82), (82, 88, 83), (88, 84, 83), (88, 89, 84), (89, 90, 84), (84, 90, 85), (91, 92, 86), (86, 92, 87), (92, 88, 87), (92, 93, 88), (93, 94, 88), (88, 94, 89), (94, 90, 89), (94, 95, 90), (0, 96, 10), (0, 98, 96), (0, 100, 98), (0, 102, 100), (10, 104, 20), (10, 96, 104), (96, 98, 104), (104, 98, 106), (98, 108, 106), (98, 100, 108), (100, 102, 108), (108, 102, 110), (20, 104, 30), (30, 104, 112), (104, 114, 112), (104, 106, 114), (106, 108, 114), (114, 108, 116), (108, 118, 116), (108, 110, 118), (85, 156, 80), (157, 80, 156), (157, 158, 80), (159, 80, 158), (90, 156, 85), (90, 160, 156), (160, 161, 156), (156, 161, 157), (161, 158, 157), (161, 162, 158), (162, 163, 158), (158, 163, 159), (95, 164, 90), (90, 164, 160), (164, 161, 160), (164, 165, 161), (165, 166, 161), (161, 166, 162), (166, 163, 162), (166, 167, 163), (0, 168, 102), (0, 170, 168), (0, 172, 170), (0, 174, 172), (102, 176, 110), (102, 168, 176), (168, 170, 176), (176, 170, 178), (170, 180, 178), (170, 172, 180), (172, 174, 180), (180, 174, 182), (110, 176, 118), (118, 176, 184), (176, 186, 184), (176, 178, 186), (178, 180, 186), (186, 180, 188), (180, 190, 188), (180, 182, 190), (159, 228, 80), (229, 80, 228), (229, 230, 80), (231, 80, 230), (163, 228, 159), (163, 232, 228), (232, 233, 228), (228, 233, 229), (233, 230, 229), (233, 234, 230), (234, 235, 230), (230, 235, 231), (167, 236, 163), (163, 236, 232), (236, 233, 232), (236, 237, 233), (237, 238, 233), (233, 238, 234), (238, 235, 234), (238, 239, 235), (0, 240, 174), (0, 242, 240), (0, 244, 242), (0, 246, 244), (174, 248, 182), (174, 240, 248), (240, 242, 248), (248, 242, 250), (242, 252, 250), (242, 244, 252), (244, 246, 252), (252, 246, 254), (182, 248, 190), (190, 248, 256), (248, 258, 256), (248, 250, 258), (250, 252, 258), (258, 252, 260), (252, 262, 260), (252, 254, 262), (231, 300, 80), (301, 80, 300), (301, 302, 80), (303, 80, 302), (235, 300, 231), (235, 304, 300), (304, 305, 300), (300, 305, 301), (305, 302, 301), (305, 306, 302), (306, 307, 302), (302, 307, 303), (239, 308, 235), (235, 308, 304), (308, 305, 304), (308, 309, 305), (309, 310, 305), (305, 310, 306), (310, 307, 306), (310, 311, 307), (0, 312, 246), (0, 314, 312), (0, 316, 314), (0, 2, 316), (246, 318, 254), (246, 312, 318), (312, 314, 318), (318, 314, 320), (314, 322, 320), (314, 316, 322), (316, 2, 322), (322, 2, 12), (254, 318, 262), (262, 318, 324), (318, 326, 324), (318, 320, 326), (320, 322, 326), (326, 322, 328), (322, 22, 328), (322, 12, 22), (303, 357, 80), (358, 80, 357), (358, 359, 80), (81, 80, 359), (307, 357, 303), (307, 360, 357), (360, 361, 357), (357, 361, 358), (361, 359, 358), (361, 362, 359), (362, 86, 359), (359, 86, 81), (311, 363, 307), (307, 363, 360), (363, 361, 360), (363, 364, 361), (364, 365, 361), (361, 365, 362), (365, 86, 362), (365, 91, 86), (30, 367, 28), (30, 31, 446), (30, 446, 366), (30, 366, 367), (28, 367, 26), (26, 367, 368), (26, 369, 24), (26, 368, 369), (24, 369, 22), (22, 450, 23), (22, 369, 370), (22, 370, 450), (366, 371, 367), (366, 446, 371), (367, 371, 372), (446, 451, 371), (367, 373, 368), (367, 372, 373), (368, 373, 369), (369, 373, 374), (369, 375, 370), (370, 375, 450), (369, 374, 375), (450, 375, 455), (371, 377, 372), (371, 451, 456), (371, 456, 376), (371, 376, 377), (372, 377, 373), (373, 377, 378), (373, 379, 374), (373, 378, 379), (374, 379, 375), (375, 460, 455), (375, 379, 380), (375, 380, 460), (376, 381, 377), (376, 456, 381), (377, 381, 382), (456, 461, 381), (377, 383, 378), (377, 382, 383), (378, 383, 379), (379, 383, 384), (379, 385, 380), (380, 385, 460), (379, 384, 385), (460, 385, 465), (381, 387, 382), (381, 461, 466), (381, 466, 386), (381, 386, 387), (382, 387, 383), (383, 387, 388), (383, 389, 384), (383, 388, 389), (384, 389, 385), (385, 470, 465), (385, 389, 390), (385, 390, 470), (386, 391, 387), (386, 466, 391), (387, 391, 392), (466, 471, 391), (387, 393, 388), (387, 392, 393), (388, 393, 389), (389, 393, 394), (389, 395, 390), (390, 395, 470), (389, 394, 395), (470, 395, 475), (391, 397, 392), (391, 471, 476), (391, 476, 396), (391, 396, 397), (392, 397, 393), (393, 397, 398), (393, 399, 394), (393, 398, 399), (394, 399, 395), (395, 480, 475), (395, 399, 400), (395, 400, 480), (396, 401, 397), (396, 476, 401), (397, 401, 402), (476, 481, 401), (397, 403, 398), (397, 402, 403), (398, 403, 399), (399, 403, 404), (399, 405, 400), (400, 405, 480), (399, 404, 405), (480, 405, 485), (401, 407, 402), (401, 481, 486), (401, 486, 406), (401, 406, 407), (402, 407, 403), (403, 407, 408), (403, 409, 404), (403, 408, 409), (404, 409, 405), (405, 490, 485), (405, 409, 410), (405, 410, 490), (406, 411, 407), (406, 486, 411), (407, 411, 412), (486, 491, 411), (407, 413, 408), (407, 412, 413), (408, 413, 409), (409, 413, 414), (409, 415, 410), (410, 415, 490), (409, 414, 415), (490, 415, 495), (411, 417, 412), (411, 491, 496), (411, 496, 416), (411, 416, 417), (412, 417, 413), (413, 417, 418), (413, 419, 414), (413, 418, 419), (414, 419, 415), (415, 500, 495), (415, 419, 420), (415, 420, 500), (416, 421, 417), (416, 496, 421), (417, 421, 422), (496, 501, 421), (417, 423, 418), (417, 422, 423), (418, 423, 419), (419, 423, 424), (419, 425, 420), (420, 425, 500), (419, 424, 425), (500, 425, 505), (421, 427, 422), (421, 501, 506), (421, 506, 426), (421, 426, 427), (422, 427, 423), (423, 427, 428), (423, 429, 424), (423, 428, 429), (424, 429, 425), (425, 510, 505), (425, 429, 430), (425, 430, 510), (426, 431, 427), (426, 506, 431), (427, 431, 432), (506, 511, 431), (427, 433, 428), (427, 432, 433), (428, 433, 429), (429, 433, 434), (429, 435, 430), (430, 435, 510), (429, 434, 435), (510, 435, 515), (431, 437, 432), (431, 511, 516), (431, 516, 436), (431, 436, 437), (432, 437, 433), (433, 437, 438), (433, 439, 434), (433, 438, 439), (434, 439, 435), (435, 520, 515), (435, 439, 440), (435, 440, 520), (436, 441, 437), (436, 516, 441), (437, 441, 442), (516, 521, 441), (437, 443, 438), (437, 442, 443), (438, 443, 439), (439, 443, 444), (439, 445, 440), (440, 445, 520), (439, 444, 445), (520, 445, 525), (31, 47, 446), (47, 526, 446), (23, 450, 43), (43, 450, 530), (446, 526, 531), (446, 531, 451), (450, 535, 530), (450, 455, 535), (451, 531, 456), (531, 536, 456), (455, 460, 535), (535, 460, 540), (456, 536, 541), (456, 541, 461), (460, 545, 540), (460, 465, 545), (461, 541, 466), (541, 546, 466), (465, 470, 545), (545, 470, 550), (466, 546, 551), (466, 551, 471), (470, 555, 550), (470, 475, 555), (471, 551, 476), (551, 556, 476), (475, 480, 555), (555, 480, 560), (476, 556, 561), (476, 561, 481), (480, 565, 560), (480, 485, 565), (481, 561, 486), (561, 566, 486), (485, 490, 565), (565, 490, 570), (486, 566, 571), (486, 571, 491), (490, 575, 570), (490, 495, 575), (491, 571, 496), (571, 576, 496), (495, 500, 575), (575, 500, 580), (496, 576, 581), (496, 581, 501), (500, 585, 580), (500, 505, 585), (501, 581, 506), (581, 586, 506), (505, 510, 585), (585, 510, 590), (506, 586, 591), (506, 591, 511), (510, 595, 590), (510, 515, 595), (511, 591, 516), (591, 596, 516), (515, 520, 595), (595, 520, 600), (516, 596, 601), (516, 601, 521), (520, 605, 600), (520, 525, 605), (47, 63, 606), (47, 606, 526), (43, 610, 59), (43, 530, 610), (526, 606, 531), (606, 611, 531), (530, 535, 610), (610, 535, 615), (531, 611, 616), (531, 616, 536), (535, 620, 615), (535, 540, 620), (536, 616, 541), (616, 621, 541), (540, 545, 620), (620, 545, 625), (541, 621, 626), (541, 626, 546), (545, 630, 625), (545, 550, 630), (546, 626, 551), (626, 631, 551), (550, 555, 630), (630, 555, 635), (551, 631, 636), (551, 636, 556), (555, 640, 635), (555, 560, 640), (556, 636, 561), (636, 641, 561), (560, 565, 640), (640, 565, 645), (561, 641, 646), (561, 646, 566), (565, 650, 645), (565, 570, 650), (566, 646, 571), (646, 651, 571), (570, 575, 650), (650, 575, 655), (571, 651, 656), (571, 656, 576), (575, 660, 655), (575, 580, 660), (576, 656, 581), (656, 661, 581), (580, 585, 660), (660, 585, 665), (581, 661, 666), (581, 666, 586), (585, 670, 665), (585, 590, 670), (586, 666, 591), (666, 671, 591), (590, 595, 670), (670, 595, 675), (591, 671, 676), (591, 676, 596), (595, 680, 675), (595, 600, 680), (596, 676, 601), (676, 681, 601), (600, 605, 680), (680, 605, 685), (63, 79, 606), (79, 686, 606), (59, 610, 75), (75, 610, 690), (606, 686, 691), (606, 691, 611), (610, 695, 690), (610, 615, 695), (611, 691, 616), (691, 696, 616), (615, 620, 695), (695, 620, 700), (616, 696, 701), (616, 701, 621), (620, 705, 700), (620, 625, 705), (621, 701, 626), (701, 706, 626), (625, 630, 705), (705, 630, 710), (626, 706, 711), (626, 711, 631), (630, 715, 710), (630, 635, 715), (631, 711, 636), (711, 716, 636), (635, 640, 715), (715, 640, 720), (636, 716, 721), (636, 721, 641), (640, 725, 720), (640, 645, 725), (641, 721, 646), (721, 726, 646), (645, 650, 725), (725, 650, 730), (646, 726, 731), (646, 731, 651), (650, 735, 730), (650, 655, 735), (651, 731, 656), (731, 736, 656), (655, 660, 735), (735, 660, 740), (656, 736, 741), (656, 741, 661), (660, 745, 740), (660, 665, 745), (661, 741, 666), (741, 746, 666), (665, 670, 745), (745, 670, 750), (666, 746, 751), (666, 751, 671), (670, 755, 750), (670, 675, 755), (671, 751, 676), (751, 756, 676), (675, 680, 755), (755, 680, 760), (676, 756, 761), (676, 761, 681), (680, 765, 760), (680, 685, 765), (94, 766, 95), (79, 95, 766), (79, 766, 686), (94, 767, 766), (93, 768, 94), (94, 768, 767), (92, 768, 93), (92, 769, 768), (75, 770, 91), (91, 770, 92), (75, 690, 770), (92, 770, 769), (686, 766, 691), (767, 772, 766), (766, 771, 691), (766, 772, 771), (768, 772, 767), (768, 773, 772), (769, 774, 768), (768, 774, 773), (690, 695, 770), (770, 774, 769), (770, 695, 775), (770, 775, 774), (772, 776, 771), (691, 771, 776), (691, 776, 696), (772, 777, 776), (773, 778, 772), (772, 778, 777), (774, 778, 773), (774, 779, 778), (695, 780, 775), (775, 780, 774), (695, 700, 780), (774, 780, 779), (696, 776, 701), (777, 782, 776), (776, 781, 701), (776, 782, 781), (778, 782, 777), (778, 783, 782), (779, 784, 778), (778, 784, 783), (700, 705, 780), (780, 784, 779), (780, 705, 785), (780, 785, 784), (782, 786, 781), (701, 781, 786), (701, 786, 706), (782, 787, 786), (783, 788, 782), (782, 788, 787), (784, 788, 783), (784, 789, 788), (705, 790, 785), (785, 790, 784), (705, 710, 790), (784, 790, 789), (706, 786, 711), (787, 792, 786), (786, 791, 711), (786, 792, 791), (788, 792, 787), (788, 793, 792), (789, 794, 788), (788, 794, 793), (710, 715, 790), (790, 794, 789), (790, 715, 795), (790, 795, 794), (792, 796, 791), (711, 791, 796), (711, 796, 716), (792, 797, 796), (793, 798, 792), (792, 798, 797), (794, 798, 793), (794, 799, 798), (715, 800, 795), (795, 800, 794), (715, 720, 800), (794, 800, 799), (716, 796, 721), (797, 802, 796), (796, 801, 721), (796, 802, 801), (798, 802, 797), (798, 803, 802), (799, 804, 798), (798, 804, 803), (720, 725, 800), (800, 804, 799), (800, 725, 805), (800, 805, 804), (802, 806, 801), (721, 801, 806), (721, 806, 726), (802, 807, 806), (803, 808, 802), (802, 808, 807), (804, 808, 803), (804, 809, 808), (725, 810, 805), (805, 810, 804), (725, 730, 810), (804, 810, 809), (726, 806, 731), (807, 812, 806), (806, 811, 731), (806, 812, 811), (808, 812, 807), (808, 813, 812), (809, 814, 808), (808, 814, 813), (730, 735, 810), (810, 814, 809), (810, 735, 815), (810, 815, 814), (812, 816, 811), (731, 811, 816), (731, 816, 736), (812, 817, 816), (813, 818, 812), (812, 818, 817), (814, 818, 813), (814, 819, 818), (735, 820, 815), (815, 820, 814), (735, 740, 820), (814, 820, 819), (736, 816, 741), (817, 822, 816), (816, 821, 741), (816, 822, 821), (818, 822, 817), (818, 823, 822), (819, 824, 818), (818, 824, 823), (740, 745, 820), (820, 824, 819), (820, 745, 825), (820, 825, 824), (822, 826, 821), (741, 821, 826), (741, 826, 746), (822, 827, 826), (823, 828, 822), (822, 828, 827), (824, 828, 823), (824, 829, 828), (745, 830, 825), (825, 830, 824), (745, 750, 830), (824, 830, 829), (746, 826, 751), (827, 832, 826), (826, 831, 751), (826, 832, 831), (828, 832, 827), (828, 833, 832), (829, 834, 828), (828, 834, 833), (750, 755, 830), (830, 834, 829), (830, 755, 835), (830, 835, 834), (832, 836, 831), (751, 831, 836), (751, 836, 756), (832, 837, 836), (833, 838, 832), (832, 838, 837), (834, 838, 833), (834, 839, 838), (755, 840, 835), (835, 840, 834), (755, 760, 840), (834, 840, 839), (756, 836, 761), (837, 842, 836), (836, 841, 761), (836, 842, 841), (838, 842, 837), (838, 843, 842), (839, 844, 838), (838, 844, 843), (760, 765, 840), (840, 844, 839), (840, 765, 845), (840, 845, 844), (443, 846, 444), (846, 443, 848), (443, 850, 848), (850, 443, 852), (443, 854, 852), (854, 443, 442), (444, 846, 445), (445, 857, 525), (445, 846, 856), (445, 856, 857), (846, 858, 856), (856, 858, 857), (846, 848, 858), (857, 858, 859), (848, 850, 858), (858, 861, 859), (858, 850, 860), (858, 860, 861), (850, 862, 860), (860, 862, 861), (850, 852, 862), (861, 862, 863), (852, 854, 862), (862, 865, 863), (862, 854, 864), (862, 864, 865), (854, 441, 864), (864, 441, 865), (854, 442, 441), (865, 441, 521), (525, 857, 605), (605, 857, 871), (857, 872, 871), (857, 859, 872), (859, 861, 872), (872, 861, 873), (861, 874, 873), (861, 863, 874), (863, 865, 874), (874, 865, 875), (865, 601, 875), (865, 521, 601), (605, 881, 685), (605, 871, 881), (871, 872, 881), (881, 872, 882), (872, 883, 882), (872, 873, 883), (873, 874, 883), (883, 874, 884), (874, 885, 884), (874, 875, 885), (875, 601, 885), (885, 601, 681), (685, 881, 765), (765, 881, 891), (881, 892, 891), (881, 882, 892), (882, 883, 892), (892, 883, 893), (883, 894, 893), (883, 884, 894), (884, 885, 894), (894, 885, 895), (885, 761, 895), (885, 681, 761), (844, 896, 843), (896, 897, 843), (897, 898, 843), (898, 899, 843), (899, 900, 843), (900, 842, 843), (765, 901, 845), (845, 901, 844), (765, 891, 901), (844, 901, 896), (891, 892, 901), (901, 897, 896), (901, 892, 902), (901, 902, 897), (892, 903, 902), (902, 903, 897), (892, 893, 903), (897, 903, 898), (893, 894, 903), (903, 899, 898), (903, 894, 904), (903, 904, 899), (894, 905, 904), (904, 905, 899), (894, 895, 905), (899, 905, 900), (895, 761, 905), (905, 842, 900), (905, 761, 841), (905, 841, 842), (118, 907, 116), (118, 119, 986), (118, 986, 906), (118, 906, 907), (116, 907, 114), (114, 907, 908), (114, 909, 112), (114, 908, 909), (112, 909, 30), (30, 990, 31), (30, 909, 910), (30, 910, 990), (906, 911, 907), (906, 986, 911), (907, 911, 912), (986, 991, 911), (907, 913, 908), (907, 912, 913), (908, 913, 909), (909, 913, 914), (909, 915, 910), (910, 915, 990), (909, 914, 915), (990, 915, 995), (911, 917, 912), (911, 991, 996), (911, 996, 916), (911, 916, 917), (912, 917, 913), (913, 917, 918), (913, 919, 914), (913, 918, 919), (914, 919, 915), (915, 1000, 995), (915, 919, 920), (915, 920, 1000), (916, 921, 917), (916, 996, 921), (917, 921, 922), (996, 1001, 921), (917, 923, 918), (917, 922, 923), (918, 923, 919), (919, 923, 924), (919, 925, 920), (920, 925, 1000), (919, 924, 925), (1000, 925, 1005), (921, 927, 922), (921, 1001, 1006), (921, 1006, 926), (921, 926, 927), (922, 927, 923), (923, 927, 928), (923, 929, 924), (923, 928, 929), (924, 929, 925), (925, 1010, 1005), (925, 929, 930), (925, 930, 1010), (926, 931, 927), (926, 1006, 931), (927, 931, 932), (1006, 1011, 931), (927, 933, 928), (927, 932, 933), (928, 933, 929), (929, 933, 934), (929, 935, 930), (930, 935, 1010), (929, 934, 935), (1010, 935, 1015), (931, 937, 932), (931, 1011, 1016), (931, 1016, 936), (931, 936, 937), (932, 937, 933), (933, 937, 938), (933, 939, 934), (933, 938, 939), (934, 939, 935), (935, 1020, 1015), (935, 939, 940), (935, 940, 1020), (936, 941, 937), (936, 1016, 941), (937, 941, 942), (1016, 1021, 941), (937, 943, 938), (937, 942, 943), (938, 943, 939), (939, 943, 944), (939, 945, 940), (940, 945, 1020), (939, 944, 945), (1020, 945, 1025), (941, 947, 942), (941, 1021, 1026), (941, 1026, 946), (941, 946, 947), (942, 947, 943), (943, 947, 948), (943, 949, 944), (943, 948, 949), (944, 949, 945), (945, 1030, 1025), (945, 949, 950), (945, 950, 1030), (946, 951, 947), (946, 1026, 951), (947, 951, 952), (1026, 1031, 951), (947, 953, 948), (947, 952, 953), (948, 953, 949), (949, 953, 954), (949, 955, 950), (950, 955, 1030), (949, 954, 955), (1030, 955, 1035), (951, 957, 952), (951, 1031, 1036), (951, 1036, 956), (951, 956, 957), (952, 957, 953), (953, 957, 958), (953, 959, 954), (953, 958, 959), (954, 959, 955), (955, 1040, 1035), (955, 959, 960), (955, 960, 1040), (956, 961, 957), (956, 1036, 961), (957, 961, 962), (1036, 1041, 961), (957, 963, 958), (957, 962, 963), (958, 963, 959), (959, 963, 964), (959, 965, 960), (960, 965, 1040), (959, 964, 965), (1040, 965, 1045), (961, 967, 962), (961, 1041, 1046), (961, 1046, 966), (961, 966, 967), (962, 967, 963), (963, 967, 968), (963, 969, 964), (963, 968, 969), (964, 969, 965), (965, 1050, 1045), (965, 969, 970), (965, 970, 1050), (966, 971, 967), (966, 1046, 971), (967, 971, 972), (1046, 1051, 971), (967, 973, 968), (967, 972, 973), (968, 973, 969), (969, 973, 974), (969, 975, 970), (970, 975, 1050), (969, 974, 975), (1050, 975, 1055), (971, 977, 972), (971, 1051, 1056), (971, 1056, 976), (971, 976, 977), (972, 977, 973), (973, 977, 978), (973, 979, 974), (973, 978, 979), (974, 979, 975), (975, 1060, 1055), (975, 979, 980), (975, 980, 1060), (976, 981, 977), (976, 1056, 981), (977, 981, 982), (1056, 1061, 981), (977, 983, 978), (977, 982, 983), (978, 983, 979), (979, 983, 984), (979, 985, 980), (980, 985, 1060), (979, 984, 985), (1060, 985, 1065), (119, 131, 986), (131, 1066, 986), (31, 990, 47), (47, 990, 1070), (986, 1066, 1071), (986, 1071, 991), (990, 1075, 1070), (990, 995, 1075), (991, 1071, 996), (1071, 1076, 996), (995, 1000, 1075), (1075, 1000, 1080), (996, 1076, 1081), (996, 1081, 1001), (1000, 1085, 1080), (1000, 1005, 1085), (1001, 1081, 1006), (1081, 1086, 1006), (1005, 1010, 1085), (1085, 1010, 1090), (1006, 1086, 1091), (1006, 1091, 1011), (1010, 1095, 1090), (1010, 1015, 1095), (1011, 1091, 1016), (1091, 1096, 1016), (1015, 1020, 1095), (1095, 1020, 1100), (1016, 1096, 1101), (1016, 1101, 1021), (1020, 1105, 1100), (1020, 1025, 1105), (1021, 1101, 1026), (1101, 1106, 1026), (1025, 1030, 1105), (1105, 1030, 1110), (1026, 1106, 1111), (1026, 1111, 1031), (1030, 1115, 1110), (1030, 1035, 1115), (1031, 1111, 1036), (1111, 1116, 1036), (1035, 1040, 1115), (1115, 1040, 1120), (1036, 1116, 1121), (1036, 1121, 1041), (1040, 1125, 1120), (1040, 1045, 1125), (1041, 1121, 1046), (1121, 1126, 1046), (1045, 1050, 1125), (1125, 1050, 1130), (1046, 1126, 1131), (1046, 1131, 1051), (1050, 1135, 1130), (1050, 1055, 1135), (1051, 1131, 1056), (1131, 1136, 1056), (1055, 1060, 1135), (1135, 1060, 1140), (1056, 1136, 1141), (1056, 1141, 1061), (1060, 1145, 1140), (1060, 1065, 1145), (131, 143, 1146), (131, 1146, 1066), (47, 1150, 63), (47, 1070, 1150), (1066, 1146, 1071), (1146, 1151, 1071), (1070, 1075, 1150), (1150, 1075, 1155), (1071, 1151, 1156), (1071, 1156, 1076), (1075, 1160, 1155), (1075, 1080, 1160), (1076, 1156, 1081), (1156, 1161, 1081), (1080, 1085, 1160), (1160, 1085, 1165), (1081, 1161, 1166), (1081, 1166, 1086), (1085, 1170, 1165), (1085, 1090, 1170), (1086, 1166, 1091), (1166, 1171, 1091), (1090, 1095, 1170), (1170, 1095, 1175), (1091, 1171, 1176), (1091, 1176, 1096), (1095, 1180, 1175), (1095, 1100, 1180), (1096, 1176, 1101), (1176, 1181, 1101), (1100, 1105, 1180), (1180, 1105, 1185), (1101, 1181, 1186), (1101, 1186, 1106), (1105, 1190, 1185), (1105, 1110, 1190), (1106, 1186, 1111), (1186, 1191, 1111), (1110, 1115, 1190), (1190, 1115, 1195), (1111, 1191, 1196), (1111, 1196, 1116), (1115, 1200, 1195), (1115, 1120, 1200), (1116, 1196, 1121), (1196, 1201, 1121), (1120, 1125, 1200), (1200, 1125, 1205), (1121, 1201, 1206), (1121, 1206, 1126), (1125, 1210, 1205), (1125, 1130, 1210), (1126, 1206, 1131), (1206, 1211, 1131), (1130, 1135, 1210), (1210, 1135, 1215), (1131, 1211, 1216), (1131, 1216, 1136), (1135, 1220, 1215), (1135, 1140, 1220), (1136, 1216, 1141), (1216, 1221, 1141), (1140, 1145, 1220), (1220, 1145, 1225), (143, 155, 1146), (155, 1226, 1146), (63, 1150, 79), (79, 1150, 1230), (1146, 1226, 1231), (1146, 1231, 1151), (1150, 1235, 1230), (1150, 1155, 1235), (1151, 1231, 1156), (1231, 1236, 1156), (1155, 1160, 1235), (1235, 1160, 1240), (1156, 1236, 1241), (1156, 1241, 1161), (1160, 1245, 1240), (1160, 1165, 1245), (1161, 1241, 1166), (1241, 1246, 1166), (1165, 1170, 1245), (1245, 1170, 1250), (1166, 1246, 1251), (1166, 1251, 1171), (1170, 1255, 1250), (1170, 1175, 1255), (1171, 1251, 1176), (1251, 1256, 1176), (1175, 1180, 1255), (1255, 1180, 1260), (1176, 1256, 1261), (1176, 1261, 1181), (1180, 1265, 1260), (1180, 1185, 1265), (1181, 1261, 1186), (1261, 1266, 1186), (1185, 1190, 1265), (1265, 1190, 1270), (1186, 1266, 1271), (1186, 1271, 1191), (1190, 1275, 1270), (1190, 1195, 1275), (1191, 1271, 1196), (1271, 1276, 1196), (1195, 1200, 1275), (1275, 1200, 1280), (1196, 1276, 1281), (1196, 1281, 1201), (1200, 1285, 1280), (1200, 1205, 1285), (1201, 1281, 1206), (1281, 1286, 1206), (1205, 1210, 1285), (1285, 1210, 1290), (1206, 1286, 1291), (1206, 1291, 1211), (1210, 1295, 1290), (1210, 1215, 1295), (1211, 1291, 1216), (1291, 1296, 1216), (1215, 1220, 1295), (1295, 1220, 1300), (1216, 1296, 1301), (1216, 1301, 1221), (1220, 1305, 1300), (1220, 1225, 1305), (166, 1306, 167), (155, 167, 1306), (155, 1306, 1226), (166, 1307, 1306), (165, 1308, 166), (166, 1308, 1307), (164, 1308, 165), (164, 1309, 1308), (79, 1310, 95), (95, 1310, 164), (79, 1230, 1310), (164, 1310, 1309), (1226, 1306, 1231), (1307, 1312, 1306), (1306, 1311, 1231), (1306, 1312, 1311), (1308, 1312, 1307), (1308, 1313, 1312), (1309, 1314, 1308), (1308, 1314, 1313), (1230, 1235, 1310), (1310, 1314, 1309), (1310, 1235, 1315), (1310, 1315, 1314), (1312, 1316, 1311), (1231, 1311, 1316), (1231, 1316, 1236), (1312, 1317, 1316), (1313, 1318, 1312), (1312, 1318, 1317), (1314, 1318, 1313), (1314, 1319, 1318), (1235, 1320, 1315), (1315, 1320, 1314), (1235, 1240, 1320), (1314, 1320, 1319), (1236, 1316, 1241), (1317, 1322, 1316), (1316, 1321, 1241), (1316, 1322, 1321), (1318, 1322, 1317), (1318, 1323, 1322), (1319, 1324, 1318), (1318, 1324, 1323), (1240, 1245, 1320), (1320, 1324, 1319), (1320, 1245, 1325), (1320, 1325, 1324), (1322, 1326, 1321), (1241, 1321, 1326), (1241, 1326, 1246), (1322, 1327, 1326), (1323, 1328, 1322), (1322, 1328, 1327), (1324, 1328, 1323), (1324, 1329, 1328), (1245, 1330, 1325), (1325, 1330, 1324), (1245, 1250, 1330), (1324, 1330, 1329), (1246, 1326, 1251), (1327, 1332, 1326), (1326, 1331, 1251), (1326, 1332, 1331), (1328, 1332, 1327), (1328, 1333, 1332), (1329, 1334, 1328), (1328, 1334, 1333), (1250, 1255, 1330), (1330, 1334, 1329), (1330, 1255, 1335), (1330, 1335, 1334), (1332, 1336, 1331), (1251, 1331, 1336), (1251, 1336, 1256), (1332, 1337, 1336), (1333, 1338, 1332), (1332, 1338, 1337), (1334, 1338, 1333), (1334, 1339, 1338), (1255, 1340, 1335), (1335, 1340, 1334), (1255, 1260, 1340), (1334, 1340, 1339), (1256, 1336, 1261), (1337, 1342, 1336), (1336, 1341, 1261), (1336, 1342, 1341), (1338, 1342, 1337), (1338, 1343, 1342), (1339, 1344, 1338), (1338, 1344, 1343), (1260, 1265, 1340), (1340, 1344, 1339), (1340, 1265, 1345), (1340, 1345, 1344), (1342, 1346, 1341), (1261, 1341, 1346), (1261, 1346, 1266), (1342, 1347, 1346), (1343, 1348, 1342), (1342, 1348, 1347), (1344, 1348, 1343), (1344, 1349, 1348), (1265, 1350, 1345), (1345, 1350, 1344), (1265, 1270, 1350), (1344, 1350, 1349), (1266, 1346, 1271), (1347, 1352, 1346), (1346, 1351, 1271), (1346, 1352, 1351), (1348, 1352, 1347), (1348, 1353, 1352), (1349, 1354, 1348), (1348, 1354, 1353), (1270, 1275, 1350), (1350, 1354, 1349), (1350, 1275, 1355), (1350, 1355, 1354), (1352, 1356, 1351), (1271, 1351, 1356), (1271, 1356, 1276), (1352, 1357, 1356), (1353, 1358, 1352), (1352, 1358, 1357), (1354, 1358, 1353), (1354, 1359, 1358), (1275, 1360, 1355), (1355, 1360, 1354), (1275, 1280, 1360), (1354, 1360, 1359), (1276, 1356, 1281), (1357, 1362, 1356), (1356, 1361, 1281), (1356, 1362, 1361), (1358, 1362, 1357), (1358, 1363, 1362), (1359, 1364, 1358), (1358, 1364, 1363), (1280, 1285, 1360), (1360, 1364, 1359), (1360, 1285, 1365), (1360, 1365, 1364), (1362, 1366, 1361), (1281, 1361, 1366), (1281, 1366, 1286), (1362, 1367, 1366), (1363, 1368, 1362), (1362, 1368, 1367), (1364, 1368, 1363), (1364, 1369, 1368), (1285, 1370, 1365), (1365, 1370, 1364), (1285, 1290, 1370), (1364, 1370, 1369), (1286, 1366, 1291), (1367, 1372, 1366), (1366, 1371, 1291), (1366, 1372, 1371), (1368, 1372, 1367), (1368, 1373, 1372), (1369, 1374, 1368), (1368, 1374, 1373), (1290, 1295, 1370), (1370, 1374, 1369), (1370, 1295, 1375), (1370, 1375, 1374), (1372, 1376, 1371), (1291, 1371, 1376), (1291, 1376, 1296), (1372, 1377, 1376), (1373, 1378, 1372), (1372, 1378, 1377), (1374, 1378, 1373), (1374, 1379, 1378), (1295, 1380, 1375), (1375, 1380, 1374), (1295, 1300, 1380), (1374, 1380, 1379), (1296, 1376, 1301), (1377, 1382, 1376), (1376, 1381, 1301), (1376, 1382, 1381), (1378, 1382, 1377), (1378, 1383, 1382), (1379, 1384, 1378), (1378, 1384, 1383), (1300, 1305, 1380), (1380, 1384, 1379), (1380, 1305, 1385), (1380, 1385, 1384), (983, 1386, 984), (1386, 983, 1388), (983, 1390, 1388), (1390, 983, 1392), (983, 1394, 1392), (1394, 983, 982), (984, 1386, 985), (985, 1397, 1065), (985, 1386, 1396), (985, 1396, 1397), (1386, 1398, 1396), (1396, 1398, 1397), (1386, 1388, 1398), (1397, 1398, 1399), (1388, 1390, 1398), (1398, 1401, 1399), (1398, 1390, 1400), (1398, 1400, 1401), (1390, 1402, 1400), (1400, 1402, 1401), (1390, 1392, 1402), (1401, 1402, 1403), (1392, 1394, 1402), (1402, 1405, 1403), (1402, 1394, 1404), (1402, 1404, 1405), (1394, 981, 1404), (1404, 981, 1405), (1394, 982, 981), (1405, 981, 1061), (1065, 1397, 1145), (1145, 1397, 1411), (1397, 1412, 1411), (1397, 1399, 1412), (1399, 1401, 1412), (1412, 1401, 1413), (1401, 1414, 1413), (1401, 1403, 1414), (1403, 1405, 1414), (1414, 1405, 1415), (1405, 1141, 1415), (1405, 1061, 1141), (1145, 1421, 1225), (1145, 1411, 1421), (1411, 1412, 1421), (1421, 1412, 1422), (1412, 1423, 1422), (1412, 1413, 1423), (1413, 1414, 1423), (1423, 1414, 1424), (1414, 1425, 1424), (1414, 1415, 1425), (1415, 1141, 1425), (1425, 1141, 1221), (1225, 1421, 1305), (1305, 1421, 1431), (1421, 1432, 1431), (1421, 1422, 1432), (1422, 1423, 1432), (1432, 1423, 1433), (1423, 1434, 1433), (1423, 1424, 1434), (1424, 1425, 1434), (1434, 1425, 1435), (1425, 1301, 1435), (1425, 1221, 1301), (1384, 1436, 1383), (1436, 1437, 1383), (1437, 1438, 1383), (1438, 1439, 1383), (1439, 1440, 1383), (1440, 1382, 1383), (1305, 1441, 1385), (1385, 1441, 1384), (1305, 1431, 1441), (1384, 1441, 1436), (1431, 1432, 1441), (1441, 1437, 1436), (1441, 1432, 1442), (1441, 1442, 1437), (1432, 1443, 1442), (1442, 1443, 1437), (1432, 1433, 1443), (1437, 1443, 1438), (1433, 1434, 1443), (1443, 1439, 1438), (1443, 1434, 1444), (1443, 1444, 1439), (1434, 1445, 1444), (1444, 1445, 1439), (1434, 1435, 1445), (1439, 1445, 1440), (1435, 1301, 1445), (1445, 1382, 1440), (1445, 1301, 1381), (1445, 1381, 1382), (190, 1447, 188), (190, 191, 1526), (190, 1526, 1446), (190, 1446, 1447), (188, 1447, 186), (186, 1447, 1448), (186, 1449, 184), (186, 1448, 1449), (184, 1449, 118), (118, 1530, 119), (118, 1449, 1450), (118, 1450, 1530), (1446, 1451, 1447), (1446, 1526, 1451), (1447, 1451, 1452), (1526, 1531, 1451), (1447, 1453, 1448), (1447, 1452, 1453), (1448, 1453, 1449), (1449, 1453, 1454), (1449, 1455, 1450), (1450, 1455, 1530), (1449, 1454, 1455), (1530, 1455, 1535), (1451, 1457, 1452), (1451, 1531, 1536), (1451, 1536, 1456), (1451, 1456, 1457), (1452, 1457, 1453), (1453, 1457, 1458), (1453, 1459, 1454), (1453, 1458, 1459), (1454, 1459, 1455), (1455, 1540, 1535), (1455, 1459, 1460), (1455, 1460, 1540), (1456, 1461, 1457), (1456, 1536, 1461), (1457, 1461, 1462), (1536, 1541, 1461), (1457, 1463, 1458), (1457, 1462, 1463), (1458, 1463, 1459), (1459, 1463, 1464), (1459, 1465, 1460), (1460, 1465, 1540), (1459, 1464, 1465), (1540, 1465, 1545), (1461, 1467, 1462), (1461, 1541, 1546), (1461, 1546, 1466), (1461, 1466, 1467), (1462, 1467, 1463), (1463, 1467, 1468), (1463, 1469, 1464), (1463, 1468, 1469), (1464, 1469, 1465), (1465, 1550, 1545), (1465, 1469, 1470), (1465, 1470, 1550), (1466, 1471, 1467), (1466, 1546, 1471), (1467, 1471, 1472), (1546, 1551, 1471), (1467, 1473, 1468), (1467, 1472, 1473), (1468, 1473, 1469), (1469, 1473, 1474), (1469, 1475, 1470), (1470, 1475, 1550), (1469, 1474, 1475), (1550, 1475, 1555), (1471, 1477, 1472), (1471, 1551, 1556), (1471, 1556, 1476), (1471, 1476, 1477), (1472, 1477, 1473), (1473, 1477, 1478), (1473, 1479, 1474), (1473, 1478, 1479), (1474, 1479, 1475), (1475, 1560, 1555), (1475, 1479, 1480), (1475, 1480, 1560), (1476, 1481, 1477), (1476, 1556, 1481), (1477, 1481, 1482), (1556, 1561, 1481), (1477, 1483, 1478), (1477, 1482, 1483), (1478, 1483, 1479), (1479, 1483, 1484), (1479, 1485, 1480), (1480, 1485, 1560), (1479, 1484, 1485), (1560, 1485, 1565), (1481, 1487, 1482), (1481, 1561, 1566), (1481, 1566, 1486), (1481, 1486, 1487), (1482, 1487, 1483), (1483, 1487, 1488), (1483, 1489, 1484), (1483, 1488, 1489), (1484, 1489, 1485), (1485, 1570, 1565), (1485, 1489, 1490), (1485, 1490, 1570), (1486, 1491, 1487), (1486, 1566, 1491), (1487, 1491, 1492), (1566, 1571, 1491), (1487, 1493, 1488), (1487, 1492, 1493), (1488, 1493, 1489), (1489, 1493, 1494), (1489, 1495, 1490), (1490, 1495, 1570), (1489, 1494, 1495), (1570, 1495, 1575), (1491, 1497, 1492), (1491, 1571, 1576), (1491, 1576, 1496), (1491, 1496, 1497), (1492, 1497, 1493), (1493, 1497, 1498), (1493, 1499, 1494), (1493, 1498, 1499), (1494, 1499, 1495), (1495, 1580, 1575), (1495, 1499, 1500), (1495, 1500, 1580), (1496, 1501, 1497), (1496, 1576, 1501), (1497, 1501, 1502), (1576, 1581, 1501), (1497, 1503, 1498), (1497, 1502, 1503), (1498, 1503, 1499), (1499, 1503, 1504), (1499, 1505, 1500), (1500, 1505, 1580), (1499, 1504, 1505), (1580, 1505, 1585), (1501, 1507, 1502), (1501, 1581, 1586), (1501, 1586, 1506), (1501, 1506, 1507), (1502, 1507, 1503), (1503, 1507, 1508), (1503, 1509, 1504), (1503, 1508, 1509), (1504, 1509, 1505), (1505, 1590, 1585), (1505, 1509, 1510), (1505, 1510, 1590), (1506, 1511, 1507), (1506, 1586, 1511), (1507, 1511, 1512), (1586, 1591, 1511), (1507, 1513, 1508), (1507, 1512, 1513), (1508, 1513, 1509), (1509, 1513, 1514), (1509, 1515, 1510), (1510, 1515, 1590), (1509, 1514, 1515), (1590, 1515, 1595), (1511, 1517, 1512), (1511, 1591, 1596), (1511, 1596, 1516), (1511, 1516, 1517), (1512, 1517, 1513), (1513, 1517, 1518), (1513, 1519, 1514), (1513, 1518, 1519), (1514, 1519, 1515), (1515, 1600, 1595), (1515, 1519, 1520), (1515, 1520, 1600), (1516, 1521, 1517), (1516, 1596, 1521), (1517, 1521, 1522), (1596, 1601, 1521), (1517, 1523, 1518), (1517, 1522, 1523), (1518, 1523, 1519), (1519, 1523, 1524), (1519, 1525, 1520), (1520, 1525, 1600), (1519, 1524, 1525), (1600, 1525, 1605), (191, 203, 1526), (203, 1606, 1526), (119, 1530, 131), (131, 1530, 1610), (1526, 1606, 1611), (1526, 1611, 1531), (1530, 1615, 1610), (1530, 1535, 1615), (1531, 1611, 1536), (1611, 1616, 1536), (1535, 1540, 1615), (1615, 1540, 1620), (1536, 1616, 1621), (1536, 1621, 1541), (1540, 1625, 1620), (1540, 1545, 1625), (1541, 1621, 1546), (1621, 1626, 1546), (1545, 1550, 1625), (1625, 1550, 1630), (1546, 1626, 1631), (1546, 1631, 1551), (1550, 1635, 1630), (1550, 1555, 1635), (1551, 1631, 1556), (1631, 1636, 1556), (1555, 1560, 1635), (1635, 1560, 1640), (1556, 1636, 1641), (1556, 1641, 1561), (1560, 1645, 1640), (1560, 1565, 1645), (1561, 1641, 1566), (1641, 1646, 1566), (1565, 1570, 1645), (1645, 1570, 1650), (1566, 1646, 1651), (1566, 1651, 1571), (1570, 1655, 1650), (1570, 1575, 1655), (1571, 1651, 1576), (1651, 1656, 1576), (1575, 1580, 1655), (1655, 1580, 1660), (1576, 1656, 1661), (1576, 1661, 1581), (1580, 1665, 1660), (1580, 1585, 1665), (1581, 1661, 1586), (1661, 1666, 1586), (1585, 1590, 1665), (1665, 1590, 1670), (1586, 1666, 1671), (1586, 1671, 1591), (1590, 1675, 1670), (1590, 1595, 1675), (1591, 1671, 1596), (1671, 1676, 1596), (1595, 1600, 1675), (1675, 1600, 1680), (1596, 1676, 1681), (1596, 1681, 1601), (1600, 1685, 1680), (1600, 1605, 1685), (203, 215, 1686), (203, 1686, 1606), (131, 1690, 143), (131, 1610, 1690), (1606, 1686, 1611), (1686, 1691, 1611), (1610, 1615, 1690), (1690, 1615, 1695), (1611, 1691, 1696), (1611, 1696, 1616), (1615, 1700, 1695), (1615, 1620, 1700), (1616, 1696, 1621), (1696, 1701, 1621), (1620, 1625, 1700), (1700, 1625, 1705), (1621, 1701, 1706), (1621, 1706, 1626), (1625, 1710, 1705), (1625, 1630, 1710), (1626, 1706, 1631), (1706, 1711, 1631), (1630, 1635, 1710), (1710, 1635, 1715), (1631, 1711, 1716), (1631, 1716, 1636), (1635, 1720, 1715), (1635, 1640, 1720), (1636, 1716, 1641), (1716, 1721, 1641), (1640, 1645, 1720), (1720, 1645, 1725), (1641, 1721, 1726), (1641, 1726, 1646), (1645, 1730, 1725), (1645, 1650, 1730), (1646, 1726, 1651), (1726, 1731, 1651), (1650, 1655, 1730), (1730, 1655, 1735), (1651, 1731, 1736), (1651, 1736, 1656), (1655, 1740, 1735), (1655, 1660, 1740), (1656, 1736, 1661), (1736, 1741, 1661), (1660, 1665, 1740), (1740, 1665, 1745), (1661, 1741, 1746), (1661, 1746, 1666), (1665, 1750, 1745), (1665, 1670, 1750), (1666, 1746, 1671), (1746, 1751, 1671), (1670, 1675, 1750), (1750, 1675, 1755), (1671, 1751, 1756), (1671, 1756, 1676), (1675, 1760, 1755), (1675, 1680, 1760), (1676, 1756, 1681), (1756, 1761, 1681), (1680, 1685, 1760), (1760, 1685, 1765), (215, 227, 1686), (227, 1766, 1686), (143, 1690, 155), (155, 1690, 1770), (1686, 1766, 1771), (1686, 1771, 1691), (1690, 1775, 1770), (1690, 1695, 1775), (1691, 1771, 1696), (1771, 1776, 1696), (1695, 1700, 1775), (1775, 1700, 1780), (1696, 1776, 1781), (1696, 1781, 1701), (1700, 1785, 1780), (1700, 1705, 1785), (1701, 1781, 1706), (1781, 1786, 1706), (1705, 1710, 1785), (1785, 1710, 1790), (1706, 1786, 1791), (1706, 1791, 1711), (1710, 1795, 1790), (1710, 1715, 1795), (1711, 1791, 1716), (1791, 1796, 1716), (1715, 1720, 1795), (1795, 1720, 1800), (1716, 1796, 1801), (1716, 1801, 1721), (1720, 1805, 1800), (1720, 1725, 1805), (1721, 1801, 1726), (1801, 1806, 1726), (1725, 1730, 1805), (1805, 1730, 1810), (1726, 1806, 1811), (1726, 1811, 1731), (1730, 1815, 1810), (1730, 1735, 1815), (1731, 1811, 1736), (1811, 1816, 1736), (1735, 1740, 1815), (1815, 1740, 1820), (1736, 1816, 1821), (1736, 1821, 1741), (1740, 1825, 1820), (1740, 1745, 1825), (1741, 1821, 1746), (1821, 1826, 1746), (1745, 1750, 1825), (1825, 1750, 1830), (1746, 1826, 1831), (1746, 1831, 1751), (1750, 1835, 1830), (1750, 1755, 1835), (1751, 1831, 1756), (1831, 1836, 1756), (1755, 1760, 1835), (1835, 1760, 1840), (1756, 1836, 1841), (1756, 1841, 1761), (1760, 1845, 1840), (1760, 1765, 1845), (238, 1846, 239), (227, 239, 1846), (227, 1846, 1766), (238, 1847, 1846), (237, 1848, 238), (238, 1848, 1847), (236, 1848, 237), (236, 1849, 1848), (155, 1850, 167), (167, 1850, 236), (155, 1770, 1850), (236, 1850, 1849), (1766, 1846, 1771), (1847, 1852, 1846), (1846, 1851, 1771), (1846, 1852, 1851), (1848, 1852, 1847), (1848, 1853, 1852), (1849, 1854, 1848), (1848, 1854, 1853), (1770, 1775, 1850), (1850, 1854, 1849), (1850, 1775, 1855), (1850, 1855, 1854), (1852, 1856, 1851), (1771, 1851, 1856), (1771, 1856, 1776), (1852, 1857, 1856), (1853, 1858, 1852), (1852, 1858, 1857), (1854, 1858, 1853), (1854, 1859, 1858), (1775, 1860, 1855), (1855, 1860, 1854), (1775, 1780, 1860), (1854, 1860, 1859), (1776, 1856, 1781), (1857, 1862, 1856), (1856, 1861, 1781), (1856, 1862, 1861), (1858, 1862, 1857), (1858, 1863, 1862), (1859, 1864, 1858), (1858, 1864, 1863), (1780, 1785, 1860), (1860, 1864, 1859), (1860, 1785, 1865), (1860, 1865, 1864), (1862, 1866, 1861), (1781, 1861, 1866), (1781, 1866, 1786), (1862, 1867, 1866), (1863, 1868, 1862), (1862, 1868, 1867), (1864, 1868, 1863), (1864, 1869, 1868), (1785, 1870, 1865), (1865, 1870, 1864), (1785, 1790, 1870), (1864, 1870, 1869), (1786, 1866, 1791), (1867, 1872, 1866), (1866, 1871, 1791), (1866, 1872, 1871), (1868, 1872, 1867), (1868, 1873, 1872), (1869, 1874, 1868), (1868, 1874, 1873), (1790, 1795, 1870), (1870, 1874, 1869), (1870, 1795, 1875), (1870, 1875, 1874), (1872, 1876, 1871), (1791, 1871, 1876), (1791, 1876, 1796), (1872, 1877, 1876), (1873, 1878, 1872), (1872, 1878, 1877), (1874, 1878, 1873), (1874, 1879, 1878), (1795, 1880, 1875), (1875, 1880, 1874), (1795, 1800, 1880), (1874, 1880, 1879), (1796, 1876, 1801), (1877, 1882, 1876), (1876, 1881, 1801), (1876, 1882, 1881), (1878, 1882, 1877), (1878, 1883, 1882), (1879, 1884, 1878), (1878, 1884, 1883), (1800, 1805, 1880), (1880, 1884, 1879), (1880, 1805, 1885), (1880, 1885, 1884), (1882, 1886, 1881), (1801, 1881, 1886), (1801, 1886, 1806), (1882, 1887, 1886), (1883, 1888, 1882), (1882, 1888, 1887), (1884, 1888, 1883), (1884, 1889, 1888), (1805, 1890, 1885), (1885, 1890, 1884), (1805, 1810, 1890), (1884, 1890, 1889), (1806, 1886, 1811), (1887, 1892, 1886), (1886, 1891, 1811), (1886, 1892, 1891), (1888, 1892, 1887), (1888, 1893, 1892), (1889, 1894, 1888), (1888, 1894, 1893), (1810, 1815, 1890), (1890, 1894, 1889), (1890, 1815, 1895), (1890, 1895, 1894), (1892, 1896, 1891), (1811, 1891, 1896), (1811, 1896, 1816), (1892, 1897, 1896), (1893, 1898, 1892), (1892, 1898, 1897), (1894, 1898, 1893), (1894, 1899, 1898), (1815, 1900, 1895), (1895, 1900, 1894), (1815, 1820, 1900), (1894, 1900, 1899), (1816, 1896, 1821), (1897, 1902, 1896), (1896, 1901, 1821), (1896, 1902, 1901), (1898, 1902, 1897), (1898, 1903, 1902), (1899, 1904, 1898), (1898, 1904, 1903), (1820, 1825, 1900), (1900, 1904, 1899), (1900, 1825, 1905), (1900, 1905, 1904), (1902, 1906, 1901), (1821, 1901, 1906), (1821, 1906, 1826), (1902, 1907, 1906), (1903, 1908, 1902), (1902, 1908, 1907), (1904, 1908, 1903), (1904, 1909, 1908), (1825, 1910, 1905), (1905, 1910, 1904), (1825, 1830, 1910), (1904, 1910, 1909), (1826, 1906, 1831), (1907, 1912, 1906), (1906, 1911, 1831), (1906, 1912, 1911), (1908, 1912, 1907), (1908, 1913, 1912), (1909, 1914, 1908), (1908, 1914, 1913), (1830, 1835, 1910), (1910, 1914, 1909), (1910, 1835, 1915), (1910, 1915, 1914), (1912, 1916, 1911), (1831, 1911, 1916), (1831, 1916, 1836), (1912, 1917, 1916), (1913, 1918, 1912), (1912, 1918, 1917), (1914, 1918, 1913), (1914, 1919, 1918), (1835, 1920, 1915), (1915, 1920, 1914), (1835, 1840, 1920), (1914, 1920, 1919), (1836, 1916, 1841), (1917, 1922, 1916), (1916, 1921, 1841), (1916, 1922, 1921), (1918, 1922, 1917), (1918, 1923, 1922), (1919, 1924, 1918), (1918, 1924, 1923), (1840, 1845, 1920), (1920, 1924, 1919), (1920, 1845, 1925), (1920, 1925, 1924), (1523, 1926, 1524), (1926, 1523, 1928), (1523, 1930, 1928), (1930, 1523, 1932), (1523, 1934, 1932), (1934, 1523, 1522), (1524, 1926, 1525), (1525, 1937, 1605), (1525, 1926, 1936), (1525, 1936, 1937), (1926, 1938, 1936), (1936, 1938, 1937), (1926, 1928, 1938), (1937, 1938, 1939), (1928, 1930, 1938), (1938, 1941, 1939), (1938, 1930, 1940), (1938, 1940, 1941), (1930, 1942, 1940), (1940, 1942, 1941), (1930, 1932, 1942), (1941, 1942, 1943), (1932, 1934, 1942), (1942, 1945, 1943), (1942, 1934, 1944), (1942, 1944, 1945), (1934, 1521, 1944), (1944, 1521, 1945), (1934, 1522, 1521), (1945, 1521, 1601), (1605, 1937, 1685), (1685, 1937, 1951), (1937, 1952, 1951), (1937, 1939, 1952), (1939, 1941, 1952), (1952, 1941, 1953), (1941, 1954, 1953), (1941, 1943, 1954), (1943, 1945, 1954), (1954, 1945, 1955), (1945, 1681, 1955), (1945, 1601, 1681), (1685, 1961, 1765), (1685, 1951, 1961), (1951, 1952, 1961), (1961, 1952, 1962), (1952, 1963, 1962), (1952, 1953, 1963), (1953, 1954, 1963), (1963, 1954, 1964), (1954, 1965, 1964), (1954, 1955, 1965), (1955, 1681, 1965), (1965, 1681, 1761), (1765, 1961, 1845), (1845, 1961, 1971), (1961, 1972, 1971), (1961, 1962, 1972), (1962, 1963, 1972), (1972, 1963, 1973), (1963, 1974, 1973), (1963, 1964, 1974), (1964, 1965, 1974), (1974, 1965, 1975), (1965, 1841, 1975), (1965, 1761, 1841), (1924, 1976, 1923), (1976, 1977, 1923), (1977, 1978, 1923), (1978, 1979, 1923), (1979, 1980, 1923), (1980, 1922, 1923), (1845, 1981, 1925), (1925, 1981, 1924), (1845, 1971, 1981), (1924, 1981, 1976), (1971, 1972, 1981), (1981, 1977, 1976), (1981, 1972, 1982), (1981, 1982, 1977), (1972, 1983, 1982), (1982, 1983, 1977), (1972, 1973, 1983), (1977, 1983, 1978), (1973, 1974, 1983), (1983, 1979, 1978), (1983, 1974, 1984), (1983, 1984, 1979), (1974, 1985, 1984), (1984, 1985, 1979), (1974, 1975, 1985), (1979, 1985, 1980), (1975, 1841, 1985), (1985, 1922, 1980), (1985, 1841, 1921), (1985, 1921, 1922), (262, 1987, 260), (262, 263, 2066), (262, 2066, 1986), (262, 1986, 1987), (260, 1987, 258), (258, 1987, 1988), (258, 1989, 256), (258, 1988, 1989), (256, 1989, 190), (190, 2070, 191), (190, 1989, 1990), (190, 1990, 2070), (1986, 1991, 1987), (1986, 2066, 1991), (1987, 1991, 1992), (2066, 2071, 1991), (1987, 1993, 1988), (1987, 1992, 1993), (1988, 1993, 1989), (1989, 1993, 1994), (1989, 1995, 1990), (1990, 1995, 2070), (1989, 1994, 1995), (2070, 1995, 2075), (1991, 1997, 1992), (1991, 2071, 2076), (1991, 2076, 1996), (1991, 1996, 1997), (1992, 1997, 1993), (1993, 1997, 1998), (1993, 1999, 1994), (1993, 1998, 1999), (1994, 1999, 1995), (1995, 2080, 2075), (1995, 1999, 2000), (1995, 2000, 2080), (1996, 2001, 1997), (1996, 2076, 2001), (1997, 2001, 2002), (2076, 2081, 2001), (1997, 2003, 1998), (1997, 2002, 2003), (1998, 2003, 1999), (1999, 2003, 2004), (1999, 2005, 2000), (2000, 2005, 2080), (1999, 2004, 2005), (2080, 2005, 2085), (2001, 2007, 2002), (2001, 2081, 2086), (2001, 2086, 2006), (2001, 2006, 2007), (2002, 2007, 2003), (2003, 2007, 2008), (2003, 2009, 2004), (2003, 2008, 2009), (2004, 2009, 2005), (2005, 2090, 2085), (2005, 2009, 2010), (2005, 2010, 2090), (2006, 2011, 2007), (2006, 2086, 2011), (2007, 2011, 2012), (2086, 2091, 2011), (2007, 2013, 2008), (2007, 2012, 2013), (2008, 2013, 2009), (2009, 2013, 2014), (2009, 2015, 2010), (2010, 2015, 2090), (2009, 2014, 2015), (2090, 2015, 2095), (2011, 2017, 2012), (2011, 2091, 2096), (2011, 2096, 2016), (2011, 2016, 2017), (2012, 2017, 2013), (2013, 2017, 2018), (2013, 2019, 2014), (2013, 2018, 2019), (2014, 2019, 2015), (2015, 2100, 2095), (2015, 2019, 2020), (2015, 2020, 2100), (2016, 2021, 2017), (2016, 2096, 2021), (2017, 2021, 2022), (2096, 2101, 2021), (2017, 2023, 2018), (2017, 2022, 2023), (2018, 2023, 2019), (2019, 2023, 2024), (2019, 2025, 2020), (2020, 2025, 2100), (2019, 2024, 2025), (2100, 2025, 2105), (2021, 2027, 2022), (2021, 2101, 2106), (2021, 2106, 2026), (2021, 2026, 2027), (2022, 2027, 2023), (2023, 2027, 2028), (2023, 2029, 2024), (2023, 2028, 2029), (2024, 2029, 2025), (2025, 2110, 2105), (2025, 2029, 2030), (2025, 2030, 2110), (2026, 2031, 2027), (2026, 2106, 2031), (2027, 2031, 2032), (2106, 2111, 2031), (2027, 2033, 2028), (2027, 2032, 2033), (2028, 2033, 2029), (2029, 2033, 2034), (2029, 2035, 2030), (2030, 2035, 2110), (2029, 2034, 2035), (2110, 2035, 2115), (2031, 2037, 2032), (2031, 2111, 2116), (2031, 2116, 2036), (2031, 2036, 2037), (2032, 2037, 2033), (2033, 2037, 2038), (2033, 2039, 2034), (2033, 2038, 2039), (2034, 2039, 2035), (2035, 2120, 2115), (2035, 2039, 2040), (2035, 2040, 2120), (2036, 2041, 2037), (2036, 2116, 2041), (2037, 2041, 2042), (2116, 2121, 2041), (2037, 2043, 2038), (2037, 2042, 2043), (2038, 2043, 2039), (2039, 2043, 2044), (2039, 2045, 2040), (2040, 2045, 2120), (2039, 2044, 2045), (2120, 2045, 2125), (2041, 2047, 2042), (2041, 2121, 2126), (2041, 2126, 2046), (2041, 2046, 2047), (2042, 2047, 2043), (2043, 2047, 2048), (2043, 2049, 2044), (2043, 2048, 2049), (2044, 2049, 2045), (2045, 2130, 2125), (2045, 2049, 2050), (2045, 2050, 2130), (2046, 2051, 2047), (2046, 2126, 2051), (2047, 2051, 2052), (2126, 2131, 2051), (2047, 2053, 2048), (2047, 2052, 2053), (2048, 2053, 2049), (2049, 2053, 2054), (2049, 2055, 2050), (2050, 2055, 2130), (2049, 2054, 2055), (2130, 2055, 2135), (2051, 2057, 2052), (2051, 2131, 2136), (2051, 2136, 2056), (2051, 2056, 2057), (2052, 2057, 2053), (2053, 2057, 2058), (2053, 2059, 2054), (2053, 2058, 2059), (2054, 2059, 2055), (2055, 2140, 2135), (2055, 2059, 2060), (2055, 2060, 2140), (2056, 2061, 2057), (2056, 2136, 2061), (2057, 2061, 2062), (2136, 2141, 2061), (2057, 2063, 2058), (2057, 2062, 2063), (2058, 2063, 2059), (2059, 2063, 2064), (2059, 2065, 2060), (2060, 2065, 2140), (2059, 2064, 2065), (2140, 2065, 2145), (263, 275, 2066), (275, 2146, 2066), (191, 2070, 203), (203, 2070, 2150), (2066, 2146, 2151), (2066, 2151, 2071), (2070, 2155, 2150), (2070, 2075, 2155), (2071, 2151, 2076), (2151, 2156, 2076), (2075, 2080, 2155), (2155, 2080, 2160), (2076, 2156, 2161), (2076, 2161, 2081), (2080, 2165, 2160), (2080, 2085, 2165), (2081, 2161, 2086), (2161, 2166, 2086), (2085, 2090, 2165), (2165, 2090, 2170), (2086, 2166, 2171), (2086, 2171, 2091), (2090, 2175, 2170), (2090, 2095, 2175), (2091, 2171, 2096), (2171, 2176, 2096), (2095, 2100, 2175), (2175, 2100, 2180), (2096, 2176, 2181), (2096, 2181, 2101), (2100, 2185, 2180), (2100, 2105, 2185), (2101, 2181, 2106), (2181, 2186, 2106), (2105, 2110, 2185), (2185, 2110, 2190), (2106, 2186, 2191), (2106, 2191, 2111), (2110, 2195, 2190), (2110, 2115, 2195), (2111, 2191, 2116), (2191, 2196, 2116), (2115, 2120, 2195), (2195, 2120, 2200), (2116, 2196, 2201), (2116, 2201, 2121), (2120, 2205, 2200), (2120, 2125, 2205), (2121, 2201, 2126), (2201, 2206, 2126), (2125, 2130, 2205), (2205, 2130, 2210), (2126, 2206, 2211), (2126, 2211, 2131), (2130, 2215, 2210), (2130, 2135, 2215), (2131, 2211, 2136), (2211, 2216, 2136), (2135, 2140, 2215), (2215, 2140, 2220), (2136, 2216, 2221), (2136, 2221, 2141), (2140, 2225, 2220), (2140, 2145, 2225), (275, 287, 2226), (275, 2226, 2146), (203, 2230, 215), (203, 2150, 2230), (2146, 2226, 2151), (2226, 2231, 2151), (2150, 2155, 2230), (2230, 2155, 2235), (2151, 2231, 2236), (2151, 2236, 2156), (2155, 2240, 2235), (2155, 2160, 2240), (2156, 2236, 2161), (2236, 2241, 2161), (2160, 2165, 2240), (2240, 2165, 2245), (2161, 2241, 2246), (2161, 2246, 2166), (2165, 2250, 2245), (2165, 2170, 2250), (2166, 2246, 2171), (2246, 2251, 2171), (2170, 2175, 2250), (2250, 2175, 2255), (2171, 2251, 2256), (2171, 2256, 2176), (2175, 2260, 2255), (2175, 2180, 2260), (2176, 2256, 2181), (2256, 2261, 2181), (2180, 2185, 2260), (2260, 2185, 2265), (2181, 2261, 2266), (2181, 2266, 2186), (2185, 2270, 2265), (2185, 2190, 2270), (2186, 2266, 2191), (2266, 2271, 2191), (2190, 2195, 2270), (2270, 2195, 2275), (2191, 2271, 2276), (2191, 2276, 2196), (2195, 2280, 2275), (2195, 2200, 2280), (2196, 2276, 2201), (2276, 2281, 2201), (2200, 2205, 2280), (2280, 2205, 2285), (2201, 2281, 2286), (2201, 2286, 2206), (2205, 2290, 2285), (2205, 2210, 2290), (2206, 2286, 2211), (2286, 2291, 2211), (2210, 2215, 2290), (2290, 2215, 2295), (2211, 2291, 2296), (2211, 2296, 2216), (2215, 2300, 2295), (2215, 2220, 2300), (2216, 2296, 2221), (2296, 2301, 2221), (2220, 2225, 2300), (2300, 2225, 2305), (287, 299, 2226), (299, 2306, 2226), (215, 2230, 227), (227, 2230, 2310), (2226, 2306, 2311), (2226, 2311, 2231), (2230, 2315, 2310), (2230, 2235, 2315), (2231, 2311, 2236), (2311, 2316, 2236), (2235, 2240, 2315), (2315, 2240, 2320), (2236, 2316, 2321), (2236, 2321, 2241), (2240, 2325, 2320), (2240, 2245, 2325), (2241, 2321, 2246), (2321, 2326, 2246), (2245, 2250, 2325), (2325, 2250, 2330), (2246, 2326, 2331), (2246, 2331, 2251), (2250, 2335, 2330), (2250, 2255, 2335), (2251, 2331, 2256), (2331, 2336, 2256), (2255, 2260, 2335), (2335, 2260, 2340), (2256, 2336, 2341), (2256, 2341, 2261), (2260, 2345, 2340), (2260, 2265, 2345), (2261, 2341, 2266), (2341, 2346, 2266), (2265, 2270, 2345), (2345, 2270, 2350), (2266, 2346, 2351), (2266, 2351, 2271), (2270, 2355, 2350), (2270, 2275, 2355), (2271, 2351, 2276), (2351, 2356, 2276), (2275, 2280, 2355), (2355, 2280, 2360), (2276, 2356, 2361), (2276, 2361, 2281), (2280, 2365, 2360), (2280, 2285, 2365), (2281, 2361, 2286), (2361, 2366, 2286), (2285, 2290, 2365), (2365, 2290, 2370), (2286, 2366, 2371), (2286, 2371, 2291), (2290, 2375, 2370), (2290, 2295, 2375), (2291, 2371, 2296), (2371, 2376, 2296), (2295, 2300, 2375), (2375, 2300, 2380), (2296, 2376, 2381), (2296, 2381, 2301), (2300, 2385, 2380), (2300, 2305, 2385), (310, 2386, 311), (299, 311, 2386), (299, 2386, 2306), (310, 2387, 2386), (309, 2388, 310), (310, 2388, 2387), (308, 2388, 309), (308, 2389, 2388), (227, 2390, 239), (239, 2390, 308), (227, 2310, 2390), (308, 2390, 2389), (2306, 2386, 2311), (2387, 2392, 2386), (2386, 2391, 2311), (2386, 2392, 2391), (2388, 2392, 2387), (2388, 2393, 2392), (2389, 2394, 2388), (2388, 2394, 2393), (2310, 2315, 2390), (2390, 2394, 2389), (2390, 2315, 2395), (2390, 2395, 2394), (2392, 2396, 2391), (2311, 2391, 2396), (2311, 2396, 2316), (2392, 2397, 2396), (2393, 2398, 2392), (2392, 2398, 2397), (2394, 2398, 2393), (2394, 2399, 2398), (2315, 2400, 2395), (2395, 2400, 2394), (2315, 2320, 2400), (2394, 2400, 2399), (2316, 2396, 2321), (2397, 2402, 2396), (2396, 2401, 2321), (2396, 2402, 2401), (2398, 2402, 2397), (2398, 2403, 2402), (2399, 2404, 2398), (2398, 2404, 2403), (2320, 2325, 2400), (2400, 2404, 2399), (2400, 2325, 2405), (2400, 2405, 2404), (2402, 2406, 2401), (2321, 2401, 2406), (2321, 2406, 2326), (2402, 2407, 2406), (2403, 2408, 2402), (2402, 2408, 2407), (2404, 2408, 2403), (2404, 2409, 2408), (2325, 2410, 2405), (2405, 2410, 2404), (2325, 2330, 2410), (2404, 2410, 2409), (2326, 2406, 2331), (2407, 2412, 2406), (2406, 2411, 2331), (2406, 2412, 2411), (2408, 2412, 2407), (2408, 2413, 2412), (2409, 2414, 2408), (2408, 2414, 2413), (2330, 2335, 2410), (2410, 2414, 2409), (2410, 2335, 2415), (2410, 2415, 2414), (2412, 2416, 2411), (2331, 2411, 2416), (2331, 2416, 2336), (2412, 2417, 2416), (2413, 2418, 2412), (2412, 2418, 2417), (2414, 2418, 2413), (2414, 2419, 2418), (2335, 2420, 2415), (2415, 2420, 2414), (2335, 2340, 2420), (2414, 2420, 2419), (2336, 2416, 2341), (2417, 2422, 2416), (2416, 2421, 2341), (2416, 2422, 2421), (2418, 2422, 2417), (2418, 2423, 2422), (2419, 2424, 2418), (2418, 2424, 2423), (2340, 2345, 2420), (2420, 2424, 2419), (2420, 2345, 2425), (2420, 2425, 2424), (2422, 2426, 2421), (2341, 2421, 2426), (2341, 2426, 2346), (2422, 2427, 2426), (2423, 2428, 2422), (2422, 2428, 2427), (2424, 2428, 2423), (2424, 2429, 2428), (2345, 2430, 2425), (2425, 2430, 2424), (2345, 2350, 2430), (2424, 2430, 2429), (2346, 2426, 2351), (2427, 2432, 2426), (2426, 2431, 2351), (2426, 2432, 2431), (2428, 2432, 2427), (2428, 2433, 2432), (2429, 2434, 2428), (2428, 2434, 2433), (2350, 2355, 2430), (2430, 2434, 2429), (2430, 2355, 2435), (2430, 2435, 2434), (2432, 2436, 2431), (2351, 2431, 2436), (2351, 2436, 2356), (2432, 2437, 2436), (2433, 2438, 2432), (2432, 2438, 2437), (2434, 2438, 2433), (2434, 2439, 2438), (2355, 2440, 2435), (2435, 2440, 2434), (2355, 2360, 2440), (2434, 2440, 2439), (2356, 2436, 2361), (2437, 2442, 2436), (2436, 2441, 2361), (2436, 2442, 2441), (2438, 2442, 2437), (2438, 2443, 2442), (2439, 2444, 2438), (2438, 2444, 2443), (2360, 2365, 2440), (2440, 2444, 2439), (2440, 2365, 2445), (2440, 2445, 2444), (2442, 2446, 2441), (2361, 2441, 2446), (2361, 2446, 2366), (2442, 2447, 2446), (2443, 2448, 2442), (2442, 2448, 2447), (2444, 2448, 2443), (2444, 2449, 2448), (2365, 2450, 2445), (2445, 2450, 2444), (2365, 2370, 2450), (2444, 2450, 2449), (2366, 2446, 2371), (2447, 2452, 2446), (2446, 2451, 2371), (2446, 2452, 2451), (2448, 2452, 2447), (2448, 2453, 2452), (2449, 2454, 2448), (2448, 2454, 2453), (2370, 2375, 2450), (2450, 2454, 2449), (2450, 2375, 2455), (2450, 2455, 2454), (2452, 2456, 2451), (2371, 2451, 2456), (2371, 2456, 2376), (2452, 2457, 2456), (2453, 2458, 2452), (2452, 2458, 2457), (2454, 2458, 2453), (2454, 2459, 2458), (2375, 2460, 2455), (2455, 2460, 2454), (2375, 2380, 2460), (2454, 2460, 2459), (2376, 2456, 2381), (2457, 2462, 2456), (2456, 2461, 2381), (2456, 2462, 2461), (2458, 2462, 2457), (2458, 2463, 2462), (2459, 2464, 2458), (2458, 2464, 2463), (2380, 2385, 2460), (2460, 2464, 2459), (2460, 2385, 2465), (2460, 2465, 2464), (2063, 2466, 2064), (2466, 2063, 2468), (2063, 2470, 2468), (2470, 2063, 2472), (2063, 2474, 2472), (2474, 2063, 2062), (2064, 2466, 2065), (2065, 2477, 2145), (2065, 2466, 2476), (2065, 2476, 2477), (2466, 2478, 2476), (2476, 2478, 2477), (2466, 2468, 2478), (2477, 2478, 2479), (2468, 2470, 2478), (2478, 2481, 2479), (2478, 2470, 2480), (2478, 2480, 2481), (2470, 2482, 2480), (2480, 2482, 2481), (2470, 2472, 2482), (2481, 2482, 2483), (2472, 2474, 2482), (2482, 2485, 2483), (2482, 2474, 2484), (2482, 2484, 2485), (2474, 2061, 2484), (2484, 2061, 2485), (2474, 2062, 2061), (2485, 2061, 2141), (2145, 2477, 2225), (2225, 2477, 2491), (2477, 2492, 2491), (2477, 2479, 2492), (2479, 2481, 2492), (2492, 2481, 2493), (2481, 2494, 2493), (2481, 2483, 2494), (2483, 2485, 2494), (2494, 2485, 2495), (2485, 2221, 2495), (2485, 2141, 2221), (2225, 2501, 2305), (2225, 2491, 2501), (2491, 2492, 2501), (2501, 2492, 2502), (2492, 2503, 2502), (2492, 2493, 2503), (2493, 2494, 2503), (2503, 2494, 2504), (2494, 2505, 2504), (2494, 2495, 2505), (2495, 2221, 2505), (2505, 2221, 2301), (2305, 2501, 2385), (2385, 2501, 2511), (2501, 2512, 2511), (2501, 2502, 2512), (2502, 2503, 2512), (2512, 2503, 2513), (2503, 2514, 2513), (2503, 2504, 2514), (2504, 2505, 2514), (2514, 2505, 2515), (2505, 2381, 2515), (2505, 2301, 2381), (2464, 2516, 2463), (2516, 2517, 2463), (2517, 2518, 2463), (2518, 2519, 2463), (2519, 2520, 2463), (2520, 2462, 2463), (2385, 2521, 2465), (2465, 2521, 2464), (2385, 2511, 2521), (2464, 2521, 2516), (2511, 2512, 2521), (2521, 2517, 2516), (2521, 2512, 2522), (2521, 2522, 2517), (2512, 2523, 2522), (2522, 2523, 2517), (2512, 2513, 2523), (2517, 2523, 2518), (2513, 2514, 2523), (2523, 2519, 2518), (2523, 2514, 2524), (2523, 2524, 2519), (2514, 2525, 2524), (2524, 2525, 2519), (2514, 2515, 2525), (2519, 2525, 2520), (2515, 2381, 2525), (2525, 2462, 2520), (2525, 2381, 2461), (2525, 2461, 2462), (22, 2527, 328), (22, 23, 2606), (22, 2606, 2526), (22, 2526, 2527), (328, 2527, 326), (326, 2527, 2528), (326, 2529, 324), (326, 2528, 2529), (324, 2529, 262), (262, 2610, 263), (262, 2529, 2530), (262, 2530, 2610), (2526, 2531, 2527), (2526, 2606, 2531), (2527, 2531, 2532), (2606, 2611, 2531), (2527, 2533, 2528), (2527, 2532, 2533), (2528, 2533, 2529), (2529, 2533, 2534), (2529, 2535, 2530), (2530, 2535, 2610), (2529, 2534, 2535), (2610, 2535, 2615), (2531, 2537, 2532), (2531, 2611, 2616), (2531, 2616, 2536), (2531, 2536, 2537), (2532, 2537, 2533), (2533, 2537, 2538), (2533, 2539, 2534), (2533, 2538, 2539), (2534, 2539, 2535), (2535, 2620, 2615), (2535, 2539, 2540), (2535, 2540, 2620), (2536, 2541, 2537), (2536, 2616, 2541), (2537, 2541, 2542), (2616, 2621, 2541), (2537, 2543, 2538), (2537, 2542, 2543), (2538, 2543, 2539), (2539, 2543, 2544), (2539, 2545, 2540), (2540, 2545, 2620), (2539, 2544, 2545), (2620, 2545, 2625), (2541, 2547, 2542), (2541, 2621, 2626), (2541, 2626, 2546), (2541, 2546, 2547), (2542, 2547, 2543), (2543, 2547, 2548), (2543, 2549, 2544), (2543, 2548, 2549), (2544, 2549, 2545), (2545, 2630, 2625), (2545, 2549, 2550), (2545, 2550, 2630), (2546, 2551, 2547), (2546, 2626, 2551), (2547, 2551, 2552), (2626, 2631, 2551), (2547, 2553, 2548), (2547, 2552, 2553), (2548, 2553, 2549), (2549, 2553, 2554), (2549, 2555, 2550), (2550, 2555, 2630), (2549, 2554, 2555), (2630, 2555, 2635), (2551, 2557, 2552), (2551, 2631, 2636), (2551, 2636, 2556), (2551, 2556, 2557), (2552, 2557, 2553), (2553, 2557, 2558), (2553, 2559, 2554), (2553, 2558, 2559), (2554, 2559, 2555), (2555, 2640, 2635), (2555, 2559, 2560), (2555, 2560, 2640), (2556, 2561, 2557), (2556, 2636, 2561), (2557, 2561, 2562), (2636, 2641, 2561), (2557, 2563, 2558), (2557, 2562, 2563), (2558, 2563, 2559), (2559, 2563, 2564), (2559, 2565, 2560), (2560, 2565, 2640), (2559, 2564, 2565), (2640, 2565, 2645), (2561, 2567, 2562), (2561, 2641, 2646), (2561, 2646, 2566), (2561, 2566, 2567), (2562, 2567, 2563), (2563, 2567, 2568), (2563, 2569, 2564), (2563, 2568, 2569), (2564, 2569, 2565), (2565, 2650, 2645), (2565, 2569, 2570), (2565, 2570, 2650), (2566, 2571, 2567), (2566, 2646, 2571), (2567, 2571, 2572), (2646, 2651, 2571), (2567, 2573, 2568), (2567, 2572, 2573), (2568, 2573, 2569), (2569, 2573, 2574), (2569, 2575, 2570), (2570, 2575, 2650), (2569, 2574, 2575), (2650, 2575, 2655), (2571, 2577, 2572), (2571, 2651, 2656), (2571, 2656, 2576), (2571, 2576, 2577), (2572, 2577, 2573), (2573, 2577, 2578), (2573, 2579, 2574), (2573, 2578, 2579), (2574, 2579, 2575), (2575, 2660, 2655), (2575, 2579, 2580), (2575, 2580, 2660), (2576, 2581, 2577), (2576, 2656, 2581), (2577, 2581, 2582), (2656, 2661, 2581), (2577, 2583, 2578), (2577, 2582, 2583), (2578, 2583, 2579), (2579, 2583, 2584), (2579, 2585, 2580), (2580, 2585, 2660), (2579, 2584, 2585), (2660, 2585, 2665), (2581, 2587, 2582), (2581, 2661, 2666), (2581, 2666, 2586), (2581, 2586, 2587), (2582, 2587, 2583), (2583, 2587, 2588), (2583, 2589, 2584), (2583, 2588, 2589), (2584, 2589, 2585), (2585, 2670, 2665), (2585, 2589, 2590), (2585, 2590, 2670), (2586, 2591, 2587), (2586, 2666, 2591), (2587, 2591, 2592), (2666, 2671, 2591), (2587, 2593, 2588), (2587, 2592, 2593), (2588, 2593, 2589), (2589, 2593, 2594), (2589, 2595, 2590), (2590, 2595, 2670), (2589, 2594, 2595), (2670, 2595, 2675), (2591, 2597, 2592), (2591, 2671, 2676), (2591, 2676, 2596), (2591, 2596, 2597), (2592, 2597, 2593), (2593, 2597, 2598), (2593, 2599, 2594), (2593, 2598, 2599), (2594, 2599, 2595), (2595, 2680, 2675), (2595, 2599, 2600), (2595, 2600, 2680), (2596, 2601, 2597), (2596, 2676, 2601), (2597, 2601, 2602), (2676, 2681, 2601), (2597, 2603, 2598), (2597, 2602, 2603), (2598, 2603, 2599), (2599, 2603, 2604), (2599, 2605, 2600), (2600, 2605, 2680), (2599, 2604, 2605), (2680, 2605, 2685), (23, 43, 2606), (43, 2686, 2606), (263, 2610, 275), (275, 2610, 2690), (2606, 2686, 2691), (2606, 2691, 2611), (2610, 2695, 2690), (2610, 2615, 2695), (2611, 2691, 2616), (2691, 2696, 2616), (2615, 2620, 2695), (2695, 2620, 2700), (2616, 2696, 2701), (2616, 2701, 2621), (2620, 2705, 2700), (2620, 2625, 2705), (2621, 2701, 2626), (2701, 2706, 2626), (2625, 2630, 2705), (2705, 2630, 2710), (2626, 2706, 2711), (2626, 2711, 2631), (2630, 2715, 2710), (2630, 2635, 2715), (2631, 2711, 2636), (2711, 2716, 2636), (2635, 2640, 2715), (2715, 2640, 2720), (2636, 2716, 2721), (2636, 2721, 2641), (2640, 2725, 2720), (2640, 2645, 2725), (2641, 2721, 2646), (2721, 2726, 2646), (2645, 2650, 2725), (2725, 2650, 2730), (2646, 2726, 2731), (2646, 2731, 2651), (2650, 2735, 2730), (2650, 2655, 2735), (2651, 2731, 2656), (2731, 2736, 2656), (2655, 2660, 2735), (2735, 2660, 2740), (2656, 2736, 2741), (2656, 2741, 2661), (2660, 2745, 2740), (2660, 2665, 2745), (2661, 2741, 2666), (2741, 2746, 2666), (2665, 2670, 2745), (2745, 2670, 2750), (2666, 2746, 2751), (2666, 2751, 2671), (2670, 2755, 2750), (2670, 2675, 2755), (2671, 2751, 2676), (2751, 2756, 2676), (2675, 2680, 2755), (2755, 2680, 2760), (2676, 2756, 2761), (2676, 2761, 2681), (2680, 2765, 2760), (2680, 2685, 2765), (43, 59, 2766), (43, 2766, 2686), (275, 2770, 287), (275, 2690, 2770), (2686, 2766, 2691), (2766, 2771, 2691), (2690, 2695, 2770), (2770, 2695, 2775), (2691, 2771, 2776), (2691, 2776, 2696), (2695, 2780, 2775), (2695, 2700, 2780), (2696, 2776, 2701), (2776, 2781, 2701), (2700, 2705, 2780), (2780, 2705, 2785), (2701, 2781, 2786), (2701, 2786, 2706), (2705, 2790, 2785), (2705, 2710, 2790), (2706, 2786, 2711), (2786, 2791, 2711), (2710, 2715, 2790), (2790, 2715, 2795), (2711, 2791, 2796), (2711, 2796, 2716), (2715, 2800, 2795), (2715, 2720, 2800), (2716, 2796, 2721), (2796, 2801, 2721), (2720, 2725, 2800), (2800, 2725, 2805), (2721, 2801, 2806), (2721, 2806, 2726), (2725, 2810, 2805), (2725, 2730, 2810), (2726, 2806, 2731), (2806, 2811, 2731), (2730, 2735, 2810), (2810, 2735, 2815), (2731, 2811, 2816), (2731, 2816, 2736), (2735, 2820, 2815), (2735, 2740, 2820), (2736, 2816, 2741), (2816, 2821, 2741), (2740, 2745, 2820), (2820, 2745, 2825), (2741, 2821, 2826), (2741, 2826, 2746), (2745, 2830, 2825), (2745, 2750, 2830), (2746, 2826, 2751), (2826, 2831, 2751), (2750, 2755, 2830), (2830, 2755, 2835), (2751, 2831, 2836), (2751, 2836, 2756), (2755, 2840, 2835), (2755, 2760, 2840), (2756, 2836, 2761), (2836, 2841, 2761), (2760, 2765, 2840), (2840, 2765, 2845), (59, 75, 2766), (75, 2846, 2766), (287, 2770, 299), (299, 2770, 2850), (2766, 2846, 2851), (2766, 2851, 2771), (2770, 2855, 2850), (2770, 2775, 2855), (2771, 2851, 2776), (2851, 2856, 2776), (2775, 2780, 2855), (2855, 2780, 2860), (2776, 2856, 2861), (2776, 2861, 2781), (2780, 2865, 2860), (2780, 2785, 2865), (2781, 2861, 2786), (2861, 2866, 2786), (2785, 2790, 2865), (2865, 2790, 2870), (2786, 2866, 2871), (2786, 2871, 2791), (2790, 2875, 2870), (2790, 2795, 2875), (2791, 2871, 2796), (2871, 2876, 2796), (2795, 2800, 2875), (2875, 2800, 2880), (2796, 2876, 2881), (2796, 2881, 2801), (2800, 2885, 2880), (2800, 2805, 2885), (2801, 2881, 2806), (2881, 2886, 2806), (2805, 2810, 2885), (2885, 2810, 2890), (2806, 2886, 2891), (2806, 2891, 2811), (2810, 2895, 2890), (2810, 2815, 2895), (2811, 2891, 2816), (2891, 2896, 2816), (2815, 2820, 2895), (2895, 2820, 2900), (2816, 2896, 2901), (2816, 2901, 2821), (2820, 2905, 2900), (2820, 2825, 2905), (2821, 2901, 2826), (2901, 2906, 2826), (2825, 2830, 2905), (2905, 2830, 2910), (2826, 2906, 2911), (2826, 2911, 2831), (2830, 2915, 2910), (2830, 2835, 2915), (2831, 2911, 2836), (2911, 2916, 2836), (2835, 2840, 2915), (2915, 2840, 2920), (2836, 2916, 2921), (2836, 2921, 2841), (2840, 2925, 2920), (2840, 2845, 2925), (365, 2926, 91), (75, 91, 2926), (75, 2926, 2846), (365, 2927, 2926), (364, 2928, 365), (365, 2928, 2927), (363, 2928, 364), (363, 2929, 2928), (299, 2930, 311), (311, 2930, 363), (299, 2850, 2930), (363, 2930, 2929), (2846, 2926, 2851), (2927, 2932, 2926), (2926, 2931, 2851), (2926, 2932, 2931), (2928, 2932, 2927), (2928, 2933, 2932), (2929, 2934, 2928), (2928, 2934, 2933), (2850, 2855, 2930), (2930, 2934, 2929), (2930, 2855, 2935), (2930, 2935, 2934), (2932, 2936, 2931), (2851, 2931, 2936), (2851, 2936, 2856), (2932, 2937, 2936), (2933, 2938, 2932), (2932, 2938, 2937), (2934, 2938, 2933), (2934, 2939, 2938), (2855, 2940, 2935), (2935, 2940, 2934), (2855, 2860, 2940), (2934, 2940, 2939), (2856, 2936, 2861), (2937, 2942, 2936), (2936, 2941, 2861), (2936, 2942, 2941), (2938, 2942, 2937), (2938, 2943, 2942), (2939, 2944, 2938), (2938, 2944, 2943), (2860, 2865, 2940), (2940, 2944, 2939), (2940, 2865, 2945), (2940, 2945, 2944), (2942, 2946, 2941), (2861, 2941, 2946), (2861, 2946, 2866), (2942, 2947, 2946), (2943, 2948, 2942), (2942, 2948, 2947), (2944, 2948, 2943), (2944, 2949, 2948), (2865, 2950, 2945), (2945, 2950, 2944), (2865, 2870, 2950), (2944, 2950, 2949), (2866, 2946, 2871), (2947, 2952, 2946), (2946, 2951, 2871), (2946, 2952, 2951), (2948, 2952, 2947), (2948, 2953, 2952), (2949, 2954, 2948), (2948, 2954, 2953), (2870, 2875, 2950), (2950, 2954, 2949), (2950, 2875, 2955), (2950, 2955, 2954), (2952, 2956, 2951), (2871, 2951, 2956), (2871, 2956, 2876), (2952, 2957, 2956), (2953, 2958, 2952), (2952, 2958, 2957), (2954, 2958, 2953), (2954, 2959, 2958), (2875, 2960, 2955), (2955, 2960, 2954), (2875, 2880, 2960), (2954, 2960, 2959), (2876, 2956, 2881), (2957, 2962, 2956), (2956, 2961, 2881), (2956, 2962, 2961), (2958, 2962, 2957), (2958, 2963, 2962), (2959, 2964, 2958), (2958, 2964, 2963), (2880, 2885, 2960), (2960, 2964, 2959), (2960, 2885, 2965), (2960, 2965, 2964), (2962, 2966, 2961), (2881, 2961, 2966), (2881, 2966, 2886), (2962, 2967, 2966), (2963, 2968, 2962), (2962, 2968, 2967), (2964, 2968, 2963), (2964, 2969, 2968), (2885, 2970, 2965), (2965, 2970, 2964), (2885, 2890, 2970), (2964, 2970, 2969), (2886, 2966, 2891), (2967, 2972, 2966), (2966, 2971, 2891), (2966, 2972, 2971), (2968, 2972, 2967), (2968, 2973, 2972), (2969, 2974, 2968), (2968, 2974, 2973), (2890, 2895, 2970), (2970, 2974, 2969), (2970, 2895, 2975), (2970, 2975, 2974), (2972, 2976, 2971), (2891, 2971, 2976), (2891, 2976, 2896), (2972, 2977, 2976), (2973, 2978, 2972), (2972, 2978, 2977), (2974, 2978, 2973), (2974, 2979, 2978), (2895, 2980, 2975), (2975, 2980, 2974), (2895, 2900, 2980), (2974, 2980, 2979), (2896, 2976, 2901), (2977, 2982, 2976), (2976, 2981, 2901), (2976, 2982, 2981), (2978, 2982, 2977), (2978, 2983, 2982), (2979, 2984, 2978), (2978, 2984, 2983), (2900, 2905, 2980), (2980, 2984, 2979), (2980, 2905, 2985), (2980, 2985, 2984), (2982, 2986, 2981), (2901, 2981, 2986), (2901, 2986, 2906), (2982, 2987, 2986), (2983, 2988, 2982), (2982, 2988, 2987), (2984, 2988, 2983), (2984, 2989, 2988), (2905, 2990, 2985), (2985, 2990, 2984), (2905, 2910, 2990), (2984, 2990, 2989), (2906, 2986, 2911), (2987, 2992, 2986), (2986, 2991, 2911), (2986, 2992, 2991), (2988, 2992, 2987), (2988, 2993, 2992), (2989, 2994, 2988), (2988, 2994, 2993), (2910, 2915, 2990), (2990, 2994, 2989), (2990, 2915, 2995), (2990, 2995, 2994), (2992, 2996, 2991), (2911, 2991, 2996), (2911, 2996, 2916), (2992, 2997, 2996), (2993, 2998, 2992), (2992, 2998, 2997), (2994, 2998, 2993), (2994, 2999, 2998), (2915, 3000, 2995), (2995, 3000, 2994), (2915, 2920, 3000), (2994, 3000, 2999), (2916, 2996, 2921), (2997, 3002, 2996), (2996, 3001, 2921), (2996, 3002, 3001), (2998, 3002, 2997), (2998, 3003, 3002), (2999, 3004, 2998), (2998, 3004, 3003), (2920, 2925, 3000), (3000, 3004, 2999), (3000, 2925, 3005), (3000, 3005, 3004), (2603, 3006, 2604), (3006, 2603, 3008), (2603, 3010, 3008), (3010, 2603, 3012), (2603, 3014, 3012), (3014, 2603, 2602), (2604, 3006, 2605), (2605, 3017, 2685), (2605, 3006, 3016), (2605, 3016, 3017), (3006, 3018, 3016), (3016, 3018, 3017), (3006, 3008, 3018), (3017, 3018, 3019), (3008, 3010, 3018), (3018, 3021, 3019), (3018, 3010, 3020), (3018, 3020, 3021), (3010, 3022, 3020), (3020, 3022, 3021), (3010, 3012, 3022), (3021, 3022, 3023), (3012, 3014, 3022), (3022, 3025, 3023), (3022, 3014, 3024), (3022, 3024, 3025), (3014, 2601, 3024), (3024, 2601, 3025), (3014, 2602, 2601), (3025, 2601, 2681), (2685, 3017, 2765), (2765, 3017, 3031), (3017, 3032, 3031), (3017, 3019, 3032), (3019, 3021, 3032), (3032, 3021, 3033), (3021, 3034, 3033), (3021, 3023, 3034), (3023, 3025, 3034), (3034, 3025, 3035), (3025, 2761, 3035), (3025, 2681, 2761), (2765, 3041, 2845), (2765, 3031, 3041), (3031, 3032, 3041), (3041, 3032, 3042), (3032, 3043, 3042), (3032, 3033, 3043), (3033, 3034, 3043), (3043, 3034, 3044), (3034, 3045, 3044), (3034, 3035, 3045), (3035, 2761, 3045), (3045, 2761, 2841), (2845, 3041, 2925), (2925, 3041, 3051), (3041, 3052, 3051), (3041, 3042, 3052), (3042, 3043, 3052), (3052, 3043, 3053), (3043, 3054, 3053), (3043, 3044, 3054), (3044, 3045, 3054), (3054, 3045, 3055), (3045, 2921, 3055), (3045, 2841, 2921), (3004, 3056, 3003), (3056, 3057, 3003), (3057, 3058, 3003), (3058, 3059, 3003), (3059, 3060, 3003), (3060, 3002, 3003), (2925, 3061, 3005), (3005, 3061, 3004), (2925, 3051, 3061), (3004, 3061, 3056), (3051, 3052, 3061), (3061, 3057, 3056), (3061, 3052, 3062), (3061, 3062, 3057), (3052, 3063, 3062), (3062, 3063, 3057), (3052, 3053, 3063), (3057, 3063, 3058), (3053, 3054, 3063), (3063, 3059, 3058), (3063, 3054, 3064), (3063, 3064, 3059), (3054, 3065, 3064), (3064, 3065, 3059), (3054, 3055, 3065), (3059, 3065, 3060), (3055, 2921, 3065), (3065, 3002, 3060), (3065, 2921, 3001), (3065, 3001, 3002)]
    int4[] tetVertexIndices = [(0, 2, 4, 5), (0, 2, 5, 3), (0, 3, 5, 1), (0, 4, 6, 5), (0, 6, 7, 5), (0, 7, 1, 5), (0, 6, 8, 9), (0, 6, 9, 7), (0, 7, 9, 1), (0, 8, 10, 9), (0, 10, 11, 9), (0, 11, 1, 9), (2, 13, 14, 5), (2, 12, 14, 13), (2, 13, 5, 3), (2, 4, 5, 14), (13, 14, 5, 15), (14, 5, 17, 6), (4, 14, 6, 5), (14, 15, 17, 5), (14, 6, 17, 16), (5, 6, 7, 17), (6, 17, 18, 9), (6, 16, 18, 17), (6, 17, 9, 7), (6, 8, 9, 18), (17, 18, 9, 19), (18, 9, 21, 10), (8, 18, 10, 9), (18, 19, 21, 9), (18, 10, 21, 20), (9, 10, 11, 21), (22, 13, 25, 14), (12, 22, 14, 13), (22, 23, 25, 13), (22, 14, 25, 24), (13, 14, 15, 25), (14, 25, 26, 17), (14, 24, 26, 25), (14, 25, 17, 15), (14, 16, 17, 26), (25, 26, 17, 27), (26, 17, 29, 18), (16, 26, 18, 17), (26, 27, 29, 17), (26, 18, 29, 28), (17, 18, 19, 29), (18, 29, 30, 21), (18, 28, 30, 29), (18, 29, 21, 19), (18, 20, 21, 30), (29, 30, 21, 31), (1, 3, 5, 33), (1, 5, 34, 33), (1, 34, 32, 33), (1, 5, 7, 35), (1, 5, 35, 34), (1, 34, 35, 32), (1, 7, 9, 35), (1, 9, 36, 35), (1, 36, 32, 35), (1, 9, 11, 37), (1, 9, 37, 36), (1, 36, 37, 32), (13, 33, 39, 5), (3, 13, 5, 33), (13, 38, 39, 33), (13, 5, 39, 15), (33, 5, 34, 39), (5, 39, 17, 35), (5, 15, 17, 39), (5, 39, 35, 34), (5, 7, 35, 17), (39, 17, 35, 40), (17, 35, 41, 9), (7, 17, 9, 35), (17, 40, 41, 35), (17, 9, 41, 19), (35, 9, 36, 41), (9, 41, 21, 37), (9, 19, 21, 41), (9, 41, 37, 36), (9, 11, 37, 21), (41, 21, 37, 42), (13, 43, 25, 39), (13, 23, 25, 43), (13, 43, 39, 38), (13, 15, 39, 25), (43, 25, 39, 44), (25, 39, 45, 17), (15, 25, 17, 39), (25, 44, 45, 39), (25, 17, 45, 27), (39, 17, 40, 45), (17, 45, 29, 41), (17, 27, 29, 45), (17, 45, 41, 40), (17, 19, 41, 29), (45, 29, 41, 46), (29, 41, 47, 21), (19, 29, 21, 41), (29, 46, 47, 41), (29, 21, 47, 31), (41, 21, 42, 47), (32, 33, 34, 50), (32, 33, 50, 49), (32, 49, 50, 48), (32, 34, 35, 50), (32, 35, 51, 50), (32, 51, 48, 50), (32, 35, 36, 52), (32, 35, 52, 51), (32, 51, 52, 48), (32, 36, 37, 52), (32, 37, 53, 52), (32, 53, 48, 52), (33, 54, 39, 50), (33, 38, 39, 54), (33, 54, 50, 49), (33, 34, 50, 39), (54, 39, 50, 55), (39, 50, 56, 35), (34, 39, 35, 50), (39, 55, 56, 50), (39, 35, 56, 40), (50, 35, 51, 56), (35, 56, 41, 52), (35, 40, 41, 56), (35, 56, 52, 51), (35, 36, 52, 41), (56, 41, 52, 57), (41, 52, 58, 37), (36, 41, 37, 52), (41, 57, 58, 52), (41, 37, 58, 42), (52, 37, 53, 58), (43, 54, 60, 39), (38, 43, 39, 54), (43, 59, 60, 54), (43, 39, 60, 44), (54, 39, 55, 60), (39, 60, 45, 56), (39, 44, 45, 60), (39, 60, 56, 55), (39, 40, 56, 45), (60, 45, 56, 61), (45, 56, 62, 41), (40, 45, 41, 56), (45, 61, 62, 56), (45, 41, 62, 46), (56, 41, 57, 62), (41, 62, 47, 58), (41, 46, 47, 62), (41, 62, 58, 57), (41, 42, 58, 47), (62, 47, 58, 63), (48, 49, 50, 65), (48, 50, 66, 65), (48, 66, 64, 65), (48, 50, 51, 67), (48, 50, 67, 66), (48, 66, 67, 64), (48, 51, 52, 67), (48, 52, 68, 67), (48, 68, 64, 67), (48, 52, 53, 69), (48, 52, 69, 68), (48, 68, 69, 64), (54, 65, 71, 50), (49, 54, 50, 65), (54, 70, 71, 65), (54, 50, 71, 55), (65, 50, 66, 71), (50, 71, 56, 67), (50, 55, 56, 71), (50, 71, 67, 66), (50, 51, 67, 56), (71, 56, 67, 72), (56, 67, 73, 52), (51, 56, 52, 67), (56, 72, 73, 67), (56, 52, 73, 57), (67, 52, 68, 73), (52, 73, 58, 69), (52, 57, 58, 73), (52, 73, 69, 68), (52, 53, 69, 58), (73, 58, 69, 74), (54, 75, 60, 71), (54, 59, 60, 75), (54, 75, 71, 70), (54, 55, 71, 60), (75, 60, 71, 76), (60, 71, 77, 56), (55, 60, 56, 71), (60, 76, 77, 71), (60, 56, 77, 61), (71, 56, 72, 77), (56, 77, 62, 73), (56, 61, 62, 77), (56, 77, 73, 72), (56, 57, 73, 62), (77, 62, 73, 78), (62, 73, 79, 58), (57, 62, 58, 73), (62, 78, 79, 73), (62, 58, 79, 63), (73, 58, 74, 79), (64, 65, 66, 82), (64, 65, 82, 81), (64, 81, 82, 80), (64, 66, 67, 82), (64, 67, 83, 82), (64, 83, 80, 82), (64, 67, 68, 84), (64, 67, 84, 83), (64, 83, 84, 80), (64, 68, 69, 84), (64, 69, 85, 84), (64, 85, 80, 84), (65, 86, 71, 82), (65, 70, 71, 86), (65, 86, 82, 81), (65, 66, 82, 71), (86, 71, 82, 87), (71, 82, 88, 67), (66, 71, 67, 82), (71, 87, 88, 82), (71, 67, 88, 72), (82, 67, 83, 88), (67, 88, 73, 84), (67, 72, 73, 88), (67, 88, 84, 83), (67, 68, 84, 73), (88, 73, 84, 89), (73, 84, 90, 69), (68, 73, 69, 84), (73, 89, 90, 84), (73, 69, 90, 74), (84, 69, 85, 90), (75, 86, 92, 71), (70, 75, 71, 86), (75, 91, 92, 86), (75, 71, 92, 76), (86, 71, 87, 92), (71, 92, 77, 88), (71, 76, 77, 92), (71, 92, 88, 87), (71, 72, 88, 77), (92, 77, 88, 93), (77, 88, 94, 73), (72, 77, 73, 88), (77, 93, 94, 88), (77, 73, 94, 78), (88, 73, 89, 94), (73, 94, 79, 90), (73, 78, 79, 94), (73, 94, 90, 89), (73, 74, 90, 79), (94, 79, 90, 95), (0, 10, 96, 97), (0, 10, 97, 11), (0, 11, 97, 1), (0, 96, 98, 97), (0, 98, 99, 97), (0, 99, 1, 97), (0, 98, 100, 101), (0, 98, 101, 99), (0, 99, 101, 1), (0, 100, 102, 101), (0, 102, 103, 101), (0, 103, 1, 101), (10, 21, 104, 97), (10, 20, 104, 21), (10, 21, 97, 11), (10, 96, 97, 104), (21, 104, 97, 105), (104, 97, 107, 98), (96, 104, 98, 97), (104, 105, 107, 97), (104, 98, 107, 106), (97, 98, 99, 107), (98, 107, 108, 101), (98, 106, 108, 107), (98, 107, 101, 99), (98, 100, 101, 108), (107, 108, 101, 109), (108, 101, 111, 102), (100, 108, 102, 101), (108, 109, 111, 101), (108, 102, 111, 110), (101, 102, 103, 111), (30, 21, 113, 104), (20, 30, 104, 21), (30, 31, 113, 21), (30, 104, 113, 112), (21, 104, 105, 113), (104, 113, 114, 107), (104, 112, 114, 113), (104, 113, 107, 105), (104, 106, 107, 114), (113, 114, 107, 115), (114, 107, 117, 108), (106, 114, 108, 107), (114, 115, 117, 107), (114, 108, 117, 116), (107, 108, 109, 117), (108, 117, 118, 111), (108, 116, 118, 117), (108, 117, 111, 109), (108, 110, 111, 118), (117, 118, 111, 119), (1, 11, 97, 37), (1, 97, 120, 37), (1, 120, 32, 37), (1, 97, 99, 121), (1, 97, 121, 120), (1, 120, 121, 32), (1, 99, 101, 121), (1, 101, 122, 121), (1, 122, 32, 121), (1, 101, 103, 123), (1, 101, 123, 122), (1, 122, 123, 32), (21, 37, 124, 97), (11, 21, 97, 37), (21, 42, 124, 37), (21, 97, 124, 105), (37, 97, 120, 124), (97, 124, 107, 121), (97, 105, 107, 124), (97, 124, 121, 120), (97, 99, 121, 107), (124, 107, 121, 125), (107, 121, 126, 101), (99, 107, 101, 121), (107, 125, 126, 121), (107, 101, 126, 109), (121, 101, 122, 126), (101, 126, 111, 123), (101, 109, 111, 126), (101, 126, 123, 122), (101, 103, 123, 111), (126, 111, 123, 127), (21, 47, 113, 124), (21, 31, 113, 47), (21, 47, 124, 42), (21, 105, 124, 113), (47, 113, 124, 128), (113, 124, 129, 107), (105, 113, 107, 124), (113, 128, 129, 124), (113, 107, 129, 115), (124, 107, 125, 129), (107, 129, 117, 126), (107, 115, 117, 129), (107, 129, 126, 125), (107, 109, 126, 117), (129, 117, 126, 130), (117, 126, 131, 111), (109, 117, 111, 126), (117, 130, 131, 126), (117, 111, 131, 119), (126, 111, 127, 131), (32, 37, 120, 132), (32, 37, 132, 53), (32, 53, 132, 48), (32, 120, 121, 132), (32, 121, 133, 132), (32, 133, 48, 132), (32, 121, 122, 134), (32, 121, 134, 133), (32, 133, 134, 48), (32, 122, 123, 134), (32, 123, 135, 134), (32, 135, 48, 134), (37, 58, 124, 132), (37, 42, 124, 58), (37, 58, 132, 53), (37, 120, 132, 124), (58, 124, 132, 136), (124, 132, 137, 121), (120, 124, 121, 132), (124, 136, 137, 132), (124, 121, 137, 125), (132, 121, 133, 137), (121, 137, 126, 134), (121, 125, 126, 137), (121, 137, 134, 133), (121, 122, 134, 126), (137, 126, 134, 138), (126, 134, 139, 123), (122, 126, 123, 134), (126, 138, 139, 134), (126, 123, 139, 127), (134, 123, 135, 139), (47, 58, 140, 124), (42, 47, 124, 58), (47, 63, 140, 58), (47, 124, 140, 128), (58, 124, 136, 140), (124, 140, 129, 137), (124, 128, 129, 140), (124, 140, 137, 136), (124, 125, 137, 129), (140, 129, 137, 141), (129, 137, 142, 126), (125, 129, 126, 137), (129, 141, 142, 137), (129, 126, 142, 130), (137, 126, 138, 142), (126, 142, 131, 139), (126, 130, 131, 142), (126, 142, 139, 138), (126, 127, 139, 131), (142, 131, 139, 143), (48, 53, 132, 69), (48, 132, 144, 69), (48, 144, 64, 69), (48, 132, 133, 145), (48, 132, 145, 144), (48, 144, 145, 64), (48, 133, 134, 145), (48, 134, 146, 145), (48, 146, 64, 145), (48, 134, 135, 147), (48, 134, 147, 146), (48, 146, 147, 64), (58, 69, 148, 132), (53, 58, 132, 69), (58, 74, 148, 69), (58, 132, 148, 136), (69, 132, 144, 148), (132, 148, 137, 145), (132, 136, 137, 148), (132, 148, 145, 144), (132, 133, 145, 137), (148, 137, 145, 149), (137, 145, 150, 134), (133, 137, 134, 145), (137, 149, 150, 145), (137, 134, 150, 138), (145, 134, 146, 150), (134, 150, 139, 147), (134, 138, 139, 150), (134, 150, 147, 146), (134, 135, 147, 139), (150, 139, 147, 151), (58, 79, 140, 148), (58, 63, 140, 79), (58, 79, 148, 74), (58, 136, 148, 140), (79, 140, 148, 152), (140, 148, 153, 137), (136, 140, 137, 148), (140, 152, 153, 148), (140, 137, 153, 141), (148, 137, 149, 153), (137, 153, 142, 150), (137, 141, 142, 153), (137, 153, 150, 149), (137, 138, 150, 142), (153, 142, 150, 154), (142, 150, 155, 139), (138, 142, 139, 150), (142, 154, 155, 150), (142, 139, 155, 143), (150, 139, 151, 155), (64, 69, 144, 156), (64, 69, 156, 85), (64, 85, 156, 80), (64, 144, 145, 156), (64, 145, 157, 156), (64, 157, 80, 156), (64, 145, 146, 158), (64, 145, 158, 157), (64, 157, 158, 80), (64, 146, 147, 158), (64, 147, 159, 158), (64, 159, 80, 158), (69, 90, 148, 156), (69, 74, 148, 90), (69, 90, 156, 85), (69, 144, 156, 148), (90, 148, 156, 160), (148, 156, 161, 145), (144, 148, 145, 156), (148, 160, 161, 156), (148, 145, 161, 149), (156, 145, 157, 161), (145, 161, 150, 158), (145, 149, 150, 161), (145, 161, 158, 157), (145, 146, 158, 150), (161, 150, 158, 162), (150, 158, 163, 147), (146, 150, 147, 158), (150, 162, 163, 158), (150, 147, 163, 151), (158, 147, 159, 163), (79, 90, 164, 148), (74, 79, 148, 90), (79, 95, 164, 90), (79, 148, 164, 152), (90, 148, 160, 164), (148, 164, 153, 161), (148, 152, 153, 164), (148, 164, 161, 160), (148, 149, 161, 153), (164, 153, 161, 165), (153, 161, 166, 150), (149, 153, 150, 161), (153, 165, 166, 161), (153, 150, 166, 154), (161, 150, 162, 166), (150, 166, 155, 163), (150, 154, 155, 166), (150, 166, 163, 162), (150, 151, 163, 155), (166, 155, 163, 167), (0, 102, 168, 169), (0, 102, 169, 103), (0, 103, 169, 1), (0, 168, 170, 169), (0, 170, 171, 169), (0, 171, 1, 169), (0, 170, 172, 173), (0, 170, 173, 171), (0, 171, 173, 1), (0, 172, 174, 173), (0, 174, 175, 173), (0, 175, 1, 173), (102, 111, 176, 169), (102, 110, 176, 111), (102, 111, 169, 103), (102, 168, 169, 176), (111, 176, 169, 177), (176, 169, 179, 170), (168, 176, 170, 169), (176, 177, 179, 169), (176, 170, 179, 178), (169, 170, 171, 179), (170, 179, 180, 173), (170, 178, 180, 179), (170, 179, 173, 171), (170, 172, 173, 180), (179, 180, 173, 181), (180, 173, 183, 174), (172, 180, 174, 173), (180, 181, 183, 173), (180, 174, 183, 182), (173, 174, 175, 183), (118, 111, 185, 176), (110, 118, 176, 111), (118, 119, 185, 111), (118, 176, 185, 184), (111, 176, 177, 185), (176, 185, 186, 179), (176, 184, 186, 185), (176, 185, 179, 177), (176, 178, 179, 186), (185, 186, 179, 187), (186, 179, 189, 180), (178, 186, 180, 179), (186, 187, 189, 179), (186, 180, 189, 188), (179, 180, 181, 189), (180, 189, 190, 183), (180, 188, 190, 189), (180, 189, 183, 181), (180, 182, 183, 190), (189, 190, 183, 191), (1, 103, 169, 123), (1, 169, 192, 123), (1, 192, 32, 123), (1, 169, 171, 193), (1, 169, 193, 192), (1, 192, 193, 32), (1, 171, 173, 193), (1, 173, 194, 193), (1, 194, 32, 193), (1, 173, 175, 195), (1, 173, 195, 194), (1, 194, 195, 32), (111, 123, 196, 169), (103, 111, 169, 123), (111, 127, 196, 123), (111, 169, 196, 177), (123, 169, 192, 196), (169, 196, 179, 193), (169, 177, 179, 196), (169, 196, 193, 192), (169, 171, 193, 179), (196, 179, 193, 197), (179, 193, 198, 173), (171, 179, 173, 193), (179, 197, 198, 193), (179, 173, 198, 181), (193, 173, 194, 198), (173, 198, 183, 195), (173, 181, 183, 198), (173, 198, 195, 194), (173, 175, 195, 183), (198, 183, 195, 199), (111, 131, 185, 196), (111, 119, 185, 131), (111, 131, 196, 127), (111, 177, 196, 185), (131, 185, 196, 200), (185, 196, 201, 179), (177, 185, 179, 196), (185, 200, 201, 196), (185, 179, 201, 187), (196, 179, 197, 201), (179, 201, 189, 198), (179, 187, 189, 201), (179, 201, 198, 197), (179, 181, 198, 189), (201, 189, 198, 202), (189, 198, 203, 183), (181, 189, 183, 198), (189, 202, 203, 198), (189, 183, 203, 191), (198, 183, 199, 203), (32, 123, 192, 204), (32, 123, 204, 135), (32, 135, 204, 48), (32, 192, 193, 204), (32, 193, 205, 204), (32, 205, 48, 204), (32, 193, 194, 206), (32, 193, 206, 205), (32, 205, 206, 48), (32, 194, 195, 206), (32, 195, 207, 206), (32, 207, 48, 206), (123, 139, 196, 204), (123, 127, 196, 139), (123, 139, 204, 135), (123, 192, 204, 196), (139, 196, 204, 208), (196, 204, 209, 193), (192, 196, 193, 204), (196, 208, 209, 204), (196, 193, 209, 197), (204, 193, 205, 209), (193, 209, 198, 206), (193, 197, 198, 209), (193, 209, 206, 205), (193, 194, 206, 198), (209, 198, 206, 210), (198, 206, 211, 195), (194, 198, 195, 206), (198, 210, 211, 206), (198, 195, 211, 199), (206, 195, 207, 211), (131, 139, 212, 196), (127, 131, 196, 139), (131, 143, 212, 139), (131, 196, 212, 200), (139, 196, 208, 212), (196, 212, 201, 209), (196, 200, 201, 212), (196, 212, 209, 208), (196, 197, 209, 201), (212, 201, 209, 213), (201, 209, 214, 198), (197, 201, 198, 209), (201, 213, 214, 209), (201, 198, 214, 202), (209, 198, 210, 214), (198, 214, 203, 211), (198, 202, 203, 214), (198, 214, 211, 210), (198, 199, 211, 203), (214, 203, 211, 215), (48, 135, 204, 147), (48, 204, 216, 147), (48, 216, 64, 147), (48, 204, 205, 217), (48, 204, 217, 216), (48, 216, 217, 64), (48, 205, 206, 217), (48, 206, 218, 217), (48, 218, 64, 217), (48, 206, 207, 219), (48, 206, 219, 218), (48, 218, 219, 64), (139, 147, 220, 204), (135, 139, 204, 147), (139, 151, 220, 147), (139, 204, 220, 208), (147, 204, 216, 220), (204, 220, 209, 217), (204, 208, 209, 220), (204, 220, 217, 216), (204, 205, 217, 209), (220, 209, 217, 221), (209, 217, 222, 206), (205, 209, 206, 217), (209, 221, 222, 217), (209, 206, 222, 210), (217, 206, 218, 222), (206, 222, 211, 219), (206, 210, 211, 222), (206, 222, 219, 218), (206, 207, 219, 211), (222, 211, 219, 223), (139, 155, 212, 220), (139, 143, 212, 155), (139, 155, 220, 151), (139, 208, 220, 212), (155, 212, 220, 224), (212, 220, 225, 209), (208, 212, 209, 220), (212, 224, 225, 220), (212, 209, 225, 213), (220, 209, 221, 225), (209, 225, 214, 222), (209, 213, 214, 225), (209, 225, 222, 221), (209, 210, 222, 214), (225, 214, 222, 226), (214, 222, 227, 211), (210, 214, 211, 222), (214, 226, 227, 222), (214, 211, 227, 215), (222, 211, 223, 227), (64, 147, 216, 228), (64, 147, 228, 159), (64, 159, 228, 80), (64, 216, 217, 228), (64, 217, 229, 228), (64, 229, 80, 228), (64, 217, 218, 230), (64, 217, 230, 229), (64, 229, 230, 80), (64, 218, 219, 230), (64, 219, 231, 230), (64, 231, 80, 230), (147, 163, 220, 228), (147, 151, 220, 163), (147, 163, 228, 159), (147, 216, 228, 220), (163, 220, 228, 232), (220, 228, 233, 217), (216, 220, 217, 228), (220, 232, 233, 228), (220, 217, 233, 221), (228, 217, 229, 233), (217, 233, 222, 230), (217, 221, 222, 233), (217, 233, 230, 229), (217, 218, 230, 222), (233, 222, 230, 234), (222, 230, 235, 219), (218, 222, 219, 230), (222, 234, 235, 230), (222, 219, 235, 223), (230, 219, 231, 235), (155, 163, 236, 220), (151, 155, 220, 163), (155, 167, 236, 163), (155, 220, 236, 224), (163, 220, 232, 236), (220, 236, 225, 233), (220, 224, 225, 236), (220, 236, 233, 232), (220, 221, 233, 225), (236, 225, 233, 237), (225, 233, 238, 222), (221, 225, 222, 233), (225, 237, 238, 233), (225, 222, 238, 226), (233, 222, 234, 238), (222, 238, 227, 235), (222, 226, 227, 238), (222, 238, 235, 234), (222, 223, 235, 227), (238, 227, 235, 239), (0, 174, 240, 241), (0, 174, 241, 175), (0, 175, 241, 1), (0, 240, 242, 241), (0, 242, 243, 241), (0, 243, 1, 241), (0, 242, 244, 245), (0, 242, 245, 243), (0, 243, 245, 1), (0, 244, 246, 245), (0, 246, 247, 245), (0, 247, 1, 245), (174, 183, 248, 241), (174, 182, 248, 183), (174, 183, 241, 175), (174, 240, 241, 248), (183, 248, 241, 249), (248, 241, 251, 242), (240, 248, 242, 241), (248, 249, 251, 241), (248, 242, 251, 250), (241, 242, 243, 251), (242, 251, 252, 245), (242, 250, 252, 251), (242, 251, 245, 243), (242, 244, 245, 252), (251, 252, 245, 253), (252, 245, 255, 246), (244, 252, 246, 245), (252, 253, 255, 245), (252, 246, 255, 254), (245, 246, 247, 255), (190, 183, 257, 248), (182, 190, 248, 183), (190, 191, 257, 183), (190, 248, 257, 256), (183, 248, 249, 257), (248, 257, 258, 251), (248, 256, 258, 257), (248, 257, 251, 249), (248, 250, 251, 258), (257, 258, 251, 259), (258, 251, 261, 252), (250, 258, 252, 251), (258, 259, 261, 251), (258, 252, 261, 260), (251, 252, 253, 261), (252, 261, 262, 255), (252, 260, 262, 261), (252, 261, 255, 253), (252, 254, 255, 262), (261, 262, 255, 263), (1, 175, 241, 195), (1, 241, 264, 195), (1, 264, 32, 195), (1, 241, 243, 265), (1, 241, 265, 264), (1, 264, 265, 32), (1, 243, 245, 265), (1, 245, 266, 265), (1, 266, 32, 265), (1, 245, 247, 267), (1, 245, 267, 266), (1, 266, 267, 32), (183, 195, 268, 241), (175, 183, 241, 195), (183, 199, 268, 195), (183, 241, 268, 249), (195, 241, 264, 268), (241, 268, 251, 265), (241, 249, 251, 268), (241, 268, 265, 264), (241, 243, 265, 251), (268, 251, 265, 269), (251, 265, 270, 245), (243, 251, 245, 265), (251, 269, 270, 265), (251, 245, 270, 253), (265, 245, 266, 270), (245, 270, 255, 267), (245, 253, 255, 270), (245, 270, 267, 266), (245, 247, 267, 255), (270, 255, 267, 271), (183, 203, 257, 268), (183, 191, 257, 203), (183, 203, 268, 199), (183, 249, 268, 257), (203, 257, 268, 272), (257, 268, 273, 251), (249, 257, 251, 268), (257, 272, 273, 268), (257, 251, 273, 259), (268, 251, 269, 273), (251, 273, 261, 270), (251, 259, 261, 273), (251, 273, 270, 269), (251, 253, 270, 261), (273, 261, 270, 274), (261, 270, 275, 255), (253, 261, 255, 270), (261, 274, 275, 270), (261, 255, 275, 263), (270, 255, 271, 275), (32, 195, 264, 276), (32, 195, 276, 207), (32, 207, 276, 48), (32, 264, 265, 276), (32, 265, 277, 276), (32, 277, 48, 276), (32, 265, 266, 278), (32, 265, 278, 277), (32, 277, 278, 48), (32, 266, 267, 278), (32, 267, 279, 278), (32, 279, 48, 278), (195, 211, 268, 276), (195, 199, 268, 211), (195, 211, 276, 207), (195, 264, 276, 268), (211, 268, 276, 280), (268, 276, 281, 265), (264, 268, 265, 276), (268, 280, 281, 276), (268, 265, 281, 269), (276, 265, 277, 281), (265, 281, 270, 278), (265, 269, 270, 281), (265, 281, 278, 277), (265, 266, 278, 270), (281, 270, 278, 282), (270, 278, 283, 267), (266, 270, 267, 278), (270, 282, 283, 278), (270, 267, 283, 271), (278, 267, 279, 283), (203, 211, 284, 268), (199, 203, 268, 211), (203, 215, 284, 211), (203, 268, 284, 272), (211, 268, 280, 284), (268, 284, 273, 281), (268, 272, 273, 284), (268, 284, 281, 280), (268, 269, 281, 273), (284, 273, 281, 285), (273, 281, 286, 270), (269, 273, 270, 281), (273, 285, 286, 281), (273, 270, 286, 274), (281, 270, 282, 286), (270, 286, 275, 283), (270, 274, 275, 286), (270, 286, 283, 282), (270, 271, 283, 275), (286, 275, 283, 287), (48, 207, 276, 219), (48, 276, 288, 219), (48, 288, 64, 219), (48, 276, 277, 289), (48, 276, 289, 288), (48, 288, 289, 64), (48, 277, 278, 289), (48, 278, 290, 289), (48, 290, 64, 289), (48, 278, 279, 291), (48, 278, 291, 290), (48, 290, 291, 64), (211, 219, 292, 276), (207, 211, 276, 219), (211, 223, 292, 219), (211, 276, 292, 280), (219, 276, 288, 292), (276, 292, 281, 289), (276, 280, 281, 292), (276, 292, 289, 288), (276, 277, 289, 281), (292, 281, 289, 293), (281, 289, 294, 278), (277, 281, 278, 289), (281, 293, 294, 289), (281, 278, 294, 282), (289, 278, 290, 294), (278, 294, 283, 291), (278, 282, 283, 294), (278, 294, 291, 290), (278, 279, 291, 283), (294, 283, 291, 295), (211, 227, 284, 292), (211, 215, 284, 227), (211, 227, 292, 223), (211, 280, 292, 284), (227, 284, 292, 296), (284, 292, 297, 281), (280, 284, 281, 292), (284, 296, 297, 292), (284, 281, 297, 285), (292, 281, 293, 297), (281, 297, 286, 294), (281, 285, 286, 297), (281, 297, 294, 293), (281, 282, 294, 286), (297, 286, 294, 298), (286, 294, 299, 283), (282, 286, 283, 294), (286, 298, 299, 294), (286, 283, 299, 287), (294, 283, 295, 299), (64, 219, 288, 300), (64, 219, 300, 231), (64, 231, 300, 80), (64, 288, 289, 300), (64, 289, 301, 300), (64, 301, 80, 300), (64, 289, 290, 302), (64, 289, 302, 301), (64, 301, 302, 80), (64, 290, 291, 302), (64, 291, 303, 302), (64, 303, 80, 302), (219, 235, 292, 300), (219, 223, 292, 235), (219, 235, 300, 231), (219, 288, 300, 292), (235, 292, 300, 304), (292, 300, 305, 289), (288, 292, 289, 300), (292, 304, 305, 300), (292, 289, 305, 293), (300, 289, 301, 305), (289, 305, 294, 302), (289, 293, 294, 305), (289, 305, 302, 301), (289, 290, 302, 294), (305, 294, 302, 306), (294, 302, 307, 291), (290, 294, 291, 302), (294, 306, 307, 302), (294, 291, 307, 295), (302, 291, 303, 307), (227, 235, 308, 292), (223, 227, 292, 235), (227, 239, 308, 235), (227, 292, 308, 296), (235, 292, 304, 308), (292, 308, 297, 305), (292, 296, 297, 308), (292, 308, 305, 304), (292, 293, 305, 297), (308, 297, 305, 309), (297, 305, 310, 294), (293, 297, 294, 305), (297, 309, 310, 305), (297, 294, 310, 298), (305, 294, 306, 310), (294, 310, 299, 307), (294, 298, 299, 310), (294, 310, 307, 306), (294, 295, 307, 299), (310, 299, 307, 311), (0, 246, 312, 313), (0, 246, 313, 247), (0, 247, 313, 1), (0, 312, 314, 313), (0, 314, 315, 313), (0, 315, 1, 313), (0, 314, 316, 317), (0, 314, 317, 315), (0, 315, 317, 1), (0, 316, 2, 317), (0, 2, 3, 317), (0, 3, 1, 317), (246, 255, 318, 313), (246, 254, 318, 255), (246, 255, 313, 247), (246, 312, 313, 318), (255, 318, 313, 319), (318, 313, 321, 314), (312, 318, 314, 313), (318, 319, 321, 313), (318, 314, 321, 320), (313, 314, 315, 321), (314, 321, 322, 317), (314, 320, 322, 321), (314, 321, 317, 315), (314, 316, 317, 322), (321, 322, 317, 323), (322, 317, 13, 2), (316, 322, 2, 317), (322, 323, 13, 317), (322, 2, 13, 12), (317, 2, 3, 13), (262, 255, 325, 318), (254, 262, 318, 255), (262, 263, 325, 255), (262, 318, 325, 324), (255, 318, 319, 325), (318, 325, 326, 321), (318, 324, 326, 325), (318, 325, 321, 319), (318, 320, 321, 326), (325, 326, 321, 327), (326, 321, 329, 322), (320, 326, 322, 321), (326, 327, 329, 321), (326, 322, 329, 328), (321, 322, 323, 329), (322, 329, 22, 13), (322, 328, 22, 329), (322, 329, 13, 323), (322, 12, 13, 22), (329, 22, 13, 23), (1, 247, 313, 267), (1, 313, 330, 267), (1, 330, 32, 267), (1, 313, 315, 331), (1, 313, 331, 330), (1, 330, 331, 32), (1, 315, 317, 331), (1, 317, 332, 331), (1, 332, 32, 331), (1, 317, 3, 33), (1, 317, 33, 332), (1, 332, 33, 32), (255, 267, 333, 313), (247, 255, 313, 267), (255, 271, 333, 267), (255, 313, 333, 319), (267, 313, 330, 333), (313, 333, 321, 331), (313, 319, 321, 333), (313, 333, 331, 330), (313, 315, 331, 321), (333, 321, 331, 334), (321, 331, 335, 317), (315, 321, 317, 331), (321, 334, 335, 331), (321, 317, 335, 323), (331, 317, 332, 335), (317, 335, 13, 33), (317, 323, 13, 335), (317, 335, 33, 332), (317, 3, 33, 13), (335, 13, 33, 38), (255, 275, 325, 333), (255, 263, 325, 275), (255, 275, 333, 271), (255, 319, 333, 325), (275, 325, 333, 336), (325, 333, 337, 321), (319, 325, 321, 333), (325, 336, 337, 333), (325, 321, 337, 327), (333, 321, 334, 337), (321, 337, 329, 335), (321, 327, 329, 337), (321, 337, 335, 334), (321, 323, 335, 329), (337, 329, 335, 338), (329, 335, 43, 13), (323, 329, 13, 335), (329, 338, 43, 335), (329, 13, 43, 23), (335, 13, 38, 43), (32, 267, 330, 339), (32, 267, 339, 279), (32, 279, 339, 48), (32, 330, 331, 339), (32, 331, 340, 339), (32, 340, 48, 339), (32, 331, 332, 341), (32, 331, 341, 340), (32, 340, 341, 48), (32, 332, 33, 341), (32, 33, 49, 341), (32, 49, 48, 341), (267, 283, 333, 339), (267, 271, 333, 283), (267, 283, 339, 279), (267, 330, 339, 333), (283, 333, 339, 342), (333, 339, 343, 331), (330, 333, 331, 339), (333, 342, 343, 339), (333, 331, 343, 334), (339, 331, 340, 343), (331, 343, 335, 341), (331, 334, 335, 343), (331, 343, 341, 340), (331, 332, 341, 335), (343, 335, 341, 344), (335, 341, 54, 33), (332, 335, 33, 341), (335, 344, 54, 341), (335, 33, 54, 38), (341, 33, 49, 54), (275, 283, 345, 333), (271, 275, 333, 283), (275, 287, 345, 283), (275, 333, 345, 336), (283, 333, 342, 345), (333, 345, 337, 343), (333, 336, 337, 345), (333, 345, 343, 342), (333, 334, 343, 337), (345, 337, 343, 346), (337, 343, 347, 335), (334, 337, 335, 343), (337, 346, 347, 343), (337, 335, 347, 338), (343, 335, 344, 347), (335, 347, 43, 54), (335, 338, 43, 347), (335, 347, 54, 344), (335, 38, 54, 43), (347, 43, 54, 59), (48, 279, 339, 291), (48, 339, 348, 291), (48, 348, 64, 291), (48, 339, 340, 349), (48, 339, 349, 348), (48, 348, 349, 64), (48, 340, 341, 349), (48, 341, 350, 349), (48, 350, 64, 349), (48, 341, 49, 65), (48, 341, 65, 350), (48, 350, 65, 64), (283, 291, 351, 339), (279, 283, 339, 291), (283, 295, 351, 291), (283, 339, 351, 342), (291, 339, 348, 351), (339, 351, 343, 349), (339, 342, 343, 351), (339, 351, 349, 348), (339, 340, 349, 343), (351, 343, 349, 352), (343, 349, 353, 341), (340, 343, 341, 349), (343, 352, 353, 349), (343, 341, 353, 344), (349, 341, 350, 353), (341, 353, 54, 65), (341, 344, 54, 353), (341, 353, 65, 350), (341, 49, 65, 54), (353, 54, 65, 70), (283, 299, 345, 351), (283, 287, 345, 299), (283, 299, 351, 295), (283, 342, 351, 345), (299, 345, 351, 354), (345, 351, 355, 343), (342, 345, 343, 351), (345, 354, 355, 351), (345, 343, 355, 346), (351, 343, 352, 355), (343, 355, 347, 353), (343, 346, 347, 355), (343, 355, 353, 352), (343, 344, 353, 347), (355, 347, 353, 356), (347, 353, 75, 54), (344, 347, 54, 353), (347, 356, 75, 353), (347, 54, 75, 59), (353, 54, 70, 75), (64, 291, 348, 357), (64, 291, 357, 303), (64, 303, 357, 80), (64, 348, 349, 357), (64, 349, 358, 357), (64, 358, 80, 357), (64, 349, 350, 359), (64, 349, 359, 358), (64, 358, 359, 80), (64, 350, 65, 359), (64, 65, 81, 359), (64, 81, 80, 359), (291, 307, 351, 357), (291, 295, 351, 307), (291, 307, 357, 303), (291, 348, 357, 351), (307, 351, 357, 360), (351, 357, 361, 349), (348, 351, 349, 357), (351, 360, 361, 357), (351, 349, 361, 352), (357, 349, 358, 361), (349, 361, 353, 359), (349, 352, 353, 361), (349, 361, 359, 358), (349, 350, 359, 353), (361, 353, 359, 362), (353, 359, 86, 65), (350, 353, 65, 359), (353, 362, 86, 359), (353, 65, 86, 70), (359, 65, 81, 86), (299, 307, 363, 351), (295, 299, 351, 307), (299, 311, 363, 307), (299, 351, 363, 354), (307, 351, 360, 363), (351, 363, 355, 361), (351, 354, 355, 363), (351, 363, 361, 360), (351, 352, 361, 355), (363, 355, 361, 364), (355, 361, 365, 353), (352, 355, 353, 361), (355, 364, 365, 361), (355, 353, 365, 356), (361, 353, 362, 365), (353, 365, 75, 86), (353, 356, 75, 365), (353, 365, 86, 362), (353, 70, 86, 75), (365, 75, 86, 91), (30, 29, 367, 446), (30, 28, 367, 29), (30, 29, 446, 31), (30, 366, 446, 367), (29, 367, 446, 447), (26, 29, 448, 367), (28, 26, 367, 29), (26, 27, 448, 29), (26, 367, 448, 368), (29, 367, 447, 448), (26, 25, 369, 448), (26, 24, 369, 25), (26, 25, 448, 27), (26, 368, 448, 369), (25, 369, 448, 449), (22, 25, 450, 369), (24, 22, 369, 25), (22, 23, 450, 25), (22, 369, 450, 370), (25, 369, 449, 450), (367, 446, 452, 371), (366, 367, 371, 446), (367, 447, 452, 446), (367, 371, 452, 372), (446, 371, 451, 452), (367, 448, 373, 452), (367, 368, 373, 448), (367, 448, 452, 447), (367, 372, 452, 373), (448, 373, 452, 453), (369, 448, 454, 373), (368, 369, 373, 448), (369, 449, 454, 448), (369, 373, 454, 374), (448, 373, 453, 454), (369, 450, 375, 454), (369, 370, 375, 450), (369, 450, 454, 449), (369, 374, 454, 375), (450, 375, 454, 455), (371, 452, 377, 456), (371, 372, 377, 452), (371, 452, 456, 451), (371, 376, 456, 377), (452, 377, 456, 457), (373, 452, 458, 377), (372, 373, 377, 452), (373, 453, 458, 452), (373, 377, 458, 378), (452, 377, 457, 458), (373, 454, 379, 458), (373, 374, 379, 454), (373, 454, 458, 453), (373, 378, 458, 379), (454, 379, 458, 459), (375, 454, 460, 379), (374, 375, 379, 454), (375, 455, 460, 454), (375, 379, 460, 380), (454, 379, 459, 460), (377, 456, 462, 381), (376, 377, 381, 456), (377, 457, 462, 456), (377, 381, 462, 382), (456, 381, 461, 462), (377, 458, 383, 462), (377, 378, 383, 458), (377, 458, 462, 457), (377, 382, 462, 383), (458, 383, 462, 463), (379, 458, 464, 383), (378, 379, 383, 458), (379, 459, 464, 458), (379, 383, 464, 384), (458, 383, 463, 464), (379, 460, 385, 464), (379, 380, 385, 460), (379, 460, 464, 459), (379, 384, 464, 385), (460, 385, 464, 465), (381, 462, 387, 466), (381, 382, 387, 462), (381, 462, 466, 461), (381, 386, 466, 387), (462, 387, 466, 467), (383, 462, 468, 387), (382, 383, 387, 462), (383, 463, 468, 462), (383, 387, 468, 388), (462, 387, 467, 468), (383, 464, 389, 468), (383, 384, 389, 464), (383, 464, 468, 463), (383, 388, 468, 389), (464, 389, 468, 469), (385, 464, 470, 389), (384, 385, 389, 464), (385, 465, 470, 464), (385, 389, 470, 390), (464, 389, 469, 470), (387, 466, 472, 391), (386, 387, 391, 466), (387, 467, 472, 466), (387, 391, 472, 392), (466, 391, 471, 472), (387, 468, 393, 472), (387, 388, 393, 468), (387, 468, 472, 467), (387, 392, 472, 393), (468, 393, 472, 473), (389, 468, 474, 393), (388, 389, 393, 468), (389, 469, 474, 468), (389, 393, 474, 394), (468, 393, 473, 474), (389, 470, 395, 474), (389, 390, 395, 470), (389, 470, 474, 469), (389, 394, 474, 395), (470, 395, 474, 475), (391, 472, 397, 476), (391, 392, 397, 472), (391, 472, 476, 471), (391, 396, 476, 397), (472, 397, 476, 477), (393, 472, 478, 397), (392, 393, 397, 472), (393, 473, 478, 472), (393, 397, 478, 398), (472, 397, 477, 478), (393, 474, 399, 478), (393, 394, 399, 474), (393, 474, 478, 473), (393, 398, 478, 399), (474, 399, 478, 479), (395, 474, 480, 399), (394, 395, 399, 474), (395, 475, 480, 474), (395, 399, 480, 400), (474, 399, 479, 480), (397, 476, 482, 401), (396, 397, 401, 476), (397, 477, 482, 476), (397, 401, 482, 402), (476, 401, 481, 482), (397, 478, 403, 482), (397, 398, 403, 478), (397, 478, 482, 477), (397, 402, 482, 403), (478, 403, 482, 483), (399, 478, 484, 403), (398, 399, 403, 478), (399, 479, 484, 478), (399, 403, 484, 404), (478, 403, 483, 484), (399, 480, 405, 484), (399, 400, 405, 480), (399, 480, 484, 479), (399, 404, 484, 405), (480, 405, 484, 485), (401, 482, 407, 486), (401, 402, 407, 482), (401, 482, 486, 481), (401, 406, 486, 407), (482, 407, 486, 487), (403, 482, 488, 407), (402, 403, 407, 482), (403, 483, 488, 482), (403, 407, 488, 408), (482, 407, 487, 488), (403, 484, 409, 488), (403, 404, 409, 484), (403, 484, 488, 483), (403, 408, 488, 409), (484, 409, 488, 489), (405, 484, 490, 409), (404, 405, 409, 484), (405, 485, 490, 484), (405, 409, 490, 410), (484, 409, 489, 490), (407, 486, 492, 411), (406, 407, 411, 486), (407, 487, 492, 486), (407, 411, 492, 412), (486, 411, 491, 492), (407, 488, 413, 492), (407, 408, 413, 488), (407, 488, 492, 487), (407, 412, 492, 413), (488, 413, 492, 493), (409, 488, 494, 413), (408, 409, 413, 488), (409, 489, 494, 488), (409, 413, 494, 414), (488, 413, 493, 494), (409, 490, 415, 494), (409, 410, 415, 490), (409, 490, 494, 489), (409, 414, 494, 415), (490, 415, 494, 495), (411, 492, 417, 496), (411, 412, 417, 492), (411, 492, 496, 491), (411, 416, 496, 417), (492, 417, 496, 497), (413, 492, 498, 417), (412, 413, 417, 492), (413, 493, 498, 492), (413, 417, 498, 418), (492, 417, 497, 498), (413, 494, 419, 498), (413, 414, 419, 494), (413, 494, 498, 493), (413, 418, 498, 419), (494, 419, 498, 499), (415, 494, 500, 419), (414, 415, 419, 494), (415, 495, 500, 494), (415, 419, 500, 420), (494, 419, 499, 500), (417, 496, 502, 421), (416, 417, 421, 496), (417, 497, 502, 496), (417, 421, 502, 422), (496, 421, 501, 502), (417, 498, 423, 502), (417, 418, 423, 498), (417, 498, 502, 497), (417, 422, 502, 423), (498, 423, 502, 503), (419, 498, 504, 423), (418, 419, 423, 498), (419, 499, 504, 498), (419, 423, 504, 424), (498, 423, 503, 504), (419, 500, 425, 504), (419, 420, 425, 500), (419, 500, 504, 499), (419, 424, 504, 425), (500, 425, 504, 505), (421, 502, 427, 506), (421, 422, 427, 502), (421, 502, 506, 501), (421, 426, 506, 427), (502, 427, 506, 507), (423, 502, 508, 427), (422, 423, 427, 502), (423, 503, 508, 502), (423, 427, 508, 428), (502, 427, 507, 508), (423, 504, 429, 508), (423, 424, 429, 504), (423, 504, 508, 503), (423, 428, 508, 429), (504, 429, 508, 509), (425, 504, 510, 429), (424, 425, 429, 504), (425, 505, 510, 504), (425, 429, 510, 430), (504, 429, 509, 510), (427, 506, 512, 431), (426, 427, 431, 506), (427, 507, 512, 506), (427, 431, 512, 432), (506, 431, 511, 512), (427, 508, 433, 512), (427, 428, 433, 508), (427, 508, 512, 507), (427, 432, 512, 433), (508, 433, 512, 513), (429, 508, 514, 433), (428, 429, 433, 508), (429, 509, 514, 508), (429, 433, 514, 434), (508, 433, 513, 514), (429, 510, 435, 514), (429, 430, 435, 510), (429, 510, 514, 509), (429, 434, 514, 435), (510, 435, 514, 515), (431, 512, 437, 516), (431, 432, 437, 512), (431, 512, 516, 511), (431, 436, 516, 437), (512, 437, 516, 517), (433, 512, 518, 437), (432, 433, 437, 512), (433, 513, 518, 512), (433, 437, 518, 438), (512, 437, 517, 518), (433, 514, 439, 518), (433, 434, 439, 514), (433, 514, 518, 513), (433, 438, 518, 439), (514, 439, 518, 519), (435, 514, 520, 439), (434, 435, 439, 514), (435, 515, 520, 514), (435, 439, 520, 440), (514, 439, 519, 520), (437, 516, 522, 441), (436, 437, 441, 516), (437, 517, 522, 516), (437, 441, 522, 442), (516, 441, 521, 522), (437, 518, 443, 522), (437, 438, 443, 518), (437, 518, 522, 517), (437, 442, 522, 443), (518, 443, 522, 523), (439, 518, 524, 443), (438, 439, 443, 518), (439, 519, 524, 518), (439, 443, 524, 444), (518, 443, 523, 524), (439, 520, 445, 524), (439, 440, 445, 520), (439, 520, 524, 519), (439, 444, 524, 445), (520, 445, 524, 525), (29, 47, 527, 446), (31, 29, 446, 47), (29, 46, 527, 47), (29, 446, 527, 447), (47, 446, 526, 527), (29, 45, 448, 527), (29, 27, 448, 45), (29, 45, 527, 46), (29, 447, 527, 448), (45, 448, 527, 528), (25, 45, 529, 448), (27, 25, 448, 45), (25, 44, 529, 45), (25, 448, 529, 449), (45, 448, 528, 529), (25, 43, 450, 529), (25, 23, 450, 43), (25, 43, 529, 44), (25, 449, 529, 450), (43, 450, 529, 530), (446, 527, 452, 531), (446, 447, 452, 527), (446, 527, 531, 526), (446, 451, 531, 452), (527, 452, 531, 532), (448, 527, 533, 452), (447, 448, 452, 527), (448, 528, 533, 527), (448, 452, 533, 453), (527, 452, 532, 533), (448, 529, 454, 533), (448, 449, 454, 529), (448, 529, 533, 528), (448, 453, 533, 454), (529, 454, 533, 534), (450, 529, 535, 454), (449, 450, 454, 529), (450, 530, 535, 529), (450, 454, 535, 455), (529, 454, 534, 535), (452, 531, 537, 456), (451, 452, 456, 531), (452, 532, 537, 531), (452, 456, 537, 457), (531, 456, 536, 537), (452, 533, 458, 537), (452, 453, 458, 533), (452, 533, 537, 532), (452, 457, 537, 458), (533, 458, 537, 538), (454, 533, 539, 458), (453, 454, 458, 533), (454, 534, 539, 533), (454, 458, 539, 459), (533, 458, 538, 539), (454, 535, 460, 539), (454, 455, 460, 535), (454, 535, 539, 534), (454, 459, 539, 460), (535, 460, 539, 540), (456, 537, 462, 541), (456, 457, 462, 537), (456, 537, 541, 536), (456, 461, 541, 462), (537, 462, 541, 542), (458, 537, 543, 462), (457, 458, 462, 537), (458, 538, 543, 537), (458, 462, 543, 463), (537, 462, 542, 543), (458, 539, 464, 543), (458, 459, 464, 539), (458, 539, 543, 538), (458, 463, 543, 464), (539, 464, 543, 544), (460, 539, 545, 464), (459, 460, 464, 539), (460, 540, 545, 539), (460, 464, 545, 465), (539, 464, 544, 545), (462, 541, 547, 466), (461, 462, 466, 541), (462, 542, 547, 541), (462, 466, 547, 467), (541, 466, 546, 547), (462, 543, 468, 547), (462, 463, 468, 543), (462, 543, 547, 542), (462, 467, 547, 468), (543, 468, 547, 548), (464, 543, 549, 468), (463, 464, 468, 543), (464, 544, 549, 543), (464, 468, 549, 469), (543, 468, 548, 549), (464, 545, 470, 549), (464, 465, 470, 545), (464, 545, 549, 544), (464, 469, 549, 470), (545, 470, 549, 550), (466, 547, 472, 551), (466, 467, 472, 547), (466, 547, 551, 546), (466, 471, 551, 472), (547, 472, 551, 552), (468, 547, 553, 472), (467, 468, 472, 547), (468, 548, 553, 547), (468, 472, 553, 473), (547, 472, 552, 553), (468, 549, 474, 553), (468, 469, 474, 549), (468, 549, 553, 548), (468, 473, 553, 474), (549, 474, 553, 554), (470, 549, 555, 474), (469, 470, 474, 549), (470, 550, 555, 549), (470, 474, 555, 475), (549, 474, 554, 555), (472, 551, 557, 476), (471, 472, 476, 551), (472, 552, 557, 551), (472, 476, 557, 477), (551, 476, 556, 557), (472, 553, 478, 557), (472, 473, 478, 553), (472, 553, 557, 552), (472, 477, 557, 478), (553, 478, 557, 558), (474, 553, 559, 478), (473, 474, 478, 553), (474, 554, 559, 553), (474, 478, 559, 479), (553, 478, 558, 559), (474, 555, 480, 559), (474, 475, 480, 555), (474, 555, 559, 554), (474, 479, 559, 480), (555, 480, 559, 560), (476, 557, 482, 561), (476, 477, 482, 557), (476, 557, 561, 556), (476, 481, 561, 482), (557, 482, 561, 562), (478, 557, 563, 482), (477, 478, 482, 557), (478, 558, 563, 557), (478, 482, 563, 483), (557, 482, 562, 563), (478, 559, 484, 563), (478, 479, 484, 559), (478, 559, 563, 558), (478, 483, 563, 484), (559, 484, 563, 564), (480, 559, 565, 484), (479, 480, 484, 559), (480, 560, 565, 559), (480, 484, 565, 485), (559, 484, 564, 565), (482, 561, 567, 486), (481, 482, 486, 561), (482, 562, 567, 561), (482, 486, 567, 487), (561, 486, 566, 567), (482, 563, 488, 567), (482, 483, 488, 563), (482, 563, 567, 562), (482, 487, 567, 488), (563, 488, 567, 568), (484, 563, 569, 488), (483, 484, 488, 563), (484, 564, 569, 563), (484, 488, 569, 489), (563, 488, 568, 569), (484, 565, 490, 569), (484, 485, 490, 565), (484, 565, 569, 564), (484, 489, 569, 490), (565, 490, 569, 570), (486, 567, 492, 571), (486, 487, 492, 567), (486, 567, 571, 566), (486, 491, 571, 492), (567, 492, 571, 572), (488, 567, 573, 492), (487, 488, 492, 567), (488, 568, 573, 567), (488, 492, 573, 493), (567, 492, 572, 573), (488, 569, 494, 573), (488, 489, 494, 569), (488, 569, 573, 568), (488, 493, 573, 494), (569, 494, 573, 574), (490, 569, 575, 494), (489, 490, 494, 569), (490, 570, 575, 569), (490, 494, 575, 495), (569, 494, 574, 575), (492, 571, 577, 496), (491, 492, 496, 571), (492, 572, 577, 571), (492, 496, 577, 497), (571, 496, 576, 577), (492, 573, 498, 577), (492, 493, 498, 573), (492, 573, 577, 572), (492, 497, 577, 498), (573, 498, 577, 578), (494, 573, 579, 498), (493, 494, 498, 573), (494, 574, 579, 573), (494, 498, 579, 499), (573, 498, 578, 579), (494, 575, 500, 579), (494, 495, 500, 575), (494, 575, 579, 574), (494, 499, 579, 500), (575, 500, 579, 580), (496, 577, 502, 581), (496, 497, 502, 577), (496, 577, 581, 576), (496, 501, 581, 502), (577, 502, 581, 582), (498, 577, 583, 502), (497, 498, 502, 577), (498, 578, 583, 577), (498, 502, 583, 503), (577, 502, 582, 583), (498, 579, 504, 583), (498, 499, 504, 579), (498, 579, 583, 578), (498, 503, 583, 504), (579, 504, 583, 584), (500, 579, 585, 504), (499, 500, 504, 579), (500, 580, 585, 579), (500, 504, 585, 505), (579, 504, 584, 585), (502, 581, 587, 506), (501, 502, 506, 581), (502, 582, 587, 581), (502, 506, 587, 507), (581, 506, 586, 587), (502, 583, 508, 587), (502, 503, 508, 583), (502, 583, 587, 582), (502, 507, 587, 508), (583, 508, 587, 588), (504, 583, 589, 508), (503, 504, 508, 583), (504, 584, 589, 583), (504, 508, 589, 509), (583, 508, 588, 589), (504, 585, 510, 589), (504, 505, 510, 585), (504, 585, 589, 584), (504, 509, 589, 510), (585, 510, 589, 590), (506, 587, 512, 591), (506, 507, 512, 587), (506, 587, 591, 586), (506, 511, 591, 512), (587, 512, 591, 592), (508, 587, 593, 512), (507, 508, 512, 587), (508, 588, 593, 587), (508, 512, 593, 513), (587, 512, 592, 593), (508, 589, 514, 593), (508, 509, 514, 589), (508, 589, 593, 588), (508, 513, 593, 514), (589, 514, 593, 594), (510, 589, 595, 514), (509, 510, 514, 589), (510, 590, 595, 589), (510, 514, 595, 515), (589, 514, 594, 595), (512, 591, 597, 516), (511, 512, 516, 591), (512, 592, 597, 591), (512, 516, 597, 517), (591, 516, 596, 597), (512, 593, 518, 597), (512, 513, 518, 593), (512, 593, 597, 592), (512, 517, 597, 518), (593, 518, 597, 598), (514, 593, 599, 518), (513, 514, 518, 593), (514, 594, 599, 593), (514, 518, 599, 519), (593, 518, 598, 599), (514, 595, 520, 599), (514, 515, 520, 595), (514, 595, 599, 594), (514, 519, 599, 520), (595, 520, 599, 600), (516, 597, 522, 601), (516, 517, 522, 597), (516, 597, 601, 596), (516, 521, 601, 522), (597, 522, 601, 602), (518, 597, 603, 522), (517, 518, 522, 597), (518, 598, 603, 597), (518, 522, 603, 523), (597, 522, 602, 603), (518, 599, 524, 603), (518, 519, 524, 599), (518, 599, 603, 598), (518, 523, 603, 524), (599, 524, 603, 604), (520, 599, 605, 524), (519, 520, 524, 599), (520, 600, 605, 599), (520, 524, 605, 525), (599, 524, 604, 605), (47, 62, 527, 606), (47, 46, 527, 62), (47, 62, 606, 63), (47, 526, 606, 527), (62, 527, 606, 607), (45, 62, 608, 527), (46, 45, 527, 62), (45, 61, 608, 62), (45, 527, 608, 528), (62, 527, 607, 608), (45, 60, 529, 608), (45, 44, 529, 60), (45, 60, 608, 61), (45, 528, 608, 529), (60, 529, 608, 609), (43, 60, 610, 529), (44, 43, 529, 60), (43, 59, 610, 60), (43, 529, 610, 530), (60, 529, 609, 610), (527, 606, 612, 531), (526, 527, 531, 606), (527, 607, 612, 606), (527, 531, 612, 532), (606, 531, 611, 612), (527, 608, 533, 612), (527, 528, 533, 608), (527, 608, 612, 607), (527, 532, 612, 533), (608, 533, 612, 613), (529, 608, 614, 533), (528, 529, 533, 608), (529, 609, 614, 608), (529, 533, 614, 534), (608, 533, 613, 614), (529, 610, 535, 614), (529, 530, 535, 610), (529, 610, 614, 609), (529, 534, 614, 535), (610, 535, 614, 615), (531, 612, 537, 616), (531, 532, 537, 612), (531, 612, 616, 611), (531, 536, 616, 537), (612, 537, 616, 617), (533, 612, 618, 537), (532, 533, 537, 612), (533, 613, 618, 612), (533, 537, 618, 538), (612, 537, 617, 618), (533, 614, 539, 618), (533, 534, 539, 614), (533, 614, 618, 613), (533, 538, 618, 539), (614, 539, 618, 619), (535, 614, 620, 539), (534, 535, 539, 614), (535, 615, 620, 614), (535, 539, 620, 540), (614, 539, 619, 620), (537, 616, 622, 541), (536, 537, 541, 616), (537, 617, 622, 616), (537, 541, 622, 542), (616, 541, 621, 622), (537, 618, 543, 622), (537, 538, 543, 618), (537, 618, 622, 617), (537, 542, 622, 543), (618, 543, 622, 623), (539, 618, 624, 543), (538, 539, 543, 618), (539, 619, 624, 618), (539, 543, 624, 544), (618, 543, 623, 624), (539, 620, 545, 624), (539, 540, 545, 620), (539, 620, 624, 619), (539, 544, 624, 545), (620, 545, 624, 625), (541, 622, 547, 626), (541, 542, 547, 622), (541, 622, 626, 621), (541, 546, 626, 547), (622, 547, 626, 627), (543, 622, 628, 547), (542, 543, 547, 622), (543, 623, 628, 622), (543, 547, 628, 548), (622, 547, 627, 628), (543, 624, 549, 628), (543, 544, 549, 624), (543, 624, 628, 623), (543, 548, 628, 549), (624, 549, 628, 629), (545, 624, 630, 549), (544, 545, 549, 624), (545, 625, 630, 624), (545, 549, 630, 550), (624, 549, 629, 630), (547, 626, 632, 551), (546, 547, 551, 626), (547, 627, 632, 626), (547, 551, 632, 552), (626, 551, 631, 632), (547, 628, 553, 632), (547, 548, 553, 628), (547, 628, 632, 627), (547, 552, 632, 553), (628, 553, 632, 633), (549, 628, 634, 553), (548, 549, 553, 628), (549, 629, 634, 628), (549, 553, 634, 554), (628, 553, 633, 634), (549, 630, 555, 634), (549, 550, 555, 630), (549, 630, 634, 629), (549, 554, 634, 555), (630, 555, 634, 635), (551, 632, 557, 636), (551, 552, 557, 632), (551, 632, 636, 631), (551, 556, 636, 557), (632, 557, 636, 637), (553, 632, 638, 557), (552, 553, 557, 632), (553, 633, 638, 632), (553, 557, 638, 558), (632, 557, 637, 638), (553, 634, 559, 638), (553, 554, 559, 634), (553, 634, 638, 633), (553, 558, 638, 559), (634, 559, 638, 639), (555, 634, 640, 559), (554, 555, 559, 634), (555, 635, 640, 634), (555, 559, 640, 560), (634, 559, 639, 640), (557, 636, 642, 561), (556, 557, 561, 636), (557, 637, 642, 636), (557, 561, 642, 562), (636, 561, 641, 642), (557, 638, 563, 642), (557, 558, 563, 638), (557, 638, 642, 637), (557, 562, 642, 563), (638, 563, 642, 643), (559, 638, 644, 563), (558, 559, 563, 638), (559, 639, 644, 638), (559, 563, 644, 564), (638, 563, 643, 644), (559, 640, 565, 644), (559, 560, 565, 640), (559, 640, 644, 639), (559, 564, 644, 565), (640, 565, 644, 645), (561, 642, 567, 646), (561, 562, 567, 642), (561, 642, 646, 641), (561, 566, 646, 567), (642, 567, 646, 647), (563, 642, 648, 567), (562, 563, 567, 642), (563, 643, 648, 642), (563, 567, 648, 568), (642, 567, 647, 648), (563, 644, 569, 648), (563, 564, 569, 644), (563, 644, 648, 643), (563, 568, 648, 569), (644, 569, 648, 649), (565, 644, 650, 569), (564, 565, 569, 644), (565, 645, 650, 644), (565, 569, 650, 570), (644, 569, 649, 650), (567, 646, 652, 571), (566, 567, 571, 646), (567, 647, 652, 646), (567, 571, 652, 572), (646, 571, 651, 652), (567, 648, 573, 652), (567, 568, 573, 648), (567, 648, 652, 647), (567, 572, 652, 573), (648, 573, 652, 653), (569, 648, 654, 573), (568, 569, 573, 648), (569, 649, 654, 648), (569, 573, 654, 574), (648, 573, 653, 654), (569, 650, 575, 654), (569, 570, 575, 650), (569, 650, 654, 649), (569, 574, 654, 575), (650, 575, 654, 655), (571, 652, 577, 656), (571, 572, 577, 652), (571, 652, 656, 651), (571, 576, 656, 577), (652, 577, 656, 657), (573, 652, 658, 577), (572, 573, 577, 652), (573, 653, 658, 652), (573, 577, 658, 578), (652, 577, 657, 658), (573, 654, 579, 658), (573, 574, 579, 654), (573, 654, 658, 653), (573, 578, 658, 579), (654, 579, 658, 659), (575, 654, 660, 579), (574, 575, 579, 654), (575, 655, 660, 654), (575, 579, 660, 580), (654, 579, 659, 660), (577, 656, 662, 581), (576, 577, 581, 656), (577, 657, 662, 656), (577, 581, 662, 582), (656, 581, 661, 662), (577, 658, 583, 662), (577, 578, 583, 658), (577, 658, 662, 657), (577, 582, 662, 583), (658, 583, 662, 663), (579, 658, 664, 583), (578, 579, 583, 658), (579, 659, 664, 658), (579, 583, 664, 584), (658, 583, 663, 664), (579, 660, 585, 664), (579, 580, 585, 660), (579, 660, 664, 659), (579, 584, 664, 585), (660, 585, 664, 665), (581, 662, 587, 666), (581, 582, 587, 662), (581, 662, 666, 661), (581, 586, 666, 587), (662, 587, 666, 667), (583, 662, 668, 587), (582, 583, 587, 662), (583, 663, 668, 662), (583, 587, 668, 588), (662, 587, 667, 668), (583, 664, 589, 668), (583, 584, 589, 664), (583, 664, 668, 663), (583, 588, 668, 589), (664, 589, 668, 669), (585, 664, 670, 589), (584, 585, 589, 664), (585, 665, 670, 664), (585, 589, 670, 590), (664, 589, 669, 670), (587, 666, 672, 591), (586, 587, 591, 666), (587, 667, 672, 666), (587, 591, 672, 592), (666, 591, 671, 672), (587, 668, 593, 672), (587, 588, 593, 668), (587, 668, 672, 667), (587, 592, 672, 593), (668, 593, 672, 673), (589, 668, 674, 593), (588, 589, 593, 668), (589, 669, 674, 668), (589, 593, 674, 594), (668, 593, 673, 674), (589, 670, 595, 674), (589, 590, 595, 670), (589, 670, 674, 669), (589, 594, 674, 595), (670, 595, 674, 675), (591, 672, 597, 676), (591, 592, 597, 672), (591, 672, 676, 671), (591, 596, 676, 597), (672, 597, 676, 677), (593, 672, 678, 597), (592, 593, 597, 672), (593, 673, 678, 672), (593, 597, 678, 598), (672, 597, 677, 678), (593, 674, 599, 678), (593, 594, 599, 674), (593, 674, 678, 673), (593, 598, 678, 599), (674, 599, 678, 679), (595, 674, 680, 599), (594, 595, 599, 674), (595, 675, 680, 674), (595, 599, 680, 600), (674, 599, 679, 680), (597, 676, 682, 601), (596, 597, 601, 676), (597, 677, 682, 676), (597, 601, 682, 602), (676, 601, 681, 682), (597, 678, 603, 682), (597, 598, 603, 678), (597, 678, 682, 677), (597, 602, 682, 603), (678, 603, 682, 683), (599, 678, 684, 603), (598, 599, 603, 678), (599, 679, 684, 678), (599, 603, 684, 604), (678, 603, 683, 684), (599, 680, 605, 684), (599, 600, 605, 680), (599, 680, 684, 679), (599, 604, 684, 605), (680, 605, 684, 685), (62, 79, 687, 606), (63, 62, 606, 79), (62, 78, 687, 79), (62, 606, 687, 607), (79, 606, 686, 687), (62, 77, 608, 687), (62, 61, 608, 77), (62, 77, 687, 78), (62, 607, 687, 608), (77, 608, 687, 688), (60, 77, 689, 608), (61, 60, 608, 77), (60, 76, 689, 77), (60, 608, 689, 609), (77, 608, 688, 689), (60, 75, 610, 689), (60, 59, 610, 75), (60, 75, 689, 76), (60, 609, 689, 610), (75, 610, 689, 690), (606, 687, 612, 691), (606, 607, 612, 687), (606, 687, 691, 686), (606, 611, 691, 612), (687, 612, 691, 692), (608, 687, 693, 612), (607, 608, 612, 687), (608, 688, 693, 687), (608, 612, 693, 613), (687, 612, 692, 693), (608, 689, 614, 693), (608, 609, 614, 689), (608, 689, 693, 688), (608, 613, 693, 614), (689, 614, 693, 694), (610, 689, 695, 614), (609, 610, 614, 689), (610, 690, 695, 689), (610, 614, 695, 615), (689, 614, 694, 695), (612, 691, 697, 616), (611, 612, 616, 691), (612, 692, 697, 691), (612, 616, 697, 617), (691, 616, 696, 697), (612, 693, 618, 697), (612, 613, 618, 693), (612, 693, 697, 692), (612, 617, 697, 618), (693, 618, 697, 698), (614, 693, 699, 618), (613, 614, 618, 693), (614, 694, 699, 693), (614, 618, 699, 619), (693, 618, 698, 699), (614, 695, 620, 699), (614, 615, 620, 695), (614, 695, 699, 694), (614, 619, 699, 620), (695, 620, 699, 700), (616, 697, 622, 701), (616, 617, 622, 697), (616, 697, 701, 696), (616, 621, 701, 622), (697, 622, 701, 702), (618, 697, 703, 622), (617, 618, 622, 697), (618, 698, 703, 697), (618, 622, 703, 623), (697, 622, 702, 703), (618, 699, 624, 703), (618, 619, 624, 699), (618, 699, 703, 698), (618, 623, 703, 624), (699, 624, 703, 704), (620, 699, 705, 624), (619, 620, 624, 699), (620, 700, 705, 699), (620, 624, 705, 625), (699, 624, 704, 705), (622, 701, 707, 626), (621, 622, 626, 701), (622, 702, 707, 701), (622, 626, 707, 627), (701, 626, 706, 707), (622, 703, 628, 707), (622, 623, 628, 703), (622, 703, 707, 702), (622, 627, 707, 628), (703, 628, 707, 708), (624, 703, 709, 628), (623, 624, 628, 703), (624, 704, 709, 703), (624, 628, 709, 629), (703, 628, 708, 709), (624, 705, 630, 709), (624, 625, 630, 705), (624, 705, 709, 704), (624, 629, 709, 630), (705, 630, 709, 710), (626, 707, 632, 711), (626, 627, 632, 707), (626, 707, 711, 706), (626, 631, 711, 632), (707, 632, 711, 712), (628, 707, 713, 632), (627, 628, 632, 707), (628, 708, 713, 707), (628, 632, 713, 633), (707, 632, 712, 713), (628, 709, 634, 713), (628, 629, 634, 709), (628, 709, 713, 708), (628, 633, 713, 634), (709, 634, 713, 714), (630, 709, 715, 634), (629, 630, 634, 709), (630, 710, 715, 709), (630, 634, 715, 635), (709, 634, 714, 715), (632, 711, 717, 636), (631, 632, 636, 711), (632, 712, 717, 711), (632, 636, 717, 637), (711, 636, 716, 717), (632, 713, 638, 717), (632, 633, 638, 713), (632, 713, 717, 712), (632, 637, 717, 638), (713, 638, 717, 718), (634, 713, 719, 638), (633, 634, 638, 713), (634, 714, 719, 713), (634, 638, 719, 639), (713, 638, 718, 719), (634, 715, 640, 719), (634, 635, 640, 715), (634, 715, 719, 714), (634, 639, 719, 640), (715, 640, 719, 720), (636, 717, 642, 721), (636, 637, 642, 717), (636, 717, 721, 716), (636, 641, 721, 642), (717, 642, 721, 722), (638, 717, 723, 642), (637, 638, 642, 717), (638, 718, 723, 717), (638, 642, 723, 643), (717, 642, 722, 723), (638, 719, 644, 723), (638, 639, 644, 719), (638, 719, 723, 718), (638, 643, 723, 644), (719, 644, 723, 724), (640, 719, 725, 644), (639, 640, 644, 719), (640, 720, 725, 719), (640, 644, 725, 645), (719, 644, 724, 725), (642, 721, 727, 646), (641, 642, 646, 721), (642, 722, 727, 721), (642, 646, 727, 647), (721, 646, 726, 727), (642, 723, 648, 727), (642, 643, 648, 723), (642, 723, 727, 722), (642, 647, 727, 648), (723, 648, 727, 728), (644, 723, 729, 648), (643, 644, 648, 723), (644, 724, 729, 723), (644, 648, 729, 649), (723, 648, 728, 729), (644, 725, 650, 729), (644, 645, 650, 725), (644, 725, 729, 724), (644, 649, 729, 650), (725, 650, 729, 730), (646, 727, 652, 731), (646, 647, 652, 727), (646, 727, 731, 726), (646, 651, 731, 652), (727, 652, 731, 732), (648, 727, 733, 652), (647, 648, 652, 727), (648, 728, 733, 727), (648, 652, 733, 653), (727, 652, 732, 733), (648, 729, 654, 733), (648, 649, 654, 729), (648, 729, 733, 728), (648, 653, 733, 654), (729, 654, 733, 734), (650, 729, 735, 654), (649, 650, 654, 729), (650, 730, 735, 729), (650, 654, 735, 655), (729, 654, 734, 735), (652, 731, 737, 656), (651, 652, 656, 731), (652, 732, 737, 731), (652, 656, 737, 657), (731, 656, 736, 737), (652, 733, 658, 737), (652, 653, 658, 733), (652, 733, 737, 732), (652, 657, 737, 658), (733, 658, 737, 738), (654, 733, 739, 658), (653, 654, 658, 733), (654, 734, 739, 733), (654, 658, 739, 659), (733, 658, 738, 739), (654, 735, 660, 739), (654, 655, 660, 735), (654, 735, 739, 734), (654, 659, 739, 660), (735, 660, 739, 740), (656, 737, 662, 741), (656, 657, 662, 737), (656, 737, 741, 736), (656, 661, 741, 662), (737, 662, 741, 742), (658, 737, 743, 662), (657, 658, 662, 737), (658, 738, 743, 737), (658, 662, 743, 663), (737, 662, 742, 743), (658, 739, 664, 743), (658, 659, 664, 739), (658, 739, 743, 738), (658, 663, 743, 664), (739, 664, 743, 744), (660, 739, 745, 664), (659, 660, 664, 739), (660, 740, 745, 739), (660, 664, 745, 665), (739, 664, 744, 745), (662, 741, 747, 666), (661, 662, 666, 741), (662, 742, 747, 741), (662, 666, 747, 667), (741, 666, 746, 747), (662, 743, 668, 747), (662, 663, 668, 743), (662, 743, 747, 742), (662, 667, 747, 668), (743, 668, 747, 748), (664, 743, 749, 668), (663, 664, 668, 743), (664, 744, 749, 743), (664, 668, 749, 669), (743, 668, 748, 749), (664, 745, 670, 749), (664, 665, 670, 745), (664, 745, 749, 744), (664, 669, 749, 670), (745, 670, 749, 750), (666, 747, 672, 751), (666, 667, 672, 747), (666, 747, 751, 746), (666, 671, 751, 672), (747, 672, 751, 752), (668, 747, 753, 672), (667, 668, 672, 747), (668, 748, 753, 747), (668, 672, 753, 673), (747, 672, 752, 753), (668, 749, 674, 753), (668, 669, 674, 749), (668, 749, 753, 748), (668, 673, 753, 674), (749, 674, 753, 754), (670, 749, 755, 674), (669, 670, 674, 749), (670, 750, 755, 749), (670, 674, 755, 675), (749, 674, 754, 755), (672, 751, 757, 676), (671, 672, 676, 751), (672, 752, 757, 751), (672, 676, 757, 677), (751, 676, 756, 757), (672, 753, 678, 757), (672, 673, 678, 753), (672, 753, 757, 752), (672, 677, 757, 678), (753, 678, 757, 758), (674, 753, 759, 678), (673, 674, 678, 753), (674, 754, 759, 753), (674, 678, 759, 679), (753, 678, 758, 759), (674, 755, 680, 759), (674, 675, 680, 755), (674, 755, 759, 754), (674, 679, 759, 680), (755, 680, 759, 760), (676, 757, 682, 761), (676, 677, 682, 757), (676, 757, 761, 756), (676, 681, 761, 682), (757, 682, 761, 762), (678, 757, 763, 682), (677, 678, 682, 757), (678, 758, 763, 757), (678, 682, 763, 683), (757, 682, 762, 763), (678, 759, 684, 763), (678, 679, 684, 759), (678, 759, 763, 758), (678, 683, 763, 684), (759, 684, 763, 764), (680, 759, 765, 684), (679, 680, 684, 759), (680, 760, 765, 759), (680, 684, 765, 685), (759, 684, 764, 765), (79, 94, 687, 766), (79, 78, 687, 94), (79, 94, 766, 95), (79, 686, 766, 687), (94, 687, 766, 767), (77, 94, 768, 687), (78, 77, 687, 94), (77, 93, 768, 94), (77, 687, 768, 688), (94, 687, 767, 768), (77, 92, 689, 768), (77, 76, 689, 92), (77, 92, 768, 93), (77, 688, 768, 689), (92, 689, 768, 769), (75, 92, 770, 689), (76, 75, 689, 92), (75, 91, 770, 92), (75, 689, 770, 690), (92, 689, 769, 770), (687, 766, 772, 691), (686, 687, 691, 766), (687, 767, 772, 766), (687, 691, 772, 692), (766, 691, 771, 772), (687, 768, 693, 772), (687, 688, 693, 768), (687, 768, 772, 767), (687, 692, 772, 693), (768, 693, 772, 773), (689, 768, 774, 693), (688, 689, 693, 768), (689, 769, 774, 768), (689, 693, 774, 694), (768, 693, 773, 774), (689, 770, 695, 774), (689, 690, 695, 770), (689, 770, 774, 769), (689, 694, 774, 695), (770, 695, 774, 775), (691, 772, 697, 776), (691, 692, 697, 772), (691, 772, 776, 771), (691, 696, 776, 697), (772, 697, 776, 777), (693, 772, 778, 697), (692, 693, 697, 772), (693, 773, 778, 772), (693, 697, 778, 698), (772, 697, 777, 778), (693, 774, 699, 778), (693, 694, 699, 774), (693, 774, 778, 773), (693, 698, 778, 699), (774, 699, 778, 779), (695, 774, 780, 699), (694, 695, 699, 774), (695, 775, 780, 774), (695, 699, 780, 700), (774, 699, 779, 780), (697, 776, 782, 701), (696, 697, 701, 776), (697, 777, 782, 776), (697, 701, 782, 702), (776, 701, 781, 782), (697, 778, 703, 782), (697, 698, 703, 778), (697, 778, 782, 777), (697, 702, 782, 703), (778, 703, 782, 783), (699, 778, 784, 703), (698, 699, 703, 778), (699, 779, 784, 778), (699, 703, 784, 704), (778, 703, 783, 784), (699, 780, 705, 784), (699, 700, 705, 780), (699, 780, 784, 779), (699, 704, 784, 705), (780, 705, 784, 785), (701, 782, 707, 786), (701, 702, 707, 782), (701, 782, 786, 781), (701, 706, 786, 707), (782, 707, 786, 787), (703, 782, 788, 707), (702, 703, 707, 782), (703, 783, 788, 782), (703, 707, 788, 708), (782, 707, 787, 788), (703, 784, 709, 788), (703, 704, 709, 784), (703, 784, 788, 783), (703, 708, 788, 709), (784, 709, 788, 789), (705, 784, 790, 709), (704, 705, 709, 784), (705, 785, 790, 784), (705, 709, 790, 710), (784, 709, 789, 790), (707, 786, 792, 711), (706, 707, 711, 786), (707, 787, 792, 786), (707, 711, 792, 712), (786, 711, 791, 792), (707, 788, 713, 792), (707, 708, 713, 788), (707, 788, 792, 787), (707, 712, 792, 713), (788, 713, 792, 793), (709, 788, 794, 713), (708, 709, 713, 788), (709, 789, 794, 788), (709, 713, 794, 714), (788, 713, 793, 794), (709, 790, 715, 794), (709, 710, 715, 790), (709, 790, 794, 789), (709, 714, 794, 715), (790, 715, 794, 795), (711, 792, 717, 796), (711, 712, 717, 792), (711, 792, 796, 791), (711, 716, 796, 717), (792, 717, 796, 797), (713, 792, 798, 717), (712, 713, 717, 792), (713, 793, 798, 792), (713, 717, 798, 718), (792, 717, 797, 798), (713, 794, 719, 798), (713, 714, 719, 794), (713, 794, 798, 793), (713, 718, 798, 719), (794, 719, 798, 799), (715, 794, 800, 719), (714, 715, 719, 794), (715, 795, 800, 794), (715, 719, 800, 720), (794, 719, 799, 800), (717, 796, 802, 721), (716, 717, 721, 796), (717, 797, 802, 796), (717, 721, 802, 722), (796, 721, 801, 802), (717, 798, 723, 802), (717, 718, 723, 798), (717, 798, 802, 797), (717, 722, 802, 723), (798, 723, 802, 803), (719, 798, 804, 723), (718, 719, 723, 798), (719, 799, 804, 798), (719, 723, 804, 724), (798, 723, 803, 804), (719, 800, 725, 804), (719, 720, 725, 800), (719, 800, 804, 799), (719, 724, 804, 725), (800, 725, 804, 805), (721, 802, 727, 806), (721, 722, 727, 802), (721, 802, 806, 801), (721, 726, 806, 727), (802, 727, 806, 807), (723, 802, 808, 727), (722, 723, 727, 802), (723, 803, 808, 802), (723, 727, 808, 728), (802, 727, 807, 808), (723, 804, 729, 808), (723, 724, 729, 804), (723, 804, 808, 803), (723, 728, 808, 729), (804, 729, 808, 809), (725, 804, 810, 729), (724, 725, 729, 804), (725, 805, 810, 804), (725, 729, 810, 730), (804, 729, 809, 810), (727, 806, 812, 731), (726, 727, 731, 806), (727, 807, 812, 806), (727, 731, 812, 732), (806, 731, 811, 812), (727, 808, 733, 812), (727, 728, 733, 808), (727, 808, 812, 807), (727, 732, 812, 733), (808, 733, 812, 813), (729, 808, 814, 733), (728, 729, 733, 808), (729, 809, 814, 808), (729, 733, 814, 734), (808, 733, 813, 814), (729, 810, 735, 814), (729, 730, 735, 810), (729, 810, 814, 809), (729, 734, 814, 735), (810, 735, 814, 815), (731, 812, 737, 816), (731, 732, 737, 812), (731, 812, 816, 811), (731, 736, 816, 737), (812, 737, 816, 817), (733, 812, 818, 737), (732, 733, 737, 812), (733, 813, 818, 812), (733, 737, 818, 738), (812, 737, 817, 818), (733, 814, 739, 818), (733, 734, 739, 814), (733, 814, 818, 813), (733, 738, 818, 739), (814, 739, 818, 819), (735, 814, 820, 739), (734, 735, 739, 814), (735, 815, 820, 814), (735, 739, 820, 740), (814, 739, 819, 820), (737, 816, 822, 741), (736, 737, 741, 816), (737, 817, 822, 816), (737, 741, 822, 742), (816, 741, 821, 822), (737, 818, 743, 822), (737, 738, 743, 818), (737, 818, 822, 817), (737, 742, 822, 743), (818, 743, 822, 823), (739, 818, 824, 743), (738, 739, 743, 818), (739, 819, 824, 818), (739, 743, 824, 744), (818, 743, 823, 824), (739, 820, 745, 824), (739, 740, 745, 820), (739, 820, 824, 819), (739, 744, 824, 745), (820, 745, 824, 825), (741, 822, 747, 826), (741, 742, 747, 822), (741, 822, 826, 821), (741, 746, 826, 747), (822, 747, 826, 827), (743, 822, 828, 747), (742, 743, 747, 822), (743, 823, 828, 822), (743, 747, 828, 748), (822, 747, 827, 828), (743, 824, 749, 828), (743, 744, 749, 824), (743, 824, 828, 823), (743, 748, 828, 749), (824, 749, 828, 829), (745, 824, 830, 749), (744, 745, 749, 824), (745, 825, 830, 824), (745, 749, 830, 750), (824, 749, 829, 830), (747, 826, 832, 751), (746, 747, 751, 826), (747, 827, 832, 826), (747, 751, 832, 752), (826, 751, 831, 832), (747, 828, 753, 832), (747, 748, 753, 828), (747, 828, 832, 827), (747, 752, 832, 753), (828, 753, 832, 833), (749, 828, 834, 753), (748, 749, 753, 828), (749, 829, 834, 828), (749, 753, 834, 754), (828, 753, 833, 834), (749, 830, 755, 834), (749, 750, 755, 830), (749, 830, 834, 829), (749, 754, 834, 755), (830, 755, 834, 835), (751, 832, 757, 836), (751, 752, 757, 832), (751, 832, 836, 831), (751, 756, 836, 757), (832, 757, 836, 837), (753, 832, 838, 757), (752, 753, 757, 832), (753, 833, 838, 832), (753, 757, 838, 758), (832, 757, 837, 838), (753, 834, 759, 838), (753, 754, 759, 834), (753, 834, 838, 833), (753, 758, 838, 759), (834, 759, 838, 839), (755, 834, 840, 759), (754, 755, 759, 834), (755, 835, 840, 834), (755, 759, 840, 760), (834, 759, 839, 840), (757, 836, 842, 761), (756, 757, 761, 836), (757, 837, 842, 836), (757, 761, 842, 762), (836, 761, 841, 842), (757, 838, 763, 842), (757, 758, 763, 838), (757, 838, 842, 837), (757, 762, 842, 763), (838, 763, 842, 843), (759, 838, 844, 763), (758, 759, 763, 838), (759, 839, 844, 838), (759, 763, 844, 764), (838, 763, 843, 844), (759, 840, 765, 844), (759, 760, 765, 840), (759, 840, 844, 839), (759, 764, 844, 765), (840, 765, 844, 845), (443, 524, 846, 523), (443, 444, 846, 524), (524, 846, 523, 847), (846, 523, 849, 443), (846, 847, 849, 523), (846, 443, 849, 848), (443, 849, 850, 523), (443, 848, 850, 849), (849, 850, 523, 851), (850, 523, 853, 443), (850, 851, 853, 523), (850, 443, 853, 852), (443, 853, 854, 523), (443, 852, 854, 853), (853, 854, 523, 855), (854, 523, 522, 443), (854, 855, 522, 523), (854, 443, 522, 442), (445, 524, 857, 846), (444, 445, 846, 524), (445, 525, 857, 524), (445, 846, 857, 856), (524, 846, 847, 857), (846, 857, 858, 849), (846, 856, 858, 857), (846, 857, 849, 847), (846, 848, 849, 858), (857, 858, 849, 859), (858, 849, 861, 850), (848, 858, 850, 849), (858, 859, 861, 849), (858, 850, 861, 860), (849, 850, 851, 861), (850, 861, 862, 853), (850, 860, 862, 861), (850, 861, 853, 851), (850, 852, 853, 862), (861, 862, 853, 863), (862, 853, 865, 854), (852, 862, 854, 853), (862, 863, 865, 853), (862, 854, 865, 864), (853, 854, 855, 865), (854, 865, 441, 522), (854, 864, 441, 865), (854, 865, 522, 855), (854, 442, 522, 441), (865, 441, 522, 521), (524, 603, 866, 523), (524, 604, 866, 603), (524, 523, 866, 847), (523, 866, 849, 603), (523, 847, 849, 866), (866, 849, 603, 867), (849, 603, 868, 523), (849, 867, 868, 603), (849, 523, 868, 851), (523, 868, 853, 603), (523, 851, 853, 868), (868, 853, 603, 869), (853, 603, 870, 523), (853, 869, 870, 603), (853, 523, 870, 855), (523, 870, 522, 603), (523, 855, 522, 870), (870, 522, 603, 602), (524, 605, 857, 866), (524, 525, 857, 605), (524, 605, 866, 604), (524, 847, 866, 857), (605, 857, 866, 871), (857, 866, 872, 849), (847, 857, 849, 866), (857, 871, 872, 866), (857, 849, 872, 859), (866, 849, 867, 872), (849, 872, 861, 868), (849, 859, 861, 872), (849, 872, 868, 867), (849, 851, 868, 861), (872, 861, 868, 873), (861, 868, 874, 853), (851, 861, 853, 868), (861, 873, 874, 868), (861, 853, 874, 863), (868, 853, 869, 874), (853, 874, 865, 870), (853, 863, 865, 874), (853, 874, 870, 869), (853, 855, 870, 865), (874, 865, 870, 875), (865, 870, 601, 522), (855, 865, 522, 870), (865, 875, 601, 870), (865, 522, 601, 521), (870, 522, 602, 601), (603, 684, 866, 683), (603, 604, 866, 684), (684, 866, 683, 876), (866, 683, 877, 603), (866, 876, 877, 683), (866, 603, 877, 867), (603, 877, 868, 683), (603, 867, 868, 877), (877, 868, 683, 878), (868, 683, 879, 603), (868, 878, 879, 683), (868, 603, 879, 869), (603, 879, 870, 683), (603, 869, 870, 879), (879, 870, 683, 880), (870, 683, 682, 603), (870, 880, 682, 683), (870, 603, 682, 602), (605, 684, 881, 866), (604, 605, 866, 684), (605, 685, 881, 684), (605, 866, 881, 871), (684, 866, 876, 881), (866, 881, 872, 877), (866, 871, 872, 881), (866, 881, 877, 876), (866, 867, 877, 872), (881, 872, 877, 882), (872, 877, 883, 868), (867, 872, 868, 877), (872, 882, 883, 877), (872, 868, 883, 873), (877, 868, 878, 883), (868, 883, 874, 879), (868, 873, 874, 883), (868, 883, 879, 878), (868, 869, 879, 874), (883, 874, 879, 884), (874, 879, 885, 870), (869, 874, 870, 879), (874, 884, 885, 879), (874, 870, 885, 875), (879, 870, 880, 885), (870, 885, 601, 682), (870, 875, 601, 885), (870, 885, 682, 880), (870, 602, 682, 601), (885, 601, 682, 681), (684, 763, 886, 683), (684, 764, 886, 763), (684, 683, 886, 876), (683, 886, 877, 763), (683, 876, 877, 886), (886, 877, 763, 887), (877, 763, 888, 683), (877, 887, 888, 763), (877, 683, 888, 878), (683, 888, 879, 763), (683, 878, 879, 888), (888, 879, 763, 889), (879, 763, 890, 683), (879, 889, 890, 763), (879, 683, 890, 880), (683, 890, 682, 763), (683, 880, 682, 890), (890, 682, 763, 762), (684, 765, 881, 886), (684, 685, 881, 765), (684, 765, 886, 764), (684, 876, 886, 881), (765, 881, 886, 891), (881, 886, 892, 877), (876, 881, 877, 886), (881, 891, 892, 886), (881, 877, 892, 882), (886, 877, 887, 892), (877, 892, 883, 888), (877, 882, 883, 892), (877, 892, 888, 887), (877, 878, 888, 883), (892, 883, 888, 893), (883, 888, 894, 879), (878, 883, 879, 888), (883, 893, 894, 888), (883, 879, 894, 884), (888, 879, 889, 894), (879, 894, 885, 890), (879, 884, 885, 894), (879, 894, 890, 889), (879, 880, 890, 885), (894, 885, 890, 895), (885, 890, 761, 682), (880, 885, 682, 890), (885, 895, 761, 890), (885, 682, 761, 681), (890, 682, 762, 761), (763, 844, 886, 843), (763, 764, 886, 844), (844, 886, 843, 896), (886, 843, 897, 763), (886, 896, 897, 843), (886, 763, 897, 887), (763, 897, 888, 843), (763, 887, 888, 897), (897, 888, 843, 898), (888, 843, 899, 763), (888, 898, 899, 843), (888, 763, 899, 889), (763, 899, 890, 843), (763, 889, 890, 899), (899, 890, 843, 900), (890, 843, 842, 763), (890, 900, 842, 843), (890, 763, 842, 762), (765, 844, 901, 886), (764, 765, 886, 844), (765, 845, 901, 844), (765, 886, 901, 891), (844, 886, 896, 901), (886, 901, 892, 897), (886, 891, 892, 901), (886, 901, 897, 896), (886, 887, 897, 892), (901, 892, 897, 902), (892, 897, 903, 888), (887, 892, 888, 897), (892, 902, 903, 897), (892, 888, 903, 893), (897, 888, 898, 903), (888, 903, 894, 899), (888, 893, 894, 903), (888, 903, 899, 898), (888, 889, 899, 894), (903, 894, 899, 904), (894, 899, 905, 890), (889, 894, 890, 899), (894, 904, 905, 899), (894, 890, 905, 895), (899, 890, 900, 905), (890, 905, 761, 842), (890, 895, 761, 905), (890, 905, 842, 900), (890, 762, 842, 761), (905, 761, 842, 841), (118, 117, 907, 986), (118, 116, 907, 117), (118, 117, 986, 119), (118, 906, 986, 907), (117, 907, 986, 987), (114, 117, 988, 907), (116, 114, 907, 117), (114, 115, 988, 117), (114, 907, 988, 908), (117, 907, 987, 988), (114, 113, 909, 988), (114, 112, 909, 113), (114, 113, 988, 115), (114, 908, 988, 909), (113, 909, 988, 989), (30, 113, 990, 909), (112, 30, 909, 113), (30, 31, 990, 113), (30, 909, 990, 910), (113, 909, 989, 990), (907, 986, 992, 911), (906, 907, 911, 986), (907, 987, 992, 986), (907, 911, 992, 912), (986, 911, 991, 992), (907, 988, 913, 992), (907, 908, 913, 988), (907, 988, 992, 987), (907, 912, 992, 913), (988, 913, 992, 993), (909, 988, 994, 913), (908, 909, 913, 988), (909, 989, 994, 988), (909, 913, 994, 914), (988, 913, 993, 994), (909, 990, 915, 994), (909, 910, 915, 990), (909, 990, 994, 989), (909, 914, 994, 915), (990, 915, 994, 995), (911, 992, 917, 996), (911, 912, 917, 992), (911, 992, 996, 991), (911, 916, 996, 917), (992, 917, 996, 997), (913, 992, 998, 917), (912, 913, 917, 992), (913, 993, 998, 992), (913, 917, 998, 918), (992, 917, 997, 998), (913, 994, 919, 998), (913, 914, 919, 994), (913, 994, 998, 993), (913, 918, 998, 919), (994, 919, 998, 999), (915, 994, 1000, 919), (914, 915, 919, 994), (915, 995, 1000, 994), (915, 919, 1000, 920), (994, 919, 999, 1000), (917, 996, 1002, 921), (916, 917, 921, 996), (917, 997, 1002, 996), (917, 921, 1002, 922), (996, 921, 1001, 1002), (917, 998, 923, 1002), (917, 918, 923, 998), (917, 998, 1002, 997), (917, 922, 1002, 923), (998, 923, 1002, 1003), (919, 998, 1004, 923), (918, 919, 923, 998), (919, 999, 1004, 998), (919, 923, 1004, 924), (998, 923, 1003, 1004), (919, 1000, 925, 1004), (919, 920, 925, 1000), (919, 1000, 1004, 999), (919, 924, 1004, 925), (1000, 925, 1004, 1005), (921, 1002, 927, 1006), (921, 922, 927, 1002), (921, 1002, 1006, 1001), (921, 926, 1006, 927), (1002, 927, 1006, 1007), (923, 1002, 1008, 927), (922, 923, 927, 1002), (923, 1003, 1008, 1002), (923, 927, 1008, 928), (1002, 927, 1007, 1008), (923, 1004, 929, 1008), (923, 924, 929, 1004), (923, 1004, 1008, 1003), (923, 928, 1008, 929), (1004, 929, 1008, 1009), (925, 1004, 1010, 929), (924, 925, 929, 1004), (925, 1005, 1010, 1004), (925, 929, 1010, 930), (1004, 929, 1009, 1010), (927, 1006, 1012, 931), (926, 927, 931, 1006), (927, 1007, 1012, 1006), (927, 931, 1012, 932), (1006, 931, 1011, 1012), (927, 1008, 933, 1012), (927, 928, 933, 1008), (927, 1008, 1012, 1007), (927, 932, 1012, 933), (1008, 933, 1012, 1013), (929, 1008, 1014, 933), (928, 929, 933, 1008), (929, 1009, 1014, 1008), (929, 933, 1014, 934), (1008, 933, 1013, 1014), (929, 1010, 935, 1014), (929, 930, 935, 1010), (929, 1010, 1014, 1009), (929, 934, 1014, 935), (1010, 935, 1014, 1015), (931, 1012, 937, 1016), (931, 932, 937, 1012), (931, 1012, 1016, 1011), (931, 936, 1016, 937), (1012, 937, 1016, 1017), (933, 1012, 1018, 937), (932, 933, 937, 1012), (933, 1013, 1018, 1012), (933, 937, 1018, 938), (1012, 937, 1017, 1018), (933, 1014, 939, 1018), (933, 934, 939, 1014), (933, 1014, 1018, 1013), (933, 938, 1018, 939), (1014, 939, 1018, 1019), (935, 1014, 1020, 939), (934, 935, 939, 1014), (935, 1015, 1020, 1014), (935, 939, 1020, 940), (1014, 939, 1019, 1020), (937, 1016, 1022, 941), (936, 937, 941, 1016), (937, 1017, 1022, 1016), (937, 941, 1022, 942), (1016, 941, 1021, 1022), (937, 1018, 943, 1022), (937, 938, 943, 1018), (937, 1018, 1022, 1017), (937, 942, 1022, 943), (1018, 943, 1022, 1023), (939, 1018, 1024, 943), (938, 939, 943, 1018), (939, 1019, 1024, 1018), (939, 943, 1024, 944), (1018, 943, 1023, 1024), (939, 1020, 945, 1024), (939, 940, 945, 1020), (939, 1020, 1024, 1019), (939, 944, 1024, 945), (1020, 945, 1024, 1025), (941, 1022, 947, 1026), (941, 942, 947, 1022), (941, 1022, 1026, 1021), (941, 946, 1026, 947), (1022, 947, 1026, 1027), (943, 1022, 1028, 947), (942, 943, 947, 1022), (943, 1023, 1028, 1022), (943, 947, 1028, 948), (1022, 947, 1027, 1028), (943, 1024, 949, 1028), (943, 944, 949, 1024), (943, 1024, 1028, 1023), (943, 948, 1028, 949), (1024, 949, 1028, 1029), (945, 1024, 1030, 949), (944, 945, 949, 1024), (945, 1025, 1030, 1024), (945, 949, 1030, 950), (1024, 949, 1029, 1030), (947, 1026, 1032, 951), (946, 947, 951, 1026), (947, 1027, 1032, 1026), (947, 951, 1032, 952), (1026, 951, 1031, 1032), (947, 1028, 953, 1032), (947, 948, 953, 1028), (947, 1028, 1032, 1027), (947, 952, 1032, 953), (1028, 953, 1032, 1033), (949, 1028, 1034, 953), (948, 949, 953, 1028), (949, 1029, 1034, 1028), (949, 953, 1034, 954), (1028, 953, 1033, 1034), (949, 1030, 955, 1034), (949, 950, 955, 1030), (949, 1030, 1034, 1029), (949, 954, 1034, 955), (1030, 955, 1034, 1035), (951, 1032, 957, 1036), (951, 952, 957, 1032), (951, 1032, 1036, 1031), (951, 956, 1036, 957), (1032, 957, 1036, 1037), (953, 1032, 1038, 957), (952, 953, 957, 1032), (953, 1033, 1038, 1032), (953, 957, 1038, 958), (1032, 957, 1037, 1038), (953, 1034, 959, 1038), (953, 954, 959, 1034), (953, 1034, 1038, 1033), (953, 958, 1038, 959), (1034, 959, 1038, 1039), (955, 1034, 1040, 959), (954, 955, 959, 1034), (955, 1035, 1040, 1034), (955, 959, 1040, 960), (1034, 959, 1039, 1040), (957, 1036, 1042, 961), (956, 957, 961, 1036), (957, 1037, 1042, 1036), (957, 961, 1042, 962), (1036, 961, 1041, 1042), (957, 1038, 963, 1042), (957, 958, 963, 1038), (957, 1038, 1042, 1037), (957, 962, 1042, 963), (1038, 963, 1042, 1043), (959, 1038, 1044, 963), (958, 959, 963, 1038), (959, 1039, 1044, 1038), (959, 963, 1044, 964), (1038, 963, 1043, 1044), (959, 1040, 965, 1044), (959, 960, 965, 1040), (959, 1040, 1044, 1039), (959, 964, 1044, 965), (1040, 965, 1044, 1045), (961, 1042, 967, 1046), (961, 962, 967, 1042), (961, 1042, 1046, 1041), (961, 966, 1046, 967), (1042, 967, 1046, 1047), (963, 1042, 1048, 967), (962, 963, 967, 1042), (963, 1043, 1048, 1042), (963, 967, 1048, 968), (1042, 967, 1047, 1048), (963, 1044, 969, 1048), (963, 964, 969, 1044), (963, 1044, 1048, 1043), (963, 968, 1048, 969), (1044, 969, 1048, 1049), (965, 1044, 1050, 969), (964, 965, 969, 1044), (965, 1045, 1050, 1044), (965, 969, 1050, 970), (1044, 969, 1049, 1050), (967, 1046, 1052, 971), (966, 967, 971, 1046), (967, 1047, 1052, 1046), (967, 971, 1052, 972), (1046, 971, 1051, 1052), (967, 1048, 973, 1052), (967, 968, 973, 1048), (967, 1048, 1052, 1047), (967, 972, 1052, 973), (1048, 973, 1052, 1053), (969, 1048, 1054, 973), (968, 969, 973, 1048), (969, 1049, 1054, 1048), (969, 973, 1054, 974), (1048, 973, 1053, 1054), (969, 1050, 975, 1054), (969, 970, 975, 1050), (969, 1050, 1054, 1049), (969, 974, 1054, 975), (1050, 975, 1054, 1055), (971, 1052, 977, 1056), (971, 972, 977, 1052), (971, 1052, 1056, 1051), (971, 976, 1056, 977), (1052, 977, 1056, 1057), (973, 1052, 1058, 977), (972, 973, 977, 1052), (973, 1053, 1058, 1052), (973, 977, 1058, 978), (1052, 977, 1057, 1058), (973, 1054, 979, 1058), (973, 974, 979, 1054), (973, 1054, 1058, 1053), (973, 978, 1058, 979), (1054, 979, 1058, 1059), (975, 1054, 1060, 979), (974, 975, 979, 1054), (975, 1055, 1060, 1054), (975, 979, 1060, 980), (1054, 979, 1059, 1060), (977, 1056, 1062, 981), (976, 977, 981, 1056), (977, 1057, 1062, 1056), (977, 981, 1062, 982), (1056, 981, 1061, 1062), (977, 1058, 983, 1062), (977, 978, 983, 1058), (977, 1058, 1062, 1057), (977, 982, 1062, 983), (1058, 983, 1062, 1063), (979, 1058, 1064, 983), (978, 979, 983, 1058), (979, 1059, 1064, 1058), (979, 983, 1064, 984), (1058, 983, 1063, 1064), (979, 1060, 985, 1064), (979, 980, 985, 1060), (979, 1060, 1064, 1059), (979, 984, 1064, 985), (1060, 985, 1064, 1065), (117, 131, 1067, 986), (119, 117, 986, 131), (117, 130, 1067, 131), (117, 986, 1067, 987), (131, 986, 1066, 1067), (117, 129, 988, 1067), (117, 115, 988, 129), (117, 129, 1067, 130), (117, 987, 1067, 988), (129, 988, 1067, 1068), (113, 129, 1069, 988), (115, 113, 988, 129), (113, 128, 1069, 129), (113, 988, 1069, 989), (129, 988, 1068, 1069), (113, 47, 990, 1069), (113, 31, 990, 47), (113, 47, 1069, 128), (113, 989, 1069, 990), (47, 990, 1069, 1070), (986, 1067, 992, 1071), (986, 987, 992, 1067), (986, 1067, 1071, 1066), (986, 991, 1071, 992), (1067, 992, 1071, 1072), (988, 1067, 1073, 992), (987, 988, 992, 1067), (988, 1068, 1073, 1067), (988, 992, 1073, 993), (1067, 992, 1072, 1073), (988, 1069, 994, 1073), (988, 989, 994, 1069), (988, 1069, 1073, 1068), (988, 993, 1073, 994), (1069, 994, 1073, 1074), (990, 1069, 1075, 994), (989, 990, 994, 1069), (990, 1070, 1075, 1069), (990, 994, 1075, 995), (1069, 994, 1074, 1075), (992, 1071, 1077, 996), (991, 992, 996, 1071), (992, 1072, 1077, 1071), (992, 996, 1077, 997), (1071, 996, 1076, 1077), (992, 1073, 998, 1077), (992, 993, 998, 1073), (992, 1073, 1077, 1072), (992, 997, 1077, 998), (1073, 998, 1077, 1078), (994, 1073, 1079, 998), (993, 994, 998, 1073), (994, 1074, 1079, 1073), (994, 998, 1079, 999), (1073, 998, 1078, 1079), (994, 1075, 1000, 1079), (994, 995, 1000, 1075), (994, 1075, 1079, 1074), (994, 999, 1079, 1000), (1075, 1000, 1079, 1080), (996, 1077, 1002, 1081), (996, 997, 1002, 1077), (996, 1077, 1081, 1076), (996, 1001, 1081, 1002), (1077, 1002, 1081, 1082), (998, 1077, 1083, 1002), (997, 998, 1002, 1077), (998, 1078, 1083, 1077), (998, 1002, 1083, 1003), (1077, 1002, 1082, 1083), (998, 1079, 1004, 1083), (998, 999, 1004, 1079), (998, 1079, 1083, 1078), (998, 1003, 1083, 1004), (1079, 1004, 1083, 1084), (1000, 1079, 1085, 1004), (999, 1000, 1004, 1079), (1000, 1080, 1085, 1079), (1000, 1004, 1085, 1005), (1079, 1004, 1084, 1085), (1002, 1081, 1087, 1006), (1001, 1002, 1006, 1081), (1002, 1082, 1087, 1081), (1002, 1006, 1087, 1007), (1081, 1006, 1086, 1087), (1002, 1083, 1008, 1087), (1002, 1003, 1008, 1083), (1002, 1083, 1087, 1082), (1002, 1007, 1087, 1008), (1083, 1008, 1087, 1088), (1004, 1083, 1089, 1008), (1003, 1004, 1008, 1083), (1004, 1084, 1089, 1083), (1004, 1008, 1089, 1009), (1083, 1008, 1088, 1089), (1004, 1085, 1010, 1089), (1004, 1005, 1010, 1085), (1004, 1085, 1089, 1084), (1004, 1009, 1089, 1010), (1085, 1010, 1089, 1090), (1006, 1087, 1012, 1091), (1006, 1007, 1012, 1087), (1006, 1087, 1091, 1086), (1006, 1011, 1091, 1012), (1087, 1012, 1091, 1092), (1008, 1087, 1093, 1012), (1007, 1008, 1012, 1087), (1008, 1088, 1093, 1087), (1008, 1012, 1093, 1013), (1087, 1012, 1092, 1093), (1008, 1089, 1014, 1093), (1008, 1009, 1014, 1089), (1008, 1089, 1093, 1088), (1008, 1013, 1093, 1014), (1089, 1014, 1093, 1094), (1010, 1089, 1095, 1014), (1009, 1010, 1014, 1089), (1010, 1090, 1095, 1089), (1010, 1014, 1095, 1015), (1089, 1014, 1094, 1095), (1012, 1091, 1097, 1016), (1011, 1012, 1016, 1091), (1012, 1092, 1097, 1091), (1012, 1016, 1097, 1017), (1091, 1016, 1096, 1097), (1012, 1093, 1018, 1097), (1012, 1013, 1018, 1093), (1012, 1093, 1097, 1092), (1012, 1017, 1097, 1018), (1093, 1018, 1097, 1098), (1014, 1093, 1099, 1018), (1013, 1014, 1018, 1093), (1014, 1094, 1099, 1093), (1014, 1018, 1099, 1019), (1093, 1018, 1098, 1099), (1014, 1095, 1020, 1099), (1014, 1015, 1020, 1095), (1014, 1095, 1099, 1094), (1014, 1019, 1099, 1020), (1095, 1020, 1099, 1100), (1016, 1097, 1022, 1101), (1016, 1017, 1022, 1097), (1016, 1097, 1101, 1096), (1016, 1021, 1101, 1022), (1097, 1022, 1101, 1102), (1018, 1097, 1103, 1022), (1017, 1018, 1022, 1097), (1018, 1098, 1103, 1097), (1018, 1022, 1103, 1023), (1097, 1022, 1102, 1103), (1018, 1099, 1024, 1103), (1018, 1019, 1024, 1099), (1018, 1099, 1103, 1098), (1018, 1023, 1103, 1024), (1099, 1024, 1103, 1104), (1020, 1099, 1105, 1024), (1019, 1020, 1024, 1099), (1020, 1100, 1105, 1099), (1020, 1024, 1105, 1025), (1099, 1024, 1104, 1105), (1022, 1101, 1107, 1026), (1021, 1022, 1026, 1101), (1022, 1102, 1107, 1101), (1022, 1026, 1107, 1027), (1101, 1026, 1106, 1107), (1022, 1103, 1028, 1107), (1022, 1023, 1028, 1103), (1022, 1103, 1107, 1102), (1022, 1027, 1107, 1028), (1103, 1028, 1107, 1108), (1024, 1103, 1109, 1028), (1023, 1024, 1028, 1103), (1024, 1104, 1109, 1103), (1024, 1028, 1109, 1029), (1103, 1028, 1108, 1109), (1024, 1105, 1030, 1109), (1024, 1025, 1030, 1105), (1024, 1105, 1109, 1104), (1024, 1029, 1109, 1030), (1105, 1030, 1109, 1110), (1026, 1107, 1032, 1111), (1026, 1027, 1032, 1107), (1026, 1107, 1111, 1106), (1026, 1031, 1111, 1032), (1107, 1032, 1111, 1112), (1028, 1107, 1113, 1032), (1027, 1028, 1032, 1107), (1028, 1108, 1113, 1107), (1028, 1032, 1113, 1033), (1107, 1032, 1112, 1113), (1028, 1109, 1034, 1113), (1028, 1029, 1034, 1109), (1028, 1109, 1113, 1108), (1028, 1033, 1113, 1034), (1109, 1034, 1113, 1114), (1030, 1109, 1115, 1034), (1029, 1030, 1034, 1109), (1030, 1110, 1115, 1109), (1030, 1034, 1115, 1035), (1109, 1034, 1114, 1115), (1032, 1111, 1117, 1036), (1031, 1032, 1036, 1111), (1032, 1112, 1117, 1111), (1032, 1036, 1117, 1037), (1111, 1036, 1116, 1117), (1032, 1113, 1038, 1117), (1032, 1033, 1038, 1113), (1032, 1113, 1117, 1112), (1032, 1037, 1117, 1038), (1113, 1038, 1117, 1118), (1034, 1113, 1119, 1038), (1033, 1034, 1038, 1113), (1034, 1114, 1119, 1113), (1034, 1038, 1119, 1039), (1113, 1038, 1118, 1119), (1034, 1115, 1040, 1119), (1034, 1035, 1040, 1115), (1034, 1115, 1119, 1114), (1034, 1039, 1119, 1040), (1115, 1040, 1119, 1120), (1036, 1117, 1042, 1121), (1036, 1037, 1042, 1117), (1036, 1117, 1121, 1116), (1036, 1041, 1121, 1042), (1117, 1042, 1121, 1122), (1038, 1117, 1123, 1042), (1037, 1038, 1042, 1117), (1038, 1118, 1123, 1117), (1038, 1042, 1123, 1043), (1117, 1042, 1122, 1123), (1038, 1119, 1044, 1123), (1038, 1039, 1044, 1119), (1038, 1119, 1123, 1118), (1038, 1043, 1123, 1044), (1119, 1044, 1123, 1124), (1040, 1119, 1125, 1044), (1039, 1040, 1044, 1119), (1040, 1120, 1125, 1119), (1040, 1044, 1125, 1045), (1119, 1044, 1124, 1125), (1042, 1121, 1127, 1046), (1041, 1042, 1046, 1121), (1042, 1122, 1127, 1121), (1042, 1046, 1127, 1047), (1121, 1046, 1126, 1127), (1042, 1123, 1048, 1127), (1042, 1043, 1048, 1123), (1042, 1123, 1127, 1122), (1042, 1047, 1127, 1048), (1123, 1048, 1127, 1128), (1044, 1123, 1129, 1048), (1043, 1044, 1048, 1123), (1044, 1124, 1129, 1123), (1044, 1048, 1129, 1049), (1123, 1048, 1128, 1129), (1044, 1125, 1050, 1129), (1044, 1045, 1050, 1125), (1044, 1125, 1129, 1124), (1044, 1049, 1129, 1050), (1125, 1050, 1129, 1130), (1046, 1127, 1052, 1131), (1046, 1047, 1052, 1127), (1046, 1127, 1131, 1126), (1046, 1051, 1131, 1052), (1127, 1052, 1131, 1132), (1048, 1127, 1133, 1052), (1047, 1048, 1052, 1127), (1048, 1128, 1133, 1127), (1048, 1052, 1133, 1053), (1127, 1052, 1132, 1133), (1048, 1129, 1054, 1133), (1048, 1049, 1054, 1129), (1048, 1129, 1133, 1128), (1048, 1053, 1133, 1054), (1129, 1054, 1133, 1134), (1050, 1129, 1135, 1054), (1049, 1050, 1054, 1129), (1050, 1130, 1135, 1129), (1050, 1054, 1135, 1055), (1129, 1054, 1134, 1135), (1052, 1131, 1137, 1056), (1051, 1052, 1056, 1131), (1052, 1132, 1137, 1131), (1052, 1056, 1137, 1057), (1131, 1056, 1136, 1137), (1052, 1133, 1058, 1137), (1052, 1053, 1058, 1133), (1052, 1133, 1137, 1132), (1052, 1057, 1137, 1058), (1133, 1058, 1137, 1138), (1054, 1133, 1139, 1058), (1053, 1054, 1058, 1133), (1054, 1134, 1139, 1133), (1054, 1058, 1139, 1059), (1133, 1058, 1138, 1139), (1054, 1135, 1060, 1139), (1054, 1055, 1060, 1135), (1054, 1135, 1139, 1134), (1054, 1059, 1139, 1060), (1135, 1060, 1139, 1140), (1056, 1137, 1062, 1141), (1056, 1057, 1062, 1137), (1056, 1137, 1141, 1136), (1056, 1061, 1141, 1062), (1137, 1062, 1141, 1142), (1058, 1137, 1143, 1062), (1057, 1058, 1062, 1137), (1058, 1138, 1143, 1137), (1058, 1062, 1143, 1063), (1137, 1062, 1142, 1143), (1058, 1139, 1064, 1143), (1058, 1059, 1064, 1139), (1058, 1139, 1143, 1138), (1058, 1063, 1143, 1064), (1139, 1064, 1143, 1144), (1060, 1139, 1145, 1064), (1059, 1060, 1064, 1139), (1060, 1140, 1145, 1139), (1060, 1064, 1145, 1065), (1139, 1064, 1144, 1145), (131, 142, 1067, 1146), (131, 130, 1067, 142), (131, 142, 1146, 143), (131, 1066, 1146, 1067), (142, 1067, 1146, 1147), (129, 142, 1148, 1067), (130, 129, 1067, 142), (129, 141, 1148, 142), (129, 1067, 1148, 1068), (142, 1067, 1147, 1148), (129, 140, 1069, 1148), (129, 128, 1069, 140), (129, 140, 1148, 141), (129, 1068, 1148, 1069), (140, 1069, 1148, 1149), (47, 140, 1150, 1069), (128, 47, 1069, 140), (47, 63, 1150, 140), (47, 1069, 1150, 1070), (140, 1069, 1149, 1150), (1067, 1146, 1152, 1071), (1066, 1067, 1071, 1146), (1067, 1147, 1152, 1146), (1067, 1071, 1152, 1072), (1146, 1071, 1151, 1152), (1067, 1148, 1073, 1152), (1067, 1068, 1073, 1148), (1067, 1148, 1152, 1147), (1067, 1072, 1152, 1073), (1148, 1073, 1152, 1153), (1069, 1148, 1154, 1073), (1068, 1069, 1073, 1148), (1069, 1149, 1154, 1148), (1069, 1073, 1154, 1074), (1148, 1073, 1153, 1154), (1069, 1150, 1075, 1154), (1069, 1070, 1075, 1150), (1069, 1150, 1154, 1149), (1069, 1074, 1154, 1075), (1150, 1075, 1154, 1155), (1071, 1152, 1077, 1156), (1071, 1072, 1077, 1152), (1071, 1152, 1156, 1151), (1071, 1076, 1156, 1077), (1152, 1077, 1156, 1157), (1073, 1152, 1158, 1077), (1072, 1073, 1077, 1152), (1073, 1153, 1158, 1152), (1073, 1077, 1158, 1078), (1152, 1077, 1157, 1158), (1073, 1154, 1079, 1158), (1073, 1074, 1079, 1154), (1073, 1154, 1158, 1153), (1073, 1078, 1158, 1079), (1154, 1079, 1158, 1159), (1075, 1154, 1160, 1079), (1074, 1075, 1079, 1154), (1075, 1155, 1160, 1154), (1075, 1079, 1160, 1080), (1154, 1079, 1159, 1160), (1077, 1156, 1162, 1081), (1076, 1077, 1081, 1156), (1077, 1157, 1162, 1156), (1077, 1081, 1162, 1082), (1156, 1081, 1161, 1162), (1077, 1158, 1083, 1162), (1077, 1078, 1083, 1158), (1077, 1158, 1162, 1157), (1077, 1082, 1162, 1083), (1158, 1083, 1162, 1163), (1079, 1158, 1164, 1083), (1078, 1079, 1083, 1158), (1079, 1159, 1164, 1158), (1079, 1083, 1164, 1084), (1158, 1083, 1163, 1164), (1079, 1160, 1085, 1164), (1079, 1080, 1085, 1160), (1079, 1160, 1164, 1159), (1079, 1084, 1164, 1085), (1160, 1085, 1164, 1165), (1081, 1162, 1087, 1166), (1081, 1082, 1087, 1162), (1081, 1162, 1166, 1161), (1081, 1086, 1166, 1087), (1162, 1087, 1166, 1167), (1083, 1162, 1168, 1087), (1082, 1083, 1087, 1162), (1083, 1163, 1168, 1162), (1083, 1087, 1168, 1088), (1162, 1087, 1167, 1168), (1083, 1164, 1089, 1168), (1083, 1084, 1089, 1164), (1083, 1164, 1168, 1163), (1083, 1088, 1168, 1089), (1164, 1089, 1168, 1169), (1085, 1164, 1170, 1089), (1084, 1085, 1089, 1164), (1085, 1165, 1170, 1164), (1085, 1089, 1170, 1090), (1164, 1089, 1169, 1170), (1087, 1166, 1172, 1091), (1086, 1087, 1091, 1166), (1087, 1167, 1172, 1166), (1087, 1091, 1172, 1092), (1166, 1091, 1171, 1172), (1087, 1168, 1093, 1172), (1087, 1088, 1093, 1168), (1087, 1168, 1172, 1167), (1087, 1092, 1172, 1093), (1168, 1093, 1172, 1173), (1089, 1168, 1174, 1093), (1088, 1089, 1093, 1168), (1089, 1169, 1174, 1168), (1089, 1093, 1174, 1094), (1168, 1093, 1173, 1174), (1089, 1170, 1095, 1174), (1089, 1090, 1095, 1170), (1089, 1170, 1174, 1169), (1089, 1094, 1174, 1095), (1170, 1095, 1174, 1175), (1091, 1172, 1097, 1176), (1091, 1092, 1097, 1172), (1091, 1172, 1176, 1171), (1091, 1096, 1176, 1097), (1172, 1097, 1176, 1177), (1093, 1172, 1178, 1097), (1092, 1093, 1097, 1172), (1093, 1173, 1178, 1172), (1093, 1097, 1178, 1098), (1172, 1097, 1177, 1178), (1093, 1174, 1099, 1178), (1093, 1094, 1099, 1174), (1093, 1174, 1178, 1173), (1093, 1098, 1178, 1099), (1174, 1099, 1178, 1179), (1095, 1174, 1180, 1099), (1094, 1095, 1099, 1174), (1095, 1175, 1180, 1174), (1095, 1099, 1180, 1100), (1174, 1099, 1179, 1180), (1097, 1176, 1182, 1101), (1096, 1097, 1101, 1176), (1097, 1177, 1182, 1176), (1097, 1101, 1182, 1102), (1176, 1101, 1181, 1182), (1097, 1178, 1103, 1182), (1097, 1098, 1103, 1178), (1097, 1178, 1182, 1177), (1097, 1102, 1182, 1103), (1178, 1103, 1182, 1183), (1099, 1178, 1184, 1103), (1098, 1099, 1103, 1178), (1099, 1179, 1184, 1178), (1099, 1103, 1184, 1104), (1178, 1103, 1183, 1184), (1099, 1180, 1105, 1184), (1099, 1100, 1105, 1180), (1099, 1180, 1184, 1179), (1099, 1104, 1184, 1105), (1180, 1105, 1184, 1185), (1101, 1182, 1107, 1186), (1101, 1102, 1107, 1182), (1101, 1182, 1186, 1181), (1101, 1106, 1186, 1107), (1182, 1107, 1186, 1187), (1103, 1182, 1188, 1107), (1102, 1103, 1107, 1182), (1103, 1183, 1188, 1182), (1103, 1107, 1188, 1108), (1182, 1107, 1187, 1188), (1103, 1184, 1109, 1188), (1103, 1104, 1109, 1184), (1103, 1184, 1188, 1183), (1103, 1108, 1188, 1109), (1184, 1109, 1188, 1189), (1105, 1184, 1190, 1109), (1104, 1105, 1109, 1184), (1105, 1185, 1190, 1184), (1105, 1109, 1190, 1110), (1184, 1109, 1189, 1190), (1107, 1186, 1192, 1111), (1106, 1107, 1111, 1186), (1107, 1187, 1192, 1186), (1107, 1111, 1192, 1112), (1186, 1111, 1191, 1192), (1107, 1188, 1113, 1192), (1107, 1108, 1113, 1188), (1107, 1188, 1192, 1187), (1107, 1112, 1192, 1113), (1188, 1113, 1192, 1193), (1109, 1188, 1194, 1113), (1108, 1109, 1113, 1188), (1109, 1189, 1194, 1188), (1109, 1113, 1194, 1114), (1188, 1113, 1193, 1194), (1109, 1190, 1115, 1194), (1109, 1110, 1115, 1190), (1109, 1190, 1194, 1189), (1109, 1114, 1194, 1115), (1190, 1115, 1194, 1195), (1111, 1192, 1117, 1196), (1111, 1112, 1117, 1192), (1111, 1192, 1196, 1191), (1111, 1116, 1196, 1117), (1192, 1117, 1196, 1197), (1113, 1192, 1198, 1117), (1112, 1113, 1117, 1192), (1113, 1193, 1198, 1192), (1113, 1117, 1198, 1118), (1192, 1117, 1197, 1198), (1113, 1194, 1119, 1198), (1113, 1114, 1119, 1194), (1113, 1194, 1198, 1193), (1113, 1118, 1198, 1119), (1194, 1119, 1198, 1199), (1115, 1194, 1200, 1119), (1114, 1115, 1119, 1194), (1115, 1195, 1200, 1194), (1115, 1119, 1200, 1120), (1194, 1119, 1199, 1200), (1117, 1196, 1202, 1121), (1116, 1117, 1121, 1196), (1117, 1197, 1202, 1196), (1117, 1121, 1202, 1122), (1196, 1121, 1201, 1202), (1117, 1198, 1123, 1202), (1117, 1118, 1123, 1198), (1117, 1198, 1202, 1197), (1117, 1122, 1202, 1123), (1198, 1123, 1202, 1203), (1119, 1198, 1204, 1123), (1118, 1119, 1123, 1198), (1119, 1199, 1204, 1198), (1119, 1123, 1204, 1124), (1198, 1123, 1203, 1204), (1119, 1200, 1125, 1204), (1119, 1120, 1125, 1200), (1119, 1200, 1204, 1199), (1119, 1124, 1204, 1125), (1200, 1125, 1204, 1205), (1121, 1202, 1127, 1206), (1121, 1122, 1127, 1202), (1121, 1202, 1206, 1201), (1121, 1126, 1206, 1127), (1202, 1127, 1206, 1207), (1123, 1202, 1208, 1127), (1122, 1123, 1127, 1202), (1123, 1203, 1208, 1202), (1123, 1127, 1208, 1128), (1202, 1127, 1207, 1208), (1123, 1204, 1129, 1208), (1123, 1124, 1129, 1204), (1123, 1204, 1208, 1203), (1123, 1128, 1208, 1129), (1204, 1129, 1208, 1209), (1125, 1204, 1210, 1129), (1124, 1125, 1129, 1204), (1125, 1205, 1210, 1204), (1125, 1129, 1210, 1130), (1204, 1129, 1209, 1210), (1127, 1206, 1212, 1131), (1126, 1127, 1131, 1206), (1127, 1207, 1212, 1206), (1127, 1131, 1212, 1132), (1206, 1131, 1211, 1212), (1127, 1208, 1133, 1212), (1127, 1128, 1133, 1208), (1127, 1208, 1212, 1207), (1127, 1132, 1212, 1133), (1208, 1133, 1212, 1213), (1129, 1208, 1214, 1133), (1128, 1129, 1133, 1208), (1129, 1209, 1214, 1208), (1129, 1133, 1214, 1134), (1208, 1133, 1213, 1214), (1129, 1210, 1135, 1214), (1129, 1130, 1135, 1210), (1129, 1210, 1214, 1209), (1129, 1134, 1214, 1135), (1210, 1135, 1214, 1215), (1131, 1212, 1137, 1216), (1131, 1132, 1137, 1212), (1131, 1212, 1216, 1211), (1131, 1136, 1216, 1137), (1212, 1137, 1216, 1217), (1133, 1212, 1218, 1137), (1132, 1133, 1137, 1212), (1133, 1213, 1218, 1212), (1133, 1137, 1218, 1138), (1212, 1137, 1217, 1218), (1133, 1214, 1139, 1218), (1133, 1134, 1139, 1214), (1133, 1214, 1218, 1213), (1133, 1138, 1218, 1139), (1214, 1139, 1218, 1219), (1135, 1214, 1220, 1139), (1134, 1135, 1139, 1214), (1135, 1215, 1220, 1214), (1135, 1139, 1220, 1140), (1214, 1139, 1219, 1220), (1137, 1216, 1222, 1141), (1136, 1137, 1141, 1216), (1137, 1217, 1222, 1216), (1137, 1141, 1222, 1142), (1216, 1141, 1221, 1222), (1137, 1218, 1143, 1222), (1137, 1138, 1143, 1218), (1137, 1218, 1222, 1217), (1137, 1142, 1222, 1143), (1218, 1143, 1222, 1223), (1139, 1218, 1224, 1143), (1138, 1139, 1143, 1218), (1139, 1219, 1224, 1218), (1139, 1143, 1224, 1144), (1218, 1143, 1223, 1224), (1139, 1220, 1145, 1224), (1139, 1140, 1145, 1220), (1139, 1220, 1224, 1219), (1139, 1144, 1224, 1145), (1220, 1145, 1224, 1225), (142, 155, 1227, 1146), (143, 142, 1146, 155), (142, 154, 1227, 155), (142, 1146, 1227, 1147), (155, 1146, 1226, 1227), (142, 153, 1148, 1227), (142, 141, 1148, 153), (142, 153, 1227, 154), (142, 1147, 1227, 1148), (153, 1148, 1227, 1228), (140, 153, 1229, 1148), (141, 140, 1148, 153), (140, 152, 1229, 153), (140, 1148, 1229, 1149), (153, 1148, 1228, 1229), (140, 79, 1150, 1229), (140, 63, 1150, 79), (140, 79, 1229, 152), (140, 1149, 1229, 1150), (79, 1150, 1229, 1230), (1146, 1227, 1152, 1231), (1146, 1147, 1152, 1227), (1146, 1227, 1231, 1226), (1146, 1151, 1231, 1152), (1227, 1152, 1231, 1232), (1148, 1227, 1233, 1152), (1147, 1148, 1152, 1227), (1148, 1228, 1233, 1227), (1148, 1152, 1233, 1153), (1227, 1152, 1232, 1233), (1148, 1229, 1154, 1233), (1148, 1149, 1154, 1229), (1148, 1229, 1233, 1228), (1148, 1153, 1233, 1154), (1229, 1154, 1233, 1234), (1150, 1229, 1235, 1154), (1149, 1150, 1154, 1229), (1150, 1230, 1235, 1229), (1150, 1154, 1235, 1155), (1229, 1154, 1234, 1235), (1152, 1231, 1237, 1156), (1151, 1152, 1156, 1231), (1152, 1232, 1237, 1231), (1152, 1156, 1237, 1157), (1231, 1156, 1236, 1237), (1152, 1233, 1158, 1237), (1152, 1153, 1158, 1233), (1152, 1233, 1237, 1232), (1152, 1157, 1237, 1158), (1233, 1158, 1237, 1238), (1154, 1233, 1239, 1158), (1153, 1154, 1158, 1233), (1154, 1234, 1239, 1233), (1154, 1158, 1239, 1159), (1233, 1158, 1238, 1239), (1154, 1235, 1160, 1239), (1154, 1155, 1160, 1235), (1154, 1235, 1239, 1234), (1154, 1159, 1239, 1160), (1235, 1160, 1239, 1240), (1156, 1237, 1162, 1241), (1156, 1157, 1162, 1237), (1156, 1237, 1241, 1236), (1156, 1161, 1241, 1162), (1237, 1162, 1241, 1242), (1158, 1237, 1243, 1162), (1157, 1158, 1162, 1237), (1158, 1238, 1243, 1237), (1158, 1162, 1243, 1163), (1237, 1162, 1242, 1243), (1158, 1239, 1164, 1243), (1158, 1159, 1164, 1239), (1158, 1239, 1243, 1238), (1158, 1163, 1243, 1164), (1239, 1164, 1243, 1244), (1160, 1239, 1245, 1164), (1159, 1160, 1164, 1239), (1160, 1240, 1245, 1239), (1160, 1164, 1245, 1165), (1239, 1164, 1244, 1245), (1162, 1241, 1247, 1166), (1161, 1162, 1166, 1241), (1162, 1242, 1247, 1241), (1162, 1166, 1247, 1167), (1241, 1166, 1246, 1247), (1162, 1243, 1168, 1247), (1162, 1163, 1168, 1243), (1162, 1243, 1247, 1242), (1162, 1167, 1247, 1168), (1243, 1168, 1247, 1248), (1164, 1243, 1249, 1168), (1163, 1164, 1168, 1243), (1164, 1244, 1249, 1243), (1164, 1168, 1249, 1169), (1243, 1168, 1248, 1249), (1164, 1245, 1170, 1249), (1164, 1165, 1170, 1245), (1164, 1245, 1249, 1244), (1164, 1169, 1249, 1170), (1245, 1170, 1249, 1250), (1166, 1247, 1172, 1251), (1166, 1167, 1172, 1247), (1166, 1247, 1251, 1246), (1166, 1171, 1251, 1172), (1247, 1172, 1251, 1252), (1168, 1247, 1253, 1172), (1167, 1168, 1172, 1247), (1168, 1248, 1253, 1247), (1168, 1172, 1253, 1173), (1247, 1172, 1252, 1253), (1168, 1249, 1174, 1253), (1168, 1169, 1174, 1249), (1168, 1249, 1253, 1248), (1168, 1173, 1253, 1174), (1249, 1174, 1253, 1254), (1170, 1249, 1255, 1174), (1169, 1170, 1174, 1249), (1170, 1250, 1255, 1249), (1170, 1174, 1255, 1175), (1249, 1174, 1254, 1255), (1172, 1251, 1257, 1176), (1171, 1172, 1176, 1251), (1172, 1252, 1257, 1251), (1172, 1176, 1257, 1177), (1251, 1176, 1256, 1257), (1172, 1253, 1178, 1257), (1172, 1173, 1178, 1253), (1172, 1253, 1257, 1252), (1172, 1177, 1257, 1178), (1253, 1178, 1257, 1258), (1174, 1253, 1259, 1178), (1173, 1174, 1178, 1253), (1174, 1254, 1259, 1253), (1174, 1178, 1259, 1179), (1253, 1178, 1258, 1259), (1174, 1255, 1180, 1259), (1174, 1175, 1180, 1255), (1174, 1255, 1259, 1254), (1174, 1179, 1259, 1180), (1255, 1180, 1259, 1260), (1176, 1257, 1182, 1261), (1176, 1177, 1182, 1257), (1176, 1257, 1261, 1256), (1176, 1181, 1261, 1182), (1257, 1182, 1261, 1262), (1178, 1257, 1263, 1182), (1177, 1178, 1182, 1257), (1178, 1258, 1263, 1257), (1178, 1182, 1263, 1183), (1257, 1182, 1262, 1263), (1178, 1259, 1184, 1263), (1178, 1179, 1184, 1259), (1178, 1259, 1263, 1258), (1178, 1183, 1263, 1184), (1259, 1184, 1263, 1264), (1180, 1259, 1265, 1184), (1179, 1180, 1184, 1259), (1180, 1260, 1265, 1259), (1180, 1184, 1265, 1185), (1259, 1184, 1264, 1265), (1182, 1261, 1267, 1186), (1181, 1182, 1186, 1261), (1182, 1262, 1267, 1261), (1182, 1186, 1267, 1187), (1261, 1186, 1266, 1267), (1182, 1263, 1188, 1267), (1182, 1183, 1188, 1263), (1182, 1263, 1267, 1262), (1182, 1187, 1267, 1188), (1263, 1188, 1267, 1268), (1184, 1263, 1269, 1188), (1183, 1184, 1188, 1263), (1184, 1264, 1269, 1263), (1184, 1188, 1269, 1189), (1263, 1188, 1268, 1269), (1184, 1265, 1190, 1269), (1184, 1185, 1190, 1265), (1184, 1265, 1269, 1264), (1184, 1189, 1269, 1190), (1265, 1190, 1269, 1270), (1186, 1267, 1192, 1271), (1186, 1187, 1192, 1267), (1186, 1267, 1271, 1266), (1186, 1191, 1271, 1192), (1267, 1192, 1271, 1272), (1188, 1267, 1273, 1192), (1187, 1188, 1192, 1267), (1188, 1268, 1273, 1267), (1188, 1192, 1273, 1193), (1267, 1192, 1272, 1273), (1188, 1269, 1194, 1273), (1188, 1189, 1194, 1269), (1188, 1269, 1273, 1268), (1188, 1193, 1273, 1194), (1269, 1194, 1273, 1274), (1190, 1269, 1275, 1194), (1189, 1190, 1194, 1269), (1190, 1270, 1275, 1269), (1190, 1194, 1275, 1195), (1269, 1194, 1274, 1275), (1192, 1271, 1277, 1196), (1191, 1192, 1196, 1271), (1192, 1272, 1277, 1271), (1192, 1196, 1277, 1197), (1271, 1196, 1276, 1277), (1192, 1273, 1198, 1277), (1192, 1193, 1198, 1273), (1192, 1273, 1277, 1272), (1192, 1197, 1277, 1198), (1273, 1198, 1277, 1278), (1194, 1273, 1279, 1198), (1193, 1194, 1198, 1273), (1194, 1274, 1279, 1273), (1194, 1198, 1279, 1199), (1273, 1198, 1278, 1279), (1194, 1275, 1200, 1279), (1194, 1195, 1200, 1275), (1194, 1275, 1279, 1274), (1194, 1199, 1279, 1200), (1275, 1200, 1279, 1280), (1196, 1277, 1202, 1281), (1196, 1197, 1202, 1277), (1196, 1277, 1281, 1276), (1196, 1201, 1281, 1202), (1277, 1202, 1281, 1282), (1198, 1277, 1283, 1202), (1197, 1198, 1202, 1277), (1198, 1278, 1283, 1277), (1198, 1202, 1283, 1203), (1277, 1202, 1282, 1283), (1198, 1279, 1204, 1283), (1198, 1199, 1204, 1279), (1198, 1279, 1283, 1278), (1198, 1203, 1283, 1204), (1279, 1204, 1283, 1284), (1200, 1279, 1285, 1204), (1199, 1200, 1204, 1279), (1200, 1280, 1285, 1279), (1200, 1204, 1285, 1205), (1279, 1204, 1284, 1285), (1202, 1281, 1287, 1206), (1201, 1202, 1206, 1281), (1202, 1282, 1287, 1281), (1202, 1206, 1287, 1207), (1281, 1206, 1286, 1287), (1202, 1283, 1208, 1287), (1202, 1203, 1208, 1283), (1202, 1283, 1287, 1282), (1202, 1207, 1287, 1208), (1283, 1208, 1287, 1288), (1204, 1283, 1289, 1208), (1203, 1204, 1208, 1283), (1204, 1284, 1289, 1283), (1204, 1208, 1289, 1209), (1283, 1208, 1288, 1289), (1204, 1285, 1210, 1289), (1204, 1205, 1210, 1285), (1204, 1285, 1289, 1284), (1204, 1209, 1289, 1210), (1285, 1210, 1289, 1290), (1206, 1287, 1212, 1291), (1206, 1207, 1212, 1287), (1206, 1287, 1291, 1286), (1206, 1211, 1291, 1212), (1287, 1212, 1291, 1292), (1208, 1287, 1293, 1212), (1207, 1208, 1212, 1287), (1208, 1288, 1293, 1287), (1208, 1212, 1293, 1213), (1287, 1212, 1292, 1293), (1208, 1289, 1214, 1293), (1208, 1209, 1214, 1289), (1208, 1289, 1293, 1288), (1208, 1213, 1293, 1214), (1289, 1214, 1293, 1294), (1210, 1289, 1295, 1214), (1209, 1210, 1214, 1289), (1210, 1290, 1295, 1289), (1210, 1214, 1295, 1215), (1289, 1214, 1294, 1295), (1212, 1291, 1297, 1216), (1211, 1212, 1216, 1291), (1212, 1292, 1297, 1291), (1212, 1216, 1297, 1217), (1291, 1216, 1296, 1297), (1212, 1293, 1218, 1297), (1212, 1213, 1218, 1293), (1212, 1293, 1297, 1292), (1212, 1217, 1297, 1218), (1293, 1218, 1297, 1298), (1214, 1293, 1299, 1218), (1213, 1214, 1218, 1293), (1214, 1294, 1299, 1293), (1214, 1218, 1299, 1219), (1293, 1218, 1298, 1299), (1214, 1295, 1220, 1299), (1214, 1215, 1220, 1295), (1214, 1295, 1299, 1294), (1214, 1219, 1299, 1220), (1295, 1220, 1299, 1300), (1216, 1297, 1222, 1301), (1216, 1217, 1222, 1297), (1216, 1297, 1301, 1296), (1216, 1221, 1301, 1222), (1297, 1222, 1301, 1302), (1218, 1297, 1303, 1222), (1217, 1218, 1222, 1297), (1218, 1298, 1303, 1297), (1218, 1222, 1303, 1223), (1297, 1222, 1302, 1303), (1218, 1299, 1224, 1303), (1218, 1219, 1224, 1299), (1218, 1299, 1303, 1298), (1218, 1223, 1303, 1224), (1299, 1224, 1303, 1304), (1220, 1299, 1305, 1224), (1219, 1220, 1224, 1299), (1220, 1300, 1305, 1299), (1220, 1224, 1305, 1225), (1299, 1224, 1304, 1305), (155, 166, 1227, 1306), (155, 154, 1227, 166), (155, 166, 1306, 167), (155, 1226, 1306, 1227), (166, 1227, 1306, 1307), (153, 166, 1308, 1227), (154, 153, 1227, 166), (153, 165, 1308, 166), (153, 1227, 1308, 1228), (166, 1227, 1307, 1308), (153, 164, 1229, 1308), (153, 152, 1229, 164), (153, 164, 1308, 165), (153, 1228, 1308, 1229), (164, 1229, 1308, 1309), (79, 164, 1310, 1229), (152, 79, 1229, 164), (79, 95, 1310, 164), (79, 1229, 1310, 1230), (164, 1229, 1309, 1310), (1227, 1306, 1312, 1231), (1226, 1227, 1231, 1306), (1227, 1307, 1312, 1306), (1227, 1231, 1312, 1232), (1306, 1231, 1311, 1312), (1227, 1308, 1233, 1312), (1227, 1228, 1233, 1308), (1227, 1308, 1312, 1307), (1227, 1232, 1312, 1233), (1308, 1233, 1312, 1313), (1229, 1308, 1314, 1233), (1228, 1229, 1233, 1308), (1229, 1309, 1314, 1308), (1229, 1233, 1314, 1234), (1308, 1233, 1313, 1314), (1229, 1310, 1235, 1314), (1229, 1230, 1235, 1310), (1229, 1310, 1314, 1309), (1229, 1234, 1314, 1235), (1310, 1235, 1314, 1315), (1231, 1312, 1237, 1316), (1231, 1232, 1237, 1312), (1231, 1312, 1316, 1311), (1231, 1236, 1316, 1237), (1312, 1237, 1316, 1317), (1233, 1312, 1318, 1237), (1232, 1233, 1237, 1312), (1233, 1313, 1318, 1312), (1233, 1237, 1318, 1238), (1312, 1237, 1317, 1318), (1233, 1314, 1239, 1318), (1233, 1234, 1239, 1314), (1233, 1314, 1318, 1313), (1233, 1238, 1318, 1239), (1314, 1239, 1318, 1319), (1235, 1314, 1320, 1239), (1234, 1235, 1239, 1314), (1235, 1315, 1320, 1314), (1235, 1239, 1320, 1240), (1314, 1239, 1319, 1320), (1237, 1316, 1322, 1241), (1236, 1237, 1241, 1316), (1237, 1317, 1322, 1316), (1237, 1241, 1322, 1242), (1316, 1241, 1321, 1322), (1237, 1318, 1243, 1322), (1237, 1238, 1243, 1318), (1237, 1318, 1322, 1317), (1237, 1242, 1322, 1243), (1318, 1243, 1322, 1323), (1239, 1318, 1324, 1243), (1238, 1239, 1243, 1318), (1239, 1319, 1324, 1318), (1239, 1243, 1324, 1244), (1318, 1243, 1323, 1324), (1239, 1320, 1245, 1324), (1239, 1240, 1245, 1320), (1239, 1320, 1324, 1319), (1239, 1244, 1324, 1245), (1320, 1245, 1324, 1325), (1241, 1322, 1247, 1326), (1241, 1242, 1247, 1322), (1241, 1322, 1326, 1321), (1241, 1246, 1326, 1247), (1322, 1247, 1326, 1327), (1243, 1322, 1328, 1247), (1242, 1243, 1247, 1322), (1243, 1323, 1328, 1322), (1243, 1247, 1328, 1248), (1322, 1247, 1327, 1328), (1243, 1324, 1249, 1328), (1243, 1244, 1249, 1324), (1243, 1324, 1328, 1323), (1243, 1248, 1328, 1249), (1324, 1249, 1328, 1329), (1245, 1324, 1330, 1249), (1244, 1245, 1249, 1324), (1245, 1325, 1330, 1324), (1245, 1249, 1330, 1250), (1324, 1249, 1329, 1330), (1247, 1326, 1332, 1251), (1246, 1247, 1251, 1326), (1247, 1327, 1332, 1326), (1247, 1251, 1332, 1252), (1326, 1251, 1331, 1332), (1247, 1328, 1253, 1332), (1247, 1248, 1253, 1328), (1247, 1328, 1332, 1327), (1247, 1252, 1332, 1253), (1328, 1253, 1332, 1333), (1249, 1328, 1334, 1253), (1248, 1249, 1253, 1328), (1249, 1329, 1334, 1328), (1249, 1253, 1334, 1254), (1328, 1253, 1333, 1334), (1249, 1330, 1255, 1334), (1249, 1250, 1255, 1330), (1249, 1330, 1334, 1329), (1249, 1254, 1334, 1255), (1330, 1255, 1334, 1335), (1251, 1332, 1257, 1336), (1251, 1252, 1257, 1332), (1251, 1332, 1336, 1331), (1251, 1256, 1336, 1257), (1332, 1257, 1336, 1337), (1253, 1332, 1338, 1257), (1252, 1253, 1257, 1332), (1253, 1333, 1338, 1332), (1253, 1257, 1338, 1258), (1332, 1257, 1337, 1338), (1253, 1334, 1259, 1338), (1253, 1254, 1259, 1334), (1253, 1334, 1338, 1333), (1253, 1258, 1338, 1259), (1334, 1259, 1338, 1339), (1255, 1334, 1340, 1259), (1254, 1255, 1259, 1334), (1255, 1335, 1340, 1334), (1255, 1259, 1340, 1260), (1334, 1259, 1339, 1340), (1257, 1336, 1342, 1261), (1256, 1257, 1261, 1336), (1257, 1337, 1342, 1336), (1257, 1261, 1342, 1262), (1336, 1261, 1341, 1342), (1257, 1338, 1263, 1342), (1257, 1258, 1263, 1338), (1257, 1338, 1342, 1337), (1257, 1262, 1342, 1263), (1338, 1263, 1342, 1343), (1259, 1338, 1344, 1263), (1258, 1259, 1263, 1338), (1259, 1339, 1344, 1338), (1259, 1263, 1344, 1264), (1338, 1263, 1343, 1344), (1259, 1340, 1265, 1344), (1259, 1260, 1265, 1340), (1259, 1340, 1344, 1339), (1259, 1264, 1344, 1265), (1340, 1265, 1344, 1345), (1261, 1342, 1267, 1346), (1261, 1262, 1267, 1342), (1261, 1342, 1346, 1341), (1261, 1266, 1346, 1267), (1342, 1267, 1346, 1347), (1263, 1342, 1348, 1267), (1262, 1263, 1267, 1342), (1263, 1343, 1348, 1342), (1263, 1267, 1348, 1268), (1342, 1267, 1347, 1348), (1263, 1344, 1269, 1348), (1263, 1264, 1269, 1344), (1263, 1344, 1348, 1343), (1263, 1268, 1348, 1269), (1344, 1269, 1348, 1349), (1265, 1344, 1350, 1269), (1264, 1265, 1269, 1344), (1265, 1345, 1350, 1344), (1265, 1269, 1350, 1270), (1344, 1269, 1349, 1350), (1267, 1346, 1352, 1271), (1266, 1267, 1271, 1346), (1267, 1347, 1352, 1346), (1267, 1271, 1352, 1272), (1346, 1271, 1351, 1352), (1267, 1348, 1273, 1352), (1267, 1268, 1273, 1348), (1267, 1348, 1352, 1347), (1267, 1272, 1352, 1273), (1348, 1273, 1352, 1353), (1269, 1348, 1354, 1273), (1268, 1269, 1273, 1348), (1269, 1349, 1354, 1348), (1269, 1273, 1354, 1274), (1348, 1273, 1353, 1354), (1269, 1350, 1275, 1354), (1269, 1270, 1275, 1350), (1269, 1350, 1354, 1349), (1269, 1274, 1354, 1275), (1350, 1275, 1354, 1355), (1271, 1352, 1277, 1356), (1271, 1272, 1277, 1352), (1271, 1352, 1356, 1351), (1271, 1276, 1356, 1277), (1352, 1277, 1356, 1357), (1273, 1352, 1358, 1277), (1272, 1273, 1277, 1352), (1273, 1353, 1358, 1352), (1273, 1277, 1358, 1278), (1352, 1277, 1357, 1358), (1273, 1354, 1279, 1358), (1273, 1274, 1279, 1354), (1273, 1354, 1358, 1353), (1273, 1278, 1358, 1279), (1354, 1279, 1358, 1359), (1275, 1354, 1360, 1279), (1274, 1275, 1279, 1354), (1275, 1355, 1360, 1354), (1275, 1279, 1360, 1280), (1354, 1279, 1359, 1360), (1277, 1356, 1362, 1281), (1276, 1277, 1281, 1356), (1277, 1357, 1362, 1356), (1277, 1281, 1362, 1282), (1356, 1281, 1361, 1362), (1277, 1358, 1283, 1362), (1277, 1278, 1283, 1358), (1277, 1358, 1362, 1357), (1277, 1282, 1362, 1283), (1358, 1283, 1362, 1363), (1279, 1358, 1364, 1283), (1278, 1279, 1283, 1358), (1279, 1359, 1364, 1358), (1279, 1283, 1364, 1284), (1358, 1283, 1363, 1364), (1279, 1360, 1285, 1364), (1279, 1280, 1285, 1360), (1279, 1360, 1364, 1359), (1279, 1284, 1364, 1285), (1360, 1285, 1364, 1365), (1281, 1362, 1287, 1366), (1281, 1282, 1287, 1362), (1281, 1362, 1366, 1361), (1281, 1286, 1366, 1287), (1362, 1287, 1366, 1367), (1283, 1362, 1368, 1287), (1282, 1283, 1287, 1362), (1283, 1363, 1368, 1362), (1283, 1287, 1368, 1288), (1362, 1287, 1367, 1368), (1283, 1364, 1289, 1368), (1283, 1284, 1289, 1364), (1283, 1364, 1368, 1363), (1283, 1288, 1368, 1289), (1364, 1289, 1368, 1369), (1285, 1364, 1370, 1289), (1284, 1285, 1289, 1364), (1285, 1365, 1370, 1364), (1285, 1289, 1370, 1290), (1364, 1289, 1369, 1370), (1287, 1366, 1372, 1291), (1286, 1287, 1291, 1366), (1287, 1367, 1372, 1366), (1287, 1291, 1372, 1292), (1366, 1291, 1371, 1372), (1287, 1368, 1293, 1372), (1287, 1288, 1293, 1368), (1287, 1368, 1372, 1367), (1287, 1292, 1372, 1293), (1368, 1293, 1372, 1373), (1289, 1368, 1374, 1293), (1288, 1289, 1293, 1368), (1289, 1369, 1374, 1368), (1289, 1293, 1374, 1294), (1368, 1293, 1373, 1374), (1289, 1370, 1295, 1374), (1289, 1290, 1295, 1370), (1289, 1370, 1374, 1369), (1289, 1294, 1374, 1295), (1370, 1295, 1374, 1375), (1291, 1372, 1297, 1376), (1291, 1292, 1297, 1372), (1291, 1372, 1376, 1371), (1291, 1296, 1376, 1297), (1372, 1297, 1376, 1377), (1293, 1372, 1378, 1297), (1292, 1293, 1297, 1372), (1293, 1373, 1378, 1372), (1293, 1297, 1378, 1298), (1372, 1297, 1377, 1378), (1293, 1374, 1299, 1378), (1293, 1294, 1299, 1374), (1293, 1374, 1378, 1373), (1293, 1298, 1378, 1299), (1374, 1299, 1378, 1379), (1295, 1374, 1380, 1299), (1294, 1295, 1299, 1374), (1295, 1375, 1380, 1374), (1295, 1299, 1380, 1300), (1374, 1299, 1379, 1380), (1297, 1376, 1382, 1301), (1296, 1297, 1301, 1376), (1297, 1377, 1382, 1376), (1297, 1301, 1382, 1302), (1376, 1301, 1381, 1382), (1297, 1378, 1303, 1382), (1297, 1298, 1303, 1378), (1297, 1378, 1382, 1377), (1297, 1302, 1382, 1303), (1378, 1303, 1382, 1383), (1299, 1378, 1384, 1303), (1298, 1299, 1303, 1378), (1299, 1379, 1384, 1378), (1299, 1303, 1384, 1304), (1378, 1303, 1383, 1384), (1299, 1380, 1305, 1384), (1299, 1300, 1305, 1380), (1299, 1380, 1384, 1379), (1299, 1304, 1384, 1305), (1380, 1305, 1384, 1385), (983, 1064, 1386, 1063), (983, 984, 1386, 1064), (1064, 1386, 1063, 1387), (1386, 1063, 1389, 983), (1386, 1387, 1389, 1063), (1386, 983, 1389, 1388), (983, 1389, 1390, 1063), (983, 1388, 1390, 1389), (1389, 1390, 1063, 1391), (1390, 1063, 1393, 983), (1390, 1391, 1393, 1063), (1390, 983, 1393, 1392), (983, 1393, 1394, 1063), (983, 1392, 1394, 1393), (1393, 1394, 1063, 1395), (1394, 1063, 1062, 983), (1394, 1395, 1062, 1063), (1394, 983, 1062, 982), (985, 1064, 1397, 1386), (984, 985, 1386, 1064), (985, 1065, 1397, 1064), (985, 1386, 1397, 1396), (1064, 1386, 1387, 1397), (1386, 1397, 1398, 1389), (1386, 1396, 1398, 1397), (1386, 1397, 1389, 1387), (1386, 1388, 1389, 1398), (1397, 1398, 1389, 1399), (1398, 1389, 1401, 1390), (1388, 1398, 1390, 1389), (1398, 1399, 1401, 1389), (1398, 1390, 1401, 1400), (1389, 1390, 1391, 1401), (1390, 1401, 1402, 1393), (1390, 1400, 1402, 1401), (1390, 1401, 1393, 1391), (1390, 1392, 1393, 1402), (1401, 1402, 1393, 1403), (1402, 1393, 1405, 1394), (1392, 1402, 1394, 1393), (1402, 1403, 1405, 1393), (1402, 1394, 1405, 1404), (1393, 1394, 1395, 1405), (1394, 1405, 981, 1062), (1394, 1404, 981, 1405), (1394, 1405, 1062, 1395), (1394, 982, 1062, 981), (1405, 981, 1062, 1061), (1064, 1143, 1406, 1063), (1064, 1144, 1406, 1143), (1064, 1063, 1406, 1387), (1063, 1406, 1389, 1143), (1063, 1387, 1389, 1406), (1406, 1389, 1143, 1407), (1389, 1143, 1408, 1063), (1389, 1407, 1408, 1143), (1389, 1063, 1408, 1391), (1063, 1408, 1393, 1143), (1063, 1391, 1393, 1408), (1408, 1393, 1143, 1409), (1393, 1143, 1410, 1063), (1393, 1409, 1410, 1143), (1393, 1063, 1410, 1395), (1063, 1410, 1062, 1143), (1063, 1395, 1062, 1410), (1410, 1062, 1143, 1142), (1064, 1145, 1397, 1406), (1064, 1065, 1397, 1145), (1064, 1145, 1406, 1144), (1064, 1387, 1406, 1397), (1145, 1397, 1406, 1411), (1397, 1406, 1412, 1389), (1387, 1397, 1389, 1406), (1397, 1411, 1412, 1406), (1397, 1389, 1412, 1399), (1406, 1389, 1407, 1412), (1389, 1412, 1401, 1408), (1389, 1399, 1401, 1412), (1389, 1412, 1408, 1407), (1389, 1391, 1408, 1401), (1412, 1401, 1408, 1413), (1401, 1408, 1414, 1393), (1391, 1401, 1393, 1408), (1401, 1413, 1414, 1408), (1401, 1393, 1414, 1403), (1408, 1393, 1409, 1414), (1393, 1414, 1405, 1410), (1393, 1403, 1405, 1414), (1393, 1414, 1410, 1409), (1393, 1395, 1410, 1405), (1414, 1405, 1410, 1415), (1405, 1410, 1141, 1062), (1395, 1405, 1062, 1410), (1405, 1415, 1141, 1410), (1405, 1062, 1141, 1061), (1410, 1062, 1142, 1141), (1143, 1224, 1406, 1223), (1143, 1144, 1406, 1224), (1224, 1406, 1223, 1416), (1406, 1223, 1417, 1143), (1406, 1416, 1417, 1223), (1406, 1143, 1417, 1407), (1143, 1417, 1408, 1223), (1143, 1407, 1408, 1417), (1417, 1408, 1223, 1418), (1408, 1223, 1419, 1143), (1408, 1418, 1419, 1223), (1408, 1143, 1419, 1409), (1143, 1419, 1410, 1223), (1143, 1409, 1410, 1419), (1419, 1410, 1223, 1420), (1410, 1223, 1222, 1143), (1410, 1420, 1222, 1223), (1410, 1143, 1222, 1142), (1145, 1224, 1421, 1406), (1144, 1145, 1406, 1224), (1145, 1225, 1421, 1224), (1145, 1406, 1421, 1411), (1224, 1406, 1416, 1421), (1406, 1421, 1412, 1417), (1406, 1411, 1412, 1421), (1406, 1421, 1417, 1416), (1406, 1407, 1417, 1412), (1421, 1412, 1417, 1422), (1412, 1417, 1423, 1408), (1407, 1412, 1408, 1417), (1412, 1422, 1423, 1417), (1412, 1408, 1423, 1413), (1417, 1408, 1418, 1423), (1408, 1423, 1414, 1419), (1408, 1413, 1414, 1423), (1408, 1423, 1419, 1418), (1408, 1409, 1419, 1414), (1423, 1414, 1419, 1424), (1414, 1419, 1425, 1410), (1409, 1414, 1410, 1419), (1414, 1424, 1425, 1419), (1414, 1410, 1425, 1415), (1419, 1410, 1420, 1425), (1410, 1425, 1141, 1222), (1410, 1415, 1141, 1425), (1410, 1425, 1222, 1420), (1410, 1142, 1222, 1141), (1425, 1141, 1222, 1221), (1224, 1303, 1426, 1223), (1224, 1304, 1426, 1303), (1224, 1223, 1426, 1416), (1223, 1426, 1417, 1303), (1223, 1416, 1417, 1426), (1426, 1417, 1303, 1427), (1417, 1303, 1428, 1223), (1417, 1427, 1428, 1303), (1417, 1223, 1428, 1418), (1223, 1428, 1419, 1303), (1223, 1418, 1419, 1428), (1428, 1419, 1303, 1429), (1419, 1303, 1430, 1223), (1419, 1429, 1430, 1303), (1419, 1223, 1430, 1420), (1223, 1430, 1222, 1303), (1223, 1420, 1222, 1430), (1430, 1222, 1303, 1302), (1224, 1305, 1421, 1426), (1224, 1225, 1421, 1305), (1224, 1305, 1426, 1304), (1224, 1416, 1426, 1421), (1305, 1421, 1426, 1431), (1421, 1426, 1432, 1417), (1416, 1421, 1417, 1426), (1421, 1431, 1432, 1426), (1421, 1417, 1432, 1422), (1426, 1417, 1427, 1432), (1417, 1432, 1423, 1428), (1417, 1422, 1423, 1432), (1417, 1432, 1428, 1427), (1417, 1418, 1428, 1423), (1432, 1423, 1428, 1433), (1423, 1428, 1434, 1419), (1418, 1423, 1419, 1428), (1423, 1433, 1434, 1428), (1423, 1419, 1434, 1424), (1428, 1419, 1429, 1434), (1419, 1434, 1425, 1430), (1419, 1424, 1425, 1434), (1419, 1434, 1430, 1429), (1419, 1420, 1430, 1425), (1434, 1425, 1430, 1435), (1425, 1430, 1301, 1222), (1420, 1425, 1222, 1430), (1425, 1435, 1301, 1430), (1425, 1222, 1301, 1221), (1430, 1222, 1302, 1301), (1303, 1384, 1426, 1383), (1303, 1304, 1426, 1384), (1384, 1426, 1383, 1436), (1426, 1383, 1437, 1303), (1426, 1436, 1437, 1383), (1426, 1303, 1437, 1427), (1303, 1437, 1428, 1383), (1303, 1427, 1428, 1437), (1437, 1428, 1383, 1438), (1428, 1383, 1439, 1303), (1428, 1438, 1439, 1383), (1428, 1303, 1439, 1429), (1303, 1439, 1430, 1383), (1303, 1429, 1430, 1439), (1439, 1430, 1383, 1440), (1430, 1383, 1382, 1303), (1430, 1440, 1382, 1383), (1430, 1303, 1382, 1302), (1305, 1384, 1441, 1426), (1304, 1305, 1426, 1384), (1305, 1385, 1441, 1384), (1305, 1426, 1441, 1431), (1384, 1426, 1436, 1441), (1426, 1441, 1432, 1437), (1426, 1431, 1432, 1441), (1426, 1441, 1437, 1436), (1426, 1427, 1437, 1432), (1441, 1432, 1437, 1442), (1432, 1437, 1443, 1428), (1427, 1432, 1428, 1437), (1432, 1442, 1443, 1437), (1432, 1428, 1443, 1433), (1437, 1428, 1438, 1443), (1428, 1443, 1434, 1439), (1428, 1433, 1434, 1443), (1428, 1443, 1439, 1438), (1428, 1429, 1439, 1434), (1443, 1434, 1439, 1444), (1434, 1439, 1445, 1430), (1429, 1434, 1430, 1439), (1434, 1444, 1445, 1439), (1434, 1430, 1445, 1435), (1439, 1430, 1440, 1445), (1430, 1445, 1301, 1382), (1430, 1435, 1301, 1445), (1430, 1445, 1382, 1440), (1430, 1302, 1382, 1301), (1445, 1301, 1382, 1381), (190, 189, 1447, 1526), (190, 188, 1447, 189), (190, 189, 1526, 191), (190, 1446, 1526, 1447), (189, 1447, 1526, 1527), (186, 189, 1528, 1447), (188, 186, 1447, 189), (186, 187, 1528, 189), (186, 1447, 1528, 1448), (189, 1447, 1527, 1528), (186, 185, 1449, 1528), (186, 184, 1449, 185), (186, 185, 1528, 187), (186, 1448, 1528, 1449), (185, 1449, 1528, 1529), (118, 185, 1530, 1449), (184, 118, 1449, 185), (118, 119, 1530, 185), (118, 1449, 1530, 1450), (185, 1449, 1529, 1530), (1447, 1526, 1532, 1451), (1446, 1447, 1451, 1526), (1447, 1527, 1532, 1526), (1447, 1451, 1532, 1452), (1526, 1451, 1531, 1532), (1447, 1528, 1453, 1532), (1447, 1448, 1453, 1528), (1447, 1528, 1532, 1527), (1447, 1452, 1532, 1453), (1528, 1453, 1532, 1533), (1449, 1528, 1534, 1453), (1448, 1449, 1453, 1528), (1449, 1529, 1534, 1528), (1449, 1453, 1534, 1454), (1528, 1453, 1533, 1534), (1449, 1530, 1455, 1534), (1449, 1450, 1455, 1530), (1449, 1530, 1534, 1529), (1449, 1454, 1534, 1455), (1530, 1455, 1534, 1535), (1451, 1532, 1457, 1536), (1451, 1452, 1457, 1532), (1451, 1532, 1536, 1531), (1451, 1456, 1536, 1457), (1532, 1457, 1536, 1537), (1453, 1532, 1538, 1457), (1452, 1453, 1457, 1532), (1453, 1533, 1538, 1532), (1453, 1457, 1538, 1458), (1532, 1457, 1537, 1538), (1453, 1534, 1459, 1538), (1453, 1454, 1459, 1534), (1453, 1534, 1538, 1533), (1453, 1458, 1538, 1459), (1534, 1459, 1538, 1539), (1455, 1534, 1540, 1459), (1454, 1455, 1459, 1534), (1455, 1535, 1540, 1534), (1455, 1459, 1540, 1460), (1534, 1459, 1539, 1540), (1457, 1536, 1542, 1461), (1456, 1457, 1461, 1536), (1457, 1537, 1542, 1536), (1457, 1461, 1542, 1462), (1536, 1461, 1541, 1542), (1457, 1538, 1463, 1542), (1457, 1458, 1463, 1538), (1457, 1538, 1542, 1537), (1457, 1462, 1542, 1463), (1538, 1463, 1542, 1543), (1459, 1538, 1544, 1463), (1458, 1459, 1463, 1538), (1459, 1539, 1544, 1538), (1459, 1463, 1544, 1464), (1538, 1463, 1543, 1544), (1459, 1540, 1465, 1544), (1459, 1460, 1465, 1540), (1459, 1540, 1544, 1539), (1459, 1464, 1544, 1465), (1540, 1465, 1544, 1545), (1461, 1542, 1467, 1546), (1461, 1462, 1467, 1542), (1461, 1542, 1546, 1541), (1461, 1466, 1546, 1467), (1542, 1467, 1546, 1547), (1463, 1542, 1548, 1467), (1462, 1463, 1467, 1542), (1463, 1543, 1548, 1542), (1463, 1467, 1548, 1468), (1542, 1467, 1547, 1548), (1463, 1544, 1469, 1548), (1463, 1464, 1469, 1544), (1463, 1544, 1548, 1543), (1463, 1468, 1548, 1469), (1544, 1469, 1548, 1549), (1465, 1544, 1550, 1469), (1464, 1465, 1469, 1544), (1465, 1545, 1550, 1544), (1465, 1469, 1550, 1470), (1544, 1469, 1549, 1550), (1467, 1546, 1552, 1471), (1466, 1467, 1471, 1546), (1467, 1547, 1552, 1546), (1467, 1471, 1552, 1472), (1546, 1471, 1551, 1552), (1467, 1548, 1473, 1552), (1467, 1468, 1473, 1548), (1467, 1548, 1552, 1547), (1467, 1472, 1552, 1473), (1548, 1473, 1552, 1553), (1469, 1548, 1554, 1473), (1468, 1469, 1473, 1548), (1469, 1549, 1554, 1548), (1469, 1473, 1554, 1474), (1548, 1473, 1553, 1554), (1469, 1550, 1475, 1554), (1469, 1470, 1475, 1550), (1469, 1550, 1554, 1549), (1469, 1474, 1554, 1475), (1550, 1475, 1554, 1555), (1471, 1552, 1477, 1556), (1471, 1472, 1477, 1552), (1471, 1552, 1556, 1551), (1471, 1476, 1556, 1477), (1552, 1477, 1556, 1557), (1473, 1552, 1558, 1477), (1472, 1473, 1477, 1552), (1473, 1553, 1558, 1552), (1473, 1477, 1558, 1478), (1552, 1477, 1557, 1558), (1473, 1554, 1479, 1558), (1473, 1474, 1479, 1554), (1473, 1554, 1558, 1553), (1473, 1478, 1558, 1479), (1554, 1479, 1558, 1559), (1475, 1554, 1560, 1479), (1474, 1475, 1479, 1554), (1475, 1555, 1560, 1554), (1475, 1479, 1560, 1480), (1554, 1479, 1559, 1560), (1477, 1556, 1562, 1481), (1476, 1477, 1481, 1556), (1477, 1557, 1562, 1556), (1477, 1481, 1562, 1482), (1556, 1481, 1561, 1562), (1477, 1558, 1483, 1562), (1477, 1478, 1483, 1558), (1477, 1558, 1562, 1557), (1477, 1482, 1562, 1483), (1558, 1483, 1562, 1563), (1479, 1558, 1564, 1483), (1478, 1479, 1483, 1558), (1479, 1559, 1564, 1558), (1479, 1483, 1564, 1484), (1558, 1483, 1563, 1564), (1479, 1560, 1485, 1564), (1479, 1480, 1485, 1560), (1479, 1560, 1564, 1559), (1479, 1484, 1564, 1485), (1560, 1485, 1564, 1565), (1481, 1562, 1487, 1566), (1481, 1482, 1487, 1562), (1481, 1562, 1566, 1561), (1481, 1486, 1566, 1487), (1562, 1487, 1566, 1567), (1483, 1562, 1568, 1487), (1482, 1483, 1487, 1562), (1483, 1563, 1568, 1562), (1483, 1487, 1568, 1488), (1562, 1487, 1567, 1568), (1483, 1564, 1489, 1568), (1483, 1484, 1489, 1564), (1483, 1564, 1568, 1563), (1483, 1488, 1568, 1489), (1564, 1489, 1568, 1569), (1485, 1564, 1570, 1489), (1484, 1485, 1489, 1564), (1485, 1565, 1570, 1564), (1485, 1489, 1570, 1490), (1564, 1489, 1569, 1570), (1487, 1566, 1572, 1491), (1486, 1487, 1491, 1566), (1487, 1567, 1572, 1566), (1487, 1491, 1572, 1492), (1566, 1491, 1571, 1572), (1487, 1568, 1493, 1572), (1487, 1488, 1493, 1568), (1487, 1568, 1572, 1567), (1487, 1492, 1572, 1493), (1568, 1493, 1572, 1573), (1489, 1568, 1574, 1493), (1488, 1489, 1493, 1568), (1489, 1569, 1574, 1568), (1489, 1493, 1574, 1494), (1568, 1493, 1573, 1574), (1489, 1570, 1495, 1574), (1489, 1490, 1495, 1570), (1489, 1570, 1574, 1569), (1489, 1494, 1574, 1495), (1570, 1495, 1574, 1575), (1491, 1572, 1497, 1576), (1491, 1492, 1497, 1572), (1491, 1572, 1576, 1571), (1491, 1496, 1576, 1497), (1572, 1497, 1576, 1577), (1493, 1572, 1578, 1497), (1492, 1493, 1497, 1572), (1493, 1573, 1578, 1572), (1493, 1497, 1578, 1498), (1572, 1497, 1577, 1578), (1493, 1574, 1499, 1578), (1493, 1494, 1499, 1574), (1493, 1574, 1578, 1573), (1493, 1498, 1578, 1499), (1574, 1499, 1578, 1579), (1495, 1574, 1580, 1499), (1494, 1495, 1499, 1574), (1495, 1575, 1580, 1574), (1495, 1499, 1580, 1500), (1574, 1499, 1579, 1580), (1497, 1576, 1582, 1501), (1496, 1497, 1501, 1576), (1497, 1577, 1582, 1576), (1497, 1501, 1582, 1502), (1576, 1501, 1581, 1582), (1497, 1578, 1503, 1582), (1497, 1498, 1503, 1578), (1497, 1578, 1582, 1577), (1497, 1502, 1582, 1503), (1578, 1503, 1582, 1583), (1499, 1578, 1584, 1503), (1498, 1499, 1503, 1578), (1499, 1579, 1584, 1578), (1499, 1503, 1584, 1504), (1578, 1503, 1583, 1584), (1499, 1580, 1505, 1584), (1499, 1500, 1505, 1580), (1499, 1580, 1584, 1579), (1499, 1504, 1584, 1505), (1580, 1505, 1584, 1585), (1501, 1582, 1507, 1586), (1501, 1502, 1507, 1582), (1501, 1582, 1586, 1581), (1501, 1506, 1586, 1507), (1582, 1507, 1586, 1587), (1503, 1582, 1588, 1507), (1502, 1503, 1507, 1582), (1503, 1583, 1588, 1582), (1503, 1507, 1588, 1508), (1582, 1507, 1587, 1588), (1503, 1584, 1509, 1588), (1503, 1504, 1509, 1584), (1503, 1584, 1588, 1583), (1503, 1508, 1588, 1509), (1584, 1509, 1588, 1589), (1505, 1584, 1590, 1509), (1504, 1505, 1509, 1584), (1505, 1585, 1590, 1584), (1505, 1509, 1590, 1510), (1584, 1509, 1589, 1590), (1507, 1586, 1592, 1511), (1506, 1507, 1511, 1586), (1507, 1587, 1592, 1586), (1507, 1511, 1592, 1512), (1586, 1511, 1591, 1592), (1507, 1588, 1513, 1592), (1507, 1508, 1513, 1588), (1507, 1588, 1592, 1587), (1507, 1512, 1592, 1513), (1588, 1513, 1592, 1593), (1509, 1588, 1594, 1513), (1508, 1509, 1513, 1588), (1509, 1589, 1594, 1588), (1509, 1513, 1594, 1514), (1588, 1513, 1593, 1594), (1509, 1590, 1515, 1594), (1509, 1510, 1515, 1590), (1509, 1590, 1594, 1589), (1509, 1514, 1594, 1515), (1590, 1515, 1594, 1595), (1511, 1592, 1517, 1596), (1511, 1512, 1517, 1592), (1511, 1592, 1596, 1591), (1511, 1516, 1596, 1517), (1592, 1517, 1596, 1597), (1513, 1592, 1598, 1517), (1512, 1513, 1517, 1592), (1513, 1593, 1598, 1592), (1513, 1517, 1598, 1518), (1592, 1517, 1597, 1598), (1513, 1594, 1519, 1598), (1513, 1514, 1519, 1594), (1513, 1594, 1598, 1593), (1513, 1518, 1598, 1519), (1594, 1519, 1598, 1599), (1515, 1594, 1600, 1519), (1514, 1515, 1519, 1594), (1515, 1595, 1600, 1594), (1515, 1519, 1600, 1520), (1594, 1519, 1599, 1600), (1517, 1596, 1602, 1521), (1516, 1517, 1521, 1596), (1517, 1597, 1602, 1596), (1517, 1521, 1602, 1522), (1596, 1521, 1601, 1602), (1517, 1598, 1523, 1602), (1517, 1518, 1523, 1598), (1517, 1598, 1602, 1597), (1517, 1522, 1602, 1523), (1598, 1523, 1602, 1603), (1519, 1598, 1604, 1523), (1518, 1519, 1523, 1598), (1519, 1599, 1604, 1598), (1519, 1523, 1604, 1524), (1598, 1523, 1603, 1604), (1519, 1600, 1525, 1604), (1519, 1520, 1525, 1600), (1519, 1600, 1604, 1599), (1519, 1524, 1604, 1525), (1600, 1525, 1604, 1605), (189, 203, 1607, 1526), (191, 189, 1526, 203), (189, 202, 1607, 203), (189, 1526, 1607, 1527), (203, 1526, 1606, 1607), (189, 201, 1528, 1607), (189, 187, 1528, 201), (189, 201, 1607, 202), (189, 1527, 1607, 1528), (201, 1528, 1607, 1608), (185, 201, 1609, 1528), (187, 185, 1528, 201), (185, 200, 1609, 201), (185, 1528, 1609, 1529), (201, 1528, 1608, 1609), (185, 131, 1530, 1609), (185, 119, 1530, 131), (185, 131, 1609, 200), (185, 1529, 1609, 1530), (131, 1530, 1609, 1610), (1526, 1607, 1532, 1611), (1526, 1527, 1532, 1607), (1526, 1607, 1611, 1606), (1526, 1531, 1611, 1532), (1607, 1532, 1611, 1612), (1528, 1607, 1613, 1532), (1527, 1528, 1532, 1607), (1528, 1608, 1613, 1607), (1528, 1532, 1613, 1533), (1607, 1532, 1612, 1613), (1528, 1609, 1534, 1613), (1528, 1529, 1534, 1609), (1528, 1609, 1613, 1608), (1528, 1533, 1613, 1534), (1609, 1534, 1613, 1614), (1530, 1609, 1615, 1534), (1529, 1530, 1534, 1609), (1530, 1610, 1615, 1609), (1530, 1534, 1615, 1535), (1609, 1534, 1614, 1615), (1532, 1611, 1617, 1536), (1531, 1532, 1536, 1611), (1532, 1612, 1617, 1611), (1532, 1536, 1617, 1537), (1611, 1536, 1616, 1617), (1532, 1613, 1538, 1617), (1532, 1533, 1538, 1613), (1532, 1613, 1617, 1612), (1532, 1537, 1617, 1538), (1613, 1538, 1617, 1618), (1534, 1613, 1619, 1538), (1533, 1534, 1538, 1613), (1534, 1614, 1619, 1613), (1534, 1538, 1619, 1539), (1613, 1538, 1618, 1619), (1534, 1615, 1540, 1619), (1534, 1535, 1540, 1615), (1534, 1615, 1619, 1614), (1534, 1539, 1619, 1540), (1615, 1540, 1619, 1620), (1536, 1617, 1542, 1621), (1536, 1537, 1542, 1617), (1536, 1617, 1621, 1616), (1536, 1541, 1621, 1542), (1617, 1542, 1621, 1622), (1538, 1617, 1623, 1542), (1537, 1538, 1542, 1617), (1538, 1618, 1623, 1617), (1538, 1542, 1623, 1543), (1617, 1542, 1622, 1623), (1538, 1619, 1544, 1623), (1538, 1539, 1544, 1619), (1538, 1619, 1623, 1618), (1538, 1543, 1623, 1544), (1619, 1544, 1623, 1624), (1540, 1619, 1625, 1544), (1539, 1540, 1544, 1619), (1540, 1620, 1625, 1619), (1540, 1544, 1625, 1545), (1619, 1544, 1624, 1625), (1542, 1621, 1627, 1546), (1541, 1542, 1546, 1621), (1542, 1622, 1627, 1621), (1542, 1546, 1627, 1547), (1621, 1546, 1626, 1627), (1542, 1623, 1548, 1627), (1542, 1543, 1548, 1623), (1542, 1623, 1627, 1622), (1542, 1547, 1627, 1548), (1623, 1548, 1627, 1628), (1544, 1623, 1629, 1548), (1543, 1544, 1548, 1623), (1544, 1624, 1629, 1623), (1544, 1548, 1629, 1549), (1623, 1548, 1628, 1629), (1544, 1625, 1550, 1629), (1544, 1545, 1550, 1625), (1544, 1625, 1629, 1624), (1544, 1549, 1629, 1550), (1625, 1550, 1629, 1630), (1546, 1627, 1552, 1631), (1546, 1547, 1552, 1627), (1546, 1627, 1631, 1626), (1546, 1551, 1631, 1552), (1627, 1552, 1631, 1632), (1548, 1627, 1633, 1552), (1547, 1548, 1552, 1627), (1548, 1628, 1633, 1627), (1548, 1552, 1633, 1553), (1627, 1552, 1632, 1633), (1548, 1629, 1554, 1633), (1548, 1549, 1554, 1629), (1548, 1629, 1633, 1628), (1548, 1553, 1633, 1554), (1629, 1554, 1633, 1634), (1550, 1629, 1635, 1554), (1549, 1550, 1554, 1629), (1550, 1630, 1635, 1629), (1550, 1554, 1635, 1555), (1629, 1554, 1634, 1635), (1552, 1631, 1637, 1556), (1551, 1552, 1556, 1631), (1552, 1632, 1637, 1631), (1552, 1556, 1637, 1557), (1631, 1556, 1636, 1637), (1552, 1633, 1558, 1637), (1552, 1553, 1558, 1633), (1552, 1633, 1637, 1632), (1552, 1557, 1637, 1558), (1633, 1558, 1637, 1638), (1554, 1633, 1639, 1558), (1553, 1554, 1558, 1633), (1554, 1634, 1639, 1633), (1554, 1558, 1639, 1559), (1633, 1558, 1638, 1639), (1554, 1635, 1560, 1639), (1554, 1555, 1560, 1635), (1554, 1635, 1639, 1634), (1554, 1559, 1639, 1560), (1635, 1560, 1639, 1640), (1556, 1637, 1562, 1641), (1556, 1557, 1562, 1637), (1556, 1637, 1641, 1636), (1556, 1561, 1641, 1562), (1637, 1562, 1641, 1642), (1558, 1637, 1643, 1562), (1557, 1558, 1562, 1637), (1558, 1638, 1643, 1637), (1558, 1562, 1643, 1563), (1637, 1562, 1642, 1643), (1558, 1639, 1564, 1643), (1558, 1559, 1564, 1639), (1558, 1639, 1643, 1638), (1558, 1563, 1643, 1564), (1639, 1564, 1643, 1644), (1560, 1639, 1645, 1564), (1559, 1560, 1564, 1639), (1560, 1640, 1645, 1639), (1560, 1564, 1645, 1565), (1639, 1564, 1644, 1645), (1562, 1641, 1647, 1566), (1561, 1562, 1566, 1641), (1562, 1642, 1647, 1641), (1562, 1566, 1647, 1567), (1641, 1566, 1646, 1647), (1562, 1643, 1568, 1647), (1562, 1563, 1568, 1643), (1562, 1643, 1647, 1642), (1562, 1567, 1647, 1568), (1643, 1568, 1647, 1648), (1564, 1643, 1649, 1568), (1563, 1564, 1568, 1643), (1564, 1644, 1649, 1643), (1564, 1568, 1649, 1569), (1643, 1568, 1648, 1649), (1564, 1645, 1570, 1649), (1564, 1565, 1570, 1645), (1564, 1645, 1649, 1644), (1564, 1569, 1649, 1570), (1645, 1570, 1649, 1650), (1566, 1647, 1572, 1651), (1566, 1567, 1572, 1647), (1566, 1647, 1651, 1646), (1566, 1571, 1651, 1572), (1647, 1572, 1651, 1652), (1568, 1647, 1653, 1572), (1567, 1568, 1572, 1647), (1568, 1648, 1653, 1647), (1568, 1572, 1653, 1573), (1647, 1572, 1652, 1653), (1568, 1649, 1574, 1653), (1568, 1569, 1574, 1649), (1568, 1649, 1653, 1648), (1568, 1573, 1653, 1574), (1649, 1574, 1653, 1654), (1570, 1649, 1655, 1574), (1569, 1570, 1574, 1649), (1570, 1650, 1655, 1649), (1570, 1574, 1655, 1575), (1649, 1574, 1654, 1655), (1572, 1651, 1657, 1576), (1571, 1572, 1576, 1651), (1572, 1652, 1657, 1651), (1572, 1576, 1657, 1577), (1651, 1576, 1656, 1657), (1572, 1653, 1578, 1657), (1572, 1573, 1578, 1653), (1572, 1653, 1657, 1652), (1572, 1577, 1657, 1578), (1653, 1578, 1657, 1658), (1574, 1653, 1659, 1578), (1573, 1574, 1578, 1653), (1574, 1654, 1659, 1653), (1574, 1578, 1659, 1579), (1653, 1578, 1658, 1659), (1574, 1655, 1580, 1659), (1574, 1575, 1580, 1655), (1574, 1655, 1659, 1654), (1574, 1579, 1659, 1580), (1655, 1580, 1659, 1660), (1576, 1657, 1582, 1661), (1576, 1577, 1582, 1657), (1576, 1657, 1661, 1656), (1576, 1581, 1661, 1582), (1657, 1582, 1661, 1662), (1578, 1657, 1663, 1582), (1577, 1578, 1582, 1657), (1578, 1658, 1663, 1657), (1578, 1582, 1663, 1583), (1657, 1582, 1662, 1663), (1578, 1659, 1584, 1663), (1578, 1579, 1584, 1659), (1578, 1659, 1663, 1658), (1578, 1583, 1663, 1584), (1659, 1584, 1663, 1664), (1580, 1659, 1665, 1584), (1579, 1580, 1584, 1659), (1580, 1660, 1665, 1659), (1580, 1584, 1665, 1585), (1659, 1584, 1664, 1665), (1582, 1661, 1667, 1586), (1581, 1582, 1586, 1661), (1582, 1662, 1667, 1661), (1582, 1586, 1667, 1587), (1661, 1586, 1666, 1667), (1582, 1663, 1588, 1667), (1582, 1583, 1588, 1663), (1582, 1663, 1667, 1662), (1582, 1587, 1667, 1588), (1663, 1588, 1667, 1668), (1584, 1663, 1669, 1588), (1583, 1584, 1588, 1663), (1584, 1664, 1669, 1663), (1584, 1588, 1669, 1589), (1663, 1588, 1668, 1669), (1584, 1665, 1590, 1669), (1584, 1585, 1590, 1665), (1584, 1665, 1669, 1664), (1584, 1589, 1669, 1590), (1665, 1590, 1669, 1670), (1586, 1667, 1592, 1671), (1586, 1587, 1592, 1667), (1586, 1667, 1671, 1666), (1586, 1591, 1671, 1592), (1667, 1592, 1671, 1672), (1588, 1667, 1673, 1592), (1587, 1588, 1592, 1667), (1588, 1668, 1673, 1667), (1588, 1592, 1673, 1593), (1667, 1592, 1672, 1673), (1588, 1669, 1594, 1673), (1588, 1589, 1594, 1669), (1588, 1669, 1673, 1668), (1588, 1593, 1673, 1594), (1669, 1594, 1673, 1674), (1590, 1669, 1675, 1594), (1589, 1590, 1594, 1669), (1590, 1670, 1675, 1669), (1590, 1594, 1675, 1595), (1669, 1594, 1674, 1675), (1592, 1671, 1677, 1596), (1591, 1592, 1596, 1671), (1592, 1672, 1677, 1671), (1592, 1596, 1677, 1597), (1671, 1596, 1676, 1677), (1592, 1673, 1598, 1677), (1592, 1593, 1598, 1673), (1592, 1673, 1677, 1672), (1592, 1597, 1677, 1598), (1673, 1598, 1677, 1678), (1594, 1673, 1679, 1598), (1593, 1594, 1598, 1673), (1594, 1674, 1679, 1673), (1594, 1598, 1679, 1599), (1673, 1598, 1678, 1679), (1594, 1675, 1600, 1679), (1594, 1595, 1600, 1675), (1594, 1675, 1679, 1674), (1594, 1599, 1679, 1600), (1675, 1600, 1679, 1680), (1596, 1677, 1602, 1681), (1596, 1597, 1602, 1677), (1596, 1677, 1681, 1676), (1596, 1601, 1681, 1602), (1677, 1602, 1681, 1682), (1598, 1677, 1683, 1602), (1597, 1598, 1602, 1677), (1598, 1678, 1683, 1677), (1598, 1602, 1683, 1603), (1677, 1602, 1682, 1683), (1598, 1679, 1604, 1683), (1598, 1599, 1604, 1679), (1598, 1679, 1683, 1678), (1598, 1603, 1683, 1604), (1679, 1604, 1683, 1684), (1600, 1679, 1685, 1604), (1599, 1600, 1604, 1679), (1600, 1680, 1685, 1679), (1600, 1604, 1685, 1605), (1679, 1604, 1684, 1685), (203, 214, 1607, 1686), (203, 202, 1607, 214), (203, 214, 1686, 215), (203, 1606, 1686, 1607), (214, 1607, 1686, 1687), (201, 214, 1688, 1607), (202, 201, 1607, 214), (201, 213, 1688, 214), (201, 1607, 1688, 1608), (214, 1607, 1687, 1688), (201, 212, 1609, 1688), (201, 200, 1609, 212), (201, 212, 1688, 213), (201, 1608, 1688, 1609), (212, 1609, 1688, 1689), (131, 212, 1690, 1609), (200, 131, 1609, 212), (131, 143, 1690, 212), (131, 1609, 1690, 1610), (212, 1609, 1689, 1690), (1607, 1686, 1692, 1611), (1606, 1607, 1611, 1686), (1607, 1687, 1692, 1686), (1607, 1611, 1692, 1612), (1686, 1611, 1691, 1692), (1607, 1688, 1613, 1692), (1607, 1608, 1613, 1688), (1607, 1688, 1692, 1687), (1607, 1612, 1692, 1613), (1688, 1613, 1692, 1693), (1609, 1688, 1694, 1613), (1608, 1609, 1613, 1688), (1609, 1689, 1694, 1688), (1609, 1613, 1694, 1614), (1688, 1613, 1693, 1694), (1609, 1690, 1615, 1694), (1609, 1610, 1615, 1690), (1609, 1690, 1694, 1689), (1609, 1614, 1694, 1615), (1690, 1615, 1694, 1695), (1611, 1692, 1617, 1696), (1611, 1612, 1617, 1692), (1611, 1692, 1696, 1691), (1611, 1616, 1696, 1617), (1692, 1617, 1696, 1697), (1613, 1692, 1698, 1617), (1612, 1613, 1617, 1692), (1613, 1693, 1698, 1692), (1613, 1617, 1698, 1618), (1692, 1617, 1697, 1698), (1613, 1694, 1619, 1698), (1613, 1614, 1619, 1694), (1613, 1694, 1698, 1693), (1613, 1618, 1698, 1619), (1694, 1619, 1698, 1699), (1615, 1694, 1700, 1619), (1614, 1615, 1619, 1694), (1615, 1695, 1700, 1694), (1615, 1619, 1700, 1620), (1694, 1619, 1699, 1700), (1617, 1696, 1702, 1621), (1616, 1617, 1621, 1696), (1617, 1697, 1702, 1696), (1617, 1621, 1702, 1622), (1696, 1621, 1701, 1702), (1617, 1698, 1623, 1702), (1617, 1618, 1623, 1698), (1617, 1698, 1702, 1697), (1617, 1622, 1702, 1623), (1698, 1623, 1702, 1703), (1619, 1698, 1704, 1623), (1618, 1619, 1623, 1698), (1619, 1699, 1704, 1698), (1619, 1623, 1704, 1624), (1698, 1623, 1703, 1704), (1619, 1700, 1625, 1704), (1619, 1620, 1625, 1700), (1619, 1700, 1704, 1699), (1619, 1624, 1704, 1625), (1700, 1625, 1704, 1705), (1621, 1702, 1627, 1706), (1621, 1622, 1627, 1702), (1621, 1702, 1706, 1701), (1621, 1626, 1706, 1627), (1702, 1627, 1706, 1707), (1623, 1702, 1708, 1627), (1622, 1623, 1627, 1702), (1623, 1703, 1708, 1702), (1623, 1627, 1708, 1628), (1702, 1627, 1707, 1708), (1623, 1704, 1629, 1708), (1623, 1624, 1629, 1704), (1623, 1704, 1708, 1703), (1623, 1628, 1708, 1629), (1704, 1629, 1708, 1709), (1625, 1704, 1710, 1629), (1624, 1625, 1629, 1704), (1625, 1705, 1710, 1704), (1625, 1629, 1710, 1630), (1704, 1629, 1709, 1710), (1627, 1706, 1712, 1631), (1626, 1627, 1631, 1706), (1627, 1707, 1712, 1706), (1627, 1631, 1712, 1632), (1706, 1631, 1711, 1712), (1627, 1708, 1633, 1712), (1627, 1628, 1633, 1708), (1627, 1708, 1712, 1707), (1627, 1632, 1712, 1633), (1708, 1633, 1712, 1713), (1629, 1708, 1714, 1633), (1628, 1629, 1633, 1708), (1629, 1709, 1714, 1708), (1629, 1633, 1714, 1634), (1708, 1633, 1713, 1714), (1629, 1710, 1635, 1714), (1629, 1630, 1635, 1710), (1629, 1710, 1714, 1709), (1629, 1634, 1714, 1635), (1710, 1635, 1714, 1715), (1631, 1712, 1637, 1716), (1631, 1632, 1637, 1712), (1631, 1712, 1716, 1711), (1631, 1636, 1716, 1637), (1712, 1637, 1716, 1717), (1633, 1712, 1718, 1637), (1632, 1633, 1637, 1712), (1633, 1713, 1718, 1712), (1633, 1637, 1718, 1638), (1712, 1637, 1717, 1718), (1633, 1714, 1639, 1718), (1633, 1634, 1639, 1714), (1633, 1714, 1718, 1713), (1633, 1638, 1718, 1639), (1714, 1639, 1718, 1719), (1635, 1714, 1720, 1639), (1634, 1635, 1639, 1714), (1635, 1715, 1720, 1714), (1635, 1639, 1720, 1640), (1714, 1639, 1719, 1720), (1637, 1716, 1722, 1641), (1636, 1637, 1641, 1716), (1637, 1717, 1722, 1716), (1637, 1641, 1722, 1642), (1716, 1641, 1721, 1722), (1637, 1718, 1643, 1722), (1637, 1638, 1643, 1718), (1637, 1718, 1722, 1717), (1637, 1642, 1722, 1643), (1718, 1643, 1722, 1723), (1639, 1718, 1724, 1643), (1638, 1639, 1643, 1718), (1639, 1719, 1724, 1718), (1639, 1643, 1724, 1644), (1718, 1643, 1723, 1724), (1639, 1720, 1645, 1724), (1639, 1640, 1645, 1720), (1639, 1720, 1724, 1719), (1639, 1644, 1724, 1645), (1720, 1645, 1724, 1725), (1641, 1722, 1647, 1726), (1641, 1642, 1647, 1722), (1641, 1722, 1726, 1721), (1641, 1646, 1726, 1647), (1722, 1647, 1726, 1727), (1643, 1722, 1728, 1647), (1642, 1643, 1647, 1722), (1643, 1723, 1728, 1722), (1643, 1647, 1728, 1648), (1722, 1647, 1727, 1728), (1643, 1724, 1649, 1728), (1643, 1644, 1649, 1724), (1643, 1724, 1728, 1723), (1643, 1648, 1728, 1649), (1724, 1649, 1728, 1729), (1645, 1724, 1730, 1649), (1644, 1645, 1649, 1724), (1645, 1725, 1730, 1724), (1645, 1649, 1730, 1650), (1724, 1649, 1729, 1730), (1647, 1726, 1732, 1651), (1646, 1647, 1651, 1726), (1647, 1727, 1732, 1726), (1647, 1651, 1732, 1652), (1726, 1651, 1731, 1732), (1647, 1728, 1653, 1732), (1647, 1648, 1653, 1728), (1647, 1728, 1732, 1727), (1647, 1652, 1732, 1653), (1728, 1653, 1732, 1733), (1649, 1728, 1734, 1653), (1648, 1649, 1653, 1728), (1649, 1729, 1734, 1728), (1649, 1653, 1734, 1654), (1728, 1653, 1733, 1734), (1649, 1730, 1655, 1734), (1649, 1650, 1655, 1730), (1649, 1730, 1734, 1729), (1649, 1654, 1734, 1655), (1730, 1655, 1734, 1735), (1651, 1732, 1657, 1736), (1651, 1652, 1657, 1732), (1651, 1732, 1736, 1731), (1651, 1656, 1736, 1657), (1732, 1657, 1736, 1737), (1653, 1732, 1738, 1657), (1652, 1653, 1657, 1732), (1653, 1733, 1738, 1732), (1653, 1657, 1738, 1658), (1732, 1657, 1737, 1738), (1653, 1734, 1659, 1738), (1653, 1654, 1659, 1734), (1653, 1734, 1738, 1733), (1653, 1658, 1738, 1659), (1734, 1659, 1738, 1739), (1655, 1734, 1740, 1659), (1654, 1655, 1659, 1734), (1655, 1735, 1740, 1734), (1655, 1659, 1740, 1660), (1734, 1659, 1739, 1740), (1657, 1736, 1742, 1661), (1656, 1657, 1661, 1736), (1657, 1737, 1742, 1736), (1657, 1661, 1742, 1662), (1736, 1661, 1741, 1742), (1657, 1738, 1663, 1742), (1657, 1658, 1663, 1738), (1657, 1738, 1742, 1737), (1657, 1662, 1742, 1663), (1738, 1663, 1742, 1743), (1659, 1738, 1744, 1663), (1658, 1659, 1663, 1738), (1659, 1739, 1744, 1738), (1659, 1663, 1744, 1664), (1738, 1663, 1743, 1744), (1659, 1740, 1665, 1744), (1659, 1660, 1665, 1740), (1659, 1740, 1744, 1739), (1659, 1664, 1744, 1665), (1740, 1665, 1744, 1745), (1661, 1742, 1667, 1746), (1661, 1662, 1667, 1742), (1661, 1742, 1746, 1741), (1661, 1666, 1746, 1667), (1742, 1667, 1746, 1747), (1663, 1742, 1748, 1667), (1662, 1663, 1667, 1742), (1663, 1743, 1748, 1742), (1663, 1667, 1748, 1668), (1742, 1667, 1747, 1748), (1663, 1744, 1669, 1748), (1663, 1664, 1669, 1744), (1663, 1744, 1748, 1743), (1663, 1668, 1748, 1669), (1744, 1669, 1748, 1749), (1665, 1744, 1750, 1669), (1664, 1665, 1669, 1744), (1665, 1745, 1750, 1744), (1665, 1669, 1750, 1670), (1744, 1669, 1749, 1750), (1667, 1746, 1752, 1671), (1666, 1667, 1671, 1746), (1667, 1747, 1752, 1746), (1667, 1671, 1752, 1672), (1746, 1671, 1751, 1752), (1667, 1748, 1673, 1752), (1667, 1668, 1673, 1748), (1667, 1748, 1752, 1747), (1667, 1672, 1752, 1673), (1748, 1673, 1752, 1753), (1669, 1748, 1754, 1673), (1668, 1669, 1673, 1748), (1669, 1749, 1754, 1748), (1669, 1673, 1754, 1674), (1748, 1673, 1753, 1754), (1669, 1750, 1675, 1754), (1669, 1670, 1675, 1750), (1669, 1750, 1754, 1749), (1669, 1674, 1754, 1675), (1750, 1675, 1754, 1755), (1671, 1752, 1677, 1756), (1671, 1672, 1677, 1752), (1671, 1752, 1756, 1751), (1671, 1676, 1756, 1677), (1752, 1677, 1756, 1757), (1673, 1752, 1758, 1677), (1672, 1673, 1677, 1752), (1673, 1753, 1758, 1752), (1673, 1677, 1758, 1678), (1752, 1677, 1757, 1758), (1673, 1754, 1679, 1758), (1673, 1674, 1679, 1754), (1673, 1754, 1758, 1753), (1673, 1678, 1758, 1679), (1754, 1679, 1758, 1759), (1675, 1754, 1760, 1679), (1674, 1675, 1679, 1754), (1675, 1755, 1760, 1754), (1675, 1679, 1760, 1680), (1754, 1679, 1759, 1760), (1677, 1756, 1762, 1681), (1676, 1677, 1681, 1756), (1677, 1757, 1762, 1756), (1677, 1681, 1762, 1682), (1756, 1681, 1761, 1762), (1677, 1758, 1683, 1762), (1677, 1678, 1683, 1758), (1677, 1758, 1762, 1757), (1677, 1682, 1762, 1683), (1758, 1683, 1762, 1763), (1679, 1758, 1764, 1683), (1678, 1679, 1683, 1758), (1679, 1759, 1764, 1758), (1679, 1683, 1764, 1684), (1758, 1683, 1763, 1764), (1679, 1760, 1685, 1764), (1679, 1680, 1685, 1760), (1679, 1760, 1764, 1759), (1679, 1684, 1764, 1685), (1760, 1685, 1764, 1765), (214, 227, 1767, 1686), (215, 214, 1686, 227), (214, 226, 1767, 227), (214, 1686, 1767, 1687), (227, 1686, 1766, 1767), (214, 225, 1688, 1767), (214, 213, 1688, 225), (214, 225, 1767, 226), (214, 1687, 1767, 1688), (225, 1688, 1767, 1768), (212, 225, 1769, 1688), (213, 212, 1688, 225), (212, 224, 1769, 225), (212, 1688, 1769, 1689), (225, 1688, 1768, 1769), (212, 155, 1690, 1769), (212, 143, 1690, 155), (212, 155, 1769, 224), (212, 1689, 1769, 1690), (155, 1690, 1769, 1770), (1686, 1767, 1692, 1771), (1686, 1687, 1692, 1767), (1686, 1767, 1771, 1766), (1686, 1691, 1771, 1692), (1767, 1692, 1771, 1772), (1688, 1767, 1773, 1692), (1687, 1688, 1692, 1767), (1688, 1768, 1773, 1767), (1688, 1692, 1773, 1693), (1767, 1692, 1772, 1773), (1688, 1769, 1694, 1773), (1688, 1689, 1694, 1769), (1688, 1769, 1773, 1768), (1688, 1693, 1773, 1694), (1769, 1694, 1773, 1774), (1690, 1769, 1775, 1694), (1689, 1690, 1694, 1769), (1690, 1770, 1775, 1769), (1690, 1694, 1775, 1695), (1769, 1694, 1774, 1775), (1692, 1771, 1777, 1696), (1691, 1692, 1696, 1771), (1692, 1772, 1777, 1771), (1692, 1696, 1777, 1697), (1771, 1696, 1776, 1777), (1692, 1773, 1698, 1777), (1692, 1693, 1698, 1773), (1692, 1773, 1777, 1772), (1692, 1697, 1777, 1698), (1773, 1698, 1777, 1778), (1694, 1773, 1779, 1698), (1693, 1694, 1698, 1773), (1694, 1774, 1779, 1773), (1694, 1698, 1779, 1699), (1773, 1698, 1778, 1779), (1694, 1775, 1700, 1779), (1694, 1695, 1700, 1775), (1694, 1775, 1779, 1774), (1694, 1699, 1779, 1700), (1775, 1700, 1779, 1780), (1696, 1777, 1702, 1781), (1696, 1697, 1702, 1777), (1696, 1777, 1781, 1776), (1696, 1701, 1781, 1702), (1777, 1702, 1781, 1782), (1698, 1777, 1783, 1702), (1697, 1698, 1702, 1777), (1698, 1778, 1783, 1777), (1698, 1702, 1783, 1703), (1777, 1702, 1782, 1783), (1698, 1779, 1704, 1783), (1698, 1699, 1704, 1779), (1698, 1779, 1783, 1778), (1698, 1703, 1783, 1704), (1779, 1704, 1783, 1784), (1700, 1779, 1785, 1704), (1699, 1700, 1704, 1779), (1700, 1780, 1785, 1779), (1700, 1704, 1785, 1705), (1779, 1704, 1784, 1785), (1702, 1781, 1787, 1706), (1701, 1702, 1706, 1781), (1702, 1782, 1787, 1781), (1702, 1706, 1787, 1707), (1781, 1706, 1786, 1787), (1702, 1783, 1708, 1787), (1702, 1703, 1708, 1783), (1702, 1783, 1787, 1782), (1702, 1707, 1787, 1708), (1783, 1708, 1787, 1788), (1704, 1783, 1789, 1708), (1703, 1704, 1708, 1783), (1704, 1784, 1789, 1783), (1704, 1708, 1789, 1709), (1783, 1708, 1788, 1789), (1704, 1785, 1710, 1789), (1704, 1705, 1710, 1785), (1704, 1785, 1789, 1784), (1704, 1709, 1789, 1710), (1785, 1710, 1789, 1790), (1706, 1787, 1712, 1791), (1706, 1707, 1712, 1787), (1706, 1787, 1791, 1786), (1706, 1711, 1791, 1712), (1787, 1712, 1791, 1792), (1708, 1787, 1793, 1712), (1707, 1708, 1712, 1787), (1708, 1788, 1793, 1787), (1708, 1712, 1793, 1713), (1787, 1712, 1792, 1793), (1708, 1789, 1714, 1793), (1708, 1709, 1714, 1789), (1708, 1789, 1793, 1788), (1708, 1713, 1793, 1714), (1789, 1714, 1793, 1794), (1710, 1789, 1795, 1714), (1709, 1710, 1714, 1789), (1710, 1790, 1795, 1789), (1710, 1714, 1795, 1715), (1789, 1714, 1794, 1795), (1712, 1791, 1797, 1716), (1711, 1712, 1716, 1791), (1712, 1792, 1797, 1791), (1712, 1716, 1797, 1717), (1791, 1716, 1796, 1797), (1712, 1793, 1718, 1797), (1712, 1713, 1718, 1793), (1712, 1793, 1797, 1792), (1712, 1717, 1797, 1718), (1793, 1718, 1797, 1798), (1714, 1793, 1799, 1718), (1713, 1714, 1718, 1793), (1714, 1794, 1799, 1793), (1714, 1718, 1799, 1719), (1793, 1718, 1798, 1799), (1714, 1795, 1720, 1799), (1714, 1715, 1720, 1795), (1714, 1795, 1799, 1794), (1714, 1719, 1799, 1720), (1795, 1720, 1799, 1800), (1716, 1797, 1722, 1801), (1716, 1717, 1722, 1797), (1716, 1797, 1801, 1796), (1716, 1721, 1801, 1722), (1797, 1722, 1801, 1802), (1718, 1797, 1803, 1722), (1717, 1718, 1722, 1797), (1718, 1798, 1803, 1797), (1718, 1722, 1803, 1723), (1797, 1722, 1802, 1803), (1718, 1799, 1724, 1803), (1718, 1719, 1724, 1799), (1718, 1799, 1803, 1798), (1718, 1723, 1803, 1724), (1799, 1724, 1803, 1804), (1720, 1799, 1805, 1724), (1719, 1720, 1724, 1799), (1720, 1800, 1805, 1799), (1720, 1724, 1805, 1725), (1799, 1724, 1804, 1805), (1722, 1801, 1807, 1726), (1721, 1722, 1726, 1801), (1722, 1802, 1807, 1801), (1722, 1726, 1807, 1727), (1801, 1726, 1806, 1807), (1722, 1803, 1728, 1807), (1722, 1723, 1728, 1803), (1722, 1803, 1807, 1802), (1722, 1727, 1807, 1728), (1803, 1728, 1807, 1808), (1724, 1803, 1809, 1728), (1723, 1724, 1728, 1803), (1724, 1804, 1809, 1803), (1724, 1728, 1809, 1729), (1803, 1728, 1808, 1809), (1724, 1805, 1730, 1809), (1724, 1725, 1730, 1805), (1724, 1805, 1809, 1804), (1724, 1729, 1809, 1730), (1805, 1730, 1809, 1810), (1726, 1807, 1732, 1811), (1726, 1727, 1732, 1807), (1726, 1807, 1811, 1806), (1726, 1731, 1811, 1732), (1807, 1732, 1811, 1812), (1728, 1807, 1813, 1732), (1727, 1728, 1732, 1807), (1728, 1808, 1813, 1807), (1728, 1732, 1813, 1733), (1807, 1732, 1812, 1813), (1728, 1809, 1734, 1813), (1728, 1729, 1734, 1809), (1728, 1809, 1813, 1808), (1728, 1733, 1813, 1734), (1809, 1734, 1813, 1814), (1730, 1809, 1815, 1734), (1729, 1730, 1734, 1809), (1730, 1810, 1815, 1809), (1730, 1734, 1815, 1735), (1809, 1734, 1814, 1815), (1732, 1811, 1817, 1736), (1731, 1732, 1736, 1811), (1732, 1812, 1817, 1811), (1732, 1736, 1817, 1737), (1811, 1736, 1816, 1817), (1732, 1813, 1738, 1817), (1732, 1733, 1738, 1813), (1732, 1813, 1817, 1812), (1732, 1737, 1817, 1738), (1813, 1738, 1817, 1818), (1734, 1813, 1819, 1738), (1733, 1734, 1738, 1813), (1734, 1814, 1819, 1813), (1734, 1738, 1819, 1739), (1813, 1738, 1818, 1819), (1734, 1815, 1740, 1819), (1734, 1735, 1740, 1815), (1734, 1815, 1819, 1814), (1734, 1739, 1819, 1740), (1815, 1740, 1819, 1820), (1736, 1817, 1742, 1821), (1736, 1737, 1742, 1817), (1736, 1817, 1821, 1816), (1736, 1741, 1821, 1742), (1817, 1742, 1821, 1822), (1738, 1817, 1823, 1742), (1737, 1738, 1742, 1817), (1738, 1818, 1823, 1817), (1738, 1742, 1823, 1743), (1817, 1742, 1822, 1823), (1738, 1819, 1744, 1823), (1738, 1739, 1744, 1819), (1738, 1819, 1823, 1818), (1738, 1743, 1823, 1744), (1819, 1744, 1823, 1824), (1740, 1819, 1825, 1744), (1739, 1740, 1744, 1819), (1740, 1820, 1825, 1819), (1740, 1744, 1825, 1745), (1819, 1744, 1824, 1825), (1742, 1821, 1827, 1746), (1741, 1742, 1746, 1821), (1742, 1822, 1827, 1821), (1742, 1746, 1827, 1747), (1821, 1746, 1826, 1827), (1742, 1823, 1748, 1827), (1742, 1743, 1748, 1823), (1742, 1823, 1827, 1822), (1742, 1747, 1827, 1748), (1823, 1748, 1827, 1828), (1744, 1823, 1829, 1748), (1743, 1744, 1748, 1823), (1744, 1824, 1829, 1823), (1744, 1748, 1829, 1749), (1823, 1748, 1828, 1829), (1744, 1825, 1750, 1829), (1744, 1745, 1750, 1825), (1744, 1825, 1829, 1824), (1744, 1749, 1829, 1750), (1825, 1750, 1829, 1830), (1746, 1827, 1752, 1831), (1746, 1747, 1752, 1827), (1746, 1827, 1831, 1826), (1746, 1751, 1831, 1752), (1827, 1752, 1831, 1832), (1748, 1827, 1833, 1752), (1747, 1748, 1752, 1827), (1748, 1828, 1833, 1827), (1748, 1752, 1833, 1753), (1827, 1752, 1832, 1833), (1748, 1829, 1754, 1833), (1748, 1749, 1754, 1829), (1748, 1829, 1833, 1828), (1748, 1753, 1833, 1754), (1829, 1754, 1833, 1834), (1750, 1829, 1835, 1754), (1749, 1750, 1754, 1829), (1750, 1830, 1835, 1829), (1750, 1754, 1835, 1755), (1829, 1754, 1834, 1835), (1752, 1831, 1837, 1756), (1751, 1752, 1756, 1831), (1752, 1832, 1837, 1831), (1752, 1756, 1837, 1757), (1831, 1756, 1836, 1837), (1752, 1833, 1758, 1837), (1752, 1753, 1758, 1833), (1752, 1833, 1837, 1832), (1752, 1757, 1837, 1758), (1833, 1758, 1837, 1838), (1754, 1833, 1839, 1758), (1753, 1754, 1758, 1833), (1754, 1834, 1839, 1833), (1754, 1758, 1839, 1759), (1833, 1758, 1838, 1839), (1754, 1835, 1760, 1839), (1754, 1755, 1760, 1835), (1754, 1835, 1839, 1834), (1754, 1759, 1839, 1760), (1835, 1760, 1839, 1840), (1756, 1837, 1762, 1841), (1756, 1757, 1762, 1837), (1756, 1837, 1841, 1836), (1756, 1761, 1841, 1762), (1837, 1762, 1841, 1842), (1758, 1837, 1843, 1762), (1757, 1758, 1762, 1837), (1758, 1838, 1843, 1837), (1758, 1762, 1843, 1763), (1837, 1762, 1842, 1843), (1758, 1839, 1764, 1843), (1758, 1759, 1764, 1839), (1758, 1839, 1843, 1838), (1758, 1763, 1843, 1764), (1839, 1764, 1843, 1844), (1760, 1839, 1845, 1764), (1759, 1760, 1764, 1839), (1760, 1840, 1845, 1839), (1760, 1764, 1845, 1765), (1839, 1764, 1844, 1845), (227, 238, 1767, 1846), (227, 226, 1767, 238), (227, 238, 1846, 239), (227, 1766, 1846, 1767), (238, 1767, 1846, 1847), (225, 238, 1848, 1767), (226, 225, 1767, 238), (225, 237, 1848, 238), (225, 1767, 1848, 1768), (238, 1767, 1847, 1848), (225, 236, 1769, 1848), (225, 224, 1769, 236), (225, 236, 1848, 237), (225, 1768, 1848, 1769), (236, 1769, 1848, 1849), (155, 236, 1850, 1769), (224, 155, 1769, 236), (155, 167, 1850, 236), (155, 1769, 1850, 1770), (236, 1769, 1849, 1850), (1767, 1846, 1852, 1771), (1766, 1767, 1771, 1846), (1767, 1847, 1852, 1846), (1767, 1771, 1852, 1772), (1846, 1771, 1851, 1852), (1767, 1848, 1773, 1852), (1767, 1768, 1773, 1848), (1767, 1848, 1852, 1847), (1767, 1772, 1852, 1773), (1848, 1773, 1852, 1853), (1769, 1848, 1854, 1773), (1768, 1769, 1773, 1848), (1769, 1849, 1854, 1848), (1769, 1773, 1854, 1774), (1848, 1773, 1853, 1854), (1769, 1850, 1775, 1854), (1769, 1770, 1775, 1850), (1769, 1850, 1854, 1849), (1769, 1774, 1854, 1775), (1850, 1775, 1854, 1855), (1771, 1852, 1777, 1856), (1771, 1772, 1777, 1852), (1771, 1852, 1856, 1851), (1771, 1776, 1856, 1777), (1852, 1777, 1856, 1857), (1773, 1852, 1858, 1777), (1772, 1773, 1777, 1852), (1773, 1853, 1858, 1852), (1773, 1777, 1858, 1778), (1852, 1777, 1857, 1858), (1773, 1854, 1779, 1858), (1773, 1774, 1779, 1854), (1773, 1854, 1858, 1853), (1773, 1778, 1858, 1779), (1854, 1779, 1858, 1859), (1775, 1854, 1860, 1779), (1774, 1775, 1779, 1854), (1775, 1855, 1860, 1854), (1775, 1779, 1860, 1780), (1854, 1779, 1859, 1860), (1777, 1856, 1862, 1781), (1776, 1777, 1781, 1856), (1777, 1857, 1862, 1856), (1777, 1781, 1862, 1782), (1856, 1781, 1861, 1862), (1777, 1858, 1783, 1862), (1777, 1778, 1783, 1858), (1777, 1858, 1862, 1857), (1777, 1782, 1862, 1783), (1858, 1783, 1862, 1863), (1779, 1858, 1864, 1783), (1778, 1779, 1783, 1858), (1779, 1859, 1864, 1858), (1779, 1783, 1864, 1784), (1858, 1783, 1863, 1864), (1779, 1860, 1785, 1864), (1779, 1780, 1785, 1860), (1779, 1860, 1864, 1859), (1779, 1784, 1864, 1785), (1860, 1785, 1864, 1865), (1781, 1862, 1787, 1866), (1781, 1782, 1787, 1862), (1781, 1862, 1866, 1861), (1781, 1786, 1866, 1787), (1862, 1787, 1866, 1867), (1783, 1862, 1868, 1787), (1782, 1783, 1787, 1862), (1783, 1863, 1868, 1862), (1783, 1787, 1868, 1788), (1862, 1787, 1867, 1868), (1783, 1864, 1789, 1868), (1783, 1784, 1789, 1864), (1783, 1864, 1868, 1863), (1783, 1788, 1868, 1789), (1864, 1789, 1868, 1869), (1785, 1864, 1870, 1789), (1784, 1785, 1789, 1864), (1785, 1865, 1870, 1864), (1785, 1789, 1870, 1790), (1864, 1789, 1869, 1870), (1787, 1866, 1872, 1791), (1786, 1787, 1791, 1866), (1787, 1867, 1872, 1866), (1787, 1791, 1872, 1792), (1866, 1791, 1871, 1872), (1787, 1868, 1793, 1872), (1787, 1788, 1793, 1868), (1787, 1868, 1872, 1867), (1787, 1792, 1872, 1793), (1868, 1793, 1872, 1873), (1789, 1868, 1874, 1793), (1788, 1789, 1793, 1868), (1789, 1869, 1874, 1868), (1789, 1793, 1874, 1794), (1868, 1793, 1873, 1874), (1789, 1870, 1795, 1874), (1789, 1790, 1795, 1870), (1789, 1870, 1874, 1869), (1789, 1794, 1874, 1795), (1870, 1795, 1874, 1875), (1791, 1872, 1797, 1876), (1791, 1792, 1797, 1872), (1791, 1872, 1876, 1871), (1791, 1796, 1876, 1797), (1872, 1797, 1876, 1877), (1793, 1872, 1878, 1797), (1792, 1793, 1797, 1872), (1793, 1873, 1878, 1872), (1793, 1797, 1878, 1798), (1872, 1797, 1877, 1878), (1793, 1874, 1799, 1878), (1793, 1794, 1799, 1874), (1793, 1874, 1878, 1873), (1793, 1798, 1878, 1799), (1874, 1799, 1878, 1879), (1795, 1874, 1880, 1799), (1794, 1795, 1799, 1874), (1795, 1875, 1880, 1874), (1795, 1799, 1880, 1800), (1874, 1799, 1879, 1880), (1797, 1876, 1882, 1801), (1796, 1797, 1801, 1876), (1797, 1877, 1882, 1876), (1797, 1801, 1882, 1802), (1876, 1801, 1881, 1882), (1797, 1878, 1803, 1882), (1797, 1798, 1803, 1878), (1797, 1878, 1882, 1877), (1797, 1802, 1882, 1803), (1878, 1803, 1882, 1883), (1799, 1878, 1884, 1803), (1798, 1799, 1803, 1878), (1799, 1879, 1884, 1878), (1799, 1803, 1884, 1804), (1878, 1803, 1883, 1884), (1799, 1880, 1805, 1884), (1799, 1800, 1805, 1880), (1799, 1880, 1884, 1879), (1799, 1804, 1884, 1805), (1880, 1805, 1884, 1885), (1801, 1882, 1807, 1886), (1801, 1802, 1807, 1882), (1801, 1882, 1886, 1881), (1801, 1806, 1886, 1807), (1882, 1807, 1886, 1887), (1803, 1882, 1888, 1807), (1802, 1803, 1807, 1882), (1803, 1883, 1888, 1882), (1803, 1807, 1888, 1808), (1882, 1807, 1887, 1888), (1803, 1884, 1809, 1888), (1803, 1804, 1809, 1884), (1803, 1884, 1888, 1883), (1803, 1808, 1888, 1809), (1884, 1809, 1888, 1889), (1805, 1884, 1890, 1809), (1804, 1805, 1809, 1884), (1805, 1885, 1890, 1884), (1805, 1809, 1890, 1810), (1884, 1809, 1889, 1890), (1807, 1886, 1892, 1811), (1806, 1807, 1811, 1886), (1807, 1887, 1892, 1886), (1807, 1811, 1892, 1812), (1886, 1811, 1891, 1892), (1807, 1888, 1813, 1892), (1807, 1808, 1813, 1888), (1807, 1888, 1892, 1887), (1807, 1812, 1892, 1813), (1888, 1813, 1892, 1893), (1809, 1888, 1894, 1813), (1808, 1809, 1813, 1888), (1809, 1889, 1894, 1888), (1809, 1813, 1894, 1814), (1888, 1813, 1893, 1894), (1809, 1890, 1815, 1894), (1809, 1810, 1815, 1890), (1809, 1890, 1894, 1889), (1809, 1814, 1894, 1815), (1890, 1815, 1894, 1895), (1811, 1892, 1817, 1896), (1811, 1812, 1817, 1892), (1811, 1892, 1896, 1891), (1811, 1816, 1896, 1817), (1892, 1817, 1896, 1897), (1813, 1892, 1898, 1817), (1812, 1813, 1817, 1892), (1813, 1893, 1898, 1892), (1813, 1817, 1898, 1818), (1892, 1817, 1897, 1898), (1813, 1894, 1819, 1898), (1813, 1814, 1819, 1894), (1813, 1894, 1898, 1893), (1813, 1818, 1898, 1819), (1894, 1819, 1898, 1899), (1815, 1894, 1900, 1819), (1814, 1815, 1819, 1894), (1815, 1895, 1900, 1894), (1815, 1819, 1900, 1820), (1894, 1819, 1899, 1900), (1817, 1896, 1902, 1821), (1816, 1817, 1821, 1896), (1817, 1897, 1902, 1896), (1817, 1821, 1902, 1822), (1896, 1821, 1901, 1902), (1817, 1898, 1823, 1902), (1817, 1818, 1823, 1898), (1817, 1898, 1902, 1897), (1817, 1822, 1902, 1823), (1898, 1823, 1902, 1903), (1819, 1898, 1904, 1823), (1818, 1819, 1823, 1898), (1819, 1899, 1904, 1898), (1819, 1823, 1904, 1824), (1898, 1823, 1903, 1904), (1819, 1900, 1825, 1904), (1819, 1820, 1825, 1900), (1819, 1900, 1904, 1899), (1819, 1824, 1904, 1825), (1900, 1825, 1904, 1905), (1821, 1902, 1827, 1906), (1821, 1822, 1827, 1902), (1821, 1902, 1906, 1901), (1821, 1826, 1906, 1827), (1902, 1827, 1906, 1907), (1823, 1902, 1908, 1827), (1822, 1823, 1827, 1902), (1823, 1903, 1908, 1902), (1823, 1827, 1908, 1828), (1902, 1827, 1907, 1908), (1823, 1904, 1829, 1908), (1823, 1824, 1829, 1904), (1823, 1904, 1908, 1903), (1823, 1828, 1908, 1829), (1904, 1829, 1908, 1909), (1825, 1904, 1910, 1829), (1824, 1825, 1829, 1904), (1825, 1905, 1910, 1904), (1825, 1829, 1910, 1830), (1904, 1829, 1909, 1910), (1827, 1906, 1912, 1831), (1826, 1827, 1831, 1906), (1827, 1907, 1912, 1906), (1827, 1831, 1912, 1832), (1906, 1831, 1911, 1912), (1827, 1908, 1833, 1912), (1827, 1828, 1833, 1908), (1827, 1908, 1912, 1907), (1827, 1832, 1912, 1833), (1908, 1833, 1912, 1913), (1829, 1908, 1914, 1833), (1828, 1829, 1833, 1908), (1829, 1909, 1914, 1908), (1829, 1833, 1914, 1834), (1908, 1833, 1913, 1914), (1829, 1910, 1835, 1914), (1829, 1830, 1835, 1910), (1829, 1910, 1914, 1909), (1829, 1834, 1914, 1835), (1910, 1835, 1914, 1915), (1831, 1912, 1837, 1916), (1831, 1832, 1837, 1912), (1831, 1912, 1916, 1911), (1831, 1836, 1916, 1837), (1912, 1837, 1916, 1917), (1833, 1912, 1918, 1837), (1832, 1833, 1837, 1912), (1833, 1913, 1918, 1912), (1833, 1837, 1918, 1838), (1912, 1837, 1917, 1918), (1833, 1914, 1839, 1918), (1833, 1834, 1839, 1914), (1833, 1914, 1918, 1913), (1833, 1838, 1918, 1839), (1914, 1839, 1918, 1919), (1835, 1914, 1920, 1839), (1834, 1835, 1839, 1914), (1835, 1915, 1920, 1914), (1835, 1839, 1920, 1840), (1914, 1839, 1919, 1920), (1837, 1916, 1922, 1841), (1836, 1837, 1841, 1916), (1837, 1917, 1922, 1916), (1837, 1841, 1922, 1842), (1916, 1841, 1921, 1922), (1837, 1918, 1843, 1922), (1837, 1838, 1843, 1918), (1837, 1918, 1922, 1917), (1837, 1842, 1922, 1843), (1918, 1843, 1922, 1923), (1839, 1918, 1924, 1843), (1838, 1839, 1843, 1918), (1839, 1919, 1924, 1918), (1839, 1843, 1924, 1844), (1918, 1843, 1923, 1924), (1839, 1920, 1845, 1924), (1839, 1840, 1845, 1920), (1839, 1920, 1924, 1919), (1839, 1844, 1924, 1845), (1920, 1845, 1924, 1925), (1523, 1604, 1926, 1603), (1523, 1524, 1926, 1604), (1604, 1926, 1603, 1927), (1926, 1603, 1929, 1523), (1926, 1927, 1929, 1603), (1926, 1523, 1929, 1928), (1523, 1929, 1930, 1603), (1523, 1928, 1930, 1929), (1929, 1930, 1603, 1931), (1930, 1603, 1933, 1523), (1930, 1931, 1933, 1603), (1930, 1523, 1933, 1932), (1523, 1933, 1934, 1603), (1523, 1932, 1934, 1933), (1933, 1934, 1603, 1935), (1934, 1603, 1602, 1523), (1934, 1935, 1602, 1603), (1934, 1523, 1602, 1522), (1525, 1604, 1937, 1926), (1524, 1525, 1926, 1604), (1525, 1605, 1937, 1604), (1525, 1926, 1937, 1936), (1604, 1926, 1927, 1937), (1926, 1937, 1938, 1929), (1926, 1936, 1938, 1937), (1926, 1937, 1929, 1927), (1926, 1928, 1929, 1938), (1937, 1938, 1929, 1939), (1938, 1929, 1941, 1930), (1928, 1938, 1930, 1929), (1938, 1939, 1941, 1929), (1938, 1930, 1941, 1940), (1929, 1930, 1931, 1941), (1930, 1941, 1942, 1933), (1930, 1940, 1942, 1941), (1930, 1941, 1933, 1931), (1930, 1932, 1933, 1942), (1941, 1942, 1933, 1943), (1942, 1933, 1945, 1934), (1932, 1942, 1934, 1933), (1942, 1943, 1945, 1933), (1942, 1934, 1945, 1944), (1933, 1934, 1935, 1945), (1934, 1945, 1521, 1602), (1934, 1944, 1521, 1945), (1934, 1945, 1602, 1935), (1934, 1522, 1602, 1521), (1945, 1521, 1602, 1601), (1604, 1683, 1946, 1603), (1604, 1684, 1946, 1683), (1604, 1603, 1946, 1927), (1603, 1946, 1929, 1683), (1603, 1927, 1929, 1946), (1946, 1929, 1683, 1947), (1929, 1683, 1948, 1603), (1929, 1947, 1948, 1683), (1929, 1603, 1948, 1931), (1603, 1948, 1933, 1683), (1603, 1931, 1933, 1948), (1948, 1933, 1683, 1949), (1933, 1683, 1950, 1603), (1933, 1949, 1950, 1683), (1933, 1603, 1950, 1935), (1603, 1950, 1602, 1683), (1603, 1935, 1602, 1950), (1950, 1602, 1683, 1682), (1604, 1685, 1937, 1946), (1604, 1605, 1937, 1685), (1604, 1685, 1946, 1684), (1604, 1927, 1946, 1937), (1685, 1937, 1946, 1951), (1937, 1946, 1952, 1929), (1927, 1937, 1929, 1946), (1937, 1951, 1952, 1946), (1937, 1929, 1952, 1939), (1946, 1929, 1947, 1952), (1929, 1952, 1941, 1948), (1929, 1939, 1941, 1952), (1929, 1952, 1948, 1947), (1929, 1931, 1948, 1941), (1952, 1941, 1948, 1953), (1941, 1948, 1954, 1933), (1931, 1941, 1933, 1948), (1941, 1953, 1954, 1948), (1941, 1933, 1954, 1943), (1948, 1933, 1949, 1954), (1933, 1954, 1945, 1950), (1933, 1943, 1945, 1954), (1933, 1954, 1950, 1949), (1933, 1935, 1950, 1945), (1954, 1945, 1950, 1955), (1945, 1950, 1681, 1602), (1935, 1945, 1602, 1950), (1945, 1955, 1681, 1950), (1945, 1602, 1681, 1601), (1950, 1602, 1682, 1681), (1683, 1764, 1946, 1763), (1683, 1684, 1946, 1764), (1764, 1946, 1763, 1956), (1946, 1763, 1957, 1683), (1946, 1956, 1957, 1763), (1946, 1683, 1957, 1947), (1683, 1957, 1948, 1763), (1683, 1947, 1948, 1957), (1957, 1948, 1763, 1958), (1948, 1763, 1959, 1683), (1948, 1958, 1959, 1763), (1948, 1683, 1959, 1949), (1683, 1959, 1950, 1763), (1683, 1949, 1950, 1959), (1959, 1950, 1763, 1960), (1950, 1763, 1762, 1683), (1950, 1960, 1762, 1763), (1950, 1683, 1762, 1682), (1685, 1764, 1961, 1946), (1684, 1685, 1946, 1764), (1685, 1765, 1961, 1764), (1685, 1946, 1961, 1951), (1764, 1946, 1956, 1961), (1946, 1961, 1952, 1957), (1946, 1951, 1952, 1961), (1946, 1961, 1957, 1956), (1946, 1947, 1957, 1952), (1961, 1952, 1957, 1962), (1952, 1957, 1963, 1948), (1947, 1952, 1948, 1957), (1952, 1962, 1963, 1957), (1952, 1948, 1963, 1953), (1957, 1948, 1958, 1963), (1948, 1963, 1954, 1959), (1948, 1953, 1954, 1963), (1948, 1963, 1959, 1958), (1948, 1949, 1959, 1954), (1963, 1954, 1959, 1964), (1954, 1959, 1965, 1950), (1949, 1954, 1950, 1959), (1954, 1964, 1965, 1959), (1954, 1950, 1965, 1955), (1959, 1950, 1960, 1965), (1950, 1965, 1681, 1762), (1950, 1955, 1681, 1965), (1950, 1965, 1762, 1960), (1950, 1682, 1762, 1681), (1965, 1681, 1762, 1761), (1764, 1843, 1966, 1763), (1764, 1844, 1966, 1843), (1764, 1763, 1966, 1956), (1763, 1966, 1957, 1843), (1763, 1956, 1957, 1966), (1966, 1957, 1843, 1967), (1957, 1843, 1968, 1763), (1957, 1967, 1968, 1843), (1957, 1763, 1968, 1958), (1763, 1968, 1959, 1843), (1763, 1958, 1959, 1968), (1968, 1959, 1843, 1969), (1959, 1843, 1970, 1763), (1959, 1969, 1970, 1843), (1959, 1763, 1970, 1960), (1763, 1970, 1762, 1843), (1763, 1960, 1762, 1970), (1970, 1762, 1843, 1842), (1764, 1845, 1961, 1966), (1764, 1765, 1961, 1845), (1764, 1845, 1966, 1844), (1764, 1956, 1966, 1961), (1845, 1961, 1966, 1971), (1961, 1966, 1972, 1957), (1956, 1961, 1957, 1966), (1961, 1971, 1972, 1966), (1961, 1957, 1972, 1962), (1966, 1957, 1967, 1972), (1957, 1972, 1963, 1968), (1957, 1962, 1963, 1972), (1957, 1972, 1968, 1967), (1957, 1958, 1968, 1963), (1972, 1963, 1968, 1973), (1963, 1968, 1974, 1959), (1958, 1963, 1959, 1968), (1963, 1973, 1974, 1968), (1963, 1959, 1974, 1964), (1968, 1959, 1969, 1974), (1959, 1974, 1965, 1970), (1959, 1964, 1965, 1974), (1959, 1974, 1970, 1969), (1959, 1960, 1970, 1965), (1974, 1965, 1970, 1975), (1965, 1970, 1841, 1762), (1960, 1965, 1762, 1970), (1965, 1975, 1841, 1970), (1965, 1762, 1841, 1761), (1970, 1762, 1842, 1841), (1843, 1924, 1966, 1923), (1843, 1844, 1966, 1924), (1924, 1966, 1923, 1976), (1966, 1923, 1977, 1843), (1966, 1976, 1977, 1923), (1966, 1843, 1977, 1967), (1843, 1977, 1968, 1923), (1843, 1967, 1968, 1977), (1977, 1968, 1923, 1978), (1968, 1923, 1979, 1843), (1968, 1978, 1979, 1923), (1968, 1843, 1979, 1969), (1843, 1979, 1970, 1923), (1843, 1969, 1970, 1979), (1979, 1970, 1923, 1980), (1970, 1923, 1922, 1843), (1970, 1980, 1922, 1923), (1970, 1843, 1922, 1842), (1845, 1924, 1981, 1966), (1844, 1845, 1966, 1924), (1845, 1925, 1981, 1924), (1845, 1966, 1981, 1971), (1924, 1966, 1976, 1981), (1966, 1981, 1972, 1977), (1966, 1971, 1972, 1981), (1966, 1981, 1977, 1976), (1966, 1967, 1977, 1972), (1981, 1972, 1977, 1982), (1972, 1977, 1983, 1968), (1967, 1972, 1968, 1977), (1972, 1982, 1983, 1977), (1972, 1968, 1983, 1973), (1977, 1968, 1978, 1983), (1968, 1983, 1974, 1979), (1968, 1973, 1974, 1983), (1968, 1983, 1979, 1978), (1968, 1969, 1979, 1974), (1983, 1974, 1979, 1984), (1974, 1979, 1985, 1970), (1969, 1974, 1970, 1979), (1974, 1984, 1985, 1979), (1974, 1970, 1985, 1975), (1979, 1970, 1980, 1985), (1970, 1985, 1841, 1922), (1970, 1975, 1841, 1985), (1970, 1985, 1922, 1980), (1970, 1842, 1922, 1841), (1985, 1841, 1922, 1921), (262, 261, 1987, 2066), (262, 260, 1987, 261), (262, 261, 2066, 263), (262, 1986, 2066, 1987), (261, 1987, 2066, 2067), (258, 261, 2068, 1987), (260, 258, 1987, 261), (258, 259, 2068, 261), (258, 1987, 2068, 1988), (261, 1987, 2067, 2068), (258, 257, 1989, 2068), (258, 256, 1989, 257), (258, 257, 2068, 259), (258, 1988, 2068, 1989), (257, 1989, 2068, 2069), (190, 257, 2070, 1989), (256, 190, 1989, 257), (190, 191, 2070, 257), (190, 1989, 2070, 1990), (257, 1989, 2069, 2070), (1987, 2066, 2072, 1991), (1986, 1987, 1991, 2066), (1987, 2067, 2072, 2066), (1987, 1991, 2072, 1992), (2066, 1991, 2071, 2072), (1987, 2068, 1993, 2072), (1987, 1988, 1993, 2068), (1987, 2068, 2072, 2067), (1987, 1992, 2072, 1993), (2068, 1993, 2072, 2073), (1989, 2068, 2074, 1993), (1988, 1989, 1993, 2068), (1989, 2069, 2074, 2068), (1989, 1993, 2074, 1994), (2068, 1993, 2073, 2074), (1989, 2070, 1995, 2074), (1989, 1990, 1995, 2070), (1989, 2070, 2074, 2069), (1989, 1994, 2074, 1995), (2070, 1995, 2074, 2075), (1991, 2072, 1997, 2076), (1991, 1992, 1997, 2072), (1991, 2072, 2076, 2071), (1991, 1996, 2076, 1997), (2072, 1997, 2076, 2077), (1993, 2072, 2078, 1997), (1992, 1993, 1997, 2072), (1993, 2073, 2078, 2072), (1993, 1997, 2078, 1998), (2072, 1997, 2077, 2078), (1993, 2074, 1999, 2078), (1993, 1994, 1999, 2074), (1993, 2074, 2078, 2073), (1993, 1998, 2078, 1999), (2074, 1999, 2078, 2079), (1995, 2074, 2080, 1999), (1994, 1995, 1999, 2074), (1995, 2075, 2080, 2074), (1995, 1999, 2080, 2000), (2074, 1999, 2079, 2080), (1997, 2076, 2082, 2001), (1996, 1997, 2001, 2076), (1997, 2077, 2082, 2076), (1997, 2001, 2082, 2002), (2076, 2001, 2081, 2082), (1997, 2078, 2003, 2082), (1997, 1998, 2003, 2078), (1997, 2078, 2082, 2077), (1997, 2002, 2082, 2003), (2078, 2003, 2082, 2083), (1999, 2078, 2084, 2003), (1998, 1999, 2003, 2078), (1999, 2079, 2084, 2078), (1999, 2003, 2084, 2004), (2078, 2003, 2083, 2084), (1999, 2080, 2005, 2084), (1999, 2000, 2005, 2080), (1999, 2080, 2084, 2079), (1999, 2004, 2084, 2005), (2080, 2005, 2084, 2085), (2001, 2082, 2007, 2086), (2001, 2002, 2007, 2082), (2001, 2082, 2086, 2081), (2001, 2006, 2086, 2007), (2082, 2007, 2086, 2087), (2003, 2082, 2088, 2007), (2002, 2003, 2007, 2082), (2003, 2083, 2088, 2082), (2003, 2007, 2088, 2008), (2082, 2007, 2087, 2088), (2003, 2084, 2009, 2088), (2003, 2004, 2009, 2084), (2003, 2084, 2088, 2083), (2003, 2008, 2088, 2009), (2084, 2009, 2088, 2089), (2005, 2084, 2090, 2009), (2004, 2005, 2009, 2084), (2005, 2085, 2090, 2084), (2005, 2009, 2090, 2010), (2084, 2009, 2089, 2090), (2007, 2086, 2092, 2011), (2006, 2007, 2011, 2086), (2007, 2087, 2092, 2086), (2007, 2011, 2092, 2012), (2086, 2011, 2091, 2092), (2007, 2088, 2013, 2092), (2007, 2008, 2013, 2088), (2007, 2088, 2092, 2087), (2007, 2012, 2092, 2013), (2088, 2013, 2092, 2093), (2009, 2088, 2094, 2013), (2008, 2009, 2013, 2088), (2009, 2089, 2094, 2088), (2009, 2013, 2094, 2014), (2088, 2013, 2093, 2094), (2009, 2090, 2015, 2094), (2009, 2010, 2015, 2090), (2009, 2090, 2094, 2089), (2009, 2014, 2094, 2015), (2090, 2015, 2094, 2095), (2011, 2092, 2017, 2096), (2011, 2012, 2017, 2092), (2011, 2092, 2096, 2091), (2011, 2016, 2096, 2017), (2092, 2017, 2096, 2097), (2013, 2092, 2098, 2017), (2012, 2013, 2017, 2092), (2013, 2093, 2098, 2092), (2013, 2017, 2098, 2018), (2092, 2017, 2097, 2098), (2013, 2094, 2019, 2098), (2013, 2014, 2019, 2094), (2013, 2094, 2098, 2093), (2013, 2018, 2098, 2019), (2094, 2019, 2098, 2099), (2015, 2094, 2100, 2019), (2014, 2015, 2019, 2094), (2015, 2095, 2100, 2094), (2015, 2019, 2100, 2020), (2094, 2019, 2099, 2100), (2017, 2096, 2102, 2021), (2016, 2017, 2021, 2096), (2017, 2097, 2102, 2096), (2017, 2021, 2102, 2022), (2096, 2021, 2101, 2102), (2017, 2098, 2023, 2102), (2017, 2018, 2023, 2098), (2017, 2098, 2102, 2097), (2017, 2022, 2102, 2023), (2098, 2023, 2102, 2103), (2019, 2098, 2104, 2023), (2018, 2019, 2023, 2098), (2019, 2099, 2104, 2098), (2019, 2023, 2104, 2024), (2098, 2023, 2103, 2104), (2019, 2100, 2025, 2104), (2019, 2020, 2025, 2100), (2019, 2100, 2104, 2099), (2019, 2024, 2104, 2025), (2100, 2025, 2104, 2105), (2021, 2102, 2027, 2106), (2021, 2022, 2027, 2102), (2021, 2102, 2106, 2101), (2021, 2026, 2106, 2027), (2102, 2027, 2106, 2107), (2023, 2102, 2108, 2027), (2022, 2023, 2027, 2102), (2023, 2103, 2108, 2102), (2023, 2027, 2108, 2028), (2102, 2027, 2107, 2108), (2023, 2104, 2029, 2108), (2023, 2024, 2029, 2104), (2023, 2104, 2108, 2103), (2023, 2028, 2108, 2029), (2104, 2029, 2108, 2109), (2025, 2104, 2110, 2029), (2024, 2025, 2029, 2104), (2025, 2105, 2110, 2104), (2025, 2029, 2110, 2030), (2104, 2029, 2109, 2110), (2027, 2106, 2112, 2031), (2026, 2027, 2031, 2106), (2027, 2107, 2112, 2106), (2027, 2031, 2112, 2032), (2106, 2031, 2111, 2112), (2027, 2108, 2033, 2112), (2027, 2028, 2033, 2108), (2027, 2108, 2112, 2107), (2027, 2032, 2112, 2033), (2108, 2033, 2112, 2113), (2029, 2108, 2114, 2033), (2028, 2029, 2033, 2108), (2029, 2109, 2114, 2108), (2029, 2033, 2114, 2034), (2108, 2033, 2113, 2114), (2029, 2110, 2035, 2114), (2029, 2030, 2035, 2110), (2029, 2110, 2114, 2109), (2029, 2034, 2114, 2035), (2110, 2035, 2114, 2115), (2031, 2112, 2037, 2116), (2031, 2032, 2037, 2112), (2031, 2112, 2116, 2111), (2031, 2036, 2116, 2037), (2112, 2037, 2116, 2117), (2033, 2112, 2118, 2037), (2032, 2033, 2037, 2112), (2033, 2113, 2118, 2112), (2033, 2037, 2118, 2038), (2112, 2037, 2117, 2118), (2033, 2114, 2039, 2118), (2033, 2034, 2039, 2114), (2033, 2114, 2118, 2113), (2033, 2038, 2118, 2039), (2114, 2039, 2118, 2119), (2035, 2114, 2120, 2039), (2034, 2035, 2039, 2114), (2035, 2115, 2120, 2114), (2035, 2039, 2120, 2040), (2114, 2039, 2119, 2120), (2037, 2116, 2122, 2041), (2036, 2037, 2041, 2116), (2037, 2117, 2122, 2116), (2037, 2041, 2122, 2042), (2116, 2041, 2121, 2122), (2037, 2118, 2043, 2122), (2037, 2038, 2043, 2118), (2037, 2118, 2122, 2117), (2037, 2042, 2122, 2043), (2118, 2043, 2122, 2123), (2039, 2118, 2124, 2043), (2038, 2039, 2043, 2118), (2039, 2119, 2124, 2118), (2039, 2043, 2124, 2044), (2118, 2043, 2123, 2124), (2039, 2120, 2045, 2124), (2039, 2040, 2045, 2120), (2039, 2120, 2124, 2119), (2039, 2044, 2124, 2045), (2120, 2045, 2124, 2125), (2041, 2122, 2047, 2126), (2041, 2042, 2047, 2122), (2041, 2122, 2126, 2121), (2041, 2046, 2126, 2047), (2122, 2047, 2126, 2127), (2043, 2122, 2128, 2047), (2042, 2043, 2047, 2122), (2043, 2123, 2128, 2122), (2043, 2047, 2128, 2048), (2122, 2047, 2127, 2128), (2043, 2124, 2049, 2128), (2043, 2044, 2049, 2124), (2043, 2124, 2128, 2123), (2043, 2048, 2128, 2049), (2124, 2049, 2128, 2129), (2045, 2124, 2130, 2049), (2044, 2045, 2049, 2124), (2045, 2125, 2130, 2124), (2045, 2049, 2130, 2050), (2124, 2049, 2129, 2130), (2047, 2126, 2132, 2051), (2046, 2047, 2051, 2126), (2047, 2127, 2132, 2126), (2047, 2051, 2132, 2052), (2126, 2051, 2131, 2132), (2047, 2128, 2053, 2132), (2047, 2048, 2053, 2128), (2047, 2128, 2132, 2127), (2047, 2052, 2132, 2053), (2128, 2053, 2132, 2133), (2049, 2128, 2134, 2053), (2048, 2049, 2053, 2128), (2049, 2129, 2134, 2128), (2049, 2053, 2134, 2054), (2128, 2053, 2133, 2134), (2049, 2130, 2055, 2134), (2049, 2050, 2055, 2130), (2049, 2130, 2134, 2129), (2049, 2054, 2134, 2055), (2130, 2055, 2134, 2135), (2051, 2132, 2057, 2136), (2051, 2052, 2057, 2132), (2051, 2132, 2136, 2131), (2051, 2056, 2136, 2057), (2132, 2057, 2136, 2137), (2053, 2132, 2138, 2057), (2052, 2053, 2057, 2132), (2053, 2133, 2138, 2132), (2053, 2057, 2138, 2058), (2132, 2057, 2137, 2138), (2053, 2134, 2059, 2138), (2053, 2054, 2059, 2134), (2053, 2134, 2138, 2133), (2053, 2058, 2138, 2059), (2134, 2059, 2138, 2139), (2055, 2134, 2140, 2059), (2054, 2055, 2059, 2134), (2055, 2135, 2140, 2134), (2055, 2059, 2140, 2060), (2134, 2059, 2139, 2140), (2057, 2136, 2142, 2061), (2056, 2057, 2061, 2136), (2057, 2137, 2142, 2136), (2057, 2061, 2142, 2062), (2136, 2061, 2141, 2142), (2057, 2138, 2063, 2142), (2057, 2058, 2063, 2138), (2057, 2138, 2142, 2137), (2057, 2062, 2142, 2063), (2138, 2063, 2142, 2143), (2059, 2138, 2144, 2063), (2058, 2059, 2063, 2138), (2059, 2139, 2144, 2138), (2059, 2063, 2144, 2064), (2138, 2063, 2143, 2144), (2059, 2140, 2065, 2144), (2059, 2060, 2065, 2140), (2059, 2140, 2144, 2139), (2059, 2064, 2144, 2065), (2140, 2065, 2144, 2145), (261, 275, 2147, 2066), (263, 261, 2066, 275), (261, 274, 2147, 275), (261, 2066, 2147, 2067), (275, 2066, 2146, 2147), (261, 273, 2068, 2147), (261, 259, 2068, 273), (261, 273, 2147, 274), (261, 2067, 2147, 2068), (273, 2068, 2147, 2148), (257, 273, 2149, 2068), (259, 257, 2068, 273), (257, 272, 2149, 273), (257, 2068, 2149, 2069), (273, 2068, 2148, 2149), (257, 203, 2070, 2149), (257, 191, 2070, 203), (257, 203, 2149, 272), (257, 2069, 2149, 2070), (203, 2070, 2149, 2150), (2066, 2147, 2072, 2151), (2066, 2067, 2072, 2147), (2066, 2147, 2151, 2146), (2066, 2071, 2151, 2072), (2147, 2072, 2151, 2152), (2068, 2147, 2153, 2072), (2067, 2068, 2072, 2147), (2068, 2148, 2153, 2147), (2068, 2072, 2153, 2073), (2147, 2072, 2152, 2153), (2068, 2149, 2074, 2153), (2068, 2069, 2074, 2149), (2068, 2149, 2153, 2148), (2068, 2073, 2153, 2074), (2149, 2074, 2153, 2154), (2070, 2149, 2155, 2074), (2069, 2070, 2074, 2149), (2070, 2150, 2155, 2149), (2070, 2074, 2155, 2075), (2149, 2074, 2154, 2155), (2072, 2151, 2157, 2076), (2071, 2072, 2076, 2151), (2072, 2152, 2157, 2151), (2072, 2076, 2157, 2077), (2151, 2076, 2156, 2157), (2072, 2153, 2078, 2157), (2072, 2073, 2078, 2153), (2072, 2153, 2157, 2152), (2072, 2077, 2157, 2078), (2153, 2078, 2157, 2158), (2074, 2153, 2159, 2078), (2073, 2074, 2078, 2153), (2074, 2154, 2159, 2153), (2074, 2078, 2159, 2079), (2153, 2078, 2158, 2159), (2074, 2155, 2080, 2159), (2074, 2075, 2080, 2155), (2074, 2155, 2159, 2154), (2074, 2079, 2159, 2080), (2155, 2080, 2159, 2160), (2076, 2157, 2082, 2161), (2076, 2077, 2082, 2157), (2076, 2157, 2161, 2156), (2076, 2081, 2161, 2082), (2157, 2082, 2161, 2162), (2078, 2157, 2163, 2082), (2077, 2078, 2082, 2157), (2078, 2158, 2163, 2157), (2078, 2082, 2163, 2083), (2157, 2082, 2162, 2163), (2078, 2159, 2084, 2163), (2078, 2079, 2084, 2159), (2078, 2159, 2163, 2158), (2078, 2083, 2163, 2084), (2159, 2084, 2163, 2164), (2080, 2159, 2165, 2084), (2079, 2080, 2084, 2159), (2080, 2160, 2165, 2159), (2080, 2084, 2165, 2085), (2159, 2084, 2164, 2165), (2082, 2161, 2167, 2086), (2081, 2082, 2086, 2161), (2082, 2162, 2167, 2161), (2082, 2086, 2167, 2087), (2161, 2086, 2166, 2167), (2082, 2163, 2088, 2167), (2082, 2083, 2088, 2163), (2082, 2163, 2167, 2162), (2082, 2087, 2167, 2088), (2163, 2088, 2167, 2168), (2084, 2163, 2169, 2088), (2083, 2084, 2088, 2163), (2084, 2164, 2169, 2163), (2084, 2088, 2169, 2089), (2163, 2088, 2168, 2169), (2084, 2165, 2090, 2169), (2084, 2085, 2090, 2165), (2084, 2165, 2169, 2164), (2084, 2089, 2169, 2090), (2165, 2090, 2169, 2170), (2086, 2167, 2092, 2171), (2086, 2087, 2092, 2167), (2086, 2167, 2171, 2166), (2086, 2091, 2171, 2092), (2167, 2092, 2171, 2172), (2088, 2167, 2173, 2092), (2087, 2088, 2092, 2167), (2088, 2168, 2173, 2167), (2088, 2092, 2173, 2093), (2167, 2092, 2172, 2173), (2088, 2169, 2094, 2173), (2088, 2089, 2094, 2169), (2088, 2169, 2173, 2168), (2088, 2093, 2173, 2094), (2169, 2094, 2173, 2174), (2090, 2169, 2175, 2094), (2089, 2090, 2094, 2169), (2090, 2170, 2175, 2169), (2090, 2094, 2175, 2095), (2169, 2094, 2174, 2175), (2092, 2171, 2177, 2096), (2091, 2092, 2096, 2171), (2092, 2172, 2177, 2171), (2092, 2096, 2177, 2097), (2171, 2096, 2176, 2177), (2092, 2173, 2098, 2177), (2092, 2093, 2098, 2173), (2092, 2173, 2177, 2172), (2092, 2097, 2177, 2098), (2173, 2098, 2177, 2178), (2094, 2173, 2179, 2098), (2093, 2094, 2098, 2173), (2094, 2174, 2179, 2173), (2094, 2098, 2179, 2099), (2173, 2098, 2178, 2179), (2094, 2175, 2100, 2179), (2094, 2095, 2100, 2175), (2094, 2175, 2179, 2174), (2094, 2099, 2179, 2100), (2175, 2100, 2179, 2180), (2096, 2177, 2102, 2181), (2096, 2097, 2102, 2177), (2096, 2177, 2181, 2176), (2096, 2101, 2181, 2102), (2177, 2102, 2181, 2182), (2098, 2177, 2183, 2102), (2097, 2098, 2102, 2177), (2098, 2178, 2183, 2177), (2098, 2102, 2183, 2103), (2177, 2102, 2182, 2183), (2098, 2179, 2104, 2183), (2098, 2099, 2104, 2179), (2098, 2179, 2183, 2178), (2098, 2103, 2183, 2104), (2179, 2104, 2183, 2184), (2100, 2179, 2185, 2104), (2099, 2100, 2104, 2179), (2100, 2180, 2185, 2179), (2100, 2104, 2185, 2105), (2179, 2104, 2184, 2185), (2102, 2181, 2187, 2106), (2101, 2102, 2106, 2181), (2102, 2182, 2187, 2181), (2102, 2106, 2187, 2107), (2181, 2106, 2186, 2187), (2102, 2183, 2108, 2187), (2102, 2103, 2108, 2183), (2102, 2183, 2187, 2182), (2102, 2107, 2187, 2108), (2183, 2108, 2187, 2188), (2104, 2183, 2189, 2108), (2103, 2104, 2108, 2183), (2104, 2184, 2189, 2183), (2104, 2108, 2189, 2109), (2183, 2108, 2188, 2189), (2104, 2185, 2110, 2189), (2104, 2105, 2110, 2185), (2104, 2185, 2189, 2184), (2104, 2109, 2189, 2110), (2185, 2110, 2189, 2190), (2106, 2187, 2112, 2191), (2106, 2107, 2112, 2187), (2106, 2187, 2191, 2186), (2106, 2111, 2191, 2112), (2187, 2112, 2191, 2192), (2108, 2187, 2193, 2112), (2107, 2108, 2112, 2187), (2108, 2188, 2193, 2187), (2108, 2112, 2193, 2113), (2187, 2112, 2192, 2193), (2108, 2189, 2114, 2193), (2108, 2109, 2114, 2189), (2108, 2189, 2193, 2188), (2108, 2113, 2193, 2114), (2189, 2114, 2193, 2194), (2110, 2189, 2195, 2114), (2109, 2110, 2114, 2189), (2110, 2190, 2195, 2189), (2110, 2114, 2195, 2115), (2189, 2114, 2194, 2195), (2112, 2191, 2197, 2116), (2111, 2112, 2116, 2191), (2112, 2192, 2197, 2191), (2112, 2116, 2197, 2117), (2191, 2116, 2196, 2197), (2112, 2193, 2118, 2197), (2112, 2113, 2118, 2193), (2112, 2193, 2197, 2192), (2112, 2117, 2197, 2118), (2193, 2118, 2197, 2198), (2114, 2193, 2199, 2118), (2113, 2114, 2118, 2193), (2114, 2194, 2199, 2193), (2114, 2118, 2199, 2119), (2193, 2118, 2198, 2199), (2114, 2195, 2120, 2199), (2114, 2115, 2120, 2195), (2114, 2195, 2199, 2194), (2114, 2119, 2199, 2120), (2195, 2120, 2199, 2200), (2116, 2197, 2122, 2201), (2116, 2117, 2122, 2197), (2116, 2197, 2201, 2196), (2116, 2121, 2201, 2122), (2197, 2122, 2201, 2202), (2118, 2197, 2203, 2122), (2117, 2118, 2122, 2197), (2118, 2198, 2203, 2197), (2118, 2122, 2203, 2123), (2197, 2122, 2202, 2203), (2118, 2199, 2124, 2203), (2118, 2119, 2124, 2199), (2118, 2199, 2203, 2198), (2118, 2123, 2203, 2124), (2199, 2124, 2203, 2204), (2120, 2199, 2205, 2124), (2119, 2120, 2124, 2199), (2120, 2200, 2205, 2199), (2120, 2124, 2205, 2125), (2199, 2124, 2204, 2205), (2122, 2201, 2207, 2126), (2121, 2122, 2126, 2201), (2122, 2202, 2207, 2201), (2122, 2126, 2207, 2127), (2201, 2126, 2206, 2207), (2122, 2203, 2128, 2207), (2122, 2123, 2128, 2203), (2122, 2203, 2207, 2202), (2122, 2127, 2207, 2128), (2203, 2128, 2207, 2208), (2124, 2203, 2209, 2128), (2123, 2124, 2128, 2203), (2124, 2204, 2209, 2203), (2124, 2128, 2209, 2129), (2203, 2128, 2208, 2209), (2124, 2205, 2130, 2209), (2124, 2125, 2130, 2205), (2124, 2205, 2209, 2204), (2124, 2129, 2209, 2130), (2205, 2130, 2209, 2210), (2126, 2207, 2132, 2211), (2126, 2127, 2132, 2207), (2126, 2207, 2211, 2206), (2126, 2131, 2211, 2132), (2207, 2132, 2211, 2212), (2128, 2207, 2213, 2132), (2127, 2128, 2132, 2207), (2128, 2208, 2213, 2207), (2128, 2132, 2213, 2133), (2207, 2132, 2212, 2213), (2128, 2209, 2134, 2213), (2128, 2129, 2134, 2209), (2128, 2209, 2213, 2208), (2128, 2133, 2213, 2134), (2209, 2134, 2213, 2214), (2130, 2209, 2215, 2134), (2129, 2130, 2134, 2209), (2130, 2210, 2215, 2209), (2130, 2134, 2215, 2135), (2209, 2134, 2214, 2215), (2132, 2211, 2217, 2136), (2131, 2132, 2136, 2211), (2132, 2212, 2217, 2211), (2132, 2136, 2217, 2137), (2211, 2136, 2216, 2217), (2132, 2213, 2138, 2217), (2132, 2133, 2138, 2213), (2132, 2213, 2217, 2212), (2132, 2137, 2217, 2138), (2213, 2138, 2217, 2218), (2134, 2213, 2219, 2138), (2133, 2134, 2138, 2213), (2134, 2214, 2219, 2213), (2134, 2138, 2219, 2139), (2213, 2138, 2218, 2219), (2134, 2215, 2140, 2219), (2134, 2135, 2140, 2215), (2134, 2215, 2219, 2214), (2134, 2139, 2219, 2140), (2215, 2140, 2219, 2220), (2136, 2217, 2142, 2221), (2136, 2137, 2142, 2217), (2136, 2217, 2221, 2216), (2136, 2141, 2221, 2142), (2217, 2142, 2221, 2222), (2138, 2217, 2223, 2142), (2137, 2138, 2142, 2217), (2138, 2218, 2223, 2217), (2138, 2142, 2223, 2143), (2217, 2142, 2222, 2223), (2138, 2219, 2144, 2223), (2138, 2139, 2144, 2219), (2138, 2219, 2223, 2218), (2138, 2143, 2223, 2144), (2219, 2144, 2223, 2224), (2140, 2219, 2225, 2144), (2139, 2140, 2144, 2219), (2140, 2220, 2225, 2219), (2140, 2144, 2225, 2145), (2219, 2144, 2224, 2225), (275, 286, 2147, 2226), (275, 274, 2147, 286), (275, 286, 2226, 287), (275, 2146, 2226, 2147), (286, 2147, 2226, 2227), (273, 286, 2228, 2147), (274, 273, 2147, 286), (273, 285, 2228, 286), (273, 2147, 2228, 2148), (286, 2147, 2227, 2228), (273, 284, 2149, 2228), (273, 272, 2149, 284), (273, 284, 2228, 285), (273, 2148, 2228, 2149), (284, 2149, 2228, 2229), (203, 284, 2230, 2149), (272, 203, 2149, 284), (203, 215, 2230, 284), (203, 2149, 2230, 2150), (284, 2149, 2229, 2230), (2147, 2226, 2232, 2151), (2146, 2147, 2151, 2226), (2147, 2227, 2232, 2226), (2147, 2151, 2232, 2152), (2226, 2151, 2231, 2232), (2147, 2228, 2153, 2232), (2147, 2148, 2153, 2228), (2147, 2228, 2232, 2227), (2147, 2152, 2232, 2153), (2228, 2153, 2232, 2233), (2149, 2228, 2234, 2153), (2148, 2149, 2153, 2228), (2149, 2229, 2234, 2228), (2149, 2153, 2234, 2154), (2228, 2153, 2233, 2234), (2149, 2230, 2155, 2234), (2149, 2150, 2155, 2230), (2149, 2230, 2234, 2229), (2149, 2154, 2234, 2155), (2230, 2155, 2234, 2235), (2151, 2232, 2157, 2236), (2151, 2152, 2157, 2232), (2151, 2232, 2236, 2231), (2151, 2156, 2236, 2157), (2232, 2157, 2236, 2237), (2153, 2232, 2238, 2157), (2152, 2153, 2157, 2232), (2153, 2233, 2238, 2232), (2153, 2157, 2238, 2158), (2232, 2157, 2237, 2238), (2153, 2234, 2159, 2238), (2153, 2154, 2159, 2234), (2153, 2234, 2238, 2233), (2153, 2158, 2238, 2159), (2234, 2159, 2238, 2239), (2155, 2234, 2240, 2159), (2154, 2155, 2159, 2234), (2155, 2235, 2240, 2234), (2155, 2159, 2240, 2160), (2234, 2159, 2239, 2240), (2157, 2236, 2242, 2161), (2156, 2157, 2161, 2236), (2157, 2237, 2242, 2236), (2157, 2161, 2242, 2162), (2236, 2161, 2241, 2242), (2157, 2238, 2163, 2242), (2157, 2158, 2163, 2238), (2157, 2238, 2242, 2237), (2157, 2162, 2242, 2163), (2238, 2163, 2242, 2243), (2159, 2238, 2244, 2163), (2158, 2159, 2163, 2238), (2159, 2239, 2244, 2238), (2159, 2163, 2244, 2164), (2238, 2163, 2243, 2244), (2159, 2240, 2165, 2244), (2159, 2160, 2165, 2240), (2159, 2240, 2244, 2239), (2159, 2164, 2244, 2165), (2240, 2165, 2244, 2245), (2161, 2242, 2167, 2246), (2161, 2162, 2167, 2242), (2161, 2242, 2246, 2241), (2161, 2166, 2246, 2167), (2242, 2167, 2246, 2247), (2163, 2242, 2248, 2167), (2162, 2163, 2167, 2242), (2163, 2243, 2248, 2242), (2163, 2167, 2248, 2168), (2242, 2167, 2247, 2248), (2163, 2244, 2169, 2248), (2163, 2164, 2169, 2244), (2163, 2244, 2248, 2243), (2163, 2168, 2248, 2169), (2244, 2169, 2248, 2249), (2165, 2244, 2250, 2169), (2164, 2165, 2169, 2244), (2165, 2245, 2250, 2244), (2165, 2169, 2250, 2170), (2244, 2169, 2249, 2250), (2167, 2246, 2252, 2171), (2166, 2167, 2171, 2246), (2167, 2247, 2252, 2246), (2167, 2171, 2252, 2172), (2246, 2171, 2251, 2252), (2167, 2248, 2173, 2252), (2167, 2168, 2173, 2248), (2167, 2248, 2252, 2247), (2167, 2172, 2252, 2173), (2248, 2173, 2252, 2253), (2169, 2248, 2254, 2173), (2168, 2169, 2173, 2248), (2169, 2249, 2254, 2248), (2169, 2173, 2254, 2174), (2248, 2173, 2253, 2254), (2169, 2250, 2175, 2254), (2169, 2170, 2175, 2250), (2169, 2250, 2254, 2249), (2169, 2174, 2254, 2175), (2250, 2175, 2254, 2255), (2171, 2252, 2177, 2256), (2171, 2172, 2177, 2252), (2171, 2252, 2256, 2251), (2171, 2176, 2256, 2177), (2252, 2177, 2256, 2257), (2173, 2252, 2258, 2177), (2172, 2173, 2177, 2252), (2173, 2253, 2258, 2252), (2173, 2177, 2258, 2178), (2252, 2177, 2257, 2258), (2173, 2254, 2179, 2258), (2173, 2174, 2179, 2254), (2173, 2254, 2258, 2253), (2173, 2178, 2258, 2179), (2254, 2179, 2258, 2259), (2175, 2254, 2260, 2179), (2174, 2175, 2179, 2254), (2175, 2255, 2260, 2254), (2175, 2179, 2260, 2180), (2254, 2179, 2259, 2260), (2177, 2256, 2262, 2181), (2176, 2177, 2181, 2256), (2177, 2257, 2262, 2256), (2177, 2181, 2262, 2182), (2256, 2181, 2261, 2262), (2177, 2258, 2183, 2262), (2177, 2178, 2183, 2258), (2177, 2258, 2262, 2257), (2177, 2182, 2262, 2183), (2258, 2183, 2262, 2263), (2179, 2258, 2264, 2183), (2178, 2179, 2183, 2258), (2179, 2259, 2264, 2258), (2179, 2183, 2264, 2184), (2258, 2183, 2263, 2264), (2179, 2260, 2185, 2264), (2179, 2180, 2185, 2260), (2179, 2260, 2264, 2259), (2179, 2184, 2264, 2185), (2260, 2185, 2264, 2265), (2181, 2262, 2187, 2266), (2181, 2182, 2187, 2262), (2181, 2262, 2266, 2261), (2181, 2186, 2266, 2187), (2262, 2187, 2266, 2267), (2183, 2262, 2268, 2187), (2182, 2183, 2187, 2262), (2183, 2263, 2268, 2262), (2183, 2187, 2268, 2188), (2262, 2187, 2267, 2268), (2183, 2264, 2189, 2268), (2183, 2184, 2189, 2264), (2183, 2264, 2268, 2263), (2183, 2188, 2268, 2189), (2264, 2189, 2268, 2269), (2185, 2264, 2270, 2189), (2184, 2185, 2189, 2264), (2185, 2265, 2270, 2264), (2185, 2189, 2270, 2190), (2264, 2189, 2269, 2270), (2187, 2266, 2272, 2191), (2186, 2187, 2191, 2266), (2187, 2267, 2272, 2266), (2187, 2191, 2272, 2192), (2266, 2191, 2271, 2272), (2187, 2268, 2193, 2272), (2187, 2188, 2193, 2268), (2187, 2268, 2272, 2267), (2187, 2192, 2272, 2193), (2268, 2193, 2272, 2273), (2189, 2268, 2274, 2193), (2188, 2189, 2193, 2268), (2189, 2269, 2274, 2268), (2189, 2193, 2274, 2194), (2268, 2193, 2273, 2274), (2189, 2270, 2195, 2274), (2189, 2190, 2195, 2270), (2189, 2270, 2274, 2269), (2189, 2194, 2274, 2195), (2270, 2195, 2274, 2275), (2191, 2272, 2197, 2276), (2191, 2192, 2197, 2272), (2191, 2272, 2276, 2271), (2191, 2196, 2276, 2197), (2272, 2197, 2276, 2277), (2193, 2272, 2278, 2197), (2192, 2193, 2197, 2272), (2193, 2273, 2278, 2272), (2193, 2197, 2278, 2198), (2272, 2197, 2277, 2278), (2193, 2274, 2199, 2278), (2193, 2194, 2199, 2274), (2193, 2274, 2278, 2273), (2193, 2198, 2278, 2199), (2274, 2199, 2278, 2279), (2195, 2274, 2280, 2199), (2194, 2195, 2199, 2274), (2195, 2275, 2280, 2274), (2195, 2199, 2280, 2200), (2274, 2199, 2279, 2280), (2197, 2276, 2282, 2201), (2196, 2197, 2201, 2276), (2197, 2277, 2282, 2276), (2197, 2201, 2282, 2202), (2276, 2201, 2281, 2282), (2197, 2278, 2203, 2282), (2197, 2198, 2203, 2278), (2197, 2278, 2282, 2277), (2197, 2202, 2282, 2203), (2278, 2203, 2282, 2283), (2199, 2278, 2284, 2203), (2198, 2199, 2203, 2278), (2199, 2279, 2284, 2278), (2199, 2203, 2284, 2204), (2278, 2203, 2283, 2284), (2199, 2280, 2205, 2284), (2199, 2200, 2205, 2280), (2199, 2280, 2284, 2279), (2199, 2204, 2284, 2205), (2280, 2205, 2284, 2285), (2201, 2282, 2207, 2286), (2201, 2202, 2207, 2282), (2201, 2282, 2286, 2281), (2201, 2206, 2286, 2207), (2282, 2207, 2286, 2287), (2203, 2282, 2288, 2207), (2202, 2203, 2207, 2282), (2203, 2283, 2288, 2282), (2203, 2207, 2288, 2208), (2282, 2207, 2287, 2288), (2203, 2284, 2209, 2288), (2203, 2204, 2209, 2284), (2203, 2284, 2288, 2283), (2203, 2208, 2288, 2209), (2284, 2209, 2288, 2289), (2205, 2284, 2290, 2209), (2204, 2205, 2209, 2284), (2205, 2285, 2290, 2284), (2205, 2209, 2290, 2210), (2284, 2209, 2289, 2290), (2207, 2286, 2292, 2211), (2206, 2207, 2211, 2286), (2207, 2287, 2292, 2286), (2207, 2211, 2292, 2212), (2286, 2211, 2291, 2292), (2207, 2288, 2213, 2292), (2207, 2208, 2213, 2288), (2207, 2288, 2292, 2287), (2207, 2212, 2292, 2213), (2288, 2213, 2292, 2293), (2209, 2288, 2294, 2213), (2208, 2209, 2213, 2288), (2209, 2289, 2294, 2288), (2209, 2213, 2294, 2214), (2288, 2213, 2293, 2294), (2209, 2290, 2215, 2294), (2209, 2210, 2215, 2290), (2209, 2290, 2294, 2289), (2209, 2214, 2294, 2215), (2290, 2215, 2294, 2295), (2211, 2292, 2217, 2296), (2211, 2212, 2217, 2292), (2211, 2292, 2296, 2291), (2211, 2216, 2296, 2217), (2292, 2217, 2296, 2297), (2213, 2292, 2298, 2217), (2212, 2213, 2217, 2292), (2213, 2293, 2298, 2292), (2213, 2217, 2298, 2218), (2292, 2217, 2297, 2298), (2213, 2294, 2219, 2298), (2213, 2214, 2219, 2294), (2213, 2294, 2298, 2293), (2213, 2218, 2298, 2219), (2294, 2219, 2298, 2299), (2215, 2294, 2300, 2219), (2214, 2215, 2219, 2294), (2215, 2295, 2300, 2294), (2215, 2219, 2300, 2220), (2294, 2219, 2299, 2300), (2217, 2296, 2302, 2221), (2216, 2217, 2221, 2296), (2217, 2297, 2302, 2296), (2217, 2221, 2302, 2222), (2296, 2221, 2301, 2302), (2217, 2298, 2223, 2302), (2217, 2218, 2223, 2298), (2217, 2298, 2302, 2297), (2217, 2222, 2302, 2223), (2298, 2223, 2302, 2303), (2219, 2298, 2304, 2223), (2218, 2219, 2223, 2298), (2219, 2299, 2304, 2298), (2219, 2223, 2304, 2224), (2298, 2223, 2303, 2304), (2219, 2300, 2225, 2304), (2219, 2220, 2225, 2300), (2219, 2300, 2304, 2299), (2219, 2224, 2304, 2225), (2300, 2225, 2304, 2305), (286, 299, 2307, 2226), (287, 286, 2226, 299), (286, 298, 2307, 299), (286, 2226, 2307, 2227), (299, 2226, 2306, 2307), (286, 297, 2228, 2307), (286, 285, 2228, 297), (286, 297, 2307, 298), (286, 2227, 2307, 2228), (297, 2228, 2307, 2308), (284, 297, 2309, 2228), (285, 284, 2228, 297), (284, 296, 2309, 297), (284, 2228, 2309, 2229), (297, 2228, 2308, 2309), (284, 227, 2230, 2309), (284, 215, 2230, 227), (284, 227, 2309, 296), (284, 2229, 2309, 2230), (227, 2230, 2309, 2310), (2226, 2307, 2232, 2311), (2226, 2227, 2232, 2307), (2226, 2307, 2311, 2306), (2226, 2231, 2311, 2232), (2307, 2232, 2311, 2312), (2228, 2307, 2313, 2232), (2227, 2228, 2232, 2307), (2228, 2308, 2313, 2307), (2228, 2232, 2313, 2233), (2307, 2232, 2312, 2313), (2228, 2309, 2234, 2313), (2228, 2229, 2234, 2309), (2228, 2309, 2313, 2308), (2228, 2233, 2313, 2234), (2309, 2234, 2313, 2314), (2230, 2309, 2315, 2234), (2229, 2230, 2234, 2309), (2230, 2310, 2315, 2309), (2230, 2234, 2315, 2235), (2309, 2234, 2314, 2315), (2232, 2311, 2317, 2236), (2231, 2232, 2236, 2311), (2232, 2312, 2317, 2311), (2232, 2236, 2317, 2237), (2311, 2236, 2316, 2317), (2232, 2313, 2238, 2317), (2232, 2233, 2238, 2313), (2232, 2313, 2317, 2312), (2232, 2237, 2317, 2238), (2313, 2238, 2317, 2318), (2234, 2313, 2319, 2238), (2233, 2234, 2238, 2313), (2234, 2314, 2319, 2313), (2234, 2238, 2319, 2239), (2313, 2238, 2318, 2319), (2234, 2315, 2240, 2319), (2234, 2235, 2240, 2315), (2234, 2315, 2319, 2314), (2234, 2239, 2319, 2240), (2315, 2240, 2319, 2320), (2236, 2317, 2242, 2321), (2236, 2237, 2242, 2317), (2236, 2317, 2321, 2316), (2236, 2241, 2321, 2242), (2317, 2242, 2321, 2322), (2238, 2317, 2323, 2242), (2237, 2238, 2242, 2317), (2238, 2318, 2323, 2317), (2238, 2242, 2323, 2243), (2317, 2242, 2322, 2323), (2238, 2319, 2244, 2323), (2238, 2239, 2244, 2319), (2238, 2319, 2323, 2318), (2238, 2243, 2323, 2244), (2319, 2244, 2323, 2324), (2240, 2319, 2325, 2244), (2239, 2240, 2244, 2319), (2240, 2320, 2325, 2319), (2240, 2244, 2325, 2245), (2319, 2244, 2324, 2325), (2242, 2321, 2327, 2246), (2241, 2242, 2246, 2321), (2242, 2322, 2327, 2321), (2242, 2246, 2327, 2247), (2321, 2246, 2326, 2327), (2242, 2323, 2248, 2327), (2242, 2243, 2248, 2323), (2242, 2323, 2327, 2322), (2242, 2247, 2327, 2248), (2323, 2248, 2327, 2328), (2244, 2323, 2329, 2248), (2243, 2244, 2248, 2323), (2244, 2324, 2329, 2323), (2244, 2248, 2329, 2249), (2323, 2248, 2328, 2329), (2244, 2325, 2250, 2329), (2244, 2245, 2250, 2325), (2244, 2325, 2329, 2324), (2244, 2249, 2329, 2250), (2325, 2250, 2329, 2330), (2246, 2327, 2252, 2331), (2246, 2247, 2252, 2327), (2246, 2327, 2331, 2326), (2246, 2251, 2331, 2252), (2327, 2252, 2331, 2332), (2248, 2327, 2333, 2252), (2247, 2248, 2252, 2327), (2248, 2328, 2333, 2327), (2248, 2252, 2333, 2253), (2327, 2252, 2332, 2333), (2248, 2329, 2254, 2333), (2248, 2249, 2254, 2329), (2248, 2329, 2333, 2328), (2248, 2253, 2333, 2254), (2329, 2254, 2333, 2334), (2250, 2329, 2335, 2254), (2249, 2250, 2254, 2329), (2250, 2330, 2335, 2329), (2250, 2254, 2335, 2255), (2329, 2254, 2334, 2335), (2252, 2331, 2337, 2256), (2251, 2252, 2256, 2331), (2252, 2332, 2337, 2331), (2252, 2256, 2337, 2257), (2331, 2256, 2336, 2337), (2252, 2333, 2258, 2337), (2252, 2253, 2258, 2333), (2252, 2333, 2337, 2332), (2252, 2257, 2337, 2258), (2333, 2258, 2337, 2338), (2254, 2333, 2339, 2258), (2253, 2254, 2258, 2333), (2254, 2334, 2339, 2333), (2254, 2258, 2339, 2259), (2333, 2258, 2338, 2339), (2254, 2335, 2260, 2339), (2254, 2255, 2260, 2335), (2254, 2335, 2339, 2334), (2254, 2259, 2339, 2260), (2335, 2260, 2339, 2340), (2256, 2337, 2262, 2341), (2256, 2257, 2262, 2337), (2256, 2337, 2341, 2336), (2256, 2261, 2341, 2262), (2337, 2262, 2341, 2342), (2258, 2337, 2343, 2262), (2257, 2258, 2262, 2337), (2258, 2338, 2343, 2337), (2258, 2262, 2343, 2263), (2337, 2262, 2342, 2343), (2258, 2339, 2264, 2343), (2258, 2259, 2264, 2339), (2258, 2339, 2343, 2338), (2258, 2263, 2343, 2264), (2339, 2264, 2343, 2344), (2260, 2339, 2345, 2264), (2259, 2260, 2264, 2339), (2260, 2340, 2345, 2339), (2260, 2264, 2345, 2265), (2339, 2264, 2344, 2345), (2262, 2341, 2347, 2266), (2261, 2262, 2266, 2341), (2262, 2342, 2347, 2341), (2262, 2266, 2347, 2267), (2341, 2266, 2346, 2347), (2262, 2343, 2268, 2347), (2262, 2263, 2268, 2343), (2262, 2343, 2347, 2342), (2262, 2267, 2347, 2268), (2343, 2268, 2347, 2348), (2264, 2343, 2349, 2268), (2263, 2264, 2268, 2343), (2264, 2344, 2349, 2343), (2264, 2268, 2349, 2269), (2343, 2268, 2348, 2349), (2264, 2345, 2270, 2349), (2264, 2265, 2270, 2345), (2264, 2345, 2349, 2344), (2264, 2269, 2349, 2270), (2345, 2270, 2349, 2350), (2266, 2347, 2272, 2351), (2266, 2267, 2272, 2347), (2266, 2347, 2351, 2346), (2266, 2271, 2351, 2272), (2347, 2272, 2351, 2352), (2268, 2347, 2353, 2272), (2267, 2268, 2272, 2347), (2268, 2348, 2353, 2347), (2268, 2272, 2353, 2273), (2347, 2272, 2352, 2353), (2268, 2349, 2274, 2353), (2268, 2269, 2274, 2349), (2268, 2349, 2353, 2348), (2268, 2273, 2353, 2274), (2349, 2274, 2353, 2354), (2270, 2349, 2355, 2274), (2269, 2270, 2274, 2349), (2270, 2350, 2355, 2349), (2270, 2274, 2355, 2275), (2349, 2274, 2354, 2355), (2272, 2351, 2357, 2276), (2271, 2272, 2276, 2351), (2272, 2352, 2357, 2351), (2272, 2276, 2357, 2277), (2351, 2276, 2356, 2357), (2272, 2353, 2278, 2357), (2272, 2273, 2278, 2353), (2272, 2353, 2357, 2352), (2272, 2277, 2357, 2278), (2353, 2278, 2357, 2358), (2274, 2353, 2359, 2278), (2273, 2274, 2278, 2353), (2274, 2354, 2359, 2353), (2274, 2278, 2359, 2279), (2353, 2278, 2358, 2359), (2274, 2355, 2280, 2359), (2274, 2275, 2280, 2355), (2274, 2355, 2359, 2354), (2274, 2279, 2359, 2280), (2355, 2280, 2359, 2360), (2276, 2357, 2282, 2361), (2276, 2277, 2282, 2357), (2276, 2357, 2361, 2356), (2276, 2281, 2361, 2282), (2357, 2282, 2361, 2362), (2278, 2357, 2363, 2282), (2277, 2278, 2282, 2357), (2278, 2358, 2363, 2357), (2278, 2282, 2363, 2283), (2357, 2282, 2362, 2363), (2278, 2359, 2284, 2363), (2278, 2279, 2284, 2359), (2278, 2359, 2363, 2358), (2278, 2283, 2363, 2284), (2359, 2284, 2363, 2364), (2280, 2359, 2365, 2284), (2279, 2280, 2284, 2359), (2280, 2360, 2365, 2359), (2280, 2284, 2365, 2285), (2359, 2284, 2364, 2365), (2282, 2361, 2367, 2286), (2281, 2282, 2286, 2361), (2282, 2362, 2367, 2361), (2282, 2286, 2367, 2287), (2361, 2286, 2366, 2367), (2282, 2363, 2288, 2367), (2282, 2283, 2288, 2363), (2282, 2363, 2367, 2362), (2282, 2287, 2367, 2288), (2363, 2288, 2367, 2368), (2284, 2363, 2369, 2288), (2283, 2284, 2288, 2363), (2284, 2364, 2369, 2363), (2284, 2288, 2369, 2289), (2363, 2288, 2368, 2369), (2284, 2365, 2290, 2369), (2284, 2285, 2290, 2365), (2284, 2365, 2369, 2364), (2284, 2289, 2369, 2290), (2365, 2290, 2369, 2370), (2286, 2367, 2292, 2371), (2286, 2287, 2292, 2367), (2286, 2367, 2371, 2366), (2286, 2291, 2371, 2292), (2367, 2292, 2371, 2372), (2288, 2367, 2373, 2292), (2287, 2288, 2292, 2367), (2288, 2368, 2373, 2367), (2288, 2292, 2373, 2293), (2367, 2292, 2372, 2373), (2288, 2369, 2294, 2373), (2288, 2289, 2294, 2369), (2288, 2369, 2373, 2368), (2288, 2293, 2373, 2294), (2369, 2294, 2373, 2374), (2290, 2369, 2375, 2294), (2289, 2290, 2294, 2369), (2290, 2370, 2375, 2369), (2290, 2294, 2375, 2295), (2369, 2294, 2374, 2375), (2292, 2371, 2377, 2296), (2291, 2292, 2296, 2371), (2292, 2372, 2377, 2371), (2292, 2296, 2377, 2297), (2371, 2296, 2376, 2377), (2292, 2373, 2298, 2377), (2292, 2293, 2298, 2373), (2292, 2373, 2377, 2372), (2292, 2297, 2377, 2298), (2373, 2298, 2377, 2378), (2294, 2373, 2379, 2298), (2293, 2294, 2298, 2373), (2294, 2374, 2379, 2373), (2294, 2298, 2379, 2299), (2373, 2298, 2378, 2379), (2294, 2375, 2300, 2379), (2294, 2295, 2300, 2375), (2294, 2375, 2379, 2374), (2294, 2299, 2379, 2300), (2375, 2300, 2379, 2380), (2296, 2377, 2302, 2381), (2296, 2297, 2302, 2377), (2296, 2377, 2381, 2376), (2296, 2301, 2381, 2302), (2377, 2302, 2381, 2382), (2298, 2377, 2383, 2302), (2297, 2298, 2302, 2377), (2298, 2378, 2383, 2377), (2298, 2302, 2383, 2303), (2377, 2302, 2382, 2383), (2298, 2379, 2304, 2383), (2298, 2299, 2304, 2379), (2298, 2379, 2383, 2378), (2298, 2303, 2383, 2304), (2379, 2304, 2383, 2384), (2300, 2379, 2385, 2304), (2299, 2300, 2304, 2379), (2300, 2380, 2385, 2379), (2300, 2304, 2385, 2305), (2379, 2304, 2384, 2385), (299, 310, 2307, 2386), (299, 298, 2307, 310), (299, 310, 2386, 311), (299, 2306, 2386, 2307), (310, 2307, 2386, 2387), (297, 310, 2388, 2307), (298, 297, 2307, 310), (297, 309, 2388, 310), (297, 2307, 2388, 2308), (310, 2307, 2387, 2388), (297, 308, 2309, 2388), (297, 296, 2309, 308), (297, 308, 2388, 309), (297, 2308, 2388, 2309), (308, 2309, 2388, 2389), (227, 308, 2390, 2309), (296, 227, 2309, 308), (227, 239, 2390, 308), (227, 2309, 2390, 2310), (308, 2309, 2389, 2390), (2307, 2386, 2392, 2311), (2306, 2307, 2311, 2386), (2307, 2387, 2392, 2386), (2307, 2311, 2392, 2312), (2386, 2311, 2391, 2392), (2307, 2388, 2313, 2392), (2307, 2308, 2313, 2388), (2307, 2388, 2392, 2387), (2307, 2312, 2392, 2313), (2388, 2313, 2392, 2393), (2309, 2388, 2394, 2313), (2308, 2309, 2313, 2388), (2309, 2389, 2394, 2388), (2309, 2313, 2394, 2314), (2388, 2313, 2393, 2394), (2309, 2390, 2315, 2394), (2309, 2310, 2315, 2390), (2309, 2390, 2394, 2389), (2309, 2314, 2394, 2315), (2390, 2315, 2394, 2395), (2311, 2392, 2317, 2396), (2311, 2312, 2317, 2392), (2311, 2392, 2396, 2391), (2311, 2316, 2396, 2317), (2392, 2317, 2396, 2397), (2313, 2392, 2398, 2317), (2312, 2313, 2317, 2392), (2313, 2393, 2398, 2392), (2313, 2317, 2398, 2318), (2392, 2317, 2397, 2398), (2313, 2394, 2319, 2398), (2313, 2314, 2319, 2394), (2313, 2394, 2398, 2393), (2313, 2318, 2398, 2319), (2394, 2319, 2398, 2399), (2315, 2394, 2400, 2319), (2314, 2315, 2319, 2394), (2315, 2395, 2400, 2394), (2315, 2319, 2400, 2320), (2394, 2319, 2399, 2400), (2317, 2396, 2402, 2321), (2316, 2317, 2321, 2396), (2317, 2397, 2402, 2396), (2317, 2321, 2402, 2322), (2396, 2321, 2401, 2402), (2317, 2398, 2323, 2402), (2317, 2318, 2323, 2398), (2317, 2398, 2402, 2397), (2317, 2322, 2402, 2323), (2398, 2323, 2402, 2403), (2319, 2398, 2404, 2323), (2318, 2319, 2323, 2398), (2319, 2399, 2404, 2398), (2319, 2323, 2404, 2324), (2398, 2323, 2403, 2404), (2319, 2400, 2325, 2404), (2319, 2320, 2325, 2400), (2319, 2400, 2404, 2399), (2319, 2324, 2404, 2325), (2400, 2325, 2404, 2405), (2321, 2402, 2327, 2406), (2321, 2322, 2327, 2402), (2321, 2402, 2406, 2401), (2321, 2326, 2406, 2327), (2402, 2327, 2406, 2407), (2323, 2402, 2408, 2327), (2322, 2323, 2327, 2402), (2323, 2403, 2408, 2402), (2323, 2327, 2408, 2328), (2402, 2327, 2407, 2408), (2323, 2404, 2329, 2408), (2323, 2324, 2329, 2404), (2323, 2404, 2408, 2403), (2323, 2328, 2408, 2329), (2404, 2329, 2408, 2409), (2325, 2404, 2410, 2329), (2324, 2325, 2329, 2404), (2325, 2405, 2410, 2404), (2325, 2329, 2410, 2330), (2404, 2329, 2409, 2410), (2327, 2406, 2412, 2331), (2326, 2327, 2331, 2406), (2327, 2407, 2412, 2406), (2327, 2331, 2412, 2332), (2406, 2331, 2411, 2412), (2327, 2408, 2333, 2412), (2327, 2328, 2333, 2408), (2327, 2408, 2412, 2407), (2327, 2332, 2412, 2333), (2408, 2333, 2412, 2413), (2329, 2408, 2414, 2333), (2328, 2329, 2333, 2408), (2329, 2409, 2414, 2408), (2329, 2333, 2414, 2334), (2408, 2333, 2413, 2414), (2329, 2410, 2335, 2414), (2329, 2330, 2335, 2410), (2329, 2410, 2414, 2409), (2329, 2334, 2414, 2335), (2410, 2335, 2414, 2415), (2331, 2412, 2337, 2416), (2331, 2332, 2337, 2412), (2331, 2412, 2416, 2411), (2331, 2336, 2416, 2337), (2412, 2337, 2416, 2417), (2333, 2412, 2418, 2337), (2332, 2333, 2337, 2412), (2333, 2413, 2418, 2412), (2333, 2337, 2418, 2338), (2412, 2337, 2417, 2418), (2333, 2414, 2339, 2418), (2333, 2334, 2339, 2414), (2333, 2414, 2418, 2413), (2333, 2338, 2418, 2339), (2414, 2339, 2418, 2419), (2335, 2414, 2420, 2339), (2334, 2335, 2339, 2414), (2335, 2415, 2420, 2414), (2335, 2339, 2420, 2340), (2414, 2339, 2419, 2420), (2337, 2416, 2422, 2341), (2336, 2337, 2341, 2416), (2337, 2417, 2422, 2416), (2337, 2341, 2422, 2342), (2416, 2341, 2421, 2422), (2337, 2418, 2343, 2422), (2337, 2338, 2343, 2418), (2337, 2418, 2422, 2417), (2337, 2342, 2422, 2343), (2418, 2343, 2422, 2423), (2339, 2418, 2424, 2343), (2338, 2339, 2343, 2418), (2339, 2419, 2424, 2418), (2339, 2343, 2424, 2344), (2418, 2343, 2423, 2424), (2339, 2420, 2345, 2424), (2339, 2340, 2345, 2420), (2339, 2420, 2424, 2419), (2339, 2344, 2424, 2345), (2420, 2345, 2424, 2425), (2341, 2422, 2347, 2426), (2341, 2342, 2347, 2422), (2341, 2422, 2426, 2421), (2341, 2346, 2426, 2347), (2422, 2347, 2426, 2427), (2343, 2422, 2428, 2347), (2342, 2343, 2347, 2422), (2343, 2423, 2428, 2422), (2343, 2347, 2428, 2348), (2422, 2347, 2427, 2428), (2343, 2424, 2349, 2428), (2343, 2344, 2349, 2424), (2343, 2424, 2428, 2423), (2343, 2348, 2428, 2349), (2424, 2349, 2428, 2429), (2345, 2424, 2430, 2349), (2344, 2345, 2349, 2424), (2345, 2425, 2430, 2424), (2345, 2349, 2430, 2350), (2424, 2349, 2429, 2430), (2347, 2426, 2432, 2351), (2346, 2347, 2351, 2426), (2347, 2427, 2432, 2426), (2347, 2351, 2432, 2352), (2426, 2351, 2431, 2432), (2347, 2428, 2353, 2432), (2347, 2348, 2353, 2428), (2347, 2428, 2432, 2427), (2347, 2352, 2432, 2353), (2428, 2353, 2432, 2433), (2349, 2428, 2434, 2353), (2348, 2349, 2353, 2428), (2349, 2429, 2434, 2428), (2349, 2353, 2434, 2354), (2428, 2353, 2433, 2434), (2349, 2430, 2355, 2434), (2349, 2350, 2355, 2430), (2349, 2430, 2434, 2429), (2349, 2354, 2434, 2355), (2430, 2355, 2434, 2435), (2351, 2432, 2357, 2436), (2351, 2352, 2357, 2432), (2351, 2432, 2436, 2431), (2351, 2356, 2436, 2357), (2432, 2357, 2436, 2437), (2353, 2432, 2438, 2357), (2352, 2353, 2357, 2432), (2353, 2433, 2438, 2432), (2353, 2357, 2438, 2358), (2432, 2357, 2437, 2438), (2353, 2434, 2359, 2438), (2353, 2354, 2359, 2434), (2353, 2434, 2438, 2433), (2353, 2358, 2438, 2359), (2434, 2359, 2438, 2439), (2355, 2434, 2440, 2359), (2354, 2355, 2359, 2434), (2355, 2435, 2440, 2434), (2355, 2359, 2440, 2360), (2434, 2359, 2439, 2440), (2357, 2436, 2442, 2361), (2356, 2357, 2361, 2436), (2357, 2437, 2442, 2436), (2357, 2361, 2442, 2362), (2436, 2361, 2441, 2442), (2357, 2438, 2363, 2442), (2357, 2358, 2363, 2438), (2357, 2438, 2442, 2437), (2357, 2362, 2442, 2363), (2438, 2363, 2442, 2443), (2359, 2438, 2444, 2363), (2358, 2359, 2363, 2438), (2359, 2439, 2444, 2438), (2359, 2363, 2444, 2364), (2438, 2363, 2443, 2444), (2359, 2440, 2365, 2444), (2359, 2360, 2365, 2440), (2359, 2440, 2444, 2439), (2359, 2364, 2444, 2365), (2440, 2365, 2444, 2445), (2361, 2442, 2367, 2446), (2361, 2362, 2367, 2442), (2361, 2442, 2446, 2441), (2361, 2366, 2446, 2367), (2442, 2367, 2446, 2447), (2363, 2442, 2448, 2367), (2362, 2363, 2367, 2442), (2363, 2443, 2448, 2442), (2363, 2367, 2448, 2368), (2442, 2367, 2447, 2448), (2363, 2444, 2369, 2448), (2363, 2364, 2369, 2444), (2363, 2444, 2448, 2443), (2363, 2368, 2448, 2369), (2444, 2369, 2448, 2449), (2365, 2444, 2450, 2369), (2364, 2365, 2369, 2444), (2365, 2445, 2450, 2444), (2365, 2369, 2450, 2370), (2444, 2369, 2449, 2450), (2367, 2446, 2452, 2371), (2366, 2367, 2371, 2446), (2367, 2447, 2452, 2446), (2367, 2371, 2452, 2372), (2446, 2371, 2451, 2452), (2367, 2448, 2373, 2452), (2367, 2368, 2373, 2448), (2367, 2448, 2452, 2447), (2367, 2372, 2452, 2373), (2448, 2373, 2452, 2453), (2369, 2448, 2454, 2373), (2368, 2369, 2373, 2448), (2369, 2449, 2454, 2448), (2369, 2373, 2454, 2374), (2448, 2373, 2453, 2454), (2369, 2450, 2375, 2454), (2369, 2370, 2375, 2450), (2369, 2450, 2454, 2449), (2369, 2374, 2454, 2375), (2450, 2375, 2454, 2455), (2371, 2452, 2377, 2456), (2371, 2372, 2377, 2452), (2371, 2452, 2456, 2451), (2371, 2376, 2456, 2377), (2452, 2377, 2456, 2457), (2373, 2452, 2458, 2377), (2372, 2373, 2377, 2452), (2373, 2453, 2458, 2452), (2373, 2377, 2458, 2378), (2452, 2377, 2457, 2458), (2373, 2454, 2379, 2458), (2373, 2374, 2379, 2454), (2373, 2454, 2458, 2453), (2373, 2378, 2458, 2379), (2454, 2379, 2458, 2459), (2375, 2454, 2460, 2379), (2374, 2375, 2379, 2454), (2375, 2455, 2460, 2454), (2375, 2379, 2460, 2380), (2454, 2379, 2459, 2460), (2377, 2456, 2462, 2381), (2376, 2377, 2381, 2456), (2377, 2457, 2462, 2456), (2377, 2381, 2462, 2382), (2456, 2381, 2461, 2462), (2377, 2458, 2383, 2462), (2377, 2378, 2383, 2458), (2377, 2458, 2462, 2457), (2377, 2382, 2462, 2383), (2458, 2383, 2462, 2463), (2379, 2458, 2464, 2383), (2378, 2379, 2383, 2458), (2379, 2459, 2464, 2458), (2379, 2383, 2464, 2384), (2458, 2383, 2463, 2464), (2379, 2460, 2385, 2464), (2379, 2380, 2385, 2460), (2379, 2460, 2464, 2459), (2379, 2384, 2464, 2385), (2460, 2385, 2464, 2465), (2063, 2144, 2466, 2143), (2063, 2064, 2466, 2144), (2144, 2466, 2143, 2467), (2466, 2143, 2469, 2063), (2466, 2467, 2469, 2143), (2466, 2063, 2469, 2468), (2063, 2469, 2470, 2143), (2063, 2468, 2470, 2469), (2469, 2470, 2143, 2471), (2470, 2143, 2473, 2063), (2470, 2471, 2473, 2143), (2470, 2063, 2473, 2472), (2063, 2473, 2474, 2143), (2063, 2472, 2474, 2473), (2473, 2474, 2143, 2475), (2474, 2143, 2142, 2063), (2474, 2475, 2142, 2143), (2474, 2063, 2142, 2062), (2065, 2144, 2477, 2466), (2064, 2065, 2466, 2144), (2065, 2145, 2477, 2144), (2065, 2466, 2477, 2476), (2144, 2466, 2467, 2477), (2466, 2477, 2478, 2469), (2466, 2476, 2478, 2477), (2466, 2477, 2469, 2467), (2466, 2468, 2469, 2478), (2477, 2478, 2469, 2479), (2478, 2469, 2481, 2470), (2468, 2478, 2470, 2469), (2478, 2479, 2481, 2469), (2478, 2470, 2481, 2480), (2469, 2470, 2471, 2481), (2470, 2481, 2482, 2473), (2470, 2480, 2482, 2481), (2470, 2481, 2473, 2471), (2470, 2472, 2473, 2482), (2481, 2482, 2473, 2483), (2482, 2473, 2485, 2474), (2472, 2482, 2474, 2473), (2482, 2483, 2485, 2473), (2482, 2474, 2485, 2484), (2473, 2474, 2475, 2485), (2474, 2485, 2061, 2142), (2474, 2484, 2061, 2485), (2474, 2485, 2142, 2475), (2474, 2062, 2142, 2061), (2485, 2061, 2142, 2141), (2144, 2223, 2486, 2143), (2144, 2224, 2486, 2223), (2144, 2143, 2486, 2467), (2143, 2486, 2469, 2223), (2143, 2467, 2469, 2486), (2486, 2469, 2223, 2487), (2469, 2223, 2488, 2143), (2469, 2487, 2488, 2223), (2469, 2143, 2488, 2471), (2143, 2488, 2473, 2223), (2143, 2471, 2473, 2488), (2488, 2473, 2223, 2489), (2473, 2223, 2490, 2143), (2473, 2489, 2490, 2223), (2473, 2143, 2490, 2475), (2143, 2490, 2142, 2223), (2143, 2475, 2142, 2490), (2490, 2142, 2223, 2222), (2144, 2225, 2477, 2486), (2144, 2145, 2477, 2225), (2144, 2225, 2486, 2224), (2144, 2467, 2486, 2477), (2225, 2477, 2486, 2491), (2477, 2486, 2492, 2469), (2467, 2477, 2469, 2486), (2477, 2491, 2492, 2486), (2477, 2469, 2492, 2479), (2486, 2469, 2487, 2492), (2469, 2492, 2481, 2488), (2469, 2479, 2481, 2492), (2469, 2492, 2488, 2487), (2469, 2471, 2488, 2481), (2492, 2481, 2488, 2493), (2481, 2488, 2494, 2473), (2471, 2481, 2473, 2488), (2481, 2493, 2494, 2488), (2481, 2473, 2494, 2483), (2488, 2473, 2489, 2494), (2473, 2494, 2485, 2490), (2473, 2483, 2485, 2494), (2473, 2494, 2490, 2489), (2473, 2475, 2490, 2485), (2494, 2485, 2490, 2495), (2485, 2490, 2221, 2142), (2475, 2485, 2142, 2490), (2485, 2495, 2221, 2490), (2485, 2142, 2221, 2141), (2490, 2142, 2222, 2221), (2223, 2304, 2486, 2303), (2223, 2224, 2486, 2304), (2304, 2486, 2303, 2496), (2486, 2303, 2497, 2223), (2486, 2496, 2497, 2303), (2486, 2223, 2497, 2487), (2223, 2497, 2488, 2303), (2223, 2487, 2488, 2497), (2497, 2488, 2303, 2498), (2488, 2303, 2499, 2223), (2488, 2498, 2499, 2303), (2488, 2223, 2499, 2489), (2223, 2499, 2490, 2303), (2223, 2489, 2490, 2499), (2499, 2490, 2303, 2500), (2490, 2303, 2302, 2223), (2490, 2500, 2302, 2303), (2490, 2223, 2302, 2222), (2225, 2304, 2501, 2486), (2224, 2225, 2486, 2304), (2225, 2305, 2501, 2304), (2225, 2486, 2501, 2491), (2304, 2486, 2496, 2501), (2486, 2501, 2492, 2497), (2486, 2491, 2492, 2501), (2486, 2501, 2497, 2496), (2486, 2487, 2497, 2492), (2501, 2492, 2497, 2502), (2492, 2497, 2503, 2488), (2487, 2492, 2488, 2497), (2492, 2502, 2503, 2497), (2492, 2488, 2503, 2493), (2497, 2488, 2498, 2503), (2488, 2503, 2494, 2499), (2488, 2493, 2494, 2503), (2488, 2503, 2499, 2498), (2488, 2489, 2499, 2494), (2503, 2494, 2499, 2504), (2494, 2499, 2505, 2490), (2489, 2494, 2490, 2499), (2494, 2504, 2505, 2499), (2494, 2490, 2505, 2495), (2499, 2490, 2500, 2505), (2490, 2505, 2221, 2302), (2490, 2495, 2221, 2505), (2490, 2505, 2302, 2500), (2490, 2222, 2302, 2221), (2505, 2221, 2302, 2301), (2304, 2383, 2506, 2303), (2304, 2384, 2506, 2383), (2304, 2303, 2506, 2496), (2303, 2506, 2497, 2383), (2303, 2496, 2497, 2506), (2506, 2497, 2383, 2507), (2497, 2383, 2508, 2303), (2497, 2507, 2508, 2383), (2497, 2303, 2508, 2498), (2303, 2508, 2499, 2383), (2303, 2498, 2499, 2508), (2508, 2499, 2383, 2509), (2499, 2383, 2510, 2303), (2499, 2509, 2510, 2383), (2499, 2303, 2510, 2500), (2303, 2510, 2302, 2383), (2303, 2500, 2302, 2510), (2510, 2302, 2383, 2382), (2304, 2385, 2501, 2506), (2304, 2305, 2501, 2385), (2304, 2385, 2506, 2384), (2304, 2496, 2506, 2501), (2385, 2501, 2506, 2511), (2501, 2506, 2512, 2497), (2496, 2501, 2497, 2506), (2501, 2511, 2512, 2506), (2501, 2497, 2512, 2502), (2506, 2497, 2507, 2512), (2497, 2512, 2503, 2508), (2497, 2502, 2503, 2512), (2497, 2512, 2508, 2507), (2497, 2498, 2508, 2503), (2512, 2503, 2508, 2513), (2503, 2508, 2514, 2499), (2498, 2503, 2499, 2508), (2503, 2513, 2514, 2508), (2503, 2499, 2514, 2504), (2508, 2499, 2509, 2514), (2499, 2514, 2505, 2510), (2499, 2504, 2505, 2514), (2499, 2514, 2510, 2509), (2499, 2500, 2510, 2505), (2514, 2505, 2510, 2515), (2505, 2510, 2381, 2302), (2500, 2505, 2302, 2510), (2505, 2515, 2381, 2510), (2505, 2302, 2381, 2301), (2510, 2302, 2382, 2381), (2383, 2464, 2506, 2463), (2383, 2384, 2506, 2464), (2464, 2506, 2463, 2516), (2506, 2463, 2517, 2383), (2506, 2516, 2517, 2463), (2506, 2383, 2517, 2507), (2383, 2517, 2508, 2463), (2383, 2507, 2508, 2517), (2517, 2508, 2463, 2518), (2508, 2463, 2519, 2383), (2508, 2518, 2519, 2463), (2508, 2383, 2519, 2509), (2383, 2519, 2510, 2463), (2383, 2509, 2510, 2519), (2519, 2510, 2463, 2520), (2510, 2463, 2462, 2383), (2510, 2520, 2462, 2463), (2510, 2383, 2462, 2382), (2385, 2464, 2521, 2506), (2384, 2385, 2506, 2464), (2385, 2465, 2521, 2464), (2385, 2506, 2521, 2511), (2464, 2506, 2516, 2521), (2506, 2521, 2512, 2517), (2506, 2511, 2512, 2521), (2506, 2521, 2517, 2516), (2506, 2507, 2517, 2512), (2521, 2512, 2517, 2522), (2512, 2517, 2523, 2508), (2507, 2512, 2508, 2517), (2512, 2522, 2523, 2517), (2512, 2508, 2523, 2513), (2517, 2508, 2518, 2523), (2508, 2523, 2514, 2519), (2508, 2513, 2514, 2523), (2508, 2523, 2519, 2518), (2508, 2509, 2519, 2514), (2523, 2514, 2519, 2524), (2514, 2519, 2525, 2510), (2509, 2514, 2510, 2519), (2514, 2524, 2525, 2519), (2514, 2510, 2525, 2515), (2519, 2510, 2520, 2525), (2510, 2525, 2381, 2462), (2510, 2515, 2381, 2525), (2510, 2525, 2462, 2520), (2510, 2382, 2462, 2381), (2525, 2381, 2462, 2461), (22, 329, 2527, 2606), (22, 328, 2527, 329), (22, 329, 2606, 23), (22, 2526, 2606, 2527), (329, 2527, 2606, 2607), (326, 329, 2608, 2527), (328, 326, 2527, 329), (326, 327, 2608, 329), (326, 2527, 2608, 2528), (329, 2527, 2607, 2608), (326, 325, 2529, 2608), (326, 324, 2529, 325), (326, 325, 2608, 327), (326, 2528, 2608, 2529), (325, 2529, 2608, 2609), (262, 325, 2610, 2529), (324, 262, 2529, 325), (262, 263, 2610, 325), (262, 2529, 2610, 2530), (325, 2529, 2609, 2610), (2527, 2606, 2612, 2531), (2526, 2527, 2531, 2606), (2527, 2607, 2612, 2606), (2527, 2531, 2612, 2532), (2606, 2531, 2611, 2612), (2527, 2608, 2533, 2612), (2527, 2528, 2533, 2608), (2527, 2608, 2612, 2607), (2527, 2532, 2612, 2533), (2608, 2533, 2612, 2613), (2529, 2608, 2614, 2533), (2528, 2529, 2533, 2608), (2529, 2609, 2614, 2608), (2529, 2533, 2614, 2534), (2608, 2533, 2613, 2614), (2529, 2610, 2535, 2614), (2529, 2530, 2535, 2610), (2529, 2610, 2614, 2609), (2529, 2534, 2614, 2535), (2610, 2535, 2614, 2615), (2531, 2612, 2537, 2616), (2531, 2532, 2537, 2612), (2531, 2612, 2616, 2611), (2531, 2536, 2616, 2537), (2612, 2537, 2616, 2617), (2533, 2612, 2618, 2537), (2532, 2533, 2537, 2612), (2533, 2613, 2618, 2612), (2533, 2537, 2618, 2538), (2612, 2537, 2617, 2618), (2533, 2614, 2539, 2618), (2533, 2534, 2539, 2614), (2533, 2614, 2618, 2613), (2533, 2538, 2618, 2539), (2614, 2539, 2618, 2619), (2535, 2614, 2620, 2539), (2534, 2535, 2539, 2614), (2535, 2615, 2620, 2614), (2535, 2539, 2620, 2540), (2614, 2539, 2619, 2620), (2537, 2616, 2622, 2541), (2536, 2537, 2541, 2616), (2537, 2617, 2622, 2616), (2537, 2541, 2622, 2542), (2616, 2541, 2621, 2622), (2537, 2618, 2543, 2622), (2537, 2538, 2543, 2618), (2537, 2618, 2622, 2617), (2537, 2542, 2622, 2543), (2618, 2543, 2622, 2623), (2539, 2618, 2624, 2543), (2538, 2539, 2543, 2618), (2539, 2619, 2624, 2618), (2539, 2543, 2624, 2544), (2618, 2543, 2623, 2624), (2539, 2620, 2545, 2624), (2539, 2540, 2545, 2620), (2539, 2620, 2624, 2619), (2539, 2544, 2624, 2545), (2620, 2545, 2624, 2625), (2541, 2622, 2547, 2626), (2541, 2542, 2547, 2622), (2541, 2622, 2626, 2621), (2541, 2546, 2626, 2547), (2622, 2547, 2626, 2627), (2543, 2622, 2628, 2547), (2542, 2543, 2547, 2622), (2543, 2623, 2628, 2622), (2543, 2547, 2628, 2548), (2622, 2547, 2627, 2628), (2543, 2624, 2549, 2628), (2543, 2544, 2549, 2624), (2543, 2624, 2628, 2623), (2543, 2548, 2628, 2549), (2624, 2549, 2628, 2629), (2545, 2624, 2630, 2549), (2544, 2545, 2549, 2624), (2545, 2625, 2630, 2624), (2545, 2549, 2630, 2550), (2624, 2549, 2629, 2630), (2547, 2626, 2632, 2551), (2546, 2547, 2551, 2626), (2547, 2627, 2632, 2626), (2547, 2551, 2632, 2552), (2626, 2551, 2631, 2632), (2547, 2628, 2553, 2632), (2547, 2548, 2553, 2628), (2547, 2628, 2632, 2627), (2547, 2552, 2632, 2553), (2628, 2553, 2632, 2633), (2549, 2628, 2634, 2553), (2548, 2549, 2553, 2628), (2549, 2629, 2634, 2628), (2549, 2553, 2634, 2554), (2628, 2553, 2633, 2634), (2549, 2630, 2555, 2634), (2549, 2550, 2555, 2630), (2549, 2630, 2634, 2629), (2549, 2554, 2634, 2555), (2630, 2555, 2634, 2635), (2551, 2632, 2557, 2636), (2551, 2552, 2557, 2632), (2551, 2632, 2636, 2631), (2551, 2556, 2636, 2557), (2632, 2557, 2636, 2637), (2553, 2632, 2638, 2557), (2552, 2553, 2557, 2632), (2553, 2633, 2638, 2632), (2553, 2557, 2638, 2558), (2632, 2557, 2637, 2638), (2553, 2634, 2559, 2638), (2553, 2554, 2559, 2634), (2553, 2634, 2638, 2633), (2553, 2558, 2638, 2559), (2634, 2559, 2638, 2639), (2555, 2634, 2640, 2559), (2554, 2555, 2559, 2634), (2555, 2635, 2640, 2634), (2555, 2559, 2640, 2560), (2634, 2559, 2639, 2640), (2557, 2636, 2642, 2561), (2556, 2557, 2561, 2636), (2557, 2637, 2642, 2636), (2557, 2561, 2642, 2562), (2636, 2561, 2641, 2642), (2557, 2638, 2563, 2642), (2557, 2558, 2563, 2638), (2557, 2638, 2642, 2637), (2557, 2562, 2642, 2563), (2638, 2563, 2642, 2643), (2559, 2638, 2644, 2563), (2558, 2559, 2563, 2638), (2559, 2639, 2644, 2638), (2559, 2563, 2644, 2564), (2638, 2563, 2643, 2644), (2559, 2640, 2565, 2644), (2559, 2560, 2565, 2640), (2559, 2640, 2644, 2639), (2559, 2564, 2644, 2565), (2640, 2565, 2644, 2645), (2561, 2642, 2567, 2646), (2561, 2562, 2567, 2642), (2561, 2642, 2646, 2641), (2561, 2566, 2646, 2567), (2642, 2567, 2646, 2647), (2563, 2642, 2648, 2567), (2562, 2563, 2567, 2642), (2563, 2643, 2648, 2642), (2563, 2567, 2648, 2568), (2642, 2567, 2647, 2648), (2563, 2644, 2569, 2648), (2563, 2564, 2569, 2644), (2563, 2644, 2648, 2643), (2563, 2568, 2648, 2569), (2644, 2569, 2648, 2649), (2565, 2644, 2650, 2569), (2564, 2565, 2569, 2644), (2565, 2645, 2650, 2644), (2565, 2569, 2650, 2570), (2644, 2569, 2649, 2650), (2567, 2646, 2652, 2571), (2566, 2567, 2571, 2646), (2567, 2647, 2652, 2646), (2567, 2571, 2652, 2572), (2646, 2571, 2651, 2652), (2567, 2648, 2573, 2652), (2567, 2568, 2573, 2648), (2567, 2648, 2652, 2647), (2567, 2572, 2652, 2573), (2648, 2573, 2652, 2653), (2569, 2648, 2654, 2573), (2568, 2569, 2573, 2648), (2569, 2649, 2654, 2648), (2569, 2573, 2654, 2574), (2648, 2573, 2653, 2654), (2569, 2650, 2575, 2654), (2569, 2570, 2575, 2650), (2569, 2650, 2654, 2649), (2569, 2574, 2654, 2575), (2650, 2575, 2654, 2655), (2571, 2652, 2577, 2656), (2571, 2572, 2577, 2652), (2571, 2652, 2656, 2651), (2571, 2576, 2656, 2577), (2652, 2577, 2656, 2657), (2573, 2652, 2658, 2577), (2572, 2573, 2577, 2652), (2573, 2653, 2658, 2652), (2573, 2577, 2658, 2578), (2652, 2577, 2657, 2658), (2573, 2654, 2579, 2658), (2573, 2574, 2579, 2654), (2573, 2654, 2658, 2653), (2573, 2578, 2658, 2579), (2654, 2579, 2658, 2659), (2575, 2654, 2660, 2579), (2574, 2575, 2579, 2654), (2575, 2655, 2660, 2654), (2575, 2579, 2660, 2580), (2654, 2579, 2659, 2660), (2577, 2656, 2662, 2581), (2576, 2577, 2581, 2656), (2577, 2657, 2662, 2656), (2577, 2581, 2662, 2582), (2656, 2581, 2661, 2662), (2577, 2658, 2583, 2662), (2577, 2578, 2583, 2658), (2577, 2658, 2662, 2657), (2577, 2582, 2662, 2583), (2658, 2583, 2662, 2663), (2579, 2658, 2664, 2583), (2578, 2579, 2583, 2658), (2579, 2659, 2664, 2658), (2579, 2583, 2664, 2584), (2658, 2583, 2663, 2664), (2579, 2660, 2585, 2664), (2579, 2580, 2585, 2660), (2579, 2660, 2664, 2659), (2579, 2584, 2664, 2585), (2660, 2585, 2664, 2665), (2581, 2662, 2587, 2666), (2581, 2582, 2587, 2662), (2581, 2662, 2666, 2661), (2581, 2586, 2666, 2587), (2662, 2587, 2666, 2667), (2583, 2662, 2668, 2587), (2582, 2583, 2587, 2662), (2583, 2663, 2668, 2662), (2583, 2587, 2668, 2588), (2662, 2587, 2667, 2668), (2583, 2664, 2589, 2668), (2583, 2584, 2589, 2664), (2583, 2664, 2668, 2663), (2583, 2588, 2668, 2589), (2664, 2589, 2668, 2669), (2585, 2664, 2670, 2589), (2584, 2585, 2589, 2664), (2585, 2665, 2670, 2664), (2585, 2589, 2670, 2590), (2664, 2589, 2669, 2670), (2587, 2666, 2672, 2591), (2586, 2587, 2591, 2666), (2587, 2667, 2672, 2666), (2587, 2591, 2672, 2592), (2666, 2591, 2671, 2672), (2587, 2668, 2593, 2672), (2587, 2588, 2593, 2668), (2587, 2668, 2672, 2667), (2587, 2592, 2672, 2593), (2668, 2593, 2672, 2673), (2589, 2668, 2674, 2593), (2588, 2589, 2593, 2668), (2589, 2669, 2674, 2668), (2589, 2593, 2674, 2594), (2668, 2593, 2673, 2674), (2589, 2670, 2595, 2674), (2589, 2590, 2595, 2670), (2589, 2670, 2674, 2669), (2589, 2594, 2674, 2595), (2670, 2595, 2674, 2675), (2591, 2672, 2597, 2676), (2591, 2592, 2597, 2672), (2591, 2672, 2676, 2671), (2591, 2596, 2676, 2597), (2672, 2597, 2676, 2677), (2593, 2672, 2678, 2597), (2592, 2593, 2597, 2672), (2593, 2673, 2678, 2672), (2593, 2597, 2678, 2598), (2672, 2597, 2677, 2678), (2593, 2674, 2599, 2678), (2593, 2594, 2599, 2674), (2593, 2674, 2678, 2673), (2593, 2598, 2678, 2599), (2674, 2599, 2678, 2679), (2595, 2674, 2680, 2599), (2594, 2595, 2599, 2674), (2595, 2675, 2680, 2674), (2595, 2599, 2680, 2600), (2674, 2599, 2679, 2680), (2597, 2676, 2682, 2601), (2596, 2597, 2601, 2676), (2597, 2677, 2682, 2676), (2597, 2601, 2682, 2602), (2676, 2601, 2681, 2682), (2597, 2678, 2603, 2682), (2597, 2598, 2603, 2678), (2597, 2678, 2682, 2677), (2597, 2602, 2682, 2603), (2678, 2603, 2682, 2683), (2599, 2678, 2684, 2603), (2598, 2599, 2603, 2678), (2599, 2679, 2684, 2678), (2599, 2603, 2684, 2604), (2678, 2603, 2683, 2684), (2599, 2680, 2605, 2684), (2599, 2600, 2605, 2680), (2599, 2680, 2684, 2679), (2599, 2604, 2684, 2605), (2680, 2605, 2684, 2685), (329, 43, 2687, 2606), (23, 329, 2606, 43), (329, 338, 2687, 43), (329, 2606, 2687, 2607), (43, 2606, 2686, 2687), (329, 337, 2608, 2687), (329, 327, 2608, 337), (329, 337, 2687, 338), (329, 2607, 2687, 2608), (337, 2608, 2687, 2688), (325, 337, 2689, 2608), (327, 325, 2608, 337), (325, 336, 2689, 337), (325, 2608, 2689, 2609), (337, 2608, 2688, 2689), (325, 275, 2610, 2689), (325, 263, 2610, 275), (325, 275, 2689, 336), (325, 2609, 2689, 2610), (275, 2610, 2689, 2690), (2606, 2687, 2612, 2691), (2606, 2607, 2612, 2687), (2606, 2687, 2691, 2686), (2606, 2611, 2691, 2612), (2687, 2612, 2691, 2692), (2608, 2687, 2693, 2612), (2607, 2608, 2612, 2687), (2608, 2688, 2693, 2687), (2608, 2612, 2693, 2613), (2687, 2612, 2692, 2693), (2608, 2689, 2614, 2693), (2608, 2609, 2614, 2689), (2608, 2689, 2693, 2688), (2608, 2613, 2693, 2614), (2689, 2614, 2693, 2694), (2610, 2689, 2695, 2614), (2609, 2610, 2614, 2689), (2610, 2690, 2695, 2689), (2610, 2614, 2695, 2615), (2689, 2614, 2694, 2695), (2612, 2691, 2697, 2616), (2611, 2612, 2616, 2691), (2612, 2692, 2697, 2691), (2612, 2616, 2697, 2617), (2691, 2616, 2696, 2697), (2612, 2693, 2618, 2697), (2612, 2613, 2618, 2693), (2612, 2693, 2697, 2692), (2612, 2617, 2697, 2618), (2693, 2618, 2697, 2698), (2614, 2693, 2699, 2618), (2613, 2614, 2618, 2693), (2614, 2694, 2699, 2693), (2614, 2618, 2699, 2619), (2693, 2618, 2698, 2699), (2614, 2695, 2620, 2699), (2614, 2615, 2620, 2695), (2614, 2695, 2699, 2694), (2614, 2619, 2699, 2620), (2695, 2620, 2699, 2700), (2616, 2697, 2622, 2701), (2616, 2617, 2622, 2697), (2616, 2697, 2701, 2696), (2616, 2621, 2701, 2622), (2697, 2622, 2701, 2702), (2618, 2697, 2703, 2622), (2617, 2618, 2622, 2697), (2618, 2698, 2703, 2697), (2618, 2622, 2703, 2623), (2697, 2622, 2702, 2703), (2618, 2699, 2624, 2703), (2618, 2619, 2624, 2699), (2618, 2699, 2703, 2698), (2618, 2623, 2703, 2624), (2699, 2624, 2703, 2704), (2620, 2699, 2705, 2624), (2619, 2620, 2624, 2699), (2620, 2700, 2705, 2699), (2620, 2624, 2705, 2625), (2699, 2624, 2704, 2705), (2622, 2701, 2707, 2626), (2621, 2622, 2626, 2701), (2622, 2702, 2707, 2701), (2622, 2626, 2707, 2627), (2701, 2626, 2706, 2707), (2622, 2703, 2628, 2707), (2622, 2623, 2628, 2703), (2622, 2703, 2707, 2702), (2622, 2627, 2707, 2628), (2703, 2628, 2707, 2708), (2624, 2703, 2709, 2628), (2623, 2624, 2628, 2703), (2624, 2704, 2709, 2703), (2624, 2628, 2709, 2629), (2703, 2628, 2708, 2709), (2624, 2705, 2630, 2709), (2624, 2625, 2630, 2705), (2624, 2705, 2709, 2704), (2624, 2629, 2709, 2630), (2705, 2630, 2709, 2710), (2626, 2707, 2632, 2711), (2626, 2627, 2632, 2707), (2626, 2707, 2711, 2706), (2626, 2631, 2711, 2632), (2707, 2632, 2711, 2712), (2628, 2707, 2713, 2632), (2627, 2628, 2632, 2707), (2628, 2708, 2713, 2707), (2628, 2632, 2713, 2633), (2707, 2632, 2712, 2713), (2628, 2709, 2634, 2713), (2628, 2629, 2634, 2709), (2628, 2709, 2713, 2708), (2628, 2633, 2713, 2634), (2709, 2634, 2713, 2714), (2630, 2709, 2715, 2634), (2629, 2630, 2634, 2709), (2630, 2710, 2715, 2709), (2630, 2634, 2715, 2635), (2709, 2634, 2714, 2715), (2632, 2711, 2717, 2636), (2631, 2632, 2636, 2711), (2632, 2712, 2717, 2711), (2632, 2636, 2717, 2637), (2711, 2636, 2716, 2717), (2632, 2713, 2638, 2717), (2632, 2633, 2638, 2713), (2632, 2713, 2717, 2712), (2632, 2637, 2717, 2638), (2713, 2638, 2717, 2718), (2634, 2713, 2719, 2638), (2633, 2634, 2638, 2713), (2634, 2714, 2719, 2713), (2634, 2638, 2719, 2639), (2713, 2638, 2718, 2719), (2634, 2715, 2640, 2719), (2634, 2635, 2640, 2715), (2634, 2715, 2719, 2714), (2634, 2639, 2719, 2640), (2715, 2640, 2719, 2720), (2636, 2717, 2642, 2721), (2636, 2637, 2642, 2717), (2636, 2717, 2721, 2716), (2636, 2641, 2721, 2642), (2717, 2642, 2721, 2722), (2638, 2717, 2723, 2642), (2637, 2638, 2642, 2717), (2638, 2718, 2723, 2717), (2638, 2642, 2723, 2643), (2717, 2642, 2722, 2723), (2638, 2719, 2644, 2723), (2638, 2639, 2644, 2719), (2638, 2719, 2723, 2718), (2638, 2643, 2723, 2644), (2719, 2644, 2723, 2724), (2640, 2719, 2725, 2644), (2639, 2640, 2644, 2719), (2640, 2720, 2725, 2719), (2640, 2644, 2725, 2645), (2719, 2644, 2724, 2725), (2642, 2721, 2727, 2646), (2641, 2642, 2646, 2721), (2642, 2722, 2727, 2721), (2642, 2646, 2727, 2647), (2721, 2646, 2726, 2727), (2642, 2723, 2648, 2727), (2642, 2643, 2648, 2723), (2642, 2723, 2727, 2722), (2642, 2647, 2727, 2648), (2723, 2648, 2727, 2728), (2644, 2723, 2729, 2648), (2643, 2644, 2648, 2723), (2644, 2724, 2729, 2723), (2644, 2648, 2729, 2649), (2723, 2648, 2728, 2729), (2644, 2725, 2650, 2729), (2644, 2645, 2650, 2725), (2644, 2725, 2729, 2724), (2644, 2649, 2729, 2650), (2725, 2650, 2729, 2730), (2646, 2727, 2652, 2731), (2646, 2647, 2652, 2727), (2646, 2727, 2731, 2726), (2646, 2651, 2731, 2652), (2727, 2652, 2731, 2732), (2648, 2727, 2733, 2652), (2647, 2648, 2652, 2727), (2648, 2728, 2733, 2727), (2648, 2652, 2733, 2653), (2727, 2652, 2732, 2733), (2648, 2729, 2654, 2733), (2648, 2649, 2654, 2729), (2648, 2729, 2733, 2728), (2648, 2653, 2733, 2654), (2729, 2654, 2733, 2734), (2650, 2729, 2735, 2654), (2649, 2650, 2654, 2729), (2650, 2730, 2735, 2729), (2650, 2654, 2735, 2655), (2729, 2654, 2734, 2735), (2652, 2731, 2737, 2656), (2651, 2652, 2656, 2731), (2652, 2732, 2737, 2731), (2652, 2656, 2737, 2657), (2731, 2656, 2736, 2737), (2652, 2733, 2658, 2737), (2652, 2653, 2658, 2733), (2652, 2733, 2737, 2732), (2652, 2657, 2737, 2658), (2733, 2658, 2737, 2738), (2654, 2733, 2739, 2658), (2653, 2654, 2658, 2733), (2654, 2734, 2739, 2733), (2654, 2658, 2739, 2659), (2733, 2658, 2738, 2739), (2654, 2735, 2660, 2739), (2654, 2655, 2660, 2735), (2654, 2735, 2739, 2734), (2654, 2659, 2739, 2660), (2735, 2660, 2739, 2740), (2656, 2737, 2662, 2741), (2656, 2657, 2662, 2737), (2656, 2737, 2741, 2736), (2656, 2661, 2741, 2662), (2737, 2662, 2741, 2742), (2658, 2737, 2743, 2662), (2657, 2658, 2662, 2737), (2658, 2738, 2743, 2737), (2658, 2662, 2743, 2663), (2737, 2662, 2742, 2743), (2658, 2739, 2664, 2743), (2658, 2659, 2664, 2739), (2658, 2739, 2743, 2738), (2658, 2663, 2743, 2664), (2739, 2664, 2743, 2744), (2660, 2739, 2745, 2664), (2659, 2660, 2664, 2739), (2660, 2740, 2745, 2739), (2660, 2664, 2745, 2665), (2739, 2664, 2744, 2745), (2662, 2741, 2747, 2666), (2661, 2662, 2666, 2741), (2662, 2742, 2747, 2741), (2662, 2666, 2747, 2667), (2741, 2666, 2746, 2747), (2662, 2743, 2668, 2747), (2662, 2663, 2668, 2743), (2662, 2743, 2747, 2742), (2662, 2667, 2747, 2668), (2743, 2668, 2747, 2748), (2664, 2743, 2749, 2668), (2663, 2664, 2668, 2743), (2664, 2744, 2749, 2743), (2664, 2668, 2749, 2669), (2743, 2668, 2748, 2749), (2664, 2745, 2670, 2749), (2664, 2665, 2670, 2745), (2664, 2745, 2749, 2744), (2664, 2669, 2749, 2670), (2745, 2670, 2749, 2750), (2666, 2747, 2672, 2751), (2666, 2667, 2672, 2747), (2666, 2747, 2751, 2746), (2666, 2671, 2751, 2672), (2747, 2672, 2751, 2752), (2668, 2747, 2753, 2672), (2667, 2668, 2672, 2747), (2668, 2748, 2753, 2747), (2668, 2672, 2753, 2673), (2747, 2672, 2752, 2753), (2668, 2749, 2674, 2753), (2668, 2669, 2674, 2749), (2668, 2749, 2753, 2748), (2668, 2673, 2753, 2674), (2749, 2674, 2753, 2754), (2670, 2749, 2755, 2674), (2669, 2670, 2674, 2749), (2670, 2750, 2755, 2749), (2670, 2674, 2755, 2675), (2749, 2674, 2754, 2755), (2672, 2751, 2757, 2676), (2671, 2672, 2676, 2751), (2672, 2752, 2757, 2751), (2672, 2676, 2757, 2677), (2751, 2676, 2756, 2757), (2672, 2753, 2678, 2757), (2672, 2673, 2678, 2753), (2672, 2753, 2757, 2752), (2672, 2677, 2757, 2678), (2753, 2678, 2757, 2758), (2674, 2753, 2759, 2678), (2673, 2674, 2678, 2753), (2674, 2754, 2759, 2753), (2674, 2678, 2759, 2679), (2753, 2678, 2758, 2759), (2674, 2755, 2680, 2759), (2674, 2675, 2680, 2755), (2674, 2755, 2759, 2754), (2674, 2679, 2759, 2680), (2755, 2680, 2759, 2760), (2676, 2757, 2682, 2761), (2676, 2677, 2682, 2757), (2676, 2757, 2761, 2756), (2676, 2681, 2761, 2682), (2757, 2682, 2761, 2762), (2678, 2757, 2763, 2682), (2677, 2678, 2682, 2757), (2678, 2758, 2763, 2757), (2678, 2682, 2763, 2683), (2757, 2682, 2762, 2763), (2678, 2759, 2684, 2763), (2678, 2679, 2684, 2759), (2678, 2759, 2763, 2758), (2678, 2683, 2763, 2684), (2759, 2684, 2763, 2764), (2680, 2759, 2765, 2684), (2679, 2680, 2684, 2759), (2680, 2760, 2765, 2759), (2680, 2684, 2765, 2685), (2759, 2684, 2764, 2765), (43, 347, 2687, 2766), (43, 338, 2687, 347), (43, 347, 2766, 59), (43, 2686, 2766, 2687), (347, 2687, 2766, 2767), (337, 347, 2768, 2687), (338, 337, 2687, 347), (337, 346, 2768, 347), (337, 2687, 2768, 2688), (347, 2687, 2767, 2768), (337, 345, 2689, 2768), (337, 336, 2689, 345), (337, 345, 2768, 346), (337, 2688, 2768, 2689), (345, 2689, 2768, 2769), (275, 345, 2770, 2689), (336, 275, 2689, 345), (275, 287, 2770, 345), (275, 2689, 2770, 2690), (345, 2689, 2769, 2770), (2687, 2766, 2772, 2691), (2686, 2687, 2691, 2766), (2687, 2767, 2772, 2766), (2687, 2691, 2772, 2692), (2766, 2691, 2771, 2772), (2687, 2768, 2693, 2772), (2687, 2688, 2693, 2768), (2687, 2768, 2772, 2767), (2687, 2692, 2772, 2693), (2768, 2693, 2772, 2773), (2689, 2768, 2774, 2693), (2688, 2689, 2693, 2768), (2689, 2769, 2774, 2768), (2689, 2693, 2774, 2694), (2768, 2693, 2773, 2774), (2689, 2770, 2695, 2774), (2689, 2690, 2695, 2770), (2689, 2770, 2774, 2769), (2689, 2694, 2774, 2695), (2770, 2695, 2774, 2775), (2691, 2772, 2697, 2776), (2691, 2692, 2697, 2772), (2691, 2772, 2776, 2771), (2691, 2696, 2776, 2697), (2772, 2697, 2776, 2777), (2693, 2772, 2778, 2697), (2692, 2693, 2697, 2772), (2693, 2773, 2778, 2772), (2693, 2697, 2778, 2698), (2772, 2697, 2777, 2778), (2693, 2774, 2699, 2778), (2693, 2694, 2699, 2774), (2693, 2774, 2778, 2773), (2693, 2698, 2778, 2699), (2774, 2699, 2778, 2779), (2695, 2774, 2780, 2699), (2694, 2695, 2699, 2774), (2695, 2775, 2780, 2774), (2695, 2699, 2780, 2700), (2774, 2699, 2779, 2780), (2697, 2776, 2782, 2701), (2696, 2697, 2701, 2776), (2697, 2777, 2782, 2776), (2697, 2701, 2782, 2702), (2776, 2701, 2781, 2782), (2697, 2778, 2703, 2782), (2697, 2698, 2703, 2778), (2697, 2778, 2782, 2777), (2697, 2702, 2782, 2703), (2778, 2703, 2782, 2783), (2699, 2778, 2784, 2703), (2698, 2699, 2703, 2778), (2699, 2779, 2784, 2778), (2699, 2703, 2784, 2704), (2778, 2703, 2783, 2784), (2699, 2780, 2705, 2784), (2699, 2700, 2705, 2780), (2699, 2780, 2784, 2779), (2699, 2704, 2784, 2705), (2780, 2705, 2784, 2785), (2701, 2782, 2707, 2786), (2701, 2702, 2707, 2782), (2701, 2782, 2786, 2781), (2701, 2706, 2786, 2707), (2782, 2707, 2786, 2787), (2703, 2782, 2788, 2707), (2702, 2703, 2707, 2782), (2703, 2783, 2788, 2782), (2703, 2707, 2788, 2708), (2782, 2707, 2787, 2788), (2703, 2784, 2709, 2788), (2703, 2704, 2709, 2784), (2703, 2784, 2788, 2783), (2703, 2708, 2788, 2709), (2784, 2709, 2788, 2789), (2705, 2784, 2790, 2709), (2704, 2705, 2709, 2784), (2705, 2785, 2790, 2784), (2705, 2709, 2790, 2710), (2784, 2709, 2789, 2790), (2707, 2786, 2792, 2711), (2706, 2707, 2711, 2786), (2707, 2787, 2792, 2786), (2707, 2711, 2792, 2712), (2786, 2711, 2791, 2792), (2707, 2788, 2713, 2792), (2707, 2708, 2713, 2788), (2707, 2788, 2792, 2787), (2707, 2712, 2792, 2713), (2788, 2713, 2792, 2793), (2709, 2788, 2794, 2713), (2708, 2709, 2713, 2788), (2709, 2789, 2794, 2788), (2709, 2713, 2794, 2714), (2788, 2713, 2793, 2794), (2709, 2790, 2715, 2794), (2709, 2710, 2715, 2790), (2709, 2790, 2794, 2789), (2709, 2714, 2794, 2715), (2790, 2715, 2794, 2795), (2711, 2792, 2717, 2796), (2711, 2712, 2717, 2792), (2711, 2792, 2796, 2791), (2711, 2716, 2796, 2717), (2792, 2717, 2796, 2797), (2713, 2792, 2798, 2717), (2712, 2713, 2717, 2792), (2713, 2793, 2798, 2792), (2713, 2717, 2798, 2718), (2792, 2717, 2797, 2798), (2713, 2794, 2719, 2798), (2713, 2714, 2719, 2794), (2713, 2794, 2798, 2793), (2713, 2718, 2798, 2719), (2794, 2719, 2798, 2799), (2715, 2794, 2800, 2719), (2714, 2715, 2719, 2794), (2715, 2795, 2800, 2794), (2715, 2719, 2800, 2720), (2794, 2719, 2799, 2800), (2717, 2796, 2802, 2721), (2716, 2717, 2721, 2796), (2717, 2797, 2802, 2796), (2717, 2721, 2802, 2722), (2796, 2721, 2801, 2802), (2717, 2798, 2723, 2802), (2717, 2718, 2723, 2798), (2717, 2798, 2802, 2797), (2717, 2722, 2802, 2723), (2798, 2723, 2802, 2803), (2719, 2798, 2804, 2723), (2718, 2719, 2723, 2798), (2719, 2799, 2804, 2798), (2719, 2723, 2804, 2724), (2798, 2723, 2803, 2804), (2719, 2800, 2725, 2804), (2719, 2720, 2725, 2800), (2719, 2800, 2804, 2799), (2719, 2724, 2804, 2725), (2800, 2725, 2804, 2805), (2721, 2802, 2727, 2806), (2721, 2722, 2727, 2802), (2721, 2802, 2806, 2801), (2721, 2726, 2806, 2727), (2802, 2727, 2806, 2807), (2723, 2802, 2808, 2727), (2722, 2723, 2727, 2802), (2723, 2803, 2808, 2802), (2723, 2727, 2808, 2728), (2802, 2727, 2807, 2808), (2723, 2804, 2729, 2808), (2723, 2724, 2729, 2804), (2723, 2804, 2808, 2803), (2723, 2728, 2808, 2729), (2804, 2729, 2808, 2809), (2725, 2804, 2810, 2729), (2724, 2725, 2729, 2804), (2725, 2805, 2810, 2804), (2725, 2729, 2810, 2730), (2804, 2729, 2809, 2810), (2727, 2806, 2812, 2731), (2726, 2727, 2731, 2806), (2727, 2807, 2812, 2806), (2727, 2731, 2812, 2732), (2806, 2731, 2811, 2812), (2727, 2808, 2733, 2812), (2727, 2728, 2733, 2808), (2727, 2808, 2812, 2807), (2727, 2732, 2812, 2733), (2808, 2733, 2812, 2813), (2729, 2808, 2814, 2733), (2728, 2729, 2733, 2808), (2729, 2809, 2814, 2808), (2729, 2733, 2814, 2734), (2808, 2733, 2813, 2814), (2729, 2810, 2735, 2814), (2729, 2730, 2735, 2810), (2729, 2810, 2814, 2809), (2729, 2734, 2814, 2735), (2810, 2735, 2814, 2815), (2731, 2812, 2737, 2816), (2731, 2732, 2737, 2812), (2731, 2812, 2816, 2811), (2731, 2736, 2816, 2737), (2812, 2737, 2816, 2817), (2733, 2812, 2818, 2737), (2732, 2733, 2737, 2812), (2733, 2813, 2818, 2812), (2733, 2737, 2818, 2738), (2812, 2737, 2817, 2818), (2733, 2814, 2739, 2818), (2733, 2734, 2739, 2814), (2733, 2814, 2818, 2813), (2733, 2738, 2818, 2739), (2814, 2739, 2818, 2819), (2735, 2814, 2820, 2739), (2734, 2735, 2739, 2814), (2735, 2815, 2820, 2814), (2735, 2739, 2820, 2740), (2814, 2739, 2819, 2820), (2737, 2816, 2822, 2741), (2736, 2737, 2741, 2816), (2737, 2817, 2822, 2816), (2737, 2741, 2822, 2742), (2816, 2741, 2821, 2822), (2737, 2818, 2743, 2822), (2737, 2738, 2743, 2818), (2737, 2818, 2822, 2817), (2737, 2742, 2822, 2743), (2818, 2743, 2822, 2823), (2739, 2818, 2824, 2743), (2738, 2739, 2743, 2818), (2739, 2819, 2824, 2818), (2739, 2743, 2824, 2744), (2818, 2743, 2823, 2824), (2739, 2820, 2745, 2824), (2739, 2740, 2745, 2820), (2739, 2820, 2824, 2819), (2739, 2744, 2824, 2745), (2820, 2745, 2824, 2825), (2741, 2822, 2747, 2826), (2741, 2742, 2747, 2822), (2741, 2822, 2826, 2821), (2741, 2746, 2826, 2747), (2822, 2747, 2826, 2827), (2743, 2822, 2828, 2747), (2742, 2743, 2747, 2822), (2743, 2823, 2828, 2822), (2743, 2747, 2828, 2748), (2822, 2747, 2827, 2828), (2743, 2824, 2749, 2828), (2743, 2744, 2749, 2824), (2743, 2824, 2828, 2823), (2743, 2748, 2828, 2749), (2824, 2749, 2828, 2829), (2745, 2824, 2830, 2749), (2744, 2745, 2749, 2824), (2745, 2825, 2830, 2824), (2745, 2749, 2830, 2750), (2824, 2749, 2829, 2830), (2747, 2826, 2832, 2751), (2746, 2747, 2751, 2826), (2747, 2827, 2832, 2826), (2747, 2751, 2832, 2752), (2826, 2751, 2831, 2832), (2747, 2828, 2753, 2832), (2747, 2748, 2753, 2828), (2747, 2828, 2832, 2827), (2747, 2752, 2832, 2753), (2828, 2753, 2832, 2833), (2749, 2828, 2834, 2753), (2748, 2749, 2753, 2828), (2749, 2829, 2834, 2828), (2749, 2753, 2834, 2754), (2828, 2753, 2833, 2834), (2749, 2830, 2755, 2834), (2749, 2750, 2755, 2830), (2749, 2830, 2834, 2829), (2749, 2754, 2834, 2755), (2830, 2755, 2834, 2835), (2751, 2832, 2757, 2836), (2751, 2752, 2757, 2832), (2751, 2832, 2836, 2831), (2751, 2756, 2836, 2757), (2832, 2757, 2836, 2837), (2753, 2832, 2838, 2757), (2752, 2753, 2757, 2832), (2753, 2833, 2838, 2832), (2753, 2757, 2838, 2758), (2832, 2757, 2837, 2838), (2753, 2834, 2759, 2838), (2753, 2754, 2759, 2834), (2753, 2834, 2838, 2833), (2753, 2758, 2838, 2759), (2834, 2759, 2838, 2839), (2755, 2834, 2840, 2759), (2754, 2755, 2759, 2834), (2755, 2835, 2840, 2834), (2755, 2759, 2840, 2760), (2834, 2759, 2839, 2840), (2757, 2836, 2842, 2761), (2756, 2757, 2761, 2836), (2757, 2837, 2842, 2836), (2757, 2761, 2842, 2762), (2836, 2761, 2841, 2842), (2757, 2838, 2763, 2842), (2757, 2758, 2763, 2838), (2757, 2838, 2842, 2837), (2757, 2762, 2842, 2763), (2838, 2763, 2842, 2843), (2759, 2838, 2844, 2763), (2758, 2759, 2763, 2838), (2759, 2839, 2844, 2838), (2759, 2763, 2844, 2764), (2838, 2763, 2843, 2844), (2759, 2840, 2765, 2844), (2759, 2760, 2765, 2840), (2759, 2840, 2844, 2839), (2759, 2764, 2844, 2765), (2840, 2765, 2844, 2845), (347, 75, 2847, 2766), (59, 347, 2766, 75), (347, 356, 2847, 75), (347, 2766, 2847, 2767), (75, 2766, 2846, 2847), (347, 355, 2768, 2847), (347, 346, 2768, 355), (347, 355, 2847, 356), (347, 2767, 2847, 2768), (355, 2768, 2847, 2848), (345, 355, 2849, 2768), (346, 345, 2768, 355), (345, 354, 2849, 355), (345, 2768, 2849, 2769), (355, 2768, 2848, 2849), (345, 299, 2770, 2849), (345, 287, 2770, 299), (345, 299, 2849, 354), (345, 2769, 2849, 2770), (299, 2770, 2849, 2850), (2766, 2847, 2772, 2851), (2766, 2767, 2772, 2847), (2766, 2847, 2851, 2846), (2766, 2771, 2851, 2772), (2847, 2772, 2851, 2852), (2768, 2847, 2853, 2772), (2767, 2768, 2772, 2847), (2768, 2848, 2853, 2847), (2768, 2772, 2853, 2773), (2847, 2772, 2852, 2853), (2768, 2849, 2774, 2853), (2768, 2769, 2774, 2849), (2768, 2849, 2853, 2848), (2768, 2773, 2853, 2774), (2849, 2774, 2853, 2854), (2770, 2849, 2855, 2774), (2769, 2770, 2774, 2849), (2770, 2850, 2855, 2849), (2770, 2774, 2855, 2775), (2849, 2774, 2854, 2855), (2772, 2851, 2857, 2776), (2771, 2772, 2776, 2851), (2772, 2852, 2857, 2851), (2772, 2776, 2857, 2777), (2851, 2776, 2856, 2857), (2772, 2853, 2778, 2857), (2772, 2773, 2778, 2853), (2772, 2853, 2857, 2852), (2772, 2777, 2857, 2778), (2853, 2778, 2857, 2858), (2774, 2853, 2859, 2778), (2773, 2774, 2778, 2853), (2774, 2854, 2859, 2853), (2774, 2778, 2859, 2779), (2853, 2778, 2858, 2859), (2774, 2855, 2780, 2859), (2774, 2775, 2780, 2855), (2774, 2855, 2859, 2854), (2774, 2779, 2859, 2780), (2855, 2780, 2859, 2860), (2776, 2857, 2782, 2861), (2776, 2777, 2782, 2857), (2776, 2857, 2861, 2856), (2776, 2781, 2861, 2782), (2857, 2782, 2861, 2862), (2778, 2857, 2863, 2782), (2777, 2778, 2782, 2857), (2778, 2858, 2863, 2857), (2778, 2782, 2863, 2783), (2857, 2782, 2862, 2863), (2778, 2859, 2784, 2863), (2778, 2779, 2784, 2859), (2778, 2859, 2863, 2858), (2778, 2783, 2863, 2784), (2859, 2784, 2863, 2864), (2780, 2859, 2865, 2784), (2779, 2780, 2784, 2859), (2780, 2860, 2865, 2859), (2780, 2784, 2865, 2785), (2859, 2784, 2864, 2865), (2782, 2861, 2867, 2786), (2781, 2782, 2786, 2861), (2782, 2862, 2867, 2861), (2782, 2786, 2867, 2787), (2861, 2786, 2866, 2867), (2782, 2863, 2788, 2867), (2782, 2783, 2788, 2863), (2782, 2863, 2867, 2862), (2782, 2787, 2867, 2788), (2863, 2788, 2867, 2868), (2784, 2863, 2869, 2788), (2783, 2784, 2788, 2863), (2784, 2864, 2869, 2863), (2784, 2788, 2869, 2789), (2863, 2788, 2868, 2869), (2784, 2865, 2790, 2869), (2784, 2785, 2790, 2865), (2784, 2865, 2869, 2864), (2784, 2789, 2869, 2790), (2865, 2790, 2869, 2870), (2786, 2867, 2792, 2871), (2786, 2787, 2792, 2867), (2786, 2867, 2871, 2866), (2786, 2791, 2871, 2792), (2867, 2792, 2871, 2872), (2788, 2867, 2873, 2792), (2787, 2788, 2792, 2867), (2788, 2868, 2873, 2867), (2788, 2792, 2873, 2793), (2867, 2792, 2872, 2873), (2788, 2869, 2794, 2873), (2788, 2789, 2794, 2869), (2788, 2869, 2873, 2868), (2788, 2793, 2873, 2794), (2869, 2794, 2873, 2874), (2790, 2869, 2875, 2794), (2789, 2790, 2794, 2869), (2790, 2870, 2875, 2869), (2790, 2794, 2875, 2795), (2869, 2794, 2874, 2875), (2792, 2871, 2877, 2796), (2791, 2792, 2796, 2871), (2792, 2872, 2877, 2871), (2792, 2796, 2877, 2797), (2871, 2796, 2876, 2877), (2792, 2873, 2798, 2877), (2792, 2793, 2798, 2873), (2792, 2873, 2877, 2872), (2792, 2797, 2877, 2798), (2873, 2798, 2877, 2878), (2794, 2873, 2879, 2798), (2793, 2794, 2798, 2873), (2794, 2874, 2879, 2873), (2794, 2798, 2879, 2799), (2873, 2798, 2878, 2879), (2794, 2875, 2800, 2879), (2794, 2795, 2800, 2875), (2794, 2875, 2879, 2874), (2794, 2799, 2879, 2800), (2875, 2800, 2879, 2880), (2796, 2877, 2802, 2881), (2796, 2797, 2802, 2877), (2796, 2877, 2881, 2876), (2796, 2801, 2881, 2802), (2877, 2802, 2881, 2882), (2798, 2877, 2883, 2802), (2797, 2798, 2802, 2877), (2798, 2878, 2883, 2877), (2798, 2802, 2883, 2803), (2877, 2802, 2882, 2883), (2798, 2879, 2804, 2883), (2798, 2799, 2804, 2879), (2798, 2879, 2883, 2878), (2798, 2803, 2883, 2804), (2879, 2804, 2883, 2884), (2800, 2879, 2885, 2804), (2799, 2800, 2804, 2879), (2800, 2880, 2885, 2879), (2800, 2804, 2885, 2805), (2879, 2804, 2884, 2885), (2802, 2881, 2887, 2806), (2801, 2802, 2806, 2881), (2802, 2882, 2887, 2881), (2802, 2806, 2887, 2807), (2881, 2806, 2886, 2887), (2802, 2883, 2808, 2887), (2802, 2803, 2808, 2883), (2802, 2883, 2887, 2882), (2802, 2807, 2887, 2808), (2883, 2808, 2887, 2888), (2804, 2883, 2889, 2808), (2803, 2804, 2808, 2883), (2804, 2884, 2889, 2883), (2804, 2808, 2889, 2809), (2883, 2808, 2888, 2889), (2804, 2885, 2810, 2889), (2804, 2805, 2810, 2885), (2804, 2885, 2889, 2884), (2804, 2809, 2889, 2810), (2885, 2810, 2889, 2890), (2806, 2887, 2812, 2891), (2806, 2807, 2812, 2887), (2806, 2887, 2891, 2886), (2806, 2811, 2891, 2812), (2887, 2812, 2891, 2892), (2808, 2887, 2893, 2812), (2807, 2808, 2812, 2887), (2808, 2888, 2893, 2887), (2808, 2812, 2893, 2813), (2887, 2812, 2892, 2893), (2808, 2889, 2814, 2893), (2808, 2809, 2814, 2889), (2808, 2889, 2893, 2888), (2808, 2813, 2893, 2814), (2889, 2814, 2893, 2894), (2810, 2889, 2895, 2814), (2809, 2810, 2814, 2889), (2810, 2890, 2895, 2889), (2810, 2814, 2895, 2815), (2889, 2814, 2894, 2895), (2812, 2891, 2897, 2816), (2811, 2812, 2816, 2891), (2812, 2892, 2897, 2891), (2812, 2816, 2897, 2817), (2891, 2816, 2896, 2897), (2812, 2893, 2818, 2897), (2812, 2813, 2818, 2893), (2812, 2893, 2897, 2892), (2812, 2817, 2897, 2818), (2893, 2818, 2897, 2898), (2814, 2893, 2899, 2818), (2813, 2814, 2818, 2893), (2814, 2894, 2899, 2893), (2814, 2818, 2899, 2819), (2893, 2818, 2898, 2899), (2814, 2895, 2820, 2899), (2814, 2815, 2820, 2895), (2814, 2895, 2899, 2894), (2814, 2819, 2899, 2820), (2895, 2820, 2899, 2900), (2816, 2897, 2822, 2901), (2816, 2817, 2822, 2897), (2816, 2897, 2901, 2896), (2816, 2821, 2901, 2822), (2897, 2822, 2901, 2902), (2818, 2897, 2903, 2822), (2817, 2818, 2822, 2897), (2818, 2898, 2903, 2897), (2818, 2822, 2903, 2823), (2897, 2822, 2902, 2903), (2818, 2899, 2824, 2903), (2818, 2819, 2824, 2899), (2818, 2899, 2903, 2898), (2818, 2823, 2903, 2824), (2899, 2824, 2903, 2904), (2820, 2899, 2905, 2824), (2819, 2820, 2824, 2899), (2820, 2900, 2905, 2899), (2820, 2824, 2905, 2825), (2899, 2824, 2904, 2905), (2822, 2901, 2907, 2826), (2821, 2822, 2826, 2901), (2822, 2902, 2907, 2901), (2822, 2826, 2907, 2827), (2901, 2826, 2906, 2907), (2822, 2903, 2828, 2907), (2822, 2823, 2828, 2903), (2822, 2903, 2907, 2902), (2822, 2827, 2907, 2828), (2903, 2828, 2907, 2908), (2824, 2903, 2909, 2828), (2823, 2824, 2828, 2903), (2824, 2904, 2909, 2903), (2824, 2828, 2909, 2829), (2903, 2828, 2908, 2909), (2824, 2905, 2830, 2909), (2824, 2825, 2830, 2905), (2824, 2905, 2909, 2904), (2824, 2829, 2909, 2830), (2905, 2830, 2909, 2910), (2826, 2907, 2832, 2911), (2826, 2827, 2832, 2907), (2826, 2907, 2911, 2906), (2826, 2831, 2911, 2832), (2907, 2832, 2911, 2912), (2828, 2907, 2913, 2832), (2827, 2828, 2832, 2907), (2828, 2908, 2913, 2907), (2828, 2832, 2913, 2833), (2907, 2832, 2912, 2913), (2828, 2909, 2834, 2913), (2828, 2829, 2834, 2909), (2828, 2909, 2913, 2908), (2828, 2833, 2913, 2834), (2909, 2834, 2913, 2914), (2830, 2909, 2915, 2834), (2829, 2830, 2834, 2909), (2830, 2910, 2915, 2909), (2830, 2834, 2915, 2835), (2909, 2834, 2914, 2915), (2832, 2911, 2917, 2836), (2831, 2832, 2836, 2911), (2832, 2912, 2917, 2911), (2832, 2836, 2917, 2837), (2911, 2836, 2916, 2917), (2832, 2913, 2838, 2917), (2832, 2833, 2838, 2913), (2832, 2913, 2917, 2912), (2832, 2837, 2917, 2838), (2913, 2838, 2917, 2918), (2834, 2913, 2919, 2838), (2833, 2834, 2838, 2913), (2834, 2914, 2919, 2913), (2834, 2838, 2919, 2839), (2913, 2838, 2918, 2919), (2834, 2915, 2840, 2919), (2834, 2835, 2840, 2915), (2834, 2915, 2919, 2914), (2834, 2839, 2919, 2840), (2915, 2840, 2919, 2920), (2836, 2917, 2842, 2921), (2836, 2837, 2842, 2917), (2836, 2917, 2921, 2916), (2836, 2841, 2921, 2842), (2917, 2842, 2921, 2922), (2838, 2917, 2923, 2842), (2837, 2838, 2842, 2917), (2838, 2918, 2923, 2917), (2838, 2842, 2923, 2843), (2917, 2842, 2922, 2923), (2838, 2919, 2844, 2923), (2838, 2839, 2844, 2919), (2838, 2919, 2923, 2918), (2838, 2843, 2923, 2844), (2919, 2844, 2923, 2924), (2840, 2919, 2925, 2844), (2839, 2840, 2844, 2919), (2840, 2920, 2925, 2919), (2840, 2844, 2925, 2845), (2919, 2844, 2924, 2925), (75, 365, 2847, 2926), (75, 356, 2847, 365), (75, 365, 2926, 91), (75, 2846, 2926, 2847), (365, 2847, 2926, 2927), (355, 365, 2928, 2847), (356, 355, 2847, 365), (355, 364, 2928, 365), (355, 2847, 2928, 2848), (365, 2847, 2927, 2928), (355, 363, 2849, 2928), (355, 354, 2849, 363), (355, 363, 2928, 364), (355, 2848, 2928, 2849), (363, 2849, 2928, 2929), (299, 363, 2930, 2849), (354, 299, 2849, 363), (299, 311, 2930, 363), (299, 2849, 2930, 2850), (363, 2849, 2929, 2930), (2847, 2926, 2932, 2851), (2846, 2847, 2851, 2926), (2847, 2927, 2932, 2926), (2847, 2851, 2932, 2852), (2926, 2851, 2931, 2932), (2847, 2928, 2853, 2932), (2847, 2848, 2853, 2928), (2847, 2928, 2932, 2927), (2847, 2852, 2932, 2853), (2928, 2853, 2932, 2933), (2849, 2928, 2934, 2853), (2848, 2849, 2853, 2928), (2849, 2929, 2934, 2928), (2849, 2853, 2934, 2854), (2928, 2853, 2933, 2934), (2849, 2930, 2855, 2934), (2849, 2850, 2855, 2930), (2849, 2930, 2934, 2929), (2849, 2854, 2934, 2855), (2930, 2855, 2934, 2935), (2851, 2932, 2857, 2936), (2851, 2852, 2857, 2932), (2851, 2932, 2936, 2931), (2851, 2856, 2936, 2857), (2932, 2857, 2936, 2937), (2853, 2932, 2938, 2857), (2852, 2853, 2857, 2932), (2853, 2933, 2938, 2932), (2853, 2857, 2938, 2858), (2932, 2857, 2937, 2938), (2853, 2934, 2859, 2938), (2853, 2854, 2859, 2934), (2853, 2934, 2938, 2933), (2853, 2858, 2938, 2859), (2934, 2859, 2938, 2939), (2855, 2934, 2940, 2859), (2854, 2855, 2859, 2934), (2855, 2935, 2940, 2934), (2855, 2859, 2940, 2860), (2934, 2859, 2939, 2940), (2857, 2936, 2942, 2861), (2856, 2857, 2861, 2936), (2857, 2937, 2942, 2936), (2857, 2861, 2942, 2862), (2936, 2861, 2941, 2942), (2857, 2938, 2863, 2942), (2857, 2858, 2863, 2938), (2857, 2938, 2942, 2937), (2857, 2862, 2942, 2863), (2938, 2863, 2942, 2943), (2859, 2938, 2944, 2863), (2858, 2859, 2863, 2938), (2859, 2939, 2944, 2938), (2859, 2863, 2944, 2864), (2938, 2863, 2943, 2944), (2859, 2940, 2865, 2944), (2859, 2860, 2865, 2940), (2859, 2940, 2944, 2939), (2859, 2864, 2944, 2865), (2940, 2865, 2944, 2945), (2861, 2942, 2867, 2946), (2861, 2862, 2867, 2942), (2861, 2942, 2946, 2941), (2861, 2866, 2946, 2867), (2942, 2867, 2946, 2947), (2863, 2942, 2948, 2867), (2862, 2863, 2867, 2942), (2863, 2943, 2948, 2942), (2863, 2867, 2948, 2868), (2942, 2867, 2947, 2948), (2863, 2944, 2869, 2948), (2863, 2864, 2869, 2944), (2863, 2944, 2948, 2943), (2863, 2868, 2948, 2869), (2944, 2869, 2948, 2949), (2865, 2944, 2950, 2869), (2864, 2865, 2869, 2944), (2865, 2945, 2950, 2944), (2865, 2869, 2950, 2870), (2944, 2869, 2949, 2950), (2867, 2946, 2952, 2871), (2866, 2867, 2871, 2946), (2867, 2947, 2952, 2946), (2867, 2871, 2952, 2872), (2946, 2871, 2951, 2952), (2867, 2948, 2873, 2952), (2867, 2868, 2873, 2948), (2867, 2948, 2952, 2947), (2867, 2872, 2952, 2873), (2948, 2873, 2952, 2953), (2869, 2948, 2954, 2873), (2868, 2869, 2873, 2948), (2869, 2949, 2954, 2948), (2869, 2873, 2954, 2874), (2948, 2873, 2953, 2954), (2869, 2950, 2875, 2954), (2869, 2870, 2875, 2950), (2869, 2950, 2954, 2949), (2869, 2874, 2954, 2875), (2950, 2875, 2954, 2955), (2871, 2952, 2877, 2956), (2871, 2872, 2877, 2952), (2871, 2952, 2956, 2951), (2871, 2876, 2956, 2877), (2952, 2877, 2956, 2957), (2873, 2952, 2958, 2877), (2872, 2873, 2877, 2952), (2873, 2953, 2958, 2952), (2873, 2877, 2958, 2878), (2952, 2877, 2957, 2958), (2873, 2954, 2879, 2958), (2873, 2874, 2879, 2954), (2873, 2954, 2958, 2953), (2873, 2878, 2958, 2879), (2954, 2879, 2958, 2959), (2875, 2954, 2960, 2879), (2874, 2875, 2879, 2954), (2875, 2955, 2960, 2954), (2875, 2879, 2960, 2880), (2954, 2879, 2959, 2960), (2877, 2956, 2962, 2881), (2876, 2877, 2881, 2956), (2877, 2957, 2962, 2956), (2877, 2881, 2962, 2882), (2956, 2881, 2961, 2962), (2877, 2958, 2883, 2962), (2877, 2878, 2883, 2958), (2877, 2958, 2962, 2957), (2877, 2882, 2962, 2883), (2958, 2883, 2962, 2963), (2879, 2958, 2964, 2883), (2878, 2879, 2883, 2958), (2879, 2959, 2964, 2958), (2879, 2883, 2964, 2884), (2958, 2883, 2963, 2964), (2879, 2960, 2885, 2964), (2879, 2880, 2885, 2960), (2879, 2960, 2964, 2959), (2879, 2884, 2964, 2885), (2960, 2885, 2964, 2965), (2881, 2962, 2887, 2966), (2881, 2882, 2887, 2962), (2881, 2962, 2966, 2961), (2881, 2886, 2966, 2887), (2962, 2887, 2966, 2967), (2883, 2962, 2968, 2887), (2882, 2883, 2887, 2962), (2883, 2963, 2968, 2962), (2883, 2887, 2968, 2888), (2962, 2887, 2967, 2968), (2883, 2964, 2889, 2968), (2883, 2884, 2889, 2964), (2883, 2964, 2968, 2963), (2883, 2888, 2968, 2889), (2964, 2889, 2968, 2969), (2885, 2964, 2970, 2889), (2884, 2885, 2889, 2964), (2885, 2965, 2970, 2964), (2885, 2889, 2970, 2890), (2964, 2889, 2969, 2970), (2887, 2966, 2972, 2891), (2886, 2887, 2891, 2966), (2887, 2967, 2972, 2966), (2887, 2891, 2972, 2892), (2966, 2891, 2971, 2972), (2887, 2968, 2893, 2972), (2887, 2888, 2893, 2968), (2887, 2968, 2972, 2967), (2887, 2892, 2972, 2893), (2968, 2893, 2972, 2973), (2889, 2968, 2974, 2893), (2888, 2889, 2893, 2968), (2889, 2969, 2974, 2968), (2889, 2893, 2974, 2894), (2968, 2893, 2973, 2974), (2889, 2970, 2895, 2974), (2889, 2890, 2895, 2970), (2889, 2970, 2974, 2969), (2889, 2894, 2974, 2895), (2970, 2895, 2974, 2975), (2891, 2972, 2897, 2976), (2891, 2892, 2897, 2972), (2891, 2972, 2976, 2971), (2891, 2896, 2976, 2897), (2972, 2897, 2976, 2977), (2893, 2972, 2978, 2897), (2892, 2893, 2897, 2972), (2893, 2973, 2978, 2972), (2893, 2897, 2978, 2898), (2972, 2897, 2977, 2978), (2893, 2974, 2899, 2978), (2893, 2894, 2899, 2974), (2893, 2974, 2978, 2973), (2893, 2898, 2978, 2899), (2974, 2899, 2978, 2979), (2895, 2974, 2980, 2899), (2894, 2895, 2899, 2974), (2895, 2975, 2980, 2974), (2895, 2899, 2980, 2900), (2974, 2899, 2979, 2980), (2897, 2976, 2982, 2901), (2896, 2897, 2901, 2976), (2897, 2977, 2982, 2976), (2897, 2901, 2982, 2902), (2976, 2901, 2981, 2982), (2897, 2978, 2903, 2982), (2897, 2898, 2903, 2978), (2897, 2978, 2982, 2977), (2897, 2902, 2982, 2903), (2978, 2903, 2982, 2983), (2899, 2978, 2984, 2903), (2898, 2899, 2903, 2978), (2899, 2979, 2984, 2978), (2899, 2903, 2984, 2904), (2978, 2903, 2983, 2984), (2899, 2980, 2905, 2984), (2899, 2900, 2905, 2980), (2899, 2980, 2984, 2979), (2899, 2904, 2984, 2905), (2980, 2905, 2984, 2985), (2901, 2982, 2907, 2986), (2901, 2902, 2907, 2982), (2901, 2982, 2986, 2981), (2901, 2906, 2986, 2907), (2982, 2907, 2986, 2987), (2903, 2982, 2988, 2907), (2902, 2903, 2907, 2982), (2903, 2983, 2988, 2982), (2903, 2907, 2988, 2908), (2982, 2907, 2987, 2988), (2903, 2984, 2909, 2988), (2903, 2904, 2909, 2984), (2903, 2984, 2988, 2983), (2903, 2908, 2988, 2909), (2984, 2909, 2988, 2989), (2905, 2984, 2990, 2909), (2904, 2905, 2909, 2984), (2905, 2985, 2990, 2984), (2905, 2909, 2990, 2910), (2984, 2909, 2989, 2990), (2907, 2986, 2992, 2911), (2906, 2907, 2911, 2986), (2907, 2987, 2992, 2986), (2907, 2911, 2992, 2912), (2986, 2911, 2991, 2992), (2907, 2988, 2913, 2992), (2907, 2908, 2913, 2988), (2907, 2988, 2992, 2987), (2907, 2912, 2992, 2913), (2988, 2913, 2992, 2993), (2909, 2988, 2994, 2913), (2908, 2909, 2913, 2988), (2909, 2989, 2994, 2988), (2909, 2913, 2994, 2914), (2988, 2913, 2993, 2994), (2909, 2990, 2915, 2994), (2909, 2910, 2915, 2990), (2909, 2990, 2994, 2989), (2909, 2914, 2994, 2915), (2990, 2915, 2994, 2995), (2911, 2992, 2917, 2996), (2911, 2912, 2917, 2992), (2911, 2992, 2996, 2991), (2911, 2916, 2996, 2917), (2992, 2917, 2996, 2997), (2913, 2992, 2998, 2917), (2912, 2913, 2917, 2992), (2913, 2993, 2998, 2992), (2913, 2917, 2998, 2918), (2992, 2917, 2997, 2998), (2913, 2994, 2919, 2998), (2913, 2914, 2919, 2994), (2913, 2994, 2998, 2993), (2913, 2918, 2998, 2919), (2994, 2919, 2998, 2999), (2915, 2994, 3000, 2919), (2914, 2915, 2919, 2994), (2915, 2995, 3000, 2994), (2915, 2919, 3000, 2920), (2994, 2919, 2999, 3000), (2917, 2996, 3002, 2921), (2916, 2917, 2921, 2996), (2917, 2997, 3002, 2996), (2917, 2921, 3002, 2922), (2996, 2921, 3001, 3002), (2917, 2998, 2923, 3002), (2917, 2918, 2923, 2998), (2917, 2998, 3002, 2997), (2917, 2922, 3002, 2923), (2998, 2923, 3002, 3003), (2919, 2998, 3004, 2923), (2918, 2919, 2923, 2998), (2919, 2999, 3004, 2998), (2919, 2923, 3004, 2924), (2998, 2923, 3003, 3004), (2919, 3000, 2925, 3004), (2919, 2920, 2925, 3000), (2919, 3000, 3004, 2999), (2919, 2924, 3004, 2925), (3000, 2925, 3004, 3005), (2603, 2684, 3006, 2683), (2603, 2604, 3006, 2684), (2684, 3006, 2683, 3007), (3006, 2683, 3009, 2603), (3006, 3007, 3009, 2683), (3006, 2603, 3009, 3008), (2603, 3009, 3010, 2683), (2603, 3008, 3010, 3009), (3009, 3010, 2683, 3011), (3010, 2683, 3013, 2603), (3010, 3011, 3013, 2683), (3010, 2603, 3013, 3012), (2603, 3013, 3014, 2683), (2603, 3012, 3014, 3013), (3013, 3014, 2683, 3015), (3014, 2683, 2682, 2603), (3014, 3015, 2682, 2683), (3014, 2603, 2682, 2602), (2605, 2684, 3017, 3006), (2604, 2605, 3006, 2684), (2605, 2685, 3017, 2684), (2605, 3006, 3017, 3016), (2684, 3006, 3007, 3017), (3006, 3017, 3018, 3009), (3006, 3016, 3018, 3017), (3006, 3017, 3009, 3007), (3006, 3008, 3009, 3018), (3017, 3018, 3009, 3019), (3018, 3009, 3021, 3010), (3008, 3018, 3010, 3009), (3018, 3019, 3021, 3009), (3018, 3010, 3021, 3020), (3009, 3010, 3011, 3021), (3010, 3021, 3022, 3013), (3010, 3020, 3022, 3021), (3010, 3021, 3013, 3011), (3010, 3012, 3013, 3022), (3021, 3022, 3013, 3023), (3022, 3013, 3025, 3014), (3012, 3022, 3014, 3013), (3022, 3023, 3025, 3013), (3022, 3014, 3025, 3024), (3013, 3014, 3015, 3025), (3014, 3025, 2601, 2682), (3014, 3024, 2601, 3025), (3014, 3025, 2682, 3015), (3014, 2602, 2682, 2601), (3025, 2601, 2682, 2681), (2684, 2763, 3026, 2683), (2684, 2764, 3026, 2763), (2684, 2683, 3026, 3007), (2683, 3026, 3009, 2763), (2683, 3007, 3009, 3026), (3026, 3009, 2763, 3027), (3009, 2763, 3028, 2683), (3009, 3027, 3028, 2763), (3009, 2683, 3028, 3011), (2683, 3028, 3013, 2763), (2683, 3011, 3013, 3028), (3028, 3013, 2763, 3029), (3013, 2763, 3030, 2683), (3013, 3029, 3030, 2763), (3013, 2683, 3030, 3015), (2683, 3030, 2682, 2763), (2683, 3015, 2682, 3030), (3030, 2682, 2763, 2762), (2684, 2765, 3017, 3026), (2684, 2685, 3017, 2765), (2684, 2765, 3026, 2764), (2684, 3007, 3026, 3017), (2765, 3017, 3026, 3031), (3017, 3026, 3032, 3009), (3007, 3017, 3009, 3026), (3017, 3031, 3032, 3026), (3017, 3009, 3032, 3019), (3026, 3009, 3027, 3032), (3009, 3032, 3021, 3028), (3009, 3019, 3021, 3032), (3009, 3032, 3028, 3027), (3009, 3011, 3028, 3021), (3032, 3021, 3028, 3033), (3021, 3028, 3034, 3013), (3011, 3021, 3013, 3028), (3021, 3033, 3034, 3028), (3021, 3013, 3034, 3023), (3028, 3013, 3029, 3034), (3013, 3034, 3025, 3030), (3013, 3023, 3025, 3034), (3013, 3034, 3030, 3029), (3013, 3015, 3030, 3025), (3034, 3025, 3030, 3035), (3025, 3030, 2761, 2682), (3015, 3025, 2682, 3030), (3025, 3035, 2761, 3030), (3025, 2682, 2761, 2681), (3030, 2682, 2762, 2761), (2763, 2844, 3026, 2843), (2763, 2764, 3026, 2844), (2844, 3026, 2843, 3036), (3026, 2843, 3037, 2763), (3026, 3036, 3037, 2843), (3026, 2763, 3037, 3027), (2763, 3037, 3028, 2843), (2763, 3027, 3028, 3037), (3037, 3028, 2843, 3038), (3028, 2843, 3039, 2763), (3028, 3038, 3039, 2843), (3028, 2763, 3039, 3029), (2763, 3039, 3030, 2843), (2763, 3029, 3030, 3039), (3039, 3030, 2843, 3040), (3030, 2843, 2842, 2763), (3030, 3040, 2842, 2843), (3030, 2763, 2842, 2762), (2765, 2844, 3041, 3026), (2764, 2765, 3026, 2844), (2765, 2845, 3041, 2844), (2765, 3026, 3041, 3031), (2844, 3026, 3036, 3041), (3026, 3041, 3032, 3037), (3026, 3031, 3032, 3041), (3026, 3041, 3037, 3036), (3026, 3027, 3037, 3032), (3041, 3032, 3037, 3042), (3032, 3037, 3043, 3028), (3027, 3032, 3028, 3037), (3032, 3042, 3043, 3037), (3032, 3028, 3043, 3033), (3037, 3028, 3038, 3043), (3028, 3043, 3034, 3039), (3028, 3033, 3034, 3043), (3028, 3043, 3039, 3038), (3028, 3029, 3039, 3034), (3043, 3034, 3039, 3044), (3034, 3039, 3045, 3030), (3029, 3034, 3030, 3039), (3034, 3044, 3045, 3039), (3034, 3030, 3045, 3035), (3039, 3030, 3040, 3045), (3030, 3045, 2761, 2842), (3030, 3035, 2761, 3045), (3030, 3045, 2842, 3040), (3030, 2762, 2842, 2761), (3045, 2761, 2842, 2841), (2844, 2923, 3046, 2843), (2844, 2924, 3046, 2923), (2844, 2843, 3046, 3036), (2843, 3046, 3037, 2923), (2843, 3036, 3037, 3046), (3046, 3037, 2923, 3047), (3037, 2923, 3048, 2843), (3037, 3047, 3048, 2923), (3037, 2843, 3048, 3038), (2843, 3048, 3039, 2923), (2843, 3038, 3039, 3048), (3048, 3039, 2923, 3049), (3039, 2923, 3050, 2843), (3039, 3049, 3050, 2923), (3039, 2843, 3050, 3040), (2843, 3050, 2842, 2923), (2843, 3040, 2842, 3050), (3050, 2842, 2923, 2922), (2844, 2925, 3041, 3046), (2844, 2845, 3041, 2925), (2844, 2925, 3046, 2924), (2844, 3036, 3046, 3041), (2925, 3041, 3046, 3051), (3041, 3046, 3052, 3037), (3036, 3041, 3037, 3046), (3041, 3051, 3052, 3046), (3041, 3037, 3052, 3042), (3046, 3037, 3047, 3052), (3037, 3052, 3043, 3048), (3037, 3042, 3043, 3052), (3037, 3052, 3048, 3047), (3037, 3038, 3048, 3043), (3052, 3043, 3048, 3053), (3043, 3048, 3054, 3039), (3038, 3043, 3039, 3048), (3043, 3053, 3054, 3048), (3043, 3039, 3054, 3044), (3048, 3039, 3049, 3054), (3039, 3054, 3045, 3050), (3039, 3044, 3045, 3054), (3039, 3054, 3050, 3049), (3039, 3040, 3050, 3045), (3054, 3045, 3050, 3055), (3045, 3050, 2921, 2842), (3040, 3045, 2842, 3050), (3045, 3055, 2921, 3050), (3045, 2842, 2921, 2841), (3050, 2842, 2922, 2921), (2923, 3004, 3046, 3003), (2923, 2924, 3046, 3004), (3004, 3046, 3003, 3056), (3046, 3003, 3057, 2923), (3046, 3056, 3057, 3003), (3046, 2923, 3057, 3047), (2923, 3057, 3048, 3003), (2923, 3047, 3048, 3057), (3057, 3048, 3003, 3058), (3048, 3003, 3059, 2923), (3048, 3058, 3059, 3003), (3048, 2923, 3059, 3049), (2923, 3059, 3050, 3003), (2923, 3049, 3050, 3059), (3059, 3050, 3003, 3060), (3050, 3003, 3002, 2923), (3050, 3060, 3002, 3003), (3050, 2923, 3002, 2922), (2925, 3004, 3061, 3046), (2924, 2925, 3046, 3004), (2925, 3005, 3061, 3004), (2925, 3046, 3061, 3051), (3004, 3046, 3056, 3061), (3046, 3061, 3052, 3057), (3046, 3051, 3052, 3061), (3046, 3061, 3057, 3056), (3046, 3047, 3057, 3052), (3061, 3052, 3057, 3062), (3052, 3057, 3063, 3048), (3047, 3052, 3048, 3057), (3052, 3062, 3063, 3057), (3052, 3048, 3063, 3053), (3057, 3048, 3058, 3063), (3048, 3063, 3054, 3059), (3048, 3053, 3054, 3063), (3048, 3063, 3059, 3058), (3048, 3049, 3059, 3054), (3063, 3054, 3059, 3064), (3054, 3059, 3065, 3050), (3049, 3054, 3050, 3059), (3054, 3064, 3065, 3059), (3054, 3050, 3065, 3055), (3059, 3050, 3060, 3065), (3050, 3065, 2921, 3002), (3050, 3055, 2921, 3065), (3050, 3065, 3002, 3060), (3050, 2922, 3002, 2921), (3065, 2921, 3002, 3001)]

    def Mesh "hub" (
        customData = {
            dictionary glue = {
                int[] rigid_indices = [6, 8, 2, 7, 9, 3, 0, 1, 4, 5, 10, 11]
                int[] soft_indices = [0, 22, 30, 80, 91, 95, 118, 167, 190, 239, 262, 311]
            }
            bool is_rigid_surface = 1
        }
    )
    {
        int[] faceVertexCounts = [3, 3, 3, 3, 3, 3, 3, 3, 3, 3, 3, 3, 3, 3, 3, 3, 3, 3, 3, 3]
        int[] faceVertexIndices = [8, 6, 2, 2, 6, 0, 0, 6, 4, 4, 6, 10, 10, 6, 8, 9, 3, 7, 3, 1, 7, 1, 5, 7, 5, 11, 7, 11, 9, 7, 8, 2, 3, 8, 3, 9, 2, 0, 1, 2, 1, 3, 0, 4, 5, 0, 5, 1, 4, 10, 11, 4, 11, 5, 10, 8, 9, 10, 9, 11]
        point3f[] points = [(-0.24270509, -0.078859664, 0), (-0.24270509, -0.078859664, 0.3), (-0.15, 0.20645729, 0), (-0.15, 0.20645729, 0.3), (-4.6878605e-17, -0.25519523, 0), (-4.6878605e-17, -0.25519523, 0.3), (0, 0, 0), (0, 0, 0.3), (0.15, 0.20645729, 0), (0.15, 0.20645729, 0.3), (0.24270509, -0.078859664, 0), (0.24270509, -0.078859664, 0.3)]
        quatf xformOp:orient = (1, 0, 0, 0)
        double3 xformOp:translate = (0, 0, -0.15000000596046448)
        uniform token[] xformOpOrder = ["xformOp:translate", "xformOp:orient"]
    }

    def Scope "finger_skeletons" (
        customData = {
            string kind = "finger_skeletons_visualization"
        }
    )
    {
        def BasisCurves "finger_0" (
            customData = {
                dictionary finger_skeleton = {
                    double[] arc_lengths = [0, 0.30000001192092896, 0.6000000238418579, 0.9000000357627869, 1.2000000476837158, 1.5]
                    int finger_id = 0
                    int num_keypoints = 6
                    double[] radii = [0.15000000596046448, 0.15000000596046448, 0.15000000596046448, 0.15000000596046448, 0.15000000596046448, 0.14488884806632996]
                    int[] tet_indices = [1945, 2006, 2065, 2125, 2188, 3005]
                }
            }
        )
        {
            uniform token basis = "bspline"
            int[] curveVertexCounts = [6]
            point3f[] points = [(1.26418625e-17, 0.20645729, 0), (3.1011564e-17, 0.5064573, 0), (4.9381266e-17, 0.8064573, 0), (6.7750976e-17, 1.1064574, 0), (8.612067e-17, 1.4064573, 0), (1.04490375e-16, 1.7064573, 0)]
            uniform token type = "cubic"
            float[] widths = [0.3, 0.3, 0.3, 0.3, 0.3, 0.2897777] (
                interpolation = "varying"
            )
            uniform token wrap = "nonperiodic"
        }

        def BasisCurves "finger_1" (
            customData = {
                dictionary finger_skeleton = {
                    double[] arc_lengths = [0, 0.29999998211860657, 0.5999999642372131, 0.8999999761581421, 1.1999999284744263, 1.4999998807907104]
                    int finger_id = 1
                    int num_keypoints = 6
                    double[] radii = [0.14999999105930328, 0.15000000596046448, 0.14999999105930328, 0.14999999105930328, 0.14999999105930328, 0.14488884806632996]
                    int[] tet_indices = [3785, 3851, 3910, 3965, 4028, 4845]
                }
            }
        )
        {
            uniform token basis = "bspline"
            int[] curveVertexCounts = [6]
            point3f[] points = [(-0.19635256, 0.06379881, 0), (-0.4816695, 0.15650392, 0), (-0.7669864, 0.24920902, 0), (-1.0523034, 0.34191412, 0), (-1.3376204, 0.43461922, 0), (-1.6229373, 0.5273243, 0)]
            uniform token type = "cubic"
            float[] widths = [0.29999998, 0.3, 0.29999998, 0.29999998, 0.29999998, 0.2897777] (
                interpolation = "varying"
            )
            uniform token wrap = "nonperiodic"
        }

        def BasisCurves "finger_2" (
            customData = {
                dictionary finger_skeleton = {
                    double[] arc_lengths = [0, 0.29999998211860657, 0.5999999642372131, 0.8999999761581421, 1.1999999284744263, 1.4999998807907104]
                    int finger_id = 2
                    int num_keypoints = 6
                    double[] radii = [0.14999999105930328, 0.1499999761581421, 0.15000000596046448, 0.14999999105930328, 0.1499999463558197, 0.14488884806632996]
                    int[] tet_indices = [5625, 5691, 5750, 5810, 5873, 6685]
                }
            }
        )
        {
            uniform token basis = "bspline"
            int[] curveVertexCounts = [6]
            point3f[] points = [(-0.121352546, -0.16702746, 0), (-0.29768813, -0.40973255, 0), (-0.4740237, -0.6524376, 0), (-0.6503593, -0.89514273, 0), (-0.82669485, -1.1378478, 0), (-1.0030304, -1.3805529, 0)]
            uniform token type = "cubic"
            float[] widths = [0.29999998, 0.29999995, 0.3, 0.29999998, 0.2999999, 0.2897777] (
                interpolation = "varying"
            )
            uniform token wrap = "nonperiodic"
        }

        def BasisCurves "finger_3" (
            customData = {
                dictionary finger_skeleton = {
                    double[] arc_lengths = [0, 0.29999998211860657, 0.5999999642372131, 0.8999999761581421, 1.1999999284744263, 1.4999998807907104]
                    int finger_id = 3
                    int num_keypoints = 6
                    double[] radii = [0.14999999105930328, 0.1499999761581421, 0.15000000596046448, 0.14999999105930328, 0.1499999463558197, 0.14488884806632996]
                    int[] tet_indices = [7470, 7526, 7585, 7645, 7708, 8522]
                }
            }
        )
        {
            uniform token basis = "bspline"
            int[] curveVertexCounts = [6]
            point3f[] points = [(0.121352546, -0.16702746, 0), (0.29768813, -0.40973255, 0), (0.4740237, -0.6524376, 0), (0.6503593, -0.89514273, 0), (0.82669485, -1.1378478, 0), (1.0030304, -1.3805529, 0)]
            uniform token type = "cubic"
            float[] widths = [0.29999998, 0.29999995, 0.3, 0.29999998, 0.2999999, 0.2897777] (
                interpolation = "varying"
            )
            uniform token wrap = "nonperiodic"
        }

        def BasisCurves "finger_4" (
            customData = {
                dictionary finger_skeleton = {
                    double[] arc_lengths = [0, 0.29999998211860657, 0.5999999642372131, 0.8999999761581421, 1.1999999284744263, 1.4999998807907104]
                    int finger_id = 4
                    int num_keypoints = 6
                    double[] radii = [0.14999999105930328, 0.15000000596046448, 0.14999999105930328, 0.14999999105930328, 0.14999999105930328, 0.14488884806632996]
                    int[] tet_indices = [9310, 9366, 9425, 9490, 9553, 10359]
                }
            }
        )
        {
            uniform token basis = "bspline"
            int[] curveVertexCounts = [6]
            point3f[] points = [(0.19635256, 0.06379881, 0), (0.4816695, 0.15650392, 0), (0.7669864, 0.24920902, 0), (1.0523034, 0.34191412, 0), (1.3376204, 0.43461922, 0), (1.6229373, 0.5273243, 0)]
            uniform token type = "cubic"
            float[] widths = [0.29999998, 0.3, 0.29999998, 0.29999998, 0.29999998, 0.2897777] (
                interpolation = "varying"
            )
            uniform token wrap = "nonperiodic"
        }
    }
}

