#usda 1.0
(
    defaultPrim = "gripper_1f_soft"
    metersPerUnit = 1
    upAxis = "Z"
)

def TetMesh "gripper_1f_soft" (
    customData = {
        dictionary chambers = {
            double[] directions = [6.123234262925839e-17, 1, 0]
            int directions_cols = 3
            dictionary entries = {
                dictionary c00000 = {
                    dictionary group = {
                        int cell = 0
                        int finger = 0
                    }
                    int index = 0
                    string name = "f0_c0"
                    int[] tet_indices = [672, 673, 674, 675, 676, 677, 678, 679, 680, 681, 682, 683, 684, 685, 686, 687, 688, 689, 690, 691, 692, 693, 694, 695, 696, 697, 698, 699, 700, 701, 702, 703, 704, 705, 706, 707, 708, 709, 710, 711, 712, 713, 714, 715, 716, 717, 718, 719]
                }
                dictionary c00001 = {
                    dictionary group = {
                        int cell = 1
                        int finger = 0
                    }
                    int index = 1
                    string name = "f0_c1"
                    int[] tet_indices = [720, 721, 722, 723, 724, 725, 726, 727, 728, 729, 730, 731, 732, 733, 734, 735, 736, 737, 738, 739, 740, 741, 742, 743, 744, 745, 746, 747, 748, 749, 750, 751, 752, 753, 754, 755, 756, 757, 758, 759, 760, 761, 762, 763, 764, 765, 766, 767]
                }
                dictionary c00002 = {
                    dictionary group = {
                        int cell = 2
                        int finger = 0
                    }
                    int index = 2
                    string name = "f0_c2"
                    int[] tet_indices = [768, 769, 770, 771, 772, 773, 774, 775, 776, 777, 778, 779, 780, 781, 782, 783, 784, 785, 786, 787, 788, 789, 790, 791, 792, 793, 794, 795, 796, 797, 798, 799, 800, 801, 802, 803, 804, 805, 806, 807, 808, 809, 810, 811, 812, 813, 814, 815]
                }
                dictionary c00003 = {
                    dictionary group = {
                        int cell = 3
                        int finger = 0
                    }
                    int index = 3
                    string name = "f0_c3"
                    int[] tet_indices = [816, 817, 818, 819, 820, 821, 822, 823, 824, 825, 826, 827, 828, 829, 830, 831, 832, 833, 834, 835, 836, 837, 838, 839, 840, 841, 842, 843, 844, 845, 846, 847, 848, 849, 850, 851, 852, 853, 854, 855, 856, 857, 858, 859, 860, 861, 862, 863]
                }
                dictionary c00004 = {
                    dictionary group = {
                        int cell = 4
                        int finger = 0
                    }
                    int index = 4
                    string name = "f0_c4"
                    int[] tet_indices = [864, 865, 866, 867, 868, 869, 870, 871, 872, 873, 874, 875, 876, 877, 878, 879, 880, 881, 882, 883, 884, 885, 886, 887, 888, 889, 890, 891, 892, 893, 894, 895, 896, 897, 898, 899, 900, 901, 902, 903, 904, 905, 906, 907, 908, 909, 910, 911]
                }
                dictionary c00005 = {
                    dictionary group = {
                        int cell = 5
                        int finger = 0
                    }
                    int index = 5
                    string name = "f0_c5"
                    int[] tet_indices = [912, 913, 914, 915, 916, 917, 918, 919, 920, 921, 922, 923, 924, 925, 926, 927, 928, 929, 930, 931, 932, 933, 934, 935, 936, 937, 938, 939, 940, 941, 942, 943, 944, 945, 946, 947, 948, 949, 950, 951, 952, 953, 954, 955, 956, 957, 958, 959]
                }
                dictionary c00006 = {
                    dictionary group = {
                        int cell = 6
                        int finger = 0
                    }
                    int index = 6
                    string name = "f0_c6"
                    int[] tet_indices = [960, 961, 962, 963, 964, 965, 966, 967, 968, 969, 970, 971, 972, 973, 974, 975, 976, 977, 978, 979, 980, 981, 982, 983, 984, 985, 986, 987, 988, 989, 990, 991, 992, 993, 994, 995, 996, 997, 998, 999, 1000, 1001, 1002, 1003, 1004, 1005, 1006, 1007]
                }
                dictionary c00007 = {
                    dictionary group = {
                        int cell = 7
                        int finger = 0
                    }
                    int index = 7
                    string name = "f0_c7"
                    int[] tet_indices = [1008, 1009, 1010, 1011, 1012, 1013, 1014, 1015, 1016, 1017, 1018, 1019, 1020, 1021, 1022, 1023, 1024, 1025, 1026, 1027, 1028, 1029, 1030, 1031, 1032, 1033, 1034, 1035, 1036, 1037, 1038, 1039, 1040, 1041, 1042, 1043, 1044, 1045, 1046, 1047, 1048, 1049, 1050, 1051, 1052, 1053, 1054, 1055]
                }
            }
            int format_version = 1
            int num_chambers = 8
            dictionary regions = {
                dictionary r00000 = {
                    dictionary group = {
                        int finger = 0
                    }
                    string name = "b0"
                    int[] tet_indices = [288, 289, 290, 291, 292, 293, 294, 295, 296, 297, 298, 299, 300, 301, 302, 303, 304, 305, 306, 307, 308, 309, 310, 311, 312, 313, 314, 315, 316, 317, 318, 319, 320, 321, 322, 323, 324, 325, 326, 327, 328, 329, 330, 331, 332, 333, 334, 335, 336, 337, 338, 339, 340, 341, 342, 343, 344, 345, 346, 347, 348, 349, 350, 351, 352, 353, 354, 355, 356, 357, 358, 359, 360, 361, 362, 363, 364, 365, 366, 367, 368, 369, 370, 371, 372, 373, 374, 375, 376, 377, 378, 379, 380, 381, 382, 383, 384, 385, 386, 387, 388, 389, 390, 391, 392, 393, 394, 395, 396, 397, 398, 399, 400, 401, 402, 403, 404, 405, 406, 407, 408, 409, 410, 411, 412, 413, 414, 415, 416, 417, 418, 419, 420, 421, 422, 423, 424, 425, 426, 427, 428, 429, 430, 431, 432, 433, 434, 435, 436, 437, 438, 439, 440, 441, 442, 443, 444, 445, 446, 447, 448, 449, 450, 451, 452, 453, 454, 455, 456, 457, 458, 459, 460, 461, 462, 463, 464, 465, 466, 467, 468, 469, 470, 471, 472, 473, 474, 475, 476, 477, 478, 479, 480, 481, 482, 483, 484, 485, 486, 487, 488, 489, 490, 491, 492, 493, 494, 495, 496, 497, 498, 499, 500, 501, 502, 503, 504, 505, 506, 507, 508, 509, 510, 511, 512, 513, 514, 515, 516, 517, 518, 519, 520, 521, 522, 523, 524, 525, 526, 527, 528, 529, 530, 531, 532, 533, 534, 535, 536, 537, 538, 539, 540, 541, 542, 543, 544, 545, 546, 547, 548, 549, 550, 551, 552, 553, 554, 555, 556, 557, 558, 559, 560, 561, 562, 563, 564, 565, 566, 567, 568, 569, 570, 571, 572, 573, 574, 575, 576, 577, 578, 579, 580, 581, 582, 583, 584, 585, 586, 587, 588, 589, 590, 591, 592, 593, 594, 595, 596, 597, 598, 599, 600, 601, 602, 603, 604, 605, 606, 607, 608, 609, 610, 611, 612, 613, 614, 615, 616, 617, 618, 619, 620, 621, 622, 623, 624, 625, 626, 627, 628, 629, 630, 631, 632, 633, 634, 635, 636, 637, 638, 639, 640, 641, 642, 643, 644, 645, 646, 647, 648, 649, 650, 651, 652, 653, 654, 655, 656, 657, 658, 659, 660, 661, 662, 663, 664, 665, 666, 667, 668, 669, 670, 671, 1056, 1057, 1058, 1059, 1060, 1061, 1062, 1063, 1064, 1065, 1066, 1067, 1068, 1069, 1070, 1071, 1072, 1073, 1074, 1075, 1076, 1077, 1078, 1079, 1080, 1081, 1082, 1083, 1084, 1085, 1086, 1087, 1088, 1089, 1090, 1091, 1092, 1093, 1094, 1095, 1096, 1097, 1098, 1099, 1100, 1101, 1102, 1103, 1104, 1105, 1106, 1107, 1108, 1109, 1110, 1111, 1112, 1113, 1114, 1115, 1116, 1117, 1118, 1119, 1120, 1121, 1122, 1123, 1124, 1125, 1126, 1127, 1128, 1129, 1130, 1131, 1132, 1133, 1134, 1135, 1136, 1137, 1138, 1139, 1140, 1141, 1142, 1143, 1144, 1145, 1146, 1147, 1148, 1149, 1150, 1151, 1152, 1153, 1154, 1155, 1156, 1157, 1158, 1159, 1160, 1161, 1162, 1163, 1164, 1165, 1166, 1167, 1168, 1169, 1170, 1171, 1172, 1173, 1174, 1175, 1176, 1177, 1178, 1179, 1180, 1181, 1182, 1183, 1184, 1185, 1186, 1187, 1188, 1189, 1190, 1191, 1192, 1193, 1194, 1195, 1196, 1197, 1198, 1199]
                }
                dictionary r00001 = {
                    dictionary group = {
                        int junction = 1
                    }
                    string name = "junction"
                    int[] tet_indices = [0, 1, 2, 3, 4, 5, 6, 7, 8, 9, 10, 11, 12, 13, 14, 15, 16, 17, 18, 19, 20, 21, 22, 23, 24, 25, 26, 27, 28, 29, 30, 31, 32, 33, 34, 35, 36, 37, 38, 39, 40, 41, 42, 43, 44, 45, 46, 47, 48, 49, 50, 51, 52, 53, 54, 55, 56, 57, 58, 59, 60, 61, 62, 63, 64, 65, 66, 67, 68, 69, 70, 71, 72, 73, 74, 75, 76, 77, 78, 79, 80, 81, 82, 83, 84, 85, 86, 87, 88, 89, 90, 91, 92, 93, 94, 95, 96, 97, 98, 99, 100, 101, 102, 103, 104, 105, 106, 107, 108, 109, 110, 111, 112, 113, 114, 115, 116, 117, 118, 119, 120, 121, 122, 123, 124, 125, 126, 127, 128, 129, 130, 131, 132, 133, 134, 135, 136, 137, 138, 139, 140, 141, 142, 143, 144, 145, 146, 147, 148, 149, 150, 151, 152, 153, 154, 155, 156, 157, 158, 159, 160, 161, 162, 163, 164, 165, 166, 167, 168, 169, 170, 171, 172, 173, 174, 175, 176, 177, 178, 179, 180, 181, 182, 183, 184, 185, 186, 187, 188, 189, 190, 191, 192, 193, 194, 195, 196, 197, 198, 199, 200, 201, 202, 203, 204, 205, 206, 207, 208, 209, 210, 211, 212, 213, 214, 215, 216, 217, 218, 219, 220, 221, 222, 223, 224, 225, 226, 227, 228, 229, 230, 231, 232, 233, 234, 235, 236, 237, 238, 239, 240, 241, 242, 243, 244, 245, 246, 247, 248, 249, 250, 251, 252, 253, 254, 255, 256, 257, 258, 259, 260, 261, 262, 263, 264, 265, 266, 267, 268, 269, 270, 271, 272, 273, 274, 275, 276, 277, 278, 279, 280, 281, 282, 283, 284, 285, 286, 287]
                }
            }
            int[] spring_chamber_mask = [-1, -1, -1, -1, -1, -1, -1, -1, -1, -1, -1, 0, -1, -1, -1, -1, -1, -1, -1, -1, -1, -1, 0, -1, -1, -1, -1, -1, -1, -1, -1, -1, -1, 0, -1, -1, -1, -1, -1, -1, -1, -1, -1, -1, 0, -1, -1, -1, -1, -1, -1, -1, -1, -1, -1, -1, -1, -1, -1, -1, -1, -1, -1, -1, -1, -1, -1, -1, -1, -1, -1, -1, -1, -1, -1, -1, -1, -1, -1, -1, -1, -1, -1, -1, -1, -1, -1, -1, -1, -1, -1, -1, -1, -1, -1, -1, -1, -1, -1, -1, -1, -1, -1, -1, -1, 0, -1, 0, -1, -1, -1, 0, -1, 0, 0, -1, -1, -1, -1, 0, -1, 0, 0, -1, -1, -1, -1, 0, -1, 0, 0, -1, -1, -1, -1, 0, -1, 0, -1, -1, -1, -1, -1, -1, -1, -1, -1, -1, -1, -1, -1, -1, -1, -1, -1, -1, -1, -1, -1, -1, -1, -1, -1, -1, -1, -1, -1, -1, -1, -1, -1, -1, -1, -1, -1, -1, -1, -1, -1, -1, -1, -1, -1, -1, -1, -1, -1, -1, -1, -1, -1, -1, -1, -1, -1, -1, -1, -1, -1, -1, -1, -1, -1, -1, -1, -1, -1, -1, -1, -1, -1, -1, -1, -1, -1, -1, -1, -1, -1, -1, -1, -1, -1, -1, -1, -1, -1, -1, -1, -1, -1, -1, -1, -1, -1, -1, -1, -1, -1, -1, -1, -1, -1, -1, -1, -1, -1, -1, -1, -1, -1, -1, -1, -1, -1, -1, -1, -1, -1, -1, -1, -1, -1, -1, -1, -1, -1, -1, -1, -1, -1, -1, -1, -1, -1, -1, -1, -1, -1, -1, -1, -1, -1, -1, -1, -1, -1, -1, -1, -1, -1, -1, -1, -1, -1, -1, -1, -1, -1, -1, -1, -1, -1, -1, -1, -1, -1, -1, -1, -1, -1, -1, -1, -1, -1, -1, -1, -1, -1, -1, -1, -1, -1, -1, -1, -1, -1, -1, -1, -1, -1, -1, -1, -1, -1, -1, -1, -1, -1, -1, -1, -1, -1, -1, -1, -1, -1, -1, -1, -1, -1, -1, -1, -1, -1, -1, -1, -1, -1, -1, -1, -1, -1, -1, -1, -1, -1, -1, -1, -1, -1, -1, -1, -1, -1, -1, -1, -1, -1, -1, -1, -1, -1, -1, -1, -1, -1, -1, -1, -1, -1, -1, -1, -1, -1, -1, -1, -1, -1, -1, -1, -1, -1, -1, -1, -1, -1, -1, -1, -1, -1, -1, -1, -1, -1, -1, -1, -1, -1, -1, -1, -1, -1, -1, -1, -1, -1, -1, -1, -1, -1, -1, -1, -1, -1, -1, -1, -1, -1, -1, -1, -1, -1, -1, -1, -1, -1, -1, -1, -1, -1, -1, -1, -1, -1, -1, -1, 0, -1, -1, -1, -1, -1, 0, 0, 0, -1, -1, -1, -1, -1, 0, -1, -1, 0, 0, -1, -1, -1, -1, -1, 0, -1, -1, 0, 0, -1, -1, -1, -1, -1, 0, -1, -1, 0, 0, -1, -1, -1, -1, -1, 0, -1, -1, -1, -1, -1, 0, 0, 0, -1, -1, -1, -1, -1, 0, -1, -1, 0, 0, -1, -1, -1, -1, -1, 0, -1, -1, 0, 0, -1, -1, -1, -1, -1, 0, -1, -1, 0, 0, -1, -1, -1, -1, -1, 1, -1, -1, -1, -1, -1, 1, 1, 1, -1, -1, -1, -1, -1, 1, -1, -1, 1, 1, -1, -1, -1, -1, -1, 1, -1, -1, 1, 1, -1, -1, -1, -1, -1, 1, -1, -1, 1, 1, -1, -1, -1, -1, -1, 1, -1, -1, -1, -1, -1, 1, 1, 1, -1, -1, -1, -1, -1, 1, -1, -1, 1, 1, -1, -1, -1, -1, -1, 1, -1, -1, 1, 1, -1, -1, -1, -1, -1, 1, -1, -1, 1, 1, -1, -1, -1, -1, -1, 2, -1, -1, -1, -1, -1, 2, 2, 2, -1, -1, -1, -1, -1, 2, -1, -1, 2, 2, -1, -1, -1, -1, -1, 2, -1, -1, 2, 2, -1, -1, -1, -1, -1, 2, -1, -1, 2, 2, -1, -1, -1, -1, -1, 2, -1, -1, -1, -1, -1, 2, 2, 2, -1, -1, -1, -1, -1, 2, -1, -1, 2, 2, -1, -1, -1, -1, -1, 2, -1, -1, 2, 2, -1, -1, -1, -1, -1, 2, -1, -1, 2, 2, -1, -1, -1, -1, -1, 3, -1, -1, -1, -1, -1, 3, 3, 3, -1, -1, -1, -1, -1, 3, -1, -1, 3, 3, -1, -1, -1, -1, -1, 3, -1, -1, 3, 3, -1, -1, -1, -1, -1, 3, -1, -1, 3, 3, -1, -1, -1, -1, -1, 3, -1, -1, -1, -1, -1, 3, 3, 3, -1, -1, -1, -1, -1, 3, -1, -1, 3, 3, -1, -1, -1, -1, -1, 3, -1, -1, 3, 3, -1, -1, -1, -1, -1, 3, -1, -1, 3, 3, -1, -1, -1, -1, -1, 4, -1, -1, -1, -1, -1, 4, 4, 4, -1, -1, -1, -1, -1, 4, -1, -1, 4, 4, -1, -1, -1, -1, -1, 4, -1, -1, 4, 4, -1, -1, -1, -1, -1, 4, -1, -1, 4, 4, -1, -1, -1, -1, -1, 4, -1, -1, -1, -1, -1, 4, 4, 4, -1, -1, -1, -1, -1, 4, -1, -1, 4, 4, -1, -1, -1, -1, -1, 4, -1, -1, 4, 4, -1, -1, -1, -1, -1, 4, -1, -1, 4, 4, -1, -1, -1, -1, -1, 5, -1, -1, -1, -1, -1, 5, 5, 5, -1, -1, -1, -1, -1, 5, -1, -1, 5, 5, -1, -1, -1, -1, -1, 5, -1, -1, 5, 5, -1, -1, -1, -1, -1, 5, -1, -1, 5, 5, -1, -1, -1, -1, -1, 5, -1, -1, -1, -1, -1, 5, 5, 5, -1, -1, -1, -1, -1, 5, -1, -1, 5, 5, -1, -1, -1, -1, -1, 5, -1, -1, 5, 5, -1, -1, -1, -1, -1, 5, -1, -1, 5, 5, -1, -1, -1, -1, -1, 6, -1, -1, -1, -1, -1, 6, 6, 6, -1, -1, -1, -1, -1, 6, -1, -1, 6, 6, -1, -1, -1, -1, -1, 6, -1, -1, 6, 6, -1, -1, -1, -1, -1, 6, -1, -1, 6, 6, -1, -1, -1, -1, -1, 6, -1, -1, -1, -1, -1, 6, 6, 6, -1, -1, -1, -1, -1, 6, -1, -1, 6, 6, -1, -1, -1, -1, -1, 6, -1, -1, 6, 6, -1, -1, -1, -1, -1, 6, -1, -1, 6, 6, -1, -1, -1, -1, -1, 7, -1, -1, -1, -1, -1, 7, 7, 7, -1, -1, -1, -1, -1, 7, -1, -1, 7, 7, -1, -1, -1, -1, -1, 7, -1, -1, 7, 7, -1, -1, -1, -1, -1, 7, -1, -1, 7, 7, -1, -1, -1, -1, -1, 7, -1, -1, -1, -1, -1, 7, 7, 7, -1, -1, -1, -1, -1, 7, -1, -1, 7, 7, -1, -1, -1, -1, -1, 7, -1, -1, 7, 7, -1, -1, -1, -1, -1, 7, -1, -1, 7, 7, 0, 0, 0, 0, 0, 0, 0, 0, 0, 0, 0, 0, 0, 0, 0, 0, 0, 0, 0, 0, 0, 0, 0, 0, 0, 0, 0, 0, 0, 0, 0, 0, 0, 0, 0, 0, 0, 0, 0, 0, 0, 0, 0, 0, 0, 0, 0, 0, 0, 0, 0, 0, 0, 0, 0, 0, 0, 0, 0, 0, 0, 0, 1, 1, 1, 1, 1, 1, 1, 1, 1, 1, 1, 1, 1, 1, 1, 1, 1, 1, 1, 1, 1, 1, 1, 1, 1, 1, 1, 1, 1, 1, 1, 1, 1, 1, 1, 1, 1, 1, 1, 1, 1, 1, 1, 1, 1, 1, 1, 1, 1, 1, 1, 1, 1, 1, 1, 1, 1, 1, 1, 1, 1, 1, 2, 2, 2, 2, 2, 2, 2, 2, 2, 2, 2, 2, 2, 2, 2, 2, 2, 2, 2, 2, 2, 2, 2, 2, 2, 2, 2, 2, 2, 2, 2, 2, 2, 2, 2, 2, 2, 2, 2, 2, 2, 2, 2, 2, 2, 2, 2, 2, 2, 2, 2, 2, 2, 2, 2, 2, 2, 2, 2, 2, 2, 2, 3, 3, 3, 3, 3, 3, 3, 3, 3, 3, 3, 3, 3, 3, 3, 3, 3, 3, 3, 3, 3, 3, 3, 3, 3, 3, 3, 3, 3, 3, 3, 3, 3, 3, 3, 3, 3, 3, 3, 3, 3, 3, 3, 3, 3, 3, 3, 3, 3, 3, 3, 3, 3, 3, 3, 3, 3, 3, 3, 3, 3, 3, 4, 4, 4, 4, 4, 4, 4, 4, 4, 4, 4, 4, 4, 4, 4, 4, 4, 4, 4, 4, 4, 4, 4, 4, 4, 4, 4, 4, 4, 4, 4, 4, 4, 4, 4, 4, 4, 4, 4, 4, 4, 4, 4, 4, 4, 4, 4, 4, 4, 4, 4, 4, 4, 4, 4, 4, 4, 4, 4, 4, 4, 4, 5, 5, 5, 5, 5, 5, 5, 5, 5, 5, 5, 5, 5, 5, 5, 5, 5, 5, 5, 5, 5, 5, 5, 5, 5, 5, 5, 5, 5, 5, 5, 5, 5, 5, 5, 5, 5, 5, 5, 5, 5, 5, 5, 5, 5, 5, 5, 5, 5, 5, 5, 5, 5, 5, 5, 5, 5, 5, 5, 5, 5, 5, 6, 6, 6, 6, 6, 6, 6, 6, 6, 6, 6, 6, 6, 6, 6, 6, 6, 6, 6, 6, 6, 6, 6, 6, 6, 6, 6, 6, 6, 6, 6, 6, 6, 6, 6, 6, 6, 6, 6, 6, 6, 6, 6, 6, 6, 6, 6, 6, 6, 6, 6, 6, 6, 6, 6, 6, 6, 6, 6, 6, 6, 6, 7, 7, 7, 7, 7, 7, 7, 7, 7, 7, 7, 7, 7, 7, 7, 7, 7, 7, 7, 7, 7, 7, 7, 7, 7, 7, 7, 7, 7, 7, 7, 7, 7, 7, 7, 7, 7, 7, 7, 7, 7, 7, 7, 7, 7, 7, 7, 7, 7, 7, 7, 7, 7, 7, 7, 7, 7, 7, 7, 7, 7, 7, -1, -1, -1, -1, -1, -1, -1, -1, -1, -1, -1, -1, -1, -1, -1, -1, -1, -1, -1, -1, -1, -1, -1, -1, -1, -1, -1, -1, -1, -1, -1, -1, -1, -1, -1, -1, -1, -1, -1, -1, -1, -1, -1, -1, -1, -1, -1, -1, -1, -1, -1, -1, -1, -1, -1, -1, -1, -1, -1, -1, -1, -1, -1, -1, -1, -1, -1, -1, -1, -1, -1, -1, -1, -1, -1, -1, -1, -1, -1, -1, -1, -1, -1, -1, -1, -1, -1, -1, -1, -1, -1, -1, -1, -1, -1, -1, -1, -1, -1, -1, -1, -1, -1, -1, -1, -1, -1, -1, -1, -1, -1, -1, -1, -1, -1, -1, -1, -1, -1, -1, -1, -1, -1, -1, -1, -1, -1, -1, -1, -1, -1, -1, -1, -1, -1, -1, -1, -1, -1, -1, -1, -1, -1, -1, -1, -1, -1, -1, -1, -1, -1, -1, -1, -1, -1, -1, -1, -1, -1, -1, -1, -1, -1, -1, -1, -1, -1, -1, -1, -1, -1, -1, -1, -1, -1, -1, -1, -1, -1, -1, -1, -1, -1, -1, -1, -1, -1, -1, -1, -1, -1, -1, -1, -1, -1, -1, -1, -1, -1, -1, -1, -1, -1, -1, -1, -1, -1, -1, -1, -1, -1, -1, -1, -1, -1, -1, -1, -1]
            int spring_count = 1870
            int[] spring_indices = [1, 2, 0, 1, 1, 3, 0, 2, 2, 3, 0, 3, 1, 5, 2, 5, 3, 5, 1, 4, 4, 5, 3, 4, 6, 7, 1, 6, 4, 6, 1, 7, 4, 7, 6, 9, 7, 9, 4, 9, 6, 8, 8, 9, 4, 8, 10, 11, 6, 10, 8, 10, 6, 11, 8, 11, 10, 13, 11, 13, 8, 13, 10, 12, 12, 13, 8, 12, 14, 15, 10, 14, 12, 14, 10, 15, 12, 15, 14, 17, 15, 17, 12, 17, 14, 16, 16, 17, 12, 16, 7, 18, 2, 7, 5, 7, 2, 18, 5, 18, 7, 19, 18, 19, 5, 19, 9, 19, 5, 9, 11, 20, 7, 11, 9, 11, 7, 20, 9, 20, 11, 21, 20, 21, 9, 21, 13, 21, 9, 13, 15, 22, 11, 15, 13, 15, 11, 22, 13, 22, 15, 23, 22, 23, 13, 23, 17, 23, 13, 17, 20, 24, 18, 20, 19, 20, 18, 24, 19, 24, 20, 25, 24, 25, 19, 25, 21, 25, 19, 21, 22, 26, 20, 22, 21, 22, 20, 26, 21, 26, 22, 27, 26, 27, 21, 27, 23, 27, 21, 23, 26, 28, 24, 26, 25, 26, 24, 28, 25, 28, 26, 29, 28, 29, 25, 29, 27, 29, 25, 27, 4, 30, 5, 30, 3, 30, 4, 32, 5, 32, 30, 32, 4, 31, 31, 32, 30, 31, 8, 31, 9, 31, 8, 34, 9, 34, 31, 34, 8, 33, 33, 34, 31, 33, 12, 33, 13, 33, 12, 36, 13, 36, 33, 36, 12, 35, 35, 36, 33, 35, 16, 35, 17, 35, 16, 38, 17, 38, 35, 38, 16, 37, 37, 38, 35, 37, 9, 32, 19, 32, 9, 39, 19, 39, 32, 39, 34, 39, 32, 34, 13, 34, 21, 34, 13, 40, 21, 40, 34, 40, 36, 40, 34, 36, 17, 36, 23, 36, 17, 41, 23, 41, 36, 41, 38, 41, 36, 38, 21, 39, 25, 39, 21, 42, 25, 42, 39, 42, 40, 42, 39, 40, 23, 40, 27, 40, 23, 43, 27, 43, 40, 43, 41, 43, 40, 41, 27, 42, 29, 42, 27, 44, 29, 44, 42, 44, 43, 44, 42, 43, 14, 45, 15, 45, 17, 45, 14, 46, 45, 46, 17, 46, 16, 46, 45, 47, 45, 48, 45, 50, 47, 48, 47, 50, 48, 50, 45, 49, 47, 49, 49, 50, 46, 49, 46, 50, 47, 51, 47, 52, 47, 54, 51, 52, 51, 54, 52, 54, 47, 53, 51, 53, 53, 54, 49, 53, 49, 54, 51, 55, 51, 56, 51, 58, 55, 56, 55, 58, 56, 58, 51, 57, 55, 57, 57, 58, 53, 57, 53, 58, 15, 48, 22, 48, 23, 48, 15, 50, 23, 50, 17, 50, 48, 52, 48, 59, 48, 60, 52, 59, 52, 60, 59, 60, 48, 54, 54, 60, 50, 54, 50, 60, 52, 56, 52, 61, 52, 62, 56, 61, 56, 62, 61, 62, 52, 58, 58, 62, 54, 58, 54, 62, 22, 59, 26, 59, 27, 59, 22, 60, 27, 60, 23, 60, 59, 61, 59, 63, 59, 64, 61, 63, 61, 64, 63, 64, 59, 62, 62, 64, 60, 62, 60, 64, 26, 63, 28, 63, 29, 63, 26, 64, 29, 64, 27, 64, 38, 46, 16, 65, 46, 65, 38, 65, 37, 65, 46, 67, 49, 67, 50, 67, 46, 66, 49, 66, 66, 67, 65, 66, 65, 67, 49, 69, 53, 69, 54, 69, 49, 68, 53, 68, 68, 69, 66, 68, 66, 69, 53, 71, 57, 71, 58, 71, 53, 70, 57, 70, 70, 71, 68, 70, 68, 71, 41, 50, 17, 67, 41, 67, 38, 67, 50, 72, 54, 72, 60, 72, 50, 69, 69, 72, 67, 69, 67, 72, 54, 73, 58, 73, 62, 73, 54, 71, 71, 73, 69, 71, 69, 73, 43, 60, 23, 72, 43, 72, 41, 72, 60, 74, 62, 74, 64, 74, 60, 73, 73, 74, 72, 73, 72, 74, 44, 64, 27, 74, 44, 74, 43, 74, 55, 76, 55, 75, 56, 76, 56, 75, 75, 76, 58, 76, 57, 76, 75, 78, 75, 79, 75, 77, 78, 79, 77, 78, 77, 79, 75, 80, 78, 80, 79, 80, 76, 80, 76, 79, 77, 82, 77, 83, 77, 81, 82, 83, 81, 82, 81, 83, 77, 84, 82, 84, 83, 84, 79, 84, 79, 83, 2, 81, 3, 81, 0, 81, 5, 81, 5, 83, 3, 83, 56, 80, 56, 78, 61, 80, 61, 78, 62, 80, 58, 80, 78, 85, 78, 84, 78, 82, 84, 85, 82, 85, 78, 86, 85, 86, 84, 86, 80, 86, 80, 84, 18, 82, 5, 82, 2, 82, 19, 82, 19, 84, 5, 84, 61, 86, 61, 85, 63, 86, 63, 85, 64, 86, 62, 86, 24, 85, 19, 85, 18, 85, 25, 85, 25, 86, 19, 86, 25, 63, 24, 63, 25, 64, 57, 87, 58, 87, 76, 87, 71, 87, 70, 87, 76, 88, 80, 88, 79, 88, 76, 89, 80, 89, 88, 89, 87, 89, 87, 88, 79, 90, 84, 90, 83, 90, 79, 91, 84, 91, 90, 91, 88, 91, 88, 90, 30, 83, 32, 83, 32, 90, 30, 90, 58, 89, 62, 89, 73, 89, 71, 89, 80, 91, 86, 91, 80, 92, 86, 92, 91, 92, 89, 92, 89, 91, 32, 84, 39, 84, 39, 91, 32, 91, 62, 92, 64, 92, 74, 92, 73, 92, 39, 86, 42, 86, 42, 92, 39, 92, 42, 64, 42, 74, 14, 94, 14, 174, 10, 94, 10, 174, 94, 174, 12, 174, 14, 93, 93, 174, 93, 94, 14, 173, 93, 173, 173, 174, 16, 174, 16, 173, 10, 95, 10, 175, 6, 95, 6, 175, 95, 175, 8, 175, 94, 175, 94, 95, 174, 175, 12, 175, 6, 96, 6, 176, 1, 96, 1, 176, 96, 176, 4, 176, 95, 176, 95, 96, 175, 176, 8, 176, 1, 97, 1, 177, 0, 97, 0, 177, 97, 177, 3, 177, 96, 177, 96, 97, 176, 177, 4, 177, 93, 99, 93, 179, 94, 99, 94, 179, 99, 179, 174, 179, 93, 98, 98, 179, 98, 99, 93, 178, 98, 178, 178, 179, 173, 179, 173, 178, 94, 100, 94, 180, 95, 100, 95, 180, 100, 180, 175, 180, 99, 180, 99, 100, 179, 180, 174, 180, 95, 101, 95, 181, 96, 101, 96, 181, 101, 181, 176, 181, 100, 181, 100, 101, 180, 181, 175, 181, 96, 102, 96, 182, 97, 102, 97, 182, 102, 182, 177, 182, 101, 182, 101, 102, 181, 182, 176, 182, 98, 104, 98, 184, 99, 104, 99, 184, 104, 184, 179, 184, 98, 103, 103, 184, 103, 104, 98, 183, 103, 183, 183, 184, 178, 184, 178, 183, 99, 105, 99, 185, 100, 105, 100, 185, 105, 185, 180, 185, 104, 185, 104, 105, 184, 185, 179, 185, 100, 106, 100, 186, 101, 106, 101, 186, 106, 186, 181, 186, 105, 186, 105, 106, 185, 186, 180, 186, 101, 107, 101, 187, 102, 107, 102, 187, 107, 187, 182, 187, 106, 187, 106, 107, 186, 187, 181, 187, 103, 109, 103, 189, 104, 109, 104, 189, 109, 189, 184, 189, 103, 108, 108, 189, 108, 109, 103, 188, 108, 188, 188, 189, 183, 189, 183, 188, 104, 110, 104, 190, 105, 110, 105, 190, 110, 190, 185, 190, 109, 190, 109, 110, 189, 190, 184, 190, 105, 111, 105, 191, 106, 111, 106, 191, 111, 191, 186, 191, 110, 191, 110, 111, 190, 191, 185, 191, 106, 112, 106, 192, 107, 112, 107, 192, 112, 192, 187, 192, 111, 192, 111, 112, 191, 192, 186, 192, 108, 114, 108, 194, 109, 114, 109, 194, 114, 194, 189, 194, 108, 113, 113, 194, 113, 114, 108, 193, 113, 193, 193, 194, 188, 194, 188, 193, 109, 115, 109, 195, 110, 115, 110, 195, 115, 195, 190, 195, 114, 195, 114, 115, 194, 195, 189, 195, 110, 116, 110, 196, 111, 116, 111, 196, 116, 196, 191, 196, 115, 196, 115, 116, 195, 196, 190, 196, 111, 117, 111, 197, 112, 117, 112, 197, 117, 197, 192, 197, 116, 197, 116, 117, 196, 197, 191, 197, 113, 119, 113, 199, 114, 119, 114, 199, 119, 199, 194, 199, 113, 118, 118, 199, 118, 119, 113, 198, 118, 198, 198, 199, 193, 199, 193, 198, 114, 120, 114, 200, 115, 120, 115, 200, 120, 200, 195, 200, 119, 200, 119, 120, 199, 200, 194, 200, 115, 121, 115, 201, 116, 121, 116, 201, 121, 201, 196, 201, 120, 201, 120, 121, 200, 201, 195, 201, 116, 122, 116, 202, 117, 122, 117, 202, 122, 202, 197, 202, 121, 202, 121, 122, 201, 202, 196, 202, 118, 124, 118, 204, 119, 124, 119, 204, 124, 204, 199, 204, 118, 123, 123, 204, 123, 124, 118, 203, 123, 203, 203, 204, 198, 204, 198, 203, 119, 125, 119, 205, 120, 125, 120, 205, 125, 205, 200, 205, 124, 205, 124, 125, 204, 205, 199, 205, 120, 126, 120, 206, 121, 126, 121, 206, 126, 206, 201, 206, 125, 206, 125, 126, 205, 206, 200, 206, 121, 127, 121, 207, 122, 127, 122, 207, 127, 207, 202, 207, 126, 207, 126, 127, 206, 207, 201, 207, 123, 129, 123, 209, 124, 129, 124, 209, 129, 209, 204, 209, 123, 128, 128, 209, 128, 129, 123, 208, 128, 208, 208, 209, 203, 209, 203, 208, 124, 130, 124, 210, 125, 130, 125, 210, 130, 210, 205, 210, 129, 210, 129, 130, 209, 210, 204, 210, 125, 131, 125, 211, 126, 131, 126, 211, 131, 211, 206, 211, 130, 211, 130, 131, 210, 211, 205, 211, 126, 132, 126, 212, 127, 132, 127, 212, 132, 212, 207, 212, 131, 212, 131, 132, 211, 212, 206, 212, 128, 134, 128, 214, 129, 134, 129, 214, 134, 214, 209, 214, 128, 133, 133, 214, 133, 134, 128, 213, 133, 213, 213, 214, 208, 214, 208, 213, 129, 135, 129, 215, 130, 135, 130, 215, 135, 215, 210, 215, 134, 215, 134, 135, 214, 215, 209, 215, 130, 136, 130, 216, 131, 136, 131, 216, 136, 216, 211, 216, 135, 216, 135, 136, 215, 216, 210, 216, 131, 137, 131, 217, 132, 137, 132, 217, 137, 217, 212, 217, 136, 217, 136, 137, 216, 217, 211, 217, 133, 139, 133, 219, 134, 139, 134, 219, 139, 219, 214, 219, 133, 138, 138, 219, 138, 139, 133, 218, 138, 218, 218, 219, 213, 219, 213, 218, 134, 140, 134, 220, 135, 140, 135, 220, 140, 220, 215, 220, 139, 220, 139, 140, 219, 220, 214, 220, 135, 141, 135, 221, 136, 141, 136, 221, 141, 221, 216, 221, 140, 221, 140, 141, 220, 221, 215, 221, 136, 142, 136, 222, 137, 142, 137, 222, 142, 222, 217, 222, 141, 222, 141, 142, 221, 222, 216, 222, 138, 144, 138, 224, 139, 144, 139, 224, 144, 224, 219, 224, 138, 143, 143, 224, 143, 144, 138, 223, 143, 223, 223, 224, 218, 224, 218, 223, 139, 145, 139, 225, 140, 145, 140, 225, 145, 225, 220, 225, 144, 225, 144, 145, 224, 225, 219, 225, 140, 146, 140, 226, 141, 146, 141, 226, 146, 226, 221, 226, 145, 226, 145, 146, 225, 226, 220, 226, 141, 147, 141, 227, 142, 147, 142, 227, 147, 227, 222, 227, 146, 227, 146, 147, 226, 227, 221, 227, 143, 149, 143, 229, 144, 149, 144, 229, 149, 229, 224, 229, 143, 148, 148, 229, 148, 149, 143, 228, 148, 228, 228, 229, 223, 229, 223, 228, 144, 150, 144, 230, 145, 150, 145, 230, 150, 230, 225, 230, 149, 230, 149, 150, 229, 230, 224, 230, 145, 151, 145, 231, 146, 151, 146, 231, 151, 231, 226, 231, 150, 231, 150, 151, 230, 231, 225, 231, 146, 152, 146, 232, 147, 152, 147, 232, 152, 232, 227, 232, 151, 232, 151, 152, 231, 232, 226, 232, 148, 154, 148, 234, 149, 154, 149, 234, 154, 234, 229, 234, 148, 153, 153, 234, 153, 154, 148, 233, 153, 233, 233, 234, 228, 234, 228, 233, 149, 155, 149, 235, 150, 155, 150, 235, 155, 235, 230, 235, 154, 235, 154, 155, 234, 235, 229, 235, 150, 156, 150, 236, 151, 156, 151, 236, 156, 236, 231, 236, 155, 236, 155, 156, 235, 236, 230, 236, 151, 157, 151, 237, 152, 157, 152, 237, 157, 237, 232, 237, 156, 237, 156, 157, 236, 237, 231, 237, 153, 159, 153, 239, 154, 159, 154, 239, 159, 239, 234, 239, 153, 158, 158, 239, 158, 159, 153, 238, 158, 238, 238, 239, 233, 239, 233, 238, 154, 160, 154, 240, 155, 160, 155, 240, 160, 240, 235, 240, 159, 240, 159, 160, 239, 240, 234, 240, 155, 161, 155, 241, 156, 161, 156, 241, 161, 241, 236, 241, 160, 241, 160, 161, 240, 241, 235, 241, 156, 162, 156, 242, 157, 162, 157, 242, 162, 242, 237, 242, 161, 242, 161, 162, 241, 242, 236, 242, 158, 164, 158, 244, 159, 164, 159, 244, 164, 244, 239, 244, 158, 163, 163, 244, 163, 164, 158, 243, 163, 243, 243, 244, 238, 244, 238, 243, 159, 165, 159, 245, 160, 165, 160, 245, 165, 245, 240, 245, 164, 245, 164, 165, 244, 245, 239, 245, 160, 166, 160, 246, 161, 166, 161, 246, 166, 246, 241, 246, 165, 246, 165, 166, 245, 246, 240, 246, 161, 167, 161, 247, 162, 167, 162, 247, 167, 247, 242, 247, 166, 247, 166, 167, 246, 247, 241, 247, 163, 169, 163, 249, 164, 169, 164, 249, 169, 249, 244, 249, 163, 168, 168, 249, 168, 169, 163, 248, 168, 248, 248, 249, 243, 249, 243, 248, 164, 170, 164, 250, 165, 170, 165, 250, 170, 250, 245, 250, 169, 250, 169, 170, 249, 250, 244, 250, 165, 171, 165, 251, 166, 171, 166, 251, 171, 251, 246, 251, 170, 251, 170, 171, 250, 251, 245, 251, 166, 172, 166, 252, 167, 172, 167, 252, 172, 252, 247, 252, 171, 252, 171, 172, 251, 252, 246, 252, 16, 254, 12, 254, 174, 254, 35, 254, 173, 254, 16, 253, 173, 253, 253, 254, 37, 254, 37, 253, 12, 255, 8, 255, 175, 255, 33, 255, 174, 255, 254, 255, 35, 255, 8, 256, 4, 256, 176, 256, 31, 256, 175, 256, 255, 256, 33, 256, 4, 257, 3, 257, 177, 257, 30, 257, 176, 257, 256, 257, 31, 257, 173, 259, 174, 259, 179, 259, 254, 259, 178, 259, 173, 258, 178, 258, 258, 259, 253, 259, 253, 258, 174, 260, 175, 260, 180, 260, 255, 260, 179, 260, 259, 260, 254, 260, 175, 261, 176, 261, 181, 261, 256, 261, 180, 261, 260, 261, 255, 261, 176, 262, 177, 262, 182, 262, 257, 262, 181, 262, 261, 262, 256, 262, 178, 264, 179, 264, 184, 264, 259, 264, 183, 264, 178, 263, 183, 263, 263, 264, 258, 264, 258, 263, 179, 265, 180, 265, 185, 265, 260, 265, 184, 265, 264, 265, 259, 265, 180, 266, 181, 266, 186, 266, 261, 266, 185, 266, 265, 266, 260, 266, 181, 267, 182, 267, 187, 267, 262, 267, 186, 267, 266, 267, 261, 267, 183, 269, 184, 269, 189, 269, 264, 269, 188, 269, 183, 268, 188, 268, 268, 269, 263, 269, 263, 268, 184, 270, 185, 270, 190, 270, 265, 270, 189, 270, 269, 270, 264, 270, 185, 271, 186, 271, 191, 271, 266, 271, 190, 271, 270, 271, 265, 271, 186, 272, 187, 272, 192, 272, 267, 272, 191, 272, 271, 272, 266, 272, 188, 274, 189, 274, 194, 274, 269, 274, 193, 274, 188, 273, 193, 273, 273, 274, 268, 274, 268, 273, 189, 275, 190, 275, 195, 275, 270, 275, 194, 275, 274, 275, 269, 275, 190, 276, 191, 276, 196, 276, 271, 276, 195, 276, 275, 276, 270, 276, 191, 277, 192, 277, 197, 277, 272, 277, 196, 277, 276, 277, 271, 277, 193, 279, 194, 279, 199, 279, 274, 279, 198, 279, 193, 278, 198, 278, 278, 279, 273, 279, 273, 278, 194, 280, 195, 280, 200, 280, 275, 280, 199, 280, 279, 280, 274, 280, 195, 281, 196, 281, 201, 281, 276, 281, 200, 281, 280, 281, 275, 281, 196, 282, 197, 282, 202, 282, 277, 282, 201, 282, 281, 282, 276, 282, 198, 284, 199, 284, 204, 284, 279, 284, 203, 284, 198, 283, 203, 283, 283, 284, 278, 284, 278, 283, 199, 285, 200, 285, 205, 285, 280, 285, 204, 285, 284, 285, 279, 285, 200, 286, 201, 286, 206, 286, 281, 286, 205, 286, 285, 286, 280, 286, 201, 287, 202, 287, 207, 287, 282, 287, 206, 287, 286, 287, 281, 287, 203, 289, 204, 289, 209, 289, 284, 289, 208, 289, 203, 288, 208, 288, 288, 289, 283, 289, 283, 288, 204, 290, 205, 290, 210, 290, 285, 290, 209, 290, 289, 290, 284, 290, 205, 291, 206, 291, 211, 291, 286, 291, 210, 291, 290, 291, 285, 291, 206, 292, 207, 292, 212, 292, 287, 292, 211, 292, 291, 292, 286, 292, 208, 294, 209, 294, 214, 294, 289, 294, 213, 294, 208, 293, 213, 293, 293, 294, 288, 294, 288, 293, 209, 295, 210, 295, 215, 295, 290, 295, 214, 295, 294, 295, 289, 295, 210, 296, 211, 296, 216, 296, 291, 296, 215, 296, 295, 296, 290, 296, 211, 297, 212, 297, 217, 297, 292, 297, 216, 297, 296, 297, 291, 297, 213, 299, 214, 299, 219, 299, 294, 299, 218, 299, 213, 298, 218, 298, 298, 299, 293, 299, 293, 298, 214, 300, 215, 300, 220, 300, 295, 300, 219, 300, 299, 300, 294, 300, 215, 301, 216, 301, 221, 301, 296, 301, 220, 301, 300, 301, 295, 301, 216, 302, 217, 302, 222, 302, 297, 302, 221, 302, 301, 302, 296, 302, 218, 304, 219, 304, 224, 304, 299, 304, 223, 304, 218, 303, 223, 303, 303, 304, 298, 304, 298, 303, 219, 305, 220, 305, 225, 305, 300, 305, 224, 305, 304, 305, 299, 305, 220, 306, 221, 306, 226, 306, 301, 306, 225, 306, 305, 306, 300, 306, 221, 307, 222, 307, 227, 307, 302, 307, 226, 307, 306, 307, 301, 307, 223, 309, 224, 309, 229, 309, 304, 309, 228, 309, 223, 308, 228, 308, 308, 309, 303, 309, 303, 308, 224, 310, 225, 310, 230, 310, 305, 310, 229, 310, 309, 310, 304, 310, 225, 311, 226, 311, 231, 311, 306, 311, 230, 311, 310, 311, 305, 311, 226, 312, 227, 312, 232, 312, 307, 312, 231, 312, 311, 312, 306, 312, 228, 314, 229, 314, 234, 314, 309, 314, 233, 314, 228, 313, 233, 313, 313, 314, 308, 314, 308, 313, 229, 315, 230, 315, 235, 315, 310, 315, 234, 315, 314, 315, 309, 315, 230, 316, 231, 316, 236, 316, 311, 316, 235, 316, 315, 316, 310, 316, 231, 317, 232, 317, 237, 317, 312, 317, 236, 317, 316, 317, 311, 317, 233, 319, 234, 319, 239, 319, 314, 319, 238, 319, 233, 318, 238, 318, 318, 319, 313, 319, 313, 318, 234, 320, 235, 320, 240, 320, 315, 320, 239, 320, 319, 320, 314, 320, 235, 321, 236, 321, 241, 321, 316, 321, 240, 321, 320, 321, 315, 321, 236, 322, 237, 322, 242, 322, 317, 322, 241, 322, 321, 322, 316, 322, 238, 324, 239, 324, 244, 324, 319, 324, 243, 324, 238, 323, 243, 323, 323, 324, 318, 324, 318, 323, 239, 325, 240, 325, 245, 325, 320, 325, 244, 325, 324, 325, 319, 325, 240, 326, 241, 326, 246, 326, 321, 326, 245, 326, 325, 326, 320, 326, 241, 327, 242, 327, 247, 327, 322, 327, 246, 327, 326, 327, 321, 327, 243, 329, 244, 329, 249, 329, 324, 329, 248, 329, 243, 328, 248, 328, 328, 329, 323, 329, 323, 328, 244, 330, 245, 330, 250, 330, 325, 330, 249, 330, 329, 330, 324, 330, 245, 331, 246, 331, 251, 331, 326, 331, 250, 331, 330, 331, 325, 331, 246, 332, 247, 332, 252, 332, 327, 332, 251, 332, 331, 332, 326, 332, 170, 333, 251, 333, 171, 333, 170, 334, 333, 334, 251, 334, 250, 334, 170, 335, 334, 335, 333, 335, 170, 336, 335, 336, 334, 336, 250, 336, 170, 337, 336, 337, 335, 337, 170, 338, 337, 338, 336, 338, 250, 338, 170, 339, 338, 339, 337, 339, 170, 340, 339, 340, 338, 340, 250, 340, 170, 341, 339, 341, 340, 341, 250, 341, 341, 342, 250, 342, 340, 342, 341, 343, 250, 343, 170, 343, 342, 343, 343, 344, 342, 344, 250, 344, 343, 345, 250, 345, 170, 345, 344, 345, 345, 346, 344, 346, 250, 346, 169, 345, 169, 346, 249, 346, 171, 347, 252, 347, 172, 347, 171, 348, 347, 348, 252, 348, 251, 348, 333, 347, 333, 348, 334, 348, 333, 349, 348, 349, 347, 349, 333, 350, 349, 350, 348, 350, 334, 350, 335, 349, 335, 350, 336, 350, 335, 351, 350, 351, 349, 351, 335, 352, 351, 352, 350, 352, 336, 352, 337, 351, 337, 352, 338, 352, 337, 353, 351, 353, 352, 353, 338, 353, 353, 354, 338, 354, 352, 354, 339, 353, 339, 354, 340, 354, 339, 355, 353, 355, 354, 355, 340, 355, 355, 356, 340, 356, 354, 356, 341, 355, 342, 355, 342, 356, 355, 357, 342, 357, 341, 357, 356, 357, 357, 358, 356, 358, 342, 358, 343, 357, 344, 357, 344, 358, 357, 359, 344, 359, 343, 359, 358, 359, 359, 360, 358, 360, 344, 360, 345, 359, 346, 359, 346, 360, 168, 359, 168, 346, 168, 345, 168, 360, 248, 360, 248, 346, 331, 334, 250, 361, 334, 361, 331, 361, 330, 361, 336, 361, 250, 362, 336, 362, 361, 362, 330, 362, 338, 362, 250, 363, 338, 363, 362, 363, 330, 363, 340, 363, 250, 364, 340, 364, 363, 364, 330, 364, 342, 364, 330, 342, 342, 365, 330, 365, 364, 365, 330, 344, 344, 365, 344, 366, 365, 366, 330, 366, 330, 346, 346, 366, 346, 367, 366, 367, 330, 367, 249, 367, 329, 367, 332, 348, 251, 368, 348, 368, 332, 368, 331, 368, 334, 368, 361, 368, 350, 368, 334, 369, 350, 369, 368, 369, 361, 369, 336, 369, 362, 369, 352, 369, 336, 370, 352, 370, 369, 370, 362, 370, 338, 370, 363, 370, 354, 370, 354, 363, 354, 371, 363, 371, 370, 371, 340, 371, 364, 371, 356, 371, 356, 364, 356, 372, 364, 372, 371, 372, 356, 365, 365, 372, 358, 365, 358, 372, 358, 373, 372, 373, 365, 373, 358, 366, 366, 373, 360, 366, 360, 373, 360, 374, 373, 374, 366, 374, 360, 367, 367, 374, 248, 367, 248, 374, 328, 374, 328, 367]
            double[] spring_rest_direction = [0, 0, 0, 0, 0, 0, 0, 0, 0, 0, 0, 0, 0, 0, 0, 0, 0, 0, 0, 0, 0, 0, 0, 0, 0, 0, 0, 0, 0, 0, 0, 0, 0, -1, 0, 0, 0, 0, 0, 0, 0, 0, 0, 0, 0, 0, 0, 0, 0, 0, 0, 0, 0, 0, 0, 0, 0, 0, 0, 0, 0, 0, 0, 0, 0, 0, -1, 0, 0, 0, 0, 0, 0, 0, 0, 0, 0, 0, 0, 0, 0, 0, 0, 0, 0, 0, 0, 0, 0, 0, 0, 0, 0, 0, 0, 0, 0, 0, 0, -1, 0, 0, 0, 0, 0, 0, 0, 0, 0, 0, 0, 0, 0, 0, 0, 0, 0, 0, 0, 0, 0, 0, 0, 0, 0, 0, 0, 0, 0, 0, 0, 0, -1, 0, 0, 0, 0, 0, 0, 0, 0, 0, 0, 0, 0, 0, 0, 0, 0, 0, 0, 0, 0, 0, 0, 0, 0, 0, 0, 0, 0, 0, 0, 0, 0, 0, 0, 0, 0, 0, 0, 0, 0, 0, 0, 0, 0, 0, 0, 0, 0, 0, 0, 0, 0, 0, 0, 0, 0, 0, 0, 0, 0, 0, 0, 0, 0, 0, 0, 0, 0, 0, 0, 0, 0, 0, 0, 0, 0, 0, 0, 0, 0, 0, 0, 0, 0, 0, 0, 0, 0, 0, 0, 0, 0, 0, 0, 0, 0, 0, 0, 0, 0, 0, 0, 0, 0, 0, 0, 0, 0, 0, 0, 0, 0, 0, 0, 0, 0, 0, 0, 0, 0, 0, 0, 0, 0, 0, 0, 0, 0, 0, 0, 0, 0, 0, 0, 0, 0, 0, 0, 0, 0, 0, 0, 0, 0, 0, 0, 0, 0, 0, 0, 0, 0, 0, 0, 0, 0, 0, 0, 0, 0, 0, 0, 0, 0, 0, 0, 0, 0, 0, 0, 0, 0, 0, 0, 0, 0, 0, 0, 0, 0, 0, 0, 0, 0, 0, 0, 0, 0, 0, 0, 0, 0, 0, 0, 0, 0, 0, 0, 0, 0, 0, 0, 0, 0, 0, 0, 0, 0, 0, 0, 0, 0, 0, 0, 0, 0, 0, 0, 0, 0, 0, 0, 0, 0, 0, 0, 0, 0, 0, 0, -1, 0, 0, 0, 0, 0, 0, 0, 0, 0, 0, 0, 0, 0, 0, 0, 0, 0, 0, 0, 0, 0, 0, 0, -1, 0, 0, 0, 0, 0, 0, 0, 0, 0, 0, 0, 0, 0, 0, 0, 0, 0, 0, 0, 0, 0, 0, 0, 0, 0, 0, 0, 0, 0, 0, 0, 0, 0, 0, 0, 0, 0, 0, 0, 0, 0, 0, 0, 0, 0, 0, 0, 0, 0, 0, 0, 0, 0, 0, 0, 0, 0, 0, 0, 0, 0, 0, 0, 0, 0, 0, 0, 0, 0, 0, 0, 0, 0, 0, 0, 0, 0, 0, 0, 0, 0, 0, 0, 0, 0, 0, 0, 0, 0, 0, 0, 0, 0, 0, 0, 0, 0, 0, 0, 0, 0, 0, 0, 0, 0, 0, 0, 0, 0, 0, 0, 0, 0, 0, 0, 0, 0, 0, 0, 0, 0, 0, 0, 0, 0, 0, 0, 0, 0, 0, 0, 0, 0, 0, 0, 0, 0, 0, 0, 0, 0, 0, 0, 0, 0, 0, 0, 0, 0, 0, 0, 0, 0, 0, 0, 0, 0, 0, 0, 0, 0, 0, 0, 0, 0, 0, 0, 0, 0, 0, 0, 0, 0, 0, 0, 0, 0, 0, 0, 0, 0, 0, 0, 0, 0, 0, 0, 0, 0, 0, 0, 0, 0, 0, 0, 0, 0, 0, 0, 0, 0, 0, 0, 0, 0, 0, 0, 0, 0, 0, 0, 0, 0, 0, 0, 0, 0, 0, 0, 0, 0, 0, 0, 0, 0, 0, 0, 0, 0, 0, 0, 0, 0, 0, 0, 0, 0, 0, 0, 0, 0, 0, 0, 0, 0, 0, 0, 0, 0, 0, 0, 0, 0, 0, 0, 0, 0, 0, 0, 0, 0, 0, 0, 0, 0, 0, 0, 0, 0, 0, 0, 0, 0, 0, 0, 0, 0, 0, 0, 0, 0, 0, 0, 0, 0, 0, 0, 0, 0, 0, 0, 0, 0, 0, 0, 0, 0, 0, 0, 0, 0, 0, 0, 0, 0, 0, 0, 0, 0, 0, 0, 0, 0, 0, 0, 0, 0, 0, 0, 0, 0, 0, 0, 0, 0, 0, 0, 0, 0, 0, 0, 0, 0, 0, 0, 0, 0, 0, 0, 0, 0, 0, 0, 0, 0, 0, 0, 0, 0, 0, 0, 0, 0, 0, 0, 0, 0, 0, 0, 0, 0, 0, 0, 0, 0, 0, 0, 0, 0, 0, 0, 0, 0, 0, 0, 0, 0, 0, 0, 0, 0, 0, 0, 0, 0, 0, 0, 0, 0, 0, 0, 0, 0, 0, 0, 0, 0, 0, 0, 0, 0, 0, 0, 0, 0, 0, 0, 0, 0, 0, 0, 0, 0, 0, 0, 0, 0, 0, 0, 0, 0, 0, 0, 0, 0, 0, 0, 0, 0, 0, 0, 0, 0, 0, 0, 0, 0, 0, 0, 0, 0, 0, 0, 0, 0, 0, 0, 0, 0, 0, 0, 0, 0, 0, 0, 0, 0, 0, 0, 0, 0, 0, 0, 0, 0, 0, 0, 0, 0, 0, 0, 0, 0, 0, 0, 0, 0, 0, 0, 0, 0, 0, 0, 0, 0, 0, 0, 0, 0, 0, 0, 0, 0, 0, 0, 0, 0, 0, 0, 0, 0, 0, 0, 0, 0, 0, 0, 0, 0, 0, 0, 0, 0, 0, 0, 0, 0, 0, 0, 0, 0, 0, 0, 0, 0, 0, 0, 0, 0, 0, 0, 0, 0, 0, 0, 0, 0, 0, 0, 0, 0, 0, 0, 0, 0, 0, 0, 0, 0, 0, 0, 0, 0, 0, 0, 0, 0, 0, 0, 0, 0, 0, 0, 0, 0, 0, 0, 0, 0, 0, 0, 0, 0, 0, 0, 0, 0, 0, 0, 0, 0, 0, 0, 0, 0, 0, 0, 0, 0, 0, 0, 0, 0, 0, 0, 0, 0, 0, 0, 0, 0, 0, 0, 0, 0, 0, 0, 0, 0, 0, 0, 0, 0, 0, 0, 0, 0, 0, 0, 0, 0, 0, 0, 0, 0, 0, 0, 0, 0, 0, 0, 0, 0, 0, 0, 0, 0, 0, 0, 0, 0, 0, 0, 0, 0, 0, 0, 0, 0, 0, 0, 0, 0, 0, 0, 0, 0, 0, 0, 0, 0, 0, 0, 0, 0, 0, 0, 0, 0, 0, 0, 0, 0, 0, 0, 0, 0, 0, 0, 0, 0, 0, 0, 0, 0, 0, 0, 0, 0, 0, 0, 0, 0, 0, 0, 0, 0, 0, 0, 0, 0, 0, 0, 0, 0, 0, 0, 0, 0, 0, 0, 0, 0, 0, 0, 0, 0, 0, 0, 0, 0, 0, 0, 0, 0, 0, 0, 0, 0, 0, 0, 0, 0, 0, 0, 0, 0, 0, 0, 0, 0, 0, 0, 0, 0, 0, 0, 0, 0, 0, 0, 0, 0, 0, 0, 0, 0, 0, 0, 0, 0, 0, 0, 0, 0, 0, 0, 0, 0, 0, 0, 0, 0, 0, 0, 0, 0, 0, 0, 0, 0, 0, 0, 0, 0, 0, 0, 0, 0, 0, 0, 0, 0, 0, 0, 0, 0, 0, 0, 0, 0, 0, 0, 0, 0, 0, 0, 0, 0, 0, 0, 0, 0, 0, 0, 0, 0, 0, 0, 0, 0, 0, 0, 0, 0, 0, 0, 0, 0, 0, 0, 0, 0, 0, 0, 0, 0, 0, 0, 0, 0, 0, 0, 0, 0, 0, 0, 0, 0, 0, 0, 0, 0, 0, 0, 0, 0, 0, 0, 0, 0, 0, 0, 0, 0, 0, 0, 0, 0, 0, 0, 0, 0, 0, 0, 0, 0, 0, 0, 0, 0, 0, 0, 0, 0, 0, 0, 0, 0, 0, 0, 0, 0, 0, 0, 0, 0, 0, 0, 0, 0, 0, 0, 0, 0, 0, 0, 0, 0, 0, 0, 0, 0, 0, 0, 0, 0, 0, 0, 0, 0, 0, 0, 0, 0, 0, 0, 0, 0, 0, 0, 0, 0, 0, 0, 0, 0, 0, 0, 0, 0, 0, 0, 0, 0, 0, 0, 0, 0, 0, 0, 0, 0, 0, 0, 0, 0, 0, 0, 0, 0, 0, 0, 0, 0, 0, 0, 0, 0, 0, 0, 0, 0, 0, 0, 0, 0, 0, 0, 0, 0, 0, 0, 0, 0, 0, 0, 0, 0, 0, 0, 0, 1, 0, 0, 0, 0, 0, 0, 0, 0, 1, 0, 0, 0, 0, 0, 0, 0, 0, 0, 0, 0, 0, 0, 0, 0, 0, 0, 0, 0, 0, 0, 0, 0, 0, 0, 0, 0, 0, 0, 1, 0, 0, 1, 0, 0, 0, 0, 0, 0, 0, 0, 0, 0, 0, 0, 0, 0, 0, 0, 0, 0, 0, 0, 0, 0, 0, 0, 0, 0, 1, 0, 0, 1, 0, 0, 0, 0, 0, 0, 0, 0, 0, 0, 0, 0, 0, 0, 0, 0, 0, 0, 0, 0, 0, 0, 0, 0, 0, 0, 1, 0, 0, 1, 0, 0, 0, 0, 0, 0, 0, 0, 0, 0, 0, 0, 0, 0, 0, 0, 0, 0, 0, 0, 0, 0, 0, 0, 0, 0, 0, 0, 0, 1, 0, 0, 0, 0, 0, 0, 0, 0, 1, 0, 0, 0, 0, 0, 0, 0, 0, 0, 0, 0, 0, 0, 0, 0, 0, 0, 0, 0, 0, 0, 0, 0, 0, 0, 0, 0, 0, 0, 1, 0, 0, 1, 0, 0, 0, 0, 0, 0, 0, 0, 0, 0, 0, 0, 0, 0, 0, 0, 0, 0, 0, 0, 0, 0, 0, 0, 0, 0, 1, 0, 0, 1, 0, 0, 0, 0, 0, 0, 0, 0, 0, 0, 0, 0, 0, 0, 0, 0, 0, 0, 0, 0, 0, 0, 0, 0, 0, 0, 1, 0, 0, 1, 0, 0, 0, 0, 0, 0, 0, 0, 0, 0, 0, 0, 0, 0, 0, 0, 0, 0, 0, 0, 0, 0, 0, 0, 0, 0, 0, 0, 0, 1, 0, 0, 0, 0, 0, 0, 0, 0, 1, 0, 0, 0, 0, 0, 0, 0, 0, 0, 0, 0, 0, 0, 0, 0, 0, 0, 0, 0, 0, 0, 0, 0, 0, 0, 0, 0, 0, 0, 1, 0, 0, 1, 0, 0, 0, 0, 0, 0, 0, 0, 0, 0, 0, 0, 0, 0, 0, 0, 0, 0, 0, 0, 0, 0, 0, 0, 0, 0, 1, 0, 0, 1, 0, 0, 0, 0, 0, 0, 0, 0, 0, 0, 0, 0, 0, 0, 0, 0, 0, 0, 0, 0, 0, 0, 0, 0, 0, 0, 1, 0, 0, 1, 0, 0, 0, 0, 0, 0, 0, 0, 0, 0, 0, 0, 0, 0, 0, 0, 0, 0, 0, 0, 0, 0, 0, 0, 0, 0, 0, 0, 0, 1, 0, 0, 0, 0, 0, 0, 0, 0, 1, 0, 0, 0, 0, 0, 0, 0, 0, 0, 0, 0, 0, 0, 0, 0, 0, 0, 0, 0, 0, 0, 0, 0, 0, 0, 0, 0, 0, 0, 1, 0, 0, 1, 0, 0, 0, 0, 0, 0, 0, 0, 0, 0, 0, 0, 0, 0, 0, 0, 0, 0, 0, 0, 0, 0, 0, 0, 0, 0, 1, 0, 0, 1, 0, 0, 0, 0, 0, 0, 0, 0, 0, 0, 0, 0, 0, 0, 0, 0, 0, 0, 0, 0, 0, 0, 0, 0, 0, 0, 1, 0, 0, 1, 0, 0, 0, 0, 0, 0, 0, 0, 0, 0, 0, 0, 0, 0, 0, 0, 0, 0, 0, 0, 0, 0, 0, 0, 0, 0, 0, 0, 0, 1, 0, 0, 0, 0, 0, 0, 0, 0, 1, 0, 0, 0, 0, 0, 0, 0, 0, 0, 0, 0, 0, 0, 0, 0, 0, 0, 0, 0, 0, 0, 0, 0, 0, 0, 0, 0, 0, 0, 1, 0, 0, 1, 0, 0, 0, 0, 0, 0, 0, 0, 0, 0, 0, 0, 0, 0, 0, 0, 0, 0, 0, 0, 0, 0, 0, 0, 0, 0, 1, 0, 0, 1, 0, 0, 0, 0, 0, 0, 0, 0, 0, 0, 0, 0, 0, 0, 0, 0, 0, 0, 0, 0, 0, 0, 0, 0, 0, 0, 1, 0, 0, 1, 0, 0, 0, 0, 0, 0, 0, 0, 0, 0, 0, 0, 0, 0, 0, 0, 0, 0, 0, 0, 0, 0, 0, 0, 0, 0, 0, 0, 0, 1, 0, 0, 0, 0, 0, 0, 0, 0, 1, 0, 0, 0, 0, 0, 0, 0, 0, 0, 0, 0, 0, 0, 0, 0, 0, 0, 0, 0, 0, 0, 0, 0, 0, 0, 0, 0, 0, 0, 1, 0, 0, 1, 0, 0, 0, 0, 0, 0, 0, 0, 0, 0, 0, 0, 0, 0, 0, 0, 0, 0, 0, 0, 0, 0, 0, 0, 0, 0, 1, 0, 0, 1, 0, 0, 0, 0, 0, 0, 0, 0, 0, 0, 0, 0, 0, 0, 0, 0, 0, 0, 0, 0, 0, 0, 0, 0, 0, 0, 1, 0, 0, 1, 0, 0, 0, 0, 0, 0, 0, 0, 0, 0, 0, 0, 0, 0, 0, 0, 0, 0, 0, 0, 0, 0, 0, 0, 0, 0, 0, 0, 0, 1, 0, 0, 0, 0, 0, 0, 0, 0, 1, 0, 0, 0, 0, 0, 0, 0, 0, 0, 0, 0, 0, 0, 0, 0, 0, 0, 0, 0, 0, 0, 0, 0, 0, 0, 0, 0, 0, 0, 1, 0, 0, 1, 0, 0, 0, 0, 0, 0, 0, 0, 0, 0, 0, 0, 0, 0, 0, 0, 0, 0, 0, 0, 0, 0, 0, 0, 0, 0, 1, 0, 0, 1, 0, 0, 0, 0, 0, 0, 0, 0, 0, 0, 0, 0, 0, 0, 0, 0, 0, 0, 0, 0, 0, 0, 0, 0, 0, 0, 1, 0, 0, 1, 0, 0, 0, 0, 0, 0, 0, 0, 0, 0, 0, 0, 0, 0, 0, 0, 0, 0, 0, 0, 0, 0, 0, 0, 0, 0, 0, 0, 0, 1, 0, 0, 0, 0, 0, 0, 0, 0, 1, 0, 0, 0, 0, 0, 0, 0, 0, 0, 0, 0, 0, 0, 0, 0, 0, 0, 0, 0, 0, 0, 0, 0, 0, 0, 0, 0, 0, 0, 1, 0, 0, 1, 0, 0, 0, 0, 0, 0, 0, 0, 0, 0, 0, 0, 0, 0, 0, 0, 0, 0, 0, 0, 0, 0, 0, 0, 0, 0, 1, 0, 0, 1, 0, 0, 0, 0, 0, 0, 0, 0, 0, 0, 0, 0, 0, 0, 0, 0, 0, 0, 0, 0, 0, 0, 0, 0, 0, 0, 1, 0, 0, 1, 0, 0, 0, 0, 0, 0, 0, 0, 0, 0, 0, 0, 0, 0, 0, 0, 0, 0, 0, 0, 0, 0, 0, 0, 0, 0, 0, 0, 0, 1, 0, 0, 0, 0, 0, 0, 0, 0, 1, 0, 0, 0, 0, 0, 0, 0, 0, 0, 0, 0, 0, 0, 0, 0, 0, 0, 0, 0, 0, 0, 0, 0, 0, 0, 0, 0, 0, 0, 1, 0, 0, 1, 0, 0, 0, 0, 0, 0, 0, 0, 0, 0, 0, 0, 0, 0, 0, 0, 0, 0, 0, 0, 0, 0, 0, 0, 0, 0, 1, 0, 0, 1, 0, 0, 0, 0, 0, 0, 0, 0, 0, 0, 0, 0, 0, 0, 0, 0, 0, 0, 0, 0, 0, 0, 0, 0, 0, 0, 1, 0, 0, 1, 0, 0, 0, 0, 0, 0, 0, 0, 0, 0, 0, 0, 0, 0, 0, 0, 0, 0, 0, 0, 0, 0, 0, 0, 0, 0, 0, 0, 0, 1, 0, 0, 0, 0, 0, 0, 0, 0, 1, 0, 0, 0, 0, 0, 0, 0, 0, 0, 0, 0, 0, 0, 0, 0, 0, 0, 0, 0, 0, 0, 0, 0, 0, 0, 0, 0, 0, 0, 1, 0, 0, 1, 0, 0, 0, 0, 0, 0, 0, 0, 0, 0, 0, 0, 0, 0, 0, 0, 0, 0, 0, 0, 0, 0, 0, 0, 0, 0, 1, 0, 0, 1, 0, 0, 0, 0, 0, 0, 0, 0, 0, 0, 0, 0, 0, 0, 0, 0, 0, 0, 0, 0, 0, 0, 0, 0, 0, 0, 1, 0, 0, 1, 0, 0, 0, 0, 0, 0, 0, 0, 0, 0, 0, 0, 0, 0, 0, 0, 0, 0, 0, 0, 0, 0, 0, 0, 0, 0, 0, 0, 0, 1, 0, 0, 0, 0, 0, 0, 0, 0, 1, 0, 0, 0, 0, 0, 0, 0, 0, 0, 0, 0, 0, 0, 0, 0, 0, 0, 0, 0, 0, 0, 0, 0, 0, 0, 0, 0, 0, 0, 1, 0, 0, 1, 0, 0, 0, 0, 0, 0, 0, 0, 0, 0, 0, 0, 0, 0, 0, 0, 0, 0, 0, 0, 0, 0, 0, 0, 0, 0, 1, 0, 0, 1, 0, 0, 0, 0, 0, 0, 0, 0, 0, 0, 0, 0, 0, 0, 0, 0, 0, 0, 0, 0, 0, 0, 0, 0, 0, 0, 1, 0, 0, 1, 0, 0, 0, 0, 0, 0, 0, 0, 0, 0, 0, 0, 0, 0, 0, 0, 0, 0, 0, 0, 0, 0, 0, 0, 0, 0, 0, 0, 0, 1, 0, 0, 0, 0, 0, 0, 0, 0, 1, 0, 0, 0, 0, 0, 0, 0, 0, 0, 0, 0, 0, 0, 0, 0, 0, 0, 0, 0, 0, 0, 0, 0, 0, 0, 0, 0, 0, 0, 1, 0, 0, 1, 0, 0, 0, 0, 0, 0, 0, 0, 0, 0, 0, 0, 0, 0, 0, 0, 0, 0, 0, 0, 0, 0, 0, 0, 0, 0, 1, 0, 0, 1, 0, 0, 0, 0, 0, 0, 0, 0, 0, 0, 0, 0, 0, 0, 0, 0, 0, 0, 0, 0, 0, 0, 0, 0, 0, 0, 1, 0, 0, 1, 0, 0, 0, 0, 0, 0, 0, 0, 0, 0, 0, 0, 0, 0, 0, 0, 0, 0, 0, 0, 0, 0, 0, 0, 0, 0, 0, 0, 0, 1, 0, 0, 0, 0, 0, 0, 0, 0, 1, 0, 0, 0, 0, 0, 0, 0, 0, 0, 0, 0, 0, 0, 0, 0, 0, 0, 0, 0, 0, 0, 0, 0, 0, 0, 0, 0, 0, 0, 1, 0, 0, 1, 0, 0, 0, 0, 0, 0, 0, 0, 0, 0, 0, 0, 0, 0, 0, 0, 0, 0, 0, 0, 0, 0, 0, 0, 0, 0, 1, 0, 0, 1, 0, 0, 0, 0, 0, 0, 0, 0, 0, 0, 0, 0, 0, 0, 0, 0, 0, 0, 0, 0, 0, 0, 0, 0, 0, 0, 1, 0, 0, 1, 0, 0, 0, 0, 0, 0, 0, 0, 0, 0, 0, 0, 0, 0, 0, 0, 0, 0, 0, 0, 0, 0, 0, 0, 0, 0, 0, 0, 0, 1, 0, 0, 0, 0, 0, 0, 0, 0, 1, 0, 0, 0, 0, 0, 0, 0, 0, 0, 0, 0, 0, 0, 0, 0, 0, 0, 0, 0, 0, 0, 0, 0, 0, 0, 0, 0, 0, 0, 1, 0, 0, 1, 0, 0, 0, 0, 0, 0, 0, 0, 0, 0, 0, 0, 0, 0, 0, 0, 0, 0, 0, 0, 0, 0, 0, 0, 0, 0, 1, 0, 0, 1, 0, 0, 0, 0, 0, 0, 0, 0, 0, 0, 0, 0, 0, 0, 0, 0, 0, 0, 0, 0, 0, 0, 0, 0, 0, 0, 1, 0, 0, 1, 0, 0, 0, 0, 0, 0, 0, 0, 0, 0, 0, 0, 0, 0, 0, 0, 0, 0, 0, 0, 0, 0, 0, 0, 0, 0, 0, 0, 0, 1, 0, 0, 0, 0, 0, 0, 0, 0, 1, 0, 0, 0, 0, 0, 0, 0, 0, 0, 0, 0, 0, 0, 0, 0, 0, 0, 0, 0, 0, 0, 0, 0, 0, 0, 0, 0, 0, 0, 1, 0, 0, 1, 0, 0, 0, 0, 0, 0, 0, 0, 0, 0, 0, 0, 0, 0, 0, 0, 0, 0, 0, 0, 0, 0, 0, 0, 0, 0, 1, 0, 0, 1, 0, 0, 0, 0, 0, 0, 0, 0, 0, 0, 0, 0, 0, 0, 0, 0, 0, 0, 0, 0, 0, 0, 0, 0, 0, 0, 1, 0, 0, 1, 0, 0, 0, 0, 0, 0, 0, 0, 0, 0, 0, 0, 0, 0, 0, 0, 0, 0, 0, 0, 0, 0, 0, 0, 0, 0, 0, 0, 0, 1, 0, 0, 0, 0, 0, 0, 0, 0, 1, 0, 0, 0, 0, 0, 0, 0, 0, 0, 0, 0, 0, 0, 0, 0, 0, 0, 0, 0, 0, 0, 0, 0, 0, 0, 0, 0, 0, 0, 1, 0, 0, 1, 0, 0, 0, 0, 0, 0, 0, 0, 0, 0, 0, 0, 0, 0, 0, 0, 0, 0, 0, 0, 0, 0, 0, 0, 0, 0, 1, 0, 0, 1, 0, 0, 0, 0, 0, 0, 0, 0, 0, 0, 0, 0, 0, 0, 0, 0, 0, 0, 0, 0, 0, 0, 0, 0, 0, 0, 1, 0, 0, 1, 0, 0, 0, 0, 0, 0, 0, 0, 0, 0, 0, 0, 0, 0, 0, 0, 0, 0, 0, 0, 0, 0, 0, 0, 0, 0, 1, 0, 0, 0, 0, 0, 0, 0, 0, 0, 0, 0, 0, 0, 0, 0, 0, 0, 0, 0, 0, 0, 0, 0, 1, 0, 0, 0, 0, 0, 0, 0, 0, 0, 0, 0, 0, 0, 0, 0, 0, 0, 0, 0, 0, 1, 0, 0, 0, 0, 0, 0, 0, 0, 0, 0, 0, 0, 0, 0, 0, 0, 0, 0, 0, 0, 1, 0, 0, 0, 0, 0, 0, 0, 0, 0, 0, 0, 0, 0, 0, 0, 0, 0, 0, 0, 0, 0, 0, 0, 0, 0, 0, 1, 0, 0, 0, 0, 0, 0, 0, 0, 0, 0, 0, 0, 0, 0, 0, 0, 0, 0, 0, 0, 0, 0, 0, 1, 0, 0, 0, 0, 0, 0, 0, 0, 0, 0, 0, 0, 0, 0, 0, 0, 0, 0, 0, 0, 1, 0, 0, 0, 0, 0, 0, 0, 0, 0, 0, 0, 0, 0, 0, 0, 0, 0, 0, 0, 0, 1, 0, 0, 0, 0, 0, 0, 0, 0, 0, 0, 0, 0, 0, 0, 0, 0, 0, 0, 0, 0, 0, 0, 0, 0, 0, 0, 1, 0, 0, 0, 0, 0, 0, 0, 0, 0, 0, 0, 0, 0, 0, 0, 0, 0, 0, 0, 0, 0, 0, 0, 1, 0, 0, 0, 0, 0, 0, 0, 0, 0, 0, 0, 0, 0, 0, 0, 0, 0, 0, 0, 0, 1, 0, 0, 0, 0, 0, 0, 0, 0, 0, 0, 0, 0, 0, 0, 0, 0, 0, 0, 0, 0, 1, 0, 0, 0, 0, 0, 0, 0, 0, 0, 0, 0, 0, 0, 0, 0, 0, 0, 0, 0, 0, 0, 0, 0, 0, 0, 0, 1, 0, 0, 0, 0, 0, 0, 0, 0, 0, 0, 0, 0, 0, 0, 0, 0, 0, 0, 0, 0, 0, 0, 0, 1, 0, 0, 0, 0, 0, 0, 0, 0, 0, 0, 0, 0, 0, 0, 0, 0, 0, 0, 0, 0, 1, 0, 0, 0, 0, 0, 0, 0, 0, 0, 0, 0, 0, 0, 0, 0, 0, 0, 0, 0, 0, 1, 0, 0, 0, 0, 0, 0, 0, 0, 0, 0, 0, 0, 0, 0, 0, 0, 0, 0, 0, 0, 0, 0, 0, 0, 0, 0, 1, 0, 0, 0, 0, 0, 0, 0, 0, 0, 0, 0, 0, 0, 0, 0, 0, 0, 0, 0, 0, 0, 0, 0, 1, 0, 0, 0, 0, 0, 0, 0, 0, 0, 0, 0, 0, 0, 0, 0, 0, 0, 0, 0, 0, 1, 0, 0, 0, 0, 0, 0, 0, 0, 0, 0, 0, 0, 0, 0, 0, 0, 0, 0, 0, 0, 1, 0, 0, 0, 0, 0, 0, 0, 0, 0, 0, 0, 0, 0, 0, 0, 0, 0, 0, 0, 0, 0, 0, 0, 0, 0, 0, 1, 0, 0, 0, 0, 0, 0, 0, 0, 0, 0, 0, 0, 0, 0, 0, 0, 0, 0, 0, 0, 0, 0, 0, 1, 0, 0, 0, 0, 0, 0, 0, 0, 0, 0, 0, 0, 0, 0, 0, 0, 0, 0, 0, 0, 1, 0, 0, 0, 0, 0, 0, 0, 0, 0, 0, 0, 0, 0, 0, 0, 0, 0, 0, 0, 0, 1, 0, 0, 0, 0, 0, 0, 0, 0, 0, 0, 0, 0, 0, 0, 0, 0, 0, 0, 0, 0, 0, 0, 0, 0, 0, 0, 1, 0, 0, 0, 0, 0, 0, 0, 0, 0, 0, 0, 0, 0, 0, 0, 0, 0, 0, 0, 0, 0, 0, 0, 1, 0, 0, 0, 0, 0, 0, 0, 0, 0, 0, 0, 0, 0, 0, 0, 0, 0, 0, 0, 0, 1, 0, 0, 0, 0, 0, 0, 0, 0, 0, 0, 0, 0, 0, 0, 0, 0, 0, 0, 0, 0, 1, 0, 0, 0, 0, 0, 0, 0, 0, 0, 0, 0, 0, 0, 0, 0, 0, 0, 0, 0, 0, 0, 0, 0, 0, 0, 0, 1, 0, 0, 0, 0, 0, 0, 0, 0, 0, 0, 0, 0, 0, 0, 0, 0, 0, 0, 0, 0, 0, 0, 0, 1, 0, 0, 0, 0, 0, 0, 0, 0, 0, 0, 0, 0, 0, 0, 0, 0, 0, 0, 0, 0, 1, 0, 0, 0, 0, 0, 0, 0, 0, 0, 0, 0, 0, 0, 0, 0, 0, 0, 0, 0, 0, 1, 0, 0, 0, 0, 0, 0, 0, 0, 0, 0, 0, 0, 0, 0, 0, 0, 0, 0, 0, 0, 0, 0, 0, 0, 0, 0, 1, 0, 0, 0, 0, 0, 0, 0, 0, 0, 0, 0, 0, 0, 0, 0, 0, 0, 0, 0, 0, 0, 0, 0, 1, 0, 0, 0, 0, 0, 0, 0, 0, 0, 0, 0, 0, 0, 0, 0, 0, 0, 0, 0, 0, 1, 0, 0, 0, 0, 0, 0, 0, 0, 0, 0, 0, 0, 0, 0, 0, 0, 0, 0, 0, 0, 1, 0, 0, 0, 0, 0, 0, 0, 0, 0, 0, 0, 0, 0, 0, 0, 0, 0, 0, 0, 0, 0, 0, 0, 0, 0, 0, 1, 0, 0, 0, 0, 0, 0, 0, 0, 0, 0, 0, 0, 0, 0, 0, 0, 0, 0, 0, 0, 0, 0, 0, 1, 0, 0, 0, 0, 0, 0, 0, 0, 0, 0, 0, 0, 0, 0, 0, 0, 0, 0, 0, 0, 1, 0, 0, 0, 0, 0, 0, 0, 0, 0, 0, 0, 0, 0, 0, 0, 0, 0, 0, 0, 0, 1, 0, 0, 0, 0, 0, 0, 0, 0, 0, 0, 0, 0, 0, 0, 0, 0, 0, 0, 0, 0, 0, 0, 0, 0, 0, 0, 1, 0, 0, 0, 0, 0, 0, 0, 0, 0, 0, 0, 0, 0, 0, 0, 0, 0, 0, 0, 0, 0, 0, 0, 1, 0, 0, 0, 0, 0, 0, 0, 0, 0, 0, 0, 0, 0, 0, 0, 0, 0, 0, 0, 0, 1, 0, 0, 0, 0, 0, 0, 0, 0, 0, 0, 0, 0, 0, 0, 0, 0, 0, 0, 0, 0, 1, 0, 0, 0, 0, 0, 0, 0, 0, 0, 0, 0, 0, 0, 0, 0, 0, 0, 0, 0, 0, 0, 0, 0, 0, 0, 0, 1, 0, 0, 0, 0, 0, 0, 0, 0, 0, 0, 0, 0, 0, 0, 0, 0, 0, 0, 0, 0, 0, 0, 0, 1, 0, 0, 0, 0, 0, 0, 0, 0, 0, 0, 0, 0, 0, 0, 0, 0, 0, 0, 0, 0, 1, 0, 0, 0, 0, 0, 0, 0, 0, 0, 0, 0, 0, 0, 0, 0, 0, 0, 0, 0, 0, 1, 0, 0, 0, 0, 0, 0, 0, 0, 0, 0, 0, 0, 0, 0, 0, 0, 0, 0, 0, 0, 0, 0, 0, 0, 0, 0, 1, 0, 0, 0, 0, 0, 0, 0, 0, 0, 0, 0, 0, 0, 0, 0, 0, 0, 0, 0, 0, 0, 0, 0, 1, 0, 0, 0, 0, 0, 0, 0, 0, 0, 0, 0, 0, 0, 0, 0, 0, 0, 0, 0, 0, 1, 0, 0, 0, 0, 0, 0, 0, 0, 0, 0, 0, 0, 0, 0, 0, 0, 0, 0, 0, 0, 1, 0, 0, 0, 0, 0, 0, 0, 0, 0, 0, 0, 0, 0, 0, 0, 0, 0, 0, 0, 0, 0, 0, 0, 0, 0, 0, 1, 0, 0, 0, 0, 0, 0, 0, 0, 0, 0, 0, 0, 0, 0, 0, 0, 0, 0, 0, 0, 0, 0, 0, 1, 0, 0, 0, 0, 0, 0, 0, 0, 0, 0, 0, 0, 0, 0, 0, 0, 0, 0, 0, 0, 1, 0, 0, 0, 0, 0, 0, 0, 0, 0, 0, 0, 0, 0, 0, 0, 0, 0, 0, 0, 0, 1, 0, 0, 0, 0, 0, 0, 0, 0, 0, 0, 0, 0, 0, 0, 0, 0, 0, 0, 0, 0, 0, 0, 0, 0, 0, 0, 1, 0, 0, 0, 0, 0, 0, 0, 0, 0, 0, 0, 0, 0, 0, 0, 0, 0, 0, 0, 0, 0, 0, 0, 1, 0, 0, 0, 0, 0, 0, 0, 0, 0, 0, 0, 0, 0, 0, 0, 0, 0, 0, 0, 0, 1, 0, 0, 0, 0, 0, 0, 0, 0, 0, 0, 0, 0, 0, 0, 0, 0, 0, 0, 0, 0, 1, 0, 0, 0, 0, 0, 0, 0, 0, 0, 0, 0, 0, 0, 0, 0, 0, 0, 0, 0, 0, 0, 0, 0, 0, 0, 0, 1, 0, 0, 0, 0, 0, 0, 0, 0, 0, 0, 0, 0, 0, 0, 0, 0, 0, 0, 0, 0, 0, 0, 0, 1, 0, 0, 0, 0, 0, 0, 0, 0, 0, 0, 0, 0, 0, 0, 0, 0, 0, 0, 0, 0, 1, 0, 0, 0, 0, 0, 0, 0, 0, 0, 0, 0, 0, 0, 0, 0, 0, 0, 0, 0, 0, 1, 0, 0, 0, 0, 0, 0, 0, 0, 0, 0, 0, 0, 0, 0, 0, 0, 0, 0, 0, 0, 0, 0, 0, 0, 0, 0, 0, 0, 0, 0, 0, 0, 0, 0, 0, 0, 0, 0, 0, 0, 0, 0, 0, 0, 0, 0, 0, 0, 0, 0, 0, 0, 0, 0, 0, 0, 0, 0, 0, 0, 0, 0, 0, 0, 0, 0, 0, 0, 0, 0, 0, 0, 0, 0, 0, 0, 0, 0, 0, 0, 0, 0, 0, 0, 0, 0, 0, 0, 0, 0, 0, 0, 0, 0, 0, 0, 0, 0, 0, 0, 0, 0, 0, 0, 0, 0, 0, 0, 0, 0, 0, 0, 0, 0, 0, 0, 0, 0, 0, 0, 0, 0, 0, 0, 0, 0, 0, 0, 0, 0, 0, 0, 0, 0, 0, 0, 0, 0, 0, 0, 0, 0, 0, 0, 0, 0, 0, 0, 0, 0, 0, 0, 0, 0, 0, 0, 0, 0, 0, 0, 0, 0, 0, 0, 0, 0, 0, 0, 0, 0, 0, 0, 0, 0, 0, 0, 0, 0, 0, 0, 0, 0, 0, 0, 0, 0, 0, 0, 0, 0, 0, 0, 0, 0, 0, 0, 0, 0, 0, 0, 0, 0, 0, 0, 0, 0, 0, 0, 0, 0, 0, 0, 0, 0, 0, 0, 0, 0, 0, 0, 0, 0, 0, 0, 0, 0, 0, 0, 0, 0, 0, 0, 0, 0, 0, 0, 0, 0, 0, 0, 0, 0, 0, 0, 0, 0, 0, 0, 0, 0, 0, 0, 0, 0, 0, 0, 0, 0, 0, 0, 0, 0, 0, 0, 0, 0, 0, 0, 0, 0, 0, 0, 0, 0, 0, 0, 0, 0, 0, 0, 0, 0, 0, 0, 0, 0, 0, 0, 0, 0, 0, 0, 0, 0, 0, 0, 0, 0, 0, 0, 0, 0, 0, 0, 0, 0, 0, 0, 0, 0, 0, 0, 0, 0, 0, 0, 0, 0, 0, 0, 0, 0, 0, 0, 0, 0, 0, 0, 0, 0, 0, 0, 0, 0, 0, 0, 0, 0, 0, 0, 0, 0, 0, 0, 0, 0, 0, 0, 0, 0, 0, 0, 0, 0, 0, 0, 0, 0, 0, 0, 0, 0, 0, 0, 0, 0, 0, 0, 0, 0, 0, 0, 0, 0, 0, 0, 0, 0, 0, 0, 0, 0, 0, 0, 0, 0, 0, 0, 0, 0, 0, 0, 0, 0, 0, 0, 0, 0, 0, 0, 0, 0, 0, 0, 0, 0, 0, 0, 0, 0, 0, 0, 0, 0, 0, 0, 0, 0, 0, 0, 0, 0, 0, 0, 0, 0, 0, 0, 0, 0, 0, 0, 0, 0, 0, 0, 0, 0, 0, 0, 0, 0, 0, 0, 0, 0, 0, 0, 0, 0, 0, 0, 0, 0, 0, 0, 0, 0, 0, 0, 0, 0, 0, 0, 0, 0, 0, 0, 0, 0, 0, 0, 0, 0, 0, 0, 0, 0, 0, 0, 0, 0, 0, 0, 0, 0, 0, 0, 0, 0, 0, 0, 0, 0, 0, 0, 0, 0, 0, 0, 0, 0, 0, 0, 0, 0, 0, 0, 0, 0, 0, 0, 0, 0, 0, 0, 0, 0, 0, 0, 0, 0, 0, 0, 0, 0, 0, 0, 0, 0, 0, 0, 0, 0, 0, 0, 0, 0, 0, 0, 0, 0, 0, 0, 0, 0, 0, 0, 0, 0, 0, 0, 0, 0, 0, 0, 0, 0, 0, 0, 0, 0, 0, 0, 0, 0, 0, 0, 0, 0, 0, 0, 0, 0, 0, 0, 0, 0, 0, 0, 0, 0, 0, 0, 0, 0, 0, 0, 0, 0, 0, 0, 0, 0, 0, 0, 0, 0, 0, 0, 0, 0, 0, 0, 0, 0, 0, 0, 0, 0, 0, 0, 0, 0, 0, 0, 0, 0, 0, 0, 0, 0, 0, 0, 0, 0, 0, 0, 0, 0, 0, 0, 0, 0, 0, 0, 0, 0, 0, 0, 0, 0, 0, 0, 0, 0, 0, 0, 0, 0, 0, 0, 0, 0, 0, 0, 0, 0, 0]
            int[] tet_chamber_mask = [-1, -1, -1, -1, -1, -1, -1, -1, -1, -1, -1, -1, -1, -1, -1, -1, -1, -1, -1, -1, -1, -1, -1, -1, -1, -1, -1, -1, -1, -1, -1, -1, -1, -1, -1, -1, -1, -1, -1, -1, -1, -1, -1, -1, -1, -1, -1, -1, -1, -1, -1, -1, -1, -1, -1, -1, -1, -1, -1, -1, -1, -1, -1, -1, -1, -1, -1, -1, -1, -1, -1, -1, -1, -1, -1, -1, -1, -1, -1, -1, -1, -1, -1, -1, -1, -1, -1, -1, -1, -1, -1, -1, -1, -1, -1, -1, -1, -1, -1, -1, -1, -1, -1, -1, -1, -1, -1, -1, -1, -1, -1, -1, -1, -1, -1, -1, -1, -1, -1, -1, -1, -1, -1, -1, -1, -1, -1, -1, -1, -1, -1, -1, -1, -1, -1, -1, -1, -1, -1, -1, -1, -1, -1, -1, -1, -1, -1, -1, -1, -1, -1, -1, -1, -1, -1, -1, -1, -1, -1, -1, -1, -1, -1, -1, -1, -1, -1, -1, -1, -1, -1, -1, -1, -1, -1, -1, -1, -1, -1, -1, -1, -1, -1, -1, -1, -1, -1, -1, -1, -1, -1, -1, -1, -1, -1, -1, -1, -1, -1, -1, -1, -1, -1, -1, -1, -1, -1, -1, -1, -1, -1, -1, -1, -1, -1, -1, -1, -1, -1, -1, -1, -1, -1, -1, -1, -1, -1, -1, -1, -1, -1, -1, -1, -1, -1, -1, -1, -1, -1, -1, -1, -1, -1, -1, -1, -1, -1, -1, -1, -1, -1, -1, -1, -1, -1, -1, -1, -1, -1, -1, -1, -1, -1, -1, -1, -1, -1, -1, -1, -1, -1, -1, -1, -1, -1, -1, -1, -1, -1, -1, -1, -1, -1, -1, -1, -1, -1, -1, -1, -1, -1, -1, -1, -1, -1, -1, -1, -1, -1, -1, -1, -1, -1, -1, -1, -1, -1, -1, -1, -1, -1, -1, -1, -1, -1, -1, -1, -1, -1, -1, -1, -1, -1, -1, -1, -1, -1, -1, -1, -1, -1, -1, -1, -1, -1, -1, -1, -1, -1, -1, -1, -1, -1, -1, -1, -1, -1, -1, -1, -1, -1, -1, -1, -1, -1, -1, -1, -1, -1, -1, -1, -1, -1, -1, -1, -1, -1, -1, -1, -1, -1, -1, -1, -1, -1, -1, -1, -1, -1, -1, -1, -1, -1, -1, -1, -1, -1, -1, -1, -1, -1, -1, -1, -1, -1, -1, -1, -1, -1, -1, -1, -1, -1, -1, -1, -1, -1, -1, -1, -1, -1, -1, -1, -1, -1, -1, -1, -1, -1, -1, -1, -1, -1, -1, -1, -1, -1, -1, -1, -1, -1, -1, -1, -1, -1, -1, -1, -1, -1, -1, -1, -1, -1, -1, -1, -1, -1, -1, -1, -1, -1, -1, -1, -1, -1, -1, -1, -1, -1, -1, -1, -1, -1, -1, -1, -1, -1, -1, -1, -1, -1, -1, -1, -1, -1, -1, -1, -1, -1, -1, -1, -1, -1, -1, -1, -1, -1, -1, -1, -1, -1, -1, -1, -1, -1, -1, -1, -1, -1, -1, -1, -1, -1, -1, -1, -1, -1, -1, -1, -1, -1, -1, -1, -1, -1, -1, -1, -1, -1, -1, -1, -1, -1, -1, -1, -1, -1, -1, -1, -1, -1, -1, -1, -1, -1, -1, -1, -1, -1, -1, -1, -1, -1, -1, -1, -1, -1, -1, -1, -1, -1, -1, -1, -1, -1, -1, -1, -1, -1, -1, -1, -1, -1, -1, -1, -1, -1, -1, -1, -1, -1, -1, -1, -1, -1, -1, -1, -1, -1, -1, -1, -1, -1, -1, -1, -1, -1, -1, -1, -1, -1, -1, -1, -1, -1, -1, -1, -1, -1, -1, -1, -1, -1, -1, -1, -1, -1, -1, -1, -1, -1, -1, -1, -1, -1, -1, -1, -1, -1, -1, -1, -1, -1, -1, -1, -1, -1, -1, -1, -1, -1, -1, -1, -1, -1, -1, -1, -1, -1, -1, -1, -1, -1, -1, -1, -1, -1, -1, -1, -1, -1, -1, -1, -1, -1, -1, -1, -1, -1, -1, -1, -1, -1, -1, -1, -1, -1, -1, -1, -1, -1, -1, 0, 0, 0, 0, 0, 0, 0, 0, 0, 0, 0, 0, 0, 0, 0, 0, 0, 0, 0, 0, 0, 0, 0, 0, 0, 0, 0, 0, 0, 0, 0, 0, 0, 0, 0, 0, 0, 0, 0, 0, 0, 0, 0, 0, 0, 0, 0, 0, 1, 1, 1, 1, 1, 1, 1, 1, 1, 1, 1, 1, 1, 1, 1, 1, 1, 1, 1, 1, 1, 1, 1, 1, 1, 1, 1, 1, 1, 1, 1, 1, 1, 1, 1, 1, 1, 1, 1, 1, 1, 1, 1, 1, 1, 1, 1, 1, 2, 2, 2, 2, 2, 2, 2, 2, 2, 2, 2, 2, 2, 2, 2, 2, 2, 2, 2, 2, 2, 2, 2, 2, 2, 2, 2, 2, 2, 2, 2, 2, 2, 2, 2, 2, 2, 2, 2, 2, 2, 2, 2, 2, 2, 2, 2, 2, 3, 3, 3, 3, 3, 3, 3, 3, 3, 3, 3, 3, 3, 3, 3, 3, 3, 3, 3, 3, 3, 3, 3, 3, 3, 3, 3, 3, 3, 3, 3, 3, 3, 3, 3, 3, 3, 3, 3, 3, 3, 3, 3, 3, 3, 3, 3, 3, 4, 4, 4, 4, 4, 4, 4, 4, 4, 4, 4, 4, 4, 4, 4, 4, 4, 4, 4, 4, 4, 4, 4, 4, 4, 4, 4, 4, 4, 4, 4, 4, 4, 4, 4, 4, 4, 4, 4, 4, 4, 4, 4, 4, 4, 4, 4, 4, 5, 5, 5, 5, 5, 5, 5, 5, 5, 5, 5, 5, 5, 5, 5, 5, 5, 5, 5, 5, 5, 5, 5, 5, 5, 5, 5, 5, 5, 5, 5, 5, 5, 5, 5, 5, 5, 5, 5, 5, 5, 5, 5, 5, 5, 5, 5, 5, 6, 6, 6, 6, 6, 6, 6, 6, 6, 6, 6, 6, 6, 6, 6, 6, 6, 6, 6, 6, 6, 6, 6, 6, 6, 6, 6, 6, 6, 6, 6, 6, 6, 6, 6, 6, 6, 6, 6, 6, 6, 6, 6, 6, 6, 6, 6, 6, 7, 7, 7, 7, 7, 7, 7, 7, 7, 7, 7, 7, 7, 7, 7, 7, 7, 7, 7, 7, 7, 7, 7, 7, 7, 7, 7, 7, 7, 7, 7, 7, 7, 7, 7, 7, 7, 7, 7, 7, 7, 7, 7, 7, 7, 7, 7, 7, -1, -1, -1, -1, -1, -1, -1, -1, -1, -1, -1, -1, -1, -1, -1, -1, -1, -1, -1, -1, -1, -1, -1, -1, -1, -1, -1, -1, -1, -1, -1, -1, -1, -1, -1, -1, -1, -1, -1, -1, -1, -1, -1, -1, -1, -1, -1, -1, -1, -1, -1, -1, -1, -1, -1, -1, -1, -1, -1, -1, -1, -1, -1, -1, -1, -1, -1, -1, -1, -1, -1, -1, -1, -1, -1, -1, -1, -1, -1, -1, -1, -1, -1, -1, -1, -1, -1, -1, -1, -1, -1, -1, -1, -1, -1, -1, -1, -1, -1, -1, -1, -1, -1, -1, -1, -1, -1, -1, -1, -1, -1, -1, -1, -1, -1, -1, -1, -1, -1, -1, -1, -1, -1, -1, -1, -1, -1, -1, -1, -1, -1, -1, -1, -1, -1, -1, -1, -1, -1, -1, -1, -1, -1, -1]
            double[] torque_directions = [1, -6.123234262925839e-17, 0]
            int torque_directions_cols = 3
        }
        dictionary contact_params = {
            double max_edge_length = 0.17688716707572574
            double min_edge_length = 0.02926347883834168
            double particle_radius = 0.01463173941917084
            double self_contact_radius = 0.3537743341514515
        }
        dictionary finger_skeletons = {
            double[] arc_lengths = [0, 0.375, 0.75, 1.125, 1.5]
            double[] axis_end = [9.715138356250784e-17, 1.5866025686264038, 0]
            double[] axis_start = [5.302876236065149e-18, 0.08660253882408142, 0]
            double[] bary_weights = [0, 1, -1.1433214987836084e-16, 0, 0, 0, 1, 0, 1.1102230246251565e-16, 1, 6.830283633641138e-16, 0, 0, 1, 9.89190063275516e-16, 0, 0, 0, 0, 1]
            int[] finger_id = [0, 0, 0, 0, 0]
            int[] keypoint_index = [0, 1, 2, 3, 4]
            int num_fingers = 1
            int num_keypoints_per_finger = 5
            double[] radii = [0.12990380823612213, 0.15000000596046448, 0.15000000596046448, 0.15000000596046448, 0.1471177488565445]
            double[] rest_positions = [5.302876236065149e-18, 0.08660253882408142, 0, 2.826500306767582e-17, 0.4616025388240814, 0, 5.1227129899286493e-17, 0.8366025686264038, 0, 7.418926003961962e-17, 1.2116025686264038, 0, 9.715138356250784e-17, 1.5866025686264038, 0]
            int[] tet_indices = [304, 394, 496, 592, 1146]
        }
        dictionary gen_params = {
            string architecture = "plate_gripper"
            dictionary config = {
                double base_angle_deg = 90
                dictionary cap = {
                    int n_angular = 8
                }
                string chamber_half = "top"
                bool debug_stages = 1
                int fingers = 3
                double height = 0.3
                dictionary hub = {
                    double glue_epsilon = 0.00001
                    int n_edge = 1
                    int n_height = 1
                }
                double length = 1.5
                string name = "gripper_1f"
                int num_chambers = 8
                bool single_finger_only = 1
                int subdivisions_height = 2
                int subdivisions_length = 16
                int subdivisions_width = 4
                double weld_epsilon = 0.00001
                double width = 0.3
            }
            dictionary counts = {
                int glue_pairs = 8
                int num_chambers = 8
                int rigid_tris = 12
                int rigid_verts = 8
                int soft_tets = 1200
                int soft_verts = 375
            }
            string generator = "newton-mesh-tools/scripts/generate_assets.py"
        }
    }
)
{
    point3f[] points = [(0.15, 0.08660254, -0.15), (0.075, 0.08660254, -0.15), (0.1125, 0.064951904, -0.15), (0.15, 0.08660254, 0), (0.075, 0.08660254, 0), (0.1125, 0.064951904, 0), (1.3877788e-17, 0.08660254, -0.15), (0.0375, 0.064951904, -0.15), (1.3877788e-17, 0.08660254, 0), (0.0375, 0.064951904, 0), (-0.075, 0.08660254, -0.15), (-0.0375, 0.064951904, -0.15), (-0.075, 0.08660254, 0), (-0.0375, 0.064951904, 0), (-0.15, 0.08660254, -0.15), (-0.1125, 0.064951904, -0.15), (-0.15, 0.08660254, 0), (-0.1125, 0.064951904, 0), (0.075, 0.04330127, -0.15), (0.075, 0.04330127, 0), (6.938894e-18, 0.04330127, -0.15), (6.938894e-18, 0.04330127, 0), (-0.075, 0.04330127, -0.15), (-0.075, 0.04330127, 0), (0.0375, 0.021650635, -0.15), (0.0375, 0.021650635, 0), (-0.0375, 0.021650635, -0.15), (-0.0375, 0.021650635, 0), (0, 0, -0.15), (0, 0, 0), (0.15, 0.08660254, 0.15), (0.075, 0.08660254, 0.15), (0.1125, 0.064951904, 0.15), (1.3877788e-17, 0.08660254, 0.15), (0.0375, 0.064951904, 0.15), (-0.075, 0.08660254, 0.15), (-0.0375, 0.064951904, 0.15), (-0.15, 0.08660254, 0.15), (-0.1125, 0.064951904, 0.15), (0.075, 0.04330127, 0.15), (6.938894e-18, 0.04330127, 0.15), (-0.075, 0.04330127, 0.15), (0.0375, 0.021650635, 0.15), (-0.0375, 0.021650635, 0.15), (0, 0, 0.15), (-0.1125, 0.021650635, -0.15), (-0.1125, 0.021650635, 0), (-0.075, -0.04330127, -0.15), (-0.075, 2.7755576e-17, -0.15), (-0.075, -0.04330127, 0), (-0.075, 2.7755576e-17, 0), (-0.0375, -0.10825317, -0.15), (-0.0375, -0.064951904, -0.15), (-0.0375, -0.10825317, 0), (-0.0375, -0.064951904, 0), (-3.1817257e-17, -0.17320508, -0.15), (-2.3862943e-17, -0.12990381, -0.15), (-3.1817257e-17, -0.17320508, 0), (-2.3862943e-17, -0.12990381, 0), (-0.0375, -0.021650635, -0.15), (-0.0375, -0.021650635, 0), (-1.5908629e-17, -0.08660254, -0.15), (-1.5908629e-17, -0.08660254, 0), (-7.954314e-18, -0.04330127, -0.15), (-7.954314e-18, -0.04330127, 0), (-0.1125, 0.021650635, 0.15), (-0.075, -0.04330127, 0.15), (-0.075, 2.7755576e-17, 0.15), (-0.0375, -0.10825317, 0.15), (-0.0375, -0.064951904, 0.15), (-3.1817257e-17, -0.17320508, 0.15), (-2.3862943e-17, -0.12990381, 0.15), (-0.0375, -0.021650635, 0.15), (-1.5908629e-17, -0.08660254, 0.15), (-7.954314e-18, -0.04330127, 0.15), (0.0375, -0.10825317, -0.15), (0.0375, -0.10825317, 0), (0.075, -0.04330127, -0.15), (0.0375, -0.064951904, -0.15), (0.075, -0.04330127, 0), (0.0375, -0.064951904, 0), (0.1125, 0.021650635, -0.15), (0.075, 0, -0.15), (0.1125, 0.021650635, 0), (0.075, 0, 0), (0.0375, -0.021650635, -0.15), (0.0375, -0.021650635, 0), (0.0375, -0.10825317, 0.15), (0.075, -0.04330127, 0.15), (0.0375, -0.064951904, 0.15), (0.1125, 0.021650635, 0.15), (0.075, 0, 0.15), (0.0375, -0.021650635, 0.15), (-0.15, 0.18035254, -0.15), (-0.075, 0.18035254, -0.15), (0, 0.18035254, -0.15), (0.075, 0.18035254, -0.15), (0.15, 0.18035254, -0.15), (-0.15, 0.27410254, -0.15), (-0.075, 0.27410254, -0.15), (0, 0.27410254, -0.15), (0.075, 0.27410254, -0.15), (0.15, 0.27410254, -0.15), (-0.15, 0.36785254, -0.15), (-0.075, 0.36785254, -0.15), (0, 0.36785254, -0.15), (0.075, 0.36785254, -0.15), (0.15, 0.36785254, -0.15), (-0.15, 0.46160254, -0.15), (-0.075, 0.46160254, -0.15), (0, 0.46160254, -0.15), (0.075, 0.46160254, -0.15), (0.15, 0.46160254, -0.15), (-0.15, 0.55535257, -0.15), (-0.075, 0.55535257, -0.15), (0, 0.55535257, -0.15), (0.075, 0.55535257, -0.15), (0.15, 0.55535257, -0.15), (-0.15, 0.64910257, -0.15), (-0.075, 0.64910257, -0.15), (0, 0.64910257, -0.15), (0.075, 0.64910257, -0.15), (0.15, 0.64910257, -0.15), (-0.15, 0.74285257, -0.15), (-0.075, 0.74285257, -0.15), (0, 0.74285257, -0.15), (0.075, 0.74285257, -0.15), (0.15, 0.74285257, -0.15), (-0.15, 0.83660257, -0.15), (-0.075, 0.83660257, -0.15), (0, 0.83660257, -0.15), (0.075, 0.83660257, -0.15), (0.15, 0.83660257, -0.15), (-0.15, 0.93035257, -0.15), (-0.075, 0.93035257, -0.15), (0, 0.93035257, -0.15), (0.075, 0.93035257, -0.15), (0.15, 0.93035257, -0.15), (-0.15, 1.0241026, -0.15), (-0.075, 1.0241026, -0.15), (0, 1.0241026, -0.15), (0.075, 1.0241026, -0.15), (0.15, 1.0241026, -0.15), (-0.15, 1.1178526, -0.15), (-0.075, 1.1178526, -0.15), (0, 1.1178526, -0.15), (0.075, 1.1178526, -0.15), (0.15, 1.1178526, -0.15), (-0.15, 1.2116026, -0.15), (-0.075, 1.2116026, -0.15), (0, 1.2116026, -0.15), (0.075, 1.2116026, -0.15), (0.15, 1.2116026, -0.15), (-0.15, 1.3053526, -0.15), (-0.075, 1.3053526, -0.15), (0, 1.3053526, -0.15), (0.075, 1.3053526, -0.15), (0.15, 1.3053526, -0.15), (-0.15, 1.3991026, -0.15), (-0.075, 1.3991026, -0.15), (0, 1.3991026, -0.15), (0.075, 1.3991026, -0.15), (0.15, 1.3991026, -0.15), (-0.15, 1.4928526, -0.15), (-0.075, 1.4928526, -0.15), (0, 1.4928526, -0.15), (0.075, 1.4928526, -0.15), (0.15, 1.4928526, -0.15), (-0.15, 1.5866026, -0.15), (-0.075, 1.5866026, -0.15), (0, 1.5866026, -0.15), (0.075, 1.5866026, -0.15), (0.15, 1.5866026, -0.15), (-0.15, 0.18035254, 0), (-0.075, 0.18035254, 0), (0, 0.18035254, 0), (0.075, 0.18035254, 0), (0.15, 0.18035254, 0), (-0.15, 0.27410254, 0), (-0.075, 0.27410254, 0), (0, 0.27410254, 0), (0.075, 0.27410254, 0), (0.15, 0.27410254, 0), (-0.15, 0.36785254, 0), (-0.075, 0.36785254, 0), (0, 0.36785254, 0), (0.075, 0.36785254, 0), (0.15, 0.36785254, 0), (-0.15, 0.46160254, 0), (-0.075, 0.46160254, 0), (0, 0.46160254, 0), (0.075, 0.46160254, 0), (0.15, 0.46160254, 0), (-0.15, 0.55535257, 0), (-0.075, 0.55535257, 0), (0, 0.55535257, 0), (0.075, 0.55535257, 0), (0.15, 0.55535257, 0), (-0.15, 0.64910257, 0), (-0.075, 0.64910257, 0), (0, 0.64910257, 0), (0.075, 0.64910257, 0), (0.15, 0.64910257, 0), (-0.15, 0.74285257, 0), (-0.075, 0.74285257, 0), (0, 0.74285257, 0), (0.075, 0.74285257, 0), (0.15, 0.74285257, 0), (-0.15, 0.83660257, 0), (-0.075, 0.83660257, 0), (0, 0.83660257, 0), (0.075, 0.83660257, 0), (0.15, 0.83660257, 0), (-0.15, 0.93035257, 0), (-0.075, 0.93035257, 0), (0, 0.93035257, 0), (0.075, 0.93035257, 0), (0.15, 0.93035257, 0), (-0.15, 1.0241026, 0), (-0.075, 1.0241026, 0), (0, 1.0241026, 0), (0.075, 1.0241026, 0), (0.15, 1.0241026, 0), (-0.15, 1.1178526, 0), (-0.075, 1.1178526, 0), (0, 1.1178526, 0), (0.075, 1.1178526, 0), (0.15, 1.1178526, 0), (-0.15, 1.2116026, 0), (-0.075, 1.2116026, 0), (0, 1.2116026, 0), (0.075, 1.2116026, 0), (0.15, 1.2116026, 0), (-0.15, 1.3053526, 0), (-0.075, 1.3053526, 0), (0, 1.3053526, 0), (0.075, 1.3053526, 0), (0.15, 1.3053526, 0), (-0.15, 1.3991026, 0), (-0.075, 1.3991026, 0), (0, 1.3991026, 0), (0.075, 1.3991026, 0), (0.15, 1.3991026, 0), (-0.15, 1.4928526, 0), (-0.075, 1.4928526, 0), (0, 1.4928526, 0), (0.075, 1.4928526, 0), (0.15, 1.4928526, 0), (-0.15, 1.5866026, 0), (-0.075, 1.5866026, 0), (0, 1.5866026, 0), (0.075, 1.5866026, 0), (0.15, 1.5866026, 0), (-0.15, 0.18035254, 0.15), (-0.075, 0.18035254, 0.15), (0, 0.18035254, 0.15), (0.075, 0.18035254, 0.15), (0.15, 0.18035254, 0.15), (-0.15, 0.27410254, 0.15), (-0.075, 0.27410254, 0.15), (0, 0.27410254, 0.15), (0.075, 0.27410254, 0.15), (0.15, 0.27410254, 0.15), (-0.15, 0.36785254, 0.15), (-0.075, 0.36785254, 0.15), (0, 0.36785254, 0.15), (0.075, 0.36785254, 0.15), (0.15, 0.36785254, 0.15), (-0.15, 0.46160254, 0.15), (-0.075, 0.46160254, 0.15), (0, 0.46160254, 0.15), (0.075, 0.46160254, 0.15), (0.15, 0.46160254, 0.15), (-0.15, 0.55535257, 0.15), (-0.075, 0.55535257, 0.15), (0, 0.55535257, 0.15), (0.075, 0.55535257, 0.15), (0.15, 0.55535257, 0.15), (-0.15, 0.64910257, 0.15), (-0.075, 0.64910257, 0.15), (0, 0.64910257, 0.15), (0.075, 0.64910257, 0.15), (0.15, 0.64910257, 0.15), (-0.15, 0.74285257, 0.15), (-0.075, 0.74285257, 0.15), (0, 0.74285257, 0.15), (0.075, 0.74285257, 0.15), (0.15, 0.74285257, 0.15), (-0.15, 0.83660257, 0.15), (-0.075, 0.83660257, 0.15), (0, 0.83660257, 0.15), (0.075, 0.83660257, 0.15), (0.15, 0.83660257, 0.15), (-0.15, 0.93035257, 0.15), (-0.075, 0.93035257, 0.15), (0, 0.93035257, 0.15), (0.075, 0.93035257, 0.15), (0.15, 0.93035257, 0.15), (-0.15, 1.0241026, 0.15), (-0.075, 1.0241026, 0.15), (0, 1.0241026, 0.15), (0.075, 1.0241026, 0.15), (0.15, 1.0241026, 0.15), (-0.15, 1.1178526, 0.15), (-0.075, 1.1178526, 0.15), (0, 1.1178526, 0.15), (0.075, 1.1178526, 0.15), (0.15, 1.1178526, 0.15), (-0.15, 1.2116026, 0.15), (-0.075, 1.2116026, 0.15), (0, 1.2116026, 0.15), (0.075, 1.2116026, 0.15), (0.15, 1.2116026, 0.15), (-0.15, 1.3053526, 0.15), (-0.075, 1.3053526, 0.15), (0, 1.3053526, 0.15), (0.075, 1.3053526, 0.15), (0.15, 1.3053526, 0.15), (-0.15, 1.3991026, 0.15), (-0.075, 1.3991026, 0.15), (0, 1.3991026, 0.15), (0.075, 1.3991026, 0.15), (0.15, 1.3991026, 0.15), (-0.15, 1.4928526, 0.15), (-0.075, 1.4928526, 0.15), (0, 1.4928526, 0.15), (0.075, 1.4928526, 0.15), (0.15, 1.4928526, 0.15), (-0.15, 1.5866026, 0.15), (-0.075, 1.5866026, 0.15), (0, 1.5866026, 0.15), (0.075, 1.5866026, 0.15), (0.15, 1.5866026, 0.15), (0.069290966, 1.6153038, -0.15), (0.069290966, 1.6153038, 0), (0.05303301, 1.6396356, -0.15), (0.05303301, 1.6396356, 0), (0.028701257, 1.6558936, -0.15), (0.028701257, 1.6558936, 0), (4.5924257e-18, 1.6616025, -0.15), (4.5924257e-18, 1.6616025, 0), (-0.028701257, 1.6558936, -0.15), (-0.028701257, 1.6558936, 0), (-0.05303301, 1.6396356, -0.15), (-0.05303301, 1.6396356, 0), (-0.069290966, 1.6153038, -0.15), (-0.069290966, 1.6153038, 0), (0.13858193, 1.6440051, -0.15), (0.13858193, 1.6440051, 0), (0.10606602, 1.6926686, -0.15), (0.10606602, 1.6926686, 0), (0.057402514, 1.7251844, -0.15), (0.057402514, 1.7251844, 0), (9.184851e-18, 1.7366025, -0.15), (9.184851e-18, 1.7366025, 0), (-0.057402514, 1.7251844, -0.15), (-0.057402514, 1.7251844, 0), (-0.10606602, 1.6926686, -0.15), (-0.10606602, 1.6926686, 0), (-0.13858193, 1.6440051, -0.15), (-0.13858193, 1.6440051, 0), (0.069290966, 1.6153038, 0.15), (0.05303301, 1.6396356, 0.15), (0.028701257, 1.6558936, 0.15), (4.5924257e-18, 1.6616025, 0.15), (-0.028701257, 1.6558936, 0.15), (-0.05303301, 1.6396356, 0.15), (-0.069290966, 1.6153038, 0.15), (0.13858193, 1.6440051, 0.15), (0.10606602, 1.6926686, 0.15), (0.057402514, 1.7251844, 0.15), (9.184851e-18, 1.7366025, 0.15), (-0.057402514, 1.7251844, 0.15), (-0.10606602, 1.6926686, 0.15), (-0.13858193, 1.6440051, 0.15)]
    int3[] surfaceFaceVertexIndices = [(1, 0, 2), (6, 1, 7), (10, 6, 11), (14, 10, 15), (7, 2, 18), (11, 7, 20), (15, 11, 22), (20, 18, 24), (22, 20, 26), (26, 24, 28), (7, 1, 2), (11, 6, 7), (15, 10, 11), (20, 7, 18), (22, 11, 20), (26, 20, 24), (32, 30, 31), (34, 31, 33), (36, 33, 35), (38, 35, 37), (39, 32, 34), (40, 34, 36), (41, 36, 38), (42, 39, 40), (43, 40, 41), (44, 42, 43), (31, 34, 32), (33, 36, 34), (35, 38, 36), (34, 40, 39), (36, 41, 40), (40, 43, 42), (14, 15, 45), (14, 45, 46), (14, 46, 16), (45, 48, 47), (45, 47, 49), (45, 49, 46), (47, 52, 51), (47, 51, 53), (47, 53, 49), (51, 56, 55), (51, 55, 57), (51, 57, 53), (15, 22, 48), (48, 59, 52), (52, 61, 56), (22, 26, 59), (59, 63, 61), (26, 28, 63), (45, 15, 48), (47, 48, 52), (51, 52, 56), (48, 22, 59), (52, 59, 61), (59, 26, 63), (16, 46, 65), (16, 65, 37), (65, 38, 37), (46, 49, 66), (46, 66, 65), (66, 67, 65), (49, 53, 68), (49, 68, 66), (68, 69, 66), (53, 57, 70), (53, 70, 68), (70, 71, 68), (67, 41, 38), (69, 72, 67), (71, 73, 69), (72, 43, 41), (73, 74, 72), (74, 44, 43), (38, 65, 67), (67, 66, 69), (69, 68, 71), (41, 67, 72), (72, 69, 73), (43, 72, 74), (55, 56, 75), (55, 75, 76), (55, 76, 57), (75, 78, 77), (75, 77, 79), (75, 79, 76), (77, 82, 81), (77, 81, 83), (77, 83, 79), (81, 2, 0), (81, 0, 3), (81, 3, 83), (56, 61, 78), (78, 85, 82), (82, 18, 2), (61, 63, 85), (85, 24, 18), (63, 28, 24), (56, 78, 75), (78, 82, 77), (82, 2, 81), (61, 85, 78), (85, 18, 82), (63, 24, 85), (57, 76, 87), (71, 70, 87), (57, 87, 70), (76, 79, 88), (89, 87, 88), (76, 88, 87), (79, 83, 90), (91, 88, 90), (79, 90, 88), (83, 3, 30), (32, 90, 30), (83, 30, 90), (73, 71, 89), (92, 89, 91), (39, 91, 32), (74, 73, 92), (42, 92, 39), (44, 74, 42), (87, 89, 71), (88, 91, 89), (90, 32, 91), (89, 92, 73), (91, 39, 92), (92, 42, 74), (14, 94, 10), (14, 93, 94), (14, 173, 93), (14, 16, 173), (10, 95, 6), (10, 94, 95), (6, 96, 1), (6, 95, 96), (1, 97, 0), (0, 97, 177), (0, 177, 3), (1, 96, 97), (93, 99, 94), (93, 98, 99), (93, 178, 98), (93, 173, 178), (94, 100, 95), (94, 99, 100), (95, 101, 96), (95, 100, 101), (96, 102, 97), (97, 102, 182), (97, 182, 177), (96, 101, 102), (98, 104, 99), (98, 103, 104), (98, 183, 103), (98, 178, 183), (99, 105, 100), (99, 104, 105), (100, 106, 101), (100, 105, 106), (101, 107, 102), (102, 107, 187), (102, 187, 182), (101, 106, 107), (103, 109, 104), (103, 108, 109), (103, 188, 108), (103, 183, 188), (104, 110, 105), (104, 109, 110), (105, 111, 106), (105, 110, 111), (106, 112, 107), (107, 112, 192), (107, 192, 187), (106, 111, 112), (108, 114, 109), (108, 113, 114), (108, 193, 113), (108, 188, 193), (109, 115, 110), (109, 114, 115), (110, 116, 111), (110, 115, 116), (111, 117, 112), (112, 117, 197), (112, 197, 192), (111, 116, 117), (113, 119, 114), (113, 118, 119), (113, 198, 118), (113, 193, 198), (114, 120, 115), (114, 119, 120), (115, 121, 116), (115, 120, 121), (116, 122, 117), (117, 122, 202), (117, 202, 197), (116, 121, 122), (118, 124, 119), (118, 123, 124), (118, 203, 123), (118, 198, 203), (119, 125, 120), (119, 124, 125), (120, 126, 121), (120, 125, 126), (121, 127, 122), (122, 127, 207), (122, 207, 202), (121, 126, 127), (123, 129, 124), (123, 128, 129), (123, 208, 128), (123, 203, 208), (124, 130, 125), (124, 129, 130), (125, 131, 126), (125, 130, 131), (126, 132, 127), (127, 132, 212), (127, 212, 207), (126, 131, 132), (128, 134, 129), (128, 133, 134), (128, 213, 133), (128, 208, 213), (129, 135, 130), (129, 134, 135), (130, 136, 131), (130, 135, 136), (131, 137, 132), (132, 137, 217), (132, 217, 212), (131, 136, 137), (133, 139, 134), (133, 138, 139), (133, 218, 138), (133, 213, 218), (134, 140, 135), (134, 139, 140), (135, 141, 136), (135, 140, 141), (136, 142, 137), (137, 142, 222), (137, 222, 217), (136, 141, 142), (138, 144, 139), (138, 143, 144), (138, 223, 143), (138, 218, 223), (139, 145, 140), (139, 144, 145), (140, 146, 141), (140, 145, 146), (141, 147, 142), (142, 147, 227), (142, 227, 222), (141, 146, 147), (143, 149, 144), (143, 148, 149), (143, 228, 148), (143, 223, 228), (144, 150, 145), (144, 149, 150), (145, 151, 146), (145, 150, 151), (146, 152, 147), (147, 152, 232), (147, 232, 227), (146, 151, 152), (148, 154, 149), (148, 153, 154), (148, 233, 153), (148, 228, 233), (149, 155, 150), (149, 154, 155), (150, 156, 151), (150, 155, 156), (151, 157, 152), (152, 157, 237), (152, 237, 232), (151, 156, 157), (153, 159, 154), (153, 158, 159), (153, 238, 158), (153, 233, 238), (154, 160, 155), (154, 159, 160), (155, 161, 156), (155, 160, 161), (156, 162, 157), (157, 162, 242), (157, 242, 237), (156, 161, 162), (158, 164, 159), (158, 163, 164), (158, 243, 163), (158, 238, 243), (159, 165, 160), (159, 164, 165), (160, 166, 161), (160, 165, 166), (161, 167, 162), (162, 167, 247), (162, 247, 242), (161, 166, 167), (163, 169, 164), (163, 168, 169), (163, 248, 168), (163, 243, 248), (164, 170, 165), (164, 169, 170), (165, 171, 166), (165, 170, 171), (166, 172, 167), (167, 172, 252), (167, 252, 247), (166, 171, 172), (16, 253, 173), (37, 35, 254), (16, 37, 253), (37, 254, 253), (35, 33, 255), (35, 255, 254), (33, 31, 256), (33, 256, 255), (3, 177, 257), (3, 257, 30), (31, 30, 257), (31, 257, 256), (173, 258, 178), (253, 254, 259), (173, 253, 258), (253, 259, 258), (254, 255, 260), (254, 260, 259), (255, 256, 261), (255, 261, 260), (177, 182, 262), (177, 262, 257), (256, 257, 262), (256, 262, 261), (178, 263, 183), (258, 259, 264), (178, 258, 263), (258, 264, 263), (259, 260, 265), (259, 265, 264), (260, 261, 266), (260, 266, 265), (182, 187, 267), (182, 267, 262), (261, 262, 267), (261, 267, 266), (183, 268, 188), (263, 264, 269), (183, 263, 268), (263, 269, 268), (264, 265, 270), (264, 270, 269), (265, 266, 271), (265, 271, 270), (187, 192, 272), (187, 272, 267), (266, 267, 272), (266, 272, 271), (188, 273, 193), (268, 269, 274), (188, 268, 273), (268, 274, 273), (269, 270, 275), (269, 275, 274), (270, 271, 276), (270, 276, 275), (192, 197, 277), (192, 277, 272), (271, 272, 277), (271, 277, 276), (193, 278, 198), (273, 274, 279), (193, 273, 278), (273, 279, 278), (274, 275, 280), (274, 280, 279), (275, 276, 281), (275, 281, 280), (197, 202, 282), (197, 282, 277), (276, 277, 282), (276, 282, 281), (198, 283, 203), (278, 279, 284), (198, 278, 283), (278, 284, 283), (279, 280, 285), (279, 285, 284), (280, 281, 286), (280, 286, 285), (202, 207, 287), (202, 287, 282), (281, 282, 287), (281, 287, 286), (203, 288, 208), (283, 284, 289), (203, 283, 288), (283, 289, 288), (284, 285, 290), (284, 290, 289), (285, 286, 291), (285, 291, 290), (207, 212, 292), (207, 292, 287), (286, 287, 292), (286, 292, 291), (208, 293, 213), (288, 289, 294), (208, 288, 293), (288, 294, 293), (289, 290, 295), (289, 295, 294), (290, 291, 296), (290, 296, 295), (212, 217, 297), (212, 297, 292), (291, 292, 297), (291, 297, 296), (213, 298, 218), (293, 294, 299), (213, 293, 298), (293, 299, 298), (294, 295, 300), (294, 300, 299), (295, 296, 301), (295, 301, 300), (217, 222, 302), (217, 302, 297), (296, 297, 302), (296, 302, 301), (218, 303, 223), (298, 299, 304), (218, 298, 303), (298, 304, 303), (299, 300, 305), (299, 305, 304), (300, 301, 306), (300, 306, 305), (222, 227, 307), (222, 307, 302), (301, 302, 307), (301, 307, 306), (223, 308, 228), (303, 304, 309), (223, 303, 308), (303, 309, 308), (304, 305, 310), (304, 310, 309), (305, 306, 311), (305, 311, 310), (227, 232, 312), (227, 312, 307), (306, 307, 312), (306, 312, 311), (228, 313, 233), (308, 309, 314), (228, 308, 313), (308, 314, 313), (309, 310, 315), (309, 315, 314), (310, 311, 316), (310, 316, 315), (232, 237, 317), (232, 317, 312), (311, 312, 317), (311, 317, 316), (233, 318, 238), (313, 314, 319), (233, 313, 318), (313, 319, 318), (314, 315, 320), (314, 320, 319), (315, 316, 321), (315, 321, 320), (237, 242, 322), (237, 322, 317), (316, 317, 322), (316, 322, 321), (238, 323, 243), (318, 319, 324), (238, 318, 323), (318, 324, 323), (319, 320, 325), (319, 325, 324), (320, 321, 326), (320, 326, 325), (242, 247, 327), (242, 327, 322), (321, 322, 327), (321, 327, 326), (243, 328, 248), (323, 324, 329), (243, 323, 328), (323, 329, 328), (324, 325, 330), (324, 330, 329), (325, 326, 331), (325, 331, 330), (247, 252, 332), (247, 332, 327), (326, 327, 332), (326, 332, 331), (170, 333, 171), (170, 335, 333), (170, 337, 335), (170, 339, 337), (341, 339, 170), (343, 341, 170), (345, 343, 170), (169, 345, 170), (171, 347, 172), (347, 252, 172), (347, 348, 252), (333, 347, 171), (333, 349, 347), (349, 348, 347), (349, 350, 348), (335, 349, 333), (335, 351, 349), (351, 350, 349), (351, 352, 350), (337, 351, 335), (353, 351, 337), (353, 352, 351), (353, 354, 352), (339, 353, 337), (355, 353, 339), (355, 354, 353), (355, 356, 354), (355, 339, 341), (357, 355, 341), (357, 356, 355), (357, 358, 356), (357, 341, 343), (359, 357, 343), (359, 358, 357), (359, 360, 358), (359, 343, 345), (168, 359, 345), (168, 360, 359), (168, 248, 360), (168, 345, 169), (361, 330, 331), (362, 330, 361), (363, 330, 362), (364, 330, 363), (330, 364, 365), (365, 366, 330), (366, 367, 330), (367, 329, 330), (348, 332, 252), (348, 368, 332), (368, 331, 332), (331, 368, 361), (350, 368, 348), (350, 369, 368), (369, 361, 368), (361, 369, 362), (352, 369, 350), (352, 370, 369), (370, 362, 369), (362, 370, 363), (354, 370, 352), (363, 370, 371), (354, 371, 370), (371, 364, 363), (356, 371, 354), (364, 371, 372), (356, 372, 371), (365, 364, 372), (358, 372, 356), (358, 373, 372), (372, 373, 365), (366, 365, 373), (360, 373, 358), (360, 374, 373), (373, 374, 366), (367, 366, 374), (248, 374, 360), (248, 328, 374), (374, 328, 367), (329, 367, 328)]
    int4[] tetVertexIndices = [(1, 2, 0, 3), (1, 2, 3, 5), (1, 5, 3, 4), (6, 7, 1, 4), (6, 7, 4, 9), (6, 9, 4, 8), (10, 11, 6, 8), (10, 11, 8, 13), (10, 13, 8, 12), (14, 15, 10, 12), (14, 15, 12, 17), (14, 17, 12, 16), (7, 18, 2, 5), (7, 18, 5, 19), (7, 19, 5, 9), (11, 20, 7, 9), (11, 20, 9, 21), (11, 21, 9, 13), (15, 22, 11, 13), (15, 22, 13, 23), (15, 23, 13, 17), (20, 24, 18, 19), (20, 24, 19, 25), (20, 25, 19, 21), (22, 26, 20, 21), (22, 26, 21, 27), (22, 27, 21, 23), (26, 28, 24, 25), (26, 28, 25, 29), (26, 29, 25, 27), (7, 1, 5, 2), (7, 1, 4, 5), (7, 4, 9, 5), (11, 6, 9, 7), (11, 6, 8, 9), (11, 8, 13, 9), (15, 10, 13, 11), (15, 10, 12, 13), (15, 12, 17, 13), (20, 7, 19, 18), (20, 7, 9, 19), (20, 9, 21, 19), (22, 11, 21, 20), (22, 11, 13, 21), (22, 13, 23, 21), (26, 20, 25, 24), (26, 20, 21, 25), (26, 21, 27, 25), (4, 5, 3, 30), (4, 5, 30, 32), (4, 32, 30, 31), (8, 9, 4, 31), (8, 9, 31, 34), (8, 34, 31, 33), (12, 13, 8, 33), (12, 13, 33, 36), (12, 36, 33, 35), (16, 17, 12, 35), (16, 17, 35, 38), (16, 38, 35, 37), (9, 19, 5, 32), (9, 19, 32, 39), (9, 39, 32, 34), (13, 21, 9, 34), (13, 21, 34, 40), (13, 40, 34, 36), (17, 23, 13, 36), (17, 23, 36, 41), (17, 41, 36, 38), (21, 25, 19, 39), (21, 25, 39, 42), (21, 42, 39, 40), (23, 27, 21, 40), (23, 27, 40, 43), (23, 43, 40, 41), (27, 29, 25, 42), (27, 29, 42, 44), (27, 44, 42, 43), (9, 4, 32, 5), (9, 4, 31, 32), (9, 31, 34, 32), (13, 8, 34, 9), (13, 8, 33, 34), (13, 33, 36, 34), (17, 12, 36, 13), (17, 12, 35, 36), (17, 35, 38, 36), (21, 9, 39, 19), (21, 9, 34, 39), (21, 34, 40, 39), (23, 13, 40, 21), (23, 13, 36, 40), (23, 36, 41, 40), (27, 21, 42, 25), (27, 21, 40, 42), (27, 40, 43, 42), (14, 45, 15, 17), (14, 45, 17, 46), (14, 46, 17, 16), (45, 47, 48, 50), (45, 47, 50, 49), (45, 49, 50, 46), (47, 51, 52, 54), (47, 51, 54, 53), (47, 53, 54, 49), (51, 55, 56, 58), (51, 55, 58, 57), (51, 57, 58, 53), (15, 48, 22, 23), (15, 48, 23, 50), (15, 50, 23, 17), (48, 52, 59, 60), (48, 52, 60, 54), (48, 54, 60, 50), (52, 56, 61, 62), (52, 56, 62, 58), (52, 58, 62, 54), (22, 59, 26, 27), (22, 59, 27, 60), (22, 60, 27, 23), (59, 61, 63, 64), (59, 61, 64, 62), (59, 62, 64, 60), (26, 63, 28, 29), (26, 63, 29, 64), (26, 64, 29, 27), (45, 15, 50, 48), (45, 15, 17, 50), (45, 17, 46, 50), (47, 48, 54, 52), (47, 48, 50, 54), (47, 50, 49, 54), (51, 52, 58, 56), (51, 52, 54, 58), (51, 54, 53, 58), (48, 22, 60, 59), (48, 22, 23, 60), (48, 23, 50, 60), (52, 59, 62, 61), (52, 59, 60, 62), (52, 60, 54, 62), (59, 26, 64, 63), (59, 26, 27, 64), (59, 27, 60, 64), (16, 46, 17, 38), (16, 46, 38, 65), (16, 65, 38, 37), (46, 49, 50, 67), (46, 49, 67, 66), (46, 66, 67, 65), (49, 53, 54, 69), (49, 53, 69, 68), (49, 68, 69, 66), (53, 57, 58, 71), (53, 57, 71, 70), (53, 70, 71, 68), (17, 50, 23, 41), (17, 50, 41, 67), (17, 67, 41, 38), (50, 54, 60, 72), (50, 54, 72, 69), (50, 69, 72, 67), (54, 58, 62, 73), (54, 58, 73, 71), (54, 71, 73, 69), (23, 60, 27, 43), (23, 60, 43, 72), (23, 72, 43, 41), (60, 62, 64, 74), (60, 62, 74, 73), (60, 73, 74, 72), (27, 64, 29, 44), (27, 64, 44, 74), (27, 74, 44, 43), (46, 17, 67, 50), (46, 17, 38, 67), (46, 38, 65, 67), (49, 50, 69, 54), (49, 50, 67, 69), (49, 67, 66, 69), (53, 54, 71, 58), (53, 54, 69, 71), (53, 69, 68, 71), (50, 23, 72, 60), (50, 23, 41, 72), (50, 41, 67, 72), (54, 60, 73, 62), (54, 60, 72, 73), (54, 72, 69, 73), (60, 27, 74, 64), (60, 27, 43, 74), (60, 43, 72, 74), (55, 56, 76, 75), (55, 56, 58, 76), (55, 58, 57, 76), (75, 78, 79, 77), (75, 78, 80, 79), (75, 80, 76, 79), (77, 82, 83, 81), (77, 82, 84, 83), (77, 84, 79, 83), (81, 2, 3, 0), (81, 2, 5, 3), (81, 5, 83, 3), (56, 61, 80, 78), (56, 61, 62, 80), (56, 62, 58, 80), (78, 85, 84, 82), (78, 85, 86, 84), (78, 86, 80, 84), (82, 18, 5, 2), (82, 18, 19, 5), (82, 19, 84, 5), (61, 63, 86, 85), (61, 63, 64, 86), (61, 64, 62, 86), (85, 24, 19, 18), (85, 24, 25, 19), (85, 25, 86, 19), (63, 28, 25, 24), (63, 28, 29, 25), (63, 29, 64, 25), (56, 75, 78, 80), (56, 75, 80, 76), (56, 76, 80, 58), (78, 77, 82, 84), (78, 77, 84, 79), (78, 79, 84, 80), (82, 81, 2, 5), (82, 81, 5, 83), (82, 83, 5, 84), (61, 78, 85, 86), (61, 78, 86, 80), (61, 80, 86, 62), (85, 82, 18, 19), (85, 82, 19, 84), (85, 84, 19, 86), (63, 85, 24, 25), (63, 85, 25, 86), (63, 86, 25, 64), (57, 58, 87, 76), (57, 58, 71, 87), (57, 71, 70, 87), (76, 80, 88, 79), (76, 80, 89, 88), (76, 89, 87, 88), (79, 84, 90, 83), (79, 84, 91, 90), (79, 91, 88, 90), (83, 5, 30, 3), (83, 5, 32, 30), (83, 32, 90, 30), (58, 62, 89, 80), (58, 62, 73, 89), (58, 73, 71, 89), (80, 86, 91, 84), (80, 86, 92, 91), (80, 92, 89, 91), (84, 19, 32, 5), (84, 19, 39, 32), (84, 39, 91, 32), (62, 64, 92, 86), (62, 64, 74, 92), (62, 74, 73, 92), (86, 25, 39, 19), (86, 25, 42, 39), (86, 42, 92, 39), (64, 29, 42, 25), (64, 29, 44, 42), (64, 44, 74, 42), (58, 76, 80, 89), (58, 76, 89, 87), (58, 87, 89, 71), (80, 79, 84, 91), (80, 79, 91, 88), (80, 88, 91, 89), (84, 83, 5, 32), (84, 83, 32, 90), (84, 90, 32, 91), (62, 80, 86, 92), (62, 80, 92, 89), (62, 89, 92, 73), (86, 84, 19, 39), (86, 84, 39, 91), (86, 91, 39, 92), (64, 86, 25, 42), (64, 86, 42, 92), (64, 92, 42, 74), (14, 10, 94, 174), (14, 10, 174, 12), (14, 93, 174, 94), (14, 93, 173, 174), (14, 16, 12, 174), (14, 16, 174, 173), (10, 6, 95, 175), (10, 6, 175, 8), (10, 94, 175, 95), (10, 94, 174, 175), (10, 12, 8, 175), (10, 12, 175, 174), (6, 1, 96, 176), (6, 1, 176, 4), (6, 95, 176, 96), (6, 95, 175, 176), (6, 8, 4, 176), (6, 8, 176, 175), (1, 0, 97, 177), (1, 0, 177, 3), (1, 96, 177, 97), (1, 96, 176, 177), (1, 4, 3, 177), (1, 4, 177, 176), (93, 94, 99, 179), (93, 94, 179, 174), (93, 98, 179, 99), (93, 98, 178, 179), (93, 173, 174, 179), (93, 173, 179, 178), (94, 95, 100, 180), (94, 95, 180, 175), (94, 99, 180, 100), (94, 99, 179, 180), (94, 174, 175, 180), (94, 174, 180, 179), (95, 96, 101, 181), (95, 96, 181, 176), (95, 100, 181, 101), (95, 100, 180, 181), (95, 175, 176, 181), (95, 175, 181, 180), (96, 97, 102, 182), (96, 97, 182, 177), (96, 101, 182, 102), (96, 101, 181, 182), (96, 176, 177, 182), (96, 176, 182, 181), (98, 99, 104, 184), (98, 99, 184, 179), (98, 103, 184, 104), (98, 103, 183, 184), (98, 178, 179, 184), (98, 178, 184, 183), (99, 100, 105, 185), (99, 100, 185, 180), (99, 104, 185, 105), (99, 104, 184, 185), (99, 179, 180, 185), (99, 179, 185, 184), (100, 101, 106, 186), (100, 101, 186, 181), (100, 105, 186, 106), (100, 105, 185, 186), (100, 180, 181, 186), (100, 180, 186, 185), (101, 102, 107, 187), (101, 102, 187, 182), (101, 106, 187, 107), (101, 106, 186, 187), (101, 181, 182, 187), (101, 181, 187, 186), (103, 104, 109, 189), (103, 104, 189, 184), (103, 108, 189, 109), (103, 108, 188, 189), (103, 183, 184, 189), (103, 183, 189, 188), (104, 105, 110, 190), (104, 105, 190, 185), (104, 109, 190, 110), (104, 109, 189, 190), (104, 184, 185, 190), (104, 184, 190, 189), (105, 106, 111, 191), (105, 106, 191, 186), (105, 110, 191, 111), (105, 110, 190, 191), (105, 185, 186, 191), (105, 185, 191, 190), (106, 107, 112, 192), (106, 107, 192, 187), (106, 111, 192, 112), (106, 111, 191, 192), (106, 186, 187, 192), (106, 186, 192, 191), (108, 109, 114, 194), (108, 109, 194, 189), (108, 113, 194, 114), (108, 113, 193, 194), (108, 188, 189, 194), (108, 188, 194, 193), (109, 110, 115, 195), (109, 110, 195, 190), (109, 114, 195, 115), (109, 114, 194, 195), (109, 189, 190, 195), (109, 189, 195, 194), (110, 111, 116, 196), (110, 111, 196, 191), (110, 115, 196, 116), (110, 115, 195, 196), (110, 190, 191, 196), (110, 190, 196, 195), (111, 112, 117, 197), (111, 112, 197, 192), (111, 116, 197, 117), (111, 116, 196, 197), (111, 191, 192, 197), (111, 191, 197, 196), (113, 114, 119, 199), (113, 114, 199, 194), (113, 118, 199, 119), (113, 118, 198, 199), (113, 193, 194, 199), (113, 193, 199, 198), (114, 115, 120, 200), (114, 115, 200, 195), (114, 119, 200, 120), (114, 119, 199, 200), (114, 194, 195, 200), (114, 194, 200, 199), (115, 116, 121, 201), (115, 116, 201, 196), (115, 120, 201, 121), (115, 120, 200, 201), (115, 195, 196, 201), (115, 195, 201, 200), (116, 117, 122, 202), (116, 117, 202, 197), (116, 121, 202, 122), (116, 121, 201, 202), (116, 196, 197, 202), (116, 196, 202, 201), (118, 119, 124, 204), (118, 119, 204, 199), (118, 123, 204, 124), (118, 123, 203, 204), (118, 198, 199, 204), (118, 198, 204, 203), (119, 120, 125, 205), (119, 120, 205, 200), (119, 124, 205, 125), (119, 124, 204, 205), (119, 199, 200, 205), (119, 199, 205, 204), (120, 121, 126, 206), (120, 121, 206, 201), (120, 125, 206, 126), (120, 125, 205, 206), (120, 200, 201, 206), (120, 200, 206, 205), (121, 122, 127, 207), (121, 122, 207, 202), (121, 126, 207, 127), (121, 126, 206, 207), (121, 201, 202, 207), (121, 201, 207, 206), (123, 124, 129, 209), (123, 124, 209, 204), (123, 128, 209, 129), (123, 128, 208, 209), (123, 203, 204, 209), (123, 203, 209, 208), (124, 125, 130, 210), (124, 125, 210, 205), (124, 129, 210, 130), (124, 129, 209, 210), (124, 204, 205, 210), (124, 204, 210, 209), (125, 126, 131, 211), (125, 126, 211, 206), (125, 130, 211, 131), (125, 130, 210, 211), (125, 205, 206, 211), (125, 205, 211, 210), (126, 127, 132, 212), (126, 127, 212, 207), (126, 131, 212, 132), (126, 131, 211, 212), (126, 206, 207, 212), (126, 206, 212, 211), (128, 129, 134, 214), (128, 129, 214, 209), (128, 133, 214, 134), (128, 133, 213, 214), (128, 208, 209, 214), (128, 208, 214, 213), (129, 130, 135, 215), (129, 130, 215, 210), (129, 134, 215, 135), (129, 134, 214, 215), (129, 209, 210, 215), (129, 209, 215, 214), (130, 131, 136, 216), (130, 131, 216, 211), (130, 135, 216, 136), (130, 135, 215, 216), (130, 210, 211, 216), (130, 210, 216, 215), (131, 132, 137, 217), (131, 132, 217, 212), (131, 136, 217, 137), (131, 136, 216, 217), (131, 211, 212, 217), (131, 211, 217, 216), (133, 134, 139, 219), (133, 134, 219, 214), (133, 138, 219, 139), (133, 138, 218, 219), (133, 213, 214, 219), (133, 213, 219, 218), (134, 135, 140, 220), (134, 135, 220, 215), (134, 139, 220, 140), (134, 139, 219, 220), (134, 214, 215, 220), (134, 214, 220, 219), (135, 136, 141, 221), (135, 136, 221, 216), (135, 140, 221, 141), (135, 140, 220, 221), (135, 215, 216, 221), (135, 215, 221, 220), (136, 137, 142, 222), (136, 137, 222, 217), (136, 141, 222, 142), (136, 141, 221, 222), (136, 216, 217, 222), (136, 216, 222, 221), (138, 139, 144, 224), (138, 139, 224, 219), (138, 143, 224, 144), (138, 143, 223, 224), (138, 218, 219, 224), (138, 218, 224, 223), (139, 140, 145, 225), (139, 140, 225, 220), (139, 144, 225, 145), (139, 144, 224, 225), (139, 219, 220, 225), (139, 219, 225, 224), (140, 141, 146, 226), (140, 141, 226, 221), (140, 145, 226, 146), (140, 145, 225, 226), (140, 220, 221, 226), (140, 220, 226, 225), (141, 142, 147, 227), (141, 142, 227, 222), (141, 146, 227, 147), (141, 146, 226, 227), (141, 221, 222, 227), (141, 221, 227, 226), (143, 144, 149, 229), (143, 144, 229, 224), (143, 148, 229, 149), (143, 148, 228, 229), (143, 223, 224, 229), (143, 223, 229, 228), (144, 145, 150, 230), (144, 145, 230, 225), (144, 149, 230, 150), (144, 149, 229, 230), (144, 224, 225, 230), (144, 224, 230, 229), (145, 146, 151, 231), (145, 146, 231, 226), (145, 150, 231, 151), (145, 150, 230, 231), (145, 225, 226, 231), (145, 225, 231, 230), (146, 147, 152, 232), (146, 147, 232, 227), (146, 151, 232, 152), (146, 151, 231, 232), (146, 226, 227, 232), (146, 226, 232, 231), (148, 149, 154, 234), (148, 149, 234, 229), (148, 153, 234, 154), (148, 153, 233, 234), (148, 228, 229, 234), (148, 228, 234, 233), (149, 150, 155, 235), (149, 150, 235, 230), (149, 154, 235, 155), (149, 154, 234, 235), (149, 229, 230, 235), (149, 229, 235, 234), (150, 151, 156, 236), (150, 151, 236, 231), (150, 155, 236, 156), (150, 155, 235, 236), (150, 230, 231, 236), (150, 230, 236, 235), (151, 152, 157, 237), (151, 152, 237, 232), (151, 156, 237, 157), (151, 156, 236, 237), (151, 231, 232, 237), (151, 231, 237, 236), (153, 154, 159, 239), (153, 154, 239, 234), (153, 158, 239, 159), (153, 158, 238, 239), (153, 233, 234, 239), (153, 233, 239, 238), (154, 155, 160, 240), (154, 155, 240, 235), (154, 159, 240, 160), (154, 159, 239, 240), (154, 234, 235, 240), (154, 234, 240, 239), (155, 156, 161, 241), (155, 156, 241, 236), (155, 160, 241, 161), (155, 160, 240, 241), (155, 235, 236, 241), (155, 235, 241, 240), (156, 157, 162, 242), (156, 157, 242, 237), (156, 161, 242, 162), (156, 161, 241, 242), (156, 236, 237, 242), (156, 236, 242, 241), (158, 159, 164, 244), (158, 159, 244, 239), (158, 163, 244, 164), (158, 163, 243, 244), (158, 238, 239, 244), (158, 238, 244, 243), (159, 160, 165, 245), (159, 160, 245, 240), (159, 164, 245, 165), (159, 164, 244, 245), (159, 239, 240, 245), (159, 239, 245, 244), (160, 161, 166, 246), (160, 161, 246, 241), (160, 165, 246, 166), (160, 165, 245, 246), (160, 240, 241, 246), (160, 240, 246, 245), (161, 162, 167, 247), (161, 162, 247, 242), (161, 166, 247, 167), (161, 166, 246, 247), (161, 241, 242, 247), (161, 241, 247, 246), (163, 164, 169, 249), (163, 164, 249, 244), (163, 168, 249, 169), (163, 168, 248, 249), (163, 243, 244, 249), (163, 243, 249, 248), (164, 165, 170, 250), (164, 165, 250, 245), (164, 169, 250, 170), (164, 169, 249, 250), (164, 244, 245, 250), (164, 244, 250, 249), (165, 166, 171, 251), (165, 166, 251, 246), (165, 170, 251, 171), (165, 170, 250, 251), (165, 245, 246, 251), (165, 245, 251, 250), (166, 167, 172, 252), (166, 167, 252, 247), (166, 171, 252, 172), (166, 171, 251, 252), (166, 246, 247, 252), (166, 246, 252, 251), (16, 12, 174, 254), (16, 12, 254, 35), (16, 173, 254, 174), (16, 173, 253, 254), (16, 37, 35, 254), (16, 37, 254, 253), (12, 8, 175, 255), (12, 8, 255, 33), (12, 174, 255, 175), (12, 174, 254, 255), (12, 35, 33, 255), (12, 35, 255, 254), (8, 4, 176, 256), (8, 4, 256, 31), (8, 175, 256, 176), (8, 175, 255, 256), (8, 33, 31, 256), (8, 33, 256, 255), (4, 3, 177, 257), (4, 3, 257, 30), (4, 176, 257, 177), (4, 176, 256, 257), (4, 31, 30, 257), (4, 31, 257, 256), (173, 174, 179, 259), (173, 174, 259, 254), (173, 178, 259, 179), (173, 178, 258, 259), (173, 253, 254, 259), (173, 253, 259, 258), (174, 175, 180, 260), (174, 175, 260, 255), (174, 179, 260, 180), (174, 179, 259, 260), (174, 254, 255, 260), (174, 254, 260, 259), (175, 176, 181, 261), (175, 176, 261, 256), (175, 180, 261, 181), (175, 180, 260, 261), (175, 255, 256, 261), (175, 255, 261, 260), (176, 177, 182, 262), (176, 177, 262, 257), (176, 181, 262, 182), (176, 181, 261, 262), (176, 256, 257, 262), (176, 256, 262, 261), (178, 179, 184, 264), (178, 179, 264, 259), (178, 183, 264, 184), (178, 183, 263, 264), (178, 258, 259, 264), (178, 258, 264, 263), (179, 180, 185, 265), (179, 180, 265, 260), (179, 184, 265, 185), (179, 184, 264, 265), (179, 259, 260, 265), (179, 259, 265, 264), (180, 181, 186, 266), (180, 181, 266, 261), (180, 185, 266, 186), (180, 185, 265, 266), (180, 260, 261, 266), (180, 260, 266, 265), (181, 182, 187, 267), (181, 182, 267, 262), (181, 186, 267, 187), (181, 186, 266, 267), (181, 261, 262, 267), (181, 261, 267, 266), (183, 184, 189, 269), (183, 184, 269, 264), (183, 188, 269, 189), (183, 188, 268, 269), (183, 263, 264, 269), (183, 263, 269, 268), (184, 185, 190, 270), (184, 185, 270, 265), (184, 189, 270, 190), (184, 189, 269, 270), (184, 264, 265, 270), (184, 264, 270, 269), (185, 186, 191, 271), (185, 186, 271, 266), (185, 190, 271, 191), (185, 190, 270, 271), (185, 265, 266, 271), (185, 265, 271, 270), (186, 187, 192, 272), (186, 187, 272, 267), (186, 191, 272, 192), (186, 191, 271, 272), (186, 266, 267, 272), (186, 266, 272, 271), (188, 189, 194, 274), (188, 189, 274, 269), (188, 193, 274, 194), (188, 193, 273, 274), (188, 268, 269, 274), (188, 268, 274, 273), (189, 190, 195, 275), (189, 190, 275, 270), (189, 194, 275, 195), (189, 194, 274, 275), (189, 269, 270, 275), (189, 269, 275, 274), (190, 191, 196, 276), (190, 191, 276, 271), (190, 195, 276, 196), (190, 195, 275, 276), (190, 270, 271, 276), (190, 270, 276, 275), (191, 192, 197, 277), (191, 192, 277, 272), (191, 196, 277, 197), (191, 196, 276, 277), (191, 271, 272, 277), (191, 271, 277, 276), (193, 194, 199, 279), (193, 194, 279, 274), (193, 198, 279, 199), (193, 198, 278, 279), (193, 273, 274, 279), (193, 273, 279, 278), (194, 195, 200, 280), (194, 195, 280, 275), (194, 199, 280, 200), (194, 199, 279, 280), (194, 274, 275, 280), (194, 274, 280, 279), (195, 196, 201, 281), (195, 196, 281, 276), (195, 200, 281, 201), (195, 200, 280, 281), (195, 275, 276, 281), (195, 275, 281, 280), (196, 197, 202, 282), (196, 197, 282, 277), (196, 201, 282, 202), (196, 201, 281, 282), (196, 276, 277, 282), (196, 276, 282, 281), (198, 199, 204, 284), (198, 199, 284, 279), (198, 203, 284, 204), (198, 203, 283, 284), (198, 278, 279, 284), (198, 278, 284, 283), (199, 200, 205, 285), (199, 200, 285, 280), (199, 204, 285, 205), (199, 204, 284, 285), (199, 279, 280, 285), (199, 279, 285, 284), (200, 201, 206, 286), (200, 201, 286, 281), (200, 205, 286, 206), (200, 205, 285, 286), (200, 280, 281, 286), (200, 280, 286, 285), (201, 202, 207, 287), (201, 202, 287, 282), (201, 206, 287, 207), (201, 206, 286, 287), (201, 281, 282, 287), (201, 281, 287, 286), (203, 204, 209, 289), (203, 204, 289, 284), (203, 208, 289, 209), (203, 208, 288, 289), (203, 283, 284, 289), (203, 283, 289, 288), (204, 205, 210, 290), (204, 205, 290, 285), (204, 209, 290, 210), (204, 209, 289, 290), (204, 284, 285, 290), (204, 284, 290, 289), (205, 206, 211, 291), (205, 206, 291, 286), (205, 210, 291, 211), (205, 210, 290, 291), (205, 285, 286, 291), (205, 285, 291, 290), (206, 207, 212, 292), (206, 207, 292, 287), (206, 211, 292, 212), (206, 211, 291, 292), (206, 286, 287, 292), (206, 286, 292, 291), (208, 209, 214, 294), (208, 209, 294, 289), (208, 213, 294, 214), (208, 213, 293, 294), (208, 288, 289, 294), (208, 288, 294, 293), (209, 210, 215, 295), (209, 210, 295, 290), (209, 214, 295, 215), (209, 214, 294, 295), (209, 289, 290, 295), (209, 289, 295, 294), (210, 211, 216, 296), (210, 211, 296, 291), (210, 215, 296, 216), (210, 215, 295, 296), (210, 290, 291, 296), (210, 290, 296, 295), (211, 212, 217, 297), (211, 212, 297, 292), (211, 216, 297, 217), (211, 216, 296, 297), (211, 291, 292, 297), (211, 291, 297, 296), (213, 214, 219, 299), (213, 214, 299, 294), (213, 218, 299, 219), (213, 218, 298, 299), (213, 293, 294, 299), (213, 293, 299, 298), (214, 215, 220, 300), (214, 215, 300, 295), (214, 219, 300, 220), (214, 219, 299, 300), (214, 294, 295, 300), (214, 294, 300, 299), (215, 216, 221, 301), (215, 216, 301, 296), (215, 220, 301, 221), (215, 220, 300, 301), (215, 295, 296, 301), (215, 295, 301, 300), (216, 217, 222, 302), (216, 217, 302, 297), (216, 221, 302, 222), (216, 221, 301, 302), (216, 296, 297, 302), (216, 296, 302, 301), (218, 219, 224, 304), (218, 219, 304, 299), (218, 223, 304, 224), (218, 223, 303, 304), (218, 298, 299, 304), (218, 298, 304, 303), (219, 220, 225, 305), (219, 220, 305, 300), (219, 224, 305, 225), (219, 224, 304, 305), (219, 299, 300, 305), (219, 299, 305, 304), (220, 221, 226, 306), (220, 221, 306, 301), (220, 225, 306, 226), (220, 225, 305, 306), (220, 300, 301, 306), (220, 300, 306, 305), (221, 222, 227, 307), (221, 222, 307, 302), (221, 226, 307, 227), (221, 226, 306, 307), (221, 301, 302, 307), (221, 301, 307, 306), (223, 224, 229, 309), (223, 224, 309, 304), (223, 228, 309, 229), (223, 228, 308, 309), (223, 303, 304, 309), (223, 303, 309, 308), (224, 225, 230, 310), (224, 225, 310, 305), (224, 229, 310, 230), (224, 229, 309, 310), (224, 304, 305, 310), (224, 304, 310, 309), (225, 226, 231, 311), (225, 226, 311, 306), (225, 230, 311, 231), (225, 230, 310, 311), (225, 305, 306, 311), (225, 305, 311, 310), (226, 227, 232, 312), (226, 227, 312, 307), (226, 231, 312, 232), (226, 231, 311, 312), (226, 306, 307, 312), (226, 306, 312, 311), (228, 229, 234, 314), (228, 229, 314, 309), (228, 233, 314, 234), (228, 233, 313, 314), (228, 308, 309, 314), (228, 308, 314, 313), (229, 230, 235, 315), (229, 230, 315, 310), (229, 234, 315, 235), (229, 234, 314, 315), (229, 309, 310, 315), (229, 309, 315, 314), (230, 231, 236, 316), (230, 231, 316, 311), (230, 235, 316, 236), (230, 235, 315, 316), (230, 310, 311, 316), (230, 310, 316, 315), (231, 232, 237, 317), (231, 232, 317, 312), (231, 236, 317, 237), (231, 236, 316, 317), (231, 311, 312, 317), (231, 311, 317, 316), (233, 234, 239, 319), (233, 234, 319, 314), (233, 238, 319, 239), (233, 238, 318, 319), (233, 313, 314, 319), (233, 313, 319, 318), (234, 235, 240, 320), (234, 235, 320, 315), (234, 239, 320, 240), (234, 239, 319, 320), (234, 314, 315, 320), (234, 314, 320, 319), (235, 236, 241, 321), (235, 236, 321, 316), (235, 240, 321, 241), (235, 240, 320, 321), (235, 315, 316, 321), (235, 315, 321, 320), (236, 237, 242, 322), (236, 237, 322, 317), (236, 241, 322, 242), (236, 241, 321, 322), (236, 316, 317, 322), (236, 316, 322, 321), (238, 239, 244, 324), (238, 239, 324, 319), (238, 243, 324, 244), (238, 243, 323, 324), (238, 318, 319, 324), (238, 318, 324, 323), (239, 240, 245, 325), (239, 240, 325, 320), (239, 244, 325, 245), (239, 244, 324, 325), (239, 319, 320, 325), (239, 319, 325, 324), (240, 241, 246, 326), (240, 241, 326, 321), (240, 245, 326, 246), (240, 245, 325, 326), (240, 320, 321, 326), (240, 320, 326, 325), (241, 242, 247, 327), (241, 242, 327, 322), (241, 246, 327, 247), (241, 246, 326, 327), (241, 321, 322, 327), (241, 321, 327, 326), (243, 244, 249, 329), (243, 244, 329, 324), (243, 248, 329, 249), (243, 248, 328, 329), (243, 323, 324, 329), (243, 323, 329, 328), (244, 245, 250, 330), (244, 245, 330, 325), (244, 249, 330, 250), (244, 249, 329, 330), (244, 324, 325, 330), (244, 324, 330, 329), (245, 246, 251, 331), (245, 246, 331, 326), (245, 250, 331, 251), (245, 250, 330, 331), (245, 325, 326, 331), (245, 325, 331, 330), (246, 247, 252, 332), (246, 247, 332, 327), (246, 251, 332, 252), (246, 251, 331, 332), (246, 326, 327, 332), (246, 326, 332, 331), (170, 333, 251, 171), (170, 333, 334, 251), (170, 334, 250, 251), (170, 335, 334, 333), (170, 335, 336, 334), (170, 336, 250, 334), (170, 337, 336, 335), (170, 337, 338, 336), (170, 338, 250, 336), (170, 339, 338, 337), (170, 339, 340, 338), (170, 340, 250, 338), (341, 170, 339, 340), (341, 170, 340, 250), (341, 250, 340, 342), (343, 341, 250, 170), (343, 341, 342, 250), (343, 342, 344, 250), (345, 343, 250, 170), (345, 343, 344, 250), (345, 344, 346, 250), (169, 345, 250, 170), (169, 345, 346, 250), (169, 346, 249, 250), (171, 347, 252, 172), (171, 347, 348, 252), (171, 348, 251, 252), (333, 171, 347, 348), (333, 171, 348, 251), (333, 251, 348, 334), (333, 349, 348, 347), (333, 349, 350, 348), (333, 350, 334, 348), (335, 333, 349, 350), (335, 333, 350, 334), (335, 334, 350, 336), (335, 351, 350, 349), (335, 351, 352, 350), (335, 352, 336, 350), (337, 335, 351, 352), (337, 335, 352, 336), (337, 336, 352, 338), (353, 337, 351, 352), (353, 337, 352, 338), (353, 338, 352, 354), (339, 353, 338, 337), (339, 353, 354, 338), (339, 354, 340, 338), (355, 339, 353, 354), (355, 339, 354, 340), (355, 340, 354, 356), (355, 341, 339, 340), (355, 341, 340, 342), (355, 342, 340, 356), (357, 355, 342, 341), (357, 355, 356, 342), (357, 356, 358, 342), (357, 343, 341, 342), (357, 343, 342, 344), (357, 344, 342, 358), (359, 357, 344, 343), (359, 357, 358, 344), (359, 358, 360, 344), (359, 345, 343, 344), (359, 345, 344, 346), (359, 346, 344, 360), (168, 359, 346, 345), (168, 359, 360, 346), (168, 360, 248, 346), (168, 169, 345, 346), (168, 169, 346, 249), (168, 249, 346, 248), (250, 334, 331, 251), (250, 334, 361, 331), (250, 361, 330, 331), (250, 336, 361, 334), (250, 336, 362, 361), (250, 362, 330, 361), (250, 338, 362, 336), (250, 338, 363, 362), (250, 363, 330, 362), (250, 340, 363, 338), (250, 340, 364, 363), (250, 364, 330, 363), (342, 250, 340, 364), (342, 250, 364, 330), (342, 330, 364, 365), (344, 342, 330, 250), (344, 342, 365, 330), (344, 365, 366, 330), (346, 344, 330, 250), (346, 344, 366, 330), (346, 366, 367, 330), (249, 346, 330, 250), (249, 346, 367, 330), (249, 367, 329, 330), (251, 348, 332, 252), (251, 348, 368, 332), (251, 368, 331, 332), (334, 251, 348, 368), (334, 251, 368, 331), (334, 331, 368, 361), (334, 350, 368, 348), (334, 350, 369, 368), (334, 369, 361, 368), (336, 334, 350, 369), (336, 334, 369, 361), (336, 361, 369, 362), (336, 352, 369, 350), (336, 352, 370, 369), (336, 370, 362, 369), (338, 336, 352, 370), (338, 336, 370, 362), (338, 362, 370, 363), (354, 338, 352, 370), (354, 338, 370, 363), (354, 363, 370, 371), (340, 354, 363, 338), (340, 354, 371, 363), (340, 371, 364, 363), (356, 340, 354, 371), (356, 340, 371, 364), (356, 364, 371, 372), (356, 342, 340, 364), (356, 342, 364, 365), (356, 365, 364, 372), (358, 356, 365, 342), (358, 356, 372, 365), (358, 372, 373, 365), (358, 344, 342, 365), (358, 344, 365, 366), (358, 366, 365, 373), (360, 358, 366, 344), (360, 358, 373, 366), (360, 373, 374, 366), (360, 346, 344, 366), (360, 346, 366, 367), (360, 367, 366, 374), (248, 360, 367, 346), (248, 360, 374, 367), (248, 374, 328, 367), (248, 249, 346, 367), (248, 249, 367, 329), (248, 329, 367, 328)]

    def Mesh "hub" (
        customData = {
            dictionary glue = {
                int[] rigid_indices = [6, 0, 4, 7, 1, 5, 2, 3]
                int[] soft_indices = [0, 14, 28, 30, 37, 44, 55, 70]
            }
            bool is_rigid_surface = 1
        }
    )
    {
        int[] faceVertexCounts = [3, 3, 3, 3, 3, 3, 3, 3, 3, 3, 3, 3]
        int[] faceVertexIndices = [6, 4, 0, 0, 4, 2, 2, 4, 6, 7, 1, 5, 1, 3, 5, 3, 7, 5, 6, 0, 1, 6, 1, 7, 0, 2, 3, 0, 3, 1, 2, 6, 7, 2, 7, 3]
        point3f[] points = [(-0.15, 0.08660254, 0), (-0.15, 0.08660254, 0.3), (-3.1817257e-17, -0.17320508, 0), (-3.1817257e-17, -0.17320508, 0.3), (0, 0, 0), (0, 0, 0.3), (0.15, 0.08660254, 0), (0.15, 0.08660254, 0.3)]
        quatf xformOp:orient = (1, 0, 0, 0)
        double3 xformOp:translate = (0, 0, -0.15000000596046448)
        uniform token[] xformOpOrder = ["xformOp:translate", "xformOp:orient"]
    }

    def Scope "finger_skeletons" (
        customData = {
            string kind = "finger_skeletons_visualization"
        }
    )
    {
        def BasisCurves "finger_0" (
            customData = {
                dictionary finger_skeleton = {
                    double[] arc_lengths = [0, 0.375, 0.75, 1.125, 1.5]
                    int finger_id = 0
                    int num_keypoints = 5
                    double[] radii = [0.12990380823612213, 0.15000000596046448, 0.15000000596046448, 0.15000000596046448, 0.1471177488565445]
                    int[] tet_indices = [304, 394, 496, 592, 1146]
                }
            }
        )
        {
            uniform token basis = "bspline"
            int[] curveVertexCounts = [5]
            point3f[] points = [(5.3028762e-18, 0.08660254, 0), (2.8265003e-17, 0.46160254, 0), (5.122713e-17, 0.83660257, 0), (7.418926e-17, 1.2116026, 0), (9.7151384e-17, 1.5866026, 0)]
            uniform token type = "cubic"
            float[] widths = [0.25980762, 0.3, 0.3, 0.3, 0.2942355] (
                interpolation = "varying"
            )
            uniform token wrap = "nonperiodic"
        }
    }
}

