#usda 1.0
(
    defaultPrim = "gripper_4f_soft"
    metersPerUnit = 1
    upAxis = "Z"
)

def TetMesh "gripper_4f_soft" (
    customData = {
        dictionary chambers = {
            double[] directions = [6.123234262925839e-17, 1, 0, -1, 1.2246468525851679e-16, 0, -1.8369701465288538e-16, -1, 0, 1, -2.4492937051703357e-16, 0]
            int directions_cols = 3
            dictionary entries = {
                dictionary c00000 = {
                    dictionary group = {
                        int cell = 0
                        int finger = 0
                    }
                    int index = 0
                    string name = "f0_c0"
                    int[] tet_indices = [640, 641, 642, 643, 644, 645, 646, 647, 648, 649, 650, 651, 652, 653, 654, 655, 656, 657, 658, 659, 800, 801, 802, 803, 804, 805, 806, 807, 808, 809, 810, 811, 812, 813, 814, 815, 816, 817, 818, 819]
                }
                dictionary c00001 = {
                    dictionary group = {
                        int cell = 1
                        int finger = 0
                    }
                    int index = 1
                    string name = "f0_c1"
                    int[] tet_indices = [660, 661, 662, 663, 664, 665, 666, 667, 668, 669, 670, 671, 672, 673, 674, 675, 676, 677, 678, 679, 820, 821, 822, 823, 824, 825, 826, 827, 828, 829, 830, 831, 832, 833, 834, 835, 836, 837, 838, 839]
                }
                dictionary c00002 = {
                    dictionary group = {
                        int cell = 2
                        int finger = 0
                    }
                    int index = 2
                    string name = "f0_c2"
                    int[] tet_indices = [680, 681, 682, 683, 684, 685, 686, 687, 688, 689, 690, 691, 692, 693, 694, 695, 696, 697, 698, 699, 840, 841, 842, 843, 844, 845, 846, 847, 848, 849, 850, 851, 852, 853, 854, 855, 856, 857, 858, 859]
                }
                dictionary c00003 = {
                    dictionary group = {
                        int cell = 3
                        int finger = 0
                    }
                    int index = 3
                    string name = "f0_c3"
                    int[] tet_indices = [700, 701, 702, 703, 704, 705, 706, 707, 708, 709, 710, 711, 712, 713, 714, 715, 716, 717, 718, 719, 860, 861, 862, 863, 864, 865, 866, 867, 868, 869, 870, 871, 872, 873, 874, 875, 876, 877, 878, 879]
                }
                dictionary c00004 = {
                    dictionary group = {
                        int cell = 4
                        int finger = 0
                    }
                    int index = 4
                    string name = "f0_c4"
                    int[] tet_indices = [720, 721, 722, 723, 724, 725, 726, 727, 728, 729, 730, 731, 732, 733, 734, 735, 736, 737, 738, 739, 880, 881, 882, 883, 884, 885, 886, 887, 888, 889, 890, 891, 892, 893, 894, 895, 896, 897, 898, 899]
                }
                dictionary c00005 = {
                    dictionary group = {
                        int cell = 5
                        int finger = 0
                    }
                    int index = 5
                    string name = "f0_c5"
                    int[] tet_indices = [740, 741, 742, 743, 744, 745, 746, 747, 748, 749, 750, 751, 752, 753, 754, 755, 756, 757, 758, 759, 900, 901, 902, 903, 904, 905, 906, 907, 908, 909, 910, 911, 912, 913, 914, 915, 916, 917, 918, 919]
                }
                dictionary c00006 = {
                    dictionary group = {
                        int cell = 6
                        int finger = 0
                    }
                    int index = 6
                    string name = "f0_c6"
                    int[] tet_indices = [760, 761, 762, 763, 764, 765, 766, 767, 768, 769, 770, 771, 772, 773, 774, 775, 776, 777, 778, 779, 920, 921, 922, 923, 924, 925, 926, 927, 928, 929, 930, 931, 932, 933, 934, 935, 936, 937, 938, 939]
                }
                dictionary c00007 = {
                    dictionary group = {
                        int cell = 7
                        int finger = 0
                    }
                    int index = 7
                    string name = "f0_c7"
                    int[] tet_indices = [780, 781, 782, 783, 784, 785, 786, 787, 788, 789, 790, 791, 792, 793, 794, 795, 796, 797, 798, 799, 940, 941, 942, 943, 944, 945, 946, 947, 948, 949, 950, 951, 952, 953, 954, 955, 956, 957, 958, 959]
                }
                dictionary c00008 = {
                    dictionary group = {
                        int cell = 0
                        int finger = 1
                    }
                    int index = 8
                    string name = "f1_c0"
                    int[] tet_indices = [1472, 1473, 1474, 1475, 1476, 1477, 1478, 1479, 1480, 1481, 1482, 1483, 1484, 1485, 1486, 1487, 1488, 1489, 1490, 1491, 1632, 1633, 1634, 1635, 1636, 1637, 1638, 1639, 1640, 1641, 1642, 1643, 1644, 1645, 1646, 1647, 1648, 1649, 1650, 1651]
                }
                dictionary c00009 = {
                    dictionary group = {
                        int cell = 1
                        int finger = 1
                    }
                    int index = 9
                    string name = "f1_c1"
                    int[] tet_indices = [1492, 1493, 1494, 1495, 1496, 1497, 1498, 1499, 1500, 1501, 1502, 1503, 1504, 1505, 1506, 1507, 1508, 1509, 1510, 1511, 1652, 1653, 1654, 1655, 1656, 1657, 1658, 1659, 1660, 1661, 1662, 1663, 1664, 1665, 1666, 1667, 1668, 1669, 1670, 1671]
                }
                dictionary c00010 = {
                    dictionary group = {
                        int cell = 2
                        int finger = 1
                    }
                    int index = 10
                    string name = "f1_c2"
                    int[] tet_indices = [1512, 1513, 1514, 1515, 1516, 1517, 1518, 1519, 1520, 1521, 1522, 1523, 1524, 1525, 1526, 1527, 1528, 1529, 1530, 1531, 1672, 1673, 1674, 1675, 1676, 1677, 1678, 1679, 1680, 1681, 1682, 1683, 1684, 1685, 1686, 1687, 1688, 1689, 1690, 1691]
                }
                dictionary c00011 = {
                    dictionary group = {
                        int cell = 3
                        int finger = 1
                    }
                    int index = 11
                    string name = "f1_c3"
                    int[] tet_indices = [1532, 1533, 1534, 1535, 1536, 1537, 1538, 1539, 1540, 1541, 1542, 1543, 1544, 1545, 1546, 1547, 1548, 1549, 1550, 1551, 1692, 1693, 1694, 1695, 1696, 1697, 1698, 1699, 1700, 1701, 1702, 1703, 1704, 1705, 1706, 1707, 1708, 1709, 1710, 1711]
                }
                dictionary c00012 = {
                    dictionary group = {
                        int cell = 4
                        int finger = 1
                    }
                    int index = 12
                    string name = "f1_c4"
                    int[] tet_indices = [1552, 1553, 1554, 1555, 1556, 1557, 1558, 1559, 1560, 1561, 1562, 1563, 1564, 1565, 1566, 1567, 1568, 1569, 1570, 1571, 1712, 1713, 1714, 1715, 1716, 1717, 1718, 1719, 1720, 1721, 1722, 1723, 1724, 1725, 1726, 1727, 1728, 1729, 1730, 1731]
                }
                dictionary c00013 = {
                    dictionary group = {
                        int cell = 5
                        int finger = 1
                    }
                    int index = 13
                    string name = "f1_c5"
                    int[] tet_indices = [1572, 1573, 1574, 1575, 1576, 1577, 1578, 1579, 1580, 1581, 1582, 1583, 1584, 1585, 1586, 1587, 1588, 1589, 1590, 1591, 1732, 1733, 1734, 1735, 1736, 1737, 1738, 1739, 1740, 1741, 1742, 1743, 1744, 1745, 1746, 1747, 1748, 1749, 1750, 1751]
                }
                dictionary c00014 = {
                    dictionary group = {
                        int cell = 6
                        int finger = 1
                    }
                    int index = 14
                    string name = "f1_c6"
                    int[] tet_indices = [1592, 1593, 1594, 1595, 1596, 1597, 1598, 1599, 1600, 1601, 1602, 1603, 1604, 1605, 1606, 1607, 1608, 1609, 1610, 1611, 1752, 1753, 1754, 1755, 1756, 1757, 1758, 1759, 1760, 1761, 1762, 1763, 1764, 1765, 1766, 1767, 1768, 1769, 1770, 1771]
                }
                dictionary c00015 = {
                    dictionary group = {
                        int cell = 7
                        int finger = 1
                    }
                    int index = 15
                    string name = "f1_c7"
                    int[] tet_indices = [1612, 1613, 1614, 1615, 1616, 1617, 1618, 1619, 1620, 1621, 1622, 1623, 1624, 1625, 1626, 1627, 1628, 1629, 1630, 1631, 1772, 1773, 1774, 1775, 1776, 1777, 1778, 1779, 1780, 1781, 1782, 1783, 1784, 1785, 1786, 1787, 1788, 1789, 1790, 1791]
                }
                dictionary c00016 = {
                    dictionary group = {
                        int cell = 0
                        int finger = 2
                    }
                    int index = 16
                    string name = "f2_c0"
                    int[] tet_indices = [2304, 2305, 2306, 2307, 2308, 2309, 2310, 2311, 2312, 2313, 2314, 2315, 2316, 2317, 2318, 2319, 2320, 2321, 2322, 2323, 2464, 2465, 2466, 2467, 2468, 2469, 2470, 2471, 2472, 2473, 2474, 2475, 2476, 2477, 2478, 2479, 2480, 2481, 2482, 2483]
                }
                dictionary c00017 = {
                    dictionary group = {
                        int cell = 1
                        int finger = 2
                    }
                    int index = 17
                    string name = "f2_c1"
                    int[] tet_indices = [2324, 2325, 2326, 2327, 2328, 2329, 2330, 2331, 2332, 2333, 2334, 2335, 2336, 2337, 2338, 2339, 2340, 2341, 2342, 2343, 2484, 2485, 2486, 2487, 2488, 2489, 2490, 2491, 2492, 2493, 2494, 2495, 2496, 2497, 2498, 2499, 2500, 2501, 2502, 2503]
                }
                dictionary c00018 = {
                    dictionary group = {
                        int cell = 2
                        int finger = 2
                    }
                    int index = 18
                    string name = "f2_c2"
                    int[] tet_indices = [2344, 2345, 2346, 2347, 2348, 2349, 2350, 2351, 2352, 2353, 2354, 2355, 2356, 2357, 2358, 2359, 2360, 2361, 2362, 2363, 2504, 2505, 2506, 2507, 2508, 2509, 2510, 2511, 2512, 2513, 2514, 2515, 2516, 2517, 2518, 2519, 2520, 2521, 2522, 2523]
                }
                dictionary c00019 = {
                    dictionary group = {
                        int cell = 3
                        int finger = 2
                    }
                    int index = 19
                    string name = "f2_c3"
                    int[] tet_indices = [2364, 2365, 2366, 2367, 2368, 2369, 2370, 2371, 2372, 2373, 2374, 2375, 2376, 2377, 2378, 2379, 2380, 2381, 2382, 2383, 2524, 2525, 2526, 2527, 2528, 2529, 2530, 2531, 2532, 2533, 2534, 2535, 2536, 2537, 2538, 2539, 2540, 2541, 2542, 2543]
                }
                dictionary c00020 = {
                    dictionary group = {
                        int cell = 4
                        int finger = 2
                    }
                    int index = 20
                    string name = "f2_c4"
                    int[] tet_indices = [2384, 2385, 2386, 2387, 2388, 2389, 2390, 2391, 2392, 2393, 2394, 2395, 2396, 2397, 2398, 2399, 2400, 2401, 2402, 2403, 2544, 2545, 2546, 2547, 2548, 2549, 2550, 2551, 2552, 2553, 2554, 2555, 2556, 2557, 2558, 2559, 2560, 2561, 2562, 2563]
                }
                dictionary c00021 = {
                    dictionary group = {
                        int cell = 5
                        int finger = 2
                    }
                    int index = 21
                    string name = "f2_c5"
                    int[] tet_indices = [2404, 2405, 2406, 2407, 2408, 2409, 2410, 2411, 2412, 2413, 2414, 2415, 2416, 2417, 2418, 2419, 2420, 2421, 2422, 2423, 2564, 2565, 2566, 2567, 2568, 2569, 2570, 2571, 2572, 2573, 2574, 2575, 2576, 2577, 2578, 2579, 2580, 2581, 2582, 2583]
                }
                dictionary c00022 = {
                    dictionary group = {
                        int cell = 6
                        int finger = 2
                    }
                    int index = 22
                    string name = "f2_c6"
                    int[] tet_indices = [2424, 2425, 2426, 2427, 2428, 2429, 2430, 2431, 2432, 2433, 2434, 2435, 2436, 2437, 2438, 2439, 2440, 2441, 2442, 2443, 2584, 2585, 2586, 2587, 2588, 2589, 2590, 2591, 2592, 2593, 2594, 2595, 2596, 2597, 2598, 2599, 2600, 2601, 2602, 2603]
                }
                dictionary c00023 = {
                    dictionary group = {
                        int cell = 7
                        int finger = 2
                    }
                    int index = 23
                    string name = "f2_c7"
                    int[] tet_indices = [2444, 2445, 2446, 2447, 2448, 2449, 2450, 2451, 2452, 2453, 2454, 2455, 2456, 2457, 2458, 2459, 2460, 2461, 2462, 2463, 2604, 2605, 2606, 2607, 2608, 2609, 2610, 2611, 2612, 2613, 2614, 2615, 2616, 2617, 2618, 2619, 2620, 2621, 2622, 2623]
                }
                dictionary c00024 = {
                    dictionary group = {
                        int cell = 0
                        int finger = 3
                    }
                    int index = 24
                    string name = "f3_c0"
                    int[] tet_indices = [3136, 3137, 3138, 3139, 3140, 3141, 3142, 3143, 3144, 3145, 3146, 3147, 3148, 3149, 3150, 3151, 3152, 3153, 3154, 3155, 3296, 3297, 3298, 3299, 3300, 3301, 3302, 3303, 3304, 3305, 3306, 3307, 3308, 3309, 3310, 3311, 3312, 3313, 3314, 3315]
                }
                dictionary c00025 = {
                    dictionary group = {
                        int cell = 1
                        int finger = 3
                    }
                    int index = 25
                    string name = "f3_c1"
                    int[] tet_indices = [3156, 3157, 3158, 3159, 3160, 3161, 3162, 3163, 3164, 3165, 3166, 3167, 3168, 3169, 3170, 3171, 3172, 3173, 3174, 3175, 3316, 3317, 3318, 3319, 3320, 3321, 3322, 3323, 3324, 3325, 3326, 3327, 3328, 3329, 3330, 3331, 3332, 3333, 3334, 3335]
                }
                dictionary c00026 = {
                    dictionary group = {
                        int cell = 2
                        int finger = 3
                    }
                    int index = 26
                    string name = "f3_c2"
                    int[] tet_indices = [3176, 3177, 3178, 3179, 3180, 3181, 3182, 3183, 3184, 3185, 3186, 3187, 3188, 3189, 3190, 3191, 3192, 3193, 3194, 3195, 3336, 3337, 3338, 3339, 3340, 3341, 3342, 3343, 3344, 3345, 3346, 3347, 3348, 3349, 3350, 3351, 3352, 3353, 3354, 3355]
                }
                dictionary c00027 = {
                    dictionary group = {
                        int cell = 3
                        int finger = 3
                    }
                    int index = 27
                    string name = "f3_c3"
                    int[] tet_indices = [3196, 3197, 3198, 3199, 3200, 3201, 3202, 3203, 3204, 3205, 3206, 3207, 3208, 3209, 3210, 3211, 3212, 3213, 3214, 3215, 3356, 3357, 3358, 3359, 3360, 3361, 3362, 3363, 3364, 3365, 3366, 3367, 3368, 3369, 3370, 3371, 3372, 3373, 3374, 3375]
                }
                dictionary c00028 = {
                    dictionary group = {
                        int cell = 4
                        int finger = 3
                    }
                    int index = 28
                    string name = "f3_c4"
                    int[] tet_indices = [3216, 3217, 3218, 3219, 3220, 3221, 3222, 3223, 3224, 3225, 3226, 3227, 3228, 3229, 3230, 3231, 3232, 3233, 3234, 3235, 3376, 3377, 3378, 3379, 3380, 3381, 3382, 3383, 3384, 3385, 3386, 3387, 3388, 3389, 3390, 3391, 3392, 3393, 3394, 3395]
                }
                dictionary c00029 = {
                    dictionary group = {
                        int cell = 5
                        int finger = 3
                    }
                    int index = 29
                    string name = "f3_c5"
                    int[] tet_indices = [3236, 3237, 3238, 3239, 3240, 3241, 3242, 3243, 3244, 3245, 3246, 3247, 3248, 3249, 3250, 3251, 3252, 3253, 3254, 3255, 3396, 3397, 3398, 3399, 3400, 3401, 3402, 3403, 3404, 3405, 3406, 3407, 3408, 3409, 3410, 3411, 3412, 3413, 3414, 3415]
                }
                dictionary c00030 = {
                    dictionary group = {
                        int cell = 6
                        int finger = 3
                    }
                    int index = 30
                    string name = "f3_c6"
                    int[] tet_indices = [3256, 3257, 3258, 3259, 3260, 3261, 3262, 3263, 3264, 3265, 3266, 3267, 3268, 3269, 3270, 3271, 3272, 3273, 3274, 3275, 3416, 3417, 3418, 3419, 3420, 3421, 3422, 3423, 3424, 3425, 3426, 3427, 3428, 3429, 3430, 3431, 3432, 3433, 3434, 3435]
                }
                dictionary c00031 = {
                    dictionary group = {
                        int cell = 7
                        int finger = 3
                    }
                    int index = 31
                    string name = "f3_c7"
                    int[] tet_indices = [3276, 3277, 3278, 3279, 3280, 3281, 3282, 3283, 3284, 3285, 3286, 3287, 3288, 3289, 3290, 3291, 3292, 3293, 3294, 3295, 3436, 3437, 3438, 3439, 3440, 3441, 3442, 3443, 3444, 3445, 3446, 3447, 3448, 3449, 3450, 3451, 3452, 3453, 3454, 3455]
                }
            }
            int format_version = 1
            int num_chambers = 32
            dictionary regions = {
                dictionary r00000 = {
                    dictionary group = {
                        int finger = 0
                    }
                    string name = "b0"
                    int[] tet_indices = [320, 321, 322, 323, 324, 325, 326, 327, 328, 329, 330, 331, 332, 333, 334, 335, 336, 337, 338, 339, 340, 341, 342, 343, 344, 345, 346, 347, 348, 349, 350, 351, 352, 353, 354, 355, 356, 357, 358, 359, 360, 361, 362, 363, 364, 365, 366, 367, 368, 369, 370, 371, 372, 373, 374, 375, 376, 377, 378, 379, 380, 381, 382, 383, 384, 385, 386, 387, 388, 389, 390, 391, 392, 393, 394, 395, 396, 397, 398, 399, 400, 401, 402, 403, 404, 405, 406, 407, 408, 409, 410, 411, 412, 413, 414, 415, 416, 417, 418, 419, 420, 421, 422, 423, 424, 425, 426, 427, 428, 429, 430, 431, 432, 433, 434, 435, 436, 437, 438, 439, 440, 441, 442, 443, 444, 445, 446, 447, 448, 449, 450, 451, 452, 453, 454, 455, 456, 457, 458, 459, 460, 461, 462, 463, 464, 465, 466, 467, 468, 469, 470, 471, 472, 473, 474, 475, 476, 477, 478, 479, 480, 481, 482, 483, 484, 485, 486, 487, 488, 489, 490, 491, 492, 493, 494, 495, 496, 497, 498, 499, 500, 501, 502, 503, 504, 505, 506, 507, 508, 509, 510, 511, 512, 513, 514, 515, 516, 517, 518, 519, 520, 521, 522, 523, 524, 525, 526, 527, 528, 529, 530, 531, 532, 533, 534, 535, 536, 537, 538, 539, 540, 541, 542, 543, 544, 545, 546, 547, 548, 549, 550, 551, 552, 553, 554, 555, 556, 557, 558, 559, 560, 561, 562, 563, 564, 565, 566, 567, 568, 569, 570, 571, 572, 573, 574, 575, 576, 577, 578, 579, 580, 581, 582, 583, 584, 585, 586, 587, 588, 589, 590, 591, 592, 593, 594, 595, 596, 597, 598, 599, 600, 601, 602, 603, 604, 605, 606, 607, 608, 609, 610, 611, 612, 613, 614, 615, 616, 617, 618, 619, 620, 621, 622, 623, 624, 625, 626, 627, 628, 629, 630, 631, 632, 633, 634, 635, 636, 637, 638, 639, 960, 961, 962, 963, 964, 965, 966, 967, 968, 969, 970, 971, 972, 973, 974, 975, 976, 977, 978, 979, 980, 981, 982, 983, 984, 985, 986, 987, 988, 989, 990, 991, 992, 993, 994, 995, 996, 997, 998, 999, 1000, 1001, 1002, 1003, 1004, 1005, 1006, 1007, 1008, 1009, 1010, 1011, 1012, 1013, 1014, 1015, 1016, 1017, 1018, 1019, 1020, 1021, 1022, 1023, 1024, 1025, 1026, 1027, 1028, 1029, 1030, 1031, 1032, 1033, 1034, 1035, 1036, 1037, 1038, 1039, 1040, 1041, 1042, 1043, 1044, 1045, 1046, 1047, 1048, 1049, 1050, 1051, 1052, 1053, 1054, 1055, 1056, 1057, 1058, 1059, 1060, 1061, 1062, 1063, 1064, 1065, 1066, 1067, 1068, 1069, 1070, 1071, 1072, 1073, 1074, 1075, 1076, 1077, 1078, 1079, 1080, 1081, 1082, 1083, 1084, 1085, 1086, 1087, 1088, 1089, 1090, 1091, 1092, 1093, 1094, 1095, 1096, 1097, 1098, 1099, 1100, 1101, 1102, 1103, 1104, 1105, 1106, 1107, 1108, 1109, 1110, 1111, 1112, 1113, 1114, 1115, 1116, 1117, 1118, 1119, 1120, 1121, 1122, 1123, 1124, 1125, 1126, 1127, 1128, 1129, 1130, 1131, 1132, 1133, 1134, 1135, 1136, 1137, 1138, 1139, 1140, 1141, 1142, 1143, 1144, 1145, 1146, 1147, 1148, 1149, 1150, 1151]
                }
                dictionary r00001 = {
                    dictionary group = {
                        int finger = 1
                    }
                    string name = "b1"
                    int[] tet_indices = [1152, 1153, 1154, 1155, 1156, 1157, 1158, 1159, 1160, 1161, 1162, 1163, 1164, 1165, 1166, 1167, 1168, 1169, 1170, 1171, 1172, 1173, 1174, 1175, 1176, 1177, 1178, 1179, 1180, 1181, 1182, 1183, 1184, 1185, 1186, 1187, 1188, 1189, 1190, 1191, 1192, 1193, 1194, 1195, 1196, 1197, 1198, 1199, 1200, 1201, 1202, 1203, 1204, 1205, 1206, 1207, 1208, 1209, 1210, 1211, 1212, 1213, 1214, 1215, 1216, 1217, 1218, 1219, 1220, 1221, 1222, 1223, 1224, 1225, 1226, 1227, 1228, 1229, 1230, 1231, 1232, 1233, 1234, 1235, 1236, 1237, 1238, 1239, 1240, 1241, 1242, 1243, 1244, 1245, 1246, 1247, 1248, 1249, 1250, 1251, 1252, 1253, 1254, 1255, 1256, 1257, 1258, 1259, 1260, 1261, 1262, 1263, 1264, 1265, 1266, 1267, 1268, 1269, 1270, 1271, 1272, 1273, 1274, 1275, 1276, 1277, 1278, 1279, 1280, 1281, 1282, 1283, 1284, 1285, 1286, 1287, 1288, 1289, 1290, 1291, 1292, 1293, 1294, 1295, 1296, 1297, 1298, 1299, 1300, 1301, 1302, 1303, 1304, 1305, 1306, 1307, 1308, 1309, 1310, 1311, 1312, 1313, 1314, 1315, 1316, 1317, 1318, 1319, 1320, 1321, 1322, 1323, 1324, 1325, 1326, 1327, 1328, 1329, 1330, 1331, 1332, 1333, 1334, 1335, 1336, 1337, 1338, 1339, 1340, 1341, 1342, 1343, 1344, 1345, 1346, 1347, 1348, 1349, 1350, 1351, 1352, 1353, 1354, 1355, 1356, 1357, 1358, 1359, 1360, 1361, 1362, 1363, 1364, 1365, 1366, 1367, 1368, 1369, 1370, 1371, 1372, 1373, 1374, 1375, 1376, 1377, 1378, 1379, 1380, 1381, 1382, 1383, 1384, 1385, 1386, 1387, 1388, 1389, 1390, 1391, 1392, 1393, 1394, 1395, 1396, 1397, 1398, 1399, 1400, 1401, 1402, 1403, 1404, 1405, 1406, 1407, 1408, 1409, 1410, 1411, 1412, 1413, 1414, 1415, 1416, 1417, 1418, 1419, 1420, 1421, 1422, 1423, 1424, 1425, 1426, 1427, 1428, 1429, 1430, 1431, 1432, 1433, 1434, 1435, 1436, 1437, 1438, 1439, 1440, 1441, 1442, 1443, 1444, 1445, 1446, 1447, 1448, 1449, 1450, 1451, 1452, 1453, 1454, 1455, 1456, 1457, 1458, 1459, 1460, 1461, 1462, 1463, 1464, 1465, 1466, 1467, 1468, 1469, 1470, 1471, 1792, 1793, 1794, 1795, 1796, 1797, 1798, 1799, 1800, 1801, 1802, 1803, 1804, 1805, 1806, 1807, 1808, 1809, 1810, 1811, 1812, 1813, 1814, 1815, 1816, 1817, 1818, 1819, 1820, 1821, 1822, 1823, 1824, 1825, 1826, 1827, 1828, 1829, 1830, 1831, 1832, 1833, 1834, 1835, 1836, 1837, 1838, 1839, 1840, 1841, 1842, 1843, 1844, 1845, 1846, 1847, 1848, 1849, 1850, 1851, 1852, 1853, 1854, 1855, 1856, 1857, 1858, 1859, 1860, 1861, 1862, 1863, 1864, 1865, 1866, 1867, 1868, 1869, 1870, 1871, 1872, 1873, 1874, 1875, 1876, 1877, 1878, 1879, 1880, 1881, 1882, 1883, 1884, 1885, 1886, 1887, 1888, 1889, 1890, 1891, 1892, 1893, 1894, 1895, 1896, 1897, 1898, 1899, 1900, 1901, 1902, 1903, 1904, 1905, 1906, 1907, 1908, 1909, 1910, 1911, 1912, 1913, 1914, 1915, 1916, 1917, 1918, 1919, 1920, 1921, 1922, 1923, 1924, 1925, 1926, 1927, 1928, 1929, 1930, 1931, 1932, 1933, 1934, 1935, 1936, 1937, 1938, 1939, 1940, 1941, 1942, 1943, 1944, 1945, 1946, 1947, 1948, 1949, 1950, 1951, 1952, 1953, 1954, 1955, 1956, 1957, 1958, 1959, 1960, 1961, 1962, 1963, 1964, 1965, 1966, 1967, 1968, 1969, 1970, 1971, 1972, 1973, 1974, 1975, 1976, 1977, 1978, 1979, 1980, 1981, 1982, 1983]
                }
                dictionary r00002 = {
                    dictionary group = {
                        int finger = 2
                    }
                    string name = "b2"
                    int[] tet_indices = [1984, 1985, 1986, 1987, 1988, 1989, 1990, 1991, 1992, 1993, 1994, 1995, 1996, 1997, 1998, 1999, 2000, 2001, 2002, 2003, 2004, 2005, 2006, 2007, 2008, 2009, 2010, 2011, 2012, 2013, 2014, 2015, 2016, 2017, 2018, 2019, 2020, 2021, 2022, 2023, 2024, 2025, 2026, 2027, 2028, 2029, 2030, 2031, 2032, 2033, 2034, 2035, 2036, 2037, 2038, 2039, 2040, 2041, 2042, 2043, 2044, 2045, 2046, 2047, 2048, 2049, 2050, 2051, 2052, 2053, 2054, 2055, 2056, 2057, 2058, 2059, 2060, 2061, 2062, 2063, 2064, 2065, 2066, 2067, 2068, 2069, 2070, 2071, 2072, 2073, 2074, 2075, 2076, 2077, 2078, 2079, 2080, 2081, 2082, 2083, 2084, 2085, 2086, 2087, 2088, 2089, 2090, 2091, 2092, 2093, 2094, 2095, 2096, 2097, 2098, 2099, 2100, 2101, 2102, 2103, 2104, 2105, 2106, 2107, 2108, 2109, 2110, 2111, 2112, 2113, 2114, 2115, 2116, 2117, 2118, 2119, 2120, 2121, 2122, 2123, 2124, 2125, 2126, 2127, 2128, 2129, 2130, 2131, 2132, 2133, 2134, 2135, 2136, 2137, 2138, 2139, 2140, 2141, 2142, 2143, 2144, 2145, 2146, 2147, 2148, 2149, 2150, 2151, 2152, 2153, 2154, 2155, 2156, 2157, 2158, 2159, 2160, 2161, 2162, 2163, 2164, 2165, 2166, 2167, 2168, 2169, 2170, 2171, 2172, 2173, 2174, 2175, 2176, 2177, 2178, 2179, 2180, 2181, 2182, 2183, 2184, 2185, 2186, 2187, 2188, 2189, 2190, 2191, 2192, 2193, 2194, 2195, 2196, 2197, 2198, 2199, 2200, 2201, 2202, 2203, 2204, 2205, 2206, 2207, 2208, 2209, 2210, 2211, 2212, 2213, 2214, 2215, 2216, 2217, 2218, 2219, 2220, 2221, 2222, 2223, 2224, 2225, 2226, 2227, 2228, 2229, 2230, 2231, 2232, 2233, 2234, 2235, 2236, 2237, 2238, 2239, 2240, 2241, 2242, 2243, 2244, 2245, 2246, 2247, 2248, 2249, 2250, 2251, 2252, 2253, 2254, 2255, 2256, 2257, 2258, 2259, 2260, 2261, 2262, 2263, 2264, 2265, 2266, 2267, 2268, 2269, 2270, 2271, 2272, 2273, 2274, 2275, 2276, 2277, 2278, 2279, 2280, 2281, 2282, 2283, 2284, 2285, 2286, 2287, 2288, 2289, 2290, 2291, 2292, 2293, 2294, 2295, 2296, 2297, 2298, 2299, 2300, 2301, 2302, 2303, 2624, 2625, 2626, 2627, 2628, 2629, 2630, 2631, 2632, 2633, 2634, 2635, 2636, 2637, 2638, 2639, 2640, 2641, 2642, 2643, 2644, 2645, 2646, 2647, 2648, 2649, 2650, 2651, 2652, 2653, 2654, 2655, 2656, 2657, 2658, 2659, 2660, 2661, 2662, 2663, 2664, 2665, 2666, 2667, 2668, 2669, 2670, 2671, 2672, 2673, 2674, 2675, 2676, 2677, 2678, 2679, 2680, 2681, 2682, 2683, 2684, 2685, 2686, 2687, 2688, 2689, 2690, 2691, 2692, 2693, 2694, 2695, 2696, 2697, 2698, 2699, 2700, 2701, 2702, 2703, 2704, 2705, 2706, 2707, 2708, 2709, 2710, 2711, 2712, 2713, 2714, 2715, 2716, 2717, 2718, 2719, 2720, 2721, 2722, 2723, 2724, 2725, 2726, 2727, 2728, 2729, 2730, 2731, 2732, 2733, 2734, 2735, 2736, 2737, 2738, 2739, 2740, 2741, 2742, 2743, 2744, 2745, 2746, 2747, 2748, 2749, 2750, 2751, 2752, 2753, 2754, 2755, 2756, 2757, 2758, 2759, 2760, 2761, 2762, 2763, 2764, 2765, 2766, 2767, 2768, 2769, 2770, 2771, 2772, 2773, 2774, 2775, 2776, 2777, 2778, 2779, 2780, 2781, 2782, 2783, 2784, 2785, 2786, 2787, 2788, 2789, 2790, 2791, 2792, 2793, 2794, 2795, 2796, 2797, 2798, 2799, 2800, 2801, 2802, 2803, 2804, 2805, 2806, 2807, 2808, 2809, 2810, 2811, 2812, 2813, 2814, 2815]
                }
                dictionary r00003 = {
                    dictionary group = {
                        int finger = 3
                    }
                    string name = "b3"
                    int[] tet_indices = [2816, 2817, 2818, 2819, 2820, 2821, 2822, 2823, 2824, 2825, 2826, 2827, 2828, 2829, 2830, 2831, 2832, 2833, 2834, 2835, 2836, 2837, 2838, 2839, 2840, 2841, 2842, 2843, 2844, 2845, 2846, 2847, 2848, 2849, 2850, 2851, 2852, 2853, 2854, 2855, 2856, 2857, 2858, 2859, 2860, 2861, 2862, 2863, 2864, 2865, 2866, 2867, 2868, 2869, 2870, 2871, 2872, 2873, 2874, 2875, 2876, 2877, 2878, 2879, 2880, 2881, 2882, 2883, 2884, 2885, 2886, 2887, 2888, 2889, 2890, 2891, 2892, 2893, 2894, 2895, 2896, 2897, 2898, 2899, 2900, 2901, 2902, 2903, 2904, 2905, 2906, 2907, 2908, 2909, 2910, 2911, 2912, 2913, 2914, 2915, 2916, 2917, 2918, 2919, 2920, 2921, 2922, 2923, 2924, 2925, 2926, 2927, 2928, 2929, 2930, 2931, 2932, 2933, 2934, 2935, 2936, 2937, 2938, 2939, 2940, 2941, 2942, 2943, 2944, 2945, 2946, 2947, 2948, 2949, 2950, 2951, 2952, 2953, 2954, 2955, 2956, 2957, 2958, 2959, 2960, 2961, 2962, 2963, 2964, 2965, 2966, 2967, 2968, 2969, 2970, 2971, 2972, 2973, 2974, 2975, 2976, 2977, 2978, 2979, 2980, 2981, 2982, 2983, 2984, 2985, 2986, 2987, 2988, 2989, 2990, 2991, 2992, 2993, 2994, 2995, 2996, 2997, 2998, 2999, 3000, 3001, 3002, 3003, 3004, 3005, 3006, 3007, 3008, 3009, 3010, 3011, 3012, 3013, 3014, 3015, 3016, 3017, 3018, 3019, 3020, 3021, 3022, 3023, 3024, 3025, 3026, 3027, 3028, 3029, 3030, 3031, 3032, 3033, 3034, 3035, 3036, 3037, 3038, 3039, 3040, 3041, 3042, 3043, 3044, 3045, 3046, 3047, 3048, 3049, 3050, 3051, 3052, 3053, 3054, 3055, 3056, 3057, 3058, 3059, 3060, 3061, 3062, 3063, 3064, 3065, 3066, 3067, 3068, 3069, 3070, 3071, 3072, 3073, 3074, 3075, 3076, 3077, 3078, 3079, 3080, 3081, 3082, 3083, 3084, 3085, 3086, 3087, 3088, 3089, 3090, 3091, 3092, 3093, 3094, 3095, 3096, 3097, 3098, 3099, 3100, 3101, 3102, 3103, 3104, 3105, 3106, 3107, 3108, 3109, 3110, 3111, 3112, 3113, 3114, 3115, 3116, 3117, 3118, 3119, 3120, 3121, 3122, 3123, 3124, 3125, 3126, 3127, 3128, 3129, 3130, 3131, 3132, 3133, 3134, 3135, 3456, 3457, 3458, 3459, 3460, 3461, 3462, 3463, 3464, 3465, 3466, 3467, 3468, 3469, 3470, 3471, 3472, 3473, 3474, 3475, 3476, 3477, 3478, 3479, 3480, 3481, 3482, 3483, 3484, 3485, 3486, 3487, 3488, 3489, 3490, 3491, 3492, 3493, 3494, 3495, 3496, 3497, 3498, 3499, 3500, 3501, 3502, 3503, 3504, 3505, 3506, 3507, 3508, 3509, 3510, 3511, 3512, 3513, 3514, 3515, 3516, 3517, 3518, 3519, 3520, 3521, 3522, 3523, 3524, 3525, 3526, 3527, 3528, 3529, 3530, 3531, 3532, 3533, 3534, 3535, 3536, 3537, 3538, 3539, 3540, 3541, 3542, 3543, 3544, 3545, 3546, 3547, 3548, 3549, 3550, 3551, 3552, 3553, 3554, 3555, 3556, 3557, 3558, 3559, 3560, 3561, 3562, 3563, 3564, 3565, 3566, 3567, 3568, 3569, 3570, 3571, 3572, 3573, 3574, 3575, 3576, 3577, 3578, 3579, 3580, 3581, 3582, 3583, 3584, 3585, 3586, 3587, 3588, 3589, 3590, 3591, 3592, 3593, 3594, 3595, 3596, 3597, 3598, 3599, 3600, 3601, 3602, 3603, 3604, 3605, 3606, 3607, 3608, 3609, 3610, 3611, 3612, 3613, 3614, 3615, 3616, 3617, 3618, 3619, 3620, 3621, 3622, 3623, 3624, 3625, 3626, 3627, 3628, 3629, 3630, 3631, 3632, 3633, 3634, 3635, 3636, 3637, 3638, 3639, 3640, 3641, 3642, 3643, 3644, 3645, 3646, 3647]
                }
                dictionary r00004 = {
                    dictionary group = {
                        int junction = 1
                    }
                    string name = "junction"
                    int[] tet_indices = [0, 1, 2, 3, 4, 5, 6, 7, 8, 9, 10, 11, 12, 13, 14, 15, 16, 17, 18, 19, 20, 21, 22, 23, 24, 25, 26, 27, 28, 29, 30, 31, 32, 33, 34, 35, 36, 37, 38, 39, 40, 41, 42, 43, 44, 45, 46, 47, 48, 49, 50, 51, 52, 53, 54, 55, 56, 57, 58, 59, 60, 61, 62, 63, 64, 65, 66, 67, 68, 69, 70, 71, 72, 73, 74, 75, 76, 77, 78, 79, 80, 81, 82, 83, 84, 85, 86, 87, 88, 89, 90, 91, 92, 93, 94, 95, 96, 97, 98, 99, 100, 101, 102, 103, 104, 105, 106, 107, 108, 109, 110, 111, 112, 113, 114, 115, 116, 117, 118, 119, 120, 121, 122, 123, 124, 125, 126, 127, 128, 129, 130, 131, 132, 133, 134, 135, 136, 137, 138, 139, 140, 141, 142, 143, 144, 145, 146, 147, 148, 149, 150, 151, 152, 153, 154, 155, 156, 157, 158, 159, 160, 161, 162, 163, 164, 165, 166, 167, 168, 169, 170, 171, 172, 173, 174, 175, 176, 177, 178, 179, 180, 181, 182, 183, 184, 185, 186, 187, 188, 189, 190, 191, 192, 193, 194, 195, 196, 197, 198, 199, 200, 201, 202, 203, 204, 205, 206, 207, 208, 209, 210, 211, 212, 213, 214, 215, 216, 217, 218, 219, 220, 221, 222, 223, 224, 225, 226, 227, 228, 229, 230, 231, 232, 233, 234, 235, 236, 237, 238, 239, 240, 241, 242, 243, 244, 245, 246, 247, 248, 249, 250, 251, 252, 253, 254, 255, 256, 257, 258, 259, 260, 261, 262, 263, 264, 265, 266, 267, 268, 269, 270, 271, 272, 273, 274, 275, 276, 277, 278, 279, 280, 281, 282, 283, 284, 285, 286, 287, 288, 289, 290, 291, 292, 293, 294, 295, 296, 297, 298, 299, 300, 301, 302, 303, 304, 305, 306, 307, 308, 309, 310, 311, 312, 313, 314, 315, 316, 317, 318, 319]
                }
            }
            int[] spring_chamber_mask = [-1, -1, -1, -1, -1, -1, -1, -1, -1, -1, -1, -1, -1, -1, -1, -1, -1, -1, -1, -1, -1, -1, -1, -1, -1, -1, -1, -1, -1, -1, -1, -1, -1, -1, -1, -1, -1, -1, -1, -1, -1, -1, -1, -1, -1, -1, -1, -1, -1, -1, -1, -1, -1, -1, -1, -1, -1, -1, -1, -1, -1, -1, -1, -1, -1, -1, -1, -1, -1, -1, -1, -1, -1, -1, -1, -1, -1, -1, -1, -1, -1, -1, -1, -1, -1, -1, -1, -1, -1, -1, -1, -1, -1, -1, -1, -1, -1, -1, -1, -1, -1, -1, -1, -1, -1, -1, -1, -1, -1, -1, -1, -1, -1, -1, -1, -1, -1, -1, -1, -1, -1, -1, -1, -1, -1, -1, -1, -1, -1, -1, -1, -1, -1, -1, -1, -1, -1, -1, -1, -1, -1, -1, -1, -1, -1, -1, -1, -1, -1, -1, -1, -1, -1, -1, -1, -1, -1, -1, -1, -1, -1, -1, -1, -1, -1, -1, -1, -1, -1, -1, -1, -1, -1, -1, -1, -1, -1, -1, -1, -1, -1, -1, -1, -1, -1, 16, -1, 8, -1, -1, -1, -1, -1, -1, -1, 16, -1, -1, -1, -1, -1, -1, -1, -1, -1, 16, -1, -1, -1, -1, -1, -1, -1, 16, 24, -1, -1, -1, -1, -1, -1, 8, -1, -1, -1, -1, -1, -1, -1, -1, -1, -1, -1, -1, -1, -1, -1, -1, -1, -1, -1, 24, -1, -1, -1, -1, -1, -1, -1, -1, 8, -1, -1, -1, -1, -1, -1, -1, -1, -1, -1, -1, -1, -1, -1, -1, -1, -1, 24, -1, -1, -1, -1, -1, -1, 8, -1, -1, -1, 0, -1, -1, -1, -1, -1, 0, -1, -1, -1, -1, -1, 0, -1, -1, -1, 24, -1, 0, 16, 8, -1, -1, -1, 16, 8, 16, 8, 8, -1, -1, -1, 16, -1, -1, -1, 16, -1, 16, -1, -1, 16, -1, -1, -1, 16, 16, -1, -1, -1, 16, 24, -1, -1, 16, 24, 16, 24, -1, -1, -1, 8, -1, -1, -1, 8, 8, -1, -1, -1, -1, -1, -1, -1, -1, -1, -1, -1, -1, -1, 24, -1, -1, 24, 24, -1, 8, -1, -1, -1, 8, 8, -1, -1, -1, -1, -1, -1, -1, -1, -1, -1, -1, -1, -1, -1, -1, 24, -1, -1, 24, 24, -1, -1, -1, 8, 0, -1, 0, 8, 0, 0, -1, -1, 0, -1, 0, 0, -1, -1, 0, -1, 0, 0, 24, -1, 0, 24, 0, 0, 16, -1, -1, 8, -1, 8, 16, -1, 16, -1, 8, 8, -1, 16, -1, -1, -1, 16, 16, -1, -1, -1, 16, -1, -1, -1, 16, -1, 16, -1, -1, 16, 24, -1, -1, 16, 16, 24, 24, -1, 8, -1, -1, -1, 8, 8, -1, -1, -1, -1, -1, -1, -1, -1, -1, -1, -1, -1, -1, -1, -1, 24, -1, -1, 24, 24, -1, -1, -1, 8, -1, -1, -1, 8, 8, -1, -1, -1, -1, -1, -1, -1, -1, -1, -1, -1, -1, -1, 24, -1, -1, 24, 24, -1, 8, -1, -1, 0, 8, 0, -1, 0, 0, -1, -1, 0, -1, 0, 0, -1, -1, 0, -1, 0, 0, 24, -1, 0, 24, 0, 0, -1, -1, -1, -1, -1, -1, -1, -1, -1, -1, -1, -1, -1, -1, -1, -1, -1, -1, -1, -1, -1, -1, -1, -1, -1, -1, -1, -1, -1, -1, -1, -1, -1, -1, -1, -1, -1, -1, -1, -1, -1, -1, -1, -1, -1, -1, -1, -1, -1, -1, -1, -1, -1, -1, -1, -1, -1, -1, -1, -1, -1, -1, -1, -1, -1, -1, -1, -1, -1, -1, -1, -1, -1, -1, -1, -1, -1, -1, -1, -1, -1, -1, -1, -1, -1, -1, -1, -1, -1, -1, -1, -1, -1, -1, -1, -1, -1, -1, -1, -1, -1, -1, -1, -1, -1, -1, -1, -1, -1, -1, -1, -1, -1, -1, -1, -1, -1, -1, -1, -1, -1, -1, -1, -1, -1, -1, -1, -1, -1, -1, -1, -1, -1, -1, -1, -1, -1, -1, -1, -1, -1, -1, -1, -1, -1, -1, -1, -1, -1, -1, -1, -1, -1, -1, -1, -1, -1, -1, -1, -1, -1, -1, -1, -1, -1, -1, -1, -1, -1, -1, -1, -1, -1, -1, -1, -1, -1, -1, -1, -1, -1, -1, -1, -1, -1, -1, -1, -1, -1, -1, -1, -1, -1, -1, -1, -1, -1, -1, -1, -1, -1, -1, -1, -1, -1, -1, -1, -1, -1, -1, -1, -1, -1, -1, -1, -1, -1, -1, -1, -1, -1, -1, -1, -1, -1, -1, -1, -1, -1, -1, -1, -1, -1, -1, -1, -1, -1, -1, -1, -1, -1, -1, -1, -1, -1, -1, -1, -1, -1, -1, -1, -1, -1, -1, -1, -1, -1, -1, -1, -1, -1, -1, -1, -1, -1, -1, -1, -1, -1, -1, -1, -1, -1, -1, -1, -1, -1, -1, -1, -1, -1, -1, -1, -1, -1, -1, -1, -1, -1, -1, -1, -1, -1, -1, -1, -1, -1, -1, -1, -1, -1, -1, -1, -1, -1, -1, -1, -1, -1, -1, -1, -1, -1, -1, -1, -1, -1, -1, -1, -1, -1, 0, -1, -1, 0, -1, 0, -1, 0, -1, 0, -1, 0, -1, 0, -1, 0, -1, 0, -1, 0, -1, 0, -1, 0, -1, 0, -1, -1, 1, -1, 1, -1, 1, -1, 1, -1, 1, -1, 1, -1, 1, -1, 1, -1, 1, -1, 1, -1, 1, -1, 1, -1, 1, -1, 2, -1, -1, 2, -1, 2, -1, 2, -1, 2, -1, 2, -1, 2, -1, 2, -1, 2, -1, 2, -1, 2, -1, 2, -1, 2, -1, -1, 3, -1, 3, -1, 3, -1, 3, -1, 3, -1, 3, -1, 3, -1, 3, -1, 3, -1, 3, -1, 3, -1, 3, -1, 3, -1, 4, -1, -1, 4, -1, 4, -1, 4, -1, 4, -1, 4, -1, 4, -1, 4, -1, 4, -1, 4, -1, 4, -1, 4, -1, 4, -1, -1, 5, -1, 5, -1, 5, -1, 5, -1, 5, -1, 5, -1, 5, -1, 5, -1, 5, -1, 5, -1, 5, -1, 5, -1, 5, -1, 6, -1, -1, 6, -1, 6, -1, 6, -1, 6, -1, 6, -1, 6, -1, 6, -1, 6, -1, 6, -1, 6, -1, 6, -1, 6, -1, -1, 7, -1, 7, -1, 7, -1, 7, -1, 7, -1, 7, -1, 7, -1, 7, -1, 7, -1, 7, -1, 7, -1, 7, -1, 7, 0, 0, 0, 0, 0, 0, 0, 0, 0, 0, 0, 0, 0, 0, 0, 0, 0, 0, 0, 0, 0, 0, 0, 0, 0, 0, 0, 1, 1, 1, 1, 1, 1, 1, 1, 1, 1, 1, 1, 1, 1, 1, 1, 1, 1, 1, 1, 1, 1, 1, 1, 1, 1, 1, 2, 2, 2, 2, 2, 2, 2, 2, 2, 2, 2, 2, 2, 2, 2, 2, 2, 2, 2, 2, 2, 2, 2, 2, 2, 2, 2, 3, 3, 3, 3, 3, 3, 3, 3, 3, 3, 3, 3, 3, 3, 3, 3, 3, 3, 3, 3, 3, 3, 3, 3, 3, 3, 3, 4, 4, 4, 4, 4, 4, 4, 4, 4, 4, 4, 4, 4, 4, 4, 4, 4, 4, 4, 4, 4, 4, 4, 4, 4, 4, 4, 5, 5, 5, 5, 5, 5, 5, 5, 5, 5, 5, 5, 5, 5, 5, 5, 5, 5, 5, 5, 5, 5, 5, 5, 5, 5, 5, 6, 6, 6, 6, 6, 6, 6, 6, 6, 6, 6, 6, 6, 6, 6, 6, 6, 6, 6, 6, 6, 6, 6, 6, 6, 6, 6, 7, 7, 7, 7, 7, 7, 7, 7, 7, 7, 7, 7, 7, 7, 7, 7, 7, 7, 7, 7, 7, 7, 7, 7, 7, 7, 7, 0, 0, 0, 0, 0, 0, 0, 0, 0, 0, 0, 0, 0, 0, 0, 0, 0, 0, 0, 0, 0, 0, 0, 0, 0, 0, 0, 1, 1, 1, 1, 1, 1, 1, 1, 1, 1, 1, 1, 1, 1, 1, 1, 1, 1, 1, 1, 1, 1, 1, 1, 1, 1, 1, 2, 2, 2, 2, 2, 2, 2, 2, 2, 2, 2, 2, 2, 2, 2, 2, 2, 2, 2, 2, 2, 2, 2, 2, 2, 2, 2, 3, 3, 3, 3, 3, 3, 3, 3, 3, 3, 3, 3, 3, 3, 3, 3, 3, 3, 3, 3, 3, 3, 3, 3, 3, 3, 3, 4, 4, 4, 4, 4, 4, 4, 4, 4, 4, 4, 4, 4, 4, 4, 4, 4, 4, 4, 4, 4, 4, 4, 4, 4, 4, 4, 5, 5, 5, 5, 5, 5, 5, 5, 5, 5, 5, 5, 5, 5, 5, 5, 5, 5, 5, 5, 5, 5, 5, 5, 5, 5, 5, 6, 6, 6, 6, 6, 6, 6, 6, 6, 6, 6, 6, 6, 6, 6, 6, 6, 6, 6, 6, 6, 6, 6, 6, 6, 6, 6, 7, 7, 7, 7, 7, 7, 7, 7, 7, 7, 7, 7, 7, 7, 7, 7, 7, 7, 7, 7, 7, 7, 7, 7, 7, 7, 7, -1, -1, -1, -1, -1, -1, -1, -1, -1, -1, -1, -1, -1, -1, -1, -1, -1, -1, -1, -1, -1, -1, -1, -1, -1, -1, -1, -1, -1, -1, -1, -1, -1, -1, -1, -1, -1, -1, -1, -1, -1, -1, -1, -1, -1, -1, -1, -1, -1, -1, -1, -1, -1, -1, -1, -1, -1, -1, -1, -1, -1, -1, -1, -1, -1, -1, -1, -1, -1, -1, -1, -1, -1, -1, -1, -1, -1, -1, -1, -1, -1, -1, -1, -1, -1, -1, -1, -1, -1, -1, -1, -1, -1, -1, -1, -1, -1, -1, -1, -1, -1, -1, -1, -1, -1, -1, -1, -1, -1, -1, -1, -1, -1, -1, -1, -1, -1, -1, -1, -1, -1, -1, -1, -1, -1, -1, -1, -1, -1, -1, -1, -1, -1, -1, -1, -1, -1, -1, -1, -1, -1, -1, -1, -1, -1, -1, -1, -1, -1, -1, -1, -1, -1, -1, -1, -1, -1, -1, -1, -1, -1, -1, -1, -1, -1, -1, -1, -1, -1, -1, -1, -1, -1, -1, -1, -1, -1, -1, -1, -1, -1, -1, -1, -1, -1, -1, -1, -1, -1, -1, -1, -1, -1, -1, -1, -1, -1, -1, -1, -1, -1, -1, -1, -1, -1, -1, -1, -1, -1, -1, -1, -1, -1, -1, -1, -1, -1, -1, -1, -1, -1, -1, -1, -1, -1, -1, -1, -1, -1, -1, -1, -1, -1, -1, -1, -1, -1, -1, -1, -1, -1, -1, -1, -1, -1, -1, -1, -1, -1, -1, -1, -1, -1, -1, -1, -1, -1, -1, -1, -1, -1, -1, -1, -1, -1, -1, -1, -1, -1, -1, -1, -1, -1, -1, -1, -1, -1, -1, -1, -1, -1, -1, -1, -1, -1, -1, -1, -1, -1, -1, -1, -1, -1, -1, -1, -1, -1, -1, -1, -1, -1, -1, -1, -1, -1, -1, -1, -1, -1, -1, -1, -1, -1, -1, -1, -1, -1, -1, -1, -1, -1, -1, -1, -1, -1, -1, -1, -1, -1, -1, -1, -1, -1, -1, -1, -1, -1, -1, -1, -1, -1, -1, -1, -1, -1, -1, -1, -1, -1, -1, -1, -1, -1, -1, -1, -1, -1, -1, -1, -1, -1, -1, -1, -1, -1, -1, -1, -1, -1, -1, -1, -1, -1, -1, -1, -1, -1, -1, -1, -1, -1, -1, -1, -1, -1, -1, -1, -1, -1, -1, -1, -1, -1, -1, -1, -1, -1, -1, -1, -1, -1, -1, -1, -1, -1, -1, -1, -1, -1, -1, -1, -1, -1, -1, -1, -1, -1, -1, -1, -1, -1, -1, -1, -1, -1, -1, -1, -1, -1, -1, -1, -1, -1, -1, -1, -1, -1, -1, -1, -1, -1, -1, -1, -1, -1, -1, -1, -1, -1, -1, -1, -1, -1, -1, -1, -1, -1, -1, -1, -1, -1, -1, -1, -1, -1, -1, -1, -1, -1, -1, -1, -1, -1, -1, -1, -1, -1, -1, -1, -1, -1, -1, -1, -1, -1, -1, -1, -1, -1, -1, -1, -1, -1, -1, -1, -1, -1, -1, -1, -1, -1, -1, -1, -1, -1, -1, -1, -1, -1, -1, -1, -1, -1, -1, -1, -1, -1, -1, -1, -1, -1, -1, -1, -1, -1, -1, -1, -1, -1, -1, -1, -1, -1, -1, -1, -1, -1, -1, -1, -1, -1, -1, -1, -1, -1, -1, -1, -1, -1, -1, -1, -1, -1, -1, -1, -1, -1, -1, -1, -1, -1, -1, -1, -1, -1, -1, -1, -1, -1, -1, -1, -1, -1, -1, -1, -1, -1, -1, -1, -1, -1, -1, -1, -1, -1, -1, -1, -1, -1, 8, -1, -1, 8, -1, 8, -1, 8, -1, 8, -1, 8, -1, 8, -1, 8, -1, 8, -1, 8, -1, 8, -1, 8, -1, 8, -1, -1, 9, -1, 9, -1, 9, -1, 9, -1, 9, -1, 9, -1, 9, -1, 9, -1, 9, -1, 9, -1, 9, -1, 9, -1, 9, -1, 10, -1, -1, 10, -1, 10, -1, 10, -1, 10, -1, 10, -1, 10, -1, 10, -1, 10, -1, 10, -1, 10, -1, 10, -1, 10, -1, -1, 11, -1, 11, -1, 11, -1, 11, -1, 11, -1, 11, -1, 11, -1, 11, -1, 11, -1, 11, -1, 11, -1, 11, -1, 11, -1, 12, -1, -1, 12, -1, 12, -1, 12, -1, 12, -1, 12, -1, 12, -1, 12, -1, 12, -1, 12, -1, 12, -1, 12, -1, 12, -1, -1, 13, -1, 13, -1, 13, -1, 13, -1, 13, -1, 13, -1, 13, -1, 13, -1, 13, -1, 13, -1, 13, -1, 13, -1, 13, -1, 14, -1, -1, 14, -1, 14, -1, 14, -1, 14, -1, 14, -1, 14, -1, 14, -1, 14, -1, 14, -1, 14, -1, 14, -1, 14, -1, -1, 15, -1, 15, -1, 15, -1, 15, -1, 15, -1, 15, -1, 15, -1, 15, -1, 15, -1, 15, -1, 15, -1, 15, -1, 15, 8, 8, 8, 8, 8, 8, 8, 8, 8, 8, 8, 8, 8, 8, 8, 8, 8, 8, 8, 8, 8, 8, 8, 8, 8, 8, 8, 9, 9, 9, 9, 9, 9, 9, 9, 9, 9, 9, 9, 9, 9, 9, 9, 9, 9, 9, 9, 9, 9, 9, 9, 9, 9, 9, 10, 10, 10, 10, 10, 10, 10, 10, 10, 10, 10, 10, 10, 10, 10, 10, 10, 10, 10, 10, 10, 10, 10, 10, 10, 10, 10, 11, 11, 11, 11, 11, 11, 11, 11, 11, 11, 11, 11, 11, 11, 11, 11, 11, 11, 11, 11, 11, 11, 11, 11, 11, 11, 11, 12, 12, 12, 12, 12, 12, 12, 12, 12, 12, 12, 12, 12, 12, 12, 12, 12, 12, 12, 12, 12, 12, 12, 12, 12, 12, 12, 13, 13, 13, 13, 13, 13, 13, 13, 13, 13, 13, 13, 13, 13, 13, 13, 13, 13, 13, 13, 13, 13, 13, 13, 13, 13, 13, 14, 14, 14, 14, 14, 14, 14, 14, 14, 14, 14, 14, 14, 14, 14, 14, 14, 14, 14, 14, 14, 14, 14, 14, 14, 14, 14, 15, 15, 15, 15, 15, 15, 15, 15, 15, 15, 15, 15, 15, 15, 15, 15, 15, 15, 15, 15, 15, 15, 15, 15, 15, 15, 15, 8, 8, 8, 8, 8, 8, 8, 8, 8, 8, 8, 8, 8, 8, 8, 8, 8, 8, 8, 8, 8, 8, 8, 8, 8, 8, 8, 9, 9, 9, 9, 9, 9, 9, 9, 9, 9, 9, 9, 9, 9, 9, 9, 9, 9, 9, 9, 9, 9, 9, 9, 9, 9, 9, 10, 10, 10, 10, 10, 10, 10, 10, 10, 10, 10, 10, 10, 10, 10, 10, 10, 10, 10, 10, 10, 10, 10, 10, 10, 10, 10, 11, 11, 11, 11, 11, 11, 11, 11, 11, 11, 11, 11, 11, 11, 11, 11, 11, 11, 11, 11, 11, 11, 11, 11, 11, 11, 11, 12, 12, 12, 12, 12, 12, 12, 12, 12, 12, 12, 12, 12, 12, 12, 12, 12, 12, 12, 12, 12, 12, 12, 12, 12, 12, 12, 13, 13, 13, 13, 13, 13, 13, 13, 13, 13, 13, 13, 13, 13, 13, 13, 13, 13, 13, 13, 13, 13, 13, 13, 13, 13, 13, 14, 14, 14, 14, 14, 14, 14, 14, 14, 14, 14, 14, 14, 14, 14, 14, 14, 14, 14, 14, 14, 14, 14, 14, 14, 14, 14, 15, 15, 15, 15, 15, 15, 15, 15, 15, 15, 15, 15, 15, 15, 15, 15, 15, 15, 15, 15, 15, 15, 15, 15, 15, 15, 15, -1, -1, -1, -1, -1, -1, -1, -1, -1, -1, -1, -1, -1, -1, -1, -1, -1, -1, -1, -1, -1, -1, -1, -1, -1, -1, -1, -1, -1, -1, -1, -1, -1, -1, -1, -1, -1, -1, -1, -1, -1, -1, -1, -1, -1, -1, -1, -1, -1, -1, -1, -1, -1, -1, -1, -1, -1, -1, -1, -1, -1, -1, -1, -1, -1, -1, -1, -1, -1, -1, -1, -1, -1, -1, -1, -1, -1, -1, -1, -1, -1, -1, -1, -1, -1, -1, -1, -1, -1, -1, -1, -1, -1, -1, -1, -1, -1, -1, -1, -1, -1, -1, -1, -1, -1, -1, -1, -1, -1, -1, -1, -1, -1, -1, -1, -1, -1, -1, -1, -1, -1, -1, -1, -1, -1, -1, -1, -1, -1, -1, -1, -1, -1, -1, -1, -1, -1, -1, -1, -1, -1, -1, -1, -1, -1, -1, -1, -1, -1, -1, -1, -1, -1, -1, -1, -1, -1, -1, -1, -1, -1, -1, -1, -1, -1, -1, -1, -1, -1, -1, -1, -1, -1, -1, -1, -1, -1, -1, -1, -1, -1, -1, -1, -1, -1, -1, -1, -1, -1, -1, -1, -1, -1, -1, -1, -1, -1, -1, -1, -1, -1, -1, -1, -1, -1, -1, -1, -1, -1, -1, -1, -1, -1, -1, -1, -1, -1, -1, -1, -1, -1, -1, -1, -1, -1, -1, -1, -1, -1, -1, -1, -1, -1, -1, -1, -1, -1, -1, -1, -1, -1, -1, -1, -1, -1, -1, -1, -1, -1, -1, -1, -1, -1, -1, -1, -1, -1, -1, -1, -1, -1, -1, -1, -1, -1, -1, -1, -1, -1, -1, -1, -1, -1, -1, -1, -1, -1, -1, -1, -1, -1, -1, -1, -1, -1, -1, -1, -1, -1, -1, -1, -1, -1, -1, -1, -1, -1, -1, -1, -1, -1, -1, -1, -1, -1, -1, -1, -1, -1, -1, -1, -1, -1, -1, -1, -1, -1, -1, -1, -1, -1, -1, -1, -1, -1, -1, -1, -1, -1, -1, -1, -1, -1, -1, -1, -1, -1, -1, -1, -1, -1, -1, -1, -1, -1, -1, -1, -1, -1, -1, -1, -1, -1, -1, -1, -1, -1, -1, -1, -1, -1, -1, -1, -1, -1, -1, -1, -1, -1, -1, -1, -1, -1, -1, -1, -1, -1, -1, -1, -1, -1, -1, -1, -1, -1, -1, -1, -1, -1, -1, -1, -1, -1, -1, -1, -1, -1, -1, -1, -1, -1, -1, -1, -1, -1, -1, -1, -1, -1, -1, -1, -1, -1, -1, -1, -1, -1, -1, -1, -1, -1, -1, -1, -1, -1, -1, -1, -1, -1, -1, -1, -1, -1, -1, -1, -1, -1, -1, -1, -1, -1, -1, -1, -1, -1, -1, -1, -1, -1, -1, -1, -1, -1, -1, -1, -1, -1, -1, -1, -1, -1, -1, -1, -1, -1, -1, -1, -1, -1, -1, -1, -1, -1, -1, -1, -1, -1, -1, -1, -1, -1, -1, -1, -1, -1, -1, -1, -1, -1, -1, -1, -1, -1, -1, -1, -1, -1, -1, -1, -1, -1, -1, -1, -1, -1, -1, -1, -1, -1, -1, -1, -1, -1, -1, -1, -1, -1, -1, -1, -1, -1, -1, -1, -1, -1, -1, -1, -1, -1, -1, -1, -1, -1, -1, -1, -1, -1, -1, -1, -1, -1, -1, -1, -1, -1, -1, -1, -1, -1, -1, -1, -1, -1, -1, -1, -1, -1, -1, -1, -1, -1, -1, -1, -1, -1, -1, -1, -1, -1, -1, -1, -1, -1, -1, -1, -1, -1, -1, -1, -1, -1, -1, -1, -1, -1, -1, -1, -1, -1, 16, -1, -1, 16, -1, 16, -1, 16, -1, 16, -1, 16, -1, 16, -1, 16, -1, 16, -1, 16, -1, 16, -1, 16, -1, 16, -1, -1, 17, -1, 17, -1, 17, -1, 17, -1, 17, -1, 17, -1, 17, -1, 17, -1, 17, -1, 17, -1, 17, -1, 17, -1, 17, -1, 18, -1, -1, 18, -1, 18, -1, 18, -1, 18, -1, 18, -1, 18, -1, 18, -1, 18, -1, 18, -1, 18, -1, 18, -1, 18, -1, -1, 19, -1, 19, -1, 19, -1, 19, -1, 19, -1, 19, -1, 19, -1, 19, -1, 19, -1, 19, -1, 19, -1, 19, -1, 19, -1, 20, -1, -1, 20, -1, 20, -1, 20, -1, 20, -1, 20, -1, 20, -1, 20, -1, 20, -1, 20, -1, 20, -1, 20, -1, 20, -1, -1, 21, -1, 21, -1, 21, -1, 21, -1, 21, -1, 21, -1, 21, -1, 21, -1, 21, -1, 21, -1, 21, -1, 21, -1, 21, -1, 22, -1, -1, 22, -1, 22, -1, 22, -1, 22, -1, 22, -1, 22, -1, 22, -1, 22, -1, 22, -1, 22, -1, 22, -1, 22, -1, -1, 23, -1, 23, -1, 23, -1, 23, -1, 23, -1, 23, -1, 23, -1, 23, -1, 23, -1, 23, -1, 23, -1, 23, -1, 23, 16, 16, 16, 16, 16, 16, 16, 16, 16, 16, 16, 16, 16, 16, 16, 16, 16, 16, 16, 16, 16, 16, 16, 16, 16, 16, 16, 17, 17, 17, 17, 17, 17, 17, 17, 17, 17, 17, 17, 17, 17, 17, 17, 17, 17, 17, 17, 17, 17, 17, 17, 17, 17, 17, 18, 18, 18, 18, 18, 18, 18, 18, 18, 18, 18, 18, 18, 18, 18, 18, 18, 18, 18, 18, 18, 18, 18, 18, 18, 18, 18, 19, 19, 19, 19, 19, 19, 19, 19, 19, 19, 19, 19, 19, 19, 19, 19, 19, 19, 19, 19, 19, 19, 19, 19, 19, 19, 19, 20, 20, 20, 20, 20, 20, 20, 20, 20, 20, 20, 20, 20, 20, 20, 20, 20, 20, 20, 20, 20, 20, 20, 20, 20, 20, 20, 21, 21, 21, 21, 21, 21, 21, 21, 21, 21, 21, 21, 21, 21, 21, 21, 21, 21, 21, 21, 21, 21, 21, 21, 21, 21, 21, 22, 22, 22, 22, 22, 22, 22, 22, 22, 22, 22, 22, 22, 22, 22, 22, 22, 22, 22, 22, 22, 22, 22, 22, 22, 22, 22, 23, 23, 23, 23, 23, 23, 23, 23, 23, 23, 23, 23, 23, 23, 23, 23, 23, 23, 23, 23, 23, 23, 23, 23, 23, 23, 23, 16, 16, 16, 16, 16, 16, 16, 16, 16, 16, 16, 16, 16, 16, 16, 16, 16, 16, 16, 16, 16, 16, 16, 16, 16, 16, 16, 17, 17, 17, 17, 17, 17, 17, 17, 17, 17, 17, 17, 17, 17, 17, 17, 17, 17, 17, 17, 17, 17, 17, 17, 17, 17, 17, 18, 18, 18, 18, 18, 18, 18, 18, 18, 18, 18, 18, 18, 18, 18, 18, 18, 18, 18, 18, 18, 18, 18, 18, 18, 18, 18, 19, 19, 19, 19, 19, 19, 19, 19, 19, 19, 19, 19, 19, 19, 19, 19, 19, 19, 19, 19, 19, 19, 19, 19, 19, 19, 19, 20, 20, 20, 20, 20, 20, 20, 20, 20, 20, 20, 20, 20, 20, 20, 20, 20, 20, 20, 20, 20, 20, 20, 20, 20, 20, 20, 21, 21, 21, 21, 21, 21, 21, 21, 21, 21, 21, 21, 21, 21, 21, 21, 21, 21, 21, 21, 21, 21, 21, 21, 21, 21, 21, 22, 22, 22, 22, 22, 22, 22, 22, 22, 22, 22, 22, 22, 22, 22, 22, 22, 22, 22, 22, 22, 22, 22, 22, 22, 22, 22, 23, 23, 23, 23, 23, 23, 23, 23, 23, 23, 23, 23, 23, 23, 23, 23, 23, 23, 23, 23, 23, 23, 23, 23, 23, 23, 23, -1, -1, -1, -1, -1, -1, -1, -1, -1, -1, -1, -1, -1, -1, -1, -1, -1, -1, -1, -1, -1, -1, -1, -1, -1, -1, -1, -1, -1, -1, -1, -1, -1, -1, -1, -1, -1, -1, -1, -1, -1, -1, -1, -1, -1, -1, -1, -1, -1, -1, -1, -1, -1, -1, -1, -1, -1, -1, -1, -1, -1, -1, -1, -1, -1, -1, -1, -1, -1, -1, -1, -1, -1, -1, -1, -1, -1, -1, -1, -1, -1, -1, -1, -1, -1, -1, -1, -1, -1, -1, -1, -1, -1, -1, -1, -1, -1, -1, -1, -1, -1, -1, -1, -1, -1, -1, -1, -1, -1, -1, -1, -1, -1, -1, -1, -1, -1, -1, -1, -1, -1, -1, -1, -1, -1, -1, -1, -1, -1, -1, -1, -1, -1, -1, -1, -1, -1, -1, -1, -1, -1, -1, -1, -1, -1, -1, -1, -1, -1, -1, -1, -1, -1, -1, -1, -1, -1, -1, -1, -1, -1, -1, -1, -1, -1, -1, -1, -1, -1, -1, -1, -1, -1, -1, -1, -1, -1, -1, -1, -1, -1, -1, -1, -1, -1, -1, -1, -1, -1, -1, -1, -1, -1, -1, -1, -1, -1, -1, -1, -1, -1, -1, -1, -1, -1, -1, -1, -1, -1, -1, -1, -1, -1, -1, -1, -1, -1, -1, -1, -1, -1, -1, -1, -1, -1, -1, -1, -1, -1, -1, -1, -1, -1, -1, -1, -1, -1, -1, -1, -1, -1, -1, -1, -1, -1, -1, -1, -1, -1, -1, -1, -1, -1, -1, -1, -1, -1, -1, -1, -1, -1, -1, -1, -1, -1, -1, -1, -1, -1, -1, -1, -1, -1, -1, -1, -1, -1, -1, -1, -1, -1, -1, -1, -1, -1, -1, -1, -1, -1, -1, -1, -1, -1, -1, -1, -1, -1, -1, -1, -1, -1, -1, -1, -1, -1, -1, -1, -1, -1, -1, -1, -1, -1, -1, -1, -1, -1, -1, -1, -1, -1, -1, -1, -1, -1, -1, -1, -1, -1, -1, -1, -1, -1, -1, -1, -1, -1, -1, -1, -1, -1, -1, -1, -1, -1, -1, -1, -1, -1, -1, -1, -1, -1, -1, -1, -1, -1, -1, -1, -1, -1, -1, -1, -1, -1, -1, -1, -1, -1, -1, -1, -1, -1, -1, -1, -1, -1, -1, -1, -1, -1, -1, -1, -1, -1, -1, -1, -1, -1, -1, -1, -1, -1, -1, -1, -1, -1, -1, -1, -1, -1, -1, -1, -1, -1, -1, -1, -1, -1, -1, -1, -1, -1, -1, -1, -1, -1, -1, -1, -1, -1, -1, -1, -1, -1, -1, -1, -1, -1, -1, -1, -1, -1, -1, -1, -1, -1, -1, -1, -1, -1, -1, -1, -1, -1, -1, -1, -1, -1, -1, -1, -1, -1, -1, -1, -1, -1, -1, -1, -1, -1, -1, -1, -1, -1, -1, -1, -1, -1, -1, -1, -1, -1, -1, -1, -1, -1, -1, -1, -1, -1, -1, -1, -1, -1, -1, -1, -1, -1, -1, -1, -1, -1, -1, -1, -1, -1, -1, -1, -1, -1, -1, -1, -1, -1, -1, -1, -1, -1, -1, -1, -1, -1, -1, -1, -1, -1, -1, -1, -1, -1, -1, -1, -1, -1, -1, -1, -1, -1, -1, -1, -1, -1, -1, -1, -1, -1, -1, -1, -1, -1, -1, -1, -1, -1, -1, -1, -1, -1, -1, -1, -1, -1, -1, -1, -1, -1, -1, -1, -1, -1, -1, -1, -1, -1, -1, -1, -1, -1, -1, -1, -1, -1, -1, -1, -1, -1, -1, -1, -1, -1, -1, -1, -1, -1, -1, -1, -1, -1, 24, -1, -1, 24, -1, 24, -1, 24, -1, 24, -1, 24, -1, 24, -1, 24, -1, 24, -1, 24, -1, 24, -1, 24, -1, 24, -1, -1, 25, -1, 25, -1, 25, -1, 25, -1, 25, -1, 25, -1, 25, -1, 25, -1, 25, -1, 25, -1, 25, -1, 25, -1, 25, -1, 26, -1, -1, 26, -1, 26, -1, 26, -1, 26, -1, 26, -1, 26, -1, 26, -1, 26, -1, 26, -1, 26, -1, 26, -1, 26, -1, -1, 27, -1, 27, -1, 27, -1, 27, -1, 27, -1, 27, -1, 27, -1, 27, -1, 27, -1, 27, -1, 27, -1, 27, -1, 27, -1, 28, -1, -1, 28, -1, 28, -1, 28, -1, 28, -1, 28, -1, 28, -1, 28, -1, 28, -1, 28, -1, 28, -1, 28, -1, 28, -1, -1, 29, -1, 29, -1, 29, -1, 29, -1, 29, -1, 29, -1, 29, -1, 29, -1, 29, -1, 29, -1, 29, -1, 29, -1, 29, -1, 30, -1, -1, 30, -1, 30, -1, 30, -1, 30, -1, 30, -1, 30, -1, 30, -1, 30, -1, 30, -1, 30, -1, 30, -1, 30, -1, -1, 31, -1, 31, -1, 31, -1, 31, -1, 31, -1, 31, -1, 31, -1, 31, -1, 31, -1, 31, -1, 31, -1, 31, -1, 31, 24, 24, 24, 24, 24, 24, 24, 24, 24, 24, 24, 24, 24, 24, 24, 24, 24, 24, 24, 24, 24, 24, 24, 24, 24, 24, 24, 25, 25, 25, 25, 25, 25, 25, 25, 25, 25, 25, 25, 25, 25, 25, 25, 25, 25, 25, 25, 25, 25, 25, 25, 25, 25, 25, 26, 26, 26, 26, 26, 26, 26, 26, 26, 26, 26, 26, 26, 26, 26, 26, 26, 26, 26, 26, 26, 26, 26, 26, 26, 26, 26, 27, 27, 27, 27, 27, 27, 27, 27, 27, 27, 27, 27, 27, 27, 27, 27, 27, 27, 27, 27, 27, 27, 27, 27, 27, 27, 27, 28, 28, 28, 28, 28, 28, 28, 28, 28, 28, 28, 28, 28, 28, 28, 28, 28, 28, 28, 28, 28, 28, 28, 28, 28, 28, 28, 29, 29, 29, 29, 29, 29, 29, 29, 29, 29, 29, 29, 29, 29, 29, 29, 29, 29, 29, 29, 29, 29, 29, 29, 29, 29, 29, 30, 30, 30, 30, 30, 30, 30, 30, 30, 30, 30, 30, 30, 30, 30, 30, 30, 30, 30, 30, 30, 30, 30, 30, 30, 30, 30, 31, 31, 31, 31, 31, 31, 31, 31, 31, 31, 31, 31, 31, 31, 31, 31, 31, 31, 31, 31, 31, 31, 31, 31, 31, 31, 31, 24, 24, 24, 24, 24, 24, 24, 24, 24, 24, 24, 24, 24, 24, 24, 24, 24, 24, 24, 24, 24, 24, 24, 24, 24, 24, 24, 25, 25, 25, 25, 25, 25, 25, 25, 25, 25, 25, 25, 25, 25, 25, 25, 25, 25, 25, 25, 25, 25, 25, 25, 25, 25, 25, 26, 26, 26, 26, 26, 26, 26, 26, 26, 26, 26, 26, 26, 26, 26, 26, 26, 26, 26, 26, 26, 26, 26, 26, 26, 26, 26, 27, 27, 27, 27, 27, 27, 27, 27, 27, 27, 27, 27, 27, 27, 27, 27, 27, 27, 27, 27, 27, 27, 27, 27, 27, 27, 27, 28, 28, 28, 28, 28, 28, 28, 28, 28, 28, 28, 28, 28, 28, 28, 28, 28, 28, 28, 28, 28, 28, 28, 28, 28, 28, 28, 29, 29, 29, 29, 29, 29, 29, 29, 29, 29, 29, 29, 29, 29, 29, 29, 29, 29, 29, 29, 29, 29, 29, 29, 29, 29, 29, 30, 30, 30, 30, 30, 30, 30, 30, 30, 30, 30, 30, 30, 30, 30, 30, 30, 30, 30, 30, 30, 30, 30, 30, 30, 30, 30, 31, 31, 31, 31, 31, 31, 31, 31, 31, 31, 31, 31, 31, 31, 31, 31, 31, 31, 31, 31, 31, 31, 31, 31, 31, 31, 31, -1, -1, -1, -1, -1, -1, -1, -1, -1, -1, -1, -1, -1, -1, -1, -1, -1, -1, -1, -1, -1, -1, -1, -1, -1, -1, -1, -1, -1, -1, -1, -1, -1, -1, -1, -1, -1, -1, -1, -1, -1, -1, -1, -1, -1, -1, -1, -1, -1, -1, -1, -1, -1, -1, -1, -1, -1, -1, -1, -1, -1, -1, -1, -1, -1, -1, -1, -1, -1, -1, -1, -1, -1, -1, -1, -1, -1, -1, -1, -1, -1, -1, -1, -1, -1, -1, -1, -1, -1, -1, -1, -1, -1, -1, -1, -1, -1, -1, -1, -1, -1, -1, -1, -1, -1, -1, -1, -1, -1, -1, -1, -1, -1, -1, -1, -1, -1, -1, -1, -1, -1, -1, -1, -1, -1, -1, -1, -1, -1, -1, -1, -1, -1, -1, -1, -1, -1, -1, -1, -1, -1, -1, -1, -1, -1, -1, -1, -1, -1, -1, -1, -1, -1, -1, -1, -1, -1, -1, -1, -1, -1, -1, -1, -1, -1, -1, -1, -1, -1, -1, -1, -1, -1, -1, -1, -1, -1, -1, -1, -1, -1, -1, -1, -1, -1, -1, -1, -1, -1, -1, -1, -1, -1, -1, -1, -1, -1, -1, -1, -1, -1, -1, -1, -1, -1, -1, -1, -1, -1, -1, -1, -1, -1, -1, -1, -1, -1, -1, -1, -1, -1, -1, -1, -1, -1, -1, -1, -1, -1, -1, -1, -1, -1, -1, -1, -1, -1, -1, -1, -1, -1, -1, -1, -1, -1, -1, -1, -1, -1, -1, -1, -1, -1, -1, -1, -1, -1, -1, -1, -1, -1, -1, -1, -1, -1, -1, -1, -1]
            int spring_count = 5484
            int[] spring_indices = [0, 26, 0, 6, 0, 30, 6, 26, 26, 30, 6, 30, 0, 1, 1, 6, 1, 26, 0, 25, 25, 26, 25, 30, 0, 5, 5, 30, 5, 6, 26, 31, 6, 31, 30, 31, 2, 26, 2, 32, 2, 6, 26, 32, 6, 32, 1, 2, 2, 27, 27, 32, 26, 27, 2, 7, 6, 7, 7, 32, 31, 32, 2, 28, 2, 8, 8, 28, 28, 32, 8, 32, 2, 3, 3, 8, 3, 28, 27, 28, 7, 8, 28, 33, 8, 33, 32, 33, 4, 28, 4, 34, 4, 8, 28, 34, 8, 34, 3, 4, 4, 29, 29, 34, 28, 29, 4, 9, 8, 9, 9, 34, 33, 34, 6, 36, 6, 10, 30, 36, 10, 30, 10, 36, 5, 10, 31, 36, 6, 11, 10, 11, 11, 36, 30, 35, 10, 35, 35, 36, 6, 12, 12, 32, 32, 36, 12, 36, 7, 12, 11, 12, 32, 37, 12, 37, 36, 37, 8, 38, 8, 12, 32, 38, 12, 38, 33, 38, 8, 13, 12, 13, 13, 38, 37, 38, 8, 14, 14, 34, 34, 38, 14, 38, 9, 14, 13, 14, 34, 39, 14, 39, 38, 39, 10, 16, 10, 40, 16, 36, 36, 40, 16, 40, 11, 16, 35, 40, 10, 15, 15, 40, 15, 16, 36, 41, 16, 41, 40, 41, 12, 42, 12, 16, 36, 42, 16, 42, 37, 42, 12, 17, 16, 17, 17, 42, 41, 42, 12, 18, 18, 38, 38, 42, 18, 42, 13, 18, 17, 18, 38, 43, 18, 43, 42, 43, 14, 44, 14, 18, 38, 44, 18, 44, 39, 44, 14, 19, 18, 19, 19, 44, 43, 44, 16, 46, 16, 20, 40, 46, 20, 40, 20, 46, 15, 20, 41, 46, 16, 21, 20, 21, 21, 46, 40, 45, 20, 45, 45, 46, 16, 22, 22, 42, 42, 46, 22, 46, 17, 22, 21, 22, 42, 47, 22, 47, 46, 47, 18, 48, 18, 22, 42, 48, 22, 48, 43, 48, 18, 23, 22, 23, 23, 48, 47, 48, 18, 24, 24, 44, 44, 48, 24, 48, 19, 24, 23, 24, 44, 49, 24, 49, 48, 49, 26, 50, 26, 56, 50, 56, 30, 50, 30, 56, 25, 50, 26, 51, 51, 56, 50, 51, 31, 56, 50, 55, 30, 55, 55, 56, 26, 52, 32, 52, 52, 56, 32, 56, 27, 52, 51, 52, 52, 57, 32, 57, 56, 57, 28, 52, 28, 58, 52, 58, 32, 58, 28, 53, 53, 58, 52, 53, 33, 58, 57, 58, 28, 54, 34, 54, 54, 58, 34, 58, 29, 54, 53, 54, 54, 59, 34, 59, 58, 59, 30, 60, 36, 56, 56, 60, 36, 60, 55, 60, 35, 60, 56, 61, 36, 61, 60, 61, 32, 62, 56, 62, 36, 62, 57, 62, 37, 62, 61, 62, 38, 58, 58, 62, 38, 62, 58, 63, 38, 63, 62, 63, 34, 64, 58, 64, 38, 64, 59, 64, 39, 64, 63, 64, 36, 66, 60, 66, 40, 60, 40, 66, 61, 66, 41, 66, 60, 65, 40, 65, 65, 66, 42, 62, 62, 66, 42, 66, 62, 67, 42, 67, 66, 67, 38, 68, 62, 68, 42, 68, 63, 68, 43, 68, 67, 68, 44, 64, 64, 68, 44, 68, 64, 69, 44, 69, 68, 69, 40, 70, 46, 66, 66, 70, 46, 70, 65, 70, 45, 70, 66, 71, 46, 71, 70, 71, 42, 72, 66, 72, 46, 72, 67, 72, 47, 72, 71, 72, 48, 68, 68, 72, 48, 72, 68, 73, 48, 73, 72, 73, 44, 74, 68, 74, 48, 74, 69, 74, 49, 74, 73, 74, 50, 76, 50, 80, 56, 76, 76, 80, 56, 80, 51, 76, 50, 75, 75, 76, 75, 80, 55, 80, 76, 81, 56, 81, 80, 81, 52, 76, 52, 82, 76, 82, 56, 82, 52, 77, 77, 82, 76, 77, 57, 82, 81, 82, 52, 78, 58, 78, 78, 82, 58, 82, 53, 78, 77, 78, 78, 83, 58, 83, 82, 83, 54, 78, 54, 84, 78, 84, 58, 84, 54, 79, 79, 84, 78, 79, 59, 84, 83, 84, 56, 86, 80, 86, 60, 80, 60, 86, 81, 86, 61, 86, 80, 85, 60, 85, 85, 86, 62, 82, 82, 86, 62, 86, 82, 87, 62, 87, 86, 87, 58, 88, 82, 88, 62, 88, 83, 88, 63, 88, 87, 88, 64, 84, 84, 88, 64, 88, 84, 89, 64, 89, 88, 89, 60, 90, 66, 86, 86, 90, 66, 90, 85, 90, 65, 90, 86, 91, 66, 91, 90, 91, 62, 92, 86, 92, 66, 92, 87, 92, 67, 92, 91, 92, 68, 88, 88, 92, 68, 92, 88, 93, 68, 93, 92, 93, 64, 94, 88, 94, 68, 94, 89, 94, 69, 94, 93, 94, 66, 96, 90, 96, 70, 90, 70, 96, 91, 96, 71, 96, 90, 95, 70, 95, 95, 96, 72, 92, 92, 96, 72, 96, 92, 97, 72, 97, 96, 97, 68, 98, 92, 98, 72, 98, 93, 98, 73, 98, 97, 98, 74, 94, 94, 98, 74, 98, 94, 99, 74, 99, 98, 99, 76, 100, 76, 106, 100, 106, 80, 100, 80, 106, 75, 100, 76, 101, 101, 106, 100, 101, 81, 106, 100, 105, 80, 105, 105, 106, 76, 102, 82, 102, 102, 106, 82, 106, 77, 102, 101, 102, 102, 107, 82, 107, 106, 107, 78, 102, 78, 108, 102, 108, 82, 108, 78, 103, 103, 108, 102, 103, 83, 108, 107, 108, 78, 104, 84, 104, 104, 108, 84, 108, 79, 104, 103, 104, 104, 109, 84, 109, 108, 109, 80, 110, 86, 106, 106, 110, 86, 110, 105, 110, 85, 110, 106, 111, 86, 111, 110, 111, 82, 112, 106, 112, 86, 112, 107, 112, 87, 112, 111, 112, 88, 108, 108, 112, 88, 112, 108, 113, 88, 113, 112, 113, 84, 114, 108, 114, 88, 114, 109, 114, 89, 114, 113, 114, 86, 116, 110, 116, 90, 110, 90, 116, 111, 116, 91, 116, 110, 115, 90, 115, 115, 116, 92, 112, 112, 116, 92, 116, 112, 117, 92, 117, 116, 117, 88, 118, 112, 118, 92, 118, 113, 118, 93, 118, 117, 118, 94, 114, 114, 118, 94, 118, 114, 119, 94, 119, 118, 119, 90, 120, 96, 116, 116, 120, 96, 120, 115, 120, 95, 120, 116, 121, 96, 121, 120, 121, 92, 122, 116, 122, 96, 122, 117, 122, 97, 122, 121, 122, 98, 118, 118, 122, 98, 122, 118, 123, 98, 123, 122, 123, 94, 124, 118, 124, 98, 124, 119, 124, 99, 124, 123, 124, 20, 126, 20, 165, 46, 126, 46, 165, 126, 165, 21, 126, 45, 165, 20, 125, 125, 165, 125, 126, 46, 166, 126, 166, 165, 166, 22, 167, 22, 126, 46, 167, 126, 167, 47, 167, 22, 127, 126, 127, 127, 167, 166, 167, 22, 128, 48, 128, 48, 167, 128, 167, 23, 128, 127, 128, 48, 168, 128, 168, 167, 168, 24, 169, 24, 128, 48, 169, 128, 169, 49, 169, 24, 129, 128, 129, 129, 169, 168, 169, 126, 171, 126, 130, 165, 171, 130, 165, 130, 171, 125, 130, 166, 171, 126, 131, 130, 131, 131, 171, 165, 170, 130, 170, 170, 171, 126, 132, 132, 167, 167, 171, 132, 171, 127, 132, 131, 132, 167, 172, 132, 172, 171, 172, 128, 173, 128, 132, 167, 173, 132, 173, 168, 173, 128, 133, 132, 133, 133, 173, 172, 173, 128, 134, 134, 169, 169, 173, 134, 173, 129, 134, 133, 134, 169, 174, 134, 174, 173, 174, 130, 136, 130, 175, 136, 171, 171, 175, 136, 175, 131, 136, 170, 175, 130, 135, 135, 175, 135, 136, 171, 176, 136, 176, 175, 176, 132, 177, 132, 136, 171, 177, 136, 177, 172, 177, 132, 137, 136, 137, 137, 177, 176, 177, 132, 138, 138, 173, 173, 177, 138, 177, 133, 138, 137, 138, 173, 178, 138, 178, 177, 178, 134, 179, 134, 138, 173, 179, 138, 179, 174, 179, 134, 139, 138, 139, 139, 179, 178, 179, 136, 181, 136, 140, 175, 181, 140, 175, 140, 181, 135, 140, 176, 181, 136, 141, 140, 141, 141, 181, 175, 180, 140, 180, 180, 181, 136, 142, 142, 177, 177, 181, 142, 181, 137, 142, 141, 142, 177, 182, 142, 182, 181, 182, 138, 183, 138, 142, 177, 183, 142, 183, 178, 183, 138, 143, 142, 143, 143, 183, 182, 183, 138, 144, 144, 179, 179, 183, 144, 183, 139, 144, 143, 144, 179, 184, 144, 184, 183, 184, 140, 146, 140, 185, 146, 181, 181, 185, 146, 185, 141, 146, 180, 185, 140, 145, 145, 185, 145, 146, 181, 186, 146, 186, 185, 186, 142, 187, 142, 146, 181, 187, 146, 187, 182, 187, 142, 147, 146, 147, 147, 187, 186, 187, 142, 148, 148, 183, 183, 187, 148, 187, 143, 148, 147, 148, 183, 188, 148, 188, 187, 188, 144, 189, 144, 148, 183, 189, 148, 189, 184, 189, 144, 149, 148, 149, 149, 189, 188, 189, 146, 191, 146, 150, 185, 191, 150, 185, 150, 191, 145, 150, 186, 191, 146, 151, 150, 151, 151, 191, 185, 190, 150, 190, 190, 191, 146, 152, 152, 187, 187, 191, 152, 191, 147, 152, 151, 152, 187, 192, 152, 192, 191, 192, 148, 193, 148, 152, 187, 193, 152, 193, 188, 193, 148, 153, 152, 153, 153, 193, 192, 193, 148, 154, 154, 189, 189, 193, 154, 193, 149, 154, 153, 154, 189, 194, 154, 194, 193, 194, 150, 156, 150, 195, 156, 191, 191, 195, 156, 195, 151, 156, 190, 195, 150, 155, 155, 195, 155, 156, 191, 196, 156, 196, 195, 196, 152, 197, 152, 156, 191, 197, 156, 197, 192, 197, 152, 157, 156, 157, 157, 197, 196, 197, 152, 158, 158, 193, 193, 197, 158, 197, 153, 158, 157, 158, 193, 198, 158, 198, 197, 198, 154, 199, 154, 158, 193, 199, 158, 199, 194, 199, 154, 159, 158, 159, 159, 199, 198, 199, 156, 201, 156, 160, 195, 201, 160, 195, 160, 201, 155, 160, 196, 201, 156, 161, 160, 161, 161, 201, 195, 200, 160, 200, 200, 201, 156, 162, 162, 197, 197, 201, 162, 201, 157, 162, 161, 162, 197, 202, 162, 202, 201, 202, 158, 203, 158, 162, 197, 203, 162, 203, 198, 203, 158, 163, 162, 163, 163, 203, 202, 203, 158, 164, 164, 199, 199, 203, 164, 203, 159, 164, 163, 164, 199, 204, 164, 204, 203, 204, 46, 206, 70, 206, 70, 165, 165, 206, 71, 206, 166, 206, 70, 205, 165, 205, 205, 206, 72, 167, 72, 206, 167, 206, 72, 207, 167, 207, 206, 207, 48, 208, 72, 208, 167, 208, 73, 208, 168, 208, 207, 208, 74, 169, 74, 208, 169, 208, 74, 209, 169, 209, 208, 209, 165, 210, 171, 206, 206, 210, 171, 210, 205, 210, 170, 210, 206, 211, 171, 211, 210, 211, 167, 212, 206, 212, 171, 212, 207, 212, 172, 212, 211, 212, 173, 208, 208, 212, 173, 212, 208, 213, 173, 213, 212, 213, 169, 214, 208, 214, 173, 214, 209, 214, 174, 214, 213, 214, 171, 216, 210, 216, 175, 210, 175, 216, 211, 216, 176, 216, 210, 215, 175, 215, 215, 216, 177, 212, 212, 216, 177, 216, 212, 217, 177, 217, 216, 217, 173, 218, 212, 218, 177, 218, 213, 218, 178, 218, 217, 218, 179, 214, 214, 218, 179, 218, 214, 219, 179, 219, 218, 219, 175, 220, 181, 216, 216, 220, 181, 220, 215, 220, 180, 220, 216, 221, 181, 221, 220, 221, 177, 222, 216, 222, 181, 222, 217, 222, 182, 222, 221, 222, 183, 218, 218, 222, 183, 222, 218, 223, 183, 223, 222, 223, 179, 224, 218, 224, 183, 224, 219, 224, 184, 224, 223, 224, 181, 226, 220, 226, 185, 220, 185, 226, 221, 226, 186, 226, 220, 225, 185, 225, 225, 226, 187, 222, 222, 226, 187, 226, 222, 227, 187, 227, 226, 227, 183, 228, 222, 228, 187, 228, 223, 228, 188, 228, 227, 228, 189, 224, 224, 228, 189, 228, 224, 229, 189, 229, 228, 229, 185, 230, 191, 226, 226, 230, 191, 230, 225, 230, 190, 230, 226, 231, 191, 231, 230, 231, 187, 232, 226, 232, 191, 232, 227, 232, 192, 232, 231, 232, 193, 228, 228, 232, 193, 232, 228, 233, 193, 233, 232, 233, 189, 234, 228, 234, 193, 234, 229, 234, 194, 234, 233, 234, 191, 236, 230, 236, 195, 230, 195, 236, 231, 236, 196, 236, 230, 235, 195, 235, 235, 236, 197, 232, 232, 236, 197, 236, 232, 237, 197, 237, 236, 237, 193, 238, 232, 238, 197, 238, 233, 238, 198, 238, 237, 238, 199, 234, 234, 238, 199, 238, 234, 239, 199, 239, 238, 239, 195, 240, 201, 236, 236, 240, 201, 240, 235, 240, 200, 240, 236, 241, 201, 241, 240, 241, 197, 242, 236, 242, 201, 242, 237, 242, 202, 242, 241, 242, 203, 238, 238, 242, 203, 242, 238, 243, 203, 243, 242, 243, 199, 244, 238, 244, 203, 244, 239, 244, 204, 244, 243, 244, 70, 245, 96, 206, 96, 245, 206, 245, 95, 245, 205, 245, 96, 246, 206, 246, 245, 246, 72, 247, 96, 247, 206, 247, 97, 247, 207, 247, 246, 247, 98, 208, 98, 247, 208, 247, 98, 248, 208, 248, 247, 248, 74, 249, 98, 249, 208, 249, 99, 249, 209, 249, 248, 249, 206, 251, 245, 251, 210, 245, 210, 251, 246, 251, 211, 251, 245, 250, 210, 250, 250, 251, 212, 247, 247, 251, 212, 251, 247, 252, 212, 252, 251, 252, 208, 253, 247, 253, 212, 253, 248, 253, 213, 253, 252, 253, 214, 249, 249, 253, 214, 253, 249, 254, 214, 254, 253, 254, 210, 255, 216, 251, 251, 255, 216, 255, 250, 255, 215, 255, 251, 256, 216, 256, 255, 256, 212, 257, 251, 257, 216, 257, 252, 257, 217, 257, 256, 257, 218, 253, 253, 257, 218, 257, 253, 258, 218, 258, 257, 258, 214, 259, 253, 259, 218, 259, 254, 259, 219, 259, 258, 259, 216, 261, 255, 261, 220, 255, 220, 261, 256, 261, 221, 261, 255, 260, 220, 260, 260, 261, 222, 257, 257, 261, 222, 261, 257, 262, 222, 262, 261, 262, 218, 263, 257, 263, 222, 263, 258, 263, 223, 263, 262, 263, 224, 259, 259, 263, 224, 263, 259, 264, 224, 264, 263, 264, 220, 265, 226, 261, 261, 265, 226, 265, 260, 265, 225, 265, 261, 266, 226, 266, 265, 266, 222, 267, 261, 267, 226, 267, 262, 267, 227, 267, 266, 267, 228, 263, 263, 267, 228, 267, 263, 268, 228, 268, 267, 268, 224, 269, 263, 269, 228, 269, 264, 269, 229, 269, 268, 269, 226, 271, 265, 271, 230, 265, 230, 271, 266, 271, 231, 271, 265, 270, 230, 270, 270, 271, 232, 267, 267, 271, 232, 271, 267, 272, 232, 272, 271, 272, 228, 273, 267, 273, 232, 273, 268, 273, 233, 273, 272, 273, 234, 269, 269, 273, 234, 273, 269, 274, 234, 274, 273, 274, 230, 275, 236, 271, 271, 275, 236, 275, 270, 275, 235, 275, 271, 276, 236, 276, 275, 276, 232, 277, 271, 277, 236, 277, 272, 277, 237, 277, 276, 277, 238, 273, 273, 277, 238, 277, 273, 278, 238, 278, 277, 278, 234, 279, 273, 279, 238, 279, 274, 279, 239, 279, 278, 279, 236, 281, 275, 281, 240, 275, 240, 281, 276, 281, 241, 281, 275, 280, 240, 280, 280, 281, 242, 277, 277, 281, 242, 281, 277, 282, 242, 282, 281, 282, 238, 283, 277, 283, 242, 283, 278, 283, 243, 283, 282, 283, 244, 279, 279, 283, 244, 283, 279, 284, 244, 284, 283, 284, 96, 286, 120, 286, 120, 245, 245, 286, 121, 286, 246, 286, 120, 285, 245, 285, 285, 286, 122, 247, 122, 286, 247, 286, 122, 287, 247, 287, 286, 287, 98, 288, 122, 288, 247, 288, 123, 288, 248, 288, 287, 288, 124, 249, 124, 288, 249, 288, 124, 289, 249, 289, 288, 289, 245, 290, 251, 286, 286, 290, 251, 290, 285, 290, 250, 290, 286, 291, 251, 291, 290, 291, 247, 292, 286, 292, 251, 292, 287, 292, 252, 292, 291, 292, 253, 288, 288, 292, 253, 292, 288, 293, 253, 293, 292, 293, 249, 294, 288, 294, 253, 294, 289, 294, 254, 294, 293, 294, 251, 296, 290, 296, 255, 290, 255, 296, 291, 296, 256, 296, 290, 295, 255, 295, 295, 296, 257, 292, 292, 296, 257, 296, 292, 297, 257, 297, 296, 297, 253, 298, 292, 298, 257, 298, 293, 298, 258, 298, 297, 298, 259, 294, 294, 298, 259, 298, 294, 299, 259, 299, 298, 299, 255, 300, 261, 296, 296, 300, 261, 300, 295, 300, 260, 300, 296, 301, 261, 301, 300, 301, 257, 302, 296, 302, 261, 302, 297, 302, 262, 302, 301, 302, 263, 298, 298, 302, 263, 302, 298, 303, 263, 303, 302, 303, 259, 304, 298, 304, 263, 304, 299, 304, 264, 304, 303, 304, 261, 306, 300, 306, 265, 300, 265, 306, 301, 306, 266, 306, 300, 305, 265, 305, 305, 306, 267, 302, 302, 306, 267, 306, 302, 307, 267, 307, 306, 307, 263, 308, 302, 308, 267, 308, 303, 308, 268, 308, 307, 308, 269, 304, 304, 308, 269, 308, 304, 309, 269, 309, 308, 309, 265, 310, 271, 306, 306, 310, 271, 310, 305, 310, 270, 310, 306, 311, 271, 311, 310, 311, 267, 312, 306, 312, 271, 312, 307, 312, 272, 312, 311, 312, 273, 308, 308, 312, 273, 312, 308, 313, 273, 313, 312, 313, 269, 314, 308, 314, 273, 314, 309, 314, 274, 314, 313, 314, 271, 316, 310, 316, 275, 310, 275, 316, 311, 316, 276, 316, 310, 315, 275, 315, 315, 316, 277, 312, 312, 316, 277, 316, 312, 317, 277, 317, 316, 317, 273, 318, 312, 318, 277, 318, 313, 318, 278, 318, 317, 318, 279, 314, 314, 318, 279, 318, 314, 319, 279, 319, 318, 319, 275, 320, 281, 316, 316, 320, 281, 320, 315, 320, 280, 320, 316, 321, 281, 321, 320, 321, 277, 322, 316, 322, 281, 322, 317, 322, 282, 322, 321, 322, 283, 318, 318, 322, 283, 322, 318, 323, 283, 323, 322, 323, 279, 324, 318, 324, 283, 324, 319, 324, 284, 324, 323, 324, 162, 325, 203, 325, 202, 325, 163, 325, 203, 326, 325, 326, 202, 326, 325, 328, 202, 328, 162, 328, 326, 328, 325, 327, 162, 327, 327, 328, 162, 329, 328, 329, 202, 329, 327, 329, 328, 330, 329, 330, 202, 330, 329, 332, 202, 332, 162, 332, 330, 332, 329, 331, 162, 331, 331, 332, 162, 333, 332, 333, 202, 333, 331, 333, 332, 334, 333, 334, 202, 334, 201, 333, 201, 334, 161, 333, 164, 336, 164, 325, 203, 336, 325, 336, 204, 336, 164, 335, 325, 335, 335, 336, 326, 336, 325, 337, 336, 337, 328, 336, 328, 337, 335, 337, 327, 337, 336, 338, 337, 338, 328, 338, 337, 340, 329, 337, 328, 340, 329, 340, 338, 340, 337, 339, 329, 339, 339, 340, 330, 340, 329, 341, 340, 341, 332, 340, 332, 341, 339, 341, 331, 341, 340, 342, 341, 342, 332, 342, 341, 344, 333, 341, 332, 344, 333, 344, 342, 344, 341, 343, 333, 343, 343, 344, 334, 344, 160, 333, 160, 344, 201, 344, 160, 343, 200, 344, 203, 345, 242, 345, 202, 345, 243, 345, 326, 345, 328, 345, 242, 328, 345, 346, 328, 346, 242, 346, 328, 347, 242, 347, 202, 347, 346, 347, 330, 347, 332, 347, 242, 332, 347, 348, 332, 348, 242, 348, 332, 349, 242, 349, 202, 349, 348, 349, 334, 349, 201, 349, 241, 349, 244, 336, 244, 345, 336, 345, 244, 350, 336, 350, 345, 350, 336, 351, 345, 351, 328, 351, 350, 351, 338, 351, 346, 351, 340, 351, 347, 351, 340, 347, 351, 352, 340, 352, 347, 352, 340, 353, 347, 353, 332, 353, 352, 353, 342, 353, 348, 353, 344, 353, 349, 353, 344, 349, 353, 354, 344, 354, 349, 354, 240, 344, 240, 349, 240, 354, 283, 345, 282, 345, 283, 355, 345, 355, 282, 355, 345, 356, 282, 356, 242, 356, 355, 356, 346, 356, 347, 356, 282, 347, 356, 357, 347, 357, 282, 357, 347, 358, 282, 358, 242, 358, 357, 358, 348, 358, 349, 358, 282, 349, 358, 359, 349, 359, 282, 359, 281, 349, 281, 359, 244, 360, 283, 360, 345, 360, 284, 360, 350, 360, 355, 360, 351, 360, 356, 360, 351, 356, 360, 361, 351, 361, 356, 361, 351, 362, 356, 362, 347, 362, 361, 362, 352, 362, 357, 362, 353, 362, 358, 362, 353, 358, 362, 363, 353, 363, 358, 363, 353, 364, 358, 364, 349, 364, 363, 364, 354, 364, 359, 364, 240, 364, 281, 364, 280, 364, 283, 365, 322, 365, 282, 365, 323, 365, 355, 365, 356, 365, 322, 356, 365, 366, 356, 366, 322, 366, 356, 367, 322, 367, 282, 367, 366, 367, 357, 367, 358, 367, 322, 358, 367, 368, 358, 368, 322, 368, 358, 369, 322, 369, 282, 369, 368, 369, 359, 369, 281, 369, 321, 369, 324, 360, 324, 365, 360, 365, 324, 370, 360, 370, 365, 370, 360, 371, 365, 371, 356, 371, 370, 371, 361, 371, 366, 371, 362, 371, 367, 371, 362, 367, 371, 372, 362, 372, 367, 372, 362, 373, 367, 373, 358, 373, 372, 373, 363, 373, 368, 373, 364, 373, 369, 373, 364, 369, 373, 374, 364, 374, 369, 374, 320, 364, 320, 369, 320, 374, 0, 376, 0, 415, 30, 376, 30, 415, 376, 415, 5, 376, 25, 415, 0, 375, 375, 415, 375, 376, 30, 416, 376, 416, 415, 416, 10, 417, 10, 376, 30, 417, 376, 417, 35, 417, 10, 377, 376, 377, 377, 417, 416, 417, 10, 378, 40, 378, 40, 417, 378, 417, 15, 378, 377, 378, 40, 418, 378, 418, 417, 418, 20, 419, 20, 378, 40, 419, 378, 419, 45, 419, 20, 379, 378, 379, 379, 419, 418, 419, 376, 421, 376, 380, 415, 421, 380, 415, 380, 421, 375, 380, 416, 421, 376, 381, 380, 381, 381, 421, 415, 420, 380, 420, 420, 421, 376, 382, 382, 417, 417, 421, 382, 421, 377, 382, 381, 382, 417, 422, 382, 422, 421, 422, 378, 423, 378, 382, 417, 423, 382, 423, 418, 423, 378, 383, 382, 383, 383, 423, 422, 423, 378, 384, 384, 419, 419, 423, 384, 423, 379, 384, 383, 384, 419, 424, 384, 424, 423, 424, 380, 386, 380, 425, 386, 421, 421, 425, 386, 425, 381, 386, 420, 425, 380, 385, 385, 425, 385, 386, 421, 426, 386, 426, 425, 426, 382, 427, 382, 386, 421, 427, 386, 427, 422, 427, 382, 387, 386, 387, 387, 427, 426, 427, 382, 388, 388, 423, 423, 427, 388, 427, 383, 388, 387, 388, 423, 428, 388, 428, 427, 428, 384, 429, 384, 388, 423, 429, 388, 429, 424, 429, 384, 389, 388, 389, 389, 429, 428, 429, 386, 431, 386, 390, 425, 431, 390, 425, 390, 431, 385, 390, 426, 431, 386, 391, 390, 391, 391, 431, 425, 430, 390, 430, 430, 431, 386, 392, 392, 427, 427, 431, 392, 431, 387, 392, 391, 392, 427, 432, 392, 432, 431, 432, 388, 433, 388, 392, 427, 433, 392, 433, 428, 433, 388, 393, 392, 393, 393, 433, 432, 433, 388, 394, 394, 429, 429, 433, 394, 433, 389, 394, 393, 394, 429, 434, 394, 434, 433, 434, 390, 396, 390, 435, 396, 431, 431, 435, 396, 435, 391, 396, 430, 435, 390, 395, 395, 435, 395, 396, 431, 436, 396, 436, 435, 436, 392, 437, 392, 396, 431, 437, 396, 437, 432, 437, 392, 397, 396, 397, 397, 437, 436, 437, 392, 398, 398, 433, 433, 437, 398, 437, 393, 398, 397, 398, 433, 438, 398, 438, 437, 438, 394, 439, 394, 398, 433, 439, 398, 439, 434, 439, 394, 399, 398, 399, 399, 439, 438, 439, 396, 441, 396, 400, 435, 441, 400, 435, 400, 441, 395, 400, 436, 441, 396, 401, 400, 401, 401, 441, 435, 440, 400, 440, 440, 441, 396, 402, 402, 437, 437, 441, 402, 441, 397, 402, 401, 402, 437, 442, 402, 442, 441, 442, 398, 443, 398, 402, 437, 443, 402, 443, 438, 443, 398, 403, 402, 403, 403, 443, 442, 443, 398, 404, 404, 439, 439, 443, 404, 443, 399, 404, 403, 404, 439, 444, 404, 444, 443, 444, 400, 406, 400, 445, 406, 441, 441, 445, 406, 445, 401, 406, 440, 445, 400, 405, 405, 445, 405, 406, 441, 446, 406, 446, 445, 446, 402, 447, 402, 406, 441, 447, 406, 447, 442, 447, 402, 407, 406, 407, 407, 447, 446, 447, 402, 408, 408, 443, 443, 447, 408, 447, 403, 408, 407, 408, 443, 448, 408, 448, 447, 448, 404, 449, 404, 408, 443, 449, 408, 449, 444, 449, 404, 409, 408, 409, 409, 449, 448, 449, 406, 451, 406, 410, 445, 451, 410, 445, 410, 451, 405, 410, 446, 451, 406, 411, 410, 411, 411, 451, 445, 450, 410, 450, 450, 451, 406, 412, 412, 447, 447, 451, 412, 451, 407, 412, 411, 412, 447, 452, 412, 452, 451, 452, 408, 453, 408, 412, 447, 453, 412, 453, 448, 453, 408, 413, 412, 413, 413, 453, 452, 453, 408, 414, 414, 449, 449, 453, 414, 453, 409, 414, 413, 414, 449, 454, 414, 454, 453, 454, 30, 456, 50, 456, 50, 415, 415, 456, 55, 456, 416, 456, 50, 455, 415, 455, 455, 456, 60, 417, 60, 456, 417, 456, 60, 457, 417, 457, 456, 457, 40, 458, 60, 458, 417, 458, 65, 458, 418, 458, 457, 458, 70, 419, 70, 458, 419, 458, 70, 459, 419, 459, 458, 459, 415, 460, 421, 456, 456, 460, 421, 460, 455, 460, 420, 460, 456, 461, 421, 461, 460, 461, 417, 462, 456, 462, 421, 462, 457, 462, 422, 462, 461, 462, 423, 458, 458, 462, 423, 462, 458, 463, 423, 463, 462, 463, 419, 464, 458, 464, 423, 464, 459, 464, 424, 464, 463, 464, 421, 466, 460, 466, 425, 460, 425, 466, 461, 466, 426, 466, 460, 465, 425, 465, 465, 466, 427, 462, 462, 466, 427, 466, 462, 467, 427, 467, 466, 467, 423, 468, 462, 468, 427, 468, 463, 468, 428, 468, 467, 468, 429, 464, 464, 468, 429, 468, 464, 469, 429, 469, 468, 469, 425, 470, 431, 466, 466, 470, 431, 470, 465, 470, 430, 470, 466, 471, 431, 471, 470, 471, 427, 472, 466, 472, 431, 472, 467, 472, 432, 472, 471, 472, 433, 468, 468, 472, 433, 472, 468, 473, 433, 473, 472, 473, 429, 474, 468, 474, 433, 474, 469, 474, 434, 474, 473, 474, 431, 476, 470, 476, 435, 470, 435, 476, 471, 476, 436, 476, 470, 475, 435, 475, 475, 476, 437, 472, 472, 476, 437, 476, 472, 477, 437, 477, 476, 477, 433, 478, 472, 478, 437, 478, 473, 478, 438, 478, 477, 478, 439, 474, 474, 478, 439, 478, 474, 479, 439, 479, 478, 479, 435, 480, 441, 476, 476, 480, 441, 480, 475, 480, 440, 480, 476, 481, 441, 481, 480, 481, 437, 482, 476, 482, 441, 482, 477, 482, 442, 482, 481, 482, 443, 478, 478, 482, 443, 482, 478, 483, 443, 483, 482, 483, 439, 484, 478, 484, 443, 484, 479, 484, 444, 484, 483, 484, 441, 486, 480, 486, 445, 480, 445, 486, 481, 486, 446, 486, 480, 485, 445, 485, 485, 486, 447, 482, 482, 486, 447, 486, 482, 487, 447, 487, 486, 487, 443, 488, 482, 488, 447, 488, 483, 488, 448, 488, 487, 488, 449, 484, 484, 488, 449, 488, 484, 489, 449, 489, 488, 489, 445, 490, 451, 486, 486, 490, 451, 490, 485, 490, 450, 490, 486, 491, 451, 491, 490, 491, 447, 492, 486, 492, 451, 492, 487, 492, 452, 492, 491, 492, 453, 488, 488, 492, 453, 492, 488, 493, 453, 493, 492, 493, 449, 494, 488, 494, 453, 494, 489, 494, 454, 494, 493, 494, 50, 495, 80, 456, 80, 495, 456, 495, 75, 495, 455, 495, 80, 496, 456, 496, 495, 496, 60, 497, 80, 497, 456, 497, 85, 497, 457, 497, 496, 497, 90, 458, 90, 497, 458, 497, 90, 498, 458, 498, 497, 498, 70, 499, 90, 499, 458, 499, 95, 499, 459, 499, 498, 499, 456, 501, 495, 501, 460, 495, 460, 501, 496, 501, 461, 501, 495, 500, 460, 500, 500, 501, 462, 497, 497, 501, 462, 501, 497, 502, 462, 502, 501, 502, 458, 503, 497, 503, 462, 503, 498, 503, 463, 503, 502, 503, 464, 499, 499, 503, 464, 503, 499, 504, 464, 504, 503, 504, 460, 505, 466, 501, 501, 505, 466, 505, 500, 505, 465, 505, 501, 506, 466, 506, 505, 506, 462, 507, 501, 507, 466, 507, 502, 507, 467, 507, 506, 507, 468, 503, 503, 507, 468, 507, 503, 508, 468, 508, 507, 508, 464, 509, 503, 509, 468, 509, 504, 509, 469, 509, 508, 509, 466, 511, 505, 511, 470, 505, 470, 511, 506, 511, 471, 511, 505, 510, 470, 510, 510, 511, 472, 507, 507, 511, 472, 511, 507, 512, 472, 512, 511, 512, 468, 513, 507, 513, 472, 513, 508, 513, 473, 513, 512, 513, 474, 509, 509, 513, 474, 513, 509, 514, 474, 514, 513, 514, 470, 515, 476, 511, 511, 515, 476, 515, 510, 515, 475, 515, 511, 516, 476, 516, 515, 516, 472, 517, 511, 517, 476, 517, 512, 517, 477, 517, 516, 517, 478, 513, 513, 517, 478, 517, 513, 518, 478, 518, 517, 518, 474, 519, 513, 519, 478, 519, 514, 519, 479, 519, 518, 519, 476, 521, 515, 521, 480, 515, 480, 521, 516, 521, 481, 521, 515, 520, 480, 520, 520, 521, 482, 517, 517, 521, 482, 521, 517, 522, 482, 522, 521, 522, 478, 523, 517, 523, 482, 523, 518, 523, 483, 523, 522, 523, 484, 519, 519, 523, 484, 523, 519, 524, 484, 524, 523, 524, 480, 525, 486, 521, 521, 525, 486, 525, 520, 525, 485, 525, 521, 526, 486, 526, 525, 526, 482, 527, 521, 527, 486, 527, 522, 527, 487, 527, 526, 527, 488, 523, 523, 527, 488, 527, 523, 528, 488, 528, 527, 528, 484, 529, 523, 529, 488, 529, 524, 529, 489, 529, 528, 529, 486, 531, 525, 531, 490, 525, 490, 531, 526, 531, 491, 531, 525, 530, 490, 530, 530, 531, 492, 527, 527, 531, 492, 531, 527, 532, 492, 532, 531, 532, 488, 533, 527, 533, 492, 533, 528, 533, 493, 533, 532, 533, 494, 529, 529, 533, 494, 533, 529, 534, 494, 534, 533, 534, 80, 536, 100, 536, 100, 495, 495, 536, 105, 536, 496, 536, 100, 535, 495, 535, 535, 536, 110, 497, 110, 536, 497, 536, 110, 537, 497, 537, 536, 537, 90, 538, 110, 538, 497, 538, 115, 538, 498, 538, 537, 538, 120, 499, 120, 538, 499, 538, 120, 539, 499, 539, 538, 539, 495, 540, 501, 536, 536, 540, 501, 540, 535, 540, 500, 540, 536, 541, 501, 541, 540, 541, 497, 542, 536, 542, 501, 542, 537, 542, 502, 542, 541, 542, 503, 538, 538, 542, 503, 542, 538, 543, 503, 543, 542, 543, 499, 544, 538, 544, 503, 544, 539, 544, 504, 544, 543, 544, 501, 546, 540, 546, 505, 540, 505, 546, 541, 546, 506, 546, 540, 545, 505, 545, 545, 546, 507, 542, 542, 546, 507, 546, 542, 547, 507, 547, 546, 547, 503, 548, 542, 548, 507, 548, 543, 548, 508, 548, 547, 548, 509, 544, 544, 548, 509, 548, 544, 549, 509, 549, 548, 549, 505, 550, 511, 546, 546, 550, 511, 550, 545, 550, 510, 550, 546, 551, 511, 551, 550, 551, 507, 552, 546, 552, 511, 552, 547, 552, 512, 552, 551, 552, 513, 548, 548, 552, 513, 552, 548, 553, 513, 553, 552, 553, 509, 554, 548, 554, 513, 554, 549, 554, 514, 554, 553, 554, 511, 556, 550, 556, 515, 550, 515, 556, 551, 556, 516, 556, 550, 555, 515, 555, 555, 556, 517, 552, 552, 556, 517, 556, 552, 557, 517, 557, 556, 557, 513, 558, 552, 558, 517, 558, 553, 558, 518, 558, 557, 558, 519, 554, 554, 558, 519, 558, 554, 559, 519, 559, 558, 559, 515, 560, 521, 556, 556, 560, 521, 560, 555, 560, 520, 560, 556, 561, 521, 561, 560, 561, 517, 562, 556, 562, 521, 562, 557, 562, 522, 562, 561, 562, 523, 558, 558, 562, 523, 562, 558, 563, 523, 563, 562, 563, 519, 564, 558, 564, 523, 564, 559, 564, 524, 564, 563, 564, 521, 566, 560, 566, 525, 560, 525, 566, 561, 566, 526, 566, 560, 565, 525, 565, 565, 566, 527, 562, 562, 566, 527, 566, 562, 567, 527, 567, 566, 567, 523, 568, 562, 568, 527, 568, 563, 568, 528, 568, 567, 568, 529, 564, 564, 568, 529, 568, 564, 569, 529, 569, 568, 569, 525, 570, 531, 566, 566, 570, 531, 570, 565, 570, 530, 570, 566, 571, 531, 571, 570, 571, 527, 572, 566, 572, 531, 572, 567, 572, 532, 572, 571, 572, 533, 568, 568, 572, 533, 572, 568, 573, 533, 573, 572, 573, 529, 574, 568, 574, 533, 574, 569, 574, 534, 574, 573, 574, 412, 575, 453, 575, 452, 575, 413, 575, 453, 576, 575, 576, 452, 576, 575, 578, 452, 578, 412, 578, 576, 578, 575, 577, 412, 577, 577, 578, 412, 579, 578, 579, 452, 579, 577, 579, 578, 580, 579, 580, 452, 580, 579, 582, 452, 582, 412, 582, 580, 582, 579, 581, 412, 581, 581, 582, 412, 583, 582, 583, 452, 583, 581, 583, 582, 584, 583, 584, 452, 584, 451, 583, 451, 584, 411, 583, 414, 586, 414, 575, 453, 586, 575, 586, 454, 586, 414, 585, 575, 585, 585, 586, 576, 586, 575, 587, 586, 587, 578, 586, 578, 587, 585, 587, 577, 587, 586, 588, 587, 588, 578, 588, 587, 590, 579, 587, 578, 590, 579, 590, 588, 590, 587, 589, 579, 589, 589, 590, 580, 590, 579, 591, 590, 591, 582, 590, 582, 591, 589, 591, 581, 591, 590, 592, 591, 592, 582, 592, 591, 594, 583, 591, 582, 594, 583, 594, 592, 594, 591, 593, 583, 593, 593, 594, 584, 594, 410, 583, 410, 594, 451, 594, 410, 593, 450, 594, 453, 595, 492, 595, 452, 595, 493, 595, 576, 595, 578, 595, 492, 578, 595, 596, 578, 596, 492, 596, 578, 597, 492, 597, 452, 597, 596, 597, 580, 597, 582, 597, 492, 582, 597, 598, 582, 598, 492, 598, 582, 599, 492, 599, 452, 599, 598, 599, 584, 599, 451, 599, 491, 599, 494, 586, 494, 595, 586, 595, 494, 600, 586, 600, 595, 600, 586, 601, 595, 601, 578, 601, 600, 601, 588, 601, 596, 601, 590, 601, 597, 601, 590, 597, 601, 602, 590, 602, 597, 602, 590, 603, 597, 603, 582, 603, 602, 603, 592, 603, 598, 603, 594, 603, 599, 603, 594, 599, 603, 604, 594, 604, 599, 604, 490, 594, 490, 599, 490, 604, 533, 595, 532, 595, 533, 605, 595, 605, 532, 605, 595, 606, 532, 606, 492, 606, 605, 606, 596, 606, 597, 606, 532, 597, 606, 607, 597, 607, 532, 607, 597, 608, 532, 608, 492, 608, 607, 608, 598, 608, 599, 608, 532, 599, 608, 609, 599, 609, 532, 609, 531, 599, 531, 609, 494, 610, 533, 610, 595, 610, 534, 610, 600, 610, 605, 610, 601, 610, 606, 610, 601, 606, 610, 611, 601, 611, 606, 611, 601, 612, 606, 612, 597, 612, 611, 612, 602, 612, 607, 612, 603, 612, 608, 612, 603, 608, 612, 613, 603, 613, 608, 613, 603, 614, 608, 614, 599, 614, 613, 614, 604, 614, 609, 614, 490, 614, 531, 614, 530, 614, 533, 615, 572, 615, 532, 615, 573, 615, 605, 615, 606, 615, 572, 606, 615, 616, 606, 616, 572, 616, 606, 617, 572, 617, 532, 617, 616, 617, 607, 617, 608, 617, 572, 608, 617, 618, 608, 618, 572, 618, 608, 619, 572, 619, 532, 619, 618, 619, 609, 619, 531, 619, 571, 619, 574, 610, 574, 615, 610, 615, 574, 620, 610, 620, 615, 620, 610, 621, 615, 621, 606, 621, 620, 621, 611, 621, 616, 621, 612, 621, 617, 621, 612, 617, 621, 622, 612, 622, 617, 622, 612, 623, 617, 623, 608, 623, 622, 623, 613, 623, 618, 623, 614, 623, 619, 623, 614, 619, 623, 624, 614, 624, 619, 624, 570, 614, 570, 619, 570, 624, 4, 626, 4, 665, 28, 626, 28, 665, 626, 665, 3, 626, 29, 665, 4, 625, 625, 665, 625, 626, 28, 666, 626, 666, 665, 666, 2, 667, 2, 626, 28, 667, 626, 667, 27, 667, 2, 627, 626, 627, 627, 667, 666, 667, 2, 628, 26, 628, 26, 667, 628, 667, 1, 628, 627, 628, 26, 668, 628, 668, 667, 668, 0, 669, 0, 628, 26, 669, 628, 669, 25, 669, 0, 629, 628, 629, 629, 669, 668, 669, 626, 671, 626, 630, 665, 671, 630, 665, 630, 671, 625, 630, 666, 671, 626, 631, 630, 631, 631, 671, 665, 670, 630, 670, 670, 671, 626, 632, 632, 667, 667, 671, 632, 671, 627, 632, 631, 632, 667, 672, 632, 672, 671, 672, 628, 673, 628, 632, 667, 673, 632, 673, 668, 673, 628, 633, 632, 633, 633, 673, 672, 673, 628, 634, 634, 669, 669, 673, 634, 673, 629, 634, 633, 634, 669, 674, 634, 674, 673, 674, 630, 636, 630, 675, 636, 671, 671, 675, 636, 675, 631, 636, 670, 675, 630, 635, 635, 675, 635, 636, 671, 676, 636, 676, 675, 676, 632, 677, 632, 636, 671, 677, 636, 677, 672, 677, 632, 637, 636, 637, 637, 677, 676, 677, 632, 638, 638, 673, 673, 677, 638, 677, 633, 638, 637, 638, 673, 678, 638, 678, 677, 678, 634, 679, 634, 638, 673, 679, 638, 679, 674, 679, 634, 639, 638, 639, 639, 679, 678, 679, 636, 681, 636, 640, 675, 681, 640, 675, 640, 681, 635, 640, 676, 681, 636, 641, 640, 641, 641, 681, 675, 680, 640, 680, 680, 681, 636, 642, 642, 677, 677, 681, 642, 681, 637, 642, 641, 642, 677, 682, 642, 682, 681, 682, 638, 683, 638, 642, 677, 683, 642, 683, 678, 683, 638, 643, 642, 643, 643, 683, 682, 683, 638, 644, 644, 679, 679, 683, 644, 683, 639, 644, 643, 644, 679, 684, 644, 684, 683, 684, 640, 646, 640, 685, 646, 681, 681, 685, 646, 685, 641, 646, 680, 685, 640, 645, 645, 685, 645, 646, 681, 686, 646, 686, 685, 686, 642, 687, 642, 646, 681, 687, 646, 687, 682, 687, 642, 647, 646, 647, 647, 687, 686, 687, 642, 648, 648, 683, 683, 687, 648, 687, 643, 648, 647, 648, 683, 688, 648, 688, 687, 688, 644, 689, 644, 648, 683, 689, 648, 689, 684, 689, 644, 649, 648, 649, 649, 689, 688, 689, 646, 691, 646, 650, 685, 691, 650, 685, 650, 691, 645, 650, 686, 691, 646, 651, 650, 651, 651, 691, 685, 690, 650, 690, 690, 691, 646, 652, 652, 687, 687, 691, 652, 691, 647, 652, 651, 652, 687, 692, 652, 692, 691, 692, 648, 693, 648, 652, 687, 693, 652, 693, 688, 693, 648, 653, 652, 653, 653, 693, 692, 693, 648, 654, 654, 689, 689, 693, 654, 693, 649, 654, 653, 654, 689, 694, 654, 694, 693, 694, 650, 656, 650, 695, 656, 691, 691, 695, 656, 695, 651, 656, 690, 695, 650, 655, 655, 695, 655, 656, 691, 696, 656, 696, 695, 696, 652, 697, 652, 656, 691, 697, 656, 697, 692, 697, 652, 657, 656, 657, 657, 697, 696, 697, 652, 658, 658, 693, 693, 697, 658, 697, 653, 658, 657, 658, 693, 698, 658, 698, 697, 698, 654, 699, 654, 658, 693, 699, 658, 699, 694, 699, 654, 659, 658, 659, 659, 699, 698, 699, 656, 701, 656, 660, 695, 701, 660, 695, 660, 701, 655, 660, 696, 701, 656, 661, 660, 661, 661, 701, 695, 700, 660, 700, 700, 701, 656, 662, 662, 697, 697, 701, 662, 701, 657, 662, 661, 662, 697, 702, 662, 702, 701, 702, 658, 703, 658, 662, 697, 703, 662, 703, 698, 703, 658, 663, 662, 663, 663, 703, 702, 703, 658, 664, 664, 699, 699, 703, 664, 703, 659, 664, 663, 664, 699, 704, 664, 704, 703, 704, 28, 706, 54, 706, 54, 665, 665, 706, 53, 706, 666, 706, 54, 705, 665, 705, 705, 706, 52, 667, 52, 706, 667, 706, 52, 707, 667, 707, 706, 707, 26, 708, 52, 708, 667, 708, 51, 708, 668, 708, 707, 708, 50, 669, 50, 708, 669, 708, 50, 709, 669, 709, 708, 709, 665, 710, 671, 706, 706, 710, 671, 710, 705, 710, 670, 710, 706, 711, 671, 711, 710, 711, 667, 712, 706, 712, 671, 712, 707, 712, 672, 712, 711, 712, 673, 708, 708, 712, 673, 712, 708, 713, 673, 713, 712, 713, 669, 714, 708, 714, 673, 714, 709, 714, 674, 714, 713, 714, 671, 716, 710, 716, 675, 710, 675, 716, 711, 716, 676, 716, 710, 715, 675, 715, 715, 716, 677, 712, 712, 716, 677, 716, 712, 717, 677, 717, 716, 717, 673, 718, 712, 718, 677, 718, 713, 718, 678, 718, 717, 718, 679, 714, 714, 718, 679, 718, 714, 719, 679, 719, 718, 719, 675, 720, 681, 716, 716, 720, 681, 720, 715, 720, 680, 720, 716, 721, 681, 721, 720, 721, 677, 722, 716, 722, 681, 722, 717, 722, 682, 722, 721, 722, 683, 718, 718, 722, 683, 722, 718, 723, 683, 723, 722, 723, 679, 724, 718, 724, 683, 724, 719, 724, 684, 724, 723, 724, 681, 726, 720, 726, 685, 720, 685, 726, 721, 726, 686, 726, 720, 725, 685, 725, 725, 726, 687, 722, 722, 726, 687, 726, 722, 727, 687, 727, 726, 727, 683, 728, 722, 728, 687, 728, 723, 728, 688, 728, 727, 728, 689, 724, 724, 728, 689, 728, 724, 729, 689, 729, 728, 729, 685, 730, 691, 726, 726, 730, 691, 730, 725, 730, 690, 730, 726, 731, 691, 731, 730, 731, 687, 732, 726, 732, 691, 732, 727, 732, 692, 732, 731, 732, 693, 728, 728, 732, 693, 732, 728, 733, 693, 733, 732, 733, 689, 734, 728, 734, 693, 734, 729, 734, 694, 734, 733, 734, 691, 736, 730, 736, 695, 730, 695, 736, 731, 736, 696, 736, 730, 735, 695, 735, 735, 736, 697, 732, 732, 736, 697, 736, 732, 737, 697, 737, 736, 737, 693, 738, 732, 738, 697, 738, 733, 738, 698, 738, 737, 738, 699, 734, 734, 738, 699, 738, 734, 739, 699, 739, 738, 739, 695, 740, 701, 736, 736, 740, 701, 740, 735, 740, 700, 740, 736, 741, 701, 741, 740, 741, 697, 742, 736, 742, 701, 742, 737, 742, 702, 742, 741, 742, 703, 738, 738, 742, 703, 742, 738, 743, 703, 743, 742, 743, 699, 744, 738, 744, 703, 744, 739, 744, 704, 744, 743, 744, 54, 745, 78, 706, 78, 745, 706, 745, 79, 745, 705, 745, 78, 746, 706, 746, 745, 746, 52, 747, 78, 747, 706, 747, 77, 747, 707, 747, 746, 747, 76, 708, 76, 747, 708, 747, 76, 748, 708, 748, 747, 748, 50, 749, 76, 749, 708, 749, 75, 749, 709, 749, 748, 749, 706, 751, 745, 751, 710, 745, 710, 751, 746, 751, 711, 751, 745, 750, 710, 750, 750, 751, 712, 747, 747, 751, 712, 751, 747, 752, 712, 752, 751, 752, 708, 753, 747, 753, 712, 753, 748, 753, 713, 753, 752, 753, 714, 749, 749, 753, 714, 753, 749, 754, 714, 754, 753, 754, 710, 755, 716, 751, 751, 755, 716, 755, 750, 755, 715, 755, 751, 756, 716, 756, 755, 756, 712, 757, 751, 757, 716, 757, 752, 757, 717, 757, 756, 757, 718, 753, 753, 757, 718, 757, 753, 758, 718, 758, 757, 758, 714, 759, 753, 759, 718, 759, 754, 759, 719, 759, 758, 759, 716, 761, 755, 761, 720, 755, 720, 761, 756, 761, 721, 761, 755, 760, 720, 760, 760, 761, 722, 757, 757, 761, 722, 761, 757, 762, 722, 762, 761, 762, 718, 763, 757, 763, 722, 763, 758, 763, 723, 763, 762, 763, 724, 759, 759, 763, 724, 763, 759, 764, 724, 764, 763, 764, 720, 765, 726, 761, 761, 765, 726, 765, 760, 765, 725, 765, 761, 766, 726, 766, 765, 766, 722, 767, 761, 767, 726, 767, 762, 767, 727, 767, 766, 767, 728, 763, 763, 767, 728, 767, 763, 768, 728, 768, 767, 768, 724, 769, 763, 769, 728, 769, 764, 769, 729, 769, 768, 769, 726, 771, 765, 771, 730, 765, 730, 771, 766, 771, 731, 771, 765, 770, 730, 770, 770, 771, 732, 767, 767, 771, 732, 771, 767, 772, 732, 772, 771, 772, 728, 773, 767, 773, 732, 773, 768, 773, 733, 773, 772, 773, 734, 769, 769, 773, 734, 773, 769, 774, 734, 774, 773, 774, 730, 775, 736, 771, 771, 775, 736, 775, 770, 775, 735, 775, 771, 776, 736, 776, 775, 776, 732, 777, 771, 777, 736, 777, 772, 777, 737, 777, 776, 777, 738, 773, 773, 777, 738, 777, 773, 778, 738, 778, 777, 778, 734, 779, 773, 779, 738, 779, 774, 779, 739, 779, 778, 779, 736, 781, 775, 781, 740, 775, 740, 781, 776, 781, 741, 781, 775, 780, 740, 780, 780, 781, 742, 777, 777, 781, 742, 781, 777, 782, 742, 782, 781, 782, 738, 783, 777, 783, 742, 783, 778, 783, 743, 783, 782, 783, 744, 779, 779, 783, 744, 783, 779, 784, 744, 784, 783, 784, 78, 786, 104, 786, 104, 745, 745, 786, 103, 786, 746, 786, 104, 785, 745, 785, 785, 786, 102, 747, 102, 786, 747, 786, 102, 787, 747, 787, 786, 787, 76, 788, 102, 788, 747, 788, 101, 788, 748, 788, 787, 788, 100, 749, 100, 788, 749, 788, 100, 789, 749, 789, 788, 789, 745, 790, 751, 786, 786, 790, 751, 790, 785, 790, 750, 790, 786, 791, 751, 791, 790, 791, 747, 792, 786, 792, 751, 792, 787, 792, 752, 792, 791, 792, 753, 788, 788, 792, 753, 792, 788, 793, 753, 793, 792, 793, 749, 794, 788, 794, 753, 794, 789, 794, 754, 794, 793, 794, 751, 796, 790, 796, 755, 790, 755, 796, 791, 796, 756, 796, 790, 795, 755, 795, 795, 796, 757, 792, 792, 796, 757, 796, 792, 797, 757, 797, 796, 797, 753, 798, 792, 798, 757, 798, 793, 798, 758, 798, 797, 798, 759, 794, 794, 798, 759, 798, 794, 799, 759, 799, 798, 799, 755, 800, 761, 796, 796, 800, 761, 800, 795, 800, 760, 800, 796, 801, 761, 801, 800, 801, 757, 802, 796, 802, 761, 802, 797, 802, 762, 802, 801, 802, 763, 798, 798, 802, 763, 802, 798, 803, 763, 803, 802, 803, 759, 804, 798, 804, 763, 804, 799, 804, 764, 804, 803, 804, 761, 806, 800, 806, 765, 800, 765, 806, 801, 806, 766, 806, 800, 805, 765, 805, 805, 806, 767, 802, 802, 806, 767, 806, 802, 807, 767, 807, 806, 807, 763, 808, 802, 808, 767, 808, 803, 808, 768, 808, 807, 808, 769, 804, 804, 808, 769, 808, 804, 809, 769, 809, 808, 809, 765, 810, 771, 806, 806, 810, 771, 810, 805, 810, 770, 810, 806, 811, 771, 811, 810, 811, 767, 812, 806, 812, 771, 812, 807, 812, 772, 812, 811, 812, 773, 808, 808, 812, 773, 812, 808, 813, 773, 813, 812, 813, 769, 814, 808, 814, 773, 814, 809, 814, 774, 814, 813, 814, 771, 816, 810, 816, 775, 810, 775, 816, 811, 816, 776, 816, 810, 815, 775, 815, 815, 816, 777, 812, 812, 816, 777, 816, 812, 817, 777, 817, 816, 817, 773, 818, 812, 818, 777, 818, 813, 818, 778, 818, 817, 818, 779, 814, 814, 818, 779, 818, 814, 819, 779, 819, 818, 819, 775, 820, 781, 816, 816, 820, 781, 820, 815, 820, 780, 820, 816, 821, 781, 821, 820, 821, 777, 822, 816, 822, 781, 822, 817, 822, 782, 822, 821, 822, 783, 818, 818, 822, 783, 822, 818, 823, 783, 823, 822, 823, 779, 824, 818, 824, 783, 824, 819, 824, 784, 824, 823, 824, 662, 825, 703, 825, 702, 825, 663, 825, 703, 826, 825, 826, 702, 826, 825, 828, 702, 828, 662, 828, 826, 828, 825, 827, 662, 827, 827, 828, 662, 829, 828, 829, 702, 829, 827, 829, 828, 830, 829, 830, 702, 830, 829, 832, 702, 832, 662, 832, 830, 832, 829, 831, 662, 831, 831, 832, 662, 833, 832, 833, 702, 833, 831, 833, 832, 834, 833, 834, 702, 834, 701, 833, 701, 834, 661, 833, 664, 836, 664, 825, 703, 836, 825, 836, 704, 836, 664, 835, 825, 835, 835, 836, 826, 836, 825, 837, 836, 837, 828, 836, 828, 837, 835, 837, 827, 837, 836, 838, 837, 838, 828, 838, 837, 840, 829, 837, 828, 840, 829, 840, 838, 840, 837, 839, 829, 839, 839, 840, 830, 840, 829, 841, 840, 841, 832, 840, 832, 841, 839, 841, 831, 841, 840, 842, 841, 842, 832, 842, 841, 844, 833, 841, 832, 844, 833, 844, 842, 844, 841, 843, 833, 843, 843, 844, 834, 844, 660, 833, 660, 844, 701, 844, 660, 843, 700, 844, 703, 845, 742, 845, 702, 845, 743, 845, 826, 845, 828, 845, 742, 828, 845, 846, 828, 846, 742, 846, 828, 847, 742, 847, 702, 847, 846, 847, 830, 847, 832, 847, 742, 832, 847, 848, 832, 848, 742, 848, 832, 849, 742, 849, 702, 849, 848, 849, 834, 849, 701, 849, 741, 849, 744, 836, 744, 845, 836, 845, 744, 850, 836, 850, 845, 850, 836, 851, 845, 851, 828, 851, 850, 851, 838, 851, 846, 851, 840, 851, 847, 851, 840, 847, 851, 852, 840, 852, 847, 852, 840, 853, 847, 853, 832, 853, 852, 853, 842, 853, 848, 853, 844, 853, 849, 853, 844, 849, 853, 854, 844, 854, 849, 854, 740, 844, 740, 849, 740, 854, 783, 845, 782, 845, 783, 855, 845, 855, 782, 855, 845, 856, 782, 856, 742, 856, 855, 856, 846, 856, 847, 856, 782, 847, 856, 857, 847, 857, 782, 857, 847, 858, 782, 858, 742, 858, 857, 858, 848, 858, 849, 858, 782, 849, 858, 859, 849, 859, 782, 859, 781, 849, 781, 859, 744, 860, 783, 860, 845, 860, 784, 860, 850, 860, 855, 860, 851, 860, 856, 860, 851, 856, 860, 861, 851, 861, 856, 861, 851, 862, 856, 862, 847, 862, 861, 862, 852, 862, 857, 862, 853, 862, 858, 862, 853, 858, 862, 863, 853, 863, 858, 863, 853, 864, 858, 864, 849, 864, 863, 864, 854, 864, 859, 864, 740, 864, 781, 864, 780, 864, 783, 865, 822, 865, 782, 865, 823, 865, 855, 865, 856, 865, 822, 856, 865, 866, 856, 866, 822, 866, 856, 867, 822, 867, 782, 867, 866, 867, 857, 867, 858, 867, 822, 858, 867, 868, 858, 868, 822, 868, 858, 869, 822, 869, 782, 869, 868, 869, 859, 869, 781, 869, 821, 869, 824, 860, 824, 865, 860, 865, 824, 870, 860, 870, 865, 870, 860, 871, 865, 871, 856, 871, 870, 871, 861, 871, 866, 871, 862, 871, 867, 871, 862, 867, 871, 872, 862, 872, 867, 872, 862, 873, 867, 873, 858, 873, 872, 873, 863, 873, 868, 873, 864, 873, 869, 873, 864, 869, 873, 874, 864, 874, 869, 874, 820, 864, 820, 869, 820, 874, 24, 876, 24, 915, 44, 876, 44, 915, 876, 915, 19, 876, 49, 915, 24, 875, 875, 915, 875, 876, 44, 916, 876, 916, 915, 916, 14, 917, 14, 876, 44, 917, 876, 917, 39, 917, 14, 877, 876, 877, 877, 917, 916, 917, 14, 878, 34, 878, 34, 917, 878, 917, 9, 878, 877, 878, 34, 918, 878, 918, 917, 918, 4, 919, 4, 878, 34, 919, 878, 919, 29, 919, 4, 879, 878, 879, 879, 919, 918, 919, 876, 921, 876, 880, 915, 921, 880, 915, 880, 921, 875, 880, 916, 921, 876, 881, 880, 881, 881, 921, 915, 920, 880, 920, 920, 921, 876, 882, 882, 917, 917, 921, 882, 921, 877, 882, 881, 882, 917, 922, 882, 922, 921, 922, 878, 923, 878, 882, 917, 923, 882, 923, 918, 923, 878, 883, 882, 883, 883, 923, 922, 923, 878, 884, 884, 919, 919, 923, 884, 923, 879, 884, 883, 884, 919, 924, 884, 924, 923, 924, 880, 886, 880, 925, 886, 921, 921, 925, 886, 925, 881, 886, 920, 925, 880, 885, 885, 925, 885, 886, 921, 926, 886, 926, 925, 926, 882, 927, 882, 886, 921, 927, 886, 927, 922, 927, 882, 887, 886, 887, 887, 927, 926, 927, 882, 888, 888, 923, 923, 927, 888, 927, 883, 888, 887, 888, 923, 928, 888, 928, 927, 928, 884, 929, 884, 888, 923, 929, 888, 929, 924, 929, 884, 889, 888, 889, 889, 929, 928, 929, 886, 931, 886, 890, 925, 931, 890, 925, 890, 931, 885, 890, 926, 931, 886, 891, 890, 891, 891, 931, 925, 930, 890, 930, 930, 931, 886, 892, 892, 927, 927, 931, 892, 931, 887, 892, 891, 892, 927, 932, 892, 932, 931, 932, 888, 933, 888, 892, 927, 933, 892, 933, 928, 933, 888, 893, 892, 893, 893, 933, 932, 933, 888, 894, 894, 929, 929, 933, 894, 933, 889, 894, 893, 894, 929, 934, 894, 934, 933, 934, 890, 896, 890, 935, 896, 931, 931, 935, 896, 935, 891, 896, 930, 935, 890, 895, 895, 935, 895, 896, 931, 936, 896, 936, 935, 936, 892, 937, 892, 896, 931, 937, 896, 937, 932, 937, 892, 897, 896, 897, 897, 937, 936, 937, 892, 898, 898, 933, 933, 937, 898, 937, 893, 898, 897, 898, 933, 938, 898, 938, 937, 938, 894, 939, 894, 898, 933, 939, 898, 939, 934, 939, 894, 899, 898, 899, 899, 939, 938, 939, 896, 941, 896, 900, 935, 941, 900, 935, 900, 941, 895, 900, 936, 941, 896, 901, 900, 901, 901, 941, 935, 940, 900, 940, 940, 941, 896, 902, 902, 937, 937, 941, 902, 941, 897, 902, 901, 902, 937, 942, 902, 942, 941, 942, 898, 943, 898, 902, 937, 943, 902, 943, 938, 943, 898, 903, 902, 903, 903, 943, 942, 943, 898, 904, 904, 939, 939, 943, 904, 943, 899, 904, 903, 904, 939, 944, 904, 944, 943, 944, 900, 906, 900, 945, 906, 941, 941, 945, 906, 945, 901, 906, 940, 945, 900, 905, 905, 945, 905, 906, 941, 946, 906, 946, 945, 946, 902, 947, 902, 906, 941, 947, 906, 947, 942, 947, 902, 907, 906, 907, 907, 947, 946, 947, 902, 908, 908, 943, 943, 947, 908, 947, 903, 908, 907, 908, 943, 948, 908, 948, 947, 948, 904, 949, 904, 908, 943, 949, 908, 949, 944, 949, 904, 909, 908, 909, 909, 949, 948, 949, 906, 951, 906, 910, 945, 951, 910, 945, 910, 951, 905, 910, 946, 951, 906, 911, 910, 911, 911, 951, 945, 950, 910, 950, 950, 951, 906, 912, 912, 947, 947, 951, 912, 951, 907, 912, 911, 912, 947, 952, 912, 952, 951, 952, 908, 953, 908, 912, 947, 953, 912, 953, 948, 953, 908, 913, 912, 913, 913, 953, 952, 953, 908, 914, 914, 949, 949, 953, 914, 953, 909, 914, 913, 914, 949, 954, 914, 954, 953, 954, 44, 956, 74, 956, 74, 915, 915, 956, 69, 956, 916, 956, 74, 955, 915, 955, 955, 956, 64, 917, 64, 956, 917, 956, 64, 957, 917, 957, 956, 957, 34, 958, 64, 958, 917, 958, 59, 958, 918, 958, 957, 958, 54, 919, 54, 958, 919, 958, 54, 959, 919, 959, 958, 959, 915, 960, 921, 956, 956, 960, 921, 960, 955, 960, 920, 960, 956, 961, 921, 961, 960, 961, 917, 962, 956, 962, 921, 962, 957, 962, 922, 962, 961, 962, 923, 958, 958, 962, 923, 962, 958, 963, 923, 963, 962, 963, 919, 964, 958, 964, 923, 964, 959, 964, 924, 964, 963, 964, 921, 966, 960, 966, 925, 960, 925, 966, 961, 966, 926, 966, 960, 965, 925, 965, 965, 966, 927, 962, 962, 966, 927, 966, 962, 967, 927, 967, 966, 967, 923, 968, 962, 968, 927, 968, 963, 968, 928, 968, 967, 968, 929, 964, 964, 968, 929, 968, 964, 969, 929, 969, 968, 969, 925, 970, 931, 966, 966, 970, 931, 970, 965, 970, 930, 970, 966, 971, 931, 971, 970, 971, 927, 972, 966, 972, 931, 972, 967, 972, 932, 972, 971, 972, 933, 968, 968, 972, 933, 972, 968, 973, 933, 973, 972, 973, 929, 974, 968, 974, 933, 974, 969, 974, 934, 974, 973, 974, 931, 976, 970, 976, 935, 970, 935, 976, 971, 976, 936, 976, 970, 975, 935, 975, 975, 976, 937, 972, 972, 976, 937, 976, 972, 977, 937, 977, 976, 977, 933, 978, 972, 978, 937, 978, 973, 978, 938, 978, 977, 978, 939, 974, 974, 978, 939, 978, 974, 979, 939, 979, 978, 979, 935, 980, 941, 976, 976, 980, 941, 980, 975, 980, 940, 980, 976, 981, 941, 981, 980, 981, 937, 982, 976, 982, 941, 982, 977, 982, 942, 982, 981, 982, 943, 978, 978, 982, 943, 982, 978, 983, 943, 983, 982, 983, 939, 984, 978, 984, 943, 984, 979, 984, 944, 984, 983, 984, 941, 986, 980, 986, 945, 980, 945, 986, 981, 986, 946, 986, 980, 985, 945, 985, 985, 986, 947, 982, 982, 986, 947, 986, 982, 987, 947, 987, 986, 987, 943, 988, 982, 988, 947, 988, 983, 988, 948, 988, 987, 988, 949, 984, 984, 988, 949, 988, 984, 989, 949, 989, 988, 989, 945, 990, 951, 986, 986, 990, 951, 990, 985, 990, 950, 990, 986, 991, 951, 991, 990, 991, 947, 992, 986, 992, 951, 992, 987, 992, 952, 992, 991, 992, 953, 988, 988, 992, 953, 992, 988, 993, 953, 993, 992, 993, 949, 994, 988, 994, 953, 994, 989, 994, 954, 994, 993, 994, 74, 995, 94, 956, 94, 995, 956, 995, 99, 995, 955, 995, 94, 996, 956, 996, 995, 996, 64, 997, 94, 997, 956, 997, 89, 997, 957, 997, 996, 997, 84, 958, 84, 997, 958, 997, 84, 998, 958, 998, 997, 998, 54, 999, 84, 999, 958, 999, 79, 999, 959, 999, 998, 999, 956, 1001, 995, 1001, 960, 995, 960, 1001, 996, 1001, 961, 1001, 995, 1000, 960, 1000, 1000, 1001, 962, 997, 997, 1001, 962, 1001, 997, 1002, 962, 1002, 1001, 1002, 958, 1003, 997, 1003, 962, 1003, 998, 1003, 963, 1003, 1002, 1003, 964, 999, 999, 1003, 964, 1003, 999, 1004, 964, 1004, 1003, 1004, 960, 1005, 966, 1001, 1001, 1005, 966, 1005, 1000, 1005, 965, 1005, 1001, 1006, 966, 1006, 1005, 1006, 962, 1007, 1001, 1007, 966, 1007, 1002, 1007, 967, 1007, 1006, 1007, 968, 1003, 1003, 1007, 968, 1007, 1003, 1008, 968, 1008, 1007, 1008, 964, 1009, 1003, 1009, 968, 1009, 1004, 1009, 969, 1009, 1008, 1009, 966, 1011, 1005, 1011, 970, 1005, 970, 1011, 1006, 1011, 971, 1011, 1005, 1010, 970, 1010, 1010, 1011, 972, 1007, 1007, 1011, 972, 1011, 1007, 1012, 972, 1012, 1011, 1012, 968, 1013, 1007, 1013, 972, 1013, 1008, 1013, 973, 1013, 1012, 1013, 974, 1009, 1009, 1013, 974, 1013, 1009, 1014, 974, 1014, 1013, 1014, 970, 1015, 976, 1011, 1011, 1015, 976, 1015, 1010, 1015, 975, 1015, 1011, 1016, 976, 1016, 1015, 1016, 972, 1017, 1011, 1017, 976, 1017, 1012, 1017, 977, 1017, 1016, 1017, 978, 1013, 1013, 1017, 978, 1017, 1013, 1018, 978, 1018, 1017, 1018, 974, 1019, 1013, 1019, 978, 1019, 1014, 1019, 979, 1019, 1018, 1019, 976, 1021, 1015, 1021, 980, 1015, 980, 1021, 1016, 1021, 981, 1021, 1015, 1020, 980, 1020, 1020, 1021, 982, 1017, 1017, 1021, 982, 1021, 1017, 1022, 982, 1022, 1021, 1022, 978, 1023, 1017, 1023, 982, 1023, 1018, 1023, 983, 1023, 1022, 1023, 984, 1019, 1019, 1023, 984, 1023, 1019, 1024, 984, 1024, 1023, 1024, 980, 1025, 986, 1021, 1021, 1025, 986, 1025, 1020, 1025, 985, 1025, 1021, 1026, 986, 1026, 1025, 1026, 982, 1027, 1021, 1027, 986, 1027, 1022, 1027, 987, 1027, 1026, 1027, 988, 1023, 1023, 1027, 988, 1027, 1023, 1028, 988, 1028, 1027, 1028, 984, 1029, 1023, 1029, 988, 1029, 1024, 1029, 989, 1029, 1028, 1029, 986, 1031, 1025, 1031, 990, 1025, 990, 1031, 1026, 1031, 991, 1031, 1025, 1030, 990, 1030, 1030, 1031, 992, 1027, 1027, 1031, 992, 1031, 1027, 1032, 992, 1032, 1031, 1032, 988, 1033, 1027, 1033, 992, 1033, 1028, 1033, 993, 1033, 1032, 1033, 994, 1029, 1029, 1033, 994, 1033, 1029, 1034, 994, 1034, 1033, 1034, 94, 1036, 124, 1036, 124, 995, 995, 1036, 119, 1036, 996, 1036, 124, 1035, 995, 1035, 1035, 1036, 114, 997, 114, 1036, 997, 1036, 114, 1037, 997, 1037, 1036, 1037, 84, 1038, 114, 1038, 997, 1038, 109, 1038, 998, 1038, 1037, 1038, 104, 999, 104, 1038, 999, 1038, 104, 1039, 999, 1039, 1038, 1039, 995, 1040, 1001, 1036, 1036, 1040, 1001, 1040, 1035, 1040, 1000, 1040, 1036, 1041, 1001, 1041, 1040, 1041, 997, 1042, 1036, 1042, 1001, 1042, 1037, 1042, 1002, 1042, 1041, 1042, 1003, 1038, 1038, 1042, 1003, 1042, 1038, 1043, 1003, 1043, 1042, 1043, 999, 1044, 1038, 1044, 1003, 1044, 1039, 1044, 1004, 1044, 1043, 1044, 1001, 1046, 1040, 1046, 1005, 1040, 1005, 1046, 1041, 1046, 1006, 1046, 1040, 1045, 1005, 1045, 1045, 1046, 1007, 1042, 1042, 1046, 1007, 1046, 1042, 1047, 1007, 1047, 1046, 1047, 1003, 1048, 1042, 1048, 1007, 1048, 1043, 1048, 1008, 1048, 1047, 1048, 1009, 1044, 1044, 1048, 1009, 1048, 1044, 1049, 1009, 1049, 1048, 1049, 1005, 1050, 1011, 1046, 1046, 1050, 1011, 1050, 1045, 1050, 1010, 1050, 1046, 1051, 1011, 1051, 1050, 1051, 1007, 1052, 1046, 1052, 1011, 1052, 1047, 1052, 1012, 1052, 1051, 1052, 1013, 1048, 1048, 1052, 1013, 1052, 1048, 1053, 1013, 1053, 1052, 1053, 1009, 1054, 1048, 1054, 1013, 1054, 1049, 1054, 1014, 1054, 1053, 1054, 1011, 1056, 1050, 1056, 1015, 1050, 1015, 1056, 1051, 1056, 1016, 1056, 1050, 1055, 1015, 1055, 1055, 1056, 1017, 1052, 1052, 1056, 1017, 1056, 1052, 1057, 1017, 1057, 1056, 1057, 1013, 1058, 1052, 1058, 1017, 1058, 1053, 1058, 1018, 1058, 1057, 1058, 1019, 1054, 1054, 1058, 1019, 1058, 1054, 1059, 1019, 1059, 1058, 1059, 1015, 1060, 1021, 1056, 1056, 1060, 1021, 1060, 1055, 1060, 1020, 1060, 1056, 1061, 1021, 1061, 1060, 1061, 1017, 1062, 1056, 1062, 1021, 1062, 1057, 1062, 1022, 1062, 1061, 1062, 1023, 1058, 1058, 1062, 1023, 1062, 1058, 1063, 1023, 1063, 1062, 1063, 1019, 1064, 1058, 1064, 1023, 1064, 1059, 1064, 1024, 1064, 1063, 1064, 1021, 1066, 1060, 1066, 1025, 1060, 1025, 1066, 1061, 1066, 1026, 1066, 1060, 1065, 1025, 1065, 1065, 1066, 1027, 1062, 1062, 1066, 1027, 1066, 1062, 1067, 1027, 1067, 1066, 1067, 1023, 1068, 1062, 1068, 1027, 1068, 1063, 1068, 1028, 1068, 1067, 1068, 1029, 1064, 1064, 1068, 1029, 1068, 1064, 1069, 1029, 1069, 1068, 1069, 1025, 1070, 1031, 1066, 1066, 1070, 1031, 1070, 1065, 1070, 1030, 1070, 1066, 1071, 1031, 1071, 1070, 1071, 1027, 1072, 1066, 1072, 1031, 1072, 1067, 1072, 1032, 1072, 1071, 1072, 1033, 1068, 1068, 1072, 1033, 1072, 1068, 1073, 1033, 1073, 1072, 1073, 1029, 1074, 1068, 1074, 1033, 1074, 1069, 1074, 1034, 1074, 1073, 1074, 912, 1075, 953, 1075, 952, 1075, 913, 1075, 953, 1076, 1075, 1076, 952, 1076, 1075, 1078, 952, 1078, 912, 1078, 1076, 1078, 1075, 1077, 912, 1077, 1077, 1078, 912, 1079, 1078, 1079, 952, 1079, 1077, 1079, 1078, 1080, 1079, 1080, 952, 1080, 1079, 1082, 952, 1082, 912, 1082, 1080, 1082, 1079, 1081, 912, 1081, 1081, 1082, 912, 1083, 1082, 1083, 952, 1083, 1081, 1083, 1082, 1084, 1083, 1084, 952, 1084, 951, 1083, 951, 1084, 911, 1083, 914, 1086, 914, 1075, 953, 1086, 1075, 1086, 954, 1086, 914, 1085, 1075, 1085, 1085, 1086, 1076, 1086, 1075, 1087, 1086, 1087, 1078, 1086, 1078, 1087, 1085, 1087, 1077, 1087, 1086, 1088, 1087, 1088, 1078, 1088, 1087, 1090, 1079, 1087, 1078, 1090, 1079, 1090, 1088, 1090, 1087, 1089, 1079, 1089, 1089, 1090, 1080, 1090, 1079, 1091, 1090, 1091, 1082, 1090, 1082, 1091, 1089, 1091, 1081, 1091, 1090, 1092, 1091, 1092, 1082, 1092, 1091, 1094, 1083, 1091, 1082, 1094, 1083, 1094, 1092, 1094, 1091, 1093, 1083, 1093, 1093, 1094, 1084, 1094, 910, 1083, 910, 1094, 951, 1094, 910, 1093, 950, 1094, 953, 1095, 992, 1095, 952, 1095, 993, 1095, 1076, 1095, 1078, 1095, 992, 1078, 1095, 1096, 1078, 1096, 992, 1096, 1078, 1097, 992, 1097, 952, 1097, 1096, 1097, 1080, 1097, 1082, 1097, 992, 1082, 1097, 1098, 1082, 1098, 992, 1098, 1082, 1099, 992, 1099, 952, 1099, 1098, 1099, 1084, 1099, 951, 1099, 991, 1099, 994, 1086, 994, 1095, 1086, 1095, 994, 1100, 1086, 1100, 1095, 1100, 1086, 1101, 1095, 1101, 1078, 1101, 1100, 1101, 1088, 1101, 1096, 1101, 1090, 1101, 1097, 1101, 1090, 1097, 1101, 1102, 1090, 1102, 1097, 1102, 1090, 1103, 1097, 1103, 1082, 1103, 1102, 1103, 1092, 1103, 1098, 1103, 1094, 1103, 1099, 1103, 1094, 1099, 1103, 1104, 1094, 1104, 1099, 1104, 990, 1094, 990, 1099, 990, 1104, 1033, 1095, 1032, 1095, 1033, 1105, 1095, 1105, 1032, 1105, 1095, 1106, 1032, 1106, 992, 1106, 1105, 1106, 1096, 1106, 1097, 1106, 1032, 1097, 1106, 1107, 1097, 1107, 1032, 1107, 1097, 1108, 1032, 1108, 992, 1108, 1107, 1108, 1098, 1108, 1099, 1108, 1032, 1099, 1108, 1109, 1099, 1109, 1032, 1109, 1031, 1099, 1031, 1109, 994, 1110, 1033, 1110, 1095, 1110, 1034, 1110, 1100, 1110, 1105, 1110, 1101, 1110, 1106, 1110, 1101, 1106, 1110, 1111, 1101, 1111, 1106, 1111, 1101, 1112, 1106, 1112, 1097, 1112, 1111, 1112, 1102, 1112, 1107, 1112, 1103, 1112, 1108, 1112, 1103, 1108, 1112, 1113, 1103, 1113, 1108, 1113, 1103, 1114, 1108, 1114, 1099, 1114, 1113, 1114, 1104, 1114, 1109, 1114, 990, 1114, 1031, 1114, 1030, 1114, 1033, 1115, 1072, 1115, 1032, 1115, 1073, 1115, 1105, 1115, 1106, 1115, 1072, 1106, 1115, 1116, 1106, 1116, 1072, 1116, 1106, 1117, 1072, 1117, 1032, 1117, 1116, 1117, 1107, 1117, 1108, 1117, 1072, 1108, 1117, 1118, 1108, 1118, 1072, 1118, 1108, 1119, 1072, 1119, 1032, 1119, 1118, 1119, 1109, 1119, 1031, 1119, 1071, 1119, 1074, 1110, 1074, 1115, 1110, 1115, 1074, 1120, 1110, 1120, 1115, 1120, 1110, 1121, 1115, 1121, 1106, 1121, 1120, 1121, 1111, 1121, 1116, 1121, 1112, 1121, 1117, 1121, 1112, 1117, 1121, 1122, 1112, 1122, 1117, 1122, 1112, 1123, 1117, 1123, 1108, 1123, 1122, 1123, 1113, 1123, 1118, 1123, 1114, 1123, 1119, 1123, 1114, 1119, 1123, 1124, 1114, 1124, 1119, 1124, 1070, 1114, 1070, 1119, 1070, 1124]
            double[] spring_rest_direction = [0, 0, 0, 0, 0, 0, 0, 0, 0, 0, 0, 0, 0, 0, 0, 0, 0, 0, 0, 0, 0, 0, 0, 0, 0, 0, 0, 0, 0, 0, 0, 0, 0, 0, 0, 0, 0, 0, 0, 0, 0, 0, 0, 0, 0, 0, 0, 0, 0, 0, 0, 0, 0, 0, 0, 0, 0, 0, 0, 0, 0, 0, 0, 0, 0, 0, 0, 0, 0, 0, 0, 0, 0, 0, 0, 0, 0, 0, 0, 0, 0, 0, 0, 0, 0, 0, 0, 0, 0, 0, 0, 0, 0, 0, 0, 0, 0, 0, 0, 0, 0, 0, 0, 0, 0, 0, 0, 0, 0, 0, 0, 0, 0, 0, 0, 0, 0, 0, 0, 0, 0, 0, 0, 0, 0, 0, 0, 0, 0, 0, 0, 0, 0, 0, 0, 0, 0, 0, 0, 0, 0, 0, 0, 0, 0, 0, 0, 0, 0, 0, 0, 0, 0, 0, 0, 0, 0, 0, 0, 0, 0, 0, 0, 0, 0, 0, 0, 0, 0, 0, 0, 0, 0, 0, 0, 0, 0, 0, 0, 0, 0, 0, 0, 0, 0, 0, 0, 0, 0, 0, 0, 0, 0, 0, 0, 0, 0, 0, 0, 0, 0, 0, 0, 0, 0, 0, 0, 0, 0, 0, 0, 0, 0, 0, 0, 0, 0, 0, 0, 0, 0, 0, 0, 0, 0, 0, 0, 0, 0, 0, 0, 0, 0, 0, 0, 0, 0, 0, 0, 0, 0, 0, 0, 0, 0, 0, 0, 0, 0, 0, 0, 0, 0, 0, 0, 0, 0, 0, 0, 0, 0, 0, 0, 0, 0, 0, 0, 0, 0, 0, 0, 0, 0, 0, 0, 0, 0, 0, 0, 0, 0, 0, 0, 0, 0, 0, 0, 0, 0, 0, 0, 0, 0, 0, 0, 0, 0, 0, 0, 0, 0, 0, 0, 0, 0, 0, 0, 0, 0, 0, 0, 0, 0, 0, 0, 0, 0, 0, 0, 0, 0, 0, 0, 0, 0, 0, 0, 0, 0, 0, 0, 0, 0, 0, 0, 0, 0, 0, 0, 0, 0, 0, 0, 0, 0, 0, 0, 0, 0, 0, 0, 0, 0, 0, 0, 0, 0, 0, 0, 0, 0, 0, 0, 0, 0, 0, 0, 0, 0, 0, 0, 0, 0, 0, 0, 0, 0, 0, 0, 0, 0, 0, 0, 0, 0, 0, 0, 0, 0, 0, 0, 0, 0, 0, 0, 0, 0, 0, 0, 0, 0, 0, 0, 0, 0, 0, 0, 0, 0, 0, 0, 0, 0, 0, 0, 0, 0, 0, 0, 0, 0, 0, 0, 0, 0, 0, 0, 0, 0, 0, 0, 0, 0, 0, 0, 0, 0, 0, 0, 0, 0, 0, 0, 0, 0, 0, 0, 0, 0, 0, 0, 0, 0, 0, 0, 0, 0, 0, 0, 0, 0, 0, 0, 0, 0, 0, 0, 0, 0, 0, 0, 0, 0, 0, 0, 0, 0, 0, 0, 0, 0, 0, 0, 0, 0, 0, 0, 0, 0, 0, 0, 0, 0, 0, 0, 0, 0, 0, 0, 0, 0, 0, 0, 0, 0, 0, 0, 0, 0, 0, 0, 0, 0, 0, 0, 0, 0, 0, 0, 0, 0, 0, 0, 0, 0, 0, 0, 0, 0, 0, 0, 0, 0, 0, 0, 0, 0, 0, 0, 0, 0, 0, 0, 0, 0, 0, 0, 0, 0, 0, 0, 0, 0, 0, 0, 1, 0, 0, 0, 0, 0, 0, 1, 0, 0, 0, 0, 0, 0, 0, 0, 0, 0, 0, 0, 0, 0, 0, 0, 0, 0, 0, 0, 0, 0, 1, 0, 0, 0, 0, 0, 0, 0, 0, 0, 0, 0, 0, 0, 0, 0, 0, 0, 0, 0, 0, 0, 0, 0, 0, 0, 0, 0, 0, 0, 1, 0, 0, 0, 0, 0, 0, 0, 0, 0, 0, 0, 0, 0, 0, 0, 0, 0, 0, 0, 0, 0, 0, 0, 1, 0, 0, 0, 1, 0, 0, 0, 0, 0, 0, 0, 0, 0, 0, 0, 0, 0, 0, 0, 0, 0, 0, 0, 0, 1, 0, 0, 0, 0, 0, 0, 0, 0, 0, 0, 0, 0, 0, 0, 0, 0, 0, 0, 0, 0, 0, 0, 0, 0, 0, 0, 0, 0, 0, 0, 0, 0, 0, 0, 0, 0, 0, 0, 0, 0, 0, 0, 0, 0, 0, 0, 0, 0, 0, 0, 0, 0, 0, 0, 0, 0, 0, 0, 0, 1, 0, 0, 0, 0, 0, 0, 0, 0, 0, 0, 0, 0, 0, 0, 0, 0, 0, 0, 0, 0, 0, 0, 0, 0, 0, 0, 1, 0, 0, 0, 0, 0, 0, 0, 0, 0, 0, 0, 0, 0, 0, 0, 0, 0, 0, 0, 0, 0, 0, 0, 0, 0, 0, 0, 0, 0, 0, 0, 0, 0, 0, 0, 0, 0, 0, 0, 0, 0, 0, 0, 0, 0, 0, 0, 0, 0, 0, 0, 0, 0, 1, 0, 0, 0, 0, 0, 0, 0, 0, 0, 0, 0, 0, 0, 0, 0, 0, 0, 0, 0, 0, 1, 0, 0, 0, 0, 0, 0, 0, 0, 0, 0, 1, 0, 0, 0, 0, 0, 0, 0, 0, 0, 0, 0, 0, 0, 0, 0, 0, 0, 1, 0, 0, 0, 0, 0, 0, 0, 0, 0, 0, 0, 0, 0, 0, 0, 0, 0, 1, 0, 0, 0, 0, 0, 0, 0, 0, 0, 0, 0, 0, 1, 0, 0, 0, 0, 1, 0, 0, 0, 0, 0, 0, 0, 0, 0, 0, 0, 0, 0, 0, 0, 0, 0, 0, 0, 0, 0, 0, 0, 1, 0, 0, 0, 1, 0, 0, 0, 0, 0, 0, 0, 0, 0, 0, 0, 0, 0, 0, 0, 0, 0, 0, 0, 0, 0, 0, 0, 0, 0, 0, 0, 0, 0, 0, 0, 1, 0, 0, 0, 0, 0, 0, 0, 0, 0, 0, 0, 0, 0, 0, 0, 0, 0, 0, 0, 0, 0, 0, 0, 1, 0, 0, 0, 0, 0, 0, 0, 0, 0, 0, 0, 0, 0, 0, 0, 0, 0, 0, 0, 0, 0, 0, 0, 0, 0, 0, 0, 1, 0, 1, 0, 0, 0, 0, 0, 0, 0, 0, 0, 0, 0, 0, 0, 0, 0, 0, 0, 0, 0, 0, 0, 0, 0, 0, 0, 0, 0, 1, 0, 0, 0, 0, 0, 0, 0, 0, 0, 0, 0, 0, 0, 0, 0, 0, 0, 0, 0, 0, 0, 0, 0, 0, 0, 0, 0, 0, 0, 0, 0, 0, 0, 0, 0, 0, 0, 0, 0, 0, 0, 0, 0, 0, 0, 0, 0, 0, 0, 0, 0, 0, 0, 1, 0, 0, 0, 0, 0, 0, 0, 0, 0, 0, 0, 0, 0, 0, 0, 0, 0, 0, 0, 0, 1, 0, 0, 0, 0, 0, 0, 0, 0, 0, 0, 0, 0, 0, 0, 0, 0, 0, 0, 0, 0, 0, 0, 0, 0, 0, 0, 0, 0, 0, 0, 0, 0, 0, 0, 0, 0, 0, 0, 0, 0, 0, 0, 0, 0, 0, 0, 0, 0, 0, 0, 0, 0, 0, 0, 0, 0, 0, 0, 0, 1, 0, 0, 0, 0, 0, 0, 0, 0, 0, 0, 0, 0, 0, 0, 0, 0, 0, 0, 0, 0, 0, 0, 0, 0, 0, 0, 1, 0, 0, 0, 0, 1, 0, 0, 0, 0, 0, 0, 0, 0, 0, 0, 0, 0, 0, 0, 0, 0, 0, 1, 0, 0, 0, 0, 0, 0, 0, 0, 0, 0, 0, 0, 0, 0, 0, 0, 0, 1, 0, 0, 0, 0, 0, 0, 0, 0, 0, 0, 0, 0, 1, 0, 0, 0, 0, 1, 0, 0, 0, 0, 0, 0, 0, 0, 0, 0, 0, 0, 0, 0, 0, 0, 0, 0, 0, 0, 0, 0, 0, 0, 0, 0, 0, 0, 0, 0, 0, 0, 0, 0, 0, 0, 0, 0, 0, 0, 0, 0, 0, 0, 0, 0, 0, 0, 0, 0, 0, 0, 0, 0, 0, 0, 1, 0, 0, 0, 0, 0, 0, 0, 0, 0, 0, 0, 0, 0, 0, 0, 0, 0, 0, 0, 0, 0, 0, 0, 0, 0, 0, 0, 0, 0, 1, 0, 0, 0, 0, 0, 0, 0, 0, 0, 0, 0, 0, 0, 0, 0, 0, 0, 0, 0, 0, 0, 0, 0, 0, 0, 0, 0, 0, 0, 0, 0, 0, 0, 0, 0, 0, 0, 0, 0, 0, 0, 0, 0, 0, 0, 0, 0, 0, 1, 0, 0, 0, 0, 0, 0, 0, 0, 0, 0, 0, 0, 0, 0, 0, 0, 0, 0, 0, 0, 0, 0, 0, 0, 0, 0, 0, 0, 0, 0, 0, 0, 0, 0, 0, 0, 0, 0, 0, 0, 0, 0, 0, 0, 0, 0, 0, 0, 0, 0, 0, 0, 0, 0, 0, 0, 0, 0, 0, 1, 0, 0, 0, 0, 0, 0, 0, 0, 0, 0, 0, 0, 0, 0, 0, 0, 0, 0, 0, 0, 0, 0, 0, 0, 0, 0, 1, 0, 0, 0, 0, 0, 0, 0, 0, 0, 0, 0, 0, 0, 0, 0, 0, 0, 0, 0, 0, 0, 0, 0, 0, 0, 0, 0, 0, 0, 0, 0, 0, 0, 0, 0, 0, 0, 0, 0, 0, 0, 0, 0, 0, 0, 0, 0, 0, 0, 0, 0, 0, 0, 1, 0, 0, 0, 0, 0, 0, 0, 0, 0, 0, 0, 0, 0, 0, 0, 0, 0, 0, 0, 0, 0, 0, 0, 0, 0, 0, 0, 0, 0, 0, 0, 0, 0, 0, 0, 0, 0, 0, 0, 0, 0, 0, 0, 0, 0, 0, 0, 0, 0, 1, 0, 0, 0, 0, 0, 0, 0, 0, 0, 0, 0, 0, 0, 0, 0, 0, 0, 1, 0, 0, 0, 0, 0, 0, 0, 0, 0, 0, 0, 0, 0, 0, 0, 0, 0, 0, 0, 0, 0, 0, 0, 0, 0, 0, 0, 0, 0, 0, 0, 0, 0, 0, 0, 0, 0, 0, 0, 0, 0, 0, 0, 0, 0, 0, 0, 1, 0, 0, 0, 0, 0, 0, 0, 0, 0, 0, 0, 0, 0, 0, 0, 0, 0, 0, 0, 0, 0, 0, 0, 0, 0, 0, 0, 0, 0, 1, 0, 0, 0, 0, 0, 0, 0, 0, 0, 0, 0, 0, 0, 0, 0, 0, 0, 0, 0, 0, 0, 0, 0, 1, 0, 0, 0, 0, 0, 0, 0, 0, 0, 0, 0, 0, 0, 0, 0, 0, 0, 0, 0, 0, 0, 0, 0, 0, 0, 0, 0, 0, 0, 1, 0, 0, 0, 0, 0, 0, 0, 0, 0, 0, 0, 0, 0, 0, 0, 0, 0, 0, 0, 0, 0, 0, 0, 0, 0, 0, 0, 0, 0, 0, 0, 0, 1, 0, 0, 0, 0, 0, 0, 0, 0, 0, 0, 0, 0, 0, 0, 0, 0, 0, 0, 0, 0, 0, 0, 0, 0, 0, 0, 0, 0, 0, 1, 0, 0, 0, 0, 0, 0, 0, 0, 0, 0, 0, 0, 0, 0, 0, 0, 0, 0, 0, 0, 0, 0, 0, 0, 0, 0, 0, 0, 0, 1, 0, 0, 0, 0, 0, 0, 0, 0, 0, 0, 0, 0, 0, 0, 0, 0, 0, 0, 0, 0, 0, 0, 0, 1, 0, 0, 0, 0, 0, 0, 0, 0, 0, 0, 0, 0, 0, 0, 0, 0, 0, 0, 0, 0, 0, 0, 0, 0, 0, 0, 0, 0, 0, 0, 0, 0, 0, 0, 0, 0, 0, 0, 1, 0, 0, 0, 0, 0, 0, 0, 0, 0, 0, 0, 0, 0, 0, 0, 0, 0, 0, 0, 0, 0, 0, 0, 0, 0, 0, 0, 0, 0, 1, 0, 0, 0, 0, 0, 0, 0, 0, 0, 0, 0, 0, 0, 0, 0, 0, 0, 0, 0, 0, 0, 0, 0, 1, 0, 0, 0, 0, 0, 0, 0, 0, 0, 0, 0, 0, 0, 0, 0, 0, 0, 0, 0, 0, 0, 0, 0, 0, 0, 0, 0, 0, 0, 1, 0, 0, 0, 0, 0, 0, 0, 0, 0, 0, 0, 0, 0, 0, 0, 0, 0, 0, 0, 0, 0, 0, 0, 0, 0, 0, 0, 0, 0, 0, 0, 0, 1, 0, 0, 0, 0, 0, 0, 0, 0, 0, 0, 0, 0, 0, 0, 0, 0, 0, 0, 0, 0, 0, 0, 0, 0, 0, 0, 0, 0, 0, 1, 0, 0, 0, 0, 0, 0, 0, 0, 0, 0, 0, 0, 0, 0, 0, 0, 0, 0, 0, 0, 0, 0, 0, 0, 0, 0, 0, 0, 0, 1, 0, 0, 0, 0, 0, 0, 0, 0, 0, 0, 0, 0, 0, 0, 0, 0, 0, 0, 0, 0, 0, 0, 0, 1, 0, 0, 0, 0, 0, 0, 0, 0, 0, 0, 0, 0, 0, 0, 0, 0, 0, 0, 0, 0, 0, 0, 0, 0, 0, 0, 0, 0, 0, 0, 0, 0, 0, 0, 0, 0, 0, 0, 1, 0, 0, 0, 0, 0, 0, 0, 0, 0, 0, 0, 0, 0, 0, 0, 0, 0, 0, 0, 0, 0, 0, 0, 0, 0, 0, 0, 0, 0, 1, 0, 0, 0, 0, 0, 0, 0, 0, 0, 0, 0, 0, 0, 0, 0, 0, 0, 0, 0, 0, 0, 0, 0, 1, 0, 0, 0, 0, 0, 0, 0, 0, 0, 0, 0, 0, 0, 0, 0, 0, 0, 0, 0, 0, 0, 0, 0, 0, 0, 0, 0, 0, 0, 1, 0, 0, 0, 0, 0, 0, 0, 0, 0, 0, 0, 0, 0, 0, 0, 0, 0, 0, 0, 0, 0, 0, 0, 0, 0, 0, 0, 0, 0, 0, 0, 0, 1, 0, 0, 0, 0, 0, 0, 0, 0, 0, 0, 0, 0, 0, 0, 0, 0, 0, 0, 0, 0, 0, 0, 0, 0, 0, 0, 0, 0, 0, 1, 0, 0, 0, 0, 0, 0, 0, 0, 0, 0, 0, 0, 0, 0, 0, 0, 0, 0, 0, 0, 0, 0, 0, 0, 0, 0, 0, 0, 0, 1, 0, 0, 0, 0, 0, 0, 0, 0, 0, 0, 0, 0, 0, 0, 0, 0, 0, 0, 0, 0, 0, 0, 0, 1, 0, 0, 0, 0, 0, 0, 0, 0, 0, 0, 0, 0, 0, 0, 0, 0, 0, 0, 0, 0, 0, 0, 0, 0, 0, 0, 0, 0, 0, 0, 0, 0, 0, 0, 0, 0, 0, 0, 1, 0, 0, 0, 0, 0, 0, 0, 0, 0, 0, 0, 0, 0, 0, 0, 0, 0, 0, 0, 0, 0, 0, 0, 0, 0, 0, 0, 0, 0, 1, 0, 0, 0, 0, 0, 0, 0, 0, 0, 0, 0, 0, 0, 0, 0, 0, 0, 0, 0, 0, 0, 0, 0, 1, 0, 0, 0, 0, 0, 0, 0, 0, 0, 0, 0, 0, 0, 0, 0, 0, 0, 0, 0, 0, 0, 0, 0, 0, 0, 0, 0, 0, 0, 1, 0, 0, 0, 0, 0, 0, 0, 0, 0, 0, 0, 0, 0, 0, 0, 0, 0, 0, 0, 0, 0, 0, 0, 0, 0, 0, 0, 0, 0, 0, 0, 0, 1, 0, 0, 0, 0, 0, 0, 0, 0, 0, 0, 0, 0, 0, 0, 0, 0, 0, 0, 0, 0, 0, 0, 0, 0, 0, 0, 0, 0, 0, 1, 0, 0, 0, 0, 0, 0, 0, 0, 0, 0, 0, 0, 0, 0, 0, 0, 0, 0, 0, 0, 0, 0, 0, 0, 0, 0, 0, 0, 0, 1, 0, 0, 0, 0, 0, 0, 0, 0, 0, 0, 0, 0, 0, 0, 0, 0, 0, 0, 0, 0, 0, 0, 0, 1, 0, 0, 0, 0, 0, 0, 0, 0, 0, 0, 0, 0, 0, 0, 0, 0, 0, 0, 0, 0, 0, 0, 0, 0, 0, 0, 0, 0, 0, 0, 0, 0, 0, 0, 0, 1, 0, 0, 0, 0, 0, 0, 0, 0, 0, 0, 0, 0, 0, 0, 0, 0, 0, 1, 0, 0, 0, 0, 0, 0, 0, 0, 0, 0, 0, 0, 0, 0, 0, 0, 0, 1, 0, 0, 0, 0, 0, 0, 0, 0, 0, 0, 0, 0, 0, 0, 0, 0, 0, 1, 0, 0, 0, 0, 0, 0, 0, 0, 0, 0, 0, 0, 0, 0, 0, 0, 0, 0, 0, 0, 0, 0, 0, 0, 0, 0, 1, 0, 0, 0, 0, 0, 0, 0, 0, 0, 0, 0, 0, 0, 0, 0, 0, 0, 1, 0, 0, 0, 0, 0, 0, 0, 0, 0, 0, 0, 0, 0, 0, 0, 0, 0, 1, 0, 0, 0, 0, 0, 0, 0, 0, 0, 0, 0, 0, 0, 0, 0, 0, 0, 1, 0, 0, 0, 0, 0, 0, 0, 0, 0, 0, 0, 0, 0, 0, 0, 0, 0, 0, 0, 0, 0, 0, 0, 0, 0, 0, 1, 0, 0, 0, 0, 0, 0, 0, 0, 0, 0, 0, 0, 0, 0, 0, 0, 0, 1, 0, 0, 0, 0, 0, 0, 0, 0, 0, 0, 0, 0, 0, 0, 0, 0, 0, 1, 0, 0, 0, 0, 0, 0, 0, 0, 0, 0, 0, 0, 0, 0, 0, 0, 0, 1, 0, 0, 0, 0, 0, 0, 0, 0, 0, 0, 0, 0, 0, 0, 0, 0, 0, 0, 0, 0, 0, 0, 0, 0, 0, 0, 1, 0, 0, 0, 0, 0, 0, 0, 0, 0, 0, 0, 0, 0, 0, 0, 0, 0, 1, 0, 0, 0, 0, 0, 0, 0, 0, 0, 0, 0, 0, 0, 0, 0, 0, 0, 1, 0, 0, 0, 0, 0, 0, 0, 0, 0, 0, 0, 0, 0, 0, 0, 0, 0, 1, 0, 0, 0, 0, 0, 0, 0, 0, 0, 0, 0, 0, 0, 0, 0, 0, 0, 0, 0, 0, 0, 0, 0, 0, 0, 0, 1, 0, 0, 0, 0, 0, 0, 0, 0, 0, 0, 0, 0, 0, 0, 0, 0, 0, 1, 0, 0, 0, 0, 0, 0, 0, 0, 0, 0, 0, 0, 0, 0, 0, 0, 0, 1, 0, 0, 0, 0, 0, 0, 0, 0, 0, 0, 0, 0, 0, 0, 0, 0, 0, 1, 0, 0, 0, 0, 0, 0, 0, 0, 0, 0, 0, 0, 0, 0, 0, 0, 0, 0, 0, 0, 0, 0, 0, 0, 0, 0, 1, 0, 0, 0, 0, 0, 0, 0, 0, 0, 0, 0, 0, 0, 0, 0, 0, 0, 1, 0, 0, 0, 0, 0, 0, 0, 0, 0, 0, 0, 0, 0, 0, 0, 0, 0, 1, 0, 0, 0, 0, 0, 0, 0, 0, 0, 0, 0, 0, 0, 0, 0, 0, 0, 1, 0, 0, 0, 0, 0, 0, 0, 0, 0, 0, 0, 0, 0, 0, 0, 0, 0, 0, 0, 0, 0, 0, 0, 0, 0, 0, 1, 0, 0, 0, 0, 0, 0, 0, 0, 0, 0, 0, 0, 0, 0, 0, 0, 0, 1, 0, 0, 0, 0, 0, 0, 0, 0, 0, 0, 0, 0, 0, 0, 0, 0, 0, 1, 0, 0, 0, 0, 0, 0, 0, 0, 0, 0, 0, 0, 0, 0, 0, 0, 0, 1, 0, 0, 0, 0, 0, 0, 0, 0, 0, 0, 0, 0, 0, 0, 0, 0, 0, 0, 0, 0, 0, 0, 0, 0, 0, 0, 1, 0, 0, 0, 0, 0, 0, 0, 0, 0, 0, 0, 0, 0, 0, 0, 0, 0, 1, 0, 0, 0, 0, 0, 0, 0, 0, 0, 0, 0, 0, 0, 0, 0, 0, 0, 1, 0, 0, 0, 0, 0, 0, 0, 0, 0, 0, 0, 0, 0, 0, 0, 0, 0, 1, 0, 0, 0, 0, 0, 0, 0, 0, 0, 0, 0, 0, 0, 0, 0, 0, 0, 0, 0, 0, 0, 0, 0, 0, 0, 0, 0, 0, 0, 0, 0, 0, 0, 0, 0, 0, 0, 0, 0, 0, 0, 0, 0, 0, 0, 0, 0, 0, 0, 0, 0, 0, 0, 0, 0, 0, 0, 0, 0, 0, 0, 0, 0, 0, 0, 0, 0, 0, 0, 0, 0, 0, 0, 0, 0, 0, 0, 0, 0, 0, 0, 0, 0, 0, 0, 0, 0, 0, 0, 0, 0, 0, 0, 0, 0, 0, 0, 0, 0, 0, 0, 0, 0, 0, 0, 0, 0, 0, 0, 0, 0, 0, 0, 0, 0, 0, 0, 0, 0, 0, 0, 0, 0, 0, 0, 0, 0, 0, 0, 0, 0, 0, 0, 0, 0, 0, 0, 0, 0, 0, 0, 0, 0, 0, 0, 0, 0, 0, 0, 0, 0, 0, 0, 0, 0, 0, 0, 0, 0, 0, 0, 0, 0, 0, 0, 0, 0, 0, 0, 0, 0, 0, 0, 0, 0, 0, 0, 0, 0, 0, 0, 0, 0, 0, 0, 0, 0, 0, 0, 0, 0, 0, 0, 0, 0, 0, 0, 0, 0, 0, 0, 0, 0, 0, 0, 0, 0, 0, 0, 0, 0, 0, 0, 0, 0, 0, 0, 0, 0, 0, 0, 0, 0, 0, 0, 0, 0, 0, 0, 0, 0, 0, 0, 0, 0, 0, 0, 0, 0, 0, 0, 0, 0, 0, 0, 0, 0, 0, 0, 0, 0, 0, 0, 0, 0, 0, 0, 0, 0, 0, 0, 0, 0, 0, 0, 0, 0, 0, 0, 0, 0, 0, 0, 0, 0, 0, 0, 0, 0, 0, 0, 0, 0, 0, 0, 0, 0, 0, 0, 0, 0, 0, 0, 0, 0, 0, 0, 0, 0, 0, 0, 0, 0, 0, 0, 0, 0, 0, 0, 0, 0, 0, 0, 0, 0, 0, 0, 0, 0, 0, 0, 0, 0, 0, 0, 0, 0, 0, 0, 0, 0, 0, 0, 0, 0, 0, 0, 0, 0, 0, 0, 0, 0, 0, 0, 0, 0, 0, 0, 0, 0, 0, 0, 0, 0, 0, 0, 0, 0, 0, 0, 0, 0, 0, 0, 0, 0, 0, 0, 0, 0, 0, 0, 0, 0, 0, 0, 0, 0, 0, 0, 0, 0, 0, 0, 0, 0, 0, 0, 0, 0, 0, 0, 0, 0, 0, 0, 0, 0, 0, 0, 0, 0, 0, 0, 0, 0, 0, 0, 0, 0, 0, 0, 0, 0, 0, 0, 0, 0, 0, 0, 0, 0, 0, 0, 0, 0, 0, 0, 0, 0, 0, 0, 0, 0, 0, 0, 0, 0, 0, 0, 0, 0, 0, 0, 0, 0, 0, 0, 0, 0, 0, 0, 0, 0, 0, 0, 0, 0, 0, 0, 0, 0, 0, 0, 0, 0, 0, 0, 0, 0, 0, 0, 0, 0, 0, 0, 0, 0, 0, 0, 0, 0, 0, 0, 0, 0, 0, 0, 0, 0, 0, 0, 0, 0, 0, 0, 0, 0, 0, 0, 0, 0, 0, 0, 0, 0, 0, 0, 0, 0, 0, 0, 0, 0, 0, 0, 0, 0, 0, 0, 0, 0, 0, 0, 0, 0, 0, 0, 0, 0, 0, 0, 0, 0, 0, 0, 0, 0, 0, 0, 0, 0, 0, 0, 0, 0, 0, 0, 0, 0, 0, 0, 0, 0, 0, 0, 0, 0, 0, 0, 0, 0, 0, 0, 0, 0, 0, 0, 0, 0, 0, 0, 0, 0, 0, 0, 0, 0, 0, 0, 0, 0, 0, 0, 0, 0, 0, 0, 0, 0, 0, 0, 1, 0, 0, 0, 0, 0, 0, 0, 0, 0, 0, 0, 0, 0, 0, 0, 0, 0, 1, 0, 0, 0, 0, 0, 0, 0, 0, 0, 0, 0, 0, 0, 0, 0, 0, 0, 1, 0, 0, 0, 0, 0, 0, 0, 0, 0, 0, 0, 0, 0, 0, 0, 0, 0, 1, 0, 0, 0, 0, 0, 0, 0, 0, 0, 0, 0, 0, 0, 0, 0, 0, 0, 0, 0, 0, 0, 0, 0, 0, 0, 0, 1, 0, 0, 0, 0, 0, 0, 0, 0, 0, 0, 0, 0, 0, 0, 0, 0, 0, 1, 0, 0, 0, 0, 0, 0, 0, 0, 0, 0, 0, 0, 0, 0, 0, 0, 0, 1, 0, 0, 0, 0, 0, 0, 0, 0, 0, 0, 0, 0, 0, 0, 0, 0, 0, 1, 0, 0, 0, 0, 0, 0, 0, 0, 0, 0, 0, 0, 0, 0, 0, 0, 0, 0, 0, 0, 0, 0, 0, 0, 0, 0, 1, 0, 0, 0, 0, 0, 0, 0, 0, 0, 0, 0, 0, 0, 0, 0, 0, 0, 1, 0, 0, 0, 0, 0, 0, 0, 0, 0, 0, 0, 0, 0, 0, 0, 0, 0, 1, 0, 0, 0, 0, 0, 0, 0, 0, 0, 0, 0, 0, 0, 0, 0, 0, 0, 1, 0, 0, 0, 0, 0, 0, 0, 0, 0, 0, 0, 0, 0, 0, 0, 0, 0, 0, 0, 0, 0, 0, 0, 0, 0, 0, 1, 0, 0, 0, 0, 0, 0, 0, 0, 0, 0, 0, 0, 0, 0, 0, 0, 0, 1, 0, 0, 0, 0, 0, 0, 0, 0, 0, 0, 0, 0, 0, 0, 0, 0, 0, 1, 0, 0, 0, 0, 0, 0, 0, 0, 0, 0, 0, 0, 0, 0, 0, 0, 0, 1, 0, 0, 0, 0, 0, 0, 0, 0, 0, 0, 0, 0, 0, 0, 0, 0, 0, 0, 0, 0, 0, 0, 0, 0, 0, 0, 1, 0, 0, 0, 0, 0, 0, 0, 0, 0, 0, 0, 0, 0, 0, 0, 0, 0, 1, 0, 0, 0, 0, 0, 0, 0, 0, 0, 0, 0, 0, 0, 0, 0, 0, 0, 1, 0, 0, 0, 0, 0, 0, 0, 0, 0, 0, 0, 0, 0, 0, 0, 0, 0, 1, 0, 0, 0, 0, 0, 0, 0, 0, 0, 0, 0, 0, 0, 0, 0, 0, 0, 0, 0, 0, 0, 0, 0, 0, 0, 0, 1, 0, 0, 0, 0, 0, 0, 0, 0, 0, 0, 0, 0, 0, 0, 0, 0, 0, 1, 0, 0, 0, 0, 0, 0, 0, 0, 0, 0, 0, 0, 0, 0, 0, 0, 0, 1, 0, 0, 0, 0, 0, 0, 0, 0, 0, 0, 0, 0, 0, 0, 0, 0, 0, 1, 0, 0, 0, 0, 0, 0, 0, 0, 0, 0, 0, 0, 0, 0, 0, 0, 0, 0, 0, 0, 0, 0, 0, 0, 0, 0, 1, 0, 0, 0, 0, 0, 0, 0, 0, 0, 0, 0, 0, 0, 0, 0, 0, 0, 1, 0, 0, 0, 0, 0, 0, 0, 0, 0, 0, 0, 0, 0, 0, 0, 0, 0, 1, 0, 0, 0, 0, 0, 0, 0, 0, 0, 0, 0, 0, 0, 0, 0, 0, 0, 1, 0, 0, 0, 0, 0, 0, 0, 0, 0, 0, 0, 0, 0, 0, 0, 0, 0, 0, 0, 0, 0, 0, 0, 0, 0, 0, 1, 0, 0, 0, 0, 0, 0, 0, 0, 0, 0, 0, 0, 0, 0, 0, 0, 0, 1, 0, 0, 0, 0, 0, 0, 0, 0, 0, 0, 0, 0, 0, 0, 0, 0, 0, 1, 0, 0, 0, 0, 0, 0, 0, 0, 0, 0, 0, 0, 0, 0, 0, 0, 0, 1, 0, 0, 0, 0, 0, 0, 0, 0, 0, 0, 0, 0, 0, 0, 0, 0, 0, 0, 0, 0, 0, 0, 0, 0, 0, 0, 1, 0, 0, 0, 0, 0, 0, 0, 0, 0, 0, 0, 0, 0, 0, 0, 0, 0, 1, 0, 0, 0, 0, 0, 0, 0, 0, 0, 0, 0, 0, 0, 0, 0, 0, 0, 1, 0, 0, 0, 0, 0, 0, 0, 0, 0, 0, 0, 0, 0, 0, 0, 0, 0, 1, 0, 0, 0, 0, 0, 0, 0, 0, 0, 0, 0, 0, 0, 0, 0, 0, 0, 0, 0, 0, 0, 0, 0, 0, 0, 0, 0, 0, 0, 0, 0, 0, 0, 0, 0, 0, 0, 0, 0, 0, 0, 0, 0, 0, 0, 0, 0, 0, 0, 0, 0, 0, 0, 0, 0, 0, 0, 0, 0, 0, 0, 0, 0, 0, 0, 0, 0, 0, 0, 0, 0, 0, 0, 0, 0, 0, 0, 0, 0, 0, 0, 0, 0, 0, 0, 0, 0, 0, 0, 0, 0, 0, 0, 0, 0, 0, 0, 0, 0, 0, 0, 0, 0, 0, 0, 0, 0, 0, 0, 0, 0, 0, 0, 0, 0, 0, 0, 0, 0, 0, 0, 0, 0, 0, 0, 0, 0, 0, 0, 0, 0, 0, 0, 0, 0, 0, 0, 0, 0, 0, 0, 0, 0, 0, 0, 0, 0, 0, 0, 0, 0, 0, 0, 0, 0, 0, 0, 0, 0, 0, 0, 0, 0, 0, 0, 0, 0, 0, 0, 0, 0, 0, 0, 0, 0, 0, 0, 0, 0, 0, 0, 0, 0, 0, 0, 0, 0, 0, 0, 0, 0, 0, 0, 0, 0, 0, 0, 0, 0, 0, 0, 0, 0, 0, 0, 0, 0, 0, 0, 0, 0, 0, 0, 0, 0, 0, 0, 0, 0, 0, 0, 0, 0, 0, 0, 0, 0, 0, 0, 0, 0, 0, 0, 0, 0, 0, 0, 0, 0, 0, 0, 0, 0, 0, 0, 0, 0, 0, 0, 0, 0, 0, 0, 0, 0, 0, 0, 0, 0, 0, 0, 0, 0, 0, 0, 0, 0, 0, 0, 0, 0, 0, 0, 0, 0, 0, 0, 0, 0, 0, 0, 0, 0, 0, 0, 0, 0, 0, 0, 0, 0, 0, 0, 0, 0, 0, 0, 0, 0, 0, 0, 0, 0, 0, 0, 0, 0, 0, 0, 0, 0, 0, 0, 0, 0, 0, 0, 0, 0, 0, 0, 0, 0, 0, 0, 0, 0, 0, 0, 0, 0, 0, 0, 0, 0, 0, 0, 0, 0, 0, 0, 0, 0, 0, 0, 0, 0, 0, 0, 0, 0, 0, 0, 0, 0, 0, 0, 0, 0, 0, 0, 0, 0, 0, 0, 0, 0, 0, 0, 0, 0, 0, 0, 0, 0, 0, 0, 0, 0, 0, 0, 0, 0, 0, 0, 0, 0, 0, 0, 0, 0, 0, 0, 0, 0, 0, 0, 0, 0, 0, 0, 0, 0, 0, 0, 0, 0, 0, 0, 0, 0, 0, 0, 0, 0, 0, 0, 0, 0, 0, 0, 0, 0, 0, 0, 0, 0, 0, 0, 0, 0, 0, 0, 0, 0, 0, 0, 0, 0, 0, 0, 0, 0, 0, 0, 0, 0, 0, 0, 0, 0, 0, 0, 0, 0, 0, 0, 0, 0, 0, 0, 0, 0, 0, 0, 0, 0, 0, 0, 0, 0, 0, 0, 0, 0, 0, 0, 0, 0, 0, 0, 0, 0, 0, 0, 0, 0, 0, 0, 0, 0, 0, 0, 0, 0, 0, 0, 0, 0, 0, 0, 0, 0, 0, 0, 0, 0, 0, 0, 0, 0, 0, 0, 0, 0, 0, 0, 0, 0, 0, 0, 0, 0, 0, 0, 0, 0, 0, 0, 0, 0, 0, 0, 0, 0, 0, 0, 0, 0, 0, 0, 0, 0, 0, 0, 0, 0, 0, 0, 0, 0, 0, 0, 0, 0, 0, 0, 0, 0, 0, 0, 0, 0, 0, 0, 0, 0, 0, 0, 0, 0, 0, 0, 0, 0, 0, 0, 0, 0, 0, 0, 0, 0, 0, 0, 0, 0, 0, 0, 0, 0, 0, 0, 0, 0, 0, 0, 0, 0, 0, 0, 0, 0, 0, 0, 0, 0, 0, 0, 0, 0, 0, 0, 0, 0, 0, 0, 0, 0, 0, 0, 0, 0, 0, 0, 0, 0, 0, 0, 0, 0, 0, 0, 0, 0, 0, 0, 0, 0, 0, 0, 0, 0, 0, 0, 0, 0, 0, 0, 0, 0, 0, 0, 0, 0, 0, 0, 0, 0, 0, 0, 0, 0, 0, 0, 0, 0, 0, 0, 0, 0, 0, 0, 0, 0, 0, 0, 0, 0, 0, 0, 0, 0, 0, 0, 0, 0, 0, 0, 0, 0, 0, 0, 0, 0, 0, 0, 0, 0, 0, 0, 0, 0, 0, 0, 0, 0, 0, 0, 0, 0, 0, 0, 0, 0, 0, 0, 0, 0, 0, 0, 0, 0, 0, 0, 0, 0, 0, 0, 0, 0, 0, 0, 0, 0, 0, 0, 0, 0, 0, 0, 0, 0, 0, 0, 0, 0, 0, 0, 0, 0, 0, 0, 0, 0, 0, 0, 0, 0, 0, 0, 0, 0, 0, 0, 0, 0, 0, 0, 0, 0, 0, 0, 0, 0, 0, 0, 0, 0, 0, 0, 0, 0, 0, 0, 0, 0, 0, 0, 0, 0, 0, 0, 0, 0, 0, 0, 0, 0, 0, 0, 0, 0, 0, 0, 0, 0, 0, 0, 0, 0, 0, 0, 0, 0, 0, 0, 0, 0, 0, 0, 0, 0, 0, 0, 0, 0, 0, 0, 0, 0, 0, 0, 0, 1, 0, 0, 0, 0, 0, 0, 0, 0, 0, 0, 0, 0, 0, 0, 0, 0, 0, 0, 0, 0, 0, 0, 0, 0, 0, 0, 0, 0, 0, 1, 0, 0, 0, 0, 0, 0, 0, 0, 0, 0, 0, 0, 0, 0, 0, 0, 0, 0, 0, 0, 0, 0, 0, 1, 0, 0, 0, 0, 0, 0, 0, 0, 0, 0, 0, 0, 0, 0, 0, 0, 0, 0, 0, 0, 0, 0, 0, 0, 0, 0, 0, 0, 0, 1, 0, 0, 0, 0, 0, 0, 0, 0, 0, 0, 0, 0, 0, 0, 0, 0, 0, 0, 0, 0, 0, 0, 0, 0, 0, 0, 0, 0, 0, 0, 0, 0, 1, 0, 0, 0, 0, 0, 0, 0, 0, 0, 0, 0, 0, 0, 0, 0, 0, 0, 0, 0, 0, 0, 0, 0, 0, 0, 0, 0, 0, 0, 1, 0, 0, 0, 0, 0, 0, 0, 0, 0, 0, 0, 0, 0, 0, 0, 0, 0, 0, 0, 0, 0, 0, 0, 0, 0, 0, 0, 0, 0, 1, 0, 0, 0, 0, 0, 0, 0, 0, 0, 0, 0, 0, 0, 0, 0, 0, 0, 0, 0, 0, 0, 0, 0, 1, 0, 0, 0, 0, 0, 0, 0, 0, 0, 0, 0, 0, 0, 0, 0, 0, 0, 0, 0, 0, 0, 0, 0, 0, 0, 0, 0, 0, 0, 0, 0, 0, 0, 0, 0, 0, 0, 0, 1, 0, 0, 0, 0, 0, 0, 0, 0, 0, 0, 0, 0, 0, 0, 0, 0, 0, 0, 0, 0, 0, 0, 0, 0, 0, 0, 0, 0, 0, 1, 0, 0, 0, 0, 0, 0, 0, 0, 0, 0, 0, 0, 0, 0, 0, 0, 0, 0, 0, 0, 0, 0, 0, 1, 0, 0, 0, 0, 0, 0, 0, 0, 0, 0, 0, 0, 0, 0, 0, 0, 0, 0, 0, 0, 0, 0, 0, 0, 0, 0, 0, 0, 0, 1, 0, 0, 0, 0, 0, 0, 0, 0, 0, 0, 0, 0, 0, 0, 0, 0, 0, 0, 0, 0, 0, 0, 0, 0, 0, 0, 0, 0, 0, 0, 0, 0, 1, 0, 0, 0, 0, 0, 0, 0, 0, 0, 0, 0, 0, 0, 0, 0, 0, 0, 0, 0, 0, 0, 0, 0, 0, 0, 0, 0, 0, 0, 1, 0, 0, 0, 0, 0, 0, 0, 0, 0, 0, 0, 0, 0, 0, 0, 0, 0, 0, 0, 0, 0, 0, 0, 0, 0, 0, 0, 0, 0, 1, 0, 0, 0, 0, 0, 0, 0, 0, 0, 0, 0, 0, 0, 0, 0, 0, 0, 0, 0, 0, 0, 0, 0, 1, 0, 0, 0, 0, 0, 0, 0, 0, 0, 0, 0, 0, 0, 0, 0, 0, 0, 0, 0, 0, 0, 0, 0, 0, 0, 0, 0, 0, 0, 0, 0, 0, 0, 0, 0, 0, 0, 0, 1, 0, 0, 0, 0, 0, 0, 0, 0, 0, 0, 0, 0, 0, 0, 0, 0, 0, 0, 0, 0, 0, 0, 0, 0, 0, 0, 0, 0, 0, 1, 0, 0, 0, 0, 0, 0, 0, 0, 0, 0, 0, 0, 0, 0, 0, 0, 0, 0, 0, 0, 0, 0, 0, 1, 0, 0, 0, 0, 0, 0, 0, 0, 0, 0, 0, 0, 0, 0, 0, 0, 0, 0, 0, 0, 0, 0, 0, 0, 0, 0, 0, 0, 0, 1, 0, 0, 0, 0, 0, 0, 0, 0, 0, 0, 0, 0, 0, 0, 0, 0, 0, 0, 0, 0, 0, 0, 0, 0, 0, 0, 0, 0, 0, 0, 0, 0, 1, 0, 0, 0, 0, 0, 0, 0, 0, 0, 0, 0, 0, 0, 0, 0, 0, 0, 0, 0, 0, 0, 0, 0, 0, 0, 0, 0, 0, 0, 1, 0, 0, 0, 0, 0, 0, 0, 0, 0, 0, 0, 0, 0, 0, 0, 0, 0, 0, 0, 0, 0, 0, 0, 0, 0, 0, 0, 0, 0, 1, 0, 0, 0, 0, 0, 0, 0, 0, 0, 0, 0, 0, 0, 0, 0, 0, 0, 0, 0, 0, 0, 0, 0, 1, 0, 0, 0, 0, 0, 0, 0, 0, 0, 0, 0, 0, 0, 0, 0, 0, 0, 0, 0, 0, 0, 0, 0, 0, 0, 0, 0, 0, 0, 0, 0, 0, 0, 0, 0, 0, 0, 0, 1, 0, 0, 0, 0, 0, 0, 0, 0, 0, 0, 0, 0, 0, 0, 0, 0, 0, 0, 0, 0, 0, 0, 0, 0, 0, 0, 0, 0, 0, 1, 0, 0, 0, 0, 0, 0, 0, 0, 0, 0, 0, 0, 0, 0, 0, 0, 0, 0, 0, 0, 0, 0, 0, 1, 0, 0, 0, 0, 0, 0, 0, 0, 0, 0, 0, 0, 0, 0, 0, 0, 0, 0, 0, 0, 0, 0, 0, 0, 0, 0, 0, 0, 0, 1, 0, 0, 0, 0, 0, 0, 0, 0, 0, 0, 0, 0, 0, 0, 0, 0, 0, 0, 0, 0, 0, 0, 0, 0, 0, 0, 0, 0, 0, 0, 0, 0, 1, 0, 0, 0, 0, 0, 0, 0, 0, 0, 0, 0, 0, 0, 0, 0, 0, 0, 0, 0, 0, 0, 0, 0, 0, 0, 0, 0, 0, 0, 1, 0, 0, 0, 0, 0, 0, 0, 0, 0, 0, 0, 0, 0, 0, 0, 0, 0, 0, 0, 0, 0, 0, 0, 0, 0, 0, 0, 0, 0, 1, 0, 0, 0, 0, 0, 0, 0, 0, 0, 0, 0, 0, 0, 0, 0, 0, 0, 0, 0, 0, 0, 0, 0, 1, 0, 0, 0, 0, 0, 0, 0, 0, 0, 0, 0, 0, 0, 0, 0, 0, 0, 0, 0, 0, 0, 0, 0, 0, 0, 0, 0, 0, 0, 0, 0, 0, 0, 0, 0, 1, 0, 0, 0, 0, 0, 0, 0, 0, 0, 0, 0, 0, 0, 0, 0, 0, 0, 1, 0, 0, 0, 0, 0, 0, 0, 0, 0, 0, 0, 0, 0, 0, 0, 0, 0, 1, 0, 0, 0, 0, 0, 0, 0, 0, 0, 0, 0, 0, 0, 0, 0, 0, 0, 1, 0, 0, 0, 0, 0, 0, 0, 0, 0, 0, 0, 0, 0, 0, 0, 0, 0, 0, 0, 0, 0, 0, 0, 0, 0, 0, 1, 0, 0, 0, 0, 0, 0, 0, 0, 0, 0, 0, 0, 0, 0, 0, 0, 0, 1, 0, 0, 0, 0, 0, 0, 0, 0, 0, 0, 0, 0, 0, 0, 0, 0, 0, 1, 0, 0, 0, 0, 0, 0, 0, 0, 0, 0, 0, 0, 0, 0, 0, 0, 0, 1, 0, 0, 0, 0, 0, 0, 0, 0, 0, 0, 0, 0, 0, 0, 0, 0, 0, 0, 0, 0, 0, 0, 0, 0, 0, 0, 1, 0, 0, 0, 0, 0, 0, 0, 0, 0, 0, 0, 0, 0, 0, 0, 0, 0, 1, 0, 0, 0, 0, 0, 0, 0, 0, 0, 0, 0, 0, 0, 0, 0, 0, 0, 1, 0, 0, 0, 0, 0, 0, 0, 0, 0, 0, 0, 0, 0, 0, 0, 0, 0, 1, 0, 0, 0, 0, 0, 0, 0, 0, 0, 0, 0, 0, 0, 0, 0, 0, 0, 0, 0, 0, 0, 0, 0, 0, 0, 0, 1, 0, 0, 0, 0, 0, 0, 0, 0, 0, 0, 0, 0, 0, 0, 0, 0, 0, 1, 0, 0, 0, 0, 0, 0, 0, 0, 0, 0, 0, 0, 0, 0, 0, 0, 0, 1, 0, 0, 0, 0, 0, 0, 0, 0, 0, 0, 0, 0, 0, 0, 0, 0, 0, 1, 0, 0, 0, 0, 0, 0, 0, 0, 0, 0, 0, 0, 0, 0, 0, 0, 0, 0, 0, 0, 0, 0, 0, 0, 0, 0, 1, 0, 0, 0, 0, 0, 0, 0, 0, 0, 0, 0, 0, 0, 0, 0, 0, 0, 1, 0, 0, 0, 0, 0, 0, 0, 0, 0, 0, 0, 0, 0, 0, 0, 0, 0, 1, 0, 0, 0, 0, 0, 0, 0, 0, 0, 0, 0, 0, 0, 0, 0, 0, 0, 1, 0, 0, 0, 0, 0, 0, 0, 0, 0, 0, 0, 0, 0, 0, 0, 0, 0, 0, 0, 0, 0, 0, 0, 0, 0, 0, 1, 0, 0, 0, 0, 0, 0, 0, 0, 0, 0, 0, 0, 0, 0, 0, 0, 0, 1, 0, 0, 0, 0, 0, 0, 0, 0, 0, 0, 0, 0, 0, 0, 0, 0, 0, 1, 0, 0, 0, 0, 0, 0, 0, 0, 0, 0, 0, 0, 0, 0, 0, 0, 0, 1, 0, 0, 0, 0, 0, 0, 0, 0, 0, 0, 0, 0, 0, 0, 0, 0, 0, 0, 0, 0, 0, 0, 0, 0, 0, 0, 1, 0, 0, 0, 0, 0, 0, 0, 0, 0, 0, 0, 0, 0, 0, 0, 0, 0, 1, 0, 0, 0, 0, 0, 0, 0, 0, 0, 0, 0, 0, 0, 0, 0, 0, 0, 1, 0, 0, 0, 0, 0, 0, 0, 0, 0, 0, 0, 0, 0, 0, 0, 0, 0, 1, 0, 0, 0, 0, 0, 0, 0, 0, 0, 0, 0, 0, 0, 0, 0, 0, 0, 0, 0, 0, 0, 0, 0, 0, 0, 0, 1, 0, 0, 0, 0, 0, 0, 0, 0, 0, 0, 0, 0, 0, 0, 0, 0, 0, 1, 0, 0, 0, 0, 0, 0, 0, 0, 0, 0, 0, 0, 0, 0, 0, 0, 0, 1, 0, 0, 0, 0, 0, 0, 0, 0, 0, 0, 0, 0, 0, 0, 0, 0, 0, 1, 0, 0, 0, 0, 0, 0, 0, 0, 0, 0, 0, 0, 0, 0, 0, 0, 0, 0, 0, 0, 0, 0, 0, 0, 0, 0, 0, 0, 0, 0, 0, 0, 0, 0, 0, 0, 0, 0, 0, 0, 0, 0, 0, 0, 0, 0, 0, 0, 0, 0, 0, 0, 0, 0, 0, 0, 0, 0, 0, 0, 0, 0, 0, 0, 0, 0, 0, 0, 0, 0, 0, 0, 0, 0, 0, 0, 0, 0, 0, 0, 0, 0, 0, 0, 0, 0, 0, 0, 0, 0, 0, 0, 0, 0, 0, 0, 0, 0, 0, 0, 0, 0, 0, 0, 0, 0, 0, 0, 0, 0, 0, 0, 0, 0, 0, 0, 0, 0, 0, 0, 0, 0, 0, 0, 0, 0, 0, 0, 0, 0, 0, 0, 0, 0, 0, 0, 0, 0, 0, 0, 0, 0, 0, 0, 0, 0, 0, 0, 0, 0, 0, 0, 0, 0, 0, 0, 0, 0, 0, 0, 0, 0, 0, 0, 0, 0, 0, 0, 0, 0, 0, 0, 0, 0, 0, 0, 0, 0, 0, 0, 0, 0, 0, 0, 0, 0, 0, 0, 0, 0, 0, 0, 0, 0, 0, 0, 0, 0, 0, 0, 0, 0, 0, 0, 0, 0, 0, 0, 0, 0, 0, 0, 0, 0, 0, 0, 0, 0, 0, 0, 0, 0, 0, 0, 0, 0, 0, 0, 0, 0, 0, 0, 0, 0, 0, 0, 0, 0, 0, 0, 0, 0, 0, 0, 0, 0, 0, 0, 0, 0, 0, 0, 0, 0, 0, 0, 0, 0, 0, 0, 0, 0, 0, 0, 0, 0, 0, 0, 0, 0, 0, 0, 0, 0, 0, 0, 0, 0, 0, 0, 0, 0, 0, 0, 0, 0, 0, 0, 0, 0, 0, 0, 0, 0, 0, 0, 0, 0, 0, 0, 0, 0, 0, 0, 0, 0, 0, 0, 0, 0, 0, 0, 0, 0, 0, 0, 0, 0, 0, 0, 0, 0, 0, 0, 0, 0, 0, 0, 0, 0, 0, 0, 0, 0, 0, 0, 0, 0, 0, 0, 0, 0, 0, 0, 0, 0, 0, 0, 0, 0, 0, 0, 0, 0, 0, 0, 0, 0, 0, 0, 0, 0, 0, 0, 0, 0, 0, 0, 0, 0, 0, 0, 0, 0, 0, 0, 0, 0, 0, 0, 0, 0, 0, 0, 0, 0, 0, 0, 0, 0, 0, 0, 0, 0, 0, 0, 0, 0, 0, 0, 0, 0, 0, 0, 0, 0, 0, 0, 0, 0, 0, 0, 0, 0, 0, 0, 0, 0, 0, 0, 0, 0, 0, 0, 0, 0, 0, 0, 0, 0, 0, 0, 0, 0, 0, 0, 0, 0, 0, 0, 0, 0, 0, 0, 0, 0, 0, 0, 0, 0, 0, 0, 0, 0, 0, 0, 0, 0, 0, 0, 0, 0, 0, 0, 0, 0, 0, 0, 0, 0, 0, 0, 0, 0, 0, 0, 0, 0, 0, 0, 0, 0, 0, 0, 0, 0, 0, 0, 0, 0, 0, 0, 0, 0, 0, 0, 0, 0, 0, 0, 0, 0, 0, 0, 0, 0, 0, 0, 0, 0, 0, 0, 0, 0, 0, 0, 0, 0, 0, 0, 0, 0, 0, 0, 0, 0, 0, 0, 0, 0, 0, 0, 0, 0, 0, 0, 0, 0, 0, 0, 0, 0, 0, 0, 0, 0, 0, 0, 0, 0, 0, 0, 0, 0, 0, 0, 0, 0, 0, 0, 0, 0, 0, 0, 0, 0, 0, 0, 0, 0, 0, 0, 0, 0, 0, 0, 0, 0, 0, 0, 0, 0, 0, 0, 0, 0, 0, 0, 0, 0, 0, 0, 0, 1, 0, 0, 0, 0, 0, 0, 0, 0, 0, 0, 0, 0, 0, 0, 0, 0, 0, 1, 0, 0, 0, 0, 0, 0, 0, 0, 0, 0, 0, 0, 0, 0, 0, 0, 0, 1, 0, 0, 0, 0, 0, 0, 0, 0, 0, 0, 0, 0, 0, 0, 0, 0, 0, 1, 0, 0, 0, 0, 0, 0, 0, 0, 0, 0, 0, 0, 0, 0, 0, 0, 0, 0, 0, 0, 0, 0, 0, 0, 0, 0, 1, 0, 0, 0, 0, 0, 0, 0, 0, 0, 0, 0, 0, 0, 0, 0, 0, 0, 1, 0, 0, 0, 0, 0, 0, 0, 0, 0, 0, 0, 0, 0, 0, 0, 0, 0, 1, 0, 0, 0, 0, 0, 0, 0, 0, 0, 0, 0, 0, 0, 0, 0, 0, 0, 1, 0, 0, 0, 0, 0, 0, 0, 0, 0, 0, 0, 0, 0, 0, 0, 0, 0, 0, 0, 0, 0, 0, 0, 0, 0, 0, 1, 0, 0, 0, 0, 0, 0, 0, 0, 0, 0, 0, 0, 0, 0, 0, 0, 0, 1, 0, 0, 0, 0, 0, 0, 0, 0, 0, 0, 0, 0, 0, 0, 0, 0, 0, 1, 0, 0, 0, 0, 0, 0, 0, 0, 0, 0, 0, 0, 0, 0, 0, 0, 0, 1, 0, 0, 0, 0, 0, 0, 0, 0, 0, 0, 0, 0, 0, 0, 0, 0, 0, 0, 0, 0, 0, 0, 0, 0, 0, 0, 1, 0, 0, 0, 0, 0, 0, 0, 0, 0, 0, 0, 0, 0, 0, 0, 0, 0, 1, 0, 0, 0, 0, 0, 0, 0, 0, 0, 0, 0, 0, 0, 0, 0, 0, 0, 1, 0, 0, 0, 0, 0, 0, 0, 0, 0, 0, 0, 0, 0, 0, 0, 0, 0, 1, 0, 0, 0, 0, 0, 0, 0, 0, 0, 0, 0, 0, 0, 0, 0, 0, 0, 0, 0, 0, 0, 0, 0, 0, 0, 0, 1, 0, 0, 0, 0, 0, 0, 0, 0, 0, 0, 0, 0, 0, 0, 0, 0, 0, 1, 0, 0, 0, 0, 0, 0, 0, 0, 0, 0, 0, 0, 0, 0, 0, 0, 0, 1, 0, 0, 0, 0, 0, 0, 0, 0, 0, 0, 0, 0, 0, 0, 0, 0, 0, 1, 0, 0, 0, 0, 0, 0, 0, 0, 0, 0, 0, 0, 0, 0, 0, 0, 0, 0, 0, 0, 0, 0, 0, 0, 0, 0, 1, 0, 0, 0, 0, 0, 0, 0, 0, 0, 0, 0, 0, 0, 0, 0, 0, 0, 1, 0, 0, 0, 0, 0, 0, 0, 0, 0, 0, 0, 0, 0, 0, 0, 0, 0, 1, 0, 0, 0, 0, 0, 0, 0, 0, 0, 0, 0, 0, 0, 0, 0, 0, 0, 1, 0, 0, 0, 0, 0, 0, 0, 0, 0, 0, 0, 0, 0, 0, 0, 0, 0, 0, 0, 0, 0, 0, 0, 0, 0, 0, 1, 0, 0, 0, 0, 0, 0, 0, 0, 0, 0, 0, 0, 0, 0, 0, 0, 0, 1, 0, 0, 0, 0, 0, 0, 0, 0, 0, 0, 0, 0, 0, 0, 0, 0, 0, 1, 0, 0, 0, 0, 0, 0, 0, 0, 0, 0, 0, 0, 0, 0, 0, 0, 0, 1, 0, 0, 0, 0, 0, 0, 0, 0, 0, 0, 0, 0, 0, 0, 0, 0, 0, 0, 0, 0, 0, 0, 0, 0, 0, 0, 1, 0, 0, 0, 0, 0, 0, 0, 0, 0, 0, 0, 0, 0, 0, 0, 0, 0, 1, 0, 0, 0, 0, 0, 0, 0, 0, 0, 0, 0, 0, 0, 0, 0, 0, 0, 1, 0, 0, 0, 0, 0, 0, 0, 0, 0, 0, 0, 0, 0, 0, 0, 0, 0, 1, 0, 0, 0, 0, 0, 0, 0, 0, 0, 0, 0, 0, 0, 0, 0, 0, 0, 0, 0, 0, 0, 0, 0, 0, 0, 0, 1, 0, 0, 0, 0, 0, 0, 0, 0, 0, 0, 0, 0, 0, 0, 0, 0, 0, 1, 0, 0, 0, 0, 0, 0, 0, 0, 0, 0, 0, 0, 0, 0, 0, 0, 0, 1, 0, 0, 0, 0, 0, 0, 0, 0, 0, 0, 0, 0, 0, 0, 0, 0, 0, 1, 0, 0, 0, 0, 0, 0, 0, 0, 0, 0, 0, 0, 0, 0, 0, 0, 0, 0, 0, 0, 0, 0, 0, 0, 0, 0, 0, 0, 0, 0, 0, 0, 0, 0, 0, 0, 0, 0, 0, 0, 0, 0, 0, 0, 0, 0, 0, 0, 0, 0, 0, 0, 0, 0, 0, 0, 0, 0, 0, 0, 0, 0, 0, 0, 0, 0, 0, 0, 0, 0, 0, 0, 0, 0, 0, 0, 0, 0, 0, 0, 0, 0, 0, 0, 0, 0, 0, 0, 0, 0, 0, 0, 0, 0, 0, 0, 0, 0, 0, 0, 0, 0, 0, 0, 0, 0, 0, 0, 0, 0, 0, 0, 0, 0, 0, 0, 0, 0, 0, 0, 0, 0, 0, 0, 0, 0, 0, 0, 0, 0, 0, 0, 0, 0, 0, 0, 0, 0, 0, 0, 0, 0, 0, 0, 0, 0, 0, 0, 0, 0, 0, 0, 0, 0, 0, 0, 0, 0, 0, 0, 0, 0, 0, 0, 0, 0, 0, 0, 0, 0, 0, 0, 0, 0, 0, 0, 0, 0, 0, 0, 0, 0, 0, 0, 0, 0, 0, 0, 0, 0, 0, 0, 0, 0, 0, 0, 0, 0, 0, 0, 0, 0, 0, 0, 0, 0, 0, 0, 0, 0, 0, 0, 0, 0, 0, 0, 0, 0, 0, 0, 0, 0, 0, 0, 0, 0, 0, 0, 0, 0, 0, 0, 0, 0, 0, 0, 0, 0, 0, 0, 0, 0, 0, 0, 0, 0, 0, 0, 0, 0, 0, 0, 0, 0, 0, 0, 0, 0, 0, 0, 0, 0, 0, 0, 0, 0, 0, 0, 0, 0, 0, 0, 0, 0, 0, 0, 0, 0, 0, 0, 0, 0, 0, 0, 0, 0, 0, 0, 0, 0, 0, 0, 0, 0, 0, 0, 0, 0, 0, 0, 0, 0, 0, 0, 0, 0, 0, 0, 0, 0, 0, 0, 0, 0, 0, 0, 0, 0, 0, 0, 0, 0, 0, 0, 0, 0, 0, 0, 0, 0, 0, 0, 0, 0, 0, 0, 0, 0, 0, 0, 0, 0, 0, 0, 0, 0, 0, 0, 0, 0, 0, 0, 0, 0, 0, 0, 0, 0, 0, 0, 0, 0, 0, 0, 0, 0, 0, 0, 0, 0, 0, 0, 0, 0, 0, 0, 0, 0, 0, 0, 0, 0, 0, 0, 0, 0, 0, 0, 0, 0, 0, 0, 0, 0, 0, 0, 0, 0, 0, 0, 0, 0, 0, 0, 0, 0, 0, 0, 0, 0, 0, 0, 0, 0, 0, 0, 0, 0, 0, 0, 0, 0, 0, 0, 0, 0, 0, 0, 0, 0, 0, 0, 0, 0, 0, 0, 0, 0, 0, 0, 0, 0, 0, 0, 0, 0, 0, 0, 0, 0, 0, 0, 0, 0, 0, 0, 0, 0, 0, 0, 0, 0, 0, 0, 0, 0, 0, 0, 0, 0, 0, 0, 0, 0, 0, 0, 0, 0, 0, 0, 0, 0, 0, 0, 0, 0, 0, 0, 0, 0, 0, 0, 0, 0, 0, 0, 0, 0, 0, 0, 0, 0, 0, 0, 0, 0, 0, 0, 0, 0, 0, 0, 0, 0, 0, 0, 0, 0, 0, 0, 0, 0, 0, 0, 0, 0, 0, 0, 0, 0, 0, 0, 0, 0, 0, 0, 0, 0, 0, 0, 0, 0, 0, 0, 0, 0, 0, 0, 0, 0, 0, 0, 0, 0, 0, 0, 0, 0, 0, 0, 0, 0, 0, 0, 0, 0, 0, 0, 0, 0, 0, 0, 0, 0, 0, 0, 0, 0, 0, 0, 0, 0, 0, 0, 0, 0, 0, 0, 0, 0, 0, 0, 0, 0, 0, 0, 0, 0, 0, 0, 0, 0, 0, 0, 0, 0, 0, 0, 0, 0, 0, 0, 0, 0, 0, 0, 0, 0, 0, 0, 0, 0, 0, 0, 0, 0, 0, 0, 0, 0, 0, 0, 0, 0, 0, 0, 0, 0, 0, 0, 0, 0, 0, 0, 0, 0, 0, 0, 0, 0, 0, 0, 0, 0, 0, 0, 0, 0, 0, 0, 0, 0, 0, 0, 0, 0, 0, 0, 0, 0, 0, 0, 0, 0, 0, 0, 0, 0, 0, 0, 0, 0, 0, 0, 0, 0, 0, 0, 0, 0, 0, 0, 0, 0, 0, 0, 0, 0, 0, 0, 0, 0, 0, 0, 0, 0, 0, 0, 0, 0, 0, 0, 0, 0, 0, 0, 0, 0, 0, 0, 0, 0, 0, 0, 0, 0, 0, 0, 0, 0, 0, 0, 0, 0, 0, 0, 0, 0, 0, 0, 0, 0, 0, 0, 0, 0, 0, 0, 0, 0, 0, 0, 0, 0, 0, 0, 0, 0, 0, 0, 0, 0, 0, 0, 0, 0, 0, 0, 0, 0, 0, 0, 0, 0, 0, 0, 0, 0, 0, 0, 0, 0, 0, 0, 0, 0, 0, 0, 0, 0, 0, 0, 0, 0, 0, 0, 0, 0, 0, 0, 0, 0, 0, 0, 0, 0, 0, 0, 0, 0, 0, 0, 0, 0, 0, 0, 0, 0, 0, 0, 0, 0, 0, 0, 0, 0, 0, 0, 0, 0, 0, 0, -1, 0, 0, 0, 0, 0, 0, 0, 0, 0, 0, 0, 0, 0, 0, 0, 0, 0, 0, 0, 0, 0, 0, 0, 0, 0, 0, 0, 0, 0, -1, 0, 0, 0, 0, 0, 0, 0, 0, 0, 0, 0, 0, 0, 0, 0, 0, 0, 0, 0, 0, 0, 0, 0, -1, 0, 0, 0, 0, 0, 0, 0, 0, 0, 0, 0, 0, 0, 0, 0, 0, 0, 0, 0, 0, 0, 0, 0, 0, 0, 0, 0, 0, 0, -1, 0, 0, 0, 0, 0, 0, 0, 0, 0, 0, 0, 0, 0, 0, 0, 0, 0, 0, 0, 0, 0, 0, 0, 0, 0, 0, 0, 0, 0, 0, 0, 0, -1, 0, 0, 0, 0, 0, 0, 0, 0, 0, 0, 0, 0, 0, 0, 0, 0, 0, 0, 0, 0, 0, 0, 0, 0, 0, 0, 0, 0, 0, -1, 0, 0, 0, 0, 0, 0, 0, 0, 0, 0, 0, 0, 0, 0, 0, 0, 0, 0, 0, 0, 0, 0, 0, 0, 0, 0, 0, 0, 0, -1, 0, 0, 0, 0, 0, 0, 0, 0, 0, 0, 0, 0, 0, 0, 0, 0, 0, 0, 0, 0, 0, 0, 0, -1, 0, 0, 0, 0, 0, 0, 0, 0, 0, 0, 0, 0, 0, 0, 0, 0, 0, 0, 0, 0, 0, 0, 0, 0, 0, 0, 0, 0, 0, 0, 0, 0, 0, 0, 0, 0, 0, 0, -1, 0, 0, 0, 0, 0, 0, 0, 0, 0, 0, 0, 0, 0, 0, 0, 0, 0, 0, 0, 0, 0, 0, 0, 0, 0, 0, 0, 0, 0, -1, 0, 0, 0, 0, 0, 0, 0, 0, 0, 0, 0, 0, 0, 0, 0, 0, 0, 0, 0, 0, 0, 0, 0, -1, 0, 0, 0, 0, 0, 0, 0, 0, 0, 0, 0, 0, 0, 0, 0, 0, 0, 0, 0, 0, 0, 0, 0, 0, 0, 0, 0, 0, 0, -1, 0, 0, 0, 0, 0, 0, 0, 0, 0, 0, 0, 0, 0, 0, 0, 0, 0, 0, 0, 0, 0, 0, 0, 0, 0, 0, 0, 0, 0, 0, 0, 0, -1, 0, 0, 0, 0, 0, 0, 0, 0, 0, 0, 0, 0, 0, 0, 0, 0, 0, 0, 0, 0, 0, 0, 0, 0, 0, 0, 0, 0, 0, -1, 0, 0, 0, 0, 0, 0, 0, 0, 0, 0, 0, 0, 0, 0, 0, 0, 0, 0, 0, 0, 0, 0, 0, 0, 0, 0, 0, 0, 0, -1, 0, 0, 0, 0, 0, 0, 0, 0, 0, 0, 0, 0, 0, 0, 0, 0, 0, 0, 0, 0, 0, 0, 0, -1, 0, 0, 0, 0, 0, 0, 0, 0, 0, 0, 0, 0, 0, 0, 0, 0, 0, 0, 0, 0, 0, 0, 0, 0, 0, 0, 0, 0, 0, 0, 0, 0, 0, 0, 0, 0, 0, 0, -1, 0, 0, 0, 0, 0, 0, 0, 0, 0, 0, 0, 0, 0, 0, 0, 0, 0, 0, 0, 0, 0, 0, 0, 0, 0, 0, 0, 0, 0, -1, 0, 0, 0, 0, 0, 0, 0, 0, 0, 0, 0, 0, 0, 0, 0, 0, 0, 0, 0, 0, 0, 0, 0, -1, 0, 0, 0, 0, 0, 0, 0, 0, 0, 0, 0, 0, 0, 0, 0, 0, 0, 0, 0, 0, 0, 0, 0, 0, 0, 0, 0, 0, 0, -1, 0, 0, 0, 0, 0, 0, 0, 0, 0, 0, 0, 0, 0, 0, 0, 0, 0, 0, 0, 0, 0, 0, 0, 0, 0, 0, 0, 0, 0, 0, 0, 0, -1, 0, 0, 0, 0, 0, 0, 0, 0, 0, 0, 0, 0, 0, 0, 0, 0, 0, 0, 0, 0, 0, 0, 0, 0, 0, 0, 0, 0, 0, -1, 0, 0, 0, 0, 0, 0, 0, 0, 0, 0, 0, 0, 0, 0, 0, 0, 0, 0, 0, 0, 0, 0, 0, 0, 0, 0, 0, 0, 0, -1, 0, 0, 0, 0, 0, 0, 0, 0, 0, 0, 0, 0, 0, 0, 0, 0, 0, 0, 0, 0, 0, 0, 0, -1, 0, 0, 0, 0, 0, 0, 0, 0, 0, 0, 0, 0, 0, 0, 0, 0, 0, 0, 0, 0, 0, 0, 0, 0, 0, 0, 0, 0, 0, 0, 0, 0, 0, 0, 0, 0, 0, 0, -1, 0, 0, 0, 0, 0, 0, 0, 0, 0, 0, 0, 0, 0, 0, 0, 0, 0, 0, 0, 0, 0, 0, 0, 0, 0, 0, 0, 0, 0, -1, 0, 0, 0, 0, 0, 0, 0, 0, 0, 0, 0, 0, 0, 0, 0, 0, 0, 0, 0, 0, 0, 0, 0, -1, 0, 0, 0, 0, 0, 0, 0, 0, 0, 0, 0, 0, 0, 0, 0, 0, 0, 0, 0, 0, 0, 0, 0, 0, 0, 0, 0, 0, 0, -1, 0, 0, 0, 0, 0, 0, 0, 0, 0, 0, 0, 0, 0, 0, 0, 0, 0, 0, 0, 0, 0, 0, 0, 0, 0, 0, 0, 0, 0, 0, 0, 0, -1, 0, 0, 0, 0, 0, 0, 0, 0, 0, 0, 0, 0, 0, 0, 0, 0, 0, 0, 0, 0, 0, 0, 0, 0, 0, 0, 0, 0, 0, -1, 0, 0, 0, 0, 0, 0, 0, 0, 0, 0, 0, 0, 0, 0, 0, 0, 0, 0, 0, 0, 0, 0, 0, 0, 0, 0, 0, 0, 0, -1, 0, 0, 0, 0, 0, 0, 0, 0, 0, 0, 0, 0, 0, 0, 0, 0, 0, 0, 0, 0, 0, 0, 0, -1, 0, 0, 0, 0, 0, 0, 0, 0, 0, 0, 0, 0, 0, 0, 0, 0, 0, 0, 0, 0, 0, 0, 0, 0, 0, 0, 0, 0, 0, 0, 0, 0, 0, 0, 0, -1, 0, 0, 0, 0, 0, 0, 0, 0, 0, 0, 0, 0, 0, 0, 0, 0, 0, -1, 0, 0, 0, 0, 0, 0, 0, 0, 0, 0, 0, 0, 0, 0, 0, 0, 0, -1, 0, 0, 0, 0, 0, 0, 0, 0, 0, 0, 0, 0, 0, 0, 0, 0, 0, -1, 0, 0, 0, 0, 0, 0, 0, 0, 0, 0, 0, 0, 0, 0, 0, 0, 0, 0, 0, 0, 0, 0, 0, 0, 0, 0, -1, 0, 0, 0, 0, 0, 0, 0, 0, 0, 0, 0, 0, 0, 0, 0, 0, 0, -1, 0, 0, 0, 0, 0, 0, 0, 0, 0, 0, 0, 0, 0, 0, 0, 0, 0, -1, 0, 0, 0, 0, 0, 0, 0, 0, 0, 0, 0, 0, 0, 0, 0, 0, 0, -1, 0, 0, 0, 0, 0, 0, 0, 0, 0, 0, 0, 0, 0, 0, 0, 0, 0, 0, 0, 0, 0, 0, 0, 0, 0, 0, -1, 0, 0, 0, 0, 0, 0, 0, 0, 0, 0, 0, 0, 0, 0, 0, 0, 0, -1, 0, 0, 0, 0, 0, 0, 0, 0, 0, 0, 0, 0, 0, 0, 0, 0, 0, -1, 0, 0, 0, 0, 0, 0, 0, 0, 0, 0, 0, 0, 0, 0, 0, 0, 0, -1, 0, 0, 0, 0, 0, 0, 0, 0, 0, 0, 0, 0, 0, 0, 0, 0, 0, 0, 0, 0, 0, 0, 0, 0, 0, 0, -1, 0, 0, 0, 0, 0, 0, 0, 0, 0, 0, 0, 0, 0, 0, 0, 0, 0, -1, 0, 0, 0, 0, 0, 0, 0, 0, 0, 0, 0, 0, 0, 0, 0, 0, 0, -1, 0, 0, 0, 0, 0, 0, 0, 0, 0, 0, 0, 0, 0, 0, 0, 0, 0, -1, 0, 0, 0, 0, 0, 0, 0, 0, 0, 0, 0, 0, 0, 0, 0, 0, 0, 0, 0, 0, 0, 0, 0, 0, 0, 0, -1, 0, 0, 0, 0, 0, 0, 0, 0, 0, 0, 0, 0, 0, 0, 0, 0, 0, -1, 0, 0, 0, 0, 0, 0, 0, 0, 0, 0, 0, 0, 0, 0, 0, 0, 0, -1, 0, 0, 0, 0, 0, 0, 0, 0, 0, 0, 0, 0, 0, 0, 0, 0, 0, -1, 0, 0, 0, 0, 0, 0, 0, 0, 0, 0, 0, 0, 0, 0, 0, 0, 0, 0, 0, 0, 0, 0, 0, 0, 0, 0, -1, 0, 0, 0, 0, 0, 0, 0, 0, 0, 0, 0, 0, 0, 0, 0, 0, 0, -1, 0, 0, 0, 0, 0, 0, 0, 0, 0, 0, 0, 0, 0, 0, 0, 0, 0, -1, 0, 0, 0, 0, 0, 0, 0, 0, 0, 0, 0, 0, 0, 0, 0, 0, 0, -1, 0, 0, 0, 0, 0, 0, 0, 0, 0, 0, 0, 0, 0, 0, 0, 0, 0, 0, 0, 0, 0, 0, 0, 0, 0, 0, -1, 0, 0, 0, 0, 0, 0, 0, 0, 0, 0, 0, 0, 0, 0, 0, 0, 0, -1, 0, 0, 0, 0, 0, 0, 0, 0, 0, 0, 0, 0, 0, 0, 0, 0, 0, -1, 0, 0, 0, 0, 0, 0, 0, 0, 0, 0, 0, 0, 0, 0, 0, 0, 0, -1, 0, 0, 0, 0, 0, 0, 0, 0, 0, 0, 0, 0, 0, 0, 0, 0, 0, 0, 0, 0, 0, 0, 0, 0, 0, 0, -1, 0, 0, 0, 0, 0, 0, 0, 0, 0, 0, 0, 0, 0, 0, 0, 0, 0, -1, 0, 0, 0, 0, 0, 0, 0, 0, 0, 0, 0, 0, 0, 0, 0, 0, 0, -1, 0, 0, 0, 0, 0, 0, 0, 0, 0, 0, 0, 0, 0, 0, 0, 0, 0, -1, 0, 0, 0, 0, 0, 0, 0, 0, 0, 0, 0, 0, 0, 0, 0, 0, 0, 0, 0, 0, 0, 0, 0, 0, 0, 0, 0, 0, 0, 0, 0, 0, 0, 0, 0, 0, 0, 0, 0, 0, 0, 0, 0, 0, 0, 0, 0, 0, 0, 0, 0, 0, 0, 0, 0, 0, 0, 0, 0, 0, 0, 0, 0, 0, 0, 0, 0, 0, 0, 0, 0, 0, 0, 0, 0, 0, 0, 0, 0, 0, 0, 0, 0, 0, 0, 0, 0, 0, 0, 0, 0, 0, 0, 0, 0, 0, 0, 0, 0, 0, 0, 0, 0, 0, 0, 0, 0, 0, 0, 0, 0, 0, 0, 0, 0, 0, 0, 0, 0, 0, 0, 0, 0, 0, 0, 0, 0, 0, 0, 0, 0, 0, 0, 0, 0, 0, 0, 0, 0, 0, 0, 0, 0, 0, 0, 0, 0, 0, 0, 0, 0, 0, 0, 0, 0, 0, 0, 0, 0, 0, 0, 0, 0, 0, 0, 0, 0, 0, 0, 0, 0, 0, 0, 0, 0, 0, 0, 0, 0, 0, 0, 0, 0, 0, 0, 0, 0, 0, 0, 0, 0, 0, 0, 0, 0, 0, 0, 0, 0, 0, 0, 0, 0, 0, 0, 0, 0, 0, 0, 0, 0, 0, 0, 0, 0, 0, 0, 0, 0, 0, 0, 0, 0, 0, 0, 0, 0, 0, 0, 0, 0, 0, 0, 0, 0, 0, 0, 0, 0, 0, 0, 0, 0, 0, 0, 0, 0, 0, 0, 0, 0, 0, 0, 0, 0, 0, 0, 0, 0, 0, 0, 0, 0, 0, 0, 0, 0, 0, 0, 0, 0, 0, 0, 0, 0, 0, 0, 0, 0, 0, 0, 0, 0, 0, 0, 0, 0, 0, 0, 0, 0, 0, 0, 0, 0, 0, 0, 0, 0, 0, 0, 0, 0, 0, 0, 0, 0, 0, 0, 0, 0, 0, 0, 0, 0, 0, 0, 0, 0, 0, 0, 0, 0, 0, 0, 0, 0, 0, 0, 0, 0, 0, 0, 0, 0, 0, 0, 0, 0, 0, 0, 0, 0, 0, 0, 0, 0, 0, 0, 0, 0, 0, 0, 0, 0, 0, 0, 0, 0, 0, 0, 0, 0, 0, 0, 0, 0, 0, 0, 0, 0, 0, 0, 0, 0, 0, 0, 0, 0, 0, 0, 0, 0, 0, 0, 0, 0, 0, 0, 0, 0, 0, 0, 0, 0, 0, 0, 0, 0, 0, 0, 0, 0, 0, 0, 0, 0, 0, 0, 0, 0, 0, 0, 0, 0, 0, 0, 0, 0, 0, 0, 0, 0, 0, 0, 0, 0, 0, 0, 0, 0, 0, 0, 0, 0, 0, 0, 0, 0, 0, 0, 0, 0, 0, 0, 0, 0, 0, 0, 0, 0, 0, 0, 0, 0, 0, 0, 0, 0, 0, 0, 0, 0, 0, 0, 0, 0, 0, 0, 0, 0, 0, 0, 0, 0, 0, 0, 0, 0, 0, 0, 0, 0, 0, 0, 0, 0, 0, 0, 0, 0, 0, 0, 0, 0, 0, 0, 0, 0, 0, 0, 0, 0, 0, 0, 0, 0, 0, 0, 0, 0, 0, 0, 0, 0, 0, 0, 0, 0, 0, 0, 0, 0, 0, 0, 0, 0, 0, 0, 0, 0, 0, 0, 0, 0, 0, 0, 0, 0, 0, 0, 0, 0, 0, 0, 0, 0, 0, 0, 0, 0, 0, 0, 0, 0, 0, 0, 0, 0, 0, 0, 0, 0, 0, 0, 0, 0, 0, 0, 0, 0, 0, 0, 0, 0, 0, 0, 0, 0, 0, 0, 0, 0, 0, 0, 0, 0, 0, 0, 0, 0, 0, 0, -1, 0, 0, 0, 0, 0, 0, 0, 0, 0, 0, 0, 0, 0, 0, 0, 0, 0, -1, 0, 0, 0, 0, 0, 0, 0, 0, 0, 0, 0, 0, 0, 0, 0, 0, 0, -1, 0, 0, 0, 0, 0, 0, 0, 0, 0, 0, 0, 0, 0, 0, 0, 0, 0, -1, 0, 0, 0, 0, 0, 0, 0, 0, 0, 0, 0, 0, 0, 0, 0, 0, 0, 0, 0, 0, 0, 0, 0, 0, 0, 0, -1, 0, 0, 0, 0, 0, 0, 0, 0, 0, 0, 0, 0, 0, 0, 0, 0, 0, -1, 0, 0, 0, 0, 0, 0, 0, 0, 0, 0, 0, 0, 0, 0, 0, 0, 0, -1, 0, 0, 0, 0, 0, 0, 0, 0, 0, 0, 0, 0, 0, 0, 0, 0, 0, -1, 0, 0, 0, 0, 0, 0, 0, 0, 0, 0, 0, 0, 0, 0, 0, 0, 0, 0, 0, 0, 0, 0, 0, 0, 0, 0, -1, 0, 0, 0, 0, 0, 0, 0, 0, 0, 0, 0, 0, 0, 0, 0, 0, 0, -1, 0, 0, 0, 0, 0, 0, 0, 0, 0, 0, 0, 0, 0, 0, 0, 0, 0, -1, 0, 0, 0, 0, 0, 0, 0, 0, 0, 0, 0, 0, 0, 0, 0, 0, 0, -1, 0, 0, 0, 0, 0, 0, 0, 0, 0, 0, 0, 0, 0, 0, 0, 0, 0, 0, 0, 0, 0, 0, 0, 0, 0, 0, -1, 0, 0, 0, 0, 0, 0, 0, 0, 0, 0, 0, 0, 0, 0, 0, 0, 0, -1, 0, 0, 0, 0, 0, 0, 0, 0, 0, 0, 0, 0, 0, 0, 0, 0, 0, -1, 0, 0, 0, 0, 0, 0, 0, 0, 0, 0, 0, 0, 0, 0, 0, 0, 0, -1, 0, 0, 0, 0, 0, 0, 0, 0, 0, 0, 0, 0, 0, 0, 0, 0, 0, 0, 0, 0, 0, 0, 0, 0, 0, 0, -1, 0, 0, 0, 0, 0, 0, 0, 0, 0, 0, 0, 0, 0, 0, 0, 0, 0, -1, 0, 0, 0, 0, 0, 0, 0, 0, 0, 0, 0, 0, 0, 0, 0, 0, 0, -1, 0, 0, 0, 0, 0, 0, 0, 0, 0, 0, 0, 0, 0, 0, 0, 0, 0, -1, 0, 0, 0, 0, 0, 0, 0, 0, 0, 0, 0, 0, 0, 0, 0, 0, 0, 0, 0, 0, 0, 0, 0, 0, 0, 0, -1, 0, 0, 0, 0, 0, 0, 0, 0, 0, 0, 0, 0, 0, 0, 0, 0, 0, -1, 0, 0, 0, 0, 0, 0, 0, 0, 0, 0, 0, 0, 0, 0, 0, 0, 0, -1, 0, 0, 0, 0, 0, 0, 0, 0, 0, 0, 0, 0, 0, 0, 0, 0, 0, -1, 0, 0, 0, 0, 0, 0, 0, 0, 0, 0, 0, 0, 0, 0, 0, 0, 0, 0, 0, 0, 0, 0, 0, 0, 0, 0, -1, 0, 0, 0, 0, 0, 0, 0, 0, 0, 0, 0, 0, 0, 0, 0, 0, 0, -1, 0, 0, 0, 0, 0, 0, 0, 0, 0, 0, 0, 0, 0, 0, 0, 0, 0, -1, 0, 0, 0, 0, 0, 0, 0, 0, 0, 0, 0, 0, 0, 0, 0, 0, 0, -1, 0, 0, 0, 0, 0, 0, 0, 0, 0, 0, 0, 0, 0, 0, 0, 0, 0, 0, 0, 0, 0, 0, 0, 0, 0, 0, -1, 0, 0, 0, 0, 0, 0, 0, 0, 0, 0, 0, 0, 0, 0, 0, 0, 0, -1, 0, 0, 0, 0, 0, 0, 0, 0, 0, 0, 0, 0, 0, 0, 0, 0, 0, -1, 0, 0, 0, 0, 0, 0, 0, 0, 0, 0, 0, 0, 0, 0, 0, 0, 0, -1, 0, 0, 0, 0, 0, 0, 0, 0, 0, 0, 0, 0, 0, 0, 0, 0, 0, 0, 0, 0, 0, 0, 0, 0, 0, 0, -1, 0, 0, 0, 0, 0, 0, 0, 0, 0, 0, 0, 0, 0, 0, 0, 0, 0, -1, 0, 0, 0, 0, 0, 0, 0, 0, 0, 0, 0, 0, 0, 0, 0, 0, 0, -1, 0, 0, 0, 0, 0, 0, 0, 0, 0, 0, 0, 0, 0, 0, 0, 0, 0, -1, 0, 0, 0, 0, 0, 0, 0, 0, 0, 0, 0, 0, 0, 0, 0, 0, 0, 0, 0, 0, 0, 0, 0, 0, 0, 0, 0, 0, 0, 0, 0, 0, 0, 0, 0, 0, 0, 0, 0, 0, 0, 0, 0, 0, 0, 0, 0, 0, 0, 0, 0, 0, 0, 0, 0, 0, 0, 0, 0, 0, 0, 0, 0, 0, 0, 0, 0, 0, 0, 0, 0, 0, 0, 0, 0, 0, 0, 0, 0, 0, 0, 0, 0, 0, 0, 0, 0, 0, 0, 0, 0, 0, 0, 0, 0, 0, 0, 0, 0, 0, 0, 0, 0, 0, 0, 0, 0, 0, 0, 0, 0, 0, 0, 0, 0, 0, 0, 0, 0, 0, 0, 0, 0, 0, 0, 0, 0, 0, 0, 0, 0, 0, 0, 0, 0, 0, 0, 0, 0, 0, 0, 0, 0, 0, 0, 0, 0, 0, 0, 0, 0, 0, 0, 0, 0, 0, 0, 0, 0, 0, 0, 0, 0, 0, 0, 0, 0, 0, 0, 0, 0, 0, 0, 0, 0, 0, 0, 0, 0, 0, 0, 0, 0, 0, 0, 0, 0, 0, 0, 0, 0, 0, 0, 0, 0, 0, 0, 0, 0, 0, 0, 0, 0, 0, 0, 0, 0, 0, 0, 0, 0, 0, 0, 0, 0, 0, 0, 0, 0, 0, 0, 0, 0, 0, 0, 0, 0, 0, 0, 0, 0, 0, 0, 0, 0, 0, 0, 0, 0, 0, 0, 0, 0, 0, 0, 0, 0, 0, 0, 0, 0, 0, 0, 0, 0, 0, 0, 0, 0, 0, 0, 0, 0, 0, 0, 0, 0, 0, 0, 0, 0, 0, 0, 0, 0, 0, 0, 0, 0, 0, 0, 0, 0, 0, 0, 0, 0, 0, 0, 0, 0, 0, 0, 0, 0, 0, 0, 0, 0, 0, 0, 0, 0, 0, 0, 0, 0, 0, 0, 0, 0, 0, 0, 0, 0, 0, 0, 0, 0, 0, 0, 0, 0, 0, 0, 0, 0, 0, 0, 0, 0, 0, 0, 0, 0, 0, 0, 0, 0, 0, 0, 0, 0, 0, 0, 0, 0, 0, 0, 0, 0, 0, 0, 0, 0, 0, 0, 0, 0, 0, 0, 0, 0, 0, 0, 0, 0, 0, 0, 0, 0, 0, 0, 0, 0, 0, 0, 0, 0, 0, 0, 0, 0, 0, 0, 0, 0, 0, 0, 0, 0, 0, 0, 0, 0, 0, 0, 0, 0, 0, 0, 0, 0, 0, 0, 0, 0, 0, 0, 0, 0, 0, 0, 0, 0, 0, 0, 0, 0, 0, 0, 0, 0, 0, 0, 0, 0, 0, 0, 0, 0, 0, 0, 0, 0, 0, 0, 0, 0, 0, 0, 0, 0, 0, 0, 0, 0, 0, 0, 0, 0, 0, 0, 0, 0, 0, 0, 0, 0, 0, 0, 0, 0, 0, 0, 0, 0, 0, 0, 0, 0, 0, 0, 0, 0, 0, 0, 0, 0, 0, 0, 0, 0, 0, 0, 0, 0, 0, 0, 0, 0, 0, 0, 0, 0, 0, 0, 0, 0, 0, 0, 0, 0, 0, 0, 0, 0, 0, 0, 0, 0, 0, 0, 0, 0, 0, 0, 0, 0, 0, 0, 0, 0, 0, 0, 0, 0, 0, 0, 0, 0, 0, 0, 0, 0, 0, 0, 0, 0, 0, 0, 0, 0, 0, 0, 0, 0, 0, 0, 0, 0, 0, 0, 0, 0, 0, 0, 0, 0, 0, 0, 0, 0, 0, 0, 0, 0, 0, 0, 0, 0, 0, 0, 0, 0, 0, 0, 0, 0, 0, 0, 0, 0, 0, 0, 0, 0, 0, 0, 0, 0, 0, 0, 0, 0, 0, 0, 0, 0, 0, 0, 0, 0, 0, 0, 0, 0, 0, 0, 0, 0, 0, 0, 0, 0, 0, 0, 0, 0, 0, 0, 0, 0, 0, 0, 0, 0, 0, 0, 0, 0, 0, 0, 0, 0, 0, 0, 0, 0, 0, 0, 0, 0, 0, 0, 0, 0, 0, 0, 0, 0, 0, 0, 0, 0, 0, 0, 0, 0, 0, 0, 0, 0, 0, 0, 0, 0, 0, 0, 0, 0, 0, 0, 0, 0, 0, 0, 0, 0, 0, 0, 0, 0, 0, 0, 0, 0, 0, 0, 0, 0, 0, 0, 0, 0, 0, 0, 0, 0, 0, 0, 0, 0, 0, 0, 0, 0, 0, 0, 0, 0, 0, 0, 0, 0, 0, 0, 0, 0, 0, 0, 0, 0, 0, 0, 0, 0, 0, 0, 0, 0, 0, 0, 0, 0, 0, 0, 0, 0, 0, 0, 0, 0, 0, 0, 0, 0, 0, 0, 0, 0, 0, 0, 0, 0, 0, 0, 0, 0, 0, 0, 0, 0, 0, 0, 0, 0, 0, 0, 0, 0, 0, 0, 0, 0, 0, 0, 0, 0, 0, 0, 0, 0, 0, 0, 0, 0, 0, 0, 0, 0, 0, 0, 0, 0, 0, 0, 0, 0, 0, 0, 0, 0, 0, 0, 0, 0, 0, 0, 0, 0, 0, 0, 0, 0, 0, 0, 0, 0, 0, 0, 0, 0, 0, 0, 0, 0, 0, 0, 0, 0, 0, 0, 0, -1, 0, 0, 0, 0, 0, 0, 0, 0, 0, 0, 0, 0, 0, 0, 0, 0, 0, 0, 0, 0, 0, 0, 0, 0, 0, 0, 0, 0, 0, -1, 0, 0, 0, 0, 0, 0, 0, 0, 0, 0, 0, 0, 0, 0, 0, 0, 0, 0, 0, 0, 0, 0, 0, -1, 0, 0, 0, 0, 0, 0, 0, 0, 0, 0, 0, 0, 0, 0, 0, 0, 0, 0, 0, 0, 0, 0, 0, 0, 0, 0, 0, 0, 0, -1, 0, 0, 0, 0, 0, 0, 0, 0, 0, 0, 0, 0, 0, 0, 0, 0, 0, 0, 0, 0, 0, 0, 0, 0, 0, 0, 0, 0, 0, 0, 0, 0, -1, 0, 0, 0, 0, 0, 0, 0, 0, 0, 0, 0, 0, 0, 0, 0, 0, 0, 0, 0, 0, 0, 0, 0, 0, 0, 0, 0, 0, 0, -1, 0, 0, 0, 0, 0, 0, 0, 0, 0, 0, 0, 0, 0, 0, 0, 0, 0, 0, 0, 0, 0, 0, 0, 0, 0, 0, 0, 0, 0, -1, 0, 0, 0, 0, 0, 0, 0, 0, 0, 0, 0, 0, 0, 0, 0, 0, 0, 0, 0, 0, 0, 0, 0, -1, 0, 0, 0, 0, 0, 0, 0, 0, 0, 0, 0, 0, 0, 0, 0, 0, 0, 0, 0, 0, 0, 0, 0, 0, 0, 0, 0, 0, 0, 0, 0, 0, 0, 0, 0, 0, 0, 0, -1, 0, 0, 0, 0, 0, 0, 0, 0, 0, 0, 0, 0, 0, 0, 0, 0, 0, 0, 0, 0, 0, 0, 0, 0, 0, 0, 0, 0, 0, -1, 0, 0, 0, 0, 0, 0, 0, 0, 0, 0, 0, 0, 0, 0, 0, 0, 0, 0, 0, 0, 0, 0, 0, -1, 0, 0, 0, 0, 0, 0, 0, 0, 0, 0, 0, 0, 0, 0, 0, 0, 0, 0, 0, 0, 0, 0, 0, 0, 0, 0, 0, 0, 0, -1, 0, 0, 0, 0, 0, 0, 0, 0, 0, 0, 0, 0, 0, 0, 0, 0, 0, 0, 0, 0, 0, 0, 0, 0, 0, 0, 0, 0, 0, 0, 0, 0, -1, 0, 0, 0, 0, 0, 0, 0, 0, 0, 0, 0, 0, 0, 0, 0, 0, 0, 0, 0, 0, 0, 0, 0, 0, 0, 0, 0, 0, 0, -1, 0, 0, 0, 0, 0, 0, 0, 0, 0, 0, 0, 0, 0, 0, 0, 0, 0, 0, 0, 0, 0, 0, 0, 0, 0, 0, 0, 0, 0, -1, 0, 0, 0, 0, 0, 0, 0, 0, 0, 0, 0, 0, 0, 0, 0, 0, 0, 0, 0, 0, 0, 0, 0, -1, 0, 0, 0, 0, 0, 0, 0, 0, 0, 0, 0, 0, 0, 0, 0, 0, 0, 0, 0, 0, 0, 0, 0, 0, 0, 0, 0, 0, 0, 0, 0, 0, 0, 0, 0, 0, 0, 0, -1, 0, 0, 0, 0, 0, 0, 0, 0, 0, 0, 0, 0, 0, 0, 0, 0, 0, 0, 0, 0, 0, 0, 0, 0, 0, 0, 0, 0, 0, -1, 0, 0, 0, 0, 0, 0, 0, 0, 0, 0, 0, 0, 0, 0, 0, 0, 0, 0, 0, 0, 0, 0, 0, -1, 0, 0, 0, 0, 0, 0, 0, 0, 0, 0, 0, 0, 0, 0, 0, 0, 0, 0, 0, 0, 0, 0, 0, 0, 0, 0, 0, 0, 0, -1, 0, 0, 0, 0, 0, 0, 0, 0, 0, 0, 0, 0, 0, 0, 0, 0, 0, 0, 0, 0, 0, 0, 0, 0, 0, 0, 0, 0, 0, 0, 0, 0, -1, 0, 0, 0, 0, 0, 0, 0, 0, 0, 0, 0, 0, 0, 0, 0, 0, 0, 0, 0, 0, 0, 0, 0, 0, 0, 0, 0, 0, 0, -1, 0, 0, 0, 0, 0, 0, 0, 0, 0, 0, 0, 0, 0, 0, 0, 0, 0, 0, 0, 0, 0, 0, 0, 0, 0, 0, 0, 0, 0, -1, 0, 0, 0, 0, 0, 0, 0, 0, 0, 0, 0, 0, 0, 0, 0, 0, 0, 0, 0, 0, 0, 0, 0, -1, 0, 0, 0, 0, 0, 0, 0, 0, 0, 0, 0, 0, 0, 0, 0, 0, 0, 0, 0, 0, 0, 0, 0, 0, 0, 0, 0, 0, 0, 0, 0, 0, 0, 0, 0, 0, 0, 0, -1, 0, 0, 0, 0, 0, 0, 0, 0, 0, 0, 0, 0, 0, 0, 0, 0, 0, 0, 0, 0, 0, 0, 0, 0, 0, 0, 0, 0, 0, -1, 0, 0, 0, 0, 0, 0, 0, 0, 0, 0, 0, 0, 0, 0, 0, 0, 0, 0, 0, 0, 0, 0, 0, -1, 0, 0, 0, 0, 0, 0, 0, 0, 0, 0, 0, 0, 0, 0, 0, 0, 0, 0, 0, 0, 0, 0, 0, 0, 0, 0, 0, 0, 0, -1, 0, 0, 0, 0, 0, 0, 0, 0, 0, 0, 0, 0, 0, 0, 0, 0, 0, 0, 0, 0, 0, 0, 0, 0, 0, 0, 0, 0, 0, 0, 0, 0, -1, 0, 0, 0, 0, 0, 0, 0, 0, 0, 0, 0, 0, 0, 0, 0, 0, 0, 0, 0, 0, 0, 0, 0, 0, 0, 0, 0, 0, 0, -1, 0, 0, 0, 0, 0, 0, 0, 0, 0, 0, 0, 0, 0, 0, 0, 0, 0, 0, 0, 0, 0, 0, 0, 0, 0, 0, 0, 0, 0, -1, 0, 0, 0, 0, 0, 0, 0, 0, 0, 0, 0, 0, 0, 0, 0, 0, 0, 0, 0, 0, 0, 0, 0, -1, 0, 0, 0, 0, 0, 0, 0, 0, 0, 0, 0, 0, 0, 0, 0, 0, 0, 0, 0, 0, 0, 0, 0, 0, 0, 0, 0, 0, 0, 0, 0, 0, 0, 0, 0, -1, 0, 0, 0, 0, 0, 0, 0, 0, 0, 0, 0, 0, 0, 0, 0, 0, 0, -1, 0, 0, 0, 0, 0, 0, 0, 0, 0, 0, 0, 0, 0, 0, 0, 0, 0, -1, 0, 0, 0, 0, 0, 0, 0, 0, 0, 0, 0, 0, 0, 0, 0, 0, 0, -1, 0, 0, 0, 0, 0, 0, 0, 0, 0, 0, 0, 0, 0, 0, 0, 0, 0, 0, 0, 0, 0, 0, 0, 0, 0, 0, -1, 0, 0, 0, 0, 0, 0, 0, 0, 0, 0, 0, 0, 0, 0, 0, 0, 0, -1, 0, 0, 0, 0, 0, 0, 0, 0, 0, 0, 0, 0, 0, 0, 0, 0, 0, -1, 0, 0, 0, 0, 0, 0, 0, 0, 0, 0, 0, 0, 0, 0, 0, 0, 0, -1, 0, 0, 0, 0, 0, 0, 0, 0, 0, 0, 0, 0, 0, 0, 0, 0, 0, 0, 0, 0, 0, 0, 0, 0, 0, 0, -1, 0, 0, 0, 0, 0, 0, 0, 0, 0, 0, 0, 0, 0, 0, 0, 0, 0, -1, 0, 0, 0, 0, 0, 0, 0, 0, 0, 0, 0, 0, 0, 0, 0, 0, 0, -1, 0, 0, 0, 0, 0, 0, 0, 0, 0, 0, 0, 0, 0, 0, 0, 0, 0, -1, 0, 0, 0, 0, 0, 0, 0, 0, 0, 0, 0, 0, 0, 0, 0, 0, 0, 0, 0, 0, 0, 0, 0, 0, 0, 0, -1, 0, 0, 0, 0, 0, 0, 0, 0, 0, 0, 0, 0, 0, 0, 0, 0, 0, -1, 0, 0, 0, 0, 0, 0, 0, 0, 0, 0, 0, 0, 0, 0, 0, 0, 0, -1, 0, 0, 0, 0, 0, 0, 0, 0, 0, 0, 0, 0, 0, 0, 0, 0, 0, -1, 0, 0, 0, 0, 0, 0, 0, 0, 0, 0, 0, 0, 0, 0, 0, 0, 0, 0, 0, 0, 0, 0, 0, 0, 0, 0, -1, 0, 0, 0, 0, 0, 0, 0, 0, 0, 0, 0, 0, 0, 0, 0, 0, 0, -1, 0, 0, 0, 0, 0, 0, 0, 0, 0, 0, 0, 0, 0, 0, 0, 0, 0, -1, 0, 0, 0, 0, 0, 0, 0, 0, 0, 0, 0, 0, 0, 0, 0, 0, 0, -1, 0, 0, 0, 0, 0, 0, 0, 0, 0, 0, 0, 0, 0, 0, 0, 0, 0, 0, 0, 0, 0, 0, 0, 0, 0, 0, -1, 0, 0, 0, 0, 0, 0, 0, 0, 0, 0, 0, 0, 0, 0, 0, 0, 0, -1, 0, 0, 0, 0, 0, 0, 0, 0, 0, 0, 0, 0, 0, 0, 0, 0, 0, -1, 0, 0, 0, 0, 0, 0, 0, 0, 0, 0, 0, 0, 0, 0, 0, 0, 0, -1, 0, 0, 0, 0, 0, 0, 0, 0, 0, 0, 0, 0, 0, 0, 0, 0, 0, 0, 0, 0, 0, 0, 0, 0, 0, 0, -1, 0, 0, 0, 0, 0, 0, 0, 0, 0, 0, 0, 0, 0, 0, 0, 0, 0, -1, 0, 0, 0, 0, 0, 0, 0, 0, 0, 0, 0, 0, 0, 0, 0, 0, 0, -1, 0, 0, 0, 0, 0, 0, 0, 0, 0, 0, 0, 0, 0, 0, 0, 0, 0, -1, 0, 0, 0, 0, 0, 0, 0, 0, 0, 0, 0, 0, 0, 0, 0, 0, 0, 0, 0, 0, 0, 0, 0, 0, 0, 0, -1, 0, 0, 0, 0, 0, 0, 0, 0, 0, 0, 0, 0, 0, 0, 0, 0, 0, -1, 0, 0, 0, 0, 0, 0, 0, 0, 0, 0, 0, 0, 0, 0, 0, 0, 0, -1, 0, 0, 0, 0, 0, 0, 0, 0, 0, 0, 0, 0, 0, 0, 0, 0, 0, -1, 0, 0, 0, 0, 0, 0, 0, 0, 0, 0, 0, 0, 0, 0, 0, 0, 0, 0, 0, 0, 0, 0, 0, 0, 0, 0, 0, 0, 0, 0, 0, 0, 0, 0, 0, 0, 0, 0, 0, 0, 0, 0, 0, 0, 0, 0, 0, 0, 0, 0, 0, 0, 0, 0, 0, 0, 0, 0, 0, 0, 0, 0, 0, 0, 0, 0, 0, 0, 0, 0, 0, 0, 0, 0, 0, 0, 0, 0, 0, 0, 0, 0, 0, 0, 0, 0, 0, 0, 0, 0, 0, 0, 0, 0, 0, 0, 0, 0, 0, 0, 0, 0, 0, 0, 0, 0, 0, 0, 0, 0, 0, 0, 0, 0, 0, 0, 0, 0, 0, 0, 0, 0, 0, 0, 0, 0, 0, 0, 0, 0, 0, 0, 0, 0, 0, 0, 0, 0, 0, 0, 0, 0, 0, 0, 0, 0, 0, 0, 0, 0, 0, 0, 0, 0, 0, 0, 0, 0, 0, 0, 0, 0, 0, 0, 0, 0, 0, 0, 0, 0, 0, 0, 0, 0, 0, 0, 0, 0, 0, 0, 0, 0, 0, 0, 0, 0, 0, 0, 0, 0, 0, 0, 0, 0, 0, 0, 0, 0, 0, 0, 0, 0, 0, 0, 0, 0, 0, 0, 0, 0, 0, 0, 0, 0, 0, 0, 0, 0, 0, 0, 0, 0, 0, 0, 0, 0, 0, 0, 0, 0, 0, 0, 0, 0, 0, 0, 0, 0, 0, 0, 0, 0, 0, 0, 0, 0, 0, 0, 0, 0, 0, 0, 0, 0, 0, 0, 0, 0, 0, 0, 0, 0, 0, 0, 0, 0, 0, 0, 0, 0, 0, 0, 0, 0, 0, 0, 0, 0, 0, 0, 0, 0, 0, 0, 0, 0, 0, 0, 0, 0, 0, 0, 0, 0, 0, 0, 0, 0, 0, 0, 0, 0, 0, 0, 0, 0, 0, 0, 0, 0, 0, 0, 0, 0, 0, 0, 0, 0, 0, 0, 0, 0, 0, 0, 0, 0, 0, 0, 0, 0, 0, 0, 0, 0, 0, 0, 0, 0, 0, 0, 0, 0, 0, 0, 0, 0, 0, 0, 0, 0, 0, 0, 0, 0, 0, 0, 0, 0, 0, 0, 0, 0, 0, 0, 0, 0, 0, 0, 0, 0, 0, 0, 0, 0, 0, 0, 0, 0, 0, 0, 0, 0, 0, 0, 0, 0, 0, 0, 0, 0, 0, 0, 0, 0, 0, 0, 0, 0, 0, 0, 0, 0, 0, 0, 0, 0, 0, 0, 0, 0, 0, 0, 0, 0, 0, 0, 0, 0, 0, 0, 0, 0, 0, 0, 0, 0, 0, 0, 0, 0, 0, 0, 0, 0, 0, 0, 0, 0, 0, 0, 0, 0, 0, 0, 0, 0, 0, 0, 0, 0, 0, 0, 0, 0, 0, 0, 0, 0, 0, 0, 0, 0, 0, 0, 0, 0, 0, 0, 0, 0, 0, 0, 0, 0, 0, 0, 0, 0, 0, 0, 0, 0, 0, 0, 0, 0, 0, 0, 0, 0, 0, 0, 0, 0, 0, 0, 0, 0, 0, 0, 0, 0, 0, 0, 0, 0, 0, 0, 0, 0, 0, 0, 0, 0, 0, 0, 0, 0, 0, 0, 0, 0, 0, 0, 0, 0, 0, 0, 0, 0, 0, 0, 0, 0, 0, 0, 0, 0, 0, 0, 0, 0, 0, 0, 0, 0, 0, 0, 0, 0, 0, 0, 0, 0, 0, 0, 0, 0, 0, 0, 0, 0, 0, 0, 0, 0, 0, 0, 0, 0, 0, 0, 0, 0, 0, 0, 0, 0, 0, 0, 0, 0, 0, 0, 0, 0, 0, 0, 0, 0, 0, 0, 0, -1, 0, 0, 0, 0, 0, 0, 0, 0, 0, 0, 0, 0, 0, 0, 0, 0, 0, -1, 0, 0, 0, 0, 0, 0, 0, 0, 0, 0, 0, 0, 0, 0, 0, 0, 0, -1, 0, 0, 0, 0, 0, 0, 0, 0, 0, 0, 0, 0, 0, 0, 0, 0, 0, -1, 0, 0, 0, 0, 0, 0, 0, 0, 0, 0, 0, 0, 0, 0, 0, 0, 0, 0, 0, 0, 0, 0, 0, 0, 0, 0, -1, 0, 0, 0, 0, 0, 0, 0, 0, 0, 0, 0, 0, 0, 0, 0, 0, 0, -1, 0, 0, 0, 0, 0, 0, 0, 0, 0, 0, 0, 0, 0, 0, 0, 0, 0, -1, 0, 0, 0, 0, 0, 0, 0, 0, 0, 0, 0, 0, 0, 0, 0, 0, 0, -1, 0, 0, 0, 0, 0, 0, 0, 0, 0, 0, 0, 0, 0, 0, 0, 0, 0, 0, 0, 0, 0, 0, 0, 0, 0, 0, -1, 0, 0, 0, 0, 0, 0, 0, 0, 0, 0, 0, 0, 0, 0, 0, 0, 0, -1, 0, 0, 0, 0, 0, 0, 0, 0, 0, 0, 0, 0, 0, 0, 0, 0, 0, -1, 0, 0, 0, 0, 0, 0, 0, 0, 0, 0, 0, 0, 0, 0, 0, 0, 0, -1, 0, 0, 0, 0, 0, 0, 0, 0, 0, 0, 0, 0, 0, 0, 0, 0, 0, 0, 0, 0, 0, 0, 0, 0, 0, 0, -1, 0, 0, 0, 0, 0, 0, 0, 0, 0, 0, 0, 0, 0, 0, 0, 0, 0, -1, 0, 0, 0, 0, 0, 0, 0, 0, 0, 0, 0, 0, 0, 0, 0, 0, 0, -1, 0, 0, 0, 0, 0, 0, 0, 0, 0, 0, 0, 0, 0, 0, 0, 0, 0, -1, 0, 0, 0, 0, 0, 0, 0, 0, 0, 0, 0, 0, 0, 0, 0, 0, 0, 0, 0, 0, 0, 0, 0, 0, 0, 0, -1, 0, 0, 0, 0, 0, 0, 0, 0, 0, 0, 0, 0, 0, 0, 0, 0, 0, -1, 0, 0, 0, 0, 0, 0, 0, 0, 0, 0, 0, 0, 0, 0, 0, 0, 0, -1, 0, 0, 0, 0, 0, 0, 0, 0, 0, 0, 0, 0, 0, 0, 0, 0, 0, -1, 0, 0, 0, 0, 0, 0, 0, 0, 0, 0, 0, 0, 0, 0, 0, 0, 0, 0, 0, 0, 0, 0, 0, 0, 0, 0, -1, 0, 0, 0, 0, 0, 0, 0, 0, 0, 0, 0, 0, 0, 0, 0, 0, 0, -1, 0, 0, 0, 0, 0, 0, 0, 0, 0, 0, 0, 0, 0, 0, 0, 0, 0, -1, 0, 0, 0, 0, 0, 0, 0, 0, 0, 0, 0, 0, 0, 0, 0, 0, 0, -1, 0, 0, 0, 0, 0, 0, 0, 0, 0, 0, 0, 0, 0, 0, 0, 0, 0, 0, 0, 0, 0, 0, 0, 0, 0, 0, -1, 0, 0, 0, 0, 0, 0, 0, 0, 0, 0, 0, 0, 0, 0, 0, 0, 0, -1, 0, 0, 0, 0, 0, 0, 0, 0, 0, 0, 0, 0, 0, 0, 0, 0, 0, -1, 0, 0, 0, 0, 0, 0, 0, 0, 0, 0, 0, 0, 0, 0, 0, 0, 0, -1, 0, 0, 0, 0, 0, 0, 0, 0, 0, 0, 0, 0, 0, 0, 0, 0, 0, 0, 0, 0, 0, 0, 0, 0, 0, 0, -1, 0, 0, 0, 0, 0, 0, 0, 0, 0, 0, 0, 0, 0, 0, 0, 0, 0, -1, 0, 0, 0, 0, 0, 0, 0, 0, 0, 0, 0, 0, 0, 0, 0, 0, 0, -1, 0, 0, 0, 0, 0, 0, 0, 0, 0, 0, 0, 0, 0, 0, 0, 0, 0, -1, 0, 0, 0, 0, 0, 0, 0, 0, 0, 0, 0, 0, 0, 0, 0, 0, 0, 0, 0, 0, 0, 0, 0, 0, 0, 0, -1, 0, 0, 0, 0, 0, 0, 0, 0, 0, 0, 0, 0, 0, 0, 0, 0, 0, -1, 0, 0, 0, 0, 0, 0, 0, 0, 0, 0, 0, 0, 0, 0, 0, 0, 0, -1, 0, 0, 0, 0, 0, 0, 0, 0, 0, 0, 0, 0, 0, 0, 0, 0, 0, -1, 0, 0, 0, 0, 0, 0, 0, 0, 0, 0, 0, 0, 0, 0, 0, 0, 0, 0, 0, 0, 0, 0, 0, 0, 0, 0, 0, 0, 0, 0, 0, 0, 0, 0, 0, 0, 0, 0, 0, 0, 0, 0, 0, 0, 0, 0, 0, 0, 0, 0, 0, 0, 0, 0, 0, 0, 0, 0, 0, 0, 0, 0, 0, 0, 0, 0, 0, 0, 0, 0, 0, 0, 0, 0, 0, 0, 0, 0, 0, 0, 0, 0, 0, 0, 0, 0, 0, 0, 0, 0, 0, 0, 0, 0, 0, 0, 0, 0, 0, 0, 0, 0, 0, 0, 0, 0, 0, 0, 0, 0, 0, 0, 0, 0, 0, 0, 0, 0, 0, 0, 0, 0, 0, 0, 0, 0, 0, 0, 0, 0, 0, 0, 0, 0, 0, 0, 0, 0, 0, 0, 0, 0, 0, 0, 0, 0, 0, 0, 0, 0, 0, 0, 0, 0, 0, 0, 0, 0, 0, 0, 0, 0, 0, 0, 0, 0, 0, 0, 0, 0, 0, 0, 0, 0, 0, 0, 0, 0, 0, 0, 0, 0, 0, 0, 0, 0, 0, 0, 0, 0, 0, 0, 0, 0, 0, 0, 0, 0, 0, 0, 0, 0, 0, 0, 0, 0, 0, 0, 0, 0, 0, 0, 0, 0, 0, 0, 0, 0, 0, 0, 0, 0, 0, 0, 0, 0, 0, 0, 0, 0, 0, 0, 0, 0, 0, 0, 0, 0, 0, 0, 0, 0, 0, 0, 0, 0, 0, 0, 0, 0, 0, 0, 0, 0, 0, 0, 0, 0, 0, 0, 0, 0, 0, 0, 0, 0, 0, 0, 0, 0, 0, 0, 0, 0, 0, 0, 0, 0, 0, 0, 0, 0, 0, 0, 0, 0, 0, 0, 0, 0, 0, 0, 0, 0, 0, 0, 0, 0, 0, 0, 0, 0, 0, 0, 0, 0, 0, 0, 0, 0, 0, 0, 0, 0, 0, 0, 0, 0, 0, 0, 0, 0, 0, 0, 0, 0, 0, 0, 0, 0, 0, 0, 0, 0, 0, 0, 0, 0, 0, 0, 0, 0, 0, 0, 0, 0, 0, 0, 0, 0, 0, 0, 0, 0, 0, 0, 0, 0, 0, 0, 0, 0, 0, 0, 0, 0, 0, 0, 0, 0, 0, 0, 0, 0, 0, 0, 0, 0, 0, 0, 0, 0, 0, 0, 0, 0, 0, 0, 0, 0, 0, 0, 0, 0, 0, 0, 0, 0, 0, 0, 0, 0, 0, 0, 0, 0, 0, 0, 0, 0, 0, 0, 0, 0, 0, 0, 0, 0, 0, 0, 0, 0, 0, 0, 0, 0, 0, 0, 0, 0, 0, 0, 0, 0, 0, 0, 0, 0, 0, 0, 0, 0, 0, 0, 0, 0, 0, 0, 0, 0, 0, 0, 0, 0, 0, 0, 0, 0, 0, 0, 0, 0, 0, 0, 0, 0, 0, 0, 0, 0, 0, 0, 0, 0, 0, 0, 0, 0, 0, 0, 0, 0, 0, 0, 0, 0, 0, 0, 0, 0, 0, 0, 0, 0, 0, 0, 0, 0, 0, 0, 0, 0, 0, 0, 0, 0, 0, 0, 0, 0, 0, 0, 0, 0, 0, 0, 0, 0, 0, 0, 0, 0, 0, 0, 0, 0, 0, 0, 0, 0, 0, 0, 0, 0, 0, 0, 0, 0, 0, 0, 0, 0, 0, 0, 0, 0, 0, 0, 0, 0, 0, 0, 0, 0, 0, 0, 0, 0, 0, 0, 0, 0, 0, 0, 0, 0, 0, 0, 0, 0, 0, 0, 0, 0, 0, 0, 0, 0, 0, 0, 0, 0, 0, 0, 0, 0, 0, 0, 0, 0, 0, 0, 0, 0, 0, 0, 0, 0, 0, 0, 0, 0, 0, 0, 0, 0, 0, 0, 0, 0, 0, 0, 0, 0, 0, 0, 0, 0, 0, 0, 0, 0, 0, 0, 0, 0, 0, 0, 0, 0, 0, 0, 0, 0, 0, 0, 0, 0, 0, 0, 0, 0, 0, 0, 0, 0, 0, 0, 0, 0, 0, 0, 0, 0, 0, 0, 0, 0, 0, 0, 0, 0, 0, 0, 0, 0, 0, 0, 0, 0, 0, 0, 0, 0, 0, 0, 0, 0, 0, 0, 0, 0, 0, 0, 0, 0, 0, 0, 0, 0, 0, 0, 0, 0, 0, 0, 0, 0, 0, 0, 0, 0, 0, 0, 0, 0, 0, 0, 0, 0, 0, 0, 0, 0, 0, 0, 0, 0, 0, 0, 0, 0, 0, 0, 0, 0, 0, 0, 0, 0, 0, 0, 0, 0, 0, 0, 0, 0, 0, 0, 0, 0, 0, 0, 0, 0, 0, 0, 0, 0, 0, 0, 0, 0, 0, 0, 0, 0, 0, 0, 0, 0, 0, 0, 0, 0, 0, 0, 0, 0, 0, 0, 0, 0, 0, 0, 0, 0, 0, 0, 0, 0, 0, 0, 0, 0, 0, 0, 0, 0, 0, 0, 0, 0, 0, 0, 0, 0, 0, 0, 0, 0, 0, 0, 0]
            int[] tet_chamber_mask = [-1, -1, -1, -1, -1, -1, -1, -1, -1, -1, -1, -1, -1, -1, -1, -1, -1, -1, -1, -1, -1, -1, -1, -1, -1, -1, -1, -1, -1, -1, -1, -1, -1, -1, -1, -1, -1, -1, -1, -1, -1, -1, -1, -1, -1, -1, -1, -1, -1, -1, -1, -1, -1, -1, -1, -1, -1, -1, -1, -1, -1, -1, -1, -1, -1, -1, -1, -1, -1, -1, -1, -1, -1, -1, -1, -1, -1, -1, -1, -1, -1, -1, -1, -1, -1, -1, -1, -1, -1, -1, -1, -1, -1, -1, -1, -1, -1, -1, -1, -1, -1, -1, -1, -1, -1, -1, -1, -1, -1, -1, -1, -1, -1, -1, -1, -1, -1, -1, -1, -1, -1, -1, -1, -1, -1, -1, -1, -1, -1, -1, -1, -1, -1, -1, -1, -1, -1, -1, -1, -1, -1, -1, -1, -1, -1, -1, -1, -1, -1, -1, -1, -1, -1, -1, -1, -1, -1, -1, -1, -1, -1, -1, -1, -1, -1, -1, -1, -1, -1, -1, -1, -1, -1, -1, -1, -1, -1, -1, -1, -1, -1, -1, -1, -1, -1, -1, -1, -1, -1, -1, -1, -1, -1, -1, -1, -1, -1, -1, -1, -1, -1, -1, -1, -1, -1, -1, -1, -1, -1, -1, -1, -1, -1, -1, -1, -1, -1, -1, -1, -1, -1, -1, -1, -1, -1, -1, -1, -1, -1, -1, -1, -1, -1, -1, -1, -1, -1, -1, -1, -1, -1, -1, -1, -1, -1, -1, -1, -1, -1, -1, -1, -1, -1, -1, -1, -1, -1, -1, -1, -1, -1, -1, -1, -1, -1, -1, -1, -1, -1, -1, -1, -1, -1, -1, -1, -1, -1, -1, -1, -1, -1, -1, -1, -1, -1, -1, -1, -1, -1, -1, -1, -1, -1, -1, -1, -1, -1, -1, -1, -1, -1, -1, -1, -1, -1, -1, -1, -1, -1, -1, -1, -1, -1, -1, -1, -1, -1, -1, -1, -1, -1, -1, -1, -1, -1, -1, -1, -1, -1, -1, -1, -1, -1, -1, -1, -1, -1, -1, -1, -1, -1, -1, -1, -1, -1, -1, -1, -1, -1, -1, -1, -1, -1, -1, -1, -1, -1, -1, -1, -1, -1, -1, -1, -1, -1, -1, -1, -1, -1, -1, -1, -1, -1, -1, -1, -1, -1, -1, -1, -1, -1, -1, -1, -1, -1, -1, -1, -1, -1, -1, -1, -1, -1, -1, -1, -1, -1, -1, -1, -1, -1, -1, -1, -1, -1, -1, -1, -1, -1, -1, -1, -1, -1, -1, -1, -1, -1, -1, -1, -1, -1, -1, -1, -1, -1, -1, -1, -1, -1, -1, -1, -1, -1, -1, -1, -1, -1, -1, -1, -1, -1, -1, -1, -1, -1, -1, -1, -1, -1, -1, -1, -1, -1, -1, -1, -1, -1, -1, -1, -1, -1, -1, -1, -1, -1, -1, -1, -1, -1, -1, -1, -1, -1, -1, -1, -1, -1, -1, -1, -1, -1, -1, -1, -1, -1, -1, -1, -1, -1, -1, -1, -1, -1, -1, -1, -1, -1, -1, -1, -1, -1, -1, -1, -1, -1, -1, -1, -1, -1, -1, -1, -1, -1, -1, -1, -1, -1, -1, -1, -1, -1, -1, -1, -1, -1, -1, -1, -1, -1, -1, -1, -1, -1, -1, -1, -1, -1, -1, -1, -1, -1, -1, -1, -1, -1, -1, -1, -1, -1, -1, -1, -1, -1, -1, -1, -1, -1, -1, -1, -1, -1, -1, -1, -1, -1, -1, -1, -1, -1, -1, -1, -1, -1, -1, -1, -1, -1, -1, -1, -1, -1, -1, -1, -1, -1, -1, -1, -1, -1, -1, -1, -1, -1, -1, -1, -1, -1, -1, -1, -1, -1, -1, -1, -1, -1, -1, -1, -1, -1, -1, -1, -1, -1, -1, -1, -1, -1, -1, -1, -1, -1, -1, -1, -1, -1, -1, -1, -1, -1, -1, -1, -1, -1, -1, -1, -1, -1, -1, -1, -1, 0, 0, 0, 0, 0, 0, 0, 0, 0, 0, 0, 0, 0, 0, 0, 0, 0, 0, 0, 0, 1, 1, 1, 1, 1, 1, 1, 1, 1, 1, 1, 1, 1, 1, 1, 1, 1, 1, 1, 1, 2, 2, 2, 2, 2, 2, 2, 2, 2, 2, 2, 2, 2, 2, 2, 2, 2, 2, 2, 2, 3, 3, 3, 3, 3, 3, 3, 3, 3, 3, 3, 3, 3, 3, 3, 3, 3, 3, 3, 3, 4, 4, 4, 4, 4, 4, 4, 4, 4, 4, 4, 4, 4, 4, 4, 4, 4, 4, 4, 4, 5, 5, 5, 5, 5, 5, 5, 5, 5, 5, 5, 5, 5, 5, 5, 5, 5, 5, 5, 5, 6, 6, 6, 6, 6, 6, 6, 6, 6, 6, 6, 6, 6, 6, 6, 6, 6, 6, 6, 6, 7, 7, 7, 7, 7, 7, 7, 7, 7, 7, 7, 7, 7, 7, 7, 7, 7, 7, 7, 7, 0, 0, 0, 0, 0, 0, 0, 0, 0, 0, 0, 0, 0, 0, 0, 0, 0, 0, 0, 0, 1, 1, 1, 1, 1, 1, 1, 1, 1, 1, 1, 1, 1, 1, 1, 1, 1, 1, 1, 1, 2, 2, 2, 2, 2, 2, 2, 2, 2, 2, 2, 2, 2, 2, 2, 2, 2, 2, 2, 2, 3, 3, 3, 3, 3, 3, 3, 3, 3, 3, 3, 3, 3, 3, 3, 3, 3, 3, 3, 3, 4, 4, 4, 4, 4, 4, 4, 4, 4, 4, 4, 4, 4, 4, 4, 4, 4, 4, 4, 4, 5, 5, 5, 5, 5, 5, 5, 5, 5, 5, 5, 5, 5, 5, 5, 5, 5, 5, 5, 5, 6, 6, 6, 6, 6, 6, 6, 6, 6, 6, 6, 6, 6, 6, 6, 6, 6, 6, 6, 6, 7, 7, 7, 7, 7, 7, 7, 7, 7, 7, 7, 7, 7, 7, 7, 7, 7, 7, 7, 7, -1, -1, -1, -1, -1, -1, -1, -1, -1, -1, -1, -1, -1, -1, -1, -1, -1, -1, -1, -1, -1, -1, -1, -1, -1, -1, -1, -1, -1, -1, -1, -1, -1, -1, -1, -1, -1, -1, -1, -1, -1, -1, -1, -1, -1, -1, -1, -1, -1, -1, -1, -1, -1, -1, -1, -1, -1, -1, -1, -1, -1, -1, -1, -1, -1, -1, -1, -1, -1, -1, -1, -1, -1, -1, -1, -1, -1, -1, -1, -1, -1, -1, -1, -1, -1, -1, -1, -1, -1, -1, -1, -1, -1, -1, -1, -1, -1, -1, -1, -1, -1, -1, -1, -1, -1, -1, -1, -1, -1, -1, -1, -1, -1, -1, -1, -1, -1, -1, -1, -1, -1, -1, -1, -1, -1, -1, -1, -1, -1, -1, -1, -1, -1, -1, -1, -1, -1, -1, -1, -1, -1, -1, -1, -1, -1, -1, -1, -1, -1, -1, -1, -1, -1, -1, -1, -1, -1, -1, -1, -1, -1, -1, -1, -1, -1, -1, -1, -1, -1, -1, -1, -1, -1, -1, -1, -1, -1, -1, -1, -1, -1, -1, -1, -1, -1, -1, -1, -1, -1, -1, -1, -1, -1, -1, -1, -1, -1, -1, -1, -1, -1, -1, -1, -1, -1, -1, -1, -1, -1, -1, -1, -1, -1, -1, -1, -1, -1, -1, -1, -1, -1, -1, -1, -1, -1, -1, -1, -1, -1, -1, -1, -1, -1, -1, -1, -1, -1, -1, -1, -1, -1, -1, -1, -1, -1, -1, -1, -1, -1, -1, -1, -1, -1, -1, -1, -1, -1, -1, -1, -1, -1, -1, -1, -1, -1, -1, -1, -1, -1, -1, -1, -1, -1, -1, -1, -1, -1, -1, -1, -1, -1, -1, -1, -1, -1, -1, -1, -1, -1, -1, -1, -1, -1, -1, -1, -1, -1, -1, -1, -1, -1, -1, -1, -1, -1, -1, -1, -1, -1, -1, -1, -1, -1, -1, -1, -1, -1, -1, -1, -1, -1, -1, -1, -1, -1, -1, -1, -1, -1, -1, -1, -1, -1, -1, -1, -1, -1, -1, -1, -1, -1, -1, -1, -1, -1, -1, -1, -1, -1, -1, -1, -1, -1, -1, -1, -1, -1, -1, -1, -1, -1, -1, -1, -1, -1, -1, -1, -1, -1, -1, -1, -1, -1, -1, -1, -1, -1, -1, -1, -1, -1, -1, -1, -1, -1, -1, -1, -1, -1, -1, -1, -1, -1, -1, -1, -1, -1, -1, -1, -1, -1, -1, -1, -1, -1, -1, -1, -1, -1, -1, -1, -1, -1, -1, -1, -1, -1, -1, -1, -1, -1, -1, -1, -1, -1, -1, -1, -1, -1, -1, -1, -1, -1, -1, -1, -1, -1, -1, -1, -1, -1, -1, -1, -1, -1, -1, -1, -1, -1, -1, -1, -1, -1, -1, -1, -1, -1, -1, -1, -1, -1, -1, -1, -1, -1, -1, -1, -1, -1, -1, -1, -1, -1, -1, -1, -1, -1, -1, -1, -1, -1, -1, -1, -1, -1, -1, -1, -1, -1, -1, -1, -1, -1, -1, -1, -1, -1, -1, -1, -1, -1, -1, -1, -1, -1, -1, -1, -1, -1, -1, -1, -1, 8, 8, 8, 8, 8, 8, 8, 8, 8, 8, 8, 8, 8, 8, 8, 8, 8, 8, 8, 8, 9, 9, 9, 9, 9, 9, 9, 9, 9, 9, 9, 9, 9, 9, 9, 9, 9, 9, 9, 9, 10, 10, 10, 10, 10, 10, 10, 10, 10, 10, 10, 10, 10, 10, 10, 10, 10, 10, 10, 10, 11, 11, 11, 11, 11, 11, 11, 11, 11, 11, 11, 11, 11, 11, 11, 11, 11, 11, 11, 11, 12, 12, 12, 12, 12, 12, 12, 12, 12, 12, 12, 12, 12, 12, 12, 12, 12, 12, 12, 12, 13, 13, 13, 13, 13, 13, 13, 13, 13, 13, 13, 13, 13, 13, 13, 13, 13, 13, 13, 13, 14, 14, 14, 14, 14, 14, 14, 14, 14, 14, 14, 14, 14, 14, 14, 14, 14, 14, 14, 14, 15, 15, 15, 15, 15, 15, 15, 15, 15, 15, 15, 15, 15, 15, 15, 15, 15, 15, 15, 15, 8, 8, 8, 8, 8, 8, 8, 8, 8, 8, 8, 8, 8, 8, 8, 8, 8, 8, 8, 8, 9, 9, 9, 9, 9, 9, 9, 9, 9, 9, 9, 9, 9, 9, 9, 9, 9, 9, 9, 9, 10, 10, 10, 10, 10, 10, 10, 10, 10, 10, 10, 10, 10, 10, 10, 10, 10, 10, 10, 10, 11, 11, 11, 11, 11, 11, 11, 11, 11, 11, 11, 11, 11, 11, 11, 11, 11, 11, 11, 11, 12, 12, 12, 12, 12, 12, 12, 12, 12, 12, 12, 12, 12, 12, 12, 12, 12, 12, 12, 12, 13, 13, 13, 13, 13, 13, 13, 13, 13, 13, 13, 13, 13, 13, 13, 13, 13, 13, 13, 13, 14, 14, 14, 14, 14, 14, 14, 14, 14, 14, 14, 14, 14, 14, 14, 14, 14, 14, 14, 14, 15, 15, 15, 15, 15, 15, 15, 15, 15, 15, 15, 15, 15, 15, 15, 15, 15, 15, 15, 15, -1, -1, -1, -1, -1, -1, -1, -1, -1, -1, -1, -1, -1, -1, -1, -1, -1, -1, -1, -1, -1, -1, -1, -1, -1, -1, -1, -1, -1, -1, -1, -1, -1, -1, -1, -1, -1, -1, -1, -1, -1, -1, -1, -1, -1, -1, -1, -1, -1, -1, -1, -1, -1, -1, -1, -1, -1, -1, -1, -1, -1, -1, -1, -1, -1, -1, -1, -1, -1, -1, -1, -1, -1, -1, -1, -1, -1, -1, -1, -1, -1, -1, -1, -1, -1, -1, -1, -1, -1, -1, -1, -1, -1, -1, -1, -1, -1, -1, -1, -1, -1, -1, -1, -1, -1, -1, -1, -1, -1, -1, -1, -1, -1, -1, -1, -1, -1, -1, -1, -1, -1, -1, -1, -1, -1, -1, -1, -1, -1, -1, -1, -1, -1, -1, -1, -1, -1, -1, -1, -1, -1, -1, -1, -1, -1, -1, -1, -1, -1, -1, -1, -1, -1, -1, -1, -1, -1, -1, -1, -1, -1, -1, -1, -1, -1, -1, -1, -1, -1, -1, -1, -1, -1, -1, -1, -1, -1, -1, -1, -1, -1, -1, -1, -1, -1, -1, -1, -1, -1, -1, -1, -1, -1, -1, -1, -1, -1, -1, -1, -1, -1, -1, -1, -1, -1, -1, -1, -1, -1, -1, -1, -1, -1, -1, -1, -1, -1, -1, -1, -1, -1, -1, -1, -1, -1, -1, -1, -1, -1, -1, -1, -1, -1, -1, -1, -1, -1, -1, -1, -1, -1, -1, -1, -1, -1, -1, -1, -1, -1, -1, -1, -1, -1, -1, -1, -1, -1, -1, -1, -1, -1, -1, -1, -1, -1, -1, -1, -1, -1, -1, -1, -1, -1, -1, -1, -1, -1, -1, -1, -1, -1, -1, -1, -1, -1, -1, -1, -1, -1, -1, -1, -1, -1, -1, -1, -1, -1, -1, -1, -1, -1, -1, -1, -1, -1, -1, -1, -1, -1, -1, -1, -1, -1, -1, -1, -1, -1, -1, -1, -1, -1, -1, -1, -1, -1, -1, -1, -1, -1, -1, -1, -1, -1, -1, -1, -1, -1, -1, -1, -1, -1, -1, -1, -1, -1, -1, -1, -1, -1, -1, -1, -1, -1, -1, -1, -1, -1, -1, -1, -1, -1, -1, -1, -1, -1, -1, -1, -1, -1, -1, -1, -1, -1, -1, -1, -1, -1, -1, -1, -1, -1, -1, -1, -1, -1, -1, -1, -1, -1, -1, -1, -1, -1, -1, -1, -1, -1, -1, -1, -1, -1, -1, -1, -1, -1, -1, -1, -1, -1, -1, -1, -1, -1, -1, -1, -1, -1, -1, -1, -1, -1, -1, -1, -1, -1, -1, -1, -1, -1, -1, -1, -1, -1, -1, -1, -1, -1, -1, -1, -1, -1, -1, -1, -1, -1, -1, -1, -1, -1, -1, -1, -1, -1, -1, -1, -1, -1, -1, -1, -1, -1, -1, -1, -1, -1, -1, -1, -1, -1, -1, -1, -1, -1, -1, -1, -1, -1, -1, -1, -1, -1, -1, -1, -1, -1, -1, -1, -1, -1, -1, -1, -1, -1, -1, -1, -1, -1, -1, -1, -1, -1, -1, -1, -1, -1, -1, -1, -1, -1, -1, -1, -1, 16, 16, 16, 16, 16, 16, 16, 16, 16, 16, 16, 16, 16, 16, 16, 16, 16, 16, 16, 16, 17, 17, 17, 17, 17, 17, 17, 17, 17, 17, 17, 17, 17, 17, 17, 17, 17, 17, 17, 17, 18, 18, 18, 18, 18, 18, 18, 18, 18, 18, 18, 18, 18, 18, 18, 18, 18, 18, 18, 18, 19, 19, 19, 19, 19, 19, 19, 19, 19, 19, 19, 19, 19, 19, 19, 19, 19, 19, 19, 19, 20, 20, 20, 20, 20, 20, 20, 20, 20, 20, 20, 20, 20, 20, 20, 20, 20, 20, 20, 20, 21, 21, 21, 21, 21, 21, 21, 21, 21, 21, 21, 21, 21, 21, 21, 21, 21, 21, 21, 21, 22, 22, 22, 22, 22, 22, 22, 22, 22, 22, 22, 22, 22, 22, 22, 22, 22, 22, 22, 22, 23, 23, 23, 23, 23, 23, 23, 23, 23, 23, 23, 23, 23, 23, 23, 23, 23, 23, 23, 23, 16, 16, 16, 16, 16, 16, 16, 16, 16, 16, 16, 16, 16, 16, 16, 16, 16, 16, 16, 16, 17, 17, 17, 17, 17, 17, 17, 17, 17, 17, 17, 17, 17, 17, 17, 17, 17, 17, 17, 17, 18, 18, 18, 18, 18, 18, 18, 18, 18, 18, 18, 18, 18, 18, 18, 18, 18, 18, 18, 18, 19, 19, 19, 19, 19, 19, 19, 19, 19, 19, 19, 19, 19, 19, 19, 19, 19, 19, 19, 19, 20, 20, 20, 20, 20, 20, 20, 20, 20, 20, 20, 20, 20, 20, 20, 20, 20, 20, 20, 20, 21, 21, 21, 21, 21, 21, 21, 21, 21, 21, 21, 21, 21, 21, 21, 21, 21, 21, 21, 21, 22, 22, 22, 22, 22, 22, 22, 22, 22, 22, 22, 22, 22, 22, 22, 22, 22, 22, 22, 22, 23, 23, 23, 23, 23, 23, 23, 23, 23, 23, 23, 23, 23, 23, 23, 23, 23, 23, 23, 23, -1, -1, -1, -1, -1, -1, -1, -1, -1, -1, -1, -1, -1, -1, -1, -1, -1, -1, -1, -1, -1, -1, -1, -1, -1, -1, -1, -1, -1, -1, -1, -1, -1, -1, -1, -1, -1, -1, -1, -1, -1, -1, -1, -1, -1, -1, -1, -1, -1, -1, -1, -1, -1, -1, -1, -1, -1, -1, -1, -1, -1, -1, -1, -1, -1, -1, -1, -1, -1, -1, -1, -1, -1, -1, -1, -1, -1, -1, -1, -1, -1, -1, -1, -1, -1, -1, -1, -1, -1, -1, -1, -1, -1, -1, -1, -1, -1, -1, -1, -1, -1, -1, -1, -1, -1, -1, -1, -1, -1, -1, -1, -1, -1, -1, -1, -1, -1, -1, -1, -1, -1, -1, -1, -1, -1, -1, -1, -1, -1, -1, -1, -1, -1, -1, -1, -1, -1, -1, -1, -1, -1, -1, -1, -1, -1, -1, -1, -1, -1, -1, -1, -1, -1, -1, -1, -1, -1, -1, -1, -1, -1, -1, -1, -1, -1, -1, -1, -1, -1, -1, -1, -1, -1, -1, -1, -1, -1, -1, -1, -1, -1, -1, -1, -1, -1, -1, -1, -1, -1, -1, -1, -1, -1, -1, -1, -1, -1, -1, -1, -1, -1, -1, -1, -1, -1, -1, -1, -1, -1, -1, -1, -1, -1, -1, -1, -1, -1, -1, -1, -1, -1, -1, -1, -1, -1, -1, -1, -1, -1, -1, -1, -1, -1, -1, -1, -1, -1, -1, -1, -1, -1, -1, -1, -1, -1, -1, -1, -1, -1, -1, -1, -1, -1, -1, -1, -1, -1, -1, -1, -1, -1, -1, -1, -1, -1, -1, -1, -1, -1, -1, -1, -1, -1, -1, -1, -1, -1, -1, -1, -1, -1, -1, -1, -1, -1, -1, -1, -1, -1, -1, -1, -1, -1, -1, -1, -1, -1, -1, -1, -1, -1, -1, -1, -1, -1, -1, -1, -1, -1, -1, -1, -1, -1, -1, -1, -1, -1, -1, -1, -1, -1, -1, -1, -1, -1, -1, -1, -1, -1, -1, -1, -1, -1, -1, -1, -1, -1, -1, -1, -1, -1, -1, -1, -1, -1, -1, -1, -1, -1, -1, -1, -1, -1, -1, -1, -1, -1, -1, -1, -1, -1, -1, -1, -1, -1, -1, -1, -1, -1, -1, -1, -1, -1, -1, -1, -1, -1, -1, -1, -1, -1, -1, -1, -1, -1, -1, -1, -1, -1, -1, -1, -1, -1, -1, -1, -1, -1, -1, -1, -1, -1, -1, -1, -1, -1, -1, -1, -1, -1, -1, -1, -1, -1, -1, -1, -1, -1, -1, -1, -1, -1, -1, -1, -1, -1, -1, -1, -1, -1, -1, -1, -1, -1, -1, -1, -1, -1, -1, -1, -1, -1, -1, -1, -1, -1, -1, -1, -1, -1, -1, -1, -1, -1, -1, -1, -1, -1, -1, -1, -1, -1, -1, -1, -1, -1, -1, -1, -1, -1, -1, -1, -1, -1, -1, -1, -1, -1, -1, -1, -1, -1, -1, -1, -1, -1, -1, -1, -1, -1, -1, -1, -1, -1, -1, -1, -1, -1, -1, -1, -1, -1, -1, -1, -1, -1, -1, -1, -1, -1, -1, -1, -1, 24, 24, 24, 24, 24, 24, 24, 24, 24, 24, 24, 24, 24, 24, 24, 24, 24, 24, 24, 24, 25, 25, 25, 25, 25, 25, 25, 25, 25, 25, 25, 25, 25, 25, 25, 25, 25, 25, 25, 25, 26, 26, 26, 26, 26, 26, 26, 26, 26, 26, 26, 26, 26, 26, 26, 26, 26, 26, 26, 26, 27, 27, 27, 27, 27, 27, 27, 27, 27, 27, 27, 27, 27, 27, 27, 27, 27, 27, 27, 27, 28, 28, 28, 28, 28, 28, 28, 28, 28, 28, 28, 28, 28, 28, 28, 28, 28, 28, 28, 28, 29, 29, 29, 29, 29, 29, 29, 29, 29, 29, 29, 29, 29, 29, 29, 29, 29, 29, 29, 29, 30, 30, 30, 30, 30, 30, 30, 30, 30, 30, 30, 30, 30, 30, 30, 30, 30, 30, 30, 30, 31, 31, 31, 31, 31, 31, 31, 31, 31, 31, 31, 31, 31, 31, 31, 31, 31, 31, 31, 31, 24, 24, 24, 24, 24, 24, 24, 24, 24, 24, 24, 24, 24, 24, 24, 24, 24, 24, 24, 24, 25, 25, 25, 25, 25, 25, 25, 25, 25, 25, 25, 25, 25, 25, 25, 25, 25, 25, 25, 25, 26, 26, 26, 26, 26, 26, 26, 26, 26, 26, 26, 26, 26, 26, 26, 26, 26, 26, 26, 26, 27, 27, 27, 27, 27, 27, 27, 27, 27, 27, 27, 27, 27, 27, 27, 27, 27, 27, 27, 27, 28, 28, 28, 28, 28, 28, 28, 28, 28, 28, 28, 28, 28, 28, 28, 28, 28, 28, 28, 28, 29, 29, 29, 29, 29, 29, 29, 29, 29, 29, 29, 29, 29, 29, 29, 29, 29, 29, 29, 29, 30, 30, 30, 30, 30, 30, 30, 30, 30, 30, 30, 30, 30, 30, 30, 30, 30, 30, 30, 30, 31, 31, 31, 31, 31, 31, 31, 31, 31, 31, 31, 31, 31, 31, 31, 31, 31, 31, 31, 31, -1, -1, -1, -1, -1, -1, -1, -1, -1, -1, -1, -1, -1, -1, -1, -1, -1, -1, -1, -1, -1, -1, -1, -1, -1, -1, -1, -1, -1, -1, -1, -1, -1, -1, -1, -1, -1, -1, -1, -1, -1, -1, -1, -1, -1, -1, -1, -1, -1, -1, -1, -1, -1, -1, -1, -1, -1, -1, -1, -1, -1, -1, -1, -1, -1, -1, -1, -1, -1, -1, -1, -1, -1, -1, -1, -1, -1, -1, -1, -1, -1, -1, -1, -1, -1, -1, -1, -1, -1, -1, -1, -1, -1, -1, -1, -1, -1, -1, -1, -1, -1, -1, -1, -1, -1, -1, -1, -1, -1, -1, -1, -1, -1, -1, -1, -1, -1, -1, -1, -1, -1, -1, -1, -1, -1, -1, -1, -1, -1, -1, -1, -1, -1, -1, -1, -1, -1, -1, -1, -1, -1, -1, -1, -1, -1, -1, -1, -1, -1, -1, -1, -1, -1, -1, -1, -1, -1, -1, -1, -1, -1, -1, -1, -1, -1, -1, -1, -1, -1, -1, -1, -1, -1, -1, -1, -1, -1, -1, -1, -1, -1, -1, -1, -1, -1, -1, -1, -1, -1, -1, -1, -1]
            double[] torque_directions = [1, -6.123234262925839e-17, 0, 1.2246468525851679e-16, 1, 0, -1, 1.8369701465288538e-16, 0, -2.4492937051703357e-16, -1, 0]
            int torque_directions_cols = 3
        }
        dictionary contact_params = {
            double max_edge_length = 0.11180342053299609
            double min_edge_length = 0.025881888396341125
            double particle_radius = 0.012940944198170563
            double self_contact_radius = 0.22360684106599218
        }
        dictionary finger_skeletons = {
            double[] arc_lengths = [0, 0.1599999964237213, 0.3199999928474426, 0.47999998927116394, 0.6399999856948853, 0.7999999523162842, 0, 0.1599999964237213, 0.3199999928474426, 0.47999998927116394, 0.6399999856948853, 0.7999999523162842, 0, 0.1599999964237213, 0.3199999928474426, 0.47999998927116394, 0.6399999856948853, 0.7999999523162842, 0, 0.1599999964237213, 0.3199999928474426, 0.47999998927116394, 0.6399999856948853, 0.7999999523162842]
            double[] axis_end = [5.5109105057610103e-17, 0.8999999761581421, 0, -0.8999999761581421, 1.1021821011522021e-16, 0, -1.6532731848155276e-16, -0.8999999761581421, 0, 0.8999999761581421, -2.2043642023044041e-16, 0]
            double[] axis_start = [6.123233849335533e-18, 0.10000000149011612, 0, -0.10000000149011612, 1.2246467698671066e-17, 0, -1.8369702788777518e-17, -0.10000000149011612, 0, 0.10000000149011612, -2.4492935397342132e-17, 0]
            double[] bary_weights = [-2.220446049250313e-16, 1.2246467202362698e-16, 0, 1, 0.2000000923871994, 0.2000000923871994, 0.7999998927116394, -0.2000000923871994, -2.220446049250313e-16, 0.8000001907348633, 0.1999998241662979, -5.143516516159909e-16, 0.2000003606081009, -2.6791387423857503e-19, -7.102951480296178e-16, 0.7999996542930603, -0.20000006258487701, 0.7999999523162842, 0.20000006258487701, 0.20000006258487701, -2.220446049250313e-16, 1, 8.12740487512465e-17, 1.4077077454946653e-16, -2.220446049250313e-16, 2.4492934404725397e-16, -0, 1, 0.2000000923871994, 0.2000000923871994, 0.7999998927116394, -0.2000000923871994, -2.220446049250313e-16, 0.8000001907348633, 0.1999998241662979, -5.143516516159909e-16, 0.2000003606081009, -2.678832944053047e-19, -7.10295200969177e-16, 0.7999996542930603, -0.20000006258487701, 0.7999999523162842, 0.20000006258487701, 0.20000006258487701, -2.220446049250313e-16, 1, 8.12740487512465e-17, 1.4077077454946653e-16, -4.440892098500626e-16, 3.6739405577555036e-16, -0, 1, 0.2000000923871994, 0.2000000923871994, 0.7999998927116394, -0.2000000923871994, -2.220446049250313e-16, 0.8000001907348633, 0.1999998241662979, -5.143517045555501e-16, 0.2000003606081009, -2.677865659724243e-19, -7.102952539087362e-16, 0.7999996542930603, -0.20000006258487701, 0.7999999523162842, 0.20000006258487701, 0.20000006258487701, -2.220446049250313e-16, 1, 8.12740487512465e-17, 1.4077077454946653e-16, -4.440892098500626e-16, 4.898586880945079e-16, 0, 1, 0.2000000923871994, 0.2000000923871994, 0.7999998927116394, -0.2000000923871994, -2.220446049250313e-16, 0.8000001907348633, 0.1999998241662979, -5.143518104346685e-16, 0.2000003606081009, -2.6768983753954387e-19, -7.102953597878546e-16, 0.7999996542930603, -0.20000006258487701, 0.7999999523162842, 0.20000006258487701, 0.20000006258487701, -2.220446049250313e-16, 1, 8.12740487512465e-17, 1.4077077454946653e-16]
            int[] finger_id = [0, 0, 0, 0, 0, 0, 1, 1, 1, 1, 1, 1, 2, 2, 2, 2, 2, 2, 3, 3, 3, 3, 3, 3]
            int[] keypoint_index = [0, 1, 2, 3, 4, 5, 0, 1, 2, 3, 4, 5, 0, 1, 2, 3, 4, 5, 0, 1, 2, 3, 4, 5]
            int num_fingers = 4
            int num_keypoints_per_finger = 6
            double[] radii = [0.10000000149011612, 0.10000000149011612, 0.10000000149011612, 0.10000000149011612, 0.10000000149011612, 0.09659258276224136, 0.10000000149011612, 0.10000000149011612, 0.10000000149011612, 0.10000000149011612, 0.10000000149011612, 0.09659258276224136, 0.10000000149011612, 0.10000000149011612, 0.10000000149011612, 0.10000000149011612, 0.10000000149011612, 0.09659258276224136, 0.10000000149011612, 0.10000000149011612, 0.10000000149011612, 0.10000000149011612, 0.10000000149011612, 0.09659258276224136]
            double[] rest_positions = [6.123233849335533e-18, 0.10000000149011612, 0, 1.5920407760118202e-17, 0.25999999046325684, 0, 2.571758291167179e-17, 0.41999998688697815, 0, 3.551475806322538e-17, 0.5799999833106995, 0, 4.531193156041774e-17, 0.7400000095367432, 0, 5.5109105057610103e-17, 0.8999999761581421, 0, -0.10000000149011612, 1.2246467698671066e-17, 0, -0.25999999046325684, 3.1840815520236404e-17, 0, -0.41999998688697815, 5.143516582334358e-17, 0, -0.5799999833106995, 7.102951612645076e-17, 0, -0.7400000095367432, 9.062386312083548e-17, 0, -0.8999999761581421, 1.1021821011522021e-16, 0, -1.8369702788777518e-17, -0.10000000149011612, 0, -4.7761226589077056e-17, -0.25999999046325684, 0, -7.71527503893766e-17, -0.41999998688697815, 0, -1.0654427749839858e-16, -0.5799999833106995, 0, -1.3593579137253077e-16, -0.7400000095367432, 0, -1.6532733171644256e-16, -0.8999999761581421, 0, 0.10000000149011612, -2.4492935397342132e-17, 0, 0.25999999046325684, -6.368163104047281e-17, 0, 0.41999998688697815, -1.0287033164668716e-16, 0, 0.5799999833106995, -1.420590322529015e-16, 0, 0.7400000095367432, -1.8124772624167096e-16, 0, 0.8999999761581421, -2.2043642023044041e-16, 0]
            int[] tet_indices = [491, 505, 547, 569, 605, 1020, 1323, 1337, 1379, 1401, 1437, 1852, 2155, 2169, 2211, 2233, 2269, 2684, 2987, 3001, 3043, 3065, 3101, 3516]
        }
        dictionary gen_params = {
            string architecture = "plate_gripper"
            dictionary config = {
                double base_angle_deg = 90
                dictionary cap = {
                    int n_angular = 6
                }
                string chamber_half = "top"
                bool debug_stages = 1
                int fingers = 4
                double height = 0.2
                dictionary hub = {
                    double glue_epsilon = 0.000001
                    int n_edge = 1
                    int n_height = 1
                }
                double length = 0.8
                string name = "gripper_4f"
                int num_chambers = 8
                dictionary spline = {
                    int num_keypoints = 6
                }
                int subdivisions_height = 4
                int subdivisions_length = 8
                int subdivisions_width = 4
                double weld_epsilon = 0.000001
                double width = 0.2
            }
            dictionary counts = {
                int glue_pairs = 10
                int num_chambers = 32
                int rigid_tris = 16
                int rigid_verts = 10
                int soft_tets = 3648
                int soft_verts = 1125
            }
            string generator = "newton-mesh-tools/scripts/generate_assets.py"
        }
    }
)
{
    point3f[] points = [(-0.1, -0.1, -0.1), (-0.05, -0.1, -0.1), (0, -0.1, -0.1), (0.05, -0.1, -0.1), (0.1, -0.1, -0.1), (-0.1, -0.05, -0.1), (-0.05, -0.05, -0.1), (0, -0.05, -0.1), (0.05, -0.05, -0.1), (0.1, -0.05, -0.1), (-0.1, 0, -0.1), (-0.05, 0, -0.1), (0, 0, -0.1), (0.05, 0, -0.1), (0.1, 0, -0.1), (-0.1, 0.05, -0.1), (-0.05, 0.05, -0.1), (0, 0.05, -0.1), (0.05, 0.05, -0.1), (0.1, 0.05, -0.1), (-0.1, 0.1, -0.1), (-0.05, 0.1, -0.1), (0, 0.1, -0.1), (0.05, 0.1, -0.1), (0.1, 0.1, -0.1), (-0.1, -0.1, -0.05), (-0.05, -0.1, -0.05), (0, -0.1, -0.05), (0.05, -0.1, -0.05), (0.1, -0.1, -0.05), (-0.1, -0.05, -0.05), (-0.05, -0.05, -0.05), (0, -0.05, -0.05), (0.05, -0.05, -0.05), (0.1, -0.05, -0.05), (-0.1, 0, -0.05), (-0.05, 0, -0.05), (0, 0, -0.05), (0.05, 0, -0.05), (0.1, 0, -0.05), (-0.1, 0.05, -0.05), (-0.05, 0.05, -0.05), (0, 0.05, -0.05), (0.05, 0.05, -0.05), (0.1, 0.05, -0.05), (-0.1, 0.1, -0.05), (-0.05, 0.1, -0.05), (0, 0.1, -0.05), (0.05, 0.1, -0.05), (0.1, 0.1, -0.05), (-0.1, -0.1, 0), (-0.05, -0.1, 0), (0, -0.1, 0), (0.05, -0.1, 0), (0.1, -0.1, 0), (-0.1, -0.05, 0), (-0.05, -0.05, 0), (0, -0.05, 0), (0.05, -0.05, 0), (0.1, -0.05, 0), (-0.1, 0, 0), (-0.05, 0, 0), (0, 0, 0), (0.05, 0, 0), (0.1, 0, 0), (-0.1, 0.05, 0), (-0.05, 0.05, 0), (0, 0.05, 0), (0.05, 0.05, 0), (0.1, 0.05, 0), (-0.1, 0.1, 0), (-0.05, 0.1, 0), (0, 0.1, 0), (0.05, 0.1, 0), (0.1, 0.1, 0), (-0.1, -0.1, 0.05), (-0.05, -0.1, 0.05), (0, -0.1, 0.05), (0.05, -0.1, 0.05), (0.1, -0.1, 0.05), (-0.1, -0.05, 0.05), (-0.05, -0.05, 0.05), (0, -0.05, 0.05), (0.05, -0.05, 0.05), (0.1, -0.05, 0.05), (-0.1, 0, 0.05), (-0.05, 0, 0.05), (0, 0, 0.05), (0.05, 0, 0.05), (0.1, 0, 0.05), (-0.1, 0.05, 0.05), (-0.05, 0.05, 0.05), (0, 0.05, 0.05), (0.05, 0.05, 0.05), (0.1, 0.05, 0.05), (-0.1, 0.1, 0.05), (-0.05, 0.1, 0.05), (0, 0.1, 0.05), (0.05, 0.1, 0.05), (0.1, 0.1, 0.05), (-0.1, -0.1, 0.1), (-0.05, -0.1, 0.1), (0, -0.1, 0.1), (0.05, -0.1, 0.1), (0.1, -0.1, 0.1), (-0.1, -0.05, 0.1), (-0.05, -0.05, 0.1), (0, -0.05, 0.1), (0.05, -0.05, 0.1), (0.1, -0.05, 0.1), (-0.1, 0, 0.1), (-0.05, 0, 0.1), (0, 0, 0.1), (0.05, 0, 0.1), (0.1, 0, 0.1), (-0.1, 0.05, 0.1), (-0.05, 0.05, 0.1), (0, 0.05, 0.1), (0.05, 0.05, 0.1), (0.1, 0.05, 0.1), (-0.1, 0.1, 0.1), (-0.05, 0.1, 0.1), (0, 0.1, 0.1), (0.05, 0.1, 0.1), (0.1, 0.1, 0.1), (-0.1, 0.2, -0.1), (-0.05, 0.2, -0.1), (0, 0.2, -0.1), (0.05, 0.2, -0.1), (0.1, 0.2, -0.1), (-0.1, 0.3, -0.1), (-0.05, 0.3, -0.1), (0, 0.3, -0.1), (0.05, 0.3, -0.1), (0.1, 0.3, -0.1), (-0.1, 0.4, -0.1), (-0.05, 0.4, -0.1), (0, 0.4, -0.1), (0.05, 0.4, -0.1), (0.1, 0.4, -0.1), (-0.1, 0.5, -0.1), (-0.05, 0.5, -0.1), (0, 0.5, -0.1), (0.05, 0.5, -0.1), (0.1, 0.5, -0.1), (-0.1, 0.6, -0.1), (-0.05, 0.6, -0.1), (0, 0.6, -0.1), (0.05, 0.6, -0.1), (0.1, 0.6, -0.1), (-0.1, 0.7, -0.1), (-0.05, 0.7, -0.1), (0, 0.7, -0.1), (0.05, 0.7, -0.1), (0.1, 0.7, -0.1), (-0.1, 0.8, -0.1), (-0.05, 0.8, -0.1), (0, 0.8, -0.1), (0.05, 0.8, -0.1), (0.1, 0.8, -0.1), (-0.1, 0.9, -0.1), (-0.05, 0.9, -0.1), (0, 0.9, -0.1), (0.05, 0.9, -0.1), (0.1, 0.9, -0.1), (-0.1, 0.2, -0.05), (-0.05, 0.2, -0.05), (0, 0.2, -0.05), (0.05, 0.2, -0.05), (0.1, 0.2, -0.05), (-0.1, 0.3, -0.05), (-0.05, 0.3, -0.05), (0, 0.3, -0.05), (0.05, 0.3, -0.05), (0.1, 0.3, -0.05), (-0.1, 0.4, -0.05), (-0.05, 0.4, -0.05), (0, 0.4, -0.05), (0.05, 0.4, -0.05), (0.1, 0.4, -0.05), (-0.1, 0.5, -0.05), (-0.05, 0.5, -0.05), (0, 0.5, -0.05), (0.05, 0.5, -0.05), (0.1, 0.5, -0.05), (-0.1, 0.6, -0.05), (-0.05, 0.6, -0.05), (0, 0.6, -0.05), (0.05, 0.6, -0.05), (0.1, 0.6, -0.05), (-0.1, 0.7, -0.05), (-0.05, 0.7, -0.05), (0, 0.7, -0.05), (0.05, 0.7, -0.05), (0.1, 0.7, -0.05), (-0.1, 0.8, -0.05), (-0.05, 0.8, -0.05), (0, 0.8, -0.05), (0.05, 0.8, -0.05), (0.1, 0.8, -0.05), (-0.1, 0.9, -0.05), (-0.05, 0.9, -0.05), (0, 0.9, -0.05), (0.05, 0.9, -0.05), (0.1, 0.9, -0.05), (-0.1, 0.2, 0), (-0.05, 0.2, 0), (0, 0.2, 0), (0.05, 0.2, 0), (0.1, 0.2, 0), (-0.1, 0.3, 0), (-0.05, 0.3, 0), (0, 0.3, 0), (0.05, 0.3, 0), (0.1, 0.3, 0), (-0.1, 0.4, 0), (-0.05, 0.4, 0), (0, 0.4, 0), (0.05, 0.4, 0), (0.1, 0.4, 0), (-0.1, 0.5, 0), (-0.05, 0.5, 0), (0, 0.5, 0), (0.05, 0.5, 0), (0.1, 0.5, 0), (-0.1, 0.6, 0), (-0.05, 0.6, 0), (0, 0.6, 0), (0.05, 0.6, 0), (0.1, 0.6, 0), (-0.1, 0.7, 0), (-0.05, 0.7, 0), (0, 0.7, 0), (0.05, 0.7, 0), (0.1, 0.7, 0), (-0.1, 0.8, 0), (-0.05, 0.8, 0), (0, 0.8, 0), (0.05, 0.8, 0), (0.1, 0.8, 0), (-0.1, 0.9, 0), (-0.05, 0.9, 0), (0, 0.9, 0), (0.05, 0.9, 0), (0.1, 0.9, 0), (-0.1, 0.2, 0.05), (-0.05, 0.2, 0.05), (0, 0.2, 0.05), (0.05, 0.2, 0.05), (0.1, 0.2, 0.05), (-0.1, 0.3, 0.05), (-0.05, 0.3, 0.05), (0, 0.3, 0.05), (0.05, 0.3, 0.05), (0.1, 0.3, 0.05), (-0.1, 0.4, 0.05), (-0.05, 0.4, 0.05), (0, 0.4, 0.05), (0.05, 0.4, 0.05), (0.1, 0.4, 0.05), (-0.1, 0.5, 0.05), (-0.05, 0.5, 0.05), (0, 0.5, 0.05), (0.05, 0.5, 0.05), (0.1, 0.5, 0.05), (-0.1, 0.6, 0.05), (-0.05, 0.6, 0.05), (0, 0.6, 0.05), (0.05, 0.6, 0.05), (0.1, 0.6, 0.05), (-0.1, 0.7, 0.05), (-0.05, 0.7, 0.05), (0, 0.7, 0.05), (0.05, 0.7, 0.05), (0.1, 0.7, 0.05), (-0.1, 0.8, 0.05), (-0.05, 0.8, 0.05), (0, 0.8, 0.05), (0.05, 0.8, 0.05), (0.1, 0.8, 0.05), (-0.1, 0.9, 0.05), (-0.05, 0.9, 0.05), (0, 0.9, 0.05), (0.05, 0.9, 0.05), (0.1, 0.9, 0.05), (-0.1, 0.2, 0.1), (-0.05, 0.2, 0.1), (0, 0.2, 0.1), (0.05, 0.2, 0.1), (0.1, 0.2, 0.1), (-0.1, 0.3, 0.1), (-0.05, 0.3, 0.1), (0, 0.3, 0.1), (0.05, 0.3, 0.1), (0.1, 0.3, 0.1), (-0.1, 0.4, 0.1), (-0.05, 0.4, 0.1), (0, 0.4, 0.1), (0.05, 0.4, 0.1), (0.1, 0.4, 0.1), (-0.1, 0.5, 0.1), (-0.05, 0.5, 0.1), (0, 0.5, 0.1), (0.05, 0.5, 0.1), (0.1, 0.5, 0.1), (-0.1, 0.6, 0.1), (-0.05, 0.6, 0.1), (0, 0.6, 0.1), (0.05, 0.6, 0.1), (0.1, 0.6, 0.1), (-0.1, 0.7, 0.1), (-0.05, 0.7, 0.1), (0, 0.7, 0.1), (0.05, 0.7, 0.1), (0.1, 0.7, 0.1), (-0.1, 0.8, 0.1), (-0.05, 0.8, 0.1), (0, 0.8, 0.1), (0.05, 0.8, 0.1), (0.1, 0.8, 0.1), (-0.1, 0.9, 0.1), (-0.05, 0.9, 0.1), (0, 0.9, 0.1), (0.05, 0.9, 0.1), (0.1, 0.9, 0.1), (0.04330127, 0.925, -0.1), (0.04330127, 0.925, -0.05), (0.025, 0.94330126, -0.1), (0.025, 0.94330126, -0.05), (3.061617e-18, 0.95, -0.1), (3.061617e-18, 0.95, -0.05), (-0.025, 0.94330126, -0.1), (-0.025, 0.94330126, -0.05), (-0.04330127, 0.925, -0.1), (-0.04330127, 0.925, -0.05), (0.08660254, 0.95, -0.1), (0.08660254, 0.95, -0.05), (0.05, 0.98660254, -0.1), (0.05, 0.98660254, -0.05), (6.123234e-18, 1, -0.1), (6.123234e-18, 1, -0.05), (-0.05, 0.98660254, -0.1), (-0.05, 0.98660254, -0.05), (-0.08660254, 0.95, -0.1), (-0.08660254, 0.95, -0.05), (0.04330127, 0.925, 0), (0.025, 0.94330126, 0), (3.061617e-18, 0.95, 0), (-0.025, 0.94330126, 0), (-0.04330127, 0.925, 0), (0.08660254, 0.95, 0), (0.05, 0.98660254, 0), (6.123234e-18, 1, 0), (-0.05, 0.98660254, 0), (-0.08660254, 0.95, 0), (0.04330127, 0.925, 0.05), (0.025, 0.94330126, 0.05), (3.061617e-18, 0.95, 0.05), (-0.025, 0.94330126, 0.05), (-0.04330127, 0.925, 0.05), (0.08660254, 0.95, 0.05), (0.05, 0.98660254, 0.05), (6.123234e-18, 1, 0.05), (-0.05, 0.98660254, 0.05), (-0.08660254, 0.95, 0.05), (0.04330127, 0.925, 0.1), (0.025, 0.94330126, 0.1), (3.061617e-18, 0.95, 0.1), (-0.025, 0.94330126, 0.1), (-0.04330127, 0.925, 0.1), (0.08660254, 0.95, 0.1), (0.05, 0.98660254, 0.1), (6.123234e-18, 1, 0.1), (-0.05, 0.98660254, 0.1), (-0.08660254, 0.95, 0.1), (-0.2, -0.1, -0.1), (-0.2, -0.05, -0.1), (-0.2, 1.22464685e-17, -0.1), (-0.2, 0.05, -0.1), (-0.2, 0.1, -0.1), (-0.3, -0.1, -0.1), (-0.3, -0.05, -0.1), (-0.3, 1.8369703e-17, -0.1), (-0.3, 0.05, -0.1), (-0.3, 0.1, -0.1), (-0.4, -0.1, -0.1), (-0.4, -0.05, -0.1), (-0.4, 2.4492937e-17, -0.1), (-0.4, 0.05, -0.1), (-0.4, 0.1, -0.1), (-0.5, -0.1, -0.1), (-0.5, -0.05, -0.1), (-0.5, 3.061617e-17, -0.1), (-0.5, 0.05, -0.1), (-0.5, 0.1, -0.1), (-0.6, -0.1, -0.1), (-0.6, -0.05, -0.1), (-0.6, 3.6739406e-17, -0.1), (-0.6, 0.05, -0.1), (-0.6, 0.1, -0.1), (-0.7, -0.1, -0.1), (-0.7, -0.05, -0.1), (-0.7, 4.286264e-17, -0.1), (-0.7, 0.05, -0.1), (-0.7, 0.1, -0.1), (-0.8, -0.1, -0.1), (-0.8, -0.05, -0.1), (-0.8, 4.8985874e-17, -0.1), (-0.8, 0.05, -0.1), (-0.8, 0.1, -0.1), (-0.9, -0.1, -0.1), (-0.9, -0.05, -0.1), (-0.9, 5.510911e-17, -0.1), (-0.9, 0.05, -0.1), (-0.9, 0.1, -0.1), (-0.2, -0.1, -0.05), (-0.2, -0.05, -0.05), (-0.2, 1.22464685e-17, -0.05), (-0.2, 0.05, -0.05), (-0.2, 0.1, -0.05), (-0.3, -0.1, -0.05), (-0.3, -0.05, -0.05), (-0.3, 1.8369703e-17, -0.05), (-0.3, 0.05, -0.05), (-0.3, 0.1, -0.05), (-0.4, -0.1, -0.05), (-0.4, -0.05, -0.05), (-0.4, 2.4492937e-17, -0.05), (-0.4, 0.05, -0.05), (-0.4, 0.1, -0.05), (-0.5, -0.1, -0.05), (-0.5, -0.05, -0.05), (-0.5, 3.061617e-17, -0.05), (-0.5, 0.05, -0.05), (-0.5, 0.1, -0.05), (-0.6, -0.1, -0.05), (-0.6, -0.05, -0.05), (-0.6, 3.6739406e-17, -0.05), (-0.6, 0.05, -0.05), (-0.6, 0.1, -0.05), (-0.7, -0.1, -0.05), (-0.7, -0.05, -0.05), (-0.7, 4.286264e-17, -0.05), (-0.7, 0.05, -0.05), (-0.7, 0.1, -0.05), (-0.8, -0.1, -0.05), (-0.8, -0.05, -0.05), (-0.8, 4.8985874e-17, -0.05), (-0.8, 0.05, -0.05), (-0.8, 0.1, -0.05), (-0.9, -0.1, -0.05), (-0.9, -0.05, -0.05), (-0.9, 5.510911e-17, -0.05), (-0.9, 0.05, -0.05), (-0.9, 0.1, -0.05), (-0.2, -0.1, 0), (-0.2, -0.05, 0), (-0.2, 1.22464685e-17, 0), (-0.2, 0.05, 0), (-0.2, 0.1, 0), (-0.3, -0.1, 0), (-0.3, -0.05, 0), (-0.3, 1.8369703e-17, 0), (-0.3, 0.05, 0), (-0.3, 0.1, 0), (-0.4, -0.1, 0), (-0.4, -0.05, 0), (-0.4, 2.4492937e-17, 0), (-0.4, 0.05, 0), (-0.4, 0.1, 0), (-0.5, -0.1, 0), (-0.5, -0.05, 0), (-0.5, 3.061617e-17, 0), (-0.5, 0.05, 0), (-0.5, 0.1, 0), (-0.6, -0.1, 0), (-0.6, -0.05, 0), (-0.6, 3.6739406e-17, 0), (-0.6, 0.05, 0), (-0.6, 0.1, 0), (-0.7, -0.1, 0), (-0.7, -0.05, 0), (-0.7, 4.286264e-17, 0), (-0.7, 0.05, 0), (-0.7, 0.1, 0), (-0.8, -0.1, 0), (-0.8, -0.05, 0), (-0.8, 4.8985874e-17, 0), (-0.8, 0.05, 0), (-0.8, 0.1, 0), (-0.9, -0.1, 0), (-0.9, -0.05, 0), (-0.9, 5.510911e-17, 0), (-0.9, 0.05, 0), (-0.9, 0.1, 0), (-0.2, -0.1, 0.05), (-0.2, -0.05, 0.05), (-0.2, 1.22464685e-17, 0.05), (-0.2, 0.05, 0.05), (-0.2, 0.1, 0.05), (-0.3, -0.1, 0.05), (-0.3, -0.05, 0.05), (-0.3, 1.8369703e-17, 0.05), (-0.3, 0.05, 0.05), (-0.3, 0.1, 0.05), (-0.4, -0.1, 0.05), (-0.4, -0.05, 0.05), (-0.4, 2.4492937e-17, 0.05), (-0.4, 0.05, 0.05), (-0.4, 0.1, 0.05), (-0.5, -0.1, 0.05), (-0.5, -0.05, 0.05), (-0.5, 3.061617e-17, 0.05), (-0.5, 0.05, 0.05), (-0.5, 0.1, 0.05), (-0.6, -0.1, 0.05), (-0.6, -0.05, 0.05), (-0.6, 3.6739406e-17, 0.05), (-0.6, 0.05, 0.05), (-0.6, 0.1, 0.05), (-0.7, -0.1, 0.05), (-0.7, -0.05, 0.05), (-0.7, 4.286264e-17, 0.05), (-0.7, 0.05, 0.05), (-0.7, 0.1, 0.05), (-0.8, -0.1, 0.05), (-0.8, -0.05, 0.05), (-0.8, 4.8985874e-17, 0.05), (-0.8, 0.05, 0.05), (-0.8, 0.1, 0.05), (-0.9, -0.1, 0.05), (-0.9, -0.05, 0.05), (-0.9, 5.510911e-17, 0.05), (-0.9, 0.05, 0.05), (-0.9, 0.1, 0.05), (-0.2, -0.1, 0.1), (-0.2, -0.05, 0.1), (-0.2, 1.22464685e-17, 0.1), (-0.2, 0.05, 0.1), (-0.2, 0.1, 0.1), (-0.3, -0.1, 0.1), (-0.3, -0.05, 0.1), (-0.3, 1.8369703e-17, 0.1), (-0.3, 0.05, 0.1), (-0.3, 0.1, 0.1), (-0.4, -0.1, 0.1), (-0.4, -0.05, 0.1), (-0.4, 2.4492937e-17, 0.1), (-0.4, 0.05, 0.1), (-0.4, 0.1, 0.1), (-0.5, -0.1, 0.1), (-0.5, -0.05, 0.1), (-0.5, 3.061617e-17, 0.1), (-0.5, 0.05, 0.1), (-0.5, 0.1, 0.1), (-0.6, -0.1, 0.1), (-0.6, -0.05, 0.1), (-0.6, 3.6739406e-17, 0.1), (-0.6, 0.05, 0.1), (-0.6, 0.1, 0.1), (-0.7, -0.1, 0.1), (-0.7, -0.05, 0.1), (-0.7, 4.286264e-17, 0.1), (-0.7, 0.05, 0.1), (-0.7, 0.1, 0.1), (-0.8, -0.1, 0.1), (-0.8, -0.05, 0.1), (-0.8, 4.8985874e-17, 0.1), (-0.8, 0.05, 0.1), (-0.8, 0.1, 0.1), (-0.9, -0.1, 0.1), (-0.9, -0.05, 0.1), (-0.9, 5.510911e-17, 0.1), (-0.9, 0.05, 0.1), (-0.9, 0.1, 0.1), (-0.925, 0.04330127, -0.1), (-0.925, 0.04330127, -0.05), (-0.94330126, 0.025, -0.1), (-0.94330126, 0.025, -0.05), (-0.95, 6.123234e-17, -0.1), (-0.95, 6.123234e-17, -0.05), (-0.94330126, -0.025, -0.1), (-0.94330126, -0.025, -0.05), (-0.925, -0.04330127, -0.1), (-0.925, -0.04330127, -0.05), (-0.95, 0.08660254, -0.1), (-0.95, 0.08660254, -0.05), (-0.98660254, 0.05, -0.1), (-0.98660254, 0.05, -0.05), (-1, 6.735558e-17, -0.1), (-1, 6.735558e-17, -0.05), (-0.98660254, -0.05, -0.1), (-0.98660254, -0.05, -0.05), (-0.95, -0.08660254, -0.1), (-0.95, -0.08660254, -0.05), (-0.925, 0.04330127, 0), (-0.94330126, 0.025, 0), (-0.95, 6.123234e-17, 0), (-0.94330126, -0.025, 0), (-0.925, -0.04330127, 0), (-0.95, 0.08660254, 0), (-0.98660254, 0.05, 0), (-1, 6.735558e-17, 0), (-0.98660254, -0.05, 0), (-0.95, -0.08660254, 0), (-0.925, 0.04330127, 0.05), (-0.94330126, 0.025, 0.05), (-0.95, 6.123234e-17, 0.05), (-0.94330126, -0.025, 0.05), (-0.925, -0.04330127, 0.05), (-0.95, 0.08660254, 0.05), (-0.98660254, 0.05, 0.05), (-1, 6.735558e-17, 0.05), (-0.98660254, -0.05, 0.05), (-0.95, -0.08660254, 0.05), (-0.925, 0.04330127, 0.1), (-0.94330126, 0.025, 0.1), (-0.95, 6.123234e-17, 0.1), (-0.94330126, -0.025, 0.1), (-0.925, -0.04330127, 0.1), (-0.95, 0.08660254, 0.1), (-0.98660254, 0.05, 0.1), (-1, 6.735558e-17, 0.1), (-0.98660254, -0.05, 0.1), (-0.95, -0.08660254, 0.1), (0.1, -0.2, -0.1), (0.05, -0.2, -0.1), (-2.4492937e-17, -0.2, -0.1), (-0.05, -0.2, -0.1), (-0.1, -0.2, -0.1), (0.1, -0.3, -0.1), (0.05, -0.3, -0.1), (-3.6739406e-17, -0.3, -0.1), (-0.05, -0.3, -0.1), (-0.1, -0.3, -0.1), (0.1, -0.4, -0.1), (0.05, -0.4, -0.1), (-4.8985874e-17, -0.4, -0.1), (-0.05, -0.4, -0.1), (-0.1, -0.4, -0.1), (0.1, -0.5, -0.1), (0.05, -0.5, -0.1), (-6.123234e-17, -0.5, -0.1), (-0.05, -0.5, -0.1), (-0.1, -0.5, -0.1), (0.1, -0.6, -0.1), (0.05, -0.6, -0.1), (-7.347881e-17, -0.6, -0.1), (-0.05, -0.6, -0.1), (-0.1, -0.6, -0.1), (0.1, -0.7, -0.1), (0.05, -0.7, -0.1), (-8.572528e-17, -0.7, -0.1), (-0.05, -0.7, -0.1), (-0.1, -0.7, -0.1), (0.1, -0.8, -0.1), (0.05, -0.8, -0.1), (-9.797175e-17, -0.8, -0.1), (-0.05, -0.8, -0.1), (-0.1, -0.8, -0.1), (0.1, -0.9, -0.1), (0.05, -0.9, -0.1), (-1.1021822e-16, -0.9, -0.1), (-0.05, -0.9, -0.1), (-0.1, -0.9, -0.1), (0.1, -0.2, -0.05), (0.05, -0.2, -0.05), (-2.4492937e-17, -0.2, -0.05), (-0.05, -0.2, -0.05), (-0.1, -0.2, -0.05), (0.1, -0.3, -0.05), (0.05, -0.3, -0.05), (-3.6739406e-17, -0.3, -0.05), (-0.05, -0.3, -0.05), (-0.1, -0.3, -0.05), (0.1, -0.4, -0.05), (0.05, -0.4, -0.05), (-4.8985874e-17, -0.4, -0.05), (-0.05, -0.4, -0.05), (-0.1, -0.4, -0.05), (0.1, -0.5, -0.05), (0.05, -0.5, -0.05), (-6.123234e-17, -0.5, -0.05), (-0.05, -0.5, -0.05), (-0.1, -0.5, -0.05), (0.1, -0.6, -0.05), (0.05, -0.6, -0.05), (-7.347881e-17, -0.6, -0.05), (-0.05, -0.6, -0.05), (-0.1, -0.6, -0.05), (0.1, -0.7, -0.05), (0.05, -0.7, -0.05), (-8.572528e-17, -0.7, -0.05), (-0.05, -0.7, -0.05), (-0.1, -0.7, -0.05), (0.1, -0.8, -0.05), (0.05, -0.8, -0.05), (-9.797175e-17, -0.8, -0.05), (-0.05, -0.8, -0.05), (-0.1, -0.8, -0.05), (0.1, -0.9, -0.05), (0.05, -0.9, -0.05), (-1.1021822e-16, -0.9, -0.05), (-0.05, -0.9, -0.05), (-0.1, -0.9, -0.05), (0.1, -0.2, 0), (0.05, -0.2, 0), (-2.4492937e-17, -0.2, 0), (-0.05, -0.2, 0), (-0.1, -0.2, 0), (0.1, -0.3, 0), (0.05, -0.3, 0), (-3.6739406e-17, -0.3, 0), (-0.05, -0.3, 0), (-0.1, -0.3, 0), (0.1, -0.4, 0), (0.05, -0.4, 0), (-4.8985874e-17, -0.4, 0), (-0.05, -0.4, 0), (-0.1, -0.4, 0), (0.1, -0.5, 0), (0.05, -0.5, 0), (-6.123234e-17, -0.5, 0), (-0.05, -0.5, 0), (-0.1, -0.5, 0), (0.1, -0.6, 0), (0.05, -0.6, 0), (-7.347881e-17, -0.6, 0), (-0.05, -0.6, 0), (-0.1, -0.6, 0), (0.1, -0.7, 0), (0.05, -0.7, 0), (-8.572528e-17, -0.7, 0), (-0.05, -0.7, 0), (-0.1, -0.7, 0), (0.1, -0.8, 0), (0.05, -0.8, 0), (-9.797175e-17, -0.8, 0), (-0.05, -0.8, 0), (-0.1, -0.8, 0), (0.1, -0.9, 0), (0.05, -0.9, 0), (-1.1021822e-16, -0.9, 0), (-0.05, -0.9, 0), (-0.1, -0.9, 0), (0.1, -0.2, 0.05), (0.05, -0.2, 0.05), (-2.4492937e-17, -0.2, 0.05), (-0.05, -0.2, 0.05), (-0.1, -0.2, 0.05), (0.1, -0.3, 0.05), (0.05, -0.3, 0.05), (-3.6739406e-17, -0.3, 0.05), (-0.05, -0.3, 0.05), (-0.1, -0.3, 0.05), (0.1, -0.4, 0.05), (0.05, -0.4, 0.05), (-4.8985874e-17, -0.4, 0.05), (-0.05, -0.4, 0.05), (-0.1, -0.4, 0.05), (0.1, -0.5, 0.05), (0.05, -0.5, 0.05), (-6.123234e-17, -0.5, 0.05), (-0.05, -0.5, 0.05), (-0.1, -0.5, 0.05), (0.1, -0.6, 0.05), (0.05, -0.6, 0.05), (-7.347881e-17, -0.6, 0.05), (-0.05, -0.6, 0.05), (-0.1, -0.6, 0.05), (0.1, -0.7, 0.05), (0.05, -0.7, 0.05), (-8.572528e-17, -0.7, 0.05), (-0.05, -0.7, 0.05), (-0.1, -0.7, 0.05), (0.1, -0.8, 0.05), (0.05, -0.8, 0.05), (-9.797175e-17, -0.8, 0.05), (-0.05, -0.8, 0.05), (-0.1, -0.8, 0.05), (0.1, -0.9, 0.05), (0.05, -0.9, 0.05), (-1.1021822e-16, -0.9, 0.05), (-0.05, -0.9, 0.05), (-0.1, -0.9, 0.05), (0.1, -0.2, 0.1), (0.05, -0.2, 0.1), (-2.4492937e-17, -0.2, 0.1), (-0.05, -0.2, 0.1), (-0.1, -0.2, 0.1), (0.1, -0.3, 0.1), (0.05, -0.3, 0.1), (-3.6739406e-17, -0.3, 0.1), (-0.05, -0.3, 0.1), (-0.1, -0.3, 0.1), (0.1, -0.4, 0.1), (0.05, -0.4, 0.1), (-4.8985874e-17, -0.4, 0.1), (-0.05, -0.4, 0.1), (-0.1, -0.4, 0.1), (0.1, -0.5, 0.1), (0.05, -0.5, 0.1), (-6.123234e-17, -0.5, 0.1), (-0.05, -0.5, 0.1), (-0.1, -0.5, 0.1), (0.1, -0.6, 0.1), (0.05, -0.6, 0.1), (-7.347881e-17, -0.6, 0.1), (-0.05, -0.6, 0.1), (-0.1, -0.6, 0.1), (0.1, -0.7, 0.1), (0.05, -0.7, 0.1), (-8.572528e-17, -0.7, 0.1), (-0.05, -0.7, 0.1), (-0.1, -0.7, 0.1), (0.1, -0.8, 0.1), (0.05, -0.8, 0.1), (-9.797175e-17, -0.8, 0.1), (-0.05, -0.8, 0.1), (-0.1, -0.8, 0.1), (0.1, -0.9, 0.1), (0.05, -0.9, 0.1), (-1.1021822e-16, -0.9, 0.1), (-0.05, -0.9, 0.1), (-0.1, -0.9, 0.1), (-0.04330127, -0.925, -0.1), (-0.04330127, -0.925, -0.05), (-0.025, -0.94330126, -0.1), (-0.025, -0.94330126, -0.05), (-1.1940307e-16, -0.95, -0.1), (-1.1940307e-16, -0.95, -0.05), (0.025, -0.94330126, -0.1), (0.025, -0.94330126, -0.05), (0.04330127, -0.925, -0.1), (0.04330127, -0.925, -0.05), (-0.08660254, -0.95, -0.1), (-0.08660254, -0.95, -0.05), (-0.05, -0.98660254, -0.1), (-0.05, -0.98660254, -0.05), (-1.2858791e-16, -1, -0.1), (-1.2858791e-16, -1, -0.05), (0.05, -0.98660254, -0.1), (0.05, -0.98660254, -0.05), (0.08660254, -0.95, -0.1), (0.08660254, -0.95, -0.05), (-0.04330127, -0.925, 0), (-0.025, -0.94330126, 0), (-1.1940307e-16, -0.95, 0), (0.025, -0.94330126, 0), (0.04330127, -0.925, 0), (-0.08660254, -0.95, 0), (-0.05, -0.98660254, 0), (-1.2858791e-16, -1, 0), (0.05, -0.98660254, 0), (0.08660254, -0.95, 0), (-0.04330127, -0.925, 0.05), (-0.025, -0.94330126, 0.05), (-1.1940307e-16, -0.95, 0.05), (0.025, -0.94330126, 0.05), (0.04330127, -0.925, 0.05), (-0.08660254, -0.95, 0.05), (-0.05, -0.98660254, 0.05), (-1.2858791e-16, -1, 0.05), (0.05, -0.98660254, 0.05), (0.08660254, -0.95, 0.05), (-0.04330127, -0.925, 0.1), (-0.025, -0.94330126, 0.1), (-1.1940307e-16, -0.95, 0.1), (0.025, -0.94330126, 0.1), (0.04330127, -0.925, 0.1), (-0.08660254, -0.95, 0.1), (-0.05, -0.98660254, 0.1), (-1.2858791e-16, -1, 0.1), (0.05, -0.98660254, 0.1), (0.08660254, -0.95, 0.1), (0.2, 0.1, -0.1), (0.2, 0.05, -0.1), (0.2, -3.6739402e-17, -0.1), (0.2, -0.05, -0.1), (0.2, -0.1, -0.1), (0.3, 0.1, -0.1), (0.3, 0.05, -0.1), (0.3, -5.5109105e-17, -0.1), (0.3, -0.05, -0.1), (0.3, -0.1, -0.1), (0.4, 0.1, -0.1), (0.4, 0.05, -0.1), (0.4, -7.3478805e-17, -0.1), (0.4, -0.05, -0.1), (0.4, -0.1, -0.1), (0.5, 0.1, -0.1), (0.5, 0.05, -0.1), (0.5, -9.184851e-17, -0.1), (0.5, -0.05, -0.1), (0.5, -0.1, -0.1), (0.6, 0.1, -0.1), (0.6, 0.05, -0.1), (0.6, -1.1021821e-16, -0.1), (0.6, -0.05, -0.1), (0.6, -0.1, -0.1), (0.7, 0.1, -0.1), (0.7, 0.05, -0.1), (0.7, -1.2858791e-16, -0.1), (0.7, -0.05, -0.1), (0.7, -0.1, -0.1), (0.8, 0.1, -0.1), (0.8, 0.05, -0.1), (0.8, -1.4695761e-16, -0.1), (0.8, -0.05, -0.1), (0.8, -0.1, -0.1), (0.9, 0.1, -0.1), (0.9, 0.05, -0.1), (0.9, -1.653273e-16, -0.1), (0.9, -0.05, -0.1), (0.9, -0.1, -0.1), (0.2, 0.1, -0.05), (0.2, 0.05, -0.05), (0.2, -3.6739402e-17, -0.05), (0.2, -0.05, -0.05), (0.2, -0.1, -0.05), (0.3, 0.1, -0.05), (0.3, 0.05, -0.05), (0.3, -5.5109105e-17, -0.05), (0.3, -0.05, -0.05), (0.3, -0.1, -0.05), (0.4, 0.1, -0.05), (0.4, 0.05, -0.05), (0.4, -7.3478805e-17, -0.05), (0.4, -0.05, -0.05), (0.4, -0.1, -0.05), (0.5, 0.1, -0.05), (0.5, 0.05, -0.05), (0.5, -9.184851e-17, -0.05), (0.5, -0.05, -0.05), (0.5, -0.1, -0.05), (0.6, 0.1, -0.05), (0.6, 0.05, -0.05), (0.6, -1.1021821e-16, -0.05), (0.6, -0.05, -0.05), (0.6, -0.1, -0.05), (0.7, 0.1, -0.05), (0.7, 0.05, -0.05), (0.7, -1.2858791e-16, -0.05), (0.7, -0.05, -0.05), (0.7, -0.1, -0.05), (0.8, 0.1, -0.05), (0.8, 0.05, -0.05), (0.8, -1.4695761e-16, -0.05), (0.8, -0.05, -0.05), (0.8, -0.1, -0.05), (0.9, 0.1, -0.05), (0.9, 0.05, -0.05), (0.9, -1.653273e-16, -0.05), (0.9, -0.05, -0.05), (0.9, -0.1, -0.05), (0.2, 0.1, 0), (0.2, 0.05, 0), (0.2, -3.6739402e-17, 0), (0.2, -0.05, 0), (0.2, -0.1, 0), (0.3, 0.1, 0), (0.3, 0.05, 0), (0.3, -5.5109105e-17, 0), (0.3, -0.05, 0), (0.3, -0.1, 0), (0.4, 0.1, 0), (0.4, 0.05, 0), (0.4, -7.3478805e-17, 0), (0.4, -0.05, 0), (0.4, -0.1, 0), (0.5, 0.1, 0), (0.5, 0.05, 0), (0.5, -9.184851e-17, 0), (0.5, -0.05, 0), (0.5, -0.1, 0), (0.6, 0.1, 0), (0.6, 0.05, 0), (0.6, -1.1021821e-16, 0), (0.6, -0.05, 0), (0.6, -0.1, 0), (0.7, 0.1, 0), (0.7, 0.05, 0), (0.7, -1.2858791e-16, 0), (0.7, -0.05, 0), (0.7, -0.1, 0), (0.8, 0.1, 0), (0.8, 0.05, 0), (0.8, -1.4695761e-16, 0), (0.8, -0.05, 0), (0.8, -0.1, 0), (0.9, 0.1, 0), (0.9, 0.05, 0), (0.9, -1.653273e-16, 0), (0.9, -0.05, 0), (0.9, -0.1, 0), (0.2, 0.1, 0.05), (0.2, 0.05, 0.05), (0.2, -3.6739402e-17, 0.05), (0.2, -0.05, 0.05), (0.2, -0.1, 0.05), (0.3, 0.1, 0.05), (0.3, 0.05, 0.05), (0.3, -5.5109105e-17, 0.05), (0.3, -0.05, 0.05), (0.3, -0.1, 0.05), (0.4, 0.1, 0.05), (0.4, 0.05, 0.05), (0.4, -7.3478805e-17, 0.05), (0.4, -0.05, 0.05), (0.4, -0.1, 0.05), (0.5, 0.1, 0.05), (0.5, 0.05, 0.05), (0.5, -9.184851e-17, 0.05), (0.5, -0.05, 0.05), (0.5, -0.1, 0.05), (0.6, 0.1, 0.05), (0.6, 0.05, 0.05), (0.6, -1.1021821e-16, 0.05), (0.6, -0.05, 0.05), (0.6, -0.1, 0.05), (0.7, 0.1, 0.05), (0.7, 0.05, 0.05), (0.7, -1.2858791e-16, 0.05), (0.7, -0.05, 0.05), (0.7, -0.1, 0.05), (0.8, 0.1, 0.05), (0.8, 0.05, 0.05), (0.8, -1.4695761e-16, 0.05), (0.8, -0.05, 0.05), (0.8, -0.1, 0.05), (0.9, 0.1, 0.05), (0.9, 0.05, 0.05), (0.9, -1.653273e-16, 0.05), (0.9, -0.05, 0.05), (0.9, -0.1, 0.05), (0.2, 0.1, 0.1), (0.2, 0.05, 0.1), (0.2, -3.6739402e-17, 0.1), (0.2, -0.05, 0.1), (0.2, -0.1, 0.1), (0.3, 0.1, 0.1), (0.3, 0.05, 0.1), (0.3, -5.5109105e-17, 0.1), (0.3, -0.05, 0.1), (0.3, -0.1, 0.1), (0.4, 0.1, 0.1), (0.4, 0.05, 0.1), (0.4, -7.3478805e-17, 0.1), (0.4, -0.05, 0.1), (0.4, -0.1, 0.1), (0.5, 0.1, 0.1), (0.5, 0.05, 0.1), (0.5, -9.184851e-17, 0.1), (0.5, -0.05, 0.1), (0.5, -0.1, 0.1), (0.6, 0.1, 0.1), (0.6, 0.05, 0.1), (0.6, -1.1021821e-16, 0.1), (0.6, -0.05, 0.1), (0.6, -0.1, 0.1), (0.7, 0.1, 0.1), (0.7, 0.05, 0.1), (0.7, -1.2858791e-16, 0.1), (0.7, -0.05, 0.1), (0.7, -0.1, 0.1), (0.8, 0.1, 0.1), (0.8, 0.05, 0.1), (0.8, -1.4695761e-16, 0.1), (0.8, -0.05, 0.1), (0.8, -0.1, 0.1), (0.9, 0.1, 0.1), (0.9, 0.05, 0.1), (0.9, -1.653273e-16, 0.1), (0.9, -0.05, 0.1), (0.9, -0.1, 0.1), (0.925, -0.04330127, -0.1), (0.925, -0.04330127, -0.05), (0.94330126, -0.025, -0.1), (0.94330126, -0.025, -0.05), (0.95, -1.7757377e-16, -0.1), (0.95, -1.7757377e-16, -0.05), (0.94330126, 0.025, -0.1), (0.94330126, 0.025, -0.05), (0.925, 0.04330127, -0.1), (0.925, 0.04330127, -0.05), (0.95, -0.08660254, -0.1), (0.95, -0.08660254, -0.05), (0.98660254, -0.05, -0.1), (0.98660254, -0.05, -0.05), (1, -1.8982024e-16, -0.1), (1, -1.8982024e-16, -0.05), (0.98660254, 0.05, -0.1), (0.98660254, 0.05, -0.05), (0.95, 0.08660254, -0.1), (0.95, 0.08660254, -0.05), (0.925, -0.04330127, 0), (0.94330126, -0.025, 0), (0.95, -1.7757377e-16, 0), (0.94330126, 0.025, 0), (0.925, 0.04330127, 0), (0.95, -0.08660254, 0), (0.98660254, -0.05, 0), (1, -1.8982024e-16, 0), (0.98660254, 0.05, 0), (0.95, 0.08660254, 0), (0.925, -0.04330127, 0.05), (0.94330126, -0.025, 0.05), (0.95, -1.7757377e-16, 0.05), (0.94330126, 0.025, 0.05), (0.925, 0.04330127, 0.05), (0.95, -0.08660254, 0.05), (0.98660254, -0.05, 0.05), (1, -1.8982024e-16, 0.05), (0.98660254, 0.05, 0.05), (0.95, 0.08660254, 0.05), (0.925, -0.04330127, 0.1), (0.94330126, -0.025, 0.1), (0.95, -1.7757377e-16, 0.1), (0.94330126, 0.025, 0.1), (0.925, 0.04330127, 0.1), (0.95, -0.08660254, 0.1), (0.98660254, -0.05, 0.1), (1, -1.8982024e-16, 0.1), (0.98660254, 0.05, 0.1), (0.95, 0.08660254, 0.1)]
    int3[] surfaceFaceVertexIndices = [(0, 6, 1), (0, 5, 6), (1, 6, 2), (2, 6, 7), (2, 8, 3), (2, 7, 8), (3, 8, 4), (4, 8, 9), (5, 10, 6), (6, 10, 11), (6, 12, 7), (6, 11, 12), (7, 12, 8), (8, 12, 13), (8, 14, 9), (8, 13, 14), (10, 16, 11), (10, 15, 16), (11, 16, 12), (12, 16, 17), (12, 18, 13), (12, 17, 18), (13, 18, 14), (14, 18, 19), (15, 20, 16), (16, 20, 21), (16, 22, 17), (16, 21, 22), (17, 22, 18), (18, 22, 23), (18, 24, 19), (18, 23, 24), (101, 106, 100), (100, 106, 105), (102, 106, 101), (102, 107, 106), (103, 108, 102), (102, 108, 107), (104, 108, 103), (104, 109, 108), (106, 110, 105), (106, 111, 110), (107, 112, 106), (106, 112, 111), (108, 112, 107), (108, 113, 112), (109, 114, 108), (108, 114, 113), (111, 116, 110), (110, 116, 115), (112, 116, 111), (112, 117, 116), (113, 118, 112), (112, 118, 117), (114, 118, 113), (114, 119, 118), (116, 120, 115), (116, 121, 120), (117, 122, 116), (116, 122, 121), (118, 122, 117), (118, 123, 122), (119, 124, 118), (118, 124, 123), (20, 126, 21), (20, 45, 165), (20, 165, 125), (20, 125, 126), (21, 126, 22), (22, 126, 127), (22, 128, 23), (22, 127, 128), (23, 128, 24), (24, 169, 49), (24, 128, 129), (24, 129, 169), (125, 130, 126), (125, 165, 130), (126, 130, 131), (165, 170, 130), (126, 132, 127), (126, 131, 132), (127, 132, 128), (128, 132, 133), (128, 134, 129), (129, 134, 169), (128, 133, 134), (169, 134, 174), (130, 136, 131), (130, 170, 175), (130, 175, 135), (130, 135, 136), (131, 136, 132), (132, 136, 137), (132, 138, 133), (132, 137, 138), (133, 138, 134), (134, 179, 174), (134, 138, 139), (134, 139, 179), (135, 140, 136), (135, 175, 140), (136, 140, 141), (175, 180, 140), (136, 142, 137), (136, 141, 142), (137, 142, 138), (138, 142, 143), (138, 144, 139), (139, 144, 179), (138, 143, 144), (179, 144, 184), (140, 146, 141), (140, 180, 185), (140, 185, 145), (140, 145, 146), (141, 146, 142), (142, 146, 147), (142, 148, 143), (142, 147, 148), (143, 148, 144), (144, 189, 184), (144, 148, 149), (144, 149, 189), (145, 150, 146), (145, 185, 150), (146, 150, 151), (185, 190, 150), (146, 152, 147), (146, 151, 152), (147, 152, 148), (148, 152, 153), (148, 154, 149), (149, 154, 189), (148, 153, 154), (189, 154, 194), (150, 156, 151), (150, 190, 195), (150, 195, 155), (150, 155, 156), (151, 156, 152), (152, 156, 157), (152, 158, 153), (152, 157, 158), (153, 158, 154), (154, 199, 194), (154, 158, 159), (154, 159, 199), (155, 160, 156), (155, 195, 160), (156, 160, 161), (195, 200, 160), (156, 162, 157), (156, 161, 162), (157, 162, 158), (158, 162, 163), (158, 164, 159), (159, 164, 199), (158, 163, 164), (199, 164, 204), (45, 70, 165), (70, 205, 165), (49, 169, 74), (74, 169, 209), (165, 205, 210), (165, 210, 170), (169, 214, 209), (169, 174, 214), (170, 210, 175), (210, 215, 175), (174, 179, 214), (214, 179, 219), (175, 215, 220), (175, 220, 180), (179, 224, 219), (179, 184, 224), (180, 220, 185), (220, 225, 185), (184, 189, 224), (224, 189, 229), (185, 225, 230), (185, 230, 190), (189, 234, 229), (189, 194, 234), (190, 230, 195), (230, 235, 195), (194, 199, 234), (234, 199, 239), (195, 235, 240), (195, 240, 200), (199, 244, 239), (199, 204, 244), (70, 95, 245), (70, 245, 205), (74, 249, 99), (74, 209, 249), (205, 245, 210), (245, 250, 210), (209, 214, 249), (249, 214, 254), (210, 250, 255), (210, 255, 215), (214, 259, 254), (214, 219, 259), (215, 255, 220), (255, 260, 220), (219, 224, 259), (259, 224, 264), (220, 260, 265), (220, 265, 225), (224, 269, 264), (224, 229, 269), (225, 265, 230), (265, 270, 230), (229, 234, 269), (269, 234, 274), (230, 270, 275), (230, 275, 235), (234, 279, 274), (234, 239, 279), (235, 275, 240), (275, 280, 240), (239, 244, 279), (279, 244, 284), (95, 120, 245), (121, 286, 120), (120, 285, 245), (120, 286, 285), (122, 286, 121), (122, 287, 286), (123, 288, 122), (122, 288, 287), (99, 249, 124), (124, 288, 123), (124, 249, 289), (124, 289, 288), (286, 290, 285), (245, 285, 290), (245, 290, 250), (286, 291, 290), (287, 292, 286), (286, 292, 291), (288, 292, 287), (288, 293, 292), (249, 294, 289), (289, 294, 288), (249, 254, 294), (288, 294, 293), (250, 290, 255), (291, 296, 290), (290, 295, 255), (290, 296, 295), (292, 296, 291), (292, 297, 296), (293, 298, 292), (292, 298, 297), (254, 259, 294), (294, 298, 293), (294, 259, 299), (294, 299, 298), (296, 300, 295), (255, 295, 300), (255, 300, 260), (296, 301, 300), (297, 302, 296), (296, 302, 301), (298, 302, 297), (298, 303, 302), (259, 304, 299), (299, 304, 298), (259, 264, 304), (298, 304, 303), (260, 300, 265), (301, 306, 300), (300, 305, 265), (300, 306, 305), (302, 306, 301), (302, 307, 306), (303, 308, 302), (302, 308, 307), (264, 269, 304), (304, 308, 303), (304, 269, 309), (304, 309, 308), (306, 310, 305), (265, 305, 310), (265, 310, 270), (306, 311, 310), (307, 312, 306), (306, 312, 311), (308, 312, 307), (308, 313, 312), (269, 314, 309), (309, 314, 308), (269, 274, 314), (308, 314, 313), (270, 310, 275), (311, 316, 310), (310, 315, 275), (310, 316, 315), (312, 316, 311), (312, 317, 316), (313, 318, 312), (312, 318, 317), (274, 279, 314), (314, 318, 313), (314, 279, 319), (314, 319, 318), (316, 320, 315), (275, 315, 320), (275, 320, 280), (316, 321, 320), (317, 322, 316), (316, 322, 321), (318, 322, 317), (318, 323, 322), (279, 324, 319), (319, 324, 318), (279, 284, 324), (318, 324, 323), (162, 325, 163), (325, 162, 327), (162, 329, 327), (329, 162, 331), (162, 333, 331), (333, 162, 161), (163, 325, 164), (164, 336, 204), (164, 325, 335), (164, 335, 336), (325, 337, 335), (335, 337, 336), (325, 327, 337), (336, 337, 338), (327, 329, 337), (337, 340, 338), (337, 329, 339), (337, 339, 340), (329, 341, 339), (339, 341, 340), (329, 331, 341), (340, 341, 342), (331, 333, 341), (341, 344, 342), (341, 333, 343), (341, 343, 344), (333, 160, 343), (343, 160, 344), (333, 161, 160), (344, 160, 200), (204, 336, 244), (244, 336, 350), (336, 351, 350), (336, 338, 351), (338, 340, 351), (351, 340, 352), (340, 353, 352), (340, 342, 353), (342, 344, 353), (353, 344, 354), (344, 240, 354), (344, 200, 240), (244, 360, 284), (244, 350, 360), (350, 351, 360), (360, 351, 361), (351, 362, 361), (351, 352, 362), (352, 353, 362), (362, 353, 363), (353, 364, 363), (353, 354, 364), (354, 240, 364), (364, 240, 280), (323, 365, 322), (365, 366, 322), (366, 367, 322), (367, 368, 322), (368, 369, 322), (369, 321, 322), (284, 360, 324), (324, 365, 323), (324, 360, 370), (324, 370, 365), (360, 371, 370), (370, 371, 365), (360, 361, 371), (365, 371, 366), (361, 362, 371), (371, 367, 366), (371, 362, 372), (371, 372, 367), (362, 373, 372), (372, 373, 367), (362, 363, 373), (367, 373, 368), (363, 364, 373), (373, 369, 368), (373, 364, 374), (373, 374, 369), (364, 320, 374), (374, 320, 369), (364, 280, 320), (369, 320, 321), (0, 376, 5), (0, 25, 415), (0, 415, 375), (0, 375, 376), (5, 376, 10), (10, 376, 377), (10, 378, 15), (10, 377, 378), (15, 378, 20), (20, 419, 45), (20, 378, 379), (20, 379, 419), (375, 380, 376), (375, 415, 380), (376, 380, 381), (415, 420, 380), (376, 382, 377), (376, 381, 382), (377, 382, 378), (378, 382, 383), (378, 384, 379), (379, 384, 419), (378, 383, 384), (419, 384, 424), (380, 386, 381), (380, 420, 425), (380, 425, 385), (380, 385, 386), (381, 386, 382), (382, 386, 387), (382, 388, 383), (382, 387, 388), (383, 388, 384), (384, 429, 424), (384, 388, 389), (384, 389, 429), (385, 390, 386), (385, 425, 390), (386, 390, 391), (425, 430, 390), (386, 392, 387), (386, 391, 392), (387, 392, 388), (388, 392, 393), (388, 394, 389), (389, 394, 429), (388, 393, 394), (429, 394, 434), (390, 396, 391), (390, 430, 435), (390, 435, 395), (390, 395, 396), (391, 396, 392), (392, 396, 397), (392, 398, 393), (392, 397, 398), (393, 398, 394), (394, 439, 434), (394, 398, 399), (394, 399, 439), (395, 400, 396), (395, 435, 400), (396, 400, 401), (435, 440, 400), (396, 402, 397), (396, 401, 402), (397, 402, 398), (398, 402, 403), (398, 404, 399), (399, 404, 439), (398, 403, 404), (439, 404, 444), (400, 406, 401), (400, 440, 445), (400, 445, 405), (400, 405, 406), (401, 406, 402), (402, 406, 407), (402, 408, 403), (402, 407, 408), (403, 408, 404), (404, 449, 444), (404, 408, 409), (404, 409, 449), (405, 410, 406), (405, 445, 410), (406, 410, 411), (445, 450, 410), (406, 412, 407), (406, 411, 412), (407, 412, 408), (408, 412, 413), (408, 414, 409), (409, 414, 449), (408, 413, 414), (449, 414, 454), (25, 50, 415), (50, 455, 415), (45, 419, 70), (70, 419, 459), (415, 455, 460), (415, 460, 420), (419, 464, 459), (419, 424, 464), (420, 460, 425), (460, 465, 425), (424, 429, 464), (464, 429, 469), (425, 465, 470), (425, 470, 430), (429, 474, 469), (429, 434, 474), (430, 470, 435), (470, 475, 435), (434, 439, 474), (474, 439, 479), (435, 475, 480), (435, 480, 440), (439, 484, 479), (439, 444, 484), (440, 480, 445), (480, 485, 445), (444, 449, 484), (484, 449, 489), (445, 485, 490), (445, 490, 450), (449, 494, 489), (449, 454, 494), (50, 75, 495), (50, 495, 455), (70, 499, 95), (70, 459, 499), (455, 495, 460), (495, 500, 460), (459, 464, 499), (499, 464, 504), (460, 500, 505), (460, 505, 465), (464, 509, 504), (464, 469, 509), (465, 505, 470), (505, 510, 470), (469, 474, 509), (509, 474, 514), (470, 510, 515), (470, 515, 475), (474, 519, 514), (474, 479, 519), (475, 515, 480), (515, 520, 480), (479, 484, 519), (519, 484, 524), (480, 520, 525), (480, 525, 485), (484, 529, 524), (484, 489, 529), (485, 525, 490), (525, 530, 490), (489, 494, 529), (529, 494, 534), (75, 100, 495), (105, 536, 100), (100, 535, 495), (100, 536, 535), (110, 536, 105), (110, 537, 536), (115, 538, 110), (110, 538, 537), (95, 499, 120), (120, 538, 115), (120, 499, 539), (120, 539, 538), (536, 540, 535), (495, 535, 540), (495, 540, 500), (536, 541, 540), (537, 542, 536), (536, 542, 541), (538, 542, 537), (538, 543, 542), (499, 544, 539), (539, 544, 538), (499, 504, 544), (538, 544, 543), (500, 540, 505), (541, 546, 540), (540, 545, 505), (540, 546, 545), (542, 546, 541), (542, 547, 546), (543, 548, 542), (542, 548, 547), (504, 509, 544), (544, 548, 543), (544, 509, 549), (544, 549, 548), (546, 550, 545), (505, 545, 550), (505, 550, 510), (546, 551, 550), (547, 552, 546), (546, 552, 551), (548, 552, 547), (548, 553, 552), (509, 554, 549), (549, 554, 548), (509, 514, 554), (548, 554, 553), (510, 550, 515), (551, 556, 550), (550, 555, 515), (550, 556, 555), (552, 556, 551), (552, 557, 556), (553, 558, 552), (552, 558, 557), (514, 519, 554), (554, 558, 553), (554, 519, 559), (554, 559, 558), (556, 560, 555), (515, 555, 560), (515, 560, 520), (556, 561, 560), (557, 562, 556), (556, 562, 561), (558, 562, 557), (558, 563, 562), (519, 564, 559), (559, 564, 558), (519, 524, 564), (558, 564, 563), (520, 560, 525), (561, 566, 560), (560, 565, 525), (560, 566, 565), (562, 566, 561), (562, 567, 566), (563, 568, 562), (562, 568, 567), (524, 529, 564), (564, 568, 563), (564, 529, 569), (564, 569, 568), (566, 570, 565), (525, 565, 570), (525, 570, 530), (566, 571, 570), (567, 572, 566), (566, 572, 571), (568, 572, 567), (568, 573, 572), (529, 574, 569), (569, 574, 568), (529, 534, 574), (568, 574, 573), (412, 575, 413), (575, 412, 577), (412, 579, 577), (579, 412, 581), (412, 583, 581), (583, 412, 411), (413, 575, 414), (414, 586, 454), (414, 575, 585), (414, 585, 586), (575, 587, 585), (585, 587, 586), (575, 577, 587), (586, 587, 588), (577, 579, 587), (587, 590, 588), (587, 579, 589), (587, 589, 590), (579, 591, 589), (589, 591, 590), (579, 581, 591), (590, 591, 592), (581, 583, 591), (591, 594, 592), (591, 583, 593), (591, 593, 594), (583, 410, 593), (593, 410, 594), (583, 411, 410), (594, 410, 450), (454, 586, 494), (494, 586, 600), (586, 601, 600), (586, 588, 601), (588, 590, 601), (601, 590, 602), (590, 603, 602), (590, 592, 603), (592, 594, 603), (603, 594, 604), (594, 490, 604), (594, 450, 490), (494, 610, 534), (494, 600, 610), (600, 601, 610), (610, 601, 611), (601, 612, 611), (601, 602, 612), (602, 603, 612), (612, 603, 613), (603, 614, 613), (603, 604, 614), (604, 490, 614), (614, 490, 530), (573, 615, 572), (615, 616, 572), (616, 617, 572), (617, 618, 572), (618, 619, 572), (619, 571, 572), (534, 610, 574), (574, 615, 573), (574, 610, 620), (574, 620, 615), (610, 621, 620), (620, 621, 615), (610, 611, 621), (615, 621, 616), (611, 612, 621), (621, 617, 616), (621, 612, 622), (621, 622, 617), (612, 623, 622), (622, 623, 617), (612, 613, 623), (617, 623, 618), (613, 614, 623), (623, 619, 618), (623, 614, 624), (623, 624, 619), (614, 570, 624), (624, 570, 619), (614, 530, 570), (619, 570, 571), (4, 626, 3), (4, 29, 665), (4, 665, 625), (4, 625, 626), (3, 626, 2), (2, 626, 627), (2, 628, 1), (2, 627, 628), (1, 628, 0), (0, 669, 25), (0, 628, 629), (0, 629, 669), (625, 630, 626), (625, 665, 630), (626, 630, 631), (665, 670, 630), (626, 632, 627), (626, 631, 632), (627, 632, 628), (628, 632, 633), (628, 634, 629), (629, 634, 669), (628, 633, 634), (669, 634, 674), (630, 636, 631), (630, 670, 675), (630, 675, 635), (630, 635, 636), (631, 636, 632), (632, 636, 637), (632, 638, 633), (632, 637, 638), (633, 638, 634), (634, 679, 674), (634, 638, 639), (634, 639, 679), (635, 640, 636), (635, 675, 640), (636, 640, 641), (675, 680, 640), (636, 642, 637), (636, 641, 642), (637, 642, 638), (638, 642, 643), (638, 644, 639), (639, 644, 679), (638, 643, 644), (679, 644, 684), (640, 646, 641), (640, 680, 685), (640, 685, 645), (640, 645, 646), (641, 646, 642), (642, 646, 647), (642, 648, 643), (642, 647, 648), (643, 648, 644), (644, 689, 684), (644, 648, 649), (644, 649, 689), (645, 650, 646), (645, 685, 650), (646, 650, 651), (685, 690, 650), (646, 652, 647), (646, 651, 652), (647, 652, 648), (648, 652, 653), (648, 654, 649), (649, 654, 689), (648, 653, 654), (689, 654, 694), (650, 656, 651), (650, 690, 695), (650, 695, 655), (650, 655, 656), (651, 656, 652), (652, 656, 657), (652, 658, 653), (652, 657, 658), (653, 658, 654), (654, 699, 694), (654, 658, 659), (654, 659, 699), (655, 660, 656), (655, 695, 660), (656, 660, 661), (695, 700, 660), (656, 662, 657), (656, 661, 662), (657, 662, 658), (658, 662, 663), (658, 664, 659), (659, 664, 699), (658, 663, 664), (699, 664, 704), (29, 54, 665), (54, 705, 665), (25, 669, 50), (50, 669, 709), (665, 705, 710), (665, 710, 670), (669, 714, 709), (669, 674, 714), (670, 710, 675), (710, 715, 675), (674, 679, 714), (714, 679, 719), (675, 715, 720), (675, 720, 680), (679, 724, 719), (679, 684, 724), (680, 720, 685), (720, 725, 685), (684, 689, 724), (724, 689, 729), (685, 725, 730), (685, 730, 690), (689, 734, 729), (689, 694, 734), (690, 730, 695), (730, 735, 695), (694, 699, 734), (734, 699, 739), (695, 735, 740), (695, 740, 700), (699, 744, 739), (699, 704, 744), (54, 79, 745), (54, 745, 705), (50, 749, 75), (50, 709, 749), (705, 745, 710), (745, 750, 710), (709, 714, 749), (749, 714, 754), (710, 750, 755), (710, 755, 715), (714, 759, 754), (714, 719, 759), (715, 755, 720), (755, 760, 720), (719, 724, 759), (759, 724, 764), (720, 760, 765), (720, 765, 725), (724, 769, 764), (724, 729, 769), (725, 765, 730), (765, 770, 730), (729, 734, 769), (769, 734, 774), (730, 770, 775), (730, 775, 735), (734, 779, 774), (734, 739, 779), (735, 775, 740), (775, 780, 740), (739, 744, 779), (779, 744, 784), (79, 104, 745), (103, 786, 104), (104, 785, 745), (104, 786, 785), (102, 786, 103), (102, 787, 786), (101, 788, 102), (102, 788, 787), (75, 749, 100), (100, 788, 101), (100, 749, 789), (100, 789, 788), (786, 790, 785), (745, 785, 790), (745, 790, 750), (786, 791, 790), (787, 792, 786), (786, 792, 791), (788, 792, 787), (788, 793, 792), (749, 794, 789), (789, 794, 788), (749, 754, 794), (788, 794, 793), (750, 790, 755), (791, 796, 790), (790, 795, 755), (790, 796, 795), (792, 796, 791), (792, 797, 796), (793, 798, 792), (792, 798, 797), (754, 759, 794), (794, 798, 793), (794, 759, 799), (794, 799, 798), (796, 800, 795), (755, 795, 800), (755, 800, 760), (796, 801, 800), (797, 802, 796), (796, 802, 801), (798, 802, 797), (798, 803, 802), (759, 804, 799), (799, 804, 798), (759, 764, 804), (798, 804, 803), (760, 800, 765), (801, 806, 800), (800, 805, 765), (800, 806, 805), (802, 806, 801), (802, 807, 806), (803, 808, 802), (802, 808, 807), (764, 769, 804), (804, 808, 803), (804, 769, 809), (804, 809, 808), (806, 810, 805), (765, 805, 810), (765, 810, 770), (806, 811, 810), (807, 812, 806), (806, 812, 811), (808, 812, 807), (808, 813, 812), (769, 814, 809), (809, 814, 808), (769, 774, 814), (808, 814, 813), (770, 810, 775), (811, 816, 810), (810, 815, 775), (810, 816, 815), (812, 816, 811), (812, 817, 816), (813, 818, 812), (812, 818, 817), (774, 779, 814), (814, 818, 813), (814, 779, 819), (814, 819, 818), (816, 820, 815), (775, 815, 820), (775, 820, 780), (816, 821, 820), (817, 822, 816), (816, 822, 821), (818, 822, 817), (818, 823, 822), (779, 824, 819), (819, 824, 818), (779, 784, 824), (818, 824, 823), (662, 825, 663), (825, 662, 827), (662, 829, 827), (829, 662, 831), (662, 833, 831), (833, 662, 661), (663, 825, 664), (664, 836, 704), (664, 825, 835), (664, 835, 836), (825, 837, 835), (835, 837, 836), (825, 827, 837), (836, 837, 838), (827, 829, 837), (837, 840, 838), (837, 829, 839), (837, 839, 840), (829, 841, 839), (839, 841, 840), (829, 831, 841), (840, 841, 842), (831, 833, 841), (841, 844, 842), (841, 833, 843), (841, 843, 844), (833, 660, 843), (843, 660, 844), (833, 661, 660), (844, 660, 700), (704, 836, 744), (744, 836, 850), (836, 851, 850), (836, 838, 851), (838, 840, 851), (851, 840, 852), (840, 853, 852), (840, 842, 853), (842, 844, 853), (853, 844, 854), (844, 740, 854), (844, 700, 740), (744, 860, 784), (744, 850, 860), (850, 851, 860), (860, 851, 861), (851, 862, 861), (851, 852, 862), (852, 853, 862), (862, 853, 863), (853, 864, 863), (853, 854, 864), (854, 740, 864), (864, 740, 780), (823, 865, 822), (865, 866, 822), (866, 867, 822), (867, 868, 822), (868, 869, 822), (869, 821, 822), (784, 860, 824), (824, 865, 823), (824, 860, 870), (824, 870, 865), (860, 871, 870), (870, 871, 865), (860, 861, 871), (865, 871, 866), (861, 862, 871), (871, 867, 866), (871, 862, 872), (871, 872, 867), (862, 873, 872), (872, 873, 867), (862, 863, 873), (867, 873, 868), (863, 864, 873), (873, 869, 868), (873, 864, 874), (873, 874, 869), (864, 820, 874), (874, 820, 869), (864, 780, 820), (869, 820, 821), (24, 876, 19), (24, 49, 915), (24, 915, 875), (24, 875, 876), (19, 876, 14), (14, 876, 877), (14, 878, 9), (14, 877, 878), (9, 878, 4), (4, 919, 29), (4, 878, 879), (4, 879, 919), (875, 880, 876), (875, 915, 880), (876, 880, 881), (915, 920, 880), (876, 882, 877), (876, 881, 882), (877, 882, 878), (878, 882, 883), (878, 884, 879), (879, 884, 919), (878, 883, 884), (919, 884, 924), (880, 886, 881), (880, 920, 925), (880, 925, 885), (880, 885, 886), (881, 886, 882), (882, 886, 887), (882, 888, 883), (882, 887, 888), (883, 888, 884), (884, 929, 924), (884, 888, 889), (884, 889, 929), (885, 890, 886), (885, 925, 890), (886, 890, 891), (925, 930, 890), (886, 892, 887), (886, 891, 892), (887, 892, 888), (888, 892, 893), (888, 894, 889), (889, 894, 929), (888, 893, 894), (929, 894, 934), (890, 896, 891), (890, 930, 935), (890, 935, 895), (890, 895, 896), (891, 896, 892), (892, 896, 897), (892, 898, 893), (892, 897, 898), (893, 898, 894), (894, 939, 934), (894, 898, 899), (894, 899, 939), (895, 900, 896), (895, 935, 900), (896, 900, 901), (935, 940, 900), (896, 902, 897), (896, 901, 902), (897, 902, 898), (898, 902, 903), (898, 904, 899), (899, 904, 939), (898, 903, 904), (939, 904, 944), (900, 906, 901), (900, 940, 945), (900, 945, 905), (900, 905, 906), (901, 906, 902), (902, 906, 907), (902, 908, 903), (902, 907, 908), (903, 908, 904), (904, 949, 944), (904, 908, 909), (904, 909, 949), (905, 910, 906), (905, 945, 910), (906, 910, 911), (945, 950, 910), (906, 912, 907), (906, 911, 912), (907, 912, 908), (908, 912, 913), (908, 914, 909), (909, 914, 949), (908, 913, 914), (949, 914, 954), (49, 74, 915), (74, 955, 915), (29, 919, 54), (54, 919, 959), (915, 955, 960), (915, 960, 920), (919, 964, 959), (919, 924, 964), (920, 960, 925), (960, 965, 925), (924, 929, 964), (964, 929, 969), (925, 965, 970), (925, 970, 930), (929, 974, 969), (929, 934, 974), (930, 970, 935), (970, 975, 935), (934, 939, 974), (974, 939, 979), (935, 975, 980), (935, 980, 940), (939, 984, 979), (939, 944, 984), (940, 980, 945), (980, 985, 945), (944, 949, 984), (984, 949, 989), (945, 985, 990), (945, 990, 950), (949, 994, 989), (949, 954, 994), (74, 99, 995), (74, 995, 955), (54, 999, 79), (54, 959, 999), (955, 995, 960), (995, 1000, 960), (959, 964, 999), (999, 964, 1004), (960, 1000, 1005), (960, 1005, 965), (964, 1009, 1004), (964, 969, 1009), (965, 1005, 970), (1005, 1010, 970), (969, 974, 1009), (1009, 974, 1014), (970, 1010, 1015), (970, 1015, 975), (974, 1019, 1014), (974, 979, 1019), (975, 1015, 980), (1015, 1020, 980), (979, 984, 1019), (1019, 984, 1024), (980, 1020, 1025), (980, 1025, 985), (984, 1029, 1024), (984, 989, 1029), (985, 1025, 990), (1025, 1030, 990), (989, 994, 1029), (1029, 994, 1034), (99, 124, 995), (119, 1036, 124), (124, 1035, 995), (124, 1036, 1035), (114, 1036, 119), (114, 1037, 1036), (109, 1038, 114), (114, 1038, 1037), (79, 999, 104), (104, 1038, 109), (104, 999, 1039), (104, 1039, 1038), (1036, 1040, 1035), (995, 1035, 1040), (995, 1040, 1000), (1036, 1041, 1040), (1037, 1042, 1036), (1036, 1042, 1041), (1038, 1042, 1037), (1038, 1043, 1042), (999, 1044, 1039), (1039, 1044, 1038), (999, 1004, 1044), (1038, 1044, 1043), (1000, 1040, 1005), (1041, 1046, 1040), (1040, 1045, 1005), (1040, 1046, 1045), (1042, 1046, 1041), (1042, 1047, 1046), (1043, 1048, 1042), (1042, 1048, 1047), (1004, 1009, 1044), (1044, 1048, 1043), (1044, 1009, 1049), (1044, 1049, 1048), (1046, 1050, 1045), (1005, 1045, 1050), (1005, 1050, 1010), (1046, 1051, 1050), (1047, 1052, 1046), (1046, 1052, 1051), (1048, 1052, 1047), (1048, 1053, 1052), (1009, 1054, 1049), (1049, 1054, 1048), (1009, 1014, 1054), (1048, 1054, 1053), (1010, 1050, 1015), (1051, 1056, 1050), (1050, 1055, 1015), (1050, 1056, 1055), (1052, 1056, 1051), (1052, 1057, 1056), (1053, 1058, 1052), (1052, 1058, 1057), (1014, 1019, 1054), (1054, 1058, 1053), (1054, 1019, 1059), (1054, 1059, 1058), (1056, 1060, 1055), (1015, 1055, 1060), (1015, 1060, 1020), (1056, 1061, 1060), (1057, 1062, 1056), (1056, 1062, 1061), (1058, 1062, 1057), (1058, 1063, 1062), (1019, 1064, 1059), (1059, 1064, 1058), (1019, 1024, 1064), (1058, 1064, 1063), (1020, 1060, 1025), (1061, 1066, 1060), (1060, 1065, 1025), (1060, 1066, 1065), (1062, 1066, 1061), (1062, 1067, 1066), (1063, 1068, 1062), (1062, 1068, 1067), (1024, 1029, 1064), (1064, 1068, 1063), (1064, 1029, 1069), (1064, 1069, 1068), (1066, 1070, 1065), (1025, 1065, 1070), (1025, 1070, 1030), (1066, 1071, 1070), (1067, 1072, 1066), (1066, 1072, 1071), (1068, 1072, 1067), (1068, 1073, 1072), (1029, 1074, 1069), (1069, 1074, 1068), (1029, 1034, 1074), (1068, 1074, 1073), (912, 1075, 913), (1075, 912, 1077), (912, 1079, 1077), (1079, 912, 1081), (912, 1083, 1081), (1083, 912, 911), (913, 1075, 914), (914, 1086, 954), (914, 1075, 1085), (914, 1085, 1086), (1075, 1087, 1085), (1085, 1087, 1086), (1075, 1077, 1087), (1086, 1087, 1088), (1077, 1079, 1087), (1087, 1090, 1088), (1087, 1079, 1089), (1087, 1089, 1090), (1079, 1091, 1089), (1089, 1091, 1090), (1079, 1081, 1091), (1090, 1091, 1092), (1081, 1083, 1091), (1091, 1094, 1092), (1091, 1083, 1093), (1091, 1093, 1094), (1083, 910, 1093), (1093, 910, 1094), (1083, 911, 910), (1094, 910, 950), (954, 1086, 994), (994, 1086, 1100), (1086, 1101, 1100), (1086, 1088, 1101), (1088, 1090, 1101), (1101, 1090, 1102), (1090, 1103, 1102), (1090, 1092, 1103), (1092, 1094, 1103), (1103, 1094, 1104), (1094, 990, 1104), (1094, 950, 990), (994, 1110, 1034), (994, 1100, 1110), (1100, 1101, 1110), (1110, 1101, 1111), (1101, 1112, 1111), (1101, 1102, 1112), (1102, 1103, 1112), (1112, 1103, 1113), (1103, 1114, 1113), (1103, 1104, 1114), (1104, 990, 1114), (1114, 990, 1030), (1073, 1115, 1072), (1115, 1116, 1072), (1116, 1117, 1072), (1117, 1118, 1072), (1118, 1119, 1072), (1119, 1071, 1072), (1034, 1110, 1074), (1074, 1115, 1073), (1074, 1110, 1120), (1074, 1120, 1115), (1110, 1121, 1120), (1120, 1121, 1115), (1110, 1111, 1121), (1115, 1121, 1116), (1111, 1112, 1121), (1121, 1117, 1116), (1121, 1112, 1122), (1121, 1122, 1117), (1112, 1123, 1122), (1122, 1123, 1117), (1112, 1113, 1123), (1117, 1123, 1118), (1113, 1114, 1123), (1123, 1119, 1118), (1123, 1114, 1124), (1123, 1124, 1119), (1114, 1070, 1124), (1124, 1070, 1119), (1114, 1030, 1070), (1119, 1070, 1071)]
    int4[] tetVertexIndices = [(0, 26, 6, 30), (0, 1, 6, 26), (0, 26, 30, 25), (0, 5, 30, 6), (26, 6, 30, 31), (2, 26, 32, 6), (1, 2, 6, 26), (2, 27, 32, 26), (2, 6, 32, 7), (26, 6, 31, 32), (2, 28, 8, 32), (2, 3, 8, 28), (2, 28, 32, 27), (2, 7, 32, 8), (28, 8, 32, 33), (4, 28, 34, 8), (3, 4, 8, 28), (4, 29, 34, 28), (4, 8, 34, 9), (28, 8, 33, 34), (6, 30, 36, 10), (5, 6, 10, 30), (6, 31, 36, 30), (6, 10, 36, 11), (30, 10, 35, 36), (6, 32, 12, 36), (6, 7, 12, 32), (6, 32, 36, 31), (6, 11, 36, 12), (32, 12, 36, 37), (8, 32, 38, 12), (7, 8, 12, 32), (8, 33, 38, 32), (8, 12, 38, 13), (32, 12, 37, 38), (8, 34, 14, 38), (8, 9, 14, 34), (8, 34, 38, 33), (8, 13, 38, 14), (34, 14, 38, 39), (10, 36, 16, 40), (10, 11, 16, 36), (10, 36, 40, 35), (10, 15, 40, 16), (36, 16, 40, 41), (12, 36, 42, 16), (11, 12, 16, 36), (12, 37, 42, 36), (12, 16, 42, 17), (36, 16, 41, 42), (12, 38, 18, 42), (12, 13, 18, 38), (12, 38, 42, 37), (12, 17, 42, 18), (38, 18, 42, 43), (14, 38, 44, 18), (13, 14, 18, 38), (14, 39, 44, 38), (14, 18, 44, 19), (38, 18, 43, 44), (16, 40, 46, 20), (15, 16, 20, 40), (16, 41, 46, 40), (16, 20, 46, 21), (40, 20, 45, 46), (16, 42, 22, 46), (16, 17, 22, 42), (16, 42, 46, 41), (16, 21, 46, 22), (42, 22, 46, 47), (18, 42, 48, 22), (17, 18, 22, 42), (18, 43, 48, 42), (18, 22, 48, 23), (42, 22, 47, 48), (18, 44, 24, 48), (18, 19, 24, 44), (18, 44, 48, 43), (18, 23, 48, 24), (44, 24, 48, 49), (26, 50, 56, 30), (25, 26, 30, 50), (26, 51, 56, 50), (26, 30, 56, 31), (50, 30, 55, 56), (26, 52, 32, 56), (26, 27, 32, 52), (26, 52, 56, 51), (26, 31, 56, 32), (52, 32, 56, 57), (28, 52, 58, 32), (27, 28, 32, 52), (28, 53, 58, 52), (28, 32, 58, 33), (52, 32, 57, 58), (28, 54, 34, 58), (28, 29, 34, 54), (28, 54, 58, 53), (28, 33, 58, 34), (54, 34, 58, 59), (30, 56, 36, 60), (30, 31, 36, 56), (30, 56, 60, 55), (30, 35, 60, 36), (56, 36, 60, 61), (32, 56, 62, 36), (31, 32, 36, 56), (32, 57, 62, 56), (32, 36, 62, 37), (56, 36, 61, 62), (32, 58, 38, 62), (32, 33, 38, 58), (32, 58, 62, 57), (32, 37, 62, 38), (58, 38, 62, 63), (34, 58, 64, 38), (33, 34, 38, 58), (34, 59, 64, 58), (34, 38, 64, 39), (58, 38, 63, 64), (36, 60, 66, 40), (35, 36, 40, 60), (36, 61, 66, 60), (36, 40, 66, 41), (60, 40, 65, 66), (36, 62, 42, 66), (36, 37, 42, 62), (36, 62, 66, 61), (36, 41, 66, 42), (62, 42, 66, 67), (38, 62, 68, 42), (37, 38, 42, 62), (38, 63, 68, 62), (38, 42, 68, 43), (62, 42, 67, 68), (38, 64, 44, 68), (38, 39, 44, 64), (38, 64, 68, 63), (38, 43, 68, 44), (64, 44, 68, 69), (40, 66, 46, 70), (40, 41, 46, 66), (40, 66, 70, 65), (40, 45, 70, 46), (66, 46, 70, 71), (42, 66, 72, 46), (41, 42, 46, 66), (42, 67, 72, 66), (42, 46, 72, 47), (66, 46, 71, 72), (42, 68, 48, 72), (42, 43, 48, 68), (42, 68, 72, 67), (42, 47, 72, 48), (68, 48, 72, 73), (44, 68, 74, 48), (43, 44, 48, 68), (44, 69, 74, 68), (44, 48, 74, 49), (68, 48, 73, 74), (50, 76, 56, 80), (50, 51, 56, 76), (50, 76, 80, 75), (50, 55, 80, 56), (76, 56, 80, 81), (52, 76, 82, 56), (51, 52, 56, 76), (52, 77, 82, 76), (52, 56, 82, 57), (76, 56, 81, 82), (52, 78, 58, 82), (52, 53, 58, 78), (52, 78, 82, 77), (52, 57, 82, 58), (78, 58, 82, 83), (54, 78, 84, 58), (53, 54, 58, 78), (54, 79, 84, 78), (54, 58, 84, 59), (78, 58, 83, 84), (56, 80, 86, 60), (55, 56, 60, 80), (56, 81, 86, 80), (56, 60, 86, 61), (80, 60, 85, 86), (56, 82, 62, 86), (56, 57, 62, 82), (56, 82, 86, 81), (56, 61, 86, 62), (82, 62, 86, 87), (58, 82, 88, 62), (57, 58, 62, 82), (58, 83, 88, 82), (58, 62, 88, 63), (82, 62, 87, 88), (58, 84, 64, 88), (58, 59, 64, 84), (58, 84, 88, 83), (58, 63, 88, 64), (84, 64, 88, 89), (60, 86, 66, 90), (60, 61, 66, 86), (60, 86, 90, 85), (60, 65, 90, 66), (86, 66, 90, 91), (62, 86, 92, 66), (61, 62, 66, 86), (62, 87, 92, 86), (62, 66, 92, 67), (86, 66, 91, 92), (62, 88, 68, 92), (62, 63, 68, 88), (62, 88, 92, 87), (62, 67, 92, 68), (88, 68, 92, 93), (64, 88, 94, 68), (63, 64, 68, 88), (64, 89, 94, 88), (64, 68, 94, 69), (88, 68, 93, 94), (66, 90, 96, 70), (65, 66, 70, 90), (66, 91, 96, 90), (66, 70, 96, 71), (90, 70, 95, 96), (66, 92, 72, 96), (66, 67, 72, 92), (66, 92, 96, 91), (66, 71, 96, 72), (92, 72, 96, 97), (68, 92, 98, 72), (67, 68, 72, 92), (68, 93, 98, 92), (68, 72, 98, 73), (92, 72, 97, 98), (68, 94, 74, 98), (68, 69, 74, 94), (68, 94, 98, 93), (68, 73, 98, 74), (94, 74, 98, 99), (76, 100, 106, 80), (75, 76, 80, 100), (76, 101, 106, 100), (76, 80, 106, 81), (100, 80, 105, 106), (76, 102, 82, 106), (76, 77, 82, 102), (76, 102, 106, 101), (76, 81, 106, 82), (102, 82, 106, 107), (78, 102, 108, 82), (77, 78, 82, 102), (78, 103, 108, 102), (78, 82, 108, 83), (102, 82, 107, 108), (78, 104, 84, 108), (78, 79, 84, 104), (78, 104, 108, 103), (78, 83, 108, 84), (104, 84, 108, 109), (80, 106, 86, 110), (80, 81, 86, 106), (80, 106, 110, 105), (80, 85, 110, 86), (106, 86, 110, 111), (82, 106, 112, 86), (81, 82, 86, 106), (82, 107, 112, 106), (82, 86, 112, 87), (106, 86, 111, 112), (82, 108, 88, 112), (82, 83, 88, 108), (82, 108, 112, 107), (82, 87, 112, 88), (108, 88, 112, 113), (84, 108, 114, 88), (83, 84, 88, 108), (84, 109, 114, 108), (84, 88, 114, 89), (108, 88, 113, 114), (86, 110, 116, 90), (85, 86, 90, 110), (86, 111, 116, 110), (86, 90, 116, 91), (110, 90, 115, 116), (86, 112, 92, 116), (86, 87, 92, 112), (86, 112, 116, 111), (86, 91, 116, 92), (112, 92, 116, 117), (88, 112, 118, 92), (87, 88, 92, 112), (88, 113, 118, 112), (88, 92, 118, 93), (112, 92, 117, 118), (88, 114, 94, 118), (88, 89, 94, 114), (88, 114, 118, 113), (88, 93, 118, 94), (114, 94, 118, 119), (90, 116, 96, 120), (90, 91, 96, 116), (90, 116, 120, 115), (90, 95, 120, 96), (116, 96, 120, 121), (92, 116, 122, 96), (91, 92, 96, 116), (92, 117, 122, 116), (92, 96, 122, 97), (116, 96, 121, 122), (92, 118, 98, 122), (92, 93, 98, 118), (92, 118, 122, 117), (92, 97, 122, 98), (118, 98, 122, 123), (94, 118, 124, 98), (93, 94, 98, 118), (94, 119, 124, 118), (94, 98, 124, 99), (118, 98, 123, 124), (20, 46, 126, 165), (20, 21, 126, 46), (20, 46, 165, 45), (20, 125, 165, 126), (46, 126, 165, 166), (22, 46, 167, 126), (21, 22, 126, 46), (22, 47, 167, 46), (22, 126, 167, 127), (46, 126, 166, 167), (22, 48, 128, 167), (22, 23, 128, 48), (22, 48, 167, 47), (22, 127, 167, 128), (48, 128, 167, 168), (24, 48, 169, 128), (23, 24, 128, 48), (24, 49, 169, 48), (24, 128, 169, 129), (48, 128, 168, 169), (126, 165, 171, 130), (125, 126, 130, 165), (126, 166, 171, 165), (126, 130, 171, 131), (165, 130, 170, 171), (126, 167, 132, 171), (126, 127, 132, 167), (126, 167, 171, 166), (126, 131, 171, 132), (167, 132, 171, 172), (128, 167, 173, 132), (127, 128, 132, 167), (128, 168, 173, 167), (128, 132, 173, 133), (167, 132, 172, 173), (128, 169, 134, 173), (128, 129, 134, 169), (128, 169, 173, 168), (128, 133, 173, 134), (169, 134, 173, 174), (130, 171, 136, 175), (130, 131, 136, 171), (130, 171, 175, 170), (130, 135, 175, 136), (171, 136, 175, 176), (132, 171, 177, 136), (131, 132, 136, 171), (132, 172, 177, 171), (132, 136, 177, 137), (171, 136, 176, 177), (132, 173, 138, 177), (132, 133, 138, 173), (132, 173, 177, 172), (132, 137, 177, 138), (173, 138, 177, 178), (134, 173, 179, 138), (133, 134, 138, 173), (134, 174, 179, 173), (134, 138, 179, 139), (173, 138, 178, 179), (136, 175, 181, 140), (135, 136, 140, 175), (136, 176, 181, 175), (136, 140, 181, 141), (175, 140, 180, 181), (136, 177, 142, 181), (136, 137, 142, 177), (136, 177, 181, 176), (136, 141, 181, 142), (177, 142, 181, 182), (138, 177, 183, 142), (137, 138, 142, 177), (138, 178, 183, 177), (138, 142, 183, 143), (177, 142, 182, 183), (138, 179, 144, 183), (138, 139, 144, 179), (138, 179, 183, 178), (138, 143, 183, 144), (179, 144, 183, 184), (140, 181, 146, 185), (140, 141, 146, 181), (140, 181, 185, 180), (140, 145, 185, 146), (181, 146, 185, 186), (142, 181, 187, 146), (141, 142, 146, 181), (142, 182, 187, 181), (142, 146, 187, 147), (181, 146, 186, 187), (142, 183, 148, 187), (142, 143, 148, 183), (142, 183, 187, 182), (142, 147, 187, 148), (183, 148, 187, 188), (144, 183, 189, 148), (143, 144, 148, 183), (144, 184, 189, 183), (144, 148, 189, 149), (183, 148, 188, 189), (146, 185, 191, 150), (145, 146, 150, 185), (146, 186, 191, 185), (146, 150, 191, 151), (185, 150, 190, 191), (146, 187, 152, 191), (146, 147, 152, 187), (146, 187, 191, 186), (146, 151, 191, 152), (187, 152, 191, 192), (148, 187, 193, 152), (147, 148, 152, 187), (148, 188, 193, 187), (148, 152, 193, 153), (187, 152, 192, 193), (148, 189, 154, 193), (148, 149, 154, 189), (148, 189, 193, 188), (148, 153, 193, 154), (189, 154, 193, 194), (150, 191, 156, 195), (150, 151, 156, 191), (150, 191, 195, 190), (150, 155, 195, 156), (191, 156, 195, 196), (152, 191, 197, 156), (151, 152, 156, 191), (152, 192, 197, 191), (152, 156, 197, 157), (191, 156, 196, 197), (152, 193, 158, 197), (152, 153, 158, 193), (152, 193, 197, 192), (152, 157, 197, 158), (193, 158, 197, 198), (154, 193, 199, 158), (153, 154, 158, 193), (154, 194, 199, 193), (154, 158, 199, 159), (193, 158, 198, 199), (156, 195, 201, 160), (155, 156, 160, 195), (156, 196, 201, 195), (156, 160, 201, 161), (195, 160, 200, 201), (156, 197, 162, 201), (156, 157, 162, 197), (156, 197, 201, 196), (156, 161, 201, 162), (197, 162, 201, 202), (158, 197, 203, 162), (157, 158, 162, 197), (158, 198, 203, 197), (158, 162, 203, 163), (197, 162, 202, 203), (158, 199, 164, 203), (158, 159, 164, 199), (158, 199, 203, 198), (158, 163, 203, 164), (199, 164, 203, 204), (46, 70, 206, 165), (45, 46, 165, 70), (46, 71, 206, 70), (46, 165, 206, 166), (70, 165, 205, 206), (46, 72, 167, 206), (46, 47, 167, 72), (46, 72, 206, 71), (46, 166, 206, 167), (72, 167, 206, 207), (48, 72, 208, 167), (47, 48, 167, 72), (48, 73, 208, 72), (48, 167, 208, 168), (72, 167, 207, 208), (48, 74, 169, 208), (48, 49, 169, 74), (48, 74, 208, 73), (48, 168, 208, 169), (74, 169, 208, 209), (165, 206, 171, 210), (165, 166, 171, 206), (165, 206, 210, 205), (165, 170, 210, 171), (206, 171, 210, 211), (167, 206, 212, 171), (166, 167, 171, 206), (167, 207, 212, 206), (167, 171, 212, 172), (206, 171, 211, 212), (167, 208, 173, 212), (167, 168, 173, 208), (167, 208, 212, 207), (167, 172, 212, 173), (208, 173, 212, 213), (169, 208, 214, 173), (168, 169, 173, 208), (169, 209, 214, 208), (169, 173, 214, 174), (208, 173, 213, 214), (171, 210, 216, 175), (170, 171, 175, 210), (171, 211, 216, 210), (171, 175, 216, 176), (210, 175, 215, 216), (171, 212, 177, 216), (171, 172, 177, 212), (171, 212, 216, 211), (171, 176, 216, 177), (212, 177, 216, 217), (173, 212, 218, 177), (172, 173, 177, 212), (173, 213, 218, 212), (173, 177, 218, 178), (212, 177, 217, 218), (173, 214, 179, 218), (173, 174, 179, 214), (173, 214, 218, 213), (173, 178, 218, 179), (214, 179, 218, 219), (175, 216, 181, 220), (175, 176, 181, 216), (175, 216, 220, 215), (175, 180, 220, 181), (216, 181, 220, 221), (177, 216, 222, 181), (176, 177, 181, 216), (177, 217, 222, 216), (177, 181, 222, 182), (216, 181, 221, 222), (177, 218, 183, 222), (177, 178, 183, 218), (177, 218, 222, 217), (177, 182, 222, 183), (218, 183, 222, 223), (179, 218, 224, 183), (178, 179, 183, 218), (179, 219, 224, 218), (179, 183, 224, 184), (218, 183, 223, 224), (181, 220, 226, 185), (180, 181, 185, 220), (181, 221, 226, 220), (181, 185, 226, 186), (220, 185, 225, 226), (181, 222, 187, 226), (181, 182, 187, 222), (181, 222, 226, 221), (181, 186, 226, 187), (222, 187, 226, 227), (183, 222, 228, 187), (182, 183, 187, 222), (183, 223, 228, 222), (183, 187, 228, 188), (222, 187, 227, 228), (183, 224, 189, 228), (183, 184, 189, 224), (183, 224, 228, 223), (183, 188, 228, 189), (224, 189, 228, 229), (185, 226, 191, 230), (185, 186, 191, 226), (185, 226, 230, 225), (185, 190, 230, 191), (226, 191, 230, 231), (187, 226, 232, 191), (186, 187, 191, 226), (187, 227, 232, 226), (187, 191, 232, 192), (226, 191, 231, 232), (187, 228, 193, 232), (187, 188, 193, 228), (187, 228, 232, 227), (187, 192, 232, 193), (228, 193, 232, 233), (189, 228, 234, 193), (188, 189, 193, 228), (189, 229, 234, 228), (189, 193, 234, 194), (228, 193, 233, 234), (191, 230, 236, 195), (190, 191, 195, 230), (191, 231, 236, 230), (191, 195, 236, 196), (230, 195, 235, 236), (191, 232, 197, 236), (191, 192, 197, 232), (191, 232, 236, 231), (191, 196, 236, 197), (232, 197, 236, 237), (193, 232, 238, 197), (192, 193, 197, 232), (193, 233, 238, 232), (193, 197, 238, 198), (232, 197, 237, 238), (193, 234, 199, 238), (193, 194, 199, 234), (193, 234, 238, 233), (193, 198, 238, 199), (234, 199, 238, 239), (195, 236, 201, 240), (195, 196, 201, 236), (195, 236, 240, 235), (195, 200, 240, 201), (236, 201, 240, 241), (197, 236, 242, 201), (196, 197, 201, 236), (197, 237, 242, 236), (197, 201, 242, 202), (236, 201, 241, 242), (197, 238, 203, 242), (197, 198, 203, 238), (197, 238, 242, 237), (197, 202, 242, 203), (238, 203, 242, 243), (199, 238, 244, 203), (198, 199, 203, 238), (199, 239, 244, 238), (199, 203, 244, 204), (238, 203, 243, 244), (70, 96, 206, 245), (70, 71, 206, 96), (70, 96, 245, 95), (70, 205, 245, 206), (96, 206, 245, 246), (72, 96, 247, 206), (71, 72, 206, 96), (72, 97, 247, 96), (72, 206, 247, 207), (96, 206, 246, 247), (72, 98, 208, 247), (72, 73, 208, 98), (72, 98, 247, 97), (72, 207, 247, 208), (98, 208, 247, 248), (74, 98, 249, 208), (73, 74, 208, 98), (74, 99, 249, 98), (74, 208, 249, 209), (98, 208, 248, 249), (206, 245, 251, 210), (205, 206, 210, 245), (206, 246, 251, 245), (206, 210, 251, 211), (245, 210, 250, 251), (206, 247, 212, 251), (206, 207, 212, 247), (206, 247, 251, 246), (206, 211, 251, 212), (247, 212, 251, 252), (208, 247, 253, 212), (207, 208, 212, 247), (208, 248, 253, 247), (208, 212, 253, 213), (247, 212, 252, 253), (208, 249, 214, 253), (208, 209, 214, 249), (208, 249, 253, 248), (208, 213, 253, 214), (249, 214, 253, 254), (210, 251, 216, 255), (210, 211, 216, 251), (210, 251, 255, 250), (210, 215, 255, 216), (251, 216, 255, 256), (212, 251, 257, 216), (211, 212, 216, 251), (212, 252, 257, 251), (212, 216, 257, 217), (251, 216, 256, 257), (212, 253, 218, 257), (212, 213, 218, 253), (212, 253, 257, 252), (212, 217, 257, 218), (253, 218, 257, 258), (214, 253, 259, 218), (213, 214, 218, 253), (214, 254, 259, 253), (214, 218, 259, 219), (253, 218, 258, 259), (216, 255, 261, 220), (215, 216, 220, 255), (216, 256, 261, 255), (216, 220, 261, 221), (255, 220, 260, 261), (216, 257, 222, 261), (216, 217, 222, 257), (216, 257, 261, 256), (216, 221, 261, 222), (257, 222, 261, 262), (218, 257, 263, 222), (217, 218, 222, 257), (218, 258, 263, 257), (218, 222, 263, 223), (257, 222, 262, 263), (218, 259, 224, 263), (218, 219, 224, 259), (218, 259, 263, 258), (218, 223, 263, 224), (259, 224, 263, 264), (220, 261, 226, 265), (220, 221, 226, 261), (220, 261, 265, 260), (220, 225, 265, 226), (261, 226, 265, 266), (222, 261, 267, 226), (221, 222, 226, 261), (222, 262, 267, 261), (222, 226, 267, 227), (261, 226, 266, 267), (222, 263, 228, 267), (222, 223, 228, 263), (222, 263, 267, 262), (222, 227, 267, 228), (263, 228, 267, 268), (224, 263, 269, 228), (223, 224, 228, 263), (224, 264, 269, 263), (224, 228, 269, 229), (263, 228, 268, 269), (226, 265, 271, 230), (225, 226, 230, 265), (226, 266, 271, 265), (226, 230, 271, 231), (265, 230, 270, 271), (226, 267, 232, 271), (226, 227, 232, 267), (226, 267, 271, 266), (226, 231, 271, 232), (267, 232, 271, 272), (228, 267, 273, 232), (227, 228, 232, 267), (228, 268, 273, 267), (228, 232, 273, 233), (267, 232, 272, 273), (228, 269, 234, 273), (228, 229, 234, 269), (228, 269, 273, 268), (228, 233, 273, 234), (269, 234, 273, 274), (230, 271, 236, 275), (230, 231, 236, 271), (230, 271, 275, 270), (230, 235, 275, 236), (271, 236, 275, 276), (232, 271, 277, 236), (231, 232, 236, 271), (232, 272, 277, 271), (232, 236, 277, 237), (271, 236, 276, 277), (232, 273, 238, 277), (232, 233, 238, 273), (232, 273, 277, 272), (232, 237, 277, 238), (273, 238, 277, 278), (234, 273, 279, 238), (233, 234, 238, 273), (234, 274, 279, 273), (234, 238, 279, 239), (273, 238, 278, 279), (236, 275, 281, 240), (235, 236, 240, 275), (236, 276, 281, 275), (236, 240, 281, 241), (275, 240, 280, 281), (236, 277, 242, 281), (236, 237, 242, 277), (236, 277, 281, 276), (236, 241, 281, 242), (277, 242, 281, 282), (238, 277, 283, 242), (237, 238, 242, 277), (238, 278, 283, 277), (238, 242, 283, 243), (277, 242, 282, 283), (238, 279, 244, 283), (238, 239, 244, 279), (238, 279, 283, 278), (238, 243, 283, 244), (279, 244, 283, 284), (96, 120, 286, 245), (95, 96, 245, 120), (96, 121, 286, 120), (96, 245, 286, 246), (120, 245, 285, 286), (96, 122, 247, 286), (96, 97, 247, 122), (96, 122, 286, 121), (96, 246, 286, 247), (122, 247, 286, 287), (98, 122, 288, 247), (97, 98, 247, 122), (98, 123, 288, 122), (98, 247, 288, 248), (122, 247, 287, 288), (98, 124, 249, 288), (98, 99, 249, 124), (98, 124, 288, 123), (98, 248, 288, 249), (124, 249, 288, 289), (245, 286, 251, 290), (245, 246, 251, 286), (245, 286, 290, 285), (245, 250, 290, 251), (286, 251, 290, 291), (247, 286, 292, 251), (246, 247, 251, 286), (247, 287, 292, 286), (247, 251, 292, 252), (286, 251, 291, 292), (247, 288, 253, 292), (247, 248, 253, 288), (247, 288, 292, 287), (247, 252, 292, 253), (288, 253, 292, 293), (249, 288, 294, 253), (248, 249, 253, 288), (249, 289, 294, 288), (249, 253, 294, 254), (288, 253, 293, 294), (251, 290, 296, 255), (250, 251, 255, 290), (251, 291, 296, 290), (251, 255, 296, 256), (290, 255, 295, 296), (251, 292, 257, 296), (251, 252, 257, 292), (251, 292, 296, 291), (251, 256, 296, 257), (292, 257, 296, 297), (253, 292, 298, 257), (252, 253, 257, 292), (253, 293, 298, 292), (253, 257, 298, 258), (292, 257, 297, 298), (253, 294, 259, 298), (253, 254, 259, 294), (253, 294, 298, 293), (253, 258, 298, 259), (294, 259, 298, 299), (255, 296, 261, 300), (255, 256, 261, 296), (255, 296, 300, 295), (255, 260, 300, 261), (296, 261, 300, 301), (257, 296, 302, 261), (256, 257, 261, 296), (257, 297, 302, 296), (257, 261, 302, 262), (296, 261, 301, 302), (257, 298, 263, 302), (257, 258, 263, 298), (257, 298, 302, 297), (257, 262, 302, 263), (298, 263, 302, 303), (259, 298, 304, 263), (258, 259, 263, 298), (259, 299, 304, 298), (259, 263, 304, 264), (298, 263, 303, 304), (261, 300, 306, 265), (260, 261, 265, 300), (261, 301, 306, 300), (261, 265, 306, 266), (300, 265, 305, 306), (261, 302, 267, 306), (261, 262, 267, 302), (261, 302, 306, 301), (261, 266, 306, 267), (302, 267, 306, 307), (263, 302, 308, 267), (262, 263, 267, 302), (263, 303, 308, 302), (263, 267, 308, 268), (302, 267, 307, 308), (263, 304, 269, 308), (263, 264, 269, 304), (263, 304, 308, 303), (263, 268, 308, 269), (304, 269, 308, 309), (265, 306, 271, 310), (265, 266, 271, 306), (265, 306, 310, 305), (265, 270, 310, 271), (306, 271, 310, 311), (267, 306, 312, 271), (266, 267, 271, 306), (267, 307, 312, 306), (267, 271, 312, 272), (306, 271, 311, 312), (267, 308, 273, 312), (267, 268, 273, 308), (267, 308, 312, 307), (267, 272, 312, 273), (308, 273, 312, 313), (269, 308, 314, 273), (268, 269, 273, 308), (269, 309, 314, 308), (269, 273, 314, 274), (308, 273, 313, 314), (271, 310, 316, 275), (270, 271, 275, 310), (271, 311, 316, 310), (271, 275, 316, 276), (310, 275, 315, 316), (271, 312, 277, 316), (271, 272, 277, 312), (271, 312, 316, 311), (271, 276, 316, 277), (312, 277, 316, 317), (273, 312, 318, 277), (272, 273, 277, 312), (273, 313, 318, 312), (273, 277, 318, 278), (312, 277, 317, 318), (273, 314, 279, 318), (273, 274, 279, 314), (273, 314, 318, 313), (273, 278, 318, 279), (314, 279, 318, 319), (275, 316, 281, 320), (275, 276, 281, 316), (275, 316, 320, 315), (275, 280, 320, 281), (316, 281, 320, 321), (277, 316, 322, 281), (276, 277, 281, 316), (277, 317, 322, 316), (277, 281, 322, 282), (316, 281, 321, 322), (277, 318, 283, 322), (277, 278, 283, 318), (277, 318, 322, 317), (277, 282, 322, 283), (318, 283, 322, 323), (279, 318, 324, 283), (278, 279, 283, 318), (279, 319, 324, 318), (279, 283, 324, 284), (318, 283, 323, 324), (162, 203, 325, 202), (162, 163, 325, 203), (203, 325, 202, 326), (325, 202, 328, 162), (325, 326, 328, 202), (325, 162, 328, 327), (162, 328, 329, 202), (162, 327, 329, 328), (328, 329, 202, 330), (329, 202, 332, 162), (329, 330, 332, 202), (329, 162, 332, 331), (162, 332, 333, 202), (162, 331, 333, 332), (332, 333, 202, 334), (333, 202, 201, 162), (333, 334, 201, 202), (333, 162, 201, 161), (164, 203, 336, 325), (163, 164, 325, 203), (164, 204, 336, 203), (164, 325, 336, 335), (203, 325, 326, 336), (325, 336, 337, 328), (325, 335, 337, 336), (325, 336, 328, 326), (325, 327, 328, 337), (336, 337, 328, 338), (337, 328, 340, 329), (327, 337, 329, 328), (337, 338, 340, 328), (337, 329, 340, 339), (328, 329, 330, 340), (329, 340, 341, 332), (329, 339, 341, 340), (329, 340, 332, 330), (329, 331, 332, 341), (340, 341, 332, 342), (341, 332, 344, 333), (331, 341, 333, 332), (341, 342, 344, 332), (341, 333, 344, 343), (332, 333, 334, 344), (333, 344, 160, 201), (333, 343, 160, 344), (333, 344, 201, 334), (333, 161, 201, 160), (344, 160, 201, 200), (203, 242, 345, 202), (203, 243, 345, 242), (203, 202, 345, 326), (202, 345, 328, 242), (202, 326, 328, 345), (345, 328, 242, 346), (328, 242, 347, 202), (328, 346, 347, 242), (328, 202, 347, 330), (202, 347, 332, 242), (202, 330, 332, 347), (347, 332, 242, 348), (332, 242, 349, 202), (332, 348, 349, 242), (332, 202, 349, 334), (202, 349, 201, 242), (202, 334, 201, 349), (349, 201, 242, 241), (203, 244, 336, 345), (203, 204, 336, 244), (203, 244, 345, 243), (203, 326, 345, 336), (244, 336, 345, 350), (336, 345, 351, 328), (326, 336, 328, 345), (336, 350, 351, 345), (336, 328, 351, 338), (345, 328, 346, 351), (328, 351, 340, 347), (328, 338, 340, 351), (328, 351, 347, 346), (328, 330, 347, 340), (351, 340, 347, 352), (340, 347, 353, 332), (330, 340, 332, 347), (340, 352, 353, 347), (340, 332, 353, 342), (347, 332, 348, 353), (332, 353, 344, 349), (332, 342, 344, 353), (332, 353, 349, 348), (332, 334, 349, 344), (353, 344, 349, 354), (344, 349, 240, 201), (334, 344, 201, 349), (344, 354, 240, 349), (344, 201, 240, 200), (349, 201, 241, 240), (242, 283, 345, 282), (242, 243, 345, 283), (283, 345, 282, 355), (345, 282, 356, 242), (345, 355, 356, 282), (345, 242, 356, 346), (242, 356, 347, 282), (242, 346, 347, 356), (356, 347, 282, 357), (347, 282, 358, 242), (347, 357, 358, 282), (347, 242, 358, 348), (242, 358, 349, 282), (242, 348, 349, 358), (358, 349, 282, 359), (349, 282, 281, 242), (349, 359, 281, 282), (349, 242, 281, 241), (244, 283, 360, 345), (243, 244, 345, 283), (244, 284, 360, 283), (244, 345, 360, 350), (283, 345, 355, 360), (345, 360, 351, 356), (345, 350, 351, 360), (345, 360, 356, 355), (345, 346, 356, 351), (360, 351, 356, 361), (351, 356, 362, 347), (346, 351, 347, 356), (351, 361, 362, 356), (351, 347, 362, 352), (356, 347, 357, 362), (347, 362, 353, 358), (347, 352, 353, 362), (347, 362, 358, 357), (347, 348, 358, 353), (362, 353, 358, 363), (353, 358, 364, 349), (348, 353, 349, 358), (353, 363, 364, 358), (353, 349, 364, 354), (358, 349, 359, 364), (349, 364, 240, 281), (349, 354, 240, 364), (349, 364, 281, 359), (349, 241, 281, 240), (364, 240, 281, 280), (283, 322, 365, 282), (283, 323, 365, 322), (283, 282, 365, 355), (282, 365, 356, 322), (282, 355, 356, 365), (365, 356, 322, 366), (356, 322, 367, 282), (356, 366, 367, 322), (356, 282, 367, 357), (282, 367, 358, 322), (282, 357, 358, 367), (367, 358, 322, 368), (358, 322, 369, 282), (358, 368, 369, 322), (358, 282, 369, 359), (282, 369, 281, 322), (282, 359, 281, 369), (369, 281, 322, 321), (283, 324, 360, 365), (283, 284, 360, 324), (283, 324, 365, 323), (283, 355, 365, 360), (324, 360, 365, 370), (360, 365, 371, 356), (355, 360, 356, 365), (360, 370, 371, 365), (360, 356, 371, 361), (365, 356, 366, 371), (356, 371, 362, 367), (356, 361, 362, 371), (356, 371, 367, 366), (356, 357, 367, 362), (371, 362, 367, 372), (362, 367, 373, 358), (357, 362, 358, 367), (362, 372, 373, 367), (362, 358, 373, 363), (367, 358, 368, 373), (358, 373, 364, 369), (358, 363, 364, 373), (358, 373, 369, 368), (358, 359, 369, 364), (373, 364, 369, 374), (364, 369, 320, 281), (359, 364, 281, 369), (364, 374, 320, 369), (364, 281, 320, 280), (369, 281, 321, 320), (0, 30, 376, 415), (0, 5, 376, 30), (0, 30, 415, 25), (0, 375, 415, 376), (30, 376, 415, 416), (10, 30, 417, 376), (5, 10, 376, 30), (10, 35, 417, 30), (10, 376, 417, 377), (30, 376, 416, 417), (10, 40, 378, 417), (10, 15, 378, 40), (10, 40, 417, 35), (10, 377, 417, 378), (40, 378, 417, 418), (20, 40, 419, 378), (15, 20, 378, 40), (20, 45, 419, 40), (20, 378, 419, 379), (40, 378, 418, 419), (376, 415, 421, 380), (375, 376, 380, 415), (376, 416, 421, 415), (376, 380, 421, 381), (415, 380, 420, 421), (376, 417, 382, 421), (376, 377, 382, 417), (376, 417, 421, 416), (376, 381, 421, 382), (417, 382, 421, 422), (378, 417, 423, 382), (377, 378, 382, 417), (378, 418, 423, 417), (378, 382, 423, 383), (417, 382, 422, 423), (378, 419, 384, 423), (378, 379, 384, 419), (378, 419, 423, 418), (378, 383, 423, 384), (419, 384, 423, 424), (380, 421, 386, 425), (380, 381, 386, 421), (380, 421, 425, 420), (380, 385, 425, 386), (421, 386, 425, 426), (382, 421, 427, 386), (381, 382, 386, 421), (382, 422, 427, 421), (382, 386, 427, 387), (421, 386, 426, 427), (382, 423, 388, 427), (382, 383, 388, 423), (382, 423, 427, 422), (382, 387, 427, 388), (423, 388, 427, 428), (384, 423, 429, 388), (383, 384, 388, 423), (384, 424, 429, 423), (384, 388, 429, 389), (423, 388, 428, 429), (386, 425, 431, 390), (385, 386, 390, 425), (386, 426, 431, 425), (386, 390, 431, 391), (425, 390, 430, 431), (386, 427, 392, 431), (386, 387, 392, 427), (386, 427, 431, 426), (386, 391, 431, 392), (427, 392, 431, 432), (388, 427, 433, 392), (387, 388, 392, 427), (388, 428, 433, 427), (388, 392, 433, 393), (427, 392, 432, 433), (388, 429, 394, 433), (388, 389, 394, 429), (388, 429, 433, 428), (388, 393, 433, 394), (429, 394, 433, 434), (390, 431, 396, 435), (390, 391, 396, 431), (390, 431, 435, 430), (390, 395, 435, 396), (431, 396, 435, 436), (392, 431, 437, 396), (391, 392, 396, 431), (392, 432, 437, 431), (392, 396, 437, 397), (431, 396, 436, 437), (392, 433, 398, 437), (392, 393, 398, 433), (392, 433, 437, 432), (392, 397, 437, 398), (433, 398, 437, 438), (394, 433, 439, 398), (393, 394, 398, 433), (394, 434, 439, 433), (394, 398, 439, 399), (433, 398, 438, 439), (396, 435, 441, 400), (395, 396, 400, 435), (396, 436, 441, 435), (396, 400, 441, 401), (435, 400, 440, 441), (396, 437, 402, 441), (396, 397, 402, 437), (396, 437, 441, 436), (396, 401, 441, 402), (437, 402, 441, 442), (398, 437, 443, 402), (397, 398, 402, 437), (398, 438, 443, 437), (398, 402, 443, 403), (437, 402, 442, 443), (398, 439, 404, 443), (398, 399, 404, 439), (398, 439, 443, 438), (398, 403, 443, 404), (439, 404, 443, 444), (400, 441, 406, 445), (400, 401, 406, 441), (400, 441, 445, 440), (400, 405, 445, 406), (441, 406, 445, 446), (402, 441, 447, 406), (401, 402, 406, 441), (402, 442, 447, 441), (402, 406, 447, 407), (441, 406, 446, 447), (402, 443, 408, 447), (402, 403, 408, 443), (402, 443, 447, 442), (402, 407, 447, 408), (443, 408, 447, 448), (404, 443, 449, 408), (403, 404, 408, 443), (404, 444, 449, 443), (404, 408, 449, 409), (443, 408, 448, 449), (406, 445, 451, 410), (405, 406, 410, 445), (406, 446, 451, 445), (406, 410, 451, 411), (445, 410, 450, 451), (406, 447, 412, 451), (406, 407, 412, 447), (406, 447, 451, 446), (406, 411, 451, 412), (447, 412, 451, 452), (408, 447, 453, 412), (407, 408, 412, 447), (408, 448, 453, 447), (408, 412, 453, 413), (447, 412, 452, 453), (408, 449, 414, 453), (408, 409, 414, 449), (408, 449, 453, 448), (408, 413, 453, 414), (449, 414, 453, 454), (30, 50, 456, 415), (25, 30, 415, 50), (30, 55, 456, 50), (30, 415, 456, 416), (50, 415, 455, 456), (30, 60, 417, 456), (30, 35, 417, 60), (30, 60, 456, 55), (30, 416, 456, 417), (60, 417, 456, 457), (40, 60, 458, 417), (35, 40, 417, 60), (40, 65, 458, 60), (40, 417, 458, 418), (60, 417, 457, 458), (40, 70, 419, 458), (40, 45, 419, 70), (40, 70, 458, 65), (40, 418, 458, 419), (70, 419, 458, 459), (415, 456, 421, 460), (415, 416, 421, 456), (415, 456, 460, 455), (415, 420, 460, 421), (456, 421, 460, 461), (417, 456, 462, 421), (416, 417, 421, 456), (417, 457, 462, 456), (417, 421, 462, 422), (456, 421, 461, 462), (417, 458, 423, 462), (417, 418, 423, 458), (417, 458, 462, 457), (417, 422, 462, 423), (458, 423, 462, 463), (419, 458, 464, 423), (418, 419, 423, 458), (419, 459, 464, 458), (419, 423, 464, 424), (458, 423, 463, 464), (421, 460, 466, 425), (420, 421, 425, 460), (421, 461, 466, 460), (421, 425, 466, 426), (460, 425, 465, 466), (421, 462, 427, 466), (421, 422, 427, 462), (421, 462, 466, 461), (421, 426, 466, 427), (462, 427, 466, 467), (423, 462, 468, 427), (422, 423, 427, 462), (423, 463, 468, 462), (423, 427, 468, 428), (462, 427, 467, 468), (423, 464, 429, 468), (423, 424, 429, 464), (423, 464, 468, 463), (423, 428, 468, 429), (464, 429, 468, 469), (425, 466, 431, 470), (425, 426, 431, 466), (425, 466, 470, 465), (425, 430, 470, 431), (466, 431, 470, 471), (427, 466, 472, 431), (426, 427, 431, 466), (427, 467, 472, 466), (427, 431, 472, 432), (466, 431, 471, 472), (427, 468, 433, 472), (427, 428, 433, 468), (427, 468, 472, 467), (427, 432, 472, 433), (468, 433, 472, 473), (429, 468, 474, 433), (428, 429, 433, 468), (429, 469, 474, 468), (429, 433, 474, 434), (468, 433, 473, 474), (431, 470, 476, 435), (430, 431, 435, 470), (431, 471, 476, 470), (431, 435, 476, 436), (470, 435, 475, 476), (431, 472, 437, 476), (431, 432, 437, 472), (431, 472, 476, 471), (431, 436, 476, 437), (472, 437, 476, 477), (433, 472, 478, 437), (432, 433, 437, 472), (433, 473, 478, 472), (433, 437, 478, 438), (472, 437, 477, 478), (433, 474, 439, 478), (433, 434, 439, 474), (433, 474, 478, 473), (433, 438, 478, 439), (474, 439, 478, 479), (435, 476, 441, 480), (435, 436, 441, 476), (435, 476, 480, 475), (435, 440, 480, 441), (476, 441, 480, 481), (437, 476, 482, 441), (436, 437, 441, 476), (437, 477, 482, 476), (437, 441, 482, 442), (476, 441, 481, 482), (437, 478, 443, 482), (437, 438, 443, 478), (437, 478, 482, 477), (437, 442, 482, 443), (478, 443, 482, 483), (439, 478, 484, 443), (438, 439, 443, 478), (439, 479, 484, 478), (439, 443, 484, 444), (478, 443, 483, 484), (441, 480, 486, 445), (440, 441, 445, 480), (441, 481, 486, 480), (441, 445, 486, 446), (480, 445, 485, 486), (441, 482, 447, 486), (441, 442, 447, 482), (441, 482, 486, 481), (441, 446, 486, 447), (482, 447, 486, 487), (443, 482, 488, 447), (442, 443, 447, 482), (443, 483, 488, 482), (443, 447, 488, 448), (482, 447, 487, 488), (443, 484, 449, 488), (443, 444, 449, 484), (443, 484, 488, 483), (443, 448, 488, 449), (484, 449, 488, 489), (445, 486, 451, 490), (445, 446, 451, 486), (445, 486, 490, 485), (445, 450, 490, 451), (486, 451, 490, 491), (447, 486, 492, 451), (446, 447, 451, 486), (447, 487, 492, 486), (447, 451, 492, 452), (486, 451, 491, 492), (447, 488, 453, 492), (447, 448, 453, 488), (447, 488, 492, 487), (447, 452, 492, 453), (488, 453, 492, 493), (449, 488, 494, 453), (448, 449, 453, 488), (449, 489, 494, 488), (449, 453, 494, 454), (488, 453, 493, 494), (50, 80, 456, 495), (50, 55, 456, 80), (50, 80, 495, 75), (50, 455, 495, 456), (80, 456, 495, 496), (60, 80, 497, 456), (55, 60, 456, 80), (60, 85, 497, 80), (60, 456, 497, 457), (80, 456, 496, 497), (60, 90, 458, 497), (60, 65, 458, 90), (60, 90, 497, 85), (60, 457, 497, 458), (90, 458, 497, 498), (70, 90, 499, 458), (65, 70, 458, 90), (70, 95, 499, 90), (70, 458, 499, 459), (90, 458, 498, 499), (456, 495, 501, 460), (455, 456, 460, 495), (456, 496, 501, 495), (456, 460, 501, 461), (495, 460, 500, 501), (456, 497, 462, 501), (456, 457, 462, 497), (456, 497, 501, 496), (456, 461, 501, 462), (497, 462, 501, 502), (458, 497, 503, 462), (457, 458, 462, 497), (458, 498, 503, 497), (458, 462, 503, 463), (497, 462, 502, 503), (458, 499, 464, 503), (458, 459, 464, 499), (458, 499, 503, 498), (458, 463, 503, 464), (499, 464, 503, 504), (460, 501, 466, 505), (460, 461, 466, 501), (460, 501, 505, 500), (460, 465, 505, 466), (501, 466, 505, 506), (462, 501, 507, 466), (461, 462, 466, 501), (462, 502, 507, 501), (462, 466, 507, 467), (501, 466, 506, 507), (462, 503, 468, 507), (462, 463, 468, 503), (462, 503, 507, 502), (462, 467, 507, 468), (503, 468, 507, 508), (464, 503, 509, 468), (463, 464, 468, 503), (464, 504, 509, 503), (464, 468, 509, 469), (503, 468, 508, 509), (466, 505, 511, 470), (465, 466, 470, 505), (466, 506, 511, 505), (466, 470, 511, 471), (505, 470, 510, 511), (466, 507, 472, 511), (466, 467, 472, 507), (466, 507, 511, 506), (466, 471, 511, 472), (507, 472, 511, 512), (468, 507, 513, 472), (467, 468, 472, 507), (468, 508, 513, 507), (468, 472, 513, 473), (507, 472, 512, 513), (468, 509, 474, 513), (468, 469, 474, 509), (468, 509, 513, 508), (468, 473, 513, 474), (509, 474, 513, 514), (470, 511, 476, 515), (470, 471, 476, 511), (470, 511, 515, 510), (470, 475, 515, 476), (511, 476, 515, 516), (472, 511, 517, 476), (471, 472, 476, 511), (472, 512, 517, 511), (472, 476, 517, 477), (511, 476, 516, 517), (472, 513, 478, 517), (472, 473, 478, 513), (472, 513, 517, 512), (472, 477, 517, 478), (513, 478, 517, 518), (474, 513, 519, 478), (473, 474, 478, 513), (474, 514, 519, 513), (474, 478, 519, 479), (513, 478, 518, 519), (476, 515, 521, 480), (475, 476, 480, 515), (476, 516, 521, 515), (476, 480, 521, 481), (515, 480, 520, 521), (476, 517, 482, 521), (476, 477, 482, 517), (476, 517, 521, 516), (476, 481, 521, 482), (517, 482, 521, 522), (478, 517, 523, 482), (477, 478, 482, 517), (478, 518, 523, 517), (478, 482, 523, 483), (517, 482, 522, 523), (478, 519, 484, 523), (478, 479, 484, 519), (478, 519, 523, 518), (478, 483, 523, 484), (519, 484, 523, 524), (480, 521, 486, 525), (480, 481, 486, 521), (480, 521, 525, 520), (480, 485, 525, 486), (521, 486, 525, 526), (482, 521, 527, 486), (481, 482, 486, 521), (482, 522, 527, 521), (482, 486, 527, 487), (521, 486, 526, 527), (482, 523, 488, 527), (482, 483, 488, 523), (482, 523, 527, 522), (482, 487, 527, 488), (523, 488, 527, 528), (484, 523, 529, 488), (483, 484, 488, 523), (484, 524, 529, 523), (484, 488, 529, 489), (523, 488, 528, 529), (486, 525, 531, 490), (485, 486, 490, 525), (486, 526, 531, 525), (486, 490, 531, 491), (525, 490, 530, 531), (486, 527, 492, 531), (486, 487, 492, 527), (486, 527, 531, 526), (486, 491, 531, 492), (527, 492, 531, 532), (488, 527, 533, 492), (487, 488, 492, 527), (488, 528, 533, 527), (488, 492, 533, 493), (527, 492, 532, 533), (488, 529, 494, 533), (488, 489, 494, 529), (488, 529, 533, 528), (488, 493, 533, 494), (529, 494, 533, 534), (80, 100, 536, 495), (75, 80, 495, 100), (80, 105, 536, 100), (80, 495, 536, 496), (100, 495, 535, 536), (80, 110, 497, 536), (80, 85, 497, 110), (80, 110, 536, 105), (80, 496, 536, 497), (110, 497, 536, 537), (90, 110, 538, 497), (85, 90, 497, 110), (90, 115, 538, 110), (90, 497, 538, 498), (110, 497, 537, 538), (90, 120, 499, 538), (90, 95, 499, 120), (90, 120, 538, 115), (90, 498, 538, 499), (120, 499, 538, 539), (495, 536, 501, 540), (495, 496, 501, 536), (495, 536, 540, 535), (495, 500, 540, 501), (536, 501, 540, 541), (497, 536, 542, 501), (496, 497, 501, 536), (497, 537, 542, 536), (497, 501, 542, 502), (536, 501, 541, 542), (497, 538, 503, 542), (497, 498, 503, 538), (497, 538, 542, 537), (497, 502, 542, 503), (538, 503, 542, 543), (499, 538, 544, 503), (498, 499, 503, 538), (499, 539, 544, 538), (499, 503, 544, 504), (538, 503, 543, 544), (501, 540, 546, 505), (500, 501, 505, 540), (501, 541, 546, 540), (501, 505, 546, 506), (540, 505, 545, 546), (501, 542, 507, 546), (501, 502, 507, 542), (501, 542, 546, 541), (501, 506, 546, 507), (542, 507, 546, 547), (503, 542, 548, 507), (502, 503, 507, 542), (503, 543, 548, 542), (503, 507, 548, 508), (542, 507, 547, 548), (503, 544, 509, 548), (503, 504, 509, 544), (503, 544, 548, 543), (503, 508, 548, 509), (544, 509, 548, 549), (505, 546, 511, 550), (505, 506, 511, 546), (505, 546, 550, 545), (505, 510, 550, 511), (546, 511, 550, 551), (507, 546, 552, 511), (506, 507, 511, 546), (507, 547, 552, 546), (507, 511, 552, 512), (546, 511, 551, 552), (507, 548, 513, 552), (507, 508, 513, 548), (507, 548, 552, 547), (507, 512, 552, 513), (548, 513, 552, 553), (509, 548, 554, 513), (508, 509, 513, 548), (509, 549, 554, 548), (509, 513, 554, 514), (548, 513, 553, 554), (511, 550, 556, 515), (510, 511, 515, 550), (511, 551, 556, 550), (511, 515, 556, 516), (550, 515, 555, 556), (511, 552, 517, 556), (511, 512, 517, 552), (511, 552, 556, 551), (511, 516, 556, 517), (552, 517, 556, 557), (513, 552, 558, 517), (512, 513, 517, 552), (513, 553, 558, 552), (513, 517, 558, 518), (552, 517, 557, 558), (513, 554, 519, 558), (513, 514, 519, 554), (513, 554, 558, 553), (513, 518, 558, 519), (554, 519, 558, 559), (515, 556, 521, 560), (515, 516, 521, 556), (515, 556, 560, 555), (515, 520, 560, 521), (556, 521, 560, 561), (517, 556, 562, 521), (516, 517, 521, 556), (517, 557, 562, 556), (517, 521, 562, 522), (556, 521, 561, 562), (517, 558, 523, 562), (517, 518, 523, 558), (517, 558, 562, 557), (517, 522, 562, 523), (558, 523, 562, 563), (519, 558, 564, 523), (518, 519, 523, 558), (519, 559, 564, 558), (519, 523, 564, 524), (558, 523, 563, 564), (521, 560, 566, 525), (520, 521, 525, 560), (521, 561, 566, 560), (521, 525, 566, 526), (560, 525, 565, 566), (521, 562, 527, 566), (521, 522, 527, 562), (521, 562, 566, 561), (521, 526, 566, 527), (562, 527, 566, 567), (523, 562, 568, 527), (522, 523, 527, 562), (523, 563, 568, 562), (523, 527, 568, 528), (562, 527, 567, 568), (523, 564, 529, 568), (523, 524, 529, 564), (523, 564, 568, 563), (523, 528, 568, 529), (564, 529, 568, 569), (525, 566, 531, 570), (525, 526, 531, 566), (525, 566, 570, 565), (525, 530, 570, 531), (566, 531, 570, 571), (527, 566, 572, 531), (526, 527, 531, 566), (527, 567, 572, 566), (527, 531, 572, 532), (566, 531, 571, 572), (527, 568, 533, 572), (527, 528, 533, 568), (527, 568, 572, 567), (527, 532, 572, 533), (568, 533, 572, 573), (529, 568, 574, 533), (528, 529, 533, 568), (529, 569, 574, 568), (529, 533, 574, 534), (568, 533, 573, 574), (412, 453, 575, 452), (412, 413, 575, 453), (453, 575, 452, 576), (575, 452, 578, 412), (575, 576, 578, 452), (575, 412, 578, 577), (412, 578, 579, 452), (412, 577, 579, 578), (578, 579, 452, 580), (579, 452, 582, 412), (579, 580, 582, 452), (579, 412, 582, 581), (412, 582, 583, 452), (412, 581, 583, 582), (582, 583, 452, 584), (583, 452, 451, 412), (583, 584, 451, 452), (583, 412, 451, 411), (414, 453, 586, 575), (413, 414, 575, 453), (414, 454, 586, 453), (414, 575, 586, 585), (453, 575, 576, 586), (575, 586, 587, 578), (575, 585, 587, 586), (575, 586, 578, 576), (575, 577, 578, 587), (586, 587, 578, 588), (587, 578, 590, 579), (577, 587, 579, 578), (587, 588, 590, 578), (587, 579, 590, 589), (578, 579, 580, 590), (579, 590, 591, 582), (579, 589, 591, 590), (579, 590, 582, 580), (579, 581, 582, 591), (590, 591, 582, 592), (591, 582, 594, 583), (581, 591, 583, 582), (591, 592, 594, 582), (591, 583, 594, 593), (582, 583, 584, 594), (583, 594, 410, 451), (583, 593, 410, 594), (583, 594, 451, 584), (583, 411, 451, 410), (594, 410, 451, 450), (453, 492, 595, 452), (453, 493, 595, 492), (453, 452, 595, 576), (452, 595, 578, 492), (452, 576, 578, 595), (595, 578, 492, 596), (578, 492, 597, 452), (578, 596, 597, 492), (578, 452, 597, 580), (452, 597, 582, 492), (452, 580, 582, 597), (597, 582, 492, 598), (582, 492, 599, 452), (582, 598, 599, 492), (582, 452, 599, 584), (452, 599, 451, 492), (452, 584, 451, 599), (599, 451, 492, 491), (453, 494, 586, 595), (453, 454, 586, 494), (453, 494, 595, 493), (453, 576, 595, 586), (494, 586, 595, 600), (586, 595, 601, 578), (576, 586, 578, 595), (586, 600, 601, 595), (586, 578, 601, 588), (595, 578, 596, 601), (578, 601, 590, 597), (578, 588, 590, 601), (578, 601, 597, 596), (578, 580, 597, 590), (601, 590, 597, 602), (590, 597, 603, 582), (580, 590, 582, 597), (590, 602, 603, 597), (590, 582, 603, 592), (597, 582, 598, 603), (582, 603, 594, 599), (582, 592, 594, 603), (582, 603, 599, 598), (582, 584, 599, 594), (603, 594, 599, 604), (594, 599, 490, 451), (584, 594, 451, 599), (594, 604, 490, 599), (594, 451, 490, 450), (599, 451, 491, 490), (492, 533, 595, 532), (492, 493, 595, 533), (533, 595, 532, 605), (595, 532, 606, 492), (595, 605, 606, 532), (595, 492, 606, 596), (492, 606, 597, 532), (492, 596, 597, 606), (606, 597, 532, 607), (597, 532, 608, 492), (597, 607, 608, 532), (597, 492, 608, 598), (492, 608, 599, 532), (492, 598, 599, 608), (608, 599, 532, 609), (599, 532, 531, 492), (599, 609, 531, 532), (599, 492, 531, 491), (494, 533, 610, 595), (493, 494, 595, 533), (494, 534, 610, 533), (494, 595, 610, 600), (533, 595, 605, 610), (595, 610, 601, 606), (595, 600, 601, 610), (595, 610, 606, 605), (595, 596, 606, 601), (610, 601, 606, 611), (601, 606, 612, 597), (596, 601, 597, 606), (601, 611, 612, 606), (601, 597, 612, 602), (606, 597, 607, 612), (597, 612, 603, 608), (597, 602, 603, 612), (597, 612, 608, 607), (597, 598, 608, 603), (612, 603, 608, 613), (603, 608, 614, 599), (598, 603, 599, 608), (603, 613, 614, 608), (603, 599, 614, 604), (608, 599, 609, 614), (599, 614, 490, 531), (599, 604, 490, 614), (599, 614, 531, 609), (599, 491, 531, 490), (614, 490, 531, 530), (533, 572, 615, 532), (533, 573, 615, 572), (533, 532, 615, 605), (532, 615, 606, 572), (532, 605, 606, 615), (615, 606, 572, 616), (606, 572, 617, 532), (606, 616, 617, 572), (606, 532, 617, 607), (532, 617, 608, 572), (532, 607, 608, 617), (617, 608, 572, 618), (608, 572, 619, 532), (608, 618, 619, 572), (608, 532, 619, 609), (532, 619, 531, 572), (532, 609, 531, 619), (619, 531, 572, 571), (533, 574, 610, 615), (533, 534, 610, 574), (533, 574, 615, 573), (533, 605, 615, 610), (574, 610, 615, 620), (610, 615, 621, 606), (605, 610, 606, 615), (610, 620, 621, 615), (610, 606, 621, 611), (615, 606, 616, 621), (606, 621, 612, 617), (606, 611, 612, 621), (606, 621, 617, 616), (606, 607, 617, 612), (621, 612, 617, 622), (612, 617, 623, 608), (607, 612, 608, 617), (612, 622, 623, 617), (612, 608, 623, 613), (617, 608, 618, 623), (608, 623, 614, 619), (608, 613, 614, 623), (608, 623, 619, 618), (608, 609, 619, 614), (623, 614, 619, 624), (614, 619, 570, 531), (609, 614, 531, 619), (614, 624, 570, 619), (614, 531, 570, 530), (619, 531, 571, 570), (4, 28, 626, 665), (4, 3, 626, 28), (4, 28, 665, 29), (4, 625, 665, 626), (28, 626, 665, 666), (2, 28, 667, 626), (3, 2, 626, 28), (2, 27, 667, 28), (2, 626, 667, 627), (28, 626, 666, 667), (2, 26, 628, 667), (2, 1, 628, 26), (2, 26, 667, 27), (2, 627, 667, 628), (26, 628, 667, 668), (0, 26, 669, 628), (1, 0, 628, 26), (0, 25, 669, 26), (0, 628, 669, 629), (26, 628, 668, 669), (626, 665, 671, 630), (625, 626, 630, 665), (626, 666, 671, 665), (626, 630, 671, 631), (665, 630, 670, 671), (626, 667, 632, 671), (626, 627, 632, 667), (626, 667, 671, 666), (626, 631, 671, 632), (667, 632, 671, 672), (628, 667, 673, 632), (627, 628, 632, 667), (628, 668, 673, 667), (628, 632, 673, 633), (667, 632, 672, 673), (628, 669, 634, 673), (628, 629, 634, 669), (628, 669, 673, 668), (628, 633, 673, 634), (669, 634, 673, 674), (630, 671, 636, 675), (630, 631, 636, 671), (630, 671, 675, 670), (630, 635, 675, 636), (671, 636, 675, 676), (632, 671, 677, 636), (631, 632, 636, 671), (632, 672, 677, 671), (632, 636, 677, 637), (671, 636, 676, 677), (632, 673, 638, 677), (632, 633, 638, 673), (632, 673, 677, 672), (632, 637, 677, 638), (673, 638, 677, 678), (634, 673, 679, 638), (633, 634, 638, 673), (634, 674, 679, 673), (634, 638, 679, 639), (673, 638, 678, 679), (636, 675, 681, 640), (635, 636, 640, 675), (636, 676, 681, 675), (636, 640, 681, 641), (675, 640, 680, 681), (636, 677, 642, 681), (636, 637, 642, 677), (636, 677, 681, 676), (636, 641, 681, 642), (677, 642, 681, 682), (638, 677, 683, 642), (637, 638, 642, 677), (638, 678, 683, 677), (638, 642, 683, 643), (677, 642, 682, 683), (638, 679, 644, 683), (638, 639, 644, 679), (638, 679, 683, 678), (638, 643, 683, 644), (679, 644, 683, 684), (640, 681, 646, 685), (640, 641, 646, 681), (640, 681, 685, 680), (640, 645, 685, 646), (681, 646, 685, 686), (642, 681, 687, 646), (641, 642, 646, 681), (642, 682, 687, 681), (642, 646, 687, 647), (681, 646, 686, 687), (642, 683, 648, 687), (642, 643, 648, 683), (642, 683, 687, 682), (642, 647, 687, 648), (683, 648, 687, 688), (644, 683, 689, 648), (643, 644, 648, 683), (644, 684, 689, 683), (644, 648, 689, 649), (683, 648, 688, 689), (646, 685, 691, 650), (645, 646, 650, 685), (646, 686, 691, 685), (646, 650, 691, 651), (685, 650, 690, 691), (646, 687, 652, 691), (646, 647, 652, 687), (646, 687, 691, 686), (646, 651, 691, 652), (687, 652, 691, 692), (648, 687, 693, 652), (647, 648, 652, 687), (648, 688, 693, 687), (648, 652, 693, 653), (687, 652, 692, 693), (648, 689, 654, 693), (648, 649, 654, 689), (648, 689, 693, 688), (648, 653, 693, 654), (689, 654, 693, 694), (650, 691, 656, 695), (650, 651, 656, 691), (650, 691, 695, 690), (650, 655, 695, 656), (691, 656, 695, 696), (652, 691, 697, 656), (651, 652, 656, 691), (652, 692, 697, 691), (652, 656, 697, 657), (691, 656, 696, 697), (652, 693, 658, 697), (652, 653, 658, 693), (652, 693, 697, 692), (652, 657, 697, 658), (693, 658, 697, 698), (654, 693, 699, 658), (653, 654, 658, 693), (654, 694, 699, 693), (654, 658, 699, 659), (693, 658, 698, 699), (656, 695, 701, 660), (655, 656, 660, 695), (656, 696, 701, 695), (656, 660, 701, 661), (695, 660, 700, 701), (656, 697, 662, 701), (656, 657, 662, 697), (656, 697, 701, 696), (656, 661, 701, 662), (697, 662, 701, 702), (658, 697, 703, 662), (657, 658, 662, 697), (658, 698, 703, 697), (658, 662, 703, 663), (697, 662, 702, 703), (658, 699, 664, 703), (658, 659, 664, 699), (658, 699, 703, 698), (658, 663, 703, 664), (699, 664, 703, 704), (28, 54, 706, 665), (29, 28, 665, 54), (28, 53, 706, 54), (28, 665, 706, 666), (54, 665, 705, 706), (28, 52, 667, 706), (28, 27, 667, 52), (28, 52, 706, 53), (28, 666, 706, 667), (52, 667, 706, 707), (26, 52, 708, 667), (27, 26, 667, 52), (26, 51, 708, 52), (26, 667, 708, 668), (52, 667, 707, 708), (26, 50, 669, 708), (26, 25, 669, 50), (26, 50, 708, 51), (26, 668, 708, 669), (50, 669, 708, 709), (665, 706, 671, 710), (665, 666, 671, 706), (665, 706, 710, 705), (665, 670, 710, 671), (706, 671, 710, 711), (667, 706, 712, 671), (666, 667, 671, 706), (667, 707, 712, 706), (667, 671, 712, 672), (706, 671, 711, 712), (667, 708, 673, 712), (667, 668, 673, 708), (667, 708, 712, 707), (667, 672, 712, 673), (708, 673, 712, 713), (669, 708, 714, 673), (668, 669, 673, 708), (669, 709, 714, 708), (669, 673, 714, 674), (708, 673, 713, 714), (671, 710, 716, 675), (670, 671, 675, 710), (671, 711, 716, 710), (671, 675, 716, 676), (710, 675, 715, 716), (671, 712, 677, 716), (671, 672, 677, 712), (671, 712, 716, 711), (671, 676, 716, 677), (712, 677, 716, 717), (673, 712, 718, 677), (672, 673, 677, 712), (673, 713, 718, 712), (673, 677, 718, 678), (712, 677, 717, 718), (673, 714, 679, 718), (673, 674, 679, 714), (673, 714, 718, 713), (673, 678, 718, 679), (714, 679, 718, 719), (675, 716, 681, 720), (675, 676, 681, 716), (675, 716, 720, 715), (675, 680, 720, 681), (716, 681, 720, 721), (677, 716, 722, 681), (676, 677, 681, 716), (677, 717, 722, 716), (677, 681, 722, 682), (716, 681, 721, 722), (677, 718, 683, 722), (677, 678, 683, 718), (677, 718, 722, 717), (677, 682, 722, 683), (718, 683, 722, 723), (679, 718, 724, 683), (678, 679, 683, 718), (679, 719, 724, 718), (679, 683, 724, 684), (718, 683, 723, 724), (681, 720, 726, 685), (680, 681, 685, 720), (681, 721, 726, 720), (681, 685, 726, 686), (720, 685, 725, 726), (681, 722, 687, 726), (681, 682, 687, 722), (681, 722, 726, 721), (681, 686, 726, 687), (722, 687, 726, 727), (683, 722, 728, 687), (682, 683, 687, 722), (683, 723, 728, 722), (683, 687, 728, 688), (722, 687, 727, 728), (683, 724, 689, 728), (683, 684, 689, 724), (683, 724, 728, 723), (683, 688, 728, 689), (724, 689, 728, 729), (685, 726, 691, 730), (685, 686, 691, 726), (685, 726, 730, 725), (685, 690, 730, 691), (726, 691, 730, 731), (687, 726, 732, 691), (686, 687, 691, 726), (687, 727, 732, 726), (687, 691, 732, 692), (726, 691, 731, 732), (687, 728, 693, 732), (687, 688, 693, 728), (687, 728, 732, 727), (687, 692, 732, 693), (728, 693, 732, 733), (689, 728, 734, 693), (688, 689, 693, 728), (689, 729, 734, 728), (689, 693, 734, 694), (728, 693, 733, 734), (691, 730, 736, 695), (690, 691, 695, 730), (691, 731, 736, 730), (691, 695, 736, 696), (730, 695, 735, 736), (691, 732, 697, 736), (691, 692, 697, 732), (691, 732, 736, 731), (691, 696, 736, 697), (732, 697, 736, 737), (693, 732, 738, 697), (692, 693, 697, 732), (693, 733, 738, 732), (693, 697, 738, 698), (732, 697, 737, 738), (693, 734, 699, 738), (693, 694, 699, 734), (693, 734, 738, 733), (693, 698, 738, 699), (734, 699, 738, 739), (695, 736, 701, 740), (695, 696, 701, 736), (695, 736, 740, 735), (695, 700, 740, 701), (736, 701, 740, 741), (697, 736, 742, 701), (696, 697, 701, 736), (697, 737, 742, 736), (697, 701, 742, 702), (736, 701, 741, 742), (697, 738, 703, 742), (697, 698, 703, 738), (697, 738, 742, 737), (697, 702, 742, 703), (738, 703, 742, 743), (699, 738, 744, 703), (698, 699, 703, 738), (699, 739, 744, 738), (699, 703, 744, 704), (738, 703, 743, 744), (54, 78, 706, 745), (54, 53, 706, 78), (54, 78, 745, 79), (54, 705, 745, 706), (78, 706, 745, 746), (52, 78, 747, 706), (53, 52, 706, 78), (52, 77, 747, 78), (52, 706, 747, 707), (78, 706, 746, 747), (52, 76, 708, 747), (52, 51, 708, 76), (52, 76, 747, 77), (52, 707, 747, 708), (76, 708, 747, 748), (50, 76, 749, 708), (51, 50, 708, 76), (50, 75, 749, 76), (50, 708, 749, 709), (76, 708, 748, 749), (706, 745, 751, 710), (705, 706, 710, 745), (706, 746, 751, 745), (706, 710, 751, 711), (745, 710, 750, 751), (706, 747, 712, 751), (706, 707, 712, 747), (706, 747, 751, 746), (706, 711, 751, 712), (747, 712, 751, 752), (708, 747, 753, 712), (707, 708, 712, 747), (708, 748, 753, 747), (708, 712, 753, 713), (747, 712, 752, 753), (708, 749, 714, 753), (708, 709, 714, 749), (708, 749, 753, 748), (708, 713, 753, 714), (749, 714, 753, 754), (710, 751, 716, 755), (710, 711, 716, 751), (710, 751, 755, 750), (710, 715, 755, 716), (751, 716, 755, 756), (712, 751, 757, 716), (711, 712, 716, 751), (712, 752, 757, 751), (712, 716, 757, 717), (751, 716, 756, 757), (712, 753, 718, 757), (712, 713, 718, 753), (712, 753, 757, 752), (712, 717, 757, 718), (753, 718, 757, 758), (714, 753, 759, 718), (713, 714, 718, 753), (714, 754, 759, 753), (714, 718, 759, 719), (753, 718, 758, 759), (716, 755, 761, 720), (715, 716, 720, 755), (716, 756, 761, 755), (716, 720, 761, 721), (755, 720, 760, 761), (716, 757, 722, 761), (716, 717, 722, 757), (716, 757, 761, 756), (716, 721, 761, 722), (757, 722, 761, 762), (718, 757, 763, 722), (717, 718, 722, 757), (718, 758, 763, 757), (718, 722, 763, 723), (757, 722, 762, 763), (718, 759, 724, 763), (718, 719, 724, 759), (718, 759, 763, 758), (718, 723, 763, 724), (759, 724, 763, 764), (720, 761, 726, 765), (720, 721, 726, 761), (720, 761, 765, 760), (720, 725, 765, 726), (761, 726, 765, 766), (722, 761, 767, 726), (721, 722, 726, 761), (722, 762, 767, 761), (722, 726, 767, 727), (761, 726, 766, 767), (722, 763, 728, 767), (722, 723, 728, 763), (722, 763, 767, 762), (722, 727, 767, 728), (763, 728, 767, 768), (724, 763, 769, 728), (723, 724, 728, 763), (724, 764, 769, 763), (724, 728, 769, 729), (763, 728, 768, 769), (726, 765, 771, 730), (725, 726, 730, 765), (726, 766, 771, 765), (726, 730, 771, 731), (765, 730, 770, 771), (726, 767, 732, 771), (726, 727, 732, 767), (726, 767, 771, 766), (726, 731, 771, 732), (767, 732, 771, 772), (728, 767, 773, 732), (727, 728, 732, 767), (728, 768, 773, 767), (728, 732, 773, 733), (767, 732, 772, 773), (728, 769, 734, 773), (728, 729, 734, 769), (728, 769, 773, 768), (728, 733, 773, 734), (769, 734, 773, 774), (730, 771, 736, 775), (730, 731, 736, 771), (730, 771, 775, 770), (730, 735, 775, 736), (771, 736, 775, 776), (732, 771, 777, 736), (731, 732, 736, 771), (732, 772, 777, 771), (732, 736, 777, 737), (771, 736, 776, 777), (732, 773, 738, 777), (732, 733, 738, 773), (732, 773, 777, 772), (732, 737, 777, 738), (773, 738, 777, 778), (734, 773, 779, 738), (733, 734, 738, 773), (734, 774, 779, 773), (734, 738, 779, 739), (773, 738, 778, 779), (736, 775, 781, 740), (735, 736, 740, 775), (736, 776, 781, 775), (736, 740, 781, 741), (775, 740, 780, 781), (736, 777, 742, 781), (736, 737, 742, 777), (736, 777, 781, 776), (736, 741, 781, 742), (777, 742, 781, 782), (738, 777, 783, 742), (737, 738, 742, 777), (738, 778, 783, 777), (738, 742, 783, 743), (777, 742, 782, 783), (738, 779, 744, 783), (738, 739, 744, 779), (738, 779, 783, 778), (738, 743, 783, 744), (779, 744, 783, 784), (78, 104, 786, 745), (79, 78, 745, 104), (78, 103, 786, 104), (78, 745, 786, 746), (104, 745, 785, 786), (78, 102, 747, 786), (78, 77, 747, 102), (78, 102, 786, 103), (78, 746, 786, 747), (102, 747, 786, 787), (76, 102, 788, 747), (77, 76, 747, 102), (76, 101, 788, 102), (76, 747, 788, 748), (102, 747, 787, 788), (76, 100, 749, 788), (76, 75, 749, 100), (76, 100, 788, 101), (76, 748, 788, 749), (100, 749, 788, 789), (745, 786, 751, 790), (745, 746, 751, 786), (745, 786, 790, 785), (745, 750, 790, 751), (786, 751, 790, 791), (747, 786, 792, 751), (746, 747, 751, 786), (747, 787, 792, 786), (747, 751, 792, 752), (786, 751, 791, 792), (747, 788, 753, 792), (747, 748, 753, 788), (747, 788, 792, 787), (747, 752, 792, 753), (788, 753, 792, 793), (749, 788, 794, 753), (748, 749, 753, 788), (749, 789, 794, 788), (749, 753, 794, 754), (788, 753, 793, 794), (751, 790, 796, 755), (750, 751, 755, 790), (751, 791, 796, 790), (751, 755, 796, 756), (790, 755, 795, 796), (751, 792, 757, 796), (751, 752, 757, 792), (751, 792, 796, 791), (751, 756, 796, 757), (792, 757, 796, 797), (753, 792, 798, 757), (752, 753, 757, 792), (753, 793, 798, 792), (753, 757, 798, 758), (792, 757, 797, 798), (753, 794, 759, 798), (753, 754, 759, 794), (753, 794, 798, 793), (753, 758, 798, 759), (794, 759, 798, 799), (755, 796, 761, 800), (755, 756, 761, 796), (755, 796, 800, 795), (755, 760, 800, 761), (796, 761, 800, 801), (757, 796, 802, 761), (756, 757, 761, 796), (757, 797, 802, 796), (757, 761, 802, 762), (796, 761, 801, 802), (757, 798, 763, 802), (757, 758, 763, 798), (757, 798, 802, 797), (757, 762, 802, 763), (798, 763, 802, 803), (759, 798, 804, 763), (758, 759, 763, 798), (759, 799, 804, 798), (759, 763, 804, 764), (798, 763, 803, 804), (761, 800, 806, 765), (760, 761, 765, 800), (761, 801, 806, 800), (761, 765, 806, 766), (800, 765, 805, 806), (761, 802, 767, 806), (761, 762, 767, 802), (761, 802, 806, 801), (761, 766, 806, 767), (802, 767, 806, 807), (763, 802, 808, 767), (762, 763, 767, 802), (763, 803, 808, 802), (763, 767, 808, 768), (802, 767, 807, 808), (763, 804, 769, 808), (763, 764, 769, 804), (763, 804, 808, 803), (763, 768, 808, 769), (804, 769, 808, 809), (765, 806, 771, 810), (765, 766, 771, 806), (765, 806, 810, 805), (765, 770, 810, 771), (806, 771, 810, 811), (767, 806, 812, 771), (766, 767, 771, 806), (767, 807, 812, 806), (767, 771, 812, 772), (806, 771, 811, 812), (767, 808, 773, 812), (767, 768, 773, 808), (767, 808, 812, 807), (767, 772, 812, 773), (808, 773, 812, 813), (769, 808, 814, 773), (768, 769, 773, 808), (769, 809, 814, 808), (769, 773, 814, 774), (808, 773, 813, 814), (771, 810, 816, 775), (770, 771, 775, 810), (771, 811, 816, 810), (771, 775, 816, 776), (810, 775, 815, 816), (771, 812, 777, 816), (771, 772, 777, 812), (771, 812, 816, 811), (771, 776, 816, 777), (812, 777, 816, 817), (773, 812, 818, 777), (772, 773, 777, 812), (773, 813, 818, 812), (773, 777, 818, 778), (812, 777, 817, 818), (773, 814, 779, 818), (773, 774, 779, 814), (773, 814, 818, 813), (773, 778, 818, 779), (814, 779, 818, 819), (775, 816, 781, 820), (775, 776, 781, 816), (775, 816, 820, 815), (775, 780, 820, 781), (816, 781, 820, 821), (777, 816, 822, 781), (776, 777, 781, 816), (777, 817, 822, 816), (777, 781, 822, 782), (816, 781, 821, 822), (777, 818, 783, 822), (777, 778, 783, 818), (777, 818, 822, 817), (777, 782, 822, 783), (818, 783, 822, 823), (779, 818, 824, 783), (778, 779, 783, 818), (779, 819, 824, 818), (779, 783, 824, 784), (818, 783, 823, 824), (662, 703, 825, 702), (662, 663, 825, 703), (703, 825, 702, 826), (825, 702, 828, 662), (825, 826, 828, 702), (825, 662, 828, 827), (662, 828, 829, 702), (662, 827, 829, 828), (828, 829, 702, 830), (829, 702, 832, 662), (829, 830, 832, 702), (829, 662, 832, 831), (662, 832, 833, 702), (662, 831, 833, 832), (832, 833, 702, 834), (833, 702, 701, 662), (833, 834, 701, 702), (833, 662, 701, 661), (664, 703, 836, 825), (663, 664, 825, 703), (664, 704, 836, 703), (664, 825, 836, 835), (703, 825, 826, 836), (825, 836, 837, 828), (825, 835, 837, 836), (825, 836, 828, 826), (825, 827, 828, 837), (836, 837, 828, 838), (837, 828, 840, 829), (827, 837, 829, 828), (837, 838, 840, 828), (837, 829, 840, 839), (828, 829, 830, 840), (829, 840, 841, 832), (829, 839, 841, 840), (829, 840, 832, 830), (829, 831, 832, 841), (840, 841, 832, 842), (841, 832, 844, 833), (831, 841, 833, 832), (841, 842, 844, 832), (841, 833, 844, 843), (832, 833, 834, 844), (833, 844, 660, 701), (833, 843, 660, 844), (833, 844, 701, 834), (833, 661, 701, 660), (844, 660, 701, 700), (703, 742, 845, 702), (703, 743, 845, 742), (703, 702, 845, 826), (702, 845, 828, 742), (702, 826, 828, 845), (845, 828, 742, 846), (828, 742, 847, 702), (828, 846, 847, 742), (828, 702, 847, 830), (702, 847, 832, 742), (702, 830, 832, 847), (847, 832, 742, 848), (832, 742, 849, 702), (832, 848, 849, 742), (832, 702, 849, 834), (702, 849, 701, 742), (702, 834, 701, 849), (849, 701, 742, 741), (703, 744, 836, 845), (703, 704, 836, 744), (703, 744, 845, 743), (703, 826, 845, 836), (744, 836, 845, 850), (836, 845, 851, 828), (826, 836, 828, 845), (836, 850, 851, 845), (836, 828, 851, 838), (845, 828, 846, 851), (828, 851, 840, 847), (828, 838, 840, 851), (828, 851, 847, 846), (828, 830, 847, 840), (851, 840, 847, 852), (840, 847, 853, 832), (830, 840, 832, 847), (840, 852, 853, 847), (840, 832, 853, 842), (847, 832, 848, 853), (832, 853, 844, 849), (832, 842, 844, 853), (832, 853, 849, 848), (832, 834, 849, 844), (853, 844, 849, 854), (844, 849, 740, 701), (834, 844, 701, 849), (844, 854, 740, 849), (844, 701, 740, 700), (849, 701, 741, 740), (742, 783, 845, 782), (742, 743, 845, 783), (783, 845, 782, 855), (845, 782, 856, 742), (845, 855, 856, 782), (845, 742, 856, 846), (742, 856, 847, 782), (742, 846, 847, 856), (856, 847, 782, 857), (847, 782, 858, 742), (847, 857, 858, 782), (847, 742, 858, 848), (742, 858, 849, 782), (742, 848, 849, 858), (858, 849, 782, 859), (849, 782, 781, 742), (849, 859, 781, 782), (849, 742, 781, 741), (744, 783, 860, 845), (743, 744, 845, 783), (744, 784, 860, 783), (744, 845, 860, 850), (783, 845, 855, 860), (845, 860, 851, 856), (845, 850, 851, 860), (845, 860, 856, 855), (845, 846, 856, 851), (860, 851, 856, 861), (851, 856, 862, 847), (846, 851, 847, 856), (851, 861, 862, 856), (851, 847, 862, 852), (856, 847, 857, 862), (847, 862, 853, 858), (847, 852, 853, 862), (847, 862, 858, 857), (847, 848, 858, 853), (862, 853, 858, 863), (853, 858, 864, 849), (848, 853, 849, 858), (853, 863, 864, 858), (853, 849, 864, 854), (858, 849, 859, 864), (849, 864, 740, 781), (849, 854, 740, 864), (849, 864, 781, 859), (849, 741, 781, 740), (864, 740, 781, 780), (783, 822, 865, 782), (783, 823, 865, 822), (783, 782, 865, 855), (782, 865, 856, 822), (782, 855, 856, 865), (865, 856, 822, 866), (856, 822, 867, 782), (856, 866, 867, 822), (856, 782, 867, 857), (782, 867, 858, 822), (782, 857, 858, 867), (867, 858, 822, 868), (858, 822, 869, 782), (858, 868, 869, 822), (858, 782, 869, 859), (782, 869, 781, 822), (782, 859, 781, 869), (869, 781, 822, 821), (783, 824, 860, 865), (783, 784, 860, 824), (783, 824, 865, 823), (783, 855, 865, 860), (824, 860, 865, 870), (860, 865, 871, 856), (855, 860, 856, 865), (860, 870, 871, 865), (860, 856, 871, 861), (865, 856, 866, 871), (856, 871, 862, 867), (856, 861, 862, 871), (856, 871, 867, 866), (856, 857, 867, 862), (871, 862, 867, 872), (862, 867, 873, 858), (857, 862, 858, 867), (862, 872, 873, 867), (862, 858, 873, 863), (867, 858, 868, 873), (858, 873, 864, 869), (858, 863, 864, 873), (858, 873, 869, 868), (858, 859, 869, 864), (873, 864, 869, 874), (864, 869, 820, 781), (859, 864, 781, 869), (864, 874, 820, 869), (864, 781, 820, 780), (869, 781, 821, 820), (24, 44, 876, 915), (24, 19, 876, 44), (24, 44, 915, 49), (24, 875, 915, 876), (44, 876, 915, 916), (14, 44, 917, 876), (19, 14, 876, 44), (14, 39, 917, 44), (14, 876, 917, 877), (44, 876, 916, 917), (14, 34, 878, 917), (14, 9, 878, 34), (14, 34, 917, 39), (14, 877, 917, 878), (34, 878, 917, 918), (4, 34, 919, 878), (9, 4, 878, 34), (4, 29, 919, 34), (4, 878, 919, 879), (34, 878, 918, 919), (876, 915, 921, 880), (875, 876, 880, 915), (876, 916, 921, 915), (876, 880, 921, 881), (915, 880, 920, 921), (876, 917, 882, 921), (876, 877, 882, 917), (876, 917, 921, 916), (876, 881, 921, 882), (917, 882, 921, 922), (878, 917, 923, 882), (877, 878, 882, 917), (878, 918, 923, 917), (878, 882, 923, 883), (917, 882, 922, 923), (878, 919, 884, 923), (878, 879, 884, 919), (878, 919, 923, 918), (878, 883, 923, 884), (919, 884, 923, 924), (880, 921, 886, 925), (880, 881, 886, 921), (880, 921, 925, 920), (880, 885, 925, 886), (921, 886, 925, 926), (882, 921, 927, 886), (881, 882, 886, 921), (882, 922, 927, 921), (882, 886, 927, 887), (921, 886, 926, 927), (882, 923, 888, 927), (882, 883, 888, 923), (882, 923, 927, 922), (882, 887, 927, 888), (923, 888, 927, 928), (884, 923, 929, 888), (883, 884, 888, 923), (884, 924, 929, 923), (884, 888, 929, 889), (923, 888, 928, 929), (886, 925, 931, 890), (885, 886, 890, 925), (886, 926, 931, 925), (886, 890, 931, 891), (925, 890, 930, 931), (886, 927, 892, 931), (886, 887, 892, 927), (886, 927, 931, 926), (886, 891, 931, 892), (927, 892, 931, 932), (888, 927, 933, 892), (887, 888, 892, 927), (888, 928, 933, 927), (888, 892, 933, 893), (927, 892, 932, 933), (888, 929, 894, 933), (888, 889, 894, 929), (888, 929, 933, 928), (888, 893, 933, 894), (929, 894, 933, 934), (890, 931, 896, 935), (890, 891, 896, 931), (890, 931, 935, 930), (890, 895, 935, 896), (931, 896, 935, 936), (892, 931, 937, 896), (891, 892, 896, 931), (892, 932, 937, 931), (892, 896, 937, 897), (931, 896, 936, 937), (892, 933, 898, 937), (892, 893, 898, 933), (892, 933, 937, 932), (892, 897, 937, 898), (933, 898, 937, 938), (894, 933, 939, 898), (893, 894, 898, 933), (894, 934, 939, 933), (894, 898, 939, 899), (933, 898, 938, 939), (896, 935, 941, 900), (895, 896, 900, 935), (896, 936, 941, 935), (896, 900, 941, 901), (935, 900, 940, 941), (896, 937, 902, 941), (896, 897, 902, 937), (896, 937, 941, 936), (896, 901, 941, 902), (937, 902, 941, 942), (898, 937, 943, 902), (897, 898, 902, 937), (898, 938, 943, 937), (898, 902, 943, 903), (937, 902, 942, 943), (898, 939, 904, 943), (898, 899, 904, 939), (898, 939, 943, 938), (898, 903, 943, 904), (939, 904, 943, 944), (900, 941, 906, 945), (900, 901, 906, 941), (900, 941, 945, 940), (900, 905, 945, 906), (941, 906, 945, 946), (902, 941, 947, 906), (901, 902, 906, 941), (902, 942, 947, 941), (902, 906, 947, 907), (941, 906, 946, 947), (902, 943, 908, 947), (902, 903, 908, 943), (902, 943, 947, 942), (902, 907, 947, 908), (943, 908, 947, 948), (904, 943, 949, 908), (903, 904, 908, 943), (904, 944, 949, 943), (904, 908, 949, 909), (943, 908, 948, 949), (906, 945, 951, 910), (905, 906, 910, 945), (906, 946, 951, 945), (906, 910, 951, 911), (945, 910, 950, 951), (906, 947, 912, 951), (906, 907, 912, 947), (906, 947, 951, 946), (906, 911, 951, 912), (947, 912, 951, 952), (908, 947, 953, 912), (907, 908, 912, 947), (908, 948, 953, 947), (908, 912, 953, 913), (947, 912, 952, 953), (908, 949, 914, 953), (908, 909, 914, 949), (908, 949, 953, 948), (908, 913, 953, 914), (949, 914, 953, 954), (44, 74, 956, 915), (49, 44, 915, 74), (44, 69, 956, 74), (44, 915, 956, 916), (74, 915, 955, 956), (44, 64, 917, 956), (44, 39, 917, 64), (44, 64, 956, 69), (44, 916, 956, 917), (64, 917, 956, 957), (34, 64, 958, 917), (39, 34, 917, 64), (34, 59, 958, 64), (34, 917, 958, 918), (64, 917, 957, 958), (34, 54, 919, 958), (34, 29, 919, 54), (34, 54, 958, 59), (34, 918, 958, 919), (54, 919, 958, 959), (915, 956, 921, 960), (915, 916, 921, 956), (915, 956, 960, 955), (915, 920, 960, 921), (956, 921, 960, 961), (917, 956, 962, 921), (916, 917, 921, 956), (917, 957, 962, 956), (917, 921, 962, 922), (956, 921, 961, 962), (917, 958, 923, 962), (917, 918, 923, 958), (917, 958, 962, 957), (917, 922, 962, 923), (958, 923, 962, 963), (919, 958, 964, 923), (918, 919, 923, 958), (919, 959, 964, 958), (919, 923, 964, 924), (958, 923, 963, 964), (921, 960, 966, 925), (920, 921, 925, 960), (921, 961, 966, 960), (921, 925, 966, 926), (960, 925, 965, 966), (921, 962, 927, 966), (921, 922, 927, 962), (921, 962, 966, 961), (921, 926, 966, 927), (962, 927, 966, 967), (923, 962, 968, 927), (922, 923, 927, 962), (923, 963, 968, 962), (923, 927, 968, 928), (962, 927, 967, 968), (923, 964, 929, 968), (923, 924, 929, 964), (923, 964, 968, 963), (923, 928, 968, 929), (964, 929, 968, 969), (925, 966, 931, 970), (925, 926, 931, 966), (925, 966, 970, 965), (925, 930, 970, 931), (966, 931, 970, 971), (927, 966, 972, 931), (926, 927, 931, 966), (927, 967, 972, 966), (927, 931, 972, 932), (966, 931, 971, 972), (927, 968, 933, 972), (927, 928, 933, 968), (927, 968, 972, 967), (927, 932, 972, 933), (968, 933, 972, 973), (929, 968, 974, 933), (928, 929, 933, 968), (929, 969, 974, 968), (929, 933, 974, 934), (968, 933, 973, 974), (931, 970, 976, 935), (930, 931, 935, 970), (931, 971, 976, 970), (931, 935, 976, 936), (970, 935, 975, 976), (931, 972, 937, 976), (931, 932, 937, 972), (931, 972, 976, 971), (931, 936, 976, 937), (972, 937, 976, 977), (933, 972, 978, 937), (932, 933, 937, 972), (933, 973, 978, 972), (933, 937, 978, 938), (972, 937, 977, 978), (933, 974, 939, 978), (933, 934, 939, 974), (933, 974, 978, 973), (933, 938, 978, 939), (974, 939, 978, 979), (935, 976, 941, 980), (935, 936, 941, 976), (935, 976, 980, 975), (935, 940, 980, 941), (976, 941, 980, 981), (937, 976, 982, 941), (936, 937, 941, 976), (937, 977, 982, 976), (937, 941, 982, 942), (976, 941, 981, 982), (937, 978, 943, 982), (937, 938, 943, 978), (937, 978, 982, 977), (937, 942, 982, 943), (978, 943, 982, 983), (939, 978, 984, 943), (938, 939, 943, 978), (939, 979, 984, 978), (939, 943, 984, 944), (978, 943, 983, 984), (941, 980, 986, 945), (940, 941, 945, 980), (941, 981, 986, 980), (941, 945, 986, 946), (980, 945, 985, 986), (941, 982, 947, 986), (941, 942, 947, 982), (941, 982, 986, 981), (941, 946, 986, 947), (982, 947, 986, 987), (943, 982, 988, 947), (942, 943, 947, 982), (943, 983, 988, 982), (943, 947, 988, 948), (982, 947, 987, 988), (943, 984, 949, 988), (943, 944, 949, 984), (943, 984, 988, 983), (943, 948, 988, 949), (984, 949, 988, 989), (945, 986, 951, 990), (945, 946, 951, 986), (945, 986, 990, 985), (945, 950, 990, 951), (986, 951, 990, 991), (947, 986, 992, 951), (946, 947, 951, 986), (947, 987, 992, 986), (947, 951, 992, 952), (986, 951, 991, 992), (947, 988, 953, 992), (947, 948, 953, 988), (947, 988, 992, 987), (947, 952, 992, 953), (988, 953, 992, 993), (949, 988, 994, 953), (948, 949, 953, 988), (949, 989, 994, 988), (949, 953, 994, 954), (988, 953, 993, 994), (74, 94, 956, 995), (74, 69, 956, 94), (74, 94, 995, 99), (74, 955, 995, 956), (94, 956, 995, 996), (64, 94, 997, 956), (69, 64, 956, 94), (64, 89, 997, 94), (64, 956, 997, 957), (94, 956, 996, 997), (64, 84, 958, 997), (64, 59, 958, 84), (64, 84, 997, 89), (64, 957, 997, 958), (84, 958, 997, 998), (54, 84, 999, 958), (59, 54, 958, 84), (54, 79, 999, 84), (54, 958, 999, 959), (84, 958, 998, 999), (956, 995, 1001, 960), (955, 956, 960, 995), (956, 996, 1001, 995), (956, 960, 1001, 961), (995, 960, 1000, 1001), (956, 997, 962, 1001), (956, 957, 962, 997), (956, 997, 1001, 996), (956, 961, 1001, 962), (997, 962, 1001, 1002), (958, 997, 1003, 962), (957, 958, 962, 997), (958, 998, 1003, 997), (958, 962, 1003, 963), (997, 962, 1002, 1003), (958, 999, 964, 1003), (958, 959, 964, 999), (958, 999, 1003, 998), (958, 963, 1003, 964), (999, 964, 1003, 1004), (960, 1001, 966, 1005), (960, 961, 966, 1001), (960, 1001, 1005, 1000), (960, 965, 1005, 966), (1001, 966, 1005, 1006), (962, 1001, 1007, 966), (961, 962, 966, 1001), (962, 1002, 1007, 1001), (962, 966, 1007, 967), (1001, 966, 1006, 1007), (962, 1003, 968, 1007), (962, 963, 968, 1003), (962, 1003, 1007, 1002), (962, 967, 1007, 968), (1003, 968, 1007, 1008), (964, 1003, 1009, 968), (963, 964, 968, 1003), (964, 1004, 1009, 1003), (964, 968, 1009, 969), (1003, 968, 1008, 1009), (966, 1005, 1011, 970), (965, 966, 970, 1005), (966, 1006, 1011, 1005), (966, 970, 1011, 971), (1005, 970, 1010, 1011), (966, 1007, 972, 1011), (966, 967, 972, 1007), (966, 1007, 1011, 1006), (966, 971, 1011, 972), (1007, 972, 1011, 1012), (968, 1007, 1013, 972), (967, 968, 972, 1007), (968, 1008, 1013, 1007), (968, 972, 1013, 973), (1007, 972, 1012, 1013), (968, 1009, 974, 1013), (968, 969, 974, 1009), (968, 1009, 1013, 1008), (968, 973, 1013, 974), (1009, 974, 1013, 1014), (970, 1011, 976, 1015), (970, 971, 976, 1011), (970, 1011, 1015, 1010), (970, 975, 1015, 976), (1011, 976, 1015, 1016), (972, 1011, 1017, 976), (971, 972, 976, 1011), (972, 1012, 1017, 1011), (972, 976, 1017, 977), (1011, 976, 1016, 1017), (972, 1013, 978, 1017), (972, 973, 978, 1013), (972, 1013, 1017, 1012), (972, 977, 1017, 978), (1013, 978, 1017, 1018), (974, 1013, 1019, 978), (973, 974, 978, 1013), (974, 1014, 1019, 1013), (974, 978, 1019, 979), (1013, 978, 1018, 1019), (976, 1015, 1021, 980), (975, 976, 980, 1015), (976, 1016, 1021, 1015), (976, 980, 1021, 981), (1015, 980, 1020, 1021), (976, 1017, 982, 1021), (976, 977, 982, 1017), (976, 1017, 1021, 1016), (976, 981, 1021, 982), (1017, 982, 1021, 1022), (978, 1017, 1023, 982), (977, 978, 982, 1017), (978, 1018, 1023, 1017), (978, 982, 1023, 983), (1017, 982, 1022, 1023), (978, 1019, 984, 1023), (978, 979, 984, 1019), (978, 1019, 1023, 1018), (978, 983, 1023, 984), (1019, 984, 1023, 1024), (980, 1021, 986, 1025), (980, 981, 986, 1021), (980, 1021, 1025, 1020), (980, 985, 1025, 986), (1021, 986, 1025, 1026), (982, 1021, 1027, 986), (981, 982, 986, 1021), (982, 1022, 1027, 1021), (982, 986, 1027, 987), (1021, 986, 1026, 1027), (982, 1023, 988, 1027), (982, 983, 988, 1023), (982, 1023, 1027, 1022), (982, 987, 1027, 988), (1023, 988, 1027, 1028), (984, 1023, 1029, 988), (983, 984, 988, 1023), (984, 1024, 1029, 1023), (984, 988, 1029, 989), (1023, 988, 1028, 1029), (986, 1025, 1031, 990), (985, 986, 990, 1025), (986, 1026, 1031, 1025), (986, 990, 1031, 991), (1025, 990, 1030, 1031), (986, 1027, 992, 1031), (986, 987, 992, 1027), (986, 1027, 1031, 1026), (986, 991, 1031, 992), (1027, 992, 1031, 1032), (988, 1027, 1033, 992), (987, 988, 992, 1027), (988, 1028, 1033, 1027), (988, 992, 1033, 993), (1027, 992, 1032, 1033), (988, 1029, 994, 1033), (988, 989, 994, 1029), (988, 1029, 1033, 1028), (988, 993, 1033, 994), (1029, 994, 1033, 1034), (94, 124, 1036, 995), (99, 94, 995, 124), (94, 119, 1036, 124), (94, 995, 1036, 996), (124, 995, 1035, 1036), (94, 114, 997, 1036), (94, 89, 997, 114), (94, 114, 1036, 119), (94, 996, 1036, 997), (114, 997, 1036, 1037), (84, 114, 1038, 997), (89, 84, 997, 114), (84, 109, 1038, 114), (84, 997, 1038, 998), (114, 997, 1037, 1038), (84, 104, 999, 1038), (84, 79, 999, 104), (84, 104, 1038, 109), (84, 998, 1038, 999), (104, 999, 1038, 1039), (995, 1036, 1001, 1040), (995, 996, 1001, 1036), (995, 1036, 1040, 1035), (995, 1000, 1040, 1001), (1036, 1001, 1040, 1041), (997, 1036, 1042, 1001), (996, 997, 1001, 1036), (997, 1037, 1042, 1036), (997, 1001, 1042, 1002), (1036, 1001, 1041, 1042), (997, 1038, 1003, 1042), (997, 998, 1003, 1038), (997, 1038, 1042, 1037), (997, 1002, 1042, 1003), (1038, 1003, 1042, 1043), (999, 1038, 1044, 1003), (998, 999, 1003, 1038), (999, 1039, 1044, 1038), (999, 1003, 1044, 1004), (1038, 1003, 1043, 1044), (1001, 1040, 1046, 1005), (1000, 1001, 1005, 1040), (1001, 1041, 1046, 1040), (1001, 1005, 1046, 1006), (1040, 1005, 1045, 1046), (1001, 1042, 1007, 1046), (1001, 1002, 1007, 1042), (1001, 1042, 1046, 1041), (1001, 1006, 1046, 1007), (1042, 1007, 1046, 1047), (1003, 1042, 1048, 1007), (1002, 1003, 1007, 1042), (1003, 1043, 1048, 1042), (1003, 1007, 1048, 1008), (1042, 1007, 1047, 1048), (1003, 1044, 1009, 1048), (1003, 1004, 1009, 1044), (1003, 1044, 1048, 1043), (1003, 1008, 1048, 1009), (1044, 1009, 1048, 1049), (1005, 1046, 1011, 1050), (1005, 1006, 1011, 1046), (1005, 1046, 1050, 1045), (1005, 1010, 1050, 1011), (1046, 1011, 1050, 1051), (1007, 1046, 1052, 1011), (1006, 1007, 1011, 1046), (1007, 1047, 1052, 1046), (1007, 1011, 1052, 1012), (1046, 1011, 1051, 1052), (1007, 1048, 1013, 1052), (1007, 1008, 1013, 1048), (1007, 1048, 1052, 1047), (1007, 1012, 1052, 1013), (1048, 1013, 1052, 1053), (1009, 1048, 1054, 1013), (1008, 1009, 1013, 1048), (1009, 1049, 1054, 1048), (1009, 1013, 1054, 1014), (1048, 1013, 1053, 1054), (1011, 1050, 1056, 1015), (1010, 1011, 1015, 1050), (1011, 1051, 1056, 1050), (1011, 1015, 1056, 1016), (1050, 1015, 1055, 1056), (1011, 1052, 1017, 1056), (1011, 1012, 1017, 1052), (1011, 1052, 1056, 1051), (1011, 1016, 1056, 1017), (1052, 1017, 1056, 1057), (1013, 1052, 1058, 1017), (1012, 1013, 1017, 1052), (1013, 1053, 1058, 1052), (1013, 1017, 1058, 1018), (1052, 1017, 1057, 1058), (1013, 1054, 1019, 1058), (1013, 1014, 1019, 1054), (1013, 1054, 1058, 1053), (1013, 1018, 1058, 1019), (1054, 1019, 1058, 1059), (1015, 1056, 1021, 1060), (1015, 1016, 1021, 1056), (1015, 1056, 1060, 1055), (1015, 1020, 1060, 1021), (1056, 1021, 1060, 1061), (1017, 1056, 1062, 1021), (1016, 1017, 1021, 1056), (1017, 1057, 1062, 1056), (1017, 1021, 1062, 1022), (1056, 1021, 1061, 1062), (1017, 1058, 1023, 1062), (1017, 1018, 1023, 1058), (1017, 1058, 1062, 1057), (1017, 1022, 1062, 1023), (1058, 1023, 1062, 1063), (1019, 1058, 1064, 1023), (1018, 1019, 1023, 1058), (1019, 1059, 1064, 1058), (1019, 1023, 1064, 1024), (1058, 1023, 1063, 1064), (1021, 1060, 1066, 1025), (1020, 1021, 1025, 1060), (1021, 1061, 1066, 1060), (1021, 1025, 1066, 1026), (1060, 1025, 1065, 1066), (1021, 1062, 1027, 1066), (1021, 1022, 1027, 1062), (1021, 1062, 1066, 1061), (1021, 1026, 1066, 1027), (1062, 1027, 1066, 1067), (1023, 1062, 1068, 1027), (1022, 1023, 1027, 1062), (1023, 1063, 1068, 1062), (1023, 1027, 1068, 1028), (1062, 1027, 1067, 1068), (1023, 1064, 1029, 1068), (1023, 1024, 1029, 1064), (1023, 1064, 1068, 1063), (1023, 1028, 1068, 1029), (1064, 1029, 1068, 1069), (1025, 1066, 1031, 1070), (1025, 1026, 1031, 1066), (1025, 1066, 1070, 1065), (1025, 1030, 1070, 1031), (1066, 1031, 1070, 1071), (1027, 1066, 1072, 1031), (1026, 1027, 1031, 1066), (1027, 1067, 1072, 1066), (1027, 1031, 1072, 1032), (1066, 1031, 1071, 1072), (1027, 1068, 1033, 1072), (1027, 1028, 1033, 1068), (1027, 1068, 1072, 1067), (1027, 1032, 1072, 1033), (1068, 1033, 1072, 1073), (1029, 1068, 1074, 1033), (1028, 1029, 1033, 1068), (1029, 1069, 1074, 1068), (1029, 1033, 1074, 1034), (1068, 1033, 1073, 1074), (912, 953, 1075, 952), (912, 913, 1075, 953), (953, 1075, 952, 1076), (1075, 952, 1078, 912), (1075, 1076, 1078, 952), (1075, 912, 1078, 1077), (912, 1078, 1079, 952), (912, 1077, 1079, 1078), (1078, 1079, 952, 1080), (1079, 952, 1082, 912), (1079, 1080, 1082, 952), (1079, 912, 1082, 1081), (912, 1082, 1083, 952), (912, 1081, 1083, 1082), (1082, 1083, 952, 1084), (1083, 952, 951, 912), (1083, 1084, 951, 952), (1083, 912, 951, 911), (914, 953, 1086, 1075), (913, 914, 1075, 953), (914, 954, 1086, 953), (914, 1075, 1086, 1085), (953, 1075, 1076, 1086), (1075, 1086, 1087, 1078), (1075, 1085, 1087, 1086), (1075, 1086, 1078, 1076), (1075, 1077, 1078, 1087), (1086, 1087, 1078, 1088), (1087, 1078, 1090, 1079), (1077, 1087, 1079, 1078), (1087, 1088, 1090, 1078), (1087, 1079, 1090, 1089), (1078, 1079, 1080, 1090), (1079, 1090, 1091, 1082), (1079, 1089, 1091, 1090), (1079, 1090, 1082, 1080), (1079, 1081, 1082, 1091), (1090, 1091, 1082, 1092), (1091, 1082, 1094, 1083), (1081, 1091, 1083, 1082), (1091, 1092, 1094, 1082), (1091, 1083, 1094, 1093), (1082, 1083, 1084, 1094), (1083, 1094, 910, 951), (1083, 1093, 910, 1094), (1083, 1094, 951, 1084), (1083, 911, 951, 910), (1094, 910, 951, 950), (953, 992, 1095, 952), (953, 993, 1095, 992), (953, 952, 1095, 1076), (952, 1095, 1078, 992), (952, 1076, 1078, 1095), (1095, 1078, 992, 1096), (1078, 992, 1097, 952), (1078, 1096, 1097, 992), (1078, 952, 1097, 1080), (952, 1097, 1082, 992), (952, 1080, 1082, 1097), (1097, 1082, 992, 1098), (1082, 992, 1099, 952), (1082, 1098, 1099, 992), (1082, 952, 1099, 1084), (952, 1099, 951, 992), (952, 1084, 951, 1099), (1099, 951, 992, 991), (953, 994, 1086, 1095), (953, 954, 1086, 994), (953, 994, 1095, 993), (953, 1076, 1095, 1086), (994, 1086, 1095, 1100), (1086, 1095, 1101, 1078), (1076, 1086, 1078, 1095), (1086, 1100, 1101, 1095), (1086, 1078, 1101, 1088), (1095, 1078, 1096, 1101), (1078, 1101, 1090, 1097), (1078, 1088, 1090, 1101), (1078, 1101, 1097, 1096), (1078, 1080, 1097, 1090), (1101, 1090, 1097, 1102), (1090, 1097, 1103, 1082), (1080, 1090, 1082, 1097), (1090, 1102, 1103, 1097), (1090, 1082, 1103, 1092), (1097, 1082, 1098, 1103), (1082, 1103, 1094, 1099), (1082, 1092, 1094, 1103), (1082, 1103, 1099, 1098), (1082, 1084, 1099, 1094), (1103, 1094, 1099, 1104), (1094, 1099, 990, 951), (1084, 1094, 951, 1099), (1094, 1104, 990, 1099), (1094, 951, 990, 950), (1099, 951, 991, 990), (992, 1033, 1095, 1032), (992, 993, 1095, 1033), (1033, 1095, 1032, 1105), (1095, 1032, 1106, 992), (1095, 1105, 1106, 1032), (1095, 992, 1106, 1096), (992, 1106, 1097, 1032), (992, 1096, 1097, 1106), (1106, 1097, 1032, 1107), (1097, 1032, 1108, 992), (1097, 1107, 1108, 1032), (1097, 992, 1108, 1098), (992, 1108, 1099, 1032), (992, 1098, 1099, 1108), (1108, 1099, 1032, 1109), (1099, 1032, 1031, 992), (1099, 1109, 1031, 1032), (1099, 992, 1031, 991), (994, 1033, 1110, 1095), (993, 994, 1095, 1033), (994, 1034, 1110, 1033), (994, 1095, 1110, 1100), (1033, 1095, 1105, 1110), (1095, 1110, 1101, 1106), (1095, 1100, 1101, 1110), (1095, 1110, 1106, 1105), (1095, 1096, 1106, 1101), (1110, 1101, 1106, 1111), (1101, 1106, 1112, 1097), (1096, 1101, 1097, 1106), (1101, 1111, 1112, 1106), (1101, 1097, 1112, 1102), (1106, 1097, 1107, 1112), (1097, 1112, 1103, 1108), (1097, 1102, 1103, 1112), (1097, 1112, 1108, 1107), (1097, 1098, 1108, 1103), (1112, 1103, 1108, 1113), (1103, 1108, 1114, 1099), (1098, 1103, 1099, 1108), (1103, 1113, 1114, 1108), (1103, 1099, 1114, 1104), (1108, 1099, 1109, 1114), (1099, 1114, 990, 1031), (1099, 1104, 990, 1114), (1099, 1114, 1031, 1109), (1099, 991, 1031, 990), (1114, 990, 1031, 1030), (1033, 1072, 1115, 1032), (1033, 1073, 1115, 1072), (1033, 1032, 1115, 1105), (1032, 1115, 1106, 1072), (1032, 1105, 1106, 1115), (1115, 1106, 1072, 1116), (1106, 1072, 1117, 1032), (1106, 1116, 1117, 1072), (1106, 1032, 1117, 1107), (1032, 1117, 1108, 1072), (1032, 1107, 1108, 1117), (1117, 1108, 1072, 1118), (1108, 1072, 1119, 1032), (1108, 1118, 1119, 1072), (1108, 1032, 1119, 1109), (1032, 1119, 1031, 1072), (1032, 1109, 1031, 1119), (1119, 1031, 1072, 1071), (1033, 1074, 1110, 1115), (1033, 1034, 1110, 1074), (1033, 1074, 1115, 1073), (1033, 1105, 1115, 1110), (1074, 1110, 1115, 1120), (1110, 1115, 1121, 1106), (1105, 1110, 1106, 1115), (1110, 1120, 1121, 1115), (1110, 1106, 1121, 1111), (1115, 1106, 1116, 1121), (1106, 1121, 1112, 1117), (1106, 1111, 1112, 1121), (1106, 1121, 1117, 1116), (1106, 1107, 1117, 1112), (1121, 1112, 1117, 1122), (1112, 1117, 1123, 1108), (1107, 1112, 1108, 1117), (1112, 1122, 1123, 1117), (1112, 1108, 1123, 1113), (1117, 1108, 1118, 1123), (1108, 1123, 1114, 1119), (1108, 1113, 1114, 1123), (1108, 1123, 1119, 1118), (1108, 1109, 1119, 1114), (1123, 1114, 1119, 1124), (1114, 1119, 1070, 1031), (1109, 1114, 1031, 1119), (1114, 1124, 1070, 1119), (1114, 1031, 1070, 1030), (1119, 1031, 1071, 1070)]

    def Mesh "hub" (
        customData = {
            dictionary glue = {
                int[] rigid_indices = [0, 6, 4, 2, 8, 1, 7, 5, 3, 9]
                int[] soft_indices = [0, 4, 12, 20, 24, 100, 104, 112, 120, 124]
            }
            bool is_rigid_surface = 1
        }
    )
    {
        int[] faceVertexCounts = [3, 3, 3, 3, 3, 3, 3, 3, 3, 3, 3, 3, 3, 3, 3, 3]
        int[] faceVertexIndices = [8, 4, 2, 2, 4, 0, 0, 4, 6, 6, 4, 8, 9, 3, 5, 3, 1, 5, 1, 7, 5, 7, 9, 5, 8, 2, 3, 8, 3, 9, 2, 0, 1, 2, 1, 3, 0, 6, 7, 0, 7, 1, 6, 8, 9, 6, 9, 7]
        point3f[] points = [(-0.1, -0.1, 0), (-0.1, -0.1, 0.2), (-0.1, 0.1, 0), (-0.1, 0.1, 0.2), (0, 0, 0), (0, 0, 0.2), (0.1, -0.1, 0), (0.1, -0.1, 0.2), (0.1, 0.1, 0), (0.1, 0.1, 0.2)]
        quatf xformOp:orient = (1, 0, 0, 0)
        double3 xformOp:translate = (0, 0, -0.10000000149011612)
        uniform token[] xformOpOrder = ["xformOp:translate", "xformOp:orient"]
    }

    def Scope "finger_skeletons" (
        customData = {
            string kind = "finger_skeletons_visualization"
        }
    )
    {
        def BasisCurves "finger_0" (
            customData = {
                dictionary finger_skeleton = {
                    double[] arc_lengths = [0, 0.1599999964237213, 0.3199999928474426, 0.47999998927116394, 0.6399999856948853, 0.7999999523162842]
                    int finger_id = 0
                    int num_keypoints = 6
                    double[] radii = [0.10000000149011612, 0.10000000149011612, 0.10000000149011612, 0.10000000149011612, 0.10000000149011612, 0.09659258276224136]
                    int[] tet_indices = [491, 505, 547, 569, 605, 1020]
                }
            }
        )
        {
            uniform token basis = "bspline"
            int[] curveVertexCounts = [6]
            point3f[] points = [(6.123234e-18, 0.1, 0), (1.5920408e-17, 0.26, 0), (2.5717583e-17, 0.42, 0), (3.5514758e-17, 0.58, 0), (4.531193e-17, 0.74, 0), (5.5109105e-17, 0.9, 0)]
            uniform token type = "cubic"
            float[] widths = [0.2, 0.2, 0.2, 0.2, 0.2, 0.19318517] (
                interpolation = "varying"
            )
            uniform token wrap = "nonperiodic"
        }

        def BasisCurves "finger_1" (
            customData = {
                dictionary finger_skeleton = {
                    double[] arc_lengths = [0, 0.1599999964237213, 0.3199999928474426, 0.47999998927116394, 0.6399999856948853, 0.7999999523162842]
                    int finger_id = 1
                    int num_keypoints = 6
                    double[] radii = [0.10000000149011612, 0.10000000149011612, 0.10000000149011612, 0.10000000149011612, 0.10000000149011612, 0.09659258276224136]
                    int[] tet_indices = [1323, 1337, 1379, 1401, 1437, 1852]
                }
            }
        )
        {
            uniform token basis = "bspline"
            int[] curveVertexCounts = [6]
            point3f[] points = [(-0.1, 1.2246468e-17, 0), (-0.26, 3.1840816e-17, 0), (-0.42, 5.1435166e-17, 0), (-0.58, 7.1029516e-17, 0), (-0.74, 9.062386e-17, 0), (-0.9, 1.1021821e-16, 0)]
            uniform token type = "cubic"
            float[] widths = [0.2, 0.2, 0.2, 0.2, 0.2, 0.19318517] (
                interpolation = "varying"
            )
            uniform token wrap = "nonperiodic"
        }

        def BasisCurves "finger_2" (
            customData = {
                dictionary finger_skeleton = {
                    double[] arc_lengths = [0, 0.1599999964237213, 0.3199999928474426, 0.47999998927116394, 0.6399999856948853, 0.7999999523162842]
                    int finger_id = 2
                    int num_keypoints = 6
                    double[] radii = [0.10000000149011612, 0.10000000149011612, 0.10000000149011612, 0.10000000149011612, 0.10000000149011612, 0.09659258276224136]
                    int[] tet_indices = [2155, 2169, 2211, 2233, 2269, 2684]
                }
            }
        )
        {
            uniform token basis = "bspline"
            int[] curveVertexCounts = [6]
            point3f[] points = [(-1.8369703e-17, -0.1, 0), (-4.7761227e-17, -0.26, 0), (-7.715275e-17, -0.42, 0), (-1.0654428e-16, -0.58, 0), (-1.3593579e-16, -0.74, 0), (-1.6532733e-16, -0.9, 0)]
            uniform token type = "cubic"
            float[] widths = [0.2, 0.2, 0.2, 0.2, 0.2, 0.19318517] (
                interpolation = "varying"
            )
            uniform token wrap = "nonperiodic"
        }

        def BasisCurves "finger_3" (
            customData = {
                dictionary finger_skeleton = {
                    double[] arc_lengths = [0, 0.1599999964237213, 0.3199999928474426, 0.47999998927116394, 0.6399999856948853, 0.7999999523162842]
                    int finger_id = 3
                    int num_keypoints = 6
                    double[] radii = [0.10000000149011612, 0.10000000149011612, 0.10000000149011612, 0.10000000149011612, 0.10000000149011612, 0.09659258276224136]
                    int[] tet_indices = [2987, 3001, 3043, 3065, 3101, 3516]
                }
            }
        )
        {
            uniform token basis = "bspline"
            int[] curveVertexCounts = [6]
            point3f[] points = [(0.1, -2.4492935e-17, 0), (0.26, -6.368163e-17, 0), (0.42, -1.0287033e-16, 0), (0.58, -1.4205903e-16, 0), (0.74, -1.8124773e-16, 0), (0.9, -2.2043642e-16, 0)]
            uniform token type = "cubic"
            float[] widths = [0.2, 0.2, 0.2, 0.2, 0.2, 0.19318517] (
                interpolation = "varying"
            )
            uniform token wrap = "nonperiodic"
        }
    }
}

